open,high,low,close,volume,average,barCount
1.605675,1.605705,1.605625,1.605675,-1.0,-1.0,-1
1.605675,1.605675,1.605675,1.605675,-1.0,-1.0,-1
1.605675,1.605675,1.605675,1.605675,-1.0,-1.0,-1
1.605675,1.605675,1.605675,1.605675,-1.0,-1.0,-1
1.605675,1.605675,1.605645,1.605645,-1.0,-1.0,-1
1.605645,1.605655,1.605645,1.605655,-1.0,-1.0,-1
1.605655,1.605655,1.605655,1.605655,-1.0,-1.0,-1
1.605655,1.605665,1.60565,1.60565,-1.0,-1.0,-1
1.60565,1.60565,1.60565,1.60565,-1.0,-1.0,-1
1.60565,1.60565,1.60565,1.60565,-1.0,-1.0,-1
1.60565,1.60565,1.60565,1.60565,-1.0,-1.0,-1
1.60565,1.60565,1.60565,1.60565,-1.0,-1.0,-1
1.60565,1.60565,1.60565,1.60565,-1.0,-1.0,-1
1.60565,1.605655,1.60565,1.605655,-1.0,-1.0,-1
1.605655,1.605655,1.60565,1.60565,-1.0,-1.0,-1
1.60565,1.60567,1.60565,1.60567,-1.0,-1.0,-1
1.60567,1.60567,1.60567,1.60567,-1.0,-1.0,-1
1.60567,1.60567,1.60567,1.60567,-1.0,-1.0,-1
1.60567,1.60567,1.60567,1.60567,-1.0,-1.0,-1
1.60567,1.60567,1.60567,1.60567,-1.0,-1.0,-1
1.60567,1.605675,1.60567,1.605675,-1.0,-1.0,-1
1.605675,1.605675,1.605675,1.605675,-1.0,-1.0,-1
1.605675,1.605675,1.605675,1.605675,-1.0,-1.0,-1
1.605675,1.605675,1.605675,1.605675,-1.0,-1.0,-1
1.605675,1.605675,1.605675,1.605675,-1.0,-1.0,-1
1.605675,1.605675,1.605675,1.605675,-1.0,-1.0,-1
1.605675,1.605675,1.605675,1.605675,-1.0,-1.0,-1
1.605675,1.605675,1.605675,1.605675,-1.0,-1.0,-1
1.605675,1.605675,1.605675,1.605675,-1.0,-1.0,-1
1.605675,1.605675,1.605675,1.605675,-1.0,-1.0,-1
1.605675,1.605675,1.605675,1.605675,-1.0,-1.0,-1
1.605675,1.605675,1.605675,1.605675,-1.0,-1.0,-1
1.605675,1.605675,1.605675,1.605675,-1.0,-1.0,-1
1.605675,1.605675,1.605675,1.605675,-1.0,-1.0,-1
1.605675,1.605675,1.605675,1.605675,-1.0,-1.0,-1
1.605675,1.605675,1.605675,1.605675,-1.0,-1.0,-1
1.605675,1.605675,1.605675,1.605675,-1.0,-1.0,-1
1.605675,1.605675,1.605675,1.605675,-1.0,-1.0,-1
1.605675,1.605675,1.605675,1.605675,-1.0,-1.0,-1
1.605675,1.605675,1.605675,1.605675,-1.0,-1.0,-1
1.605675,1.605675,1.605675,1.605675,-1.0,-1.0,-1
1.605675,1.605675,1.605675,1.605675,-1.0,-1.0,-1
1.605675,1.605675,1.605675,1.605675,-1.0,-1.0,-1
1.605675,1.605675,1.605675,1.605675,-1.0,-1.0,-1
1.605675,1.605675,1.605675,1.605675,-1.0,-1.0,-1
1.605675,1.605675,1.605675,1.605675,-1.0,-1.0,-1
1.605675,1.605675,1.605675,1.605675,-1.0,-1.0,-1
1.605675,1.605675,1.605675,1.605675,-1.0,-1.0,-1
1.605675,1.605675,1.605675,1.605675,-1.0,-1.0,-1
1.605675,1.605675,1.605675,1.605675,-1.0,-1.0,-1
1.605675,1.605675,1.605675,1.605675,-1.0,-1.0,-1
1.605675,1.605675,1.605675,1.605675,-1.0,-1.0,-1
1.605675,1.605675,1.605675,1.605675,-1.0,-1.0,-1
1.605675,1.605675,1.605675,1.605675,-1.0,-1.0,-1
1.605675,1.605675,1.605675,1.605675,-1.0,-1.0,-1
1.605675,1.605675,1.605675,1.605675,-1.0,-1.0,-1
1.605675,1.605675,1.605675,1.605675,-1.0,-1.0,-1
1.605675,1.605675,1.605675,1.605675,-1.0,-1.0,-1
1.605675,1.605675,1.605675,1.605675,-1.0,-1.0,-1
1.605675,1.605675,1.605675,1.605675,-1.0,-1.0,-1
1.605675,1.605675,1.605675,1.605675,-1.0,-1.0,-1
1.605675,1.605675,1.605675,1.605675,-1.0,-1.0,-1
1.605675,1.605675,1.605675,1.605675,-1.0,-1.0,-1
1.605675,1.605675,1.605675,1.605675,-1.0,-1.0,-1
1.605675,1.605675,1.60562,1.60562,-1.0,-1.0,-1
1.60562,1.605625,1.60562,1.60562,-1.0,-1.0,-1
1.60562,1.605625,1.60562,1.60562,-1.0,-1.0,-1
1.60562,1.605625,1.60562,1.60562,-1.0,-1.0,-1
1.60562,1.605625,1.60562,1.60562,-1.0,-1.0,-1
1.60562,1.605625,1.60562,1.60562,-1.0,-1.0,-1
1.60562,1.605625,1.60562,1.60562,-1.0,-1.0,-1
1.60562,1.605625,1.60562,1.60562,-1.0,-1.0,-1
1.60562,1.605625,1.605605,1.605605,-1.0,-1.0,-1
1.605605,1.60563,1.605605,1.605625,-1.0,-1.0,-1
1.605625,1.60563,1.605625,1.605625,-1.0,-1.0,-1
1.605625,1.60563,1.605625,1.605625,-1.0,-1.0,-1
1.605625,1.60563,1.605625,1.605625,-1.0,-1.0,-1
1.605625,1.60563,1.605625,1.605625,-1.0,-1.0,-1
1.605625,1.60563,1.605625,1.605625,-1.0,-1.0,-1
1.605625,1.60563,1.605625,1.605625,-1.0,-1.0,-1
1.605625,1.605655,1.605625,1.605655,-1.0,-1.0,-1
1.605655,1.605655,1.605655,1.605655,-1.0,-1.0,-1
1.605655,1.605655,1.605655,1.605655,-1.0,-1.0,-1
1.605655,1.605655,1.605655,1.605655,-1.0,-1.0,-1
1.605655,1.605655,1.605655,1.605655,-1.0,-1.0,-1
1.605655,1.605655,1.605655,1.605655,-1.0,-1.0,-1
1.605655,1.605655,1.605655,1.605655,-1.0,-1.0,-1
1.605655,1.605655,1.605655,1.605655,-1.0,-1.0,-1
1.605655,1.605655,1.605565,1.605565,-1.0,-1.0,-1
1.605565,1.605565,1.605565,1.605565,-1.0,-1.0,-1
1.605565,1.605565,1.605565,1.605565,-1.0,-1.0,-1
1.605565,1.605565,1.605565,1.605565,-1.0,-1.0,-1
1.605565,1.605565,1.605565,1.605565,-1.0,-1.0,-1
1.605565,1.605565,1.605565,1.605565,-1.0,-1.0,-1
1.605565,1.605565,1.605565,1.605565,-1.0,-1.0,-1
1.605565,1.605565,1.605565,1.605565,-1.0,-1.0,-1
1.605565,1.605565,1.605565,1.605565,-1.0,-1.0,-1
1.605565,1.605565,1.605565,1.605565,-1.0,-1.0,-1
1.605565,1.605565,1.605565,1.605565,-1.0,-1.0,-1
1.605565,1.605565,1.605565,1.605565,-1.0,-1.0,-1
1.605565,1.605565,1.605565,1.605565,-1.0,-1.0,-1
1.605565,1.605565,1.605565,1.605565,-1.0,-1.0,-1
1.605565,1.605575,1.605565,1.605575,-1.0,-1.0,-1
1.605575,1.60559,1.605575,1.605585,-1.0,-1.0,-1
1.605585,1.60559,1.605585,1.605585,-1.0,-1.0,-1
1.605585,1.60559,1.605585,1.605585,-1.0,-1.0,-1
1.605585,1.60559,1.605585,1.605585,-1.0,-1.0,-1
1.605585,1.60559,1.605585,1.605585,-1.0,-1.0,-1
1.605585,1.60559,1.605585,1.605585,-1.0,-1.0,-1
1.605585,1.60559,1.605585,1.605585,-1.0,-1.0,-1
1.605585,1.60559,1.605585,1.605585,-1.0,-1.0,-1
1.605585,1.60559,1.605585,1.605585,-1.0,-1.0,-1
1.605585,1.60559,1.605585,1.605585,-1.0,-1.0,-1
1.605585,1.60559,1.605585,1.605585,-1.0,-1.0,-1
1.605585,1.60559,1.605585,1.605585,-1.0,-1.0,-1
1.605585,1.60559,1.605585,1.605585,-1.0,-1.0,-1
1.605585,1.60559,1.605585,1.605585,-1.0,-1.0,-1
1.605585,1.60559,1.605585,1.605585,-1.0,-1.0,-1
1.605585,1.60559,1.605585,1.605585,-1.0,-1.0,-1
1.605585,1.60559,1.605585,1.605585,-1.0,-1.0,-1
1.605585,1.60559,1.605585,1.605585,-1.0,-1.0,-1
1.605585,1.60559,1.605585,1.605585,-1.0,-1.0,-1
1.605585,1.60559,1.605585,1.605585,-1.0,-1.0,-1
1.605585,1.60559,1.605585,1.605585,-1.0,-1.0,-1
1.605585,1.60559,1.605585,1.605585,-1.0,-1.0,-1
1.605585,1.60559,1.605585,1.605585,-1.0,-1.0,-1
1.605585,1.60559,1.605585,1.605585,-1.0,-1.0,-1
1.605585,1.60559,1.605585,1.605585,-1.0,-1.0,-1
1.605585,1.60559,1.605585,1.605585,-1.0,-1.0,-1
1.605585,1.60559,1.605585,1.605585,-1.0,-1.0,-1
1.605585,1.60559,1.605585,1.605585,-1.0,-1.0,-1
1.605585,1.60559,1.605585,1.605585,-1.0,-1.0,-1
1.605585,1.60559,1.605585,1.605585,-1.0,-1.0,-1
1.605585,1.60559,1.605585,1.605585,-1.0,-1.0,-1
1.605585,1.60559,1.605585,1.605585,-1.0,-1.0,-1
1.605585,1.60559,1.605585,1.605585,-1.0,-1.0,-1
1.605585,1.60559,1.605585,1.605585,-1.0,-1.0,-1
1.605585,1.60559,1.605585,1.605585,-1.0,-1.0,-1
1.605585,1.60559,1.605585,1.605585,-1.0,-1.0,-1
1.605585,1.60559,1.605585,1.605585,-1.0,-1.0,-1
1.605585,1.60559,1.605585,1.605585,-1.0,-1.0,-1
1.605585,1.60559,1.605585,1.605585,-1.0,-1.0,-1
1.605585,1.60559,1.605585,1.605585,-1.0,-1.0,-1
1.605585,1.60559,1.605585,1.605585,-1.0,-1.0,-1
1.605585,1.60559,1.605585,1.605585,-1.0,-1.0,-1
1.605585,1.60559,1.605585,1.605585,-1.0,-1.0,-1
1.605585,1.60559,1.605585,1.605585,-1.0,-1.0,-1
1.605585,1.60559,1.605585,1.605585,-1.0,-1.0,-1
1.605585,1.60559,1.605585,1.605585,-1.0,-1.0,-1
1.605585,1.60559,1.605585,1.605585,-1.0,-1.0,-1
1.605585,1.6058,1.605585,1.605775,-1.0,-1.0,-1
1.605775,1.605845,1.60571,1.60575,-1.0,-1.0,-1
1.60575,1.60575,1.605745,1.60575,-1.0,-1.0,-1
1.60575,1.60575,1.605745,1.60575,-1.0,-1.0,-1
1.60575,1.60575,1.605745,1.60575,-1.0,-1.0,-1
1.60575,1.60575,1.605745,1.60575,-1.0,-1.0,-1
1.60575,1.60575,1.605745,1.60575,-1.0,-1.0,-1
1.60575,1.60575,1.605745,1.60575,-1.0,-1.0,-1
1.60575,1.60575,1.605745,1.60575,-1.0,-1.0,-1
1.60575,1.60575,1.605745,1.60575,-1.0,-1.0,-1
1.60575,1.60575,1.605745,1.60575,-1.0,-1.0,-1
1.60575,1.60575,1.605745,1.60575,-1.0,-1.0,-1
1.60575,1.60575,1.60566,1.60566,-1.0,-1.0,-1
1.60566,1.60566,1.60566,1.60566,-1.0,-1.0,-1
1.60566,1.60566,1.60566,1.60566,-1.0,-1.0,-1
1.60566,1.60566,1.60566,1.60566,-1.0,-1.0,-1
1.60566,1.60566,1.60566,1.60566,-1.0,-1.0,-1
1.60566,1.60566,1.60566,1.60566,-1.0,-1.0,-1
1.60566,1.60566,1.60566,1.60566,-1.0,-1.0,-1
1.60566,1.60566,1.60566,1.60566,-1.0,-1.0,-1
1.60566,1.60566,1.60566,1.60566,-1.0,-1.0,-1
1.60566,1.60566,1.60566,1.60566,-1.0,-1.0,-1
1.60566,1.60566,1.60566,1.60566,-1.0,-1.0,-1
1.60566,1.60566,1.60566,1.60566,-1.0,-1.0,-1
1.60566,1.605665,1.60566,1.605665,-1.0,-1.0,-1
1.605665,1.605665,1.60566,1.60566,-1.0,-1.0,-1
1.60566,1.605665,1.60566,1.605665,-1.0,-1.0,-1
1.605665,1.605665,1.605665,1.605665,-1.0,-1.0,-1
1.605665,1.605665,1.605665,1.605665,-1.0,-1.0,-1
1.605665,1.605665,1.605665,1.605665,-1.0,-1.0,-1
1.605665,1.605665,1.605645,1.605645,-1.0,-1.0,-1
1.605645,1.605645,1.605645,1.605645,-1.0,-1.0,-1
1.605645,1.605645,1.605645,1.605645,-1.0,-1.0,-1
1.605645,1.605645,1.605645,1.605645,-1.0,-1.0,-1
1.605645,1.605645,1.605645,1.605645,-1.0,-1.0,-1
1.605645,1.605645,1.605645,1.605645,-1.0,-1.0,-1
1.605645,1.605645,1.605645,1.605645,-1.0,-1.0,-1
1.605645,1.605645,1.605595,1.605635,-1.0,-1.0,-1
1.605635,1.605635,1.605635,1.605635,-1.0,-1.0,-1
1.605635,1.605635,1.605635,1.605635,-1.0,-1.0,-1
1.605635,1.605635,1.60563,1.605635,-1.0,-1.0,-1
1.605635,1.605635,1.605635,1.605635,-1.0,-1.0,-1
1.605635,1.60569,1.60563,1.60569,-1.0,-1.0,-1
1.60569,1.6057,1.60569,1.605695,-1.0,-1.0,-1
1.605695,1.6057,1.605645,1.60565,-1.0,-1.0,-1
1.60565,1.605735,1.605645,1.605695,-1.0,-1.0,-1
1.605695,1.6057,1.605625,1.60569,-1.0,-1.0,-1
1.60569,1.60569,1.60569,1.60569,-1.0,-1.0,-1
1.60569,1.60569,1.60564,1.60568,-1.0,-1.0,-1
1.60568,1.60569,1.60568,1.60569,-1.0,-1.0,-1
1.60569,1.60569,1.60569,1.60569,-1.0,-1.0,-1
1.60569,1.60569,1.60569,1.60569,-1.0,-1.0,-1
1.60569,1.60569,1.60569,1.60569,-1.0,-1.0,-1
1.60569,1.60569,1.60569,1.60569,-1.0,-1.0,-1
1.60569,1.60569,1.60569,1.60569,-1.0,-1.0,-1
1.60569,1.60569,1.60569,1.60569,-1.0,-1.0,-1
1.60569,1.60569,1.60569,1.60569,-1.0,-1.0,-1
1.60569,1.60569,1.60569,1.60569,-1.0,-1.0,-1
1.60569,1.60569,1.60569,1.60569,-1.0,-1.0,-1
1.60569,1.60569,1.605685,1.605685,-1.0,-1.0,-1
1.605685,1.605685,1.605685,1.605685,-1.0,-1.0,-1
1.605685,1.605685,1.605685,1.605685,-1.0,-1.0,-1
1.605685,1.605685,1.605685,1.605685,-1.0,-1.0,-1
1.605685,1.605685,1.605685,1.605685,-1.0,-1.0,-1
1.605685,1.605685,1.605685,1.605685,-1.0,-1.0,-1
1.605685,1.60576,1.605595,1.6057,-1.0,-1.0,-1
1.6057,1.605705,1.60569,1.605705,-1.0,-1.0,-1
1.605705,1.605705,1.605675,1.605695,-1.0,-1.0,-1
1.605695,1.605695,1.60568,1.60568,-1.0,-1.0,-1
1.60568,1.605695,1.60568,1.60569,-1.0,-1.0,-1
1.60569,1.60573,1.605585,1.605675,-1.0,-1.0,-1
1.605675,1.60574,1.60566,1.60566,-1.0,-1.0,-1
1.60566,1.60568,1.60564,1.605675,-1.0,-1.0,-1
1.605675,1.60568,1.60567,1.605675,-1.0,-1.0,-1
1.605675,1.60569,1.60565,1.605675,-1.0,-1.0,-1
1.605675,1.60568,1.605675,1.605675,-1.0,-1.0,-1
1.605675,1.60573,1.605675,1.6057,-1.0,-1.0,-1
1.6057,1.60573,1.605675,1.605675,-1.0,-1.0,-1
1.605675,1.60568,1.605675,1.605675,-1.0,-1.0,-1
1.605675,1.60568,1.605675,1.605675,-1.0,-1.0,-1
1.605675,1.60568,1.60567,1.60567,-1.0,-1.0,-1
1.60567,1.605675,1.60565,1.60565,-1.0,-1.0,-1
1.60565,1.60565,1.605645,1.605645,-1.0,-1.0,-1
1.605645,1.60565,1.605645,1.60565,-1.0,-1.0,-1
1.60565,1.605655,1.60561,1.605615,-1.0,-1.0,-1
1.605615,1.60569,1.60561,1.605625,-1.0,-1.0,-1
1.605625,1.605625,1.605625,1.605625,-1.0,-1.0,-1
1.605625,1.605625,1.605625,1.605625,-1.0,-1.0,-1
1.605625,1.605625,1.605625,1.605625,-1.0,-1.0,-1
1.605625,1.605625,1.605605,1.605605,-1.0,-1.0,-1
1.605605,1.605605,1.605605,1.605605,-1.0,-1.0,-1
1.605605,1.605605,1.605605,1.605605,-1.0,-1.0,-1
1.605605,1.605615,1.605605,1.605615,-1.0,-1.0,-1
1.605615,1.605615,1.60561,1.605615,-1.0,-1.0,-1
1.605615,1.605645,1.605605,1.605605,-1.0,-1.0,-1
1.605605,1.605605,1.6056,1.6056,-1.0,-1.0,-1
1.6056,1.605625,1.6056,1.60562,-1.0,-1.0,-1
1.60562,1.605635,1.60562,1.60563,-1.0,-1.0,-1
1.60563,1.605635,1.60563,1.60563,-1.0,-1.0,-1
1.60563,1.605635,1.60563,1.60563,-1.0,-1.0,-1
1.60563,1.605635,1.60559,1.6056,-1.0,-1.0,-1
1.6056,1.60564,1.6056,1.60564,-1.0,-1.0,-1
1.60564,1.60564,1.60564,1.60564,-1.0,-1.0,-1
1.60564,1.605645,1.60561,1.60564,-1.0,-1.0,-1
1.60564,1.605675,1.60564,1.605665,-1.0,-1.0,-1
1.605665,1.605735,1.605665,1.605695,-1.0,-1.0,-1
1.605695,1.60572,1.605685,1.60571,-1.0,-1.0,-1
1.60571,1.605715,1.60567,1.605695,-1.0,-1.0,-1
1.605695,1.605695,1.605635,1.605635,-1.0,-1.0,-1
1.605635,1.605635,1.605625,1.605625,-1.0,-1.0,-1
1.605625,1.605625,1.605595,1.605615,-1.0,-1.0,-1
1.605615,1.605625,1.605615,1.605625,-1.0,-1.0,-1
1.605625,1.605625,1.605615,1.605615,-1.0,-1.0,-1
1.605615,1.605625,1.605605,1.60561,-1.0,-1.0,-1
1.60561,1.605615,1.60561,1.605615,-1.0,-1.0,-1
1.605615,1.605705,1.605615,1.605695,-1.0,-1.0,-1
1.605695,1.60572,1.60563,1.60572,-1.0,-1.0,-1
1.60572,1.605725,1.60561,1.60561,-1.0,-1.0,-1
1.60561,1.605625,1.60561,1.605625,-1.0,-1.0,-1
1.605625,1.605625,1.605605,1.605605,-1.0,-1.0,-1
1.605605,1.605605,1.605565,1.60557,-1.0,-1.0,-1
1.60557,1.605685,1.60557,1.60568,-1.0,-1.0,-1
1.60568,1.605685,1.605665,1.60567,-1.0,-1.0,-1
1.60567,1.605685,1.6056,1.60566,-1.0,-1.0,-1
1.60566,1.605675,1.60565,1.605665,-1.0,-1.0,-1
1.605665,1.605665,1.605565,1.605565,-1.0,-1.0,-1
1.605565,1.60557,1.605545,1.60556,-1.0,-1.0,-1
1.60556,1.605585,1.60554,1.60555,-1.0,-1.0,-1
1.60555,1.605555,1.60554,1.60554,-1.0,-1.0,-1
1.60554,1.60554,1.60554,1.60554,-1.0,-1.0,-1
1.60554,1.60554,1.60554,1.60554,-1.0,-1.0,-1
1.60554,1.60554,1.60554,1.60554,-1.0,-1.0,-1
1.60554,1.60554,1.60554,1.60554,-1.0,-1.0,-1
1.60554,1.60554,1.60553,1.60554,-1.0,-1.0,-1
1.60554,1.60554,1.60554,1.60554,-1.0,-1.0,-1
1.60554,1.60554,1.605525,1.605525,-1.0,-1.0,-1
1.605525,1.605525,1.605525,1.605525,-1.0,-1.0,-1
1.605525,1.605555,1.605525,1.60554,-1.0,-1.0,-1
1.60554,1.60558,1.60554,1.60555,-1.0,-1.0,-1
1.60555,1.605585,1.60554,1.605565,-1.0,-1.0,-1
1.605565,1.60559,1.605505,1.60554,-1.0,-1.0,-1
1.60554,1.605575,1.60554,1.60557,-1.0,-1.0,-1
1.60557,1.605575,1.605565,1.605575,-1.0,-1.0,-1
1.605575,1.605575,1.60557,1.605575,-1.0,-1.0,-1
1.605575,1.605575,1.605565,1.605575,-1.0,-1.0,-1
1.605575,1.60563,1.60557,1.60563,-1.0,-1.0,-1
1.60563,1.60563,1.60557,1.605575,-1.0,-1.0,-1
1.605575,1.60566,1.60555,1.60557,-1.0,-1.0,-1
1.60557,1.605665,1.60556,1.60565,-1.0,-1.0,-1
1.60565,1.60565,1.60557,1.6056,-1.0,-1.0,-1
1.6056,1.605635,1.605575,1.605635,-1.0,-1.0,-1
1.605635,1.60568,1.6056,1.605675,-1.0,-1.0,-1
1.605675,1.60569,1.605625,1.605655,-1.0,-1.0,-1
1.605655,1.605745,1.605655,1.605745,-1.0,-1.0,-1
1.605745,1.605745,1.605745,1.605745,-1.0,-1.0,-1
1.605745,1.605825,1.60572,1.605825,-1.0,-1.0,-1
1.605825,1.605825,1.605815,1.605825,-1.0,-1.0,-1
1.605825,1.605825,1.605825,1.605825,-1.0,-1.0,-1
1.605825,1.605855,1.605815,1.60585,-1.0,-1.0,-1
1.60585,1.605855,1.605805,1.605835,-1.0,-1.0,-1
1.605835,1.605835,1.605825,1.60583,-1.0,-1.0,-1
1.60583,1.605835,1.60583,1.605835,-1.0,-1.0,-1
1.605835,1.605835,1.60582,1.60582,-1.0,-1.0,-1
1.60582,1.605865,1.605795,1.6058,-1.0,-1.0,-1
1.6058,1.605825,1.605795,1.605825,-1.0,-1.0,-1
1.605825,1.605825,1.60579,1.605795,-1.0,-1.0,-1
1.605795,1.60583,1.605785,1.60583,-1.0,-1.0,-1
1.60583,1.605845,1.60583,1.60584,-1.0,-1.0,-1
1.60584,1.60585,1.605825,1.605825,-1.0,-1.0,-1
1.605825,1.605825,1.605825,1.605825,-1.0,-1.0,-1
1.605825,1.60583,1.605785,1.60579,-1.0,-1.0,-1
1.60579,1.605825,1.605785,1.60581,-1.0,-1.0,-1
1.60581,1.60581,1.60579,1.605795,-1.0,-1.0,-1
1.605795,1.605825,1.60579,1.605815,-1.0,-1.0,-1
1.605815,1.605835,1.60581,1.60583,-1.0,-1.0,-1
1.60583,1.605855,1.60583,1.605845,-1.0,-1.0,-1
1.605845,1.60585,1.60584,1.605845,-1.0,-1.0,-1
1.605845,1.605855,1.605685,1.60569,-1.0,-1.0,-1
1.60569,1.60569,1.605655,1.60569,-1.0,-1.0,-1
1.60569,1.60569,1.605665,1.605665,-1.0,-1.0,-1
1.605665,1.60567,1.60564,1.605645,-1.0,-1.0,-1
1.605645,1.60568,1.605635,1.60568,-1.0,-1.0,-1
1.60568,1.605695,1.605665,1.605695,-1.0,-1.0,-1
1.605695,1.6057,1.605695,1.6057,-1.0,-1.0,-1
1.6057,1.6057,1.60567,1.605695,-1.0,-1.0,-1
1.605695,1.605695,1.605695,1.605695,-1.0,-1.0,-1
1.605695,1.605695,1.60567,1.605695,-1.0,-1.0,-1
1.605695,1.6057,1.605655,1.605655,-1.0,-1.0,-1
1.605655,1.605655,1.605655,1.605655,-1.0,-1.0,-1
1.605655,1.605655,1.605605,1.60563,-1.0,-1.0,-1
1.60563,1.605645,1.60563,1.605645,-1.0,-1.0,-1
1.605645,1.60565,1.605645,1.60565,-1.0,-1.0,-1
1.60565,1.605665,1.605645,1.605655,-1.0,-1.0,-1
1.605655,1.605655,1.60565,1.60565,-1.0,-1.0,-1
1.60565,1.60565,1.60565,1.60565,-1.0,-1.0,-1
1.60565,1.605665,1.605645,1.605665,-1.0,-1.0,-1
1.605665,1.605665,1.605665,1.605665,-1.0,-1.0,-1
1.605665,1.605705,1.605605,1.605665,-1.0,-1.0,-1
1.605665,1.60575,1.605595,1.605595,-1.0,-1.0,-1
1.605595,1.60561,1.605595,1.60561,-1.0,-1.0,-1
1.60561,1.60562,1.605605,1.605615,-1.0,-1.0,-1
1.605615,1.605645,1.605615,1.60564,-1.0,-1.0,-1
1.60564,1.60564,1.60564,1.60564,-1.0,-1.0,-1
1.60564,1.60564,1.60564,1.60564,-1.0,-1.0,-1
1.60564,1.60564,1.60564,1.60564,-1.0,-1.0,-1
1.60564,1.60566,1.60563,1.60566,-1.0,-1.0,-1
1.60566,1.605685,1.60564,1.605675,-1.0,-1.0,-1
1.605675,1.60571,1.605645,1.605645,-1.0,-1.0,-1
1.605645,1.605655,1.605635,1.60565,-1.0,-1.0,-1
1.60565,1.605715,1.605625,1.60563,-1.0,-1.0,-1
1.60563,1.605725,1.60562,1.605655,-1.0,-1.0,-1
1.605655,1.605805,1.605655,1.60575,-1.0,-1.0,-1
1.60575,1.60576,1.605715,1.605715,-1.0,-1.0,-1
1.605715,1.60577,1.605715,1.60576,-1.0,-1.0,-1
1.60576,1.60576,1.60574,1.60576,-1.0,-1.0,-1
1.60576,1.605765,1.60573,1.605735,-1.0,-1.0,-1
1.605735,1.605775,1.60573,1.60575,-1.0,-1.0,-1
1.60575,1.60576,1.605745,1.60576,-1.0,-1.0,-1
1.60576,1.60576,1.605755,1.605755,-1.0,-1.0,-1
1.605755,1.605785,1.605705,1.605705,-1.0,-1.0,-1
1.605705,1.60575,1.605655,1.60569,-1.0,-1.0,-1
1.60569,1.605775,1.60569,1.60573,-1.0,-1.0,-1
1.60573,1.605735,1.60567,1.60567,-1.0,-1.0,-1
1.60567,1.60567,1.60567,1.60567,-1.0,-1.0,-1
1.60567,1.605715,1.60567,1.60571,-1.0,-1.0,-1
1.60571,1.60576,1.605665,1.605705,-1.0,-1.0,-1
1.605705,1.605725,1.605705,1.60571,-1.0,-1.0,-1
1.60571,1.605755,1.60571,1.605755,-1.0,-1.0,-1
1.605755,1.60576,1.605745,1.605745,-1.0,-1.0,-1
1.605745,1.60576,1.605745,1.60576,-1.0,-1.0,-1
1.60576,1.60576,1.6057,1.60571,-1.0,-1.0,-1
1.60571,1.60573,1.605695,1.605715,-1.0,-1.0,-1
1.605715,1.605735,1.60571,1.605735,-1.0,-1.0,-1
1.605735,1.60577,1.60568,1.60572,-1.0,-1.0,-1
1.60572,1.60576,1.60571,1.605735,-1.0,-1.0,-1
1.605735,1.605765,1.60571,1.605735,-1.0,-1.0,-1
1.605735,1.60576,1.60573,1.60574,-1.0,-1.0,-1
1.60574,1.60574,1.60571,1.605715,-1.0,-1.0,-1
1.605715,1.60575,1.6057,1.60574,-1.0,-1.0,-1
1.60574,1.605745,1.60572,1.60572,-1.0,-1.0,-1
1.60572,1.605745,1.605655,1.60574,-1.0,-1.0,-1
1.60574,1.60574,1.605735,1.60574,-1.0,-1.0,-1
1.60574,1.605765,1.605705,1.60575,-1.0,-1.0,-1
1.60575,1.60575,1.60575,1.60575,-1.0,-1.0,-1
1.60575,1.605755,1.605665,1.605705,-1.0,-1.0,-1
1.605705,1.60573,1.605705,1.60573,-1.0,-1.0,-1
1.60573,1.60574,1.60569,1.60572,-1.0,-1.0,-1
1.60572,1.605735,1.605655,1.6057,-1.0,-1.0,-1
1.6057,1.605745,1.60568,1.6057,-1.0,-1.0,-1
1.6057,1.60573,1.605695,1.60573,-1.0,-1.0,-1
1.60573,1.605775,1.60571,1.60577,-1.0,-1.0,-1
1.60577,1.60577,1.605715,1.605715,-1.0,-1.0,-1
1.605715,1.60573,1.605685,1.60571,-1.0,-1.0,-1
1.60571,1.60572,1.60569,1.60569,-1.0,-1.0,-1
1.60569,1.60572,1.605685,1.605715,-1.0,-1.0,-1
1.605715,1.60576,1.60567,1.605755,-1.0,-1.0,-1
1.605755,1.60577,1.60575,1.60577,-1.0,-1.0,-1
1.60577,1.60577,1.60566,1.60567,-1.0,-1.0,-1
1.60567,1.60576,1.605665,1.60576,-1.0,-1.0,-1
1.60576,1.60576,1.60569,1.605695,-1.0,-1.0,-1
1.605695,1.60576,1.605645,1.605745,-1.0,-1.0,-1
1.605745,1.605745,1.605725,1.605745,-1.0,-1.0,-1
1.605745,1.605745,1.605725,1.605735,-1.0,-1.0,-1
1.605735,1.605735,1.60572,1.60572,-1.0,-1.0,-1
1.60572,1.60573,1.605645,1.605655,-1.0,-1.0,-1
1.605655,1.60573,1.60562,1.60573,-1.0,-1.0,-1
1.60573,1.60573,1.60563,1.60563,-1.0,-1.0,-1
1.60563,1.605645,1.60563,1.605645,-1.0,-1.0,-1
1.605645,1.605645,1.605645,1.605645,-1.0,-1.0,-1
1.605645,1.605695,1.60564,1.605665,-1.0,-1.0,-1
1.605665,1.605695,1.60562,1.605645,-1.0,-1.0,-1
1.605645,1.605675,1.60556,1.60559,-1.0,-1.0,-1
1.60559,1.60563,1.60559,1.605625,-1.0,-1.0,-1
1.605625,1.60563,1.605625,1.605625,-1.0,-1.0,-1
1.605625,1.60563,1.60556,1.60556,-1.0,-1.0,-1
1.60556,1.60562,1.60556,1.605615,-1.0,-1.0,-1
1.605615,1.605695,1.605575,1.60566,-1.0,-1.0,-1
1.60566,1.605725,1.60566,1.605715,-1.0,-1.0,-1
1.605715,1.60573,1.605715,1.60572,-1.0,-1.0,-1
1.60572,1.605725,1.605695,1.605695,-1.0,-1.0,-1
1.605695,1.60572,1.605675,1.605715,-1.0,-1.0,-1
1.605715,1.605775,1.605715,1.605765,-1.0,-1.0,-1
1.605765,1.605775,1.605765,1.60577,-1.0,-1.0,-1
1.60577,1.605775,1.60577,1.60577,-1.0,-1.0,-1
1.60577,1.605775,1.60577,1.60577,-1.0,-1.0,-1
1.60577,1.605775,1.60577,1.60577,-1.0,-1.0,-1
1.60577,1.605775,1.605735,1.60574,-1.0,-1.0,-1
1.60574,1.60574,1.60573,1.605735,-1.0,-1.0,-1
1.605735,1.605735,1.605735,1.605735,-1.0,-1.0,-1
1.605735,1.605835,1.605725,1.605835,-1.0,-1.0,-1
1.605835,1.605835,1.60577,1.60577,-1.0,-1.0,-1
1.60577,1.605775,1.60577,1.60577,-1.0,-1.0,-1
1.60577,1.605815,1.60577,1.60581,-1.0,-1.0,-1
1.60581,1.60584,1.605795,1.605795,-1.0,-1.0,-1
1.605795,1.6058,1.605795,1.6058,-1.0,-1.0,-1
1.6058,1.6058,1.6058,1.6058,-1.0,-1.0,-1
1.6058,1.60581,1.6058,1.605805,-1.0,-1.0,-1
1.605805,1.60581,1.60577,1.60577,-1.0,-1.0,-1
1.60577,1.605775,1.60576,1.60577,-1.0,-1.0,-1
1.60577,1.60582,1.605755,1.60582,-1.0,-1.0,-1
1.60582,1.60582,1.60582,1.60582,-1.0,-1.0,-1
1.60582,1.60584,1.60581,1.60584,-1.0,-1.0,-1
1.60584,1.60584,1.605835,1.605835,-1.0,-1.0,-1
1.605835,1.60585,1.605825,1.60584,-1.0,-1.0,-1
1.60584,1.605855,1.605835,1.60585,-1.0,-1.0,-1
1.60585,1.605855,1.605835,1.60585,-1.0,-1.0,-1
1.60585,1.605855,1.60582,1.60582,-1.0,-1.0,-1
1.60582,1.60585,1.60576,1.60577,-1.0,-1.0,-1
1.60577,1.605775,1.605755,1.60577,-1.0,-1.0,-1
1.60577,1.605795,1.605745,1.605765,-1.0,-1.0,-1
1.605765,1.605825,1.60576,1.605765,-1.0,-1.0,-1
1.605765,1.605775,1.605765,1.60577,-1.0,-1.0,-1
1.60577,1.605825,1.605745,1.60577,-1.0,-1.0,-1
1.60577,1.605775,1.605745,1.605755,-1.0,-1.0,-1
1.605755,1.605775,1.60574,1.60575,-1.0,-1.0,-1
1.60575,1.60584,1.605745,1.605745,-1.0,-1.0,-1
1.605745,1.605765,1.605745,1.60576,-1.0,-1.0,-1
1.60576,1.60579,1.60574,1.60579,-1.0,-1.0,-1
1.60579,1.60583,1.60579,1.60581,-1.0,-1.0,-1
1.60581,1.60588,1.60581,1.605855,-1.0,-1.0,-1
1.605855,1.605875,1.605815,1.605815,-1.0,-1.0,-1
1.605815,1.60586,1.60575,1.605825,-1.0,-1.0,-1
1.605825,1.605825,1.60582,1.60582,-1.0,-1.0,-1
1.60582,1.605825,1.6058,1.605805,-1.0,-1.0,-1
1.605805,1.605825,1.60574,1.60574,-1.0,-1.0,-1
1.60574,1.605785,1.60574,1.60578,-1.0,-1.0,-1
1.60578,1.60578,1.605775,1.605775,-1.0,-1.0,-1
1.605775,1.60583,1.60576,1.60583,-1.0,-1.0,-1
1.60583,1.605885,1.60583,1.605885,-1.0,-1.0,-1
1.605885,1.605885,1.605785,1.605805,-1.0,-1.0,-1
1.605805,1.605825,1.605735,1.60582,-1.0,-1.0,-1
1.60582,1.605825,1.60567,1.60568,-1.0,-1.0,-1
1.60568,1.60568,1.60568,1.60568,-1.0,-1.0,-1
1.60568,1.60568,1.60568,1.60568,-1.0,-1.0,-1
1.60568,1.6057,1.605665,1.6057,-1.0,-1.0,-1
1.6057,1.60573,1.6057,1.605725,-1.0,-1.0,-1
1.605725,1.605735,1.605695,1.605715,-1.0,-1.0,-1
1.605715,1.60577,1.605685,1.605755,-1.0,-1.0,-1
1.605755,1.60579,1.60575,1.60578,-1.0,-1.0,-1
1.60578,1.60578,1.60578,1.60578,-1.0,-1.0,-1
1.60578,1.60579,1.60576,1.60579,-1.0,-1.0,-1
1.60579,1.60579,1.605675,1.605675,-1.0,-1.0,-1
1.605675,1.605675,1.605655,1.605655,-1.0,-1.0,-1
1.605655,1.605675,1.60565,1.60565,-1.0,-1.0,-1
1.60565,1.605675,1.60565,1.60567,-1.0,-1.0,-1
1.60567,1.60568,1.60567,1.60568,-1.0,-1.0,-1
1.60568,1.60568,1.60568,1.60568,-1.0,-1.0,-1
1.60568,1.605715,1.60565,1.60571,-1.0,-1.0,-1
1.60571,1.60573,1.605685,1.605685,-1.0,-1.0,-1
1.605685,1.605705,1.605685,1.60569,-1.0,-1.0,-1
1.60569,1.605725,1.60568,1.605685,-1.0,-1.0,-1
1.605685,1.60573,1.605685,1.605725,-1.0,-1.0,-1
1.605725,1.605755,1.60564,1.60574,-1.0,-1.0,-1
1.60574,1.605745,1.60571,1.605735,-1.0,-1.0,-1
1.605735,1.605735,1.60573,1.60573,-1.0,-1.0,-1
1.60573,1.60573,1.605725,1.605725,-1.0,-1.0,-1
1.605725,1.605725,1.605725,1.605725,-1.0,-1.0,-1
1.605725,1.605725,1.605725,1.605725,-1.0,-1.0,-1
1.605725,1.605735,1.605705,1.605705,-1.0,-1.0,-1
1.605705,1.605735,1.605695,1.605725,-1.0,-1.0,-1
1.605725,1.60573,1.60541,1.60544,-1.0,-1.0,-1
1.60544,1.605485,1.60543,1.605485,-1.0,-1.0,-1
1.605485,1.605495,1.605465,1.60549,-1.0,-1.0,-1
1.60549,1.605505,1.605485,1.605485,-1.0,-1.0,-1
1.605485,1.605505,1.60546,1.6055,-1.0,-1.0,-1
1.6055,1.605505,1.6055,1.6055,-1.0,-1.0,-1
1.6055,1.605525,1.605475,1.605505,-1.0,-1.0,-1
1.605505,1.60552,1.605505,1.605515,-1.0,-1.0,-1
1.605515,1.60553,1.60551,1.605525,-1.0,-1.0,-1
1.605525,1.605525,1.605425,1.60546,-1.0,-1.0,-1
1.60546,1.60546,1.60543,1.60545,-1.0,-1.0,-1
1.60545,1.60547,1.60544,1.605455,-1.0,-1.0,-1
1.605455,1.6055,1.605455,1.6055,-1.0,-1.0,-1
1.6055,1.605535,1.60549,1.605525,-1.0,-1.0,-1
1.605525,1.605545,1.605525,1.605535,-1.0,-1.0,-1
1.605535,1.605535,1.605505,1.605505,-1.0,-1.0,-1
1.605505,1.605525,1.6055,1.605525,-1.0,-1.0,-1
1.605525,1.60553,1.60551,1.60553,-1.0,-1.0,-1
1.60553,1.605535,1.605525,1.605535,-1.0,-1.0,-1
1.605535,1.605545,1.605495,1.60554,-1.0,-1.0,-1
1.60554,1.60554,1.60552,1.60553,-1.0,-1.0,-1
1.60553,1.60553,1.605515,1.605515,-1.0,-1.0,-1
1.605515,1.60552,1.60549,1.605515,-1.0,-1.0,-1
1.605515,1.605515,1.60551,1.605515,-1.0,-1.0,-1
1.605515,1.60552,1.60551,1.60552,-1.0,-1.0,-1
1.60552,1.60552,1.60551,1.60552,-1.0,-1.0,-1
1.60552,1.60552,1.605485,1.6055,-1.0,-1.0,-1
1.6055,1.605515,1.605465,1.605465,-1.0,-1.0,-1
1.605465,1.605485,1.605425,1.60546,-1.0,-1.0,-1
1.60546,1.60551,1.60544,1.605475,-1.0,-1.0,-1
1.605475,1.605475,1.60539,1.605425,-1.0,-1.0,-1
1.605425,1.605455,1.605415,1.605445,-1.0,-1.0,-1
1.605445,1.605475,1.60544,1.605475,-1.0,-1.0,-1
1.605475,1.605475,1.605475,1.605475,-1.0,-1.0,-1
1.605475,1.605485,1.605425,1.605485,-1.0,-1.0,-1
1.605485,1.605485,1.605415,1.60542,-1.0,-1.0,-1
1.60542,1.605575,1.605415,1.605575,-1.0,-1.0,-1
1.605575,1.605605,1.60557,1.605585,-1.0,-1.0,-1
1.605585,1.60559,1.605585,1.605585,-1.0,-1.0,-1
1.605585,1.6056,1.605585,1.6056,-1.0,-1.0,-1
1.6056,1.605615,1.6056,1.605615,-1.0,-1.0,-1
1.605615,1.605615,1.605615,1.605615,-1.0,-1.0,-1
1.605615,1.60562,1.605615,1.605615,-1.0,-1.0,-1
1.605615,1.605615,1.60559,1.60559,-1.0,-1.0,-1
1.60559,1.60559,1.60559,1.60559,-1.0,-1.0,-1
1.60559,1.60559,1.60559,1.60559,-1.0,-1.0,-1
1.60559,1.605605,1.60559,1.605605,-1.0,-1.0,-1
1.605605,1.60564,1.60553,1.60553,-1.0,-1.0,-1
1.60553,1.605585,1.60553,1.605585,-1.0,-1.0,-1
1.605585,1.605585,1.605535,1.60554,-1.0,-1.0,-1
1.60554,1.60554,1.60554,1.60554,-1.0,-1.0,-1
1.60554,1.605555,1.60554,1.605555,-1.0,-1.0,-1
1.605555,1.6056,1.605555,1.6056,-1.0,-1.0,-1
1.6056,1.60561,1.6056,1.605605,-1.0,-1.0,-1
1.605605,1.60561,1.605605,1.605605,-1.0,-1.0,-1
1.605605,1.60561,1.6056,1.6056,-1.0,-1.0,-1
1.6056,1.605615,1.6056,1.605615,-1.0,-1.0,-1
1.605615,1.605685,1.605605,1.605685,-1.0,-1.0,-1
1.605685,1.605685,1.605685,1.605685,-1.0,-1.0,-1
1.605685,1.605685,1.605685,1.605685,-1.0,-1.0,-1
1.605685,1.605685,1.605685,1.605685,-1.0,-1.0,-1
1.605685,1.605685,1.605665,1.605665,-1.0,-1.0,-1
1.605665,1.605665,1.605665,1.605665,-1.0,-1.0,-1
1.605665,1.60567,1.60566,1.60567,-1.0,-1.0,-1
1.60567,1.60567,1.60567,1.60567,-1.0,-1.0,-1
1.60567,1.60567,1.60567,1.60567,-1.0,-1.0,-1
1.60567,1.60567,1.60567,1.60567,-1.0,-1.0,-1
1.60567,1.60567,1.60567,1.60567,-1.0,-1.0,-1
1.60567,1.60567,1.60567,1.60567,-1.0,-1.0,-1
1.60567,1.60567,1.60565,1.605665,-1.0,-1.0,-1
1.605665,1.60567,1.605665,1.60567,-1.0,-1.0,-1
1.60567,1.60567,1.60567,1.60567,-1.0,-1.0,-1
1.60567,1.605675,1.60567,1.605675,-1.0,-1.0,-1
1.605675,1.605675,1.60567,1.605675,-1.0,-1.0,-1
1.605675,1.605675,1.60565,1.60565,-1.0,-1.0,-1
1.60565,1.60565,1.605645,1.60565,-1.0,-1.0,-1
1.60565,1.60568,1.60564,1.605665,-1.0,-1.0,-1
1.605665,1.605665,1.605665,1.605665,-1.0,-1.0,-1
1.605665,1.605665,1.605665,1.605665,-1.0,-1.0,-1
1.605665,1.605665,1.605645,1.605645,-1.0,-1.0,-1
1.605645,1.60565,1.605645,1.60565,-1.0,-1.0,-1
1.60565,1.60565,1.605645,1.60565,-1.0,-1.0,-1
1.60565,1.60565,1.605645,1.605645,-1.0,-1.0,-1
1.605645,1.60568,1.605645,1.605675,-1.0,-1.0,-1
1.605675,1.60568,1.605675,1.605675,-1.0,-1.0,-1
1.605675,1.60568,1.605605,1.60565,-1.0,-1.0,-1
1.60565,1.60565,1.605615,1.605635,-1.0,-1.0,-1
1.605635,1.60564,1.605635,1.605635,-1.0,-1.0,-1
1.605635,1.60564,1.605635,1.60564,-1.0,-1.0,-1
1.60564,1.60564,1.60564,1.60564,-1.0,-1.0,-1
1.60564,1.60567,1.60563,1.60567,-1.0,-1.0,-1
1.60567,1.605695,1.60567,1.605695,-1.0,-1.0,-1
1.605695,1.605695,1.605665,1.605665,-1.0,-1.0,-1
1.605665,1.605665,1.605665,1.605665,-1.0,-1.0,-1
1.605665,1.605665,1.605665,1.605665,-1.0,-1.0,-1
1.605665,1.605665,1.605665,1.605665,-1.0,-1.0,-1
1.605665,1.605665,1.605665,1.605665,-1.0,-1.0,-1
1.605665,1.605665,1.605665,1.605665,-1.0,-1.0,-1
1.605665,1.605665,1.605665,1.605665,-1.0,-1.0,-1
1.605665,1.605665,1.605665,1.605665,-1.0,-1.0,-1
1.605665,1.605665,1.605625,1.60565,-1.0,-1.0,-1
1.60565,1.60569,1.60565,1.60568,-1.0,-1.0,-1
1.60568,1.605685,1.605675,1.60568,-1.0,-1.0,-1
1.60568,1.605685,1.60567,1.60567,-1.0,-1.0,-1
1.60567,1.60568,1.60567,1.60567,-1.0,-1.0,-1
1.60567,1.60568,1.60566,1.605665,-1.0,-1.0,-1
1.605665,1.605665,1.60565,1.605655,-1.0,-1.0,-1
1.605655,1.605655,1.605655,1.605655,-1.0,-1.0,-1
1.605655,1.605665,1.605655,1.605665,-1.0,-1.0,-1
1.605665,1.605665,1.60565,1.60565,-1.0,-1.0,-1
1.60565,1.60566,1.60565,1.60566,-1.0,-1.0,-1
1.60566,1.60567,1.60564,1.60564,-1.0,-1.0,-1
1.60564,1.60564,1.60564,1.60564,-1.0,-1.0,-1
1.60564,1.605645,1.60564,1.605645,-1.0,-1.0,-1
1.605645,1.605645,1.605645,1.605645,-1.0,-1.0,-1
1.605645,1.605645,1.605645,1.605645,-1.0,-1.0,-1
1.605645,1.605645,1.60564,1.60564,-1.0,-1.0,-1
1.60564,1.605655,1.60564,1.605645,-1.0,-1.0,-1
1.605645,1.60565,1.60564,1.605645,-1.0,-1.0,-1
1.605645,1.60565,1.60564,1.60565,-1.0,-1.0,-1
1.60565,1.60565,1.60564,1.605645,-1.0,-1.0,-1
1.605645,1.605645,1.605595,1.605625,-1.0,-1.0,-1
1.605625,1.60563,1.60562,1.60563,-1.0,-1.0,-1
1.60563,1.60563,1.60562,1.605625,-1.0,-1.0,-1
1.605625,1.605625,1.605625,1.605625,-1.0,-1.0,-1
1.605625,1.60564,1.60562,1.60564,-1.0,-1.0,-1
1.60564,1.60576,1.60563,1.605755,-1.0,-1.0,-1
1.605755,1.60577,1.605755,1.605765,-1.0,-1.0,-1
1.605765,1.60577,1.60576,1.60576,-1.0,-1.0,-1
1.60576,1.60577,1.60575,1.605755,-1.0,-1.0,-1
1.605755,1.60576,1.605735,1.60574,-1.0,-1.0,-1
1.60574,1.60574,1.605735,1.605735,-1.0,-1.0,-1
1.605735,1.605745,1.605735,1.605745,-1.0,-1.0,-1
1.605745,1.60575,1.605745,1.60575,-1.0,-1.0,-1
1.60575,1.60576,1.605745,1.60575,-1.0,-1.0,-1
1.60575,1.60575,1.60575,1.60575,-1.0,-1.0,-1
1.60575,1.605765,1.60575,1.60576,-1.0,-1.0,-1
1.60576,1.605765,1.605745,1.605755,-1.0,-1.0,-1
1.605755,1.60576,1.60571,1.605715,-1.0,-1.0,-1
1.605715,1.605765,1.605695,1.605695,-1.0,-1.0,-1
1.605695,1.605695,1.605695,1.605695,-1.0,-1.0,-1
1.605695,1.605695,1.605685,1.605685,-1.0,-1.0,-1
1.605685,1.605685,1.605685,1.605685,-1.0,-1.0,-1
1.605685,1.605685,1.605685,1.605685,-1.0,-1.0,-1
1.605685,1.605685,1.605685,1.605685,-1.0,-1.0,-1
1.605685,1.605695,1.605685,1.605695,-1.0,-1.0,-1
1.605695,1.605695,1.60569,1.60569,-1.0,-1.0,-1
1.60569,1.60569,1.60569,1.60569,-1.0,-1.0,-1
1.60569,1.605695,1.605675,1.60569,-1.0,-1.0,-1
1.60569,1.60569,1.60569,1.60569,-1.0,-1.0,-1
1.60569,1.60569,1.60567,1.60567,-1.0,-1.0,-1
1.60567,1.60567,1.60567,1.60567,-1.0,-1.0,-1
1.60567,1.60568,1.60567,1.605675,-1.0,-1.0,-1
1.605675,1.60568,1.605675,1.605675,-1.0,-1.0,-1
1.605675,1.605685,1.605665,1.605665,-1.0,-1.0,-1
1.605665,1.605665,1.605665,1.605665,-1.0,-1.0,-1
1.605665,1.60568,1.605665,1.605675,-1.0,-1.0,-1
1.605675,1.60568,1.605675,1.605675,-1.0,-1.0,-1
1.605675,1.60569,1.605675,1.60569,-1.0,-1.0,-1
1.60569,1.60569,1.60568,1.60568,-1.0,-1.0,-1
1.60568,1.605685,1.60568,1.605685,-1.0,-1.0,-1
1.605685,1.605685,1.60567,1.60567,-1.0,-1.0,-1
1.60567,1.60567,1.60567,1.60567,-1.0,-1.0,-1
1.60567,1.60567,1.605665,1.605665,-1.0,-1.0,-1
1.605665,1.605665,1.605665,1.605665,-1.0,-1.0,-1
1.605665,1.60568,1.605665,1.605665,-1.0,-1.0,-1
1.605665,1.60567,1.605665,1.605665,-1.0,-1.0,-1
1.605665,1.605685,1.605665,1.60568,-1.0,-1.0,-1
1.60568,1.60568,1.60568,1.60568,-1.0,-1.0,-1
1.60568,1.605695,1.605665,1.605665,-1.0,-1.0,-1
1.605665,1.605665,1.605665,1.605665,-1.0,-1.0,-1
1.605665,1.605665,1.605665,1.605665,-1.0,-1.0,-1
1.605665,1.60567,1.60559,1.60559,-1.0,-1.0,-1
1.60559,1.60559,1.60559,1.60559,-1.0,-1.0,-1
1.60559,1.605645,1.60558,1.60558,-1.0,-1.0,-1
1.60558,1.60562,1.60558,1.605595,-1.0,-1.0,-1
1.605595,1.60563,1.605595,1.605625,-1.0,-1.0,-1
1.605625,1.60563,1.60562,1.60562,-1.0,-1.0,-1
1.60562,1.60563,1.60562,1.605625,-1.0,-1.0,-1
1.605625,1.605625,1.605625,1.605625,-1.0,-1.0,-1
1.605625,1.60564,1.605625,1.60564,-1.0,-1.0,-1
1.60564,1.605645,1.60563,1.60564,-1.0,-1.0,-1
1.60564,1.60567,1.605635,1.60567,-1.0,-1.0,-1
1.60567,1.60568,1.60567,1.605675,-1.0,-1.0,-1
1.605675,1.60568,1.60567,1.60567,-1.0,-1.0,-1
1.60567,1.60567,1.60567,1.60567,-1.0,-1.0,-1
1.60567,1.605675,1.60565,1.605675,-1.0,-1.0,-1
1.605675,1.60569,1.605665,1.60569,-1.0,-1.0,-1
1.60569,1.60569,1.605665,1.60567,-1.0,-1.0,-1
1.60567,1.60568,1.60567,1.605675,-1.0,-1.0,-1
1.605675,1.60568,1.605665,1.605675,-1.0,-1.0,-1
1.605675,1.60571,1.605665,1.60568,-1.0,-1.0,-1
1.60568,1.605705,1.60568,1.6057,-1.0,-1.0,-1
1.6057,1.60571,1.6057,1.60571,-1.0,-1.0,-1
1.60571,1.60571,1.60568,1.605685,-1.0,-1.0,-1
1.605685,1.60569,1.60568,1.60569,-1.0,-1.0,-1
1.60569,1.6057,1.60566,1.605695,-1.0,-1.0,-1
1.605695,1.605695,1.605685,1.605695,-1.0,-1.0,-1
1.605695,1.605695,1.605655,1.605655,-1.0,-1.0,-1
1.605655,1.60569,1.605655,1.605685,-1.0,-1.0,-1
1.605685,1.60569,1.605685,1.60569,-1.0,-1.0,-1
1.60569,1.60569,1.605675,1.605675,-1.0,-1.0,-1
1.605675,1.60569,1.605675,1.60569,-1.0,-1.0,-1
1.60569,1.60569,1.605675,1.605685,-1.0,-1.0,-1
1.605685,1.605705,1.605685,1.6057,-1.0,-1.0,-1
1.6057,1.6057,1.60569,1.60569,-1.0,-1.0,-1
1.60569,1.60569,1.60569,1.60569,-1.0,-1.0,-1
1.60569,1.605705,1.60569,1.605705,-1.0,-1.0,-1
1.605705,1.605705,1.60569,1.605695,-1.0,-1.0,-1
1.605695,1.6057,1.605675,1.605685,-1.0,-1.0,-1
1.605685,1.60576,1.60561,1.60562,-1.0,-1.0,-1
1.60562,1.605625,1.605615,1.60562,-1.0,-1.0,-1
1.60562,1.60563,1.605615,1.60563,-1.0,-1.0,-1
1.60563,1.60563,1.605625,1.605625,-1.0,-1.0,-1
1.605625,1.605625,1.605625,1.605625,-1.0,-1.0,-1
1.605625,1.605635,1.605625,1.605635,-1.0,-1.0,-1
1.605635,1.605635,1.605625,1.605625,-1.0,-1.0,-1
1.605625,1.605625,1.605625,1.605625,-1.0,-1.0,-1
1.605625,1.60563,1.605625,1.60563,-1.0,-1.0,-1
1.60563,1.60564,1.605625,1.605625,-1.0,-1.0,-1
1.605625,1.605625,1.605625,1.605625,-1.0,-1.0,-1
1.605625,1.605625,1.605625,1.605625,-1.0,-1.0,-1
1.605625,1.60567,1.60561,1.60562,-1.0,-1.0,-1
1.60562,1.60568,1.605615,1.605665,-1.0,-1.0,-1
1.605665,1.605665,1.605665,1.605665,-1.0,-1.0,-1
1.605665,1.605675,1.60565,1.605655,-1.0,-1.0,-1
1.605655,1.605665,1.605615,1.605615,-1.0,-1.0,-1
1.605615,1.60564,1.605615,1.60564,-1.0,-1.0,-1
1.60564,1.60566,1.605635,1.60566,-1.0,-1.0,-1
1.60566,1.605665,1.605655,1.605655,-1.0,-1.0,-1
1.605655,1.605665,1.605625,1.605625,-1.0,-1.0,-1
1.605625,1.605625,1.605625,1.605625,-1.0,-1.0,-1
1.605625,1.605625,1.605605,1.605615,-1.0,-1.0,-1
1.605615,1.605615,1.60561,1.60561,-1.0,-1.0,-1
1.60561,1.605625,1.60561,1.605615,-1.0,-1.0,-1
1.605615,1.605645,1.60561,1.60561,-1.0,-1.0,-1
1.60561,1.60561,1.60561,1.60561,-1.0,-1.0,-1
1.60561,1.60563,1.605605,1.60563,-1.0,-1.0,-1
1.60563,1.60563,1.605615,1.60562,-1.0,-1.0,-1
1.60562,1.60563,1.60561,1.60563,-1.0,-1.0,-1
1.60563,1.60563,1.605615,1.605615,-1.0,-1.0,-1
1.605615,1.605615,1.60557,1.6056,-1.0,-1.0,-1
1.6056,1.6056,1.605595,1.6056,-1.0,-1.0,-1
1.6056,1.605605,1.6056,1.605605,-1.0,-1.0,-1
1.605605,1.60562,1.605605,1.60562,-1.0,-1.0,-1
1.60562,1.60562,1.605605,1.60561,-1.0,-1.0,-1
1.60561,1.60562,1.6056,1.60561,-1.0,-1.0,-1
1.60561,1.605615,1.60559,1.605615,-1.0,-1.0,-1
1.605615,1.605615,1.605605,1.605605,-1.0,-1.0,-1
1.605605,1.605605,1.605565,1.605595,-1.0,-1.0,-1
1.605595,1.605595,1.605555,1.605555,-1.0,-1.0,-1
1.605555,1.605565,1.605545,1.60555,-1.0,-1.0,-1
1.60555,1.60555,1.60555,1.60555,-1.0,-1.0,-1
1.60555,1.60555,1.60555,1.60555,-1.0,-1.0,-1
1.60555,1.60556,1.60555,1.60556,-1.0,-1.0,-1
1.60556,1.605565,1.605555,1.605555,-1.0,-1.0,-1
1.605555,1.605555,1.605555,1.605555,-1.0,-1.0,-1
1.605555,1.605555,1.60555,1.605555,-1.0,-1.0,-1
1.605555,1.605555,1.60555,1.60555,-1.0,-1.0,-1
1.60555,1.605555,1.605545,1.605545,-1.0,-1.0,-1
1.605545,1.605545,1.605545,1.605545,-1.0,-1.0,-1
1.605545,1.60555,1.605545,1.60555,-1.0,-1.0,-1
1.60555,1.60555,1.60553,1.605545,-1.0,-1.0,-1
1.605545,1.60556,1.60554,1.60555,-1.0,-1.0,-1
1.60555,1.605555,1.60554,1.60555,-1.0,-1.0,-1
1.60555,1.60555,1.60555,1.60555,-1.0,-1.0,-1
1.60555,1.60555,1.605545,1.60555,-1.0,-1.0,-1
1.60555,1.605555,1.60555,1.605555,-1.0,-1.0,-1
1.605555,1.605555,1.605555,1.605555,-1.0,-1.0,-1
1.605555,1.605555,1.605545,1.605545,-1.0,-1.0,-1
1.605545,1.60555,1.605535,1.60555,-1.0,-1.0,-1
1.60555,1.605555,1.60555,1.605555,-1.0,-1.0,-1
1.605555,1.605555,1.60553,1.60553,-1.0,-1.0,-1
1.60553,1.60555,1.60553,1.60555,-1.0,-1.0,-1
1.60555,1.60555,1.60554,1.60555,-1.0,-1.0,-1
1.60555,1.60555,1.60554,1.60554,-1.0,-1.0,-1
1.60554,1.605545,1.60553,1.60553,-1.0,-1.0,-1
1.60553,1.60554,1.60553,1.605535,-1.0,-1.0,-1
1.605535,1.60554,1.605535,1.605535,-1.0,-1.0,-1
1.605535,1.60554,1.605535,1.605535,-1.0,-1.0,-1
1.605535,1.60554,1.605535,1.605535,-1.0,-1.0,-1
1.605535,1.60555,1.605535,1.605535,-1.0,-1.0,-1
1.605535,1.605555,1.605535,1.605555,-1.0,-1.0,-1
1.605555,1.605555,1.605555,1.605555,-1.0,-1.0,-1
1.605555,1.605555,1.60555,1.60555,-1.0,-1.0,-1
1.60555,1.60555,1.60555,1.60555,-1.0,-1.0,-1
1.60555,1.60555,1.60555,1.60555,-1.0,-1.0,-1
1.60555,1.60558,1.60553,1.605555,-1.0,-1.0,-1
1.605555,1.605575,1.605555,1.605555,-1.0,-1.0,-1
1.605555,1.605555,1.605555,1.605555,-1.0,-1.0,-1
1.605555,1.605615,1.605555,1.6056,-1.0,-1.0,-1
1.6056,1.6056,1.6056,1.6056,-1.0,-1.0,-1
1.6056,1.6056,1.6056,1.6056,-1.0,-1.0,-1
1.6056,1.6056,1.6056,1.6056,-1.0,-1.0,-1
1.6056,1.6056,1.605585,1.6056,-1.0,-1.0,-1
1.6056,1.6056,1.605575,1.60558,-1.0,-1.0,-1
1.60558,1.605595,1.605575,1.605585,-1.0,-1.0,-1
1.605585,1.605595,1.605585,1.605595,-1.0,-1.0,-1
1.605595,1.605595,1.605595,1.605595,-1.0,-1.0,-1
1.605595,1.605595,1.605595,1.605595,-1.0,-1.0,-1
1.605595,1.605595,1.605595,1.605595,-1.0,-1.0,-1
1.605595,1.605595,1.605595,1.605595,-1.0,-1.0,-1
1.605595,1.60561,1.605595,1.605595,-1.0,-1.0,-1
1.605595,1.605595,1.605595,1.605595,-1.0,-1.0,-1
1.605595,1.605595,1.605595,1.605595,-1.0,-1.0,-1
1.605595,1.605595,1.605595,1.605595,-1.0,-1.0,-1
1.605595,1.605595,1.605595,1.605595,-1.0,-1.0,-1
1.605595,1.605595,1.605595,1.605595,-1.0,-1.0,-1
1.605595,1.605595,1.605595,1.605595,-1.0,-1.0,-1
1.605595,1.605595,1.605595,1.605595,-1.0,-1.0,-1
1.605595,1.605595,1.605595,1.605595,-1.0,-1.0,-1
1.605595,1.605595,1.605595,1.605595,-1.0,-1.0,-1
1.605595,1.605595,1.605585,1.605585,-1.0,-1.0,-1
1.605585,1.605595,1.605585,1.605595,-1.0,-1.0,-1
1.605595,1.605595,1.605585,1.605585,-1.0,-1.0,-1
1.605585,1.605585,1.605585,1.605585,-1.0,-1.0,-1
1.605585,1.605585,1.605585,1.605585,-1.0,-1.0,-1
1.605585,1.605585,1.605585,1.605585,-1.0,-1.0,-1
1.605585,1.605585,1.605585,1.605585,-1.0,-1.0,-1
1.605585,1.605585,1.605585,1.605585,-1.0,-1.0,-1
1.605585,1.605585,1.605585,1.605585,-1.0,-1.0,-1
1.605585,1.605595,1.605585,1.60559,-1.0,-1.0,-1
1.60559,1.60559,1.60559,1.60559,-1.0,-1.0,-1
1.60559,1.60559,1.60559,1.60559,-1.0,-1.0,-1
1.60559,1.60559,1.60559,1.60559,-1.0,-1.0,-1
1.60559,1.60559,1.60559,1.60559,-1.0,-1.0,-1
1.60559,1.60559,1.60559,1.60559,-1.0,-1.0,-1
1.60559,1.60559,1.605585,1.605585,-1.0,-1.0,-1
1.605585,1.6056,1.605575,1.60558,-1.0,-1.0,-1
1.60558,1.6056,1.605575,1.6056,-1.0,-1.0,-1
1.6056,1.6056,1.605575,1.60558,-1.0,-1.0,-1
1.60558,1.605595,1.605575,1.605595,-1.0,-1.0,-1
1.605595,1.605595,1.605595,1.605595,-1.0,-1.0,-1
1.605595,1.605605,1.605595,1.605595,-1.0,-1.0,-1
1.605595,1.605595,1.605595,1.605595,-1.0,-1.0,-1
1.605595,1.605595,1.605585,1.605585,-1.0,-1.0,-1
1.605585,1.605585,1.605585,1.605585,-1.0,-1.0,-1
1.605585,1.605585,1.605585,1.605585,-1.0,-1.0,-1
1.605585,1.605585,1.605585,1.605585,-1.0,-1.0,-1
1.605585,1.605585,1.605585,1.605585,-1.0,-1.0,-1
1.605585,1.605585,1.605585,1.605585,-1.0,-1.0,-1
1.605585,1.6056,1.60552,1.60552,-1.0,-1.0,-1
1.60552,1.60555,1.60552,1.60555,-1.0,-1.0,-1
1.60555,1.60555,1.605545,1.60555,-1.0,-1.0,-1
1.60555,1.60555,1.60555,1.60555,-1.0,-1.0,-1
1.60555,1.60555,1.605515,1.605515,-1.0,-1.0,-1
1.605515,1.605515,1.605515,1.605515,-1.0,-1.0,-1
1.605515,1.605515,1.605515,1.605515,-1.0,-1.0,-1
1.605515,1.605515,1.605505,1.605505,-1.0,-1.0,-1
1.605505,1.605545,1.605505,1.605545,-1.0,-1.0,-1
1.605545,1.605545,1.605515,1.605515,-1.0,-1.0,-1
1.605515,1.605525,1.605515,1.605525,-1.0,-1.0,-1
1.605525,1.605525,1.605525,1.605525,-1.0,-1.0,-1
1.605525,1.605525,1.605525,1.605525,-1.0,-1.0,-1
1.605525,1.605525,1.60552,1.60552,-1.0,-1.0,-1
1.60552,1.60552,1.605505,1.605505,-1.0,-1.0,-1
1.605505,1.605505,1.605505,1.605505,-1.0,-1.0,-1
1.605505,1.60552,1.605505,1.60552,-1.0,-1.0,-1
1.60552,1.60552,1.60552,1.60552,-1.0,-1.0,-1
1.60552,1.60553,1.605515,1.605515,-1.0,-1.0,-1
1.605515,1.60553,1.605515,1.605515,-1.0,-1.0,-1
1.605515,1.605515,1.605515,1.605515,-1.0,-1.0,-1
1.605515,1.60553,1.605515,1.60553,-1.0,-1.0,-1
1.60553,1.60553,1.605515,1.605515,-1.0,-1.0,-1
1.605515,1.605515,1.605515,1.605515,-1.0,-1.0,-1
1.605515,1.60553,1.605515,1.60553,-1.0,-1.0,-1
1.60553,1.60553,1.60553,1.60553,-1.0,-1.0,-1
1.60553,1.605545,1.60553,1.605545,-1.0,-1.0,-1
1.605545,1.605545,1.605525,1.605545,-1.0,-1.0,-1
1.605545,1.605545,1.605525,1.605525,-1.0,-1.0,-1
1.605525,1.605545,1.605525,1.605545,-1.0,-1.0,-1
1.605545,1.605545,1.605545,1.605545,-1.0,-1.0,-1
1.605545,1.605545,1.605525,1.605525,-1.0,-1.0,-1
1.605525,1.605525,1.605525,1.605525,-1.0,-1.0,-1
1.605525,1.605525,1.605525,1.605525,-1.0,-1.0,-1
1.605525,1.605525,1.605525,1.605525,-1.0,-1.0,-1
1.605525,1.60553,1.605515,1.60553,-1.0,-1.0,-1
1.60553,1.60553,1.605515,1.605525,-1.0,-1.0,-1
1.605525,1.605525,1.605525,1.605525,-1.0,-1.0,-1
1.605525,1.605525,1.605505,1.60552,-1.0,-1.0,-1
1.60552,1.605525,1.60552,1.60552,-1.0,-1.0,-1
1.60552,1.605535,1.60552,1.60553,-1.0,-1.0,-1
1.60553,1.605535,1.60553,1.60553,-1.0,-1.0,-1
1.60553,1.605535,1.605525,1.605525,-1.0,-1.0,-1
1.605525,1.605535,1.605525,1.60553,-1.0,-1.0,-1
1.60553,1.605535,1.60553,1.60553,-1.0,-1.0,-1
1.60553,1.605535,1.605525,1.60553,-1.0,-1.0,-1
1.60553,1.605535,1.605525,1.605525,-1.0,-1.0,-1
1.605525,1.60554,1.60552,1.605535,-1.0,-1.0,-1
1.605535,1.60554,1.605535,1.605535,-1.0,-1.0,-1
1.605535,1.605585,1.605535,1.60558,-1.0,-1.0,-1
1.60558,1.605595,1.60558,1.60559,-1.0,-1.0,-1
1.60559,1.60559,1.60557,1.605585,-1.0,-1.0,-1
1.605585,1.605595,1.605575,1.605595,-1.0,-1.0,-1
1.605595,1.605645,1.605585,1.605635,-1.0,-1.0,-1
1.605635,1.605635,1.605595,1.60562,-1.0,-1.0,-1
1.60562,1.60565,1.60562,1.60565,-1.0,-1.0,-1
1.60565,1.60567,1.60565,1.60565,-1.0,-1.0,-1
1.60565,1.60565,1.60565,1.60565,-1.0,-1.0,-1
1.60565,1.60565,1.60565,1.60565,-1.0,-1.0,-1
1.60565,1.60565,1.60565,1.60565,-1.0,-1.0,-1
1.60565,1.60567,1.60565,1.60567,-1.0,-1.0,-1
1.60567,1.60567,1.60567,1.60567,-1.0,-1.0,-1
1.60567,1.60567,1.60567,1.60567,-1.0,-1.0,-1
1.60567,1.60567,1.605605,1.605605,-1.0,-1.0,-1
1.605605,1.60562,1.605605,1.605615,-1.0,-1.0,-1
1.605615,1.60562,1.605615,1.60562,-1.0,-1.0,-1
1.60562,1.60562,1.605605,1.605605,-1.0,-1.0,-1
1.605605,1.605605,1.605605,1.605605,-1.0,-1.0,-1
1.605605,1.605605,1.605605,1.605605,-1.0,-1.0,-1
1.605605,1.60562,1.605605,1.605605,-1.0,-1.0,-1
1.605605,1.605615,1.605605,1.605615,-1.0,-1.0,-1
1.605615,1.605615,1.605615,1.605615,-1.0,-1.0,-1
1.605615,1.60562,1.605605,1.605615,-1.0,-1.0,-1
1.605615,1.605615,1.605615,1.605615,-1.0,-1.0,-1
1.605615,1.605635,1.605605,1.605635,-1.0,-1.0,-1
1.605635,1.605635,1.605635,1.605635,-1.0,-1.0,-1
1.605635,1.605635,1.605615,1.605615,-1.0,-1.0,-1
1.605615,1.60563,1.605615,1.605615,-1.0,-1.0,-1
1.605615,1.605615,1.605615,1.605615,-1.0,-1.0,-1
1.605615,1.60562,1.605605,1.605605,-1.0,-1.0,-1
1.605605,1.60562,1.605605,1.605615,-1.0,-1.0,-1
1.605615,1.60562,1.605595,1.60561,-1.0,-1.0,-1
1.60561,1.60561,1.605605,1.605605,-1.0,-1.0,-1
1.605605,1.60561,1.605605,1.60561,-1.0,-1.0,-1
1.60561,1.60561,1.60561,1.60561,-1.0,-1.0,-1
1.60561,1.60562,1.605585,1.60562,-1.0,-1.0,-1
1.60562,1.60562,1.605605,1.605605,-1.0,-1.0,-1
1.605605,1.605605,1.605605,1.605605,-1.0,-1.0,-1
1.605605,1.60561,1.6056,1.60561,-1.0,-1.0,-1
1.60561,1.60561,1.60559,1.6056,-1.0,-1.0,-1
1.6056,1.6056,1.60559,1.605595,-1.0,-1.0,-1
1.605595,1.605595,1.605595,1.605595,-1.0,-1.0,-1
1.605595,1.605595,1.60559,1.60559,-1.0,-1.0,-1
1.60559,1.605605,1.60559,1.605605,-1.0,-1.0,-1
1.605605,1.605605,1.605605,1.605605,-1.0,-1.0,-1
1.605605,1.605605,1.60557,1.60559,-1.0,-1.0,-1
1.60559,1.60559,1.605495,1.6055,-1.0,-1.0,-1
1.6055,1.605505,1.60548,1.605485,-1.0,-1.0,-1
1.605485,1.605525,1.60548,1.605525,-1.0,-1.0,-1
1.605525,1.605525,1.605475,1.60548,-1.0,-1.0,-1
1.60548,1.60548,1.60546,1.60546,-1.0,-1.0,-1
1.60546,1.605465,1.60546,1.605465,-1.0,-1.0,-1
1.605465,1.605465,1.60546,1.60546,-1.0,-1.0,-1
1.60546,1.60546,1.60546,1.60546,-1.0,-1.0,-1
1.60546,1.60547,1.605425,1.605455,-1.0,-1.0,-1
1.605455,1.605455,1.605455,1.605455,-1.0,-1.0,-1
1.605455,1.605455,1.60544,1.60544,-1.0,-1.0,-1
1.60544,1.60547,1.60544,1.60547,-1.0,-1.0,-1
1.60547,1.60548,1.60547,1.60548,-1.0,-1.0,-1
1.60548,1.60548,1.605475,1.60548,-1.0,-1.0,-1
1.60548,1.60548,1.605445,1.60546,-1.0,-1.0,-1
1.60546,1.60546,1.605445,1.605455,-1.0,-1.0,-1
1.605455,1.605465,1.605445,1.605465,-1.0,-1.0,-1
1.605465,1.605465,1.605455,1.60546,-1.0,-1.0,-1
1.60546,1.60546,1.60546,1.60546,-1.0,-1.0,-1
1.60546,1.60546,1.60546,1.60546,-1.0,-1.0,-1
1.60546,1.60546,1.60546,1.60546,-1.0,-1.0,-1
1.60546,1.60546,1.60546,1.60546,-1.0,-1.0,-1
1.60546,1.605465,1.605445,1.605445,-1.0,-1.0,-1
1.605445,1.60555,1.605445,1.60555,-1.0,-1.0,-1
1.60555,1.605555,1.60555,1.60555,-1.0,-1.0,-1
1.60555,1.60555,1.60555,1.60555,-1.0,-1.0,-1
1.60555,1.60556,1.60555,1.60555,-1.0,-1.0,-1
1.60555,1.605555,1.60552,1.60552,-1.0,-1.0,-1
1.60552,1.60553,1.60552,1.60553,-1.0,-1.0,-1
1.60553,1.60554,1.60552,1.60552,-1.0,-1.0,-1
1.60552,1.60552,1.60551,1.60551,-1.0,-1.0,-1
1.60551,1.60553,1.60551,1.60552,-1.0,-1.0,-1
1.60552,1.60554,1.60552,1.605525,-1.0,-1.0,-1
1.605525,1.60553,1.60552,1.60553,-1.0,-1.0,-1
1.60553,1.60553,1.60552,1.60552,-1.0,-1.0,-1
1.60552,1.60555,1.60552,1.60555,-1.0,-1.0,-1
1.60555,1.60555,1.60554,1.60554,-1.0,-1.0,-1
1.60554,1.605545,1.60554,1.60554,-1.0,-1.0,-1
1.60554,1.605545,1.605515,1.60553,-1.0,-1.0,-1
1.60553,1.60554,1.60552,1.60552,-1.0,-1.0,-1
1.60552,1.60553,1.60552,1.60553,-1.0,-1.0,-1
1.60553,1.60553,1.60552,1.60552,-1.0,-1.0,-1
1.60552,1.60557,1.60552,1.60557,-1.0,-1.0,-1
1.60557,1.60557,1.605565,1.60557,-1.0,-1.0,-1
1.60557,1.60557,1.605565,1.605565,-1.0,-1.0,-1
1.605565,1.605605,1.60556,1.605605,-1.0,-1.0,-1
1.605605,1.605615,1.6056,1.6056,-1.0,-1.0,-1
1.6056,1.605615,1.6056,1.6056,-1.0,-1.0,-1
1.6056,1.605605,1.6056,1.6056,-1.0,-1.0,-1
1.6056,1.605605,1.605595,1.605595,-1.0,-1.0,-1
1.605595,1.605595,1.605595,1.605595,-1.0,-1.0,-1
1.605595,1.6056,1.605595,1.6056,-1.0,-1.0,-1
1.6056,1.6056,1.6056,1.6056,-1.0,-1.0,-1
1.6056,1.605615,1.6056,1.60561,-1.0,-1.0,-1
1.60561,1.60561,1.60561,1.60561,-1.0,-1.0,-1
1.60561,1.60561,1.60561,1.60561,-1.0,-1.0,-1
1.60561,1.60561,1.60561,1.60561,-1.0,-1.0,-1
1.60561,1.60561,1.6056,1.6056,-1.0,-1.0,-1
1.6056,1.605605,1.60559,1.605595,-1.0,-1.0,-1
1.605595,1.605595,1.605595,1.605595,-1.0,-1.0,-1
1.605595,1.605595,1.60559,1.60559,-1.0,-1.0,-1
1.60559,1.60559,1.60559,1.60559,-1.0,-1.0,-1
1.60559,1.60559,1.60559,1.60559,-1.0,-1.0,-1
1.60559,1.605595,1.60559,1.605595,-1.0,-1.0,-1
1.605595,1.605595,1.605585,1.605585,-1.0,-1.0,-1
1.605585,1.605595,1.605585,1.605585,-1.0,-1.0,-1
1.605585,1.605585,1.605585,1.605585,-1.0,-1.0,-1
1.605585,1.605585,1.605585,1.605585,-1.0,-1.0,-1
1.605585,1.605585,1.605585,1.605585,-1.0,-1.0,-1
1.605585,1.605595,1.605585,1.605595,-1.0,-1.0,-1
1.605595,1.60561,1.605585,1.605595,-1.0,-1.0,-1
1.605595,1.605595,1.605595,1.605595,-1.0,-1.0,-1
1.605595,1.605595,1.605585,1.605585,-1.0,-1.0,-1
1.605585,1.605585,1.605585,1.605585,-1.0,-1.0,-1
1.605585,1.605595,1.605585,1.605595,-1.0,-1.0,-1
1.605595,1.605595,1.605595,1.605595,-1.0,-1.0,-1
1.605595,1.6056,1.605595,1.6056,-1.0,-1.0,-1
1.6056,1.6056,1.605595,1.605595,-1.0,-1.0,-1
1.605595,1.605595,1.605595,1.605595,-1.0,-1.0,-1
1.605595,1.605595,1.605595,1.605595,-1.0,-1.0,-1
1.605595,1.605605,1.605595,1.605595,-1.0,-1.0,-1
1.605595,1.605595,1.605595,1.605595,-1.0,-1.0,-1
1.605595,1.6056,1.605595,1.6056,-1.0,-1.0,-1
1.6056,1.60561,1.6056,1.60561,-1.0,-1.0,-1
1.60561,1.60561,1.6056,1.605605,-1.0,-1.0,-1
1.605605,1.605635,1.6056,1.6056,-1.0,-1.0,-1
1.6056,1.605605,1.6056,1.605605,-1.0,-1.0,-1
1.605605,1.605605,1.6056,1.605605,-1.0,-1.0,-1
1.605605,1.605615,1.605595,1.605595,-1.0,-1.0,-1
1.605595,1.605595,1.605595,1.605595,-1.0,-1.0,-1
1.605595,1.605595,1.605595,1.605595,-1.0,-1.0,-1
1.605595,1.60561,1.605595,1.605605,-1.0,-1.0,-1
1.605605,1.605605,1.605595,1.605595,-1.0,-1.0,-1
1.605595,1.605595,1.605595,1.605595,-1.0,-1.0,-1
1.605595,1.605595,1.605595,1.605595,-1.0,-1.0,-1
1.605595,1.605595,1.605595,1.605595,-1.0,-1.0,-1
1.605595,1.605605,1.605595,1.605605,-1.0,-1.0,-1
1.605605,1.605605,1.605595,1.605595,-1.0,-1.0,-1
1.605595,1.605595,1.605595,1.605595,-1.0,-1.0,-1
1.605595,1.605635,1.605595,1.60563,-1.0,-1.0,-1
1.60563,1.605635,1.60563,1.60563,-1.0,-1.0,-1
1.60563,1.60564,1.605625,1.605625,-1.0,-1.0,-1
1.605625,1.605625,1.605625,1.605625,-1.0,-1.0,-1
1.605625,1.605635,1.60561,1.60561,-1.0,-1.0,-1
1.60561,1.605615,1.60561,1.605615,-1.0,-1.0,-1
1.605615,1.60563,1.60561,1.60562,-1.0,-1.0,-1
1.60562,1.60562,1.60562,1.60562,-1.0,-1.0,-1
1.60562,1.60562,1.605615,1.60562,-1.0,-1.0,-1
1.60562,1.60562,1.60562,1.60562,-1.0,-1.0,-1
1.60562,1.60562,1.60562,1.60562,-1.0,-1.0,-1
1.60562,1.60562,1.60562,1.60562,-1.0,-1.0,-1
1.60562,1.60562,1.605615,1.605615,-1.0,-1.0,-1
1.605615,1.605615,1.605615,1.605615,-1.0,-1.0,-1
1.605615,1.60562,1.605595,1.60562,-1.0,-1.0,-1
1.60562,1.605625,1.605615,1.605615,-1.0,-1.0,-1
1.605615,1.605615,1.60561,1.60561,-1.0,-1.0,-1
1.60561,1.60561,1.60561,1.60561,-1.0,-1.0,-1
1.60561,1.60565,1.60561,1.60565,-1.0,-1.0,-1
1.60565,1.60565,1.605645,1.605645,-1.0,-1.0,-1
1.605645,1.60565,1.605645,1.605645,-1.0,-1.0,-1
1.605645,1.605645,1.605645,1.605645,-1.0,-1.0,-1
1.605645,1.605665,1.605625,1.605625,-1.0,-1.0,-1
1.605625,1.605635,1.605625,1.60563,-1.0,-1.0,-1
1.60563,1.605635,1.605625,1.605625,-1.0,-1.0,-1
1.605625,1.60563,1.605605,1.605605,-1.0,-1.0,-1
1.605605,1.605605,1.6056,1.605605,-1.0,-1.0,-1
1.605605,1.60561,1.605605,1.605605,-1.0,-1.0,-1
1.605605,1.60562,1.605595,1.60562,-1.0,-1.0,-1
1.60562,1.60562,1.605605,1.605615,-1.0,-1.0,-1
1.605615,1.605615,1.605605,1.605615,-1.0,-1.0,-1
1.605615,1.605625,1.60561,1.60562,-1.0,-1.0,-1
1.60562,1.605635,1.60562,1.60563,-1.0,-1.0,-1
1.60563,1.605645,1.60563,1.605645,-1.0,-1.0,-1
1.605645,1.605645,1.605645,1.605645,-1.0,-1.0,-1
1.605645,1.605645,1.605645,1.605645,-1.0,-1.0,-1
1.605645,1.605645,1.605645,1.605645,-1.0,-1.0,-1
1.605645,1.605645,1.605645,1.605645,-1.0,-1.0,-1
1.605645,1.60565,1.60564,1.605645,-1.0,-1.0,-1
1.605645,1.605645,1.605635,1.605635,-1.0,-1.0,-1
1.605635,1.605645,1.605635,1.605645,-1.0,-1.0,-1
1.605645,1.605645,1.605645,1.605645,-1.0,-1.0,-1
1.605645,1.605645,1.605645,1.605645,-1.0,-1.0,-1
1.605645,1.605645,1.605645,1.605645,-1.0,-1.0,-1
1.605645,1.605645,1.60563,1.605635,-1.0,-1.0,-1
1.605635,1.60564,1.605635,1.605635,-1.0,-1.0,-1
1.605635,1.60564,1.605635,1.605635,-1.0,-1.0,-1
1.605635,1.60564,1.60563,1.60563,-1.0,-1.0,-1
1.60563,1.60564,1.60563,1.605635,-1.0,-1.0,-1
1.605635,1.60564,1.605635,1.605635,-1.0,-1.0,-1
1.605635,1.60564,1.605625,1.605625,-1.0,-1.0,-1
1.605625,1.60564,1.605615,1.605615,-1.0,-1.0,-1
1.605615,1.605615,1.605605,1.605605,-1.0,-1.0,-1
1.605605,1.605615,1.605595,1.6056,-1.0,-1.0,-1
1.6056,1.60561,1.6056,1.605605,-1.0,-1.0,-1
1.605605,1.60561,1.605605,1.60561,-1.0,-1.0,-1
1.60561,1.60561,1.60561,1.60561,-1.0,-1.0,-1
1.60561,1.60564,1.605595,1.60562,-1.0,-1.0,-1
1.60562,1.60562,1.605595,1.605595,-1.0,-1.0,-1
1.605595,1.605605,1.605585,1.60559,-1.0,-1.0,-1
1.60559,1.6056,1.60559,1.605595,-1.0,-1.0,-1
1.605595,1.6056,1.605595,1.605595,-1.0,-1.0,-1
1.605595,1.605595,1.605545,1.605565,-1.0,-1.0,-1
1.605565,1.605565,1.60551,1.60552,-1.0,-1.0,-1
1.60552,1.605535,1.60552,1.605525,-1.0,-1.0,-1
1.605525,1.60554,1.60551,1.60551,-1.0,-1.0,-1
1.60551,1.60551,1.60551,1.60551,-1.0,-1.0,-1
1.60551,1.605515,1.6055,1.605515,-1.0,-1.0,-1
1.605515,1.605515,1.605495,1.60551,-1.0,-1.0,-1
1.60551,1.60551,1.6055,1.6055,-1.0,-1.0,-1
1.6055,1.605505,1.605495,1.6055,-1.0,-1.0,-1
1.6055,1.605545,1.6055,1.60554,-1.0,-1.0,-1
1.60554,1.605545,1.60554,1.60554,-1.0,-1.0,-1
1.60554,1.605545,1.60554,1.60554,-1.0,-1.0,-1
1.60554,1.605545,1.60554,1.60554,-1.0,-1.0,-1
1.60554,1.60555,1.605525,1.605525,-1.0,-1.0,-1
1.605525,1.60553,1.605525,1.605525,-1.0,-1.0,-1
1.605525,1.60555,1.605525,1.60554,-1.0,-1.0,-1
1.60554,1.605545,1.605535,1.60554,-1.0,-1.0,-1
1.60554,1.605545,1.60554,1.60554,-1.0,-1.0,-1
1.60554,1.60555,1.60554,1.60555,-1.0,-1.0,-1
1.60555,1.60555,1.60555,1.60555,-1.0,-1.0,-1
1.60555,1.60555,1.60553,1.60554,-1.0,-1.0,-1
1.60554,1.605545,1.605535,1.60554,-1.0,-1.0,-1
1.60554,1.605545,1.60554,1.60554,-1.0,-1.0,-1
1.60554,1.605545,1.60553,1.605535,-1.0,-1.0,-1
1.605535,1.60554,1.605525,1.605525,-1.0,-1.0,-1
1.605525,1.60555,1.605515,1.60554,-1.0,-1.0,-1
1.60554,1.60555,1.605535,1.60554,-1.0,-1.0,-1
1.60554,1.605545,1.605535,1.605535,-1.0,-1.0,-1
1.605535,1.60554,1.605535,1.605535,-1.0,-1.0,-1
1.605535,1.60555,1.605535,1.605545,-1.0,-1.0,-1
1.605545,1.60555,1.605545,1.605545,-1.0,-1.0,-1
1.605545,1.605555,1.605545,1.605545,-1.0,-1.0,-1
1.605545,1.605555,1.605545,1.605555,-1.0,-1.0,-1
1.605555,1.605555,1.605555,1.605555,-1.0,-1.0,-1
1.605555,1.605555,1.60554,1.60554,-1.0,-1.0,-1
1.60554,1.60555,1.605535,1.605535,-1.0,-1.0,-1
1.605535,1.60555,1.605535,1.60554,-1.0,-1.0,-1
1.60554,1.60555,1.60554,1.60554,-1.0,-1.0,-1
1.60554,1.605555,1.60554,1.60554,-1.0,-1.0,-1
1.60554,1.605545,1.60554,1.60554,-1.0,-1.0,-1
1.60554,1.605545,1.605535,1.605535,-1.0,-1.0,-1
1.605535,1.60554,1.605535,1.605535,-1.0,-1.0,-1
1.605535,1.605545,1.605535,1.60554,-1.0,-1.0,-1
1.60554,1.605545,1.60554,1.60554,-1.0,-1.0,-1
1.60554,1.60555,1.60554,1.60555,-1.0,-1.0,-1
1.60555,1.60555,1.605535,1.60554,-1.0,-1.0,-1
1.60554,1.605545,1.605535,1.605535,-1.0,-1.0,-1
1.605535,1.605545,1.605535,1.60554,-1.0,-1.0,-1
1.60554,1.605545,1.60554,1.60554,-1.0,-1.0,-1
1.60554,1.605545,1.60554,1.60554,-1.0,-1.0,-1
1.60554,1.60555,1.60554,1.60554,-1.0,-1.0,-1
1.60554,1.60555,1.60554,1.60555,-1.0,-1.0,-1
1.60555,1.60555,1.60554,1.60555,-1.0,-1.0,-1
1.60555,1.60555,1.60554,1.60554,-1.0,-1.0,-1
1.60554,1.605555,1.60553,1.605545,-1.0,-1.0,-1
1.605545,1.60555,1.60554,1.60554,-1.0,-1.0,-1
1.60554,1.605615,1.60554,1.605615,-1.0,-1.0,-1
1.605615,1.605615,1.605605,1.60561,-1.0,-1.0,-1
1.60561,1.60561,1.60561,1.60561,-1.0,-1.0,-1
1.60561,1.60561,1.60561,1.60561,-1.0,-1.0,-1
1.60561,1.60561,1.605605,1.605605,-1.0,-1.0,-1
1.605605,1.60562,1.605605,1.605605,-1.0,-1.0,-1
1.605605,1.60561,1.605605,1.60561,-1.0,-1.0,-1
1.60561,1.605625,1.605605,1.605615,-1.0,-1.0,-1
1.605615,1.605625,1.605595,1.60562,-1.0,-1.0,-1
1.60562,1.605635,1.605615,1.605635,-1.0,-1.0,-1
1.605635,1.605635,1.605595,1.605595,-1.0,-1.0,-1
1.605595,1.605625,1.605595,1.605615,-1.0,-1.0,-1
1.605615,1.605635,1.605605,1.605615,-1.0,-1.0,-1
1.605615,1.605615,1.605605,1.605605,-1.0,-1.0,-1
1.605605,1.60564,1.605595,1.60562,-1.0,-1.0,-1
1.60562,1.60564,1.60562,1.605625,-1.0,-1.0,-1
1.605625,1.60563,1.605605,1.605625,-1.0,-1.0,-1
1.605625,1.605635,1.605625,1.605635,-1.0,-1.0,-1
1.605635,1.605635,1.605635,1.605635,-1.0,-1.0,-1
1.605635,1.605635,1.605635,1.605635,-1.0,-1.0,-1
1.605635,1.605635,1.605635,1.605635,-1.0,-1.0,-1
1.605635,1.605635,1.605625,1.605635,-1.0,-1.0,-1
1.605635,1.60564,1.605605,1.60562,-1.0,-1.0,-1
1.60562,1.60562,1.60561,1.60561,-1.0,-1.0,-1
1.60561,1.60561,1.60561,1.60561,-1.0,-1.0,-1
1.60561,1.60562,1.605605,1.60562,-1.0,-1.0,-1
1.60562,1.60562,1.605605,1.605605,-1.0,-1.0,-1
1.605605,1.60562,1.605605,1.60561,-1.0,-1.0,-1
1.60561,1.60563,1.605605,1.605615,-1.0,-1.0,-1
1.605615,1.60562,1.605615,1.60562,-1.0,-1.0,-1
1.60562,1.60562,1.60562,1.60562,-1.0,-1.0,-1
1.60562,1.60562,1.60562,1.60562,-1.0,-1.0,-1
1.60562,1.60562,1.60562,1.60562,-1.0,-1.0,-1
1.60562,1.60562,1.60562,1.60562,-1.0,-1.0,-1
1.60562,1.605625,1.605605,1.605625,-1.0,-1.0,-1
1.605625,1.60564,1.60561,1.60561,-1.0,-1.0,-1
1.60561,1.60562,1.60561,1.60562,-1.0,-1.0,-1
1.60562,1.60562,1.60561,1.60562,-1.0,-1.0,-1
1.60562,1.605635,1.60562,1.605625,-1.0,-1.0,-1
1.605625,1.60564,1.605625,1.60564,-1.0,-1.0,-1
1.60564,1.60564,1.605625,1.605625,-1.0,-1.0,-1
1.605625,1.605645,1.6056,1.6056,-1.0,-1.0,-1
1.6056,1.60561,1.605595,1.605595,-1.0,-1.0,-1
1.605595,1.605615,1.605595,1.605615,-1.0,-1.0,-1
1.605615,1.605615,1.605615,1.605615,-1.0,-1.0,-1
1.605615,1.605615,1.605615,1.605615,-1.0,-1.0,-1
1.605615,1.605625,1.60561,1.60562,-1.0,-1.0,-1
1.60562,1.605625,1.60559,1.605615,-1.0,-1.0,-1
1.605615,1.605615,1.60561,1.60561,-1.0,-1.0,-1
1.60561,1.60561,1.60561,1.60561,-1.0,-1.0,-1
1.60561,1.60562,1.60561,1.60562,-1.0,-1.0,-1
1.60562,1.60562,1.60561,1.60561,-1.0,-1.0,-1
1.60561,1.60561,1.60561,1.60561,-1.0,-1.0,-1
1.60561,1.605615,1.60561,1.605615,-1.0,-1.0,-1
1.605615,1.605625,1.605615,1.605615,-1.0,-1.0,-1
1.605615,1.60563,1.605615,1.605625,-1.0,-1.0,-1
1.605625,1.60563,1.605615,1.605615,-1.0,-1.0,-1
1.605615,1.605615,1.605615,1.605615,-1.0,-1.0,-1
1.605615,1.605615,1.605615,1.605615,-1.0,-1.0,-1
1.605615,1.605635,1.605615,1.60562,-1.0,-1.0,-1
1.60562,1.60562,1.60561,1.605615,-1.0,-1.0,-1
1.605615,1.605625,1.605615,1.605615,-1.0,-1.0,-1
1.605615,1.605665,1.605615,1.605665,-1.0,-1.0,-1
1.605665,1.605675,1.60565,1.60565,-1.0,-1.0,-1
1.60565,1.60567,1.60565,1.60565,-1.0,-1.0,-1
1.60565,1.60567,1.60565,1.60567,-1.0,-1.0,-1
1.60567,1.60568,1.60567,1.60568,-1.0,-1.0,-1
1.60568,1.60568,1.605675,1.605675,-1.0,-1.0,-1
1.605675,1.605675,1.605675,1.605675,-1.0,-1.0,-1
1.605675,1.605685,1.60566,1.605675,-1.0,-1.0,-1
1.605675,1.60568,1.605675,1.60568,-1.0,-1.0,-1
1.60568,1.60568,1.605675,1.605675,-1.0,-1.0,-1
1.605675,1.60569,1.605675,1.605685,-1.0,-1.0,-1
1.605685,1.60569,1.60568,1.60568,-1.0,-1.0,-1
1.60568,1.60568,1.605645,1.605645,-1.0,-1.0,-1
1.605645,1.605665,1.605645,1.605655,-1.0,-1.0,-1
1.605655,1.605655,1.605645,1.605645,-1.0,-1.0,-1
1.605645,1.6057,1.605645,1.60569,-1.0,-1.0,-1
1.60569,1.60569,1.60568,1.60568,-1.0,-1.0,-1
1.60568,1.605695,1.60568,1.60569,-1.0,-1.0,-1
1.60569,1.60569,1.60569,1.60569,-1.0,-1.0,-1
1.60569,1.60569,1.605685,1.605685,-1.0,-1.0,-1
1.605685,1.605685,1.605685,1.605685,-1.0,-1.0,-1
1.605685,1.605685,1.60566,1.605665,-1.0,-1.0,-1
1.605665,1.60568,1.60565,1.605675,-1.0,-1.0,-1
1.605675,1.60568,1.60566,1.60567,-1.0,-1.0,-1
1.60567,1.605675,1.60566,1.605675,-1.0,-1.0,-1
1.605675,1.605675,1.605675,1.605675,-1.0,-1.0,-1
1.605675,1.605685,1.605665,1.605685,-1.0,-1.0,-1
1.605685,1.605685,1.60566,1.605665,-1.0,-1.0,-1
1.605665,1.605665,1.60566,1.605665,-1.0,-1.0,-1
1.605665,1.60567,1.60566,1.60567,-1.0,-1.0,-1
1.60567,1.60567,1.60565,1.605655,-1.0,-1.0,-1
1.605655,1.60566,1.60565,1.605655,-1.0,-1.0,-1
1.605655,1.605655,1.60565,1.605655,-1.0,-1.0,-1
1.605655,1.60567,1.60565,1.605665,-1.0,-1.0,-1
1.605665,1.60568,1.60566,1.60567,-1.0,-1.0,-1
1.60567,1.60567,1.605665,1.605665,-1.0,-1.0,-1
1.605665,1.605675,1.60562,1.60566,-1.0,-1.0,-1
1.60566,1.60566,1.60565,1.60565,-1.0,-1.0,-1
1.60565,1.605665,1.60565,1.60566,-1.0,-1.0,-1
1.60566,1.60566,1.605655,1.60566,-1.0,-1.0,-1
1.60566,1.60566,1.605655,1.60566,-1.0,-1.0,-1
1.60566,1.60566,1.60564,1.60564,-1.0,-1.0,-1
1.60564,1.60566,1.60564,1.60566,-1.0,-1.0,-1
1.60566,1.605665,1.605645,1.605645,-1.0,-1.0,-1
1.605645,1.605675,1.60564,1.605675,-1.0,-1.0,-1
1.605675,1.605675,1.605665,1.60567,-1.0,-1.0,-1
1.60567,1.605685,1.60567,1.605675,-1.0,-1.0,-1
1.605675,1.605685,1.605675,1.60568,-1.0,-1.0,-1
1.60568,1.60569,1.60568,1.60568,-1.0,-1.0,-1
1.60568,1.60569,1.605675,1.60569,-1.0,-1.0,-1
1.60569,1.605695,1.60567,1.605695,-1.0,-1.0,-1
1.605695,1.605695,1.605685,1.605685,-1.0,-1.0,-1
1.605685,1.605685,1.605685,1.605685,-1.0,-1.0,-1
1.605685,1.60569,1.60568,1.60569,-1.0,-1.0,-1
1.60569,1.60569,1.60569,1.60569,-1.0,-1.0,-1
1.60569,1.60569,1.60569,1.60569,-1.0,-1.0,-1
1.60569,1.60569,1.605685,1.60569,-1.0,-1.0,-1
1.60569,1.60569,1.60569,1.60569,-1.0,-1.0,-1
1.60569,1.605695,1.605675,1.605675,-1.0,-1.0,-1
1.605675,1.605675,1.605675,1.605675,-1.0,-1.0,-1
1.605675,1.605685,1.605675,1.605685,-1.0,-1.0,-1
1.605685,1.605685,1.60568,1.60568,-1.0,-1.0,-1
1.60568,1.60568,1.605645,1.60567,-1.0,-1.0,-1
1.60567,1.605675,1.60567,1.605675,-1.0,-1.0,-1
1.605675,1.60568,1.605675,1.605675,-1.0,-1.0,-1
1.605675,1.605675,1.605675,1.605675,-1.0,-1.0,-1
1.605675,1.605675,1.6056,1.605645,-1.0,-1.0,-1
1.605645,1.605655,1.605645,1.605655,-1.0,-1.0,-1
1.605655,1.60566,1.605645,1.605655,-1.0,-1.0,-1
1.605655,1.60567,1.60565,1.60567,-1.0,-1.0,-1
1.60567,1.60567,1.60565,1.60566,-1.0,-1.0,-1
1.60566,1.60567,1.605655,1.60567,-1.0,-1.0,-1
1.60567,1.605685,1.605625,1.605625,-1.0,-1.0,-1
1.605625,1.605635,1.60562,1.60563,-1.0,-1.0,-1
1.60563,1.605635,1.60562,1.60562,-1.0,-1.0,-1
1.60562,1.605635,1.605615,1.60563,-1.0,-1.0,-1
1.60563,1.605635,1.605615,1.605615,-1.0,-1.0,-1
1.605615,1.605625,1.605615,1.605625,-1.0,-1.0,-1
1.605625,1.605635,1.605615,1.605615,-1.0,-1.0,-1
1.605615,1.605635,1.605615,1.60563,-1.0,-1.0,-1
1.60563,1.605635,1.60561,1.60561,-1.0,-1.0,-1
1.60561,1.605635,1.60561,1.60561,-1.0,-1.0,-1
1.60561,1.605615,1.60561,1.605615,-1.0,-1.0,-1
1.605615,1.605615,1.605615,1.605615,-1.0,-1.0,-1
1.605615,1.605615,1.605615,1.605615,-1.0,-1.0,-1
1.605615,1.605615,1.605615,1.605615,-1.0,-1.0,-1
1.605615,1.605615,1.605615,1.605615,-1.0,-1.0,-1
1.605615,1.60562,1.605615,1.605615,-1.0,-1.0,-1
1.605615,1.60562,1.605615,1.60562,-1.0,-1.0,-1
1.60562,1.60562,1.60562,1.60562,-1.0,-1.0,-1
1.60562,1.60562,1.60562,1.60562,-1.0,-1.0,-1
1.60562,1.605625,1.605605,1.60562,-1.0,-1.0,-1
1.60562,1.60562,1.60562,1.60562,-1.0,-1.0,-1
1.60562,1.60562,1.60562,1.60562,-1.0,-1.0,-1
1.60562,1.60562,1.605615,1.605615,-1.0,-1.0,-1
1.605615,1.605635,1.60561,1.60561,-1.0,-1.0,-1
1.60561,1.60562,1.605605,1.605605,-1.0,-1.0,-1
1.605605,1.60561,1.605605,1.605605,-1.0,-1.0,-1
1.605605,1.605625,1.605605,1.60561,-1.0,-1.0,-1
1.60561,1.60561,1.60561,1.60561,-1.0,-1.0,-1
1.60561,1.60562,1.605595,1.605595,-1.0,-1.0,-1
1.605595,1.605615,1.60559,1.6056,-1.0,-1.0,-1
1.6056,1.605615,1.605595,1.605595,-1.0,-1.0,-1
1.605595,1.60562,1.605595,1.60562,-1.0,-1.0,-1
1.60562,1.60562,1.605605,1.605605,-1.0,-1.0,-1
1.605605,1.605605,1.605545,1.60556,-1.0,-1.0,-1
1.60556,1.605575,1.605545,1.60556,-1.0,-1.0,-1
1.60556,1.60557,1.605545,1.60556,-1.0,-1.0,-1
1.60556,1.60556,1.60555,1.60555,-1.0,-1.0,-1
1.60555,1.60555,1.60553,1.60553,-1.0,-1.0,-1
1.60553,1.60556,1.60553,1.60556,-1.0,-1.0,-1
1.60556,1.60556,1.60553,1.60555,-1.0,-1.0,-1
1.60555,1.60555,1.60555,1.60555,-1.0,-1.0,-1
1.60555,1.60556,1.60555,1.60555,-1.0,-1.0,-1
1.60555,1.60556,1.60555,1.60556,-1.0,-1.0,-1
1.60556,1.60556,1.60555,1.60555,-1.0,-1.0,-1
1.60555,1.60555,1.60553,1.60553,-1.0,-1.0,-1
1.60553,1.60555,1.60553,1.60555,-1.0,-1.0,-1
1.60555,1.60555,1.60555,1.60555,-1.0,-1.0,-1
1.60555,1.60555,1.60553,1.60553,-1.0,-1.0,-1
1.60553,1.60553,1.60553,1.60553,-1.0,-1.0,-1
1.60553,1.60553,1.60553,1.60553,-1.0,-1.0,-1
1.60553,1.605555,1.60553,1.605555,-1.0,-1.0,-1
1.605555,1.605555,1.605555,1.605555,-1.0,-1.0,-1
1.605555,1.605575,1.605525,1.605535,-1.0,-1.0,-1
1.605535,1.60555,1.605535,1.60555,-1.0,-1.0,-1
1.60555,1.60556,1.60553,1.605545,-1.0,-1.0,-1
1.605545,1.60555,1.605535,1.605535,-1.0,-1.0,-1
1.605535,1.605555,1.605535,1.605535,-1.0,-1.0,-1
1.605535,1.605555,1.605535,1.605535,-1.0,-1.0,-1
1.605535,1.60555,1.60553,1.60555,-1.0,-1.0,-1
1.60555,1.60555,1.605545,1.60555,-1.0,-1.0,-1
1.60555,1.605555,1.60553,1.605535,-1.0,-1.0,-1
1.605535,1.605555,1.60553,1.60553,-1.0,-1.0,-1
1.60553,1.60556,1.60553,1.605535,-1.0,-1.0,-1
1.605535,1.60555,1.60553,1.60554,-1.0,-1.0,-1
1.60554,1.605545,1.60553,1.60553,-1.0,-1.0,-1
1.60553,1.605615,1.605515,1.605595,-1.0,-1.0,-1
1.605595,1.605595,1.605595,1.605595,-1.0,-1.0,-1
1.605595,1.605595,1.605585,1.605595,-1.0,-1.0,-1
1.605595,1.60561,1.605595,1.60561,-1.0,-1.0,-1
1.60561,1.60561,1.605595,1.605605,-1.0,-1.0,-1
1.605605,1.60562,1.6056,1.60562,-1.0,-1.0,-1
1.60562,1.60562,1.605605,1.60562,-1.0,-1.0,-1
1.60562,1.60562,1.60561,1.605615,-1.0,-1.0,-1
1.605615,1.60562,1.605605,1.605615,-1.0,-1.0,-1
1.605615,1.60562,1.605605,1.60562,-1.0,-1.0,-1
1.60562,1.60562,1.6056,1.605615,-1.0,-1.0,-1
1.605615,1.605615,1.605595,1.605595,-1.0,-1.0,-1
1.605595,1.60561,1.605595,1.605605,-1.0,-1.0,-1
1.605605,1.60561,1.605595,1.605595,-1.0,-1.0,-1
1.605595,1.60561,1.60559,1.605605,-1.0,-1.0,-1
1.605605,1.605605,1.605605,1.605605,-1.0,-1.0,-1
1.605605,1.605605,1.60557,1.60558,-1.0,-1.0,-1
1.60558,1.60559,1.60558,1.60559,-1.0,-1.0,-1
1.60559,1.605615,1.605585,1.605615,-1.0,-1.0,-1
1.605615,1.60562,1.605615,1.605615,-1.0,-1.0,-1
1.605615,1.60562,1.60555,1.605555,-1.0,-1.0,-1
1.605555,1.60558,1.605555,1.605575,-1.0,-1.0,-1
1.605575,1.605585,1.605565,1.60558,-1.0,-1.0,-1
1.60558,1.60558,1.60558,1.60558,-1.0,-1.0,-1
1.60558,1.605585,1.60557,1.60557,-1.0,-1.0,-1
1.60557,1.60557,1.60557,1.60557,-1.0,-1.0,-1
1.60557,1.60558,1.605565,1.60558,-1.0,-1.0,-1
1.60558,1.60558,1.60558,1.60558,-1.0,-1.0,-1
1.60558,1.60559,1.60558,1.60558,-1.0,-1.0,-1
1.60558,1.60559,1.60558,1.60558,-1.0,-1.0,-1
1.60558,1.60559,1.60558,1.60558,-1.0,-1.0,-1
1.60558,1.60559,1.60558,1.60559,-1.0,-1.0,-1
1.60559,1.60559,1.60559,1.60559,-1.0,-1.0,-1
1.60559,1.60559,1.60558,1.60559,-1.0,-1.0,-1
1.60559,1.605595,1.605585,1.605585,-1.0,-1.0,-1
1.605585,1.6056,1.605585,1.605585,-1.0,-1.0,-1
1.605585,1.6056,1.605585,1.605585,-1.0,-1.0,-1
1.605585,1.6056,1.605585,1.6056,-1.0,-1.0,-1
1.6056,1.6056,1.605585,1.605585,-1.0,-1.0,-1
1.605585,1.605595,1.605585,1.605585,-1.0,-1.0,-1
1.605585,1.605595,1.605585,1.605585,-1.0,-1.0,-1
1.605585,1.6056,1.605585,1.605595,-1.0,-1.0,-1
1.605595,1.6056,1.605585,1.6056,-1.0,-1.0,-1
1.6056,1.6056,1.605595,1.605595,-1.0,-1.0,-1
1.605595,1.6056,1.60559,1.6056,-1.0,-1.0,-1
1.6056,1.6056,1.6056,1.6056,-1.0,-1.0,-1
1.6056,1.6056,1.605585,1.6056,-1.0,-1.0,-1
1.6056,1.6056,1.605585,1.605585,-1.0,-1.0,-1
1.605585,1.6056,1.605585,1.6056,-1.0,-1.0,-1
1.6056,1.605605,1.605585,1.605585,-1.0,-1.0,-1
1.605585,1.6056,1.60558,1.6056,-1.0,-1.0,-1
1.6056,1.60562,1.605545,1.60556,-1.0,-1.0,-1
1.60556,1.60556,1.605555,1.605555,-1.0,-1.0,-1
1.605555,1.605565,1.605555,1.605565,-1.0,-1.0,-1
1.605565,1.605565,1.605565,1.605565,-1.0,-1.0,-1
1.605565,1.605585,1.605565,1.605585,-1.0,-1.0,-1
1.605585,1.605585,1.605585,1.605585,-1.0,-1.0,-1
1.605585,1.605585,1.605585,1.605585,-1.0,-1.0,-1
1.605585,1.605585,1.605585,1.605585,-1.0,-1.0,-1
1.605585,1.605585,1.60557,1.605575,-1.0,-1.0,-1
1.605575,1.60558,1.605565,1.60558,-1.0,-1.0,-1
1.60558,1.60558,1.605565,1.605565,-1.0,-1.0,-1
1.605565,1.605565,1.605565,1.605565,-1.0,-1.0,-1
1.605565,1.605565,1.605545,1.60556,-1.0,-1.0,-1
1.60556,1.60556,1.605545,1.60556,-1.0,-1.0,-1
1.60556,1.60556,1.605545,1.605555,-1.0,-1.0,-1
1.605555,1.605555,1.60554,1.605555,-1.0,-1.0,-1
1.605555,1.60556,1.605545,1.605545,-1.0,-1.0,-1
1.605545,1.605555,1.605545,1.605545,-1.0,-1.0,-1
1.605545,1.605545,1.605545,1.605545,-1.0,-1.0,-1
1.605545,1.60555,1.605545,1.60555,-1.0,-1.0,-1
1.60555,1.60556,1.605545,1.605545,-1.0,-1.0,-1
1.605545,1.605545,1.605545,1.605545,-1.0,-1.0,-1
1.605545,1.605565,1.605545,1.605555,-1.0,-1.0,-1
1.605555,1.605555,1.605555,1.605555,-1.0,-1.0,-1
1.605555,1.60556,1.60554,1.60556,-1.0,-1.0,-1
1.60556,1.60556,1.60554,1.60555,-1.0,-1.0,-1
1.60555,1.60558,1.60555,1.60558,-1.0,-1.0,-1
1.60558,1.60558,1.605555,1.605555,-1.0,-1.0,-1
1.605555,1.60558,1.605555,1.60558,-1.0,-1.0,-1
1.60558,1.60558,1.605565,1.605565,-1.0,-1.0,-1
1.605565,1.605565,1.60555,1.605565,-1.0,-1.0,-1
1.605565,1.605565,1.605565,1.605565,-1.0,-1.0,-1
1.605565,1.60564,1.605555,1.605615,-1.0,-1.0,-1
1.605615,1.60564,1.605615,1.605635,-1.0,-1.0,-1
1.605635,1.60564,1.605615,1.60563,-1.0,-1.0,-1
1.60563,1.605635,1.605615,1.605615,-1.0,-1.0,-1
1.605615,1.60563,1.60558,1.605585,-1.0,-1.0,-1
1.605585,1.605585,1.605585,1.605585,-1.0,-1.0,-1
1.605585,1.60559,1.605585,1.605585,-1.0,-1.0,-1
1.605585,1.605585,1.605585,1.605585,-1.0,-1.0,-1
1.605585,1.60559,1.60557,1.60559,-1.0,-1.0,-1
1.60559,1.60559,1.60559,1.60559,-1.0,-1.0,-1
1.60559,1.60559,1.60558,1.60559,-1.0,-1.0,-1
1.60559,1.60559,1.60558,1.60558,-1.0,-1.0,-1
1.60558,1.60558,1.60558,1.60558,-1.0,-1.0,-1
1.60558,1.60558,1.60558,1.60558,-1.0,-1.0,-1
1.60558,1.60558,1.60558,1.60558,-1.0,-1.0,-1
1.60558,1.60558,1.60558,1.60558,-1.0,-1.0,-1
1.60558,1.605615,1.605565,1.605585,-1.0,-1.0,-1
1.605585,1.605585,1.60556,1.60556,-1.0,-1.0,-1
1.60556,1.605585,1.60556,1.60558,-1.0,-1.0,-1
1.60558,1.605585,1.60558,1.605585,-1.0,-1.0,-1
1.605585,1.605585,1.60552,1.60554,-1.0,-1.0,-1
1.60554,1.605555,1.60554,1.60554,-1.0,-1.0,-1
1.60554,1.605555,1.60554,1.605555,-1.0,-1.0,-1
1.605555,1.605555,1.60555,1.60555,-1.0,-1.0,-1
1.60555,1.60556,1.60555,1.60556,-1.0,-1.0,-1
1.60556,1.60556,1.60555,1.60556,-1.0,-1.0,-1
1.60556,1.60556,1.60556,1.60556,-1.0,-1.0,-1
1.60556,1.60556,1.60556,1.60556,-1.0,-1.0,-1
1.60556,1.60556,1.605545,1.605545,-1.0,-1.0,-1
1.605545,1.605545,1.605545,1.605545,-1.0,-1.0,-1
1.605545,1.60556,1.605545,1.605555,-1.0,-1.0,-1
1.605555,1.60556,1.605555,1.60556,-1.0,-1.0,-1
1.60556,1.605575,1.605555,1.605575,-1.0,-1.0,-1
1.605575,1.605575,1.605555,1.605555,-1.0,-1.0,-1
1.605555,1.605555,1.605545,1.605555,-1.0,-1.0,-1
1.605555,1.605555,1.605555,1.605555,-1.0,-1.0,-1
1.605555,1.60558,1.605555,1.60558,-1.0,-1.0,-1
1.60558,1.60558,1.60558,1.60558,-1.0,-1.0,-1
1.60558,1.60558,1.60558,1.60558,-1.0,-1.0,-1
1.60558,1.60558,1.605525,1.605525,-1.0,-1.0,-1
1.605525,1.605555,1.605525,1.605555,-1.0,-1.0,-1
1.605555,1.605555,1.60552,1.60552,-1.0,-1.0,-1
1.60552,1.60553,1.60552,1.605525,-1.0,-1.0,-1
1.605525,1.605525,1.605525,1.605525,-1.0,-1.0,-1
1.605525,1.605535,1.60552,1.605535,-1.0,-1.0,-1
1.605535,1.605535,1.60552,1.605525,-1.0,-1.0,-1
1.605525,1.60553,1.605515,1.60553,-1.0,-1.0,-1
1.60553,1.60553,1.605525,1.605525,-1.0,-1.0,-1
1.605525,1.605525,1.605525,1.605525,-1.0,-1.0,-1
1.605525,1.60553,1.605525,1.60553,-1.0,-1.0,-1
1.60553,1.60553,1.60553,1.60553,-1.0,-1.0,-1
1.60553,1.605535,1.60552,1.605525,-1.0,-1.0,-1
1.605525,1.605545,1.605525,1.605545,-1.0,-1.0,-1
1.605545,1.605545,1.605535,1.605535,-1.0,-1.0,-1
1.605535,1.605535,1.605525,1.605535,-1.0,-1.0,-1
1.605535,1.605535,1.605535,1.605535,-1.0,-1.0,-1
1.605535,1.605535,1.605535,1.605535,-1.0,-1.0,-1
1.605535,1.605555,1.605525,1.605555,-1.0,-1.0,-1
1.605555,1.605555,1.60554,1.60554,-1.0,-1.0,-1
1.60554,1.605545,1.60553,1.605545,-1.0,-1.0,-1
1.605545,1.60555,1.605545,1.60555,-1.0,-1.0,-1
1.60555,1.60555,1.60554,1.60554,-1.0,-1.0,-1
1.60554,1.60554,1.605535,1.605535,-1.0,-1.0,-1
1.605535,1.605555,1.605535,1.60554,-1.0,-1.0,-1
1.60554,1.605555,1.60554,1.605545,-1.0,-1.0,-1
1.605545,1.605545,1.60554,1.60554,-1.0,-1.0,-1
1.60554,1.605555,1.605525,1.605545,-1.0,-1.0,-1
1.605545,1.605545,1.605545,1.605545,-1.0,-1.0,-1
1.605545,1.605545,1.60553,1.60554,-1.0,-1.0,-1
1.60554,1.605545,1.605525,1.605535,-1.0,-1.0,-1
1.605535,1.605535,1.60552,1.60553,-1.0,-1.0,-1
1.60553,1.6056,1.60552,1.605585,-1.0,-1.0,-1
1.605585,1.605595,1.605585,1.605595,-1.0,-1.0,-1
1.605595,1.605605,1.60559,1.605605,-1.0,-1.0,-1
1.605605,1.605605,1.60556,1.60556,-1.0,-1.0,-1
1.60556,1.605595,1.605555,1.60559,-1.0,-1.0,-1
1.60559,1.60559,1.60559,1.60559,-1.0,-1.0,-1
1.60559,1.6056,1.60559,1.60559,-1.0,-1.0,-1
1.60559,1.6056,1.60559,1.60559,-1.0,-1.0,-1
1.60559,1.60559,1.60559,1.60559,-1.0,-1.0,-1
1.60559,1.60559,1.605585,1.605585,-1.0,-1.0,-1
1.605585,1.605585,1.60556,1.60556,-1.0,-1.0,-1
1.60556,1.60558,1.60556,1.60557,-1.0,-1.0,-1
1.60557,1.60558,1.605565,1.605565,-1.0,-1.0,-1
1.605565,1.60558,1.60556,1.60557,-1.0,-1.0,-1
1.60557,1.60557,1.60557,1.60557,-1.0,-1.0,-1
1.60557,1.60557,1.60557,1.60557,-1.0,-1.0,-1
1.60557,1.605585,1.60557,1.605585,-1.0,-1.0,-1
1.605585,1.605585,1.60558,1.60558,-1.0,-1.0,-1
1.60558,1.605585,1.60558,1.605585,-1.0,-1.0,-1
1.605585,1.605585,1.605575,1.605575,-1.0,-1.0,-1
1.605575,1.605575,1.605575,1.605575,-1.0,-1.0,-1
1.605575,1.605575,1.60557,1.60557,-1.0,-1.0,-1
1.60557,1.605585,1.60557,1.605585,-1.0,-1.0,-1
1.605585,1.605585,1.605585,1.605585,-1.0,-1.0,-1
1.605585,1.605585,1.60557,1.605575,-1.0,-1.0,-1
1.605575,1.605575,1.605575,1.605575,-1.0,-1.0,-1
1.605575,1.605585,1.605555,1.605575,-1.0,-1.0,-1
1.605575,1.60561,1.605575,1.60561,-1.0,-1.0,-1
1.60561,1.60562,1.6056,1.6056,-1.0,-1.0,-1
1.6056,1.60561,1.6056,1.60561,-1.0,-1.0,-1
1.60561,1.60562,1.60561,1.60562,-1.0,-1.0,-1
1.60562,1.60562,1.605615,1.60562,-1.0,-1.0,-1
1.60562,1.60562,1.60561,1.60561,-1.0,-1.0,-1
1.60561,1.60562,1.60561,1.605615,-1.0,-1.0,-1
1.605615,1.60562,1.605605,1.605615,-1.0,-1.0,-1
1.605615,1.605615,1.605615,1.605615,-1.0,-1.0,-1
1.605615,1.605615,1.605615,1.605615,-1.0,-1.0,-1
1.605615,1.605615,1.605615,1.605615,-1.0,-1.0,-1
1.605615,1.605615,1.605615,1.605615,-1.0,-1.0,-1
1.605615,1.605615,1.60561,1.60561,-1.0,-1.0,-1
1.60561,1.60561,1.60561,1.60561,-1.0,-1.0,-1
1.60561,1.60562,1.60561,1.60562,-1.0,-1.0,-1
1.60562,1.60562,1.605585,1.605585,-1.0,-1.0,-1
1.605585,1.605585,1.605545,1.605565,-1.0,-1.0,-1
1.605565,1.605565,1.605565,1.605565,-1.0,-1.0,-1
1.605565,1.605565,1.60555,1.60555,-1.0,-1.0,-1
1.60555,1.6056,1.60555,1.605595,-1.0,-1.0,-1
1.605595,1.60561,1.60559,1.605605,-1.0,-1.0,-1
1.605605,1.60561,1.60556,1.60556,-1.0,-1.0,-1
1.60556,1.605585,1.60556,1.605585,-1.0,-1.0,-1
1.605585,1.605635,1.605585,1.60562,-1.0,-1.0,-1
1.60562,1.605635,1.605595,1.605595,-1.0,-1.0,-1
1.605595,1.605595,1.60558,1.60558,-1.0,-1.0,-1
1.60558,1.605585,1.60558,1.60558,-1.0,-1.0,-1
1.60558,1.60558,1.60558,1.60558,-1.0,-1.0,-1
1.60558,1.60558,1.605555,1.605555,-1.0,-1.0,-1
1.605555,1.605555,1.605555,1.605555,-1.0,-1.0,-1
1.605555,1.605555,1.605555,1.605555,-1.0,-1.0,-1
1.605555,1.605555,1.605525,1.605545,-1.0,-1.0,-1
1.605545,1.60555,1.605525,1.60554,-1.0,-1.0,-1
1.60554,1.60557,1.60554,1.60557,-1.0,-1.0,-1
1.60557,1.60557,1.60557,1.60557,-1.0,-1.0,-1
1.60557,1.605595,1.60557,1.605585,-1.0,-1.0,-1
1.605585,1.605585,1.605585,1.605585,-1.0,-1.0,-1
1.605585,1.605585,1.605585,1.605585,-1.0,-1.0,-1
1.605585,1.605585,1.605585,1.605585,-1.0,-1.0,-1
1.605585,1.605585,1.60555,1.60555,-1.0,-1.0,-1
1.60555,1.60555,1.60555,1.60555,-1.0,-1.0,-1
1.60555,1.60556,1.60555,1.60556,-1.0,-1.0,-1
1.60556,1.60556,1.60556,1.60556,-1.0,-1.0,-1
1.60556,1.60556,1.60556,1.60556,-1.0,-1.0,-1
1.60556,1.60556,1.60556,1.60556,-1.0,-1.0,-1
1.60556,1.60558,1.60556,1.60556,-1.0,-1.0,-1
1.60556,1.60556,1.60556,1.60556,-1.0,-1.0,-1
1.60556,1.60558,1.60556,1.60558,-1.0,-1.0,-1
1.60558,1.605585,1.605555,1.605555,-1.0,-1.0,-1
1.605555,1.605555,1.60554,1.60554,-1.0,-1.0,-1
1.60554,1.60554,1.605525,1.605525,-1.0,-1.0,-1
1.605525,1.605525,1.605525,1.605525,-1.0,-1.0,-1
1.605525,1.605525,1.605525,1.605525,-1.0,-1.0,-1
1.605525,1.60553,1.605525,1.60553,-1.0,-1.0,-1
1.60553,1.605545,1.605525,1.605545,-1.0,-1.0,-1
1.605545,1.605545,1.605545,1.605545,-1.0,-1.0,-1
1.605545,1.605545,1.605545,1.605545,-1.0,-1.0,-1
1.605545,1.605545,1.605525,1.60554,-1.0,-1.0,-1
1.60554,1.605555,1.60554,1.60554,-1.0,-1.0,-1
1.60554,1.60554,1.60554,1.60554,-1.0,-1.0,-1
1.60554,1.60554,1.60553,1.60554,-1.0,-1.0,-1
1.60554,1.605545,1.60554,1.605545,-1.0,-1.0,-1
1.605545,1.605545,1.605525,1.605545,-1.0,-1.0,-1
1.605545,1.605545,1.60552,1.60552,-1.0,-1.0,-1
1.60552,1.605535,1.60552,1.605535,-1.0,-1.0,-1
1.605535,1.60554,1.605525,1.60554,-1.0,-1.0,-1
1.60554,1.60554,1.60553,1.605535,-1.0,-1.0,-1
1.605535,1.605535,1.605525,1.605525,-1.0,-1.0,-1
1.605525,1.60554,1.605525,1.60554,-1.0,-1.0,-1
1.60554,1.605545,1.60554,1.60554,-1.0,-1.0,-1
1.60554,1.60554,1.605525,1.605525,-1.0,-1.0,-1
1.605525,1.605525,1.60552,1.605525,-1.0,-1.0,-1
1.605525,1.60555,1.605525,1.605535,-1.0,-1.0,-1
1.605535,1.60555,1.605535,1.60555,-1.0,-1.0,-1
1.60555,1.60555,1.605525,1.605525,-1.0,-1.0,-1
1.605525,1.605525,1.605525,1.605525,-1.0,-1.0,-1
1.605525,1.605525,1.6055,1.60552,-1.0,-1.0,-1
1.60552,1.60553,1.6055,1.6055,-1.0,-1.0,-1
1.6055,1.6055,1.605495,1.605495,-1.0,-1.0,-1
1.605495,1.605505,1.605495,1.605495,-1.0,-1.0,-1
1.605495,1.6055,1.605495,1.6055,-1.0,-1.0,-1
1.6055,1.6055,1.6055,1.6055,-1.0,-1.0,-1
1.6055,1.6055,1.605495,1.605495,-1.0,-1.0,-1
1.605495,1.605515,1.60545,1.60547,-1.0,-1.0,-1
1.60547,1.60547,1.605455,1.60547,-1.0,-1.0,-1
1.60547,1.60547,1.605465,1.605465,-1.0,-1.0,-1
1.605465,1.60547,1.60545,1.60545,-1.0,-1.0,-1
1.60545,1.60547,1.60545,1.60546,-1.0,-1.0,-1
1.60546,1.605475,1.60545,1.605455,-1.0,-1.0,-1
1.605455,1.605475,1.605455,1.605475,-1.0,-1.0,-1
1.605475,1.605475,1.605465,1.605465,-1.0,-1.0,-1
1.605465,1.60547,1.605465,1.60547,-1.0,-1.0,-1
1.60547,1.60547,1.60546,1.60547,-1.0,-1.0,-1
1.60547,1.605475,1.60546,1.605475,-1.0,-1.0,-1
1.605475,1.605475,1.60546,1.60547,-1.0,-1.0,-1
1.60547,1.605475,1.60547,1.60547,-1.0,-1.0,-1
1.60547,1.60548,1.60547,1.60547,-1.0,-1.0,-1
1.60547,1.60548,1.60547,1.60548,-1.0,-1.0,-1
1.60548,1.6055,1.60547,1.6055,-1.0,-1.0,-1
1.6055,1.605505,1.605485,1.6055,-1.0,-1.0,-1
1.6055,1.605535,1.605495,1.605495,-1.0,-1.0,-1
1.605495,1.60552,1.605465,1.605465,-1.0,-1.0,-1
1.605465,1.605475,1.605465,1.605475,-1.0,-1.0,-1
1.605475,1.60548,1.605465,1.605475,-1.0,-1.0,-1
1.605475,1.60548,1.60547,1.60548,-1.0,-1.0,-1
1.60548,1.60548,1.60547,1.60548,-1.0,-1.0,-1
1.60548,1.60548,1.605475,1.60548,-1.0,-1.0,-1
1.60548,1.60548,1.605475,1.605475,-1.0,-1.0,-1
1.605475,1.605495,1.605475,1.605495,-1.0,-1.0,-1
1.605495,1.605495,1.605475,1.605485,-1.0,-1.0,-1
1.605485,1.60551,1.605475,1.60551,-1.0,-1.0,-1
1.60551,1.60551,1.605475,1.605485,-1.0,-1.0,-1
1.605485,1.60549,1.605465,1.605465,-1.0,-1.0,-1
1.605465,1.605465,1.60546,1.60546,-1.0,-1.0,-1
1.60546,1.605505,1.605455,1.605505,-1.0,-1.0,-1
1.605505,1.605505,1.6055,1.6055,-1.0,-1.0,-1
1.6055,1.605525,1.605485,1.605525,-1.0,-1.0,-1
1.605525,1.60553,1.605525,1.60553,-1.0,-1.0,-1
1.60553,1.60553,1.60552,1.60552,-1.0,-1.0,-1
1.60552,1.60552,1.605505,1.605515,-1.0,-1.0,-1
1.605515,1.605515,1.60547,1.605485,-1.0,-1.0,-1
1.605485,1.605485,1.60547,1.605475,-1.0,-1.0,-1
1.605475,1.605475,1.60547,1.605475,-1.0,-1.0,-1
1.605475,1.605475,1.605465,1.605475,-1.0,-1.0,-1
1.605475,1.605475,1.60547,1.605475,-1.0,-1.0,-1
1.605475,1.60549,1.60547,1.605485,-1.0,-1.0,-1
1.605485,1.6055,1.60547,1.605485,-1.0,-1.0,-1
1.605485,1.605505,1.605475,1.6055,-1.0,-1.0,-1
1.6055,1.6055,1.6055,1.6055,-1.0,-1.0,-1
1.6055,1.6055,1.6055,1.6055,-1.0,-1.0,-1
1.6055,1.6055,1.6055,1.6055,-1.0,-1.0,-1
1.6055,1.6055,1.605495,1.605495,-1.0,-1.0,-1
1.605495,1.6055,1.605495,1.605495,-1.0,-1.0,-1
1.605495,1.60551,1.60548,1.60551,-1.0,-1.0,-1
1.60551,1.605515,1.60551,1.605515,-1.0,-1.0,-1
1.605515,1.605525,1.60551,1.60552,-1.0,-1.0,-1
1.60552,1.60552,1.605505,1.605505,-1.0,-1.0,-1
1.605505,1.60551,1.605505,1.60551,-1.0,-1.0,-1
1.60551,1.60551,1.60551,1.60551,-1.0,-1.0,-1
1.60551,1.605535,1.6055,1.60552,-1.0,-1.0,-1
1.60552,1.60552,1.605515,1.605515,-1.0,-1.0,-1
1.605515,1.60553,1.605515,1.60553,-1.0,-1.0,-1
1.60553,1.60553,1.605525,1.605525,-1.0,-1.0,-1
1.605525,1.605535,1.60551,1.60552,-1.0,-1.0,-1
1.60552,1.605535,1.60552,1.60553,-1.0,-1.0,-1
1.60553,1.605545,1.60553,1.605535,-1.0,-1.0,-1
1.605535,1.60554,1.605525,1.60553,-1.0,-1.0,-1
1.60553,1.605535,1.605525,1.605525,-1.0,-1.0,-1
1.605525,1.605525,1.605525,1.605525,-1.0,-1.0,-1
1.605525,1.605525,1.60552,1.605525,-1.0,-1.0,-1
1.605525,1.605525,1.605525,1.605525,-1.0,-1.0,-1
1.605525,1.605525,1.60552,1.605525,-1.0,-1.0,-1
1.605525,1.605525,1.605515,1.60552,-1.0,-1.0,-1
1.60552,1.60552,1.6055,1.6055,-1.0,-1.0,-1
1.6055,1.605515,1.6055,1.605515,-1.0,-1.0,-1
1.605515,1.605515,1.60551,1.60551,-1.0,-1.0,-1
1.60551,1.60551,1.605495,1.605505,-1.0,-1.0,-1
1.605505,1.60551,1.6055,1.605505,-1.0,-1.0,-1
1.605505,1.605515,1.605505,1.605515,-1.0,-1.0,-1
1.605515,1.605515,1.605515,1.605515,-1.0,-1.0,-1
1.605515,1.60552,1.605505,1.60551,-1.0,-1.0,-1
1.60551,1.60551,1.6055,1.605505,-1.0,-1.0,-1
1.605505,1.605515,1.605505,1.60551,-1.0,-1.0,-1
1.60551,1.605515,1.605505,1.60551,-1.0,-1.0,-1
1.60551,1.60552,1.6055,1.60551,-1.0,-1.0,-1
1.60551,1.60551,1.6055,1.60551,-1.0,-1.0,-1
1.60551,1.60551,1.605505,1.60551,-1.0,-1.0,-1
1.60551,1.605515,1.605505,1.605515,-1.0,-1.0,-1
1.605515,1.605515,1.60551,1.60551,-1.0,-1.0,-1
1.60551,1.60551,1.6055,1.605505,-1.0,-1.0,-1
1.605505,1.605505,1.60549,1.6055,-1.0,-1.0,-1
1.6055,1.60551,1.6055,1.60551,-1.0,-1.0,-1
1.60551,1.60551,1.605505,1.60551,-1.0,-1.0,-1
1.60551,1.605515,1.605505,1.605515,-1.0,-1.0,-1
1.605515,1.605515,1.605515,1.605515,-1.0,-1.0,-1
1.605515,1.605515,1.605515,1.605515,-1.0,-1.0,-1
1.605515,1.605515,1.6055,1.605515,-1.0,-1.0,-1
1.605515,1.605515,1.605515,1.605515,-1.0,-1.0,-1
1.605515,1.605515,1.60551,1.605515,-1.0,-1.0,-1
1.605515,1.60552,1.605505,1.605505,-1.0,-1.0,-1
1.605505,1.60552,1.605505,1.605505,-1.0,-1.0,-1
1.605505,1.60552,1.605505,1.60552,-1.0,-1.0,-1
1.60552,1.60552,1.605495,1.60551,-1.0,-1.0,-1
1.60551,1.60551,1.605495,1.60551,-1.0,-1.0,-1
1.60551,1.60551,1.605495,1.605505,-1.0,-1.0,-1
1.605505,1.60551,1.605495,1.605505,-1.0,-1.0,-1
1.605505,1.60552,1.605505,1.60552,-1.0,-1.0,-1
1.60552,1.60552,1.60549,1.60549,-1.0,-1.0,-1
1.60549,1.605495,1.60549,1.605495,-1.0,-1.0,-1
1.605495,1.605505,1.605495,1.605505,-1.0,-1.0,-1
1.605505,1.605515,1.60546,1.60546,-1.0,-1.0,-1
1.60546,1.605475,1.60546,1.605475,-1.0,-1.0,-1
1.605475,1.60548,1.60547,1.60548,-1.0,-1.0,-1
1.60548,1.60548,1.605475,1.60548,-1.0,-1.0,-1
1.60548,1.60548,1.605475,1.60548,-1.0,-1.0,-1
1.60548,1.60549,1.605475,1.605475,-1.0,-1.0,-1
1.605475,1.605475,1.60547,1.60547,-1.0,-1.0,-1
1.60547,1.60549,1.60547,1.60549,-1.0,-1.0,-1
1.60549,1.605545,1.60549,1.605525,-1.0,-1.0,-1
1.605525,1.605535,1.605525,1.60553,-1.0,-1.0,-1
1.60553,1.60553,1.605525,1.60553,-1.0,-1.0,-1
1.60553,1.60554,1.60552,1.60554,-1.0,-1.0,-1
1.60554,1.60554,1.60552,1.60552,-1.0,-1.0,-1
1.60552,1.605525,1.60552,1.605525,-1.0,-1.0,-1
1.605525,1.605535,1.605525,1.605535,-1.0,-1.0,-1
1.605535,1.605535,1.60552,1.605525,-1.0,-1.0,-1
1.605525,1.605525,1.605525,1.605525,-1.0,-1.0,-1
1.605525,1.605525,1.605525,1.605525,-1.0,-1.0,-1
1.605525,1.605525,1.60552,1.605525,-1.0,-1.0,-1
1.605525,1.605525,1.605525,1.605525,-1.0,-1.0,-1
1.605525,1.605525,1.60552,1.605525,-1.0,-1.0,-1
1.605525,1.605525,1.605525,1.605525,-1.0,-1.0,-1
1.605525,1.605525,1.605525,1.605525,-1.0,-1.0,-1
1.605525,1.605545,1.605525,1.605525,-1.0,-1.0,-1
1.605525,1.60556,1.605525,1.60555,-1.0,-1.0,-1
1.60555,1.605555,1.605535,1.605545,-1.0,-1.0,-1
1.605545,1.60555,1.6055,1.6055,-1.0,-1.0,-1
1.6055,1.60552,1.6055,1.605505,-1.0,-1.0,-1
1.605505,1.60551,1.6055,1.60551,-1.0,-1.0,-1
1.60551,1.605515,1.605505,1.60551,-1.0,-1.0,-1
1.60551,1.605515,1.605505,1.605515,-1.0,-1.0,-1
1.605515,1.605515,1.60551,1.60551,-1.0,-1.0,-1
1.60551,1.60551,1.60551,1.60551,-1.0,-1.0,-1
1.60551,1.605545,1.605505,1.605535,-1.0,-1.0,-1
1.605535,1.605535,1.605535,1.605535,-1.0,-1.0,-1
1.605535,1.605535,1.605535,1.605535,-1.0,-1.0,-1
1.605535,1.60555,1.605525,1.60555,-1.0,-1.0,-1
1.60555,1.60555,1.60554,1.60555,-1.0,-1.0,-1
1.60555,1.60556,1.605535,1.60556,-1.0,-1.0,-1
1.60556,1.605565,1.605545,1.60556,-1.0,-1.0,-1
1.60556,1.605565,1.605535,1.605555,-1.0,-1.0,-1
1.605555,1.605555,1.605535,1.605535,-1.0,-1.0,-1
1.605535,1.605535,1.605535,1.605535,-1.0,-1.0,-1
1.605535,1.605535,1.605535,1.605535,-1.0,-1.0,-1
1.605535,1.605555,1.605535,1.605545,-1.0,-1.0,-1
1.605545,1.60555,1.605535,1.605535,-1.0,-1.0,-1
1.605535,1.60555,1.605525,1.60554,-1.0,-1.0,-1
1.60554,1.60555,1.60554,1.60554,-1.0,-1.0,-1
1.60554,1.60555,1.605535,1.605545,-1.0,-1.0,-1
1.605545,1.60555,1.60554,1.60554,-1.0,-1.0,-1
1.60554,1.605545,1.60554,1.60554,-1.0,-1.0,-1
1.60554,1.60555,1.60554,1.605545,-1.0,-1.0,-1
1.605545,1.605555,1.605545,1.605555,-1.0,-1.0,-1
1.605555,1.605575,1.605495,1.60551,-1.0,-1.0,-1
1.60551,1.60552,1.605505,1.60552,-1.0,-1.0,-1
1.60552,1.60552,1.605505,1.605505,-1.0,-1.0,-1
1.605505,1.60551,1.605505,1.60551,-1.0,-1.0,-1
1.60551,1.60551,1.6055,1.605505,-1.0,-1.0,-1
1.605505,1.605525,1.605505,1.605525,-1.0,-1.0,-1
1.605525,1.605525,1.60551,1.60551,-1.0,-1.0,-1
1.60551,1.60553,1.60551,1.605525,-1.0,-1.0,-1
1.605525,1.605525,1.605525,1.605525,-1.0,-1.0,-1
1.605525,1.605525,1.605525,1.605525,-1.0,-1.0,-1
1.605525,1.60553,1.605525,1.60553,-1.0,-1.0,-1
1.60553,1.605535,1.60553,1.605535,-1.0,-1.0,-1
1.605535,1.605535,1.605535,1.605535,-1.0,-1.0,-1
1.605535,1.605535,1.605525,1.60553,-1.0,-1.0,-1
1.60553,1.60553,1.60552,1.60553,-1.0,-1.0,-1
1.60553,1.60553,1.60552,1.605525,-1.0,-1.0,-1
1.605525,1.605525,1.6055,1.60552,-1.0,-1.0,-1
1.60552,1.60552,1.605485,1.6055,-1.0,-1.0,-1
1.6055,1.6055,1.60549,1.60549,-1.0,-1.0,-1
1.60549,1.60551,1.60549,1.6055,-1.0,-1.0,-1
1.6055,1.60551,1.6055,1.60551,-1.0,-1.0,-1
1.60551,1.605515,1.605505,1.605515,-1.0,-1.0,-1
1.605515,1.605515,1.605485,1.605495,-1.0,-1.0,-1
1.605495,1.6055,1.60548,1.6055,-1.0,-1.0,-1
1.6055,1.605505,1.605485,1.605505,-1.0,-1.0,-1
1.605505,1.60552,1.6055,1.605515,-1.0,-1.0,-1
1.605515,1.605515,1.6055,1.6055,-1.0,-1.0,-1
1.6055,1.605555,1.60549,1.60553,-1.0,-1.0,-1
1.60553,1.60555,1.605525,1.605525,-1.0,-1.0,-1
1.605525,1.60553,1.605505,1.605525,-1.0,-1.0,-1
1.605525,1.605525,1.60552,1.605525,-1.0,-1.0,-1
1.605525,1.605525,1.605515,1.605515,-1.0,-1.0,-1
1.605515,1.605525,1.605505,1.605515,-1.0,-1.0,-1
1.605515,1.60552,1.605505,1.60552,-1.0,-1.0,-1
1.60552,1.60553,1.605495,1.605495,-1.0,-1.0,-1
1.605495,1.60552,1.605495,1.605515,-1.0,-1.0,-1
1.605515,1.60552,1.605515,1.60552,-1.0,-1.0,-1
1.60552,1.605535,1.60552,1.605535,-1.0,-1.0,-1
1.605535,1.605545,1.605535,1.605535,-1.0,-1.0,-1
1.605535,1.605535,1.60552,1.60553,-1.0,-1.0,-1
1.60553,1.605545,1.60553,1.60554,-1.0,-1.0,-1
1.60554,1.60555,1.60554,1.60555,-1.0,-1.0,-1
1.60555,1.605575,1.60555,1.605575,-1.0,-1.0,-1
1.605575,1.60558,1.60557,1.605575,-1.0,-1.0,-1
1.605575,1.605575,1.605565,1.605575,-1.0,-1.0,-1
1.605575,1.605575,1.60556,1.60557,-1.0,-1.0,-1
1.60557,1.6056,1.605565,1.605575,-1.0,-1.0,-1
1.605575,1.605575,1.605575,1.605575,-1.0,-1.0,-1
1.605575,1.6056,1.605555,1.605555,-1.0,-1.0,-1
1.605555,1.605555,1.60554,1.60554,-1.0,-1.0,-1
1.60554,1.605545,1.605535,1.605535,-1.0,-1.0,-1
1.605535,1.605545,1.605535,1.605535,-1.0,-1.0,-1
1.605535,1.605535,1.60553,1.605535,-1.0,-1.0,-1
1.605535,1.605535,1.60553,1.605535,-1.0,-1.0,-1
1.605535,1.605535,1.60553,1.605535,-1.0,-1.0,-1
1.605535,1.605565,1.60553,1.60556,-1.0,-1.0,-1
1.60556,1.60556,1.60556,1.60556,-1.0,-1.0,-1
1.60556,1.605575,1.605555,1.605555,-1.0,-1.0,-1
1.605555,1.605575,1.605535,1.605535,-1.0,-1.0,-1
1.605535,1.605545,1.605535,1.605535,-1.0,-1.0,-1
1.605535,1.605535,1.605535,1.605535,-1.0,-1.0,-1
1.605535,1.60555,1.60553,1.605535,-1.0,-1.0,-1
1.605535,1.605545,1.60553,1.60553,-1.0,-1.0,-1
1.60553,1.605555,1.605525,1.605555,-1.0,-1.0,-1
1.605555,1.60556,1.605545,1.60556,-1.0,-1.0,-1
1.60556,1.60556,1.605535,1.605535,-1.0,-1.0,-1
1.605535,1.605545,1.605535,1.60554,-1.0,-1.0,-1
1.60554,1.605545,1.60553,1.60554,-1.0,-1.0,-1
1.60554,1.605545,1.60553,1.60554,-1.0,-1.0,-1
1.60554,1.605555,1.60554,1.605545,-1.0,-1.0,-1
1.605545,1.605555,1.60554,1.605545,-1.0,-1.0,-1
1.605545,1.605575,1.605545,1.605545,-1.0,-1.0,-1
1.605545,1.60555,1.605545,1.605545,-1.0,-1.0,-1
1.605545,1.605555,1.605545,1.605555,-1.0,-1.0,-1
1.605555,1.605555,1.60554,1.60554,-1.0,-1.0,-1
1.60554,1.60555,1.60554,1.60554,-1.0,-1.0,-1
1.60554,1.60555,1.605505,1.605505,-1.0,-1.0,-1
1.605505,1.605515,1.605505,1.605505,-1.0,-1.0,-1
1.605505,1.60551,1.605505,1.605505,-1.0,-1.0,-1
1.605505,1.60554,1.605505,1.605535,-1.0,-1.0,-1
1.605535,1.605555,1.60553,1.605555,-1.0,-1.0,-1
1.605555,1.605555,1.60555,1.60555,-1.0,-1.0,-1
1.60555,1.605555,1.60555,1.605555,-1.0,-1.0,-1
1.605555,1.605555,1.60555,1.60555,-1.0,-1.0,-1
1.60555,1.60556,1.60555,1.60556,-1.0,-1.0,-1
1.60556,1.60556,1.60556,1.60556,-1.0,-1.0,-1
1.60556,1.60556,1.60556,1.60556,-1.0,-1.0,-1
1.60556,1.60556,1.60556,1.60556,-1.0,-1.0,-1
1.60556,1.60556,1.60556,1.60556,-1.0,-1.0,-1
1.60556,1.60556,1.60556,1.60556,-1.0,-1.0,-1
1.60556,1.60556,1.60556,1.60556,-1.0,-1.0,-1
1.60556,1.60556,1.605555,1.605555,-1.0,-1.0,-1
1.605555,1.60557,1.605555,1.60557,-1.0,-1.0,-1
1.60557,1.60557,1.605555,1.60556,-1.0,-1.0,-1
1.60556,1.60557,1.60556,1.60557,-1.0,-1.0,-1
1.60557,1.60557,1.60556,1.60557,-1.0,-1.0,-1
1.60557,1.60557,1.60556,1.60557,-1.0,-1.0,-1
1.60557,1.605575,1.60556,1.60557,-1.0,-1.0,-1
1.60557,1.605575,1.605565,1.60557,-1.0,-1.0,-1
1.60557,1.60557,1.605565,1.60557,-1.0,-1.0,-1
1.60557,1.605575,1.605565,1.60557,-1.0,-1.0,-1
1.60557,1.60557,1.605555,1.605565,-1.0,-1.0,-1
1.605565,1.605575,1.605555,1.60557,-1.0,-1.0,-1
1.60557,1.60557,1.605565,1.60557,-1.0,-1.0,-1
1.60557,1.60558,1.60556,1.60557,-1.0,-1.0,-1
1.60557,1.605575,1.60556,1.605575,-1.0,-1.0,-1
1.605575,1.605575,1.60556,1.60557,-1.0,-1.0,-1
1.60557,1.605575,1.605565,1.605575,-1.0,-1.0,-1
1.605575,1.60561,1.605555,1.60561,-1.0,-1.0,-1
1.60561,1.605625,1.60561,1.605615,-1.0,-1.0,-1
1.605615,1.605625,1.60561,1.605625,-1.0,-1.0,-1
1.605625,1.605625,1.605625,1.605625,-1.0,-1.0,-1
1.605625,1.605625,1.605625,1.605625,-1.0,-1.0,-1
1.605625,1.605625,1.60562,1.60562,-1.0,-1.0,-1
1.60562,1.60562,1.605615,1.60562,-1.0,-1.0,-1
1.60562,1.60562,1.605555,1.605555,-1.0,-1.0,-1
1.605555,1.60556,1.605555,1.60556,-1.0,-1.0,-1
1.60556,1.60556,1.60556,1.60556,-1.0,-1.0,-1
1.60556,1.60557,1.60556,1.60556,-1.0,-1.0,-1
1.60556,1.60556,1.60555,1.60555,-1.0,-1.0,-1
1.60555,1.605565,1.60555,1.605555,-1.0,-1.0,-1
1.605555,1.605565,1.605555,1.60556,-1.0,-1.0,-1
1.60556,1.60556,1.60555,1.60555,-1.0,-1.0,-1
1.60555,1.605555,1.60555,1.605555,-1.0,-1.0,-1
1.605555,1.60556,1.605555,1.605555,-1.0,-1.0,-1
1.605555,1.605565,1.60555,1.60555,-1.0,-1.0,-1
1.60555,1.60556,1.60555,1.605555,-1.0,-1.0,-1
1.605555,1.60556,1.605555,1.60556,-1.0,-1.0,-1
1.60556,1.60556,1.60556,1.60556,-1.0,-1.0,-1
1.60556,1.60556,1.605555,1.605555,-1.0,-1.0,-1
1.605555,1.60556,1.605555,1.60556,-1.0,-1.0,-1
1.60556,1.60556,1.605555,1.60556,-1.0,-1.0,-1
1.60556,1.60556,1.605555,1.605555,-1.0,-1.0,-1
1.605555,1.605555,1.60554,1.605555,-1.0,-1.0,-1
1.605555,1.60556,1.605555,1.60556,-1.0,-1.0,-1
1.60556,1.60556,1.60556,1.60556,-1.0,-1.0,-1
1.60556,1.60556,1.60555,1.605555,-1.0,-1.0,-1
1.605555,1.60558,1.60554,1.605545,-1.0,-1.0,-1
1.605545,1.60555,1.60552,1.60555,-1.0,-1.0,-1
1.60555,1.605565,1.605545,1.605565,-1.0,-1.0,-1
1.605565,1.605565,1.60555,1.605555,-1.0,-1.0,-1
1.605555,1.605555,1.60555,1.60555,-1.0,-1.0,-1
1.60555,1.605565,1.60555,1.60556,-1.0,-1.0,-1
1.60556,1.60556,1.605505,1.60552,-1.0,-1.0,-1
1.60552,1.605525,1.605505,1.605525,-1.0,-1.0,-1
1.605525,1.60553,1.605505,1.605505,-1.0,-1.0,-1
1.605505,1.605505,1.6055,1.6055,-1.0,-1.0,-1
1.6055,1.6055,1.605495,1.605495,-1.0,-1.0,-1
1.605495,1.605505,1.605495,1.6055,-1.0,-1.0,-1
1.6055,1.605505,1.605495,1.605505,-1.0,-1.0,-1
1.605505,1.605505,1.605495,1.605505,-1.0,-1.0,-1
1.605505,1.605515,1.605495,1.605515,-1.0,-1.0,-1
1.605515,1.60552,1.605505,1.60552,-1.0,-1.0,-1
1.60552,1.60553,1.605485,1.6055,-1.0,-1.0,-1
1.6055,1.60551,1.605495,1.605505,-1.0,-1.0,-1
1.605505,1.60551,1.605495,1.605505,-1.0,-1.0,-1
1.605505,1.605515,1.605505,1.605515,-1.0,-1.0,-1
1.605515,1.60552,1.60551,1.60552,-1.0,-1.0,-1
1.60552,1.605525,1.605515,1.605515,-1.0,-1.0,-1
1.605515,1.605515,1.605505,1.605505,-1.0,-1.0,-1
1.605505,1.605515,1.605505,1.605515,-1.0,-1.0,-1
1.605515,1.605525,1.605515,1.60552,-1.0,-1.0,-1
1.60552,1.60553,1.60551,1.60552,-1.0,-1.0,-1
1.60552,1.605525,1.60552,1.605525,-1.0,-1.0,-1
1.605525,1.605525,1.6055,1.60551,-1.0,-1.0,-1
1.60551,1.605515,1.6055,1.605515,-1.0,-1.0,-1
1.605515,1.605535,1.605515,1.605515,-1.0,-1.0,-1
1.605515,1.60552,1.60551,1.60551,-1.0,-1.0,-1
1.60551,1.605515,1.6055,1.605505,-1.0,-1.0,-1
1.605505,1.605505,1.605475,1.605485,-1.0,-1.0,-1
1.605485,1.60549,1.60548,1.605485,-1.0,-1.0,-1
1.605485,1.60549,1.605475,1.605475,-1.0,-1.0,-1
1.605475,1.60549,1.605475,1.605485,-1.0,-1.0,-1
1.605485,1.60549,1.605475,1.60548,-1.0,-1.0,-1
1.60548,1.60549,1.60548,1.60549,-1.0,-1.0,-1
1.60549,1.60549,1.60548,1.60549,-1.0,-1.0,-1
1.60549,1.60549,1.60548,1.605485,-1.0,-1.0,-1
1.605485,1.605485,1.605475,1.605485,-1.0,-1.0,-1
1.605485,1.60549,1.60548,1.605485,-1.0,-1.0,-1
1.605485,1.60549,1.60548,1.605485,-1.0,-1.0,-1
1.605485,1.60549,1.60548,1.60549,-1.0,-1.0,-1
1.60549,1.605525,1.605475,1.605495,-1.0,-1.0,-1
1.605495,1.60551,1.605495,1.6055,-1.0,-1.0,-1
1.6055,1.605515,1.605495,1.6055,-1.0,-1.0,-1
1.6055,1.6055,1.60549,1.60549,-1.0,-1.0,-1
1.60549,1.6055,1.60549,1.60549,-1.0,-1.0,-1
1.60549,1.605495,1.60549,1.60549,-1.0,-1.0,-1
1.60549,1.605495,1.60549,1.605495,-1.0,-1.0,-1
1.605495,1.6055,1.60549,1.60549,-1.0,-1.0,-1
1.60549,1.605495,1.60549,1.60549,-1.0,-1.0,-1
1.60549,1.605495,1.60549,1.605495,-1.0,-1.0,-1
1.605495,1.605505,1.60548,1.605495,-1.0,-1.0,-1
1.605495,1.6055,1.60549,1.605495,-1.0,-1.0,-1
1.605495,1.6055,1.605435,1.605475,-1.0,-1.0,-1
1.605475,1.605505,1.60544,1.605445,-1.0,-1.0,-1
1.605445,1.60551,1.60544,1.605475,-1.0,-1.0,-1
1.605475,1.60551,1.60547,1.60548,-1.0,-1.0,-1
1.60548,1.605555,1.60548,1.605535,-1.0,-1.0,-1
1.605535,1.605555,1.605525,1.605545,-1.0,-1.0,-1
1.605545,1.6056,1.60554,1.60558,-1.0,-1.0,-1
1.60558,1.605595,1.60555,1.60557,-1.0,-1.0,-1
1.60557,1.6056,1.60556,1.605565,-1.0,-1.0,-1
1.605565,1.60561,1.605555,1.605595,-1.0,-1.0,-1
1.605595,1.605655,1.605595,1.605635,-1.0,-1.0,-1
1.605635,1.605665,1.605615,1.605655,-1.0,-1.0,-1
1.605655,1.605695,1.605645,1.60569,-1.0,-1.0,-1
1.60569,1.6057,1.60568,1.60569,-1.0,-1.0,-1
1.60569,1.6057,1.60569,1.60569,-1.0,-1.0,-1
1.60569,1.605715,1.60569,1.605715,-1.0,-1.0,-1
1.605715,1.60573,1.60569,1.6057,-1.0,-1.0,-1
1.6057,1.605705,1.6057,1.605705,-1.0,-1.0,-1
1.605705,1.605725,1.60568,1.605705,-1.0,-1.0,-1
1.605705,1.60573,1.605695,1.605715,-1.0,-1.0,-1
1.605715,1.60572,1.605695,1.605705,-1.0,-1.0,-1
1.605705,1.605715,1.605695,1.6057,-1.0,-1.0,-1
1.6057,1.605705,1.60568,1.605695,-1.0,-1.0,-1
1.605695,1.6057,1.60566,1.60568,-1.0,-1.0,-1
1.60568,1.6057,1.605675,1.605695,-1.0,-1.0,-1
1.605695,1.605695,1.605675,1.605685,-1.0,-1.0,-1
1.605685,1.60569,1.60566,1.60566,-1.0,-1.0,-1
1.60566,1.605685,1.60563,1.605635,-1.0,-1.0,-1
1.605635,1.60565,1.60562,1.60565,-1.0,-1.0,-1
1.60565,1.605655,1.605635,1.60565,-1.0,-1.0,-1
1.60565,1.60566,1.605645,1.60565,-1.0,-1.0,-1
1.60565,1.60569,1.60565,1.605665,-1.0,-1.0,-1
1.605665,1.60567,1.6056,1.605615,-1.0,-1.0,-1
1.605615,1.60562,1.6056,1.60562,-1.0,-1.0,-1
1.60562,1.605625,1.6056,1.6056,-1.0,-1.0,-1
1.6056,1.60563,1.6056,1.605615,-1.0,-1.0,-1
1.605615,1.605675,1.60561,1.60566,-1.0,-1.0,-1
1.60566,1.605675,1.60564,1.605655,-1.0,-1.0,-1
1.605655,1.60567,1.60564,1.60565,-1.0,-1.0,-1
1.60565,1.60567,1.605645,1.605655,-1.0,-1.0,-1
1.605655,1.60567,1.60565,1.605655,-1.0,-1.0,-1
1.605655,1.60566,1.60556,1.605565,-1.0,-1.0,-1
1.605565,1.60559,1.60555,1.605575,-1.0,-1.0,-1
1.605575,1.605585,1.60556,1.60558,-1.0,-1.0,-1
1.60558,1.605625,1.60557,1.60561,-1.0,-1.0,-1
1.60561,1.60561,1.60552,1.605545,-1.0,-1.0,-1
1.605545,1.605555,1.60552,1.605525,-1.0,-1.0,-1
1.605525,1.605535,1.60551,1.60551,-1.0,-1.0,-1
1.60551,1.605515,1.6055,1.60551,-1.0,-1.0,-1
1.60551,1.60551,1.60549,1.60551,-1.0,-1.0,-1
1.60551,1.605515,1.60549,1.60549,-1.0,-1.0,-1
1.60549,1.60555,1.60549,1.60555,-1.0,-1.0,-1
1.60555,1.605555,1.605515,1.605535,-1.0,-1.0,-1
1.605535,1.605535,1.60551,1.605535,-1.0,-1.0,-1
1.605535,1.605555,1.605515,1.605545,-1.0,-1.0,-1
1.605545,1.6056,1.605545,1.6056,-1.0,-1.0,-1
1.6056,1.605605,1.6056,1.6056,-1.0,-1.0,-1
1.6056,1.605605,1.605595,1.605605,-1.0,-1.0,-1
1.605605,1.605605,1.605585,1.6056,-1.0,-1.0,-1
1.6056,1.605615,1.60558,1.60561,-1.0,-1.0,-1
1.60561,1.60563,1.60556,1.605595,-1.0,-1.0,-1
1.605595,1.60563,1.605595,1.605605,-1.0,-1.0,-1
1.605605,1.605625,1.6056,1.605605,-1.0,-1.0,-1
1.605605,1.605625,1.605595,1.605605,-1.0,-1.0,-1
1.605605,1.605625,1.605605,1.605605,-1.0,-1.0,-1
1.605605,1.60565,1.605605,1.60561,-1.0,-1.0,-1
1.60561,1.605675,1.6056,1.605675,-1.0,-1.0,-1
1.605675,1.605675,1.605605,1.60561,-1.0,-1.0,-1
1.60561,1.60567,1.605605,1.60566,-1.0,-1.0,-1
1.60566,1.60568,1.605615,1.60563,-1.0,-1.0,-1
1.60563,1.60563,1.6056,1.60561,-1.0,-1.0,-1
1.60561,1.60562,1.60559,1.60561,-1.0,-1.0,-1
1.60561,1.605615,1.605595,1.605615,-1.0,-1.0,-1
1.605615,1.60562,1.605615,1.60562,-1.0,-1.0,-1
1.60562,1.605635,1.605615,1.60562,-1.0,-1.0,-1
1.60562,1.605635,1.60561,1.60563,-1.0,-1.0,-1
1.60563,1.60565,1.605615,1.605625,-1.0,-1.0,-1
1.605625,1.60566,1.605605,1.60566,-1.0,-1.0,-1
1.60566,1.605685,1.60563,1.605665,-1.0,-1.0,-1
1.605665,1.60567,1.60565,1.605655,-1.0,-1.0,-1
1.605655,1.605665,1.605645,1.605655,-1.0,-1.0,-1
1.605655,1.605665,1.605635,1.60564,-1.0,-1.0,-1
1.60564,1.60566,1.60564,1.60566,-1.0,-1.0,-1
1.60566,1.60568,1.60565,1.60566,-1.0,-1.0,-1
1.60566,1.605675,1.60565,1.60566,-1.0,-1.0,-1
1.60566,1.605665,1.605645,1.60566,-1.0,-1.0,-1
1.60566,1.60566,1.605645,1.605645,-1.0,-1.0,-1
1.605645,1.60566,1.605615,1.60562,-1.0,-1.0,-1
1.60562,1.60563,1.60562,1.60563,-1.0,-1.0,-1
1.60563,1.605655,1.60561,1.605655,-1.0,-1.0,-1
1.605655,1.605655,1.60563,1.605635,-1.0,-1.0,-1
1.605635,1.605635,1.605615,1.60562,-1.0,-1.0,-1
1.60562,1.60564,1.605615,1.605635,-1.0,-1.0,-1
1.605635,1.60564,1.605625,1.605625,-1.0,-1.0,-1
1.605625,1.605655,1.6056,1.605655,-1.0,-1.0,-1
1.605655,1.605665,1.605645,1.60565,-1.0,-1.0,-1
1.60565,1.60566,1.60564,1.60565,-1.0,-1.0,-1
1.60565,1.60565,1.60562,1.60564,-1.0,-1.0,-1
1.60564,1.60566,1.60564,1.60566,-1.0,-1.0,-1
1.60566,1.605665,1.60565,1.60565,-1.0,-1.0,-1
1.60565,1.605675,1.60565,1.60565,-1.0,-1.0,-1
1.60565,1.605685,1.60565,1.605685,-1.0,-1.0,-1
1.605685,1.605685,1.60567,1.60567,-1.0,-1.0,-1
1.60567,1.605675,1.60566,1.60567,-1.0,-1.0,-1
1.60567,1.605675,1.605655,1.60567,-1.0,-1.0,-1
1.60567,1.605675,1.605655,1.60567,-1.0,-1.0,-1
1.60567,1.605685,1.60566,1.605665,-1.0,-1.0,-1
1.605665,1.605675,1.605655,1.60567,-1.0,-1.0,-1
1.60567,1.605675,1.605655,1.605665,-1.0,-1.0,-1
1.605665,1.60568,1.605645,1.605675,-1.0,-1.0,-1
1.605675,1.60568,1.605665,1.60568,-1.0,-1.0,-1
1.60568,1.6057,1.605675,1.6057,-1.0,-1.0,-1
1.6057,1.60571,1.60569,1.60569,-1.0,-1.0,-1
1.60569,1.60571,1.605685,1.60569,-1.0,-1.0,-1
1.60569,1.60569,1.605665,1.60568,-1.0,-1.0,-1
1.60568,1.60568,1.605675,1.605675,-1.0,-1.0,-1
1.605675,1.605675,1.605675,1.605675,-1.0,-1.0,-1
1.605675,1.605675,1.605675,1.605675,-1.0,-1.0,-1
1.605675,1.605735,1.605675,1.60573,-1.0,-1.0,-1
1.60573,1.60574,1.605725,1.60574,-1.0,-1.0,-1
1.60574,1.60574,1.605705,1.605725,-1.0,-1.0,-1
1.605725,1.60574,1.605725,1.605725,-1.0,-1.0,-1
1.605725,1.60575,1.60571,1.60575,-1.0,-1.0,-1
1.60575,1.605755,1.605735,1.605755,-1.0,-1.0,-1
1.605755,1.605755,1.60574,1.605745,-1.0,-1.0,-1
1.605745,1.605755,1.605745,1.605755,-1.0,-1.0,-1
1.605755,1.60576,1.605735,1.60575,-1.0,-1.0,-1
1.60575,1.60575,1.605735,1.605745,-1.0,-1.0,-1
1.605745,1.60575,1.605705,1.60571,-1.0,-1.0,-1
1.60571,1.60572,1.6057,1.605705,-1.0,-1.0,-1
1.605705,1.60572,1.6057,1.60571,-1.0,-1.0,-1
1.60571,1.605725,1.60571,1.60572,-1.0,-1.0,-1
1.60572,1.60575,1.605705,1.60575,-1.0,-1.0,-1
1.60575,1.60576,1.605745,1.60576,-1.0,-1.0,-1
1.60576,1.60576,1.605735,1.60575,-1.0,-1.0,-1
1.60575,1.60575,1.6057,1.60572,-1.0,-1.0,-1
1.60572,1.60573,1.60572,1.60572,-1.0,-1.0,-1
1.60572,1.605725,1.60572,1.60572,-1.0,-1.0,-1
1.60572,1.605745,1.6057,1.605705,-1.0,-1.0,-1
1.605705,1.605705,1.6057,1.605705,-1.0,-1.0,-1
1.605705,1.60576,1.6057,1.605745,-1.0,-1.0,-1
1.605745,1.60576,1.605705,1.605755,-1.0,-1.0,-1
1.605755,1.60576,1.60574,1.605755,-1.0,-1.0,-1
1.605755,1.60576,1.60573,1.60573,-1.0,-1.0,-1
1.60573,1.60576,1.60573,1.60573,-1.0,-1.0,-1
1.60573,1.60577,1.60573,1.605765,-1.0,-1.0,-1
1.605765,1.60577,1.60574,1.605745,-1.0,-1.0,-1
1.605745,1.60577,1.60573,1.605745,-1.0,-1.0,-1
1.605745,1.60576,1.60574,1.605755,-1.0,-1.0,-1
1.605755,1.60578,1.60574,1.60576,-1.0,-1.0,-1
1.60576,1.605785,1.60576,1.605785,-1.0,-1.0,-1
1.605785,1.605785,1.60577,1.60577,-1.0,-1.0,-1
1.60577,1.605785,1.605765,1.60578,-1.0,-1.0,-1
1.60578,1.60579,1.60576,1.60576,-1.0,-1.0,-1
1.60576,1.60578,1.60576,1.60578,-1.0,-1.0,-1
1.60578,1.60583,1.605765,1.605765,-1.0,-1.0,-1
1.605765,1.6058,1.60576,1.605775,-1.0,-1.0,-1
1.605775,1.605805,1.60575,1.60577,-1.0,-1.0,-1
1.60577,1.60578,1.60576,1.60577,-1.0,-1.0,-1
1.60577,1.605795,1.60577,1.605785,-1.0,-1.0,-1
1.605785,1.605855,1.60577,1.605845,-1.0,-1.0,-1
1.605845,1.60585,1.605825,1.605825,-1.0,-1.0,-1
1.605825,1.60584,1.605805,1.605805,-1.0,-1.0,-1
1.605805,1.60581,1.60579,1.605805,-1.0,-1.0,-1
1.605805,1.60581,1.605785,1.6058,-1.0,-1.0,-1
1.6058,1.6058,1.605795,1.6058,-1.0,-1.0,-1
1.6058,1.605805,1.605785,1.6058,-1.0,-1.0,-1
1.6058,1.605815,1.605785,1.605805,-1.0,-1.0,-1
1.605805,1.605805,1.605795,1.6058,-1.0,-1.0,-1
1.6058,1.60581,1.60579,1.605795,-1.0,-1.0,-1
1.605795,1.605835,1.60579,1.60582,-1.0,-1.0,-1
1.60582,1.60582,1.60581,1.60581,-1.0,-1.0,-1
1.60581,1.605815,1.60581,1.605815,-1.0,-1.0,-1
1.605815,1.605835,1.605805,1.605805,-1.0,-1.0,-1
1.605805,1.60582,1.605795,1.605815,-1.0,-1.0,-1
1.605815,1.605815,1.605795,1.6058,-1.0,-1.0,-1
1.6058,1.605805,1.605785,1.605805,-1.0,-1.0,-1
1.605805,1.605805,1.605775,1.60578,-1.0,-1.0,-1
1.60578,1.605795,1.60577,1.60577,-1.0,-1.0,-1
1.60577,1.60581,1.60577,1.6058,-1.0,-1.0,-1
1.6058,1.605825,1.605795,1.605815,-1.0,-1.0,-1
1.605815,1.605815,1.605775,1.605815,-1.0,-1.0,-1
1.605815,1.605865,1.605815,1.605855,-1.0,-1.0,-1
1.605855,1.60586,1.605835,1.60584,-1.0,-1.0,-1
1.60584,1.60584,1.605785,1.60581,-1.0,-1.0,-1
1.60581,1.605825,1.60581,1.605825,-1.0,-1.0,-1
1.605825,1.605825,1.60581,1.60582,-1.0,-1.0,-1
1.60582,1.605825,1.60581,1.60582,-1.0,-1.0,-1
1.60582,1.605825,1.605795,1.60581,-1.0,-1.0,-1
1.60581,1.605825,1.60576,1.60576,-1.0,-1.0,-1
1.60576,1.605775,1.60576,1.60576,-1.0,-1.0,-1
1.60576,1.605775,1.605755,1.605755,-1.0,-1.0,-1
1.605755,1.605775,1.60575,1.60575,-1.0,-1.0,-1
1.60575,1.60577,1.60575,1.60576,-1.0,-1.0,-1
1.60576,1.605765,1.60574,1.605745,-1.0,-1.0,-1
1.605745,1.605765,1.60574,1.60575,-1.0,-1.0,-1
1.60575,1.605765,1.605745,1.605755,-1.0,-1.0,-1
1.605755,1.605755,1.605735,1.60574,-1.0,-1.0,-1
1.60574,1.60578,1.60574,1.60578,-1.0,-1.0,-1
1.60578,1.6058,1.60576,1.605765,-1.0,-1.0,-1
1.605765,1.6058,1.60576,1.605765,-1.0,-1.0,-1
1.605765,1.605775,1.605755,1.605765,-1.0,-1.0,-1
1.605765,1.60577,1.605765,1.605765,-1.0,-1.0,-1
1.605765,1.605775,1.60576,1.605765,-1.0,-1.0,-1
1.605765,1.605785,1.605765,1.605785,-1.0,-1.0,-1
1.605785,1.6058,1.60576,1.60576,-1.0,-1.0,-1
1.60576,1.60577,1.605735,1.605745,-1.0,-1.0,-1
1.605745,1.60581,1.605745,1.6058,-1.0,-1.0,-1
1.6058,1.605805,1.605785,1.6058,-1.0,-1.0,-1
1.6058,1.605805,1.605785,1.605805,-1.0,-1.0,-1
1.605805,1.60582,1.60578,1.605795,-1.0,-1.0,-1
1.605795,1.60581,1.60579,1.605795,-1.0,-1.0,-1
1.605795,1.605805,1.60577,1.60578,-1.0,-1.0,-1
1.60578,1.605805,1.60577,1.6058,-1.0,-1.0,-1
1.6058,1.605805,1.605785,1.6058,-1.0,-1.0,-1
1.6058,1.6058,1.60578,1.60578,-1.0,-1.0,-1
1.60578,1.60579,1.60577,1.605785,-1.0,-1.0,-1
1.605785,1.605785,1.60577,1.60577,-1.0,-1.0,-1
1.60577,1.605775,1.605755,1.605765,-1.0,-1.0,-1
1.605765,1.6058,1.60575,1.60576,-1.0,-1.0,-1
1.60576,1.605775,1.60576,1.605775,-1.0,-1.0,-1
1.605775,1.605775,1.60575,1.60576,-1.0,-1.0,-1
1.60576,1.605775,1.60574,1.605755,-1.0,-1.0,-1
1.605755,1.605765,1.60574,1.605745,-1.0,-1.0,-1
1.605745,1.605765,1.605745,1.605755,-1.0,-1.0,-1
1.605755,1.60576,1.605735,1.605735,-1.0,-1.0,-1
1.605735,1.60575,1.605725,1.60573,-1.0,-1.0,-1
1.60573,1.60575,1.605705,1.60572,-1.0,-1.0,-1
1.60572,1.60574,1.605705,1.60573,-1.0,-1.0,-1
1.60573,1.60574,1.6057,1.605715,-1.0,-1.0,-1
1.605715,1.605725,1.6057,1.605705,-1.0,-1.0,-1
1.605705,1.605715,1.60569,1.6057,-1.0,-1.0,-1
1.6057,1.60572,1.605695,1.60571,-1.0,-1.0,-1
1.60571,1.605725,1.60569,1.6057,-1.0,-1.0,-1
1.6057,1.60572,1.60569,1.60571,-1.0,-1.0,-1
1.60571,1.605715,1.605695,1.605695,-1.0,-1.0,-1
1.605695,1.60571,1.60569,1.605695,-1.0,-1.0,-1
1.605695,1.6057,1.60569,1.605695,-1.0,-1.0,-1
1.605695,1.605715,1.60569,1.60571,-1.0,-1.0,-1
1.60571,1.605715,1.60569,1.6057,-1.0,-1.0,-1
1.6057,1.60573,1.605695,1.605705,-1.0,-1.0,-1
1.605705,1.605735,1.60569,1.605735,-1.0,-1.0,-1
1.605735,1.605765,1.60571,1.605745,-1.0,-1.0,-1
1.605745,1.605775,1.60574,1.60576,-1.0,-1.0,-1
1.60576,1.605765,1.605705,1.605725,-1.0,-1.0,-1
1.605725,1.605725,1.6057,1.605715,-1.0,-1.0,-1
1.605715,1.60572,1.60569,1.605715,-1.0,-1.0,-1
1.605715,1.60573,1.605705,1.60573,-1.0,-1.0,-1
1.60573,1.60575,1.60571,1.60573,-1.0,-1.0,-1
1.60573,1.60574,1.6057,1.605735,-1.0,-1.0,-1
1.605735,1.605735,1.605715,1.605735,-1.0,-1.0,-1
1.605735,1.605735,1.605725,1.60573,-1.0,-1.0,-1
1.60573,1.60574,1.605725,1.60573,-1.0,-1.0,-1
1.60573,1.605745,1.605725,1.605745,-1.0,-1.0,-1
1.605745,1.605745,1.60573,1.60573,-1.0,-1.0,-1
1.60573,1.60573,1.605675,1.60569,-1.0,-1.0,-1
1.60569,1.605735,1.60569,1.605735,-1.0,-1.0,-1
1.605735,1.605735,1.60568,1.60568,-1.0,-1.0,-1
1.60568,1.60571,1.60568,1.60569,-1.0,-1.0,-1
1.60569,1.60569,1.60568,1.60568,-1.0,-1.0,-1
1.60568,1.6057,1.60568,1.60569,-1.0,-1.0,-1
1.60569,1.60569,1.60566,1.60568,-1.0,-1.0,-1
1.60568,1.60569,1.60568,1.60569,-1.0,-1.0,-1
1.60569,1.60569,1.60566,1.60566,-1.0,-1.0,-1
1.60566,1.60569,1.60565,1.60568,-1.0,-1.0,-1
1.60568,1.60569,1.605645,1.60565,-1.0,-1.0,-1
1.60565,1.60565,1.605635,1.605635,-1.0,-1.0,-1
1.605635,1.60565,1.605625,1.605625,-1.0,-1.0,-1
1.605625,1.60564,1.605625,1.605625,-1.0,-1.0,-1
1.605625,1.605625,1.60557,1.6056,-1.0,-1.0,-1
1.6056,1.60563,1.6056,1.60562,-1.0,-1.0,-1
1.60562,1.605625,1.60561,1.605615,-1.0,-1.0,-1
1.605615,1.60562,1.6056,1.6056,-1.0,-1.0,-1
1.6056,1.6056,1.6056,1.6056,-1.0,-1.0,-1
1.6056,1.60561,1.60559,1.6056,-1.0,-1.0,-1
1.6056,1.6056,1.605555,1.605555,-1.0,-1.0,-1
1.605555,1.6056,1.605555,1.605585,-1.0,-1.0,-1
1.605585,1.6056,1.605575,1.60559,-1.0,-1.0,-1
1.60559,1.605595,1.605585,1.60559,-1.0,-1.0,-1
1.60559,1.605595,1.605585,1.60559,-1.0,-1.0,-1
1.60559,1.605595,1.605585,1.605585,-1.0,-1.0,-1
1.605585,1.605595,1.605555,1.605565,-1.0,-1.0,-1
1.605565,1.605565,1.605545,1.60556,-1.0,-1.0,-1
1.60556,1.605585,1.605545,1.605575,-1.0,-1.0,-1
1.605575,1.60559,1.605545,1.60558,-1.0,-1.0,-1
1.60558,1.605585,1.60556,1.60557,-1.0,-1.0,-1
1.60557,1.60558,1.605555,1.605565,-1.0,-1.0,-1
1.605565,1.605585,1.605565,1.60558,-1.0,-1.0,-1
1.60558,1.60559,1.605575,1.605575,-1.0,-1.0,-1
1.605575,1.60558,1.605555,1.60557,-1.0,-1.0,-1
1.60557,1.60557,1.605555,1.605565,-1.0,-1.0,-1
1.605565,1.605565,1.60555,1.60556,-1.0,-1.0,-1
1.60556,1.60556,1.605545,1.605545,-1.0,-1.0,-1
1.605545,1.605565,1.60553,1.605565,-1.0,-1.0,-1
1.605565,1.605565,1.60555,1.60555,-1.0,-1.0,-1
1.60555,1.605565,1.60555,1.60555,-1.0,-1.0,-1
1.60555,1.605565,1.60555,1.605565,-1.0,-1.0,-1
1.605565,1.60558,1.60555,1.60556,-1.0,-1.0,-1
1.60556,1.605595,1.60556,1.60558,-1.0,-1.0,-1
1.60558,1.60559,1.60557,1.605585,-1.0,-1.0,-1
1.605585,1.605595,1.60557,1.605575,-1.0,-1.0,-1
1.605575,1.60559,1.60557,1.60558,-1.0,-1.0,-1
1.60558,1.6056,1.60555,1.605585,-1.0,-1.0,-1
1.605585,1.60561,1.605585,1.6056,-1.0,-1.0,-1
1.6056,1.6056,1.605575,1.605585,-1.0,-1.0,-1
1.605585,1.605595,1.605575,1.605575,-1.0,-1.0,-1
1.605575,1.605585,1.60555,1.60555,-1.0,-1.0,-1
1.60555,1.60557,1.60555,1.60556,-1.0,-1.0,-1
1.60556,1.6056,1.60555,1.605585,-1.0,-1.0,-1
1.605585,1.6056,1.60557,1.60558,-1.0,-1.0,-1
1.60558,1.605585,1.60556,1.60556,-1.0,-1.0,-1
1.60556,1.605585,1.60556,1.60557,-1.0,-1.0,-1
1.60557,1.605595,1.60557,1.60558,-1.0,-1.0,-1
1.60558,1.6056,1.605575,1.605575,-1.0,-1.0,-1
1.605575,1.605595,1.605555,1.605555,-1.0,-1.0,-1
1.605555,1.6056,1.605555,1.60559,-1.0,-1.0,-1
1.60559,1.6056,1.605575,1.6056,-1.0,-1.0,-1
1.6056,1.6056,1.605565,1.60558,-1.0,-1.0,-1
1.60558,1.605595,1.605575,1.60559,-1.0,-1.0,-1
1.60559,1.6056,1.60558,1.60558,-1.0,-1.0,-1
1.60558,1.605595,1.605575,1.60559,-1.0,-1.0,-1
1.60559,1.605595,1.60556,1.605585,-1.0,-1.0,-1
1.605585,1.605595,1.605575,1.60559,-1.0,-1.0,-1
1.60559,1.6056,1.605585,1.6056,-1.0,-1.0,-1
1.6056,1.6056,1.605565,1.60558,-1.0,-1.0,-1
1.60558,1.6056,1.605575,1.6056,-1.0,-1.0,-1
1.6056,1.6056,1.605585,1.605595,-1.0,-1.0,-1
1.605595,1.6056,1.605585,1.605585,-1.0,-1.0,-1
1.605585,1.60559,1.605585,1.605585,-1.0,-1.0,-1
1.605585,1.605615,1.605585,1.60561,-1.0,-1.0,-1
1.60561,1.60562,1.6056,1.60561,-1.0,-1.0,-1
1.60561,1.60561,1.6056,1.6056,-1.0,-1.0,-1
1.6056,1.605605,1.605585,1.605605,-1.0,-1.0,-1
1.605605,1.605605,1.6056,1.6056,-1.0,-1.0,-1
1.6056,1.6056,1.605595,1.605595,-1.0,-1.0,-1
1.605595,1.605595,1.60558,1.60558,-1.0,-1.0,-1
1.60558,1.605595,1.60558,1.60558,-1.0,-1.0,-1
1.60558,1.605585,1.60557,1.60558,-1.0,-1.0,-1
1.60558,1.6056,1.60558,1.6056,-1.0,-1.0,-1
1.6056,1.6056,1.6056,1.6056,-1.0,-1.0,-1
1.6056,1.60562,1.6056,1.605615,-1.0,-1.0,-1
1.605615,1.605615,1.605605,1.60561,-1.0,-1.0,-1
1.60561,1.60562,1.605605,1.60562,-1.0,-1.0,-1
1.60562,1.605625,1.60561,1.605625,-1.0,-1.0,-1
1.605625,1.605625,1.605615,1.60562,-1.0,-1.0,-1
1.60562,1.60562,1.605605,1.605605,-1.0,-1.0,-1
1.605605,1.60562,1.605605,1.605615,-1.0,-1.0,-1
1.605615,1.605625,1.605605,1.605625,-1.0,-1.0,-1
1.605625,1.605625,1.60561,1.60562,-1.0,-1.0,-1
1.60562,1.60562,1.605615,1.60562,-1.0,-1.0,-1
1.60562,1.60565,1.605615,1.605645,-1.0,-1.0,-1
1.605645,1.605655,1.605645,1.605655,-1.0,-1.0,-1
1.605655,1.605675,1.605655,1.605655,-1.0,-1.0,-1
1.605655,1.60567,1.605655,1.605665,-1.0,-1.0,-1
1.605665,1.60567,1.605645,1.60565,-1.0,-1.0,-1
1.60565,1.60566,1.605645,1.60565,-1.0,-1.0,-1
1.60565,1.60567,1.60565,1.60566,-1.0,-1.0,-1
1.60566,1.60566,1.605655,1.605655,-1.0,-1.0,-1
1.605655,1.60566,1.605655,1.605655,-1.0,-1.0,-1
1.605655,1.605665,1.60564,1.60566,-1.0,-1.0,-1
1.60566,1.60569,1.605645,1.60569,-1.0,-1.0,-1
1.60569,1.60571,1.60569,1.60571,-1.0,-1.0,-1
1.60571,1.605715,1.6057,1.60571,-1.0,-1.0,-1
1.60571,1.605725,1.605705,1.605715,-1.0,-1.0,-1
1.605715,1.605715,1.6057,1.6057,-1.0,-1.0,-1
1.6057,1.60572,1.6057,1.6057,-1.0,-1.0,-1
1.6057,1.605715,1.6057,1.60571,-1.0,-1.0,-1
1.60571,1.60571,1.6057,1.60571,-1.0,-1.0,-1
1.60571,1.60571,1.6057,1.6057,-1.0,-1.0,-1
1.6057,1.60573,1.605685,1.605725,-1.0,-1.0,-1
1.605725,1.60574,1.605705,1.60574,-1.0,-1.0,-1
1.60574,1.60574,1.6057,1.605705,-1.0,-1.0,-1
1.605705,1.605705,1.605705,1.605705,-1.0,-1.0,-1
1.605705,1.605705,1.605705,1.605705,-1.0,-1.0,-1
1.605705,1.605725,1.60569,1.605715,-1.0,-1.0,-1
1.605715,1.60572,1.605655,1.60567,-1.0,-1.0,-1
1.60567,1.605685,1.605655,1.605665,-1.0,-1.0,-1
1.605665,1.605685,1.605655,1.60566,-1.0,-1.0,-1
1.60566,1.605685,1.60566,1.605675,-1.0,-1.0,-1
1.605675,1.605695,1.60566,1.60566,-1.0,-1.0,-1
1.60566,1.605675,1.605645,1.605645,-1.0,-1.0,-1
1.605645,1.605665,1.60564,1.60565,-1.0,-1.0,-1
1.60565,1.605675,1.605645,1.60565,-1.0,-1.0,-1
1.60565,1.60566,1.60565,1.60565,-1.0,-1.0,-1
1.60565,1.605655,1.605615,1.60562,-1.0,-1.0,-1
1.60562,1.60562,1.605615,1.60562,-1.0,-1.0,-1
1.60562,1.60562,1.605615,1.60562,-1.0,-1.0,-1
1.60562,1.60562,1.605615,1.60562,-1.0,-1.0,-1
1.60562,1.60563,1.60561,1.605625,-1.0,-1.0,-1
1.605625,1.60563,1.605615,1.60562,-1.0,-1.0,-1
1.60562,1.605635,1.605615,1.605635,-1.0,-1.0,-1
1.605635,1.605645,1.605575,1.60558,-1.0,-1.0,-1
1.60558,1.60559,1.605575,1.60558,-1.0,-1.0,-1
1.60558,1.605585,1.605575,1.60558,-1.0,-1.0,-1
1.60558,1.605615,1.60558,1.605615,-1.0,-1.0,-1
1.605615,1.605625,1.60557,1.60557,-1.0,-1.0,-1
1.60557,1.605585,1.60555,1.60558,-1.0,-1.0,-1
1.60558,1.6056,1.60558,1.6056,-1.0,-1.0,-1
1.6056,1.6056,1.6056,1.6056,-1.0,-1.0,-1
1.6056,1.605605,1.6056,1.6056,-1.0,-1.0,-1
1.6056,1.6056,1.6056,1.6056,-1.0,-1.0,-1
1.6056,1.6056,1.605595,1.605595,-1.0,-1.0,-1
1.605595,1.6056,1.605575,1.605595,-1.0,-1.0,-1
1.605595,1.6056,1.60559,1.605595,-1.0,-1.0,-1
1.605595,1.605595,1.605565,1.605565,-1.0,-1.0,-1
1.605565,1.60559,1.605565,1.605575,-1.0,-1.0,-1
1.605575,1.605585,1.605575,1.605575,-1.0,-1.0,-1
1.605575,1.605595,1.605565,1.605575,-1.0,-1.0,-1
1.605575,1.605585,1.605575,1.605575,-1.0,-1.0,-1
1.605575,1.605585,1.60557,1.60558,-1.0,-1.0,-1
1.60558,1.605585,1.60558,1.60558,-1.0,-1.0,-1
1.60558,1.60559,1.605555,1.60556,-1.0,-1.0,-1
1.60556,1.605565,1.605555,1.605555,-1.0,-1.0,-1
1.605555,1.605555,1.605555,1.605555,-1.0,-1.0,-1
1.605555,1.60556,1.60554,1.605555,-1.0,-1.0,-1
1.605555,1.605555,1.60552,1.605525,-1.0,-1.0,-1
1.605525,1.60553,1.60551,1.605525,-1.0,-1.0,-1
1.605525,1.605525,1.605515,1.605515,-1.0,-1.0,-1
1.605515,1.605525,1.60551,1.60551,-1.0,-1.0,-1
1.60551,1.60553,1.60551,1.60553,-1.0,-1.0,-1
1.60553,1.60554,1.605495,1.60553,-1.0,-1.0,-1
1.60553,1.60557,1.60552,1.60557,-1.0,-1.0,-1
1.60557,1.60557,1.605565,1.60557,-1.0,-1.0,-1
1.60557,1.60558,1.605565,1.605575,-1.0,-1.0,-1
1.605575,1.605585,1.605565,1.605575,-1.0,-1.0,-1
1.605575,1.60558,1.605525,1.605555,-1.0,-1.0,-1
1.605555,1.605565,1.60554,1.605545,-1.0,-1.0,-1
1.605545,1.60555,1.605545,1.605545,-1.0,-1.0,-1
1.605545,1.605565,1.605545,1.605565,-1.0,-1.0,-1
1.605565,1.605595,1.605565,1.605595,-1.0,-1.0,-1
1.605595,1.605595,1.60558,1.605585,-1.0,-1.0,-1
1.605585,1.6056,1.605585,1.605595,-1.0,-1.0,-1
1.605595,1.605605,1.605585,1.605605,-1.0,-1.0,-1
1.605605,1.605605,1.605605,1.605605,-1.0,-1.0,-1
1.605605,1.60562,1.6056,1.605605,-1.0,-1.0,-1
1.605605,1.605605,1.6056,1.6056,-1.0,-1.0,-1
1.6056,1.605605,1.60556,1.605565,-1.0,-1.0,-1
1.605565,1.605565,1.60555,1.60556,-1.0,-1.0,-1
1.60556,1.60556,1.605525,1.60553,-1.0,-1.0,-1
1.60553,1.60556,1.60552,1.605545,-1.0,-1.0,-1
1.605545,1.60555,1.60554,1.60555,-1.0,-1.0,-1
1.60555,1.60555,1.60555,1.60555,-1.0,-1.0,-1
1.60555,1.60556,1.605545,1.60556,-1.0,-1.0,-1
1.60556,1.60557,1.60556,1.605565,-1.0,-1.0,-1
1.605565,1.60558,1.605565,1.60557,-1.0,-1.0,-1
1.60557,1.60557,1.605555,1.60556,-1.0,-1.0,-1
1.60556,1.60556,1.60553,1.60556,-1.0,-1.0,-1
1.60556,1.605565,1.60554,1.60554,-1.0,-1.0,-1
1.60554,1.605545,1.60554,1.605545,-1.0,-1.0,-1
1.605545,1.60555,1.60554,1.60554,-1.0,-1.0,-1
1.60554,1.60556,1.60554,1.60555,-1.0,-1.0,-1
1.60555,1.605555,1.60555,1.60555,-1.0,-1.0,-1
1.60555,1.60555,1.605545,1.60555,-1.0,-1.0,-1
1.60555,1.605565,1.60554,1.60555,-1.0,-1.0,-1
1.60555,1.605555,1.60555,1.605555,-1.0,-1.0,-1
1.605555,1.605585,1.60555,1.60557,-1.0,-1.0,-1
1.60557,1.605575,1.605545,1.60556,-1.0,-1.0,-1
1.60556,1.60556,1.605525,1.605535,-1.0,-1.0,-1
1.605535,1.605545,1.60553,1.60554,-1.0,-1.0,-1
1.60554,1.605565,1.60553,1.605545,-1.0,-1.0,-1
1.605545,1.60555,1.605545,1.605545,-1.0,-1.0,-1
1.605545,1.60555,1.60554,1.60554,-1.0,-1.0,-1
1.60554,1.60555,1.60554,1.60555,-1.0,-1.0,-1
1.60555,1.605555,1.605545,1.605545,-1.0,-1.0,-1
1.605545,1.60557,1.605525,1.60554,-1.0,-1.0,-1
1.60554,1.60554,1.605525,1.60554,-1.0,-1.0,-1
1.60554,1.60554,1.605515,1.605535,-1.0,-1.0,-1
1.605535,1.60555,1.605535,1.60554,-1.0,-1.0,-1
1.60554,1.60555,1.605525,1.605535,-1.0,-1.0,-1
1.605535,1.605535,1.605525,1.605535,-1.0,-1.0,-1
1.605535,1.605535,1.605525,1.60553,-1.0,-1.0,-1
1.60553,1.605535,1.605525,1.60553,-1.0,-1.0,-1
1.60553,1.60555,1.605485,1.60549,-1.0,-1.0,-1
1.60549,1.6055,1.605485,1.6055,-1.0,-1.0,-1
1.6055,1.605505,1.605485,1.6055,-1.0,-1.0,-1
1.6055,1.60551,1.60549,1.60549,-1.0,-1.0,-1
1.60549,1.605505,1.605485,1.60549,-1.0,-1.0,-1
1.60549,1.605495,1.605485,1.60549,-1.0,-1.0,-1
1.60549,1.605495,1.60548,1.60549,-1.0,-1.0,-1
1.60549,1.605495,1.60548,1.605485,-1.0,-1.0,-1
1.605485,1.60551,1.60548,1.605505,-1.0,-1.0,-1
1.605505,1.60554,1.6055,1.60551,-1.0,-1.0,-1
1.60551,1.605525,1.60551,1.605515,-1.0,-1.0,-1
1.605515,1.605525,1.605515,1.605515,-1.0,-1.0,-1
1.605515,1.605535,1.60551,1.60553,-1.0,-1.0,-1
1.60553,1.60554,1.605525,1.605535,-1.0,-1.0,-1
1.605535,1.605535,1.605525,1.605535,-1.0,-1.0,-1
1.605535,1.60554,1.60553,1.605535,-1.0,-1.0,-1
1.605535,1.605535,1.605525,1.605535,-1.0,-1.0,-1
1.605535,1.605535,1.60553,1.605535,-1.0,-1.0,-1
1.605535,1.60555,1.60553,1.605545,-1.0,-1.0,-1
1.605545,1.605555,1.60553,1.60555,-1.0,-1.0,-1
1.60555,1.60555,1.60554,1.605545,-1.0,-1.0,-1
1.605545,1.605545,1.605525,1.60554,-1.0,-1.0,-1
1.60554,1.605545,1.60552,1.60554,-1.0,-1.0,-1
1.60554,1.605585,1.605535,1.60557,-1.0,-1.0,-1
1.60557,1.60557,1.60557,1.60557,-1.0,-1.0,-1
1.60557,1.60557,1.60557,1.60557,-1.0,-1.0,-1
1.60557,1.605585,1.605565,1.605575,-1.0,-1.0,-1
1.605575,1.60558,1.605565,1.605565,-1.0,-1.0,-1
1.605565,1.605585,1.605565,1.60558,-1.0,-1.0,-1
1.60558,1.605585,1.60558,1.605585,-1.0,-1.0,-1
1.605585,1.605595,1.60557,1.605595,-1.0,-1.0,-1
1.605595,1.605595,1.605585,1.605595,-1.0,-1.0,-1
1.605595,1.605595,1.605595,1.605595,-1.0,-1.0,-1
1.605595,1.605645,1.60559,1.60563,-1.0,-1.0,-1
1.60563,1.60563,1.605615,1.60562,-1.0,-1.0,-1
1.60562,1.605635,1.605615,1.60562,-1.0,-1.0,-1
1.60562,1.60563,1.605615,1.60563,-1.0,-1.0,-1
1.60563,1.605635,1.60563,1.60563,-1.0,-1.0,-1
1.60563,1.60564,1.605625,1.605635,-1.0,-1.0,-1
1.605635,1.605635,1.605615,1.60562,-1.0,-1.0,-1
1.60562,1.605635,1.60561,1.60563,-1.0,-1.0,-1
1.60563,1.60563,1.60563,1.60563,-1.0,-1.0,-1
1.60563,1.60563,1.605615,1.605625,-1.0,-1.0,-1
1.605625,1.605625,1.60561,1.60562,-1.0,-1.0,-1
1.60562,1.605635,1.6056,1.605635,-1.0,-1.0,-1
1.605635,1.605645,1.60563,1.60564,-1.0,-1.0,-1
1.60564,1.60564,1.60564,1.60564,-1.0,-1.0,-1
1.60564,1.60565,1.60564,1.60565,-1.0,-1.0,-1
1.60565,1.605655,1.605645,1.605655,-1.0,-1.0,-1
1.605655,1.60566,1.605655,1.605655,-1.0,-1.0,-1
1.605655,1.60566,1.605655,1.605655,-1.0,-1.0,-1
1.605655,1.60566,1.605655,1.605655,-1.0,-1.0,-1
1.605655,1.605655,1.605655,1.605655,-1.0,-1.0,-1
1.605655,1.605685,1.605655,1.60568,-1.0,-1.0,-1
1.60568,1.605695,1.605675,1.60569,-1.0,-1.0,-1
1.60569,1.60569,1.60569,1.60569,-1.0,-1.0,-1
1.60569,1.6057,1.60567,1.605685,-1.0,-1.0,-1
1.605685,1.60571,1.605675,1.60569,-1.0,-1.0,-1
1.60569,1.6057,1.60568,1.6057,-1.0,-1.0,-1
1.6057,1.605715,1.605695,1.605715,-1.0,-1.0,-1
1.605715,1.605715,1.605695,1.605695,-1.0,-1.0,-1
1.605695,1.6057,1.60569,1.605695,-1.0,-1.0,-1
1.605695,1.605705,1.60569,1.605695,-1.0,-1.0,-1
1.605695,1.605695,1.60569,1.60569,-1.0,-1.0,-1
1.60569,1.605695,1.60569,1.60569,-1.0,-1.0,-1
1.60569,1.60569,1.60568,1.60569,-1.0,-1.0,-1
1.60569,1.60569,1.60568,1.60569,-1.0,-1.0,-1
1.60569,1.60569,1.60567,1.605685,-1.0,-1.0,-1
1.605685,1.605705,1.60567,1.60569,-1.0,-1.0,-1
1.60569,1.60571,1.60569,1.605695,-1.0,-1.0,-1
1.605695,1.605705,1.605695,1.605705,-1.0,-1.0,-1
1.605705,1.605705,1.605695,1.605695,-1.0,-1.0,-1
1.605695,1.605705,1.60569,1.60569,-1.0,-1.0,-1
1.60569,1.60569,1.60569,1.60569,-1.0,-1.0,-1
1.60569,1.605705,1.60569,1.60569,-1.0,-1.0,-1
1.60569,1.605695,1.60569,1.605695,-1.0,-1.0,-1
1.605695,1.605695,1.60569,1.60569,-1.0,-1.0,-1
1.60569,1.605705,1.60569,1.6057,-1.0,-1.0,-1
1.6057,1.60571,1.605665,1.605665,-1.0,-1.0,-1
1.605665,1.605685,1.605665,1.605675,-1.0,-1.0,-1
1.605675,1.6057,1.605655,1.605675,-1.0,-1.0,-1
1.605675,1.605685,1.605675,1.605685,-1.0,-1.0,-1
1.605685,1.605725,1.605675,1.605725,-1.0,-1.0,-1
1.605725,1.605745,1.60569,1.60574,-1.0,-1.0,-1
1.60574,1.605765,1.60574,1.605755,-1.0,-1.0,-1
1.605755,1.60576,1.605735,1.60574,-1.0,-1.0,-1
1.60574,1.60575,1.605735,1.60575,-1.0,-1.0,-1
1.60575,1.60575,1.60575,1.60575,-1.0,-1.0,-1
1.60575,1.60575,1.605735,1.605735,-1.0,-1.0,-1
1.605735,1.605775,1.605735,1.605775,-1.0,-1.0,-1
1.605775,1.60578,1.60576,1.605765,-1.0,-1.0,-1
1.605765,1.605775,1.60576,1.60577,-1.0,-1.0,-1
1.60577,1.60578,1.60575,1.60575,-1.0,-1.0,-1
1.60575,1.60575,1.605735,1.60575,-1.0,-1.0,-1
1.60575,1.605765,1.60574,1.605755,-1.0,-1.0,-1
1.605755,1.605795,1.605755,1.605795,-1.0,-1.0,-1
1.605795,1.60581,1.60579,1.60581,-1.0,-1.0,-1
1.60581,1.60581,1.605785,1.605795,-1.0,-1.0,-1
1.605795,1.60581,1.60578,1.605795,-1.0,-1.0,-1
1.605795,1.60582,1.60579,1.6058,-1.0,-1.0,-1
1.6058,1.60581,1.605785,1.6058,-1.0,-1.0,-1
1.6058,1.60581,1.60578,1.6058,-1.0,-1.0,-1
1.6058,1.60581,1.60579,1.605795,-1.0,-1.0,-1
1.605795,1.605795,1.60578,1.605785,-1.0,-1.0,-1
1.605785,1.60579,1.60574,1.60577,-1.0,-1.0,-1
1.60577,1.60578,1.60576,1.60576,-1.0,-1.0,-1
1.60576,1.605775,1.60576,1.605775,-1.0,-1.0,-1
1.605775,1.60578,1.60577,1.60577,-1.0,-1.0,-1
1.60577,1.60578,1.605755,1.605765,-1.0,-1.0,-1
1.605765,1.60578,1.605765,1.605775,-1.0,-1.0,-1
1.605775,1.605775,1.60573,1.60573,-1.0,-1.0,-1
1.60573,1.60575,1.605725,1.60573,-1.0,-1.0,-1
1.60573,1.60573,1.605715,1.60573,-1.0,-1.0,-1
1.60573,1.60573,1.605715,1.605715,-1.0,-1.0,-1
1.605715,1.60574,1.605705,1.60573,-1.0,-1.0,-1
1.60573,1.60574,1.60573,1.60574,-1.0,-1.0,-1
1.60574,1.60574,1.605725,1.605725,-1.0,-1.0,-1
1.605725,1.605725,1.605725,1.605725,-1.0,-1.0,-1
1.605725,1.605725,1.605725,1.605725,-1.0,-1.0,-1
1.605725,1.60575,1.605725,1.60575,-1.0,-1.0,-1
1.60575,1.60575,1.605745,1.605745,-1.0,-1.0,-1
1.605745,1.605745,1.605745,1.605745,-1.0,-1.0,-1
1.605745,1.605765,1.60574,1.60574,-1.0,-1.0,-1
1.60574,1.60576,1.60573,1.60575,-1.0,-1.0,-1
1.60575,1.60575,1.605725,1.605745,-1.0,-1.0,-1
1.605745,1.60576,1.60574,1.60574,-1.0,-1.0,-1
1.60574,1.605745,1.60574,1.605745,-1.0,-1.0,-1
1.605745,1.605765,1.60574,1.60576,-1.0,-1.0,-1
1.60576,1.605775,1.605745,1.605755,-1.0,-1.0,-1
1.605755,1.605775,1.605725,1.60576,-1.0,-1.0,-1
1.60576,1.605775,1.60568,1.60569,-1.0,-1.0,-1
1.60569,1.605715,1.605665,1.605715,-1.0,-1.0,-1
1.605715,1.605715,1.605695,1.6057,-1.0,-1.0,-1
1.6057,1.605715,1.605695,1.605705,-1.0,-1.0,-1
1.605705,1.605705,1.605695,1.605705,-1.0,-1.0,-1
1.605705,1.605715,1.605695,1.605705,-1.0,-1.0,-1
1.605705,1.605725,1.6057,1.605715,-1.0,-1.0,-1
1.605715,1.605735,1.6057,1.60573,-1.0,-1.0,-1
1.60573,1.605745,1.605725,1.605725,-1.0,-1.0,-1
1.605725,1.605745,1.605725,1.60574,-1.0,-1.0,-1
1.60574,1.60574,1.60569,1.60569,-1.0,-1.0,-1
1.60569,1.605725,1.60568,1.605725,-1.0,-1.0,-1
1.605725,1.60574,1.605695,1.60574,-1.0,-1.0,-1
1.60574,1.605745,1.60573,1.60573,-1.0,-1.0,-1
1.60573,1.605745,1.605715,1.60573,-1.0,-1.0,-1
1.60573,1.60577,1.60572,1.60575,-1.0,-1.0,-1
1.60575,1.605775,1.605745,1.60576,-1.0,-1.0,-1
1.60576,1.605775,1.605745,1.60576,-1.0,-1.0,-1
1.60576,1.605785,1.60575,1.60578,-1.0,-1.0,-1
1.60578,1.605785,1.605775,1.605785,-1.0,-1.0,-1
1.605785,1.605805,1.605765,1.605795,-1.0,-1.0,-1
1.605795,1.605805,1.605775,1.605805,-1.0,-1.0,-1
1.605805,1.60581,1.605785,1.605805,-1.0,-1.0,-1
1.605805,1.605825,1.605795,1.6058,-1.0,-1.0,-1
1.6058,1.605805,1.605795,1.6058,-1.0,-1.0,-1
1.6058,1.605805,1.605795,1.6058,-1.0,-1.0,-1
1.6058,1.605815,1.605775,1.60579,-1.0,-1.0,-1
1.60579,1.6058,1.605785,1.605795,-1.0,-1.0,-1
1.605795,1.605815,1.605785,1.60579,-1.0,-1.0,-1
1.60579,1.605805,1.605775,1.60578,-1.0,-1.0,-1
1.60578,1.6058,1.605775,1.605795,-1.0,-1.0,-1
1.605795,1.6058,1.60579,1.6058,-1.0,-1.0,-1
1.6058,1.6058,1.605775,1.605795,-1.0,-1.0,-1
1.605795,1.6058,1.60579,1.6058,-1.0,-1.0,-1
1.6058,1.6058,1.605755,1.605755,-1.0,-1.0,-1
1.605755,1.60579,1.605755,1.605785,-1.0,-1.0,-1
1.605785,1.605785,1.60577,1.60577,-1.0,-1.0,-1
1.60577,1.605775,1.60575,1.60575,-1.0,-1.0,-1
1.60575,1.605775,1.60575,1.605765,-1.0,-1.0,-1
1.605765,1.60578,1.605765,1.60577,-1.0,-1.0,-1
1.60577,1.605785,1.60576,1.60577,-1.0,-1.0,-1
1.60577,1.605825,1.60573,1.60581,-1.0,-1.0,-1
1.60581,1.60581,1.605775,1.605775,-1.0,-1.0,-1
1.605775,1.605785,1.605745,1.605765,-1.0,-1.0,-1
1.605765,1.605775,1.60574,1.60575,-1.0,-1.0,-1
1.60575,1.60576,1.60573,1.60573,-1.0,-1.0,-1
1.60573,1.605735,1.605705,1.605735,-1.0,-1.0,-1
1.605735,1.60577,1.60572,1.60572,-1.0,-1.0,-1
1.60572,1.60573,1.60572,1.60572,-1.0,-1.0,-1
1.60572,1.60573,1.60572,1.605725,-1.0,-1.0,-1
1.605725,1.60573,1.6057,1.605725,-1.0,-1.0,-1
1.605725,1.605735,1.605705,1.605725,-1.0,-1.0,-1
1.605725,1.605725,1.605705,1.60571,-1.0,-1.0,-1
1.60571,1.60572,1.60569,1.605705,-1.0,-1.0,-1
1.605705,1.605715,1.60569,1.605705,-1.0,-1.0,-1
1.605705,1.60573,1.6057,1.60573,-1.0,-1.0,-1
1.60573,1.605735,1.60573,1.60573,-1.0,-1.0,-1
1.60573,1.60576,1.60573,1.605755,-1.0,-1.0,-1
1.605755,1.605855,1.605725,1.605845,-1.0,-1.0,-1
1.605845,1.60585,1.605795,1.605835,-1.0,-1.0,-1
1.605835,1.60585,1.60583,1.605845,-1.0,-1.0,-1
1.605845,1.60586,1.60584,1.605855,-1.0,-1.0,-1
1.605855,1.60586,1.60581,1.605815,-1.0,-1.0,-1
1.605815,1.60583,1.60581,1.605825,-1.0,-1.0,-1
1.605825,1.605835,1.605825,1.60583,-1.0,-1.0,-1
1.60583,1.605835,1.60579,1.6058,-1.0,-1.0,-1
1.6058,1.605805,1.605785,1.605805,-1.0,-1.0,-1
1.605805,1.60586,1.605805,1.605855,-1.0,-1.0,-1
1.605855,1.60586,1.60583,1.60583,-1.0,-1.0,-1
1.60583,1.60584,1.60583,1.605835,-1.0,-1.0,-1
1.605835,1.605845,1.60582,1.605835,-1.0,-1.0,-1
1.605835,1.605835,1.605815,1.605815,-1.0,-1.0,-1
1.605815,1.60583,1.605815,1.605825,-1.0,-1.0,-1
1.605825,1.605845,1.60582,1.605825,-1.0,-1.0,-1
1.605825,1.60583,1.60581,1.60582,-1.0,-1.0,-1
1.60582,1.60582,1.605805,1.605805,-1.0,-1.0,-1
1.605805,1.605855,1.605795,1.60584,-1.0,-1.0,-1
1.60584,1.60585,1.605825,1.605825,-1.0,-1.0,-1
1.605825,1.605835,1.60582,1.605835,-1.0,-1.0,-1
1.605835,1.60585,1.60582,1.60583,-1.0,-1.0,-1
1.60583,1.60584,1.60583,1.605835,-1.0,-1.0,-1
1.605835,1.60585,1.605835,1.605845,-1.0,-1.0,-1
1.605845,1.60585,1.605825,1.60583,-1.0,-1.0,-1
1.60583,1.605835,1.605825,1.605825,-1.0,-1.0,-1
1.605825,1.60584,1.605825,1.60583,-1.0,-1.0,-1
1.60583,1.60584,1.605795,1.6058,-1.0,-1.0,-1
1.6058,1.6058,1.605785,1.60579,-1.0,-1.0,-1
1.60579,1.6058,1.605785,1.6058,-1.0,-1.0,-1
1.6058,1.60582,1.60577,1.605785,-1.0,-1.0,-1
1.605785,1.60582,1.60578,1.6058,-1.0,-1.0,-1
1.6058,1.605805,1.605775,1.60578,-1.0,-1.0,-1
1.60578,1.60578,1.605755,1.60577,-1.0,-1.0,-1
1.60577,1.60577,1.605755,1.60576,-1.0,-1.0,-1
1.60576,1.60577,1.60575,1.60576,-1.0,-1.0,-1
1.60576,1.605775,1.60575,1.60577,-1.0,-1.0,-1
1.60577,1.60577,1.605735,1.605745,-1.0,-1.0,-1
1.605745,1.605765,1.60574,1.605745,-1.0,-1.0,-1
1.605745,1.60575,1.605745,1.60575,-1.0,-1.0,-1
1.60575,1.605775,1.60574,1.60577,-1.0,-1.0,-1
1.60577,1.60578,1.60576,1.60578,-1.0,-1.0,-1
1.60578,1.60578,1.60576,1.60577,-1.0,-1.0,-1
1.60577,1.60578,1.605755,1.605765,-1.0,-1.0,-1
1.605765,1.605775,1.605755,1.60577,-1.0,-1.0,-1
1.60577,1.605775,1.60574,1.60574,-1.0,-1.0,-1
1.60574,1.60574,1.6057,1.60573,-1.0,-1.0,-1
1.60573,1.605735,1.60571,1.60573,-1.0,-1.0,-1
1.60573,1.60573,1.60571,1.60572,-1.0,-1.0,-1
1.60572,1.60573,1.60571,1.605715,-1.0,-1.0,-1
1.605715,1.60574,1.60571,1.60572,-1.0,-1.0,-1
1.60572,1.60574,1.60571,1.60574,-1.0,-1.0,-1
1.60574,1.60574,1.6057,1.60571,-1.0,-1.0,-1
1.60571,1.60572,1.605695,1.605695,-1.0,-1.0,-1
1.605695,1.605695,1.605695,1.605695,-1.0,-1.0,-1
1.605695,1.60571,1.60569,1.605705,-1.0,-1.0,-1
1.605705,1.605735,1.6057,1.605725,-1.0,-1.0,-1
1.605725,1.605745,1.60571,1.60574,-1.0,-1.0,-1
1.60574,1.605745,1.60573,1.60573,-1.0,-1.0,-1
1.60573,1.60573,1.60572,1.60573,-1.0,-1.0,-1
1.60573,1.605735,1.605645,1.60569,-1.0,-1.0,-1
1.60569,1.605695,1.605585,1.605595,-1.0,-1.0,-1
1.605595,1.6056,1.605555,1.605555,-1.0,-1.0,-1
1.605555,1.60557,1.605545,1.60557,-1.0,-1.0,-1
1.60557,1.60557,1.60551,1.60555,-1.0,-1.0,-1
1.60555,1.60555,1.60552,1.60553,-1.0,-1.0,-1
1.60553,1.60555,1.605525,1.605545,-1.0,-1.0,-1
1.605545,1.605555,1.60551,1.60551,-1.0,-1.0,-1
1.60551,1.60551,1.6055,1.60551,-1.0,-1.0,-1
1.60551,1.60551,1.60549,1.605505,-1.0,-1.0,-1
1.605505,1.605595,1.605495,1.60559,-1.0,-1.0,-1
1.60559,1.6056,1.605585,1.6056,-1.0,-1.0,-1
1.6056,1.60561,1.6056,1.6056,-1.0,-1.0,-1
1.6056,1.605615,1.6056,1.605615,-1.0,-1.0,-1
1.605615,1.60562,1.605605,1.605615,-1.0,-1.0,-1
1.605615,1.605625,1.6056,1.605615,-1.0,-1.0,-1
1.605615,1.60562,1.60558,1.605615,-1.0,-1.0,-1
1.605615,1.605635,1.605575,1.605635,-1.0,-1.0,-1
1.605635,1.605635,1.605615,1.605635,-1.0,-1.0,-1
1.605635,1.605645,1.605605,1.60563,-1.0,-1.0,-1
1.60563,1.605645,1.605615,1.605625,-1.0,-1.0,-1
1.605625,1.60563,1.605615,1.60563,-1.0,-1.0,-1
1.60563,1.60567,1.60561,1.605665,-1.0,-1.0,-1
1.605665,1.60567,1.605655,1.605665,-1.0,-1.0,-1
1.605665,1.60567,1.605595,1.6056,-1.0,-1.0,-1
1.6056,1.60561,1.60556,1.6056,-1.0,-1.0,-1
1.6056,1.605605,1.605575,1.605575,-1.0,-1.0,-1
1.605575,1.60559,1.60557,1.60558,-1.0,-1.0,-1
1.60558,1.60563,1.60557,1.6056,-1.0,-1.0,-1
1.6056,1.6056,1.605595,1.6056,-1.0,-1.0,-1
1.6056,1.60561,1.60557,1.60557,-1.0,-1.0,-1
1.60557,1.60559,1.60555,1.60555,-1.0,-1.0,-1
1.60555,1.60556,1.60555,1.60555,-1.0,-1.0,-1
1.60555,1.605565,1.6055,1.60551,-1.0,-1.0,-1
1.60551,1.60551,1.605465,1.60548,-1.0,-1.0,-1
1.60548,1.60552,1.60546,1.60551,-1.0,-1.0,-1
1.60551,1.605535,1.60551,1.60553,-1.0,-1.0,-1
1.60553,1.60554,1.60552,1.60553,-1.0,-1.0,-1
1.60553,1.605535,1.605525,1.605535,-1.0,-1.0,-1
1.605535,1.60555,1.605525,1.60554,-1.0,-1.0,-1
1.60554,1.60555,1.605515,1.605535,-1.0,-1.0,-1
1.605535,1.605585,1.60553,1.60558,-1.0,-1.0,-1
1.60558,1.605585,1.605505,1.605515,-1.0,-1.0,-1
1.605515,1.60555,1.605515,1.60555,-1.0,-1.0,-1
1.60555,1.60556,1.60553,1.605555,-1.0,-1.0,-1
1.605555,1.60556,1.60552,1.605535,-1.0,-1.0,-1
1.605535,1.605535,1.605485,1.60551,-1.0,-1.0,-1
1.60551,1.60552,1.60551,1.605515,-1.0,-1.0,-1
1.605515,1.60552,1.605505,1.60551,-1.0,-1.0,-1
1.60551,1.60554,1.60551,1.60554,-1.0,-1.0,-1
1.60554,1.605545,1.60552,1.605545,-1.0,-1.0,-1
1.605545,1.60555,1.60554,1.60555,-1.0,-1.0,-1
1.60555,1.60556,1.60552,1.60552,-1.0,-1.0,-1
1.60552,1.605535,1.60551,1.60553,-1.0,-1.0,-1
1.60553,1.60555,1.605525,1.60555,-1.0,-1.0,-1
1.60555,1.60555,1.60554,1.60554,-1.0,-1.0,-1
1.60554,1.60556,1.60554,1.605555,-1.0,-1.0,-1
1.605555,1.60556,1.60555,1.60555,-1.0,-1.0,-1
1.60555,1.60556,1.60554,1.60555,-1.0,-1.0,-1
1.60555,1.605585,1.605545,1.60558,-1.0,-1.0,-1
1.60558,1.605605,1.605525,1.605575,-1.0,-1.0,-1
1.605575,1.605575,1.605525,1.605545,-1.0,-1.0,-1
1.605545,1.60555,1.605515,1.60553,-1.0,-1.0,-1
1.60553,1.60553,1.60551,1.60551,-1.0,-1.0,-1
1.60551,1.605515,1.60551,1.605515,-1.0,-1.0,-1
1.605515,1.605525,1.60545,1.60545,-1.0,-1.0,-1
1.60545,1.60549,1.60544,1.60548,-1.0,-1.0,-1
1.60548,1.60548,1.60547,1.605475,-1.0,-1.0,-1
1.605475,1.605485,1.60547,1.60547,-1.0,-1.0,-1
1.60547,1.60547,1.60547,1.60547,-1.0,-1.0,-1
1.60547,1.60547,1.605455,1.60547,-1.0,-1.0,-1
1.60547,1.605495,1.605425,1.605425,-1.0,-1.0,-1
1.605425,1.605485,1.605425,1.60546,-1.0,-1.0,-1
1.60546,1.60548,1.605445,1.60546,-1.0,-1.0,-1
1.60546,1.60547,1.60543,1.605435,-1.0,-1.0,-1
1.605435,1.605445,1.605425,1.60544,-1.0,-1.0,-1
1.60544,1.605455,1.60543,1.605455,-1.0,-1.0,-1
1.605455,1.605455,1.60543,1.605435,-1.0,-1.0,-1
1.605435,1.60547,1.60543,1.605455,-1.0,-1.0,-1
1.605455,1.60546,1.605455,1.60546,-1.0,-1.0,-1
1.60546,1.605475,1.60545,1.605455,-1.0,-1.0,-1
1.605455,1.60546,1.605425,1.605425,-1.0,-1.0,-1
1.605425,1.605455,1.60539,1.605445,-1.0,-1.0,-1
1.605445,1.60546,1.60543,1.60545,-1.0,-1.0,-1
1.60545,1.605465,1.60545,1.60546,-1.0,-1.0,-1
1.60546,1.605475,1.605455,1.605475,-1.0,-1.0,-1
1.605475,1.605475,1.60545,1.60545,-1.0,-1.0,-1
1.60545,1.605475,1.60545,1.605465,-1.0,-1.0,-1
1.605465,1.605475,1.60545,1.60546,-1.0,-1.0,-1
1.60546,1.605475,1.60546,1.60547,-1.0,-1.0,-1
1.60547,1.60547,1.605465,1.60547,-1.0,-1.0,-1
1.60547,1.605495,1.60546,1.605495,-1.0,-1.0,-1
1.605495,1.60551,1.605495,1.60551,-1.0,-1.0,-1
1.60551,1.60553,1.605505,1.605505,-1.0,-1.0,-1
1.605505,1.60552,1.6055,1.605505,-1.0,-1.0,-1
1.605505,1.605505,1.605455,1.60547,-1.0,-1.0,-1
1.60547,1.605515,1.60547,1.605515,-1.0,-1.0,-1
1.605515,1.60552,1.605505,1.60551,-1.0,-1.0,-1
1.60551,1.605525,1.60551,1.60551,-1.0,-1.0,-1
1.60551,1.60551,1.60547,1.60547,-1.0,-1.0,-1
1.60547,1.60549,1.60547,1.60549,-1.0,-1.0,-1
1.60549,1.60549,1.605475,1.605475,-1.0,-1.0,-1
1.605475,1.60552,1.605475,1.6055,-1.0,-1.0,-1
1.6055,1.605515,1.605475,1.60548,-1.0,-1.0,-1
1.60548,1.60548,1.605455,1.60548,-1.0,-1.0,-1
1.60548,1.605495,1.605465,1.60548,-1.0,-1.0,-1
1.60548,1.60548,1.60546,1.60548,-1.0,-1.0,-1
1.60548,1.60548,1.60547,1.60547,-1.0,-1.0,-1
1.60547,1.605505,1.60546,1.6055,-1.0,-1.0,-1
1.6055,1.60551,1.605485,1.6055,-1.0,-1.0,-1
1.6055,1.6055,1.6055,1.6055,-1.0,-1.0,-1
1.6055,1.60551,1.6055,1.6055,-1.0,-1.0,-1
1.6055,1.605505,1.60548,1.605495,-1.0,-1.0,-1
1.605495,1.605515,1.605495,1.605515,-1.0,-1.0,-1
1.605515,1.605515,1.605515,1.605515,-1.0,-1.0,-1
1.605515,1.605515,1.605505,1.605515,-1.0,-1.0,-1
1.605515,1.605515,1.60551,1.605515,-1.0,-1.0,-1
1.605515,1.60554,1.60551,1.605535,-1.0,-1.0,-1
1.605535,1.60558,1.605535,1.60557,-1.0,-1.0,-1
1.60557,1.60559,1.60556,1.60559,-1.0,-1.0,-1
1.60559,1.6056,1.605555,1.605565,-1.0,-1.0,-1
1.605565,1.605575,1.60554,1.60556,-1.0,-1.0,-1
1.60556,1.60557,1.605555,1.605555,-1.0,-1.0,-1
1.605555,1.60559,1.60554,1.60559,-1.0,-1.0,-1
1.60559,1.60562,1.605575,1.60561,-1.0,-1.0,-1
1.60561,1.60565,1.60559,1.605645,-1.0,-1.0,-1
1.605645,1.60565,1.605625,1.605625,-1.0,-1.0,-1
1.605625,1.605625,1.605625,1.605625,-1.0,-1.0,-1
1.605625,1.605635,1.605615,1.605615,-1.0,-1.0,-1
1.605615,1.605635,1.60561,1.60563,-1.0,-1.0,-1
1.60563,1.605635,1.605615,1.605625,-1.0,-1.0,-1
1.605625,1.605635,1.605615,1.60562,-1.0,-1.0,-1
1.60562,1.605655,1.605605,1.605635,-1.0,-1.0,-1
1.605635,1.605665,1.605635,1.605665,-1.0,-1.0,-1
1.605665,1.60568,1.605645,1.60565,-1.0,-1.0,-1
1.60565,1.60567,1.60564,1.60565,-1.0,-1.0,-1
1.60565,1.60567,1.60565,1.605665,-1.0,-1.0,-1
1.605665,1.60567,1.605645,1.605645,-1.0,-1.0,-1
1.605645,1.60566,1.605645,1.60565,-1.0,-1.0,-1
1.60565,1.60565,1.605635,1.60565,-1.0,-1.0,-1
1.60565,1.605655,1.605635,1.605655,-1.0,-1.0,-1
1.605655,1.60569,1.605655,1.60569,-1.0,-1.0,-1
1.60569,1.60569,1.60567,1.605675,-1.0,-1.0,-1
1.605675,1.60568,1.605615,1.60565,-1.0,-1.0,-1
1.60565,1.60569,1.60565,1.60567,-1.0,-1.0,-1
1.60567,1.60572,1.60566,1.605705,-1.0,-1.0,-1
1.605705,1.605715,1.60569,1.605705,-1.0,-1.0,-1
1.605705,1.60571,1.605665,1.605665,-1.0,-1.0,-1
1.605665,1.60567,1.605665,1.605665,-1.0,-1.0,-1
1.605665,1.605675,1.605665,1.60567,-1.0,-1.0,-1
1.60567,1.605685,1.60567,1.60567,-1.0,-1.0,-1
1.60567,1.605675,1.60565,1.60566,-1.0,-1.0,-1
1.60566,1.60566,1.60563,1.605635,-1.0,-1.0,-1
1.605635,1.605645,1.60563,1.60563,-1.0,-1.0,-1
1.60563,1.605635,1.605625,1.605635,-1.0,-1.0,-1
1.605635,1.605635,1.605625,1.60563,-1.0,-1.0,-1
1.60563,1.60563,1.605585,1.60559,-1.0,-1.0,-1
1.60559,1.605615,1.60558,1.60561,-1.0,-1.0,-1
1.60561,1.60561,1.6056,1.6056,-1.0,-1.0,-1
1.6056,1.605615,1.60557,1.60557,-1.0,-1.0,-1
1.60557,1.6056,1.60555,1.60555,-1.0,-1.0,-1
1.60555,1.605565,1.60555,1.605565,-1.0,-1.0,-1
1.605565,1.605565,1.605545,1.605555,-1.0,-1.0,-1
1.605555,1.605575,1.60555,1.605565,-1.0,-1.0,-1
1.605565,1.60561,1.605565,1.60559,-1.0,-1.0,-1
1.60559,1.6056,1.605565,1.605585,-1.0,-1.0,-1
1.605585,1.6056,1.605575,1.60559,-1.0,-1.0,-1
1.60559,1.605595,1.605575,1.60558,-1.0,-1.0,-1
1.60558,1.605595,1.605565,1.60558,-1.0,-1.0,-1
1.60558,1.6056,1.605575,1.6056,-1.0,-1.0,-1
1.6056,1.605615,1.60559,1.60559,-1.0,-1.0,-1
1.60559,1.6056,1.60556,1.605575,-1.0,-1.0,-1
1.605575,1.60558,1.60555,1.605555,-1.0,-1.0,-1
1.605555,1.60559,1.60555,1.605575,-1.0,-1.0,-1
1.605575,1.60558,1.60557,1.60557,-1.0,-1.0,-1
1.60557,1.60558,1.60556,1.605565,-1.0,-1.0,-1
1.605565,1.60559,1.60555,1.60555,-1.0,-1.0,-1
1.60555,1.6056,1.60555,1.6056,-1.0,-1.0,-1
1.6056,1.6056,1.60557,1.605585,-1.0,-1.0,-1
1.605585,1.60559,1.605575,1.605575,-1.0,-1.0,-1
1.605575,1.6056,1.60554,1.605585,-1.0,-1.0,-1
1.605585,1.6056,1.605585,1.60559,-1.0,-1.0,-1
1.60559,1.605625,1.60558,1.60558,-1.0,-1.0,-1
1.60558,1.6056,1.60557,1.60558,-1.0,-1.0,-1
1.60558,1.60559,1.60554,1.605565,-1.0,-1.0,-1
1.605565,1.60558,1.60555,1.605575,-1.0,-1.0,-1
1.605575,1.60559,1.60556,1.60557,-1.0,-1.0,-1
1.60557,1.605575,1.60554,1.605555,-1.0,-1.0,-1
1.605555,1.605565,1.60554,1.60554,-1.0,-1.0,-1
1.60554,1.605555,1.60554,1.605555,-1.0,-1.0,-1
1.605555,1.60556,1.60553,1.605545,-1.0,-1.0,-1
1.605545,1.60557,1.605545,1.60555,-1.0,-1.0,-1
1.60555,1.605555,1.605515,1.605535,-1.0,-1.0,-1
1.605535,1.605545,1.60551,1.605535,-1.0,-1.0,-1
1.605535,1.605535,1.60551,1.605535,-1.0,-1.0,-1
1.605535,1.605535,1.60549,1.60551,-1.0,-1.0,-1
1.60551,1.605545,1.60549,1.6055,-1.0,-1.0,-1
1.6055,1.60551,1.6055,1.60551,-1.0,-1.0,-1
1.60551,1.605525,1.605495,1.60552,-1.0,-1.0,-1
1.60552,1.60553,1.60548,1.60549,-1.0,-1.0,-1
1.60549,1.605495,1.605485,1.60549,-1.0,-1.0,-1
1.60549,1.605565,1.60549,1.60555,-1.0,-1.0,-1
1.60555,1.60557,1.605545,1.605555,-1.0,-1.0,-1
1.605555,1.60556,1.60553,1.605545,-1.0,-1.0,-1
1.605545,1.60559,1.605545,1.60559,-1.0,-1.0,-1
1.60559,1.60559,1.605545,1.605565,-1.0,-1.0,-1
1.605565,1.605575,1.605555,1.60557,-1.0,-1.0,-1
1.60557,1.605605,1.605555,1.605605,-1.0,-1.0,-1
1.605605,1.605605,1.605555,1.60556,-1.0,-1.0,-1
1.60556,1.60557,1.605555,1.60557,-1.0,-1.0,-1
1.60557,1.605585,1.60554,1.60555,-1.0,-1.0,-1
1.60555,1.605585,1.60555,1.605555,-1.0,-1.0,-1
1.605555,1.605585,1.605555,1.605575,-1.0,-1.0,-1
1.605575,1.6056,1.60556,1.605595,-1.0,-1.0,-1
1.605595,1.605655,1.605595,1.60563,-1.0,-1.0,-1
1.60563,1.60563,1.605615,1.605615,-1.0,-1.0,-1
1.605615,1.605625,1.605605,1.605625,-1.0,-1.0,-1
1.605625,1.60563,1.60559,1.605595,-1.0,-1.0,-1
1.605595,1.6056,1.605595,1.605595,-1.0,-1.0,-1
1.605595,1.605595,1.605535,1.605535,-1.0,-1.0,-1
1.605535,1.605555,1.60552,1.60553,-1.0,-1.0,-1
1.60553,1.60554,1.60552,1.60554,-1.0,-1.0,-1
1.60554,1.605555,1.605525,1.60554,-1.0,-1.0,-1
1.60554,1.605555,1.605525,1.605555,-1.0,-1.0,-1
1.605555,1.605555,1.60552,1.605535,-1.0,-1.0,-1
1.605535,1.60558,1.605525,1.60557,-1.0,-1.0,-1
1.60557,1.60558,1.60554,1.605555,-1.0,-1.0,-1
1.605555,1.60556,1.605535,1.60556,-1.0,-1.0,-1
1.60556,1.60559,1.605535,1.60558,-1.0,-1.0,-1
1.60558,1.605605,1.60558,1.6056,-1.0,-1.0,-1
1.6056,1.605605,1.6056,1.6056,-1.0,-1.0,-1
1.6056,1.60562,1.605595,1.6056,-1.0,-1.0,-1
1.6056,1.605605,1.605595,1.605595,-1.0,-1.0,-1
1.605595,1.6056,1.605585,1.6056,-1.0,-1.0,-1
1.6056,1.6056,1.605585,1.605595,-1.0,-1.0,-1
1.605595,1.605595,1.60558,1.60558,-1.0,-1.0,-1
1.60558,1.6056,1.60557,1.60559,-1.0,-1.0,-1
1.60559,1.605595,1.605575,1.605595,-1.0,-1.0,-1
1.605595,1.6056,1.605575,1.605595,-1.0,-1.0,-1
1.605595,1.6056,1.60557,1.605595,-1.0,-1.0,-1
1.605595,1.6056,1.605545,1.605555,-1.0,-1.0,-1
1.605555,1.605585,1.60555,1.605575,-1.0,-1.0,-1
1.605575,1.605595,1.60555,1.605585,-1.0,-1.0,-1
1.605585,1.60559,1.605555,1.60556,-1.0,-1.0,-1
1.60556,1.60561,1.60556,1.605605,-1.0,-1.0,-1
1.605605,1.605605,1.605585,1.605595,-1.0,-1.0,-1
1.605595,1.6056,1.605565,1.60558,-1.0,-1.0,-1
1.60558,1.605625,1.605565,1.605625,-1.0,-1.0,-1
1.605625,1.605625,1.605605,1.605605,-1.0,-1.0,-1
1.605605,1.605605,1.6056,1.605605,-1.0,-1.0,-1
1.605605,1.605605,1.6056,1.605605,-1.0,-1.0,-1
1.605605,1.605605,1.605595,1.605605,-1.0,-1.0,-1
1.605605,1.60563,1.605605,1.60561,-1.0,-1.0,-1
1.60561,1.605635,1.605605,1.605625,-1.0,-1.0,-1
1.605625,1.605645,1.60561,1.60563,-1.0,-1.0,-1
1.60563,1.60565,1.60562,1.605645,-1.0,-1.0,-1
1.605645,1.60565,1.605645,1.605645,-1.0,-1.0,-1
1.605645,1.605645,1.60563,1.605645,-1.0,-1.0,-1
1.605645,1.605655,1.605635,1.605635,-1.0,-1.0,-1
1.605635,1.605645,1.605635,1.60564,-1.0,-1.0,-1
1.60564,1.605655,1.605635,1.60564,-1.0,-1.0,-1
1.60564,1.60564,1.605625,1.60563,-1.0,-1.0,-1
1.60563,1.60565,1.60563,1.60564,-1.0,-1.0,-1
1.60564,1.605645,1.60563,1.605645,-1.0,-1.0,-1
1.605645,1.60567,1.60563,1.60565,-1.0,-1.0,-1
1.60565,1.605685,1.60564,1.60567,-1.0,-1.0,-1
1.60567,1.60569,1.605655,1.605675,-1.0,-1.0,-1
1.605675,1.60569,1.60567,1.605685,-1.0,-1.0,-1
1.605685,1.60569,1.605665,1.60567,-1.0,-1.0,-1
1.60567,1.605705,1.605665,1.605705,-1.0,-1.0,-1
1.605705,1.605705,1.60565,1.60565,-1.0,-1.0,-1
1.60565,1.60566,1.60564,1.60565,-1.0,-1.0,-1
1.60565,1.605685,1.60565,1.605685,-1.0,-1.0,-1
1.605685,1.605685,1.605665,1.60567,-1.0,-1.0,-1
1.60567,1.6057,1.605665,1.60569,-1.0,-1.0,-1
1.60569,1.60571,1.605685,1.60571,-1.0,-1.0,-1
1.60571,1.60571,1.605665,1.605665,-1.0,-1.0,-1
1.605665,1.605675,1.605655,1.60566,-1.0,-1.0,-1
1.60566,1.605675,1.605655,1.605655,-1.0,-1.0,-1
1.605655,1.605675,1.605655,1.605665,-1.0,-1.0,-1
1.605665,1.60569,1.605665,1.605675,-1.0,-1.0,-1
1.605675,1.605715,1.60566,1.60569,-1.0,-1.0,-1
1.60569,1.60569,1.605685,1.605685,-1.0,-1.0,-1
1.605685,1.605685,1.605685,1.605685,-1.0,-1.0,-1
1.605685,1.605695,1.605685,1.605695,-1.0,-1.0,-1
1.605695,1.6057,1.605695,1.605695,-1.0,-1.0,-1
1.605695,1.605695,1.605695,1.605695,-1.0,-1.0,-1
1.605695,1.60573,1.605695,1.60571,-1.0,-1.0,-1
1.60571,1.605735,1.6057,1.6057,-1.0,-1.0,-1
1.6057,1.605705,1.605695,1.605695,-1.0,-1.0,-1
1.605695,1.605725,1.605695,1.605715,-1.0,-1.0,-1
1.605715,1.60572,1.60571,1.605715,-1.0,-1.0,-1
1.605715,1.605725,1.605695,1.605695,-1.0,-1.0,-1
1.605695,1.60572,1.605695,1.605705,-1.0,-1.0,-1
1.605705,1.60572,1.60569,1.605695,-1.0,-1.0,-1
1.605695,1.605705,1.60569,1.605695,-1.0,-1.0,-1
1.605695,1.60571,1.605695,1.6057,-1.0,-1.0,-1
1.6057,1.60571,1.605695,1.605695,-1.0,-1.0,-1
1.605695,1.605725,1.605695,1.605725,-1.0,-1.0,-1
1.605725,1.605745,1.605725,1.60574,-1.0,-1.0,-1
1.60574,1.605755,1.60572,1.605725,-1.0,-1.0,-1
1.605725,1.605725,1.605715,1.60572,-1.0,-1.0,-1
1.60572,1.60572,1.605715,1.605715,-1.0,-1.0,-1
1.605715,1.60572,1.605685,1.605695,-1.0,-1.0,-1
1.605695,1.605705,1.605675,1.60569,-1.0,-1.0,-1
1.60569,1.605695,1.605685,1.60569,-1.0,-1.0,-1
1.60569,1.6057,1.60569,1.605695,-1.0,-1.0,-1
1.605695,1.6057,1.605695,1.6057,-1.0,-1.0,-1
1.6057,1.6057,1.60569,1.60569,-1.0,-1.0,-1
1.60569,1.605725,1.60568,1.60572,-1.0,-1.0,-1
1.60572,1.60573,1.6057,1.6057,-1.0,-1.0,-1
1.6057,1.605715,1.605695,1.6057,-1.0,-1.0,-1
1.6057,1.605715,1.605695,1.6057,-1.0,-1.0,-1
1.6057,1.605705,1.605655,1.605655,-1.0,-1.0,-1
1.605655,1.605655,1.605655,1.605655,-1.0,-1.0,-1
1.605655,1.60569,1.60565,1.60568,-1.0,-1.0,-1
1.60568,1.605695,1.60568,1.60568,-1.0,-1.0,-1
1.60568,1.605685,1.605675,1.60568,-1.0,-1.0,-1
1.60568,1.605685,1.60567,1.605675,-1.0,-1.0,-1
1.605675,1.605685,1.60566,1.60566,-1.0,-1.0,-1
1.60566,1.605675,1.60566,1.60566,-1.0,-1.0,-1
1.60566,1.605675,1.605655,1.605665,-1.0,-1.0,-1
1.605665,1.605675,1.60565,1.605655,-1.0,-1.0,-1
1.605655,1.605655,1.605645,1.60565,-1.0,-1.0,-1
1.60565,1.605655,1.605635,1.605645,-1.0,-1.0,-1
1.605645,1.605655,1.605635,1.60565,-1.0,-1.0,-1
1.60565,1.60565,1.605635,1.60565,-1.0,-1.0,-1
1.60565,1.60565,1.60562,1.605635,-1.0,-1.0,-1
1.605635,1.605655,1.60563,1.605655,-1.0,-1.0,-1
1.605655,1.60566,1.60563,1.60564,-1.0,-1.0,-1
1.60564,1.60564,1.60564,1.60564,-1.0,-1.0,-1
1.60564,1.605645,1.60563,1.605645,-1.0,-1.0,-1
1.605645,1.605645,1.60562,1.605625,-1.0,-1.0,-1
1.605625,1.60564,1.60562,1.60564,-1.0,-1.0,-1
1.60564,1.605645,1.605605,1.60563,-1.0,-1.0,-1
1.60563,1.60563,1.60563,1.60563,-1.0,-1.0,-1
1.60563,1.60564,1.605615,1.60563,-1.0,-1.0,-1
1.60563,1.60569,1.60563,1.60569,-1.0,-1.0,-1
1.60569,1.60569,1.605685,1.60569,-1.0,-1.0,-1
1.60569,1.6057,1.60566,1.60566,-1.0,-1.0,-1
1.60566,1.60566,1.60563,1.60564,-1.0,-1.0,-1
1.60564,1.60566,1.60562,1.60566,-1.0,-1.0,-1
1.60566,1.60566,1.60565,1.60566,-1.0,-1.0,-1
1.60566,1.60566,1.60565,1.60565,-1.0,-1.0,-1
1.60565,1.60565,1.60565,1.60565,-1.0,-1.0,-1
1.60565,1.60566,1.60565,1.60566,-1.0,-1.0,-1
1.60566,1.605695,1.60565,1.60569,-1.0,-1.0,-1
1.60569,1.60569,1.60569,1.60569,-1.0,-1.0,-1
1.60569,1.605695,1.60567,1.605695,-1.0,-1.0,-1
1.605695,1.60572,1.60567,1.605705,-1.0,-1.0,-1
1.605705,1.60572,1.60569,1.605715,-1.0,-1.0,-1
1.605715,1.605725,1.60571,1.605725,-1.0,-1.0,-1
1.605725,1.605725,1.60569,1.605705,-1.0,-1.0,-1
1.605705,1.605705,1.60569,1.60569,-1.0,-1.0,-1
1.60569,1.605715,1.60569,1.605715,-1.0,-1.0,-1
1.605715,1.605715,1.60569,1.605695,-1.0,-1.0,-1
1.605695,1.605725,1.60569,1.605695,-1.0,-1.0,-1
1.605695,1.605695,1.605685,1.605685,-1.0,-1.0,-1
1.605685,1.605685,1.605685,1.605685,-1.0,-1.0,-1
1.605685,1.60569,1.60566,1.60566,-1.0,-1.0,-1
1.60566,1.60568,1.605645,1.60566,-1.0,-1.0,-1
1.60566,1.605685,1.605655,1.605665,-1.0,-1.0,-1
1.605665,1.60569,1.60566,1.60566,-1.0,-1.0,-1
1.60566,1.60568,1.60564,1.60565,-1.0,-1.0,-1
1.60565,1.605665,1.60562,1.60565,-1.0,-1.0,-1
1.60565,1.605675,1.60564,1.60567,-1.0,-1.0,-1
1.60567,1.605675,1.605585,1.60562,-1.0,-1.0,-1
1.60562,1.60564,1.605605,1.60561,-1.0,-1.0,-1
1.60561,1.60561,1.6056,1.6056,-1.0,-1.0,-1
1.6056,1.60568,1.6056,1.60565,-1.0,-1.0,-1
1.60565,1.605665,1.60564,1.605655,-1.0,-1.0,-1
1.605655,1.60568,1.60563,1.605645,-1.0,-1.0,-1
1.605645,1.60567,1.605645,1.60566,-1.0,-1.0,-1
1.60566,1.605675,1.605655,1.605655,-1.0,-1.0,-1
1.605655,1.605675,1.60562,1.605625,-1.0,-1.0,-1
1.605625,1.605625,1.60561,1.60561,-1.0,-1.0,-1
1.60561,1.605635,1.605605,1.605625,-1.0,-1.0,-1
1.605625,1.605635,1.60559,1.60559,-1.0,-1.0,-1
1.60559,1.605615,1.60559,1.60561,-1.0,-1.0,-1
1.60561,1.605645,1.60561,1.60564,-1.0,-1.0,-1
1.60564,1.605645,1.60562,1.60563,-1.0,-1.0,-1
1.60563,1.60563,1.60563,1.60563,-1.0,-1.0,-1
1.60563,1.605635,1.60563,1.60563,-1.0,-1.0,-1
1.60563,1.60564,1.60563,1.60564,-1.0,-1.0,-1
1.60564,1.605645,1.605595,1.605595,-1.0,-1.0,-1
1.605595,1.60562,1.605585,1.605585,-1.0,-1.0,-1
1.605585,1.605635,1.605585,1.605605,-1.0,-1.0,-1
1.605605,1.605655,1.605605,1.605655,-1.0,-1.0,-1
1.605655,1.605655,1.60564,1.60564,-1.0,-1.0,-1
1.60564,1.60565,1.6056,1.6056,-1.0,-1.0,-1
1.6056,1.60563,1.6056,1.6056,-1.0,-1.0,-1
1.6056,1.605625,1.6056,1.6056,-1.0,-1.0,-1
1.6056,1.60561,1.605565,1.60557,-1.0,-1.0,-1
1.60557,1.60562,1.60557,1.60562,-1.0,-1.0,-1
1.60562,1.60562,1.605615,1.60562,-1.0,-1.0,-1
1.60562,1.60563,1.605605,1.605615,-1.0,-1.0,-1
1.605615,1.605615,1.605605,1.60561,-1.0,-1.0,-1
1.60561,1.60564,1.605605,1.60564,-1.0,-1.0,-1
1.60564,1.60564,1.6056,1.60562,-1.0,-1.0,-1
1.60562,1.60562,1.60559,1.6056,-1.0,-1.0,-1
1.6056,1.6056,1.60559,1.6056,-1.0,-1.0,-1
1.6056,1.605635,1.6056,1.605625,-1.0,-1.0,-1
1.605625,1.605635,1.60559,1.6056,-1.0,-1.0,-1
1.6056,1.6056,1.6056,1.6056,-1.0,-1.0,-1
1.6056,1.6056,1.605585,1.605585,-1.0,-1.0,-1
1.605585,1.605615,1.605585,1.605615,-1.0,-1.0,-1
1.605615,1.60562,1.60559,1.60559,-1.0,-1.0,-1
1.60559,1.6056,1.60559,1.6056,-1.0,-1.0,-1
1.6056,1.605605,1.605575,1.605575,-1.0,-1.0,-1
1.605575,1.605645,1.605575,1.605615,-1.0,-1.0,-1
1.605615,1.60562,1.60559,1.60562,-1.0,-1.0,-1
1.60562,1.605625,1.6056,1.605605,-1.0,-1.0,-1
1.605605,1.605635,1.605605,1.60563,-1.0,-1.0,-1
1.60563,1.605635,1.605615,1.60563,-1.0,-1.0,-1
1.60563,1.60566,1.60563,1.60563,-1.0,-1.0,-1
1.60563,1.605635,1.6056,1.605605,-1.0,-1.0,-1
1.605605,1.605615,1.605605,1.605605,-1.0,-1.0,-1
1.605605,1.605615,1.605605,1.605605,-1.0,-1.0,-1
1.605605,1.60562,1.6056,1.6056,-1.0,-1.0,-1
1.6056,1.605615,1.6056,1.605605,-1.0,-1.0,-1
1.605605,1.605635,1.6056,1.605635,-1.0,-1.0,-1
1.605635,1.605635,1.605605,1.605615,-1.0,-1.0,-1
1.605615,1.605615,1.6056,1.6056,-1.0,-1.0,-1
1.6056,1.60562,1.6056,1.605615,-1.0,-1.0,-1
1.605615,1.60562,1.605595,1.6056,-1.0,-1.0,-1
1.6056,1.6056,1.60558,1.60558,-1.0,-1.0,-1
1.60558,1.6056,1.60558,1.6056,-1.0,-1.0,-1
1.6056,1.6056,1.605555,1.60556,-1.0,-1.0,-1
1.60556,1.60557,1.60555,1.60556,-1.0,-1.0,-1
1.60556,1.605585,1.605555,1.60558,-1.0,-1.0,-1
1.60558,1.6056,1.60556,1.60556,-1.0,-1.0,-1
1.60556,1.60557,1.60556,1.60557,-1.0,-1.0,-1
1.60557,1.605575,1.60555,1.60557,-1.0,-1.0,-1
1.60557,1.605575,1.605545,1.605545,-1.0,-1.0,-1
1.605545,1.605595,1.605545,1.60557,-1.0,-1.0,-1
1.60557,1.605585,1.605555,1.605565,-1.0,-1.0,-1
1.605565,1.605565,1.605545,1.605555,-1.0,-1.0,-1
1.605555,1.60556,1.605545,1.605555,-1.0,-1.0,-1
1.605555,1.60557,1.605545,1.60556,-1.0,-1.0,-1
1.60556,1.60558,1.60556,1.60556,-1.0,-1.0,-1
1.60556,1.605565,1.60554,1.60554,-1.0,-1.0,-1
1.60554,1.60556,1.60554,1.60556,-1.0,-1.0,-1
1.60556,1.60556,1.60555,1.605555,-1.0,-1.0,-1
1.605555,1.60557,1.60554,1.60555,-1.0,-1.0,-1
1.60555,1.60557,1.60554,1.605545,-1.0,-1.0,-1
1.605545,1.605565,1.60553,1.605565,-1.0,-1.0,-1
1.605565,1.605565,1.60555,1.60556,-1.0,-1.0,-1
1.60556,1.605595,1.60556,1.60559,-1.0,-1.0,-1
1.60559,1.60561,1.605575,1.605575,-1.0,-1.0,-1
1.605575,1.6056,1.60555,1.60555,-1.0,-1.0,-1
1.60555,1.6056,1.60554,1.6056,-1.0,-1.0,-1
1.6056,1.6056,1.605595,1.605595,-1.0,-1.0,-1
1.605595,1.605595,1.605595,1.605595,-1.0,-1.0,-1
1.605595,1.605595,1.60557,1.605595,-1.0,-1.0,-1
1.605595,1.605595,1.60556,1.605585,-1.0,-1.0,-1
1.605585,1.6056,1.60557,1.60559,-1.0,-1.0,-1
1.60559,1.6056,1.605575,1.60559,-1.0,-1.0,-1
1.60559,1.605595,1.605575,1.60559,-1.0,-1.0,-1
1.60559,1.605625,1.60558,1.6056,-1.0,-1.0,-1
1.6056,1.6056,1.605575,1.6056,-1.0,-1.0,-1
1.6056,1.60561,1.6056,1.60561,-1.0,-1.0,-1
1.60561,1.60562,1.605605,1.605615,-1.0,-1.0,-1
1.605615,1.605615,1.60561,1.605615,-1.0,-1.0,-1
1.605615,1.60563,1.60559,1.605615,-1.0,-1.0,-1
1.605615,1.60563,1.60561,1.60563,-1.0,-1.0,-1
1.60563,1.60563,1.605605,1.605615,-1.0,-1.0,-1
1.605615,1.605625,1.60561,1.60562,-1.0,-1.0,-1
1.60562,1.60563,1.60561,1.605615,-1.0,-1.0,-1
1.605615,1.605635,1.60561,1.60563,-1.0,-1.0,-1
1.60563,1.60564,1.60561,1.605625,-1.0,-1.0,-1
1.605625,1.605635,1.605605,1.60562,-1.0,-1.0,-1
1.60562,1.60563,1.60561,1.605615,-1.0,-1.0,-1
1.605615,1.605625,1.60561,1.60562,-1.0,-1.0,-1
1.60562,1.60563,1.605615,1.60563,-1.0,-1.0,-1
1.60563,1.60563,1.60561,1.605615,-1.0,-1.0,-1
1.605615,1.60562,1.60561,1.60562,-1.0,-1.0,-1
1.60562,1.60562,1.605605,1.60562,-1.0,-1.0,-1
1.60562,1.60564,1.605605,1.60563,-1.0,-1.0,-1
1.60563,1.60564,1.605615,1.60564,-1.0,-1.0,-1
1.60564,1.60564,1.605625,1.605625,-1.0,-1.0,-1
1.605625,1.60563,1.605615,1.605625,-1.0,-1.0,-1
1.605625,1.60567,1.605615,1.60567,-1.0,-1.0,-1
1.60567,1.60567,1.60565,1.605655,-1.0,-1.0,-1
1.605655,1.605665,1.605655,1.605665,-1.0,-1.0,-1
1.605665,1.605665,1.605655,1.605655,-1.0,-1.0,-1
1.605655,1.60568,1.605655,1.60567,-1.0,-1.0,-1
1.60567,1.605675,1.60567,1.60567,-1.0,-1.0,-1
1.60567,1.605675,1.605655,1.605665,-1.0,-1.0,-1
1.605665,1.605685,1.605665,1.605675,-1.0,-1.0,-1
1.605675,1.605685,1.605675,1.60568,-1.0,-1.0,-1
1.60568,1.605715,1.605675,1.6057,-1.0,-1.0,-1
1.6057,1.6057,1.60568,1.60568,-1.0,-1.0,-1
1.60568,1.605715,1.60568,1.605705,-1.0,-1.0,-1
1.605705,1.605745,1.6057,1.605745,-1.0,-1.0,-1
1.605745,1.60576,1.60573,1.605755,-1.0,-1.0,-1
1.605755,1.60576,1.60572,1.605725,-1.0,-1.0,-1
1.605725,1.60574,1.60572,1.605725,-1.0,-1.0,-1
1.605725,1.605745,1.605715,1.60573,-1.0,-1.0,-1
1.60573,1.60573,1.6057,1.60571,-1.0,-1.0,-1
1.60571,1.60573,1.605705,1.605715,-1.0,-1.0,-1
1.605715,1.605735,1.605715,1.605725,-1.0,-1.0,-1
1.605725,1.605745,1.60571,1.605745,-1.0,-1.0,-1
1.605745,1.60575,1.605725,1.60574,-1.0,-1.0,-1
1.60574,1.605745,1.605735,1.605735,-1.0,-1.0,-1
1.605735,1.605805,1.605735,1.605805,-1.0,-1.0,-1
1.605805,1.605805,1.605785,1.6058,-1.0,-1.0,-1
1.6058,1.60582,1.605775,1.60582,-1.0,-1.0,-1
1.60582,1.60582,1.605735,1.605735,-1.0,-1.0,-1
1.605735,1.60574,1.60573,1.60574,-1.0,-1.0,-1
1.60574,1.60575,1.60573,1.60573,-1.0,-1.0,-1
1.60573,1.60576,1.605725,1.60575,-1.0,-1.0,-1
1.60575,1.60576,1.60572,1.605725,-1.0,-1.0,-1
1.605725,1.605735,1.60572,1.60573,-1.0,-1.0,-1
1.60573,1.60577,1.605715,1.60574,-1.0,-1.0,-1
1.60574,1.60579,1.605735,1.605785,-1.0,-1.0,-1
1.605785,1.60579,1.60577,1.60578,-1.0,-1.0,-1
1.60578,1.605795,1.605735,1.60574,-1.0,-1.0,-1
1.60574,1.60576,1.605735,1.60575,-1.0,-1.0,-1
1.60575,1.605785,1.605745,1.605785,-1.0,-1.0,-1
1.605785,1.60579,1.605755,1.60578,-1.0,-1.0,-1
1.60578,1.605805,1.605775,1.605785,-1.0,-1.0,-1
1.605785,1.605815,1.60578,1.605815,-1.0,-1.0,-1
1.605815,1.605835,1.605815,1.605835,-1.0,-1.0,-1
1.605835,1.605855,1.60583,1.60585,-1.0,-1.0,-1
1.60585,1.605855,1.605845,1.605845,-1.0,-1.0,-1
1.605845,1.605855,1.605845,1.605845,-1.0,-1.0,-1
1.605845,1.60587,1.605845,1.605865,-1.0,-1.0,-1
1.605865,1.605865,1.605805,1.605805,-1.0,-1.0,-1
1.605805,1.605855,1.605805,1.60585,-1.0,-1.0,-1
1.60585,1.60586,1.60582,1.60586,-1.0,-1.0,-1
1.60586,1.605875,1.605855,1.605875,-1.0,-1.0,-1
1.605875,1.605875,1.605865,1.60587,-1.0,-1.0,-1
1.60587,1.60587,1.60587,1.60587,-1.0,-1.0,-1
1.60587,1.60588,1.60587,1.60587,-1.0,-1.0,-1
1.60587,1.60588,1.60587,1.60588,-1.0,-1.0,-1
1.60588,1.6059,1.60583,1.60583,-1.0,-1.0,-1
1.60583,1.605835,1.605815,1.60583,-1.0,-1.0,-1
1.60583,1.60584,1.605825,1.605825,-1.0,-1.0,-1
1.605825,1.605835,1.605825,1.605835,-1.0,-1.0,-1
1.605835,1.605835,1.605825,1.605825,-1.0,-1.0,-1
1.605825,1.605835,1.605805,1.605805,-1.0,-1.0,-1
1.605805,1.605815,1.605785,1.6058,-1.0,-1.0,-1
1.6058,1.6058,1.60578,1.6058,-1.0,-1.0,-1
1.6058,1.60581,1.605785,1.60579,-1.0,-1.0,-1
1.60579,1.605795,1.605785,1.60579,-1.0,-1.0,-1
1.60579,1.605795,1.605755,1.60579,-1.0,-1.0,-1
1.60579,1.605795,1.60578,1.60578,-1.0,-1.0,-1
1.60578,1.605795,1.605775,1.605785,-1.0,-1.0,-1
1.605785,1.605795,1.605755,1.60579,-1.0,-1.0,-1
1.60579,1.60581,1.60578,1.605805,-1.0,-1.0,-1
1.605805,1.605815,1.605795,1.60581,-1.0,-1.0,-1
1.60581,1.605815,1.605795,1.605805,-1.0,-1.0,-1
1.605805,1.605825,1.605805,1.60582,-1.0,-1.0,-1
1.60582,1.605825,1.60578,1.60579,-1.0,-1.0,-1
1.60579,1.605815,1.605775,1.60578,-1.0,-1.0,-1
1.60578,1.605835,1.605775,1.60582,-1.0,-1.0,-1
1.60582,1.60583,1.60582,1.605825,-1.0,-1.0,-1
1.605825,1.605835,1.605825,1.605835,-1.0,-1.0,-1
1.605835,1.605835,1.605815,1.605815,-1.0,-1.0,-1
1.605815,1.605835,1.605785,1.60579,-1.0,-1.0,-1
1.60579,1.605805,1.60578,1.60579,-1.0,-1.0,-1
1.60579,1.605795,1.60578,1.605785,-1.0,-1.0,-1
1.605785,1.605785,1.605765,1.605765,-1.0,-1.0,-1
1.605765,1.605785,1.605755,1.60577,-1.0,-1.0,-1
1.60577,1.60578,1.60577,1.60577,-1.0,-1.0,-1
1.60577,1.605795,1.605765,1.605795,-1.0,-1.0,-1
1.605795,1.605795,1.60578,1.605785,-1.0,-1.0,-1
1.605785,1.6058,1.60578,1.605785,-1.0,-1.0,-1
1.605785,1.605815,1.60578,1.605815,-1.0,-1.0,-1
1.605815,1.60583,1.60578,1.6058,-1.0,-1.0,-1
1.6058,1.6058,1.60578,1.60579,-1.0,-1.0,-1
1.60579,1.605805,1.605765,1.60578,-1.0,-1.0,-1
1.60578,1.6058,1.605765,1.60578,-1.0,-1.0,-1
1.60578,1.60579,1.605775,1.60578,-1.0,-1.0,-1
1.60578,1.60578,1.60574,1.60574,-1.0,-1.0,-1
1.60574,1.60576,1.60574,1.60574,-1.0,-1.0,-1
1.60574,1.60576,1.60574,1.60575,-1.0,-1.0,-1
1.60575,1.60577,1.60574,1.60575,-1.0,-1.0,-1
1.60575,1.60575,1.605725,1.605725,-1.0,-1.0,-1
1.605725,1.605765,1.605725,1.60575,-1.0,-1.0,-1
1.60575,1.605775,1.605735,1.60577,-1.0,-1.0,-1
1.60577,1.605775,1.60577,1.60577,-1.0,-1.0,-1
1.60577,1.605775,1.605755,1.60577,-1.0,-1.0,-1
1.60577,1.605775,1.60576,1.60576,-1.0,-1.0,-1
1.60576,1.60579,1.60576,1.605775,-1.0,-1.0,-1
1.605775,1.605775,1.60575,1.60575,-1.0,-1.0,-1
1.60575,1.605765,1.60575,1.60576,-1.0,-1.0,-1
1.60576,1.605765,1.60575,1.60575,-1.0,-1.0,-1
1.60575,1.60576,1.60574,1.605755,-1.0,-1.0,-1
1.605755,1.60576,1.605725,1.605735,-1.0,-1.0,-1
1.605735,1.605745,1.60573,1.60573,-1.0,-1.0,-1
1.60573,1.605745,1.605705,1.605725,-1.0,-1.0,-1
1.605725,1.605725,1.60569,1.605705,-1.0,-1.0,-1
1.605705,1.605705,1.605675,1.6057,-1.0,-1.0,-1
1.6057,1.605715,1.60568,1.6057,-1.0,-1.0,-1
1.6057,1.6057,1.60568,1.60568,-1.0,-1.0,-1
1.60568,1.60569,1.60568,1.60569,-1.0,-1.0,-1
1.60569,1.605695,1.60568,1.605695,-1.0,-1.0,-1
1.605695,1.60571,1.605695,1.605695,-1.0,-1.0,-1
1.605695,1.605705,1.60569,1.605705,-1.0,-1.0,-1
1.605705,1.60571,1.60569,1.6057,-1.0,-1.0,-1
1.6057,1.6057,1.605695,1.605695,-1.0,-1.0,-1
1.605695,1.6057,1.605695,1.6057,-1.0,-1.0,-1
1.6057,1.60572,1.605685,1.60569,-1.0,-1.0,-1
1.60569,1.605705,1.60569,1.605705,-1.0,-1.0,-1
1.605705,1.60571,1.60569,1.605705,-1.0,-1.0,-1
1.605705,1.60571,1.605695,1.605705,-1.0,-1.0,-1
1.605705,1.60572,1.605695,1.60571,-1.0,-1.0,-1
1.60571,1.60572,1.6057,1.605705,-1.0,-1.0,-1
1.605705,1.605725,1.605695,1.60571,-1.0,-1.0,-1
1.60571,1.60571,1.605695,1.6057,-1.0,-1.0,-1
1.6057,1.605725,1.605695,1.60572,-1.0,-1.0,-1
1.60572,1.60572,1.60566,1.60566,-1.0,-1.0,-1
1.60566,1.605685,1.60565,1.60568,-1.0,-1.0,-1
1.60568,1.605705,1.60566,1.6057,-1.0,-1.0,-1
1.6057,1.605705,1.60566,1.60566,-1.0,-1.0,-1
1.60566,1.60566,1.605645,1.605645,-1.0,-1.0,-1
1.605645,1.60566,1.60564,1.60565,-1.0,-1.0,-1
1.60565,1.60566,1.605635,1.605645,-1.0,-1.0,-1
1.605645,1.60567,1.605645,1.605665,-1.0,-1.0,-1
1.605665,1.60567,1.605645,1.605655,-1.0,-1.0,-1
1.605655,1.605685,1.60565,1.605655,-1.0,-1.0,-1
1.605655,1.60568,1.605625,1.60564,-1.0,-1.0,-1
1.60564,1.60564,1.605625,1.605625,-1.0,-1.0,-1
1.605625,1.60564,1.60554,1.60557,-1.0,-1.0,-1
1.60557,1.605595,1.605565,1.605585,-1.0,-1.0,-1
1.605585,1.6056,1.605575,1.605585,-1.0,-1.0,-1
1.605585,1.6056,1.60558,1.605585,-1.0,-1.0,-1
1.605585,1.605615,1.60558,1.6056,-1.0,-1.0,-1
1.6056,1.605605,1.60559,1.605605,-1.0,-1.0,-1
1.605605,1.605615,1.6056,1.605615,-1.0,-1.0,-1
1.605615,1.60569,1.60561,1.605685,-1.0,-1.0,-1
1.605685,1.60569,1.60568,1.605685,-1.0,-1.0,-1
1.605685,1.605705,1.60566,1.605705,-1.0,-1.0,-1
1.605705,1.605715,1.605695,1.605715,-1.0,-1.0,-1
1.605715,1.60572,1.6057,1.6057,-1.0,-1.0,-1
1.6057,1.605715,1.60569,1.605705,-1.0,-1.0,-1
1.605705,1.60572,1.605695,1.60572,-1.0,-1.0,-1
1.60572,1.60572,1.60569,1.60572,-1.0,-1.0,-1
1.60572,1.60572,1.605705,1.605715,-1.0,-1.0,-1
1.605715,1.605725,1.60571,1.605725,-1.0,-1.0,-1
1.605725,1.60573,1.605725,1.605725,-1.0,-1.0,-1
1.605725,1.605725,1.605705,1.60571,-1.0,-1.0,-1
1.60571,1.60572,1.605695,1.60572,-1.0,-1.0,-1
1.60572,1.605725,1.6057,1.605715,-1.0,-1.0,-1
1.605715,1.60573,1.605695,1.605715,-1.0,-1.0,-1
1.605715,1.605725,1.6057,1.605705,-1.0,-1.0,-1
1.605705,1.60575,1.605695,1.60574,-1.0,-1.0,-1
1.60574,1.605745,1.605715,1.60572,-1.0,-1.0,-1
1.60572,1.605735,1.60572,1.605735,-1.0,-1.0,-1
1.605735,1.605735,1.605695,1.60571,-1.0,-1.0,-1
1.60571,1.60571,1.60568,1.60568,-1.0,-1.0,-1
1.60568,1.60571,1.60568,1.6057,-1.0,-1.0,-1
1.6057,1.605715,1.605695,1.6057,-1.0,-1.0,-1
1.6057,1.60571,1.605695,1.60571,-1.0,-1.0,-1
1.60571,1.60571,1.6057,1.60571,-1.0,-1.0,-1
1.60571,1.60572,1.605695,1.6057,-1.0,-1.0,-1
1.6057,1.605715,1.605695,1.605705,-1.0,-1.0,-1
1.605705,1.605715,1.6057,1.605715,-1.0,-1.0,-1
1.605715,1.605715,1.605705,1.60571,-1.0,-1.0,-1
1.60571,1.60573,1.605695,1.6057,-1.0,-1.0,-1
1.6057,1.6057,1.605675,1.60568,-1.0,-1.0,-1
1.60568,1.60569,1.60566,1.60568,-1.0,-1.0,-1
1.60568,1.60569,1.60568,1.60568,-1.0,-1.0,-1
1.60568,1.60569,1.605675,1.60568,-1.0,-1.0,-1
1.60568,1.60569,1.605675,1.60568,-1.0,-1.0,-1
1.60568,1.60569,1.605665,1.605675,-1.0,-1.0,-1
1.605675,1.605685,1.605665,1.60567,-1.0,-1.0,-1
1.60567,1.605685,1.605665,1.60568,-1.0,-1.0,-1
1.60568,1.605685,1.605665,1.60567,-1.0,-1.0,-1
1.60567,1.605675,1.605655,1.605655,-1.0,-1.0,-1
1.605655,1.60568,1.605655,1.60567,-1.0,-1.0,-1
1.60567,1.605685,1.605665,1.605665,-1.0,-1.0,-1
1.605665,1.60569,1.605665,1.60568,-1.0,-1.0,-1
1.60568,1.605685,1.60566,1.605665,-1.0,-1.0,-1
1.605665,1.60569,1.605655,1.60569,-1.0,-1.0,-1
1.60569,1.60569,1.605675,1.605675,-1.0,-1.0,-1
1.605675,1.6057,1.605675,1.6057,-1.0,-1.0,-1
1.6057,1.6057,1.60568,1.60568,-1.0,-1.0,-1
1.60568,1.605715,1.60568,1.605715,-1.0,-1.0,-1
1.605715,1.605715,1.60568,1.60568,-1.0,-1.0,-1
1.60568,1.6057,1.605675,1.6057,-1.0,-1.0,-1
1.6057,1.6057,1.60568,1.60568,-1.0,-1.0,-1
1.60568,1.605705,1.605675,1.605705,-1.0,-1.0,-1
1.605705,1.605705,1.60568,1.60568,-1.0,-1.0,-1
1.60568,1.60569,1.60568,1.60568,-1.0,-1.0,-1
1.60568,1.60571,1.60568,1.60569,-1.0,-1.0,-1
1.60569,1.605705,1.60569,1.605705,-1.0,-1.0,-1
1.605705,1.605705,1.60566,1.60568,-1.0,-1.0,-1
1.60568,1.605715,1.605675,1.60569,-1.0,-1.0,-1
1.60569,1.605745,1.605675,1.605745,-1.0,-1.0,-1
1.605745,1.60575,1.60563,1.60563,-1.0,-1.0,-1
1.60563,1.60563,1.605605,1.60561,-1.0,-1.0,-1
1.60561,1.60564,1.605605,1.60564,-1.0,-1.0,-1
1.60564,1.60566,1.605615,1.605635,-1.0,-1.0,-1
1.605635,1.605635,1.605615,1.605635,-1.0,-1.0,-1
1.605635,1.605645,1.605635,1.60564,-1.0,-1.0,-1
1.60564,1.60565,1.60561,1.605625,-1.0,-1.0,-1
1.605625,1.605675,1.605625,1.60563,-1.0,-1.0,-1
1.60563,1.60564,1.6056,1.6056,-1.0,-1.0,-1
1.6056,1.60561,1.605585,1.60559,-1.0,-1.0,-1
1.60559,1.60562,1.605585,1.60559,-1.0,-1.0,-1
1.60559,1.605605,1.605575,1.605595,-1.0,-1.0,-1
1.605595,1.605595,1.60557,1.60559,-1.0,-1.0,-1
1.60559,1.60559,1.60554,1.60554,-1.0,-1.0,-1
1.60554,1.605555,1.60554,1.605555,-1.0,-1.0,-1
1.605555,1.60556,1.605515,1.60553,-1.0,-1.0,-1
1.60553,1.605535,1.6055,1.60551,-1.0,-1.0,-1
1.60551,1.60556,1.605495,1.605545,-1.0,-1.0,-1
1.605545,1.60557,1.605545,1.60557,-1.0,-1.0,-1
1.60557,1.605575,1.60556,1.605575,-1.0,-1.0,-1
1.605575,1.60558,1.605565,1.605575,-1.0,-1.0,-1
1.605575,1.605595,1.60555,1.60557,-1.0,-1.0,-1
1.60557,1.60557,1.60551,1.605525,-1.0,-1.0,-1
1.605525,1.605565,1.605515,1.60555,-1.0,-1.0,-1
1.60555,1.60558,1.605525,1.605545,-1.0,-1.0,-1
1.605545,1.605585,1.605545,1.60556,-1.0,-1.0,-1
1.60556,1.60558,1.605555,1.605555,-1.0,-1.0,-1
1.605555,1.605585,1.605555,1.60557,-1.0,-1.0,-1
1.60557,1.60559,1.605565,1.605585,-1.0,-1.0,-1
1.605585,1.6056,1.605575,1.605585,-1.0,-1.0,-1
1.605585,1.605595,1.60557,1.60559,-1.0,-1.0,-1
1.60559,1.6056,1.605555,1.6056,-1.0,-1.0,-1
1.6056,1.605605,1.605595,1.6056,-1.0,-1.0,-1
1.6056,1.605605,1.605595,1.605605,-1.0,-1.0,-1
1.605605,1.60562,1.6056,1.6056,-1.0,-1.0,-1
1.6056,1.6056,1.605585,1.605585,-1.0,-1.0,-1
1.605585,1.6056,1.605585,1.60559,-1.0,-1.0,-1
1.60559,1.60562,1.605585,1.60562,-1.0,-1.0,-1
1.60562,1.60562,1.605565,1.6056,-1.0,-1.0,-1
1.6056,1.6056,1.60559,1.60559,-1.0,-1.0,-1
1.60559,1.605595,1.605575,1.605575,-1.0,-1.0,-1
1.605575,1.605585,1.605555,1.60557,-1.0,-1.0,-1
1.60557,1.605585,1.605535,1.60554,-1.0,-1.0,-1
1.60554,1.605585,1.60554,1.60558,-1.0,-1.0,-1
1.60558,1.6056,1.605565,1.605565,-1.0,-1.0,-1
1.605565,1.605585,1.60556,1.60558,-1.0,-1.0,-1
1.60558,1.605585,1.605555,1.60558,-1.0,-1.0,-1
1.60558,1.605585,1.60555,1.60556,-1.0,-1.0,-1
1.60556,1.60556,1.60554,1.605545,-1.0,-1.0,-1
1.605545,1.605565,1.605515,1.605565,-1.0,-1.0,-1
1.605565,1.60557,1.60555,1.605555,-1.0,-1.0,-1
1.605555,1.605565,1.60554,1.60556,-1.0,-1.0,-1
1.60556,1.60558,1.605545,1.605565,-1.0,-1.0,-1
1.605565,1.60559,1.60553,1.605575,-1.0,-1.0,-1
1.605575,1.605615,1.60555,1.6056,-1.0,-1.0,-1
1.6056,1.605605,1.60558,1.605585,-1.0,-1.0,-1
1.605585,1.6056,1.60558,1.6056,-1.0,-1.0,-1
1.6056,1.6056,1.60558,1.60558,-1.0,-1.0,-1
1.60558,1.6056,1.60558,1.605585,-1.0,-1.0,-1
1.605585,1.605615,1.605585,1.60561,-1.0,-1.0,-1
1.60561,1.60562,1.6056,1.6056,-1.0,-1.0,-1
1.6056,1.60562,1.6056,1.605605,-1.0,-1.0,-1
1.605605,1.60561,1.605605,1.60561,-1.0,-1.0,-1
1.60561,1.605625,1.605595,1.605625,-1.0,-1.0,-1
1.605625,1.60564,1.6056,1.60562,-1.0,-1.0,-1
1.60562,1.60564,1.605605,1.605625,-1.0,-1.0,-1
1.605625,1.60563,1.605595,1.605595,-1.0,-1.0,-1
1.605595,1.6056,1.605575,1.60559,-1.0,-1.0,-1
1.60559,1.6056,1.60558,1.60558,-1.0,-1.0,-1
1.60558,1.60559,1.60555,1.60556,-1.0,-1.0,-1
1.60556,1.605585,1.605555,1.605565,-1.0,-1.0,-1
1.605565,1.605585,1.605555,1.605555,-1.0,-1.0,-1
1.605555,1.60559,1.605545,1.60558,-1.0,-1.0,-1
1.60558,1.605585,1.605555,1.60558,-1.0,-1.0,-1
1.60558,1.605585,1.6055,1.60554,-1.0,-1.0,-1
1.60554,1.60554,1.6055,1.60551,-1.0,-1.0,-1
1.60551,1.60553,1.6055,1.60553,-1.0,-1.0,-1
1.60553,1.60553,1.60551,1.60551,-1.0,-1.0,-1
1.60551,1.60552,1.6055,1.6055,-1.0,-1.0,-1
1.6055,1.60554,1.6055,1.60553,-1.0,-1.0,-1
1.60553,1.605535,1.6055,1.605535,-1.0,-1.0,-1
1.605535,1.605555,1.60553,1.605555,-1.0,-1.0,-1
1.605555,1.60556,1.60552,1.60554,-1.0,-1.0,-1
1.60554,1.60554,1.605515,1.60553,-1.0,-1.0,-1
1.60553,1.60553,1.60551,1.60552,-1.0,-1.0,-1
1.60552,1.605545,1.6055,1.605535,-1.0,-1.0,-1
1.605535,1.60554,1.605515,1.60554,-1.0,-1.0,-1
1.60554,1.60554,1.605515,1.605535,-1.0,-1.0,-1
1.605535,1.605545,1.60552,1.60554,-1.0,-1.0,-1
1.60554,1.605545,1.605525,1.60553,-1.0,-1.0,-1
1.60553,1.60554,1.605515,1.60554,-1.0,-1.0,-1
1.60554,1.60554,1.60552,1.60553,-1.0,-1.0,-1
1.60553,1.60554,1.60552,1.60554,-1.0,-1.0,-1
1.60554,1.60554,1.60554,1.60554,-1.0,-1.0,-1
1.60554,1.605555,1.60552,1.605535,-1.0,-1.0,-1
1.605535,1.60554,1.60552,1.60553,-1.0,-1.0,-1
1.60553,1.60554,1.605525,1.60554,-1.0,-1.0,-1
1.60554,1.605595,1.605525,1.60559,-1.0,-1.0,-1
1.60559,1.6056,1.605575,1.605585,-1.0,-1.0,-1
1.605585,1.605595,1.605575,1.60559,-1.0,-1.0,-1
1.60559,1.60561,1.605585,1.6056,-1.0,-1.0,-1
1.6056,1.6056,1.605555,1.60557,-1.0,-1.0,-1
1.60557,1.605595,1.60557,1.60558,-1.0,-1.0,-1
1.60558,1.60561,1.60558,1.6056,-1.0,-1.0,-1
1.6056,1.60561,1.60559,1.605605,-1.0,-1.0,-1
1.605605,1.60563,1.605605,1.60562,-1.0,-1.0,-1
1.60562,1.60564,1.605615,1.605625,-1.0,-1.0,-1
1.605625,1.605635,1.605615,1.605625,-1.0,-1.0,-1
1.605625,1.60563,1.605605,1.60562,-1.0,-1.0,-1
1.60562,1.605635,1.60561,1.60563,-1.0,-1.0,-1
1.60563,1.60563,1.6056,1.60563,-1.0,-1.0,-1
1.60563,1.60563,1.605605,1.605605,-1.0,-1.0,-1
1.605605,1.60561,1.6056,1.605605,-1.0,-1.0,-1
1.605605,1.605605,1.6056,1.6056,-1.0,-1.0,-1
1.6056,1.605605,1.6056,1.605605,-1.0,-1.0,-1
1.605605,1.605605,1.6056,1.605605,-1.0,-1.0,-1
1.605605,1.605635,1.605605,1.605635,-1.0,-1.0,-1
1.605635,1.605645,1.60563,1.60564,-1.0,-1.0,-1
1.60564,1.605645,1.605625,1.60564,-1.0,-1.0,-1
1.60564,1.60565,1.605615,1.60565,-1.0,-1.0,-1
1.60565,1.60565,1.605615,1.60562,-1.0,-1.0,-1
1.60562,1.60564,1.6056,1.6056,-1.0,-1.0,-1
1.6056,1.60561,1.60559,1.60561,-1.0,-1.0,-1
1.60561,1.60561,1.60559,1.6056,-1.0,-1.0,-1
1.6056,1.605615,1.60559,1.605615,-1.0,-1.0,-1
1.605615,1.605615,1.60559,1.60561,-1.0,-1.0,-1
1.60561,1.60561,1.605605,1.60561,-1.0,-1.0,-1
1.60561,1.605615,1.60559,1.60559,-1.0,-1.0,-1
1.60559,1.60561,1.60559,1.60559,-1.0,-1.0,-1
1.60559,1.60561,1.60559,1.60561,-1.0,-1.0,-1
1.60561,1.60563,1.605605,1.605625,-1.0,-1.0,-1
1.605625,1.605635,1.605625,1.605635,-1.0,-1.0,-1
1.605635,1.60565,1.60561,1.605635,-1.0,-1.0,-1
1.605635,1.60565,1.605635,1.605635,-1.0,-1.0,-1
1.605635,1.605635,1.605635,1.605635,-1.0,-1.0,-1
1.605635,1.605635,1.60559,1.60559,-1.0,-1.0,-1
1.60559,1.605595,1.605585,1.60559,-1.0,-1.0,-1
1.60559,1.6056,1.605575,1.60559,-1.0,-1.0,-1
1.60559,1.605595,1.605575,1.60559,-1.0,-1.0,-1
1.60559,1.60561,1.60554,1.60554,-1.0,-1.0,-1
1.60554,1.605555,1.605535,1.60555,-1.0,-1.0,-1
1.60555,1.605555,1.605535,1.605555,-1.0,-1.0,-1
1.605555,1.60556,1.60554,1.60554,-1.0,-1.0,-1
1.60554,1.60555,1.605535,1.60555,-1.0,-1.0,-1
1.60555,1.605565,1.605535,1.605535,-1.0,-1.0,-1
1.605535,1.60555,1.60552,1.60554,-1.0,-1.0,-1
1.60554,1.60555,1.605535,1.60555,-1.0,-1.0,-1
1.60555,1.605565,1.60554,1.60554,-1.0,-1.0,-1
1.60554,1.60554,1.60552,1.605525,-1.0,-1.0,-1
1.605525,1.605545,1.60552,1.60553,-1.0,-1.0,-1
1.60553,1.60555,1.605525,1.60555,-1.0,-1.0,-1
1.60555,1.605565,1.605545,1.60555,-1.0,-1.0,-1
1.60555,1.60555,1.605535,1.605535,-1.0,-1.0,-1
1.605535,1.605565,1.605525,1.605555,-1.0,-1.0,-1
1.605555,1.605555,1.605545,1.605545,-1.0,-1.0,-1
1.605545,1.605555,1.60554,1.60555,-1.0,-1.0,-1
1.60555,1.60555,1.60554,1.60554,-1.0,-1.0,-1
1.60554,1.605555,1.605535,1.60555,-1.0,-1.0,-1
1.60555,1.60555,1.60554,1.60554,-1.0,-1.0,-1
1.60554,1.605555,1.60554,1.60555,-1.0,-1.0,-1
1.60555,1.605555,1.605545,1.605555,-1.0,-1.0,-1
1.605555,1.605555,1.60555,1.60555,-1.0,-1.0,-1
1.60555,1.605555,1.60555,1.605555,-1.0,-1.0,-1
1.605555,1.60556,1.60554,1.60554,-1.0,-1.0,-1
1.60554,1.605545,1.605525,1.605535,-1.0,-1.0,-1
1.605535,1.60554,1.60553,1.60554,-1.0,-1.0,-1
1.60554,1.60554,1.60554,1.60554,-1.0,-1.0,-1
1.60554,1.605555,1.605525,1.60554,-1.0,-1.0,-1
1.60554,1.605555,1.60553,1.60555,-1.0,-1.0,-1
1.60555,1.605565,1.60555,1.60556,-1.0,-1.0,-1
1.60556,1.60556,1.60556,1.60556,-1.0,-1.0,-1
1.60556,1.60556,1.605505,1.605505,-1.0,-1.0,-1
1.605505,1.60551,1.605505,1.605505,-1.0,-1.0,-1
1.605505,1.60551,1.60549,1.60551,-1.0,-1.0,-1
1.60551,1.60551,1.60551,1.60551,-1.0,-1.0,-1
1.60551,1.60554,1.605485,1.6055,-1.0,-1.0,-1
1.6055,1.60551,1.605495,1.60551,-1.0,-1.0,-1
1.60551,1.605515,1.6055,1.60551,-1.0,-1.0,-1
1.60551,1.605525,1.60551,1.60552,-1.0,-1.0,-1
1.60552,1.60553,1.6055,1.60552,-1.0,-1.0,-1
1.60552,1.60552,1.6055,1.6055,-1.0,-1.0,-1
1.6055,1.60552,1.6055,1.60551,-1.0,-1.0,-1
1.60551,1.605525,1.605495,1.6055,-1.0,-1.0,-1
1.6055,1.605525,1.605495,1.60551,-1.0,-1.0,-1
1.60551,1.605515,1.605495,1.60551,-1.0,-1.0,-1
1.60551,1.60551,1.60547,1.60551,-1.0,-1.0,-1
1.60551,1.60551,1.605495,1.6055,-1.0,-1.0,-1
1.6055,1.60551,1.605495,1.60551,-1.0,-1.0,-1
1.60551,1.60551,1.605495,1.605495,-1.0,-1.0,-1
1.605495,1.605505,1.605495,1.6055,-1.0,-1.0,-1
1.6055,1.60551,1.6055,1.6055,-1.0,-1.0,-1
1.6055,1.60552,1.605495,1.60551,-1.0,-1.0,-1
1.60551,1.60552,1.605475,1.60548,-1.0,-1.0,-1
1.60548,1.60548,1.60547,1.60547,-1.0,-1.0,-1
1.60547,1.60547,1.60547,1.60547,-1.0,-1.0,-1
1.60547,1.605495,1.60547,1.605485,-1.0,-1.0,-1
1.605485,1.6055,1.605485,1.605485,-1.0,-1.0,-1
1.605485,1.60549,1.605465,1.605465,-1.0,-1.0,-1
1.605465,1.60547,1.605455,1.605455,-1.0,-1.0,-1
1.605455,1.60547,1.605455,1.60546,-1.0,-1.0,-1
1.60546,1.605475,1.60546,1.60546,-1.0,-1.0,-1
1.60546,1.60547,1.60544,1.60547,-1.0,-1.0,-1
1.60547,1.60547,1.60544,1.605455,-1.0,-1.0,-1
1.605455,1.605455,1.60543,1.60544,-1.0,-1.0,-1
1.60544,1.605445,1.60543,1.605435,-1.0,-1.0,-1
1.605435,1.60547,1.60543,1.605445,-1.0,-1.0,-1
1.605445,1.605475,1.60544,1.60546,-1.0,-1.0,-1
1.60546,1.605465,1.60544,1.605445,-1.0,-1.0,-1
1.605445,1.60546,1.60543,1.60546,-1.0,-1.0,-1
1.60546,1.605465,1.605405,1.60543,-1.0,-1.0,-1
1.60543,1.60543,1.605395,1.60541,-1.0,-1.0,-1
1.60541,1.605425,1.605405,1.605405,-1.0,-1.0,-1
1.605405,1.60541,1.60539,1.6054,-1.0,-1.0,-1
1.6054,1.60542,1.6054,1.6054,-1.0,-1.0,-1
1.6054,1.605425,1.6054,1.60542,-1.0,-1.0,-1
1.60542,1.605425,1.605405,1.60542,-1.0,-1.0,-1
1.60542,1.60545,1.605405,1.60545,-1.0,-1.0,-1
1.60545,1.60546,1.605425,1.60545,-1.0,-1.0,-1
1.60545,1.60546,1.605425,1.605425,-1.0,-1.0,-1
1.605425,1.60546,1.605425,1.605445,-1.0,-1.0,-1
1.605445,1.60546,1.605435,1.60545,-1.0,-1.0,-1
1.60545,1.60546,1.605435,1.605445,-1.0,-1.0,-1
1.605445,1.60545,1.605435,1.60545,-1.0,-1.0,-1
1.60545,1.60547,1.60544,1.60547,-1.0,-1.0,-1
1.60547,1.60548,1.605435,1.60546,-1.0,-1.0,-1
1.60546,1.60547,1.60544,1.60547,-1.0,-1.0,-1
1.60547,1.60547,1.605455,1.60546,-1.0,-1.0,-1
1.60546,1.60546,1.60544,1.605445,-1.0,-1.0,-1
1.605445,1.60546,1.60543,1.60545,-1.0,-1.0,-1
1.60545,1.60545,1.605405,1.605425,-1.0,-1.0,-1
1.605425,1.605435,1.605405,1.60542,-1.0,-1.0,-1
1.60542,1.605425,1.605405,1.605405,-1.0,-1.0,-1
1.605405,1.60541,1.60538,1.605395,-1.0,-1.0,-1
1.605395,1.605405,1.60536,1.60539,-1.0,-1.0,-1
1.60539,1.605395,1.605375,1.60539,-1.0,-1.0,-1
1.60539,1.60539,1.60537,1.60537,-1.0,-1.0,-1
1.60537,1.605375,1.605355,1.60536,-1.0,-1.0,-1
1.60536,1.60539,1.605355,1.60538,-1.0,-1.0,-1
1.60538,1.6054,1.605375,1.6054,-1.0,-1.0,-1
1.6054,1.6054,1.60538,1.605395,-1.0,-1.0,-1
1.605395,1.6054,1.60538,1.60538,-1.0,-1.0,-1
1.60538,1.605405,1.60538,1.60538,-1.0,-1.0,-1
1.60538,1.605415,1.60538,1.605405,-1.0,-1.0,-1
1.605405,1.605405,1.60537,1.605375,-1.0,-1.0,-1
1.605375,1.605385,1.605375,1.60538,-1.0,-1.0,-1
1.60538,1.605415,1.605355,1.60537,-1.0,-1.0,-1
1.60537,1.60537,1.605345,1.605355,-1.0,-1.0,-1
1.605355,1.60536,1.605345,1.60536,-1.0,-1.0,-1
1.60536,1.60537,1.605345,1.605355,-1.0,-1.0,-1
1.605355,1.60537,1.60535,1.60537,-1.0,-1.0,-1
1.60537,1.605385,1.605355,1.605375,-1.0,-1.0,-1
1.605375,1.60542,1.60536,1.605405,-1.0,-1.0,-1
1.605405,1.60541,1.60539,1.60539,-1.0,-1.0,-1
1.60539,1.60544,1.60539,1.60542,-1.0,-1.0,-1
1.60542,1.60543,1.605415,1.60543,-1.0,-1.0,-1
1.60543,1.605435,1.60541,1.60542,-1.0,-1.0,-1
1.60542,1.605425,1.605405,1.605405,-1.0,-1.0,-1
1.605405,1.605425,1.605405,1.60542,-1.0,-1.0,-1
1.60542,1.605425,1.605405,1.605405,-1.0,-1.0,-1
1.605405,1.605425,1.605405,1.60541,-1.0,-1.0,-1
1.60541,1.605425,1.605405,1.605405,-1.0,-1.0,-1
1.605405,1.605425,1.605405,1.60542,-1.0,-1.0,-1
1.60542,1.605425,1.605405,1.605405,-1.0,-1.0,-1
1.605405,1.605425,1.605395,1.605415,-1.0,-1.0,-1
1.605415,1.60542,1.605405,1.60541,-1.0,-1.0,-1
1.60541,1.605425,1.605405,1.60542,-1.0,-1.0,-1
1.60542,1.605425,1.605415,1.605415,-1.0,-1.0,-1
1.605415,1.60543,1.605415,1.60543,-1.0,-1.0,-1
1.60543,1.60543,1.60542,1.60542,-1.0,-1.0,-1
1.60542,1.605425,1.605405,1.60542,-1.0,-1.0,-1
1.60542,1.605425,1.605405,1.60541,-1.0,-1.0,-1
1.60541,1.605425,1.605405,1.60542,-1.0,-1.0,-1
1.60542,1.605465,1.60542,1.60546,-1.0,-1.0,-1
1.60546,1.60546,1.605455,1.60546,-1.0,-1.0,-1
1.60546,1.60548,1.60546,1.60548,-1.0,-1.0,-1
1.60548,1.605495,1.605465,1.60548,-1.0,-1.0,-1
1.60548,1.605505,1.605465,1.60548,-1.0,-1.0,-1
1.60548,1.60548,1.605465,1.60547,-1.0,-1.0,-1
1.60547,1.60548,1.605465,1.605465,-1.0,-1.0,-1
1.605465,1.60547,1.60546,1.60547,-1.0,-1.0,-1
1.60547,1.605475,1.605455,1.60547,-1.0,-1.0,-1
1.60547,1.60552,1.60546,1.605475,-1.0,-1.0,-1
1.605475,1.60548,1.605465,1.605475,-1.0,-1.0,-1
1.605475,1.605505,1.605465,1.605495,-1.0,-1.0,-1
1.605495,1.6055,1.605465,1.60547,-1.0,-1.0,-1
1.60547,1.605505,1.60547,1.60549,-1.0,-1.0,-1
1.60549,1.605495,1.60549,1.60549,-1.0,-1.0,-1
1.60549,1.605505,1.605485,1.6055,-1.0,-1.0,-1
1.6055,1.605505,1.60549,1.6055,-1.0,-1.0,-1
1.6055,1.605505,1.60548,1.60549,-1.0,-1.0,-1
1.60549,1.605505,1.60549,1.6055,-1.0,-1.0,-1
1.6055,1.605505,1.60549,1.60549,-1.0,-1.0,-1
1.60549,1.605495,1.605485,1.605485,-1.0,-1.0,-1
1.605485,1.605505,1.605485,1.605505,-1.0,-1.0,-1
1.605505,1.60551,1.605505,1.60551,-1.0,-1.0,-1
1.60551,1.60551,1.6055,1.6055,-1.0,-1.0,-1
1.6055,1.60555,1.6055,1.605545,-1.0,-1.0,-1
1.605545,1.60555,1.60552,1.60554,-1.0,-1.0,-1
1.60554,1.605555,1.60554,1.605555,-1.0,-1.0,-1
1.605555,1.605555,1.605555,1.605555,-1.0,-1.0,-1
1.605555,1.60556,1.605555,1.60556,-1.0,-1.0,-1
1.60556,1.605565,1.60556,1.605565,-1.0,-1.0,-1
1.605565,1.60557,1.60556,1.605565,-1.0,-1.0,-1
1.605565,1.60557,1.605565,1.60557,-1.0,-1.0,-1
1.60557,1.60558,1.60555,1.605555,-1.0,-1.0,-1
1.605555,1.605555,1.60552,1.605525,-1.0,-1.0,-1
1.605525,1.605525,1.60551,1.60551,-1.0,-1.0,-1
1.60551,1.60551,1.60551,1.60551,-1.0,-1.0,-1
1.60551,1.60551,1.60551,1.60551,-1.0,-1.0,-1
1.60551,1.60551,1.60551,1.60551,-1.0,-1.0,-1
1.60551,1.60551,1.60551,1.60551,-1.0,-1.0,-1
1.60551,1.60551,1.60551,1.60551,-1.0,-1.0,-1
1.60551,1.60551,1.605505,1.605505,-1.0,-1.0,-1
1.605505,1.605505,1.605505,1.605505,-1.0,-1.0,-1
1.605505,1.605505,1.60549,1.60549,-1.0,-1.0,-1
1.60549,1.605495,1.60548,1.60548,-1.0,-1.0,-1
1.60548,1.6055,1.60548,1.605485,-1.0,-1.0,-1
1.605485,1.60549,1.60548,1.60548,-1.0,-1.0,-1
1.60548,1.60549,1.60546,1.60547,-1.0,-1.0,-1
1.60547,1.60547,1.60547,1.60547,-1.0,-1.0,-1
1.60547,1.60548,1.60547,1.60548,-1.0,-1.0,-1
1.60548,1.60548,1.605475,1.605475,-1.0,-1.0,-1
1.605475,1.605475,1.605475,1.605475,-1.0,-1.0,-1
1.605475,1.60548,1.605425,1.60544,-1.0,-1.0,-1
1.60544,1.605455,1.605425,1.605455,-1.0,-1.0,-1
1.605455,1.605505,1.605455,1.605495,-1.0,-1.0,-1
1.605495,1.605505,1.605485,1.605505,-1.0,-1.0,-1
1.605505,1.60551,1.605485,1.6055,-1.0,-1.0,-1
1.6055,1.60551,1.60548,1.60549,-1.0,-1.0,-1
1.60549,1.60551,1.60549,1.60551,-1.0,-1.0,-1
1.60551,1.60551,1.60551,1.60551,-1.0,-1.0,-1
1.60551,1.60551,1.60548,1.605495,-1.0,-1.0,-1
1.605495,1.60551,1.60543,1.605445,-1.0,-1.0,-1
1.605445,1.605445,1.605435,1.605445,-1.0,-1.0,-1
1.605445,1.605475,1.60544,1.605475,-1.0,-1.0,-1
1.605475,1.60548,1.605455,1.605465,-1.0,-1.0,-1
1.605465,1.605465,1.605465,1.605465,-1.0,-1.0,-1
1.605465,1.605465,1.605465,1.605465,-1.0,-1.0,-1
1.605465,1.605465,1.605455,1.605465,-1.0,-1.0,-1
1.605465,1.605475,1.605465,1.605475,-1.0,-1.0,-1
1.605475,1.605475,1.60546,1.605465,-1.0,-1.0,-1
1.605465,1.605465,1.60544,1.605445,-1.0,-1.0,-1
1.605445,1.605465,1.60543,1.605465,-1.0,-1.0,-1
1.605465,1.60547,1.605455,1.60547,-1.0,-1.0,-1
1.60547,1.60547,1.605445,1.60545,-1.0,-1.0,-1
1.60545,1.60545,1.605445,1.60545,-1.0,-1.0,-1
1.60545,1.60551,1.60544,1.60551,-1.0,-1.0,-1
1.60551,1.60551,1.60549,1.605495,-1.0,-1.0,-1
1.605495,1.60551,1.605495,1.60551,-1.0,-1.0,-1
1.60551,1.60551,1.60549,1.60551,-1.0,-1.0,-1
1.60551,1.60552,1.60549,1.60551,-1.0,-1.0,-1
1.60551,1.60552,1.605495,1.60551,-1.0,-1.0,-1
1.60551,1.605525,1.605495,1.60552,-1.0,-1.0,-1
1.60552,1.60552,1.605475,1.60549,-1.0,-1.0,-1
1.60549,1.6055,1.60548,1.60549,-1.0,-1.0,-1
1.60549,1.60552,1.605485,1.60552,-1.0,-1.0,-1
1.60552,1.60553,1.60551,1.60551,-1.0,-1.0,-1
1.60551,1.60551,1.60551,1.60551,-1.0,-1.0,-1
1.60551,1.60552,1.605485,1.60552,-1.0,-1.0,-1
1.60552,1.60552,1.605495,1.60551,-1.0,-1.0,-1
1.60551,1.605525,1.6055,1.6055,-1.0,-1.0,-1
1.6055,1.605535,1.605485,1.605525,-1.0,-1.0,-1
1.605525,1.60554,1.6055,1.60551,-1.0,-1.0,-1
1.60551,1.60552,1.6055,1.6055,-1.0,-1.0,-1
1.6055,1.60552,1.6055,1.60551,-1.0,-1.0,-1
1.60551,1.605535,1.605495,1.60553,-1.0,-1.0,-1
1.60553,1.605565,1.605525,1.605565,-1.0,-1.0,-1
1.605565,1.605565,1.605545,1.605555,-1.0,-1.0,-1
1.605555,1.605555,1.605545,1.60555,-1.0,-1.0,-1
1.60555,1.605555,1.60555,1.605555,-1.0,-1.0,-1
1.605555,1.60556,1.60552,1.605535,-1.0,-1.0,-1
1.605535,1.60556,1.605535,1.60555,-1.0,-1.0,-1
1.60555,1.60556,1.605535,1.60556,-1.0,-1.0,-1
1.60556,1.60556,1.605545,1.60555,-1.0,-1.0,-1
1.60555,1.60555,1.60555,1.60555,-1.0,-1.0,-1
1.60555,1.60557,1.60552,1.60556,-1.0,-1.0,-1
1.60556,1.60557,1.60554,1.60555,-1.0,-1.0,-1
1.60555,1.60555,1.60554,1.60554,-1.0,-1.0,-1
1.60554,1.605545,1.605525,1.605535,-1.0,-1.0,-1
1.605535,1.605535,1.605535,1.605535,-1.0,-1.0,-1
1.605535,1.605545,1.605515,1.60552,-1.0,-1.0,-1
1.60552,1.60552,1.605515,1.60552,-1.0,-1.0,-1
1.60552,1.60553,1.605515,1.60552,-1.0,-1.0,-1
1.60552,1.60552,1.605515,1.60552,-1.0,-1.0,-1
1.60552,1.605545,1.605515,1.605535,-1.0,-1.0,-1
1.605535,1.60554,1.605515,1.60552,-1.0,-1.0,-1
1.60552,1.60554,1.605515,1.60553,-1.0,-1.0,-1
1.60553,1.605555,1.605515,1.60554,-1.0,-1.0,-1
1.60554,1.605545,1.605515,1.60553,-1.0,-1.0,-1
1.60553,1.605535,1.605515,1.60553,-1.0,-1.0,-1
1.60553,1.60553,1.6055,1.60552,-1.0,-1.0,-1
1.60552,1.60552,1.6055,1.6055,-1.0,-1.0,-1
1.6055,1.60551,1.605485,1.60551,-1.0,-1.0,-1
1.60551,1.60551,1.605495,1.6055,-1.0,-1.0,-1
1.6055,1.60551,1.605485,1.605485,-1.0,-1.0,-1
1.605485,1.605505,1.605475,1.6055,-1.0,-1.0,-1
1.6055,1.60551,1.60549,1.60551,-1.0,-1.0,-1
1.60551,1.60551,1.605495,1.60551,-1.0,-1.0,-1
1.60551,1.60551,1.605485,1.60549,-1.0,-1.0,-1
1.60549,1.60551,1.605485,1.60549,-1.0,-1.0,-1
1.60549,1.6055,1.60548,1.6055,-1.0,-1.0,-1
1.6055,1.60551,1.60547,1.60551,-1.0,-1.0,-1
1.60551,1.60552,1.60549,1.60549,-1.0,-1.0,-1
1.60549,1.605505,1.605475,1.60549,-1.0,-1.0,-1
1.60549,1.605505,1.605475,1.60549,-1.0,-1.0,-1
1.60549,1.605505,1.60549,1.6055,-1.0,-1.0,-1
1.6055,1.605505,1.605485,1.60549,-1.0,-1.0,-1
1.60549,1.605495,1.605475,1.605475,-1.0,-1.0,-1
1.605475,1.605505,1.605475,1.6055,-1.0,-1.0,-1
1.6055,1.605505,1.605475,1.605475,-1.0,-1.0,-1
1.605475,1.605495,1.605475,1.60548,-1.0,-1.0,-1
1.60548,1.60549,1.60546,1.60547,-1.0,-1.0,-1
1.60547,1.605495,1.60547,1.60549,-1.0,-1.0,-1
1.60549,1.605495,1.605465,1.60548,-1.0,-1.0,-1
1.60548,1.60548,1.605465,1.60548,-1.0,-1.0,-1
1.60548,1.605495,1.605475,1.60548,-1.0,-1.0,-1
1.60548,1.60548,1.60543,1.605435,-1.0,-1.0,-1
1.605435,1.60545,1.605425,1.60544,-1.0,-1.0,-1
1.60544,1.60546,1.605425,1.60543,-1.0,-1.0,-1
1.60543,1.60544,1.605425,1.605425,-1.0,-1.0,-1
1.605425,1.605425,1.605425,1.605425,-1.0,-1.0,-1
1.605425,1.60544,1.605425,1.605425,-1.0,-1.0,-1
1.605425,1.60544,1.605425,1.60544,-1.0,-1.0,-1
1.60544,1.60544,1.605435,1.60544,-1.0,-1.0,-1
1.60544,1.60545,1.60543,1.605435,-1.0,-1.0,-1
1.605435,1.60551,1.60543,1.60551,-1.0,-1.0,-1
1.60551,1.60551,1.60547,1.60547,-1.0,-1.0,-1
1.60547,1.605505,1.60547,1.605485,-1.0,-1.0,-1
1.605485,1.605495,1.605475,1.605475,-1.0,-1.0,-1
1.605475,1.605495,1.60547,1.60547,-1.0,-1.0,-1
1.60547,1.60548,1.60547,1.605475,-1.0,-1.0,-1
1.605475,1.605475,1.60547,1.60547,-1.0,-1.0,-1
1.60547,1.605495,1.60547,1.60549,-1.0,-1.0,-1
1.60549,1.6055,1.605485,1.605485,-1.0,-1.0,-1
1.605485,1.605505,1.605485,1.605485,-1.0,-1.0,-1
1.605485,1.6055,1.605475,1.60548,-1.0,-1.0,-1
1.60548,1.60548,1.60547,1.60547,-1.0,-1.0,-1
1.60547,1.6055,1.605435,1.605445,-1.0,-1.0,-1
1.605445,1.605465,1.60544,1.605465,-1.0,-1.0,-1
1.605465,1.605465,1.605455,1.605455,-1.0,-1.0,-1
1.605455,1.60546,1.605455,1.605455,-1.0,-1.0,-1
1.605455,1.60547,1.605455,1.605465,-1.0,-1.0,-1
1.605465,1.60547,1.60546,1.60546,-1.0,-1.0,-1
1.60546,1.60546,1.60546,1.60546,-1.0,-1.0,-1
1.60546,1.605465,1.605455,1.605465,-1.0,-1.0,-1
1.605465,1.60547,1.60546,1.60546,-1.0,-1.0,-1
1.60546,1.60547,1.60546,1.60547,-1.0,-1.0,-1
1.60547,1.60547,1.60546,1.605465,-1.0,-1.0,-1
1.605465,1.60547,1.605455,1.60546,-1.0,-1.0,-1
1.60546,1.60547,1.605455,1.605465,-1.0,-1.0,-1
1.605465,1.6055,1.605465,1.60547,-1.0,-1.0,-1
1.60547,1.605475,1.605465,1.60547,-1.0,-1.0,-1
1.60547,1.605515,1.60547,1.605505,-1.0,-1.0,-1
1.605505,1.605515,1.605475,1.605495,-1.0,-1.0,-1
1.605495,1.60551,1.605495,1.60551,-1.0,-1.0,-1
1.60551,1.60551,1.605495,1.605495,-1.0,-1.0,-1
1.605495,1.60551,1.605495,1.60551,-1.0,-1.0,-1
1.60551,1.60551,1.60551,1.60551,-1.0,-1.0,-1
1.60551,1.60551,1.60551,1.60551,-1.0,-1.0,-1
1.60551,1.60551,1.60551,1.60551,-1.0,-1.0,-1
1.60551,1.60551,1.605485,1.605495,-1.0,-1.0,-1
1.605495,1.6055,1.60549,1.60549,-1.0,-1.0,-1
1.60549,1.605495,1.605485,1.605485,-1.0,-1.0,-1
1.605485,1.605485,1.60547,1.605475,-1.0,-1.0,-1
1.605475,1.605475,1.605475,1.605475,-1.0,-1.0,-1
1.605475,1.605495,1.605475,1.60549,-1.0,-1.0,-1
1.60549,1.605495,1.60549,1.60549,-1.0,-1.0,-1
1.60549,1.605495,1.60549,1.60549,-1.0,-1.0,-1
1.60549,1.605495,1.60549,1.60549,-1.0,-1.0,-1
1.60549,1.60551,1.60549,1.60551,-1.0,-1.0,-1
1.60551,1.60551,1.60549,1.60549,-1.0,-1.0,-1
1.60549,1.605495,1.605475,1.605475,-1.0,-1.0,-1
1.605475,1.605495,1.605475,1.60549,-1.0,-1.0,-1
1.60549,1.6055,1.60549,1.6055,-1.0,-1.0,-1
1.6055,1.6055,1.6055,1.6055,-1.0,-1.0,-1
1.6055,1.6055,1.6055,1.6055,-1.0,-1.0,-1
1.6055,1.6055,1.6055,1.6055,-1.0,-1.0,-1
1.6055,1.6055,1.6055,1.6055,-1.0,-1.0,-1
1.6055,1.605505,1.605495,1.6055,-1.0,-1.0,-1
1.6055,1.605505,1.605485,1.605485,-1.0,-1.0,-1
1.605485,1.605495,1.605485,1.605485,-1.0,-1.0,-1
1.605485,1.605495,1.60548,1.605485,-1.0,-1.0,-1
1.605485,1.605495,1.605475,1.605485,-1.0,-1.0,-1
1.605485,1.60549,1.605475,1.605475,-1.0,-1.0,-1
1.605475,1.60551,1.605475,1.605495,-1.0,-1.0,-1
1.605495,1.60551,1.605495,1.60551,-1.0,-1.0,-1
1.60551,1.60551,1.605475,1.60549,-1.0,-1.0,-1
1.60549,1.605495,1.605485,1.60549,-1.0,-1.0,-1
1.60549,1.605495,1.605485,1.60549,-1.0,-1.0,-1
1.60549,1.605505,1.605485,1.605505,-1.0,-1.0,-1
1.605505,1.605505,1.605475,1.605485,-1.0,-1.0,-1
1.605485,1.605495,1.60547,1.605485,-1.0,-1.0,-1
1.605485,1.60549,1.605485,1.605485,-1.0,-1.0,-1
1.605485,1.60549,1.60545,1.605455,-1.0,-1.0,-1
1.605455,1.605485,1.605435,1.60547,-1.0,-1.0,-1
1.60547,1.60548,1.60546,1.60548,-1.0,-1.0,-1
1.60548,1.605485,1.605475,1.605485,-1.0,-1.0,-1
1.605485,1.605495,1.60547,1.60548,-1.0,-1.0,-1
1.60548,1.6055,1.605475,1.605485,-1.0,-1.0,-1
1.605485,1.605495,1.60548,1.605485,-1.0,-1.0,-1
1.605485,1.605495,1.605475,1.605475,-1.0,-1.0,-1
1.605475,1.60549,1.60544,1.60548,-1.0,-1.0,-1
1.60548,1.60548,1.605455,1.605455,-1.0,-1.0,-1
1.605455,1.605465,1.605455,1.605455,-1.0,-1.0,-1
1.605455,1.60546,1.605455,1.60546,-1.0,-1.0,-1
1.60546,1.605465,1.60544,1.60546,-1.0,-1.0,-1
1.60546,1.60548,1.60546,1.605475,-1.0,-1.0,-1
1.605475,1.60548,1.60547,1.60548,-1.0,-1.0,-1
1.60548,1.605495,1.60548,1.605485,-1.0,-1.0,-1
1.605485,1.60549,1.605475,1.60548,-1.0,-1.0,-1
1.60548,1.60552,1.605475,1.605495,-1.0,-1.0,-1
1.605495,1.605505,1.605465,1.605475,-1.0,-1.0,-1
1.605475,1.60549,1.605475,1.605485,-1.0,-1.0,-1
1.605485,1.60549,1.605425,1.605435,-1.0,-1.0,-1
1.605435,1.60544,1.60542,1.605435,-1.0,-1.0,-1
1.605435,1.605435,1.60542,1.60542,-1.0,-1.0,-1
1.60542,1.60545,1.60542,1.605445,-1.0,-1.0,-1
1.605445,1.60546,1.605425,1.60545,-1.0,-1.0,-1
1.60545,1.605455,1.60544,1.605445,-1.0,-1.0,-1
1.605445,1.605455,1.605425,1.605445,-1.0,-1.0,-1
1.605445,1.605465,1.60544,1.605465,-1.0,-1.0,-1
1.605465,1.605475,1.60544,1.605475,-1.0,-1.0,-1
1.605475,1.605475,1.60544,1.605455,-1.0,-1.0,-1
1.605455,1.60547,1.605455,1.60547,-1.0,-1.0,-1
1.60547,1.60547,1.605445,1.605465,-1.0,-1.0,-1
1.605465,1.605465,1.605445,1.60545,-1.0,-1.0,-1
1.60545,1.605465,1.605445,1.60546,-1.0,-1.0,-1
1.60546,1.60546,1.605455,1.605455,-1.0,-1.0,-1
1.605455,1.605465,1.605445,1.60546,-1.0,-1.0,-1
1.60546,1.605465,1.605445,1.60545,-1.0,-1.0,-1
1.60545,1.605455,1.60544,1.605445,-1.0,-1.0,-1
1.605445,1.60546,1.60544,1.605445,-1.0,-1.0,-1
1.605445,1.60546,1.60544,1.60546,-1.0,-1.0,-1
1.60546,1.60548,1.60546,1.60548,-1.0,-1.0,-1
1.60548,1.605505,1.605465,1.6055,-1.0,-1.0,-1
1.6055,1.60551,1.605485,1.6055,-1.0,-1.0,-1
1.6055,1.60552,1.605485,1.60551,-1.0,-1.0,-1
1.60551,1.605525,1.60551,1.60551,-1.0,-1.0,-1
1.60551,1.605525,1.60551,1.60551,-1.0,-1.0,-1
1.60551,1.60551,1.60551,1.60551,-1.0,-1.0,-1
1.60551,1.60553,1.6055,1.60552,-1.0,-1.0,-1
1.60552,1.60553,1.6055,1.6055,-1.0,-1.0,-1
1.6055,1.60552,1.6055,1.60551,-1.0,-1.0,-1
1.60551,1.60552,1.605495,1.60551,-1.0,-1.0,-1
1.60551,1.60552,1.60551,1.60551,-1.0,-1.0,-1
1.60551,1.60552,1.605475,1.605475,-1.0,-1.0,-1
1.605475,1.605495,1.605475,1.60548,-1.0,-1.0,-1
1.60548,1.60548,1.60546,1.605465,-1.0,-1.0,-1
1.605465,1.605475,1.60544,1.605475,-1.0,-1.0,-1
1.605475,1.605485,1.605475,1.60548,-1.0,-1.0,-1
1.60548,1.605505,1.60546,1.60546,-1.0,-1.0,-1
1.60546,1.60547,1.605455,1.60546,-1.0,-1.0,-1
1.60546,1.60547,1.605435,1.605445,-1.0,-1.0,-1
1.605445,1.60546,1.60543,1.60544,-1.0,-1.0,-1
1.60544,1.605485,1.605435,1.605475,-1.0,-1.0,-1
1.605475,1.605495,1.60547,1.60548,-1.0,-1.0,-1
1.60548,1.60548,1.605465,1.605465,-1.0,-1.0,-1
1.605465,1.60549,1.605455,1.605485,-1.0,-1.0,-1
1.605485,1.60549,1.60543,1.60545,-1.0,-1.0,-1
1.60545,1.605475,1.60544,1.60545,-1.0,-1.0,-1
1.60545,1.60546,1.60543,1.605445,-1.0,-1.0,-1
1.605445,1.605465,1.605435,1.605455,-1.0,-1.0,-1
1.605455,1.60547,1.605455,1.60547,-1.0,-1.0,-1
1.60547,1.60548,1.605455,1.605455,-1.0,-1.0,-1
1.605455,1.60547,1.605455,1.60547,-1.0,-1.0,-1
1.60547,1.60547,1.605445,1.60546,-1.0,-1.0,-1
1.60546,1.605465,1.60543,1.605435,-1.0,-1.0,-1
1.605435,1.60546,1.60543,1.605445,-1.0,-1.0,-1
1.605445,1.60546,1.605425,1.60544,-1.0,-1.0,-1
1.60544,1.60546,1.605425,1.605445,-1.0,-1.0,-1
1.605445,1.60546,1.60544,1.605455,-1.0,-1.0,-1
1.605455,1.605455,1.605425,1.60543,-1.0,-1.0,-1
1.60543,1.60543,1.605415,1.605415,-1.0,-1.0,-1
1.605415,1.605425,1.605415,1.60542,-1.0,-1.0,-1
1.60542,1.605425,1.605375,1.605385,-1.0,-1.0,-1
1.605385,1.605395,1.605385,1.60539,-1.0,-1.0,-1
1.60539,1.60539,1.605385,1.605385,-1.0,-1.0,-1
1.605385,1.605385,1.60538,1.605385,-1.0,-1.0,-1
1.605385,1.605385,1.605375,1.605385,-1.0,-1.0,-1
1.605385,1.605395,1.60537,1.605395,-1.0,-1.0,-1
1.605395,1.605425,1.60536,1.605405,-1.0,-1.0,-1
1.605405,1.605425,1.605405,1.605405,-1.0,-1.0,-1
1.605405,1.60544,1.605405,1.605435,-1.0,-1.0,-1
1.605435,1.60545,1.60543,1.605435,-1.0,-1.0,-1
1.605435,1.60545,1.60543,1.605435,-1.0,-1.0,-1
1.605435,1.605465,1.60543,1.60545,-1.0,-1.0,-1
1.60545,1.60545,1.605415,1.605415,-1.0,-1.0,-1
1.605415,1.60544,1.605405,1.60542,-1.0,-1.0,-1
1.60542,1.60543,1.605415,1.605415,-1.0,-1.0,-1
1.605415,1.60543,1.605415,1.605425,-1.0,-1.0,-1
1.605425,1.60543,1.605425,1.605425,-1.0,-1.0,-1
1.605425,1.60544,1.605415,1.605415,-1.0,-1.0,-1
1.605415,1.60542,1.6054,1.605405,-1.0,-1.0,-1
1.605405,1.605415,1.60539,1.6054,-1.0,-1.0,-1
1.6054,1.605415,1.605395,1.6054,-1.0,-1.0,-1
1.6054,1.60542,1.60539,1.605415,-1.0,-1.0,-1
1.605415,1.605425,1.605405,1.605405,-1.0,-1.0,-1
1.605405,1.605415,1.605405,1.605405,-1.0,-1.0,-1
1.605405,1.605415,1.605395,1.605405,-1.0,-1.0,-1
1.605405,1.60544,1.605365,1.605375,-1.0,-1.0,-1
1.605375,1.60539,1.60535,1.605365,-1.0,-1.0,-1
1.605365,1.60539,1.605365,1.60539,-1.0,-1.0,-1
1.60539,1.605405,1.605385,1.605385,-1.0,-1.0,-1
1.605385,1.605405,1.605385,1.6054,-1.0,-1.0,-1
1.6054,1.605455,1.6054,1.605435,-1.0,-1.0,-1
1.605435,1.605455,1.605425,1.605455,-1.0,-1.0,-1
1.605455,1.60546,1.60543,1.605435,-1.0,-1.0,-1
1.605435,1.60545,1.60542,1.605425,-1.0,-1.0,-1
1.605425,1.605425,1.605395,1.605395,-1.0,-1.0,-1
1.605395,1.60543,1.605385,1.605405,-1.0,-1.0,-1
1.605405,1.60543,1.605395,1.60541,-1.0,-1.0,-1
1.60541,1.60542,1.605405,1.60541,-1.0,-1.0,-1
1.60541,1.605425,1.60541,1.60541,-1.0,-1.0,-1
1.60541,1.60542,1.605405,1.605405,-1.0,-1.0,-1
1.605405,1.605425,1.605405,1.605405,-1.0,-1.0,-1
1.605405,1.605425,1.605385,1.605385,-1.0,-1.0,-1
1.605385,1.605405,1.605385,1.605385,-1.0,-1.0,-1
1.605385,1.605405,1.605385,1.60539,-1.0,-1.0,-1
1.60539,1.60541,1.60539,1.605395,-1.0,-1.0,-1
1.605395,1.60542,1.60539,1.605415,-1.0,-1.0,-1
1.605415,1.60542,1.605405,1.605405,-1.0,-1.0,-1
1.605405,1.605415,1.605395,1.605395,-1.0,-1.0,-1
1.605395,1.605415,1.605395,1.605405,-1.0,-1.0,-1
1.605405,1.605415,1.605405,1.605405,-1.0,-1.0,-1
1.605405,1.605415,1.605385,1.60541,-1.0,-1.0,-1
1.60541,1.60544,1.6054,1.60544,-1.0,-1.0,-1
1.60544,1.60544,1.605415,1.60543,-1.0,-1.0,-1
1.60543,1.60543,1.605415,1.605425,-1.0,-1.0,-1
1.605425,1.605475,1.605415,1.605445,-1.0,-1.0,-1
1.605445,1.605495,1.60544,1.60549,-1.0,-1.0,-1
1.60549,1.605495,1.605455,1.60546,-1.0,-1.0,-1
1.60546,1.605465,1.60544,1.60546,-1.0,-1.0,-1
1.60546,1.605465,1.60543,1.605445,-1.0,-1.0,-1
1.605445,1.605465,1.605435,1.605445,-1.0,-1.0,-1
1.605445,1.605455,1.60543,1.60545,-1.0,-1.0,-1
1.60545,1.605455,1.605425,1.605455,-1.0,-1.0,-1
1.605455,1.605455,1.60543,1.605445,-1.0,-1.0,-1
1.605445,1.60545,1.605425,1.605425,-1.0,-1.0,-1
1.605425,1.60544,1.605415,1.60544,-1.0,-1.0,-1
1.60544,1.60546,1.60543,1.605455,-1.0,-1.0,-1
1.605455,1.60546,1.60543,1.605435,-1.0,-1.0,-1
1.605435,1.605475,1.60543,1.605475,-1.0,-1.0,-1
1.605475,1.605495,1.605465,1.60549,-1.0,-1.0,-1
1.60549,1.605505,1.605485,1.605485,-1.0,-1.0,-1
1.605485,1.605505,1.605485,1.605495,-1.0,-1.0,-1
1.605495,1.60551,1.605495,1.605495,-1.0,-1.0,-1
1.605495,1.605505,1.605425,1.605425,-1.0,-1.0,-1
1.605425,1.60543,1.605375,1.605375,-1.0,-1.0,-1
1.605375,1.605375,1.605365,1.60537,-1.0,-1.0,-1
1.60537,1.605385,1.60537,1.60538,-1.0,-1.0,-1
1.60538,1.60538,1.605365,1.605365,-1.0,-1.0,-1
1.605365,1.60538,1.605345,1.60538,-1.0,-1.0,-1
1.60538,1.605415,1.605375,1.605405,-1.0,-1.0,-1
1.605405,1.605425,1.605405,1.60542,-1.0,-1.0,-1
1.60542,1.605425,1.605365,1.60542,-1.0,-1.0,-1
1.60542,1.605425,1.605395,1.605395,-1.0,-1.0,-1
1.605395,1.605415,1.605395,1.60541,-1.0,-1.0,-1
1.60541,1.605415,1.60538,1.60539,-1.0,-1.0,-1
1.60539,1.605395,1.60535,1.605355,-1.0,-1.0,-1
1.605355,1.605405,1.60535,1.6054,-1.0,-1.0,-1
1.6054,1.605405,1.605385,1.60539,-1.0,-1.0,-1
1.60539,1.605395,1.605385,1.60539,-1.0,-1.0,-1
1.60539,1.605405,1.60539,1.6054,-1.0,-1.0,-1
1.6054,1.605405,1.605385,1.605385,-1.0,-1.0,-1
1.605385,1.605405,1.60538,1.60539,-1.0,-1.0,-1
1.60539,1.605405,1.60536,1.605365,-1.0,-1.0,-1
1.605365,1.60537,1.605365,1.605365,-1.0,-1.0,-1
1.605365,1.605375,1.605365,1.60537,-1.0,-1.0,-1
1.60537,1.60537,1.60533,1.60535,-1.0,-1.0,-1
1.60535,1.60536,1.605325,1.60536,-1.0,-1.0,-1
1.60536,1.60536,1.605345,1.605355,-1.0,-1.0,-1
1.605355,1.60536,1.605345,1.60536,-1.0,-1.0,-1
1.60536,1.60538,1.605345,1.605365,-1.0,-1.0,-1
1.605365,1.605365,1.605345,1.60536,-1.0,-1.0,-1
1.60536,1.60537,1.605355,1.60537,-1.0,-1.0,-1
1.60537,1.60537,1.60535,1.605355,-1.0,-1.0,-1
1.605355,1.60537,1.60535,1.60536,-1.0,-1.0,-1
1.60536,1.60538,1.60535,1.60537,-1.0,-1.0,-1
1.60537,1.60537,1.60535,1.605355,-1.0,-1.0,-1
1.605355,1.60537,1.60535,1.60536,-1.0,-1.0,-1
1.60536,1.60537,1.605345,1.60537,-1.0,-1.0,-1
1.60537,1.60537,1.60532,1.60533,-1.0,-1.0,-1
1.60533,1.60534,1.605325,1.605325,-1.0,-1.0,-1
1.605325,1.605335,1.605325,1.605325,-1.0,-1.0,-1
1.605325,1.605335,1.6053,1.60532,-1.0,-1.0,-1
1.60532,1.605325,1.605305,1.605315,-1.0,-1.0,-1
1.605315,1.60532,1.60531,1.60531,-1.0,-1.0,-1
1.60531,1.60532,1.605285,1.60529,-1.0,-1.0,-1
1.60529,1.60529,1.605285,1.605285,-1.0,-1.0,-1
1.605285,1.60533,1.605285,1.605315,-1.0,-1.0,-1
1.605315,1.605325,1.605295,1.605315,-1.0,-1.0,-1
1.605315,1.605315,1.605295,1.60531,-1.0,-1.0,-1
1.60531,1.60531,1.60529,1.605295,-1.0,-1.0,-1
1.605295,1.60531,1.60527,1.60529,-1.0,-1.0,-1
1.60529,1.605325,1.60529,1.605295,-1.0,-1.0,-1
1.605295,1.605305,1.605295,1.605295,-1.0,-1.0,-1
1.605295,1.6053,1.605285,1.605295,-1.0,-1.0,-1
1.605295,1.605295,1.60528,1.605295,-1.0,-1.0,-1
1.605295,1.60535,1.605295,1.60533,-1.0,-1.0,-1
1.60533,1.605335,1.605315,1.60532,-1.0,-1.0,-1
1.60532,1.605325,1.60531,1.60531,-1.0,-1.0,-1
1.60531,1.60532,1.60529,1.60531,-1.0,-1.0,-1
1.60531,1.605315,1.605295,1.605305,-1.0,-1.0,-1
1.605305,1.60531,1.605305,1.60531,-1.0,-1.0,-1
1.60531,1.605325,1.605285,1.605285,-1.0,-1.0,-1
1.605285,1.60529,1.60528,1.605285,-1.0,-1.0,-1
1.605285,1.605285,1.605235,1.60525,-1.0,-1.0,-1
1.60525,1.60525,1.605195,1.60525,-1.0,-1.0,-1
1.60525,1.60525,1.60523,1.60525,-1.0,-1.0,-1
1.60525,1.60525,1.60523,1.605235,-1.0,-1.0,-1
1.605235,1.60524,1.605235,1.605235,-1.0,-1.0,-1
1.605235,1.605255,1.605225,1.60525,-1.0,-1.0,-1
1.60525,1.60525,1.605225,1.605225,-1.0,-1.0,-1
1.605225,1.60526,1.605225,1.60524,-1.0,-1.0,-1
1.60524,1.605255,1.60524,1.605255,-1.0,-1.0,-1
1.605255,1.605255,1.605255,1.605255,-1.0,-1.0,-1
1.605255,1.60527,1.60525,1.60525,-1.0,-1.0,-1
1.60525,1.605255,1.60525,1.60525,-1.0,-1.0,-1
1.60525,1.60528,1.60525,1.60525,-1.0,-1.0,-1
1.60525,1.605275,1.60525,1.605275,-1.0,-1.0,-1
1.605275,1.605285,1.60527,1.605285,-1.0,-1.0,-1
1.605285,1.605285,1.605265,1.605275,-1.0,-1.0,-1
1.605275,1.60528,1.60526,1.605275,-1.0,-1.0,-1
1.605275,1.60529,1.605275,1.60528,-1.0,-1.0,-1
1.60528,1.605285,1.60528,1.605285,-1.0,-1.0,-1
1.605285,1.605295,1.605285,1.60529,-1.0,-1.0,-1
1.60529,1.6053,1.60526,1.605265,-1.0,-1.0,-1
1.605265,1.60528,1.60526,1.605275,-1.0,-1.0,-1
1.605275,1.60528,1.60526,1.60528,-1.0,-1.0,-1
1.60528,1.60528,1.60526,1.605275,-1.0,-1.0,-1
1.605275,1.605295,1.605255,1.605265,-1.0,-1.0,-1
1.605265,1.60531,1.605255,1.6053,-1.0,-1.0,-1
1.6053,1.6053,1.605295,1.605295,-1.0,-1.0,-1
1.605295,1.60531,1.605295,1.60531,-1.0,-1.0,-1
1.60531,1.60531,1.605295,1.605295,-1.0,-1.0,-1
1.605295,1.605305,1.605285,1.60529,-1.0,-1.0,-1
1.60529,1.605295,1.605275,1.60529,-1.0,-1.0,-1
1.60529,1.605305,1.60526,1.605265,-1.0,-1.0,-1
1.605265,1.605265,1.605255,1.60526,-1.0,-1.0,-1
1.60526,1.605265,1.605255,1.605265,-1.0,-1.0,-1
1.605265,1.605265,1.605255,1.60526,-1.0,-1.0,-1
1.60526,1.605265,1.605255,1.605265,-1.0,-1.0,-1
1.605265,1.60527,1.605215,1.605215,-1.0,-1.0,-1
1.605215,1.605235,1.605205,1.60522,-1.0,-1.0,-1
1.60522,1.605225,1.60521,1.60521,-1.0,-1.0,-1
1.60521,1.605235,1.605205,1.60521,-1.0,-1.0,-1
1.60521,1.605235,1.60521,1.605225,-1.0,-1.0,-1
1.605225,1.605235,1.605215,1.605225,-1.0,-1.0,-1
1.605225,1.60523,1.605215,1.605215,-1.0,-1.0,-1
1.605215,1.60525,1.6052,1.60521,-1.0,-1.0,-1
1.60521,1.60522,1.605205,1.60522,-1.0,-1.0,-1
1.60522,1.60522,1.605205,1.605205,-1.0,-1.0,-1
1.605205,1.605245,1.605205,1.60524,-1.0,-1.0,-1
1.60524,1.60525,1.60523,1.60523,-1.0,-1.0,-1
1.60523,1.60524,1.60522,1.60523,-1.0,-1.0,-1
1.60523,1.60525,1.60523,1.60523,-1.0,-1.0,-1
1.60523,1.60525,1.60523,1.60524,-1.0,-1.0,-1
1.60524,1.60525,1.60523,1.605245,-1.0,-1.0,-1
1.605245,1.60525,1.60522,1.60522,-1.0,-1.0,-1
1.60522,1.605235,1.605215,1.60522,-1.0,-1.0,-1
1.60522,1.605245,1.605215,1.605245,-1.0,-1.0,-1
1.605245,1.605245,1.60524,1.605245,-1.0,-1.0,-1
1.605245,1.60526,1.60523,1.60525,-1.0,-1.0,-1
1.60525,1.60525,1.60523,1.60523,-1.0,-1.0,-1
1.60523,1.60525,1.605225,1.60525,-1.0,-1.0,-1
1.60525,1.60525,1.60525,1.60525,-1.0,-1.0,-1
1.60525,1.60526,1.60525,1.60525,-1.0,-1.0,-1
1.60525,1.60527,1.60525,1.60527,-1.0,-1.0,-1
1.60527,1.60527,1.60525,1.60526,-1.0,-1.0,-1
1.60526,1.605265,1.60525,1.60525,-1.0,-1.0,-1
1.60525,1.605275,1.60524,1.605275,-1.0,-1.0,-1
1.605275,1.605275,1.60527,1.605275,-1.0,-1.0,-1
1.605275,1.605285,1.60526,1.605275,-1.0,-1.0,-1
1.605275,1.60529,1.60526,1.60527,-1.0,-1.0,-1
1.60527,1.60527,1.605245,1.60526,-1.0,-1.0,-1
1.60526,1.605275,1.60525,1.605265,-1.0,-1.0,-1
1.605265,1.60527,1.60525,1.605255,-1.0,-1.0,-1
1.605255,1.60526,1.605245,1.60526,-1.0,-1.0,-1
1.60526,1.605295,1.60524,1.605295,-1.0,-1.0,-1
1.605295,1.605295,1.605285,1.605285,-1.0,-1.0,-1
1.605285,1.605285,1.605265,1.60527,-1.0,-1.0,-1
1.60527,1.605275,1.605255,1.605255,-1.0,-1.0,-1
1.605255,1.60527,1.605255,1.605265,-1.0,-1.0,-1
1.605265,1.605265,1.60524,1.605245,-1.0,-1.0,-1
1.605245,1.605245,1.60524,1.60524,-1.0,-1.0,-1
1.60524,1.605245,1.605215,1.60522,-1.0,-1.0,-1
1.60522,1.60524,1.605215,1.60523,-1.0,-1.0,-1
1.60523,1.605235,1.60523,1.60523,-1.0,-1.0,-1
1.60523,1.605235,1.605205,1.605205,-1.0,-1.0,-1
1.605205,1.605215,1.605205,1.605215,-1.0,-1.0,-1
1.605215,1.605215,1.605195,1.6052,-1.0,-1.0,-1
1.6052,1.605205,1.60519,1.6052,-1.0,-1.0,-1
1.6052,1.6052,1.6052,1.6052,-1.0,-1.0,-1
1.6052,1.6052,1.6052,1.6052,-1.0,-1.0,-1
1.6052,1.60521,1.605165,1.605185,-1.0,-1.0,-1
1.605185,1.6052,1.60518,1.6052,-1.0,-1.0,-1
1.6052,1.6052,1.60517,1.60517,-1.0,-1.0,-1
1.60517,1.605195,1.605165,1.605185,-1.0,-1.0,-1
1.605185,1.605185,1.60515,1.60515,-1.0,-1.0,-1
1.60515,1.60516,1.605145,1.605155,-1.0,-1.0,-1
1.605155,1.60516,1.605135,1.60515,-1.0,-1.0,-1
1.60515,1.605155,1.60513,1.60514,-1.0,-1.0,-1
1.60514,1.605145,1.60512,1.605135,-1.0,-1.0,-1
1.605135,1.605145,1.60513,1.60514,-1.0,-1.0,-1
1.60514,1.605155,1.605135,1.60515,-1.0,-1.0,-1
1.60515,1.60519,1.60515,1.60519,-1.0,-1.0,-1
1.60519,1.60519,1.605165,1.60517,-1.0,-1.0,-1
1.60517,1.605185,1.605165,1.60518,-1.0,-1.0,-1
1.60518,1.60518,1.605135,1.605155,-1.0,-1.0,-1
1.605155,1.60516,1.60512,1.60513,-1.0,-1.0,-1
1.60513,1.605135,1.605125,1.605135,-1.0,-1.0,-1
1.605135,1.605135,1.60513,1.60513,-1.0,-1.0,-1
1.60513,1.605135,1.60512,1.60512,-1.0,-1.0,-1
1.60512,1.605135,1.60512,1.605135,-1.0,-1.0,-1
1.605135,1.605135,1.60512,1.605135,-1.0,-1.0,-1
1.605135,1.605145,1.605105,1.60511,-1.0,-1.0,-1
1.60511,1.60511,1.6051,1.60511,-1.0,-1.0,-1
1.60511,1.60513,1.60511,1.60513,-1.0,-1.0,-1
1.60513,1.60513,1.605125,1.605125,-1.0,-1.0,-1
1.605125,1.605125,1.605105,1.605105,-1.0,-1.0,-1
1.605105,1.605115,1.60509,1.605115,-1.0,-1.0,-1
1.605115,1.60513,1.605115,1.60513,-1.0,-1.0,-1
1.60513,1.60514,1.60513,1.605135,-1.0,-1.0,-1
1.605135,1.605145,1.60512,1.60513,-1.0,-1.0,-1
1.60513,1.60513,1.605125,1.60513,-1.0,-1.0,-1
1.60513,1.605155,1.605125,1.605145,-1.0,-1.0,-1
1.605145,1.605155,1.60511,1.60512,-1.0,-1.0,-1
1.60512,1.60512,1.60511,1.60512,-1.0,-1.0,-1
1.60512,1.605125,1.60512,1.60512,-1.0,-1.0,-1
1.60512,1.605125,1.605105,1.60511,-1.0,-1.0,-1
1.60511,1.60512,1.60511,1.60512,-1.0,-1.0,-1
1.60512,1.60512,1.60511,1.60511,-1.0,-1.0,-1
1.60511,1.605115,1.605105,1.60511,-1.0,-1.0,-1
1.60511,1.605125,1.60511,1.605125,-1.0,-1.0,-1
1.605125,1.605155,1.60512,1.60515,-1.0,-1.0,-1
1.60515,1.605155,1.605145,1.60515,-1.0,-1.0,-1
1.60515,1.60517,1.605115,1.605115,-1.0,-1.0,-1
1.605115,1.60513,1.60511,1.60511,-1.0,-1.0,-1
1.60511,1.605115,1.60508,1.605085,-1.0,-1.0,-1
1.605085,1.605095,1.60508,1.605095,-1.0,-1.0,-1
1.605095,1.605095,1.605085,1.605095,-1.0,-1.0,-1
1.605095,1.60511,1.60508,1.605095,-1.0,-1.0,-1
1.605095,1.60511,1.60509,1.6051,-1.0,-1.0,-1
1.6051,1.60511,1.6051,1.60511,-1.0,-1.0,-1
1.60511,1.60511,1.60509,1.6051,-1.0,-1.0,-1
1.6051,1.6051,1.605075,1.60509,-1.0,-1.0,-1
1.60509,1.605115,1.605085,1.605115,-1.0,-1.0,-1
1.605115,1.60512,1.605105,1.605115,-1.0,-1.0,-1
1.605115,1.60513,1.605115,1.605115,-1.0,-1.0,-1
1.605115,1.60516,1.605115,1.60516,-1.0,-1.0,-1
1.60516,1.60516,1.605145,1.605155,-1.0,-1.0,-1
1.605155,1.605165,1.605135,1.605145,-1.0,-1.0,-1
1.605145,1.60516,1.605135,1.60516,-1.0,-1.0,-1
1.60516,1.60516,1.605155,1.60516,-1.0,-1.0,-1
1.60516,1.60516,1.605115,1.60512,-1.0,-1.0,-1
1.60512,1.60512,1.60512,1.60512,-1.0,-1.0,-1
1.60512,1.60512,1.60507,1.60512,-1.0,-1.0,-1
1.60512,1.60513,1.605065,1.60507,-1.0,-1.0,-1
1.60507,1.605085,1.60505,1.60506,-1.0,-1.0,-1
1.60506,1.605095,1.605055,1.60507,-1.0,-1.0,-1
1.60507,1.605095,1.60506,1.60506,-1.0,-1.0,-1
1.60506,1.605085,1.60506,1.605075,-1.0,-1.0,-1
1.605075,1.60508,1.60506,1.605075,-1.0,-1.0,-1
1.605075,1.60508,1.60506,1.60508,-1.0,-1.0,-1
1.60508,1.60508,1.60506,1.60506,-1.0,-1.0,-1
1.60506,1.605075,1.60506,1.60506,-1.0,-1.0,-1
1.60506,1.60508,1.60506,1.60506,-1.0,-1.0,-1
1.60506,1.605065,1.60506,1.60506,-1.0,-1.0,-1
1.60506,1.605065,1.60506,1.60506,-1.0,-1.0,-1
1.60506,1.60507,1.60506,1.60506,-1.0,-1.0,-1
1.60506,1.605085,1.60506,1.60508,-1.0,-1.0,-1
1.60508,1.605095,1.60506,1.605095,-1.0,-1.0,-1
1.605095,1.605095,1.60508,1.60509,-1.0,-1.0,-1
1.60509,1.60509,1.605075,1.605075,-1.0,-1.0,-1
1.605075,1.605145,1.605075,1.60514,-1.0,-1.0,-1
1.60514,1.605145,1.605125,1.60513,-1.0,-1.0,-1
1.60513,1.60515,1.605115,1.60514,-1.0,-1.0,-1
1.60514,1.605155,1.605125,1.605135,-1.0,-1.0,-1
1.605135,1.605185,1.605135,1.605185,-1.0,-1.0,-1
1.605185,1.60523,1.605185,1.60519,-1.0,-1.0,-1
1.60519,1.60519,1.605175,1.60518,-1.0,-1.0,-1
1.60518,1.605195,1.60517,1.605185,-1.0,-1.0,-1
1.605185,1.60525,1.60517,1.60525,-1.0,-1.0,-1
1.60525,1.60525,1.605225,1.60524,-1.0,-1.0,-1
1.60524,1.60525,1.605195,1.605195,-1.0,-1.0,-1
1.605195,1.60521,1.605195,1.6052,-1.0,-1.0,-1
1.6052,1.60521,1.605195,1.605195,-1.0,-1.0,-1
1.605195,1.60521,1.605195,1.6052,-1.0,-1.0,-1
1.6052,1.605205,1.60519,1.605205,-1.0,-1.0,-1
1.605205,1.605205,1.605175,1.60518,-1.0,-1.0,-1
1.60518,1.60518,1.605165,1.60518,-1.0,-1.0,-1
1.60518,1.60519,1.605175,1.60519,-1.0,-1.0,-1
1.60519,1.60519,1.60517,1.605175,-1.0,-1.0,-1
1.605175,1.605205,1.60517,1.60519,-1.0,-1.0,-1
1.60519,1.605205,1.60517,1.605175,-1.0,-1.0,-1
1.605175,1.60518,1.60515,1.60517,-1.0,-1.0,-1
1.60517,1.60518,1.605165,1.605175,-1.0,-1.0,-1
1.605175,1.6052,1.60517,1.605185,-1.0,-1.0,-1
1.605185,1.605195,1.605165,1.60517,-1.0,-1.0,-1
1.60517,1.60518,1.605165,1.60518,-1.0,-1.0,-1
1.60518,1.605185,1.605165,1.605175,-1.0,-1.0,-1
1.605175,1.605185,1.60517,1.605185,-1.0,-1.0,-1
1.605185,1.60519,1.60518,1.60519,-1.0,-1.0,-1
1.60519,1.60519,1.60517,1.60518,-1.0,-1.0,-1
1.60518,1.60522,1.60517,1.60522,-1.0,-1.0,-1
1.60522,1.605225,1.605205,1.605215,-1.0,-1.0,-1
1.605215,1.605245,1.605215,1.60523,-1.0,-1.0,-1
1.60523,1.60525,1.60523,1.60524,-1.0,-1.0,-1
1.60524,1.605265,1.60524,1.60526,-1.0,-1.0,-1
1.60526,1.60527,1.60525,1.605265,-1.0,-1.0,-1
1.605265,1.605275,1.60524,1.60527,-1.0,-1.0,-1
1.60527,1.605285,1.605255,1.605275,-1.0,-1.0,-1
1.605275,1.605275,1.605255,1.605265,-1.0,-1.0,-1
1.605265,1.605275,1.60525,1.60525,-1.0,-1.0,-1
1.60525,1.60525,1.60525,1.60525,-1.0,-1.0,-1
1.60525,1.605265,1.60525,1.60525,-1.0,-1.0,-1
1.60525,1.605265,1.60524,1.60524,-1.0,-1.0,-1
1.60524,1.60526,1.605235,1.60525,-1.0,-1.0,-1
1.60525,1.60526,1.605225,1.60524,-1.0,-1.0,-1
1.60524,1.60525,1.605225,1.605225,-1.0,-1.0,-1
1.605225,1.605235,1.6052,1.60521,-1.0,-1.0,-1
1.60521,1.60521,1.605195,1.60521,-1.0,-1.0,-1
1.60521,1.60521,1.605185,1.605185,-1.0,-1.0,-1
1.605185,1.60522,1.605185,1.60521,-1.0,-1.0,-1
1.60521,1.60521,1.6052,1.60521,-1.0,-1.0,-1
1.60521,1.60522,1.605205,1.60521,-1.0,-1.0,-1
1.60521,1.60524,1.605205,1.605235,-1.0,-1.0,-1
1.605235,1.60525,1.605225,1.605225,-1.0,-1.0,-1
1.605225,1.60525,1.605225,1.605235,-1.0,-1.0,-1
1.605235,1.60525,1.605235,1.605235,-1.0,-1.0,-1
1.605235,1.60525,1.605235,1.60525,-1.0,-1.0,-1
1.60525,1.60526,1.60525,1.60526,-1.0,-1.0,-1
1.60526,1.60527,1.60524,1.60526,-1.0,-1.0,-1
1.60526,1.60526,1.605255,1.60526,-1.0,-1.0,-1
1.60526,1.60526,1.605255,1.60526,-1.0,-1.0,-1
1.60526,1.605275,1.605255,1.605265,-1.0,-1.0,-1
1.605265,1.60528,1.60526,1.60528,-1.0,-1.0,-1
1.60528,1.6053,1.605255,1.605295,-1.0,-1.0,-1
1.605295,1.605325,1.605295,1.6053,-1.0,-1.0,-1
1.6053,1.60532,1.6053,1.605305,-1.0,-1.0,-1
1.605305,1.605305,1.60529,1.60529,-1.0,-1.0,-1
1.60529,1.60529,1.60524,1.60526,-1.0,-1.0,-1
1.60526,1.60527,1.605255,1.60526,-1.0,-1.0,-1
1.60526,1.60527,1.60524,1.60526,-1.0,-1.0,-1
1.60526,1.60527,1.605255,1.60527,-1.0,-1.0,-1
1.60527,1.60527,1.605255,1.60526,-1.0,-1.0,-1
1.60526,1.60527,1.60525,1.60526,-1.0,-1.0,-1
1.60526,1.60527,1.60524,1.60526,-1.0,-1.0,-1
1.60526,1.605325,1.60524,1.60531,-1.0,-1.0,-1
1.60531,1.60531,1.60531,1.60531,-1.0,-1.0,-1
1.60531,1.605325,1.6053,1.60531,-1.0,-1.0,-1
1.60531,1.605315,1.6053,1.605315,-1.0,-1.0,-1
1.605315,1.605315,1.605305,1.60531,-1.0,-1.0,-1
1.60531,1.60531,1.60525,1.605255,-1.0,-1.0,-1
1.605255,1.605255,1.605255,1.605255,-1.0,-1.0,-1
1.605255,1.605255,1.60525,1.60525,-1.0,-1.0,-1
1.60525,1.60525,1.60521,1.605215,-1.0,-1.0,-1
1.605215,1.60523,1.605215,1.605225,-1.0,-1.0,-1
1.605225,1.60523,1.605215,1.605215,-1.0,-1.0,-1
1.605215,1.605215,1.605215,1.605215,-1.0,-1.0,-1
1.605215,1.60523,1.605215,1.60522,-1.0,-1.0,-1
1.60522,1.605235,1.605205,1.60523,-1.0,-1.0,-1
1.60523,1.605235,1.60521,1.60521,-1.0,-1.0,-1
1.60521,1.605215,1.605205,1.605205,-1.0,-1.0,-1
1.605205,1.60521,1.6052,1.6052,-1.0,-1.0,-1
1.6052,1.60522,1.6052,1.60522,-1.0,-1.0,-1
1.60522,1.60522,1.60522,1.60522,-1.0,-1.0,-1
1.60522,1.605285,1.60522,1.605255,-1.0,-1.0,-1
1.605255,1.60527,1.60525,1.605265,-1.0,-1.0,-1
1.605265,1.605265,1.605235,1.60525,-1.0,-1.0,-1
1.60525,1.60525,1.605245,1.605245,-1.0,-1.0,-1
1.605245,1.605255,1.605245,1.605255,-1.0,-1.0,-1
1.605255,1.605265,1.60524,1.60525,-1.0,-1.0,-1
1.60525,1.60525,1.605235,1.60524,-1.0,-1.0,-1
1.60524,1.60527,1.60524,1.60527,-1.0,-1.0,-1
1.60527,1.60527,1.605235,1.60524,-1.0,-1.0,-1
1.60524,1.60525,1.605235,1.60525,-1.0,-1.0,-1
1.60525,1.60525,1.60524,1.60525,-1.0,-1.0,-1
1.60525,1.60526,1.60523,1.605235,-1.0,-1.0,-1
1.605235,1.60525,1.60522,1.60525,-1.0,-1.0,-1
1.60525,1.60525,1.60523,1.60524,-1.0,-1.0,-1
1.60524,1.605245,1.605235,1.60524,-1.0,-1.0,-1
1.60524,1.605245,1.60523,1.60524,-1.0,-1.0,-1
1.60524,1.605245,1.60524,1.60524,-1.0,-1.0,-1
1.60524,1.60526,1.605235,1.60526,-1.0,-1.0,-1
1.60526,1.60527,1.605255,1.60527,-1.0,-1.0,-1
1.60527,1.60527,1.605265,1.60527,-1.0,-1.0,-1
1.60527,1.60528,1.605255,1.60526,-1.0,-1.0,-1
1.60526,1.60527,1.605255,1.60526,-1.0,-1.0,-1
1.60526,1.6053,1.605255,1.605295,-1.0,-1.0,-1
1.605295,1.60531,1.605285,1.605305,-1.0,-1.0,-1
1.605305,1.605305,1.60529,1.605295,-1.0,-1.0,-1
1.605295,1.605305,1.605285,1.605305,-1.0,-1.0,-1
1.605305,1.605305,1.605285,1.6053,-1.0,-1.0,-1
1.6053,1.60531,1.605295,1.6053,-1.0,-1.0,-1
1.6053,1.60531,1.60529,1.60531,-1.0,-1.0,-1
1.60531,1.605325,1.605305,1.605305,-1.0,-1.0,-1
1.605305,1.605325,1.605295,1.60532,-1.0,-1.0,-1
1.60532,1.605325,1.605305,1.605305,-1.0,-1.0,-1
1.605305,1.60531,1.605295,1.605305,-1.0,-1.0,-1
1.605305,1.60531,1.605305,1.605305,-1.0,-1.0,-1
1.605305,1.60531,1.605265,1.60531,-1.0,-1.0,-1
1.60531,1.605335,1.605305,1.605315,-1.0,-1.0,-1
1.605315,1.60533,1.605315,1.60532,-1.0,-1.0,-1
1.60532,1.605325,1.605295,1.60531,-1.0,-1.0,-1
1.60531,1.605325,1.605295,1.60532,-1.0,-1.0,-1
1.60532,1.605325,1.605295,1.60532,-1.0,-1.0,-1
1.60532,1.605325,1.605295,1.6053,-1.0,-1.0,-1
1.6053,1.6053,1.605275,1.605275,-1.0,-1.0,-1
1.605275,1.60534,1.605275,1.60534,-1.0,-1.0,-1
1.60534,1.60534,1.60531,1.60531,-1.0,-1.0,-1
1.60531,1.605325,1.605305,1.60532,-1.0,-1.0,-1
1.60532,1.605335,1.605315,1.60533,-1.0,-1.0,-1
1.60533,1.605335,1.605295,1.605295,-1.0,-1.0,-1
1.605295,1.605305,1.605285,1.605285,-1.0,-1.0,-1
1.605285,1.605305,1.605285,1.6053,-1.0,-1.0,-1
1.6053,1.605315,1.6053,1.605315,-1.0,-1.0,-1
1.605315,1.605335,1.605305,1.60533,-1.0,-1.0,-1
1.60533,1.60534,1.605315,1.60533,-1.0,-1.0,-1
1.60533,1.605345,1.605305,1.605315,-1.0,-1.0,-1
1.605315,1.605315,1.6053,1.6053,-1.0,-1.0,-1
1.6053,1.60531,1.6053,1.60531,-1.0,-1.0,-1
1.60531,1.60532,1.605305,1.605305,-1.0,-1.0,-1
1.605305,1.60531,1.605305,1.60531,-1.0,-1.0,-1
1.60531,1.60532,1.605295,1.605295,-1.0,-1.0,-1
1.605295,1.605305,1.605295,1.6053,-1.0,-1.0,-1
1.6053,1.60532,1.605295,1.605305,-1.0,-1.0,-1
1.605305,1.60532,1.605295,1.60531,-1.0,-1.0,-1
1.60531,1.60531,1.6053,1.6053,-1.0,-1.0,-1
1.6053,1.6053,1.6053,1.6053,-1.0,-1.0,-1
1.6053,1.60531,1.605285,1.60531,-1.0,-1.0,-1
1.60531,1.60531,1.60526,1.6053,-1.0,-1.0,-1
1.6053,1.6053,1.605255,1.60528,-1.0,-1.0,-1
1.60528,1.605295,1.60526,1.605285,-1.0,-1.0,-1
1.605285,1.60529,1.60526,1.605275,-1.0,-1.0,-1
1.605275,1.6053,1.605275,1.605285,-1.0,-1.0,-1
1.605285,1.6053,1.605285,1.6053,-1.0,-1.0,-1
1.6053,1.605325,1.60528,1.60528,-1.0,-1.0,-1
1.60528,1.60532,1.605275,1.6053,-1.0,-1.0,-1
1.6053,1.6053,1.605285,1.605285,-1.0,-1.0,-1
1.605285,1.60531,1.605285,1.60531,-1.0,-1.0,-1
1.60531,1.605335,1.605305,1.60533,-1.0,-1.0,-1
1.60533,1.605335,1.605295,1.605295,-1.0,-1.0,-1
1.605295,1.605335,1.605295,1.60533,-1.0,-1.0,-1
1.60533,1.60534,1.605325,1.60533,-1.0,-1.0,-1
1.60533,1.605335,1.605325,1.605325,-1.0,-1.0,-1
1.605325,1.605355,1.605325,1.60534,-1.0,-1.0,-1
1.60534,1.60534,1.60534,1.60534,-1.0,-1.0,-1
1.60534,1.60535,1.60533,1.60533,-1.0,-1.0,-1
1.60533,1.60534,1.605315,1.605315,-1.0,-1.0,-1
1.605315,1.605335,1.605315,1.60533,-1.0,-1.0,-1
1.60533,1.605335,1.605305,1.60531,-1.0,-1.0,-1
1.60531,1.60533,1.605305,1.605305,-1.0,-1.0,-1
1.605305,1.605325,1.605305,1.60532,-1.0,-1.0,-1
1.60532,1.605325,1.605295,1.605295,-1.0,-1.0,-1
1.605295,1.60531,1.605295,1.60531,-1.0,-1.0,-1
1.60531,1.60531,1.60531,1.60531,-1.0,-1.0,-1
1.60531,1.60531,1.6053,1.6053,-1.0,-1.0,-1
1.6053,1.60532,1.60529,1.60529,-1.0,-1.0,-1
1.60529,1.60531,1.60529,1.605305,-1.0,-1.0,-1
1.605305,1.605305,1.605295,1.605305,-1.0,-1.0,-1
1.605305,1.60533,1.6053,1.60533,-1.0,-1.0,-1
1.60533,1.605345,1.60532,1.605345,-1.0,-1.0,-1
1.605345,1.605345,1.60534,1.605345,-1.0,-1.0,-1
1.605345,1.605345,1.605335,1.605335,-1.0,-1.0,-1
1.605335,1.60534,1.605335,1.605335,-1.0,-1.0,-1
1.605335,1.605335,1.60533,1.60533,-1.0,-1.0,-1
1.60533,1.60538,1.605315,1.60537,-1.0,-1.0,-1
1.60537,1.60541,1.60537,1.60538,-1.0,-1.0,-1
1.60538,1.6054,1.605375,1.60539,-1.0,-1.0,-1
1.60539,1.60539,1.60538,1.605385,-1.0,-1.0,-1
1.605385,1.6054,1.605365,1.605385,-1.0,-1.0,-1
1.605385,1.60539,1.605375,1.60539,-1.0,-1.0,-1
1.60539,1.60539,1.60537,1.605375,-1.0,-1.0,-1
1.605375,1.60538,1.605345,1.605355,-1.0,-1.0,-1
1.605355,1.60539,1.605345,1.60539,-1.0,-1.0,-1
1.60539,1.605395,1.605355,1.60537,-1.0,-1.0,-1
1.60537,1.60538,1.60536,1.60538,-1.0,-1.0,-1
1.60538,1.60538,1.60532,1.605335,-1.0,-1.0,-1
1.605335,1.605365,1.605335,1.605355,-1.0,-1.0,-1
1.605355,1.605365,1.60533,1.60536,-1.0,-1.0,-1
1.60536,1.60539,1.60535,1.60538,-1.0,-1.0,-1
1.60538,1.605385,1.60536,1.605365,-1.0,-1.0,-1
1.605365,1.60537,1.60535,1.60537,-1.0,-1.0,-1
1.60537,1.605375,1.605365,1.605375,-1.0,-1.0,-1
1.605375,1.60538,1.605365,1.605375,-1.0,-1.0,-1
1.605375,1.60539,1.60536,1.60538,-1.0,-1.0,-1
1.60538,1.605415,1.605365,1.6054,-1.0,-1.0,-1
1.6054,1.60542,1.6054,1.6054,-1.0,-1.0,-1
1.6054,1.605405,1.605385,1.605385,-1.0,-1.0,-1
1.605385,1.605415,1.60538,1.6054,-1.0,-1.0,-1
1.6054,1.605405,1.605385,1.6054,-1.0,-1.0,-1
1.6054,1.60541,1.605385,1.605385,-1.0,-1.0,-1
1.605385,1.605405,1.605385,1.6054,-1.0,-1.0,-1
1.6054,1.605405,1.605385,1.605385,-1.0,-1.0,-1
1.605385,1.60539,1.605375,1.605375,-1.0,-1.0,-1
1.605375,1.605395,1.60537,1.60538,-1.0,-1.0,-1
1.60538,1.605415,1.60537,1.60541,-1.0,-1.0,-1
1.60541,1.605425,1.605405,1.605415,-1.0,-1.0,-1
1.605415,1.60542,1.605405,1.605415,-1.0,-1.0,-1
1.605415,1.605425,1.605385,1.60539,-1.0,-1.0,-1
1.60539,1.60539,1.60538,1.60538,-1.0,-1.0,-1
1.60538,1.60546,1.60538,1.60546,-1.0,-1.0,-1
1.60546,1.60546,1.605425,1.60544,-1.0,-1.0,-1
1.60544,1.60544,1.605425,1.605435,-1.0,-1.0,-1
1.605435,1.60545,1.60543,1.60545,-1.0,-1.0,-1
1.60545,1.60545,1.60543,1.605435,-1.0,-1.0,-1
1.605435,1.60545,1.60543,1.60544,-1.0,-1.0,-1
1.60544,1.60544,1.605415,1.60543,-1.0,-1.0,-1
1.60543,1.605445,1.605415,1.60543,-1.0,-1.0,-1
1.60543,1.60546,1.605425,1.605435,-1.0,-1.0,-1
1.605435,1.605465,1.60543,1.60546,-1.0,-1.0,-1
1.60546,1.605465,1.60544,1.605445,-1.0,-1.0,-1
1.605445,1.60545,1.60542,1.60544,-1.0,-1.0,-1
1.60544,1.60545,1.60542,1.605445,-1.0,-1.0,-1
1.605445,1.60546,1.60543,1.60545,-1.0,-1.0,-1
1.60545,1.605455,1.60543,1.605455,-1.0,-1.0,-1
1.605455,1.605455,1.60543,1.60545,-1.0,-1.0,-1
1.60545,1.60545,1.605445,1.60545,-1.0,-1.0,-1
1.60545,1.60551,1.605445,1.60551,-1.0,-1.0,-1
1.60551,1.60551,1.60549,1.60551,-1.0,-1.0,-1
1.60551,1.60551,1.6055,1.60551,-1.0,-1.0,-1
1.60551,1.60551,1.605485,1.605495,-1.0,-1.0,-1
1.605495,1.605505,1.60548,1.605495,-1.0,-1.0,-1
1.605495,1.6055,1.60549,1.60549,-1.0,-1.0,-1
1.60549,1.605505,1.60548,1.60549,-1.0,-1.0,-1
1.60549,1.605505,1.60548,1.60548,-1.0,-1.0,-1
1.60548,1.6055,1.60548,1.60549,-1.0,-1.0,-1
1.60549,1.605505,1.605485,1.605485,-1.0,-1.0,-1
1.605485,1.605495,1.605485,1.60549,-1.0,-1.0,-1
1.60549,1.6055,1.605475,1.60549,-1.0,-1.0,-1
1.60549,1.605505,1.605475,1.6055,-1.0,-1.0,-1
1.6055,1.605505,1.605475,1.60548,-1.0,-1.0,-1
1.60548,1.6055,1.605465,1.605485,-1.0,-1.0,-1
1.605485,1.60549,1.60547,1.605475,-1.0,-1.0,-1
1.605475,1.60549,1.605465,1.60548,-1.0,-1.0,-1
1.60548,1.605495,1.605465,1.60548,-1.0,-1.0,-1
1.60548,1.605495,1.605465,1.60547,-1.0,-1.0,-1
1.60547,1.60547,1.605435,1.60544,-1.0,-1.0,-1
1.60544,1.60546,1.605425,1.60543,-1.0,-1.0,-1
1.60543,1.60543,1.605415,1.605415,-1.0,-1.0,-1
1.605415,1.60545,1.605415,1.605435,-1.0,-1.0,-1
1.605435,1.60547,1.605425,1.605465,-1.0,-1.0,-1
1.605465,1.60548,1.605445,1.60548,-1.0,-1.0,-1
1.60548,1.605495,1.60548,1.60548,-1.0,-1.0,-1
1.60548,1.60548,1.605465,1.605465,-1.0,-1.0,-1
1.605465,1.60548,1.605465,1.60548,-1.0,-1.0,-1
1.60548,1.60549,1.605465,1.605475,-1.0,-1.0,-1
1.605475,1.60549,1.605475,1.605485,-1.0,-1.0,-1
1.605485,1.605495,1.605465,1.60547,-1.0,-1.0,-1
1.60547,1.605505,1.60547,1.6055,-1.0,-1.0,-1
1.6055,1.60553,1.6055,1.60552,-1.0,-1.0,-1
1.60552,1.605535,1.605515,1.60553,-1.0,-1.0,-1
1.60553,1.60553,1.6055,1.60552,-1.0,-1.0,-1
1.60552,1.60552,1.605495,1.60551,-1.0,-1.0,-1
1.60551,1.60551,1.605495,1.60551,-1.0,-1.0,-1
1.60551,1.60554,1.605495,1.605495,-1.0,-1.0,-1
1.605495,1.605525,1.605495,1.605525,-1.0,-1.0,-1
1.605525,1.60553,1.60551,1.60553,-1.0,-1.0,-1
1.60553,1.605535,1.605515,1.605535,-1.0,-1.0,-1
1.605535,1.60554,1.605515,1.605535,-1.0,-1.0,-1
1.605535,1.605535,1.6055,1.60552,-1.0,-1.0,-1
1.60552,1.60552,1.60551,1.60551,-1.0,-1.0,-1
1.60551,1.605515,1.605495,1.60551,-1.0,-1.0,-1
1.60551,1.60551,1.60549,1.605505,-1.0,-1.0,-1
1.605505,1.60551,1.605495,1.605505,-1.0,-1.0,-1
1.605505,1.605525,1.605505,1.605525,-1.0,-1.0,-1
1.605525,1.605525,1.60551,1.60551,-1.0,-1.0,-1
1.60551,1.605515,1.60551,1.605515,-1.0,-1.0,-1
1.605515,1.60553,1.60551,1.605515,-1.0,-1.0,-1
1.605515,1.605515,1.605515,1.605515,-1.0,-1.0,-1
1.605515,1.60553,1.60551,1.60553,-1.0,-1.0,-1
1.60553,1.60555,1.605525,1.60554,-1.0,-1.0,-1
1.60554,1.605545,1.60554,1.60554,-1.0,-1.0,-1
1.60554,1.60554,1.60552,1.60553,-1.0,-1.0,-1
1.60553,1.605545,1.605525,1.605545,-1.0,-1.0,-1
1.605545,1.605545,1.605525,1.60553,-1.0,-1.0,-1
1.60553,1.605535,1.60551,1.60551,-1.0,-1.0,-1
1.60551,1.605515,1.605505,1.605505,-1.0,-1.0,-1
1.605505,1.605515,1.60549,1.605505,-1.0,-1.0,-1
1.605505,1.605515,1.605505,1.605505,-1.0,-1.0,-1
1.605505,1.605525,1.605505,1.605515,-1.0,-1.0,-1
1.605515,1.605515,1.605515,1.605515,-1.0,-1.0,-1
1.605515,1.605525,1.605505,1.60551,-1.0,-1.0,-1
1.60551,1.60553,1.60551,1.60552,-1.0,-1.0,-1
1.60552,1.60552,1.605515,1.60552,-1.0,-1.0,-1
1.60552,1.60553,1.605515,1.60553,-1.0,-1.0,-1
1.60553,1.60553,1.6055,1.60553,-1.0,-1.0,-1
1.60553,1.60554,1.605525,1.60553,-1.0,-1.0,-1
1.60553,1.60553,1.60551,1.60552,-1.0,-1.0,-1
1.60552,1.60552,1.605515,1.60552,-1.0,-1.0,-1
1.60552,1.60552,1.605515,1.60552,-1.0,-1.0,-1
1.60552,1.60553,1.60551,1.60551,-1.0,-1.0,-1
1.60551,1.60551,1.605505,1.605505,-1.0,-1.0,-1
1.605505,1.60551,1.605505,1.605505,-1.0,-1.0,-1
1.605505,1.60551,1.605495,1.60551,-1.0,-1.0,-1
1.60551,1.60551,1.605495,1.605495,-1.0,-1.0,-1
1.605495,1.60551,1.605485,1.605505,-1.0,-1.0,-1
1.605505,1.60551,1.60548,1.60548,-1.0,-1.0,-1
1.60548,1.60551,1.60548,1.60551,-1.0,-1.0,-1
1.60551,1.60551,1.605495,1.6055,-1.0,-1.0,-1
1.6055,1.60552,1.6055,1.6055,-1.0,-1.0,-1
1.6055,1.605505,1.6055,1.6055,-1.0,-1.0,-1
1.6055,1.60552,1.60548,1.6055,-1.0,-1.0,-1
1.6055,1.605505,1.605485,1.605485,-1.0,-1.0,-1
1.605485,1.60551,1.605485,1.6055,-1.0,-1.0,-1
1.6055,1.60553,1.605495,1.60552,-1.0,-1.0,-1
1.60552,1.60554,1.605515,1.605535,-1.0,-1.0,-1
1.605535,1.60555,1.605535,1.60555,-1.0,-1.0,-1
1.60555,1.60556,1.605545,1.60556,-1.0,-1.0,-1
1.60556,1.605585,1.605555,1.60558,-1.0,-1.0,-1
1.60558,1.605585,1.605565,1.60557,-1.0,-1.0,-1
1.60557,1.605585,1.605555,1.60557,-1.0,-1.0,-1
1.60557,1.605595,1.605555,1.60559,-1.0,-1.0,-1
1.60559,1.6056,1.605585,1.60559,-1.0,-1.0,-1
1.60559,1.605595,1.605575,1.60559,-1.0,-1.0,-1
1.60559,1.605595,1.605515,1.605525,-1.0,-1.0,-1
1.605525,1.60555,1.6055,1.60555,-1.0,-1.0,-1
1.60555,1.605555,1.605535,1.60555,-1.0,-1.0,-1
1.60555,1.605565,1.605545,1.605545,-1.0,-1.0,-1
1.605545,1.60556,1.605535,1.605535,-1.0,-1.0,-1
1.605535,1.60555,1.605535,1.605545,-1.0,-1.0,-1
1.605545,1.60555,1.60552,1.60554,-1.0,-1.0,-1
1.60554,1.60554,1.605535,1.605535,-1.0,-1.0,-1
1.605535,1.60555,1.60553,1.605535,-1.0,-1.0,-1
1.605535,1.60555,1.605535,1.60555,-1.0,-1.0,-1
1.60555,1.60555,1.60555,1.60555,-1.0,-1.0,-1
1.60555,1.60556,1.605545,1.60556,-1.0,-1.0,-1
1.60556,1.60556,1.60552,1.60554,-1.0,-1.0,-1
1.60554,1.60554,1.60551,1.60552,-1.0,-1.0,-1
1.60552,1.60552,1.60551,1.60552,-1.0,-1.0,-1
1.60552,1.605525,1.605515,1.60552,-1.0,-1.0,-1
1.60552,1.60552,1.60551,1.60551,-1.0,-1.0,-1
1.60551,1.60553,1.60551,1.60552,-1.0,-1.0,-1
1.60552,1.60552,1.60551,1.60551,-1.0,-1.0,-1
1.60551,1.60552,1.6055,1.6055,-1.0,-1.0,-1
1.6055,1.60554,1.6055,1.60554,-1.0,-1.0,-1
1.60554,1.60554,1.60551,1.60551,-1.0,-1.0,-1
1.60551,1.60554,1.60551,1.60554,-1.0,-1.0,-1
1.60554,1.605545,1.60554,1.605545,-1.0,-1.0,-1
1.605545,1.605555,1.60554,1.60555,-1.0,-1.0,-1
1.60555,1.605555,1.60554,1.605555,-1.0,-1.0,-1
1.605555,1.605585,1.605555,1.60558,-1.0,-1.0,-1
1.60558,1.60559,1.60557,1.605575,-1.0,-1.0,-1
1.605575,1.605595,1.605575,1.60559,-1.0,-1.0,-1
1.60559,1.60561,1.605585,1.60561,-1.0,-1.0,-1
1.60561,1.60561,1.605545,1.60555,-1.0,-1.0,-1
1.60555,1.60557,1.60552,1.60557,-1.0,-1.0,-1
1.60557,1.60557,1.605555,1.605565,-1.0,-1.0,-1
1.605565,1.605595,1.605565,1.60559,-1.0,-1.0,-1
1.60559,1.6056,1.60558,1.60559,-1.0,-1.0,-1
1.60559,1.6056,1.60558,1.60559,-1.0,-1.0,-1
1.60559,1.6056,1.605565,1.605585,-1.0,-1.0,-1
1.605585,1.6056,1.60557,1.60558,-1.0,-1.0,-1
1.60558,1.60559,1.605555,1.60557,-1.0,-1.0,-1
1.60557,1.60557,1.60556,1.60556,-1.0,-1.0,-1
1.60556,1.60556,1.60554,1.605545,-1.0,-1.0,-1
1.605545,1.60557,1.605545,1.60557,-1.0,-1.0,-1
1.60557,1.60557,1.605555,1.605555,-1.0,-1.0,-1
1.605555,1.605575,1.605555,1.605575,-1.0,-1.0,-1
1.605575,1.605585,1.605575,1.60558,-1.0,-1.0,-1
1.60558,1.605585,1.605565,1.60557,-1.0,-1.0,-1
1.60557,1.60557,1.605555,1.605565,-1.0,-1.0,-1
1.605565,1.605595,1.605565,1.605575,-1.0,-1.0,-1
1.605575,1.60561,1.605575,1.60561,-1.0,-1.0,-1
1.60561,1.60561,1.605575,1.605575,-1.0,-1.0,-1
1.605575,1.60561,1.60557,1.60559,-1.0,-1.0,-1
1.60559,1.6056,1.60557,1.60557,-1.0,-1.0,-1
1.60557,1.6056,1.60557,1.6056,-1.0,-1.0,-1
1.6056,1.60561,1.605575,1.60559,-1.0,-1.0,-1
1.60559,1.605595,1.605575,1.60559,-1.0,-1.0,-1
1.60559,1.6056,1.605585,1.60559,-1.0,-1.0,-1
1.60559,1.605595,1.60559,1.60559,-1.0,-1.0,-1
1.60559,1.6056,1.605575,1.60558,-1.0,-1.0,-1
1.60558,1.6056,1.605575,1.60559,-1.0,-1.0,-1
1.60559,1.6056,1.605575,1.60558,-1.0,-1.0,-1
1.60558,1.605595,1.60557,1.60557,-1.0,-1.0,-1
1.60557,1.6056,1.60556,1.6056,-1.0,-1.0,-1
1.6056,1.6056,1.60557,1.60559,-1.0,-1.0,-1
1.60559,1.605595,1.605575,1.60559,-1.0,-1.0,-1
1.60559,1.60561,1.605565,1.605565,-1.0,-1.0,-1
1.605565,1.605585,1.605565,1.605565,-1.0,-1.0,-1
1.605565,1.605585,1.605565,1.60558,-1.0,-1.0,-1
1.60558,1.605595,1.60558,1.60558,-1.0,-1.0,-1
1.60558,1.605585,1.60558,1.60558,-1.0,-1.0,-1
1.60558,1.605595,1.605575,1.60559,-1.0,-1.0,-1
1.60559,1.605595,1.605575,1.605575,-1.0,-1.0,-1
1.605575,1.605595,1.605565,1.605585,-1.0,-1.0,-1
1.605585,1.60559,1.60557,1.60557,-1.0,-1.0,-1
1.60557,1.605585,1.60556,1.60556,-1.0,-1.0,-1
1.60556,1.60556,1.60554,1.60555,-1.0,-1.0,-1
1.60555,1.605565,1.60555,1.60556,-1.0,-1.0,-1
1.60556,1.60557,1.60555,1.60556,-1.0,-1.0,-1
1.60556,1.605565,1.60556,1.60556,-1.0,-1.0,-1
1.60556,1.60556,1.60555,1.60555,-1.0,-1.0,-1
1.60555,1.60559,1.60555,1.605585,-1.0,-1.0,-1
1.605585,1.60564,1.605565,1.60563,-1.0,-1.0,-1
1.60563,1.60565,1.60563,1.60564,-1.0,-1.0,-1
1.60564,1.605665,1.60564,1.60565,-1.0,-1.0,-1
1.60565,1.60566,1.60564,1.60564,-1.0,-1.0,-1
1.60564,1.60565,1.605635,1.60564,-1.0,-1.0,-1
1.60564,1.605655,1.605635,1.60565,-1.0,-1.0,-1
1.60565,1.60566,1.60564,1.605645,-1.0,-1.0,-1
1.605645,1.60566,1.605605,1.60562,-1.0,-1.0,-1
1.60562,1.60562,1.605615,1.60562,-1.0,-1.0,-1
1.60562,1.60562,1.605605,1.60561,-1.0,-1.0,-1
1.60561,1.60562,1.605605,1.60561,-1.0,-1.0,-1
1.60561,1.60561,1.605605,1.60561,-1.0,-1.0,-1
1.60561,1.60561,1.605605,1.60561,-1.0,-1.0,-1
1.60561,1.60561,1.605605,1.60561,-1.0,-1.0,-1
1.60561,1.60561,1.6056,1.6056,-1.0,-1.0,-1
1.6056,1.60561,1.60558,1.60561,-1.0,-1.0,-1
1.60561,1.60561,1.60558,1.6056,-1.0,-1.0,-1
1.6056,1.6056,1.605585,1.6056,-1.0,-1.0,-1
1.6056,1.6056,1.60555,1.60555,-1.0,-1.0,-1
1.60555,1.605555,1.605525,1.605545,-1.0,-1.0,-1
1.605545,1.60556,1.605545,1.605545,-1.0,-1.0,-1
1.605545,1.605595,1.605545,1.60558,-1.0,-1.0,-1
1.60558,1.605585,1.605555,1.60557,-1.0,-1.0,-1
1.60557,1.60558,1.605555,1.605575,-1.0,-1.0,-1
1.605575,1.605585,1.60556,1.60558,-1.0,-1.0,-1
1.60558,1.605585,1.60555,1.605565,-1.0,-1.0,-1
1.605565,1.605565,1.605565,1.605565,-1.0,-1.0,-1
1.605565,1.605585,1.605565,1.605575,-1.0,-1.0,-1
1.605575,1.60558,1.60556,1.60556,-1.0,-1.0,-1
1.60556,1.60559,1.605555,1.60557,-1.0,-1.0,-1
1.60557,1.60557,1.60555,1.60557,-1.0,-1.0,-1
1.60557,1.605585,1.605555,1.605575,-1.0,-1.0,-1
1.605575,1.605585,1.605565,1.60557,-1.0,-1.0,-1
1.60557,1.605585,1.605565,1.605575,-1.0,-1.0,-1
1.605575,1.605575,1.605575,1.605575,-1.0,-1.0,-1
1.605575,1.605595,1.605575,1.60559,-1.0,-1.0,-1
1.60559,1.605595,1.605575,1.605585,-1.0,-1.0,-1
1.605585,1.605595,1.605565,1.605565,-1.0,-1.0,-1
1.605565,1.60557,1.60555,1.605555,-1.0,-1.0,-1
1.605555,1.605585,1.605555,1.60556,-1.0,-1.0,-1
1.60556,1.60556,1.605535,1.605545,-1.0,-1.0,-1
1.605545,1.605585,1.605545,1.60556,-1.0,-1.0,-1
1.60556,1.60556,1.605545,1.60555,-1.0,-1.0,-1
1.60555,1.605585,1.60555,1.60558,-1.0,-1.0,-1
1.60558,1.605595,1.605555,1.60556,-1.0,-1.0,-1
1.60556,1.60558,1.60556,1.605565,-1.0,-1.0,-1
1.605565,1.605565,1.605545,1.605545,-1.0,-1.0,-1
1.605545,1.60556,1.605545,1.60556,-1.0,-1.0,-1
1.60556,1.60556,1.605555,1.605555,-1.0,-1.0,-1
1.605555,1.605555,1.605515,1.60553,-1.0,-1.0,-1
1.60553,1.60553,1.605525,1.60553,-1.0,-1.0,-1
1.60553,1.60553,1.605515,1.60553,-1.0,-1.0,-1
1.60553,1.60553,1.605515,1.60553,-1.0,-1.0,-1
1.60553,1.60555,1.605525,1.60555,-1.0,-1.0,-1
1.60555,1.605555,1.605545,1.605555,-1.0,-1.0,-1
1.605555,1.60556,1.60555,1.605555,-1.0,-1.0,-1
1.605555,1.605565,1.60554,1.605565,-1.0,-1.0,-1
1.605565,1.605565,1.60555,1.60555,-1.0,-1.0,-1
1.60555,1.60555,1.605545,1.60555,-1.0,-1.0,-1
1.60555,1.605565,1.60555,1.60556,-1.0,-1.0,-1
1.60556,1.60557,1.60556,1.60557,-1.0,-1.0,-1
1.60557,1.60559,1.60557,1.605585,-1.0,-1.0,-1
1.605585,1.605595,1.60558,1.60559,-1.0,-1.0,-1
1.60559,1.605595,1.605585,1.605585,-1.0,-1.0,-1
1.605585,1.605595,1.605585,1.605595,-1.0,-1.0,-1
1.605595,1.6056,1.605595,1.605595,-1.0,-1.0,-1
1.605595,1.605595,1.605575,1.605595,-1.0,-1.0,-1
1.605595,1.605595,1.605575,1.60558,-1.0,-1.0,-1
1.60558,1.605595,1.605575,1.60559,-1.0,-1.0,-1
1.60559,1.605595,1.60558,1.60558,-1.0,-1.0,-1
1.60558,1.6056,1.60557,1.6056,-1.0,-1.0,-1
1.6056,1.6056,1.6056,1.6056,-1.0,-1.0,-1
1.6056,1.605615,1.60558,1.60561,-1.0,-1.0,-1
1.60561,1.60561,1.6056,1.60561,-1.0,-1.0,-1
1.60561,1.60563,1.6056,1.605615,-1.0,-1.0,-1
1.605615,1.605625,1.60558,1.6056,-1.0,-1.0,-1
1.6056,1.6056,1.605585,1.605585,-1.0,-1.0,-1
1.605585,1.60559,1.605585,1.605585,-1.0,-1.0,-1
1.605585,1.6056,1.60558,1.60559,-1.0,-1.0,-1
1.60559,1.605595,1.605585,1.605585,-1.0,-1.0,-1
1.605585,1.6056,1.605585,1.6056,-1.0,-1.0,-1
1.6056,1.60561,1.6056,1.60561,-1.0,-1.0,-1
1.60561,1.60562,1.6056,1.6056,-1.0,-1.0,-1
1.6056,1.60561,1.60559,1.6056,-1.0,-1.0,-1
1.6056,1.60561,1.60559,1.60559,-1.0,-1.0,-1
1.60559,1.6056,1.60559,1.6056,-1.0,-1.0,-1
1.6056,1.60561,1.6056,1.60561,-1.0,-1.0,-1
1.60561,1.60562,1.605605,1.60562,-1.0,-1.0,-1
1.60562,1.60562,1.60559,1.60559,-1.0,-1.0,-1
1.60559,1.60561,1.60559,1.60561,-1.0,-1.0,-1
1.60561,1.605645,1.605605,1.605645,-1.0,-1.0,-1
1.605645,1.605645,1.60563,1.60564,-1.0,-1.0,-1
1.60564,1.60564,1.605635,1.605635,-1.0,-1.0,-1
1.605635,1.60565,1.605625,1.60563,-1.0,-1.0,-1
1.60563,1.605645,1.60563,1.60563,-1.0,-1.0,-1
1.60563,1.605635,1.605615,1.605625,-1.0,-1.0,-1
1.605625,1.60563,1.605625,1.60563,-1.0,-1.0,-1
1.60563,1.60566,1.605625,1.605645,-1.0,-1.0,-1
1.605645,1.60566,1.605645,1.60565,-1.0,-1.0,-1
1.60565,1.605675,1.60565,1.60567,-1.0,-1.0,-1
1.60567,1.605675,1.60567,1.60567,-1.0,-1.0,-1
1.60567,1.60568,1.605635,1.60564,-1.0,-1.0,-1
1.60564,1.60564,1.60564,1.60564,-1.0,-1.0,-1
1.60564,1.60564,1.60564,1.60564,-1.0,-1.0,-1
1.60564,1.60565,1.60563,1.605635,-1.0,-1.0,-1
1.605635,1.605645,1.605635,1.605645,-1.0,-1.0,-1
1.605645,1.60565,1.605635,1.605635,-1.0,-1.0,-1
1.605635,1.60565,1.605635,1.605645,-1.0,-1.0,-1
1.605645,1.60565,1.605645,1.60565,-1.0,-1.0,-1
1.60565,1.60565,1.605635,1.60565,-1.0,-1.0,-1
1.60565,1.60565,1.60565,1.60565,-1.0,-1.0,-1
1.60565,1.60565,1.605635,1.60565,-1.0,-1.0,-1
1.60565,1.60565,1.60564,1.60564,-1.0,-1.0,-1
1.60564,1.605665,1.60564,1.605665,-1.0,-1.0,-1
1.605665,1.60569,1.60565,1.60569,-1.0,-1.0,-1
1.60569,1.60569,1.60569,1.60569,-1.0,-1.0,-1
1.60569,1.6057,1.605665,1.605665,-1.0,-1.0,-1
1.605665,1.60568,1.605665,1.605675,-1.0,-1.0,-1
1.605675,1.605685,1.605665,1.60568,-1.0,-1.0,-1
1.60568,1.605685,1.605665,1.60568,-1.0,-1.0,-1
1.60568,1.605685,1.60561,1.60562,-1.0,-1.0,-1
1.60562,1.60562,1.60561,1.60562,-1.0,-1.0,-1
1.60562,1.60562,1.605615,1.60562,-1.0,-1.0,-1
1.60562,1.60562,1.605605,1.60561,-1.0,-1.0,-1
1.60561,1.60562,1.60559,1.60561,-1.0,-1.0,-1
1.60561,1.60565,1.605605,1.60565,-1.0,-1.0,-1
1.60565,1.60565,1.60565,1.60565,-1.0,-1.0,-1
1.60565,1.60565,1.60565,1.60565,-1.0,-1.0,-1
1.60565,1.60565,1.60558,1.60558,-1.0,-1.0,-1
1.60558,1.6056,1.605575,1.6056,-1.0,-1.0,-1
1.6056,1.6056,1.605585,1.605585,-1.0,-1.0,-1
1.605585,1.605595,1.605575,1.605575,-1.0,-1.0,-1
1.605575,1.605575,1.605575,1.605575,-1.0,-1.0,-1
1.605575,1.605585,1.605575,1.60558,-1.0,-1.0,-1
1.60558,1.605595,1.605575,1.60559,-1.0,-1.0,-1
1.60559,1.605595,1.60557,1.60558,-1.0,-1.0,-1
1.60558,1.605585,1.605565,1.605565,-1.0,-1.0,-1
1.605565,1.605585,1.605565,1.60558,-1.0,-1.0,-1
1.60558,1.6056,1.605575,1.60559,-1.0,-1.0,-1
1.60559,1.605595,1.605575,1.60558,-1.0,-1.0,-1
1.60558,1.6056,1.605575,1.6056,-1.0,-1.0,-1
1.6056,1.6056,1.60558,1.60559,-1.0,-1.0,-1
1.60559,1.605595,1.605575,1.605575,-1.0,-1.0,-1
1.605575,1.6056,1.60556,1.60556,-1.0,-1.0,-1
1.60556,1.605575,1.605525,1.60554,-1.0,-1.0,-1
1.60554,1.60554,1.60552,1.60554,-1.0,-1.0,-1
1.60554,1.60556,1.60552,1.605545,-1.0,-1.0,-1
1.605545,1.60555,1.60554,1.60554,-1.0,-1.0,-1
1.60554,1.60554,1.605535,1.605535,-1.0,-1.0,-1
1.605535,1.605545,1.6055,1.60553,-1.0,-1.0,-1
1.60553,1.60553,1.605515,1.60552,-1.0,-1.0,-1
1.60552,1.605525,1.6055,1.60552,-1.0,-1.0,-1
1.60552,1.60553,1.6055,1.6055,-1.0,-1.0,-1
1.6055,1.60552,1.605475,1.60549,-1.0,-1.0,-1
1.60549,1.6055,1.605465,1.605485,-1.0,-1.0,-1
1.605485,1.605495,1.605465,1.605465,-1.0,-1.0,-1
1.605465,1.60547,1.605415,1.60543,-1.0,-1.0,-1
1.60543,1.60546,1.605415,1.60543,-1.0,-1.0,-1
1.60543,1.60545,1.605425,1.605435,-1.0,-1.0,-1
1.605435,1.605455,1.60543,1.605455,-1.0,-1.0,-1
1.605455,1.605465,1.60543,1.605435,-1.0,-1.0,-1
1.605435,1.60545,1.60543,1.605435,-1.0,-1.0,-1
1.605435,1.605435,1.60539,1.605405,-1.0,-1.0,-1
1.605405,1.605425,1.605405,1.60542,-1.0,-1.0,-1
1.60542,1.605425,1.605405,1.605405,-1.0,-1.0,-1
1.605405,1.60543,1.605405,1.60543,-1.0,-1.0,-1
1.60543,1.60545,1.605425,1.605435,-1.0,-1.0,-1
1.605435,1.605455,1.605425,1.605425,-1.0,-1.0,-1
1.605425,1.60545,1.605425,1.605445,-1.0,-1.0,-1
1.605445,1.605455,1.605425,1.605455,-1.0,-1.0,-1
1.605455,1.605465,1.605425,1.60545,-1.0,-1.0,-1
1.60545,1.605455,1.605435,1.60544,-1.0,-1.0,-1
1.60544,1.605445,1.605425,1.60543,-1.0,-1.0,-1
1.60543,1.60544,1.605415,1.60543,-1.0,-1.0,-1
1.60543,1.60543,1.605415,1.605415,-1.0,-1.0,-1
1.605415,1.60543,1.605415,1.605425,-1.0,-1.0,-1
1.605425,1.605445,1.605395,1.605395,-1.0,-1.0,-1
1.605395,1.605415,1.605385,1.60541,-1.0,-1.0,-1
1.60541,1.60542,1.6054,1.60541,-1.0,-1.0,-1
1.60541,1.60542,1.60539,1.60539,-1.0,-1.0,-1
1.60539,1.605415,1.605385,1.60541,-1.0,-1.0,-1
1.60541,1.605425,1.6054,1.6054,-1.0,-1.0,-1
1.6054,1.605425,1.605395,1.60541,-1.0,-1.0,-1
1.60541,1.605415,1.605395,1.60541,-1.0,-1.0,-1
1.60541,1.60542,1.605345,1.60538,-1.0,-1.0,-1
1.60538,1.605385,1.60538,1.605385,-1.0,-1.0,-1
1.605385,1.60539,1.605385,1.60539,-1.0,-1.0,-1
1.60539,1.60539,1.605385,1.60539,-1.0,-1.0,-1
1.60539,1.60542,1.60539,1.60542,-1.0,-1.0,-1
1.60542,1.60542,1.605395,1.6054,-1.0,-1.0,-1
1.6054,1.605415,1.6054,1.605415,-1.0,-1.0,-1
1.605415,1.605415,1.605395,1.605405,-1.0,-1.0,-1
1.605405,1.605415,1.605375,1.605375,-1.0,-1.0,-1
1.605375,1.60538,1.605345,1.605355,-1.0,-1.0,-1
1.605355,1.605405,1.605345,1.605405,-1.0,-1.0,-1
1.605405,1.605425,1.60537,1.6054,-1.0,-1.0,-1
1.6054,1.605405,1.605385,1.605385,-1.0,-1.0,-1
1.605385,1.60539,1.60534,1.60534,-1.0,-1.0,-1
1.60534,1.60537,1.60534,1.60536,-1.0,-1.0,-1
1.60536,1.605375,1.605355,1.60536,-1.0,-1.0,-1
1.60536,1.605375,1.605355,1.60537,-1.0,-1.0,-1
1.60537,1.60537,1.60531,1.60535,-1.0,-1.0,-1
1.60535,1.605415,1.605345,1.605405,-1.0,-1.0,-1
1.605405,1.605415,1.60537,1.60538,-1.0,-1.0,-1
1.60538,1.605385,1.60535,1.605375,-1.0,-1.0,-1
1.605375,1.605375,1.605355,1.60537,-1.0,-1.0,-1
1.60537,1.60537,1.60535,1.60536,-1.0,-1.0,-1
1.60536,1.605375,1.60535,1.60536,-1.0,-1.0,-1
1.60536,1.6054,1.605355,1.605395,-1.0,-1.0,-1
1.605395,1.605395,1.605385,1.605385,-1.0,-1.0,-1
1.605385,1.60541,1.60537,1.605395,-1.0,-1.0,-1
1.605395,1.60541,1.605355,1.60537,-1.0,-1.0,-1
1.60537,1.60537,1.60537,1.60537,-1.0,-1.0,-1
1.60537,1.60537,1.60534,1.60536,-1.0,-1.0,-1
1.60536,1.605375,1.60534,1.605375,-1.0,-1.0,-1
1.605375,1.605375,1.60536,1.605365,-1.0,-1.0,-1
1.605365,1.60537,1.60535,1.605365,-1.0,-1.0,-1
1.605365,1.605375,1.60534,1.60534,-1.0,-1.0,-1
1.60534,1.60536,1.60534,1.60536,-1.0,-1.0,-1
1.60536,1.605365,1.605345,1.605355,-1.0,-1.0,-1
1.605355,1.605355,1.60535,1.605355,-1.0,-1.0,-1
1.605355,1.60539,1.60535,1.60539,-1.0,-1.0,-1
1.60539,1.60539,1.60538,1.60539,-1.0,-1.0,-1
1.60539,1.6054,1.60535,1.605355,-1.0,-1.0,-1
1.605355,1.60537,1.605345,1.60535,-1.0,-1.0,-1
1.60535,1.60536,1.605345,1.605345,-1.0,-1.0,-1
1.605345,1.60536,1.605345,1.605345,-1.0,-1.0,-1
1.605345,1.60535,1.605335,1.605345,-1.0,-1.0,-1
1.605345,1.605375,1.60534,1.605355,-1.0,-1.0,-1
1.605355,1.605375,1.605355,1.60536,-1.0,-1.0,-1
1.60536,1.605365,1.60534,1.60536,-1.0,-1.0,-1
1.60536,1.605365,1.605285,1.60534,-1.0,-1.0,-1
1.60534,1.605355,1.605315,1.605315,-1.0,-1.0,-1
1.605315,1.60533,1.60531,1.60531,-1.0,-1.0,-1
1.60531,1.60534,1.60531,1.60534,-1.0,-1.0,-1
1.60534,1.60534,1.605245,1.60525,-1.0,-1.0,-1
1.60525,1.60528,1.60525,1.605275,-1.0,-1.0,-1
1.605275,1.605285,1.605265,1.60528,-1.0,-1.0,-1
1.60528,1.605285,1.60525,1.60526,-1.0,-1.0,-1
1.60526,1.60536,1.60526,1.60535,-1.0,-1.0,-1
1.60535,1.60554,1.60534,1.605535,-1.0,-1.0,-1
1.605535,1.60568,1.60551,1.60556,-1.0,-1.0,-1
1.60556,1.60556,1.60542,1.60542,-1.0,-1.0,-1
1.60542,1.605445,1.6054,1.60544,-1.0,-1.0,-1
1.60544,1.60544,1.60537,1.60539,-1.0,-1.0,-1
1.60539,1.605415,1.60535,1.605355,-1.0,-1.0,-1
1.605355,1.60537,1.605305,1.60536,-1.0,-1.0,-1
1.60536,1.60538,1.605355,1.605365,-1.0,-1.0,-1
1.605365,1.605365,1.605335,1.60536,-1.0,-1.0,-1
1.60536,1.60538,1.605355,1.605355,-1.0,-1.0,-1
1.605355,1.60538,1.60535,1.60538,-1.0,-1.0,-1
1.60538,1.605395,1.60533,1.60534,-1.0,-1.0,-1
1.60534,1.605345,1.605285,1.605345,-1.0,-1.0,-1
1.605345,1.605345,1.6053,1.605315,-1.0,-1.0,-1
1.605315,1.60534,1.605285,1.60532,-1.0,-1.0,-1
1.60532,1.60534,1.60531,1.60534,-1.0,-1.0,-1
1.60534,1.60534,1.605305,1.60533,-1.0,-1.0,-1
1.60533,1.60534,1.605315,1.60532,-1.0,-1.0,-1
1.60532,1.605355,1.60532,1.605345,-1.0,-1.0,-1
1.605345,1.60536,1.60534,1.605345,-1.0,-1.0,-1
1.605345,1.60538,1.605345,1.60535,-1.0,-1.0,-1
1.60535,1.60536,1.605325,1.605325,-1.0,-1.0,-1
1.605325,1.60535,1.605325,1.605345,-1.0,-1.0,-1
1.605345,1.605345,1.60531,1.60532,-1.0,-1.0,-1
1.60532,1.605345,1.60532,1.60534,-1.0,-1.0,-1
1.60534,1.60538,1.60534,1.60538,-1.0,-1.0,-1
1.60538,1.60538,1.605265,1.605285,-1.0,-1.0,-1
1.605285,1.60533,1.60527,1.605325,-1.0,-1.0,-1
1.605325,1.60534,1.60532,1.60534,-1.0,-1.0,-1
1.60534,1.60535,1.60534,1.60535,-1.0,-1.0,-1
1.60535,1.605355,1.60533,1.60535,-1.0,-1.0,-1
1.60535,1.60535,1.605295,1.60535,-1.0,-1.0,-1
1.60535,1.60535,1.60533,1.60535,-1.0,-1.0,-1
1.60535,1.60536,1.605345,1.60535,-1.0,-1.0,-1
1.60535,1.60535,1.60534,1.60534,-1.0,-1.0,-1
1.60534,1.60536,1.60533,1.60535,-1.0,-1.0,-1
1.60535,1.60536,1.60533,1.60533,-1.0,-1.0,-1
1.60533,1.60535,1.605285,1.6053,-1.0,-1.0,-1
1.6053,1.60535,1.6053,1.605305,-1.0,-1.0,-1
1.605305,1.60532,1.605305,1.605305,-1.0,-1.0,-1
1.605305,1.60533,1.605295,1.605325,-1.0,-1.0,-1
1.605325,1.60533,1.605315,1.60532,-1.0,-1.0,-1
1.60532,1.605325,1.605295,1.605295,-1.0,-1.0,-1
1.605295,1.605305,1.605285,1.605285,-1.0,-1.0,-1
1.605285,1.6053,1.605285,1.605295,-1.0,-1.0,-1
1.605295,1.60534,1.605295,1.60534,-1.0,-1.0,-1
1.60534,1.60535,1.60532,1.60532,-1.0,-1.0,-1
1.60532,1.60537,1.60532,1.60536,-1.0,-1.0,-1
1.60536,1.605365,1.60535,1.605365,-1.0,-1.0,-1
1.605365,1.605375,1.60536,1.60537,-1.0,-1.0,-1
1.60537,1.60537,1.605365,1.60537,-1.0,-1.0,-1
1.60537,1.605375,1.60535,1.60537,-1.0,-1.0,-1
1.60537,1.605455,1.60535,1.605435,-1.0,-1.0,-1
1.605435,1.605505,1.60543,1.60549,-1.0,-1.0,-1
1.60549,1.605495,1.605465,1.60548,-1.0,-1.0,-1
1.60548,1.60548,1.605465,1.60548,-1.0,-1.0,-1
1.60548,1.60548,1.60531,1.60531,-1.0,-1.0,-1
1.60531,1.60531,1.605295,1.605295,-1.0,-1.0,-1
1.605295,1.60531,1.605285,1.605285,-1.0,-1.0,-1
1.605285,1.60531,1.605285,1.605285,-1.0,-1.0,-1
1.605285,1.605285,1.605235,1.605235,-1.0,-1.0,-1
1.605235,1.60525,1.605235,1.60525,-1.0,-1.0,-1
1.60525,1.60526,1.605235,1.605235,-1.0,-1.0,-1
1.605235,1.60525,1.605235,1.60525,-1.0,-1.0,-1
1.60525,1.60526,1.60524,1.60524,-1.0,-1.0,-1
1.60524,1.60529,1.60523,1.60528,-1.0,-1.0,-1
1.60528,1.60528,1.60528,1.60528,-1.0,-1.0,-1
1.60528,1.605295,1.60528,1.605285,-1.0,-1.0,-1
1.605285,1.605285,1.60524,1.60524,-1.0,-1.0,-1
1.60524,1.605245,1.605225,1.605225,-1.0,-1.0,-1
1.605225,1.60524,1.605225,1.60524,-1.0,-1.0,-1
1.60524,1.60524,1.60524,1.60524,-1.0,-1.0,-1
1.60524,1.60524,1.60524,1.60524,-1.0,-1.0,-1
1.60524,1.60525,1.60524,1.60525,-1.0,-1.0,-1
1.60525,1.60528,1.60525,1.60527,-1.0,-1.0,-1
1.60527,1.605285,1.605265,1.605285,-1.0,-1.0,-1
1.605285,1.605345,1.605285,1.605335,-1.0,-1.0,-1
1.605335,1.605335,1.605315,1.605335,-1.0,-1.0,-1
1.605335,1.605345,1.60531,1.605345,-1.0,-1.0,-1
1.605345,1.605345,1.60534,1.605345,-1.0,-1.0,-1
1.605345,1.605345,1.60534,1.60534,-1.0,-1.0,-1
1.60534,1.60534,1.60534,1.60534,-1.0,-1.0,-1
1.60534,1.605355,1.60533,1.60533,-1.0,-1.0,-1
1.60533,1.60538,1.605325,1.60538,-1.0,-1.0,-1
1.60538,1.605425,1.60537,1.605405,-1.0,-1.0,-1
1.605405,1.60541,1.605365,1.60537,-1.0,-1.0,-1
1.60537,1.605395,1.605355,1.605365,-1.0,-1.0,-1
1.605365,1.605375,1.60535,1.605375,-1.0,-1.0,-1
1.605375,1.605375,1.605345,1.605365,-1.0,-1.0,-1
1.605365,1.605375,1.605345,1.60535,-1.0,-1.0,-1
1.60535,1.60538,1.60534,1.60538,-1.0,-1.0,-1
1.60538,1.60538,1.60534,1.60536,-1.0,-1.0,-1
1.60536,1.605375,1.60534,1.60537,-1.0,-1.0,-1
1.60537,1.60537,1.60535,1.605355,-1.0,-1.0,-1
1.605355,1.605355,1.605355,1.605355,-1.0,-1.0,-1
1.605355,1.605355,1.605345,1.605345,-1.0,-1.0,-1
1.605345,1.60536,1.605345,1.605345,-1.0,-1.0,-1
1.605345,1.60536,1.60534,1.605355,-1.0,-1.0,-1
1.605355,1.605385,1.605345,1.605375,-1.0,-1.0,-1
1.605375,1.605385,1.605375,1.60538,-1.0,-1.0,-1
1.60538,1.605385,1.60534,1.60535,-1.0,-1.0,-1
1.60535,1.60539,1.605345,1.60536,-1.0,-1.0,-1
1.60536,1.60537,1.60534,1.605345,-1.0,-1.0,-1
1.605345,1.60535,1.60534,1.60535,-1.0,-1.0,-1
1.60535,1.605355,1.60532,1.605355,-1.0,-1.0,-1
1.605355,1.605355,1.60533,1.60534,-1.0,-1.0,-1
1.60534,1.605355,1.60534,1.605345,-1.0,-1.0,-1
1.605345,1.60536,1.60534,1.60534,-1.0,-1.0,-1
1.60534,1.60534,1.605315,1.605335,-1.0,-1.0,-1
1.605335,1.605335,1.60531,1.60531,-1.0,-1.0,-1
1.60531,1.60532,1.60529,1.60529,-1.0,-1.0,-1
1.60529,1.6053,1.60529,1.605295,-1.0,-1.0,-1
1.605295,1.6053,1.60529,1.605295,-1.0,-1.0,-1
1.605295,1.605305,1.60528,1.605305,-1.0,-1.0,-1
1.605305,1.60531,1.60529,1.6053,-1.0,-1.0,-1
1.6053,1.605305,1.60529,1.60529,-1.0,-1.0,-1
1.60529,1.60532,1.605265,1.6053,-1.0,-1.0,-1
1.6053,1.6053,1.605265,1.60529,-1.0,-1.0,-1
1.60529,1.60529,1.605275,1.60529,-1.0,-1.0,-1
1.60529,1.60529,1.605275,1.60528,-1.0,-1.0,-1
1.60528,1.60528,1.60519,1.605205,-1.0,-1.0,-1
1.605205,1.605245,1.605205,1.605225,-1.0,-1.0,-1
1.605225,1.605235,1.60522,1.60523,-1.0,-1.0,-1
1.60523,1.605235,1.605185,1.605195,-1.0,-1.0,-1
1.605195,1.605195,1.60517,1.605175,-1.0,-1.0,-1
1.605175,1.60521,1.60517,1.60521,-1.0,-1.0,-1
1.60521,1.60521,1.605195,1.605205,-1.0,-1.0,-1
1.605205,1.60521,1.60519,1.605205,-1.0,-1.0,-1
1.605205,1.605205,1.605185,1.605195,-1.0,-1.0,-1
1.605195,1.60521,1.605195,1.6052,-1.0,-1.0,-1
1.6052,1.60524,1.60519,1.60522,-1.0,-1.0,-1
1.60522,1.60524,1.60521,1.605235,-1.0,-1.0,-1
1.605235,1.60525,1.60522,1.60523,-1.0,-1.0,-1
1.60523,1.60525,1.60523,1.60523,-1.0,-1.0,-1
1.60523,1.60526,1.60521,1.60521,-1.0,-1.0,-1
1.60521,1.60524,1.60521,1.605225,-1.0,-1.0,-1
1.605225,1.60523,1.605195,1.605195,-1.0,-1.0,-1
1.605195,1.605245,1.605195,1.60524,-1.0,-1.0,-1
1.60524,1.60525,1.605175,1.60524,-1.0,-1.0,-1
1.60524,1.605245,1.605215,1.60524,-1.0,-1.0,-1
1.60524,1.605245,1.60522,1.605235,-1.0,-1.0,-1
1.605235,1.60525,1.605225,1.60524,-1.0,-1.0,-1
1.60524,1.605275,1.605235,1.60526,-1.0,-1.0,-1
1.60526,1.605275,1.60524,1.605275,-1.0,-1.0,-1
1.605275,1.60528,1.605255,1.60527,-1.0,-1.0,-1
1.60527,1.605295,1.605255,1.605295,-1.0,-1.0,-1
1.605295,1.605305,1.60525,1.605265,-1.0,-1.0,-1
1.605265,1.605265,1.60522,1.60525,-1.0,-1.0,-1
1.60525,1.605265,1.60525,1.60525,-1.0,-1.0,-1
1.60525,1.60527,1.60525,1.60527,-1.0,-1.0,-1
1.60527,1.60527,1.605225,1.60525,-1.0,-1.0,-1
1.60525,1.60526,1.605235,1.605235,-1.0,-1.0,-1
1.605235,1.60526,1.605235,1.60526,-1.0,-1.0,-1
1.60526,1.60526,1.605225,1.605225,-1.0,-1.0,-1
1.605225,1.60525,1.605215,1.60524,-1.0,-1.0,-1
1.60524,1.605245,1.60523,1.60524,-1.0,-1.0,-1
1.60524,1.605245,1.605225,1.605225,-1.0,-1.0,-1
1.605225,1.605225,1.605225,1.605225,-1.0,-1.0,-1
1.605225,1.605245,1.60522,1.60523,-1.0,-1.0,-1
1.60523,1.60524,1.605215,1.605215,-1.0,-1.0,-1
1.605215,1.60524,1.605215,1.605235,-1.0,-1.0,-1
1.605235,1.605295,1.605235,1.605295,-1.0,-1.0,-1
1.605295,1.605295,1.605295,1.605295,-1.0,-1.0,-1
1.605295,1.605305,1.60526,1.605265,-1.0,-1.0,-1
1.605265,1.605275,1.60525,1.60527,-1.0,-1.0,-1
1.60527,1.605275,1.60526,1.605265,-1.0,-1.0,-1
1.605265,1.605305,1.60526,1.6053,-1.0,-1.0,-1
1.6053,1.60532,1.60529,1.60531,-1.0,-1.0,-1
1.60531,1.60531,1.6053,1.6053,-1.0,-1.0,-1
1.6053,1.605325,1.6053,1.60531,-1.0,-1.0,-1
1.60531,1.60531,1.605295,1.605295,-1.0,-1.0,-1
1.605295,1.60531,1.605295,1.605295,-1.0,-1.0,-1
1.605295,1.60532,1.60528,1.60528,-1.0,-1.0,-1
1.60528,1.605325,1.605275,1.60532,-1.0,-1.0,-1
1.60532,1.60533,1.605305,1.60531,-1.0,-1.0,-1
1.60531,1.60533,1.605305,1.60531,-1.0,-1.0,-1
1.60531,1.605335,1.60531,1.605335,-1.0,-1.0,-1
1.605335,1.605335,1.60529,1.60532,-1.0,-1.0,-1
1.60532,1.60534,1.605305,1.605325,-1.0,-1.0,-1
1.605325,1.60533,1.605325,1.605325,-1.0,-1.0,-1
1.605325,1.605355,1.60532,1.605345,-1.0,-1.0,-1
1.605345,1.605345,1.605325,1.605325,-1.0,-1.0,-1
1.605325,1.605355,1.60532,1.605325,-1.0,-1.0,-1
1.605325,1.605335,1.60531,1.605325,-1.0,-1.0,-1
1.605325,1.60534,1.60531,1.60534,-1.0,-1.0,-1
1.60534,1.605375,1.605325,1.605375,-1.0,-1.0,-1
1.605375,1.60538,1.60535,1.605365,-1.0,-1.0,-1
1.605365,1.605415,1.605345,1.6054,-1.0,-1.0,-1
1.6054,1.605415,1.605395,1.605405,-1.0,-1.0,-1
1.605405,1.605425,1.605405,1.605415,-1.0,-1.0,-1
1.605415,1.605425,1.605385,1.605385,-1.0,-1.0,-1
1.605385,1.605385,1.60537,1.605375,-1.0,-1.0,-1
1.605375,1.60538,1.605365,1.60538,-1.0,-1.0,-1
1.60538,1.60539,1.605375,1.605375,-1.0,-1.0,-1
1.605375,1.60539,1.605355,1.605385,-1.0,-1.0,-1
1.605385,1.605385,1.60537,1.60537,-1.0,-1.0,-1
1.60537,1.605385,1.60537,1.605375,-1.0,-1.0,-1
1.605375,1.605385,1.60536,1.60538,-1.0,-1.0,-1
1.60538,1.60542,1.605375,1.605415,-1.0,-1.0,-1
1.605415,1.60545,1.605415,1.605445,-1.0,-1.0,-1
1.605445,1.605455,1.60543,1.60544,-1.0,-1.0,-1
1.60544,1.605445,1.60544,1.605445,-1.0,-1.0,-1
1.605445,1.605445,1.6054,1.60542,-1.0,-1.0,-1
1.60542,1.60542,1.6054,1.6054,-1.0,-1.0,-1
1.6054,1.6054,1.6054,1.6054,-1.0,-1.0,-1
1.6054,1.60541,1.605395,1.605395,-1.0,-1.0,-1
1.605395,1.605405,1.605395,1.6054,-1.0,-1.0,-1
1.6054,1.6054,1.605395,1.605395,-1.0,-1.0,-1
1.605395,1.605425,1.605395,1.605425,-1.0,-1.0,-1
1.605425,1.605425,1.60541,1.605425,-1.0,-1.0,-1
1.605425,1.60543,1.605425,1.605425,-1.0,-1.0,-1
1.605425,1.605435,1.605415,1.605435,-1.0,-1.0,-1
1.605435,1.60544,1.60541,1.60542,-1.0,-1.0,-1
1.60542,1.60543,1.60542,1.60543,-1.0,-1.0,-1
1.60543,1.60543,1.60539,1.60541,-1.0,-1.0,-1
1.60541,1.60543,1.605405,1.605405,-1.0,-1.0,-1
1.605405,1.60542,1.605405,1.605415,-1.0,-1.0,-1
1.605415,1.60543,1.605415,1.605415,-1.0,-1.0,-1
1.605415,1.60543,1.605415,1.605425,-1.0,-1.0,-1
1.605425,1.605425,1.605415,1.605425,-1.0,-1.0,-1
1.605425,1.605445,1.60542,1.60544,-1.0,-1.0,-1
1.60544,1.60544,1.605425,1.60544,-1.0,-1.0,-1
1.60544,1.60544,1.605435,1.60544,-1.0,-1.0,-1
1.60544,1.60544,1.605435,1.60544,-1.0,-1.0,-1
1.60544,1.60544,1.605425,1.605425,-1.0,-1.0,-1
1.605425,1.60544,1.605415,1.60544,-1.0,-1.0,-1
1.60544,1.60544,1.605425,1.605435,-1.0,-1.0,-1
1.605435,1.605445,1.605425,1.60544,-1.0,-1.0,-1
1.60544,1.60544,1.605425,1.605425,-1.0,-1.0,-1
1.605425,1.60544,1.605425,1.60543,-1.0,-1.0,-1
1.60543,1.60544,1.605425,1.605435,-1.0,-1.0,-1
1.605435,1.605445,1.60543,1.605445,-1.0,-1.0,-1
1.605445,1.605445,1.60544,1.605445,-1.0,-1.0,-1
1.605445,1.60545,1.60544,1.605445,-1.0,-1.0,-1
1.605445,1.605445,1.605435,1.60544,-1.0,-1.0,-1
1.60544,1.60544,1.605425,1.605425,-1.0,-1.0,-1
1.605425,1.60544,1.605415,1.60542,-1.0,-1.0,-1
1.60542,1.605425,1.60542,1.605425,-1.0,-1.0,-1
1.605425,1.60543,1.605425,1.60543,-1.0,-1.0,-1
1.60543,1.60544,1.605385,1.605385,-1.0,-1.0,-1
1.605385,1.605385,1.605375,1.605385,-1.0,-1.0,-1
1.605385,1.605385,1.605375,1.605375,-1.0,-1.0,-1
1.605375,1.60539,1.605375,1.605385,-1.0,-1.0,-1
1.605385,1.60539,1.605355,1.605385,-1.0,-1.0,-1
1.605385,1.60539,1.60534,1.60534,-1.0,-1.0,-1
1.60534,1.60538,1.60534,1.60537,-1.0,-1.0,-1
1.60537,1.60537,1.60536,1.60537,-1.0,-1.0,-1
1.60537,1.605375,1.60537,1.605375,-1.0,-1.0,-1
1.605375,1.605385,1.605375,1.605385,-1.0,-1.0,-1
1.605385,1.605385,1.605375,1.605385,-1.0,-1.0,-1
1.605385,1.605385,1.605375,1.60538,-1.0,-1.0,-1
1.60538,1.60538,1.605345,1.605355,-1.0,-1.0,-1
1.605355,1.60536,1.60535,1.60536,-1.0,-1.0,-1
1.60536,1.60536,1.60535,1.605355,-1.0,-1.0,-1
1.605355,1.605375,1.60535,1.605365,-1.0,-1.0,-1
1.605365,1.60538,1.60536,1.605375,-1.0,-1.0,-1
1.605375,1.605385,1.60537,1.605375,-1.0,-1.0,-1
1.605375,1.60538,1.60537,1.605375,-1.0,-1.0,-1
1.605375,1.60538,1.60536,1.605365,-1.0,-1.0,-1
1.605365,1.605395,1.60536,1.60538,-1.0,-1.0,-1
1.60538,1.60538,1.605375,1.605375,-1.0,-1.0,-1
1.605375,1.605375,1.60537,1.605375,-1.0,-1.0,-1
1.605375,1.605385,1.605375,1.605385,-1.0,-1.0,-1
1.605385,1.605385,1.60538,1.60538,-1.0,-1.0,-1
1.60538,1.605385,1.60538,1.60538,-1.0,-1.0,-1
1.60538,1.60539,1.60536,1.605385,-1.0,-1.0,-1
1.605385,1.605385,1.60536,1.605365,-1.0,-1.0,-1
1.605365,1.605385,1.60536,1.605385,-1.0,-1.0,-1
1.605385,1.605415,1.60536,1.60541,-1.0,-1.0,-1
1.60541,1.605415,1.60539,1.6054,-1.0,-1.0,-1
1.6054,1.605405,1.605385,1.6054,-1.0,-1.0,-1
1.6054,1.60541,1.6054,1.605405,-1.0,-1.0,-1
1.605405,1.60542,1.605405,1.60541,-1.0,-1.0,-1
1.60541,1.605415,1.60541,1.60541,-1.0,-1.0,-1
1.60541,1.60542,1.605385,1.605395,-1.0,-1.0,-1
1.605395,1.605415,1.60539,1.605405,-1.0,-1.0,-1
1.605405,1.60542,1.605405,1.60541,-1.0,-1.0,-1
1.60541,1.605415,1.60541,1.60541,-1.0,-1.0,-1
1.60541,1.605415,1.605395,1.605395,-1.0,-1.0,-1
1.605395,1.605405,1.60539,1.605395,-1.0,-1.0,-1
1.605395,1.605415,1.605345,1.60535,-1.0,-1.0,-1
1.60535,1.60536,1.60534,1.60534,-1.0,-1.0,-1
1.60534,1.60536,1.60534,1.60536,-1.0,-1.0,-1
1.60536,1.60537,1.60533,1.60536,-1.0,-1.0,-1
1.60536,1.60536,1.60533,1.60535,-1.0,-1.0,-1
1.60535,1.60536,1.605345,1.60536,-1.0,-1.0,-1
1.60536,1.60537,1.605355,1.605365,-1.0,-1.0,-1
1.605365,1.60538,1.60535,1.605355,-1.0,-1.0,-1
1.605355,1.60537,1.605345,1.60537,-1.0,-1.0,-1
1.60537,1.60537,1.605345,1.605355,-1.0,-1.0,-1
1.605355,1.60537,1.605345,1.60535,-1.0,-1.0,-1
1.60535,1.60537,1.605345,1.60537,-1.0,-1.0,-1
1.60537,1.60537,1.605355,1.605365,-1.0,-1.0,-1
1.605365,1.605395,1.605355,1.605395,-1.0,-1.0,-1
1.605395,1.605395,1.605375,1.60539,-1.0,-1.0,-1
1.60539,1.60541,1.60538,1.60539,-1.0,-1.0,-1
1.60539,1.60541,1.60539,1.605395,-1.0,-1.0,-1
1.605395,1.605395,1.60539,1.605395,-1.0,-1.0,-1
1.605395,1.605405,1.605395,1.6054,-1.0,-1.0,-1
1.6054,1.605405,1.60538,1.60538,-1.0,-1.0,-1
1.60538,1.605405,1.605365,1.605395,-1.0,-1.0,-1
1.605395,1.605425,1.605395,1.60541,-1.0,-1.0,-1
1.60541,1.60542,1.605395,1.60541,-1.0,-1.0,-1
1.60541,1.60542,1.605395,1.605395,-1.0,-1.0,-1
1.605395,1.605415,1.605395,1.6054,-1.0,-1.0,-1
1.6054,1.60542,1.605395,1.605405,-1.0,-1.0,-1
1.605405,1.605425,1.605385,1.605405,-1.0,-1.0,-1
1.605405,1.60542,1.6054,1.605415,-1.0,-1.0,-1
1.605415,1.60542,1.605405,1.605405,-1.0,-1.0,-1
1.605405,1.60542,1.6054,1.605415,-1.0,-1.0,-1
1.605415,1.60542,1.605385,1.6054,-1.0,-1.0,-1
1.6054,1.605425,1.6054,1.60542,-1.0,-1.0,-1
1.60542,1.605425,1.60541,1.60541,-1.0,-1.0,-1
1.60541,1.605425,1.6054,1.6054,-1.0,-1.0,-1
1.6054,1.605415,1.605385,1.605405,-1.0,-1.0,-1
1.605405,1.60542,1.605395,1.605395,-1.0,-1.0,-1
1.605395,1.60542,1.605395,1.605415,-1.0,-1.0,-1
1.605415,1.60542,1.605385,1.6054,-1.0,-1.0,-1
1.6054,1.60542,1.605395,1.6054,-1.0,-1.0,-1
1.6054,1.60542,1.6054,1.6054,-1.0,-1.0,-1
1.6054,1.60542,1.605395,1.605395,-1.0,-1.0,-1
1.605395,1.60542,1.605395,1.605415,-1.0,-1.0,-1
1.605415,1.605425,1.605395,1.605405,-1.0,-1.0,-1
1.605405,1.605415,1.605395,1.60541,-1.0,-1.0,-1
1.60541,1.60543,1.60539,1.60543,-1.0,-1.0,-1
1.60543,1.60543,1.605415,1.60543,-1.0,-1.0,-1
1.60543,1.60543,1.60541,1.60542,-1.0,-1.0,-1
1.60542,1.605425,1.605365,1.6054,-1.0,-1.0,-1
1.6054,1.605415,1.60539,1.6054,-1.0,-1.0,-1
1.6054,1.605415,1.605385,1.60541,-1.0,-1.0,-1
1.60541,1.60542,1.605405,1.605405,-1.0,-1.0,-1
1.605405,1.60542,1.605405,1.605415,-1.0,-1.0,-1
1.605415,1.605425,1.605415,1.605425,-1.0,-1.0,-1
1.605425,1.605425,1.605405,1.605405,-1.0,-1.0,-1
1.605405,1.60542,1.605395,1.605395,-1.0,-1.0,-1
1.605395,1.605415,1.605395,1.6054,-1.0,-1.0,-1
1.6054,1.605415,1.605395,1.605405,-1.0,-1.0,-1
1.605405,1.60541,1.60539,1.605395,-1.0,-1.0,-1
1.605395,1.60541,1.60539,1.6054,-1.0,-1.0,-1
1.6054,1.605405,1.605385,1.605395,-1.0,-1.0,-1
1.605395,1.605395,1.60538,1.605385,-1.0,-1.0,-1
1.605385,1.605385,1.605355,1.60537,-1.0,-1.0,-1
1.60537,1.60537,1.60535,1.605355,-1.0,-1.0,-1
1.605355,1.605365,1.60535,1.605355,-1.0,-1.0,-1
1.605355,1.605365,1.60535,1.605365,-1.0,-1.0,-1
1.605365,1.605375,1.605345,1.60536,-1.0,-1.0,-1
1.60536,1.60537,1.605345,1.60537,-1.0,-1.0,-1
1.60537,1.60537,1.605345,1.60536,-1.0,-1.0,-1
1.60536,1.60536,1.60533,1.60535,-1.0,-1.0,-1
1.60535,1.60535,1.605345,1.60535,-1.0,-1.0,-1
1.60535,1.60535,1.60534,1.60534,-1.0,-1.0,-1
1.60534,1.605365,1.60534,1.60536,-1.0,-1.0,-1
1.60536,1.60536,1.60533,1.60533,-1.0,-1.0,-1
1.60533,1.60536,1.605325,1.60535,-1.0,-1.0,-1
1.60535,1.60535,1.605305,1.605315,-1.0,-1.0,-1
1.605315,1.60533,1.6053,1.60531,-1.0,-1.0,-1
1.60531,1.60532,1.605295,1.605315,-1.0,-1.0,-1
1.605315,1.60533,1.6053,1.60532,-1.0,-1.0,-1
1.60532,1.60533,1.60532,1.60532,-1.0,-1.0,-1
1.60532,1.60534,1.605315,1.605315,-1.0,-1.0,-1
1.605315,1.60534,1.605315,1.60534,-1.0,-1.0,-1
1.60534,1.60534,1.605315,1.605315,-1.0,-1.0,-1
1.605315,1.60534,1.605315,1.605325,-1.0,-1.0,-1
1.605325,1.60533,1.605325,1.605325,-1.0,-1.0,-1
1.605325,1.60533,1.605325,1.605325,-1.0,-1.0,-1
1.605325,1.60535,1.60532,1.60533,-1.0,-1.0,-1
1.60533,1.60535,1.60533,1.60534,-1.0,-1.0,-1
1.60534,1.60534,1.60533,1.60533,-1.0,-1.0,-1
1.60533,1.605355,1.60533,1.605355,-1.0,-1.0,-1
1.605355,1.60536,1.60535,1.60536,-1.0,-1.0,-1
1.60536,1.605365,1.605345,1.60535,-1.0,-1.0,-1
1.60535,1.60535,1.605325,1.60533,-1.0,-1.0,-1
1.60533,1.60535,1.60533,1.60533,-1.0,-1.0,-1
1.60533,1.60535,1.60533,1.60533,-1.0,-1.0,-1
1.60533,1.60535,1.60533,1.60533,-1.0,-1.0,-1
1.60533,1.60535,1.60533,1.60535,-1.0,-1.0,-1
1.60535,1.60535,1.60533,1.60535,-1.0,-1.0,-1
1.60535,1.60535,1.60533,1.60533,-1.0,-1.0,-1
1.60533,1.60534,1.60533,1.60534,-1.0,-1.0,-1
1.60534,1.60535,1.60533,1.60535,-1.0,-1.0,-1
1.60535,1.60535,1.60534,1.60535,-1.0,-1.0,-1
1.60535,1.605375,1.60533,1.60533,-1.0,-1.0,-1
1.60533,1.60535,1.60533,1.60533,-1.0,-1.0,-1
1.60533,1.60535,1.60533,1.60535,-1.0,-1.0,-1
1.60535,1.60535,1.60534,1.60534,-1.0,-1.0,-1
1.60534,1.605355,1.60534,1.60535,-1.0,-1.0,-1
1.60535,1.605355,1.60534,1.60535,-1.0,-1.0,-1
1.60535,1.60535,1.60533,1.60534,-1.0,-1.0,-1
1.60534,1.605355,1.60534,1.605355,-1.0,-1.0,-1
1.605355,1.605355,1.60531,1.60531,-1.0,-1.0,-1
1.60531,1.60531,1.6053,1.6053,-1.0,-1.0,-1
1.6053,1.6053,1.6053,1.6053,-1.0,-1.0,-1
1.6053,1.6053,1.6053,1.6053,-1.0,-1.0,-1
1.6053,1.6053,1.60529,1.605295,-1.0,-1.0,-1
1.605295,1.605295,1.605275,1.605285,-1.0,-1.0,-1
1.605285,1.60529,1.60527,1.605285,-1.0,-1.0,-1
1.605285,1.605295,1.605265,1.60528,-1.0,-1.0,-1
1.60528,1.60528,1.60526,1.60527,-1.0,-1.0,-1
1.60527,1.60529,1.60526,1.60529,-1.0,-1.0,-1
1.60529,1.605295,1.605285,1.605285,-1.0,-1.0,-1
1.605285,1.605295,1.60528,1.60529,-1.0,-1.0,-1
1.60529,1.605295,1.60528,1.60529,-1.0,-1.0,-1
1.60529,1.605295,1.60529,1.605295,-1.0,-1.0,-1
1.605295,1.605295,1.60529,1.60529,-1.0,-1.0,-1
1.60529,1.6053,1.60528,1.605295,-1.0,-1.0,-1
1.605295,1.6053,1.605285,1.60529,-1.0,-1.0,-1
1.60529,1.60529,1.605255,1.60527,-1.0,-1.0,-1
1.60527,1.60527,1.605235,1.60524,-1.0,-1.0,-1
1.60524,1.605245,1.60524,1.60524,-1.0,-1.0,-1
1.60524,1.60525,1.605215,1.605215,-1.0,-1.0,-1
1.605215,1.605235,1.605215,1.60523,-1.0,-1.0,-1
1.60523,1.605235,1.60516,1.60516,-1.0,-1.0,-1
1.60516,1.605175,1.60516,1.60516,-1.0,-1.0,-1
1.60516,1.60517,1.60516,1.60517,-1.0,-1.0,-1
1.60517,1.60517,1.60515,1.60516,-1.0,-1.0,-1
1.60516,1.60517,1.605145,1.60517,-1.0,-1.0,-1
1.60517,1.60517,1.605165,1.60517,-1.0,-1.0,-1
1.60517,1.60518,1.60515,1.60516,-1.0,-1.0,-1
1.60516,1.60517,1.60515,1.60517,-1.0,-1.0,-1
1.60517,1.60518,1.605125,1.60513,-1.0,-1.0,-1
1.60513,1.60515,1.605125,1.605125,-1.0,-1.0,-1
1.605125,1.605125,1.605125,1.605125,-1.0,-1.0,-1
1.605125,1.605155,1.605125,1.605145,-1.0,-1.0,-1
1.605145,1.60515,1.605145,1.605145,-1.0,-1.0,-1
1.605145,1.605155,1.605135,1.60515,-1.0,-1.0,-1
1.60515,1.605185,1.605145,1.60517,-1.0,-1.0,-1
1.60517,1.60518,1.605165,1.60518,-1.0,-1.0,-1
1.60518,1.60518,1.605165,1.605175,-1.0,-1.0,-1
1.605175,1.60518,1.60516,1.60517,-1.0,-1.0,-1
1.60517,1.605175,1.605165,1.60517,-1.0,-1.0,-1
1.60517,1.605185,1.605165,1.605185,-1.0,-1.0,-1
1.605185,1.605195,1.605165,1.605185,-1.0,-1.0,-1
1.605185,1.605205,1.605165,1.605205,-1.0,-1.0,-1
1.605205,1.605215,1.6052,1.6052,-1.0,-1.0,-1
1.6052,1.6052,1.605165,1.605185,-1.0,-1.0,-1
1.605185,1.60519,1.60518,1.60519,-1.0,-1.0,-1
1.60519,1.605205,1.605175,1.605195,-1.0,-1.0,-1
1.605195,1.605195,1.605155,1.60517,-1.0,-1.0,-1
1.60517,1.605175,1.60516,1.605165,-1.0,-1.0,-1
1.605165,1.60518,1.60516,1.60516,-1.0,-1.0,-1
1.60516,1.605165,1.60515,1.60516,-1.0,-1.0,-1
1.60516,1.60517,1.60516,1.605165,-1.0,-1.0,-1
1.605165,1.605165,1.605155,1.605155,-1.0,-1.0,-1
1.605155,1.605165,1.605155,1.605155,-1.0,-1.0,-1
1.605155,1.60518,1.605155,1.605165,-1.0,-1.0,-1
1.605165,1.605175,1.605165,1.605165,-1.0,-1.0,-1
1.605165,1.60518,1.60516,1.60516,-1.0,-1.0,-1
1.60516,1.60517,1.605155,1.605155,-1.0,-1.0,-1
1.605155,1.60517,1.60513,1.60517,-1.0,-1.0,-1
1.60517,1.605185,1.60517,1.60518,-1.0,-1.0,-1
1.60518,1.60518,1.605165,1.605165,-1.0,-1.0,-1
1.605165,1.605165,1.60516,1.605165,-1.0,-1.0,-1
1.605165,1.60517,1.60516,1.60517,-1.0,-1.0,-1
1.60517,1.60517,1.60516,1.60517,-1.0,-1.0,-1
1.60517,1.605185,1.60517,1.605185,-1.0,-1.0,-1
1.605185,1.605185,1.60517,1.605185,-1.0,-1.0,-1
1.605185,1.605205,1.605185,1.605205,-1.0,-1.0,-1
1.605205,1.605205,1.6052,1.6052,-1.0,-1.0,-1
1.6052,1.60521,1.6052,1.605205,-1.0,-1.0,-1
1.605205,1.605215,1.6052,1.605205,-1.0,-1.0,-1
1.605205,1.60521,1.605205,1.605205,-1.0,-1.0,-1
1.605205,1.60522,1.605205,1.60522,-1.0,-1.0,-1
1.60522,1.60522,1.6052,1.60521,-1.0,-1.0,-1
1.60521,1.605235,1.60521,1.60521,-1.0,-1.0,-1
1.60521,1.60522,1.6052,1.605215,-1.0,-1.0,-1
1.605215,1.605215,1.605215,1.605215,-1.0,-1.0,-1
1.605215,1.605215,1.605215,1.605215,-1.0,-1.0,-1
1.605215,1.60522,1.60521,1.60522,-1.0,-1.0,-1
1.60522,1.60524,1.60522,1.60523,-1.0,-1.0,-1
1.60523,1.60524,1.60521,1.60521,-1.0,-1.0,-1
1.60521,1.60524,1.60521,1.605225,-1.0,-1.0,-1
1.605225,1.60524,1.605225,1.605235,-1.0,-1.0,-1
1.605235,1.605245,1.60522,1.60524,-1.0,-1.0,-1
1.60524,1.60526,1.60524,1.60525,-1.0,-1.0,-1
1.60525,1.60526,1.60524,1.60526,-1.0,-1.0,-1
1.60526,1.605265,1.60525,1.60525,-1.0,-1.0,-1
1.60525,1.60525,1.60523,1.60524,-1.0,-1.0,-1
1.60524,1.60525,1.60523,1.60524,-1.0,-1.0,-1
1.60524,1.605245,1.60524,1.60524,-1.0,-1.0,-1
1.60524,1.605265,1.60524,1.60524,-1.0,-1.0,-1
1.60524,1.605265,1.60523,1.60525,-1.0,-1.0,-1
1.60525,1.60525,1.60523,1.60525,-1.0,-1.0,-1
1.60525,1.60525,1.60524,1.60524,-1.0,-1.0,-1
1.60524,1.60525,1.60524,1.60525,-1.0,-1.0,-1
1.60525,1.605265,1.60525,1.60526,-1.0,-1.0,-1
1.60526,1.60526,1.60524,1.60524,-1.0,-1.0,-1
1.60524,1.60526,1.60524,1.60526,-1.0,-1.0,-1
1.60526,1.605265,1.60525,1.605265,-1.0,-1.0,-1
1.605265,1.605265,1.605255,1.605265,-1.0,-1.0,-1
1.605265,1.605265,1.60526,1.605265,-1.0,-1.0,-1
1.605265,1.60527,1.60526,1.60527,-1.0,-1.0,-1
1.60527,1.605275,1.60526,1.605265,-1.0,-1.0,-1
1.605265,1.60527,1.60526,1.60527,-1.0,-1.0,-1
1.60527,1.60527,1.605255,1.60527,-1.0,-1.0,-1
1.60527,1.60529,1.60525,1.605275,-1.0,-1.0,-1
1.605275,1.605275,1.60527,1.605275,-1.0,-1.0,-1
1.605275,1.60529,1.60527,1.60528,-1.0,-1.0,-1
1.60528,1.605305,1.60526,1.605275,-1.0,-1.0,-1
1.605275,1.6053,1.60527,1.6053,-1.0,-1.0,-1
1.6053,1.6053,1.6053,1.6053,-1.0,-1.0,-1
1.6053,1.605325,1.60529,1.6053,-1.0,-1.0,-1
1.6053,1.60533,1.6053,1.60531,-1.0,-1.0,-1
1.60531,1.605325,1.605295,1.605305,-1.0,-1.0,-1
1.605305,1.60533,1.60529,1.6053,-1.0,-1.0,-1
1.6053,1.605305,1.605295,1.605295,-1.0,-1.0,-1
1.605295,1.605335,1.605295,1.60533,-1.0,-1.0,-1
1.60533,1.60535,1.605315,1.605335,-1.0,-1.0,-1
1.605335,1.60534,1.60533,1.60533,-1.0,-1.0,-1
1.60533,1.60534,1.60533,1.60534,-1.0,-1.0,-1
1.60534,1.60537,1.605305,1.60537,-1.0,-1.0,-1
1.60537,1.60538,1.605345,1.60538,-1.0,-1.0,-1
1.60538,1.60538,1.60537,1.60538,-1.0,-1.0,-1
1.60538,1.60538,1.605355,1.60537,-1.0,-1.0,-1
1.60537,1.605385,1.605365,1.605385,-1.0,-1.0,-1
1.605385,1.60539,1.605375,1.605375,-1.0,-1.0,-1
1.605375,1.60539,1.60537,1.60537,-1.0,-1.0,-1
1.60537,1.60541,1.60534,1.605405,-1.0,-1.0,-1
1.605405,1.60542,1.6054,1.605415,-1.0,-1.0,-1
1.605415,1.60542,1.6054,1.60541,-1.0,-1.0,-1
1.60541,1.605415,1.60536,1.605365,-1.0,-1.0,-1
1.605365,1.605375,1.60536,1.605375,-1.0,-1.0,-1
1.605375,1.605385,1.60535,1.60536,-1.0,-1.0,-1
1.60536,1.605375,1.60535,1.605355,-1.0,-1.0,-1
1.605355,1.605375,1.60535,1.605375,-1.0,-1.0,-1
1.605375,1.605375,1.60535,1.605365,-1.0,-1.0,-1
1.605365,1.605365,1.60536,1.605365,-1.0,-1.0,-1
1.605365,1.605365,1.60536,1.605365,-1.0,-1.0,-1
1.605365,1.60541,1.60536,1.60539,-1.0,-1.0,-1
1.60539,1.605405,1.605385,1.6054,-1.0,-1.0,-1
1.6054,1.605405,1.60538,1.605385,-1.0,-1.0,-1
1.605385,1.605385,1.605375,1.605385,-1.0,-1.0,-1
1.605385,1.60539,1.605375,1.60539,-1.0,-1.0,-1
1.60539,1.60539,1.60537,1.605375,-1.0,-1.0,-1
1.605375,1.60538,1.605345,1.60536,-1.0,-1.0,-1
1.60536,1.605365,1.60535,1.605365,-1.0,-1.0,-1
1.605365,1.60537,1.605365,1.60537,-1.0,-1.0,-1
1.60537,1.60537,1.605365,1.605365,-1.0,-1.0,-1
1.605365,1.605415,1.605365,1.6054,-1.0,-1.0,-1
1.6054,1.605405,1.6054,1.6054,-1.0,-1.0,-1
1.6054,1.6054,1.6054,1.6054,-1.0,-1.0,-1
1.6054,1.6054,1.605395,1.605395,-1.0,-1.0,-1
1.605395,1.605395,1.605375,1.605375,-1.0,-1.0,-1
1.605375,1.605375,1.605375,1.605375,-1.0,-1.0,-1
1.605375,1.60538,1.605375,1.605375,-1.0,-1.0,-1
1.605375,1.605395,1.60537,1.605385,-1.0,-1.0,-1
1.605385,1.60539,1.605385,1.60539,-1.0,-1.0,-1
1.60539,1.6054,1.60539,1.6054,-1.0,-1.0,-1
1.6054,1.6054,1.6054,1.6054,-1.0,-1.0,-1
1.6054,1.6054,1.6054,1.6054,-1.0,-1.0,-1
1.6054,1.6054,1.6054,1.6054,-1.0,-1.0,-1
1.6054,1.605415,1.60535,1.605365,-1.0,-1.0,-1
1.605365,1.605395,1.60535,1.60539,-1.0,-1.0,-1
1.60539,1.60539,1.605385,1.605385,-1.0,-1.0,-1
1.605385,1.605395,1.605385,1.605385,-1.0,-1.0,-1
1.605385,1.605385,1.60538,1.605385,-1.0,-1.0,-1
1.605385,1.605385,1.60538,1.605385,-1.0,-1.0,-1
1.605385,1.60539,1.60538,1.60539,-1.0,-1.0,-1
1.60539,1.60539,1.605385,1.605385,-1.0,-1.0,-1
1.605385,1.605395,1.605355,1.60536,-1.0,-1.0,-1
1.60536,1.60536,1.605355,1.60536,-1.0,-1.0,-1
1.60536,1.605385,1.605355,1.605385,-1.0,-1.0,-1
1.605385,1.605385,1.605375,1.605385,-1.0,-1.0,-1
1.605385,1.60539,1.60538,1.60538,-1.0,-1.0,-1
1.60538,1.605395,1.60538,1.605395,-1.0,-1.0,-1
1.605395,1.6054,1.605395,1.6054,-1.0,-1.0,-1
1.6054,1.60541,1.605395,1.605395,-1.0,-1.0,-1
1.605395,1.605395,1.60539,1.60539,-1.0,-1.0,-1
1.60539,1.605395,1.60539,1.605395,-1.0,-1.0,-1
1.605395,1.605395,1.605395,1.605395,-1.0,-1.0,-1
1.605395,1.605395,1.60538,1.60539,-1.0,-1.0,-1
1.60539,1.6054,1.60539,1.605395,-1.0,-1.0,-1
1.605395,1.605395,1.60539,1.605395,-1.0,-1.0,-1
1.605395,1.605395,1.60539,1.60539,-1.0,-1.0,-1
1.60539,1.605395,1.60539,1.605395,-1.0,-1.0,-1
1.605395,1.605395,1.60539,1.605395,-1.0,-1.0,-1
1.605395,1.605405,1.605395,1.605395,-1.0,-1.0,-1
1.605395,1.60541,1.605395,1.605405,-1.0,-1.0,-1
1.605405,1.60541,1.605395,1.605395,-1.0,-1.0,-1
1.605395,1.605395,1.605385,1.60539,-1.0,-1.0,-1
1.60539,1.605395,1.60539,1.605395,-1.0,-1.0,-1
1.605395,1.60542,1.60539,1.60542,-1.0,-1.0,-1
1.60542,1.60542,1.60542,1.60542,-1.0,-1.0,-1
1.60542,1.605445,1.6054,1.6054,-1.0,-1.0,-1
1.6054,1.605425,1.6054,1.605415,-1.0,-1.0,-1
1.605415,1.605425,1.605415,1.605415,-1.0,-1.0,-1
1.605415,1.60542,1.60541,1.60542,-1.0,-1.0,-1
1.60542,1.60542,1.60541,1.60541,-1.0,-1.0,-1
1.60541,1.605415,1.60541,1.60541,-1.0,-1.0,-1
1.60541,1.60542,1.605395,1.605395,-1.0,-1.0,-1
1.605395,1.605395,1.605395,1.605395,-1.0,-1.0,-1
1.605395,1.605395,1.605395,1.605395,-1.0,-1.0,-1
1.605395,1.605395,1.605395,1.605395,-1.0,-1.0,-1
1.605395,1.605395,1.60534,1.60534,-1.0,-1.0,-1
1.60534,1.60534,1.60534,1.60534,-1.0,-1.0,-1
1.60534,1.60534,1.605325,1.60534,-1.0,-1.0,-1
1.60534,1.60534,1.605325,1.60534,-1.0,-1.0,-1
1.60534,1.605345,1.60534,1.605345,-1.0,-1.0,-1
1.605345,1.605345,1.605345,1.605345,-1.0,-1.0,-1
1.605345,1.605345,1.60533,1.60534,-1.0,-1.0,-1
1.60534,1.60534,1.605315,1.60534,-1.0,-1.0,-1
1.60534,1.60534,1.605335,1.605335,-1.0,-1.0,-1
1.605335,1.60534,1.605325,1.60534,-1.0,-1.0,-1
1.60534,1.60534,1.60534,1.60534,-1.0,-1.0,-1
1.60534,1.60534,1.60534,1.60534,-1.0,-1.0,-1
1.60534,1.60534,1.60534,1.60534,-1.0,-1.0,-1
1.60534,1.60534,1.60534,1.60534,-1.0,-1.0,-1
1.60534,1.60534,1.605335,1.60534,-1.0,-1.0,-1
1.60534,1.605345,1.605335,1.605345,-1.0,-1.0,-1
1.605345,1.605345,1.60534,1.605345,-1.0,-1.0,-1
1.605345,1.60536,1.60534,1.60536,-1.0,-1.0,-1
1.60536,1.60538,1.60535,1.605355,-1.0,-1.0,-1
1.605355,1.60536,1.60533,1.60533,-1.0,-1.0,-1
1.60533,1.60534,1.605325,1.605325,-1.0,-1.0,-1
1.605325,1.60533,1.60532,1.60532,-1.0,-1.0,-1
1.60532,1.60533,1.60532,1.60532,-1.0,-1.0,-1
1.60532,1.605325,1.60532,1.60532,-1.0,-1.0,-1
1.60532,1.60533,1.60531,1.60532,-1.0,-1.0,-1
1.60532,1.60533,1.6053,1.605305,-1.0,-1.0,-1
1.605305,1.60533,1.6053,1.605325,-1.0,-1.0,-1
1.605325,1.60533,1.605315,1.605315,-1.0,-1.0,-1
1.605315,1.60532,1.60531,1.60531,-1.0,-1.0,-1
1.60531,1.60531,1.605295,1.605295,-1.0,-1.0,-1
1.605295,1.6053,1.605295,1.6053,-1.0,-1.0,-1
1.6053,1.6053,1.605255,1.60527,-1.0,-1.0,-1
1.60527,1.60528,1.60525,1.605255,-1.0,-1.0,-1
1.605255,1.605255,1.60525,1.60525,-1.0,-1.0,-1
1.60525,1.605255,1.60525,1.60525,-1.0,-1.0,-1
1.60525,1.605255,1.60525,1.605255,-1.0,-1.0,-1
1.605255,1.60527,1.60525,1.60525,-1.0,-1.0,-1
1.60525,1.605255,1.60525,1.60525,-1.0,-1.0,-1
1.60525,1.605255,1.60525,1.60525,-1.0,-1.0,-1
1.60525,1.60525,1.60525,1.60525,-1.0,-1.0,-1
1.60525,1.60525,1.60524,1.60524,-1.0,-1.0,-1
1.60524,1.60525,1.60524,1.60525,-1.0,-1.0,-1
1.60525,1.60528,1.60524,1.605275,-1.0,-1.0,-1
1.605275,1.605305,1.605265,1.60529,-1.0,-1.0,-1
1.60529,1.605295,1.605285,1.605285,-1.0,-1.0,-1
1.605285,1.6053,1.60528,1.60528,-1.0,-1.0,-1
1.60528,1.60528,1.605255,1.605265,-1.0,-1.0,-1
1.605265,1.605285,1.60526,1.605275,-1.0,-1.0,-1
1.605275,1.60528,1.60527,1.60528,-1.0,-1.0,-1
1.60528,1.605285,1.60527,1.605285,-1.0,-1.0,-1
1.605285,1.605285,1.605255,1.60527,-1.0,-1.0,-1
1.60527,1.6053,1.605265,1.60528,-1.0,-1.0,-1
1.60528,1.605295,1.60527,1.605275,-1.0,-1.0,-1
1.605275,1.605285,1.605265,1.60527,-1.0,-1.0,-1
1.60527,1.60529,1.605265,1.60528,-1.0,-1.0,-1
1.60528,1.6053,1.60528,1.60528,-1.0,-1.0,-1
1.60528,1.60529,1.605275,1.60529,-1.0,-1.0,-1
1.60529,1.605295,1.605275,1.60529,-1.0,-1.0,-1
1.60529,1.605295,1.605275,1.60528,-1.0,-1.0,-1
1.60528,1.605285,1.605275,1.605275,-1.0,-1.0,-1
1.605275,1.60528,1.60525,1.60525,-1.0,-1.0,-1
1.60525,1.605325,1.60525,1.605285,-1.0,-1.0,-1
1.605285,1.605295,1.60526,1.60529,-1.0,-1.0,-1
1.60529,1.60533,1.605285,1.60532,-1.0,-1.0,-1
1.60532,1.60537,1.60531,1.60537,-1.0,-1.0,-1
1.60537,1.60537,1.60531,1.605325,-1.0,-1.0,-1
1.605325,1.605335,1.60531,1.60531,-1.0,-1.0,-1
1.60531,1.605325,1.6053,1.60532,-1.0,-1.0,-1
1.60532,1.60533,1.605315,1.60532,-1.0,-1.0,-1
1.60532,1.60534,1.605305,1.605325,-1.0,-1.0,-1
1.605325,1.60534,1.605325,1.60533,-1.0,-1.0,-1
1.60533,1.60534,1.605325,1.60534,-1.0,-1.0,-1
1.60534,1.60534,1.605325,1.605335,-1.0,-1.0,-1
1.605335,1.60535,1.605285,1.60529,-1.0,-1.0,-1
1.60529,1.60533,1.60529,1.605295,-1.0,-1.0,-1
1.605295,1.60532,1.605295,1.605305,-1.0,-1.0,-1
1.605305,1.60532,1.60529,1.605315,-1.0,-1.0,-1
1.605315,1.60532,1.60529,1.6053,-1.0,-1.0,-1
1.6053,1.605305,1.60529,1.605305,-1.0,-1.0,-1
1.605305,1.605315,1.60528,1.605295,-1.0,-1.0,-1
1.605295,1.60531,1.605265,1.60528,-1.0,-1.0,-1
1.60528,1.60529,1.60526,1.60526,-1.0,-1.0,-1
1.60526,1.605275,1.60526,1.60526,-1.0,-1.0,-1
1.60526,1.605275,1.60526,1.605275,-1.0,-1.0,-1
1.605275,1.605275,1.605255,1.60527,-1.0,-1.0,-1
1.60527,1.60527,1.605255,1.60526,-1.0,-1.0,-1
1.60526,1.605275,1.605245,1.605245,-1.0,-1.0,-1
1.605245,1.605285,1.605235,1.60528,-1.0,-1.0,-1
1.60528,1.6053,1.60528,1.60529,-1.0,-1.0,-1
1.60529,1.605325,1.60528,1.605305,-1.0,-1.0,-1
1.605305,1.605315,1.60528,1.60529,-1.0,-1.0,-1
1.60529,1.60533,1.605285,1.6053,-1.0,-1.0,-1
1.6053,1.60534,1.60529,1.605315,-1.0,-1.0,-1
1.605315,1.60534,1.605315,1.60533,-1.0,-1.0,-1
1.60533,1.60535,1.60532,1.60534,-1.0,-1.0,-1
1.60534,1.60534,1.6053,1.60532,-1.0,-1.0,-1
1.60532,1.60532,1.605305,1.60532,-1.0,-1.0,-1
1.60532,1.605335,1.60531,1.60533,-1.0,-1.0,-1
1.60533,1.60533,1.605265,1.605265,-1.0,-1.0,-1
1.605265,1.6053,1.60526,1.60529,-1.0,-1.0,-1
1.60529,1.60529,1.605255,1.60526,-1.0,-1.0,-1
1.60526,1.60529,1.605255,1.60529,-1.0,-1.0,-1
1.60529,1.605295,1.60529,1.60529,-1.0,-1.0,-1
1.60529,1.605295,1.605275,1.605275,-1.0,-1.0,-1
1.605275,1.605285,1.605255,1.605255,-1.0,-1.0,-1
1.605255,1.605255,1.60523,1.60525,-1.0,-1.0,-1
1.60525,1.605255,1.60521,1.605215,-1.0,-1.0,-1
1.605215,1.60524,1.605215,1.60522,-1.0,-1.0,-1
1.60522,1.605235,1.60521,1.605215,-1.0,-1.0,-1
1.605215,1.605255,1.605215,1.605255,-1.0,-1.0,-1
1.605255,1.60532,1.60525,1.60529,-1.0,-1.0,-1
1.60529,1.60532,1.605285,1.605305,-1.0,-1.0,-1
1.605305,1.605325,1.605295,1.605315,-1.0,-1.0,-1
1.605315,1.605325,1.6053,1.60532,-1.0,-1.0,-1
1.60532,1.60534,1.60531,1.60531,-1.0,-1.0,-1
1.60531,1.605315,1.6053,1.60531,-1.0,-1.0,-1
1.60531,1.60531,1.605255,1.60528,-1.0,-1.0,-1
1.60528,1.6053,1.60528,1.60529,-1.0,-1.0,-1
1.60529,1.6053,1.60528,1.6053,-1.0,-1.0,-1
1.6053,1.6053,1.60529,1.6053,-1.0,-1.0,-1
1.6053,1.6053,1.60525,1.60527,-1.0,-1.0,-1
1.60527,1.605305,1.605265,1.605305,-1.0,-1.0,-1
1.605305,1.605305,1.605285,1.605295,-1.0,-1.0,-1
1.605295,1.6053,1.60527,1.60528,-1.0,-1.0,-1
1.60528,1.60528,1.605265,1.60527,-1.0,-1.0,-1
1.60527,1.605285,1.60525,1.60527,-1.0,-1.0,-1
1.60527,1.605295,1.605245,1.605245,-1.0,-1.0,-1
1.605245,1.605245,1.60523,1.605245,-1.0,-1.0,-1
1.605245,1.60525,1.605215,1.60525,-1.0,-1.0,-1
1.60525,1.605255,1.605245,1.605255,-1.0,-1.0,-1
1.605255,1.60529,1.605255,1.60528,-1.0,-1.0,-1
1.60528,1.60529,1.605265,1.605265,-1.0,-1.0,-1
1.605265,1.605305,1.605265,1.605295,-1.0,-1.0,-1
1.605295,1.605305,1.605285,1.605305,-1.0,-1.0,-1
1.605305,1.605325,1.605275,1.60529,-1.0,-1.0,-1
1.60529,1.605325,1.605285,1.60532,-1.0,-1.0,-1
1.60532,1.60533,1.605285,1.60533,-1.0,-1.0,-1
1.60533,1.60533,1.60531,1.60533,-1.0,-1.0,-1
1.60533,1.605335,1.60533,1.60533,-1.0,-1.0,-1
1.60533,1.605335,1.60533,1.605335,-1.0,-1.0,-1
1.605335,1.60537,1.60533,1.60535,-1.0,-1.0,-1
1.60535,1.605355,1.605305,1.605305,-1.0,-1.0,-1
1.605305,1.60531,1.605265,1.605275,-1.0,-1.0,-1
1.605275,1.605275,1.605265,1.605275,-1.0,-1.0,-1
1.605275,1.605275,1.605265,1.605265,-1.0,-1.0,-1
1.605265,1.60529,1.605265,1.60529,-1.0,-1.0,-1
1.60529,1.60529,1.60527,1.60527,-1.0,-1.0,-1
1.60527,1.60529,1.60527,1.605285,-1.0,-1.0,-1
1.605285,1.60529,1.605265,1.605265,-1.0,-1.0,-1
1.605265,1.60534,1.605265,1.60534,-1.0,-1.0,-1
1.60534,1.605345,1.60534,1.605345,-1.0,-1.0,-1
1.605345,1.605345,1.605335,1.60534,-1.0,-1.0,-1
1.60534,1.605355,1.60533,1.60535,-1.0,-1.0,-1
1.60535,1.60535,1.605325,1.605325,-1.0,-1.0,-1
1.605325,1.60534,1.605325,1.605335,-1.0,-1.0,-1
1.605335,1.60534,1.605325,1.605335,-1.0,-1.0,-1
1.605335,1.605335,1.60529,1.60529,-1.0,-1.0,-1
1.60529,1.60531,1.605255,1.605285,-1.0,-1.0,-1
1.605285,1.6053,1.605285,1.60529,-1.0,-1.0,-1
1.60529,1.605305,1.60529,1.60529,-1.0,-1.0,-1
1.60529,1.605305,1.60529,1.6053,-1.0,-1.0,-1
1.6053,1.6053,1.605285,1.6053,-1.0,-1.0,-1
1.6053,1.60531,1.605275,1.6053,-1.0,-1.0,-1
1.6053,1.60532,1.60528,1.605315,-1.0,-1.0,-1
1.605315,1.605335,1.605315,1.605335,-1.0,-1.0,-1
1.605335,1.605335,1.605315,1.605315,-1.0,-1.0,-1
1.605315,1.60532,1.605295,1.605295,-1.0,-1.0,-1
1.605295,1.6053,1.605255,1.60527,-1.0,-1.0,-1
1.60527,1.60531,1.605255,1.605295,-1.0,-1.0,-1
1.605295,1.605295,1.60525,1.60529,-1.0,-1.0,-1
1.60529,1.60531,1.60528,1.605295,-1.0,-1.0,-1
1.605295,1.60531,1.60525,1.60525,-1.0,-1.0,-1
1.60525,1.60525,1.605235,1.60525,-1.0,-1.0,-1
1.60525,1.605265,1.60523,1.605265,-1.0,-1.0,-1
1.605265,1.605285,1.60525,1.60526,-1.0,-1.0,-1
1.60526,1.605275,1.60524,1.60525,-1.0,-1.0,-1
1.60525,1.605275,1.60525,1.605275,-1.0,-1.0,-1
1.605275,1.605275,1.60526,1.60526,-1.0,-1.0,-1
1.60526,1.605275,1.605255,1.605255,-1.0,-1.0,-1
1.605255,1.605275,1.605255,1.60526,-1.0,-1.0,-1
1.60526,1.60526,1.605235,1.605245,-1.0,-1.0,-1
1.605245,1.605255,1.60522,1.605225,-1.0,-1.0,-1
1.605225,1.605245,1.605215,1.605245,-1.0,-1.0,-1
1.605245,1.60525,1.605225,1.60523,-1.0,-1.0,-1
1.60523,1.60525,1.60522,1.605245,-1.0,-1.0,-1
1.605245,1.605255,1.60524,1.605255,-1.0,-1.0,-1
1.605255,1.605275,1.605255,1.60526,-1.0,-1.0,-1
1.60526,1.605275,1.60526,1.605275,-1.0,-1.0,-1
1.605275,1.60528,1.60526,1.605275,-1.0,-1.0,-1
1.605275,1.605275,1.60526,1.605275,-1.0,-1.0,-1
1.605275,1.60528,1.60526,1.60528,-1.0,-1.0,-1
1.60528,1.60529,1.60528,1.60528,-1.0,-1.0,-1
1.60528,1.60529,1.60525,1.60525,-1.0,-1.0,-1
1.60525,1.605275,1.60525,1.605255,-1.0,-1.0,-1
1.605255,1.60526,1.60524,1.605245,-1.0,-1.0,-1
1.605245,1.605245,1.605245,1.605245,-1.0,-1.0,-1
1.605245,1.60526,1.605245,1.605245,-1.0,-1.0,-1
1.605245,1.605245,1.60524,1.605245,-1.0,-1.0,-1
1.605245,1.60525,1.60524,1.605245,-1.0,-1.0,-1
1.605245,1.605245,1.60521,1.60521,-1.0,-1.0,-1
1.60521,1.60521,1.60518,1.60518,-1.0,-1.0,-1
1.60518,1.6052,1.60518,1.60519,-1.0,-1.0,-1
1.60519,1.605195,1.605175,1.605195,-1.0,-1.0,-1
1.605195,1.605195,1.60519,1.605195,-1.0,-1.0,-1
1.605195,1.6052,1.60519,1.605195,-1.0,-1.0,-1
1.605195,1.605255,1.605185,1.605255,-1.0,-1.0,-1
1.605255,1.605255,1.60524,1.60524,-1.0,-1.0,-1
1.60524,1.60524,1.60522,1.605235,-1.0,-1.0,-1
1.605235,1.60524,1.605235,1.60524,-1.0,-1.0,-1
1.60524,1.60524,1.60521,1.60522,-1.0,-1.0,-1
1.60522,1.60522,1.60521,1.60521,-1.0,-1.0,-1
1.60521,1.605225,1.60521,1.60522,-1.0,-1.0,-1
1.60522,1.605225,1.60522,1.605225,-1.0,-1.0,-1
1.605225,1.605225,1.60522,1.60522,-1.0,-1.0,-1
1.60522,1.60522,1.60522,1.60522,-1.0,-1.0,-1
1.60522,1.605225,1.60522,1.605225,-1.0,-1.0,-1
1.605225,1.605245,1.60522,1.60524,-1.0,-1.0,-1
1.60524,1.605285,1.60524,1.605275,-1.0,-1.0,-1
1.605275,1.605275,1.605215,1.605255,-1.0,-1.0,-1
1.605255,1.60529,1.605255,1.60529,-1.0,-1.0,-1
1.60529,1.605295,1.605265,1.605265,-1.0,-1.0,-1
1.605265,1.6053,1.60526,1.60529,-1.0,-1.0,-1
1.60529,1.60529,1.60522,1.60523,-1.0,-1.0,-1
1.60523,1.60525,1.60521,1.60524,-1.0,-1.0,-1
1.60524,1.60525,1.605235,1.605235,-1.0,-1.0,-1
1.605235,1.60527,1.605235,1.60527,-1.0,-1.0,-1
1.60527,1.60527,1.605255,1.60526,-1.0,-1.0,-1
1.60526,1.60527,1.605235,1.605235,-1.0,-1.0,-1
1.605235,1.60525,1.605225,1.60525,-1.0,-1.0,-1
1.60525,1.60525,1.60523,1.605235,-1.0,-1.0,-1
1.605235,1.605275,1.60523,1.60525,-1.0,-1.0,-1
1.60525,1.60525,1.60523,1.60525,-1.0,-1.0,-1
1.60525,1.60527,1.605225,1.60525,-1.0,-1.0,-1
1.60525,1.60525,1.60524,1.60524,-1.0,-1.0,-1
1.60524,1.60525,1.6052,1.60521,-1.0,-1.0,-1
1.60521,1.60521,1.605185,1.60521,-1.0,-1.0,-1
1.60521,1.605215,1.605195,1.605195,-1.0,-1.0,-1
1.605195,1.60522,1.605195,1.605215,-1.0,-1.0,-1
1.605215,1.605215,1.605195,1.605195,-1.0,-1.0,-1
1.605195,1.605205,1.605175,1.605195,-1.0,-1.0,-1
1.605195,1.605205,1.60519,1.6052,-1.0,-1.0,-1
1.6052,1.60521,1.605195,1.60521,-1.0,-1.0,-1
1.60521,1.60526,1.60519,1.60526,-1.0,-1.0,-1
1.60526,1.605275,1.60525,1.605265,-1.0,-1.0,-1
1.605265,1.60528,1.60525,1.605255,-1.0,-1.0,-1
1.605255,1.605255,1.60525,1.60525,-1.0,-1.0,-1
1.60525,1.605255,1.60524,1.60525,-1.0,-1.0,-1
1.60525,1.60526,1.605225,1.60525,-1.0,-1.0,-1
1.60525,1.605255,1.605195,1.605215,-1.0,-1.0,-1
1.605215,1.60524,1.605215,1.60523,-1.0,-1.0,-1
1.60523,1.605245,1.605215,1.60523,-1.0,-1.0,-1
1.60523,1.60524,1.60522,1.60523,-1.0,-1.0,-1
1.60523,1.605235,1.60521,1.60522,-1.0,-1.0,-1
1.60522,1.60522,1.605215,1.605215,-1.0,-1.0,-1
1.605215,1.605215,1.6052,1.60521,-1.0,-1.0,-1
1.60521,1.60521,1.6052,1.6052,-1.0,-1.0,-1
1.6052,1.60522,1.60519,1.60521,-1.0,-1.0,-1
1.60521,1.605215,1.605195,1.6052,-1.0,-1.0,-1
1.6052,1.605205,1.60518,1.605185,-1.0,-1.0,-1
1.605185,1.6052,1.60512,1.60512,-1.0,-1.0,-1
1.60512,1.60521,1.605115,1.605175,-1.0,-1.0,-1
1.605175,1.605175,1.605145,1.605145,-1.0,-1.0,-1
1.605145,1.60518,1.605145,1.60517,-1.0,-1.0,-1
1.60517,1.60518,1.60515,1.60515,-1.0,-1.0,-1
1.60515,1.605195,1.60515,1.60515,-1.0,-1.0,-1
1.60515,1.60517,1.60515,1.60516,-1.0,-1.0,-1
1.60516,1.60517,1.60515,1.60517,-1.0,-1.0,-1
1.60517,1.60517,1.60516,1.60517,-1.0,-1.0,-1
1.60517,1.60519,1.60515,1.605175,-1.0,-1.0,-1
1.605175,1.60519,1.605165,1.605175,-1.0,-1.0,-1
1.605175,1.605185,1.60517,1.605185,-1.0,-1.0,-1
1.605185,1.6052,1.60517,1.605185,-1.0,-1.0,-1
1.605185,1.6052,1.60517,1.605185,-1.0,-1.0,-1
1.605185,1.60519,1.60517,1.605175,-1.0,-1.0,-1
1.605175,1.605175,1.605165,1.60517,-1.0,-1.0,-1
1.60517,1.60518,1.605165,1.60518,-1.0,-1.0,-1
1.60518,1.60518,1.60517,1.605175,-1.0,-1.0,-1
1.605175,1.605185,1.605165,1.605175,-1.0,-1.0,-1
1.605175,1.605185,1.605165,1.605175,-1.0,-1.0,-1
1.605175,1.60519,1.60517,1.605185,-1.0,-1.0,-1
1.605185,1.60519,1.60517,1.605185,-1.0,-1.0,-1
1.605185,1.6052,1.605185,1.60519,-1.0,-1.0,-1
1.60519,1.6052,1.605185,1.605185,-1.0,-1.0,-1
1.605185,1.605195,1.60517,1.60518,-1.0,-1.0,-1
1.60518,1.605195,1.60517,1.60519,-1.0,-1.0,-1
1.60519,1.605195,1.605165,1.605195,-1.0,-1.0,-1
1.605195,1.60522,1.605185,1.60522,-1.0,-1.0,-1
1.60522,1.60522,1.605205,1.60521,-1.0,-1.0,-1
1.60521,1.60522,1.605185,1.605205,-1.0,-1.0,-1
1.605205,1.60521,1.605175,1.60519,-1.0,-1.0,-1
1.60519,1.605245,1.605175,1.60524,-1.0,-1.0,-1
1.60524,1.60525,1.605235,1.60525,-1.0,-1.0,-1
1.60525,1.60526,1.60524,1.60525,-1.0,-1.0,-1
1.60525,1.60526,1.605205,1.60522,-1.0,-1.0,-1
1.60522,1.60522,1.605205,1.60522,-1.0,-1.0,-1
1.60522,1.60522,1.605185,1.6052,-1.0,-1.0,-1
1.6052,1.605215,1.605185,1.605215,-1.0,-1.0,-1
1.605215,1.605235,1.605205,1.605215,-1.0,-1.0,-1
1.605215,1.60522,1.605205,1.60521,-1.0,-1.0,-1
1.60521,1.605235,1.605205,1.60523,-1.0,-1.0,-1
1.60523,1.605235,1.605225,1.605225,-1.0,-1.0,-1
1.605225,1.60524,1.60519,1.60521,-1.0,-1.0,-1
1.60521,1.60521,1.605185,1.605195,-1.0,-1.0,-1
1.605195,1.60521,1.605185,1.6052,-1.0,-1.0,-1
1.6052,1.60522,1.605185,1.60521,-1.0,-1.0,-1
1.60521,1.60521,1.605165,1.60517,-1.0,-1.0,-1
1.60517,1.605175,1.60515,1.60517,-1.0,-1.0,-1
1.60517,1.605185,1.605165,1.60517,-1.0,-1.0,-1
1.60517,1.60519,1.605165,1.60519,-1.0,-1.0,-1
1.60519,1.60519,1.60517,1.60519,-1.0,-1.0,-1
1.60519,1.6052,1.60517,1.60519,-1.0,-1.0,-1
1.60519,1.6052,1.60517,1.6052,-1.0,-1.0,-1
1.6052,1.6052,1.605165,1.60517,-1.0,-1.0,-1
1.60517,1.605195,1.605165,1.605195,-1.0,-1.0,-1
1.605195,1.6052,1.60519,1.6052,-1.0,-1.0,-1
1.6052,1.6052,1.605185,1.605195,-1.0,-1.0,-1
1.605195,1.605205,1.605195,1.605205,-1.0,-1.0,-1
1.605205,1.605205,1.60519,1.605195,-1.0,-1.0,-1
1.605195,1.605195,1.605195,1.605195,-1.0,-1.0,-1
1.605195,1.605195,1.60518,1.60519,-1.0,-1.0,-1
1.60519,1.60519,1.60518,1.605185,-1.0,-1.0,-1
1.605185,1.605185,1.60518,1.605185,-1.0,-1.0,-1
1.605185,1.605185,1.605165,1.60518,-1.0,-1.0,-1
1.60518,1.60518,1.60517,1.60518,-1.0,-1.0,-1
1.60518,1.60518,1.60517,1.605175,-1.0,-1.0,-1
1.605175,1.60525,1.60516,1.60523,-1.0,-1.0,-1
1.60523,1.605235,1.605215,1.60522,-1.0,-1.0,-1
1.60522,1.605235,1.605215,1.605215,-1.0,-1.0,-1
1.605215,1.605225,1.605215,1.605225,-1.0,-1.0,-1
1.605225,1.60525,1.605225,1.60525,-1.0,-1.0,-1
1.60525,1.60525,1.605215,1.60525,-1.0,-1.0,-1
1.60525,1.605265,1.605225,1.60525,-1.0,-1.0,-1
1.60525,1.60525,1.605215,1.60522,-1.0,-1.0,-1
1.60522,1.605285,1.60522,1.60527,-1.0,-1.0,-1
1.60527,1.605275,1.605265,1.60527,-1.0,-1.0,-1
1.60527,1.605285,1.60525,1.60525,-1.0,-1.0,-1
1.60525,1.60528,1.60525,1.605275,-1.0,-1.0,-1
1.605275,1.605275,1.60524,1.60524,-1.0,-1.0,-1
1.60524,1.605265,1.60524,1.605265,-1.0,-1.0,-1
1.605265,1.605265,1.60525,1.60525,-1.0,-1.0,-1
1.60525,1.60526,1.60524,1.60525,-1.0,-1.0,-1
1.60525,1.60526,1.605235,1.60524,-1.0,-1.0,-1
1.60524,1.60526,1.60524,1.60525,-1.0,-1.0,-1
1.60525,1.60525,1.60524,1.60524,-1.0,-1.0,-1
1.60524,1.60525,1.60523,1.60525,-1.0,-1.0,-1
1.60525,1.60525,1.60525,1.60525,-1.0,-1.0,-1
1.60525,1.605255,1.60524,1.60525,-1.0,-1.0,-1
1.60525,1.60525,1.605235,1.60524,-1.0,-1.0,-1
1.60524,1.605245,1.60524,1.60524,-1.0,-1.0,-1
1.60524,1.605275,1.60523,1.60526,-1.0,-1.0,-1
1.60526,1.60526,1.60525,1.60526,-1.0,-1.0,-1
1.60526,1.605275,1.60525,1.605265,-1.0,-1.0,-1
1.605265,1.605265,1.60525,1.60525,-1.0,-1.0,-1
1.60525,1.605265,1.60525,1.60525,-1.0,-1.0,-1
1.60525,1.605255,1.60525,1.605255,-1.0,-1.0,-1
1.605255,1.605255,1.60523,1.605235,-1.0,-1.0,-1
1.605235,1.60525,1.605225,1.60525,-1.0,-1.0,-1
1.60525,1.60525,1.60524,1.60525,-1.0,-1.0,-1
1.60525,1.60525,1.605235,1.60525,-1.0,-1.0,-1
1.60525,1.60525,1.60524,1.60525,-1.0,-1.0,-1
1.60525,1.60525,1.60525,1.60525,-1.0,-1.0,-1
1.60525,1.605275,1.60524,1.60525,-1.0,-1.0,-1
1.60525,1.60525,1.60523,1.60524,-1.0,-1.0,-1
1.60524,1.605245,1.60522,1.60523,-1.0,-1.0,-1
1.60523,1.60525,1.60522,1.605235,-1.0,-1.0,-1
1.605235,1.605245,1.605215,1.605225,-1.0,-1.0,-1
1.605225,1.605245,1.605225,1.605225,-1.0,-1.0,-1
1.605225,1.605245,1.605225,1.60524,-1.0,-1.0,-1
1.60524,1.605245,1.605215,1.605215,-1.0,-1.0,-1
1.605215,1.605235,1.605205,1.60523,-1.0,-1.0,-1
1.60523,1.605245,1.605205,1.605235,-1.0,-1.0,-1
1.605235,1.60525,1.605235,1.60525,-1.0,-1.0,-1
1.60525,1.60525,1.605235,1.60524,-1.0,-1.0,-1
1.60524,1.60527,1.605235,1.60527,-1.0,-1.0,-1
1.60527,1.605285,1.60526,1.605265,-1.0,-1.0,-1
1.605265,1.60528,1.60526,1.60528,-1.0,-1.0,-1
1.60528,1.605295,1.60526,1.605295,-1.0,-1.0,-1
1.605295,1.605295,1.60523,1.605235,-1.0,-1.0,-1
1.605235,1.60525,1.605205,1.60522,-1.0,-1.0,-1
1.60522,1.60522,1.605205,1.605205,-1.0,-1.0,-1
1.605205,1.605205,1.60515,1.605155,-1.0,-1.0,-1
1.605155,1.605185,1.605155,1.605175,-1.0,-1.0,-1
1.605175,1.60518,1.605155,1.60517,-1.0,-1.0,-1
1.60517,1.60517,1.605155,1.605165,-1.0,-1.0,-1
1.605165,1.60517,1.605165,1.605165,-1.0,-1.0,-1
1.605165,1.605165,1.605165,1.605165,-1.0,-1.0,-1
1.605165,1.605165,1.605165,1.605165,-1.0,-1.0,-1
1.605165,1.605165,1.605165,1.605165,-1.0,-1.0,-1
1.605165,1.60518,1.605165,1.60518,-1.0,-1.0,-1
1.60518,1.60518,1.605165,1.60517,-1.0,-1.0,-1
1.60517,1.60517,1.60517,1.60517,-1.0,-1.0,-1
1.60517,1.60517,1.605165,1.605165,-1.0,-1.0,-1
1.605165,1.605165,1.605165,1.605165,-1.0,-1.0,-1
1.605165,1.60518,1.605165,1.60518,-1.0,-1.0,-1
1.60518,1.60518,1.605175,1.60518,-1.0,-1.0,-1
1.60518,1.60518,1.605175,1.60518,-1.0,-1.0,-1
1.60518,1.60518,1.60517,1.60517,-1.0,-1.0,-1
1.60517,1.60518,1.60517,1.60517,-1.0,-1.0,-1
1.60517,1.60519,1.60517,1.60518,-1.0,-1.0,-1
1.60518,1.60518,1.605175,1.60518,-1.0,-1.0,-1
1.60518,1.60521,1.605165,1.605165,-1.0,-1.0,-1
1.605165,1.605215,1.60516,1.605215,-1.0,-1.0,-1
1.605215,1.60523,1.605215,1.60523,-1.0,-1.0,-1
1.60523,1.605235,1.60522,1.605225,-1.0,-1.0,-1
1.605225,1.60524,1.60522,1.605235,-1.0,-1.0,-1
1.605235,1.605245,1.605235,1.60524,-1.0,-1.0,-1
1.60524,1.605245,1.60524,1.605245,-1.0,-1.0,-1
1.605245,1.605245,1.605245,1.605245,-1.0,-1.0,-1
1.605245,1.605255,1.605245,1.605255,-1.0,-1.0,-1
1.605255,1.60528,1.60524,1.605265,-1.0,-1.0,-1
1.605265,1.60528,1.605265,1.60528,-1.0,-1.0,-1
1.60528,1.60528,1.605265,1.60527,-1.0,-1.0,-1
1.60527,1.60528,1.605265,1.605265,-1.0,-1.0,-1
1.605265,1.60527,1.605265,1.60527,-1.0,-1.0,-1
1.60527,1.60528,1.605265,1.605265,-1.0,-1.0,-1
1.605265,1.60528,1.605265,1.60527,-1.0,-1.0,-1
1.60527,1.60527,1.60527,1.60527,-1.0,-1.0,-1
1.60527,1.60527,1.60526,1.605265,-1.0,-1.0,-1
1.605265,1.605265,1.605255,1.60526,-1.0,-1.0,-1
1.60526,1.605265,1.605255,1.605255,-1.0,-1.0,-1
1.605255,1.605265,1.605245,1.60526,-1.0,-1.0,-1
1.60526,1.605265,1.60524,1.605245,-1.0,-1.0,-1
1.605245,1.60526,1.605235,1.605245,-1.0,-1.0,-1
1.605245,1.605245,1.605225,1.60523,-1.0,-1.0,-1
1.60523,1.60523,1.60522,1.60523,-1.0,-1.0,-1
1.60523,1.605245,1.605225,1.60523,-1.0,-1.0,-1
1.60523,1.60524,1.60523,1.605235,-1.0,-1.0,-1
1.605235,1.60524,1.60522,1.605225,-1.0,-1.0,-1
1.605225,1.60524,1.605215,1.605225,-1.0,-1.0,-1
1.605225,1.60523,1.605185,1.605185,-1.0,-1.0,-1
1.605185,1.60519,1.605185,1.605185,-1.0,-1.0,-1
1.605185,1.6052,1.60517,1.605185,-1.0,-1.0,-1
1.605185,1.60522,1.60517,1.605215,-1.0,-1.0,-1
1.605215,1.60522,1.60517,1.605175,-1.0,-1.0,-1
1.605175,1.60519,1.60517,1.60519,-1.0,-1.0,-1
1.60519,1.60519,1.605165,1.60519,-1.0,-1.0,-1
1.60519,1.60519,1.605165,1.605185,-1.0,-1.0,-1
1.605185,1.6052,1.60518,1.60519,-1.0,-1.0,-1
1.60519,1.60519,1.605165,1.60517,-1.0,-1.0,-1
1.60517,1.60518,1.605145,1.60516,-1.0,-1.0,-1
1.60516,1.60518,1.60514,1.60517,-1.0,-1.0,-1
1.60517,1.60517,1.605145,1.60515,-1.0,-1.0,-1
1.60515,1.60517,1.60515,1.60516,-1.0,-1.0,-1
1.60516,1.605175,1.60515,1.60517,-1.0,-1.0,-1
1.60517,1.60518,1.60516,1.60517,-1.0,-1.0,-1
1.60517,1.60517,1.605145,1.605145,-1.0,-1.0,-1
1.605145,1.605175,1.605145,1.60517,-1.0,-1.0,-1
1.60517,1.60519,1.60515,1.60518,-1.0,-1.0,-1
1.60518,1.60518,1.60515,1.60515,-1.0,-1.0,-1
1.60515,1.60518,1.60515,1.60517,-1.0,-1.0,-1
1.60517,1.60518,1.605145,1.60515,-1.0,-1.0,-1
1.60515,1.60517,1.60515,1.60517,-1.0,-1.0,-1
1.60517,1.60518,1.60515,1.60517,-1.0,-1.0,-1
1.60517,1.60518,1.605165,1.60517,-1.0,-1.0,-1
1.60517,1.60518,1.60515,1.60517,-1.0,-1.0,-1
1.60517,1.60517,1.605145,1.605145,-1.0,-1.0,-1
1.605145,1.60519,1.605145,1.60518,-1.0,-1.0,-1
1.60518,1.605185,1.60517,1.605185,-1.0,-1.0,-1
1.605185,1.605195,1.60517,1.605195,-1.0,-1.0,-1
1.605195,1.6052,1.60517,1.6052,-1.0,-1.0,-1
1.6052,1.605205,1.605165,1.60518,-1.0,-1.0,-1
1.60518,1.60518,1.60515,1.60517,-1.0,-1.0,-1
1.60517,1.60518,1.605165,1.60518,-1.0,-1.0,-1
1.60518,1.60519,1.60515,1.60515,-1.0,-1.0,-1
1.60515,1.60517,1.60515,1.60517,-1.0,-1.0,-1
1.60517,1.60521,1.605165,1.6052,-1.0,-1.0,-1
1.6052,1.605205,1.6052,1.605205,-1.0,-1.0,-1
1.605205,1.60522,1.605205,1.605205,-1.0,-1.0,-1
1.605205,1.605205,1.605205,1.605205,-1.0,-1.0,-1
1.605205,1.605205,1.6052,1.605205,-1.0,-1.0,-1
1.605205,1.605205,1.6052,1.605205,-1.0,-1.0,-1
1.605205,1.60522,1.605205,1.60522,-1.0,-1.0,-1
1.60522,1.60522,1.60521,1.60522,-1.0,-1.0,-1
1.60522,1.60523,1.605195,1.60522,-1.0,-1.0,-1
1.60522,1.60522,1.60516,1.60519,-1.0,-1.0,-1
1.60519,1.60519,1.60517,1.605175,-1.0,-1.0,-1
1.605175,1.605185,1.60517,1.605175,-1.0,-1.0,-1
1.605175,1.60518,1.60516,1.60518,-1.0,-1.0,-1
1.60518,1.605245,1.605175,1.60523,-1.0,-1.0,-1
1.60523,1.60525,1.60523,1.605235,-1.0,-1.0,-1
1.605235,1.60525,1.605225,1.605225,-1.0,-1.0,-1
1.605225,1.60525,1.605225,1.605235,-1.0,-1.0,-1
1.605235,1.60525,1.60521,1.60524,-1.0,-1.0,-1
1.60524,1.60525,1.605225,1.605235,-1.0,-1.0,-1
1.605235,1.60524,1.60522,1.60522,-1.0,-1.0,-1
1.60522,1.605235,1.60522,1.605225,-1.0,-1.0,-1
1.605225,1.605245,1.605195,1.605195,-1.0,-1.0,-1
1.605195,1.60521,1.605195,1.60521,-1.0,-1.0,-1
1.60521,1.60522,1.605205,1.60522,-1.0,-1.0,-1
1.60522,1.605235,1.605185,1.60523,-1.0,-1.0,-1
1.60523,1.605245,1.60522,1.605225,-1.0,-1.0,-1
1.605225,1.605225,1.60522,1.60522,-1.0,-1.0,-1
1.60522,1.60522,1.605175,1.605215,-1.0,-1.0,-1
1.605215,1.605235,1.605215,1.605215,-1.0,-1.0,-1
1.605215,1.60522,1.605195,1.605205,-1.0,-1.0,-1
1.605205,1.605225,1.605205,1.605225,-1.0,-1.0,-1
1.605225,1.605235,1.6052,1.6052,-1.0,-1.0,-1
1.6052,1.60521,1.60519,1.605195,-1.0,-1.0,-1
1.605195,1.60525,1.605175,1.60521,-1.0,-1.0,-1
1.60521,1.605225,1.6052,1.605225,-1.0,-1.0,-1
1.605225,1.60524,1.60521,1.60522,-1.0,-1.0,-1
1.60522,1.60522,1.60522,1.60522,-1.0,-1.0,-1
1.60522,1.60522,1.60522,1.60522,-1.0,-1.0,-1
1.60522,1.605235,1.605215,1.60523,-1.0,-1.0,-1
1.60523,1.60524,1.60522,1.60524,-1.0,-1.0,-1
1.60524,1.605245,1.605215,1.605215,-1.0,-1.0,-1
1.605215,1.60523,1.605175,1.60518,-1.0,-1.0,-1
1.60518,1.605185,1.60516,1.60516,-1.0,-1.0,-1
1.60516,1.605185,1.60516,1.60518,-1.0,-1.0,-1
1.60518,1.605185,1.605155,1.605155,-1.0,-1.0,-1
1.605155,1.60517,1.60513,1.60516,-1.0,-1.0,-1
1.60516,1.605175,1.60516,1.605165,-1.0,-1.0,-1
1.605165,1.605165,1.60516,1.605165,-1.0,-1.0,-1
1.605165,1.605165,1.60516,1.605165,-1.0,-1.0,-1
1.605165,1.60517,1.605155,1.60517,-1.0,-1.0,-1
1.60517,1.60517,1.60516,1.605165,-1.0,-1.0,-1
1.605165,1.605175,1.60516,1.60516,-1.0,-1.0,-1
1.60516,1.605185,1.60516,1.605175,-1.0,-1.0,-1
1.605175,1.605175,1.60516,1.60517,-1.0,-1.0,-1
1.60517,1.60518,1.605125,1.605165,-1.0,-1.0,-1
1.605165,1.605165,1.605145,1.605155,-1.0,-1.0,-1
1.605155,1.60516,1.605145,1.60515,-1.0,-1.0,-1
1.60515,1.605155,1.60512,1.60512,-1.0,-1.0,-1
1.60512,1.605155,1.605105,1.605135,-1.0,-1.0,-1
1.605135,1.605135,1.605075,1.605075,-1.0,-1.0,-1
1.605075,1.605085,1.605075,1.605085,-1.0,-1.0,-1
1.605085,1.605085,1.60507,1.60507,-1.0,-1.0,-1
1.60507,1.60509,1.60507,1.605085,-1.0,-1.0,-1
1.605085,1.60509,1.60508,1.605085,-1.0,-1.0,-1
1.605085,1.60509,1.60507,1.60509,-1.0,-1.0,-1
1.60509,1.60509,1.605035,1.605035,-1.0,-1.0,-1
1.605035,1.605065,1.605035,1.60506,-1.0,-1.0,-1
1.60506,1.60507,1.60506,1.605065,-1.0,-1.0,-1
1.605065,1.60513,1.605055,1.60512,-1.0,-1.0,-1
1.60512,1.605125,1.60508,1.605085,-1.0,-1.0,-1
1.605085,1.6051,1.605075,1.60509,-1.0,-1.0,-1
1.60509,1.60509,1.60508,1.605085,-1.0,-1.0,-1
1.605085,1.60509,1.60507,1.60507,-1.0,-1.0,-1
1.60507,1.60507,1.60507,1.60507,-1.0,-1.0,-1
1.60507,1.60509,1.605065,1.605065,-1.0,-1.0,-1
1.605065,1.605085,1.605065,1.605075,-1.0,-1.0,-1
1.605075,1.605075,1.605065,1.60507,-1.0,-1.0,-1
1.60507,1.60509,1.60507,1.605075,-1.0,-1.0,-1
1.605075,1.605085,1.60506,1.60506,-1.0,-1.0,-1
1.60506,1.60507,1.60506,1.60506,-1.0,-1.0,-1
1.60506,1.60508,1.60506,1.60506,-1.0,-1.0,-1
1.60506,1.60508,1.60506,1.60508,-1.0,-1.0,-1
1.60508,1.60508,1.60506,1.60508,-1.0,-1.0,-1
1.60508,1.605115,1.60506,1.605095,-1.0,-1.0,-1
1.605095,1.60511,1.60508,1.605085,-1.0,-1.0,-1
1.605085,1.605135,1.60508,1.605135,-1.0,-1.0,-1
1.605135,1.60515,1.60512,1.60512,-1.0,-1.0,-1
1.60512,1.60512,1.60511,1.60512,-1.0,-1.0,-1
1.60512,1.60512,1.605115,1.605115,-1.0,-1.0,-1
1.605115,1.60512,1.605095,1.60511,-1.0,-1.0,-1
1.60511,1.60511,1.605095,1.605105,-1.0,-1.0,-1
1.605105,1.605125,1.605105,1.605125,-1.0,-1.0,-1
1.605125,1.605125,1.605115,1.60512,-1.0,-1.0,-1
1.60512,1.60513,1.60511,1.605125,-1.0,-1.0,-1
1.605125,1.605125,1.605035,1.605035,-1.0,-1.0,-1
1.605035,1.605055,1.605025,1.60505,-1.0,-1.0,-1
1.60505,1.605055,1.605025,1.60504,-1.0,-1.0,-1
1.60504,1.60504,1.60502,1.60502,-1.0,-1.0,-1
1.60502,1.605055,1.60502,1.60505,-1.0,-1.0,-1
1.60505,1.605055,1.605025,1.605045,-1.0,-1.0,-1
1.605045,1.605045,1.605005,1.60502,-1.0,-1.0,-1
1.60502,1.60503,1.60499,1.605,-1.0,-1.0,-1
1.605,1.60502,1.604985,1.60499,-1.0,-1.0,-1
1.60499,1.605035,1.60498,1.60502,-1.0,-1.0,-1
1.60502,1.60502,1.60499,1.604995,-1.0,-1.0,-1
1.604995,1.60501,1.60499,1.60501,-1.0,-1.0,-1
1.60501,1.60502,1.604985,1.60499,-1.0,-1.0,-1
1.60499,1.60501,1.604985,1.60501,-1.0,-1.0,-1
1.60501,1.60502,1.60499,1.605,-1.0,-1.0,-1
1.605,1.60502,1.60499,1.605005,-1.0,-1.0,-1
1.605005,1.60503,1.605,1.60502,-1.0,-1.0,-1
1.60502,1.605045,1.605015,1.60502,-1.0,-1.0,-1
1.60502,1.60503,1.605015,1.60502,-1.0,-1.0,-1
1.60502,1.60503,1.60502,1.60503,-1.0,-1.0,-1
1.60503,1.605045,1.60502,1.605025,-1.0,-1.0,-1
1.605025,1.605045,1.605,1.605005,-1.0,-1.0,-1
1.605005,1.605025,1.605,1.60502,-1.0,-1.0,-1
1.60502,1.605045,1.605015,1.60504,-1.0,-1.0,-1
1.60504,1.60504,1.60502,1.605035,-1.0,-1.0,-1
1.605035,1.60504,1.60502,1.605025,-1.0,-1.0,-1
1.605025,1.60504,1.605025,1.60504,-1.0,-1.0,-1
1.60504,1.60505,1.605025,1.60504,-1.0,-1.0,-1
1.60504,1.60504,1.60504,1.60504,-1.0,-1.0,-1
1.60504,1.605045,1.605025,1.60503,-1.0,-1.0,-1
1.60503,1.60504,1.605025,1.605035,-1.0,-1.0,-1
1.605035,1.605055,1.605025,1.60505,-1.0,-1.0,-1
1.60505,1.60506,1.60503,1.60503,-1.0,-1.0,-1
1.60503,1.60509,1.60503,1.60506,-1.0,-1.0,-1
1.60506,1.605075,1.60506,1.60507,-1.0,-1.0,-1
1.60507,1.605115,1.605065,1.60511,-1.0,-1.0,-1
1.60511,1.605125,1.605095,1.60512,-1.0,-1.0,-1
1.60512,1.60512,1.605095,1.60511,-1.0,-1.0,-1
1.60511,1.60512,1.60511,1.60512,-1.0,-1.0,-1
1.60512,1.605125,1.60511,1.605125,-1.0,-1.0,-1
1.605125,1.605125,1.605105,1.60511,-1.0,-1.0,-1
1.60511,1.60512,1.605105,1.605115,-1.0,-1.0,-1
1.605115,1.605125,1.605095,1.60511,-1.0,-1.0,-1
1.60511,1.60512,1.60506,1.60506,-1.0,-1.0,-1
1.60506,1.605105,1.60506,1.60508,-1.0,-1.0,-1
1.60508,1.6051,1.605065,1.60509,-1.0,-1.0,-1
1.60509,1.60509,1.60506,1.60507,-1.0,-1.0,-1
1.60507,1.6051,1.60506,1.605085,-1.0,-1.0,-1
1.605085,1.60511,1.60506,1.605105,-1.0,-1.0,-1
1.605105,1.60516,1.605065,1.60512,-1.0,-1.0,-1
1.60512,1.60513,1.60509,1.60511,-1.0,-1.0,-1
1.60511,1.60513,1.605105,1.605105,-1.0,-1.0,-1
1.605105,1.60513,1.605105,1.605105,-1.0,-1.0,-1
1.605105,1.60514,1.605105,1.60513,-1.0,-1.0,-1
1.60513,1.60517,1.60512,1.60517,-1.0,-1.0,-1
1.60517,1.605175,1.60513,1.60514,-1.0,-1.0,-1
1.60514,1.605145,1.6051,1.6051,-1.0,-1.0,-1
1.6051,1.6051,1.60508,1.605085,-1.0,-1.0,-1
1.605085,1.6051,1.60508,1.6051,-1.0,-1.0,-1
1.6051,1.6051,1.60506,1.605085,-1.0,-1.0,-1
1.605085,1.60509,1.605055,1.605065,-1.0,-1.0,-1
1.605065,1.60507,1.60506,1.605065,-1.0,-1.0,-1
1.605065,1.60511,1.605065,1.605085,-1.0,-1.0,-1
1.605085,1.6051,1.60505,1.60507,-1.0,-1.0,-1
1.60507,1.60508,1.60506,1.605065,-1.0,-1.0,-1
1.605065,1.605075,1.60505,1.60505,-1.0,-1.0,-1
1.60505,1.605055,1.605005,1.60503,-1.0,-1.0,-1
1.60503,1.605035,1.60502,1.60502,-1.0,-1.0,-1
1.60502,1.60504,1.60502,1.60504,-1.0,-1.0,-1
1.60504,1.60504,1.60502,1.60504,-1.0,-1.0,-1
1.60504,1.60506,1.60503,1.605035,-1.0,-1.0,-1
1.605035,1.60504,1.605005,1.60501,-1.0,-1.0,-1
1.60501,1.60506,1.605005,1.60504,-1.0,-1.0,-1
1.60504,1.605105,1.605025,1.605095,-1.0,-1.0,-1
1.605095,1.605095,1.60508,1.605095,-1.0,-1.0,-1
1.605095,1.605115,1.605075,1.605115,-1.0,-1.0,-1
1.605115,1.605115,1.605055,1.605065,-1.0,-1.0,-1
1.605065,1.60507,1.605055,1.605055,-1.0,-1.0,-1
1.605055,1.60507,1.60505,1.605065,-1.0,-1.0,-1
1.605065,1.605105,1.605065,1.6051,-1.0,-1.0,-1
1.6051,1.6051,1.605085,1.60509,-1.0,-1.0,-1
1.60509,1.605095,1.605055,1.605055,-1.0,-1.0,-1
1.605055,1.60512,1.605055,1.60512,-1.0,-1.0,-1
1.60512,1.60513,1.605115,1.605115,-1.0,-1.0,-1
1.605115,1.605135,1.605115,1.605125,-1.0,-1.0,-1
1.605125,1.60513,1.605115,1.60513,-1.0,-1.0,-1
1.60513,1.60513,1.605115,1.605125,-1.0,-1.0,-1
1.605125,1.60513,1.605125,1.60513,-1.0,-1.0,-1
1.60513,1.60515,1.60513,1.60513,-1.0,-1.0,-1
1.60513,1.60515,1.605095,1.6051,-1.0,-1.0,-1
1.6051,1.60512,1.6051,1.6051,-1.0,-1.0,-1
1.6051,1.60514,1.6051,1.605135,-1.0,-1.0,-1
1.605135,1.60514,1.60513,1.60513,-1.0,-1.0,-1
1.60513,1.605175,1.60512,1.605175,-1.0,-1.0,-1
1.605175,1.60518,1.605145,1.60516,-1.0,-1.0,-1
1.60516,1.60516,1.60516,1.60516,-1.0,-1.0,-1
1.60516,1.60518,1.60515,1.60518,-1.0,-1.0,-1
1.60518,1.605195,1.60517,1.60518,-1.0,-1.0,-1
1.60518,1.60518,1.605165,1.60517,-1.0,-1.0,-1
1.60517,1.6052,1.60515,1.60517,-1.0,-1.0,-1
1.60517,1.605185,1.605165,1.605185,-1.0,-1.0,-1
1.605185,1.6052,1.60518,1.60519,-1.0,-1.0,-1
1.60519,1.60526,1.60519,1.60526,-1.0,-1.0,-1
1.60526,1.60529,1.60524,1.60529,-1.0,-1.0,-1
1.60529,1.60531,1.605275,1.60531,-1.0,-1.0,-1
1.60531,1.60531,1.605295,1.60531,-1.0,-1.0,-1
1.60531,1.60531,1.605295,1.60531,-1.0,-1.0,-1
1.60531,1.60531,1.605275,1.605275,-1.0,-1.0,-1
1.605275,1.605305,1.605255,1.60526,-1.0,-1.0,-1
1.60526,1.60528,1.60525,1.60528,-1.0,-1.0,-1
1.60528,1.60528,1.60525,1.605265,-1.0,-1.0,-1
1.605265,1.60527,1.60525,1.60527,-1.0,-1.0,-1
1.60527,1.60527,1.60526,1.605265,-1.0,-1.0,-1
1.605265,1.60527,1.60519,1.605205,-1.0,-1.0,-1
1.605205,1.60522,1.60517,1.605185,-1.0,-1.0,-1
1.605185,1.605185,1.605115,1.60512,-1.0,-1.0,-1
1.60512,1.60513,1.605105,1.605105,-1.0,-1.0,-1
1.605105,1.60514,1.60507,1.60513,-1.0,-1.0,-1
1.60513,1.605135,1.60511,1.605125,-1.0,-1.0,-1
1.605125,1.60516,1.60509,1.60516,-1.0,-1.0,-1
1.60516,1.6052,1.60516,1.605175,-1.0,-1.0,-1
1.605175,1.60519,1.605175,1.605175,-1.0,-1.0,-1
1.605175,1.605205,1.605175,1.605205,-1.0,-1.0,-1
1.605205,1.60521,1.6052,1.6052,-1.0,-1.0,-1
1.6052,1.605205,1.605195,1.605205,-1.0,-1.0,-1
1.605205,1.605215,1.605175,1.605205,-1.0,-1.0,-1
1.605205,1.60522,1.605195,1.605195,-1.0,-1.0,-1
1.605195,1.60522,1.605175,1.60522,-1.0,-1.0,-1
1.60522,1.60524,1.605175,1.60523,-1.0,-1.0,-1
1.60523,1.60524,1.60521,1.60521,-1.0,-1.0,-1
1.60521,1.605245,1.60521,1.605225,-1.0,-1.0,-1
1.605225,1.605245,1.605215,1.605225,-1.0,-1.0,-1
1.605225,1.605245,1.605225,1.60524,-1.0,-1.0,-1
1.60524,1.60525,1.60523,1.60524,-1.0,-1.0,-1
1.60524,1.605245,1.605235,1.605235,-1.0,-1.0,-1
1.605235,1.605235,1.6052,1.60523,-1.0,-1.0,-1
1.60523,1.60523,1.605175,1.60519,-1.0,-1.0,-1
1.60519,1.60524,1.60519,1.60523,-1.0,-1.0,-1
1.60523,1.605255,1.605225,1.60525,-1.0,-1.0,-1
1.60525,1.605275,1.60524,1.60525,-1.0,-1.0,-1
1.60525,1.605265,1.60522,1.60523,-1.0,-1.0,-1
1.60523,1.605245,1.6052,1.60521,-1.0,-1.0,-1
1.60521,1.60523,1.6052,1.60522,-1.0,-1.0,-1
1.60522,1.60522,1.6052,1.6052,-1.0,-1.0,-1
1.6052,1.60522,1.605195,1.60521,-1.0,-1.0,-1
1.60521,1.60521,1.60519,1.6052,-1.0,-1.0,-1
1.6052,1.60521,1.60517,1.605175,-1.0,-1.0,-1
1.605175,1.605195,1.605145,1.605155,-1.0,-1.0,-1
1.605155,1.605155,1.605155,1.605155,-1.0,-1.0,-1
1.605155,1.60516,1.605155,1.605155,-1.0,-1.0,-1
1.605155,1.60516,1.605155,1.605155,-1.0,-1.0,-1
1.605155,1.60516,1.60513,1.60513,-1.0,-1.0,-1
1.60513,1.60517,1.60511,1.60516,-1.0,-1.0,-1
1.60516,1.60517,1.60515,1.60515,-1.0,-1.0,-1
1.60515,1.60516,1.60515,1.605155,-1.0,-1.0,-1
1.605155,1.605155,1.60515,1.605155,-1.0,-1.0,-1
1.605155,1.605155,1.60515,1.60515,-1.0,-1.0,-1
1.60515,1.605165,1.60515,1.605155,-1.0,-1.0,-1
1.605155,1.605165,1.60515,1.60516,-1.0,-1.0,-1
1.60516,1.60516,1.605145,1.605145,-1.0,-1.0,-1
1.605145,1.60516,1.605035,1.605045,-1.0,-1.0,-1
1.605045,1.605065,1.60504,1.605055,-1.0,-1.0,-1
1.605055,1.605055,1.605005,1.60504,-1.0,-1.0,-1
1.60504,1.605055,1.60503,1.605035,-1.0,-1.0,-1
1.605035,1.60504,1.60503,1.60504,-1.0,-1.0,-1
1.60504,1.605045,1.605015,1.605015,-1.0,-1.0,-1
1.605015,1.605035,1.60496,1.60497,-1.0,-1.0,-1
1.60497,1.60498,1.604965,1.604975,-1.0,-1.0,-1
1.604975,1.605005,1.60495,1.604995,-1.0,-1.0,-1
1.604995,1.605055,1.60499,1.60504,-1.0,-1.0,-1
1.60504,1.60506,1.604995,1.605005,-1.0,-1.0,-1
1.605005,1.605035,1.604995,1.60501,-1.0,-1.0,-1
1.60501,1.60503,1.60498,1.60502,-1.0,-1.0,-1
1.60502,1.605055,1.604995,1.60501,-1.0,-1.0,-1
1.60501,1.60502,1.605,1.605005,-1.0,-1.0,-1
1.605005,1.605015,1.605,1.605005,-1.0,-1.0,-1
1.605005,1.60504,1.605,1.605035,-1.0,-1.0,-1
1.605035,1.605055,1.605015,1.605015,-1.0,-1.0,-1
1.605015,1.605035,1.605,1.60503,-1.0,-1.0,-1
1.60503,1.60506,1.605025,1.60504,-1.0,-1.0,-1
1.60504,1.605045,1.60496,1.60496,-1.0,-1.0,-1
1.60496,1.60496,1.60489,1.60489,-1.0,-1.0,-1
1.60489,1.604895,1.60489,1.604895,-1.0,-1.0,-1
1.604895,1.60496,1.60489,1.60496,-1.0,-1.0,-1
1.60496,1.60496,1.604905,1.60491,-1.0,-1.0,-1
1.60491,1.604935,1.604905,1.604905,-1.0,-1.0,-1
1.604905,1.60498,1.604905,1.60498,-1.0,-1.0,-1
1.60498,1.60498,1.604965,1.604965,-1.0,-1.0,-1
1.604965,1.60498,1.604955,1.60497,-1.0,-1.0,-1
1.60497,1.60498,1.60491,1.604925,-1.0,-1.0,-1
1.604925,1.60493,1.6049,1.6049,-1.0,-1.0,-1
1.6049,1.604915,1.6049,1.604915,-1.0,-1.0,-1
1.604915,1.604915,1.604895,1.6049,-1.0,-1.0,-1
1.6049,1.6049,1.604865,1.604885,-1.0,-1.0,-1
1.604885,1.60489,1.60487,1.60487,-1.0,-1.0,-1
1.60487,1.604885,1.60487,1.604875,-1.0,-1.0,-1
1.604875,1.60491,1.60486,1.60489,-1.0,-1.0,-1
1.60489,1.6049,1.60488,1.60489,-1.0,-1.0,-1
1.60489,1.60493,1.60486,1.60486,-1.0,-1.0,-1
1.60486,1.604895,1.604855,1.604875,-1.0,-1.0,-1
1.604875,1.604895,1.604865,1.604865,-1.0,-1.0,-1
1.604865,1.604865,1.604815,1.60485,-1.0,-1.0,-1
1.60485,1.60485,1.604795,1.60484,-1.0,-1.0,-1
1.60484,1.60484,1.604785,1.604825,-1.0,-1.0,-1
1.604825,1.604825,1.604785,1.604815,-1.0,-1.0,-1
1.604815,1.60483,1.6048,1.60482,-1.0,-1.0,-1
1.60482,1.604835,1.60481,1.604835,-1.0,-1.0,-1
1.604835,1.60484,1.604815,1.60482,-1.0,-1.0,-1
1.60482,1.60482,1.604795,1.604795,-1.0,-1.0,-1
1.604795,1.60485,1.604795,1.60485,-1.0,-1.0,-1
1.60485,1.60485,1.60482,1.60483,-1.0,-1.0,-1
1.60483,1.60484,1.60482,1.60484,-1.0,-1.0,-1
1.60484,1.604845,1.604815,1.60482,-1.0,-1.0,-1
1.60482,1.60488,1.604815,1.60486,-1.0,-1.0,-1
1.60486,1.6049,1.60485,1.604865,-1.0,-1.0,-1
1.604865,1.60487,1.604845,1.604845,-1.0,-1.0,-1
1.604845,1.604845,1.604825,1.60483,-1.0,-1.0,-1
1.60483,1.60485,1.60479,1.604845,-1.0,-1.0,-1
1.604845,1.604845,1.60481,1.604825,-1.0,-1.0,-1
1.604825,1.60483,1.60481,1.60482,-1.0,-1.0,-1
1.60482,1.604835,1.604795,1.60482,-1.0,-1.0,-1
1.60482,1.60484,1.60481,1.604835,-1.0,-1.0,-1
1.604835,1.605015,1.6048,1.604995,-1.0,-1.0,-1
1.604995,1.60503,1.604975,1.604975,-1.0,-1.0,-1
1.604975,1.605,1.60496,1.60496,-1.0,-1.0,-1
1.60496,1.60498,1.60494,1.60497,-1.0,-1.0,-1
1.60497,1.604975,1.604935,1.60496,-1.0,-1.0,-1
1.60496,1.605015,1.60494,1.605,-1.0,-1.0,-1
1.605,1.605,1.60494,1.60498,-1.0,-1.0,-1
1.60498,1.60499,1.604955,1.604965,-1.0,-1.0,-1
1.604965,1.605005,1.60496,1.605005,-1.0,-1.0,-1
1.605005,1.605005,1.604985,1.605005,-1.0,-1.0,-1
1.605005,1.605015,1.604985,1.605005,-1.0,-1.0,-1
1.605005,1.605045,1.604985,1.60503,-1.0,-1.0,-1
1.60503,1.60507,1.60503,1.60505,-1.0,-1.0,-1
1.60505,1.605055,1.605,1.605025,-1.0,-1.0,-1
1.605025,1.605025,1.604995,1.605005,-1.0,-1.0,-1
1.605005,1.605005,1.60496,1.604965,-1.0,-1.0,-1
1.604965,1.60502,1.604965,1.60502,-1.0,-1.0,-1
1.60502,1.60503,1.604985,1.605015,-1.0,-1.0,-1
1.605015,1.605015,1.60497,1.60497,-1.0,-1.0,-1
1.60497,1.60498,1.604915,1.60492,-1.0,-1.0,-1
1.60492,1.60494,1.604905,1.60494,-1.0,-1.0,-1
1.60494,1.60496,1.60493,1.60494,-1.0,-1.0,-1
1.60494,1.604965,1.604935,1.60495,-1.0,-1.0,-1
1.60495,1.60498,1.60495,1.60497,-1.0,-1.0,-1
1.60497,1.60498,1.60495,1.60495,-1.0,-1.0,-1
1.60495,1.604965,1.60495,1.604955,-1.0,-1.0,-1
1.604955,1.60496,1.60492,1.604925,-1.0,-1.0,-1
1.604925,1.60493,1.6049,1.604915,-1.0,-1.0,-1
1.604915,1.60493,1.60485,1.60488,-1.0,-1.0,-1
1.60488,1.604895,1.60487,1.604875,-1.0,-1.0,-1
1.604875,1.604895,1.60485,1.60485,-1.0,-1.0,-1
1.60485,1.604855,1.604845,1.60485,-1.0,-1.0,-1
1.60485,1.604875,1.60482,1.604825,-1.0,-1.0,-1
1.604825,1.60488,1.604815,1.604875,-1.0,-1.0,-1
1.604875,1.60488,1.60486,1.604875,-1.0,-1.0,-1
1.604875,1.60489,1.604865,1.604865,-1.0,-1.0,-1
1.604865,1.60491,1.604865,1.60491,-1.0,-1.0,-1
1.60491,1.604975,1.604905,1.60496,-1.0,-1.0,-1
1.60496,1.604975,1.604955,1.60497,-1.0,-1.0,-1
1.60497,1.60498,1.604965,1.60497,-1.0,-1.0,-1
1.60497,1.604985,1.604945,1.604945,-1.0,-1.0,-1
1.604945,1.604975,1.604945,1.60497,-1.0,-1.0,-1
1.60497,1.604975,1.604945,1.60495,-1.0,-1.0,-1
1.60495,1.604975,1.60493,1.60493,-1.0,-1.0,-1
1.60493,1.604975,1.604905,1.60497,-1.0,-1.0,-1
1.60497,1.60498,1.60493,1.604975,-1.0,-1.0,-1
1.604975,1.604975,1.604945,1.604955,-1.0,-1.0,-1
1.604955,1.60496,1.60491,1.60496,-1.0,-1.0,-1
1.60496,1.604975,1.604955,1.60497,-1.0,-1.0,-1
1.60497,1.604975,1.604955,1.60497,-1.0,-1.0,-1
1.60497,1.604985,1.604935,1.60495,-1.0,-1.0,-1
1.60495,1.60495,1.604925,1.60494,-1.0,-1.0,-1
1.60494,1.60494,1.60492,1.60492,-1.0,-1.0,-1
1.60492,1.604945,1.60491,1.60493,-1.0,-1.0,-1
1.60493,1.604935,1.604915,1.60493,-1.0,-1.0,-1
1.60493,1.604945,1.604905,1.60492,-1.0,-1.0,-1
1.60492,1.604955,1.604915,1.604935,-1.0,-1.0,-1
1.604935,1.604945,1.604915,1.604935,-1.0,-1.0,-1
1.604935,1.60497,1.604925,1.604925,-1.0,-1.0,-1
1.604925,1.604945,1.604925,1.60494,-1.0,-1.0,-1
1.60494,1.60496,1.604935,1.60495,-1.0,-1.0,-1
1.60495,1.60496,1.604935,1.604945,-1.0,-1.0,-1
1.604945,1.604985,1.604925,1.604925,-1.0,-1.0,-1
1.604925,1.604935,1.604925,1.60493,-1.0,-1.0,-1
1.60493,1.60493,1.604915,1.604925,-1.0,-1.0,-1
1.604925,1.60493,1.60491,1.604915,-1.0,-1.0,-1
1.604915,1.60494,1.604905,1.60491,-1.0,-1.0,-1
1.60491,1.60491,1.604885,1.6049,-1.0,-1.0,-1
1.6049,1.6049,1.604885,1.6049,-1.0,-1.0,-1
1.6049,1.6049,1.60489,1.60489,-1.0,-1.0,-1
1.60489,1.60492,1.60489,1.60492,-1.0,-1.0,-1
1.60492,1.604925,1.604915,1.60492,-1.0,-1.0,-1
1.60492,1.60494,1.60488,1.60489,-1.0,-1.0,-1
1.60489,1.604925,1.60489,1.604925,-1.0,-1.0,-1
1.604925,1.604925,1.6049,1.604905,-1.0,-1.0,-1
1.604905,1.60491,1.6049,1.60491,-1.0,-1.0,-1
1.60491,1.60492,1.604815,1.60486,-1.0,-1.0,-1
1.60486,1.60488,1.604855,1.60487,-1.0,-1.0,-1
1.60487,1.60489,1.60487,1.604885,-1.0,-1.0,-1
1.604885,1.604895,1.604875,1.60489,-1.0,-1.0,-1
1.60489,1.60495,1.60489,1.6049,-1.0,-1.0,-1
1.6049,1.6049,1.604875,1.604875,-1.0,-1.0,-1
1.604875,1.60488,1.60487,1.604875,-1.0,-1.0,-1
1.604875,1.60489,1.60487,1.60488,-1.0,-1.0,-1
1.60488,1.60489,1.60483,1.60486,-1.0,-1.0,-1
1.60486,1.60486,1.60483,1.604845,-1.0,-1.0,-1
1.604845,1.604925,1.604835,1.604925,-1.0,-1.0,-1
1.604925,1.604925,1.6049,1.6049,-1.0,-1.0,-1
1.6049,1.6049,1.6049,1.6049,-1.0,-1.0,-1
1.6049,1.6049,1.604865,1.60488,-1.0,-1.0,-1
1.60488,1.604885,1.60487,1.60488,-1.0,-1.0,-1
1.60488,1.604885,1.604865,1.60488,-1.0,-1.0,-1
1.60488,1.604885,1.604865,1.604865,-1.0,-1.0,-1
1.604865,1.604865,1.604855,1.60486,-1.0,-1.0,-1
1.60486,1.604865,1.604855,1.60486,-1.0,-1.0,-1
1.60486,1.604865,1.60486,1.604865,-1.0,-1.0,-1
1.604865,1.60488,1.60486,1.604875,-1.0,-1.0,-1
1.604875,1.60488,1.604875,1.604875,-1.0,-1.0,-1
1.604875,1.60488,1.604875,1.604875,-1.0,-1.0,-1
1.604875,1.604895,1.604855,1.604855,-1.0,-1.0,-1
1.604855,1.604865,1.604855,1.604865,-1.0,-1.0,-1
1.604865,1.604865,1.6048,1.6048,-1.0,-1.0,-1
1.6048,1.60481,1.604785,1.604795,-1.0,-1.0,-1
1.604795,1.604805,1.604785,1.604785,-1.0,-1.0,-1
1.604785,1.60481,1.60478,1.604795,-1.0,-1.0,-1
1.604795,1.60481,1.604785,1.6048,-1.0,-1.0,-1
1.6048,1.60482,1.60479,1.60482,-1.0,-1.0,-1
1.60482,1.604855,1.604815,1.604855,-1.0,-1.0,-1
1.604855,1.60499,1.604855,1.604955,-1.0,-1.0,-1
1.604955,1.604975,1.60495,1.60497,-1.0,-1.0,-1
1.60497,1.60498,1.604955,1.604965,-1.0,-1.0,-1
1.604965,1.60499,1.604945,1.60498,-1.0,-1.0,-1
1.60498,1.604985,1.604955,1.60498,-1.0,-1.0,-1
1.60498,1.604995,1.604965,1.604965,-1.0,-1.0,-1
1.604965,1.604985,1.60496,1.60496,-1.0,-1.0,-1
1.60496,1.604985,1.60496,1.604975,-1.0,-1.0,-1
1.604975,1.60498,1.604945,1.60497,-1.0,-1.0,-1
1.60497,1.60497,1.60494,1.60495,-1.0,-1.0,-1
1.60495,1.60495,1.604925,1.60494,-1.0,-1.0,-1
1.60494,1.60494,1.604915,1.60492,-1.0,-1.0,-1
1.60492,1.60494,1.604905,1.60491,-1.0,-1.0,-1
1.60491,1.604985,1.604905,1.604975,-1.0,-1.0,-1
1.604975,1.60498,1.604935,1.604945,-1.0,-1.0,-1
1.604945,1.60496,1.604915,1.60492,-1.0,-1.0,-1
1.60492,1.60492,1.604905,1.60491,-1.0,-1.0,-1
1.60491,1.60491,1.604845,1.60485,-1.0,-1.0,-1
1.60485,1.60485,1.604845,1.60485,-1.0,-1.0,-1
1.60485,1.60485,1.604845,1.604845,-1.0,-1.0,-1
1.604845,1.604855,1.604845,1.604845,-1.0,-1.0,-1
1.604845,1.604845,1.604835,1.604835,-1.0,-1.0,-1
1.604835,1.604845,1.604835,1.604845,-1.0,-1.0,-1
1.604845,1.604845,1.604815,1.604835,-1.0,-1.0,-1
1.604835,1.604845,1.604815,1.60482,-1.0,-1.0,-1
1.60482,1.60482,1.604795,1.60481,-1.0,-1.0,-1
1.60481,1.60481,1.60479,1.60479,-1.0,-1.0,-1
1.60479,1.6048,1.60478,1.60478,-1.0,-1.0,-1
1.60478,1.604785,1.604775,1.604785,-1.0,-1.0,-1
1.604785,1.604785,1.604725,1.60474,-1.0,-1.0,-1
1.60474,1.604745,1.60474,1.60474,-1.0,-1.0,-1
1.60474,1.604745,1.60474,1.60474,-1.0,-1.0,-1
1.60474,1.604745,1.604705,1.604705,-1.0,-1.0,-1
1.604705,1.60473,1.604655,1.604655,-1.0,-1.0,-1
1.604655,1.60468,1.60465,1.60468,-1.0,-1.0,-1
1.60468,1.60468,1.604645,1.60465,-1.0,-1.0,-1
1.60465,1.60465,1.604635,1.604635,-1.0,-1.0,-1
1.604635,1.604655,1.604635,1.604655,-1.0,-1.0,-1
1.604655,1.604655,1.604645,1.60465,-1.0,-1.0,-1
1.60465,1.60465,1.60464,1.604645,-1.0,-1.0,-1
1.604645,1.60472,1.60464,1.60472,-1.0,-1.0,-1
1.60472,1.60472,1.604655,1.60466,-1.0,-1.0,-1
1.60466,1.60466,1.604615,1.604625,-1.0,-1.0,-1
1.604625,1.604645,1.60462,1.60464,-1.0,-1.0,-1
1.60464,1.60464,1.604585,1.604595,-1.0,-1.0,-1
1.604595,1.6046,1.604565,1.604575,-1.0,-1.0,-1
1.604575,1.604585,1.604565,1.604585,-1.0,-1.0,-1
1.604585,1.604585,1.604565,1.604575,-1.0,-1.0,-1
1.604575,1.604635,1.604565,1.60463,-1.0,-1.0,-1
1.60463,1.60464,1.60462,1.60462,-1.0,-1.0,-1
1.60462,1.60464,1.60462,1.60464,-1.0,-1.0,-1
1.60464,1.60464,1.60463,1.60463,-1.0,-1.0,-1
1.60463,1.604635,1.60461,1.60461,-1.0,-1.0,-1
1.60461,1.60462,1.60461,1.604615,-1.0,-1.0,-1
1.604615,1.60463,1.604615,1.60463,-1.0,-1.0,-1
1.60463,1.60463,1.60458,1.60458,-1.0,-1.0,-1
1.60458,1.60459,1.604565,1.60458,-1.0,-1.0,-1
1.60458,1.60458,1.604565,1.60457,-1.0,-1.0,-1
1.60457,1.60458,1.604565,1.60458,-1.0,-1.0,-1
1.60458,1.60458,1.604555,1.604555,-1.0,-1.0,-1
1.604555,1.60457,1.60452,1.60456,-1.0,-1.0,-1
1.60456,1.6046,1.604555,1.604595,-1.0,-1.0,-1
1.604595,1.60466,1.60459,1.60465,-1.0,-1.0,-1
1.60465,1.60465,1.60463,1.60465,-1.0,-1.0,-1
1.60465,1.60466,1.60464,1.604645,-1.0,-1.0,-1
1.604645,1.604665,1.60462,1.604665,-1.0,-1.0,-1
1.604665,1.60468,1.604645,1.604655,-1.0,-1.0,-1
1.604655,1.60467,1.604645,1.604655,-1.0,-1.0,-1
1.604655,1.60466,1.60464,1.60466,-1.0,-1.0,-1
1.60466,1.60466,1.604645,1.60466,-1.0,-1.0,-1
1.60466,1.60467,1.604655,1.60467,-1.0,-1.0,-1
1.60467,1.604675,1.60467,1.60467,-1.0,-1.0,-1
1.60467,1.604685,1.604635,1.60467,-1.0,-1.0,-1
1.60467,1.604685,1.604645,1.60467,-1.0,-1.0,-1
1.60467,1.604715,1.604665,1.60471,-1.0,-1.0,-1
1.60471,1.604715,1.604675,1.60468,-1.0,-1.0,-1
1.60468,1.60469,1.60467,1.604675,-1.0,-1.0,-1
1.604675,1.604705,1.604675,1.604705,-1.0,-1.0,-1
1.604705,1.604715,1.6047,1.6047,-1.0,-1.0,-1
1.6047,1.60473,1.6047,1.60472,-1.0,-1.0,-1
1.60472,1.604735,1.60471,1.60472,-1.0,-1.0,-1
1.60472,1.604755,1.60472,1.604755,-1.0,-1.0,-1
1.604755,1.604835,1.60475,1.60481,-1.0,-1.0,-1
1.60481,1.604815,1.60481,1.604815,-1.0,-1.0,-1
1.604815,1.604815,1.604795,1.604795,-1.0,-1.0,-1
1.604795,1.604835,1.604785,1.604835,-1.0,-1.0,-1
1.604835,1.604855,1.60483,1.604835,-1.0,-1.0,-1
1.604835,1.604835,1.60482,1.604825,-1.0,-1.0,-1
1.604825,1.604835,1.60482,1.604835,-1.0,-1.0,-1
1.604835,1.60486,1.60483,1.60486,-1.0,-1.0,-1
1.60486,1.60486,1.604825,1.60485,-1.0,-1.0,-1
1.60485,1.60485,1.6048,1.60481,-1.0,-1.0,-1
1.60481,1.60481,1.6048,1.6048,-1.0,-1.0,-1
1.6048,1.604865,1.6048,1.604805,-1.0,-1.0,-1
1.604805,1.604805,1.604805,1.604805,-1.0,-1.0,-1
1.604805,1.604825,1.604805,1.604815,-1.0,-1.0,-1
1.604815,1.604885,1.604815,1.60487,-1.0,-1.0,-1
1.60487,1.604895,1.60486,1.604865,-1.0,-1.0,-1
1.604865,1.604885,1.604815,1.60483,-1.0,-1.0,-1
1.60483,1.60485,1.604815,1.60484,-1.0,-1.0,-1
1.60484,1.60485,1.604815,1.604815,-1.0,-1.0,-1
1.604815,1.60485,1.604815,1.60485,-1.0,-1.0,-1
1.60485,1.60485,1.604825,1.60485,-1.0,-1.0,-1
1.60485,1.60487,1.60481,1.60481,-1.0,-1.0,-1
1.60481,1.604865,1.60481,1.60486,-1.0,-1.0,-1
1.60486,1.604865,1.60481,1.60481,-1.0,-1.0,-1
1.60481,1.604845,1.60481,1.604845,-1.0,-1.0,-1
1.604845,1.604845,1.604805,1.60481,-1.0,-1.0,-1
1.60481,1.60481,1.60472,1.60472,-1.0,-1.0,-1
1.60472,1.604735,1.604705,1.604735,-1.0,-1.0,-1
1.604735,1.604735,1.60472,1.60472,-1.0,-1.0,-1
1.60472,1.60474,1.60472,1.604725,-1.0,-1.0,-1
1.604725,1.60473,1.60471,1.604725,-1.0,-1.0,-1
1.604725,1.60473,1.60464,1.604645,-1.0,-1.0,-1
1.604645,1.604685,1.60464,1.604665,-1.0,-1.0,-1
1.604665,1.604705,1.604655,1.60467,-1.0,-1.0,-1
1.60467,1.6047,1.60467,1.6047,-1.0,-1.0,-1
1.6047,1.604785,1.60469,1.604745,-1.0,-1.0,-1
1.604745,1.604745,1.60474,1.604745,-1.0,-1.0,-1
1.604745,1.604805,1.604725,1.60478,-1.0,-1.0,-1
1.60478,1.60481,1.60477,1.604785,-1.0,-1.0,-1
1.604785,1.60485,1.604785,1.604805,-1.0,-1.0,-1
1.604805,1.604845,1.604795,1.60481,-1.0,-1.0,-1
1.60481,1.60484,1.604795,1.604805,-1.0,-1.0,-1
1.604805,1.6049,1.604795,1.60483,-1.0,-1.0,-1
1.60483,1.604925,1.60483,1.604895,-1.0,-1.0,-1
1.604895,1.60494,1.604895,1.6049,-1.0,-1.0,-1
1.6049,1.604905,1.604895,1.604905,-1.0,-1.0,-1
1.604905,1.60494,1.604905,1.60492,-1.0,-1.0,-1
1.60492,1.60494,1.604915,1.604915,-1.0,-1.0,-1
1.604915,1.60494,1.604895,1.60491,-1.0,-1.0,-1
1.60491,1.60493,1.60491,1.604915,-1.0,-1.0,-1
1.604915,1.60497,1.604915,1.60493,-1.0,-1.0,-1
1.60493,1.604985,1.60493,1.60495,-1.0,-1.0,-1
1.60495,1.60499,1.604905,1.60491,-1.0,-1.0,-1
1.60491,1.604975,1.60488,1.604925,-1.0,-1.0,-1
1.604925,1.604965,1.604915,1.60492,-1.0,-1.0,-1
1.60492,1.60494,1.60491,1.604915,-1.0,-1.0,-1
1.604915,1.604965,1.60491,1.604935,-1.0,-1.0,-1
1.604935,1.605005,1.604925,1.60493,-1.0,-1.0,-1
1.60493,1.605015,1.60493,1.604975,-1.0,-1.0,-1
1.604975,1.60503,1.604965,1.60499,-1.0,-1.0,-1
1.60499,1.60506,1.60499,1.60502,-1.0,-1.0,-1
1.60502,1.605065,1.605,1.605025,-1.0,-1.0,-1
1.605025,1.60504,1.604985,1.604995,-1.0,-1.0,-1
1.604995,1.605035,1.604965,1.60499,-1.0,-1.0,-1
1.60499,1.605055,1.60499,1.60502,-1.0,-1.0,-1
1.60502,1.605045,1.605015,1.605025,-1.0,-1.0,-1
1.605025,1.60506,1.60501,1.605025,-1.0,-1.0,-1
1.605025,1.605055,1.604995,1.605005,-1.0,-1.0,-1
1.605005,1.60502,1.605,1.605,-1.0,-1.0,-1
1.605,1.60509,1.605,1.60505,-1.0,-1.0,-1
1.60505,1.60509,1.60505,1.605055,-1.0,-1.0,-1
1.605055,1.60512,1.605055,1.60508,-1.0,-1.0,-1
1.60508,1.605105,1.60506,1.605075,-1.0,-1.0,-1
1.605075,1.605115,1.60506,1.605085,-1.0,-1.0,-1
1.605085,1.605085,1.605075,1.605075,-1.0,-1.0,-1
1.605075,1.60516,1.605075,1.605075,-1.0,-1.0,-1
1.605075,1.60515,1.605075,1.605115,-1.0,-1.0,-1
1.605115,1.605135,1.60506,1.60506,-1.0,-1.0,-1
1.60506,1.605135,1.605055,1.605065,-1.0,-1.0,-1
1.605065,1.605095,1.605065,1.605085,-1.0,-1.0,-1
1.605085,1.605105,1.605065,1.605065,-1.0,-1.0,-1
1.605065,1.6051,1.605065,1.60507,-1.0,-1.0,-1
1.60507,1.605095,1.60506,1.605075,-1.0,-1.0,-1
1.605075,1.60516,1.605065,1.60513,-1.0,-1.0,-1
1.60513,1.605155,1.605115,1.60512,-1.0,-1.0,-1
1.60512,1.60515,1.60512,1.605125,-1.0,-1.0,-1
1.605125,1.605155,1.605125,1.60513,-1.0,-1.0,-1
1.60513,1.60515,1.6051,1.6051,-1.0,-1.0,-1
1.6051,1.605135,1.6051,1.60511,-1.0,-1.0,-1
1.60511,1.60515,1.60511,1.60513,-1.0,-1.0,-1
1.60513,1.60515,1.60512,1.605125,-1.0,-1.0,-1
1.605125,1.60521,1.605115,1.605165,-1.0,-1.0,-1
1.605165,1.60522,1.605145,1.605165,-1.0,-1.0,-1
1.605165,1.60521,1.605155,1.60519,-1.0,-1.0,-1
1.60519,1.60522,1.605165,1.6052,-1.0,-1.0,-1
1.6052,1.60531,1.6052,1.60526,-1.0,-1.0,-1
1.60526,1.605275,1.60524,1.60525,-1.0,-1.0,-1
1.60525,1.60527,1.605225,1.605225,-1.0,-1.0,-1
1.605225,1.605245,1.605215,1.60522,-1.0,-1.0,-1
1.60522,1.60523,1.60522,1.60523,-1.0,-1.0,-1
1.60523,1.60527,1.605205,1.605215,-1.0,-1.0,-1
1.605215,1.60522,1.605145,1.605145,-1.0,-1.0,-1
1.605145,1.605145,1.605135,1.605135,-1.0,-1.0,-1
1.605135,1.60514,1.6051,1.60511,-1.0,-1.0,-1
1.60511,1.60515,1.605105,1.605115,-1.0,-1.0,-1
1.605115,1.60514,1.605095,1.605095,-1.0,-1.0,-1
1.605095,1.605115,1.605065,1.605085,-1.0,-1.0,-1
1.605085,1.60513,1.605075,1.605075,-1.0,-1.0,-1
1.605075,1.605165,1.605075,1.60512,-1.0,-1.0,-1
1.60512,1.60515,1.605115,1.60512,-1.0,-1.0,-1
1.60512,1.605215,1.6051,1.60516,-1.0,-1.0,-1
1.60516,1.605195,1.605145,1.60516,-1.0,-1.0,-1
1.60516,1.60518,1.60513,1.605145,-1.0,-1.0,-1
1.605145,1.60516,1.60513,1.605145,-1.0,-1.0,-1
1.605145,1.60517,1.605135,1.605145,-1.0,-1.0,-1
1.605145,1.605175,1.605135,1.605145,-1.0,-1.0,-1
1.605145,1.605165,1.605125,1.605125,-1.0,-1.0,-1
1.605125,1.605155,1.60511,1.60513,-1.0,-1.0,-1
1.60513,1.605195,1.60512,1.60516,-1.0,-1.0,-1
1.60516,1.605205,1.605145,1.605175,-1.0,-1.0,-1
1.605175,1.605205,1.60517,1.60518,-1.0,-1.0,-1
1.60518,1.60525,1.60517,1.605215,-1.0,-1.0,-1
1.605215,1.60525,1.605165,1.605165,-1.0,-1.0,-1
1.605165,1.605225,1.60516,1.60519,-1.0,-1.0,-1
1.60519,1.605215,1.605155,1.60517,-1.0,-1.0,-1
1.60517,1.605205,1.60516,1.60517,-1.0,-1.0,-1
1.60517,1.60521,1.60517,1.605185,-1.0,-1.0,-1
1.605185,1.6052,1.60515,1.60516,-1.0,-1.0,-1
1.60516,1.605185,1.60515,1.605165,-1.0,-1.0,-1
1.605165,1.605185,1.605155,1.605155,-1.0,-1.0,-1
1.605155,1.605185,1.60515,1.60515,-1.0,-1.0,-1
1.60515,1.605185,1.60515,1.60515,-1.0,-1.0,-1
1.60515,1.605215,1.60515,1.605185,-1.0,-1.0,-1
1.605185,1.60521,1.605155,1.605165,-1.0,-1.0,-1
1.605165,1.6052,1.605155,1.605165,-1.0,-1.0,-1
1.605165,1.60518,1.605155,1.605165,-1.0,-1.0,-1
1.605165,1.60518,1.605165,1.60517,-1.0,-1.0,-1
1.60517,1.605225,1.605155,1.605215,-1.0,-1.0,-1
1.605215,1.60523,1.60517,1.60519,-1.0,-1.0,-1
1.60519,1.605215,1.60519,1.6052,-1.0,-1.0,-1
1.6052,1.60525,1.605195,1.6052,-1.0,-1.0,-1
1.6052,1.605215,1.605165,1.605165,-1.0,-1.0,-1
1.605165,1.60522,1.60516,1.605195,-1.0,-1.0,-1
1.605195,1.60523,1.605135,1.605135,-1.0,-1.0,-1
1.605135,1.605185,1.605135,1.60516,-1.0,-1.0,-1
1.60516,1.60518,1.605125,1.605125,-1.0,-1.0,-1
1.605125,1.60513,1.605115,1.60512,-1.0,-1.0,-1
1.60512,1.605155,1.60511,1.60513,-1.0,-1.0,-1
1.60513,1.60513,1.605125,1.605125,-1.0,-1.0,-1
1.605125,1.60518,1.605115,1.60512,-1.0,-1.0,-1
1.60512,1.60512,1.60508,1.6051,-1.0,-1.0,-1
1.6051,1.605135,1.605085,1.6051,-1.0,-1.0,-1
1.6051,1.60515,1.6051,1.6051,-1.0,-1.0,-1
1.6051,1.60512,1.6051,1.605105,-1.0,-1.0,-1
1.605105,1.60513,1.605105,1.60511,-1.0,-1.0,-1
1.60511,1.60514,1.60508,1.6051,-1.0,-1.0,-1
1.6051,1.60514,1.605085,1.605105,-1.0,-1.0,-1
1.605105,1.605115,1.6051,1.605115,-1.0,-1.0,-1
1.605115,1.605165,1.6051,1.605145,-1.0,-1.0,-1
1.605145,1.605165,1.605135,1.605155,-1.0,-1.0,-1
1.605155,1.60522,1.60515,1.605185,-1.0,-1.0,-1
1.605185,1.60524,1.605185,1.605185,-1.0,-1.0,-1
1.605185,1.60521,1.60517,1.605195,-1.0,-1.0,-1
1.605195,1.60522,1.60519,1.60519,-1.0,-1.0,-1
1.60519,1.60522,1.60515,1.605175,-1.0,-1.0,-1
1.605175,1.60521,1.60516,1.60516,-1.0,-1.0,-1
1.60516,1.6052,1.60516,1.60517,-1.0,-1.0,-1
1.60517,1.60517,1.605155,1.60517,-1.0,-1.0,-1
1.60517,1.605225,1.605155,1.6052,-1.0,-1.0,-1
1.6052,1.60524,1.60516,1.605225,-1.0,-1.0,-1
1.605225,1.60526,1.605215,1.605235,-1.0,-1.0,-1
1.605235,1.60525,1.605215,1.60522,-1.0,-1.0,-1
1.60522,1.60524,1.60521,1.60521,-1.0,-1.0,-1
1.60521,1.605235,1.605175,1.60521,-1.0,-1.0,-1
1.60521,1.60522,1.60517,1.605185,-1.0,-1.0,-1
1.605185,1.605185,1.605125,1.605125,-1.0,-1.0,-1
1.605125,1.60516,1.60512,1.60513,-1.0,-1.0,-1
1.60513,1.60516,1.605105,1.60515,-1.0,-1.0,-1
1.60515,1.60516,1.60513,1.60516,-1.0,-1.0,-1
1.60516,1.605215,1.60515,1.60516,-1.0,-1.0,-1
1.60516,1.605165,1.60513,1.605145,-1.0,-1.0,-1
1.605145,1.60516,1.60512,1.605135,-1.0,-1.0,-1
1.605135,1.60515,1.60511,1.60511,-1.0,-1.0,-1
1.60511,1.60511,1.605075,1.605085,-1.0,-1.0,-1
1.605085,1.605095,1.605065,1.605085,-1.0,-1.0,-1
1.605085,1.605105,1.60508,1.605095,-1.0,-1.0,-1
1.605095,1.605095,1.60509,1.605095,-1.0,-1.0,-1
1.605095,1.60511,1.60509,1.605105,-1.0,-1.0,-1
1.605105,1.60511,1.605085,1.6051,-1.0,-1.0,-1
1.6051,1.60511,1.6051,1.60511,-1.0,-1.0,-1
1.60511,1.60512,1.605105,1.605105,-1.0,-1.0,-1
1.605105,1.605115,1.605035,1.605055,-1.0,-1.0,-1
1.605055,1.60506,1.605035,1.605055,-1.0,-1.0,-1
1.605055,1.60508,1.60505,1.605065,-1.0,-1.0,-1
1.605065,1.60507,1.60506,1.60506,-1.0,-1.0,-1
1.60506,1.60507,1.60506,1.605065,-1.0,-1.0,-1
1.605065,1.60508,1.605065,1.60508,-1.0,-1.0,-1
1.60508,1.605085,1.605055,1.60507,-1.0,-1.0,-1
1.60507,1.60508,1.60506,1.60506,-1.0,-1.0,-1
1.60506,1.605105,1.60506,1.605095,-1.0,-1.0,-1
1.605095,1.605115,1.605055,1.605095,-1.0,-1.0,-1
1.605095,1.605105,1.60509,1.605095,-1.0,-1.0,-1
1.605095,1.605115,1.60506,1.605065,-1.0,-1.0,-1
1.605065,1.60507,1.60506,1.60506,-1.0,-1.0,-1
1.60506,1.60507,1.60506,1.60506,-1.0,-1.0,-1
1.60506,1.605065,1.60505,1.60505,-1.0,-1.0,-1
1.60505,1.60507,1.605035,1.605035,-1.0,-1.0,-1
1.605035,1.605055,1.605,1.60504,-1.0,-1.0,-1
1.60504,1.605045,1.605025,1.605045,-1.0,-1.0,-1
1.605045,1.605045,1.605005,1.605015,-1.0,-1.0,-1
1.605015,1.605025,1.605015,1.605025,-1.0,-1.0,-1
1.605025,1.60504,1.605025,1.605025,-1.0,-1.0,-1
1.605025,1.605045,1.60502,1.605035,-1.0,-1.0,-1
1.605035,1.60505,1.60503,1.60504,-1.0,-1.0,-1
1.60504,1.60507,1.60504,1.60506,-1.0,-1.0,-1
1.60506,1.605065,1.60504,1.60504,-1.0,-1.0,-1
1.60504,1.605065,1.60503,1.60505,-1.0,-1.0,-1
1.60505,1.605085,1.60505,1.60507,-1.0,-1.0,-1
1.60507,1.60509,1.60506,1.605065,-1.0,-1.0,-1
1.605065,1.60507,1.605065,1.60507,-1.0,-1.0,-1
1.60507,1.60507,1.60507,1.60507,-1.0,-1.0,-1
1.60507,1.605105,1.605065,1.605105,-1.0,-1.0,-1
1.605105,1.60512,1.605105,1.60512,-1.0,-1.0,-1
1.60512,1.605135,1.605105,1.60512,-1.0,-1.0,-1
1.60512,1.60512,1.60511,1.60511,-1.0,-1.0,-1
1.60511,1.605145,1.60509,1.6051,-1.0,-1.0,-1
1.6051,1.60513,1.60509,1.605105,-1.0,-1.0,-1
1.605105,1.605105,1.60509,1.6051,-1.0,-1.0,-1
1.6051,1.605105,1.60509,1.6051,-1.0,-1.0,-1
1.6051,1.605105,1.60508,1.6051,-1.0,-1.0,-1
1.6051,1.6051,1.605095,1.6051,-1.0,-1.0,-1
1.6051,1.6051,1.605065,1.605065,-1.0,-1.0,-1
1.605065,1.60507,1.60505,1.60505,-1.0,-1.0,-1
1.60505,1.605065,1.60505,1.605055,-1.0,-1.0,-1
1.605055,1.605085,1.605045,1.60505,-1.0,-1.0,-1
1.60505,1.60507,1.60504,1.60504,-1.0,-1.0,-1
1.60504,1.605055,1.60503,1.60503,-1.0,-1.0,-1
1.60503,1.605035,1.60502,1.605035,-1.0,-1.0,-1
1.605035,1.60504,1.605025,1.605025,-1.0,-1.0,-1
1.605025,1.605095,1.605025,1.60505,-1.0,-1.0,-1
1.60505,1.605055,1.60502,1.60503,-1.0,-1.0,-1
1.60503,1.60504,1.60495,1.60496,-1.0,-1.0,-1
1.60496,1.60497,1.604905,1.60491,-1.0,-1.0,-1
1.60491,1.60493,1.604905,1.60493,-1.0,-1.0,-1
1.60493,1.60493,1.60489,1.60489,-1.0,-1.0,-1
1.60489,1.604985,1.604845,1.60496,-1.0,-1.0,-1
1.60496,1.60497,1.604955,1.604955,-1.0,-1.0,-1
1.604955,1.604995,1.604955,1.604995,-1.0,-1.0,-1
1.604995,1.604995,1.604985,1.604985,-1.0,-1.0,-1
1.604985,1.604985,1.604985,1.604985,-1.0,-1.0,-1
1.604985,1.604985,1.604965,1.60497,-1.0,-1.0,-1
1.60497,1.60504,1.604965,1.604995,-1.0,-1.0,-1
1.604995,1.60503,1.604985,1.605025,-1.0,-1.0,-1
1.605025,1.60504,1.604995,1.60501,-1.0,-1.0,-1
1.60501,1.60501,1.60499,1.604995,-1.0,-1.0,-1
1.604995,1.605005,1.60498,1.604985,-1.0,-1.0,-1
1.604985,1.604995,1.604985,1.60499,-1.0,-1.0,-1
1.60499,1.605,1.60499,1.605,-1.0,-1.0,-1
1.605,1.605,1.60497,1.60499,-1.0,-1.0,-1
1.60499,1.60499,1.604975,1.604975,-1.0,-1.0,-1
1.604975,1.604985,1.60497,1.604975,-1.0,-1.0,-1
1.604975,1.605035,1.604975,1.605025,-1.0,-1.0,-1
1.605025,1.605025,1.605015,1.605015,-1.0,-1.0,-1
1.605015,1.605015,1.605,1.605005,-1.0,-1.0,-1
1.605005,1.605015,1.605,1.605005,-1.0,-1.0,-1
1.605005,1.605005,1.605,1.605005,-1.0,-1.0,-1
1.605005,1.605015,1.60496,1.60496,-1.0,-1.0,-1
1.60496,1.605025,1.604955,1.60502,-1.0,-1.0,-1
1.60502,1.60502,1.60502,1.60502,-1.0,-1.0,-1
1.60502,1.605035,1.60502,1.60503,-1.0,-1.0,-1
1.60503,1.60503,1.605,1.605015,-1.0,-1.0,-1
1.605015,1.605035,1.605005,1.60501,-1.0,-1.0,-1
1.60501,1.60501,1.605005,1.60501,-1.0,-1.0,-1
1.60501,1.605015,1.605005,1.60501,-1.0,-1.0,-1
1.60501,1.605025,1.605,1.605005,-1.0,-1.0,-1
1.605005,1.60504,1.605,1.605035,-1.0,-1.0,-1
1.605035,1.605045,1.604985,1.604985,-1.0,-1.0,-1
1.604985,1.604985,1.604985,1.604985,-1.0,-1.0,-1
1.604985,1.604985,1.604985,1.604985,-1.0,-1.0,-1
1.604985,1.604985,1.60494,1.604965,-1.0,-1.0,-1
1.604965,1.604995,1.604965,1.604995,-1.0,-1.0,-1
1.604995,1.605015,1.60499,1.604995,-1.0,-1.0,-1
1.604995,1.605005,1.60499,1.605005,-1.0,-1.0,-1
1.605005,1.605005,1.605,1.605005,-1.0,-1.0,-1
1.605005,1.605005,1.605,1.605005,-1.0,-1.0,-1
1.605005,1.605035,1.605,1.605035,-1.0,-1.0,-1
1.605035,1.605045,1.605035,1.605035,-1.0,-1.0,-1
1.605035,1.605035,1.605015,1.60502,-1.0,-1.0,-1
1.60502,1.605025,1.60501,1.605015,-1.0,-1.0,-1
1.605015,1.60506,1.60501,1.60504,-1.0,-1.0,-1
1.60504,1.60506,1.60504,1.605055,-1.0,-1.0,-1
1.605055,1.60506,1.605045,1.605045,-1.0,-1.0,-1
1.605045,1.605045,1.605035,1.605045,-1.0,-1.0,-1
1.605045,1.605055,1.60503,1.605045,-1.0,-1.0,-1
1.605045,1.6051,1.605045,1.6051,-1.0,-1.0,-1
1.6051,1.605115,1.60508,1.605085,-1.0,-1.0,-1
1.605085,1.60511,1.60508,1.605085,-1.0,-1.0,-1
1.605085,1.6051,1.60508,1.6051,-1.0,-1.0,-1
1.6051,1.605105,1.60508,1.605105,-1.0,-1.0,-1
1.605105,1.605105,1.605105,1.605105,-1.0,-1.0,-1
1.605105,1.605185,1.6051,1.605185,-1.0,-1.0,-1
1.605185,1.605185,1.605145,1.60518,-1.0,-1.0,-1
1.60518,1.605185,1.60514,1.60516,-1.0,-1.0,-1
1.60516,1.60518,1.60515,1.60517,-1.0,-1.0,-1
1.60517,1.60518,1.60515,1.60517,-1.0,-1.0,-1
1.60517,1.60517,1.60515,1.60515,-1.0,-1.0,-1
1.60515,1.60517,1.60515,1.60517,-1.0,-1.0,-1
1.60517,1.60519,1.60516,1.60519,-1.0,-1.0,-1
1.60519,1.60519,1.60513,1.605145,-1.0,-1.0,-1
1.605145,1.605155,1.605135,1.60515,-1.0,-1.0,-1
1.60515,1.60519,1.60515,1.60519,-1.0,-1.0,-1
1.60519,1.605195,1.60517,1.605195,-1.0,-1.0,-1
1.605195,1.60521,1.60517,1.605195,-1.0,-1.0,-1
1.605195,1.60523,1.605175,1.605225,-1.0,-1.0,-1
1.605225,1.60525,1.60521,1.60525,-1.0,-1.0,-1
1.60525,1.60525,1.60525,1.60525,-1.0,-1.0,-1
1.60525,1.605265,1.60525,1.605255,-1.0,-1.0,-1
1.605255,1.60527,1.60525,1.605265,-1.0,-1.0,-1
1.605265,1.605265,1.60525,1.60526,-1.0,-1.0,-1
1.60526,1.60526,1.60523,1.60525,-1.0,-1.0,-1
1.60525,1.60525,1.60525,1.60525,-1.0,-1.0,-1
1.60525,1.60525,1.605225,1.60523,-1.0,-1.0,-1
1.60523,1.605235,1.605195,1.605205,-1.0,-1.0,-1
1.605205,1.60524,1.6052,1.60523,-1.0,-1.0,-1
1.60523,1.605235,1.605215,1.60523,-1.0,-1.0,-1
1.60523,1.6053,1.605225,1.605285,-1.0,-1.0,-1
1.605285,1.6053,1.60525,1.605265,-1.0,-1.0,-1
1.605265,1.605275,1.605235,1.605235,-1.0,-1.0,-1
1.605235,1.60524,1.60517,1.605175,-1.0,-1.0,-1
1.605175,1.605175,1.60513,1.605155,-1.0,-1.0,-1
1.605155,1.60517,1.60515,1.605165,-1.0,-1.0,-1
1.605165,1.605185,1.605155,1.605155,-1.0,-1.0,-1
1.605155,1.605165,1.605155,1.605165,-1.0,-1.0,-1
1.605165,1.605165,1.605155,1.605165,-1.0,-1.0,-1
1.605165,1.60517,1.60516,1.605165,-1.0,-1.0,-1
1.605165,1.60519,1.605135,1.605185,-1.0,-1.0,-1
1.605185,1.605195,1.60518,1.605195,-1.0,-1.0,-1
1.605195,1.60522,1.605195,1.60522,-1.0,-1.0,-1
1.60522,1.60522,1.605195,1.605195,-1.0,-1.0,-1
1.605195,1.605215,1.605185,1.605185,-1.0,-1.0,-1
1.605185,1.60519,1.605165,1.60519,-1.0,-1.0,-1
1.60519,1.605215,1.60519,1.60521,-1.0,-1.0,-1
1.60521,1.60521,1.605195,1.605195,-1.0,-1.0,-1
1.605195,1.60521,1.60519,1.60521,-1.0,-1.0,-1
1.60521,1.60521,1.605175,1.60519,-1.0,-1.0,-1
1.60519,1.60525,1.60519,1.60525,-1.0,-1.0,-1
1.60525,1.605335,1.605245,1.605285,-1.0,-1.0,-1
1.605285,1.6053,1.60525,1.60525,-1.0,-1.0,-1
1.60525,1.605295,1.60525,1.605285,-1.0,-1.0,-1
1.605285,1.6053,1.60525,1.60528,-1.0,-1.0,-1
1.60528,1.60535,1.60526,1.605315,-1.0,-1.0,-1
1.605315,1.60538,1.6053,1.605365,-1.0,-1.0,-1
1.605365,1.60543,1.60535,1.60537,-1.0,-1.0,-1
1.60537,1.60545,1.605365,1.60544,-1.0,-1.0,-1
1.60544,1.60545,1.60539,1.60539,-1.0,-1.0,-1
1.60539,1.60542,1.605385,1.605405,-1.0,-1.0,-1
1.605405,1.60543,1.605405,1.60542,-1.0,-1.0,-1
1.60542,1.60544,1.6054,1.60543,-1.0,-1.0,-1
1.60543,1.60543,1.605345,1.605375,-1.0,-1.0,-1
1.605375,1.6054,1.605345,1.60537,-1.0,-1.0,-1
1.60537,1.60539,1.605355,1.605385,-1.0,-1.0,-1
1.605385,1.605455,1.605375,1.605425,-1.0,-1.0,-1
1.605425,1.605435,1.605415,1.60542,-1.0,-1.0,-1
1.60542,1.60547,1.60542,1.605465,-1.0,-1.0,-1
1.605465,1.605495,1.60543,1.605475,-1.0,-1.0,-1
1.605475,1.605535,1.60547,1.605535,-1.0,-1.0,-1
1.605535,1.60554,1.605455,1.60546,-1.0,-1.0,-1
1.60546,1.60553,1.60544,1.605505,-1.0,-1.0,-1
1.605505,1.60552,1.605475,1.60552,-1.0,-1.0,-1
1.60552,1.605535,1.60551,1.60553,-1.0,-1.0,-1
1.60553,1.60559,1.60551,1.60557,-1.0,-1.0,-1
1.60557,1.60558,1.605515,1.605525,-1.0,-1.0,-1
1.605525,1.605545,1.6055,1.605535,-1.0,-1.0,-1
1.605535,1.605565,1.60551,1.605525,-1.0,-1.0,-1
1.605525,1.605525,1.60551,1.60552,-1.0,-1.0,-1
1.60552,1.605615,1.605515,1.60561,-1.0,-1.0,-1
1.60561,1.60563,1.605565,1.605565,-1.0,-1.0,-1
1.605565,1.60559,1.605555,1.60557,-1.0,-1.0,-1
1.60557,1.605575,1.60555,1.60556,-1.0,-1.0,-1
1.60556,1.60556,1.60554,1.60555,-1.0,-1.0,-1
1.60555,1.60555,1.60554,1.60554,-1.0,-1.0,-1
1.60554,1.605605,1.60554,1.6056,-1.0,-1.0,-1
1.6056,1.6056,1.60551,1.605535,-1.0,-1.0,-1
1.605535,1.60555,1.60552,1.60555,-1.0,-1.0,-1
1.60555,1.605555,1.60553,1.605535,-1.0,-1.0,-1
1.605535,1.605555,1.605535,1.605555,-1.0,-1.0,-1
1.605555,1.60558,1.60554,1.60558,-1.0,-1.0,-1
1.60558,1.60561,1.605565,1.60561,-1.0,-1.0,-1
1.60561,1.6057,1.605605,1.605675,-1.0,-1.0,-1
1.605675,1.6057,1.605645,1.60569,-1.0,-1.0,-1
1.60569,1.60569,1.60564,1.60564,-1.0,-1.0,-1
1.60564,1.60567,1.60564,1.605665,-1.0,-1.0,-1
1.605665,1.60567,1.605615,1.605635,-1.0,-1.0,-1
1.605635,1.60569,1.60563,1.60569,-1.0,-1.0,-1
1.60569,1.60572,1.60559,1.60559,-1.0,-1.0,-1
1.60559,1.60564,1.60559,1.60564,-1.0,-1.0,-1
1.60564,1.60565,1.605585,1.605595,-1.0,-1.0,-1
1.605595,1.60565,1.60559,1.605645,-1.0,-1.0,-1
1.605645,1.605725,1.60564,1.60572,-1.0,-1.0,-1
1.60572,1.605725,1.60572,1.605725,-1.0,-1.0,-1
1.605725,1.605735,1.605705,1.60573,-1.0,-1.0,-1
1.60573,1.60576,1.60573,1.605735,-1.0,-1.0,-1
1.605735,1.605735,1.605655,1.605665,-1.0,-1.0,-1
1.605665,1.60568,1.605645,1.60567,-1.0,-1.0,-1
1.60567,1.60569,1.60567,1.605675,-1.0,-1.0,-1
1.605675,1.605685,1.605665,1.605665,-1.0,-1.0,-1
1.605665,1.60568,1.6056,1.60562,-1.0,-1.0,-1
1.60562,1.60566,1.60562,1.60563,-1.0,-1.0,-1
1.60563,1.605645,1.605615,1.60562,-1.0,-1.0,-1
1.60562,1.60565,1.605615,1.605625,-1.0,-1.0,-1
1.605625,1.605675,1.605615,1.60567,-1.0,-1.0,-1
1.60567,1.605675,1.605605,1.605605,-1.0,-1.0,-1
1.605605,1.60562,1.605605,1.605605,-1.0,-1.0,-1
1.605605,1.60561,1.605605,1.60561,-1.0,-1.0,-1
1.60561,1.60562,1.60561,1.60562,-1.0,-1.0,-1
1.60562,1.60566,1.60561,1.605615,-1.0,-1.0,-1
1.605615,1.605615,1.605605,1.60561,-1.0,-1.0,-1
1.60561,1.60572,1.60561,1.605715,-1.0,-1.0,-1
1.605715,1.605715,1.605675,1.605675,-1.0,-1.0,-1
1.605675,1.60568,1.605665,1.605665,-1.0,-1.0,-1
1.605665,1.60568,1.605665,1.605675,-1.0,-1.0,-1
1.605675,1.60568,1.605665,1.605665,-1.0,-1.0,-1
1.605665,1.60567,1.6056,1.605605,-1.0,-1.0,-1
1.605605,1.605605,1.6056,1.6056,-1.0,-1.0,-1
1.6056,1.6056,1.605585,1.605585,-1.0,-1.0,-1
1.605585,1.605625,1.605585,1.60562,-1.0,-1.0,-1
1.60562,1.60562,1.60561,1.605615,-1.0,-1.0,-1
1.605615,1.605615,1.6056,1.6056,-1.0,-1.0,-1
1.6056,1.60567,1.6056,1.605645,-1.0,-1.0,-1
1.605645,1.60569,1.605645,1.60568,-1.0,-1.0,-1
1.60568,1.605685,1.60564,1.60564,-1.0,-1.0,-1
1.60564,1.60564,1.60564,1.60564,-1.0,-1.0,-1
1.60564,1.605715,1.60563,1.605675,-1.0,-1.0,-1
1.605675,1.60569,1.605675,1.60569,-1.0,-1.0,-1
1.60569,1.605735,1.60569,1.605705,-1.0,-1.0,-1
1.605705,1.60571,1.60569,1.605705,-1.0,-1.0,-1
1.605705,1.605715,1.60569,1.605705,-1.0,-1.0,-1
1.605705,1.605715,1.60569,1.60569,-1.0,-1.0,-1
1.60569,1.60572,1.60569,1.60572,-1.0,-1.0,-1
1.60572,1.605745,1.60572,1.60574,-1.0,-1.0,-1
1.60574,1.60575,1.60571,1.605715,-1.0,-1.0,-1
1.605715,1.605715,1.6057,1.605705,-1.0,-1.0,-1
1.605705,1.60573,1.60569,1.605705,-1.0,-1.0,-1
1.605705,1.605705,1.605685,1.605685,-1.0,-1.0,-1
1.605685,1.605765,1.605675,1.605725,-1.0,-1.0,-1
1.605725,1.605785,1.605725,1.605785,-1.0,-1.0,-1
1.605785,1.605795,1.605765,1.605785,-1.0,-1.0,-1
1.605785,1.60579,1.60577,1.60577,-1.0,-1.0,-1
1.60577,1.605795,1.60577,1.605775,-1.0,-1.0,-1
1.605775,1.605825,1.60577,1.60581,-1.0,-1.0,-1
1.60581,1.605895,1.60581,1.60587,-1.0,-1.0,-1
1.60587,1.605885,1.60587,1.60588,-1.0,-1.0,-1
1.60588,1.60589,1.605855,1.605875,-1.0,-1.0,-1
1.605875,1.60589,1.60586,1.60587,-1.0,-1.0,-1
1.60587,1.605885,1.60584,1.60587,-1.0,-1.0,-1
1.60587,1.605905,1.60587,1.60589,-1.0,-1.0,-1
1.60589,1.605905,1.60587,1.605885,-1.0,-1.0,-1
1.605885,1.605895,1.60583,1.60587,-1.0,-1.0,-1
1.60587,1.605905,1.605865,1.6059,-1.0,-1.0,-1
1.6059,1.605905,1.60586,1.60586,-1.0,-1.0,-1
1.60586,1.60587,1.605825,1.605825,-1.0,-1.0,-1
1.605825,1.60586,1.60582,1.605825,-1.0,-1.0,-1
1.605825,1.60585,1.60582,1.605825,-1.0,-1.0,-1
1.605825,1.605835,1.60582,1.60582,-1.0,-1.0,-1
1.60582,1.60585,1.60582,1.60582,-1.0,-1.0,-1
1.60582,1.605855,1.60581,1.60583,-1.0,-1.0,-1
1.60583,1.605855,1.605825,1.60583,-1.0,-1.0,-1
1.60583,1.605855,1.605805,1.605815,-1.0,-1.0,-1
1.605815,1.6059,1.605815,1.605875,-1.0,-1.0,-1
1.605875,1.6059,1.60585,1.60587,-1.0,-1.0,-1
1.60587,1.60588,1.60584,1.60584,-1.0,-1.0,-1
1.60584,1.60588,1.60584,1.60588,-1.0,-1.0,-1
1.60588,1.6059,1.60587,1.605885,-1.0,-1.0,-1
1.605885,1.605885,1.605785,1.60583,-1.0,-1.0,-1
1.60583,1.60584,1.605805,1.605815,-1.0,-1.0,-1
1.605815,1.60583,1.60578,1.60581,-1.0,-1.0,-1
1.60581,1.605815,1.60575,1.60578,-1.0,-1.0,-1
1.60578,1.60579,1.60578,1.60579,-1.0,-1.0,-1
1.60579,1.605825,1.60577,1.605805,-1.0,-1.0,-1
1.605805,1.605815,1.605775,1.6058,-1.0,-1.0,-1
1.6058,1.6058,1.60573,1.605745,-1.0,-1.0,-1
1.605745,1.60576,1.60569,1.605705,-1.0,-1.0,-1
1.605705,1.60574,1.605665,1.605665,-1.0,-1.0,-1
1.605665,1.605705,1.605645,1.605705,-1.0,-1.0,-1
1.605705,1.605705,1.60567,1.60568,-1.0,-1.0,-1
1.60568,1.6057,1.60567,1.6057,-1.0,-1.0,-1
1.6057,1.6057,1.605595,1.60562,-1.0,-1.0,-1
1.60562,1.60563,1.60561,1.605615,-1.0,-1.0,-1
1.605615,1.60562,1.60559,1.6056,-1.0,-1.0,-1
1.6056,1.60562,1.605575,1.605575,-1.0,-1.0,-1
1.605575,1.60559,1.60552,1.605535,-1.0,-1.0,-1
1.605535,1.605545,1.60552,1.60553,-1.0,-1.0,-1
1.60553,1.60554,1.605465,1.60548,-1.0,-1.0,-1
1.60548,1.60551,1.605475,1.605505,-1.0,-1.0,-1
1.605505,1.60551,1.605475,1.60549,-1.0,-1.0,-1
1.60549,1.6055,1.60547,1.60549,-1.0,-1.0,-1
1.60549,1.605505,1.605485,1.605495,-1.0,-1.0,-1
1.605495,1.60551,1.605495,1.60551,-1.0,-1.0,-1
1.60551,1.605525,1.6055,1.605515,-1.0,-1.0,-1
1.605515,1.60552,1.605485,1.6055,-1.0,-1.0,-1
1.6055,1.60554,1.60548,1.60554,-1.0,-1.0,-1
1.60554,1.605545,1.60548,1.60548,-1.0,-1.0,-1
1.60548,1.605535,1.60547,1.60551,-1.0,-1.0,-1
1.60551,1.605525,1.6055,1.60552,-1.0,-1.0,-1
1.60552,1.60552,1.60546,1.60548,-1.0,-1.0,-1
1.60548,1.60551,1.60548,1.60551,-1.0,-1.0,-1
1.60551,1.605555,1.605495,1.605555,-1.0,-1.0,-1
1.605555,1.605575,1.60553,1.605575,-1.0,-1.0,-1
1.605575,1.60558,1.60556,1.60556,-1.0,-1.0,-1
1.60556,1.605655,1.60556,1.605655,-1.0,-1.0,-1
1.605655,1.605655,1.605635,1.605655,-1.0,-1.0,-1
1.605655,1.605665,1.605645,1.60565,-1.0,-1.0,-1
1.60565,1.605685,1.605645,1.60565,-1.0,-1.0,-1
1.60565,1.60566,1.60565,1.60565,-1.0,-1.0,-1
1.60565,1.60565,1.60564,1.605645,-1.0,-1.0,-1
1.605645,1.60569,1.60563,1.605675,-1.0,-1.0,-1
1.605675,1.605685,1.60564,1.60567,-1.0,-1.0,-1
1.60567,1.60568,1.60563,1.60563,-1.0,-1.0,-1
1.60563,1.605655,1.60563,1.605645,-1.0,-1.0,-1
1.605645,1.60565,1.60563,1.60565,-1.0,-1.0,-1
1.60565,1.605655,1.60564,1.60565,-1.0,-1.0,-1
1.60565,1.605665,1.605625,1.605625,-1.0,-1.0,-1
1.605625,1.60563,1.6056,1.605625,-1.0,-1.0,-1
1.605625,1.605625,1.6056,1.605615,-1.0,-1.0,-1
1.605615,1.60563,1.60561,1.605615,-1.0,-1.0,-1
1.605615,1.60564,1.60561,1.605635,-1.0,-1.0,-1
1.605635,1.60564,1.6056,1.6056,-1.0,-1.0,-1
1.6056,1.60561,1.60558,1.60559,-1.0,-1.0,-1
1.60559,1.6056,1.605525,1.605535,-1.0,-1.0,-1
1.605535,1.6056,1.605525,1.6056,-1.0,-1.0,-1
1.6056,1.6056,1.60548,1.605485,-1.0,-1.0,-1
1.605485,1.60557,1.60546,1.605545,-1.0,-1.0,-1
1.605545,1.605545,1.60551,1.60551,-1.0,-1.0,-1
1.60551,1.60554,1.60551,1.60553,-1.0,-1.0,-1
1.60553,1.605565,1.60552,1.60553,-1.0,-1.0,-1
1.60553,1.60556,1.605515,1.605525,-1.0,-1.0,-1
1.605525,1.60555,1.605515,1.60555,-1.0,-1.0,-1
1.60555,1.60556,1.605535,1.60555,-1.0,-1.0,-1
1.60555,1.60555,1.60552,1.60553,-1.0,-1.0,-1
1.60553,1.60554,1.605465,1.605485,-1.0,-1.0,-1
1.605485,1.6055,1.605475,1.60548,-1.0,-1.0,-1
1.60548,1.605555,1.60547,1.60552,-1.0,-1.0,-1
1.60552,1.605545,1.60548,1.605525,-1.0,-1.0,-1
1.605525,1.60557,1.605515,1.60557,-1.0,-1.0,-1
1.60557,1.60559,1.60551,1.60551,-1.0,-1.0,-1
1.60551,1.60554,1.60551,1.60552,-1.0,-1.0,-1
1.60552,1.605595,1.6055,1.60557,-1.0,-1.0,-1
1.60557,1.605585,1.605555,1.60556,-1.0,-1.0,-1
1.60556,1.605595,1.60556,1.60558,-1.0,-1.0,-1
1.60558,1.605595,1.605565,1.60558,-1.0,-1.0,-1
1.60558,1.60561,1.60558,1.60559,-1.0,-1.0,-1
1.60559,1.6056,1.605575,1.6056,-1.0,-1.0,-1
1.6056,1.60562,1.60557,1.60561,-1.0,-1.0,-1
1.60561,1.605615,1.60558,1.60558,-1.0,-1.0,-1
1.60558,1.605615,1.60557,1.6056,-1.0,-1.0,-1
1.6056,1.60568,1.6056,1.605665,-1.0,-1.0,-1
1.605665,1.60567,1.60563,1.605645,-1.0,-1.0,-1
1.605645,1.605645,1.60562,1.605635,-1.0,-1.0,-1
1.605635,1.605635,1.605605,1.60561,-1.0,-1.0,-1
1.60561,1.605615,1.605545,1.605585,-1.0,-1.0,-1
1.605585,1.605595,1.605575,1.605575,-1.0,-1.0,-1
1.605575,1.605595,1.60557,1.60559,-1.0,-1.0,-1
1.60559,1.605675,1.60559,1.60566,-1.0,-1.0,-1
1.60566,1.605675,1.60566,1.60567,-1.0,-1.0,-1
1.60567,1.60568,1.605635,1.605635,-1.0,-1.0,-1
1.605635,1.605645,1.6056,1.605615,-1.0,-1.0,-1
1.605615,1.60569,1.60561,1.60567,-1.0,-1.0,-1
1.60567,1.6057,1.60566,1.60566,-1.0,-1.0,-1
1.60566,1.6057,1.605655,1.60568,-1.0,-1.0,-1
1.60568,1.60569,1.60568,1.60568,-1.0,-1.0,-1
1.60568,1.605685,1.605645,1.605655,-1.0,-1.0,-1
1.605655,1.605675,1.605645,1.60567,-1.0,-1.0,-1
1.60567,1.6057,1.60566,1.6057,-1.0,-1.0,-1
1.6057,1.60572,1.60565,1.60569,-1.0,-1.0,-1
1.60569,1.60569,1.605665,1.60568,-1.0,-1.0,-1
1.60568,1.60575,1.60567,1.60575,-1.0,-1.0,-1
1.60575,1.605775,1.605735,1.605745,-1.0,-1.0,-1
1.605745,1.60576,1.605695,1.60571,-1.0,-1.0,-1
1.60571,1.60571,1.60559,1.605595,-1.0,-1.0,-1
1.605595,1.60562,1.605575,1.6056,-1.0,-1.0,-1
1.6056,1.6056,1.60553,1.605585,-1.0,-1.0,-1
1.605585,1.60561,1.60557,1.60559,-1.0,-1.0,-1
1.60559,1.605615,1.60559,1.60561,-1.0,-1.0,-1
1.60561,1.605635,1.60556,1.605575,-1.0,-1.0,-1
1.605575,1.6056,1.605565,1.605585,-1.0,-1.0,-1
1.605585,1.6056,1.605585,1.605585,-1.0,-1.0,-1
1.605585,1.60563,1.60555,1.60561,-1.0,-1.0,-1
1.60561,1.60564,1.60558,1.605625,-1.0,-1.0,-1
1.605625,1.605635,1.6056,1.60563,-1.0,-1.0,-1
1.60563,1.605655,1.605615,1.60565,-1.0,-1.0,-1
1.60565,1.605675,1.60557,1.6056,-1.0,-1.0,-1
1.6056,1.60561,1.605585,1.60559,-1.0,-1.0,-1
1.60559,1.6056,1.605585,1.6056,-1.0,-1.0,-1
1.6056,1.605615,1.6056,1.6056,-1.0,-1.0,-1
1.6056,1.605625,1.605585,1.605625,-1.0,-1.0,-1
1.605625,1.605625,1.605615,1.605625,-1.0,-1.0,-1
1.605625,1.605625,1.60559,1.60559,-1.0,-1.0,-1
1.60559,1.6056,1.60557,1.60558,-1.0,-1.0,-1
1.60558,1.6056,1.605525,1.60553,-1.0,-1.0,-1
1.60553,1.60561,1.605525,1.60561,-1.0,-1.0,-1
1.60561,1.605655,1.605605,1.605655,-1.0,-1.0,-1
1.605655,1.60567,1.60565,1.60566,-1.0,-1.0,-1
1.60566,1.60569,1.605615,1.60569,-1.0,-1.0,-1
1.60569,1.60569,1.605675,1.60568,-1.0,-1.0,-1
1.60568,1.60569,1.605655,1.605655,-1.0,-1.0,-1
1.605655,1.60566,1.605635,1.605635,-1.0,-1.0,-1
1.605635,1.605655,1.605605,1.605645,-1.0,-1.0,-1
1.605645,1.605665,1.60562,1.60565,-1.0,-1.0,-1
1.60565,1.605655,1.605635,1.605655,-1.0,-1.0,-1
1.605655,1.605655,1.605625,1.605645,-1.0,-1.0,-1
1.605645,1.605645,1.605635,1.605635,-1.0,-1.0,-1
1.605635,1.605685,1.60563,1.605685,-1.0,-1.0,-1
1.605685,1.60571,1.605685,1.605705,-1.0,-1.0,-1
1.605705,1.605715,1.605645,1.605655,-1.0,-1.0,-1
1.605655,1.605675,1.60563,1.60564,-1.0,-1.0,-1
1.60564,1.60565,1.605615,1.605625,-1.0,-1.0,-1
1.605625,1.605635,1.605625,1.605635,-1.0,-1.0,-1
1.605635,1.60564,1.6056,1.60564,-1.0,-1.0,-1
1.60564,1.605675,1.605635,1.60565,-1.0,-1.0,-1
1.60565,1.60565,1.60558,1.60558,-1.0,-1.0,-1
1.60558,1.6056,1.605565,1.60557,-1.0,-1.0,-1
1.60557,1.60559,1.60556,1.605585,-1.0,-1.0,-1
1.605585,1.605615,1.60558,1.60561,-1.0,-1.0,-1
1.60561,1.605635,1.605605,1.605635,-1.0,-1.0,-1
1.605635,1.605635,1.60561,1.60562,-1.0,-1.0,-1
1.60562,1.60562,1.605585,1.605615,-1.0,-1.0,-1
1.605615,1.605645,1.60561,1.60564,-1.0,-1.0,-1
1.60564,1.605645,1.605635,1.605645,-1.0,-1.0,-1
1.605645,1.60568,1.60564,1.60567,-1.0,-1.0,-1
1.60567,1.605675,1.60564,1.60565,-1.0,-1.0,-1
1.60565,1.605665,1.60556,1.605615,-1.0,-1.0,-1
1.605615,1.60565,1.60561,1.60563,-1.0,-1.0,-1
1.60563,1.605655,1.60563,1.605655,-1.0,-1.0,-1
1.605655,1.60568,1.605635,1.605675,-1.0,-1.0,-1
1.605675,1.60568,1.605655,1.60566,-1.0,-1.0,-1
1.60566,1.605685,1.605655,1.60567,-1.0,-1.0,-1
1.60567,1.605685,1.605665,1.60568,-1.0,-1.0,-1
1.60568,1.6057,1.605675,1.6057,-1.0,-1.0,-1
1.6057,1.6057,1.60561,1.605655,-1.0,-1.0,-1
1.605655,1.605655,1.6056,1.605635,-1.0,-1.0,-1
1.605635,1.605635,1.605575,1.605575,-1.0,-1.0,-1
1.605575,1.60558,1.605575,1.605575,-1.0,-1.0,-1
1.605575,1.605585,1.605575,1.60558,-1.0,-1.0,-1
1.60558,1.6056,1.60558,1.60558,-1.0,-1.0,-1
1.60558,1.6056,1.60558,1.6056,-1.0,-1.0,-1
1.6056,1.605625,1.6056,1.605615,-1.0,-1.0,-1
1.605615,1.605635,1.60561,1.605635,-1.0,-1.0,-1
1.605635,1.60564,1.605635,1.605635,-1.0,-1.0,-1
1.605635,1.605695,1.605635,1.605695,-1.0,-1.0,-1
1.605695,1.605695,1.605655,1.60569,-1.0,-1.0,-1
1.60569,1.60569,1.605635,1.605655,-1.0,-1.0,-1
1.605655,1.60567,1.60565,1.60565,-1.0,-1.0,-1
1.60565,1.60567,1.60564,1.60566,-1.0,-1.0,-1
1.60566,1.60566,1.605645,1.605645,-1.0,-1.0,-1
1.605645,1.605655,1.60561,1.605615,-1.0,-1.0,-1
1.605615,1.605625,1.60559,1.605625,-1.0,-1.0,-1
1.605625,1.60565,1.60561,1.60563,-1.0,-1.0,-1
1.60563,1.60563,1.6055,1.6055,-1.0,-1.0,-1
1.6055,1.605505,1.605435,1.605445,-1.0,-1.0,-1
1.605445,1.605465,1.60544,1.605465,-1.0,-1.0,-1
1.605465,1.605475,1.605405,1.605405,-1.0,-1.0,-1
1.605405,1.60541,1.60535,1.605355,-1.0,-1.0,-1
1.605355,1.60537,1.60532,1.60535,-1.0,-1.0,-1
1.60535,1.60535,1.605325,1.605325,-1.0,-1.0,-1
1.605325,1.605365,1.605325,1.605355,-1.0,-1.0,-1
1.605355,1.605355,1.605325,1.60534,-1.0,-1.0,-1
1.60534,1.60535,1.60533,1.60535,-1.0,-1.0,-1
1.60535,1.60538,1.605305,1.605355,-1.0,-1.0,-1
1.605355,1.605385,1.60535,1.60538,-1.0,-1.0,-1
1.60538,1.605405,1.60538,1.6054,-1.0,-1.0,-1
1.6054,1.605415,1.6054,1.60541,-1.0,-1.0,-1
1.60541,1.605425,1.60537,1.60538,-1.0,-1.0,-1
1.60538,1.60542,1.60538,1.605415,-1.0,-1.0,-1
1.605415,1.60544,1.605405,1.60541,-1.0,-1.0,-1
1.60541,1.605415,1.60541,1.60541,-1.0,-1.0,-1
1.60541,1.605415,1.60538,1.60539,-1.0,-1.0,-1
1.60539,1.6054,1.60538,1.605385,-1.0,-1.0,-1
1.605385,1.60539,1.605365,1.60538,-1.0,-1.0,-1
1.60538,1.60538,1.605315,1.60536,-1.0,-1.0,-1
1.60536,1.60537,1.60533,1.605355,-1.0,-1.0,-1
1.605355,1.60537,1.60534,1.60535,-1.0,-1.0,-1
1.60535,1.60535,1.60531,1.60533,-1.0,-1.0,-1
1.60533,1.605355,1.60532,1.60534,-1.0,-1.0,-1
1.60534,1.60534,1.605275,1.605275,-1.0,-1.0,-1
1.605275,1.60529,1.605265,1.60529,-1.0,-1.0,-1
1.60529,1.60531,1.605285,1.6053,-1.0,-1.0,-1
1.6053,1.60532,1.605265,1.605275,-1.0,-1.0,-1
1.605275,1.60532,1.605265,1.6053,-1.0,-1.0,-1
1.6053,1.605305,1.60525,1.60525,-1.0,-1.0,-1
1.60525,1.605255,1.605235,1.605235,-1.0,-1.0,-1
1.605235,1.605235,1.60523,1.605235,-1.0,-1.0,-1
1.605235,1.605235,1.60521,1.60521,-1.0,-1.0,-1
1.60521,1.60521,1.60511,1.60515,-1.0,-1.0,-1
1.60515,1.60515,1.60511,1.605115,-1.0,-1.0,-1
1.605115,1.605125,1.605105,1.605125,-1.0,-1.0,-1
1.605125,1.605155,1.605125,1.60514,-1.0,-1.0,-1
1.60514,1.60515,1.605135,1.60514,-1.0,-1.0,-1
1.60514,1.60519,1.60514,1.605185,-1.0,-1.0,-1
1.605185,1.605185,1.60517,1.605185,-1.0,-1.0,-1
1.605185,1.60519,1.605175,1.60518,-1.0,-1.0,-1
1.60518,1.605205,1.60517,1.60519,-1.0,-1.0,-1
1.60519,1.605215,1.60516,1.605215,-1.0,-1.0,-1
1.605215,1.605215,1.605205,1.60521,-1.0,-1.0,-1
1.60521,1.60524,1.60521,1.60523,-1.0,-1.0,-1
1.60523,1.605235,1.60523,1.60523,-1.0,-1.0,-1
1.60523,1.605235,1.605205,1.605205,-1.0,-1.0,-1
1.605205,1.605215,1.605205,1.605215,-1.0,-1.0,-1
1.605215,1.60522,1.60519,1.605215,-1.0,-1.0,-1
1.605215,1.60523,1.605215,1.60522,-1.0,-1.0,-1
1.60522,1.60524,1.60522,1.60522,-1.0,-1.0,-1
1.60522,1.60522,1.605175,1.6052,-1.0,-1.0,-1
1.6052,1.605205,1.605175,1.60518,-1.0,-1.0,-1
1.60518,1.60518,1.60497,1.604975,-1.0,-1.0,-1
1.604975,1.605065,1.604935,1.605045,-1.0,-1.0,-1
1.605045,1.605075,1.60501,1.60501,-1.0,-1.0,-1
1.60501,1.605025,1.60501,1.605025,-1.0,-1.0,-1
1.605025,1.605045,1.60501,1.605015,-1.0,-1.0,-1
1.605015,1.605035,1.604995,1.605,-1.0,-1.0,-1
1.605,1.60502,1.605,1.60501,-1.0,-1.0,-1
1.60501,1.60501,1.604995,1.604995,-1.0,-1.0,-1
1.604995,1.605015,1.60499,1.60501,-1.0,-1.0,-1
1.60501,1.605015,1.60496,1.60499,-1.0,-1.0,-1
1.60499,1.605005,1.604945,1.60496,-1.0,-1.0,-1
1.60496,1.604965,1.60491,1.604925,-1.0,-1.0,-1
1.604925,1.604955,1.604875,1.604955,-1.0,-1.0,-1
1.604955,1.60496,1.604945,1.60495,-1.0,-1.0,-1
1.60495,1.60497,1.60494,1.60496,-1.0,-1.0,-1
1.60496,1.604985,1.604945,1.604945,-1.0,-1.0,-1
1.604945,1.604955,1.604945,1.604955,-1.0,-1.0,-1
1.604955,1.604955,1.60492,1.604925,-1.0,-1.0,-1
1.604925,1.604925,1.60492,1.604925,-1.0,-1.0,-1
1.604925,1.60493,1.60492,1.604925,-1.0,-1.0,-1
1.604925,1.604995,1.60492,1.604995,-1.0,-1.0,-1
1.604995,1.604995,1.60499,1.604995,-1.0,-1.0,-1
1.604995,1.604995,1.604985,1.60499,-1.0,-1.0,-1
1.60499,1.604995,1.604985,1.604995,-1.0,-1.0,-1
1.604995,1.604995,1.604985,1.604985,-1.0,-1.0,-1
1.604985,1.605,1.604955,1.60498,-1.0,-1.0,-1
1.60498,1.604985,1.60491,1.604925,-1.0,-1.0,-1
1.604925,1.604985,1.604925,1.604975,-1.0,-1.0,-1
1.604975,1.60499,1.60496,1.604975,-1.0,-1.0,-1
1.604975,1.604985,1.604975,1.604975,-1.0,-1.0,-1
1.604975,1.60499,1.60491,1.60495,-1.0,-1.0,-1
1.60495,1.60495,1.604915,1.60495,-1.0,-1.0,-1
1.60495,1.60496,1.60495,1.60496,-1.0,-1.0,-1
1.60496,1.604995,1.60495,1.604995,-1.0,-1.0,-1
1.604995,1.604995,1.60497,1.60497,-1.0,-1.0,-1
1.60497,1.60499,1.60497,1.60499,-1.0,-1.0,-1
1.60499,1.605015,1.604985,1.605015,-1.0,-1.0,-1
1.605015,1.605015,1.604995,1.60501,-1.0,-1.0,-1
1.60501,1.60502,1.60496,1.60497,-1.0,-1.0,-1
1.60497,1.604985,1.60495,1.604955,-1.0,-1.0,-1
1.604955,1.604965,1.604905,1.60495,-1.0,-1.0,-1
1.60495,1.60497,1.604935,1.60494,-1.0,-1.0,-1
1.60494,1.604945,1.60494,1.604945,-1.0,-1.0,-1
1.604945,1.60498,1.60494,1.60497,-1.0,-1.0,-1
1.60497,1.604985,1.60496,1.604975,-1.0,-1.0,-1
1.604975,1.605,1.604965,1.604965,-1.0,-1.0,-1
1.604965,1.60501,1.604965,1.605,-1.0,-1.0,-1
1.605,1.60501,1.60499,1.604995,-1.0,-1.0,-1
1.604995,1.605015,1.60499,1.60501,-1.0,-1.0,-1
1.60501,1.605025,1.60498,1.605025,-1.0,-1.0,-1
1.605025,1.60508,1.605025,1.605055,-1.0,-1.0,-1
1.605055,1.60508,1.605055,1.60508,-1.0,-1.0,-1
1.60508,1.60514,1.605075,1.60509,-1.0,-1.0,-1
1.60509,1.605095,1.605085,1.60509,-1.0,-1.0,-1
1.60509,1.60511,1.60508,1.605085,-1.0,-1.0,-1
1.605085,1.6051,1.605075,1.605085,-1.0,-1.0,-1
1.605085,1.605085,1.605065,1.60508,-1.0,-1.0,-1
1.60508,1.60511,1.605075,1.60511,-1.0,-1.0,-1
1.60511,1.605115,1.605085,1.605095,-1.0,-1.0,-1
1.605095,1.605115,1.605075,1.6051,-1.0,-1.0,-1
1.6051,1.605125,1.605095,1.60512,-1.0,-1.0,-1
1.60512,1.60512,1.60499,1.604995,-1.0,-1.0,-1
1.604995,1.60501,1.604955,1.60497,-1.0,-1.0,-1
1.60497,1.604985,1.604955,1.604985,-1.0,-1.0,-1
1.604985,1.60502,1.604965,1.60502,-1.0,-1.0,-1
1.60502,1.60508,1.605005,1.60506,-1.0,-1.0,-1
1.60506,1.60507,1.605,1.605005,-1.0,-1.0,-1
1.605005,1.605125,1.605,1.60511,-1.0,-1.0,-1
1.60511,1.60513,1.605095,1.605095,-1.0,-1.0,-1
1.605095,1.605095,1.60504,1.60505,-1.0,-1.0,-1
1.60505,1.60507,1.60505,1.60506,-1.0,-1.0,-1
1.60506,1.605135,1.60506,1.60508,-1.0,-1.0,-1
1.60508,1.605115,1.60506,1.605105,-1.0,-1.0,-1
1.605105,1.605115,1.605085,1.605105,-1.0,-1.0,-1
1.605105,1.605115,1.605105,1.605115,-1.0,-1.0,-1
1.605115,1.605125,1.605065,1.605065,-1.0,-1.0,-1
1.605065,1.60508,1.605065,1.60508,-1.0,-1.0,-1
1.60508,1.60508,1.60506,1.605065,-1.0,-1.0,-1
1.605065,1.60507,1.60505,1.60505,-1.0,-1.0,-1
1.60505,1.60507,1.60504,1.60506,-1.0,-1.0,-1
1.60506,1.605085,1.60503,1.605085,-1.0,-1.0,-1
1.605085,1.605085,1.60506,1.605085,-1.0,-1.0,-1
1.605085,1.605125,1.60508,1.60512,-1.0,-1.0,-1
1.60512,1.60512,1.605115,1.60512,-1.0,-1.0,-1
1.60512,1.605145,1.605115,1.605135,-1.0,-1.0,-1
1.605135,1.605145,1.60512,1.60514,-1.0,-1.0,-1
1.60514,1.60515,1.60514,1.605145,-1.0,-1.0,-1
1.605145,1.60517,1.60513,1.60514,-1.0,-1.0,-1
1.60514,1.605155,1.60514,1.60515,-1.0,-1.0,-1
1.60515,1.605175,1.605125,1.60513,-1.0,-1.0,-1
1.60513,1.605155,1.605125,1.605145,-1.0,-1.0,-1
1.605145,1.605155,1.60514,1.60514,-1.0,-1.0,-1
1.60514,1.60515,1.605115,1.60513,-1.0,-1.0,-1
1.60513,1.60513,1.605115,1.60512,-1.0,-1.0,-1
1.60512,1.605125,1.605065,1.605075,-1.0,-1.0,-1
1.605075,1.6051,1.605075,1.60509,-1.0,-1.0,-1
1.60509,1.60509,1.605075,1.60509,-1.0,-1.0,-1
1.60509,1.605105,1.60508,1.605095,-1.0,-1.0,-1
1.605095,1.605095,1.604975,1.604975,-1.0,-1.0,-1
1.604975,1.60499,1.604975,1.604975,-1.0,-1.0,-1
1.604975,1.60499,1.60495,1.60495,-1.0,-1.0,-1
1.60495,1.60498,1.6049,1.6049,-1.0,-1.0,-1
1.6049,1.60492,1.60489,1.60489,-1.0,-1.0,-1
1.60489,1.60492,1.60489,1.60491,-1.0,-1.0,-1
1.60491,1.604915,1.60489,1.60489,-1.0,-1.0,-1
1.60489,1.604915,1.60489,1.604915,-1.0,-1.0,-1
1.604915,1.604945,1.6049,1.604945,-1.0,-1.0,-1
1.604945,1.60496,1.604935,1.60496,-1.0,-1.0,-1
1.60496,1.604985,1.60493,1.60498,-1.0,-1.0,-1
1.60498,1.60499,1.604955,1.604985,-1.0,-1.0,-1
1.604985,1.60502,1.604985,1.605005,-1.0,-1.0,-1
1.605005,1.605065,1.605,1.605055,-1.0,-1.0,-1
1.605055,1.605065,1.605035,1.60505,-1.0,-1.0,-1
1.60505,1.605065,1.60504,1.60504,-1.0,-1.0,-1
1.60504,1.60507,1.60504,1.605065,-1.0,-1.0,-1
1.605065,1.60507,1.60504,1.605045,-1.0,-1.0,-1
1.605045,1.605055,1.605025,1.60505,-1.0,-1.0,-1
1.60505,1.605055,1.605015,1.605025,-1.0,-1.0,-1
1.605025,1.605055,1.60499,1.604995,-1.0,-1.0,-1
1.604995,1.605025,1.60499,1.605025,-1.0,-1.0,-1
1.605025,1.60504,1.605015,1.605025,-1.0,-1.0,-1
1.605025,1.60508,1.605025,1.605075,-1.0,-1.0,-1
1.605075,1.605085,1.605055,1.605055,-1.0,-1.0,-1
1.605055,1.60508,1.605035,1.605035,-1.0,-1.0,-1
1.605035,1.605045,1.605,1.605035,-1.0,-1.0,-1
1.605035,1.60507,1.605035,1.605065,-1.0,-1.0,-1
1.605065,1.6051,1.60506,1.60509,-1.0,-1.0,-1
1.60509,1.6051,1.60506,1.605075,-1.0,-1.0,-1
1.605075,1.60512,1.605075,1.605115,-1.0,-1.0,-1
1.605115,1.605145,1.605115,1.60514,-1.0,-1.0,-1
1.60514,1.605145,1.605115,1.60512,-1.0,-1.0,-1
1.60512,1.605155,1.60512,1.60515,-1.0,-1.0,-1
1.60515,1.605155,1.605125,1.605145,-1.0,-1.0,-1
1.605145,1.60516,1.60514,1.60515,-1.0,-1.0,-1
1.60515,1.605155,1.605095,1.605095,-1.0,-1.0,-1
1.605095,1.605125,1.60508,1.6051,-1.0,-1.0,-1
1.6051,1.60513,1.6051,1.605115,-1.0,-1.0,-1
1.605115,1.60513,1.60511,1.60512,-1.0,-1.0,-1
1.60512,1.605125,1.605095,1.60512,-1.0,-1.0,-1
1.60512,1.60516,1.60512,1.605145,-1.0,-1.0,-1
1.605145,1.60517,1.605115,1.605135,-1.0,-1.0,-1
1.605135,1.60514,1.605115,1.60512,-1.0,-1.0,-1
1.60512,1.60512,1.605115,1.605115,-1.0,-1.0,-1
1.605115,1.60519,1.60511,1.605185,-1.0,-1.0,-1
1.605185,1.60521,1.60518,1.60521,-1.0,-1.0,-1
1.60521,1.60522,1.605145,1.605145,-1.0,-1.0,-1
1.605145,1.605165,1.605145,1.60516,-1.0,-1.0,-1
1.60516,1.605165,1.60512,1.60512,-1.0,-1.0,-1
1.60512,1.60514,1.605105,1.605105,-1.0,-1.0,-1
1.605105,1.60514,1.605065,1.605135,-1.0,-1.0,-1
1.605135,1.60516,1.605135,1.605135,-1.0,-1.0,-1
1.605135,1.60515,1.605135,1.60514,-1.0,-1.0,-1
1.60514,1.605145,1.60509,1.605095,-1.0,-1.0,-1
1.605095,1.605105,1.60507,1.605095,-1.0,-1.0,-1
1.605095,1.60517,1.60508,1.60517,-1.0,-1.0,-1
1.60517,1.60517,1.605135,1.605145,-1.0,-1.0,-1
1.605145,1.60517,1.605145,1.60516,-1.0,-1.0,-1
1.60516,1.60516,1.605135,1.60515,-1.0,-1.0,-1
1.60515,1.60516,1.605135,1.60515,-1.0,-1.0,-1
1.60515,1.605185,1.60513,1.60518,-1.0,-1.0,-1
1.60518,1.60518,1.60515,1.60517,-1.0,-1.0,-1
1.60517,1.60517,1.60516,1.60517,-1.0,-1.0,-1
1.60517,1.60517,1.605135,1.605145,-1.0,-1.0,-1
1.605145,1.60515,1.605135,1.60514,-1.0,-1.0,-1
1.60514,1.60515,1.6051,1.60512,-1.0,-1.0,-1
1.60512,1.605155,1.60512,1.605145,-1.0,-1.0,-1
1.605145,1.60517,1.605135,1.60516,-1.0,-1.0,-1
1.60516,1.60516,1.605115,1.605115,-1.0,-1.0,-1
1.605115,1.605155,1.605115,1.605135,-1.0,-1.0,-1
1.605135,1.60516,1.605135,1.60514,-1.0,-1.0,-1
1.60514,1.60515,1.605125,1.605125,-1.0,-1.0,-1
1.605125,1.605145,1.605125,1.60514,-1.0,-1.0,-1
1.60514,1.60516,1.60514,1.60516,-1.0,-1.0,-1
1.60516,1.60516,1.605145,1.60516,-1.0,-1.0,-1
1.60516,1.60516,1.60514,1.60515,-1.0,-1.0,-1
1.60515,1.60516,1.60514,1.605145,-1.0,-1.0,-1
1.605145,1.605185,1.605145,1.605165,-1.0,-1.0,-1
1.605165,1.605165,1.605135,1.605155,-1.0,-1.0,-1
1.605155,1.60519,1.605155,1.60518,-1.0,-1.0,-1
1.60518,1.605215,1.605175,1.605215,-1.0,-1.0,-1
1.605215,1.605215,1.605195,1.60521,-1.0,-1.0,-1
1.60521,1.605235,1.6052,1.605225,-1.0,-1.0,-1
1.605225,1.60529,1.605225,1.60528,-1.0,-1.0,-1
1.60528,1.6053,1.605255,1.605265,-1.0,-1.0,-1
1.605265,1.605275,1.605215,1.605215,-1.0,-1.0,-1
1.605215,1.605225,1.6052,1.605225,-1.0,-1.0,-1
1.605225,1.60528,1.605225,1.60528,-1.0,-1.0,-1
1.60528,1.60528,1.605255,1.60526,-1.0,-1.0,-1
1.60526,1.605265,1.605235,1.605265,-1.0,-1.0,-1
1.605265,1.605265,1.605255,1.605265,-1.0,-1.0,-1
1.605265,1.60528,1.60526,1.605275,-1.0,-1.0,-1
1.605275,1.605275,1.605245,1.605245,-1.0,-1.0,-1
1.605245,1.605265,1.60522,1.60526,-1.0,-1.0,-1
1.60526,1.60531,1.605255,1.605295,-1.0,-1.0,-1
1.605295,1.605295,1.605265,1.605295,-1.0,-1.0,-1
1.605295,1.605295,1.605265,1.60528,-1.0,-1.0,-1
1.60528,1.605325,1.60528,1.605285,-1.0,-1.0,-1
1.605285,1.60535,1.605285,1.605325,-1.0,-1.0,-1
1.605325,1.605335,1.60532,1.605325,-1.0,-1.0,-1
1.605325,1.605325,1.60532,1.60532,-1.0,-1.0,-1
1.60532,1.605325,1.60529,1.60531,-1.0,-1.0,-1
1.60531,1.60531,1.605295,1.6053,-1.0,-1.0,-1
1.6053,1.605315,1.60526,1.605295,-1.0,-1.0,-1
1.605295,1.60534,1.605295,1.60534,-1.0,-1.0,-1
1.60534,1.60536,1.605325,1.60536,-1.0,-1.0,-1
1.60536,1.605395,1.60536,1.605375,-1.0,-1.0,-1
1.605375,1.60546,1.605345,1.605425,-1.0,-1.0,-1
1.605425,1.605435,1.605425,1.605435,-1.0,-1.0,-1
1.605435,1.605435,1.605385,1.60541,-1.0,-1.0,-1
1.60541,1.60541,1.60539,1.6054,-1.0,-1.0,-1
1.6054,1.6055,1.605395,1.60542,-1.0,-1.0,-1
1.60542,1.60546,1.605415,1.605425,-1.0,-1.0,-1
1.605425,1.60544,1.60542,1.60543,-1.0,-1.0,-1
1.60543,1.605445,1.60543,1.605445,-1.0,-1.0,-1
1.605445,1.60552,1.60544,1.60552,-1.0,-1.0,-1
1.60552,1.605545,1.605505,1.60553,-1.0,-1.0,-1
1.60553,1.60554,1.605505,1.60553,-1.0,-1.0,-1
1.60553,1.605545,1.605515,1.605515,-1.0,-1.0,-1
1.605515,1.605545,1.605505,1.605535,-1.0,-1.0,-1
1.605535,1.60555,1.605525,1.60553,-1.0,-1.0,-1
1.60553,1.60553,1.605455,1.60547,-1.0,-1.0,-1
1.60547,1.605535,1.60547,1.605525,-1.0,-1.0,-1
1.605525,1.60554,1.60552,1.605535,-1.0,-1.0,-1
1.605535,1.60554,1.605505,1.605515,-1.0,-1.0,-1
1.605515,1.605555,1.60551,1.605555,-1.0,-1.0,-1
1.605555,1.60556,1.60555,1.60555,-1.0,-1.0,-1
1.60555,1.60557,1.605515,1.605525,-1.0,-1.0,-1
1.605525,1.605545,1.605475,1.605495,-1.0,-1.0,-1
1.605495,1.6055,1.605425,1.605445,-1.0,-1.0,-1
1.605445,1.605445,1.6054,1.605445,-1.0,-1.0,-1
1.605445,1.60546,1.60543,1.60546,-1.0,-1.0,-1
1.60546,1.60546,1.605415,1.605445,-1.0,-1.0,-1
1.605445,1.60545,1.605425,1.60545,-1.0,-1.0,-1
1.60545,1.605475,1.60545,1.60545,-1.0,-1.0,-1
1.60545,1.605465,1.60543,1.60546,-1.0,-1.0,-1
1.60546,1.6055,1.605455,1.6055,-1.0,-1.0,-1
1.6055,1.605505,1.60546,1.60548,-1.0,-1.0,-1
1.60548,1.6055,1.60548,1.60548,-1.0,-1.0,-1
1.60548,1.60551,1.60548,1.60551,-1.0,-1.0,-1
1.60551,1.605515,1.60549,1.605505,-1.0,-1.0,-1
1.605505,1.605505,1.605435,1.605465,-1.0,-1.0,-1
1.605465,1.6055,1.605425,1.605485,-1.0,-1.0,-1
1.605485,1.60553,1.605475,1.60548,-1.0,-1.0,-1
1.60548,1.60551,1.60548,1.60548,-1.0,-1.0,-1
1.60548,1.60554,1.605475,1.6055,-1.0,-1.0,-1
1.6055,1.605525,1.6055,1.60551,-1.0,-1.0,-1
1.60551,1.605545,1.60551,1.605545,-1.0,-1.0,-1
1.605545,1.605565,1.605535,1.60556,-1.0,-1.0,-1
1.60556,1.60557,1.605555,1.605555,-1.0,-1.0,-1
1.605555,1.60562,1.605555,1.605575,-1.0,-1.0,-1
1.605575,1.6056,1.605565,1.60557,-1.0,-1.0,-1
1.60557,1.605585,1.605565,1.605565,-1.0,-1.0,-1
1.605565,1.605585,1.605555,1.605565,-1.0,-1.0,-1
1.605565,1.605565,1.605515,1.605535,-1.0,-1.0,-1
1.605535,1.605585,1.60553,1.605565,-1.0,-1.0,-1
1.605565,1.605595,1.605515,1.605575,-1.0,-1.0,-1
1.605575,1.6056,1.605555,1.60556,-1.0,-1.0,-1
1.60556,1.605565,1.605545,1.605555,-1.0,-1.0,-1
1.605555,1.605555,1.605545,1.605555,-1.0,-1.0,-1
1.605555,1.605555,1.60552,1.60554,-1.0,-1.0,-1
1.60554,1.605595,1.605535,1.605575,-1.0,-1.0,-1
1.605575,1.605585,1.605565,1.60557,-1.0,-1.0,-1
1.60557,1.605635,1.60557,1.60562,-1.0,-1.0,-1
1.60562,1.60563,1.60561,1.605615,-1.0,-1.0,-1
1.605615,1.605615,1.605565,1.605565,-1.0,-1.0,-1
1.605565,1.605585,1.605565,1.60557,-1.0,-1.0,-1
1.60557,1.605585,1.605555,1.605555,-1.0,-1.0,-1
1.605555,1.605585,1.605555,1.605565,-1.0,-1.0,-1
1.605565,1.60557,1.60554,1.60554,-1.0,-1.0,-1
1.60554,1.605565,1.605535,1.60555,-1.0,-1.0,-1
1.60555,1.60563,1.60555,1.605625,-1.0,-1.0,-1
1.605625,1.60564,1.605615,1.60563,-1.0,-1.0,-1
1.60563,1.60564,1.60561,1.60562,-1.0,-1.0,-1
1.60562,1.60563,1.60559,1.60559,-1.0,-1.0,-1
1.60559,1.60562,1.605585,1.60562,-1.0,-1.0,-1
1.60562,1.60562,1.6056,1.605605,-1.0,-1.0,-1
1.605605,1.60563,1.605605,1.60562,-1.0,-1.0,-1
1.60562,1.60563,1.605615,1.60562,-1.0,-1.0,-1
1.60562,1.605625,1.605615,1.60562,-1.0,-1.0,-1
1.60562,1.605625,1.605615,1.605625,-1.0,-1.0,-1
1.605625,1.60563,1.605615,1.60562,-1.0,-1.0,-1
1.60562,1.60563,1.605615,1.60562,-1.0,-1.0,-1
1.60562,1.60563,1.6056,1.605605,-1.0,-1.0,-1
1.605605,1.605605,1.60558,1.60558,-1.0,-1.0,-1
1.60558,1.605585,1.60557,1.60558,-1.0,-1.0,-1
1.60558,1.605595,1.60557,1.605575,-1.0,-1.0,-1
1.605575,1.60561,1.605575,1.60559,-1.0,-1.0,-1
1.60559,1.60559,1.605585,1.605585,-1.0,-1.0,-1
1.605585,1.605585,1.60556,1.60556,-1.0,-1.0,-1
1.60556,1.60556,1.605535,1.605545,-1.0,-1.0,-1
1.605545,1.60555,1.605525,1.60553,-1.0,-1.0,-1
1.60553,1.605565,1.605525,1.60556,-1.0,-1.0,-1
1.60556,1.60556,1.60555,1.60555,-1.0,-1.0,-1
1.60555,1.605565,1.605545,1.60555,-1.0,-1.0,-1
1.60555,1.60558,1.60555,1.605565,-1.0,-1.0,-1
1.605565,1.60558,1.60555,1.60557,-1.0,-1.0,-1
1.60557,1.60558,1.60555,1.60556,-1.0,-1.0,-1
1.60556,1.605565,1.605545,1.605545,-1.0,-1.0,-1
1.605545,1.605555,1.60554,1.60554,-1.0,-1.0,-1
1.60554,1.60555,1.60552,1.605525,-1.0,-1.0,-1
1.605525,1.60553,1.60551,1.60551,-1.0,-1.0,-1
1.60551,1.60551,1.60551,1.60551,-1.0,-1.0,-1
1.60551,1.605545,1.60551,1.605545,-1.0,-1.0,-1
1.605545,1.605565,1.605545,1.605555,-1.0,-1.0,-1
1.605555,1.60557,1.605555,1.60556,-1.0,-1.0,-1
1.60556,1.605565,1.60552,1.605525,-1.0,-1.0,-1
1.605525,1.60554,1.605515,1.60552,-1.0,-1.0,-1
1.60552,1.60561,1.605515,1.60559,-1.0,-1.0,-1
1.60559,1.60561,1.60559,1.6056,-1.0,-1.0,-1
1.6056,1.60561,1.60555,1.605565,-1.0,-1.0,-1
1.605565,1.60559,1.605565,1.60558,-1.0,-1.0,-1
1.60558,1.60563,1.60558,1.60563,-1.0,-1.0,-1
1.60563,1.60564,1.60562,1.60563,-1.0,-1.0,-1
1.60563,1.60567,1.60563,1.605665,-1.0,-1.0,-1
1.605665,1.605685,1.60566,1.605665,-1.0,-1.0,-1
1.605665,1.6057,1.60566,1.6057,-1.0,-1.0,-1
1.6057,1.6057,1.60568,1.60568,-1.0,-1.0,-1
1.60568,1.605705,1.60568,1.60568,-1.0,-1.0,-1
1.60568,1.6057,1.60568,1.6057,-1.0,-1.0,-1
1.6057,1.60573,1.60569,1.60573,-1.0,-1.0,-1
1.60573,1.60575,1.60571,1.60574,-1.0,-1.0,-1
1.60574,1.60575,1.6057,1.60571,-1.0,-1.0,-1
1.60571,1.60572,1.60569,1.605715,-1.0,-1.0,-1
1.605715,1.60572,1.6057,1.605705,-1.0,-1.0,-1
1.605705,1.60572,1.6057,1.60572,-1.0,-1.0,-1
1.60572,1.60572,1.605705,1.605715,-1.0,-1.0,-1
1.605715,1.60572,1.6057,1.605705,-1.0,-1.0,-1
1.605705,1.605715,1.605695,1.605705,-1.0,-1.0,-1
1.605705,1.60573,1.605685,1.605725,-1.0,-1.0,-1
1.605725,1.605725,1.605675,1.605685,-1.0,-1.0,-1
1.605685,1.605695,1.60567,1.60568,-1.0,-1.0,-1
1.60568,1.60569,1.605635,1.605655,-1.0,-1.0,-1
1.605655,1.60566,1.605625,1.60563,-1.0,-1.0,-1
1.60563,1.60564,1.60562,1.605635,-1.0,-1.0,-1
1.605635,1.60564,1.60559,1.60559,-1.0,-1.0,-1
1.60559,1.6056,1.60559,1.6056,-1.0,-1.0,-1
1.6056,1.60562,1.6056,1.60562,-1.0,-1.0,-1
1.60562,1.605635,1.6056,1.605635,-1.0,-1.0,-1
1.605635,1.605645,1.605635,1.605645,-1.0,-1.0,-1
1.605645,1.605645,1.605645,1.605645,-1.0,-1.0,-1
1.605645,1.605645,1.60564,1.605645,-1.0,-1.0,-1
1.605645,1.60565,1.60561,1.60562,-1.0,-1.0,-1
1.60562,1.605635,1.60561,1.605635,-1.0,-1.0,-1
1.605635,1.605635,1.605635,1.605635,-1.0,-1.0,-1
1.605635,1.605735,1.605635,1.60568,-1.0,-1.0,-1
1.60568,1.60569,1.605665,1.60568,-1.0,-1.0,-1
1.60568,1.6057,1.605675,1.6057,-1.0,-1.0,-1
1.6057,1.6057,1.605665,1.60567,-1.0,-1.0,-1
1.60567,1.605675,1.60566,1.605665,-1.0,-1.0,-1
1.605665,1.60572,1.60566,1.60568,-1.0,-1.0,-1
1.60568,1.605685,1.60567,1.60567,-1.0,-1.0,-1
1.60567,1.605675,1.60564,1.60564,-1.0,-1.0,-1
1.60564,1.60566,1.60564,1.60566,-1.0,-1.0,-1
1.60566,1.60566,1.605615,1.60563,-1.0,-1.0,-1
1.60563,1.60563,1.60562,1.605625,-1.0,-1.0,-1
1.605625,1.605635,1.60562,1.605635,-1.0,-1.0,-1
1.605635,1.605665,1.60563,1.605665,-1.0,-1.0,-1
1.605665,1.605665,1.605605,1.60561,-1.0,-1.0,-1
1.60561,1.605615,1.6056,1.6056,-1.0,-1.0,-1
1.6056,1.605615,1.60558,1.60558,-1.0,-1.0,-1
1.60558,1.6056,1.60558,1.6056,-1.0,-1.0,-1
1.6056,1.605605,1.6056,1.6056,-1.0,-1.0,-1
1.6056,1.6056,1.60559,1.60559,-1.0,-1.0,-1
1.60559,1.605615,1.60559,1.605615,-1.0,-1.0,-1
1.605615,1.605615,1.605605,1.60561,-1.0,-1.0,-1
1.60561,1.60561,1.605575,1.605585,-1.0,-1.0,-1
1.605585,1.60559,1.605575,1.60558,-1.0,-1.0,-1
1.60558,1.6056,1.60558,1.6056,-1.0,-1.0,-1
1.6056,1.6056,1.605585,1.605585,-1.0,-1.0,-1
1.605585,1.60559,1.605585,1.605585,-1.0,-1.0,-1
1.605585,1.605595,1.60552,1.605545,-1.0,-1.0,-1
1.605545,1.60555,1.60552,1.605535,-1.0,-1.0,-1
1.605535,1.605535,1.60551,1.60552,-1.0,-1.0,-1
1.60552,1.60552,1.60551,1.60551,-1.0,-1.0,-1
1.60551,1.60556,1.60551,1.60555,-1.0,-1.0,-1
1.60555,1.60555,1.60555,1.60555,-1.0,-1.0,-1
1.60555,1.60556,1.605525,1.60553,-1.0,-1.0,-1
1.60553,1.605535,1.60551,1.60551,-1.0,-1.0,-1
1.60551,1.60553,1.60551,1.60553,-1.0,-1.0,-1
1.60553,1.605555,1.605525,1.60554,-1.0,-1.0,-1
1.60554,1.605565,1.60554,1.60555,-1.0,-1.0,-1
1.60555,1.605565,1.60555,1.60555,-1.0,-1.0,-1
1.60555,1.605565,1.605545,1.605545,-1.0,-1.0,-1
1.605545,1.605595,1.605525,1.60559,-1.0,-1.0,-1
1.60559,1.605615,1.60559,1.60559,-1.0,-1.0,-1
1.60559,1.605595,1.605585,1.605585,-1.0,-1.0,-1
1.605585,1.60559,1.60555,1.60555,-1.0,-1.0,-1
1.60555,1.605555,1.60555,1.605555,-1.0,-1.0,-1
1.605555,1.605595,1.605535,1.60559,-1.0,-1.0,-1
1.60559,1.6056,1.605585,1.6056,-1.0,-1.0,-1
1.6056,1.6056,1.605585,1.605585,-1.0,-1.0,-1
1.605585,1.60562,1.605585,1.605615,-1.0,-1.0,-1
1.605615,1.605635,1.605605,1.60561,-1.0,-1.0,-1
1.60561,1.605635,1.605605,1.60563,-1.0,-1.0,-1
1.60563,1.60563,1.605565,1.605585,-1.0,-1.0,-1
1.605585,1.60559,1.605575,1.605575,-1.0,-1.0,-1
1.605575,1.60559,1.605565,1.605585,-1.0,-1.0,-1
1.605585,1.605645,1.605585,1.605645,-1.0,-1.0,-1
1.605645,1.605645,1.605605,1.605615,-1.0,-1.0,-1
1.605615,1.60565,1.60561,1.60565,-1.0,-1.0,-1
1.60565,1.60565,1.60561,1.605615,-1.0,-1.0,-1
1.605615,1.60564,1.60561,1.60564,-1.0,-1.0,-1
1.60564,1.605645,1.60563,1.605635,-1.0,-1.0,-1
1.605635,1.60564,1.605635,1.605635,-1.0,-1.0,-1
1.605635,1.605655,1.60561,1.605645,-1.0,-1.0,-1
1.605645,1.60565,1.605615,1.605625,-1.0,-1.0,-1
1.605625,1.60563,1.605605,1.605615,-1.0,-1.0,-1
1.605615,1.605635,1.60561,1.605635,-1.0,-1.0,-1
1.605635,1.60564,1.605625,1.60564,-1.0,-1.0,-1
1.60564,1.605645,1.60564,1.60564,-1.0,-1.0,-1
1.60564,1.605665,1.60564,1.60566,-1.0,-1.0,-1
1.60566,1.605665,1.605655,1.60566,-1.0,-1.0,-1
1.60566,1.60566,1.60564,1.605645,-1.0,-1.0,-1
1.605645,1.605675,1.60564,1.605665,-1.0,-1.0,-1
1.605665,1.60569,1.605665,1.60567,-1.0,-1.0,-1
1.60567,1.60571,1.605665,1.60568,-1.0,-1.0,-1
1.60568,1.60575,1.60568,1.60574,-1.0,-1.0,-1
1.60574,1.605775,1.605735,1.605745,-1.0,-1.0,-1
1.605745,1.60575,1.605675,1.6057,-1.0,-1.0,-1
1.6057,1.605705,1.60568,1.6057,-1.0,-1.0,-1
1.6057,1.6057,1.60568,1.60569,-1.0,-1.0,-1
1.60569,1.605705,1.60567,1.60569,-1.0,-1.0,-1
1.60569,1.605705,1.605675,1.605675,-1.0,-1.0,-1
1.605675,1.605685,1.605665,1.605675,-1.0,-1.0,-1
1.605675,1.60568,1.60566,1.60566,-1.0,-1.0,-1
1.60566,1.605665,1.60566,1.60566,-1.0,-1.0,-1
1.60566,1.60566,1.60566,1.60566,-1.0,-1.0,-1
1.60566,1.605665,1.60566,1.60566,-1.0,-1.0,-1
1.60566,1.60566,1.605655,1.605655,-1.0,-1.0,-1
1.605655,1.605675,1.605655,1.60567,-1.0,-1.0,-1
1.60567,1.605675,1.60566,1.605665,-1.0,-1.0,-1
1.605665,1.60568,1.605665,1.605675,-1.0,-1.0,-1
1.605675,1.60573,1.605655,1.60571,-1.0,-1.0,-1
1.60571,1.60573,1.6057,1.60573,-1.0,-1.0,-1
1.60573,1.60573,1.60569,1.6057,-1.0,-1.0,-1
1.6057,1.605705,1.60569,1.605705,-1.0,-1.0,-1
1.605705,1.605705,1.60569,1.60569,-1.0,-1.0,-1
1.60569,1.6057,1.60568,1.60569,-1.0,-1.0,-1
1.60569,1.60569,1.605675,1.60569,-1.0,-1.0,-1
1.60569,1.605745,1.605685,1.605745,-1.0,-1.0,-1
1.605745,1.60575,1.605735,1.60575,-1.0,-1.0,-1
1.60575,1.605795,1.605735,1.605795,-1.0,-1.0,-1
1.605795,1.605795,1.60579,1.605795,-1.0,-1.0,-1
1.605795,1.605805,1.60579,1.605805,-1.0,-1.0,-1
1.605805,1.60582,1.605785,1.60582,-1.0,-1.0,-1
1.60582,1.605855,1.605805,1.60585,-1.0,-1.0,-1
1.60585,1.60586,1.605835,1.605835,-1.0,-1.0,-1
1.605835,1.605845,1.605785,1.60579,-1.0,-1.0,-1
1.60579,1.605805,1.605785,1.605805,-1.0,-1.0,-1
1.605805,1.605805,1.605775,1.605775,-1.0,-1.0,-1
1.605775,1.605785,1.60573,1.60577,-1.0,-1.0,-1
1.60577,1.605795,1.60577,1.605795,-1.0,-1.0,-1
1.605795,1.605795,1.60575,1.605755,-1.0,-1.0,-1
1.605755,1.605775,1.605745,1.605775,-1.0,-1.0,-1
1.605775,1.60581,1.605775,1.605785,-1.0,-1.0,-1
1.605785,1.60579,1.60578,1.605785,-1.0,-1.0,-1
1.605785,1.605815,1.605755,1.605815,-1.0,-1.0,-1
1.605815,1.605815,1.60578,1.605795,-1.0,-1.0,-1
1.605795,1.605815,1.605785,1.60581,-1.0,-1.0,-1
1.60581,1.605835,1.60581,1.605825,-1.0,-1.0,-1
1.605825,1.605825,1.605775,1.60578,-1.0,-1.0,-1
1.60578,1.605785,1.605765,1.605765,-1.0,-1.0,-1
1.605765,1.605805,1.605765,1.6058,-1.0,-1.0,-1
1.6058,1.60582,1.6058,1.6058,-1.0,-1.0,-1
1.6058,1.6058,1.605785,1.60579,-1.0,-1.0,-1
1.60579,1.605805,1.605785,1.6058,-1.0,-1.0,-1
1.6058,1.60582,1.60579,1.605795,-1.0,-1.0,-1
1.605795,1.605805,1.60579,1.605795,-1.0,-1.0,-1
1.605795,1.6058,1.60577,1.60577,-1.0,-1.0,-1
1.60577,1.60578,1.60575,1.60575,-1.0,-1.0,-1
1.60575,1.60579,1.60575,1.605785,-1.0,-1.0,-1
1.605785,1.605785,1.60574,1.60574,-1.0,-1.0,-1
1.60574,1.60574,1.60571,1.60573,-1.0,-1.0,-1
1.60573,1.60574,1.605725,1.60573,-1.0,-1.0,-1
1.60573,1.60573,1.60568,1.60568,-1.0,-1.0,-1
1.60568,1.605705,1.605665,1.60567,-1.0,-1.0,-1
1.60567,1.60568,1.60558,1.605645,-1.0,-1.0,-1
1.605645,1.605655,1.605625,1.605645,-1.0,-1.0,-1
1.605645,1.605645,1.605605,1.60561,-1.0,-1.0,-1
1.60561,1.60563,1.605605,1.60562,-1.0,-1.0,-1
1.60562,1.60566,1.60562,1.60566,-1.0,-1.0,-1
1.60566,1.60566,1.60563,1.605645,-1.0,-1.0,-1
1.605645,1.605645,1.605635,1.60564,-1.0,-1.0,-1
1.60564,1.60565,1.605635,1.605645,-1.0,-1.0,-1
1.605645,1.605645,1.60563,1.605645,-1.0,-1.0,-1
1.605645,1.605665,1.60563,1.605665,-1.0,-1.0,-1
1.605665,1.605665,1.605655,1.605655,-1.0,-1.0,-1
1.605655,1.60566,1.60562,1.605635,-1.0,-1.0,-1
1.605635,1.605635,1.605625,1.605635,-1.0,-1.0,-1
1.605635,1.605655,1.605625,1.605655,-1.0,-1.0,-1
1.605655,1.60567,1.605655,1.605665,-1.0,-1.0,-1
1.605665,1.605705,1.605665,1.605705,-1.0,-1.0,-1
1.605705,1.60573,1.60569,1.60572,-1.0,-1.0,-1
1.60572,1.605725,1.6057,1.60571,-1.0,-1.0,-1
1.60571,1.605715,1.605665,1.605675,-1.0,-1.0,-1
1.605675,1.60571,1.60567,1.60569,-1.0,-1.0,-1
1.60569,1.60569,1.605655,1.60567,-1.0,-1.0,-1
1.60567,1.60568,1.605655,1.605675,-1.0,-1.0,-1
1.605675,1.6057,1.605655,1.60568,-1.0,-1.0,-1
1.60568,1.60573,1.60568,1.60571,-1.0,-1.0,-1
1.60571,1.60575,1.605695,1.605745,-1.0,-1.0,-1
1.605745,1.605765,1.605735,1.605735,-1.0,-1.0,-1
1.605735,1.605745,1.60573,1.605735,-1.0,-1.0,-1
1.605735,1.605745,1.6057,1.605735,-1.0,-1.0,-1
1.605735,1.605735,1.605675,1.60571,-1.0,-1.0,-1
1.60571,1.605715,1.605675,1.60568,-1.0,-1.0,-1
1.60568,1.605695,1.605645,1.605675,-1.0,-1.0,-1
1.605675,1.60568,1.60566,1.60567,-1.0,-1.0,-1
1.60567,1.605745,1.605665,1.60573,-1.0,-1.0,-1
1.60573,1.605735,1.60568,1.605705,-1.0,-1.0,-1
1.605705,1.60574,1.60569,1.60574,-1.0,-1.0,-1
1.60574,1.60574,1.60571,1.60571,-1.0,-1.0,-1
1.60571,1.60572,1.6057,1.605715,-1.0,-1.0,-1
1.605715,1.605725,1.60568,1.605705,-1.0,-1.0,-1
1.605705,1.60572,1.605695,1.605705,-1.0,-1.0,-1
1.605705,1.60573,1.605675,1.605705,-1.0,-1.0,-1
1.605705,1.605725,1.60568,1.6057,-1.0,-1.0,-1
1.6057,1.60571,1.60569,1.6057,-1.0,-1.0,-1
1.6057,1.605705,1.60567,1.605675,-1.0,-1.0,-1
1.605675,1.605705,1.605675,1.605705,-1.0,-1.0,-1
1.605705,1.605735,1.605665,1.605675,-1.0,-1.0,-1
1.605675,1.605695,1.60561,1.60563,-1.0,-1.0,-1
1.60563,1.605685,1.605625,1.60564,-1.0,-1.0,-1
1.60564,1.60564,1.605585,1.605615,-1.0,-1.0,-1
1.605615,1.605625,1.60558,1.605605,-1.0,-1.0,-1
1.605605,1.605635,1.60559,1.6056,-1.0,-1.0,-1
1.6056,1.60562,1.605575,1.60562,-1.0,-1.0,-1
1.60562,1.605645,1.6056,1.6056,-1.0,-1.0,-1
1.6056,1.605655,1.60559,1.60564,-1.0,-1.0,-1
1.60564,1.60565,1.605635,1.605645,-1.0,-1.0,-1
1.605645,1.60565,1.605505,1.60551,-1.0,-1.0,-1
1.60551,1.60552,1.60548,1.60548,-1.0,-1.0,-1
1.60548,1.60548,1.6054,1.605405,-1.0,-1.0,-1
1.605405,1.605425,1.60537,1.605395,-1.0,-1.0,-1
1.605395,1.605415,1.60537,1.605395,-1.0,-1.0,-1
1.605395,1.605435,1.605395,1.605425,-1.0,-1.0,-1
1.605425,1.60552,1.605425,1.60551,-1.0,-1.0,-1
1.60551,1.605545,1.60549,1.60553,-1.0,-1.0,-1
1.60553,1.60553,1.60543,1.60548,-1.0,-1.0,-1
1.60548,1.6055,1.60546,1.605465,-1.0,-1.0,-1
1.605465,1.605495,1.605435,1.60549,-1.0,-1.0,-1
1.60549,1.605505,1.60548,1.6055,-1.0,-1.0,-1
1.6055,1.605505,1.60545,1.605455,-1.0,-1.0,-1
1.605455,1.605455,1.605295,1.605375,-1.0,-1.0,-1
1.605375,1.60539,1.60534,1.60539,-1.0,-1.0,-1
1.60539,1.605405,1.60537,1.6054,-1.0,-1.0,-1
1.6054,1.605415,1.60535,1.605395,-1.0,-1.0,-1
1.605395,1.605405,1.60534,1.605365,-1.0,-1.0,-1
1.605365,1.60539,1.605325,1.60539,-1.0,-1.0,-1
1.60539,1.605415,1.60537,1.605375,-1.0,-1.0,-1
1.605375,1.605415,1.60537,1.6054,-1.0,-1.0,-1
1.6054,1.605405,1.605365,1.60537,-1.0,-1.0,-1
1.60537,1.605395,1.60537,1.60538,-1.0,-1.0,-1
1.60538,1.60538,1.60535,1.605365,-1.0,-1.0,-1
1.605365,1.605365,1.605285,1.605295,-1.0,-1.0,-1
1.605295,1.605325,1.60528,1.60529,-1.0,-1.0,-1
1.60529,1.60536,1.60529,1.60536,-1.0,-1.0,-1
1.60536,1.605375,1.60532,1.60532,-1.0,-1.0,-1
1.60532,1.605335,1.6053,1.60531,-1.0,-1.0,-1
1.60531,1.60539,1.60531,1.605365,-1.0,-1.0,-1
1.605365,1.60538,1.60533,1.60534,-1.0,-1.0,-1
1.60534,1.60539,1.605335,1.60538,-1.0,-1.0,-1
1.60538,1.60538,1.605305,1.60532,-1.0,-1.0,-1
1.60532,1.60533,1.60531,1.605315,-1.0,-1.0,-1
1.605315,1.60532,1.60525,1.605275,-1.0,-1.0,-1
1.605275,1.60531,1.605255,1.605275,-1.0,-1.0,-1
1.605275,1.60532,1.605215,1.605235,-1.0,-1.0,-1
1.605235,1.60526,1.60521,1.60525,-1.0,-1.0,-1
1.60525,1.605275,1.60525,1.60525,-1.0,-1.0,-1
1.60525,1.60528,1.60525,1.60525,-1.0,-1.0,-1
1.60525,1.605265,1.605225,1.60524,-1.0,-1.0,-1
1.60524,1.60526,1.605225,1.60526,-1.0,-1.0,-1
1.60526,1.60526,1.60524,1.605245,-1.0,-1.0,-1
1.605245,1.60525,1.60524,1.60525,-1.0,-1.0,-1
1.60525,1.605255,1.605245,1.60525,-1.0,-1.0,-1
1.60525,1.60525,1.60525,1.60525,-1.0,-1.0,-1
1.60525,1.60525,1.60524,1.60524,-1.0,-1.0,-1
1.60524,1.60526,1.60522,1.60522,-1.0,-1.0,-1
1.60522,1.60522,1.60515,1.60516,-1.0,-1.0,-1
1.60516,1.60516,1.60514,1.605155,-1.0,-1.0,-1
1.605155,1.605195,1.605155,1.605195,-1.0,-1.0,-1
1.605195,1.605275,1.605195,1.605245,-1.0,-1.0,-1
1.605245,1.60525,1.605215,1.605215,-1.0,-1.0,-1
1.605215,1.605245,1.60521,1.60522,-1.0,-1.0,-1
1.60522,1.605235,1.605205,1.60521,-1.0,-1.0,-1
1.60521,1.605215,1.6052,1.605205,-1.0,-1.0,-1
1.605205,1.605215,1.605075,1.60508,-1.0,-1.0,-1
1.60508,1.60509,1.605045,1.60505,-1.0,-1.0,-1
1.60505,1.60511,1.604995,1.60501,-1.0,-1.0,-1
1.60501,1.60505,1.60499,1.60504,-1.0,-1.0,-1
1.60504,1.60505,1.604965,1.605005,-1.0,-1.0,-1
1.605005,1.605005,1.60498,1.60498,-1.0,-1.0,-1
1.60498,1.60498,1.60491,1.604965,-1.0,-1.0,-1
1.604965,1.60498,1.60492,1.604925,-1.0,-1.0,-1
1.604925,1.60496,1.60492,1.60496,-1.0,-1.0,-1
1.60496,1.60497,1.604955,1.60496,-1.0,-1.0,-1
1.60496,1.60496,1.604925,1.604935,-1.0,-1.0,-1
1.604935,1.604955,1.604905,1.604955,-1.0,-1.0,-1
1.604955,1.605005,1.604955,1.605005,-1.0,-1.0,-1
1.605005,1.60506,1.605,1.60505,-1.0,-1.0,-1
1.60505,1.60505,1.60498,1.604995,-1.0,-1.0,-1
1.604995,1.60504,1.60499,1.60501,-1.0,-1.0,-1
1.60501,1.60506,1.605,1.60502,-1.0,-1.0,-1
1.60502,1.60502,1.60499,1.60501,-1.0,-1.0,-1
1.60501,1.60504,1.60501,1.60504,-1.0,-1.0,-1
1.60504,1.60507,1.60503,1.60507,-1.0,-1.0,-1
1.60507,1.605095,1.60507,1.60509,-1.0,-1.0,-1
1.60509,1.605095,1.605065,1.605065,-1.0,-1.0,-1
1.605065,1.605075,1.605065,1.605065,-1.0,-1.0,-1
1.605065,1.60508,1.605065,1.60508,-1.0,-1.0,-1
1.60508,1.60508,1.605065,1.605075,-1.0,-1.0,-1
1.605075,1.60508,1.605025,1.605045,-1.0,-1.0,-1
1.605045,1.605055,1.605035,1.60505,-1.0,-1.0,-1
1.60505,1.60506,1.60504,1.605055,-1.0,-1.0,-1
1.605055,1.60507,1.605045,1.605055,-1.0,-1.0,-1
1.605055,1.605105,1.605045,1.605105,-1.0,-1.0,-1
1.605105,1.605105,1.60501,1.605015,-1.0,-1.0,-1
1.605015,1.60503,1.605015,1.60503,-1.0,-1.0,-1
1.60503,1.60505,1.605025,1.605035,-1.0,-1.0,-1
1.605035,1.60504,1.60503,1.605035,-1.0,-1.0,-1
1.605035,1.605105,1.605035,1.6051,-1.0,-1.0,-1
1.6051,1.6051,1.605095,1.6051,-1.0,-1.0,-1
1.6051,1.605115,1.605085,1.60509,-1.0,-1.0,-1
1.60509,1.60509,1.605085,1.60509,-1.0,-1.0,-1
1.60509,1.605115,1.605045,1.60506,-1.0,-1.0,-1
1.60506,1.605085,1.605005,1.605035,-1.0,-1.0,-1
1.605035,1.605035,1.60497,1.60498,-1.0,-1.0,-1
1.60498,1.604995,1.60493,1.60495,-1.0,-1.0,-1
1.60495,1.605015,1.60494,1.60497,-1.0,-1.0,-1
1.60497,1.605,1.60496,1.604975,-1.0,-1.0,-1
1.604975,1.605005,1.60495,1.604965,-1.0,-1.0,-1
1.604965,1.60497,1.604955,1.604955,-1.0,-1.0,-1
1.604955,1.604985,1.604955,1.60497,-1.0,-1.0,-1
1.60497,1.60507,1.60497,1.60507,-1.0,-1.0,-1
1.60507,1.60508,1.60501,1.605015,-1.0,-1.0,-1
1.605015,1.60502,1.604995,1.60501,-1.0,-1.0,-1
1.60501,1.605035,1.604995,1.605035,-1.0,-1.0,-1
1.605035,1.60504,1.60503,1.60504,-1.0,-1.0,-1
1.60504,1.60504,1.604955,1.60498,-1.0,-1.0,-1
1.60498,1.60498,1.604945,1.604955,-1.0,-1.0,-1
1.604955,1.60497,1.60494,1.604955,-1.0,-1.0,-1
1.604955,1.604955,1.60492,1.604925,-1.0,-1.0,-1
1.604925,1.60495,1.60492,1.60495,-1.0,-1.0,-1
1.60495,1.60495,1.60494,1.60494,-1.0,-1.0,-1
1.60494,1.605005,1.60493,1.604955,-1.0,-1.0,-1
1.604955,1.604985,1.60495,1.604955,-1.0,-1.0,-1
1.604955,1.604975,1.60495,1.604955,-1.0,-1.0,-1
1.604955,1.604955,1.604945,1.60495,-1.0,-1.0,-1
1.60495,1.60496,1.60495,1.604955,-1.0,-1.0,-1
1.604955,1.60497,1.604955,1.60497,-1.0,-1.0,-1
1.60497,1.60497,1.60496,1.60496,-1.0,-1.0,-1
1.60496,1.60496,1.60496,1.60496,-1.0,-1.0,-1
1.60496,1.60496,1.60496,1.60496,-1.0,-1.0,-1
1.60496,1.60496,1.60496,1.60496,-1.0,-1.0,-1
1.60496,1.60496,1.604945,1.604945,-1.0,-1.0,-1
1.604945,1.604945,1.604875,1.604885,-1.0,-1.0,-1
1.604885,1.60491,1.60484,1.604865,-1.0,-1.0,-1
1.604865,1.604865,1.60481,1.60486,-1.0,-1.0,-1
1.60486,1.604865,1.60483,1.604845,-1.0,-1.0,-1
1.604845,1.60485,1.604795,1.604795,-1.0,-1.0,-1
1.604795,1.604805,1.604795,1.604795,-1.0,-1.0,-1
1.604795,1.60481,1.604785,1.604795,-1.0,-1.0,-1
1.604795,1.60481,1.604795,1.60481,-1.0,-1.0,-1
1.60481,1.604825,1.604775,1.604795,-1.0,-1.0,-1
1.604795,1.6048,1.604765,1.604765,-1.0,-1.0,-1
1.604765,1.6048,1.60476,1.604795,-1.0,-1.0,-1
1.604795,1.6048,1.604765,1.60477,-1.0,-1.0,-1
1.60477,1.60478,1.604765,1.60478,-1.0,-1.0,-1
1.60478,1.60481,1.60478,1.6048,-1.0,-1.0,-1
1.6048,1.604815,1.60479,1.604805,-1.0,-1.0,-1
1.604805,1.60481,1.60479,1.604805,-1.0,-1.0,-1
1.604805,1.604805,1.604755,1.60477,-1.0,-1.0,-1
1.60477,1.604785,1.60477,1.60477,-1.0,-1.0,-1
1.60477,1.60477,1.60472,1.60472,-1.0,-1.0,-1
1.60472,1.60472,1.604715,1.60472,-1.0,-1.0,-1
1.60472,1.604755,1.60472,1.60474,-1.0,-1.0,-1
1.60474,1.604745,1.604725,1.604725,-1.0,-1.0,-1
1.604725,1.604755,1.6047,1.6047,-1.0,-1.0,-1
1.6047,1.60472,1.604675,1.604695,-1.0,-1.0,-1
1.604695,1.604705,1.604685,1.604685,-1.0,-1.0,-1
1.604685,1.6047,1.60467,1.604685,-1.0,-1.0,-1
1.604685,1.604685,1.604675,1.604675,-1.0,-1.0,-1
1.604675,1.604705,1.604675,1.60468,-1.0,-1.0,-1
1.60468,1.60469,1.604655,1.60467,-1.0,-1.0,-1
1.60467,1.604725,1.604665,1.60472,-1.0,-1.0,-1
1.60472,1.60472,1.604695,1.604705,-1.0,-1.0,-1
1.604705,1.60471,1.60469,1.6047,-1.0,-1.0,-1
1.6047,1.604715,1.6047,1.6047,-1.0,-1.0,-1
1.6047,1.60471,1.604665,1.60468,-1.0,-1.0,-1
1.60468,1.6047,1.604655,1.60466,-1.0,-1.0,-1
1.60466,1.60472,1.604655,1.604715,-1.0,-1.0,-1
1.604715,1.60472,1.604715,1.60472,-1.0,-1.0,-1
1.60472,1.60472,1.6047,1.60472,-1.0,-1.0,-1
1.60472,1.60472,1.604675,1.604685,-1.0,-1.0,-1
1.604685,1.60471,1.604675,1.60468,-1.0,-1.0,-1
1.60468,1.604835,1.60468,1.60481,-1.0,-1.0,-1
1.60481,1.604825,1.60481,1.60481,-1.0,-1.0,-1
1.60481,1.60482,1.60481,1.604815,-1.0,-1.0,-1
1.604815,1.60487,1.60481,1.604815,-1.0,-1.0,-1
1.604815,1.60483,1.604815,1.60482,-1.0,-1.0,-1
1.60482,1.604845,1.604805,1.60481,-1.0,-1.0,-1
1.60481,1.604855,1.60481,1.60481,-1.0,-1.0,-1
1.60481,1.604875,1.60481,1.604865,-1.0,-1.0,-1
1.604865,1.604875,1.60481,1.60482,-1.0,-1.0,-1
1.60482,1.60482,1.604805,1.604805,-1.0,-1.0,-1
1.604805,1.604835,1.604795,1.604795,-1.0,-1.0,-1
1.604795,1.604825,1.604795,1.604825,-1.0,-1.0,-1
1.604825,1.604825,1.60474,1.604755,-1.0,-1.0,-1
1.604755,1.604765,1.60475,1.604765,-1.0,-1.0,-1
1.604765,1.604765,1.60473,1.604755,-1.0,-1.0,-1
1.604755,1.604755,1.60473,1.604735,-1.0,-1.0,-1
1.604735,1.604735,1.604515,1.604605,-1.0,-1.0,-1
1.604605,1.604625,1.60458,1.60458,-1.0,-1.0,-1
1.60458,1.604635,1.60458,1.60461,-1.0,-1.0,-1
1.60461,1.60464,1.6046,1.604605,-1.0,-1.0,-1
1.604605,1.604625,1.6046,1.60462,-1.0,-1.0,-1
1.60462,1.60466,1.604615,1.60462,-1.0,-1.0,-1
1.60462,1.60463,1.604605,1.604615,-1.0,-1.0,-1
1.604615,1.60469,1.60461,1.60463,-1.0,-1.0,-1
1.60463,1.604735,1.604615,1.604735,-1.0,-1.0,-1
1.604735,1.60478,1.60473,1.60475,-1.0,-1.0,-1
1.60475,1.60475,1.60473,1.60473,-1.0,-1.0,-1
1.60473,1.60474,1.604715,1.60472,-1.0,-1.0,-1
1.60472,1.60472,1.60471,1.60471,-1.0,-1.0,-1
1.60471,1.60472,1.604695,1.60471,-1.0,-1.0,-1
1.60471,1.60472,1.604705,1.60471,-1.0,-1.0,-1
1.60471,1.604725,1.604685,1.604695,-1.0,-1.0,-1
1.604695,1.604715,1.60467,1.60471,-1.0,-1.0,-1
1.60471,1.60473,1.604695,1.604695,-1.0,-1.0,-1
1.604695,1.604705,1.60469,1.6047,-1.0,-1.0,-1
1.6047,1.604775,1.6047,1.60475,-1.0,-1.0,-1
1.60475,1.60481,1.60475,1.604805,-1.0,-1.0,-1
1.604805,1.60485,1.604795,1.604795,-1.0,-1.0,-1
1.604795,1.60491,1.60479,1.60491,-1.0,-1.0,-1
1.60491,1.604915,1.60486,1.604865,-1.0,-1.0,-1
1.604865,1.604865,1.60485,1.60486,-1.0,-1.0,-1
1.60486,1.604865,1.604845,1.604845,-1.0,-1.0,-1
1.604845,1.60487,1.604845,1.60487,-1.0,-1.0,-1
1.60487,1.60487,1.604825,1.60483,-1.0,-1.0,-1
1.60483,1.60485,1.60482,1.604825,-1.0,-1.0,-1
1.604825,1.604855,1.60481,1.604825,-1.0,-1.0,-1
1.604825,1.604835,1.60481,1.60482,-1.0,-1.0,-1
1.60482,1.604855,1.604815,1.604845,-1.0,-1.0,-1
1.604845,1.604845,1.60481,1.604835,-1.0,-1.0,-1
1.604835,1.604835,1.60479,1.6048,-1.0,-1.0,-1
1.6048,1.60483,1.604795,1.6048,-1.0,-1.0,-1
1.6048,1.60481,1.60478,1.60478,-1.0,-1.0,-1
1.60478,1.604845,1.60472,1.60483,-1.0,-1.0,-1
1.60483,1.60483,1.6048,1.604815,-1.0,-1.0,-1
1.604815,1.604815,1.6048,1.604805,-1.0,-1.0,-1
1.604805,1.604815,1.604805,1.604815,-1.0,-1.0,-1
1.604815,1.60483,1.60481,1.604815,-1.0,-1.0,-1
1.604815,1.604865,1.60481,1.60481,-1.0,-1.0,-1
1.60481,1.60481,1.60481,1.60481,-1.0,-1.0,-1
1.60481,1.604865,1.60481,1.604825,-1.0,-1.0,-1
1.604825,1.604825,1.60481,1.60481,-1.0,-1.0,-1
1.60481,1.60485,1.60481,1.604815,-1.0,-1.0,-1
1.604815,1.60484,1.604805,1.60484,-1.0,-1.0,-1
1.60484,1.60484,1.60482,1.604825,-1.0,-1.0,-1
1.604825,1.60484,1.604805,1.604805,-1.0,-1.0,-1
1.604805,1.60481,1.604805,1.604805,-1.0,-1.0,-1
1.604805,1.604805,1.604805,1.604805,-1.0,-1.0,-1
1.604805,1.60485,1.604805,1.604835,-1.0,-1.0,-1
1.604835,1.604865,1.604825,1.604865,-1.0,-1.0,-1
1.604865,1.604865,1.60484,1.60485,-1.0,-1.0,-1
1.60485,1.604875,1.604845,1.60486,-1.0,-1.0,-1
1.60486,1.604875,1.60486,1.60486,-1.0,-1.0,-1
1.60486,1.604915,1.60486,1.604915,-1.0,-1.0,-1
1.604915,1.60493,1.604915,1.60493,-1.0,-1.0,-1
1.60493,1.604945,1.60493,1.604945,-1.0,-1.0,-1
1.604945,1.604945,1.604915,1.604925,-1.0,-1.0,-1
1.604925,1.604925,1.6049,1.60491,-1.0,-1.0,-1
1.60491,1.60491,1.6049,1.604905,-1.0,-1.0,-1
1.604905,1.60495,1.604905,1.604925,-1.0,-1.0,-1
1.604925,1.604935,1.604925,1.60493,-1.0,-1.0,-1
1.60493,1.60494,1.6049,1.60491,-1.0,-1.0,-1
1.60491,1.604955,1.604895,1.604945,-1.0,-1.0,-1
1.604945,1.604955,1.604945,1.604955,-1.0,-1.0,-1
1.604955,1.604955,1.604915,1.60494,-1.0,-1.0,-1
1.60494,1.60494,1.604915,1.60493,-1.0,-1.0,-1
1.60493,1.604935,1.604905,1.604925,-1.0,-1.0,-1
1.604925,1.60494,1.60491,1.60492,-1.0,-1.0,-1
1.60492,1.60493,1.60491,1.60491,-1.0,-1.0,-1
1.60491,1.60493,1.6049,1.604915,-1.0,-1.0,-1
1.604915,1.604925,1.604865,1.60487,-1.0,-1.0,-1
1.60487,1.60488,1.60486,1.604875,-1.0,-1.0,-1
1.604875,1.60492,1.60485,1.60492,-1.0,-1.0,-1
1.60492,1.60493,1.6049,1.604925,-1.0,-1.0,-1
1.604925,1.60499,1.60492,1.604965,-1.0,-1.0,-1
1.604965,1.605015,1.604955,1.604965,-1.0,-1.0,-1
1.604965,1.60498,1.60494,1.604945,-1.0,-1.0,-1
1.604945,1.60495,1.60485,1.604885,-1.0,-1.0,-1
1.604885,1.60494,1.604885,1.604935,-1.0,-1.0,-1
1.604935,1.604935,1.604885,1.60491,-1.0,-1.0,-1
1.60491,1.604945,1.60488,1.604945,-1.0,-1.0,-1
1.604945,1.604945,1.60491,1.60494,-1.0,-1.0,-1
1.60494,1.60494,1.604895,1.6049,-1.0,-1.0,-1
1.6049,1.60492,1.6049,1.60492,-1.0,-1.0,-1
1.60492,1.60495,1.604905,1.60493,-1.0,-1.0,-1
1.60493,1.604945,1.604925,1.60493,-1.0,-1.0,-1
1.60493,1.604935,1.604925,1.60493,-1.0,-1.0,-1
1.60493,1.604935,1.60492,1.604925,-1.0,-1.0,-1
1.604925,1.60498,1.604915,1.604965,-1.0,-1.0,-1
1.604965,1.60497,1.60495,1.604955,-1.0,-1.0,-1
1.604955,1.604965,1.60495,1.604965,-1.0,-1.0,-1
1.604965,1.60498,1.60496,1.60497,-1.0,-1.0,-1
1.60497,1.60498,1.60497,1.604975,-1.0,-1.0,-1
1.604975,1.60502,1.604975,1.60501,-1.0,-1.0,-1
1.60501,1.60501,1.60499,1.605005,-1.0,-1.0,-1
1.605005,1.605015,1.60499,1.605015,-1.0,-1.0,-1
1.605015,1.605015,1.604985,1.604995,-1.0,-1.0,-1
1.604995,1.605,1.60498,1.605,-1.0,-1.0,-1
1.605,1.605,1.60497,1.604985,-1.0,-1.0,-1
1.604985,1.60504,1.604985,1.60504,-1.0,-1.0,-1
1.60504,1.60504,1.60502,1.605025,-1.0,-1.0,-1
1.605025,1.60504,1.605,1.60502,-1.0,-1.0,-1
1.60502,1.605035,1.60499,1.60502,-1.0,-1.0,-1
1.60502,1.605025,1.604995,1.605005,-1.0,-1.0,-1
1.605005,1.605005,1.604975,1.604975,-1.0,-1.0,-1
1.604975,1.605005,1.604965,1.604995,-1.0,-1.0,-1
1.604995,1.604995,1.60499,1.604995,-1.0,-1.0,-1
1.604995,1.605,1.60499,1.605,-1.0,-1.0,-1
1.605,1.60503,1.60498,1.60501,-1.0,-1.0,-1
1.60501,1.605035,1.60501,1.605035,-1.0,-1.0,-1
1.605035,1.605045,1.60502,1.605035,-1.0,-1.0,-1
1.605035,1.605045,1.60503,1.605045,-1.0,-1.0,-1
1.605045,1.605055,1.60501,1.605015,-1.0,-1.0,-1
1.605015,1.605015,1.60499,1.604995,-1.0,-1.0,-1
1.604995,1.605065,1.604995,1.60505,-1.0,-1.0,-1
1.60505,1.60507,1.60501,1.605015,-1.0,-1.0,-1
1.605015,1.605015,1.605,1.60501,-1.0,-1.0,-1
1.60501,1.605045,1.605005,1.605015,-1.0,-1.0,-1
1.605015,1.60506,1.604985,1.605055,-1.0,-1.0,-1
1.605055,1.60509,1.605055,1.60509,-1.0,-1.0,-1
1.60509,1.6051,1.60509,1.6051,-1.0,-1.0,-1
1.6051,1.60512,1.6051,1.6051,-1.0,-1.0,-1
1.6051,1.6051,1.60508,1.605085,-1.0,-1.0,-1
1.605085,1.605095,1.60508,1.60509,-1.0,-1.0,-1
1.60509,1.6051,1.60507,1.6051,-1.0,-1.0,-1
1.6051,1.6051,1.60506,1.605075,-1.0,-1.0,-1
1.605075,1.60508,1.605045,1.605055,-1.0,-1.0,-1
1.605055,1.605075,1.605035,1.605055,-1.0,-1.0,-1
1.605055,1.60507,1.605045,1.60506,-1.0,-1.0,-1
1.60506,1.605065,1.605045,1.60505,-1.0,-1.0,-1
1.60505,1.605075,1.60505,1.605055,-1.0,-1.0,-1
1.605055,1.60506,1.60499,1.605,-1.0,-1.0,-1
1.605,1.60501,1.60497,1.604995,-1.0,-1.0,-1
1.604995,1.605015,1.60498,1.605015,-1.0,-1.0,-1
1.605015,1.605065,1.605015,1.605055,-1.0,-1.0,-1
1.605055,1.605065,1.60505,1.60506,-1.0,-1.0,-1
1.60506,1.60509,1.60502,1.60504,-1.0,-1.0,-1
1.60504,1.60504,1.60502,1.60503,-1.0,-1.0,-1
1.60503,1.605045,1.60501,1.605035,-1.0,-1.0,-1
1.605035,1.60504,1.60501,1.605035,-1.0,-1.0,-1
1.605035,1.60506,1.60503,1.60505,-1.0,-1.0,-1
1.60505,1.60505,1.605045,1.605045,-1.0,-1.0,-1
1.605045,1.60506,1.60503,1.605055,-1.0,-1.0,-1
1.605055,1.60506,1.605015,1.60503,-1.0,-1.0,-1
1.60503,1.605065,1.605025,1.605055,-1.0,-1.0,-1
1.605055,1.60506,1.605015,1.60504,-1.0,-1.0,-1
1.60504,1.60504,1.605015,1.60502,-1.0,-1.0,-1
1.60502,1.60504,1.605015,1.60503,-1.0,-1.0,-1
1.60503,1.605035,1.604975,1.60498,-1.0,-1.0,-1
1.60498,1.60503,1.60498,1.60501,-1.0,-1.0,-1
1.60501,1.605015,1.60499,1.605,-1.0,-1.0,-1
1.605,1.605015,1.604985,1.605005,-1.0,-1.0,-1
1.605005,1.60505,1.605,1.605035,-1.0,-1.0,-1
1.605035,1.60505,1.605015,1.60505,-1.0,-1.0,-1
1.60505,1.605065,1.60502,1.60502,-1.0,-1.0,-1
1.60502,1.605045,1.60502,1.60504,-1.0,-1.0,-1
1.60504,1.605045,1.60502,1.605045,-1.0,-1.0,-1
1.605045,1.605045,1.60503,1.60504,-1.0,-1.0,-1
1.60504,1.605045,1.60503,1.605035,-1.0,-1.0,-1
1.605035,1.605035,1.60502,1.60502,-1.0,-1.0,-1
1.60502,1.60503,1.60501,1.60503,-1.0,-1.0,-1
1.60503,1.605035,1.605025,1.60503,-1.0,-1.0,-1
1.60503,1.60504,1.60502,1.60503,-1.0,-1.0,-1
1.60503,1.60508,1.60503,1.605075,-1.0,-1.0,-1
1.605075,1.605085,1.605065,1.605065,-1.0,-1.0,-1
1.605065,1.605095,1.605065,1.60509,-1.0,-1.0,-1
1.60509,1.605105,1.60506,1.605065,-1.0,-1.0,-1
1.605065,1.60508,1.605045,1.60505,-1.0,-1.0,-1
1.60505,1.605105,1.605045,1.60506,-1.0,-1.0,-1
1.60506,1.605075,1.60506,1.605065,-1.0,-1.0,-1
1.605065,1.605115,1.605065,1.605115,-1.0,-1.0,-1
1.605115,1.60513,1.605115,1.60512,-1.0,-1.0,-1
1.60512,1.605125,1.605075,1.60512,-1.0,-1.0,-1
1.60512,1.60513,1.605115,1.60512,-1.0,-1.0,-1
1.60512,1.605125,1.605105,1.60512,-1.0,-1.0,-1
1.60512,1.605125,1.60508,1.605085,-1.0,-1.0,-1
1.605085,1.60509,1.60507,1.60509,-1.0,-1.0,-1
1.60509,1.60518,1.605085,1.60515,-1.0,-1.0,-1
1.60515,1.60524,1.60515,1.605215,-1.0,-1.0,-1
1.605215,1.60524,1.60518,1.60519,-1.0,-1.0,-1
1.60519,1.60526,1.60519,1.605225,-1.0,-1.0,-1
1.605225,1.60526,1.60522,1.60524,-1.0,-1.0,-1
1.60524,1.60525,1.60517,1.605185,-1.0,-1.0,-1
1.605185,1.605195,1.605135,1.60516,-1.0,-1.0,-1
1.60516,1.605165,1.60514,1.605155,-1.0,-1.0,-1
1.605155,1.60517,1.60514,1.605155,-1.0,-1.0,-1
1.605155,1.605185,1.60512,1.60512,-1.0,-1.0,-1
1.60512,1.60513,1.605095,1.6051,-1.0,-1.0,-1
1.6051,1.605105,1.605025,1.60504,-1.0,-1.0,-1
1.60504,1.605155,1.60504,1.6051,-1.0,-1.0,-1
1.6051,1.605175,1.60509,1.605105,-1.0,-1.0,-1
1.605105,1.60515,1.605095,1.605135,-1.0,-1.0,-1
1.605135,1.60516,1.605115,1.605115,-1.0,-1.0,-1
1.605115,1.60517,1.60508,1.605125,-1.0,-1.0,-1
1.605125,1.605135,1.605055,1.605055,-1.0,-1.0,-1
1.605055,1.60515,1.605055,1.60513,-1.0,-1.0,-1
1.60513,1.605275,1.60513,1.605275,-1.0,-1.0,-1
1.605275,1.60531,1.60525,1.605305,-1.0,-1.0,-1
1.605305,1.60534,1.60527,1.605325,-1.0,-1.0,-1
1.605325,1.605335,1.6053,1.60532,-1.0,-1.0,-1
1.60532,1.60533,1.60529,1.60529,-1.0,-1.0,-1
1.60529,1.605305,1.60526,1.605275,-1.0,-1.0,-1
1.605275,1.60529,1.605255,1.60529,-1.0,-1.0,-1
1.60529,1.605305,1.605265,1.605285,-1.0,-1.0,-1
1.605285,1.605295,1.605265,1.605295,-1.0,-1.0,-1
1.605295,1.605385,1.60528,1.60534,-1.0,-1.0,-1
1.60534,1.60534,1.605315,1.605315,-1.0,-1.0,-1
1.605315,1.605315,1.60526,1.60528,-1.0,-1.0,-1
1.60528,1.60528,1.60525,1.60526,-1.0,-1.0,-1
1.60526,1.60527,1.60519,1.60525,-1.0,-1.0,-1
1.60525,1.60529,1.60524,1.605255,-1.0,-1.0,-1
1.605255,1.605255,1.60516,1.60516,-1.0,-1.0,-1
1.60516,1.6052,1.60515,1.60515,-1.0,-1.0,-1
1.60515,1.605165,1.605135,1.60515,-1.0,-1.0,-1
1.60515,1.605185,1.60515,1.605155,-1.0,-1.0,-1
1.605155,1.60516,1.605045,1.60505,-1.0,-1.0,-1
1.60505,1.60505,1.605035,1.60505,-1.0,-1.0,-1
1.60505,1.60505,1.605035,1.605035,-1.0,-1.0,-1
1.605035,1.605075,1.605035,1.60506,-1.0,-1.0,-1
1.60506,1.60507,1.60506,1.60507,-1.0,-1.0,-1
1.60507,1.60507,1.605015,1.60503,-1.0,-1.0,-1
1.60503,1.60503,1.604975,1.605005,-1.0,-1.0,-1
1.605005,1.60504,1.604995,1.605035,-1.0,-1.0,-1
1.605035,1.60504,1.605,1.60501,-1.0,-1.0,-1
1.60501,1.605045,1.604995,1.60504,-1.0,-1.0,-1
1.60504,1.605045,1.60498,1.60498,-1.0,-1.0,-1
1.60498,1.604985,1.60497,1.604985,-1.0,-1.0,-1
1.604985,1.60499,1.60495,1.60496,-1.0,-1.0,-1
1.60496,1.60498,1.6049,1.60497,-1.0,-1.0,-1
1.60497,1.605005,1.604955,1.605005,-1.0,-1.0,-1
1.605005,1.605005,1.60499,1.604995,-1.0,-1.0,-1
1.604995,1.604995,1.604985,1.604995,-1.0,-1.0,-1
1.604995,1.604995,1.60499,1.604995,-1.0,-1.0,-1
1.604995,1.604995,1.60498,1.604985,-1.0,-1.0,-1
1.604985,1.60499,1.604945,1.60495,-1.0,-1.0,-1
1.60495,1.60495,1.604915,1.60493,-1.0,-1.0,-1
1.60493,1.604995,1.604915,1.60498,-1.0,-1.0,-1
1.60498,1.604995,1.604975,1.604985,-1.0,-1.0,-1
1.604985,1.605005,1.60498,1.605005,-1.0,-1.0,-1
1.605005,1.605005,1.605,1.605005,-1.0,-1.0,-1
1.605005,1.605005,1.604985,1.604985,-1.0,-1.0,-1
1.604985,1.604995,1.60498,1.60498,-1.0,-1.0,-1
1.60498,1.604995,1.60498,1.604995,-1.0,-1.0,-1
1.604995,1.604995,1.60498,1.60498,-1.0,-1.0,-1
1.60498,1.605,1.60495,1.60499,-1.0,-1.0,-1
1.60499,1.605025,1.604975,1.605015,-1.0,-1.0,-1
1.605015,1.60505,1.605015,1.605045,-1.0,-1.0,-1
1.605045,1.605065,1.60498,1.605065,-1.0,-1.0,-1
1.605065,1.60507,1.605055,1.60506,-1.0,-1.0,-1
1.60506,1.60508,1.605035,1.60505,-1.0,-1.0,-1
1.60505,1.6051,1.605045,1.605085,-1.0,-1.0,-1
1.605085,1.60515,1.605085,1.605135,-1.0,-1.0,-1
1.605135,1.605145,1.60512,1.60512,-1.0,-1.0,-1
1.60512,1.60514,1.605105,1.605105,-1.0,-1.0,-1
1.605105,1.60511,1.605095,1.605095,-1.0,-1.0,-1
1.605095,1.6051,1.60508,1.605085,-1.0,-1.0,-1
1.605085,1.605095,1.605045,1.605075,-1.0,-1.0,-1
1.605075,1.605085,1.605075,1.60508,-1.0,-1.0,-1
1.60508,1.6051,1.60508,1.6051,-1.0,-1.0,-1
1.6051,1.605105,1.605085,1.605105,-1.0,-1.0,-1
1.605105,1.60511,1.605075,1.6051,-1.0,-1.0,-1
1.6051,1.6051,1.60502,1.605085,-1.0,-1.0,-1
1.605085,1.605085,1.605065,1.605085,-1.0,-1.0,-1
1.605085,1.605085,1.605075,1.605085,-1.0,-1.0,-1
1.605085,1.605085,1.605055,1.605085,-1.0,-1.0,-1
1.605085,1.605085,1.60506,1.60506,-1.0,-1.0,-1
1.60506,1.60507,1.60506,1.60507,-1.0,-1.0,-1
1.60507,1.605155,1.60507,1.605105,-1.0,-1.0,-1
1.605105,1.605125,1.6051,1.6051,-1.0,-1.0,-1
1.6051,1.605135,1.60508,1.605125,-1.0,-1.0,-1
1.605125,1.60513,1.605115,1.605125,-1.0,-1.0,-1
1.605125,1.605125,1.605115,1.605115,-1.0,-1.0,-1
1.605115,1.60512,1.60511,1.60511,-1.0,-1.0,-1
1.60511,1.60512,1.605085,1.60512,-1.0,-1.0,-1
1.60512,1.60512,1.60508,1.605115,-1.0,-1.0,-1
1.605115,1.605125,1.605055,1.605055,-1.0,-1.0,-1
1.605055,1.60506,1.605045,1.605045,-1.0,-1.0,-1
1.605045,1.605045,1.60503,1.605035,-1.0,-1.0,-1
1.605035,1.60506,1.605035,1.60506,-1.0,-1.0,-1
1.60506,1.605065,1.605045,1.605055,-1.0,-1.0,-1
1.605055,1.60507,1.605035,1.60507,-1.0,-1.0,-1
1.60507,1.60509,1.60507,1.60508,-1.0,-1.0,-1
1.60508,1.605095,1.60508,1.60509,-1.0,-1.0,-1
1.60509,1.605185,1.605085,1.60518,-1.0,-1.0,-1
1.60518,1.60518,1.605105,1.60511,-1.0,-1.0,-1
1.60511,1.605125,1.605095,1.605095,-1.0,-1.0,-1
1.605095,1.605095,1.605075,1.60508,-1.0,-1.0,-1
1.60508,1.605095,1.605055,1.60509,-1.0,-1.0,-1
1.60509,1.60512,1.605075,1.605095,-1.0,-1.0,-1
1.605095,1.605105,1.60506,1.60506,-1.0,-1.0,-1
1.60506,1.60507,1.60502,1.60502,-1.0,-1.0,-1
1.60502,1.60502,1.604985,1.604985,-1.0,-1.0,-1
1.604985,1.604985,1.60493,1.60494,-1.0,-1.0,-1
1.60494,1.60494,1.604925,1.60494,-1.0,-1.0,-1
1.60494,1.60495,1.604925,1.60494,-1.0,-1.0,-1
1.60494,1.60501,1.60493,1.604955,-1.0,-1.0,-1
1.604955,1.604955,1.60488,1.60492,-1.0,-1.0,-1
1.60492,1.604965,1.60491,1.60493,-1.0,-1.0,-1
1.60493,1.604945,1.60492,1.60492,-1.0,-1.0,-1
1.60492,1.604955,1.60492,1.60493,-1.0,-1.0,-1
1.60493,1.604945,1.604925,1.604925,-1.0,-1.0,-1
1.604925,1.604925,1.60489,1.60491,-1.0,-1.0,-1
1.60491,1.604925,1.60489,1.6049,-1.0,-1.0,-1
1.6049,1.60492,1.604885,1.60491,-1.0,-1.0,-1
1.60491,1.60491,1.604885,1.60491,-1.0,-1.0,-1
1.60491,1.605005,1.604885,1.604995,-1.0,-1.0,-1
1.604995,1.604995,1.60496,1.60496,-1.0,-1.0,-1
1.60496,1.60499,1.60494,1.604965,-1.0,-1.0,-1
1.604965,1.604965,1.60494,1.604955,-1.0,-1.0,-1
1.604955,1.604965,1.604955,1.604965,-1.0,-1.0,-1
1.604965,1.604965,1.604945,1.604965,-1.0,-1.0,-1
1.604965,1.60497,1.60495,1.60497,-1.0,-1.0,-1
1.60497,1.605025,1.60497,1.605025,-1.0,-1.0,-1
1.605025,1.605025,1.60499,1.60501,-1.0,-1.0,-1
1.60501,1.605035,1.60501,1.60502,-1.0,-1.0,-1
1.60502,1.605025,1.605015,1.60502,-1.0,-1.0,-1
1.60502,1.60504,1.60496,1.605035,-1.0,-1.0,-1
1.605035,1.605075,1.605035,1.605075,-1.0,-1.0,-1
1.605075,1.605085,1.605055,1.60507,-1.0,-1.0,-1
1.60507,1.60508,1.60502,1.60504,-1.0,-1.0,-1
1.60504,1.60505,1.605025,1.60504,-1.0,-1.0,-1
1.60504,1.60504,1.605025,1.605025,-1.0,-1.0,-1
1.605025,1.605035,1.605025,1.60503,-1.0,-1.0,-1
1.60503,1.60505,1.60503,1.60503,-1.0,-1.0,-1
1.60503,1.605065,1.60503,1.605055,-1.0,-1.0,-1
1.605055,1.605085,1.605015,1.605015,-1.0,-1.0,-1
1.605015,1.60502,1.604965,1.60499,-1.0,-1.0,-1
1.60499,1.60499,1.60496,1.604975,-1.0,-1.0,-1
1.604975,1.605,1.604975,1.605,-1.0,-1.0,-1
1.605,1.60501,1.60498,1.60498,-1.0,-1.0,-1
1.60498,1.60499,1.604945,1.604945,-1.0,-1.0,-1
1.604945,1.604955,1.60492,1.60494,-1.0,-1.0,-1
1.60494,1.604995,1.60494,1.604995,-1.0,-1.0,-1
1.604995,1.60501,1.60499,1.60501,-1.0,-1.0,-1
1.60501,1.605025,1.604995,1.605015,-1.0,-1.0,-1
1.605015,1.60502,1.605015,1.60502,-1.0,-1.0,-1
1.60502,1.60502,1.605015,1.605015,-1.0,-1.0,-1
1.605015,1.60502,1.605015,1.605015,-1.0,-1.0,-1
1.605015,1.605025,1.60499,1.605,-1.0,-1.0,-1
1.605,1.605015,1.604985,1.60499,-1.0,-1.0,-1
1.60499,1.60499,1.60497,1.604985,-1.0,-1.0,-1
1.604985,1.604985,1.604955,1.604955,-1.0,-1.0,-1
1.604955,1.604975,1.604945,1.604945,-1.0,-1.0,-1
1.604945,1.60499,1.60494,1.60499,-1.0,-1.0,-1
1.60499,1.60502,1.60497,1.605005,-1.0,-1.0,-1
1.605005,1.605005,1.60498,1.604985,-1.0,-1.0,-1
1.604985,1.60501,1.604985,1.60501,-1.0,-1.0,-1
1.60501,1.60502,1.60496,1.604985,-1.0,-1.0,-1
1.604985,1.605015,1.604985,1.605,-1.0,-1.0,-1
1.605,1.605015,1.604985,1.604985,-1.0,-1.0,-1
1.604985,1.605015,1.604985,1.60501,-1.0,-1.0,-1
1.60501,1.605025,1.604995,1.60501,-1.0,-1.0,-1
1.60501,1.60502,1.604995,1.605,-1.0,-1.0,-1
1.605,1.605005,1.604975,1.60498,-1.0,-1.0,-1
1.60498,1.60498,1.604975,1.604975,-1.0,-1.0,-1
1.604975,1.605,1.604975,1.605,-1.0,-1.0,-1
1.605,1.60501,1.60499,1.60499,-1.0,-1.0,-1
1.60499,1.605015,1.60498,1.60498,-1.0,-1.0,-1
1.60498,1.605,1.604965,1.60497,-1.0,-1.0,-1
1.60497,1.604995,1.60497,1.604995,-1.0,-1.0,-1
1.604995,1.605,1.604975,1.604995,-1.0,-1.0,-1
1.604995,1.60502,1.60499,1.605005,-1.0,-1.0,-1
1.605005,1.605005,1.604955,1.604955,-1.0,-1.0,-1
1.604955,1.60497,1.604955,1.60496,-1.0,-1.0,-1
1.60496,1.60496,1.60496,1.60496,-1.0,-1.0,-1
1.60496,1.604985,1.60492,1.604925,-1.0,-1.0,-1
1.604925,1.60493,1.60489,1.6049,-1.0,-1.0,-1
1.6049,1.604915,1.60489,1.604915,-1.0,-1.0,-1
1.604915,1.60492,1.6049,1.60492,-1.0,-1.0,-1
1.60492,1.604925,1.6049,1.604925,-1.0,-1.0,-1
1.604925,1.604955,1.60488,1.604945,-1.0,-1.0,-1
1.604945,1.60497,1.60494,1.60497,-1.0,-1.0,-1
1.60497,1.605025,1.60497,1.605025,-1.0,-1.0,-1
1.605025,1.605025,1.60499,1.60501,-1.0,-1.0,-1
1.60501,1.60503,1.604995,1.60501,-1.0,-1.0,-1
1.60501,1.605015,1.604955,1.604955,-1.0,-1.0,-1
1.604955,1.604995,1.60491,1.60498,-1.0,-1.0,-1
1.60498,1.60501,1.604975,1.604995,-1.0,-1.0,-1
1.604995,1.605,1.60495,1.60496,-1.0,-1.0,-1
1.60496,1.604965,1.604945,1.604955,-1.0,-1.0,-1
1.604955,1.60501,1.60495,1.60501,-1.0,-1.0,-1
1.60501,1.605015,1.60499,1.605005,-1.0,-1.0,-1
1.605005,1.60502,1.60491,1.604915,-1.0,-1.0,-1
1.604915,1.60493,1.604905,1.604915,-1.0,-1.0,-1
1.604915,1.604915,1.60487,1.60488,-1.0,-1.0,-1
1.60488,1.6049,1.60488,1.60489,-1.0,-1.0,-1
1.60489,1.604925,1.604875,1.60491,-1.0,-1.0,-1
1.60491,1.604925,1.60489,1.60489,-1.0,-1.0,-1
1.60489,1.604905,1.60488,1.604885,-1.0,-1.0,-1
1.604885,1.604915,1.60487,1.60487,-1.0,-1.0,-1
1.60487,1.60492,1.60487,1.604915,-1.0,-1.0,-1
1.604915,1.604915,1.604885,1.604915,-1.0,-1.0,-1
1.604915,1.604935,1.60491,1.604915,-1.0,-1.0,-1
1.604915,1.60492,1.60491,1.604915,-1.0,-1.0,-1
1.604915,1.60494,1.604905,1.604925,-1.0,-1.0,-1
1.604925,1.60495,1.604925,1.60495,-1.0,-1.0,-1
1.60495,1.60496,1.60493,1.60496,-1.0,-1.0,-1
1.60496,1.60499,1.604955,1.60499,-1.0,-1.0,-1
1.60499,1.605,1.60499,1.605,-1.0,-1.0,-1
1.605,1.60502,1.604985,1.60501,-1.0,-1.0,-1
1.60501,1.605045,1.605,1.60503,-1.0,-1.0,-1
1.60503,1.60504,1.60502,1.605035,-1.0,-1.0,-1
1.605035,1.60504,1.60501,1.605015,-1.0,-1.0,-1
1.605015,1.605015,1.60498,1.60498,-1.0,-1.0,-1
1.60498,1.605,1.604975,1.605,-1.0,-1.0,-1
1.605,1.605,1.604975,1.60499,-1.0,-1.0,-1
1.60499,1.604995,1.60499,1.604995,-1.0,-1.0,-1
1.604995,1.604995,1.60498,1.604985,-1.0,-1.0,-1
1.604985,1.60499,1.604985,1.60499,-1.0,-1.0,-1
1.60499,1.60499,1.60495,1.60495,-1.0,-1.0,-1
1.60495,1.604975,1.604945,1.604945,-1.0,-1.0,-1
1.604945,1.60496,1.604885,1.604885,-1.0,-1.0,-1
1.604885,1.60491,1.604885,1.6049,-1.0,-1.0,-1
1.6049,1.6049,1.6049,1.6049,-1.0,-1.0,-1
1.6049,1.6049,1.60485,1.60485,-1.0,-1.0,-1
1.60485,1.6049,1.60485,1.604885,-1.0,-1.0,-1
1.604885,1.6049,1.60486,1.60486,-1.0,-1.0,-1
1.60486,1.60486,1.604845,1.60485,-1.0,-1.0,-1
1.60485,1.604885,1.604845,1.60487,-1.0,-1.0,-1
1.60487,1.604885,1.60485,1.60485,-1.0,-1.0,-1
1.60485,1.604915,1.60485,1.60491,-1.0,-1.0,-1
1.60491,1.60491,1.604885,1.604885,-1.0,-1.0,-1
1.604885,1.60491,1.604865,1.604875,-1.0,-1.0,-1
1.604875,1.604875,1.60482,1.604825,-1.0,-1.0,-1
1.604825,1.60485,1.60481,1.60484,-1.0,-1.0,-1
1.60484,1.604855,1.604835,1.604845,-1.0,-1.0,-1
1.604845,1.60485,1.604845,1.604845,-1.0,-1.0,-1
1.604845,1.604845,1.6048,1.604845,-1.0,-1.0,-1
1.604845,1.60485,1.604835,1.604845,-1.0,-1.0,-1
1.604845,1.60486,1.60484,1.604845,-1.0,-1.0,-1
1.604845,1.604845,1.60482,1.604845,-1.0,-1.0,-1
1.604845,1.604845,1.60482,1.604825,-1.0,-1.0,-1
1.604825,1.60483,1.60482,1.604825,-1.0,-1.0,-1
1.604825,1.604845,1.604815,1.604815,-1.0,-1.0,-1
1.604815,1.604835,1.60481,1.60483,-1.0,-1.0,-1
1.60483,1.604835,1.604805,1.60482,-1.0,-1.0,-1
1.60482,1.60483,1.604815,1.60483,-1.0,-1.0,-1
1.60483,1.60483,1.60481,1.60481,-1.0,-1.0,-1
1.60481,1.604825,1.60479,1.6048,-1.0,-1.0,-1
1.6048,1.604805,1.604785,1.60479,-1.0,-1.0,-1
1.60479,1.60479,1.60479,1.60479,-1.0,-1.0,-1
1.60479,1.6048,1.60479,1.604795,-1.0,-1.0,-1
1.604795,1.60486,1.604795,1.60484,-1.0,-1.0,-1
1.60484,1.6049,1.60483,1.60489,-1.0,-1.0,-1
1.60489,1.604895,1.60487,1.604885,-1.0,-1.0,-1
1.604885,1.60491,1.60488,1.60489,-1.0,-1.0,-1
1.60489,1.604895,1.60488,1.604885,-1.0,-1.0,-1
1.604885,1.604895,1.60487,1.60489,-1.0,-1.0,-1
1.60489,1.60498,1.60489,1.60497,-1.0,-1.0,-1
1.60497,1.604985,1.60493,1.604965,-1.0,-1.0,-1
1.604965,1.604965,1.60494,1.604965,-1.0,-1.0,-1
1.604965,1.604965,1.60496,1.60496,-1.0,-1.0,-1
1.60496,1.604965,1.60496,1.604965,-1.0,-1.0,-1
1.604965,1.60498,1.60496,1.604965,-1.0,-1.0,-1
1.604965,1.605045,1.604965,1.60504,-1.0,-1.0,-1
1.60504,1.60506,1.60501,1.60501,-1.0,-1.0,-1
1.60501,1.60501,1.605005,1.605005,-1.0,-1.0,-1
1.605005,1.60503,1.60499,1.605,-1.0,-1.0,-1
1.605,1.605,1.604985,1.604995,-1.0,-1.0,-1
1.604995,1.604995,1.60498,1.604995,-1.0,-1.0,-1
1.604995,1.605035,1.60497,1.605035,-1.0,-1.0,-1
1.605035,1.605055,1.60502,1.605025,-1.0,-1.0,-1
1.605025,1.605035,1.604975,1.604975,-1.0,-1.0,-1
1.604975,1.605005,1.604975,1.604975,-1.0,-1.0,-1
1.604975,1.604985,1.604965,1.604975,-1.0,-1.0,-1
1.604975,1.604985,1.604965,1.604975,-1.0,-1.0,-1
1.604975,1.604995,1.60496,1.604995,-1.0,-1.0,-1
1.604995,1.60501,1.60498,1.604985,-1.0,-1.0,-1
1.604985,1.604995,1.604945,1.604965,-1.0,-1.0,-1
1.604965,1.604985,1.60496,1.60496,-1.0,-1.0,-1
1.60496,1.604985,1.604955,1.604985,-1.0,-1.0,-1
1.604985,1.604985,1.604945,1.604945,-1.0,-1.0,-1
1.604945,1.604945,1.60489,1.604925,-1.0,-1.0,-1
1.604925,1.604925,1.6049,1.6049,-1.0,-1.0,-1
1.6049,1.604915,1.604885,1.6049,-1.0,-1.0,-1
1.6049,1.604925,1.6049,1.604915,-1.0,-1.0,-1
1.604915,1.60493,1.604905,1.60493,-1.0,-1.0,-1
1.60493,1.60494,1.60488,1.60494,-1.0,-1.0,-1
1.60494,1.60494,1.604935,1.604935,-1.0,-1.0,-1
1.604935,1.604935,1.604935,1.604935,-1.0,-1.0,-1
1.604935,1.604945,1.604925,1.604925,-1.0,-1.0,-1
1.604925,1.604945,1.60492,1.604945,-1.0,-1.0,-1
1.604945,1.604945,1.60492,1.604925,-1.0,-1.0,-1
1.604925,1.60495,1.60491,1.60495,-1.0,-1.0,-1
1.60495,1.60495,1.60493,1.60493,-1.0,-1.0,-1
1.60493,1.60494,1.604925,1.60494,-1.0,-1.0,-1
1.60494,1.605025,1.60494,1.605025,-1.0,-1.0,-1
1.605025,1.605025,1.605005,1.605025,-1.0,-1.0,-1
1.605025,1.60504,1.60498,1.60504,-1.0,-1.0,-1
1.60504,1.605055,1.605015,1.605035,-1.0,-1.0,-1
1.605035,1.605045,1.605025,1.605025,-1.0,-1.0,-1
1.605025,1.605035,1.604995,1.60502,-1.0,-1.0,-1
1.60502,1.605035,1.60499,1.604995,-1.0,-1.0,-1
1.604995,1.604995,1.60493,1.60493,-1.0,-1.0,-1
1.60493,1.604945,1.604925,1.604935,-1.0,-1.0,-1
1.604935,1.604935,1.604925,1.604935,-1.0,-1.0,-1
1.604935,1.604945,1.60491,1.604915,-1.0,-1.0,-1
1.604915,1.604945,1.604905,1.60494,-1.0,-1.0,-1
1.60494,1.60496,1.60494,1.60496,-1.0,-1.0,-1
1.60496,1.604975,1.604935,1.60496,-1.0,-1.0,-1
1.60496,1.60499,1.604945,1.60495,-1.0,-1.0,-1
1.60495,1.60498,1.60495,1.60495,-1.0,-1.0,-1
1.60495,1.60496,1.60494,1.60494,-1.0,-1.0,-1
1.60494,1.60498,1.60493,1.604965,-1.0,-1.0,-1
1.604965,1.60497,1.60494,1.60494,-1.0,-1.0,-1
1.60494,1.604975,1.60494,1.60497,-1.0,-1.0,-1
1.60497,1.60502,1.60497,1.605,-1.0,-1.0,-1
1.605,1.605,1.604965,1.604975,-1.0,-1.0,-1
1.604975,1.604995,1.60497,1.604985,-1.0,-1.0,-1
1.604985,1.60499,1.60497,1.604975,-1.0,-1.0,-1
1.604975,1.604985,1.604975,1.604975,-1.0,-1.0,-1
1.604975,1.604985,1.60496,1.60496,-1.0,-1.0,-1
1.60496,1.60499,1.60495,1.60495,-1.0,-1.0,-1
1.60495,1.60495,1.60491,1.60492,-1.0,-1.0,-1
1.60492,1.604925,1.60489,1.604915,-1.0,-1.0,-1
1.604915,1.60493,1.6049,1.604915,-1.0,-1.0,-1
1.604915,1.60492,1.6049,1.604905,-1.0,-1.0,-1
1.604905,1.60491,1.6049,1.6049,-1.0,-1.0,-1
1.6049,1.604915,1.604875,1.60488,-1.0,-1.0,-1
1.60488,1.604905,1.60488,1.604895,-1.0,-1.0,-1
1.604895,1.604895,1.604845,1.604855,-1.0,-1.0,-1
1.604855,1.604855,1.604855,1.604855,-1.0,-1.0,-1
1.604855,1.60486,1.604845,1.604845,-1.0,-1.0,-1
1.604845,1.604875,1.60482,1.60483,-1.0,-1.0,-1
1.60483,1.604835,1.60483,1.60483,-1.0,-1.0,-1
1.60483,1.60483,1.60483,1.60483,-1.0,-1.0,-1
1.60483,1.60484,1.604795,1.604835,-1.0,-1.0,-1
1.604835,1.604835,1.60481,1.60481,-1.0,-1.0,-1
1.60481,1.60483,1.60481,1.604825,-1.0,-1.0,-1
1.604825,1.60483,1.60477,1.60478,-1.0,-1.0,-1
1.60478,1.604805,1.604765,1.604765,-1.0,-1.0,-1
1.604765,1.6048,1.604765,1.604785,-1.0,-1.0,-1
1.604785,1.6048,1.60477,1.604795,-1.0,-1.0,-1
1.604795,1.604855,1.604795,1.604855,-1.0,-1.0,-1
1.604855,1.604855,1.60483,1.60484,-1.0,-1.0,-1
1.60484,1.60485,1.60481,1.60485,-1.0,-1.0,-1
1.60485,1.60485,1.604825,1.60483,-1.0,-1.0,-1
1.60483,1.60485,1.604825,1.604835,-1.0,-1.0,-1
1.604835,1.60485,1.6048,1.6048,-1.0,-1.0,-1
1.6048,1.60488,1.604795,1.604875,-1.0,-1.0,-1
1.604875,1.60488,1.604815,1.60483,-1.0,-1.0,-1
1.60483,1.604845,1.60482,1.60484,-1.0,-1.0,-1
1.60484,1.6049,1.604835,1.60488,-1.0,-1.0,-1
1.60488,1.60491,1.604865,1.60487,-1.0,-1.0,-1
1.60487,1.604935,1.60487,1.604905,-1.0,-1.0,-1
1.604905,1.604905,1.60487,1.60488,-1.0,-1.0,-1
1.60488,1.60491,1.604875,1.604885,-1.0,-1.0,-1
1.604885,1.60489,1.60488,1.60488,-1.0,-1.0,-1
1.60488,1.60489,1.604815,1.604825,-1.0,-1.0,-1
1.604825,1.604825,1.604755,1.604775,-1.0,-1.0,-1
1.604775,1.6048,1.604765,1.60477,-1.0,-1.0,-1
1.60477,1.604795,1.60477,1.604785,-1.0,-1.0,-1
1.604785,1.60479,1.60469,1.60469,-1.0,-1.0,-1
1.60469,1.60472,1.604675,1.6047,-1.0,-1.0,-1
1.6047,1.60472,1.604675,1.604685,-1.0,-1.0,-1
1.604685,1.60478,1.604685,1.604755,-1.0,-1.0,-1
1.604755,1.604825,1.604735,1.60481,-1.0,-1.0,-1
1.60481,1.60484,1.604795,1.60481,-1.0,-1.0,-1
1.60481,1.60483,1.604795,1.60483,-1.0,-1.0,-1
1.60483,1.60485,1.60482,1.604835,-1.0,-1.0,-1
1.604835,1.604855,1.604825,1.604855,-1.0,-1.0,-1
1.604855,1.60486,1.604845,1.60485,-1.0,-1.0,-1
1.60485,1.60485,1.60483,1.60484,-1.0,-1.0,-1
1.60484,1.60488,1.60483,1.604875,-1.0,-1.0,-1
1.604875,1.6049,1.604875,1.6049,-1.0,-1.0,-1
1.6049,1.6049,1.604895,1.6049,-1.0,-1.0,-1
1.6049,1.6049,1.60484,1.604855,-1.0,-1.0,-1
1.604855,1.604855,1.6048,1.60481,-1.0,-1.0,-1
1.60481,1.60487,1.604805,1.60487,-1.0,-1.0,-1
1.60487,1.60487,1.604825,1.604825,-1.0,-1.0,-1
1.604825,1.60487,1.604825,1.604855,-1.0,-1.0,-1
1.604855,1.604885,1.60485,1.604855,-1.0,-1.0,-1
1.604855,1.604885,1.604825,1.60488,-1.0,-1.0,-1
1.60488,1.604885,1.60485,1.604865,-1.0,-1.0,-1
1.604865,1.604905,1.60486,1.604875,-1.0,-1.0,-1
1.604875,1.6049,1.604865,1.6049,-1.0,-1.0,-1
1.6049,1.604955,1.604895,1.604955,-1.0,-1.0,-1
1.604955,1.60498,1.604955,1.604965,-1.0,-1.0,-1
1.604965,1.604975,1.604955,1.604955,-1.0,-1.0,-1
1.604955,1.604955,1.604945,1.604945,-1.0,-1.0,-1
1.604945,1.604975,1.60494,1.604945,-1.0,-1.0,-1
1.604945,1.60495,1.604935,1.604945,-1.0,-1.0,-1
1.604945,1.60497,1.604905,1.604925,-1.0,-1.0,-1
1.604925,1.604925,1.604905,1.60492,-1.0,-1.0,-1
1.60492,1.60492,1.604885,1.604885,-1.0,-1.0,-1
1.604885,1.6049,1.604885,1.604885,-1.0,-1.0,-1
1.604885,1.6049,1.604845,1.604865,-1.0,-1.0,-1
1.604865,1.604865,1.604855,1.60486,-1.0,-1.0,-1
1.60486,1.60486,1.604855,1.604855,-1.0,-1.0,-1
1.604855,1.60486,1.604845,1.60486,-1.0,-1.0,-1
1.60486,1.604895,1.604815,1.604885,-1.0,-1.0,-1
1.604885,1.60489,1.60487,1.60487,-1.0,-1.0,-1
1.60487,1.60488,1.604855,1.604865,-1.0,-1.0,-1
1.604865,1.60487,1.604845,1.60487,-1.0,-1.0,-1
1.60487,1.60488,1.604855,1.604865,-1.0,-1.0,-1
1.604865,1.604885,1.60485,1.60488,-1.0,-1.0,-1
1.60488,1.604885,1.60482,1.604825,-1.0,-1.0,-1
1.604825,1.604825,1.604775,1.604775,-1.0,-1.0,-1
1.604775,1.604795,1.604755,1.60478,-1.0,-1.0,-1
1.60478,1.604795,1.604775,1.60479,-1.0,-1.0,-1
1.60479,1.604795,1.604745,1.604745,-1.0,-1.0,-1
1.604745,1.604755,1.604735,1.60474,-1.0,-1.0,-1
1.60474,1.60479,1.604735,1.60478,-1.0,-1.0,-1
1.60478,1.604785,1.60478,1.604785,-1.0,-1.0,-1
1.604785,1.6048,1.60478,1.604785,-1.0,-1.0,-1
1.604785,1.604785,1.604755,1.604755,-1.0,-1.0,-1
1.604755,1.604755,1.60474,1.604745,-1.0,-1.0,-1
1.604745,1.60477,1.604745,1.60477,-1.0,-1.0,-1
1.60477,1.604805,1.604755,1.604795,-1.0,-1.0,-1
1.604795,1.6048,1.604725,1.60475,-1.0,-1.0,-1
1.60475,1.604765,1.60472,1.60474,-1.0,-1.0,-1
1.60474,1.60478,1.60472,1.60477,-1.0,-1.0,-1
1.60477,1.604785,1.60477,1.604785,-1.0,-1.0,-1
1.604785,1.604785,1.60476,1.60477,-1.0,-1.0,-1
1.60477,1.60477,1.60477,1.60477,-1.0,-1.0,-1
1.60477,1.604775,1.604755,1.604755,-1.0,-1.0,-1
1.604755,1.604755,1.604705,1.60473,-1.0,-1.0,-1
1.60473,1.604755,1.60472,1.604745,-1.0,-1.0,-1
1.604745,1.60476,1.604735,1.604745,-1.0,-1.0,-1
1.604745,1.604755,1.604735,1.604755,-1.0,-1.0,-1
1.604755,1.604755,1.604735,1.60475,-1.0,-1.0,-1
1.60475,1.60475,1.604745,1.604745,-1.0,-1.0,-1
1.604745,1.604745,1.6047,1.604705,-1.0,-1.0,-1
1.604705,1.60471,1.60469,1.604695,-1.0,-1.0,-1
1.604695,1.604715,1.60469,1.60469,-1.0,-1.0,-1
1.60469,1.604705,1.60469,1.604695,-1.0,-1.0,-1
1.604695,1.604695,1.60467,1.60469,-1.0,-1.0,-1
1.60469,1.604765,1.604685,1.604755,-1.0,-1.0,-1
1.604755,1.604805,1.604755,1.604765,-1.0,-1.0,-1
1.604765,1.60478,1.60475,1.60477,-1.0,-1.0,-1
1.60477,1.60481,1.604765,1.60481,-1.0,-1.0,-1
1.60481,1.604845,1.604805,1.604825,-1.0,-1.0,-1
1.604825,1.604865,1.604815,1.604815,-1.0,-1.0,-1
1.604815,1.604815,1.60479,1.60479,-1.0,-1.0,-1
1.60479,1.604815,1.60478,1.604815,-1.0,-1.0,-1
1.604815,1.604825,1.604805,1.60482,-1.0,-1.0,-1
1.60482,1.604825,1.6048,1.6048,-1.0,-1.0,-1
1.6048,1.60481,1.60479,1.6048,-1.0,-1.0,-1
1.6048,1.604805,1.604785,1.6048,-1.0,-1.0,-1
1.6048,1.604805,1.6048,1.604805,-1.0,-1.0,-1
1.604805,1.604805,1.604765,1.604765,-1.0,-1.0,-1
1.604765,1.604785,1.604765,1.604785,-1.0,-1.0,-1
1.604785,1.60485,1.604785,1.60484,-1.0,-1.0,-1
1.60484,1.60486,1.60484,1.60484,-1.0,-1.0,-1
1.60484,1.60484,1.60484,1.60484,-1.0,-1.0,-1
1.60484,1.604855,1.60484,1.60485,-1.0,-1.0,-1
1.60485,1.604865,1.60483,1.60483,-1.0,-1.0,-1
1.60483,1.60483,1.60481,1.60482,-1.0,-1.0,-1
1.60482,1.60483,1.604795,1.6048,-1.0,-1.0,-1
1.6048,1.60489,1.6048,1.60487,-1.0,-1.0,-1
1.60487,1.60487,1.60486,1.60486,-1.0,-1.0,-1
1.60486,1.604865,1.604845,1.604845,-1.0,-1.0,-1
1.604845,1.604845,1.604845,1.604845,-1.0,-1.0,-1
1.604845,1.604845,1.604845,1.604845,-1.0,-1.0,-1
1.604845,1.60487,1.604845,1.604865,-1.0,-1.0,-1
1.604865,1.604865,1.604855,1.604865,-1.0,-1.0,-1
1.604865,1.60487,1.60486,1.604865,-1.0,-1.0,-1
1.604865,1.604885,1.604865,1.60488,-1.0,-1.0,-1
1.60488,1.604905,1.60488,1.60489,-1.0,-1.0,-1
1.60489,1.604905,1.60489,1.604905,-1.0,-1.0,-1
1.604905,1.60491,1.60489,1.60491,-1.0,-1.0,-1
1.60491,1.60491,1.60491,1.60491,-1.0,-1.0,-1
1.60491,1.60491,1.604885,1.6049,-1.0,-1.0,-1
1.6049,1.604915,1.604885,1.6049,-1.0,-1.0,-1
1.6049,1.605035,1.6049,1.604985,-1.0,-1.0,-1
1.604985,1.605,1.604965,1.60499,-1.0,-1.0,-1
1.60499,1.605,1.604795,1.60487,-1.0,-1.0,-1
1.60487,1.604885,1.60481,1.60487,-1.0,-1.0,-1
1.60487,1.604915,1.60486,1.604915,-1.0,-1.0,-1
1.604915,1.604915,1.60485,1.60486,-1.0,-1.0,-1
1.60486,1.604885,1.60485,1.604875,-1.0,-1.0,-1
1.604875,1.604895,1.604865,1.60489,-1.0,-1.0,-1
1.60489,1.60492,1.604875,1.6049,-1.0,-1.0,-1
1.6049,1.604945,1.6049,1.604935,-1.0,-1.0,-1
1.604935,1.60494,1.604935,1.60494,-1.0,-1.0,-1
1.60494,1.60494,1.604855,1.60488,-1.0,-1.0,-1
1.60488,1.60489,1.604875,1.604875,-1.0,-1.0,-1
1.604875,1.604875,1.604855,1.604875,-1.0,-1.0,-1
1.604875,1.604905,1.604855,1.6049,-1.0,-1.0,-1
1.6049,1.6049,1.6049,1.6049,-1.0,-1.0,-1
1.6049,1.60493,1.6049,1.60492,-1.0,-1.0,-1
1.60492,1.60497,1.604905,1.604965,-1.0,-1.0,-1
1.604965,1.60498,1.60495,1.604955,-1.0,-1.0,-1
1.604955,1.604955,1.60493,1.604935,-1.0,-1.0,-1
1.604935,1.604975,1.604935,1.60497,-1.0,-1.0,-1
1.60497,1.604985,1.60496,1.604975,-1.0,-1.0,-1
1.604975,1.604985,1.604965,1.60497,-1.0,-1.0,-1
1.60497,1.604975,1.60492,1.604935,-1.0,-1.0,-1
1.604935,1.60498,1.60492,1.604965,-1.0,-1.0,-1
1.604965,1.604975,1.604945,1.604955,-1.0,-1.0,-1
1.604955,1.604975,1.60495,1.60497,-1.0,-1.0,-1
1.60497,1.604985,1.604965,1.60498,-1.0,-1.0,-1
1.60498,1.604985,1.604965,1.604965,-1.0,-1.0,-1
1.604965,1.60501,1.604965,1.60501,-1.0,-1.0,-1
1.60501,1.60504,1.604985,1.605025,-1.0,-1.0,-1
1.605025,1.60503,1.60497,1.604975,-1.0,-1.0,-1
1.604975,1.60501,1.60497,1.60501,-1.0,-1.0,-1
1.60501,1.60502,1.60501,1.60501,-1.0,-1.0,-1
1.60501,1.60502,1.604955,1.60496,-1.0,-1.0,-1
1.60496,1.60496,1.60493,1.60493,-1.0,-1.0,-1
1.60493,1.60493,1.6049,1.60492,-1.0,-1.0,-1
1.60492,1.60492,1.604885,1.604885,-1.0,-1.0,-1
1.604885,1.604905,1.60488,1.604905,-1.0,-1.0,-1
1.604905,1.60492,1.60489,1.60492,-1.0,-1.0,-1
1.60492,1.60492,1.604915,1.604915,-1.0,-1.0,-1
1.604915,1.604915,1.604905,1.60491,-1.0,-1.0,-1
1.60491,1.60491,1.604895,1.6049,-1.0,-1.0,-1
1.6049,1.60492,1.604885,1.60492,-1.0,-1.0,-1
1.60492,1.60496,1.60492,1.60496,-1.0,-1.0,-1
1.60496,1.60498,1.604945,1.60496,-1.0,-1.0,-1
1.60496,1.60498,1.60496,1.60496,-1.0,-1.0,-1
1.60496,1.60497,1.60492,1.60492,-1.0,-1.0,-1
1.60492,1.60493,1.60488,1.604885,-1.0,-1.0,-1
1.604885,1.604895,1.60488,1.604895,-1.0,-1.0,-1
1.604895,1.6049,1.604885,1.6049,-1.0,-1.0,-1
1.6049,1.60491,1.604895,1.604895,-1.0,-1.0,-1
1.604895,1.60492,1.604895,1.60492,-1.0,-1.0,-1
1.60492,1.604935,1.604905,1.604935,-1.0,-1.0,-1
1.604935,1.604935,1.604885,1.604885,-1.0,-1.0,-1
1.604885,1.60495,1.604885,1.604935,-1.0,-1.0,-1
1.604935,1.604955,1.604925,1.604945,-1.0,-1.0,-1
1.604945,1.604945,1.604945,1.604945,-1.0,-1.0,-1
1.604945,1.60498,1.604945,1.604975,-1.0,-1.0,-1
1.604975,1.60498,1.60495,1.604955,-1.0,-1.0,-1
1.604955,1.605,1.604925,1.604955,-1.0,-1.0,-1
1.604955,1.60496,1.604945,1.604955,-1.0,-1.0,-1
1.604955,1.604975,1.60495,1.60497,-1.0,-1.0,-1
1.60497,1.604975,1.604965,1.604965,-1.0,-1.0,-1
1.604965,1.60498,1.604935,1.60495,-1.0,-1.0,-1
1.60495,1.60495,1.60493,1.60494,-1.0,-1.0,-1
1.60494,1.60494,1.60493,1.60494,-1.0,-1.0,-1
1.60494,1.604995,1.604935,1.604995,-1.0,-1.0,-1
1.604995,1.604995,1.604985,1.604995,-1.0,-1.0,-1
1.604995,1.605005,1.60498,1.605005,-1.0,-1.0,-1
1.605005,1.605005,1.60499,1.605005,-1.0,-1.0,-1
1.605005,1.605035,1.605005,1.605025,-1.0,-1.0,-1
1.605025,1.605025,1.604965,1.60498,-1.0,-1.0,-1
1.60498,1.60501,1.60498,1.60501,-1.0,-1.0,-1
1.60501,1.60501,1.60498,1.605,-1.0,-1.0,-1
1.605,1.605,1.60497,1.604975,-1.0,-1.0,-1
1.604975,1.605,1.60497,1.60499,-1.0,-1.0,-1
1.60499,1.60499,1.60499,1.60499,-1.0,-1.0,-1
1.60499,1.60499,1.60499,1.60499,-1.0,-1.0,-1
1.60499,1.605005,1.60499,1.605,-1.0,-1.0,-1
1.605,1.60504,1.60499,1.60504,-1.0,-1.0,-1
1.60504,1.605085,1.605005,1.605085,-1.0,-1.0,-1
1.605085,1.60509,1.605,1.605005,-1.0,-1.0,-1
1.605005,1.60503,1.605,1.60503,-1.0,-1.0,-1
1.60503,1.60503,1.605015,1.60502,-1.0,-1.0,-1
1.60502,1.60502,1.60502,1.60502,-1.0,-1.0,-1
1.60502,1.60503,1.604995,1.605,-1.0,-1.0,-1
1.605,1.605,1.604985,1.604985,-1.0,-1.0,-1
1.604985,1.604985,1.60498,1.60498,-1.0,-1.0,-1
1.60498,1.604985,1.60498,1.604985,-1.0,-1.0,-1
1.604985,1.604985,1.60498,1.60498,-1.0,-1.0,-1
1.60498,1.604985,1.604905,1.60491,-1.0,-1.0,-1
1.60491,1.604915,1.604905,1.60491,-1.0,-1.0,-1
1.60491,1.604925,1.604905,1.60491,-1.0,-1.0,-1
1.60491,1.60492,1.6049,1.60492,-1.0,-1.0,-1
1.60492,1.60499,1.604915,1.604985,-1.0,-1.0,-1
1.604985,1.604985,1.60497,1.60498,-1.0,-1.0,-1
1.60498,1.604985,1.60498,1.60498,-1.0,-1.0,-1
1.60498,1.60499,1.604975,1.60499,-1.0,-1.0,-1
1.60499,1.605,1.604975,1.604975,-1.0,-1.0,-1
1.604975,1.604995,1.604975,1.60498,-1.0,-1.0,-1
1.60498,1.604985,1.60498,1.60498,-1.0,-1.0,-1
1.60498,1.60499,1.60497,1.60497,-1.0,-1.0,-1
1.60497,1.60498,1.60497,1.60497,-1.0,-1.0,-1
1.60497,1.604985,1.60497,1.604985,-1.0,-1.0,-1
1.604985,1.604985,1.60497,1.60498,-1.0,-1.0,-1
1.60498,1.60499,1.60498,1.60499,-1.0,-1.0,-1
1.60499,1.60503,1.60498,1.605015,-1.0,-1.0,-1
1.605015,1.605025,1.605005,1.605025,-1.0,-1.0,-1
1.605025,1.605025,1.605,1.605005,-1.0,-1.0,-1
1.605005,1.605005,1.605,1.605005,-1.0,-1.0,-1
1.605005,1.605005,1.605,1.605005,-1.0,-1.0,-1
1.605005,1.60502,1.60498,1.60501,-1.0,-1.0,-1
1.60501,1.60501,1.60498,1.60501,-1.0,-1.0,-1
1.60501,1.60503,1.605005,1.60503,-1.0,-1.0,-1
1.60503,1.605035,1.60503,1.605035,-1.0,-1.0,-1
1.605035,1.605075,1.605035,1.60506,-1.0,-1.0,-1
1.60506,1.60507,1.60506,1.605065,-1.0,-1.0,-1
1.605065,1.60507,1.60506,1.605065,-1.0,-1.0,-1
1.605065,1.605075,1.60506,1.605065,-1.0,-1.0,-1
1.605065,1.605085,1.60506,1.60506,-1.0,-1.0,-1
1.60506,1.605135,1.60506,1.60512,-1.0,-1.0,-1
1.60512,1.60514,1.605115,1.605135,-1.0,-1.0,-1
1.605135,1.60514,1.605125,1.605125,-1.0,-1.0,-1
1.605125,1.605155,1.6051,1.60514,-1.0,-1.0,-1
1.60514,1.60516,1.60514,1.605145,-1.0,-1.0,-1
1.605145,1.60516,1.605125,1.605135,-1.0,-1.0,-1
1.605135,1.60515,1.60513,1.60514,-1.0,-1.0,-1
1.60514,1.605145,1.60514,1.60514,-1.0,-1.0,-1
1.60514,1.605145,1.60513,1.60513,-1.0,-1.0,-1
1.60513,1.60514,1.60511,1.605115,-1.0,-1.0,-1
1.605115,1.60515,1.6051,1.60514,-1.0,-1.0,-1
1.60514,1.605145,1.60513,1.60513,-1.0,-1.0,-1
1.60513,1.60514,1.605125,1.605125,-1.0,-1.0,-1
1.605125,1.60514,1.605125,1.605135,-1.0,-1.0,-1
1.605135,1.60514,1.605125,1.605125,-1.0,-1.0,-1
1.605125,1.60515,1.60507,1.60507,-1.0,-1.0,-1
1.60507,1.60507,1.605065,1.605065,-1.0,-1.0,-1
1.605065,1.60507,1.604985,1.605,-1.0,-1.0,-1
1.605,1.605005,1.60499,1.604995,-1.0,-1.0,-1
1.604995,1.60502,1.60499,1.60502,-1.0,-1.0,-1
1.60502,1.60502,1.605005,1.605015,-1.0,-1.0,-1
1.605015,1.605015,1.604995,1.605005,-1.0,-1.0,-1
1.605005,1.605005,1.60499,1.605005,-1.0,-1.0,-1
1.605005,1.605005,1.60498,1.604995,-1.0,-1.0,-1
1.604995,1.60504,1.60499,1.60504,-1.0,-1.0,-1
1.60504,1.60504,1.605005,1.60502,-1.0,-1.0,-1
1.60502,1.605025,1.605005,1.605015,-1.0,-1.0,-1
1.605015,1.605015,1.60499,1.60501,-1.0,-1.0,-1
1.60501,1.60501,1.60499,1.604995,-1.0,-1.0,-1
1.604995,1.605005,1.6049,1.604915,-1.0,-1.0,-1
1.604915,1.604935,1.604905,1.604935,-1.0,-1.0,-1
1.604935,1.60495,1.60493,1.60495,-1.0,-1.0,-1
1.60495,1.60495,1.60491,1.604925,-1.0,-1.0,-1
1.604925,1.60493,1.60491,1.60492,-1.0,-1.0,-1
1.60492,1.604955,1.60491,1.604945,-1.0,-1.0,-1
1.604945,1.604955,1.60494,1.604945,-1.0,-1.0,-1
1.604945,1.60496,1.604945,1.60496,-1.0,-1.0,-1
1.60496,1.60496,1.60494,1.60494,-1.0,-1.0,-1
1.60494,1.604945,1.60493,1.604945,-1.0,-1.0,-1
1.604945,1.60495,1.60492,1.60495,-1.0,-1.0,-1
1.60495,1.60495,1.604945,1.60495,-1.0,-1.0,-1
1.60495,1.60495,1.60491,1.604915,-1.0,-1.0,-1
1.604915,1.60494,1.60491,1.604925,-1.0,-1.0,-1
1.604925,1.604945,1.60491,1.60494,-1.0,-1.0,-1
1.60494,1.604955,1.60494,1.604945,-1.0,-1.0,-1
1.604945,1.604945,1.604935,1.60494,-1.0,-1.0,-1
1.60494,1.604985,1.60494,1.604975,-1.0,-1.0,-1
1.604975,1.60498,1.604955,1.604965,-1.0,-1.0,-1
1.604965,1.604965,1.60495,1.60495,-1.0,-1.0,-1
1.60495,1.604965,1.60495,1.60495,-1.0,-1.0,-1
1.60495,1.604965,1.60495,1.60495,-1.0,-1.0,-1
1.60495,1.604975,1.60495,1.60495,-1.0,-1.0,-1
1.60495,1.604985,1.60495,1.60498,-1.0,-1.0,-1
1.60498,1.604985,1.60495,1.60495,-1.0,-1.0,-1
1.60495,1.604965,1.60491,1.604915,-1.0,-1.0,-1
1.604915,1.60492,1.604905,1.60491,-1.0,-1.0,-1
1.60491,1.60492,1.604905,1.604915,-1.0,-1.0,-1
1.604915,1.604915,1.60488,1.604885,-1.0,-1.0,-1
1.604885,1.604915,1.604885,1.6049,-1.0,-1.0,-1
1.6049,1.604915,1.6049,1.60491,-1.0,-1.0,-1
1.60491,1.60491,1.60489,1.6049,-1.0,-1.0,-1
1.6049,1.6049,1.60488,1.604885,-1.0,-1.0,-1
1.604885,1.60491,1.604855,1.604855,-1.0,-1.0,-1
1.604855,1.60486,1.60485,1.604855,-1.0,-1.0,-1
1.604855,1.604855,1.60484,1.604845,-1.0,-1.0,-1
1.604845,1.604865,1.60483,1.604855,-1.0,-1.0,-1
1.604855,1.60486,1.604845,1.60485,-1.0,-1.0,-1
1.60485,1.604855,1.60483,1.604835,-1.0,-1.0,-1
1.604835,1.60485,1.604835,1.60485,-1.0,-1.0,-1
1.60485,1.60485,1.60484,1.60484,-1.0,-1.0,-1
1.60484,1.604845,1.60484,1.604845,-1.0,-1.0,-1
1.604845,1.604855,1.604835,1.604855,-1.0,-1.0,-1
1.604855,1.604855,1.60484,1.60485,-1.0,-1.0,-1
1.60485,1.604855,1.60484,1.60484,-1.0,-1.0,-1
1.60484,1.60485,1.60481,1.604825,-1.0,-1.0,-1
1.604825,1.60486,1.60482,1.60485,-1.0,-1.0,-1
1.60485,1.604855,1.604845,1.604845,-1.0,-1.0,-1
1.604845,1.60485,1.60482,1.604835,-1.0,-1.0,-1
1.604835,1.60485,1.60481,1.604825,-1.0,-1.0,-1
1.604825,1.604835,1.60482,1.604835,-1.0,-1.0,-1
1.604835,1.604835,1.60482,1.604825,-1.0,-1.0,-1
1.604825,1.604835,1.60482,1.604835,-1.0,-1.0,-1
1.604835,1.60488,1.604835,1.60487,-1.0,-1.0,-1
1.60487,1.60487,1.604845,1.60485,-1.0,-1.0,-1
1.60485,1.60489,1.60485,1.604875,-1.0,-1.0,-1
1.604875,1.604895,1.60487,1.60488,-1.0,-1.0,-1
1.60488,1.60489,1.60486,1.604875,-1.0,-1.0,-1
1.604875,1.604875,1.60486,1.60486,-1.0,-1.0,-1
1.60486,1.60486,1.604845,1.60486,-1.0,-1.0,-1
1.60486,1.60486,1.60481,1.60482,-1.0,-1.0,-1
1.60482,1.604825,1.604815,1.604825,-1.0,-1.0,-1
1.604825,1.60486,1.60481,1.60481,-1.0,-1.0,-1
1.60481,1.60481,1.60481,1.60481,-1.0,-1.0,-1
1.60481,1.60481,1.60481,1.60481,-1.0,-1.0,-1
1.60481,1.60482,1.60481,1.60482,-1.0,-1.0,-1
1.60482,1.60482,1.6048,1.6048,-1.0,-1.0,-1
1.6048,1.604805,1.6048,1.6048,-1.0,-1.0,-1
1.6048,1.60481,1.604795,1.60481,-1.0,-1.0,-1
1.60481,1.60481,1.60479,1.60479,-1.0,-1.0,-1
1.60479,1.60486,1.60479,1.60483,-1.0,-1.0,-1
1.60483,1.60484,1.6048,1.60481,-1.0,-1.0,-1
1.60481,1.60481,1.604795,1.60481,-1.0,-1.0,-1
1.60481,1.60481,1.604785,1.604795,-1.0,-1.0,-1
1.604795,1.6048,1.604785,1.604785,-1.0,-1.0,-1
1.604785,1.604785,1.604745,1.604765,-1.0,-1.0,-1
1.604765,1.604805,1.60476,1.6048,-1.0,-1.0,-1
1.6048,1.604805,1.60478,1.604785,-1.0,-1.0,-1
1.604785,1.604795,1.60478,1.60479,-1.0,-1.0,-1
1.60479,1.60485,1.60479,1.604825,-1.0,-1.0,-1
1.604825,1.60484,1.60481,1.60481,-1.0,-1.0,-1
1.60481,1.60482,1.604795,1.604795,-1.0,-1.0,-1
1.604795,1.6048,1.604795,1.604795,-1.0,-1.0,-1
1.604795,1.6048,1.604795,1.604795,-1.0,-1.0,-1
1.604795,1.60481,1.604795,1.604795,-1.0,-1.0,-1
1.604795,1.60481,1.604795,1.60481,-1.0,-1.0,-1
1.60481,1.60481,1.60481,1.60481,-1.0,-1.0,-1
1.60481,1.60481,1.60481,1.60481,-1.0,-1.0,-1
1.60481,1.60481,1.60481,1.60481,-1.0,-1.0,-1
1.60481,1.60481,1.604765,1.60477,-1.0,-1.0,-1
1.60477,1.604795,1.604725,1.60473,-1.0,-1.0,-1
1.60473,1.60477,1.604725,1.604765,-1.0,-1.0,-1
1.604765,1.60478,1.604765,1.60477,-1.0,-1.0,-1
1.60477,1.604775,1.604765,1.604765,-1.0,-1.0,-1
1.604765,1.604775,1.604765,1.604775,-1.0,-1.0,-1
1.604775,1.604775,1.604765,1.604765,-1.0,-1.0,-1
1.604765,1.60478,1.60476,1.604765,-1.0,-1.0,-1
1.604765,1.604775,1.60474,1.60474,-1.0,-1.0,-1
1.60474,1.604745,1.60471,1.60472,-1.0,-1.0,-1
1.60472,1.60472,1.604705,1.60472,-1.0,-1.0,-1
1.60472,1.60472,1.604715,1.604715,-1.0,-1.0,-1
1.604715,1.60473,1.60471,1.60471,-1.0,-1.0,-1
1.60471,1.604745,1.60471,1.604745,-1.0,-1.0,-1
1.604745,1.60477,1.60472,1.60475,-1.0,-1.0,-1
1.60475,1.604755,1.60473,1.604755,-1.0,-1.0,-1
1.604755,1.604785,1.604745,1.604785,-1.0,-1.0,-1
1.604785,1.604805,1.604785,1.604795,-1.0,-1.0,-1
1.604795,1.604825,1.604775,1.60481,-1.0,-1.0,-1
1.60481,1.604825,1.60481,1.60482,-1.0,-1.0,-1
1.60482,1.60482,1.6048,1.60482,-1.0,-1.0,-1
1.60482,1.604825,1.604815,1.604825,-1.0,-1.0,-1
1.604825,1.604825,1.60482,1.604825,-1.0,-1.0,-1
1.604825,1.604825,1.60482,1.604825,-1.0,-1.0,-1
1.604825,1.604855,1.60482,1.60485,-1.0,-1.0,-1
1.60485,1.60487,1.604845,1.60486,-1.0,-1.0,-1
1.60486,1.60487,1.60486,1.60487,-1.0,-1.0,-1
1.60487,1.60488,1.60486,1.604875,-1.0,-1.0,-1
1.604875,1.60489,1.604835,1.604835,-1.0,-1.0,-1
1.604835,1.604835,1.60482,1.60483,-1.0,-1.0,-1
1.60483,1.604835,1.604815,1.604825,-1.0,-1.0,-1
1.604825,1.604835,1.6048,1.604825,-1.0,-1.0,-1
1.604825,1.604825,1.604795,1.604795,-1.0,-1.0,-1
1.604795,1.60482,1.604795,1.60482,-1.0,-1.0,-1
1.60482,1.604825,1.604815,1.60482,-1.0,-1.0,-1
1.60482,1.604825,1.604805,1.60482,-1.0,-1.0,-1
1.60482,1.604825,1.60478,1.60478,-1.0,-1.0,-1
1.60478,1.6048,1.60478,1.604795,-1.0,-1.0,-1
1.604795,1.6048,1.60477,1.604785,-1.0,-1.0,-1
1.604785,1.60481,1.60477,1.60481,-1.0,-1.0,-1
1.60481,1.60483,1.60479,1.60482,-1.0,-1.0,-1
1.60482,1.60483,1.604785,1.604805,-1.0,-1.0,-1
1.604805,1.604805,1.604785,1.604795,-1.0,-1.0,-1
1.604795,1.60481,1.604785,1.6048,-1.0,-1.0,-1
1.6048,1.60481,1.604795,1.60481,-1.0,-1.0,-1
1.60481,1.60481,1.604795,1.604795,-1.0,-1.0,-1
1.604795,1.6048,1.60477,1.60477,-1.0,-1.0,-1
1.60477,1.6048,1.60477,1.604785,-1.0,-1.0,-1
1.604785,1.60482,1.604785,1.60482,-1.0,-1.0,-1
1.60482,1.60482,1.604775,1.6048,-1.0,-1.0,-1
1.6048,1.60481,1.604775,1.604775,-1.0,-1.0,-1
1.604775,1.6048,1.604775,1.604785,-1.0,-1.0,-1
1.604785,1.60481,1.604785,1.60479,-1.0,-1.0,-1
1.60479,1.6048,1.604765,1.604765,-1.0,-1.0,-1
1.604765,1.60478,1.604765,1.604765,-1.0,-1.0,-1
1.604765,1.604785,1.604765,1.604785,-1.0,-1.0,-1
1.604785,1.604785,1.604775,1.604785,-1.0,-1.0,-1
1.604785,1.604795,1.604765,1.60479,-1.0,-1.0,-1
1.60479,1.604795,1.60473,1.60476,-1.0,-1.0,-1
1.60476,1.60476,1.60473,1.604745,-1.0,-1.0,-1
1.604745,1.60475,1.60473,1.60475,-1.0,-1.0,-1
1.60475,1.60475,1.60462,1.604625,-1.0,-1.0,-1
1.604625,1.604635,1.604615,1.604615,-1.0,-1.0,-1
1.604615,1.604635,1.604605,1.604605,-1.0,-1.0,-1
1.604605,1.604625,1.604605,1.60461,-1.0,-1.0,-1
1.60461,1.604625,1.604605,1.604625,-1.0,-1.0,-1
1.604625,1.604625,1.60462,1.60462,-1.0,-1.0,-1
1.60462,1.604635,1.60462,1.60462,-1.0,-1.0,-1
1.60462,1.604635,1.60461,1.60463,-1.0,-1.0,-1
1.60463,1.604635,1.60462,1.60462,-1.0,-1.0,-1
1.60462,1.60463,1.604615,1.604615,-1.0,-1.0,-1
1.604615,1.604645,1.60461,1.604635,-1.0,-1.0,-1
1.604635,1.604635,1.604585,1.604585,-1.0,-1.0,-1
1.604585,1.604635,1.60456,1.604615,-1.0,-1.0,-1
1.604615,1.60462,1.604545,1.60456,-1.0,-1.0,-1
1.60456,1.604585,1.60453,1.604585,-1.0,-1.0,-1
1.604585,1.60461,1.60453,1.60459,-1.0,-1.0,-1
1.60459,1.6046,1.60459,1.6046,-1.0,-1.0,-1
1.6046,1.604685,1.604585,1.604675,-1.0,-1.0,-1
1.604675,1.604675,1.604595,1.604615,-1.0,-1.0,-1
1.604615,1.604625,1.604575,1.60458,-1.0,-1.0,-1
1.60458,1.604605,1.604575,1.604595,-1.0,-1.0,-1
1.604595,1.604635,1.604565,1.60463,-1.0,-1.0,-1
1.60463,1.60465,1.604565,1.60457,-1.0,-1.0,-1
1.60457,1.604585,1.604565,1.604585,-1.0,-1.0,-1
1.604585,1.604635,1.60454,1.604625,-1.0,-1.0,-1
1.604625,1.604635,1.60462,1.604635,-1.0,-1.0,-1
1.604635,1.604635,1.6046,1.604615,-1.0,-1.0,-1
1.604615,1.60466,1.604615,1.604615,-1.0,-1.0,-1
1.604615,1.60464,1.604605,1.60461,-1.0,-1.0,-1
1.60461,1.604625,1.604585,1.60462,-1.0,-1.0,-1
1.60462,1.604625,1.60455,1.604585,-1.0,-1.0,-1
1.604585,1.6046,1.60456,1.604575,-1.0,-1.0,-1
1.604575,1.60461,1.60456,1.60461,-1.0,-1.0,-1
1.60461,1.604645,1.60458,1.604635,-1.0,-1.0,-1
1.604635,1.60468,1.60459,1.604665,-1.0,-1.0,-1
1.604665,1.60468,1.60463,1.60463,-1.0,-1.0,-1
1.60463,1.604665,1.60462,1.604645,-1.0,-1.0,-1
1.604645,1.604645,1.604615,1.604645,-1.0,-1.0,-1
1.604645,1.604655,1.604605,1.60461,-1.0,-1.0,-1
1.60461,1.604625,1.60461,1.60462,-1.0,-1.0,-1
1.60462,1.604635,1.60462,1.604635,-1.0,-1.0,-1
1.604635,1.604675,1.604625,1.604665,-1.0,-1.0,-1
1.604665,1.604685,1.60465,1.604675,-1.0,-1.0,-1
1.604675,1.60469,1.604665,1.604665,-1.0,-1.0,-1
1.604665,1.60468,1.60466,1.60466,-1.0,-1.0,-1
1.60466,1.60468,1.60466,1.604665,-1.0,-1.0,-1
1.604665,1.604675,1.604645,1.60466,-1.0,-1.0,-1
1.60466,1.604665,1.604635,1.604655,-1.0,-1.0,-1
1.604655,1.604655,1.604635,1.604635,-1.0,-1.0,-1
1.604635,1.604655,1.604635,1.604655,-1.0,-1.0,-1
1.604655,1.604655,1.60464,1.60465,-1.0,-1.0,-1
1.60465,1.60467,1.604625,1.604645,-1.0,-1.0,-1
1.604645,1.604665,1.604635,1.604635,-1.0,-1.0,-1
1.604635,1.604665,1.604635,1.604655,-1.0,-1.0,-1
1.604655,1.604665,1.60462,1.604655,-1.0,-1.0,-1
1.604655,1.60468,1.60464,1.60468,-1.0,-1.0,-1
1.60468,1.604685,1.60464,1.604645,-1.0,-1.0,-1
1.604645,1.604665,1.60463,1.604655,-1.0,-1.0,-1
1.604655,1.604665,1.60465,1.604665,-1.0,-1.0,-1
1.604665,1.604665,1.60464,1.60464,-1.0,-1.0,-1
1.60464,1.60464,1.6046,1.6046,-1.0,-1.0,-1
1.6046,1.6046,1.60458,1.60458,-1.0,-1.0,-1
1.60458,1.604605,1.604575,1.604605,-1.0,-1.0,-1
1.604605,1.604605,1.60456,1.604565,-1.0,-1.0,-1
1.604565,1.604595,1.60456,1.604585,-1.0,-1.0,-1
1.604585,1.604595,1.604585,1.604585,-1.0,-1.0,-1
1.604585,1.60463,1.604585,1.60461,-1.0,-1.0,-1
1.60461,1.604615,1.60461,1.604615,-1.0,-1.0,-1
1.604615,1.604625,1.604605,1.604615,-1.0,-1.0,-1
1.604615,1.604615,1.6046,1.6046,-1.0,-1.0,-1
1.6046,1.6046,1.6046,1.6046,-1.0,-1.0,-1
1.6046,1.604635,1.6046,1.60462,-1.0,-1.0,-1
1.60462,1.604625,1.60461,1.60461,-1.0,-1.0,-1
1.60461,1.60462,1.6046,1.604615,-1.0,-1.0,-1
1.604615,1.60462,1.604615,1.604615,-1.0,-1.0,-1
1.604615,1.60462,1.604615,1.604615,-1.0,-1.0,-1
1.604615,1.60471,1.604615,1.60468,-1.0,-1.0,-1
1.60468,1.60473,1.60468,1.6047,-1.0,-1.0,-1
1.6047,1.60473,1.6047,1.604705,-1.0,-1.0,-1
1.604705,1.60471,1.604695,1.604695,-1.0,-1.0,-1
1.604695,1.60471,1.60462,1.604645,-1.0,-1.0,-1
1.604645,1.604645,1.604635,1.60464,-1.0,-1.0,-1
1.60464,1.604685,1.604635,1.604645,-1.0,-1.0,-1
1.604645,1.604645,1.604595,1.604605,-1.0,-1.0,-1
1.604605,1.604605,1.604565,1.60458,-1.0,-1.0,-1
1.60458,1.60461,1.60458,1.604605,-1.0,-1.0,-1
1.604605,1.60463,1.6046,1.604605,-1.0,-1.0,-1
1.604605,1.604625,1.604595,1.6046,-1.0,-1.0,-1
1.6046,1.604615,1.6046,1.604605,-1.0,-1.0,-1
1.604605,1.604645,1.604605,1.604645,-1.0,-1.0,-1
1.604645,1.604655,1.60464,1.604645,-1.0,-1.0,-1
1.604645,1.604675,1.604645,1.60466,-1.0,-1.0,-1
1.60466,1.60467,1.60461,1.604645,-1.0,-1.0,-1
1.604645,1.604645,1.604635,1.604635,-1.0,-1.0,-1
1.604635,1.60464,1.60463,1.604635,-1.0,-1.0,-1
1.604635,1.60464,1.604625,1.60464,-1.0,-1.0,-1
1.60464,1.604645,1.604615,1.604615,-1.0,-1.0,-1
1.604615,1.604625,1.604605,1.604605,-1.0,-1.0,-1
1.604605,1.604635,1.604605,1.604625,-1.0,-1.0,-1
1.604625,1.604655,1.60462,1.604655,-1.0,-1.0,-1
1.604655,1.604655,1.604645,1.604655,-1.0,-1.0,-1
1.604655,1.604655,1.604615,1.604615,-1.0,-1.0,-1
1.604615,1.60463,1.60461,1.60461,-1.0,-1.0,-1
1.60461,1.60462,1.604605,1.60461,-1.0,-1.0,-1
1.60461,1.604625,1.60461,1.604625,-1.0,-1.0,-1
1.604625,1.604625,1.604605,1.604605,-1.0,-1.0,-1
1.604605,1.60463,1.604595,1.604615,-1.0,-1.0,-1
1.604615,1.604635,1.60459,1.6046,-1.0,-1.0,-1
1.6046,1.604635,1.604595,1.604635,-1.0,-1.0,-1
1.604635,1.60464,1.604625,1.60463,-1.0,-1.0,-1
1.60463,1.604645,1.604605,1.604645,-1.0,-1.0,-1
1.604645,1.604645,1.604635,1.604635,-1.0,-1.0,-1
1.604635,1.604635,1.604625,1.604635,-1.0,-1.0,-1
1.604635,1.604635,1.6046,1.6046,-1.0,-1.0,-1
1.6046,1.604615,1.60459,1.60461,-1.0,-1.0,-1
1.60461,1.60465,1.604605,1.60464,-1.0,-1.0,-1
1.60464,1.604675,1.60462,1.60467,-1.0,-1.0,-1
1.60467,1.60467,1.60466,1.60467,-1.0,-1.0,-1
1.60467,1.60469,1.604665,1.604685,-1.0,-1.0,-1
1.604685,1.604685,1.60465,1.604665,-1.0,-1.0,-1
1.604665,1.60467,1.60462,1.604625,-1.0,-1.0,-1
1.604625,1.604635,1.604625,1.604635,-1.0,-1.0,-1
1.604635,1.604635,1.60463,1.60463,-1.0,-1.0,-1
1.60463,1.604635,1.6046,1.6046,-1.0,-1.0,-1
1.6046,1.60468,1.6046,1.60468,-1.0,-1.0,-1
1.60468,1.6047,1.60468,1.6047,-1.0,-1.0,-1
1.6047,1.604735,1.6047,1.604705,-1.0,-1.0,-1
1.604705,1.604715,1.60469,1.604695,-1.0,-1.0,-1
1.604695,1.60471,1.60469,1.604705,-1.0,-1.0,-1
1.604705,1.60471,1.604685,1.6047,-1.0,-1.0,-1
1.6047,1.604715,1.60468,1.60468,-1.0,-1.0,-1
1.60468,1.60468,1.60467,1.60467,-1.0,-1.0,-1
1.60467,1.60468,1.604665,1.604675,-1.0,-1.0,-1
1.604675,1.604685,1.604665,1.604685,-1.0,-1.0,-1
1.604685,1.60469,1.60468,1.604685,-1.0,-1.0,-1
1.604685,1.604715,1.604685,1.60469,-1.0,-1.0,-1
1.60469,1.60471,1.604685,1.6047,-1.0,-1.0,-1
1.6047,1.60471,1.60468,1.60468,-1.0,-1.0,-1
1.60468,1.6047,1.60467,1.60469,-1.0,-1.0,-1
1.60469,1.60469,1.604645,1.604665,-1.0,-1.0,-1
1.604665,1.604685,1.60466,1.604685,-1.0,-1.0,-1
1.604685,1.604755,1.60467,1.604745,-1.0,-1.0,-1
1.604745,1.60476,1.604745,1.60475,-1.0,-1.0,-1
1.60475,1.604765,1.604735,1.60476,-1.0,-1.0,-1
1.60476,1.604765,1.604735,1.604755,-1.0,-1.0,-1
1.604755,1.604755,1.60472,1.604725,-1.0,-1.0,-1
1.604725,1.60476,1.604705,1.60472,-1.0,-1.0,-1
1.60472,1.604755,1.60471,1.604745,-1.0,-1.0,-1
1.604745,1.604745,1.604725,1.604745,-1.0,-1.0,-1
1.604745,1.604745,1.604705,1.60472,-1.0,-1.0,-1
1.60472,1.60472,1.60471,1.60472,-1.0,-1.0,-1
1.60472,1.60472,1.60471,1.604715,-1.0,-1.0,-1
1.604715,1.60481,1.604715,1.60481,-1.0,-1.0,-1
1.60481,1.60481,1.60481,1.60481,-1.0,-1.0,-1
1.60481,1.60481,1.60481,1.60481,-1.0,-1.0,-1
1.60481,1.60481,1.60481,1.60481,-1.0,-1.0,-1
1.60481,1.60481,1.60481,1.60481,-1.0,-1.0,-1
1.60481,1.60483,1.60481,1.60483,-1.0,-1.0,-1
1.60483,1.604845,1.604815,1.604825,-1.0,-1.0,-1
1.604825,1.604855,1.60482,1.60484,-1.0,-1.0,-1
1.60484,1.6049,1.60484,1.6049,-1.0,-1.0,-1
1.6049,1.60495,1.6049,1.604945,-1.0,-1.0,-1
1.604945,1.604945,1.6049,1.604915,-1.0,-1.0,-1
1.604915,1.604915,1.60491,1.604915,-1.0,-1.0,-1
1.604915,1.604925,1.604905,1.604925,-1.0,-1.0,-1
1.604925,1.604925,1.604925,1.604925,-1.0,-1.0,-1
1.604925,1.604925,1.604925,1.604925,-1.0,-1.0,-1
1.604925,1.604925,1.604925,1.604925,-1.0,-1.0,-1
1.604925,1.604925,1.6049,1.604915,-1.0,-1.0,-1
1.604915,1.60492,1.604905,1.60492,-1.0,-1.0,-1
1.60492,1.60492,1.604905,1.604915,-1.0,-1.0,-1
1.604915,1.604915,1.60491,1.604915,-1.0,-1.0,-1
1.604915,1.60497,1.60491,1.604955,-1.0,-1.0,-1
1.604955,1.604995,1.60495,1.604995,-1.0,-1.0,-1
1.604995,1.605,1.60499,1.605,-1.0,-1.0,-1
1.605,1.605,1.604985,1.60499,-1.0,-1.0,-1
1.60499,1.605015,1.604985,1.605015,-1.0,-1.0,-1
1.605015,1.60502,1.605005,1.60502,-1.0,-1.0,-1
1.60502,1.605055,1.605005,1.60504,-1.0,-1.0,-1
1.60504,1.605045,1.60504,1.605045,-1.0,-1.0,-1
1.605045,1.605045,1.604995,1.605,-1.0,-1.0,-1
1.605,1.605,1.604995,1.605,-1.0,-1.0,-1
1.605,1.605,1.604945,1.604955,-1.0,-1.0,-1
1.604955,1.60496,1.604925,1.604925,-1.0,-1.0,-1
1.604925,1.604925,1.60491,1.60492,-1.0,-1.0,-1
1.60492,1.60492,1.604885,1.604915,-1.0,-1.0,-1
1.604915,1.604915,1.6049,1.604915,-1.0,-1.0,-1
1.604915,1.604915,1.6049,1.6049,-1.0,-1.0,-1
1.6049,1.60491,1.60487,1.60487,-1.0,-1.0,-1
1.60487,1.60487,1.60485,1.60485,-1.0,-1.0,-1
1.60485,1.60485,1.604815,1.604815,-1.0,-1.0,-1
1.604815,1.604865,1.604815,1.604855,-1.0,-1.0,-1
1.604855,1.604895,1.60483,1.60483,-1.0,-1.0,-1
1.60483,1.60484,1.60482,1.60484,-1.0,-1.0,-1
1.60484,1.60484,1.60483,1.60483,-1.0,-1.0,-1
1.60483,1.60488,1.60483,1.60488,-1.0,-1.0,-1
1.60488,1.60488,1.604865,1.604875,-1.0,-1.0,-1
1.604875,1.604875,1.604845,1.60486,-1.0,-1.0,-1
1.60486,1.60487,1.60483,1.60484,-1.0,-1.0,-1
1.60484,1.604865,1.60484,1.604855,-1.0,-1.0,-1
1.604855,1.60488,1.604855,1.604865,-1.0,-1.0,-1
1.604865,1.604865,1.604865,1.604865,-1.0,-1.0,-1
1.604865,1.604865,1.604795,1.604795,-1.0,-1.0,-1
1.604795,1.6048,1.604785,1.604795,-1.0,-1.0,-1
1.604795,1.604835,1.60476,1.604795,-1.0,-1.0,-1
1.604795,1.6048,1.604775,1.604775,-1.0,-1.0,-1
1.604775,1.604775,1.604775,1.604775,-1.0,-1.0,-1
1.604775,1.60478,1.60475,1.604755,-1.0,-1.0,-1
1.604755,1.604785,1.60475,1.604775,-1.0,-1.0,-1
1.604775,1.6048,1.604775,1.604795,-1.0,-1.0,-1
1.604795,1.604825,1.604795,1.604795,-1.0,-1.0,-1
1.604795,1.60482,1.604795,1.60481,-1.0,-1.0,-1
1.60481,1.60483,1.60481,1.60483,-1.0,-1.0,-1
1.60483,1.60484,1.604815,1.604825,-1.0,-1.0,-1
1.604825,1.60483,1.604815,1.60483,-1.0,-1.0,-1
1.60483,1.604855,1.6048,1.60485,-1.0,-1.0,-1
1.60485,1.60486,1.604815,1.60482,-1.0,-1.0,-1
1.60482,1.60483,1.604815,1.604825,-1.0,-1.0,-1
1.604825,1.60483,1.60482,1.60483,-1.0,-1.0,-1
1.60483,1.604835,1.60483,1.60483,-1.0,-1.0,-1
1.60483,1.604835,1.60483,1.60483,-1.0,-1.0,-1
1.60483,1.60483,1.60483,1.60483,-1.0,-1.0,-1
1.60483,1.60483,1.60482,1.604825,-1.0,-1.0,-1
1.604825,1.604825,1.60482,1.604825,-1.0,-1.0,-1
1.604825,1.604825,1.604765,1.604765,-1.0,-1.0,-1
1.604765,1.604765,1.604755,1.604765,-1.0,-1.0,-1
1.604765,1.604805,1.604765,1.6048,-1.0,-1.0,-1
1.6048,1.60482,1.6048,1.60482,-1.0,-1.0,-1
1.60482,1.604825,1.604795,1.6048,-1.0,-1.0,-1
1.6048,1.60481,1.604795,1.6048,-1.0,-1.0,-1
1.6048,1.604825,1.6048,1.604825,-1.0,-1.0,-1
1.604825,1.604825,1.60479,1.60479,-1.0,-1.0,-1
1.60479,1.6048,1.604785,1.604785,-1.0,-1.0,-1
1.604785,1.604795,1.60477,1.60479,-1.0,-1.0,-1
1.60479,1.604795,1.60477,1.604785,-1.0,-1.0,-1
1.604785,1.6048,1.604785,1.604795,-1.0,-1.0,-1
1.604795,1.604805,1.604785,1.6048,-1.0,-1.0,-1
1.6048,1.604805,1.604775,1.604775,-1.0,-1.0,-1
1.604775,1.604775,1.604725,1.60473,-1.0,-1.0,-1
1.60473,1.60476,1.604725,1.60475,-1.0,-1.0,-1
1.60475,1.60475,1.60471,1.60472,-1.0,-1.0,-1
1.60472,1.604745,1.60472,1.604735,-1.0,-1.0,-1
1.604735,1.60475,1.60473,1.60475,-1.0,-1.0,-1
1.60475,1.604755,1.60473,1.60475,-1.0,-1.0,-1
1.60475,1.604775,1.604725,1.604755,-1.0,-1.0,-1
1.604755,1.604755,1.60468,1.60468,-1.0,-1.0,-1
1.60468,1.604705,1.604645,1.604675,-1.0,-1.0,-1
1.604675,1.604695,1.60467,1.60467,-1.0,-1.0,-1
1.60467,1.60469,1.60467,1.604675,-1.0,-1.0,-1
1.604675,1.6047,1.604675,1.6047,-1.0,-1.0,-1
1.6047,1.6047,1.60468,1.604695,-1.0,-1.0,-1
1.604695,1.6047,1.604675,1.60468,-1.0,-1.0,-1
1.60468,1.604745,1.604645,1.60469,-1.0,-1.0,-1
1.60469,1.60469,1.604615,1.604675,-1.0,-1.0,-1
1.604675,1.60468,1.60463,1.604635,-1.0,-1.0,-1
1.604635,1.604675,1.60463,1.60467,-1.0,-1.0,-1
1.60467,1.604695,1.604655,1.60468,-1.0,-1.0,-1
1.60468,1.60469,1.604675,1.604675,-1.0,-1.0,-1
1.604675,1.60471,1.60467,1.604695,-1.0,-1.0,-1
1.604695,1.604765,1.604685,1.60476,-1.0,-1.0,-1
1.60476,1.604765,1.604745,1.60475,-1.0,-1.0,-1
1.60475,1.604805,1.60474,1.604775,-1.0,-1.0,-1
1.604775,1.60478,1.60476,1.604765,-1.0,-1.0,-1
1.604765,1.604775,1.60476,1.604775,-1.0,-1.0,-1
1.604775,1.604775,1.604745,1.604755,-1.0,-1.0,-1
1.604755,1.60476,1.604755,1.604755,-1.0,-1.0,-1
1.604755,1.604755,1.60475,1.60475,-1.0,-1.0,-1
1.60475,1.604755,1.604735,1.60474,-1.0,-1.0,-1
1.60474,1.604805,1.604725,1.60479,-1.0,-1.0,-1
1.60479,1.6048,1.60478,1.60478,-1.0,-1.0,-1
1.60478,1.604795,1.60476,1.604785,-1.0,-1.0,-1
1.604785,1.604795,1.604735,1.60476,-1.0,-1.0,-1
1.60476,1.604775,1.604755,1.60476,-1.0,-1.0,-1
1.60476,1.604765,1.60473,1.604735,-1.0,-1.0,-1
1.604735,1.604775,1.60473,1.604755,-1.0,-1.0,-1
1.604755,1.60481,1.604755,1.60481,-1.0,-1.0,-1
1.60481,1.60481,1.604785,1.60479,-1.0,-1.0,-1
1.60479,1.60481,1.60479,1.604795,-1.0,-1.0,-1
1.604795,1.60482,1.604795,1.60481,-1.0,-1.0,-1
1.60481,1.60486,1.60481,1.60484,-1.0,-1.0,-1
1.60484,1.60484,1.604815,1.60483,-1.0,-1.0,-1
1.60483,1.60485,1.60481,1.60482,-1.0,-1.0,-1
1.60482,1.60484,1.604815,1.60482,-1.0,-1.0,-1
1.60482,1.60483,1.604815,1.60483,-1.0,-1.0,-1
1.60483,1.604845,1.604825,1.604845,-1.0,-1.0,-1
1.604845,1.604845,1.604815,1.60482,-1.0,-1.0,-1
1.60482,1.60482,1.604815,1.60482,-1.0,-1.0,-1
1.60482,1.60482,1.60476,1.60476,-1.0,-1.0,-1
1.60476,1.60477,1.60475,1.60476,-1.0,-1.0,-1
1.60476,1.604775,1.60476,1.604775,-1.0,-1.0,-1
1.604775,1.604775,1.60473,1.60475,-1.0,-1.0,-1
1.60475,1.6048,1.60474,1.60478,-1.0,-1.0,-1
1.60478,1.604795,1.60471,1.604775,-1.0,-1.0,-1
1.604775,1.60482,1.604725,1.604775,-1.0,-1.0,-1
1.604775,1.604805,1.604765,1.604785,-1.0,-1.0,-1
1.604785,1.604795,1.60475,1.604765,-1.0,-1.0,-1
1.604765,1.604775,1.60476,1.60476,-1.0,-1.0,-1
1.60476,1.604775,1.604695,1.60472,-1.0,-1.0,-1
1.60472,1.604735,1.60469,1.604715,-1.0,-1.0,-1
1.604715,1.60472,1.604685,1.60472,-1.0,-1.0,-1
1.60472,1.60472,1.60463,1.60466,-1.0,-1.0,-1
1.60466,1.60466,1.604635,1.60465,-1.0,-1.0,-1
1.60465,1.604685,1.604635,1.604665,-1.0,-1.0,-1
1.604665,1.604695,1.604665,1.604675,-1.0,-1.0,-1
1.604675,1.604675,1.60459,1.60462,-1.0,-1.0,-1
1.60462,1.60464,1.60462,1.604625,-1.0,-1.0,-1
1.604625,1.60464,1.604595,1.60463,-1.0,-1.0,-1
1.60463,1.60464,1.604615,1.604635,-1.0,-1.0,-1
1.604635,1.60464,1.604585,1.604615,-1.0,-1.0,-1
1.604615,1.604635,1.6046,1.604605,-1.0,-1.0,-1
1.604605,1.60463,1.604595,1.604605,-1.0,-1.0,-1
1.604605,1.604605,1.604585,1.604585,-1.0,-1.0,-1
1.604585,1.60461,1.604555,1.60458,-1.0,-1.0,-1
1.60458,1.60458,1.604555,1.604565,-1.0,-1.0,-1
1.604565,1.604595,1.604555,1.60458,-1.0,-1.0,-1
1.60458,1.604595,1.60457,1.604585,-1.0,-1.0,-1
1.604585,1.60459,1.604565,1.60458,-1.0,-1.0,-1
1.60458,1.604625,1.604575,1.604605,-1.0,-1.0,-1
1.604605,1.60467,1.604595,1.604645,-1.0,-1.0,-1
1.604645,1.60466,1.60462,1.604635,-1.0,-1.0,-1
1.604635,1.604645,1.604595,1.6046,-1.0,-1.0,-1
1.6046,1.6046,1.60459,1.6046,-1.0,-1.0,-1
1.6046,1.60465,1.6046,1.604635,-1.0,-1.0,-1
1.604635,1.60465,1.604605,1.604605,-1.0,-1.0,-1
1.604605,1.604605,1.60455,1.60456,-1.0,-1.0,-1
1.60456,1.60456,1.604535,1.60456,-1.0,-1.0,-1
1.60456,1.604615,1.60454,1.60461,-1.0,-1.0,-1
1.60461,1.604635,1.60458,1.60462,-1.0,-1.0,-1
1.60462,1.604635,1.6046,1.604615,-1.0,-1.0,-1
1.604615,1.604685,1.604615,1.60468,-1.0,-1.0,-1
1.60468,1.604705,1.60468,1.604685,-1.0,-1.0,-1
1.604685,1.604745,1.60468,1.604745,-1.0,-1.0,-1
1.604745,1.604755,1.60471,1.604715,-1.0,-1.0,-1
1.604715,1.604735,1.604685,1.60473,-1.0,-1.0,-1
1.60473,1.60473,1.60472,1.60473,-1.0,-1.0,-1
1.60473,1.60473,1.604725,1.60473,-1.0,-1.0,-1
1.60473,1.604735,1.604725,1.60473,-1.0,-1.0,-1
1.60473,1.604745,1.60472,1.60473,-1.0,-1.0,-1
1.60473,1.604745,1.604725,1.604745,-1.0,-1.0,-1
1.604745,1.60475,1.60472,1.60473,-1.0,-1.0,-1
1.60473,1.604765,1.604705,1.604765,-1.0,-1.0,-1
1.604765,1.60478,1.60475,1.604765,-1.0,-1.0,-1
1.604765,1.604765,1.604755,1.604765,-1.0,-1.0,-1
1.604765,1.60477,1.60476,1.604765,-1.0,-1.0,-1
1.604765,1.604765,1.60475,1.60475,-1.0,-1.0,-1
1.60475,1.604775,1.60475,1.604775,-1.0,-1.0,-1
1.604775,1.60479,1.604765,1.604765,-1.0,-1.0,-1
1.604765,1.604845,1.604765,1.60484,-1.0,-1.0,-1
1.60484,1.604855,1.6048,1.60485,-1.0,-1.0,-1
1.60485,1.60485,1.60481,1.60483,-1.0,-1.0,-1
1.60483,1.60484,1.60482,1.60484,-1.0,-1.0,-1
1.60484,1.60484,1.60481,1.604815,-1.0,-1.0,-1
1.604815,1.60485,1.60481,1.604835,-1.0,-1.0,-1
1.604835,1.604845,1.604815,1.60482,-1.0,-1.0,-1
1.60482,1.60484,1.60482,1.604835,-1.0,-1.0,-1
1.604835,1.604835,1.604825,1.604825,-1.0,-1.0,-1
1.604825,1.604865,1.604825,1.60485,-1.0,-1.0,-1
1.60485,1.60485,1.604815,1.604815,-1.0,-1.0,-1
1.604815,1.60483,1.60481,1.60481,-1.0,-1.0,-1
1.60481,1.604845,1.60481,1.604845,-1.0,-1.0,-1
1.604845,1.6049,1.604845,1.6049,-1.0,-1.0,-1
1.6049,1.6049,1.60488,1.604885,-1.0,-1.0,-1
1.604885,1.60491,1.60488,1.60491,-1.0,-1.0,-1
1.60491,1.604915,1.604905,1.604915,-1.0,-1.0,-1
1.604915,1.604935,1.60491,1.60492,-1.0,-1.0,-1
1.60492,1.60492,1.6049,1.604905,-1.0,-1.0,-1
1.604905,1.60491,1.60489,1.6049,-1.0,-1.0,-1
1.6049,1.604915,1.604895,1.604915,-1.0,-1.0,-1
1.604915,1.604925,1.604905,1.604925,-1.0,-1.0,-1
1.604925,1.604925,1.60491,1.604925,-1.0,-1.0,-1
1.604925,1.604965,1.60491,1.60495,-1.0,-1.0,-1
1.60495,1.604955,1.604935,1.604955,-1.0,-1.0,-1
1.604955,1.60498,1.604935,1.60494,-1.0,-1.0,-1
1.60494,1.604965,1.60494,1.604965,-1.0,-1.0,-1
1.604965,1.604965,1.60494,1.604965,-1.0,-1.0,-1
1.604965,1.604985,1.604955,1.60498,-1.0,-1.0,-1
1.60498,1.604985,1.60496,1.60496,-1.0,-1.0,-1
1.60496,1.60498,1.60496,1.60496,-1.0,-1.0,-1
1.60496,1.604965,1.60496,1.604965,-1.0,-1.0,-1
1.604965,1.604965,1.60495,1.604955,-1.0,-1.0,-1
1.604955,1.604965,1.604955,1.604955,-1.0,-1.0,-1
1.604955,1.604965,1.60492,1.604925,-1.0,-1.0,-1
1.604925,1.60493,1.604905,1.60491,-1.0,-1.0,-1
1.60491,1.604925,1.604905,1.60491,-1.0,-1.0,-1
1.60491,1.60492,1.6049,1.604915,-1.0,-1.0,-1
1.604915,1.60492,1.6049,1.60492,-1.0,-1.0,-1
1.60492,1.60495,1.604885,1.6049,-1.0,-1.0,-1
1.6049,1.60493,1.6049,1.604915,-1.0,-1.0,-1
1.604915,1.604925,1.6049,1.60492,-1.0,-1.0,-1
1.60492,1.60492,1.6049,1.604915,-1.0,-1.0,-1
1.604915,1.60492,1.6049,1.60492,-1.0,-1.0,-1
1.60492,1.60492,1.60488,1.604885,-1.0,-1.0,-1
1.604885,1.604905,1.604865,1.60488,-1.0,-1.0,-1
1.60488,1.6049,1.60488,1.6049,-1.0,-1.0,-1
1.6049,1.6049,1.604875,1.604875,-1.0,-1.0,-1
1.604875,1.60489,1.6048,1.604835,-1.0,-1.0,-1
1.604835,1.60485,1.60482,1.604845,-1.0,-1.0,-1
1.604845,1.60487,1.604845,1.604865,-1.0,-1.0,-1
1.604865,1.604865,1.60485,1.60485,-1.0,-1.0,-1
1.60485,1.60487,1.60483,1.60487,-1.0,-1.0,-1
1.60487,1.604875,1.60485,1.60485,-1.0,-1.0,-1
1.60485,1.604855,1.60477,1.604795,-1.0,-1.0,-1
1.604795,1.6048,1.604775,1.604785,-1.0,-1.0,-1
1.604785,1.604795,1.60473,1.604765,-1.0,-1.0,-1
1.604765,1.604765,1.60476,1.60476,-1.0,-1.0,-1
1.60476,1.604785,1.60476,1.60476,-1.0,-1.0,-1
1.60476,1.604765,1.604755,1.604765,-1.0,-1.0,-1
1.604765,1.604805,1.604765,1.6048,-1.0,-1.0,-1
1.6048,1.604805,1.60479,1.6048,-1.0,-1.0,-1
1.6048,1.604805,1.604795,1.6048,-1.0,-1.0,-1
1.6048,1.60482,1.604795,1.60482,-1.0,-1.0,-1
1.60482,1.604835,1.604815,1.60483,-1.0,-1.0,-1
1.60483,1.604855,1.60482,1.604855,-1.0,-1.0,-1
1.604855,1.604865,1.60484,1.60486,-1.0,-1.0,-1
1.60486,1.604865,1.60485,1.604855,-1.0,-1.0,-1
1.604855,1.604855,1.60484,1.60485,-1.0,-1.0,-1
1.60485,1.604895,1.60485,1.60489,-1.0,-1.0,-1
1.60489,1.604895,1.60489,1.60489,-1.0,-1.0,-1
1.60489,1.60491,1.60489,1.6049,-1.0,-1.0,-1
1.6049,1.604915,1.6049,1.604915,-1.0,-1.0,-1
1.604915,1.604945,1.60491,1.60493,-1.0,-1.0,-1
1.60493,1.60494,1.60493,1.60493,-1.0,-1.0,-1
1.60493,1.604955,1.604925,1.604955,-1.0,-1.0,-1
1.604955,1.604955,1.60491,1.60493,-1.0,-1.0,-1
1.60493,1.604945,1.60493,1.60493,-1.0,-1.0,-1
1.60493,1.60497,1.60493,1.604965,-1.0,-1.0,-1
1.604965,1.60498,1.60493,1.604935,-1.0,-1.0,-1
1.604935,1.60495,1.604915,1.60492,-1.0,-1.0,-1
1.60492,1.604925,1.604905,1.604925,-1.0,-1.0,-1
1.604925,1.604955,1.6049,1.60494,-1.0,-1.0,-1
1.60494,1.60499,1.60494,1.604985,-1.0,-1.0,-1
1.604985,1.60503,1.604955,1.60497,-1.0,-1.0,-1
1.60497,1.605095,1.60497,1.605065,-1.0,-1.0,-1
1.605065,1.605165,1.605065,1.605165,-1.0,-1.0,-1
1.605165,1.60517,1.605125,1.605125,-1.0,-1.0,-1
1.605125,1.605155,1.605095,1.605095,-1.0,-1.0,-1
1.605095,1.6052,1.60508,1.6052,-1.0,-1.0,-1
1.6052,1.60527,1.60519,1.60523,-1.0,-1.0,-1
1.60523,1.605235,1.605205,1.605215,-1.0,-1.0,-1
1.605215,1.605305,1.605195,1.605285,-1.0,-1.0,-1
1.605285,1.60531,1.60526,1.60529,-1.0,-1.0,-1
1.60529,1.6054,1.60528,1.60538,-1.0,-1.0,-1
1.60538,1.60547,1.605375,1.60545,-1.0,-1.0,-1
1.60545,1.60545,1.6054,1.6054,-1.0,-1.0,-1
1.6054,1.60544,1.605385,1.60543,-1.0,-1.0,-1
1.60543,1.60546,1.605395,1.605395,-1.0,-1.0,-1
1.605395,1.605425,1.60539,1.6054,-1.0,-1.0,-1
1.6054,1.605415,1.60534,1.60534,-1.0,-1.0,-1
1.60534,1.60535,1.60526,1.6053,-1.0,-1.0,-1
1.6053,1.60531,1.605295,1.605295,-1.0,-1.0,-1
1.605295,1.60534,1.605295,1.605305,-1.0,-1.0,-1
1.605305,1.60534,1.605305,1.60533,-1.0,-1.0,-1
1.60533,1.605335,1.60514,1.60519,-1.0,-1.0,-1
1.60519,1.605235,1.60515,1.60516,-1.0,-1.0,-1
1.60516,1.60516,1.60509,1.60512,-1.0,-1.0,-1
1.60512,1.605155,1.60512,1.60514,-1.0,-1.0,-1
1.60514,1.605155,1.60512,1.605125,-1.0,-1.0,-1
1.605125,1.60513,1.605085,1.605115,-1.0,-1.0,-1
1.605115,1.605145,1.605075,1.605075,-1.0,-1.0,-1
1.605075,1.60509,1.60502,1.60505,-1.0,-1.0,-1
1.60505,1.6051,1.60505,1.60507,-1.0,-1.0,-1
1.60507,1.60511,1.60507,1.60511,-1.0,-1.0,-1
1.60511,1.60516,1.605105,1.60515,-1.0,-1.0,-1
1.60515,1.60517,1.605135,1.60515,-1.0,-1.0,-1
1.60515,1.605155,1.60514,1.60514,-1.0,-1.0,-1
1.60514,1.60515,1.60511,1.605135,-1.0,-1.0,-1
1.605135,1.60517,1.60511,1.605145,-1.0,-1.0,-1
1.605145,1.60517,1.60513,1.60517,-1.0,-1.0,-1
1.60517,1.60519,1.605165,1.605175,-1.0,-1.0,-1
1.605175,1.605185,1.60516,1.60516,-1.0,-1.0,-1
1.60516,1.605225,1.60516,1.60521,-1.0,-1.0,-1
1.60521,1.60525,1.60521,1.60522,-1.0,-1.0,-1
1.60522,1.605275,1.60522,1.60523,-1.0,-1.0,-1
1.60523,1.60526,1.60523,1.60525,-1.0,-1.0,-1
1.60525,1.605275,1.60524,1.60526,-1.0,-1.0,-1
1.60526,1.605265,1.605235,1.60525,-1.0,-1.0,-1
1.60525,1.605265,1.60525,1.605265,-1.0,-1.0,-1
1.605265,1.605295,1.60526,1.60527,-1.0,-1.0,-1
1.60527,1.60533,1.60527,1.60529,-1.0,-1.0,-1
1.60529,1.60536,1.60528,1.60532,-1.0,-1.0,-1
1.60532,1.605355,1.605295,1.605295,-1.0,-1.0,-1
1.605295,1.6053,1.60527,1.60527,-1.0,-1.0,-1
1.60527,1.60533,1.60527,1.60532,-1.0,-1.0,-1
1.60532,1.605335,1.60532,1.60532,-1.0,-1.0,-1
1.60532,1.60535,1.60532,1.60534,-1.0,-1.0,-1
1.60534,1.60534,1.605325,1.605325,-1.0,-1.0,-1
1.605325,1.60535,1.60532,1.60532,-1.0,-1.0,-1
1.60532,1.60535,1.60532,1.60533,-1.0,-1.0,-1
1.60533,1.60535,1.60533,1.60534,-1.0,-1.0,-1
1.60534,1.60534,1.605305,1.60531,-1.0,-1.0,-1
1.60531,1.60534,1.60531,1.60533,-1.0,-1.0,-1
1.60533,1.60535,1.605325,1.60533,-1.0,-1.0,-1
1.60533,1.605335,1.60533,1.60533,-1.0,-1.0,-1
1.60533,1.60539,1.60533,1.60539,-1.0,-1.0,-1
1.60539,1.605405,1.60539,1.6054,-1.0,-1.0,-1
1.6054,1.605415,1.605375,1.60538,-1.0,-1.0,-1
1.60538,1.60539,1.605375,1.605375,-1.0,-1.0,-1
1.605375,1.605375,1.605315,1.60534,-1.0,-1.0,-1
1.60534,1.605355,1.60533,1.60534,-1.0,-1.0,-1
1.60534,1.60537,1.60534,1.60537,-1.0,-1.0,-1
1.60537,1.60537,1.6053,1.60534,-1.0,-1.0,-1
1.60534,1.60539,1.60533,1.60535,-1.0,-1.0,-1
1.60535,1.605365,1.60535,1.605365,-1.0,-1.0,-1
1.605365,1.605365,1.60535,1.60536,-1.0,-1.0,-1
1.60536,1.60537,1.605345,1.60535,-1.0,-1.0,-1
1.60535,1.60535,1.605345,1.605345,-1.0,-1.0,-1
1.605345,1.605385,1.605345,1.60538,-1.0,-1.0,-1
1.60538,1.60538,1.60537,1.605375,-1.0,-1.0,-1
1.605375,1.605395,1.60537,1.60539,-1.0,-1.0,-1
1.60539,1.605445,1.60539,1.605445,-1.0,-1.0,-1
1.605445,1.605445,1.605345,1.60538,-1.0,-1.0,-1
1.60538,1.60538,1.60534,1.605345,-1.0,-1.0,-1
1.605345,1.605345,1.60531,1.605315,-1.0,-1.0,-1
1.605315,1.60534,1.60531,1.60534,-1.0,-1.0,-1
1.60534,1.605395,1.6053,1.60536,-1.0,-1.0,-1
1.60536,1.605385,1.60533,1.60535,-1.0,-1.0,-1
1.60535,1.60542,1.605325,1.605415,-1.0,-1.0,-1
1.605415,1.60542,1.60537,1.60539,-1.0,-1.0,-1
1.60539,1.605445,1.60539,1.605445,-1.0,-1.0,-1
1.605445,1.60548,1.605435,1.60546,-1.0,-1.0,-1
1.60546,1.60547,1.60543,1.605455,-1.0,-1.0,-1
1.605455,1.605455,1.605395,1.605405,-1.0,-1.0,-1
1.605405,1.605425,1.60538,1.605395,-1.0,-1.0,-1
1.605395,1.605415,1.60538,1.605395,-1.0,-1.0,-1
1.605395,1.605455,1.605395,1.605445,-1.0,-1.0,-1
1.605445,1.605445,1.60539,1.605395,-1.0,-1.0,-1
1.605395,1.605405,1.60539,1.6054,-1.0,-1.0,-1
1.6054,1.605425,1.6054,1.605415,-1.0,-1.0,-1
1.605415,1.605435,1.605415,1.605425,-1.0,-1.0,-1
1.605425,1.60547,1.605425,1.60547,-1.0,-1.0,-1
1.60547,1.60547,1.605455,1.60546,-1.0,-1.0,-1
1.60546,1.60551,1.60546,1.605505,-1.0,-1.0,-1
1.605505,1.60554,1.60549,1.60553,-1.0,-1.0,-1
1.60553,1.60553,1.605465,1.605465,-1.0,-1.0,-1
1.605465,1.60548,1.605465,1.605465,-1.0,-1.0,-1
1.605465,1.60547,1.605465,1.60547,-1.0,-1.0,-1
1.60547,1.60547,1.60544,1.60546,-1.0,-1.0,-1
1.60546,1.605465,1.605435,1.605455,-1.0,-1.0,-1
1.605455,1.60547,1.605455,1.605465,-1.0,-1.0,-1
1.605465,1.60548,1.605455,1.605475,-1.0,-1.0,-1
1.605475,1.60548,1.60543,1.60547,-1.0,-1.0,-1
1.60547,1.605485,1.605465,1.605485,-1.0,-1.0,-1
1.605485,1.6055,1.60546,1.605495,-1.0,-1.0,-1
1.605495,1.605505,1.6054,1.605405,-1.0,-1.0,-1
1.605405,1.605455,1.605405,1.60542,-1.0,-1.0,-1
1.60542,1.605445,1.605405,1.60541,-1.0,-1.0,-1
1.60541,1.605415,1.605395,1.605395,-1.0,-1.0,-1
1.605395,1.60541,1.60539,1.605405,-1.0,-1.0,-1
1.605405,1.605415,1.605395,1.6054,-1.0,-1.0,-1
1.6054,1.605405,1.6054,1.6054,-1.0,-1.0,-1
1.6054,1.605445,1.605395,1.605405,-1.0,-1.0,-1
1.605405,1.605415,1.6054,1.6054,-1.0,-1.0,-1
1.6054,1.605415,1.605345,1.605375,-1.0,-1.0,-1
1.605375,1.605385,1.60535,1.60537,-1.0,-1.0,-1
1.60537,1.60537,1.605265,1.605275,-1.0,-1.0,-1
1.605275,1.6053,1.605265,1.60529,-1.0,-1.0,-1
1.60529,1.605295,1.60528,1.605295,-1.0,-1.0,-1
1.605295,1.60534,1.605295,1.60534,-1.0,-1.0,-1
1.60534,1.605345,1.60533,1.60534,-1.0,-1.0,-1
1.60534,1.60534,1.605325,1.60534,-1.0,-1.0,-1
1.60534,1.60535,1.60534,1.60534,-1.0,-1.0,-1
1.60534,1.605365,1.60534,1.60536,-1.0,-1.0,-1
1.60536,1.60537,1.605345,1.605355,-1.0,-1.0,-1
1.605355,1.605365,1.60533,1.60533,-1.0,-1.0,-1
1.60533,1.60534,1.60533,1.60533,-1.0,-1.0,-1
1.60533,1.60535,1.60533,1.60534,-1.0,-1.0,-1
1.60534,1.605355,1.60534,1.60535,-1.0,-1.0,-1
1.60535,1.60537,1.60534,1.60534,-1.0,-1.0,-1
1.60534,1.605355,1.60534,1.60534,-1.0,-1.0,-1
1.60534,1.605365,1.60534,1.605365,-1.0,-1.0,-1
1.605365,1.605375,1.60535,1.605375,-1.0,-1.0,-1
1.605375,1.605405,1.605375,1.605375,-1.0,-1.0,-1
1.605375,1.60544,1.605375,1.605425,-1.0,-1.0,-1
1.605425,1.605445,1.60541,1.605445,-1.0,-1.0,-1
1.605445,1.605455,1.605435,1.605445,-1.0,-1.0,-1
1.605445,1.605465,1.605435,1.605465,-1.0,-1.0,-1
1.605465,1.60547,1.605435,1.60547,-1.0,-1.0,-1
1.60547,1.60547,1.605435,1.60545,-1.0,-1.0,-1
1.60545,1.60545,1.60543,1.605445,-1.0,-1.0,-1
1.605445,1.605455,1.60544,1.605455,-1.0,-1.0,-1
1.605455,1.60546,1.605425,1.60545,-1.0,-1.0,-1
1.60545,1.605465,1.605435,1.605445,-1.0,-1.0,-1
1.605445,1.60546,1.60544,1.60546,-1.0,-1.0,-1
1.60546,1.60546,1.605445,1.605455,-1.0,-1.0,-1
1.605455,1.605465,1.60543,1.60543,-1.0,-1.0,-1
1.60543,1.60543,1.60541,1.60542,-1.0,-1.0,-1
1.60542,1.605435,1.60542,1.605425,-1.0,-1.0,-1
1.605425,1.60544,1.605425,1.60543,-1.0,-1.0,-1
1.60543,1.60544,1.60542,1.605435,-1.0,-1.0,-1
1.605435,1.605485,1.605425,1.605485,-1.0,-1.0,-1
1.605485,1.60554,1.60547,1.605515,-1.0,-1.0,-1
1.605515,1.605515,1.60547,1.605495,-1.0,-1.0,-1
1.605495,1.605505,1.60549,1.60549,-1.0,-1.0,-1
1.60549,1.6055,1.60549,1.605495,-1.0,-1.0,-1
1.605495,1.6055,1.605455,1.60549,-1.0,-1.0,-1
1.60549,1.605495,1.605475,1.605485,-1.0,-1.0,-1
1.605485,1.60549,1.605465,1.60548,-1.0,-1.0,-1
1.60548,1.60548,1.60546,1.60547,-1.0,-1.0,-1
1.60547,1.6055,1.60546,1.6055,-1.0,-1.0,-1
1.6055,1.605505,1.60547,1.60547,-1.0,-1.0,-1
1.60547,1.60547,1.60545,1.605465,-1.0,-1.0,-1
1.605465,1.605505,1.605455,1.605455,-1.0,-1.0,-1
1.605455,1.605475,1.605455,1.605465,-1.0,-1.0,-1
1.605465,1.60548,1.605395,1.605415,-1.0,-1.0,-1
1.605415,1.60544,1.60541,1.60541,-1.0,-1.0,-1
1.60541,1.60541,1.60541,1.60541,-1.0,-1.0,-1
1.60541,1.605435,1.60541,1.605425,-1.0,-1.0,-1
1.605425,1.6055,1.605395,1.6055,-1.0,-1.0,-1
1.6055,1.605515,1.605475,1.605505,-1.0,-1.0,-1
1.605505,1.60551,1.605495,1.6055,-1.0,-1.0,-1
1.6055,1.60552,1.6055,1.605515,-1.0,-1.0,-1
1.605515,1.605535,1.60551,1.60552,-1.0,-1.0,-1
1.60552,1.60552,1.605515,1.605515,-1.0,-1.0,-1
1.605515,1.60555,1.605505,1.60555,-1.0,-1.0,-1
1.60555,1.605555,1.60551,1.60555,-1.0,-1.0,-1
1.60555,1.605555,1.60554,1.60554,-1.0,-1.0,-1
1.60554,1.60557,1.605535,1.605555,-1.0,-1.0,-1
1.605555,1.60562,1.60555,1.60562,-1.0,-1.0,-1
1.60562,1.605625,1.60561,1.60561,-1.0,-1.0,-1
1.60561,1.60561,1.60555,1.605555,-1.0,-1.0,-1
1.605555,1.60556,1.605555,1.605555,-1.0,-1.0,-1
1.605555,1.60557,1.605555,1.60556,-1.0,-1.0,-1
1.60556,1.60556,1.605555,1.605555,-1.0,-1.0,-1
1.605555,1.60556,1.60554,1.605545,-1.0,-1.0,-1
1.605545,1.60557,1.605545,1.605555,-1.0,-1.0,-1
1.605555,1.605565,1.60555,1.60556,-1.0,-1.0,-1
1.60556,1.605585,1.60554,1.60558,-1.0,-1.0,-1
1.60558,1.60559,1.60558,1.60558,-1.0,-1.0,-1
1.60558,1.605585,1.60556,1.605575,-1.0,-1.0,-1
1.605575,1.6056,1.605545,1.605545,-1.0,-1.0,-1
1.605545,1.605595,1.60553,1.605595,-1.0,-1.0,-1
1.605595,1.605615,1.605575,1.605615,-1.0,-1.0,-1
1.605615,1.605655,1.6056,1.60563,-1.0,-1.0,-1
1.60563,1.60566,1.6056,1.6056,-1.0,-1.0,-1
1.6056,1.60562,1.605575,1.605575,-1.0,-1.0,-1
1.605575,1.60558,1.60556,1.605575,-1.0,-1.0,-1
1.605575,1.605585,1.605565,1.605565,-1.0,-1.0,-1
1.605565,1.6056,1.60552,1.605525,-1.0,-1.0,-1
1.605525,1.605555,1.605495,1.605495,-1.0,-1.0,-1
1.605495,1.60554,1.60549,1.605525,-1.0,-1.0,-1
1.605525,1.605535,1.60552,1.605535,-1.0,-1.0,-1
1.605535,1.605545,1.605495,1.605495,-1.0,-1.0,-1
1.605495,1.605565,1.605495,1.60556,-1.0,-1.0,-1
1.60556,1.60557,1.605535,1.605535,-1.0,-1.0,-1
1.605535,1.605535,1.60552,1.605525,-1.0,-1.0,-1
1.605525,1.605535,1.60552,1.605525,-1.0,-1.0,-1
1.605525,1.605525,1.60552,1.605525,-1.0,-1.0,-1
1.605525,1.605535,1.605495,1.605495,-1.0,-1.0,-1
1.605495,1.605535,1.605495,1.605535,-1.0,-1.0,-1
1.605535,1.605535,1.60551,1.60551,-1.0,-1.0,-1
1.60551,1.605525,1.60551,1.605525,-1.0,-1.0,-1
1.605525,1.605525,1.60549,1.6055,-1.0,-1.0,-1
1.6055,1.605525,1.60548,1.605525,-1.0,-1.0,-1
1.605525,1.605525,1.60551,1.60551,-1.0,-1.0,-1
1.60551,1.605545,1.60551,1.60553,-1.0,-1.0,-1
1.60553,1.60557,1.60553,1.605555,-1.0,-1.0,-1
1.605555,1.60557,1.605555,1.605555,-1.0,-1.0,-1
1.605555,1.605585,1.60555,1.60556,-1.0,-1.0,-1
1.60556,1.60557,1.605555,1.60557,-1.0,-1.0,-1
1.60557,1.60561,1.60557,1.60561,-1.0,-1.0,-1
1.60561,1.60561,1.605605,1.60561,-1.0,-1.0,-1
1.60561,1.605615,1.605605,1.605615,-1.0,-1.0,-1
1.605615,1.605615,1.60559,1.60559,-1.0,-1.0,-1
1.60559,1.605595,1.605575,1.605585,-1.0,-1.0,-1
1.605585,1.6056,1.60558,1.6056,-1.0,-1.0,-1
1.6056,1.6056,1.605595,1.605595,-1.0,-1.0,-1
1.605595,1.6056,1.60558,1.6056,-1.0,-1.0,-1
1.6056,1.6056,1.6056,1.6056,-1.0,-1.0,-1
1.6056,1.6056,1.605555,1.605555,-1.0,-1.0,-1
1.605555,1.60558,1.605545,1.60555,-1.0,-1.0,-1
1.60555,1.60555,1.60551,1.60551,-1.0,-1.0,-1
1.60551,1.60554,1.60551,1.60554,-1.0,-1.0,-1
1.60554,1.60555,1.60552,1.605545,-1.0,-1.0,-1
1.605545,1.60557,1.60551,1.60551,-1.0,-1.0,-1
1.60551,1.60553,1.60551,1.60552,-1.0,-1.0,-1
1.60552,1.605535,1.60551,1.605535,-1.0,-1.0,-1
1.605535,1.60559,1.60553,1.60556,-1.0,-1.0,-1
1.60556,1.6056,1.60554,1.605575,-1.0,-1.0,-1
1.605575,1.60558,1.60549,1.605525,-1.0,-1.0,-1
1.605525,1.60556,1.60551,1.605535,-1.0,-1.0,-1
1.605535,1.605545,1.605525,1.60554,-1.0,-1.0,-1
1.60554,1.60554,1.60551,1.605525,-1.0,-1.0,-1
1.605525,1.605525,1.60546,1.60546,-1.0,-1.0,-1
1.60546,1.60546,1.60543,1.605445,-1.0,-1.0,-1
1.605445,1.605445,1.60542,1.60544,-1.0,-1.0,-1
1.60544,1.60546,1.605435,1.60545,-1.0,-1.0,-1
1.60545,1.605465,1.605425,1.60544,-1.0,-1.0,-1
1.60544,1.60544,1.60542,1.60542,-1.0,-1.0,-1
1.60542,1.60544,1.6054,1.60544,-1.0,-1.0,-1
1.60544,1.605445,1.60543,1.605445,-1.0,-1.0,-1
1.605445,1.605445,1.60543,1.60543,-1.0,-1.0,-1
1.60543,1.60543,1.605405,1.605415,-1.0,-1.0,-1
1.605415,1.60542,1.60539,1.6054,-1.0,-1.0,-1
1.6054,1.605425,1.60538,1.6054,-1.0,-1.0,-1
1.6054,1.605415,1.6054,1.60541,-1.0,-1.0,-1
1.60541,1.605415,1.605405,1.605405,-1.0,-1.0,-1
1.605405,1.60543,1.605405,1.605425,-1.0,-1.0,-1
1.605425,1.60549,1.605425,1.60548,-1.0,-1.0,-1
1.60548,1.60549,1.605465,1.605465,-1.0,-1.0,-1
1.605465,1.605495,1.605465,1.605495,-1.0,-1.0,-1
1.605495,1.6055,1.605485,1.6055,-1.0,-1.0,-1
1.6055,1.60551,1.60544,1.60544,-1.0,-1.0,-1
1.60544,1.60552,1.605435,1.60552,-1.0,-1.0,-1
1.60552,1.605525,1.605505,1.60552,-1.0,-1.0,-1
1.60552,1.605535,1.60552,1.60552,-1.0,-1.0,-1
1.60552,1.605535,1.60552,1.605535,-1.0,-1.0,-1
1.605535,1.605535,1.60551,1.60551,-1.0,-1.0,-1
1.60551,1.60555,1.60551,1.60551,-1.0,-1.0,-1
1.60551,1.605515,1.605485,1.605485,-1.0,-1.0,-1
1.605485,1.605495,1.60546,1.60547,-1.0,-1.0,-1
1.60547,1.60547,1.60546,1.60546,-1.0,-1.0,-1
1.60546,1.60551,1.605455,1.605495,-1.0,-1.0,-1
1.605495,1.605505,1.605465,1.605465,-1.0,-1.0,-1
1.605465,1.605475,1.605465,1.605475,-1.0,-1.0,-1
1.605475,1.605475,1.605465,1.605465,-1.0,-1.0,-1
1.605465,1.605485,1.60546,1.605485,-1.0,-1.0,-1
1.605485,1.605505,1.605485,1.605495,-1.0,-1.0,-1
1.605495,1.605505,1.60545,1.60545,-1.0,-1.0,-1
1.60545,1.605475,1.605435,1.605455,-1.0,-1.0,-1
1.605455,1.60549,1.605455,1.605475,-1.0,-1.0,-1
1.605475,1.60549,1.60546,1.60546,-1.0,-1.0,-1
1.60546,1.605465,1.605455,1.605465,-1.0,-1.0,-1
1.605465,1.605465,1.605455,1.605455,-1.0,-1.0,-1
1.605455,1.60546,1.605455,1.60546,-1.0,-1.0,-1
1.60546,1.60547,1.605415,1.605425,-1.0,-1.0,-1
1.605425,1.605435,1.6054,1.605435,-1.0,-1.0,-1
1.605435,1.605435,1.605425,1.60543,-1.0,-1.0,-1
1.60543,1.60545,1.605415,1.605445,-1.0,-1.0,-1
1.605445,1.605475,1.605435,1.605465,-1.0,-1.0,-1
1.605465,1.60547,1.60545,1.605455,-1.0,-1.0,-1
1.605455,1.605465,1.605455,1.60546,-1.0,-1.0,-1
1.60546,1.60546,1.60544,1.60544,-1.0,-1.0,-1
1.60544,1.60544,1.605425,1.605425,-1.0,-1.0,-1
1.605425,1.605455,1.60539,1.60539,-1.0,-1.0,-1
1.60539,1.60542,1.60539,1.60542,-1.0,-1.0,-1
1.60542,1.60547,1.60541,1.60547,-1.0,-1.0,-1
1.60547,1.60551,1.60547,1.6055,-1.0,-1.0,-1
1.6055,1.605505,1.6055,1.605505,-1.0,-1.0,-1
1.605505,1.605505,1.605425,1.605495,-1.0,-1.0,-1
1.605495,1.60556,1.60546,1.60556,-1.0,-1.0,-1
1.60556,1.605565,1.60555,1.60556,-1.0,-1.0,-1
1.60556,1.605565,1.605555,1.605555,-1.0,-1.0,-1
1.605555,1.605565,1.605555,1.605565,-1.0,-1.0,-1
1.605565,1.60559,1.60554,1.60558,-1.0,-1.0,-1
1.60558,1.605585,1.60555,1.60556,-1.0,-1.0,-1
1.60556,1.60557,1.60556,1.60556,-1.0,-1.0,-1
1.60556,1.60557,1.605545,1.60555,-1.0,-1.0,-1
1.60555,1.605555,1.60554,1.60554,-1.0,-1.0,-1
1.60554,1.605545,1.60554,1.605545,-1.0,-1.0,-1
1.605545,1.60555,1.605535,1.60555,-1.0,-1.0,-1
1.60555,1.60557,1.60555,1.60556,-1.0,-1.0,-1
1.60556,1.605575,1.60556,1.60557,-1.0,-1.0,-1
1.60557,1.605615,1.60557,1.60561,-1.0,-1.0,-1
1.60561,1.60561,1.6056,1.605605,-1.0,-1.0,-1
1.605605,1.60561,1.605575,1.605575,-1.0,-1.0,-1
1.605575,1.605585,1.60556,1.60557,-1.0,-1.0,-1
1.60557,1.605585,1.605565,1.605585,-1.0,-1.0,-1
1.605585,1.605585,1.605565,1.605585,-1.0,-1.0,-1
1.605585,1.605585,1.605585,1.605585,-1.0,-1.0,-1
1.605585,1.605585,1.605565,1.60558,-1.0,-1.0,-1
1.60558,1.605585,1.60557,1.605575,-1.0,-1.0,-1
1.605575,1.605585,1.60557,1.60558,-1.0,-1.0,-1
1.60558,1.605585,1.605565,1.60558,-1.0,-1.0,-1
1.60558,1.60558,1.60557,1.605575,-1.0,-1.0,-1
1.605575,1.605625,1.60555,1.60561,-1.0,-1.0,-1
1.60561,1.605615,1.60557,1.605605,-1.0,-1.0,-1
1.605605,1.60562,1.6056,1.60561,-1.0,-1.0,-1
1.60561,1.605645,1.605595,1.605645,-1.0,-1.0,-1
1.605645,1.60566,1.605635,1.60564,-1.0,-1.0,-1
1.60564,1.60567,1.60564,1.60566,-1.0,-1.0,-1
1.60566,1.60566,1.605655,1.60566,-1.0,-1.0,-1
1.60566,1.60566,1.605655,1.605655,-1.0,-1.0,-1
1.605655,1.60568,1.60561,1.605615,-1.0,-1.0,-1
1.605615,1.605615,1.605575,1.605595,-1.0,-1.0,-1
1.605595,1.605595,1.605595,1.605595,-1.0,-1.0,-1
1.605595,1.605605,1.605595,1.605595,-1.0,-1.0,-1
1.605595,1.6056,1.605575,1.60559,-1.0,-1.0,-1
1.60559,1.60559,1.60557,1.605575,-1.0,-1.0,-1
1.605575,1.605585,1.60557,1.60557,-1.0,-1.0,-1
1.60557,1.605585,1.60557,1.605585,-1.0,-1.0,-1
1.605585,1.605585,1.60557,1.605585,-1.0,-1.0,-1
1.605585,1.605585,1.60557,1.60558,-1.0,-1.0,-1
1.60558,1.60559,1.60555,1.60555,-1.0,-1.0,-1
1.60555,1.605575,1.60555,1.605565,-1.0,-1.0,-1
1.605565,1.60557,1.605535,1.60555,-1.0,-1.0,-1
1.60555,1.60555,1.60552,1.605525,-1.0,-1.0,-1
1.605525,1.605545,1.605525,1.60554,-1.0,-1.0,-1
1.60554,1.60555,1.605525,1.60554,-1.0,-1.0,-1
1.60554,1.60557,1.60554,1.60556,-1.0,-1.0,-1
1.60556,1.60557,1.605555,1.605565,-1.0,-1.0,-1
1.605565,1.60559,1.60554,1.605565,-1.0,-1.0,-1
1.605565,1.605635,1.60556,1.60563,-1.0,-1.0,-1
1.60563,1.60565,1.60562,1.605625,-1.0,-1.0,-1
1.605625,1.605645,1.6056,1.605645,-1.0,-1.0,-1
1.605645,1.605645,1.605635,1.60564,-1.0,-1.0,-1
1.60564,1.605645,1.605635,1.605645,-1.0,-1.0,-1
1.605645,1.605645,1.605635,1.605645,-1.0,-1.0,-1
1.605645,1.60565,1.60561,1.60563,-1.0,-1.0,-1
1.60563,1.60564,1.60561,1.60564,-1.0,-1.0,-1
1.60564,1.605645,1.60562,1.60564,-1.0,-1.0,-1
1.60564,1.60564,1.60564,1.60564,-1.0,-1.0,-1
1.60564,1.60565,1.605635,1.605635,-1.0,-1.0,-1
1.605635,1.605635,1.605615,1.605615,-1.0,-1.0,-1
1.605615,1.60563,1.605615,1.60562,-1.0,-1.0,-1
1.60562,1.60562,1.60556,1.60557,-1.0,-1.0,-1
1.60557,1.60559,1.605515,1.60553,-1.0,-1.0,-1
1.60553,1.60554,1.60551,1.60551,-1.0,-1.0,-1
1.60551,1.60551,1.605465,1.605485,-1.0,-1.0,-1
1.605485,1.605505,1.605455,1.60546,-1.0,-1.0,-1
1.60546,1.60546,1.60543,1.605445,-1.0,-1.0,-1
1.605445,1.605445,1.60544,1.605445,-1.0,-1.0,-1
1.605445,1.60545,1.605405,1.605415,-1.0,-1.0,-1
1.605415,1.60543,1.605415,1.605415,-1.0,-1.0,-1
1.605415,1.60543,1.605345,1.605385,-1.0,-1.0,-1
1.605385,1.60543,1.605385,1.605415,-1.0,-1.0,-1
1.605415,1.60543,1.605415,1.60542,-1.0,-1.0,-1
1.60542,1.605445,1.60542,1.605435,-1.0,-1.0,-1
1.605435,1.60544,1.605425,1.60543,-1.0,-1.0,-1
1.60543,1.605435,1.605425,1.605425,-1.0,-1.0,-1
1.605425,1.605425,1.605365,1.60538,-1.0,-1.0,-1
1.60538,1.605415,1.605375,1.60541,-1.0,-1.0,-1
1.60541,1.605415,1.605345,1.605355,-1.0,-1.0,-1
1.605355,1.60536,1.605305,1.60535,-1.0,-1.0,-1
1.60535,1.605365,1.605345,1.60535,-1.0,-1.0,-1
1.60535,1.60535,1.60531,1.60534,-1.0,-1.0,-1
1.60534,1.60538,1.605295,1.60538,-1.0,-1.0,-1
1.60538,1.60539,1.605355,1.60539,-1.0,-1.0,-1
1.60539,1.605415,1.605375,1.605415,-1.0,-1.0,-1
1.605415,1.60544,1.605385,1.605395,-1.0,-1.0,-1
1.605395,1.605405,1.60539,1.6054,-1.0,-1.0,-1
1.6054,1.605455,1.605395,1.605445,-1.0,-1.0,-1
1.605445,1.605445,1.605415,1.60542,-1.0,-1.0,-1
1.60542,1.605455,1.60542,1.605455,-1.0,-1.0,-1
1.605455,1.605465,1.605435,1.605465,-1.0,-1.0,-1
1.605465,1.60547,1.60544,1.60545,-1.0,-1.0,-1
1.60545,1.60548,1.605445,1.605465,-1.0,-1.0,-1
1.605465,1.60548,1.605465,1.605465,-1.0,-1.0,-1
1.605465,1.60547,1.60543,1.605455,-1.0,-1.0,-1
1.605455,1.60547,1.605435,1.605445,-1.0,-1.0,-1
1.605445,1.605465,1.60542,1.60545,-1.0,-1.0,-1
1.60545,1.6055,1.605445,1.605485,-1.0,-1.0,-1
1.605485,1.605505,1.6054,1.605425,-1.0,-1.0,-1
1.605425,1.605425,1.605425,1.605425,-1.0,-1.0,-1
1.605425,1.605465,1.60541,1.605445,-1.0,-1.0,-1
1.605445,1.605465,1.60544,1.605465,-1.0,-1.0,-1
1.605465,1.605475,1.605455,1.60546,-1.0,-1.0,-1
1.60546,1.60547,1.605455,1.60547,-1.0,-1.0,-1
1.60547,1.60547,1.605465,1.60547,-1.0,-1.0,-1
1.60547,1.60547,1.605445,1.60545,-1.0,-1.0,-1
1.60545,1.60546,1.605345,1.605355,-1.0,-1.0,-1
1.605355,1.60537,1.60535,1.605365,-1.0,-1.0,-1
1.605365,1.605375,1.60535,1.605375,-1.0,-1.0,-1
1.605375,1.60542,1.605365,1.605415,-1.0,-1.0,-1
1.605415,1.605425,1.605405,1.60542,-1.0,-1.0,-1
1.60542,1.605425,1.605405,1.60542,-1.0,-1.0,-1
1.60542,1.605425,1.60539,1.60539,-1.0,-1.0,-1
1.60539,1.60539,1.60539,1.60539,-1.0,-1.0,-1
1.60539,1.605435,1.60538,1.605435,-1.0,-1.0,-1
1.605435,1.605505,1.60541,1.605505,-1.0,-1.0,-1
1.605505,1.605505,1.605485,1.60549,-1.0,-1.0,-1
1.60549,1.605495,1.60546,1.605475,-1.0,-1.0,-1
1.605475,1.60551,1.605475,1.605485,-1.0,-1.0,-1
1.605485,1.605495,1.60548,1.605485,-1.0,-1.0,-1
1.605485,1.605485,1.60547,1.605475,-1.0,-1.0,-1
1.605475,1.605475,1.605385,1.605395,-1.0,-1.0,-1
1.605395,1.605425,1.605395,1.605405,-1.0,-1.0,-1
1.605405,1.60544,1.605405,1.60544,-1.0,-1.0,-1
1.60544,1.60548,1.605425,1.60548,-1.0,-1.0,-1
1.60548,1.605495,1.605465,1.60549,-1.0,-1.0,-1
1.60549,1.605505,1.605475,1.605475,-1.0,-1.0,-1
1.605475,1.605485,1.605475,1.605475,-1.0,-1.0,-1
1.605475,1.605475,1.605455,1.605465,-1.0,-1.0,-1
1.605465,1.605465,1.605435,1.605445,-1.0,-1.0,-1
1.605445,1.60546,1.60544,1.605455,-1.0,-1.0,-1
1.605455,1.605465,1.605455,1.605465,-1.0,-1.0,-1
1.605465,1.60551,1.605445,1.60551,-1.0,-1.0,-1
1.60551,1.60551,1.605465,1.60549,-1.0,-1.0,-1
1.60549,1.60552,1.605465,1.60552,-1.0,-1.0,-1
1.60552,1.605545,1.605505,1.605525,-1.0,-1.0,-1
1.605525,1.605525,1.60552,1.605525,-1.0,-1.0,-1
1.605525,1.605525,1.60548,1.60551,-1.0,-1.0,-1
1.60551,1.605515,1.605495,1.605505,-1.0,-1.0,-1
1.605505,1.60555,1.605465,1.605545,-1.0,-1.0,-1
1.605545,1.60555,1.605525,1.605535,-1.0,-1.0,-1
1.605535,1.60554,1.60546,1.6055,-1.0,-1.0,-1
1.6055,1.6055,1.605465,1.60548,-1.0,-1.0,-1
1.60548,1.60556,1.60548,1.60556,-1.0,-1.0,-1
1.60556,1.605585,1.60555,1.605575,-1.0,-1.0,-1
1.605575,1.60559,1.60555,1.605585,-1.0,-1.0,-1
1.605585,1.605595,1.605575,1.60559,-1.0,-1.0,-1
1.60559,1.60559,1.605555,1.605585,-1.0,-1.0,-1
1.605585,1.60559,1.60555,1.605575,-1.0,-1.0,-1
1.605575,1.60559,1.605545,1.605575,-1.0,-1.0,-1
1.605575,1.605585,1.605575,1.605575,-1.0,-1.0,-1
1.605575,1.60559,1.605575,1.60558,-1.0,-1.0,-1
1.60558,1.60561,1.60555,1.60559,-1.0,-1.0,-1
1.60559,1.60561,1.605585,1.60561,-1.0,-1.0,-1
1.60561,1.60564,1.60559,1.60564,-1.0,-1.0,-1
1.60564,1.605645,1.60561,1.60564,-1.0,-1.0,-1
1.60564,1.60571,1.60564,1.6057,-1.0,-1.0,-1
1.6057,1.6057,1.60568,1.60569,-1.0,-1.0,-1
1.60569,1.60569,1.60566,1.60566,-1.0,-1.0,-1
1.60566,1.60566,1.60566,1.60566,-1.0,-1.0,-1
1.60566,1.605705,1.60566,1.6057,-1.0,-1.0,-1
1.6057,1.60572,1.605695,1.605705,-1.0,-1.0,-1
1.605705,1.60572,1.6057,1.605705,-1.0,-1.0,-1
1.605705,1.60572,1.605675,1.60569,-1.0,-1.0,-1
1.60569,1.60569,1.605665,1.605685,-1.0,-1.0,-1
1.605685,1.605685,1.60567,1.60567,-1.0,-1.0,-1
1.60567,1.60568,1.60567,1.60567,-1.0,-1.0,-1
1.60567,1.6057,1.60566,1.60569,-1.0,-1.0,-1
1.60569,1.60571,1.60569,1.6057,-1.0,-1.0,-1
1.6057,1.60571,1.605655,1.605665,-1.0,-1.0,-1
1.605665,1.605675,1.605655,1.60566,-1.0,-1.0,-1
1.60566,1.60567,1.605645,1.605665,-1.0,-1.0,-1
1.605665,1.60572,1.605645,1.60569,-1.0,-1.0,-1
1.60569,1.60569,1.605655,1.605655,-1.0,-1.0,-1
1.605655,1.60569,1.605655,1.605665,-1.0,-1.0,-1
1.605665,1.605685,1.605665,1.60568,-1.0,-1.0,-1
1.60568,1.605765,1.60568,1.605745,-1.0,-1.0,-1
1.605745,1.60575,1.60573,1.605745,-1.0,-1.0,-1
1.605745,1.605795,1.605745,1.60578,-1.0,-1.0,-1
1.60578,1.60578,1.605775,1.60578,-1.0,-1.0,-1
1.60578,1.60578,1.60574,1.60578,-1.0,-1.0,-1
1.60578,1.605825,1.60577,1.60577,-1.0,-1.0,-1
1.60577,1.60578,1.605765,1.605765,-1.0,-1.0,-1
1.605765,1.60578,1.60576,1.60578,-1.0,-1.0,-1
1.60578,1.60579,1.605775,1.605775,-1.0,-1.0,-1
1.605775,1.60579,1.605775,1.605785,-1.0,-1.0,-1
1.605785,1.60579,1.605775,1.605775,-1.0,-1.0,-1
1.605775,1.60579,1.605775,1.60579,-1.0,-1.0,-1
1.60579,1.60581,1.60576,1.60576,-1.0,-1.0,-1
1.60576,1.605765,1.60569,1.6057,-1.0,-1.0,-1
1.6057,1.60572,1.60569,1.60571,-1.0,-1.0,-1
1.60571,1.605735,1.605695,1.6057,-1.0,-1.0,-1
1.6057,1.6057,1.605605,1.60564,-1.0,-1.0,-1
1.60564,1.605655,1.60564,1.605655,-1.0,-1.0,-1
1.605655,1.60567,1.60564,1.605665,-1.0,-1.0,-1
1.605665,1.60567,1.605645,1.605655,-1.0,-1.0,-1
1.605655,1.605675,1.605615,1.60567,-1.0,-1.0,-1
1.60567,1.605675,1.60566,1.60566,-1.0,-1.0,-1
1.60566,1.605685,1.60566,1.605665,-1.0,-1.0,-1
1.605665,1.60569,1.60565,1.60569,-1.0,-1.0,-1
1.60569,1.605715,1.60569,1.605715,-1.0,-1.0,-1
1.605715,1.60572,1.60566,1.60568,-1.0,-1.0,-1
1.60568,1.605735,1.605655,1.605725,-1.0,-1.0,-1
1.605725,1.605835,1.605705,1.605825,-1.0,-1.0,-1
1.605825,1.60586,1.60576,1.60576,-1.0,-1.0,-1
1.60576,1.60591,1.605755,1.605895,-1.0,-1.0,-1
1.605895,1.605915,1.60585,1.60587,-1.0,-1.0,-1
1.60587,1.605905,1.60585,1.605905,-1.0,-1.0,-1
1.605905,1.60599,1.605865,1.605975,-1.0,-1.0,-1
1.605975,1.60603,1.605955,1.605975,-1.0,-1.0,-1
1.605975,1.605975,1.605875,1.605905,-1.0,-1.0,-1
1.605905,1.605915,1.60589,1.605915,-1.0,-1.0,-1
1.605915,1.60593,1.6059,1.605925,-1.0,-1.0,-1
1.605925,1.60594,1.605915,1.60592,-1.0,-1.0,-1
1.60592,1.60594,1.605865,1.605895,-1.0,-1.0,-1
1.605895,1.605895,1.605845,1.605865,-1.0,-1.0,-1
1.605865,1.605865,1.605835,1.60586,-1.0,-1.0,-1
1.60586,1.60591,1.605845,1.60586,-1.0,-1.0,-1
1.60586,1.605865,1.605785,1.605825,-1.0,-1.0,-1
1.605825,1.605855,1.605825,1.605845,-1.0,-1.0,-1
1.605845,1.60585,1.605785,1.6058,-1.0,-1.0,-1
1.6058,1.60582,1.605785,1.6058,-1.0,-1.0,-1
1.6058,1.60583,1.605785,1.60583,-1.0,-1.0,-1
1.60583,1.60583,1.605775,1.60582,-1.0,-1.0,-1
1.60582,1.60582,1.60578,1.60579,-1.0,-1.0,-1
1.60579,1.605795,1.6057,1.6057,-1.0,-1.0,-1
1.6057,1.60573,1.6057,1.605725,-1.0,-1.0,-1
1.605725,1.60573,1.605715,1.60572,-1.0,-1.0,-1
1.60572,1.605815,1.60572,1.605815,-1.0,-1.0,-1
1.605815,1.605825,1.6058,1.605825,-1.0,-1.0,-1
1.605825,1.60586,1.605825,1.605825,-1.0,-1.0,-1
1.605825,1.605835,1.60582,1.60582,-1.0,-1.0,-1
1.60582,1.60586,1.60582,1.60585,-1.0,-1.0,-1
1.60585,1.60591,1.60585,1.605905,-1.0,-1.0,-1
1.605905,1.605905,1.60587,1.60588,-1.0,-1.0,-1
1.60588,1.60591,1.60584,1.605855,-1.0,-1.0,-1
1.605855,1.605905,1.605855,1.605905,-1.0,-1.0,-1
1.605905,1.60593,1.60589,1.605925,-1.0,-1.0,-1
1.605925,1.60593,1.60591,1.60592,-1.0,-1.0,-1
1.60592,1.605945,1.605915,1.605925,-1.0,-1.0,-1
1.605925,1.605935,1.6059,1.605905,-1.0,-1.0,-1
1.605905,1.60593,1.605905,1.60591,-1.0,-1.0,-1
1.60591,1.60592,1.605905,1.605905,-1.0,-1.0,-1
1.605905,1.60592,1.60586,1.605885,-1.0,-1.0,-1
1.605885,1.6059,1.60587,1.6059,-1.0,-1.0,-1
1.6059,1.60591,1.60585,1.605865,-1.0,-1.0,-1
1.605865,1.60587,1.60585,1.60585,-1.0,-1.0,-1
1.60585,1.60588,1.605825,1.605845,-1.0,-1.0,-1
1.605845,1.605905,1.605845,1.605895,-1.0,-1.0,-1
1.605895,1.605895,1.60587,1.605875,-1.0,-1.0,-1
1.605875,1.6059,1.605865,1.605885,-1.0,-1.0,-1
1.605885,1.60589,1.605885,1.60589,-1.0,-1.0,-1
1.60589,1.605895,1.605825,1.605895,-1.0,-1.0,-1
1.605895,1.60596,1.605895,1.60593,-1.0,-1.0,-1
1.60593,1.605935,1.60587,1.605885,-1.0,-1.0,-1
1.605885,1.605915,1.605885,1.605895,-1.0,-1.0,-1
1.605895,1.605895,1.605825,1.605825,-1.0,-1.0,-1
1.605825,1.6059,1.605825,1.6059,-1.0,-1.0,-1
1.6059,1.6059,1.605865,1.60587,-1.0,-1.0,-1
1.60587,1.605885,1.605865,1.60587,-1.0,-1.0,-1
1.60587,1.60588,1.60582,1.60583,-1.0,-1.0,-1
1.60583,1.60585,1.605825,1.605825,-1.0,-1.0,-1
1.605825,1.60588,1.605825,1.605865,-1.0,-1.0,-1
1.605865,1.605885,1.605855,1.60587,-1.0,-1.0,-1
1.60587,1.60588,1.60585,1.60588,-1.0,-1.0,-1
1.60588,1.605895,1.605865,1.605875,-1.0,-1.0,-1
1.605875,1.60589,1.60587,1.605875,-1.0,-1.0,-1
1.605875,1.60591,1.60587,1.605905,-1.0,-1.0,-1
1.605905,1.605905,1.60587,1.60587,-1.0,-1.0,-1
1.60587,1.605885,1.60586,1.605875,-1.0,-1.0,-1
1.605875,1.605885,1.60586,1.605885,-1.0,-1.0,-1
1.605885,1.605885,1.605855,1.605855,-1.0,-1.0,-1
1.605855,1.60587,1.60585,1.60587,-1.0,-1.0,-1
1.60587,1.60594,1.60586,1.60594,-1.0,-1.0,-1
1.60594,1.605945,1.6059,1.60591,-1.0,-1.0,-1
1.60591,1.605935,1.6059,1.60593,-1.0,-1.0,-1
1.60593,1.605945,1.60591,1.605925,-1.0,-1.0,-1
1.605925,1.60593,1.605905,1.60591,-1.0,-1.0,-1
1.60591,1.60591,1.605895,1.605905,-1.0,-1.0,-1
1.605905,1.605935,1.605815,1.605835,-1.0,-1.0,-1
1.605835,1.60597,1.605835,1.60597,-1.0,-1.0,-1
1.60597,1.60597,1.60587,1.60587,-1.0,-1.0,-1
1.60587,1.605965,1.60587,1.60594,-1.0,-1.0,-1
1.60594,1.605975,1.60594,1.605965,-1.0,-1.0,-1
1.605965,1.605985,1.605955,1.60596,-1.0,-1.0,-1
1.60596,1.60597,1.605925,1.605925,-1.0,-1.0,-1
1.605925,1.605935,1.60584,1.605925,-1.0,-1.0,-1
1.605925,1.605935,1.605885,1.60591,-1.0,-1.0,-1
1.60591,1.60591,1.605835,1.605855,-1.0,-1.0,-1
1.605855,1.60586,1.60584,1.605855,-1.0,-1.0,-1
1.605855,1.60587,1.60581,1.605845,-1.0,-1.0,-1
1.605845,1.60586,1.60582,1.60584,-1.0,-1.0,-1
1.60584,1.605855,1.60583,1.60584,-1.0,-1.0,-1
1.60584,1.60586,1.605825,1.605855,-1.0,-1.0,-1
1.605855,1.60586,1.605785,1.60579,-1.0,-1.0,-1
1.60579,1.605825,1.60578,1.605785,-1.0,-1.0,-1
1.605785,1.6058,1.605755,1.60579,-1.0,-1.0,-1
1.60579,1.60579,1.605765,1.60578,-1.0,-1.0,-1
1.60578,1.60579,1.605725,1.605765,-1.0,-1.0,-1
1.605765,1.60577,1.60574,1.60574,-1.0,-1.0,-1
1.60574,1.60575,1.60571,1.605745,-1.0,-1.0,-1
1.605745,1.605765,1.605725,1.60576,-1.0,-1.0,-1
1.60576,1.605775,1.60568,1.60568,-1.0,-1.0,-1
1.60568,1.60569,1.6056,1.60562,-1.0,-1.0,-1
1.60562,1.60565,1.605605,1.60564,-1.0,-1.0,-1
1.60564,1.605685,1.60564,1.605665,-1.0,-1.0,-1
1.605665,1.60569,1.60566,1.605665,-1.0,-1.0,-1
1.605665,1.60569,1.605665,1.60567,-1.0,-1.0,-1
1.60567,1.60569,1.60565,1.60568,-1.0,-1.0,-1
1.60568,1.605695,1.60567,1.60567,-1.0,-1.0,-1
1.60567,1.60568,1.605665,1.605675,-1.0,-1.0,-1
1.605675,1.60572,1.605675,1.60572,-1.0,-1.0,-1
1.60572,1.60572,1.6057,1.605705,-1.0,-1.0,-1
1.605705,1.60572,1.6057,1.60571,-1.0,-1.0,-1
1.60571,1.60572,1.605705,1.60571,-1.0,-1.0,-1
1.60571,1.605725,1.605695,1.605705,-1.0,-1.0,-1
1.605705,1.60572,1.605665,1.605665,-1.0,-1.0,-1
1.605665,1.605705,1.60562,1.605705,-1.0,-1.0,-1
1.605705,1.605705,1.605655,1.60567,-1.0,-1.0,-1
1.60567,1.605685,1.60565,1.60568,-1.0,-1.0,-1
1.60568,1.605685,1.60567,1.605675,-1.0,-1.0,-1
1.605675,1.60568,1.605665,1.60567,-1.0,-1.0,-1
1.60567,1.60568,1.60566,1.605675,-1.0,-1.0,-1
1.605675,1.60571,1.605675,1.6057,-1.0,-1.0,-1
1.6057,1.60571,1.605695,1.6057,-1.0,-1.0,-1
1.6057,1.605725,1.605695,1.605725,-1.0,-1.0,-1
1.605725,1.60578,1.6057,1.60576,-1.0,-1.0,-1
1.60576,1.605765,1.60572,1.60572,-1.0,-1.0,-1
1.60572,1.60573,1.60572,1.605725,-1.0,-1.0,-1
1.605725,1.60579,1.60571,1.605755,-1.0,-1.0,-1
1.605755,1.605755,1.605735,1.60575,-1.0,-1.0,-1
1.60575,1.605755,1.60574,1.60574,-1.0,-1.0,-1
1.60574,1.605745,1.60572,1.605725,-1.0,-1.0,-1
1.605725,1.605745,1.605725,1.60574,-1.0,-1.0,-1
1.60574,1.605755,1.60574,1.605755,-1.0,-1.0,-1
1.605755,1.605805,1.605725,1.605805,-1.0,-1.0,-1
1.605805,1.605805,1.605725,1.60575,-1.0,-1.0,-1
1.60575,1.60576,1.605745,1.605745,-1.0,-1.0,-1
1.605745,1.605745,1.60572,1.605745,-1.0,-1.0,-1
1.605745,1.60579,1.60574,1.60579,-1.0,-1.0,-1
1.60579,1.605795,1.605775,1.605785,-1.0,-1.0,-1
1.605785,1.60579,1.605765,1.60578,-1.0,-1.0,-1
1.60578,1.60578,1.60576,1.605765,-1.0,-1.0,-1
1.605765,1.60577,1.60575,1.605755,-1.0,-1.0,-1
1.605755,1.60577,1.60575,1.605765,-1.0,-1.0,-1
1.605765,1.605775,1.60573,1.605745,-1.0,-1.0,-1
1.605745,1.60577,1.605745,1.605755,-1.0,-1.0,-1
1.605755,1.605775,1.605755,1.60577,-1.0,-1.0,-1
1.60577,1.6058,1.60574,1.60575,-1.0,-1.0,-1
1.60575,1.6058,1.60575,1.605795,-1.0,-1.0,-1
1.605795,1.60583,1.605785,1.605815,-1.0,-1.0,-1
1.605815,1.605825,1.605775,1.60579,-1.0,-1.0,-1
1.60579,1.60579,1.60576,1.60577,-1.0,-1.0,-1
1.60577,1.605775,1.605745,1.60575,-1.0,-1.0,-1
1.60575,1.60575,1.60569,1.60569,-1.0,-1.0,-1
1.60569,1.60572,1.60567,1.60572,-1.0,-1.0,-1
1.60572,1.605735,1.605695,1.605705,-1.0,-1.0,-1
1.605705,1.605735,1.605695,1.605725,-1.0,-1.0,-1
1.605725,1.605735,1.605695,1.605725,-1.0,-1.0,-1
1.605725,1.60577,1.60568,1.605765,-1.0,-1.0,-1
1.605765,1.60577,1.60573,1.60576,-1.0,-1.0,-1
1.60576,1.605835,1.60576,1.605835,-1.0,-1.0,-1
1.605835,1.60585,1.605825,1.605845,-1.0,-1.0,-1
1.605845,1.605885,1.605845,1.60587,-1.0,-1.0,-1
1.60587,1.605885,1.605865,1.605875,-1.0,-1.0,-1
1.605875,1.605875,1.605855,1.605855,-1.0,-1.0,-1
1.605855,1.605865,1.605825,1.605865,-1.0,-1.0,-1
1.605865,1.605865,1.60582,1.605845,-1.0,-1.0,-1
1.605845,1.60585,1.605835,1.605835,-1.0,-1.0,-1
1.605835,1.605855,1.60579,1.60581,-1.0,-1.0,-1
1.60581,1.605835,1.60579,1.60583,-1.0,-1.0,-1
1.60583,1.60583,1.60581,1.60581,-1.0,-1.0,-1
1.60581,1.60582,1.60576,1.60577,-1.0,-1.0,-1
1.60577,1.605775,1.605765,1.60577,-1.0,-1.0,-1
1.60577,1.60577,1.605765,1.605765,-1.0,-1.0,-1
1.605765,1.605765,1.605725,1.605725,-1.0,-1.0,-1
1.605725,1.60573,1.605725,1.605725,-1.0,-1.0,-1
1.605725,1.60573,1.605705,1.60572,-1.0,-1.0,-1
1.60572,1.605725,1.60572,1.605725,-1.0,-1.0,-1
1.605725,1.605725,1.605705,1.605725,-1.0,-1.0,-1
1.605725,1.60576,1.605725,1.605755,-1.0,-1.0,-1
1.605755,1.60576,1.60574,1.605755,-1.0,-1.0,-1
1.605755,1.605765,1.60569,1.605755,-1.0,-1.0,-1
1.605755,1.605755,1.605695,1.605715,-1.0,-1.0,-1
1.605715,1.605785,1.605715,1.60578,-1.0,-1.0,-1
1.60578,1.605845,1.605775,1.605815,-1.0,-1.0,-1
1.605815,1.605825,1.6058,1.605815,-1.0,-1.0,-1
1.605815,1.60586,1.605815,1.60584,-1.0,-1.0,-1
1.60584,1.60585,1.605815,1.605815,-1.0,-1.0,-1
1.605815,1.605875,1.605805,1.605865,-1.0,-1.0,-1
1.605865,1.605865,1.60585,1.605865,-1.0,-1.0,-1
1.605865,1.605865,1.60586,1.60586,-1.0,-1.0,-1
1.60586,1.605885,1.60586,1.60588,-1.0,-1.0,-1
1.60588,1.60589,1.60587,1.60589,-1.0,-1.0,-1
1.60589,1.605995,1.60588,1.60595,-1.0,-1.0,-1
1.60595,1.605965,1.60595,1.60595,-1.0,-1.0,-1
1.60595,1.60595,1.60591,1.60592,-1.0,-1.0,-1
1.60592,1.605945,1.60592,1.605945,-1.0,-1.0,-1
1.605945,1.60599,1.605925,1.60593,-1.0,-1.0,-1
1.60593,1.605955,1.605925,1.60595,-1.0,-1.0,-1
1.60595,1.605955,1.60594,1.60595,-1.0,-1.0,-1
1.60595,1.605995,1.60595,1.605995,-1.0,-1.0,-1
1.605995,1.605995,1.605985,1.605995,-1.0,-1.0,-1
1.605995,1.605995,1.605985,1.605995,-1.0,-1.0,-1
1.605995,1.606015,1.60599,1.60601,-1.0,-1.0,-1
1.60601,1.60601,1.605995,1.606,-1.0,-1.0,-1
1.606,1.60601,1.606,1.606005,-1.0,-1.0,-1
1.606005,1.606005,1.606,1.606005,-1.0,-1.0,-1
1.606005,1.606025,1.606,1.606015,-1.0,-1.0,-1
1.606015,1.606055,1.60601,1.60605,-1.0,-1.0,-1
1.60605,1.60605,1.605995,1.60601,-1.0,-1.0,-1
1.60601,1.60603,1.60601,1.606025,-1.0,-1.0,-1
1.606025,1.60603,1.605985,1.605985,-1.0,-1.0,-1
1.605985,1.605995,1.605925,1.60594,-1.0,-1.0,-1
1.60594,1.60596,1.60589,1.60589,-1.0,-1.0,-1
1.60589,1.60593,1.60589,1.60592,-1.0,-1.0,-1
1.60592,1.605935,1.60592,1.60593,-1.0,-1.0,-1
1.60593,1.60596,1.60593,1.60596,-1.0,-1.0,-1
1.60596,1.605965,1.605925,1.60594,-1.0,-1.0,-1
1.60594,1.60595,1.605915,1.605915,-1.0,-1.0,-1
1.605915,1.60595,1.605915,1.60595,-1.0,-1.0,-1
1.60595,1.60597,1.60594,1.60595,-1.0,-1.0,-1
1.60595,1.60595,1.60593,1.60595,-1.0,-1.0,-1
1.60595,1.60595,1.60594,1.60594,-1.0,-1.0,-1
1.60594,1.605945,1.60588,1.60589,-1.0,-1.0,-1
1.60589,1.60589,1.605865,1.605875,-1.0,-1.0,-1
1.605875,1.605965,1.60587,1.60595,-1.0,-1.0,-1
1.60595,1.60595,1.605925,1.60595,-1.0,-1.0,-1
1.60595,1.60595,1.605925,1.605925,-1.0,-1.0,-1
1.605925,1.60595,1.605925,1.60594,-1.0,-1.0,-1
1.60594,1.60596,1.605925,1.60594,-1.0,-1.0,-1
1.60594,1.60596,1.60593,1.60593,-1.0,-1.0,-1
1.60593,1.60595,1.60593,1.60595,-1.0,-1.0,-1
1.60595,1.60595,1.605935,1.60594,-1.0,-1.0,-1
1.60594,1.60595,1.60592,1.60595,-1.0,-1.0,-1
1.60595,1.60596,1.605925,1.60593,-1.0,-1.0,-1
1.60593,1.605945,1.60591,1.60594,-1.0,-1.0,-1
1.60594,1.605945,1.60592,1.60594,-1.0,-1.0,-1
1.60594,1.605965,1.60593,1.60594,-1.0,-1.0,-1
1.60594,1.605945,1.60592,1.60594,-1.0,-1.0,-1
1.60594,1.605945,1.605925,1.60593,-1.0,-1.0,-1
1.60593,1.60595,1.605905,1.60593,-1.0,-1.0,-1
1.60593,1.60595,1.60593,1.60595,-1.0,-1.0,-1
1.60595,1.60595,1.605925,1.605935,-1.0,-1.0,-1
1.605935,1.60595,1.60592,1.60594,-1.0,-1.0,-1
1.60594,1.60596,1.605935,1.60595,-1.0,-1.0,-1
1.60595,1.605965,1.60595,1.60596,-1.0,-1.0,-1
1.60596,1.60596,1.60594,1.60594,-1.0,-1.0,-1
1.60594,1.605955,1.60594,1.60595,-1.0,-1.0,-1
1.60595,1.605965,1.60595,1.60595,-1.0,-1.0,-1
1.60595,1.605985,1.60594,1.605955,-1.0,-1.0,-1
1.605955,1.60598,1.60595,1.60598,-1.0,-1.0,-1
1.60598,1.60598,1.60597,1.60597,-1.0,-1.0,-1
1.60597,1.605985,1.60596,1.605985,-1.0,-1.0,-1
1.605985,1.60599,1.60598,1.605985,-1.0,-1.0,-1
1.605985,1.605985,1.605955,1.605975,-1.0,-1.0,-1
1.605975,1.60598,1.60596,1.605965,-1.0,-1.0,-1
1.605965,1.605975,1.60593,1.60595,-1.0,-1.0,-1
1.60595,1.605955,1.60593,1.60595,-1.0,-1.0,-1
1.60595,1.605975,1.60595,1.605975,-1.0,-1.0,-1
1.605975,1.60598,1.605905,1.605915,-1.0,-1.0,-1
1.605915,1.60592,1.60591,1.60592,-1.0,-1.0,-1
1.60592,1.605925,1.605915,1.60592,-1.0,-1.0,-1
1.60592,1.60597,1.60591,1.60594,-1.0,-1.0,-1
1.60594,1.60595,1.60594,1.60594,-1.0,-1.0,-1
1.60594,1.60594,1.60593,1.60593,-1.0,-1.0,-1
1.60593,1.605935,1.605875,1.605885,-1.0,-1.0,-1
1.605885,1.605925,1.605875,1.60592,-1.0,-1.0,-1
1.60592,1.605925,1.60591,1.60591,-1.0,-1.0,-1
1.60591,1.60594,1.60591,1.60594,-1.0,-1.0,-1
1.60594,1.60594,1.605885,1.605905,-1.0,-1.0,-1
1.605905,1.60592,1.605905,1.60591,-1.0,-1.0,-1
1.60591,1.605935,1.605905,1.60592,-1.0,-1.0,-1
1.60592,1.605945,1.605915,1.605925,-1.0,-1.0,-1
1.605925,1.60593,1.60592,1.60592,-1.0,-1.0,-1
1.60592,1.60593,1.6059,1.6059,-1.0,-1.0,-1
1.6059,1.6059,1.605855,1.605855,-1.0,-1.0,-1
1.605855,1.60586,1.60585,1.60585,-1.0,-1.0,-1
1.60585,1.605885,1.60585,1.605885,-1.0,-1.0,-1
1.605885,1.605885,1.60587,1.60587,-1.0,-1.0,-1
1.60587,1.60587,1.605795,1.60584,-1.0,-1.0,-1
1.60584,1.605845,1.60576,1.60576,-1.0,-1.0,-1
1.60576,1.60579,1.60576,1.60578,-1.0,-1.0,-1
1.60578,1.6058,1.605775,1.60578,-1.0,-1.0,-1
1.60578,1.605785,1.605775,1.605775,-1.0,-1.0,-1
1.605775,1.605775,1.60575,1.60575,-1.0,-1.0,-1
1.60575,1.60578,1.60571,1.605725,-1.0,-1.0,-1
1.605725,1.60577,1.605715,1.605765,-1.0,-1.0,-1
1.605765,1.60577,1.605765,1.605765,-1.0,-1.0,-1
1.605765,1.60584,1.605765,1.605835,-1.0,-1.0,-1
1.605835,1.605855,1.60575,1.60575,-1.0,-1.0,-1
1.60575,1.60575,1.60573,1.605745,-1.0,-1.0,-1
1.605745,1.60577,1.60574,1.605765,-1.0,-1.0,-1
1.605765,1.60578,1.605745,1.60576,-1.0,-1.0,-1
1.60576,1.605765,1.605735,1.605735,-1.0,-1.0,-1
1.605735,1.60575,1.60569,1.60571,-1.0,-1.0,-1
1.60571,1.60572,1.605705,1.605715,-1.0,-1.0,-1
1.605715,1.605715,1.60567,1.60567,-1.0,-1.0,-1
1.60567,1.605685,1.60567,1.60567,-1.0,-1.0,-1
1.60567,1.605695,1.60567,1.60569,-1.0,-1.0,-1
1.60569,1.605695,1.60568,1.60569,-1.0,-1.0,-1
1.60569,1.605705,1.60567,1.60568,-1.0,-1.0,-1
1.60568,1.605695,1.60567,1.60568,-1.0,-1.0,-1
1.60568,1.605685,1.60568,1.60568,-1.0,-1.0,-1
1.60568,1.60572,1.60568,1.60572,-1.0,-1.0,-1
1.60572,1.60574,1.60572,1.605725,-1.0,-1.0,-1
1.605725,1.60575,1.60572,1.60575,-1.0,-1.0,-1
1.60575,1.605775,1.60575,1.60577,-1.0,-1.0,-1
1.60577,1.605775,1.60576,1.60576,-1.0,-1.0,-1
1.60576,1.605765,1.60573,1.60575,-1.0,-1.0,-1
1.60575,1.605755,1.605735,1.605735,-1.0,-1.0,-1
1.605735,1.60574,1.6057,1.605715,-1.0,-1.0,-1
1.605715,1.605765,1.60571,1.60576,-1.0,-1.0,-1
1.60576,1.605765,1.605695,1.605705,-1.0,-1.0,-1
1.605705,1.605715,1.6057,1.605715,-1.0,-1.0,-1
1.605715,1.605715,1.60571,1.605715,-1.0,-1.0,-1
1.605715,1.605725,1.60571,1.605725,-1.0,-1.0,-1
1.605725,1.60573,1.6057,1.60571,-1.0,-1.0,-1
1.60571,1.60571,1.605655,1.60568,-1.0,-1.0,-1
1.60568,1.60574,1.605635,1.60571,-1.0,-1.0,-1
1.60571,1.60572,1.605695,1.60571,-1.0,-1.0,-1
1.60571,1.605715,1.6057,1.60571,-1.0,-1.0,-1
1.60571,1.60571,1.60569,1.60569,-1.0,-1.0,-1
1.60569,1.60569,1.60566,1.605665,-1.0,-1.0,-1
1.605665,1.605685,1.605665,1.60568,-1.0,-1.0,-1
1.60568,1.6057,1.60568,1.6057,-1.0,-1.0,-1
1.6057,1.6057,1.605635,1.605635,-1.0,-1.0,-1
1.605635,1.605635,1.605605,1.60563,-1.0,-1.0,-1
1.60563,1.60563,1.60561,1.605625,-1.0,-1.0,-1
1.605625,1.605675,1.605615,1.60567,-1.0,-1.0,-1
1.60567,1.605675,1.605585,1.60559,-1.0,-1.0,-1
1.60559,1.60561,1.60559,1.6056,-1.0,-1.0,-1
1.6056,1.60561,1.60559,1.60559,-1.0,-1.0,-1
1.60559,1.60562,1.60559,1.605615,-1.0,-1.0,-1
1.605615,1.60562,1.6056,1.605615,-1.0,-1.0,-1
1.605615,1.605615,1.60554,1.60554,-1.0,-1.0,-1
1.60554,1.605595,1.60554,1.60554,-1.0,-1.0,-1
1.60554,1.605555,1.605525,1.605555,-1.0,-1.0,-1
1.605555,1.605555,1.605535,1.60555,-1.0,-1.0,-1
1.60555,1.60556,1.60554,1.605555,-1.0,-1.0,-1
1.605555,1.60557,1.605555,1.60557,-1.0,-1.0,-1
1.60557,1.605595,1.605565,1.60559,-1.0,-1.0,-1
1.60559,1.60567,1.60559,1.605655,-1.0,-1.0,-1
1.605655,1.60568,1.60561,1.605615,-1.0,-1.0,-1
1.605615,1.60564,1.605595,1.60564,-1.0,-1.0,-1
1.60564,1.60566,1.60564,1.60565,-1.0,-1.0,-1
1.60565,1.605655,1.605645,1.605645,-1.0,-1.0,-1
1.605645,1.605655,1.60564,1.60564,-1.0,-1.0,-1
1.60564,1.60565,1.60564,1.60565,-1.0,-1.0,-1
1.60565,1.60565,1.605585,1.605615,-1.0,-1.0,-1
1.605615,1.605635,1.60559,1.605635,-1.0,-1.0,-1
1.605635,1.605635,1.605605,1.60562,-1.0,-1.0,-1
1.60562,1.60564,1.605605,1.605625,-1.0,-1.0,-1
1.605625,1.60564,1.605625,1.60563,-1.0,-1.0,-1
1.60563,1.60564,1.60563,1.605635,-1.0,-1.0,-1
1.605635,1.605655,1.60563,1.60565,-1.0,-1.0,-1
1.60565,1.60565,1.605615,1.60562,-1.0,-1.0,-1
1.60562,1.605635,1.605605,1.605615,-1.0,-1.0,-1
1.605615,1.60562,1.605605,1.60562,-1.0,-1.0,-1
1.60562,1.60562,1.605585,1.60559,-1.0,-1.0,-1
1.60559,1.6056,1.60559,1.60559,-1.0,-1.0,-1
1.60559,1.605595,1.60555,1.60558,-1.0,-1.0,-1
1.60558,1.60561,1.605575,1.6056,-1.0,-1.0,-1
1.6056,1.6056,1.60559,1.6056,-1.0,-1.0,-1
1.6056,1.6056,1.60559,1.6056,-1.0,-1.0,-1
1.6056,1.60563,1.6056,1.60563,-1.0,-1.0,-1
1.60563,1.605635,1.60562,1.605625,-1.0,-1.0,-1
1.605625,1.605625,1.60561,1.60562,-1.0,-1.0,-1
1.60562,1.605625,1.60561,1.60562,-1.0,-1.0,-1
1.60562,1.60562,1.6056,1.605605,-1.0,-1.0,-1
1.605605,1.605605,1.605595,1.6056,-1.0,-1.0,-1
1.6056,1.6056,1.6056,1.6056,-1.0,-1.0,-1
1.6056,1.6056,1.6056,1.6056,-1.0,-1.0,-1
1.6056,1.6056,1.605575,1.605575,-1.0,-1.0,-1
1.605575,1.60559,1.60556,1.60557,-1.0,-1.0,-1
1.60557,1.60557,1.60557,1.60557,-1.0,-1.0,-1
1.60557,1.60557,1.605555,1.605565,-1.0,-1.0,-1
1.605565,1.60561,1.605565,1.60561,-1.0,-1.0,-1
1.60561,1.60561,1.60558,1.60558,-1.0,-1.0,-1
1.60558,1.605585,1.60554,1.605565,-1.0,-1.0,-1
1.605565,1.605565,1.60554,1.60554,-1.0,-1.0,-1
1.60554,1.605555,1.605515,1.60555,-1.0,-1.0,-1
1.60555,1.605585,1.60555,1.60558,-1.0,-1.0,-1
1.60558,1.605585,1.605545,1.605575,-1.0,-1.0,-1
1.605575,1.605625,1.605575,1.60562,-1.0,-1.0,-1
1.60562,1.605675,1.605615,1.605665,-1.0,-1.0,-1
1.605665,1.60569,1.605635,1.605645,-1.0,-1.0,-1
1.605645,1.605645,1.605605,1.605625,-1.0,-1.0,-1
1.605625,1.605625,1.60562,1.605625,-1.0,-1.0,-1
1.605625,1.60568,1.605615,1.605645,-1.0,-1.0,-1
1.605645,1.605645,1.605625,1.605645,-1.0,-1.0,-1
1.605645,1.60567,1.605645,1.605665,-1.0,-1.0,-1
1.605665,1.605675,1.60563,1.605635,-1.0,-1.0,-1
1.605635,1.60567,1.605635,1.605665,-1.0,-1.0,-1
1.605665,1.60568,1.605665,1.605665,-1.0,-1.0,-1
1.605665,1.605675,1.60565,1.605655,-1.0,-1.0,-1
1.605655,1.605655,1.605655,1.605655,-1.0,-1.0,-1
1.605655,1.605655,1.605645,1.605655,-1.0,-1.0,-1
1.605655,1.605655,1.60562,1.60563,-1.0,-1.0,-1
1.60563,1.605635,1.605565,1.60559,-1.0,-1.0,-1
1.60559,1.605595,1.60557,1.60559,-1.0,-1.0,-1
1.60559,1.605595,1.605575,1.605595,-1.0,-1.0,-1
1.605595,1.60564,1.605595,1.605625,-1.0,-1.0,-1
1.605625,1.605645,1.6056,1.6056,-1.0,-1.0,-1
1.6056,1.6056,1.6056,1.6056,-1.0,-1.0,-1
1.6056,1.605635,1.6056,1.605625,-1.0,-1.0,-1
1.605625,1.60563,1.605615,1.60563,-1.0,-1.0,-1
1.60563,1.60566,1.605615,1.60566,-1.0,-1.0,-1
1.60566,1.60567,1.605655,1.605665,-1.0,-1.0,-1
1.605665,1.60567,1.605605,1.605625,-1.0,-1.0,-1
1.605625,1.60563,1.6056,1.605605,-1.0,-1.0,-1
1.605605,1.60562,1.6056,1.605605,-1.0,-1.0,-1
1.605605,1.605685,1.605605,1.60565,-1.0,-1.0,-1
1.60565,1.605675,1.60565,1.60567,-1.0,-1.0,-1
1.60567,1.605675,1.60566,1.60567,-1.0,-1.0,-1
1.60567,1.605675,1.605655,1.60566,-1.0,-1.0,-1
1.60566,1.60566,1.605645,1.60565,-1.0,-1.0,-1
1.60565,1.60568,1.60564,1.605675,-1.0,-1.0,-1
1.605675,1.60569,1.60567,1.60569,-1.0,-1.0,-1
1.60569,1.605705,1.60566,1.60569,-1.0,-1.0,-1
1.60569,1.605715,1.60569,1.605715,-1.0,-1.0,-1
1.605715,1.60575,1.605705,1.60575,-1.0,-1.0,-1
1.60575,1.60575,1.605695,1.605725,-1.0,-1.0,-1
1.605725,1.60573,1.60568,1.60568,-1.0,-1.0,-1
1.60568,1.60571,1.60568,1.60571,-1.0,-1.0,-1
1.60571,1.60571,1.6057,1.60571,-1.0,-1.0,-1
1.60571,1.60576,1.605705,1.605755,-1.0,-1.0,-1
1.605755,1.605775,1.605755,1.605765,-1.0,-1.0,-1
1.605765,1.60583,1.605765,1.60581,-1.0,-1.0,-1
1.60581,1.60582,1.605795,1.605805,-1.0,-1.0,-1
1.605805,1.605835,1.605805,1.605815,-1.0,-1.0,-1
1.605815,1.60585,1.605775,1.605785,-1.0,-1.0,-1
1.605785,1.6058,1.60577,1.605785,-1.0,-1.0,-1
1.605785,1.605795,1.60578,1.60579,-1.0,-1.0,-1
1.60579,1.605815,1.60578,1.605815,-1.0,-1.0,-1
1.605815,1.60582,1.605805,1.60582,-1.0,-1.0,-1
1.60582,1.60582,1.605775,1.6058,-1.0,-1.0,-1
1.6058,1.605825,1.605785,1.605825,-1.0,-1.0,-1
1.605825,1.605825,1.605815,1.60582,-1.0,-1.0,-1
1.60582,1.60582,1.60581,1.605815,-1.0,-1.0,-1
1.605815,1.605815,1.60579,1.605805,-1.0,-1.0,-1
1.605805,1.605865,1.605805,1.605815,-1.0,-1.0,-1
1.605815,1.605845,1.605815,1.60583,-1.0,-1.0,-1
1.60583,1.605845,1.605825,1.60584,-1.0,-1.0,-1
1.60584,1.605845,1.60583,1.605835,-1.0,-1.0,-1
1.605835,1.605835,1.60583,1.605835,-1.0,-1.0,-1
1.605835,1.605835,1.605835,1.605835,-1.0,-1.0,-1
1.605835,1.605835,1.605795,1.605805,-1.0,-1.0,-1
1.605805,1.605805,1.605785,1.60579,-1.0,-1.0,-1
1.60579,1.60581,1.60578,1.6058,-1.0,-1.0,-1
1.6058,1.6058,1.605735,1.605755,-1.0,-1.0,-1
1.605755,1.60576,1.605755,1.605755,-1.0,-1.0,-1
1.605755,1.60576,1.605705,1.60571,-1.0,-1.0,-1
1.60571,1.60571,1.605705,1.60571,-1.0,-1.0,-1
1.60571,1.60571,1.605705,1.60571,-1.0,-1.0,-1
1.60571,1.60571,1.605695,1.60571,-1.0,-1.0,-1
1.60571,1.60571,1.605675,1.605675,-1.0,-1.0,-1
1.605675,1.605705,1.605675,1.605705,-1.0,-1.0,-1
1.605705,1.60572,1.60565,1.605655,-1.0,-1.0,-1
1.605655,1.605655,1.60565,1.60565,-1.0,-1.0,-1
1.60565,1.60565,1.60564,1.60564,-1.0,-1.0,-1
1.60564,1.60564,1.605585,1.6056,-1.0,-1.0,-1
1.6056,1.60561,1.605575,1.60559,-1.0,-1.0,-1
1.60559,1.60562,1.605585,1.60562,-1.0,-1.0,-1
1.60562,1.60564,1.605615,1.60564,-1.0,-1.0,-1
1.60564,1.605645,1.60564,1.605645,-1.0,-1.0,-1
1.605645,1.60566,1.60564,1.60566,-1.0,-1.0,-1
1.60566,1.60566,1.60566,1.60566,-1.0,-1.0,-1
1.60566,1.60566,1.60565,1.60566,-1.0,-1.0,-1
1.60566,1.60566,1.60566,1.60566,-1.0,-1.0,-1
1.60566,1.605675,1.60565,1.605665,-1.0,-1.0,-1
1.605665,1.60567,1.60564,1.60565,-1.0,-1.0,-1
1.60565,1.60565,1.60563,1.60563,-1.0,-1.0,-1
1.60563,1.605645,1.6056,1.60561,-1.0,-1.0,-1
1.60561,1.60565,1.6056,1.60561,-1.0,-1.0,-1
1.60561,1.60561,1.60559,1.60559,-1.0,-1.0,-1
1.60559,1.605595,1.60558,1.60558,-1.0,-1.0,-1
1.60558,1.605595,1.60558,1.605595,-1.0,-1.0,-1
1.605595,1.6056,1.60558,1.6056,-1.0,-1.0,-1
1.6056,1.6056,1.6056,1.6056,-1.0,-1.0,-1
1.6056,1.60561,1.6056,1.60561,-1.0,-1.0,-1
1.60561,1.605625,1.60561,1.605615,-1.0,-1.0,-1
1.605615,1.60562,1.60561,1.605615,-1.0,-1.0,-1
1.605615,1.605635,1.605575,1.605635,-1.0,-1.0,-1
1.605635,1.605635,1.605605,1.60561,-1.0,-1.0,-1
1.60561,1.605635,1.605605,1.60563,-1.0,-1.0,-1
1.60563,1.60564,1.605625,1.605635,-1.0,-1.0,-1
1.605635,1.605655,1.605625,1.605655,-1.0,-1.0,-1
1.605655,1.605655,1.605645,1.605645,-1.0,-1.0,-1
1.605645,1.605645,1.605635,1.605635,-1.0,-1.0,-1
1.605635,1.605645,1.605635,1.605645,-1.0,-1.0,-1
1.605645,1.605655,1.60563,1.605645,-1.0,-1.0,-1
1.605645,1.60567,1.60564,1.605655,-1.0,-1.0,-1
1.605655,1.605655,1.605655,1.605655,-1.0,-1.0,-1
1.605655,1.60568,1.605655,1.605675,-1.0,-1.0,-1
1.605675,1.60568,1.60564,1.60565,-1.0,-1.0,-1
1.60565,1.60568,1.60565,1.605675,-1.0,-1.0,-1
1.605675,1.60568,1.60558,1.60559,-1.0,-1.0,-1
1.60559,1.60561,1.60548,1.60548,-1.0,-1.0,-1
1.60548,1.60548,1.605435,1.60546,-1.0,-1.0,-1
1.60546,1.605475,1.60544,1.60547,-1.0,-1.0,-1
1.60547,1.605545,1.60547,1.60554,-1.0,-1.0,-1
1.60554,1.60554,1.605425,1.605425,-1.0,-1.0,-1
1.605425,1.60544,1.605405,1.605425,-1.0,-1.0,-1
1.605425,1.60545,1.605405,1.60542,-1.0,-1.0,-1
1.60542,1.605435,1.605385,1.605385,-1.0,-1.0,-1
1.605385,1.60539,1.605375,1.60539,-1.0,-1.0,-1
1.60539,1.60539,1.60531,1.60534,-1.0,-1.0,-1
1.60534,1.60536,1.6053,1.60533,-1.0,-1.0,-1
1.60533,1.60534,1.60532,1.60534,-1.0,-1.0,-1
1.60534,1.60534,1.605285,1.60531,-1.0,-1.0,-1
1.60531,1.60531,1.605265,1.60528,-1.0,-1.0,-1
1.60528,1.605285,1.60527,1.605285,-1.0,-1.0,-1
1.605285,1.6053,1.605265,1.605285,-1.0,-1.0,-1
1.605285,1.605285,1.60522,1.60522,-1.0,-1.0,-1
1.60522,1.60522,1.60521,1.605215,-1.0,-1.0,-1
1.605215,1.60522,1.605155,1.605175,-1.0,-1.0,-1
1.605175,1.60518,1.60516,1.60516,-1.0,-1.0,-1
1.60516,1.60519,1.60516,1.60518,-1.0,-1.0,-1
1.60518,1.6052,1.60516,1.605175,-1.0,-1.0,-1
1.605175,1.60518,1.60517,1.60518,-1.0,-1.0,-1
1.60518,1.605185,1.60516,1.605175,-1.0,-1.0,-1
1.605175,1.605185,1.605175,1.605175,-1.0,-1.0,-1
1.605175,1.605175,1.605165,1.605175,-1.0,-1.0,-1
1.605175,1.605195,1.60517,1.605195,-1.0,-1.0,-1
1.605195,1.605205,1.605165,1.605165,-1.0,-1.0,-1
1.605165,1.605165,1.60516,1.60516,-1.0,-1.0,-1
1.60516,1.60517,1.60516,1.60516,-1.0,-1.0,-1
1.60516,1.60517,1.60516,1.605165,-1.0,-1.0,-1
1.605165,1.60517,1.605165,1.605165,-1.0,-1.0,-1
1.605165,1.60517,1.60516,1.60517,-1.0,-1.0,-1
1.60517,1.6052,1.605165,1.6052,-1.0,-1.0,-1
1.6052,1.60526,1.60517,1.605255,-1.0,-1.0,-1
1.605255,1.60526,1.6052,1.60522,-1.0,-1.0,-1
1.60522,1.605245,1.60522,1.605245,-1.0,-1.0,-1
1.605245,1.60526,1.605235,1.60526,-1.0,-1.0,-1
1.60526,1.60527,1.605255,1.60526,-1.0,-1.0,-1
1.60526,1.60526,1.605245,1.60526,-1.0,-1.0,-1
1.60526,1.60526,1.605245,1.60526,-1.0,-1.0,-1
1.60526,1.60526,1.60526,1.60526,-1.0,-1.0,-1
1.60526,1.605285,1.605255,1.605265,-1.0,-1.0,-1
1.605265,1.605265,1.605255,1.605265,-1.0,-1.0,-1
1.605265,1.605265,1.605255,1.605255,-1.0,-1.0,-1
1.605255,1.605275,1.60524,1.60525,-1.0,-1.0,-1
1.60525,1.60526,1.60525,1.605255,-1.0,-1.0,-1
1.605255,1.60533,1.605255,1.60533,-1.0,-1.0,-1
1.60533,1.605345,1.605315,1.60534,-1.0,-1.0,-1
1.60534,1.605375,1.60534,1.60536,-1.0,-1.0,-1
1.60536,1.60536,1.605295,1.6053,-1.0,-1.0,-1
1.6053,1.605335,1.605295,1.60531,-1.0,-1.0,-1
1.60531,1.60531,1.605245,1.605255,-1.0,-1.0,-1
1.605255,1.605315,1.605255,1.60531,-1.0,-1.0,-1
1.60531,1.605315,1.605285,1.605285,-1.0,-1.0,-1
1.605285,1.60529,1.60528,1.60529,-1.0,-1.0,-1
1.60529,1.605315,1.60528,1.605315,-1.0,-1.0,-1
1.605315,1.60532,1.60528,1.60528,-1.0,-1.0,-1
1.60528,1.605335,1.60528,1.60533,-1.0,-1.0,-1
1.60533,1.60535,1.60533,1.60533,-1.0,-1.0,-1
1.60533,1.60535,1.60533,1.605335,-1.0,-1.0,-1
1.605335,1.60534,1.605295,1.605335,-1.0,-1.0,-1
1.605335,1.60534,1.605335,1.605335,-1.0,-1.0,-1
1.605335,1.605345,1.605335,1.60534,-1.0,-1.0,-1
1.60534,1.605345,1.60533,1.60534,-1.0,-1.0,-1
1.60534,1.60536,1.60534,1.60534,-1.0,-1.0,-1
1.60534,1.60534,1.60533,1.605335,-1.0,-1.0,-1
1.605335,1.605375,1.605325,1.605375,-1.0,-1.0,-1
1.605375,1.605375,1.60534,1.60536,-1.0,-1.0,-1
1.60536,1.60536,1.60535,1.60535,-1.0,-1.0,-1
1.60535,1.60537,1.60535,1.60535,-1.0,-1.0,-1
1.60535,1.605375,1.60533,1.605335,-1.0,-1.0,-1
1.605335,1.60534,1.605325,1.605335,-1.0,-1.0,-1
1.605335,1.60534,1.60532,1.60533,-1.0,-1.0,-1
1.60533,1.60533,1.60532,1.60532,-1.0,-1.0,-1
1.60532,1.60533,1.605285,1.60529,-1.0,-1.0,-1
1.60529,1.605295,1.605265,1.60527,-1.0,-1.0,-1
1.60527,1.605275,1.605265,1.605275,-1.0,-1.0,-1
1.605275,1.605275,1.605265,1.60527,-1.0,-1.0,-1
1.60527,1.605305,1.605265,1.60527,-1.0,-1.0,-1
1.60527,1.60528,1.605265,1.60528,-1.0,-1.0,-1
1.60528,1.6053,1.60528,1.6053,-1.0,-1.0,-1
1.6053,1.60531,1.60529,1.605305,-1.0,-1.0,-1
1.605305,1.60532,1.60529,1.60529,-1.0,-1.0,-1
1.60529,1.60531,1.60529,1.6053,-1.0,-1.0,-1
1.6053,1.6053,1.60528,1.60528,-1.0,-1.0,-1
1.60528,1.60531,1.60528,1.60531,-1.0,-1.0,-1
1.60531,1.60531,1.60531,1.60531,-1.0,-1.0,-1
1.60531,1.60531,1.605265,1.60527,-1.0,-1.0,-1
1.60527,1.60528,1.605265,1.60528,-1.0,-1.0,-1
1.60528,1.60528,1.605265,1.60527,-1.0,-1.0,-1
1.60527,1.60527,1.605265,1.60527,-1.0,-1.0,-1
1.60527,1.60527,1.605255,1.60527,-1.0,-1.0,-1
1.60527,1.605275,1.60526,1.605275,-1.0,-1.0,-1
1.605275,1.605275,1.605185,1.6052,-1.0,-1.0,-1
1.6052,1.6052,1.605175,1.60518,-1.0,-1.0,-1
1.60518,1.605185,1.60516,1.60518,-1.0,-1.0,-1
1.60518,1.605195,1.605175,1.605195,-1.0,-1.0,-1
1.605195,1.605195,1.605175,1.60518,-1.0,-1.0,-1
1.60518,1.60518,1.605165,1.605165,-1.0,-1.0,-1
1.605165,1.605175,1.60516,1.60516,-1.0,-1.0,-1
1.60516,1.605175,1.60516,1.60516,-1.0,-1.0,-1
1.60516,1.60517,1.60514,1.60516,-1.0,-1.0,-1
1.60516,1.605175,1.60516,1.60517,-1.0,-1.0,-1
1.60517,1.605175,1.605165,1.605175,-1.0,-1.0,-1
1.605175,1.605185,1.60516,1.60516,-1.0,-1.0,-1
1.60516,1.605235,1.60516,1.60523,-1.0,-1.0,-1
1.60523,1.60527,1.60523,1.605265,-1.0,-1.0,-1
1.605265,1.605265,1.605255,1.605265,-1.0,-1.0,-1
1.605265,1.60528,1.60526,1.60528,-1.0,-1.0,-1
1.60528,1.60529,1.60527,1.60529,-1.0,-1.0,-1
1.60529,1.605305,1.60529,1.6053,-1.0,-1.0,-1
1.6053,1.6053,1.605285,1.605285,-1.0,-1.0,-1
1.605285,1.6053,1.605285,1.605295,-1.0,-1.0,-1
1.605295,1.6053,1.605295,1.605295,-1.0,-1.0,-1
1.605295,1.6053,1.60528,1.605285,-1.0,-1.0,-1
1.605285,1.605285,1.60528,1.60528,-1.0,-1.0,-1
1.60528,1.60531,1.60528,1.605305,-1.0,-1.0,-1
1.605305,1.605325,1.605285,1.60532,-1.0,-1.0,-1
1.60532,1.605345,1.605315,1.60534,-1.0,-1.0,-1
1.60534,1.60534,1.60529,1.60532,-1.0,-1.0,-1
1.60532,1.60534,1.60532,1.60534,-1.0,-1.0,-1
1.60534,1.60535,1.60534,1.60535,-1.0,-1.0,-1
1.60535,1.60535,1.60533,1.60534,-1.0,-1.0,-1
1.60534,1.605355,1.60534,1.60535,-1.0,-1.0,-1
1.60535,1.60536,1.605345,1.60535,-1.0,-1.0,-1
1.60535,1.60536,1.60534,1.60534,-1.0,-1.0,-1
1.60534,1.60534,1.60532,1.605325,-1.0,-1.0,-1
1.605325,1.60533,1.60532,1.60532,-1.0,-1.0,-1
1.60532,1.60534,1.60532,1.60534,-1.0,-1.0,-1
1.60534,1.605385,1.60534,1.60538,-1.0,-1.0,-1
1.60538,1.605385,1.60535,1.605375,-1.0,-1.0,-1
1.605375,1.605405,1.605375,1.6054,-1.0,-1.0,-1
1.6054,1.605405,1.6054,1.6054,-1.0,-1.0,-1
1.6054,1.605405,1.6054,1.6054,-1.0,-1.0,-1
1.6054,1.60541,1.60535,1.605355,-1.0,-1.0,-1
1.605355,1.60542,1.60535,1.605395,-1.0,-1.0,-1
1.605395,1.605395,1.605385,1.605395,-1.0,-1.0,-1
1.605395,1.605395,1.605365,1.605375,-1.0,-1.0,-1
1.605375,1.60538,1.605375,1.60538,-1.0,-1.0,-1
1.60538,1.60541,1.60538,1.6054,-1.0,-1.0,-1
1.6054,1.6054,1.605395,1.605395,-1.0,-1.0,-1
1.605395,1.605405,1.605395,1.605405,-1.0,-1.0,-1
1.605405,1.60541,1.605395,1.605395,-1.0,-1.0,-1
1.605395,1.6054,1.605395,1.605395,-1.0,-1.0,-1
1.605395,1.605435,1.605395,1.605435,-1.0,-1.0,-1
1.605435,1.605445,1.60543,1.60544,-1.0,-1.0,-1
1.60544,1.605445,1.605425,1.605425,-1.0,-1.0,-1
1.605425,1.605425,1.605425,1.605425,-1.0,-1.0,-1
1.605425,1.605425,1.60541,1.60541,-1.0,-1.0,-1
1.60541,1.605425,1.60541,1.605425,-1.0,-1.0,-1
1.605425,1.605425,1.605425,1.605425,-1.0,-1.0,-1
1.605425,1.605425,1.605425,1.605425,-1.0,-1.0,-1
1.605425,1.605425,1.60541,1.60541,-1.0,-1.0,-1
1.60541,1.605415,1.605355,1.605395,-1.0,-1.0,-1
1.605395,1.60541,1.60539,1.60539,-1.0,-1.0,-1
1.60539,1.605425,1.60539,1.60542,-1.0,-1.0,-1
1.60542,1.60544,1.60536,1.605365,-1.0,-1.0,-1
1.605365,1.605375,1.60536,1.60537,-1.0,-1.0,-1
1.60537,1.605395,1.60537,1.60539,-1.0,-1.0,-1
1.60539,1.60539,1.605385,1.605385,-1.0,-1.0,-1
1.605385,1.605395,1.605385,1.60539,-1.0,-1.0,-1
1.60539,1.60545,1.60539,1.605445,-1.0,-1.0,-1
1.605445,1.605455,1.60544,1.605445,-1.0,-1.0,-1
1.605445,1.605445,1.60544,1.605445,-1.0,-1.0,-1
1.605445,1.605445,1.60544,1.605445,-1.0,-1.0,-1
1.605445,1.605455,1.60544,1.605455,-1.0,-1.0,-1
1.605455,1.605455,1.605445,1.605455,-1.0,-1.0,-1
1.605455,1.605455,1.605455,1.605455,-1.0,-1.0,-1
1.605455,1.605475,1.605455,1.605475,-1.0,-1.0,-1
1.605475,1.60548,1.605455,1.605455,-1.0,-1.0,-1
1.605455,1.605475,1.60542,1.60542,-1.0,-1.0,-1
1.60542,1.605425,1.60541,1.60542,-1.0,-1.0,-1
1.60542,1.60544,1.60542,1.605435,-1.0,-1.0,-1
1.605435,1.605445,1.605425,1.605435,-1.0,-1.0,-1
1.605435,1.605435,1.605425,1.60543,-1.0,-1.0,-1
1.60543,1.60543,1.605415,1.60542,-1.0,-1.0,-1
1.60542,1.605425,1.605385,1.605385,-1.0,-1.0,-1
1.605385,1.605415,1.60536,1.605405,-1.0,-1.0,-1
1.605405,1.60544,1.6054,1.605435,-1.0,-1.0,-1
1.605435,1.60545,1.60543,1.605445,-1.0,-1.0,-1
1.605445,1.605455,1.60544,1.605455,-1.0,-1.0,-1
1.605455,1.605475,1.60545,1.605475,-1.0,-1.0,-1
1.605475,1.605475,1.60546,1.605475,-1.0,-1.0,-1
1.605475,1.605505,1.605475,1.6055,-1.0,-1.0,-1
1.6055,1.60551,1.60548,1.60551,-1.0,-1.0,-1
1.60551,1.60551,1.6055,1.60551,-1.0,-1.0,-1
1.60551,1.605525,1.6055,1.60552,-1.0,-1.0,-1
1.60552,1.60563,1.6055,1.60559,-1.0,-1.0,-1
1.60559,1.605645,1.60559,1.605635,-1.0,-1.0,-1
1.605635,1.605635,1.60563,1.60563,-1.0,-1.0,-1
1.60563,1.605645,1.605615,1.605635,-1.0,-1.0,-1
1.605635,1.60565,1.605635,1.605635,-1.0,-1.0,-1
1.605635,1.605655,1.605635,1.60565,-1.0,-1.0,-1
1.60565,1.605665,1.6056,1.6056,-1.0,-1.0,-1
1.6056,1.605615,1.60557,1.605575,-1.0,-1.0,-1
1.605575,1.60558,1.60555,1.605555,-1.0,-1.0,-1
1.605555,1.605565,1.605545,1.605545,-1.0,-1.0,-1
1.605545,1.605555,1.605545,1.605545,-1.0,-1.0,-1
1.605545,1.60556,1.60552,1.60555,-1.0,-1.0,-1
1.60555,1.60557,1.60551,1.60551,-1.0,-1.0,-1
1.60551,1.605565,1.60551,1.605555,-1.0,-1.0,-1
1.605555,1.60558,1.605555,1.60557,-1.0,-1.0,-1
1.60557,1.6056,1.60557,1.60559,-1.0,-1.0,-1
1.60559,1.605655,1.60559,1.605645,-1.0,-1.0,-1
1.605645,1.60568,1.605645,1.605675,-1.0,-1.0,-1
1.605675,1.60568,1.605655,1.605655,-1.0,-1.0,-1
1.605655,1.60568,1.60564,1.605645,-1.0,-1.0,-1
1.605645,1.60565,1.605635,1.605635,-1.0,-1.0,-1
1.605635,1.605655,1.60563,1.605635,-1.0,-1.0,-1
1.605635,1.605655,1.60563,1.60565,-1.0,-1.0,-1
1.60565,1.605685,1.60564,1.60566,-1.0,-1.0,-1
1.60566,1.605665,1.605645,1.605645,-1.0,-1.0,-1
1.605645,1.605655,1.605645,1.60565,-1.0,-1.0,-1
1.60565,1.60567,1.60565,1.605655,-1.0,-1.0,-1
1.605655,1.60566,1.60563,1.60563,-1.0,-1.0,-1
1.60563,1.60565,1.60563,1.60565,-1.0,-1.0,-1
1.60565,1.605655,1.60565,1.60565,-1.0,-1.0,-1
1.60565,1.60565,1.605605,1.60561,-1.0,-1.0,-1
1.60561,1.60564,1.60561,1.60561,-1.0,-1.0,-1
1.60561,1.605655,1.6056,1.605615,-1.0,-1.0,-1
1.605615,1.60564,1.605605,1.605605,-1.0,-1.0,-1
1.605605,1.605625,1.6056,1.605605,-1.0,-1.0,-1
1.605605,1.60564,1.6056,1.605605,-1.0,-1.0,-1
1.605605,1.605615,1.605545,1.605565,-1.0,-1.0,-1
1.605565,1.605565,1.605505,1.605505,-1.0,-1.0,-1
1.605505,1.60553,1.605495,1.60551,-1.0,-1.0,-1
1.60551,1.605535,1.60549,1.605515,-1.0,-1.0,-1
1.605515,1.605555,1.605495,1.60555,-1.0,-1.0,-1
1.60555,1.60555,1.6055,1.6055,-1.0,-1.0,-1
1.6055,1.605505,1.605495,1.605505,-1.0,-1.0,-1
1.605505,1.605505,1.6055,1.6055,-1.0,-1.0,-1
1.6055,1.6055,1.605485,1.6055,-1.0,-1.0,-1
1.6055,1.605525,1.6055,1.605515,-1.0,-1.0,-1
1.605515,1.60559,1.605515,1.60554,-1.0,-1.0,-1
1.60554,1.60556,1.60554,1.60555,-1.0,-1.0,-1
1.60555,1.605585,1.605545,1.605575,-1.0,-1.0,-1
1.605575,1.605595,1.60556,1.60556,-1.0,-1.0,-1
1.60556,1.605595,1.605555,1.605595,-1.0,-1.0,-1
1.605595,1.605595,1.605475,1.60549,-1.0,-1.0,-1
1.60549,1.60551,1.605455,1.60547,-1.0,-1.0,-1
1.60547,1.605505,1.605455,1.60549,-1.0,-1.0,-1
1.60549,1.605495,1.60547,1.605475,-1.0,-1.0,-1
1.605475,1.60548,1.605455,1.60546,-1.0,-1.0,-1
1.60546,1.605505,1.60546,1.6055,-1.0,-1.0,-1
1.6055,1.60551,1.605485,1.60551,-1.0,-1.0,-1
1.60551,1.60551,1.605485,1.605485,-1.0,-1.0,-1
1.605485,1.605495,1.605485,1.605485,-1.0,-1.0,-1
1.605485,1.605555,1.605485,1.60554,-1.0,-1.0,-1
1.60554,1.60557,1.60554,1.60556,-1.0,-1.0,-1
1.60556,1.605565,1.60551,1.60553,-1.0,-1.0,-1
1.60553,1.60554,1.605525,1.605535,-1.0,-1.0,-1
1.605535,1.605555,1.60553,1.605545,-1.0,-1.0,-1
1.605545,1.605565,1.605545,1.60556,-1.0,-1.0,-1
1.60556,1.6056,1.605555,1.6056,-1.0,-1.0,-1
1.6056,1.60562,1.60559,1.60562,-1.0,-1.0,-1
1.60562,1.60565,1.605615,1.60565,-1.0,-1.0,-1
1.60565,1.60565,1.60562,1.60563,-1.0,-1.0,-1
1.60563,1.605645,1.60563,1.60564,-1.0,-1.0,-1
1.60564,1.60564,1.60563,1.60563,-1.0,-1.0,-1
1.60563,1.60563,1.60562,1.605625,-1.0,-1.0,-1
1.605625,1.60564,1.60558,1.60558,-1.0,-1.0,-1
1.60558,1.6056,1.60557,1.605575,-1.0,-1.0,-1
1.605575,1.605585,1.605465,1.60547,-1.0,-1.0,-1
1.60547,1.60548,1.605455,1.605455,-1.0,-1.0,-1
1.605455,1.605465,1.605455,1.605465,-1.0,-1.0,-1
1.605465,1.60547,1.605445,1.60545,-1.0,-1.0,-1
1.60545,1.605495,1.605445,1.60547,-1.0,-1.0,-1
1.60547,1.605495,1.60542,1.60544,-1.0,-1.0,-1
1.60544,1.60548,1.605435,1.60547,-1.0,-1.0,-1
1.60547,1.605495,1.605465,1.605475,-1.0,-1.0,-1
1.605475,1.605475,1.605445,1.605455,-1.0,-1.0,-1
1.605455,1.60549,1.605455,1.60547,-1.0,-1.0,-1
1.60547,1.60548,1.60547,1.60548,-1.0,-1.0,-1
1.60548,1.60548,1.60547,1.60547,-1.0,-1.0,-1
1.60547,1.60551,1.605455,1.6055,-1.0,-1.0,-1
1.6055,1.60554,1.6055,1.60552,-1.0,-1.0,-1
1.60552,1.605525,1.60547,1.60547,-1.0,-1.0,-1
1.60547,1.60547,1.605425,1.605425,-1.0,-1.0,-1
1.605425,1.605425,1.6054,1.6054,-1.0,-1.0,-1
1.6054,1.60541,1.605395,1.605405,-1.0,-1.0,-1
1.605405,1.605415,1.605395,1.605395,-1.0,-1.0,-1
1.605395,1.60541,1.60539,1.60539,-1.0,-1.0,-1
1.60539,1.605395,1.60538,1.605395,-1.0,-1.0,-1
1.605395,1.605395,1.60539,1.60539,-1.0,-1.0,-1
1.60539,1.60546,1.605385,1.605445,-1.0,-1.0,-1
1.605445,1.60546,1.605435,1.60545,-1.0,-1.0,-1
1.60545,1.60546,1.605415,1.605435,-1.0,-1.0,-1
1.605435,1.60546,1.605425,1.605445,-1.0,-1.0,-1
1.605445,1.605445,1.605425,1.605445,-1.0,-1.0,-1
1.605445,1.60545,1.605425,1.605445,-1.0,-1.0,-1
1.605445,1.60545,1.60535,1.605375,-1.0,-1.0,-1
1.605375,1.605375,1.60528,1.6053,-1.0,-1.0,-1
1.6053,1.60533,1.605285,1.605315,-1.0,-1.0,-1
1.605315,1.605325,1.605255,1.60529,-1.0,-1.0,-1
1.60529,1.605335,1.605285,1.605325,-1.0,-1.0,-1
1.605325,1.60535,1.605285,1.605305,-1.0,-1.0,-1
1.605305,1.605305,1.605175,1.60518,-1.0,-1.0,-1
1.60518,1.60524,1.605175,1.60519,-1.0,-1.0,-1
1.60519,1.60529,1.605165,1.60523,-1.0,-1.0,-1
1.60523,1.60525,1.605185,1.605235,-1.0,-1.0,-1
1.605235,1.605265,1.605235,1.605265,-1.0,-1.0,-1
1.605265,1.60535,1.60526,1.60534,-1.0,-1.0,-1
1.60534,1.605375,1.60534,1.60537,-1.0,-1.0,-1
1.60537,1.605375,1.605285,1.6053,-1.0,-1.0,-1
1.6053,1.60534,1.60528,1.60531,-1.0,-1.0,-1
1.60531,1.60534,1.60531,1.605315,-1.0,-1.0,-1
1.605315,1.60539,1.60531,1.60534,-1.0,-1.0,-1
1.60534,1.60538,1.60532,1.605375,-1.0,-1.0,-1
1.605375,1.60538,1.605325,1.60534,-1.0,-1.0,-1
1.60534,1.605415,1.60532,1.605395,-1.0,-1.0,-1
1.605395,1.605425,1.605375,1.60542,-1.0,-1.0,-1
1.60542,1.605455,1.6054,1.605455,-1.0,-1.0,-1
1.605455,1.605455,1.605395,1.605395,-1.0,-1.0,-1
1.605395,1.60542,1.605375,1.605415,-1.0,-1.0,-1
1.605415,1.60545,1.605415,1.605415,-1.0,-1.0,-1
1.605415,1.60546,1.605385,1.605395,-1.0,-1.0,-1
1.605395,1.60543,1.605385,1.605415,-1.0,-1.0,-1
1.605415,1.6055,1.605415,1.6055,-1.0,-1.0,-1
1.6055,1.605525,1.60546,1.60551,-1.0,-1.0,-1
1.60551,1.60551,1.605415,1.605425,-1.0,-1.0,-1
1.605425,1.605435,1.605405,1.60542,-1.0,-1.0,-1
1.60542,1.605495,1.60542,1.60544,-1.0,-1.0,-1
1.60544,1.605475,1.605425,1.605445,-1.0,-1.0,-1
1.605445,1.60551,1.60544,1.60551,-1.0,-1.0,-1
1.60551,1.605585,1.60549,1.60558,-1.0,-1.0,-1
1.60558,1.605655,1.60558,1.60559,-1.0,-1.0,-1
1.60559,1.60561,1.605565,1.60557,-1.0,-1.0,-1
1.60557,1.605595,1.605555,1.605555,-1.0,-1.0,-1
1.605555,1.60557,1.605555,1.60556,-1.0,-1.0,-1
1.60556,1.60569,1.60556,1.605675,-1.0,-1.0,-1
1.605675,1.60568,1.60561,1.60562,-1.0,-1.0,-1
1.60562,1.60565,1.605605,1.60564,-1.0,-1.0,-1
1.60564,1.605685,1.60564,1.60568,-1.0,-1.0,-1
1.60568,1.605685,1.60565,1.605665,-1.0,-1.0,-1
1.605665,1.60567,1.60564,1.60564,-1.0,-1.0,-1
1.60564,1.605675,1.60563,1.605645,-1.0,-1.0,-1
1.605645,1.60565,1.605625,1.60563,-1.0,-1.0,-1
1.60563,1.605645,1.605615,1.605625,-1.0,-1.0,-1
1.605625,1.605635,1.605625,1.60563,-1.0,-1.0,-1
1.60563,1.605645,1.60563,1.605635,-1.0,-1.0,-1
1.605635,1.605745,1.605635,1.605745,-1.0,-1.0,-1
1.605745,1.605885,1.605745,1.605885,-1.0,-1.0,-1
1.605885,1.605885,1.60583,1.60584,-1.0,-1.0,-1
1.60584,1.60585,1.60581,1.605835,-1.0,-1.0,-1
1.605835,1.605835,1.60583,1.605835,-1.0,-1.0,-1
1.605835,1.605835,1.605825,1.605835,-1.0,-1.0,-1
1.605835,1.60585,1.605815,1.605845,-1.0,-1.0,-1
1.605845,1.60585,1.60581,1.605835,-1.0,-1.0,-1
1.605835,1.605835,1.60582,1.60582,-1.0,-1.0,-1
1.60582,1.605865,1.60582,1.605835,-1.0,-1.0,-1
1.605835,1.60593,1.605835,1.605895,-1.0,-1.0,-1
1.605895,1.60593,1.605895,1.60591,-1.0,-1.0,-1
1.60591,1.60594,1.60591,1.605935,-1.0,-1.0,-1
1.605935,1.605965,1.605935,1.605965,-1.0,-1.0,-1
1.605965,1.60603,1.60594,1.606015,-1.0,-1.0,-1
1.606015,1.60605,1.606015,1.606025,-1.0,-1.0,-1
1.606025,1.60604,1.606005,1.60601,-1.0,-1.0,-1
1.60601,1.606045,1.60601,1.60604,-1.0,-1.0,-1
1.60604,1.60604,1.605965,1.605975,-1.0,-1.0,-1
1.605975,1.60599,1.60593,1.605935,-1.0,-1.0,-1
1.605935,1.605975,1.60593,1.605975,-1.0,-1.0,-1
1.605975,1.605975,1.60582,1.60582,-1.0,-1.0,-1
1.60582,1.605835,1.60577,1.605785,-1.0,-1.0,-1
1.605785,1.60586,1.605765,1.605855,-1.0,-1.0,-1
1.605855,1.60587,1.605805,1.605825,-1.0,-1.0,-1
1.605825,1.60583,1.60568,1.60568,-1.0,-1.0,-1
1.60568,1.6057,1.605655,1.605675,-1.0,-1.0,-1
1.605675,1.60573,1.60567,1.605675,-1.0,-1.0,-1
1.605675,1.60571,1.605675,1.6057,-1.0,-1.0,-1
1.6057,1.60577,1.60569,1.605765,-1.0,-1.0,-1
1.605765,1.60579,1.60573,1.60573,-1.0,-1.0,-1
1.60573,1.60579,1.60573,1.60578,-1.0,-1.0,-1
1.60578,1.605785,1.60574,1.60574,-1.0,-1.0,-1
1.60574,1.605775,1.60574,1.605765,-1.0,-1.0,-1
1.605765,1.605785,1.60571,1.60572,-1.0,-1.0,-1
1.60572,1.60577,1.6057,1.60576,-1.0,-1.0,-1
1.60576,1.605775,1.605745,1.60576,-1.0,-1.0,-1
1.60576,1.605785,1.605715,1.605725,-1.0,-1.0,-1
1.605725,1.60578,1.60571,1.60577,-1.0,-1.0,-1
1.60577,1.605785,1.605695,1.60571,-1.0,-1.0,-1
1.60571,1.605725,1.60569,1.6057,-1.0,-1.0,-1
1.6057,1.60571,1.60568,1.605705,-1.0,-1.0,-1
1.605705,1.60572,1.60569,1.6057,-1.0,-1.0,-1
1.6057,1.605715,1.60567,1.60569,-1.0,-1.0,-1
1.60569,1.605785,1.60568,1.605755,-1.0,-1.0,-1
1.605755,1.605775,1.60574,1.605755,-1.0,-1.0,-1
1.605755,1.60576,1.605745,1.60575,-1.0,-1.0,-1
1.60575,1.60576,1.605695,1.605735,-1.0,-1.0,-1
1.605735,1.605755,1.60572,1.605725,-1.0,-1.0,-1
1.605725,1.605725,1.60572,1.60572,-1.0,-1.0,-1
1.60572,1.60573,1.60572,1.605725,-1.0,-1.0,-1
1.605725,1.60575,1.605725,1.60575,-1.0,-1.0,-1
1.60575,1.60575,1.605735,1.605745,-1.0,-1.0,-1
1.605745,1.60579,1.60574,1.60578,-1.0,-1.0,-1
1.60578,1.605795,1.605775,1.60578,-1.0,-1.0,-1
1.60578,1.605815,1.60578,1.60579,-1.0,-1.0,-1
1.60579,1.60581,1.605785,1.60581,-1.0,-1.0,-1
1.60581,1.605855,1.6058,1.605845,-1.0,-1.0,-1
1.605845,1.60587,1.605845,1.605845,-1.0,-1.0,-1
1.605845,1.605855,1.605825,1.60583,-1.0,-1.0,-1
1.60583,1.60583,1.60582,1.605825,-1.0,-1.0,-1
1.605825,1.60583,1.605775,1.60578,-1.0,-1.0,-1
1.60578,1.60581,1.605775,1.605795,-1.0,-1.0,-1
1.605795,1.605815,1.60578,1.605815,-1.0,-1.0,-1
1.605815,1.605825,1.605815,1.605825,-1.0,-1.0,-1
1.605825,1.605825,1.60579,1.60581,-1.0,-1.0,-1
1.60581,1.60581,1.605785,1.605795,-1.0,-1.0,-1
1.605795,1.6058,1.60579,1.605795,-1.0,-1.0,-1
1.605795,1.605845,1.60578,1.60584,-1.0,-1.0,-1
1.60584,1.605855,1.60583,1.60584,-1.0,-1.0,-1
1.60584,1.605845,1.605795,1.605805,-1.0,-1.0,-1
1.605805,1.605805,1.605785,1.605795,-1.0,-1.0,-1
1.605795,1.605845,1.605775,1.605795,-1.0,-1.0,-1
1.605795,1.605795,1.60574,1.605755,-1.0,-1.0,-1
1.605755,1.60576,1.6057,1.605715,-1.0,-1.0,-1
1.605715,1.60579,1.60569,1.605785,-1.0,-1.0,-1
1.605785,1.6058,1.60578,1.6058,-1.0,-1.0,-1
1.6058,1.60581,1.60579,1.605795,-1.0,-1.0,-1
1.605795,1.605815,1.605785,1.60579,-1.0,-1.0,-1
1.60579,1.6058,1.605765,1.60577,-1.0,-1.0,-1
1.60577,1.60585,1.605765,1.60583,-1.0,-1.0,-1
1.60583,1.60583,1.60582,1.60582,-1.0,-1.0,-1
1.60582,1.60584,1.60582,1.60583,-1.0,-1.0,-1
1.60583,1.60583,1.605785,1.605795,-1.0,-1.0,-1
1.605795,1.605865,1.605785,1.605855,-1.0,-1.0,-1
1.605855,1.605915,1.605855,1.60591,-1.0,-1.0,-1
1.60591,1.605915,1.605825,1.60585,-1.0,-1.0,-1
1.60585,1.60586,1.60584,1.605855,-1.0,-1.0,-1
1.605855,1.60586,1.605825,1.605845,-1.0,-1.0,-1
1.605845,1.60594,1.60584,1.605925,-1.0,-1.0,-1
1.605925,1.605935,1.60592,1.60592,-1.0,-1.0,-1
1.60592,1.605925,1.605875,1.60588,-1.0,-1.0,-1
1.60588,1.60591,1.60586,1.60591,-1.0,-1.0,-1
1.60591,1.60592,1.60591,1.605915,-1.0,-1.0,-1
1.605915,1.605935,1.605905,1.605905,-1.0,-1.0,-1
1.605905,1.605915,1.6059,1.605905,-1.0,-1.0,-1
1.605905,1.60595,1.605905,1.605945,-1.0,-1.0,-1
1.605945,1.60595,1.60593,1.60593,-1.0,-1.0,-1
1.60593,1.605945,1.60592,1.605935,-1.0,-1.0,-1
1.605935,1.605965,1.605935,1.60594,-1.0,-1.0,-1
1.60594,1.60595,1.605935,1.60595,-1.0,-1.0,-1
1.60595,1.60596,1.60595,1.60596,-1.0,-1.0,-1
1.60596,1.60596,1.605945,1.60595,-1.0,-1.0,-1
1.60595,1.60595,1.605935,1.60595,-1.0,-1.0,-1
1.60595,1.60595,1.60594,1.60595,-1.0,-1.0,-1
1.60595,1.60596,1.605925,1.60594,-1.0,-1.0,-1
1.60594,1.60595,1.605935,1.60594,-1.0,-1.0,-1
1.60594,1.605985,1.605935,1.60598,-1.0,-1.0,-1
1.60598,1.60598,1.60598,1.60598,-1.0,-1.0,-1
1.60598,1.60598,1.605975,1.60598,-1.0,-1.0,-1
1.60598,1.60598,1.60597,1.60598,-1.0,-1.0,-1
1.60598,1.60598,1.605975,1.605975,-1.0,-1.0,-1
1.605975,1.605975,1.6059,1.6059,-1.0,-1.0,-1
1.6059,1.605905,1.605895,1.605905,-1.0,-1.0,-1
1.605905,1.606035,1.605905,1.605985,-1.0,-1.0,-1
1.605985,1.606065,1.60598,1.606055,-1.0,-1.0,-1
1.606055,1.606055,1.60599,1.605995,-1.0,-1.0,-1
1.605995,1.606005,1.60596,1.605965,-1.0,-1.0,-1
1.605965,1.605985,1.60596,1.60598,-1.0,-1.0,-1
1.60598,1.606,1.60598,1.605995,-1.0,-1.0,-1
1.605995,1.605995,1.60599,1.60599,-1.0,-1.0,-1
1.60599,1.60601,1.60599,1.606,-1.0,-1.0,-1
1.606,1.60601,1.605975,1.605985,-1.0,-1.0,-1
1.605985,1.605985,1.60596,1.605965,-1.0,-1.0,-1
1.605965,1.606005,1.60596,1.60599,-1.0,-1.0,-1
1.60599,1.60599,1.605885,1.60596,-1.0,-1.0,-1
1.60596,1.60599,1.605935,1.60599,-1.0,-1.0,-1
1.60599,1.60599,1.605915,1.60597,-1.0,-1.0,-1
1.60597,1.606,1.605965,1.60599,-1.0,-1.0,-1
1.60599,1.606,1.60598,1.606,-1.0,-1.0,-1
1.606,1.606,1.605995,1.605995,-1.0,-1.0,-1
1.605995,1.60603,1.605995,1.606025,-1.0,-1.0,-1
1.606025,1.606065,1.60598,1.60599,-1.0,-1.0,-1
1.60599,1.60603,1.60598,1.606015,-1.0,-1.0,-1
1.606015,1.60603,1.606005,1.60601,-1.0,-1.0,-1
1.60601,1.60607,1.60601,1.60607,-1.0,-1.0,-1
1.60607,1.606075,1.606025,1.606025,-1.0,-1.0,-1
1.606025,1.60605,1.606025,1.60603,-1.0,-1.0,-1
1.60603,1.606035,1.606005,1.606005,-1.0,-1.0,-1
1.606005,1.606025,1.605985,1.606015,-1.0,-1.0,-1
1.606015,1.60602,1.605985,1.60599,-1.0,-1.0,-1
1.60599,1.606015,1.60599,1.606015,-1.0,-1.0,-1
1.606015,1.606015,1.605995,1.605995,-1.0,-1.0,-1
1.605995,1.606,1.60599,1.60599,-1.0,-1.0,-1
1.60599,1.60603,1.605975,1.605985,-1.0,-1.0,-1
1.605985,1.60602,1.60598,1.60598,-1.0,-1.0,-1
1.60598,1.605995,1.60596,1.605975,-1.0,-1.0,-1
1.605975,1.606005,1.605965,1.605975,-1.0,-1.0,-1
1.605975,1.60598,1.60594,1.605975,-1.0,-1.0,-1
1.605975,1.605985,1.60595,1.60597,-1.0,-1.0,-1
1.60597,1.605985,1.60594,1.60594,-1.0,-1.0,-1
1.60594,1.605975,1.60594,1.605975,-1.0,-1.0,-1
1.605975,1.60599,1.60596,1.60597,-1.0,-1.0,-1
1.60597,1.605995,1.60596,1.605995,-1.0,-1.0,-1
1.605995,1.605995,1.605945,1.605975,-1.0,-1.0,-1
1.605975,1.605975,1.60584,1.60584,-1.0,-1.0,-1
1.60584,1.605935,1.60584,1.60592,-1.0,-1.0,-1
1.60592,1.606025,1.60592,1.60597,-1.0,-1.0,-1
1.60597,1.60597,1.605895,1.605905,-1.0,-1.0,-1
1.605905,1.60591,1.605895,1.6059,-1.0,-1.0,-1
1.6059,1.605935,1.60589,1.605925,-1.0,-1.0,-1
1.605925,1.605945,1.605915,1.605925,-1.0,-1.0,-1
1.605925,1.605995,1.605925,1.605975,-1.0,-1.0,-1
1.605975,1.606005,1.605955,1.606,-1.0,-1.0,-1
1.606,1.606025,1.605995,1.605995,-1.0,-1.0,-1
1.605995,1.60601,1.60599,1.60599,-1.0,-1.0,-1
1.60599,1.606,1.60599,1.606,-1.0,-1.0,-1
1.606,1.60601,1.605955,1.605965,-1.0,-1.0,-1
1.605965,1.60597,1.60594,1.60595,-1.0,-1.0,-1
1.60595,1.605965,1.605935,1.60594,-1.0,-1.0,-1
1.60594,1.60596,1.605935,1.60596,-1.0,-1.0,-1
1.60596,1.60596,1.60593,1.60593,-1.0,-1.0,-1
1.60593,1.60593,1.60587,1.605875,-1.0,-1.0,-1
1.605875,1.60588,1.60584,1.60584,-1.0,-1.0,-1
1.60584,1.60592,1.60584,1.605885,-1.0,-1.0,-1
1.605885,1.60591,1.60588,1.6059,-1.0,-1.0,-1
1.6059,1.605965,1.605895,1.60594,-1.0,-1.0,-1
1.60594,1.605945,1.605785,1.60579,-1.0,-1.0,-1
1.60579,1.60579,1.60577,1.605775,-1.0,-1.0,-1
1.605775,1.605835,1.605775,1.60583,-1.0,-1.0,-1
1.60583,1.605855,1.60582,1.60584,-1.0,-1.0,-1
1.60584,1.60587,1.60584,1.605865,-1.0,-1.0,-1
1.605865,1.60591,1.605865,1.60591,-1.0,-1.0,-1
1.60591,1.60593,1.60591,1.605925,-1.0,-1.0,-1
1.605925,1.605945,1.605925,1.60593,-1.0,-1.0,-1
1.60593,1.605935,1.60592,1.605925,-1.0,-1.0,-1
1.605925,1.605995,1.6059,1.60599,-1.0,-1.0,-1
1.60599,1.60602,1.60599,1.606015,-1.0,-1.0,-1
1.606015,1.60605,1.606005,1.60603,-1.0,-1.0,-1
1.60603,1.60605,1.60603,1.60604,-1.0,-1.0,-1
1.60604,1.60606,1.60604,1.60605,-1.0,-1.0,-1
1.60605,1.60606,1.60604,1.60605,-1.0,-1.0,-1
1.60605,1.60609,1.606045,1.606085,-1.0,-1.0,-1
1.606085,1.606085,1.60608,1.60608,-1.0,-1.0,-1
1.60608,1.606085,1.606065,1.606065,-1.0,-1.0,-1
1.606065,1.60608,1.60606,1.606065,-1.0,-1.0,-1
1.606065,1.606075,1.60605,1.60607,-1.0,-1.0,-1
1.60607,1.60607,1.605955,1.60599,-1.0,-1.0,-1
1.60599,1.60604,1.60599,1.60604,-1.0,-1.0,-1
1.60604,1.60605,1.60603,1.60604,-1.0,-1.0,-1
1.60604,1.60615,1.60604,1.60615,-1.0,-1.0,-1
1.60615,1.60616,1.60614,1.606145,-1.0,-1.0,-1
1.606145,1.606165,1.606105,1.606155,-1.0,-1.0,-1
1.606155,1.60624,1.606155,1.60624,-1.0,-1.0,-1
1.60624,1.6063,1.60622,1.60623,-1.0,-1.0,-1
1.60623,1.6063,1.606225,1.6063,-1.0,-1.0,-1
1.6063,1.6063,1.606265,1.606275,-1.0,-1.0,-1
1.606275,1.60628,1.60627,1.60627,-1.0,-1.0,-1
1.60627,1.60632,1.606255,1.606315,-1.0,-1.0,-1
1.606315,1.60632,1.60631,1.606315,-1.0,-1.0,-1
1.606315,1.606315,1.60631,1.606315,-1.0,-1.0,-1
1.606315,1.606315,1.606305,1.60631,-1.0,-1.0,-1
1.60631,1.606315,1.606305,1.60631,-1.0,-1.0,-1
1.60631,1.60631,1.60629,1.60629,-1.0,-1.0,-1
1.60629,1.606325,1.60626,1.60626,-1.0,-1.0,-1
1.60626,1.60626,1.606215,1.60622,-1.0,-1.0,-1
1.60622,1.606225,1.606215,1.60622,-1.0,-1.0,-1
1.60622,1.60622,1.60617,1.606175,-1.0,-1.0,-1
1.606175,1.60618,1.60617,1.60617,-1.0,-1.0,-1
1.60617,1.606295,1.606145,1.606285,-1.0,-1.0,-1
1.606285,1.60633,1.606265,1.60627,-1.0,-1.0,-1
1.60627,1.606325,1.60627,1.606285,-1.0,-1.0,-1
1.606285,1.60629,1.606235,1.606245,-1.0,-1.0,-1
1.606245,1.60626,1.60623,1.606235,-1.0,-1.0,-1
1.606235,1.60628,1.60623,1.60628,-1.0,-1.0,-1
1.60628,1.60631,1.60628,1.6063,-1.0,-1.0,-1
1.6063,1.6063,1.606285,1.606285,-1.0,-1.0,-1
1.606285,1.6063,1.606215,1.606215,-1.0,-1.0,-1
1.606215,1.606215,1.606185,1.6062,-1.0,-1.0,-1
1.6062,1.606215,1.60619,1.606215,-1.0,-1.0,-1
1.606215,1.606225,1.606215,1.606225,-1.0,-1.0,-1
1.606225,1.606225,1.606215,1.60622,-1.0,-1.0,-1
1.60622,1.60622,1.6062,1.606205,-1.0,-1.0,-1
1.606205,1.60621,1.60614,1.60616,-1.0,-1.0,-1
1.60616,1.606215,1.60615,1.6062,-1.0,-1.0,-1
1.6062,1.606215,1.6062,1.60621,-1.0,-1.0,-1
1.60621,1.60622,1.606205,1.606215,-1.0,-1.0,-1
1.606215,1.60622,1.606215,1.60622,-1.0,-1.0,-1
1.60622,1.60622,1.606205,1.606205,-1.0,-1.0,-1
1.606205,1.60625,1.606205,1.606235,-1.0,-1.0,-1
1.606235,1.60626,1.60623,1.60625,-1.0,-1.0,-1
1.60625,1.60625,1.606185,1.60619,-1.0,-1.0,-1
1.60619,1.606195,1.60615,1.606155,-1.0,-1.0,-1
1.606155,1.606155,1.60613,1.60615,-1.0,-1.0,-1
1.60615,1.606155,1.60612,1.60612,-1.0,-1.0,-1
1.60612,1.606125,1.606105,1.60611,-1.0,-1.0,-1
1.60611,1.60616,1.60611,1.60612,-1.0,-1.0,-1
1.60612,1.60614,1.606065,1.60614,-1.0,-1.0,-1
1.60614,1.60614,1.60613,1.60614,-1.0,-1.0,-1
1.60614,1.606145,1.606135,1.60614,-1.0,-1.0,-1
1.60614,1.60621,1.606135,1.606205,-1.0,-1.0,-1
1.606205,1.606315,1.606205,1.606255,-1.0,-1.0,-1
1.606255,1.60627,1.606215,1.60627,-1.0,-1.0,-1
1.60627,1.606315,1.606265,1.6063,-1.0,-1.0,-1
1.6063,1.606345,1.6063,1.60634,-1.0,-1.0,-1
1.60634,1.60634,1.60633,1.60633,-1.0,-1.0,-1
1.60633,1.60633,1.60631,1.60633,-1.0,-1.0,-1
1.60633,1.606345,1.606315,1.60633,-1.0,-1.0,-1
1.60633,1.606375,1.60633,1.606365,-1.0,-1.0,-1
1.606365,1.606415,1.60634,1.606415,-1.0,-1.0,-1
1.606415,1.606445,1.606395,1.60642,-1.0,-1.0,-1
1.60642,1.60643,1.606405,1.60641,-1.0,-1.0,-1
1.60641,1.60641,1.60639,1.60639,-1.0,-1.0,-1
1.60639,1.60639,1.606365,1.60639,-1.0,-1.0,-1
1.60639,1.606415,1.606365,1.606405,-1.0,-1.0,-1
1.606405,1.606405,1.60633,1.60634,-1.0,-1.0,-1
1.60634,1.606385,1.60634,1.60638,-1.0,-1.0,-1
1.60638,1.606385,1.60636,1.60638,-1.0,-1.0,-1
1.60638,1.606415,1.60637,1.60637,-1.0,-1.0,-1
1.60637,1.606385,1.6063,1.60633,-1.0,-1.0,-1
1.60633,1.606345,1.606275,1.6063,-1.0,-1.0,-1
1.6063,1.6063,1.6063,1.6063,-1.0,-1.0,-1
1.6063,1.60634,1.60628,1.606305,-1.0,-1.0,-1
1.606305,1.60631,1.60628,1.60628,-1.0,-1.0,-1
1.60628,1.6063,1.60628,1.606285,-1.0,-1.0,-1
1.606285,1.606295,1.606275,1.60628,-1.0,-1.0,-1
1.60628,1.606285,1.606275,1.60628,-1.0,-1.0,-1
1.60628,1.6063,1.606265,1.606285,-1.0,-1.0,-1
1.606285,1.6063,1.606265,1.60628,-1.0,-1.0,-1
1.60628,1.606285,1.606225,1.606255,-1.0,-1.0,-1
1.606255,1.606325,1.606255,1.606325,-1.0,-1.0,-1
1.606325,1.60638,1.60632,1.606375,-1.0,-1.0,-1
1.606375,1.60638,1.60631,1.60637,-1.0,-1.0,-1
1.60637,1.606465,1.60637,1.606435,-1.0,-1.0,-1
1.606435,1.606435,1.60642,1.60643,-1.0,-1.0,-1
1.60643,1.60643,1.606425,1.60643,-1.0,-1.0,-1
1.60643,1.60643,1.606425,1.606425,-1.0,-1.0,-1
1.606425,1.606425,1.60639,1.60639,-1.0,-1.0,-1
1.60639,1.60639,1.60638,1.60639,-1.0,-1.0,-1
1.60639,1.60639,1.60639,1.60639,-1.0,-1.0,-1
1.60639,1.606405,1.60639,1.606405,-1.0,-1.0,-1
1.606405,1.606415,1.6064,1.606415,-1.0,-1.0,-1
1.606415,1.60642,1.60639,1.60641,-1.0,-1.0,-1
1.60641,1.606415,1.606395,1.606415,-1.0,-1.0,-1
1.606415,1.606425,1.606415,1.606425,-1.0,-1.0,-1
1.606425,1.60643,1.606415,1.606415,-1.0,-1.0,-1
1.606415,1.606465,1.606415,1.60646,-1.0,-1.0,-1
1.60646,1.606465,1.60646,1.60646,-1.0,-1.0,-1
1.60646,1.606465,1.606415,1.60642,-1.0,-1.0,-1
1.60642,1.60646,1.606395,1.606455,-1.0,-1.0,-1
1.606455,1.606475,1.60644,1.606455,-1.0,-1.0,-1
1.606455,1.60647,1.60645,1.60645,-1.0,-1.0,-1
1.60645,1.60647,1.60644,1.606445,-1.0,-1.0,-1
1.606445,1.606475,1.606445,1.606465,-1.0,-1.0,-1
1.606465,1.606475,1.60645,1.60647,-1.0,-1.0,-1
1.60647,1.606475,1.60645,1.606475,-1.0,-1.0,-1
1.606475,1.606515,1.606475,1.6065,-1.0,-1.0,-1
1.6065,1.606565,1.606485,1.60652,-1.0,-1.0,-1
1.60652,1.60653,1.606485,1.606505,-1.0,-1.0,-1
1.606505,1.606505,1.606485,1.6065,-1.0,-1.0,-1
1.6065,1.6065,1.6065,1.6065,-1.0,-1.0,-1
1.6065,1.6065,1.606495,1.606495,-1.0,-1.0,-1
1.606495,1.6065,1.606495,1.6065,-1.0,-1.0,-1
1.6065,1.6065,1.606405,1.60641,-1.0,-1.0,-1
1.60641,1.606415,1.606405,1.606415,-1.0,-1.0,-1
1.606415,1.606415,1.606385,1.60639,-1.0,-1.0,-1
1.60639,1.606445,1.60639,1.606445,-1.0,-1.0,-1
1.606445,1.60646,1.60641,1.60645,-1.0,-1.0,-1
1.60645,1.60645,1.606235,1.60638,-1.0,-1.0,-1
1.60638,1.606385,1.60629,1.60632,-1.0,-1.0,-1
1.60632,1.606335,1.60625,1.60625,-1.0,-1.0,-1
1.60625,1.606285,1.60625,1.606265,-1.0,-1.0,-1
1.606265,1.606345,1.606265,1.606325,-1.0,-1.0,-1
1.606325,1.606325,1.606225,1.606275,-1.0,-1.0,-1
1.606275,1.606295,1.60626,1.60629,-1.0,-1.0,-1
1.60629,1.6063,1.60616,1.606165,-1.0,-1.0,-1
1.606165,1.60617,1.606145,1.60615,-1.0,-1.0,-1
1.60615,1.606185,1.60609,1.606185,-1.0,-1.0,-1
1.606185,1.606185,1.606175,1.606175,-1.0,-1.0,-1
1.606175,1.606175,1.60608,1.60608,-1.0,-1.0,-1
1.60608,1.606115,1.605995,1.606005,-1.0,-1.0,-1
1.606005,1.606005,1.605945,1.60595,-1.0,-1.0,-1
1.60595,1.606015,1.605945,1.606015,-1.0,-1.0,-1
1.606015,1.60603,1.60601,1.60601,-1.0,-1.0,-1
1.60601,1.60602,1.60601,1.60601,-1.0,-1.0,-1
1.60601,1.60601,1.60589,1.60589,-1.0,-1.0,-1
1.60589,1.60589,1.60585,1.60585,-1.0,-1.0,-1
1.60585,1.60586,1.605845,1.605845,-1.0,-1.0,-1
1.605845,1.60586,1.605825,1.605825,-1.0,-1.0,-1
1.605825,1.605825,1.60576,1.60576,-1.0,-1.0,-1
1.60576,1.605765,1.60571,1.605715,-1.0,-1.0,-1
1.605715,1.605715,1.60571,1.605715,-1.0,-1.0,-1
1.605715,1.605725,1.605625,1.60563,-1.0,-1.0,-1
1.60563,1.605635,1.60563,1.605635,-1.0,-1.0,-1
1.605635,1.605635,1.605505,1.605505,-1.0,-1.0,-1
1.605505,1.60551,1.6055,1.60551,-1.0,-1.0,-1
1.60551,1.605555,1.60551,1.605555,-1.0,-1.0,-1
1.605555,1.60556,1.605515,1.605515,-1.0,-1.0,-1
1.605515,1.605515,1.605425,1.605445,-1.0,-1.0,-1
1.605445,1.605495,1.60544,1.605495,-1.0,-1.0,-1
1.605495,1.6055,1.60544,1.60544,-1.0,-1.0,-1
1.60544,1.60545,1.60544,1.605445,-1.0,-1.0,-1
1.605445,1.605445,1.60541,1.605415,-1.0,-1.0,-1
1.605415,1.60544,1.60539,1.60544,-1.0,-1.0,-1
1.60544,1.605505,1.60542,1.605505,-1.0,-1.0,-1
1.605505,1.605505,1.605375,1.605375,-1.0,-1.0,-1
1.605375,1.605395,1.605355,1.605375,-1.0,-1.0,-1
1.605375,1.605375,1.60532,1.60535,-1.0,-1.0,-1
1.60535,1.60538,1.605315,1.60538,-1.0,-1.0,-1
1.60538,1.60538,1.60529,1.60531,-1.0,-1.0,-1
1.60531,1.605335,1.60526,1.605265,-1.0,-1.0,-1
1.605265,1.605375,1.605255,1.605375,-1.0,-1.0,-1
1.605375,1.605415,1.60535,1.605405,-1.0,-1.0,-1
1.605405,1.60542,1.60536,1.605405,-1.0,-1.0,-1
1.605405,1.605505,1.605375,1.605435,-1.0,-1.0,-1
1.605435,1.605435,1.60535,1.60537,-1.0,-1.0,-1
1.60537,1.60538,1.60535,1.60535,-1.0,-1.0,-1
1.60535,1.605405,1.60533,1.605335,-1.0,-1.0,-1
1.605335,1.605345,1.605145,1.6053,-1.0,-1.0,-1
1.6053,1.60534,1.6053,1.60534,-1.0,-1.0,-1
1.60534,1.605385,1.605275,1.60528,-1.0,-1.0,-1
1.60528,1.60538,1.60528,1.60538,-1.0,-1.0,-1
1.60538,1.60538,1.605345,1.60537,-1.0,-1.0,-1
1.60537,1.60538,1.60535,1.605375,-1.0,-1.0,-1
1.605375,1.60538,1.6053,1.60531,-1.0,-1.0,-1
1.60531,1.60534,1.6053,1.60534,-1.0,-1.0,-1
1.60534,1.60536,1.60532,1.60536,-1.0,-1.0,-1
1.60536,1.60538,1.60534,1.60534,-1.0,-1.0,-1
1.60534,1.60534,1.60528,1.605295,-1.0,-1.0,-1
1.605295,1.605325,1.605295,1.60532,-1.0,-1.0,-1
1.60532,1.605325,1.60531,1.60531,-1.0,-1.0,-1
1.60531,1.60531,1.605295,1.605295,-1.0,-1.0,-1
1.605295,1.605305,1.60529,1.60529,-1.0,-1.0,-1
1.60529,1.60533,1.605285,1.60529,-1.0,-1.0,-1
1.60529,1.605305,1.60524,1.60524,-1.0,-1.0,-1
1.60524,1.60526,1.60524,1.60525,-1.0,-1.0,-1
1.60525,1.605275,1.60525,1.60527,-1.0,-1.0,-1
1.60527,1.60527,1.605265,1.60527,-1.0,-1.0,-1
1.60527,1.605365,1.605265,1.60535,-1.0,-1.0,-1
1.60535,1.60535,1.605325,1.60534,-1.0,-1.0,-1
1.60534,1.60541,1.605295,1.60536,-1.0,-1.0,-1
1.60536,1.60544,1.60535,1.60543,-1.0,-1.0,-1
1.60543,1.60549,1.605425,1.605475,-1.0,-1.0,-1
1.605475,1.60551,1.605475,1.60549,-1.0,-1.0,-1
1.60549,1.60552,1.60549,1.60552,-1.0,-1.0,-1
1.60552,1.60552,1.60551,1.60551,-1.0,-1.0,-1
1.60551,1.60553,1.6055,1.60551,-1.0,-1.0,-1
1.60551,1.60551,1.60542,1.60549,-1.0,-1.0,-1
1.60549,1.605545,1.60549,1.60551,-1.0,-1.0,-1
1.60551,1.605585,1.6055,1.605565,-1.0,-1.0,-1
1.605565,1.60557,1.605565,1.60557,-1.0,-1.0,-1
1.60557,1.60557,1.6055,1.60551,-1.0,-1.0,-1
1.60551,1.60553,1.605455,1.60546,-1.0,-1.0,-1
1.60546,1.60546,1.605435,1.60544,-1.0,-1.0,-1
1.60544,1.605455,1.60543,1.605455,-1.0,-1.0,-1
1.605455,1.60551,1.605405,1.605485,-1.0,-1.0,-1
1.605485,1.60549,1.605475,1.60548,-1.0,-1.0,-1
1.60548,1.60548,1.605465,1.605475,-1.0,-1.0,-1
1.605475,1.605505,1.60546,1.60546,-1.0,-1.0,-1
1.60546,1.60547,1.60543,1.60547,-1.0,-1.0,-1
1.60547,1.605475,1.60542,1.605425,-1.0,-1.0,-1
1.605425,1.605425,1.605375,1.605375,-1.0,-1.0,-1
1.605375,1.60539,1.6053,1.60533,-1.0,-1.0,-1
1.60533,1.60534,1.60529,1.60534,-1.0,-1.0,-1
1.60534,1.60535,1.605325,1.60534,-1.0,-1.0,-1
1.60534,1.60536,1.60527,1.605275,-1.0,-1.0,-1
1.605275,1.605305,1.605265,1.605305,-1.0,-1.0,-1
1.605305,1.60534,1.605305,1.605325,-1.0,-1.0,-1
1.605325,1.605345,1.60532,1.60534,-1.0,-1.0,-1
1.60534,1.60534,1.605315,1.605335,-1.0,-1.0,-1
1.605335,1.60534,1.605325,1.60534,-1.0,-1.0,-1
1.60534,1.6054,1.60534,1.605365,-1.0,-1.0,-1
1.605365,1.605375,1.60536,1.605375,-1.0,-1.0,-1
1.605375,1.605415,1.605355,1.60537,-1.0,-1.0,-1
1.60537,1.605375,1.60534,1.60534,-1.0,-1.0,-1
1.60534,1.605355,1.60534,1.60534,-1.0,-1.0,-1
1.60534,1.605415,1.60534,1.60541,-1.0,-1.0,-1
1.60541,1.605425,1.60541,1.60542,-1.0,-1.0,-1
1.60542,1.605465,1.605415,1.605425,-1.0,-1.0,-1
1.605425,1.60543,1.605415,1.60543,-1.0,-1.0,-1
1.60543,1.605445,1.605425,1.605435,-1.0,-1.0,-1
1.605435,1.60545,1.605425,1.60544,-1.0,-1.0,-1
1.60544,1.60546,1.605435,1.60545,-1.0,-1.0,-1
1.60545,1.60546,1.605445,1.60546,-1.0,-1.0,-1
1.60546,1.60547,1.605435,1.605465,-1.0,-1.0,-1
1.605465,1.605475,1.605455,1.605465,-1.0,-1.0,-1
1.605465,1.60549,1.605465,1.60549,-1.0,-1.0,-1
1.60549,1.60552,1.60548,1.60549,-1.0,-1.0,-1
1.60549,1.60555,1.605485,1.605525,-1.0,-1.0,-1
1.605525,1.605545,1.60551,1.605545,-1.0,-1.0,-1
1.605545,1.605545,1.60547,1.60548,-1.0,-1.0,-1
1.60548,1.6055,1.60547,1.605495,-1.0,-1.0,-1
1.605495,1.605535,1.60548,1.60553,-1.0,-1.0,-1
1.60553,1.60555,1.60552,1.605525,-1.0,-1.0,-1
1.605525,1.605525,1.605515,1.60552,-1.0,-1.0,-1
1.60552,1.60553,1.60551,1.60551,-1.0,-1.0,-1
1.60551,1.60552,1.605485,1.605495,-1.0,-1.0,-1
1.605495,1.60556,1.605495,1.60552,-1.0,-1.0,-1
1.60552,1.60553,1.60549,1.60549,-1.0,-1.0,-1
1.60549,1.60551,1.605465,1.6055,-1.0,-1.0,-1
1.6055,1.605505,1.605485,1.605495,-1.0,-1.0,-1
1.605495,1.605505,1.60549,1.605495,-1.0,-1.0,-1
1.605495,1.605505,1.60548,1.605495,-1.0,-1.0,-1
1.605495,1.6055,1.60546,1.60547,-1.0,-1.0,-1
1.60547,1.605505,1.60547,1.605505,-1.0,-1.0,-1
1.605505,1.605505,1.60547,1.60548,-1.0,-1.0,-1
1.60548,1.605495,1.605475,1.605475,-1.0,-1.0,-1
1.605475,1.605505,1.605475,1.6055,-1.0,-1.0,-1
1.6055,1.605505,1.605455,1.60546,-1.0,-1.0,-1
1.60546,1.60547,1.60545,1.60547,-1.0,-1.0,-1
1.60547,1.605495,1.60547,1.605475,-1.0,-1.0,-1
1.605475,1.605495,1.60547,1.60549,-1.0,-1.0,-1
1.60549,1.60551,1.60546,1.60546,-1.0,-1.0,-1
1.60546,1.60547,1.60543,1.605435,-1.0,-1.0,-1
1.605435,1.605435,1.60542,1.60542,-1.0,-1.0,-1
1.60542,1.60543,1.605385,1.60539,-1.0,-1.0,-1
1.60539,1.605405,1.605385,1.60539,-1.0,-1.0,-1
1.60539,1.60539,1.605315,1.60537,-1.0,-1.0,-1
1.60537,1.60537,1.605305,1.605305,-1.0,-1.0,-1
1.605305,1.60533,1.605305,1.605325,-1.0,-1.0,-1
1.605325,1.605385,1.60531,1.605385,-1.0,-1.0,-1
1.605385,1.605385,1.605375,1.605385,-1.0,-1.0,-1
1.605385,1.60539,1.60532,1.60533,-1.0,-1.0,-1
1.60533,1.605335,1.60533,1.60533,-1.0,-1.0,-1
1.60533,1.605335,1.60532,1.605335,-1.0,-1.0,-1
1.605335,1.60534,1.605295,1.605305,-1.0,-1.0,-1
1.605305,1.60531,1.60528,1.60529,-1.0,-1.0,-1
1.60529,1.60532,1.60528,1.605315,-1.0,-1.0,-1
1.605315,1.60532,1.605295,1.605295,-1.0,-1.0,-1
1.605295,1.60531,1.605295,1.60531,-1.0,-1.0,-1
1.60531,1.60533,1.60526,1.60527,-1.0,-1.0,-1
1.60527,1.60528,1.605255,1.60526,-1.0,-1.0,-1
1.60526,1.60527,1.60524,1.605265,-1.0,-1.0,-1
1.605265,1.605285,1.605255,1.605285,-1.0,-1.0,-1
1.605285,1.60529,1.605265,1.605285,-1.0,-1.0,-1
1.605285,1.60529,1.605265,1.60529,-1.0,-1.0,-1
1.60529,1.60537,1.60529,1.605355,-1.0,-1.0,-1
1.605355,1.605355,1.605295,1.605295,-1.0,-1.0,-1
1.605295,1.605325,1.605285,1.605295,-1.0,-1.0,-1
1.605295,1.60532,1.605285,1.605315,-1.0,-1.0,-1
1.605315,1.60534,1.60531,1.60534,-1.0,-1.0,-1
1.60534,1.60534,1.60529,1.60529,-1.0,-1.0,-1
1.60529,1.605295,1.60528,1.605295,-1.0,-1.0,-1
1.605295,1.605335,1.60528,1.605335,-1.0,-1.0,-1
1.605335,1.60534,1.605295,1.6053,-1.0,-1.0,-1
1.6053,1.60534,1.6053,1.60534,-1.0,-1.0,-1
1.60534,1.60536,1.605335,1.605335,-1.0,-1.0,-1
1.605335,1.60535,1.605325,1.605335,-1.0,-1.0,-1
1.605335,1.6054,1.60532,1.605395,-1.0,-1.0,-1
1.605395,1.60547,1.605395,1.60544,-1.0,-1.0,-1
1.60544,1.605465,1.605435,1.60545,-1.0,-1.0,-1
1.60545,1.605465,1.60541,1.605445,-1.0,-1.0,-1
1.605445,1.605445,1.605415,1.605435,-1.0,-1.0,-1
1.605435,1.605455,1.60543,1.605455,-1.0,-1.0,-1
1.605455,1.60551,1.605455,1.60551,-1.0,-1.0,-1
1.60551,1.60552,1.60551,1.605515,-1.0,-1.0,-1
1.605515,1.605545,1.605515,1.605545,-1.0,-1.0,-1
1.605545,1.605545,1.60544,1.60546,-1.0,-1.0,-1
1.60546,1.60546,1.60543,1.60544,-1.0,-1.0,-1
1.60544,1.605475,1.60543,1.605475,-1.0,-1.0,-1
1.605475,1.605485,1.605475,1.60548,-1.0,-1.0,-1
1.60548,1.60553,1.605475,1.60551,-1.0,-1.0,-1
1.60551,1.6056,1.60551,1.6056,-1.0,-1.0,-1
1.6056,1.6056,1.60556,1.60557,-1.0,-1.0,-1
1.60557,1.605585,1.60557,1.60557,-1.0,-1.0,-1
1.60557,1.60559,1.60556,1.60559,-1.0,-1.0,-1
1.60559,1.605595,1.60557,1.60557,-1.0,-1.0,-1
1.60557,1.605605,1.60557,1.605605,-1.0,-1.0,-1
1.605605,1.60563,1.605605,1.605625,-1.0,-1.0,-1
1.605625,1.60568,1.605615,1.605675,-1.0,-1.0,-1
1.605675,1.60569,1.605665,1.605685,-1.0,-1.0,-1
1.605685,1.605685,1.605665,1.605675,-1.0,-1.0,-1
1.605675,1.60571,1.60566,1.605705,-1.0,-1.0,-1
1.605705,1.60573,1.605665,1.605675,-1.0,-1.0,-1
1.605675,1.60568,1.605665,1.605675,-1.0,-1.0,-1
1.605675,1.605675,1.60566,1.60567,-1.0,-1.0,-1
1.60567,1.60573,1.60566,1.605705,-1.0,-1.0,-1
1.605705,1.605705,1.60569,1.605705,-1.0,-1.0,-1
1.605705,1.60574,1.6057,1.605705,-1.0,-1.0,-1
1.605705,1.605745,1.605685,1.605735,-1.0,-1.0,-1
1.605735,1.60576,1.605725,1.605725,-1.0,-1.0,-1
1.605725,1.605735,1.605695,1.605695,-1.0,-1.0,-1
1.605695,1.60574,1.60569,1.605695,-1.0,-1.0,-1
1.605695,1.60573,1.60569,1.605715,-1.0,-1.0,-1
1.605715,1.605755,1.605705,1.605725,-1.0,-1.0,-1
1.605725,1.60581,1.605725,1.605775,-1.0,-1.0,-1
1.605775,1.60582,1.605705,1.605705,-1.0,-1.0,-1
1.605705,1.60573,1.605705,1.60573,-1.0,-1.0,-1
1.60573,1.605755,1.605695,1.605695,-1.0,-1.0,-1
1.605695,1.605765,1.605695,1.60574,-1.0,-1.0,-1
1.60574,1.6058,1.60574,1.605765,-1.0,-1.0,-1
1.605765,1.605775,1.605715,1.605715,-1.0,-1.0,-1
1.605715,1.605735,1.605665,1.60569,-1.0,-1.0,-1
1.60569,1.60574,1.60569,1.605705,-1.0,-1.0,-1
1.605705,1.60581,1.605655,1.60568,-1.0,-1.0,-1
1.60568,1.60571,1.605645,1.60565,-1.0,-1.0,-1
1.60565,1.605715,1.605645,1.605685,-1.0,-1.0,-1
1.605685,1.60575,1.605685,1.6057,-1.0,-1.0,-1
1.6057,1.60575,1.6057,1.60573,-1.0,-1.0,-1
1.60573,1.60578,1.60573,1.605775,-1.0,-1.0,-1
1.605775,1.60578,1.605735,1.60577,-1.0,-1.0,-1
1.60577,1.605795,1.60576,1.60577,-1.0,-1.0,-1
1.60577,1.605805,1.60575,1.605765,-1.0,-1.0,-1
1.605765,1.6058,1.605745,1.605755,-1.0,-1.0,-1
1.605755,1.605775,1.60572,1.60572,-1.0,-1.0,-1
1.60572,1.60574,1.605705,1.605715,-1.0,-1.0,-1
1.605715,1.60573,1.605715,1.60573,-1.0,-1.0,-1
1.60573,1.605755,1.60569,1.60574,-1.0,-1.0,-1
1.60574,1.60575,1.60572,1.60573,-1.0,-1.0,-1
1.60573,1.60577,1.60569,1.60569,-1.0,-1.0,-1
1.60569,1.605735,1.60562,1.60565,-1.0,-1.0,-1
1.60565,1.605705,1.60565,1.60566,-1.0,-1.0,-1
1.60566,1.605735,1.60566,1.60569,-1.0,-1.0,-1
1.60569,1.605735,1.60567,1.60569,-1.0,-1.0,-1
1.60569,1.605775,1.60569,1.60572,-1.0,-1.0,-1
1.60572,1.60572,1.6057,1.605705,-1.0,-1.0,-1
1.605705,1.605715,1.605675,1.605675,-1.0,-1.0,-1
1.605675,1.60569,1.60561,1.605615,-1.0,-1.0,-1
1.605615,1.605645,1.60559,1.60561,-1.0,-1.0,-1
1.60561,1.605685,1.605605,1.605675,-1.0,-1.0,-1
1.605675,1.605735,1.605665,1.60569,-1.0,-1.0,-1
1.60569,1.605735,1.60567,1.60568,-1.0,-1.0,-1
1.60568,1.60573,1.60568,1.605725,-1.0,-1.0,-1
1.605725,1.60573,1.605635,1.605635,-1.0,-1.0,-1
1.605635,1.605645,1.605635,1.605645,-1.0,-1.0,-1
1.605645,1.60566,1.605645,1.60565,-1.0,-1.0,-1
1.60565,1.60565,1.6056,1.60562,-1.0,-1.0,-1
1.60562,1.605635,1.605615,1.605635,-1.0,-1.0,-1
1.605635,1.60564,1.605635,1.60564,-1.0,-1.0,-1
1.60564,1.60564,1.6056,1.6056,-1.0,-1.0,-1
1.6056,1.6056,1.60556,1.60556,-1.0,-1.0,-1
1.60556,1.605645,1.605555,1.6056,-1.0,-1.0,-1
1.6056,1.605665,1.60559,1.605615,-1.0,-1.0,-1
1.605615,1.60565,1.60561,1.605645,-1.0,-1.0,-1
1.605645,1.605655,1.605635,1.605645,-1.0,-1.0,-1
1.605645,1.605645,1.605635,1.605645,-1.0,-1.0,-1
1.605645,1.605655,1.605635,1.605635,-1.0,-1.0,-1
1.605635,1.60565,1.605635,1.605645,-1.0,-1.0,-1
1.605645,1.605655,1.60563,1.60563,-1.0,-1.0,-1
1.60563,1.605685,1.60563,1.605665,-1.0,-1.0,-1
1.605665,1.60571,1.605665,1.60571,-1.0,-1.0,-1
1.60571,1.60577,1.605695,1.605755,-1.0,-1.0,-1
1.605755,1.60577,1.60573,1.605735,-1.0,-1.0,-1
1.605735,1.605735,1.605725,1.605725,-1.0,-1.0,-1
1.605725,1.605725,1.60571,1.605725,-1.0,-1.0,-1
1.605725,1.605725,1.605655,1.605655,-1.0,-1.0,-1
1.605655,1.60567,1.60562,1.605645,-1.0,-1.0,-1
1.605645,1.60565,1.605645,1.60565,-1.0,-1.0,-1
1.60565,1.60565,1.605595,1.60562,-1.0,-1.0,-1
1.60562,1.605645,1.605605,1.60561,-1.0,-1.0,-1
1.60561,1.60561,1.60548,1.605485,-1.0,-1.0,-1
1.605485,1.60555,1.605485,1.605535,-1.0,-1.0,-1
1.605535,1.605535,1.60549,1.60549,-1.0,-1.0,-1
1.60549,1.605505,1.60549,1.6055,-1.0,-1.0,-1
1.6055,1.605505,1.605495,1.605495,-1.0,-1.0,-1
1.605495,1.6055,1.605465,1.605465,-1.0,-1.0,-1
1.605465,1.605465,1.60539,1.60541,-1.0,-1.0,-1
1.60541,1.605415,1.60538,1.60539,-1.0,-1.0,-1
1.60539,1.605395,1.60539,1.605395,-1.0,-1.0,-1
1.605395,1.605395,1.605345,1.605375,-1.0,-1.0,-1
1.605375,1.60538,1.605355,1.60538,-1.0,-1.0,-1
1.60538,1.60538,1.605345,1.605355,-1.0,-1.0,-1
1.605355,1.605365,1.60531,1.60534,-1.0,-1.0,-1
1.60534,1.60535,1.60533,1.60533,-1.0,-1.0,-1
1.60533,1.6054,1.60533,1.605385,-1.0,-1.0,-1
1.605385,1.60541,1.605385,1.605385,-1.0,-1.0,-1
1.605385,1.60539,1.605385,1.60539,-1.0,-1.0,-1
1.60539,1.60539,1.60539,1.60539,-1.0,-1.0,-1
1.60539,1.605435,1.60539,1.605425,-1.0,-1.0,-1
1.605425,1.605605,1.60542,1.60555,-1.0,-1.0,-1
1.60555,1.60555,1.60553,1.60554,-1.0,-1.0,-1
1.60554,1.60556,1.605515,1.60553,-1.0,-1.0,-1
1.60553,1.60555,1.605525,1.60554,-1.0,-1.0,-1
1.60554,1.60559,1.60552,1.60557,-1.0,-1.0,-1
1.60557,1.605575,1.60552,1.605525,-1.0,-1.0,-1
1.605525,1.60556,1.60552,1.605545,-1.0,-1.0,-1
1.605545,1.60556,1.605545,1.60556,-1.0,-1.0,-1
1.60556,1.605565,1.60553,1.605535,-1.0,-1.0,-1
1.605535,1.605545,1.60552,1.605525,-1.0,-1.0,-1
1.605525,1.605525,1.60552,1.605525,-1.0,-1.0,-1
1.605525,1.60556,1.60552,1.605555,-1.0,-1.0,-1
1.605555,1.60557,1.605545,1.605555,-1.0,-1.0,-1
1.605555,1.60558,1.605555,1.60557,-1.0,-1.0,-1
1.60557,1.60557,1.60557,1.60557,-1.0,-1.0,-1
1.60557,1.60557,1.605555,1.605565,-1.0,-1.0,-1
1.605565,1.60558,1.605555,1.605565,-1.0,-1.0,-1
1.605565,1.60557,1.60555,1.60555,-1.0,-1.0,-1
1.60555,1.605565,1.605515,1.605525,-1.0,-1.0,-1
1.605525,1.605525,1.60549,1.60549,-1.0,-1.0,-1
1.60549,1.60551,1.60547,1.60551,-1.0,-1.0,-1
1.60551,1.605545,1.60548,1.605485,-1.0,-1.0,-1
1.605485,1.605565,1.60548,1.60556,-1.0,-1.0,-1
1.60556,1.605585,1.605555,1.60557,-1.0,-1.0,-1
1.60557,1.60557,1.605535,1.60555,-1.0,-1.0,-1
1.60555,1.60555,1.60552,1.60554,-1.0,-1.0,-1
1.60554,1.605545,1.6055,1.6055,-1.0,-1.0,-1
1.6055,1.605505,1.605495,1.605495,-1.0,-1.0,-1
1.605495,1.605505,1.60543,1.605435,-1.0,-1.0,-1
1.605435,1.60548,1.60543,1.605465,-1.0,-1.0,-1
1.605465,1.60548,1.605425,1.60547,-1.0,-1.0,-1
1.60547,1.605485,1.60543,1.605435,-1.0,-1.0,-1
1.605435,1.605435,1.605425,1.60543,-1.0,-1.0,-1
1.60543,1.605465,1.605425,1.605425,-1.0,-1.0,-1
1.605425,1.605445,1.6054,1.605435,-1.0,-1.0,-1
1.605435,1.605445,1.60541,1.60542,-1.0,-1.0,-1
1.60542,1.605425,1.60539,1.60539,-1.0,-1.0,-1
1.60539,1.605425,1.60539,1.60541,-1.0,-1.0,-1
1.60541,1.60542,1.60541,1.605415,-1.0,-1.0,-1
1.605415,1.60544,1.6054,1.60541,-1.0,-1.0,-1
1.60541,1.605415,1.6054,1.6054,-1.0,-1.0,-1
1.6054,1.605425,1.60538,1.605385,-1.0,-1.0,-1
1.605385,1.605395,1.605375,1.605375,-1.0,-1.0,-1
1.605375,1.60539,1.605345,1.60535,-1.0,-1.0,-1
1.60535,1.60535,1.605285,1.6053,-1.0,-1.0,-1
1.6053,1.6053,1.605285,1.605295,-1.0,-1.0,-1
1.605295,1.605335,1.605295,1.605305,-1.0,-1.0,-1
1.605305,1.605315,1.605295,1.6053,-1.0,-1.0,-1
1.6053,1.605355,1.6053,1.605305,-1.0,-1.0,-1
1.605305,1.605335,1.605295,1.605315,-1.0,-1.0,-1
1.605315,1.60535,1.605315,1.60532,-1.0,-1.0,-1
1.60532,1.605335,1.605315,1.60532,-1.0,-1.0,-1
1.60532,1.605345,1.60532,1.60533,-1.0,-1.0,-1
1.60533,1.60536,1.60525,1.60528,-1.0,-1.0,-1
1.60528,1.605285,1.605255,1.60526,-1.0,-1.0,-1
1.60526,1.6053,1.605255,1.605285,-1.0,-1.0,-1
1.605285,1.6053,1.60527,1.60528,-1.0,-1.0,-1
1.60528,1.60528,1.605265,1.60528,-1.0,-1.0,-1
1.60528,1.60528,1.605225,1.605225,-1.0,-1.0,-1
1.605225,1.605275,1.60522,1.60525,-1.0,-1.0,-1
1.60525,1.605265,1.60522,1.60522,-1.0,-1.0,-1
1.60522,1.60525,1.605165,1.60517,-1.0,-1.0,-1
1.60517,1.605325,1.60516,1.60523,-1.0,-1.0,-1
1.60523,1.605255,1.605175,1.6052,-1.0,-1.0,-1
1.6052,1.605225,1.60504,1.605045,-1.0,-1.0,-1
1.605045,1.60509,1.605,1.605015,-1.0,-1.0,-1
1.605015,1.605065,1.60501,1.60503,-1.0,-1.0,-1
1.60503,1.605095,1.60503,1.60508,-1.0,-1.0,-1
1.60508,1.60512,1.605065,1.605065,-1.0,-1.0,-1
1.605065,1.605135,1.605065,1.605085,-1.0,-1.0,-1
1.605085,1.605085,1.60508,1.605085,-1.0,-1.0,-1
1.605085,1.60518,1.60508,1.60513,-1.0,-1.0,-1
1.60513,1.605145,1.605075,1.6051,-1.0,-1.0,-1
1.6051,1.60511,1.605005,1.60501,-1.0,-1.0,-1
1.60501,1.605065,1.60499,1.605005,-1.0,-1.0,-1
1.605005,1.605045,1.60498,1.60499,-1.0,-1.0,-1
1.60499,1.60507,1.604975,1.60502,-1.0,-1.0,-1
1.60502,1.60504,1.604985,1.604985,-1.0,-1.0,-1
1.604985,1.605065,1.604975,1.60505,-1.0,-1.0,-1
1.60505,1.60507,1.605015,1.60502,-1.0,-1.0,-1
1.60502,1.605065,1.60502,1.605035,-1.0,-1.0,-1
1.605035,1.60507,1.60503,1.605065,-1.0,-1.0,-1
1.605065,1.605085,1.60506,1.60506,-1.0,-1.0,-1
1.60506,1.605065,1.60502,1.60506,-1.0,-1.0,-1
1.60506,1.605075,1.60503,1.605035,-1.0,-1.0,-1
1.605035,1.605065,1.60503,1.605055,-1.0,-1.0,-1
1.605055,1.605065,1.60502,1.60502,-1.0,-1.0,-1
1.60502,1.605075,1.60502,1.60503,-1.0,-1.0,-1
1.60503,1.605065,1.60501,1.60501,-1.0,-1.0,-1
1.60501,1.605025,1.604985,1.604995,-1.0,-1.0,-1
1.604995,1.605025,1.604975,1.60498,-1.0,-1.0,-1
1.60498,1.605,1.60498,1.604995,-1.0,-1.0,-1
1.604995,1.60506,1.60498,1.605045,-1.0,-1.0,-1
1.605045,1.605135,1.605025,1.60511,-1.0,-1.0,-1
1.60511,1.605195,1.6051,1.60516,-1.0,-1.0,-1
1.60516,1.60516,1.60513,1.605135,-1.0,-1.0,-1
1.605135,1.60515,1.605125,1.605125,-1.0,-1.0,-1
1.605125,1.60519,1.60507,1.60508,-1.0,-1.0,-1
1.60508,1.60508,1.60505,1.60505,-1.0,-1.0,-1
1.60505,1.605055,1.604985,1.605035,-1.0,-1.0,-1
1.605035,1.60507,1.605035,1.60506,-1.0,-1.0,-1
1.60506,1.60509,1.605055,1.60506,-1.0,-1.0,-1
1.60506,1.60508,1.605015,1.605065,-1.0,-1.0,-1
1.605065,1.60509,1.605065,1.60508,-1.0,-1.0,-1
1.60508,1.60509,1.60504,1.60504,-1.0,-1.0,-1
1.60504,1.60507,1.60504,1.60506,-1.0,-1.0,-1
1.60506,1.605105,1.60506,1.605095,-1.0,-1.0,-1
1.605095,1.6051,1.605075,1.605085,-1.0,-1.0,-1
1.605085,1.605115,1.605075,1.60511,-1.0,-1.0,-1
1.60511,1.60512,1.605095,1.605095,-1.0,-1.0,-1
1.605095,1.60511,1.60509,1.605095,-1.0,-1.0,-1
1.605095,1.605105,1.605075,1.605075,-1.0,-1.0,-1
1.605075,1.6051,1.605075,1.6051,-1.0,-1.0,-1
1.6051,1.605115,1.605075,1.605115,-1.0,-1.0,-1
1.605115,1.605145,1.605105,1.605135,-1.0,-1.0,-1
1.605135,1.605155,1.605115,1.605135,-1.0,-1.0,-1
1.605135,1.60517,1.605135,1.60515,-1.0,-1.0,-1
1.60515,1.605155,1.605115,1.605115,-1.0,-1.0,-1
1.605115,1.60518,1.605115,1.60516,-1.0,-1.0,-1
1.60516,1.60519,1.60514,1.60516,-1.0,-1.0,-1
1.60516,1.60517,1.605135,1.605135,-1.0,-1.0,-1
1.605135,1.60519,1.605135,1.60517,-1.0,-1.0,-1
1.60517,1.60519,1.605165,1.605165,-1.0,-1.0,-1
1.605165,1.60517,1.60514,1.60514,-1.0,-1.0,-1
1.60514,1.605145,1.60507,1.605075,-1.0,-1.0,-1
1.605075,1.6051,1.60506,1.60506,-1.0,-1.0,-1
1.60506,1.60508,1.605025,1.605025,-1.0,-1.0,-1
1.605025,1.605025,1.604965,1.60497,-1.0,-1.0,-1
1.60497,1.604985,1.604935,1.604945,-1.0,-1.0,-1
1.604945,1.604975,1.60491,1.60492,-1.0,-1.0,-1
1.60492,1.60492,1.604865,1.60489,-1.0,-1.0,-1
1.60489,1.60492,1.60487,1.60487,-1.0,-1.0,-1
1.60487,1.60487,1.60483,1.60485,-1.0,-1.0,-1
1.60485,1.604945,1.60485,1.604925,-1.0,-1.0,-1
1.604925,1.60494,1.60488,1.60493,-1.0,-1.0,-1
1.60493,1.60494,1.6049,1.60494,-1.0,-1.0,-1
1.60494,1.60495,1.60487,1.60487,-1.0,-1.0,-1
1.60487,1.60487,1.6048,1.60481,-1.0,-1.0,-1
1.60481,1.60483,1.6048,1.60482,-1.0,-1.0,-1
1.60482,1.60487,1.6048,1.604855,-1.0,-1.0,-1
1.604855,1.6049,1.604825,1.604835,-1.0,-1.0,-1
1.604835,1.604835,1.6048,1.604825,-1.0,-1.0,-1
1.604825,1.60483,1.604815,1.60483,-1.0,-1.0,-1
1.60483,1.604845,1.60482,1.60483,-1.0,-1.0,-1
1.60483,1.60489,1.604825,1.604865,-1.0,-1.0,-1
1.604865,1.604885,1.604865,1.60487,-1.0,-1.0,-1
1.60487,1.6049,1.60487,1.6049,-1.0,-1.0,-1
1.6049,1.60491,1.604895,1.6049,-1.0,-1.0,-1
1.6049,1.60493,1.604885,1.604905,-1.0,-1.0,-1
1.604905,1.60497,1.604905,1.60495,-1.0,-1.0,-1
1.60495,1.60498,1.60495,1.60495,-1.0,-1.0,-1
1.60495,1.60495,1.60495,1.60495,-1.0,-1.0,-1
1.60495,1.60495,1.604915,1.60495,-1.0,-1.0,-1
1.60495,1.604975,1.6049,1.604925,-1.0,-1.0,-1
1.604925,1.604925,1.6049,1.60491,-1.0,-1.0,-1
1.60491,1.604915,1.6049,1.604915,-1.0,-1.0,-1
1.604915,1.60503,1.60491,1.605015,-1.0,-1.0,-1
1.605015,1.60506,1.605,1.60501,-1.0,-1.0,-1
1.60501,1.60502,1.60497,1.60498,-1.0,-1.0,-1
1.60498,1.60505,1.604975,1.60504,-1.0,-1.0,-1
1.60504,1.60506,1.60502,1.60504,-1.0,-1.0,-1
1.60504,1.60507,1.60504,1.60506,-1.0,-1.0,-1
1.60506,1.60507,1.605035,1.60504,-1.0,-1.0,-1
1.60504,1.60508,1.60503,1.60504,-1.0,-1.0,-1
1.60504,1.60507,1.605035,1.605035,-1.0,-1.0,-1
1.605035,1.605035,1.60503,1.605035,-1.0,-1.0,-1
1.605035,1.605055,1.60502,1.605045,-1.0,-1.0,-1
1.605045,1.605065,1.60502,1.605025,-1.0,-1.0,-1
1.605025,1.60505,1.605025,1.60503,-1.0,-1.0,-1
1.60503,1.60506,1.60503,1.60505,-1.0,-1.0,-1
1.60505,1.605065,1.605025,1.60505,-1.0,-1.0,-1
1.60505,1.60506,1.605035,1.60504,-1.0,-1.0,-1
1.60504,1.605045,1.60499,1.605005,-1.0,-1.0,-1
1.605005,1.60502,1.604995,1.60501,-1.0,-1.0,-1
1.60501,1.60509,1.60501,1.60507,-1.0,-1.0,-1
1.60507,1.60507,1.60504,1.60505,-1.0,-1.0,-1
1.60505,1.605065,1.60504,1.60505,-1.0,-1.0,-1
1.60505,1.605085,1.60505,1.605075,-1.0,-1.0,-1
1.605075,1.6051,1.605075,1.605085,-1.0,-1.0,-1
1.605085,1.60516,1.605085,1.60515,-1.0,-1.0,-1
1.60515,1.605215,1.60515,1.6052,-1.0,-1.0,-1
1.6052,1.60521,1.6052,1.605205,-1.0,-1.0,-1
1.605205,1.605295,1.605205,1.605295,-1.0,-1.0,-1
1.605295,1.60535,1.60528,1.60535,-1.0,-1.0,-1
1.60535,1.60542,1.605345,1.6054,-1.0,-1.0,-1
1.6054,1.6055,1.605385,1.60548,-1.0,-1.0,-1
1.60548,1.6055,1.605415,1.605415,-1.0,-1.0,-1
1.605415,1.605425,1.605385,1.605385,-1.0,-1.0,-1
1.605385,1.605395,1.605345,1.60535,-1.0,-1.0,-1
1.60535,1.60537,1.60533,1.605345,-1.0,-1.0,-1
1.605345,1.60535,1.60533,1.60533,-1.0,-1.0,-1
1.60533,1.605385,1.6053,1.60531,-1.0,-1.0,-1
1.60531,1.605355,1.605305,1.60535,-1.0,-1.0,-1
1.60535,1.60535,1.605305,1.605305,-1.0,-1.0,-1
1.605305,1.60532,1.6053,1.6053,-1.0,-1.0,-1
1.6053,1.60533,1.6053,1.60532,-1.0,-1.0,-1
1.60532,1.60533,1.605305,1.60531,-1.0,-1.0,-1
1.60531,1.60531,1.605305,1.605305,-1.0,-1.0,-1
1.605305,1.605305,1.605225,1.60523,-1.0,-1.0,-1
1.60523,1.605245,1.60522,1.60522,-1.0,-1.0,-1
1.60522,1.605285,1.60522,1.605275,-1.0,-1.0,-1
1.605275,1.60528,1.605255,1.605275,-1.0,-1.0,-1
1.605275,1.60528,1.60517,1.60518,-1.0,-1.0,-1
1.60518,1.605205,1.60517,1.605205,-1.0,-1.0,-1
1.605205,1.60522,1.605205,1.60521,-1.0,-1.0,-1
1.60521,1.60529,1.6052,1.605285,-1.0,-1.0,-1
1.605285,1.605295,1.605275,1.60528,-1.0,-1.0,-1
1.60528,1.605315,1.60528,1.60531,-1.0,-1.0,-1
1.60531,1.60533,1.60531,1.60532,-1.0,-1.0,-1
1.60532,1.605325,1.605315,1.605315,-1.0,-1.0,-1
1.605315,1.60537,1.605315,1.60536,-1.0,-1.0,-1
1.60536,1.60536,1.60535,1.60536,-1.0,-1.0,-1
1.60536,1.605365,1.605335,1.605335,-1.0,-1.0,-1
1.605335,1.60536,1.605335,1.60534,-1.0,-1.0,-1
1.60534,1.605395,1.60534,1.60535,-1.0,-1.0,-1
1.60535,1.60535,1.605295,1.605345,-1.0,-1.0,-1
1.605345,1.605345,1.60534,1.60534,-1.0,-1.0,-1
1.60534,1.60534,1.60529,1.605305,-1.0,-1.0,-1
1.605305,1.605305,1.605175,1.60518,-1.0,-1.0,-1
1.60518,1.60524,1.605165,1.60523,-1.0,-1.0,-1
1.60523,1.605245,1.60523,1.605245,-1.0,-1.0,-1
1.605245,1.60527,1.60524,1.60525,-1.0,-1.0,-1
1.60525,1.60526,1.60523,1.60523,-1.0,-1.0,-1
1.60523,1.605245,1.60523,1.60523,-1.0,-1.0,-1
1.60523,1.605235,1.60522,1.605225,-1.0,-1.0,-1
1.605225,1.605235,1.60522,1.60523,-1.0,-1.0,-1
1.60523,1.60524,1.60521,1.60521,-1.0,-1.0,-1
1.60521,1.60524,1.60521,1.60522,-1.0,-1.0,-1
1.60522,1.605235,1.60516,1.60516,-1.0,-1.0,-1
1.60516,1.60519,1.60515,1.605155,-1.0,-1.0,-1
1.605155,1.605175,1.605155,1.60517,-1.0,-1.0,-1
1.60517,1.605185,1.605165,1.605165,-1.0,-1.0,-1
1.605165,1.60517,1.605165,1.60517,-1.0,-1.0,-1
1.60517,1.605195,1.60516,1.60516,-1.0,-1.0,-1
1.60516,1.605165,1.605085,1.60509,-1.0,-1.0,-1
1.60509,1.60509,1.605085,1.605085,-1.0,-1.0,-1
1.605085,1.6051,1.60508,1.605085,-1.0,-1.0,-1
1.605085,1.605125,1.60508,1.605115,-1.0,-1.0,-1
1.605115,1.60513,1.60511,1.60513,-1.0,-1.0,-1
1.60513,1.605145,1.60512,1.60512,-1.0,-1.0,-1
1.60512,1.60515,1.60512,1.60515,-1.0,-1.0,-1
1.60515,1.605155,1.605085,1.605115,-1.0,-1.0,-1
1.605115,1.605145,1.605115,1.605115,-1.0,-1.0,-1
1.605115,1.60516,1.60511,1.605115,-1.0,-1.0,-1
1.605115,1.605115,1.60498,1.60498,-1.0,-1.0,-1
1.60498,1.60503,1.60497,1.60501,-1.0,-1.0,-1
1.60501,1.605055,1.60501,1.60503,-1.0,-1.0,-1
1.60503,1.605075,1.60503,1.605075,-1.0,-1.0,-1
1.605075,1.60508,1.605065,1.605075,-1.0,-1.0,-1
1.605075,1.605075,1.60506,1.605065,-1.0,-1.0,-1
1.605065,1.605105,1.605055,1.605085,-1.0,-1.0,-1
1.605085,1.60511,1.605065,1.605065,-1.0,-1.0,-1
1.605065,1.605065,1.605035,1.605035,-1.0,-1.0,-1
1.605035,1.60505,1.605035,1.60504,-1.0,-1.0,-1
1.60504,1.60505,1.60501,1.605025,-1.0,-1.0,-1
1.605025,1.605025,1.605005,1.605005,-1.0,-1.0,-1
1.605005,1.605035,1.605005,1.605005,-1.0,-1.0,-1
1.605005,1.60502,1.605005,1.605005,-1.0,-1.0,-1
1.605005,1.605005,1.60492,1.604935,-1.0,-1.0,-1
1.604935,1.604965,1.604935,1.604945,-1.0,-1.0,-1
1.604945,1.60496,1.604945,1.60495,-1.0,-1.0,-1
1.60495,1.604965,1.604905,1.60492,-1.0,-1.0,-1
1.60492,1.604935,1.60489,1.604895,-1.0,-1.0,-1
1.604895,1.604935,1.604895,1.604915,-1.0,-1.0,-1
1.604915,1.60493,1.604915,1.60492,-1.0,-1.0,-1
1.60492,1.60499,1.6049,1.604915,-1.0,-1.0,-1
1.604915,1.604945,1.60491,1.604935,-1.0,-1.0,-1
1.604935,1.604935,1.604885,1.604885,-1.0,-1.0,-1
1.604885,1.60492,1.60487,1.604905,-1.0,-1.0,-1
1.604905,1.605015,1.604905,1.604965,-1.0,-1.0,-1
1.604965,1.60498,1.60491,1.60494,-1.0,-1.0,-1
1.60494,1.60494,1.6049,1.60491,-1.0,-1.0,-1
1.60491,1.604935,1.6049,1.60491,-1.0,-1.0,-1
1.60491,1.604935,1.60491,1.604925,-1.0,-1.0,-1
1.604925,1.604945,1.604915,1.604945,-1.0,-1.0,-1
1.604945,1.60495,1.604935,1.60494,-1.0,-1.0,-1
1.60494,1.60498,1.604935,1.60497,-1.0,-1.0,-1
1.60497,1.605005,1.604965,1.605005,-1.0,-1.0,-1
1.605005,1.605005,1.605,1.605005,-1.0,-1.0,-1
1.605005,1.605005,1.604965,1.604965,-1.0,-1.0,-1
1.604965,1.60497,1.604915,1.604925,-1.0,-1.0,-1
1.604925,1.604935,1.60491,1.604915,-1.0,-1.0,-1
1.604915,1.60493,1.60489,1.60489,-1.0,-1.0,-1
1.60489,1.6049,1.60488,1.604895,-1.0,-1.0,-1
1.604895,1.60493,1.60489,1.604925,-1.0,-1.0,-1
1.604925,1.604935,1.604895,1.6049,-1.0,-1.0,-1
1.6049,1.604905,1.604895,1.604895,-1.0,-1.0,-1
1.604895,1.60498,1.604895,1.60498,-1.0,-1.0,-1
1.60498,1.605,1.60498,1.604995,-1.0,-1.0,-1
1.604995,1.605005,1.60496,1.604975,-1.0,-1.0,-1
1.604975,1.605035,1.604965,1.605015,-1.0,-1.0,-1
1.605015,1.605015,1.604935,1.604935,-1.0,-1.0,-1
1.604935,1.60496,1.604915,1.60495,-1.0,-1.0,-1
1.60495,1.605005,1.604945,1.605,-1.0,-1.0,-1
1.605,1.605005,1.604995,1.604995,-1.0,-1.0,-1
1.604995,1.60503,1.60499,1.604995,-1.0,-1.0,-1
1.604995,1.605015,1.60497,1.604995,-1.0,-1.0,-1
1.604995,1.60501,1.604995,1.60501,-1.0,-1.0,-1
1.60501,1.60501,1.60496,1.60498,-1.0,-1.0,-1
1.60498,1.60498,1.604905,1.604925,-1.0,-1.0,-1
1.604925,1.60493,1.60489,1.60489,-1.0,-1.0,-1
1.60489,1.6049,1.60484,1.60485,-1.0,-1.0,-1
1.60485,1.604915,1.60485,1.60489,-1.0,-1.0,-1
1.60489,1.604905,1.604855,1.60486,-1.0,-1.0,-1
1.60486,1.60488,1.60484,1.60485,-1.0,-1.0,-1
1.60485,1.60485,1.604805,1.60484,-1.0,-1.0,-1
1.60484,1.604865,1.604815,1.604855,-1.0,-1.0,-1
1.604855,1.60486,1.60477,1.604785,-1.0,-1.0,-1
1.604785,1.6048,1.604725,1.604735,-1.0,-1.0,-1
1.604735,1.604745,1.604665,1.604695,-1.0,-1.0,-1
1.604695,1.60474,1.604665,1.60468,-1.0,-1.0,-1
1.60468,1.604745,1.604675,1.604745,-1.0,-1.0,-1
1.604745,1.60481,1.604735,1.604785,-1.0,-1.0,-1
1.604785,1.604865,1.604785,1.60484,-1.0,-1.0,-1
1.60484,1.60487,1.60483,1.604845,-1.0,-1.0,-1
1.604845,1.60491,1.604845,1.604885,-1.0,-1.0,-1
1.604885,1.604895,1.604835,1.604835,-1.0,-1.0,-1
1.604835,1.604855,1.604815,1.60484,-1.0,-1.0,-1
1.60484,1.604855,1.60484,1.60484,-1.0,-1.0,-1
1.60484,1.604855,1.604795,1.604795,-1.0,-1.0,-1
1.604795,1.604815,1.60476,1.60476,-1.0,-1.0,-1
1.60476,1.60479,1.604755,1.60476,-1.0,-1.0,-1
1.60476,1.604795,1.604675,1.6047,-1.0,-1.0,-1
1.6047,1.604715,1.604675,1.60469,-1.0,-1.0,-1
1.60469,1.60472,1.604675,1.60469,-1.0,-1.0,-1
1.60469,1.60475,1.60467,1.6047,-1.0,-1.0,-1
1.6047,1.60472,1.604695,1.604705,-1.0,-1.0,-1
1.604705,1.60472,1.604695,1.604695,-1.0,-1.0,-1
1.604695,1.604715,1.60467,1.604685,-1.0,-1.0,-1
1.604685,1.604715,1.60465,1.604665,-1.0,-1.0,-1
1.604665,1.60468,1.604655,1.60466,-1.0,-1.0,-1
1.60466,1.60466,1.604635,1.604635,-1.0,-1.0,-1
1.604635,1.604695,1.604625,1.60464,-1.0,-1.0,-1
1.60464,1.60464,1.604625,1.604625,-1.0,-1.0,-1
1.604625,1.604635,1.60462,1.604625,-1.0,-1.0,-1
1.604625,1.60465,1.60456,1.604635,-1.0,-1.0,-1
1.604635,1.60468,1.604635,1.60465,-1.0,-1.0,-1
1.60465,1.60468,1.60463,1.60463,-1.0,-1.0,-1
1.60463,1.604635,1.60462,1.60462,-1.0,-1.0,-1
1.60462,1.604635,1.60458,1.60458,-1.0,-1.0,-1
1.60458,1.60459,1.604575,1.60458,-1.0,-1.0,-1
1.60458,1.60458,1.60458,1.60458,-1.0,-1.0,-1
1.60458,1.604635,1.60458,1.604625,-1.0,-1.0,-1
1.604625,1.604675,1.604625,1.60463,-1.0,-1.0,-1
1.60463,1.60464,1.60459,1.60459,-1.0,-1.0,-1
1.60459,1.60464,1.60459,1.60464,-1.0,-1.0,-1
1.60464,1.60465,1.60463,1.60463,-1.0,-1.0,-1
1.60463,1.60464,1.60463,1.604635,-1.0,-1.0,-1
1.604635,1.604675,1.60463,1.604675,-1.0,-1.0,-1
1.604675,1.604685,1.604675,1.604685,-1.0,-1.0,-1
1.604685,1.604755,1.604685,1.604755,-1.0,-1.0,-1
1.604755,1.604755,1.60471,1.604715,-1.0,-1.0,-1
1.604715,1.60475,1.60471,1.60475,-1.0,-1.0,-1
1.60475,1.604765,1.6047,1.6047,-1.0,-1.0,-1
1.6047,1.60471,1.604695,1.6047,-1.0,-1.0,-1
1.6047,1.60471,1.604665,1.60467,-1.0,-1.0,-1
1.60467,1.60469,1.604665,1.60467,-1.0,-1.0,-1
1.60467,1.60468,1.604655,1.60467,-1.0,-1.0,-1
1.60467,1.604705,1.60467,1.604685,-1.0,-1.0,-1
1.604685,1.604685,1.604645,1.60466,-1.0,-1.0,-1
1.60466,1.604675,1.6046,1.6046,-1.0,-1.0,-1
1.6046,1.60465,1.604595,1.60464,-1.0,-1.0,-1
1.60464,1.604675,1.604635,1.604665,-1.0,-1.0,-1
1.604665,1.60467,1.604635,1.604645,-1.0,-1.0,-1
1.604645,1.604645,1.604595,1.6046,-1.0,-1.0,-1
1.6046,1.6046,1.6046,1.6046,-1.0,-1.0,-1
1.6046,1.60462,1.604585,1.604615,-1.0,-1.0,-1
1.604615,1.60463,1.604595,1.6046,-1.0,-1.0,-1
1.6046,1.604635,1.604595,1.60463,-1.0,-1.0,-1
1.60463,1.604645,1.60462,1.604645,-1.0,-1.0,-1
1.604645,1.60465,1.604635,1.604635,-1.0,-1.0,-1
1.604635,1.604635,1.60463,1.60463,-1.0,-1.0,-1
1.60463,1.604665,1.60461,1.60461,-1.0,-1.0,-1
1.60461,1.60461,1.604595,1.6046,-1.0,-1.0,-1
1.6046,1.604625,1.604595,1.60461,-1.0,-1.0,-1
1.60461,1.604615,1.60456,1.604565,-1.0,-1.0,-1
1.604565,1.60458,1.60455,1.60457,-1.0,-1.0,-1
1.60457,1.60457,1.604495,1.604515,-1.0,-1.0,-1
1.604515,1.60454,1.604515,1.604535,-1.0,-1.0,-1
1.604535,1.60454,1.604445,1.604445,-1.0,-1.0,-1
1.604445,1.604495,1.604445,1.604465,-1.0,-1.0,-1
1.604465,1.604485,1.604465,1.604465,-1.0,-1.0,-1
1.604465,1.604505,1.60446,1.60448,-1.0,-1.0,-1
1.60448,1.60458,1.60448,1.604575,-1.0,-1.0,-1
1.604575,1.60463,1.60456,1.60462,-1.0,-1.0,-1
1.60462,1.60471,1.60462,1.604685,-1.0,-1.0,-1
1.604685,1.604705,1.604685,1.6047,-1.0,-1.0,-1
1.6047,1.604725,1.6047,1.604725,-1.0,-1.0,-1
1.604725,1.60473,1.604725,1.60473,-1.0,-1.0,-1
1.60473,1.60473,1.604705,1.60471,-1.0,-1.0,-1
1.60471,1.60472,1.604695,1.60472,-1.0,-1.0,-1
1.60472,1.60472,1.60466,1.604685,-1.0,-1.0,-1
1.604685,1.6047,1.604675,1.604675,-1.0,-1.0,-1
1.604675,1.60469,1.604675,1.60468,-1.0,-1.0,-1
1.60468,1.6047,1.60466,1.60466,-1.0,-1.0,-1
1.60466,1.60469,1.60466,1.604665,-1.0,-1.0,-1
1.604665,1.60468,1.604665,1.604675,-1.0,-1.0,-1
1.604675,1.6047,1.60466,1.60469,-1.0,-1.0,-1
1.60469,1.60469,1.604645,1.604685,-1.0,-1.0,-1
1.604685,1.604715,1.60468,1.60468,-1.0,-1.0,-1
1.60468,1.60468,1.604635,1.604635,-1.0,-1.0,-1
1.604635,1.60464,1.60459,1.604635,-1.0,-1.0,-1
1.604635,1.604645,1.6046,1.604645,-1.0,-1.0,-1
1.604645,1.60469,1.604645,1.604685,-1.0,-1.0,-1
1.604685,1.604725,1.60468,1.60472,-1.0,-1.0,-1
1.60472,1.60473,1.60468,1.60468,-1.0,-1.0,-1
1.60468,1.6047,1.60467,1.604675,-1.0,-1.0,-1
1.604675,1.604695,1.604655,1.60466,-1.0,-1.0,-1
1.60466,1.60466,1.604645,1.60465,-1.0,-1.0,-1
1.60465,1.604655,1.604625,1.604655,-1.0,-1.0,-1
1.604655,1.60468,1.60465,1.60468,-1.0,-1.0,-1
1.60468,1.60472,1.604675,1.60472,-1.0,-1.0,-1
1.60472,1.604725,1.60472,1.604725,-1.0,-1.0,-1
1.604725,1.60475,1.60472,1.60473,-1.0,-1.0,-1
1.60473,1.60474,1.604725,1.604725,-1.0,-1.0,-1
1.604725,1.60475,1.604715,1.60475,-1.0,-1.0,-1
1.60475,1.60475,1.604735,1.60474,-1.0,-1.0,-1
1.60474,1.60481,1.604735,1.60481,-1.0,-1.0,-1
1.60481,1.60481,1.604725,1.604735,-1.0,-1.0,-1
1.604735,1.604755,1.604675,1.6047,-1.0,-1.0,-1
1.6047,1.604715,1.604695,1.6047,-1.0,-1.0,-1
1.6047,1.604705,1.604635,1.60464,-1.0,-1.0,-1
1.60464,1.604705,1.60462,1.6047,-1.0,-1.0,-1
1.6047,1.604705,1.60463,1.604655,-1.0,-1.0,-1
1.604655,1.604755,1.60464,1.604725,-1.0,-1.0,-1
1.604725,1.604725,1.604645,1.604645,-1.0,-1.0,-1
1.604645,1.60466,1.60459,1.604595,-1.0,-1.0,-1
1.604595,1.604625,1.604555,1.604585,-1.0,-1.0,-1
1.604585,1.604595,1.60455,1.604555,-1.0,-1.0,-1
1.604555,1.60456,1.604545,1.604545,-1.0,-1.0,-1
1.604545,1.604555,1.604525,1.60455,-1.0,-1.0,-1
1.60455,1.604605,1.60452,1.60452,-1.0,-1.0,-1
1.60452,1.604565,1.60449,1.60449,-1.0,-1.0,-1
1.60449,1.604505,1.60448,1.60448,-1.0,-1.0,-1
1.60448,1.604545,1.60448,1.604515,-1.0,-1.0,-1
1.604515,1.604545,1.604455,1.604455,-1.0,-1.0,-1
1.604455,1.604545,1.60442,1.60449,-1.0,-1.0,-1
1.60449,1.6045,1.60446,1.604485,-1.0,-1.0,-1
1.604485,1.60451,1.604435,1.604435,-1.0,-1.0,-1
1.604435,1.604465,1.6044,1.60446,-1.0,-1.0,-1
1.60446,1.604505,1.60445,1.60445,-1.0,-1.0,-1
1.60445,1.604565,1.60445,1.60452,-1.0,-1.0,-1
1.60452,1.604555,1.604435,1.60444,-1.0,-1.0,-1
1.60444,1.604445,1.6044,1.604405,-1.0,-1.0,-1
1.604405,1.604405,1.60431,1.60431,-1.0,-1.0,-1
1.60431,1.60433,1.60427,1.60429,-1.0,-1.0,-1
1.60429,1.604325,1.60428,1.6043,-1.0,-1.0,-1
1.6043,1.604335,1.60429,1.6043,-1.0,-1.0,-1
1.6043,1.604315,1.604255,1.604265,-1.0,-1.0,-1
1.604265,1.604375,1.604265,1.604315,-1.0,-1.0,-1
1.604315,1.604365,1.604315,1.604355,-1.0,-1.0,-1
1.604355,1.6044,1.604355,1.60438,-1.0,-1.0,-1
1.60438,1.60444,1.604375,1.60439,-1.0,-1.0,-1
1.60439,1.604425,1.604375,1.604395,-1.0,-1.0,-1
1.604395,1.604445,1.60437,1.604425,-1.0,-1.0,-1
1.604425,1.604425,1.60433,1.604345,-1.0,-1.0,-1
1.604345,1.60438,1.604345,1.604365,-1.0,-1.0,-1
1.604365,1.60439,1.604355,1.60437,-1.0,-1.0,-1
1.60437,1.60438,1.60436,1.60436,-1.0,-1.0,-1
1.60436,1.60444,1.604355,1.604425,-1.0,-1.0,-1
1.604425,1.60444,1.604415,1.604415,-1.0,-1.0,-1
1.604415,1.604475,1.604415,1.60444,-1.0,-1.0,-1
1.60444,1.604455,1.60444,1.60445,-1.0,-1.0,-1
1.60445,1.60447,1.60444,1.60446,-1.0,-1.0,-1
1.60446,1.60452,1.60445,1.60452,-1.0,-1.0,-1
1.60452,1.60454,1.6045,1.60452,-1.0,-1.0,-1
1.60452,1.60455,1.604515,1.604535,-1.0,-1.0,-1
1.604535,1.60455,1.604525,1.604535,-1.0,-1.0,-1
1.604535,1.604545,1.60452,1.60452,-1.0,-1.0,-1
1.60452,1.60457,1.604495,1.60455,-1.0,-1.0,-1
1.60455,1.60463,1.60453,1.604615,-1.0,-1.0,-1
1.604615,1.60462,1.604535,1.60454,-1.0,-1.0,-1
1.60454,1.60455,1.604535,1.60455,-1.0,-1.0,-1
1.60455,1.60462,1.60455,1.60461,-1.0,-1.0,-1
1.60461,1.604665,1.60461,1.60465,-1.0,-1.0,-1
1.60465,1.60465,1.60453,1.60456,-1.0,-1.0,-1
1.60456,1.604615,1.60455,1.604605,-1.0,-1.0,-1
1.604605,1.60466,1.604605,1.604655,-1.0,-1.0,-1
1.604655,1.60466,1.604595,1.604605,-1.0,-1.0,-1
1.604605,1.604615,1.60454,1.60457,-1.0,-1.0,-1
1.60457,1.60457,1.60448,1.60448,-1.0,-1.0,-1
1.60448,1.604515,1.60448,1.60449,-1.0,-1.0,-1
1.60449,1.604495,1.604425,1.60445,-1.0,-1.0,-1
1.60445,1.60447,1.604435,1.60447,-1.0,-1.0,-1
1.60447,1.604475,1.604455,1.604455,-1.0,-1.0,-1
1.604455,1.60448,1.604445,1.60447,-1.0,-1.0,-1
1.60447,1.604475,1.6044,1.60446,-1.0,-1.0,-1
1.60446,1.60448,1.60445,1.60446,-1.0,-1.0,-1
1.60446,1.604505,1.60446,1.60449,-1.0,-1.0,-1
1.60449,1.604565,1.60449,1.60453,-1.0,-1.0,-1
1.60453,1.604575,1.60453,1.60457,-1.0,-1.0,-1
1.60457,1.604575,1.604515,1.604535,-1.0,-1.0,-1
1.604535,1.604545,1.604385,1.604395,-1.0,-1.0,-1
1.604395,1.60447,1.60437,1.604465,-1.0,-1.0,-1
1.604465,1.604465,1.60443,1.60446,-1.0,-1.0,-1
1.60446,1.604475,1.60445,1.60447,-1.0,-1.0,-1
1.60447,1.604505,1.604455,1.60449,-1.0,-1.0,-1
1.60449,1.60455,1.60448,1.604485,-1.0,-1.0,-1
1.604485,1.6045,1.60447,1.6045,-1.0,-1.0,-1
1.6045,1.604505,1.604455,1.60446,-1.0,-1.0,-1
1.60446,1.604515,1.604445,1.604495,-1.0,-1.0,-1
1.604495,1.604495,1.604465,1.60447,-1.0,-1.0,-1
1.60447,1.60447,1.604375,1.604405,-1.0,-1.0,-1
1.604405,1.604445,1.604375,1.604435,-1.0,-1.0,-1
1.604435,1.604455,1.604435,1.60444,-1.0,-1.0,-1
1.60444,1.604445,1.604365,1.604395,-1.0,-1.0,-1
1.604395,1.604415,1.60436,1.604385,-1.0,-1.0,-1
1.604385,1.60439,1.60434,1.604345,-1.0,-1.0,-1
1.604345,1.60436,1.60434,1.604355,-1.0,-1.0,-1
1.604355,1.60441,1.60435,1.60437,-1.0,-1.0,-1
1.60437,1.60442,1.60435,1.604365,-1.0,-1.0,-1
1.604365,1.604415,1.604355,1.604415,-1.0,-1.0,-1
1.604415,1.60443,1.60441,1.604415,-1.0,-1.0,-1
1.604415,1.60443,1.6044,1.604405,-1.0,-1.0,-1
1.604405,1.60441,1.604325,1.60437,-1.0,-1.0,-1
1.60437,1.604405,1.60437,1.604405,-1.0,-1.0,-1
1.604405,1.604415,1.60437,1.604415,-1.0,-1.0,-1
1.604415,1.604415,1.60437,1.60438,-1.0,-1.0,-1
1.60438,1.60438,1.60436,1.60437,-1.0,-1.0,-1
1.60437,1.60439,1.60436,1.60439,-1.0,-1.0,-1
1.60439,1.60439,1.604365,1.60439,-1.0,-1.0,-1
1.60439,1.60441,1.60438,1.60439,-1.0,-1.0,-1
1.60439,1.6044,1.60434,1.60434,-1.0,-1.0,-1
1.60434,1.60434,1.604275,1.604275,-1.0,-1.0,-1
1.604275,1.60428,1.60416,1.60423,-1.0,-1.0,-1
1.60423,1.60423,1.60423,1.60423,-1.0,-1.0,-1
1.60423,1.60423,1.604155,1.604195,-1.0,-1.0,-1
1.604195,1.60423,1.60412,1.60415,-1.0,-1.0,-1
1.60415,1.60418,1.604115,1.60417,-1.0,-1.0,-1
1.60417,1.604195,1.60417,1.60419,-1.0,-1.0,-1
1.60419,1.604195,1.60411,1.604175,-1.0,-1.0,-1
1.604175,1.604185,1.60417,1.60418,-1.0,-1.0,-1
1.60418,1.604255,1.60418,1.604235,-1.0,-1.0,-1
1.604235,1.604235,1.604205,1.604215,-1.0,-1.0,-1
1.604215,1.604235,1.604195,1.6042,-1.0,-1.0,-1
1.6042,1.6042,1.60412,1.604155,-1.0,-1.0,-1
1.604155,1.604165,1.6041,1.60416,-1.0,-1.0,-1
1.60416,1.60416,1.60413,1.60414,-1.0,-1.0,-1
1.60414,1.604155,1.60412,1.604155,-1.0,-1.0,-1
1.604155,1.604155,1.604085,1.60409,-1.0,-1.0,-1
1.60409,1.604125,1.604055,1.604055,-1.0,-1.0,-1
1.604055,1.604055,1.604005,1.604005,-1.0,-1.0,-1
1.604005,1.60402,1.604005,1.60402,-1.0,-1.0,-1
1.60402,1.60402,1.604,1.604,-1.0,-1.0,-1
1.604,1.604035,1.604,1.60402,-1.0,-1.0,-1
1.60402,1.60405,1.60402,1.604045,-1.0,-1.0,-1
1.604045,1.604075,1.604025,1.60404,-1.0,-1.0,-1
1.60404,1.60405,1.603995,1.604045,-1.0,-1.0,-1
1.604045,1.60405,1.604035,1.604045,-1.0,-1.0,-1
1.604045,1.604075,1.60404,1.604045,-1.0,-1.0,-1
1.604045,1.604145,1.60404,1.604135,-1.0,-1.0,-1
1.604135,1.60415,1.60409,1.60409,-1.0,-1.0,-1
1.60409,1.60415,1.60409,1.60413,-1.0,-1.0,-1
1.60413,1.60413,1.604055,1.60406,-1.0,-1.0,-1
1.60406,1.60406,1.604055,1.60406,-1.0,-1.0,-1
1.60406,1.60408,1.604055,1.604075,-1.0,-1.0,-1
1.604075,1.60411,1.604075,1.60411,-1.0,-1.0,-1
1.60411,1.60411,1.6041,1.60411,-1.0,-1.0,-1
1.60411,1.60411,1.60397,1.60397,-1.0,-1.0,-1
1.60397,1.60401,1.603965,1.604005,-1.0,-1.0,-1
1.604005,1.60403,1.60397,1.60397,-1.0,-1.0,-1
1.60397,1.603985,1.60397,1.60398,-1.0,-1.0,-1
1.60398,1.60405,1.603975,1.604,-1.0,-1.0,-1
1.604,1.60407,1.60397,1.60399,-1.0,-1.0,-1
1.60399,1.60402,1.60398,1.60401,-1.0,-1.0,-1
1.60401,1.60407,1.603985,1.60399,-1.0,-1.0,-1
1.60399,1.604015,1.60397,1.603985,-1.0,-1.0,-1
1.603985,1.603985,1.60392,1.60398,-1.0,-1.0,-1
1.60398,1.60399,1.60396,1.603985,-1.0,-1.0,-1
1.603985,1.604,1.6039,1.6039,-1.0,-1.0,-1
1.6039,1.60394,1.6039,1.60394,-1.0,-1.0,-1
1.60394,1.603985,1.603935,1.603985,-1.0,-1.0,-1
1.603985,1.603985,1.60392,1.60392,-1.0,-1.0,-1
1.60392,1.60393,1.603885,1.603905,-1.0,-1.0,-1
1.603905,1.60393,1.60385,1.60393,-1.0,-1.0,-1
1.60393,1.60393,1.60385,1.60385,-1.0,-1.0,-1
1.60385,1.603855,1.603795,1.603815,-1.0,-1.0,-1
1.603815,1.60386,1.603815,1.60386,-1.0,-1.0,-1
1.60386,1.60387,1.60373,1.60373,-1.0,-1.0,-1
1.60373,1.603795,1.60373,1.603785,-1.0,-1.0,-1
1.603785,1.603845,1.60378,1.603825,-1.0,-1.0,-1
1.603825,1.60388,1.603825,1.603835,-1.0,-1.0,-1
1.603835,1.60386,1.603825,1.60386,-1.0,-1.0,-1
1.60386,1.603905,1.603855,1.60389,-1.0,-1.0,-1
1.60389,1.60394,1.603885,1.6039,-1.0,-1.0,-1
1.6039,1.6039,1.60386,1.603875,-1.0,-1.0,-1
1.603875,1.603925,1.603875,1.603895,-1.0,-1.0,-1
1.603895,1.603945,1.60388,1.603945,-1.0,-1.0,-1
1.603945,1.60403,1.60394,1.603995,-1.0,-1.0,-1
1.603995,1.604075,1.60393,1.60406,-1.0,-1.0,-1
1.60406,1.60409,1.603985,1.60402,-1.0,-1.0,-1
1.60402,1.60424,1.60402,1.60417,-1.0,-1.0,-1
1.60417,1.60437,1.604165,1.60427,-1.0,-1.0,-1
1.60427,1.60434,1.60409,1.604195,-1.0,-1.0,-1
1.604195,1.60421,1.60408,1.604135,-1.0,-1.0,-1
1.604135,1.604365,1.604135,1.60428,-1.0,-1.0,-1
1.60428,1.60431,1.60414,1.604195,-1.0,-1.0,-1
1.604195,1.604375,1.604195,1.60436,-1.0,-1.0,-1
1.60436,1.604365,1.60423,1.60433,-1.0,-1.0,-1
1.60433,1.604565,1.60423,1.604565,-1.0,-1.0,-1
1.604565,1.60473,1.60455,1.604675,-1.0,-1.0,-1
1.604675,1.604735,1.604545,1.604585,-1.0,-1.0,-1
1.604585,1.604835,1.60456,1.60476,-1.0,-1.0,-1
1.60476,1.60476,1.60448,1.60453,-1.0,-1.0,-1
1.60453,1.604565,1.6045,1.604545,-1.0,-1.0,-1
1.604545,1.604545,1.60437,1.60439,-1.0,-1.0,-1
1.60439,1.604455,1.60424,1.604255,-1.0,-1.0,-1
1.604255,1.60428,1.604195,1.60422,-1.0,-1.0,-1
1.60422,1.60433,1.60421,1.604275,-1.0,-1.0,-1
1.604275,1.604295,1.60421,1.604215,-1.0,-1.0,-1
1.604215,1.604225,1.60415,1.60422,-1.0,-1.0,-1
1.60422,1.60422,1.60413,1.604135,-1.0,-1.0,-1
1.604135,1.604245,1.60413,1.60422,-1.0,-1.0,-1
1.60422,1.604385,1.6042,1.604285,-1.0,-1.0,-1
1.604285,1.6043,1.60418,1.60418,-1.0,-1.0,-1
1.60418,1.60421,1.60413,1.604135,-1.0,-1.0,-1
1.604135,1.60416,1.604085,1.604085,-1.0,-1.0,-1
1.604085,1.60411,1.604065,1.604065,-1.0,-1.0,-1
1.604065,1.604165,1.604065,1.604125,-1.0,-1.0,-1
1.604125,1.60417,1.604115,1.60415,-1.0,-1.0,-1
1.60415,1.604195,1.60407,1.604175,-1.0,-1.0,-1
1.604175,1.604235,1.6041,1.60419,-1.0,-1.0,-1
1.60419,1.60435,1.60416,1.604285,-1.0,-1.0,-1
1.604285,1.604505,1.604265,1.604425,-1.0,-1.0,-1
1.604425,1.60447,1.604365,1.60441,-1.0,-1.0,-1
1.60441,1.60445,1.60438,1.604415,-1.0,-1.0,-1
1.604415,1.60442,1.60432,1.60432,-1.0,-1.0,-1
1.60432,1.60458,1.604315,1.604555,-1.0,-1.0,-1
1.604555,1.604555,1.60442,1.6045,-1.0,-1.0,-1
1.6045,1.60453,1.60439,1.60441,-1.0,-1.0,-1
1.60441,1.60443,1.604335,1.604345,-1.0,-1.0,-1
1.604345,1.60441,1.604335,1.60438,-1.0,-1.0,-1
1.60438,1.604395,1.60429,1.60431,-1.0,-1.0,-1
1.60431,1.604365,1.604305,1.604305,-1.0,-1.0,-1
1.604305,1.604315,1.60417,1.6042,-1.0,-1.0,-1
1.6042,1.60428,1.604155,1.60419,-1.0,-1.0,-1
1.60419,1.60422,1.60414,1.6042,-1.0,-1.0,-1
1.6042,1.60443,1.6042,1.60433,-1.0,-1.0,-1
1.60433,1.604345,1.60429,1.60433,-1.0,-1.0,-1
1.60433,1.60434,1.604255,1.604255,-1.0,-1.0,-1
1.604255,1.604295,1.60423,1.60427,-1.0,-1.0,-1
1.60427,1.604415,1.60427,1.60439,-1.0,-1.0,-1
1.60439,1.60439,1.604265,1.604265,-1.0,-1.0,-1
1.604265,1.60427,1.60418,1.60419,-1.0,-1.0,-1
1.60419,1.604215,1.604165,1.604185,-1.0,-1.0,-1
1.604185,1.604225,1.604135,1.60415,-1.0,-1.0,-1
1.60415,1.60417,1.60412,1.60417,-1.0,-1.0,-1
1.60417,1.60417,1.60411,1.604125,-1.0,-1.0,-1
1.604125,1.604145,1.604095,1.60411,-1.0,-1.0,-1
1.60411,1.60411,1.60405,1.60406,-1.0,-1.0,-1
1.60406,1.60406,1.603995,1.60401,-1.0,-1.0,-1
1.60401,1.604015,1.603965,1.60397,-1.0,-1.0,-1
1.60397,1.60404,1.60397,1.604025,-1.0,-1.0,-1
1.604025,1.604255,1.60401,1.60419,-1.0,-1.0,-1
1.60419,1.6042,1.60412,1.604135,-1.0,-1.0,-1
1.604135,1.60423,1.604095,1.604095,-1.0,-1.0,-1
1.604095,1.604185,1.604065,1.60418,-1.0,-1.0,-1
1.60418,1.604185,1.60403,1.60404,-1.0,-1.0,-1
1.60404,1.60408,1.604025,1.60408,-1.0,-1.0,-1
1.60408,1.604125,1.604075,1.604075,-1.0,-1.0,-1
1.604075,1.604085,1.604015,1.604075,-1.0,-1.0,-1
1.604075,1.6041,1.60403,1.604035,-1.0,-1.0,-1
1.604035,1.604065,1.60403,1.604035,-1.0,-1.0,-1
1.604035,1.604055,1.60401,1.60402,-1.0,-1.0,-1
1.60402,1.60403,1.60397,1.60398,-1.0,-1.0,-1
1.60398,1.60402,1.60398,1.60402,-1.0,-1.0,-1
1.60402,1.60402,1.60402,1.60402,-1.0,-1.0,-1
1.60402,1.604065,1.60402,1.60403,-1.0,-1.0,-1
1.60403,1.60407,1.604025,1.604065,-1.0,-1.0,-1
1.604065,1.604075,1.604025,1.604065,-1.0,-1.0,-1
1.604065,1.604065,1.603895,1.603945,-1.0,-1.0,-1
1.603945,1.603985,1.603875,1.603975,-1.0,-1.0,-1
1.603975,1.604,1.60393,1.60397,-1.0,-1.0,-1
1.60397,1.60412,1.603965,1.604,-1.0,-1.0,-1
1.604,1.60404,1.603975,1.60403,-1.0,-1.0,-1
1.60403,1.60404,1.603915,1.603965,-1.0,-1.0,-1
1.603965,1.60398,1.60395,1.60397,-1.0,-1.0,-1
1.60397,1.60404,1.603935,1.60397,-1.0,-1.0,-1
1.60397,1.603975,1.603895,1.60391,-1.0,-1.0,-1
1.60391,1.60398,1.603855,1.60398,-1.0,-1.0,-1
1.60398,1.604035,1.603965,1.604005,-1.0,-1.0,-1
1.604005,1.60405,1.60399,1.60405,-1.0,-1.0,-1
1.60405,1.60411,1.604025,1.60406,-1.0,-1.0,-1
1.60406,1.604065,1.603975,1.603995,-1.0,-1.0,-1
1.603995,1.60405,1.603985,1.60402,-1.0,-1.0,-1
1.60402,1.604045,1.603995,1.60404,-1.0,-1.0,-1
1.60404,1.60404,1.60402,1.60402,-1.0,-1.0,-1
1.60402,1.60406,1.60401,1.60401,-1.0,-1.0,-1
1.60401,1.60403,1.60399,1.60402,-1.0,-1.0,-1
1.60402,1.60402,1.60398,1.60399,-1.0,-1.0,-1
1.60399,1.604015,1.60399,1.603995,-1.0,-1.0,-1
1.603995,1.604015,1.603975,1.603985,-1.0,-1.0,-1
1.603985,1.604035,1.60398,1.60398,-1.0,-1.0,-1
1.60398,1.604095,1.60398,1.60409,-1.0,-1.0,-1
1.60409,1.60412,1.60409,1.604095,-1.0,-1.0,-1
1.604095,1.60419,1.60406,1.604125,-1.0,-1.0,-1
1.604125,1.604195,1.604115,1.60419,-1.0,-1.0,-1
1.60419,1.6042,1.60407,1.60407,-1.0,-1.0,-1
1.60407,1.6041,1.604065,1.604085,-1.0,-1.0,-1
1.604085,1.604125,1.604025,1.60412,-1.0,-1.0,-1
1.60412,1.604135,1.60409,1.604105,-1.0,-1.0,-1
1.604105,1.60415,1.604105,1.60414,-1.0,-1.0,-1
1.60414,1.604165,1.60413,1.604155,-1.0,-1.0,-1
1.604155,1.60418,1.60411,1.60414,-1.0,-1.0,-1
1.60414,1.60414,1.6041,1.60412,-1.0,-1.0,-1
1.60412,1.604155,1.604095,1.604145,-1.0,-1.0,-1
1.604145,1.60415,1.604095,1.604095,-1.0,-1.0,-1
1.604095,1.604105,1.60403,1.60408,-1.0,-1.0,-1
1.60408,1.604095,1.60401,1.60405,-1.0,-1.0,-1
1.60405,1.604075,1.604,1.604035,-1.0,-1.0,-1
1.604035,1.604035,1.60398,1.60398,-1.0,-1.0,-1
1.60398,1.603985,1.6039,1.603935,-1.0,-1.0,-1
1.603935,1.603955,1.603915,1.603915,-1.0,-1.0,-1
1.603915,1.603975,1.603915,1.60396,-1.0,-1.0,-1
1.60396,1.603995,1.60395,1.603965,-1.0,-1.0,-1
1.603965,1.60404,1.603965,1.60404,-1.0,-1.0,-1
1.60404,1.60412,1.60401,1.60412,-1.0,-1.0,-1
1.60412,1.60412,1.6041,1.60411,-1.0,-1.0,-1
1.60411,1.60414,1.6041,1.604105,-1.0,-1.0,-1
1.604105,1.60422,1.604105,1.60418,-1.0,-1.0,-1
1.60418,1.604185,1.6041,1.6041,-1.0,-1.0,-1
1.6041,1.6041,1.604035,1.604075,-1.0,-1.0,-1
1.604075,1.60415,1.604075,1.604145,-1.0,-1.0,-1
1.604145,1.60417,1.60413,1.60417,-1.0,-1.0,-1
1.60417,1.60417,1.604165,1.604165,-1.0,-1.0,-1
1.604165,1.60419,1.604115,1.604185,-1.0,-1.0,-1
1.604185,1.60421,1.604145,1.604175,-1.0,-1.0,-1
1.604175,1.60418,1.60412,1.604155,-1.0,-1.0,-1
1.604155,1.604175,1.604155,1.604155,-1.0,-1.0,-1
1.604155,1.60421,1.604155,1.6042,-1.0,-1.0,-1
1.6042,1.604215,1.604195,1.60421,-1.0,-1.0,-1
1.60421,1.604225,1.60415,1.604165,-1.0,-1.0,-1
1.604165,1.604195,1.604155,1.604155,-1.0,-1.0,-1
1.604155,1.604155,1.604135,1.60414,-1.0,-1.0,-1
1.60414,1.60427,1.60414,1.604255,-1.0,-1.0,-1
1.604255,1.604255,1.60419,1.60419,-1.0,-1.0,-1
1.60419,1.60419,1.60418,1.60419,-1.0,-1.0,-1
1.60419,1.604205,1.60415,1.604155,-1.0,-1.0,-1
1.604155,1.604195,1.604125,1.604145,-1.0,-1.0,-1
1.604145,1.604195,1.60411,1.60419,-1.0,-1.0,-1
1.60419,1.6042,1.60417,1.604195,-1.0,-1.0,-1
1.604195,1.604205,1.60417,1.604185,-1.0,-1.0,-1
1.604185,1.60423,1.604155,1.60423,-1.0,-1.0,-1
1.60423,1.60423,1.60406,1.604085,-1.0,-1.0,-1
1.604085,1.60409,1.604075,1.604075,-1.0,-1.0,-1
1.604075,1.604145,1.604075,1.604145,-1.0,-1.0,-1
1.604145,1.604145,1.60414,1.60414,-1.0,-1.0,-1
1.60414,1.60415,1.60412,1.60413,-1.0,-1.0,-1
1.60413,1.60416,1.604115,1.604155,-1.0,-1.0,-1
1.604155,1.604215,1.604145,1.604215,-1.0,-1.0,-1
1.604215,1.604235,1.6042,1.604235,-1.0,-1.0,-1
1.604235,1.604295,1.604235,1.604295,-1.0,-1.0,-1
1.604295,1.604295,1.604275,1.604275,-1.0,-1.0,-1
1.604275,1.60435,1.604275,1.604345,-1.0,-1.0,-1
1.604345,1.604365,1.60433,1.60433,-1.0,-1.0,-1
1.60433,1.604385,1.60432,1.604355,-1.0,-1.0,-1
1.604355,1.604395,1.60435,1.604395,-1.0,-1.0,-1
1.604395,1.604415,1.604375,1.6044,-1.0,-1.0,-1
1.6044,1.60446,1.6044,1.60445,-1.0,-1.0,-1
1.60445,1.604505,1.60445,1.604505,-1.0,-1.0,-1
1.604505,1.604585,1.604505,1.60456,-1.0,-1.0,-1
1.60456,1.60456,1.604495,1.604515,-1.0,-1.0,-1
1.604515,1.604525,1.60449,1.604505,-1.0,-1.0,-1
1.604505,1.60455,1.604505,1.604525,-1.0,-1.0,-1
1.604525,1.60456,1.60452,1.60453,-1.0,-1.0,-1
1.60453,1.604605,1.60453,1.604605,-1.0,-1.0,-1
1.604605,1.604605,1.60455,1.604565,-1.0,-1.0,-1
1.604565,1.6046,1.60454,1.60457,-1.0,-1.0,-1
1.60457,1.604625,1.604555,1.604585,-1.0,-1.0,-1
1.604585,1.604605,1.604575,1.604575,-1.0,-1.0,-1
1.604575,1.604625,1.60455,1.604565,-1.0,-1.0,-1
1.604565,1.604625,1.60453,1.60462,-1.0,-1.0,-1
1.60462,1.60463,1.60461,1.60462,-1.0,-1.0,-1
1.60462,1.604625,1.604575,1.60458,-1.0,-1.0,-1
1.60458,1.60458,1.60456,1.60457,-1.0,-1.0,-1
1.60457,1.60459,1.60447,1.60452,-1.0,-1.0,-1
1.60452,1.60455,1.604485,1.60452,-1.0,-1.0,-1
1.60452,1.604545,1.6045,1.60454,-1.0,-1.0,-1
1.60454,1.604545,1.604515,1.60452,-1.0,-1.0,-1
1.60452,1.60452,1.6044,1.60441,-1.0,-1.0,-1
1.60441,1.60446,1.60437,1.60445,-1.0,-1.0,-1
1.60445,1.60452,1.60443,1.604435,-1.0,-1.0,-1
1.604435,1.60444,1.60435,1.60436,-1.0,-1.0,-1
1.60436,1.60439,1.6043,1.604305,-1.0,-1.0,-1
1.604305,1.60431,1.60419,1.604225,-1.0,-1.0,-1
1.604225,1.60423,1.604195,1.60421,-1.0,-1.0,-1
1.60421,1.604245,1.604195,1.604195,-1.0,-1.0,-1
1.604195,1.604205,1.604105,1.60411,-1.0,-1.0,-1
1.60411,1.604175,1.604095,1.604125,-1.0,-1.0,-1
1.604125,1.604205,1.60411,1.604205,-1.0,-1.0,-1
1.604205,1.60428,1.604195,1.60427,-1.0,-1.0,-1
1.60427,1.604275,1.60423,1.604255,-1.0,-1.0,-1
1.604255,1.60427,1.604245,1.60425,-1.0,-1.0,-1
1.60425,1.60426,1.60423,1.60424,-1.0,-1.0,-1
1.60424,1.604285,1.604225,1.604225,-1.0,-1.0,-1
1.604225,1.604235,1.60419,1.604205,-1.0,-1.0,-1
1.604205,1.60421,1.60418,1.60419,-1.0,-1.0,-1
1.60419,1.604205,1.60419,1.6042,-1.0,-1.0,-1
1.6042,1.60422,1.604185,1.604185,-1.0,-1.0,-1
1.604185,1.60419,1.60407,1.60407,-1.0,-1.0,-1
1.60407,1.60407,1.604065,1.604065,-1.0,-1.0,-1
1.604065,1.604065,1.604045,1.60406,-1.0,-1.0,-1
1.60406,1.604145,1.60406,1.604135,-1.0,-1.0,-1
1.604135,1.604155,1.60411,1.60412,-1.0,-1.0,-1
1.60412,1.60415,1.604095,1.604145,-1.0,-1.0,-1
1.604145,1.604165,1.60411,1.60413,-1.0,-1.0,-1
1.60413,1.60414,1.60402,1.604055,-1.0,-1.0,-1
1.604055,1.60407,1.604035,1.604065,-1.0,-1.0,-1
1.604065,1.6041,1.604055,1.60409,-1.0,-1.0,-1
1.60409,1.604125,1.60408,1.60411,-1.0,-1.0,-1
1.60411,1.604125,1.60409,1.60409,-1.0,-1.0,-1
1.60409,1.604125,1.604085,1.604125,-1.0,-1.0,-1
1.604125,1.60413,1.604095,1.604095,-1.0,-1.0,-1
1.604095,1.60414,1.604095,1.60414,-1.0,-1.0,-1
1.60414,1.60416,1.60414,1.604155,-1.0,-1.0,-1
1.604155,1.604155,1.6041,1.604145,-1.0,-1.0,-1
1.604145,1.604175,1.604145,1.604175,-1.0,-1.0,-1
1.604175,1.604175,1.604155,1.60416,-1.0,-1.0,-1
1.60416,1.604165,1.6041,1.60413,-1.0,-1.0,-1
1.60413,1.604185,1.60412,1.604185,-1.0,-1.0,-1
1.604185,1.604215,1.60418,1.60419,-1.0,-1.0,-1
1.60419,1.604195,1.604095,1.60415,-1.0,-1.0,-1
1.60415,1.604255,1.60415,1.604235,-1.0,-1.0,-1
1.604235,1.60427,1.60421,1.60423,-1.0,-1.0,-1
1.60423,1.60423,1.60414,1.604165,-1.0,-1.0,-1
1.604165,1.604195,1.60414,1.604155,-1.0,-1.0,-1
1.604155,1.60416,1.60412,1.604125,-1.0,-1.0,-1
1.604125,1.604155,1.60412,1.604155,-1.0,-1.0,-1
1.604155,1.60421,1.604155,1.60417,-1.0,-1.0,-1
1.60417,1.60418,1.604155,1.604175,-1.0,-1.0,-1
1.604175,1.604225,1.604165,1.604195,-1.0,-1.0,-1
1.604195,1.6042,1.60415,1.604165,-1.0,-1.0,-1
1.604165,1.60423,1.60415,1.60423,-1.0,-1.0,-1
1.60423,1.60424,1.60422,1.60423,-1.0,-1.0,-1
1.60423,1.604245,1.604205,1.60422,-1.0,-1.0,-1
1.60422,1.604225,1.604195,1.60422,-1.0,-1.0,-1
1.60422,1.60428,1.604195,1.60428,-1.0,-1.0,-1
1.60428,1.6043,1.60426,1.60426,-1.0,-1.0,-1
1.60426,1.60431,1.60426,1.604305,-1.0,-1.0,-1
1.604305,1.60433,1.604255,1.60433,-1.0,-1.0,-1
1.60433,1.60436,1.60432,1.604355,-1.0,-1.0,-1
1.604355,1.6044,1.60435,1.60439,-1.0,-1.0,-1
1.60439,1.60439,1.604305,1.604315,-1.0,-1.0,-1
1.604315,1.604365,1.6043,1.604355,-1.0,-1.0,-1
1.604355,1.60439,1.60433,1.604355,-1.0,-1.0,-1
1.604355,1.604365,1.604275,1.6043,-1.0,-1.0,-1
1.6043,1.604345,1.604285,1.60433,-1.0,-1.0,-1
1.60433,1.604365,1.604315,1.60435,-1.0,-1.0,-1
1.60435,1.604425,1.604345,1.60442,-1.0,-1.0,-1
1.60442,1.60443,1.60438,1.604385,-1.0,-1.0,-1
1.604385,1.604385,1.60434,1.60435,-1.0,-1.0,-1
1.60435,1.604355,1.60429,1.604305,-1.0,-1.0,-1
1.604305,1.60431,1.60425,1.60425,-1.0,-1.0,-1
1.60425,1.604315,1.604235,1.60431,-1.0,-1.0,-1
1.60431,1.60436,1.604305,1.60434,-1.0,-1.0,-1
1.60434,1.604365,1.604305,1.604305,-1.0,-1.0,-1
1.604305,1.604325,1.604305,1.604315,-1.0,-1.0,-1
1.604315,1.604335,1.604315,1.60433,-1.0,-1.0,-1
1.60433,1.60433,1.6043,1.604305,-1.0,-1.0,-1
1.604305,1.604405,1.604305,1.604395,-1.0,-1.0,-1
1.604395,1.60445,1.60438,1.604415,-1.0,-1.0,-1
1.604415,1.604435,1.60438,1.6044,-1.0,-1.0,-1
1.6044,1.604425,1.60439,1.604415,-1.0,-1.0,-1
1.604415,1.604435,1.60438,1.604385,-1.0,-1.0,-1
1.604385,1.60441,1.604355,1.60438,-1.0,-1.0,-1
1.60438,1.604405,1.60435,1.604385,-1.0,-1.0,-1
1.604385,1.604395,1.604345,1.604355,-1.0,-1.0,-1
1.604355,1.60446,1.604325,1.604445,-1.0,-1.0,-1
1.604445,1.60445,1.604405,1.604405,-1.0,-1.0,-1
1.604405,1.604415,1.60437,1.60441,-1.0,-1.0,-1
1.60441,1.604435,1.6044,1.60443,-1.0,-1.0,-1
1.60443,1.60443,1.604395,1.60441,-1.0,-1.0,-1
1.60441,1.604415,1.60438,1.604395,-1.0,-1.0,-1
1.604395,1.60444,1.604395,1.60443,-1.0,-1.0,-1
1.60443,1.604435,1.604425,1.604425,-1.0,-1.0,-1
1.604425,1.60447,1.604425,1.60445,-1.0,-1.0,-1
1.60445,1.60447,1.604445,1.60445,-1.0,-1.0,-1
1.60445,1.604455,1.60438,1.604385,-1.0,-1.0,-1
1.604385,1.604385,1.60437,1.604385,-1.0,-1.0,-1
1.604385,1.604415,1.60437,1.60441,-1.0,-1.0,-1
1.60441,1.604425,1.60441,1.60442,-1.0,-1.0,-1
1.60442,1.60447,1.60442,1.60447,-1.0,-1.0,-1
1.60447,1.60447,1.604375,1.60439,-1.0,-1.0,-1
1.60439,1.60442,1.60439,1.604415,-1.0,-1.0,-1
1.604415,1.60442,1.60438,1.604395,-1.0,-1.0,-1
1.604395,1.604405,1.604275,1.604275,-1.0,-1.0,-1
1.604275,1.60429,1.60425,1.604285,-1.0,-1.0,-1
1.604285,1.604295,1.6042,1.604205,-1.0,-1.0,-1
1.604205,1.60422,1.604155,1.604155,-1.0,-1.0,-1
1.604155,1.604175,1.604145,1.60417,-1.0,-1.0,-1
1.60417,1.60417,1.60413,1.60416,-1.0,-1.0,-1
1.60416,1.60416,1.604115,1.604145,-1.0,-1.0,-1
1.604145,1.604145,1.604115,1.604125,-1.0,-1.0,-1
1.604125,1.60417,1.6041,1.60417,-1.0,-1.0,-1
1.60417,1.60417,1.6041,1.604145,-1.0,-1.0,-1
1.604145,1.60416,1.60414,1.60415,-1.0,-1.0,-1
1.60415,1.60417,1.604085,1.60414,-1.0,-1.0,-1
1.60414,1.604165,1.604115,1.60413,-1.0,-1.0,-1
1.60413,1.60413,1.60409,1.6041,-1.0,-1.0,-1
1.6041,1.60411,1.60404,1.60409,-1.0,-1.0,-1
1.60409,1.60409,1.604085,1.604085,-1.0,-1.0,-1
1.604085,1.60413,1.604085,1.60413,-1.0,-1.0,-1
1.60413,1.60421,1.60412,1.604195,-1.0,-1.0,-1
1.604195,1.604205,1.604135,1.604135,-1.0,-1.0,-1
1.604135,1.604165,1.604135,1.604165,-1.0,-1.0,-1
1.604165,1.6042,1.60416,1.604195,-1.0,-1.0,-1
1.604195,1.6042,1.604165,1.604185,-1.0,-1.0,-1
1.604185,1.6042,1.60417,1.604195,-1.0,-1.0,-1
1.604195,1.604195,1.604175,1.604185,-1.0,-1.0,-1
1.604185,1.604195,1.60417,1.604195,-1.0,-1.0,-1
1.604195,1.604225,1.60419,1.604215,-1.0,-1.0,-1
1.604215,1.60422,1.604195,1.6042,-1.0,-1.0,-1
1.6042,1.604215,1.604195,1.6042,-1.0,-1.0,-1
1.6042,1.60421,1.604195,1.6042,-1.0,-1.0,-1
1.6042,1.604255,1.604185,1.604195,-1.0,-1.0,-1
1.604195,1.604205,1.604095,1.604125,-1.0,-1.0,-1
1.604125,1.604175,1.60412,1.60415,-1.0,-1.0,-1
1.60415,1.60416,1.60414,1.60415,-1.0,-1.0,-1
1.60415,1.604155,1.604115,1.60413,-1.0,-1.0,-1
1.60413,1.604145,1.60409,1.604105,-1.0,-1.0,-1
1.604105,1.604115,1.604095,1.60411,-1.0,-1.0,-1
1.60411,1.60411,1.60409,1.604095,-1.0,-1.0,-1
1.604095,1.6041,1.604065,1.604075,-1.0,-1.0,-1
1.604075,1.604125,1.60407,1.604075,-1.0,-1.0,-1
1.604075,1.604135,1.604075,1.604135,-1.0,-1.0,-1
1.604135,1.60421,1.604135,1.604205,-1.0,-1.0,-1
1.604205,1.60423,1.6042,1.60423,-1.0,-1.0,-1
1.60423,1.60428,1.604215,1.60425,-1.0,-1.0,-1
1.60425,1.604265,1.60423,1.60426,-1.0,-1.0,-1
1.60426,1.604275,1.604235,1.604265,-1.0,-1.0,-1
1.604265,1.60432,1.60424,1.60431,-1.0,-1.0,-1
1.60431,1.60432,1.60431,1.60431,-1.0,-1.0,-1
1.60431,1.604315,1.604305,1.604305,-1.0,-1.0,-1
1.604305,1.604305,1.60429,1.604295,-1.0,-1.0,-1
1.604295,1.604295,1.60419,1.60423,-1.0,-1.0,-1
1.60423,1.60423,1.604205,1.604215,-1.0,-1.0,-1
1.604215,1.60423,1.6042,1.604225,-1.0,-1.0,-1
1.604225,1.60424,1.604175,1.604225,-1.0,-1.0,-1
1.604225,1.604235,1.604175,1.604185,-1.0,-1.0,-1
1.604185,1.604225,1.604175,1.604205,-1.0,-1.0,-1
1.604205,1.60422,1.604185,1.604185,-1.0,-1.0,-1
1.604185,1.60419,1.604175,1.60418,-1.0,-1.0,-1
1.60418,1.60422,1.604135,1.604135,-1.0,-1.0,-1
1.604135,1.604135,1.604065,1.60408,-1.0,-1.0,-1
1.60408,1.6041,1.604025,1.60405,-1.0,-1.0,-1
1.60405,1.604055,1.604015,1.604035,-1.0,-1.0,-1
1.604035,1.60404,1.604005,1.60403,-1.0,-1.0,-1
1.60403,1.604035,1.603965,1.60398,-1.0,-1.0,-1
1.60398,1.603995,1.603965,1.603965,-1.0,-1.0,-1
1.603965,1.60397,1.60396,1.60396,-1.0,-1.0,-1
1.60396,1.603975,1.60394,1.603965,-1.0,-1.0,-1
1.603965,1.604005,1.603945,1.603995,-1.0,-1.0,-1
1.603995,1.60403,1.603995,1.60403,-1.0,-1.0,-1
1.60403,1.60403,1.603945,1.60398,-1.0,-1.0,-1
1.60398,1.603985,1.603835,1.603875,-1.0,-1.0,-1
1.603875,1.603915,1.60386,1.603885,-1.0,-1.0,-1
1.603885,1.60393,1.603885,1.60391,-1.0,-1.0,-1
1.60391,1.60394,1.60389,1.60394,-1.0,-1.0,-1
1.60394,1.60398,1.603935,1.603945,-1.0,-1.0,-1
1.603945,1.604015,1.603935,1.60394,-1.0,-1.0,-1
1.60394,1.603955,1.603935,1.60394,-1.0,-1.0,-1
1.60394,1.60403,1.603935,1.603995,-1.0,-1.0,-1
1.603995,1.604035,1.60398,1.604,-1.0,-1.0,-1
1.604,1.60408,1.604,1.60408,-1.0,-1.0,-1
1.60408,1.60408,1.60405,1.604065,-1.0,-1.0,-1
1.604065,1.60411,1.60405,1.604075,-1.0,-1.0,-1
1.604075,1.60413,1.604075,1.604115,-1.0,-1.0,-1
1.604115,1.604135,1.604055,1.60412,-1.0,-1.0,-1
1.60412,1.60416,1.604115,1.604135,-1.0,-1.0,-1
1.604135,1.60415,1.60409,1.60413,-1.0,-1.0,-1
1.60413,1.604155,1.60412,1.604135,-1.0,-1.0,-1
1.604135,1.604155,1.60413,1.60415,-1.0,-1.0,-1
1.60415,1.604155,1.604145,1.60415,-1.0,-1.0,-1
1.60415,1.60415,1.60409,1.604115,-1.0,-1.0,-1
1.604115,1.604125,1.6041,1.60412,-1.0,-1.0,-1
1.60412,1.604125,1.604095,1.604095,-1.0,-1.0,-1
1.604095,1.60412,1.60406,1.60411,-1.0,-1.0,-1
1.60411,1.60412,1.604055,1.604055,-1.0,-1.0,-1
1.604055,1.6041,1.60404,1.60404,-1.0,-1.0,-1
1.60404,1.604135,1.60404,1.604135,-1.0,-1.0,-1
1.604135,1.604135,1.60412,1.60413,-1.0,-1.0,-1
1.60413,1.60413,1.60408,1.6041,-1.0,-1.0,-1
1.6041,1.60411,1.60404,1.60408,-1.0,-1.0,-1
1.60408,1.60412,1.604075,1.60411,-1.0,-1.0,-1
1.60411,1.60412,1.60407,1.604095,-1.0,-1.0,-1
1.604095,1.604105,1.604095,1.604095,-1.0,-1.0,-1
1.604095,1.604105,1.604075,1.6041,-1.0,-1.0,-1
1.6041,1.604105,1.604065,1.60409,-1.0,-1.0,-1
1.60409,1.604105,1.60402,1.60402,-1.0,-1.0,-1
1.60402,1.60402,1.60401,1.60401,-1.0,-1.0,-1
1.60401,1.60402,1.603995,1.603995,-1.0,-1.0,-1
1.603995,1.60401,1.60394,1.603945,-1.0,-1.0,-1
1.603945,1.603995,1.60394,1.60395,-1.0,-1.0,-1
1.60395,1.603975,1.60394,1.603945,-1.0,-1.0,-1
1.603945,1.60402,1.60393,1.604005,-1.0,-1.0,-1
1.604005,1.604045,1.60399,1.60403,-1.0,-1.0,-1
1.60403,1.6041,1.604025,1.604095,-1.0,-1.0,-1
1.604095,1.604135,1.60409,1.60413,-1.0,-1.0,-1
1.60413,1.60413,1.60409,1.60409,-1.0,-1.0,-1
1.60409,1.60411,1.604075,1.604085,-1.0,-1.0,-1
1.604085,1.604105,1.60405,1.60407,-1.0,-1.0,-1
1.60407,1.604105,1.60407,1.6041,-1.0,-1.0,-1
1.6041,1.6042,1.6041,1.604155,-1.0,-1.0,-1
1.604155,1.60419,1.60413,1.60413,-1.0,-1.0,-1
1.60413,1.60418,1.60413,1.604165,-1.0,-1.0,-1
1.604165,1.60418,1.60416,1.604175,-1.0,-1.0,-1
1.604175,1.6042,1.60417,1.604185,-1.0,-1.0,-1
1.604185,1.60424,1.60418,1.60423,-1.0,-1.0,-1
1.60423,1.604255,1.604205,1.60423,-1.0,-1.0,-1
1.60423,1.60426,1.60422,1.60426,-1.0,-1.0,-1
1.60426,1.60435,1.60426,1.60433,-1.0,-1.0,-1
1.60433,1.60439,1.604305,1.60437,-1.0,-1.0,-1
1.60437,1.604385,1.60436,1.60438,-1.0,-1.0,-1
1.60438,1.60442,1.604375,1.60438,-1.0,-1.0,-1
1.60438,1.60443,1.604375,1.60441,-1.0,-1.0,-1
1.60441,1.60442,1.604405,1.60442,-1.0,-1.0,-1
1.60442,1.60451,1.60442,1.6045,-1.0,-1.0,-1
1.6045,1.60455,1.6045,1.60454,-1.0,-1.0,-1
1.60454,1.60456,1.604535,1.60456,-1.0,-1.0,-1
1.60456,1.60458,1.604535,1.60456,-1.0,-1.0,-1
1.60456,1.604565,1.60455,1.60455,-1.0,-1.0,-1
1.60455,1.60465,1.60455,1.60462,-1.0,-1.0,-1
1.60462,1.604625,1.60458,1.604595,-1.0,-1.0,-1
1.604595,1.604615,1.60455,1.60457,-1.0,-1.0,-1
1.60457,1.604605,1.60455,1.604605,-1.0,-1.0,-1
1.604605,1.60466,1.60458,1.60458,-1.0,-1.0,-1
1.60458,1.60464,1.60457,1.604575,-1.0,-1.0,-1
1.604575,1.604615,1.60453,1.604615,-1.0,-1.0,-1
1.604615,1.604715,1.604615,1.60467,-1.0,-1.0,-1
1.60467,1.60472,1.60463,1.60472,-1.0,-1.0,-1
1.60472,1.60472,1.604695,1.604705,-1.0,-1.0,-1
1.604705,1.60471,1.604705,1.604705,-1.0,-1.0,-1
1.604705,1.604715,1.60465,1.60471,-1.0,-1.0,-1
1.60471,1.604735,1.60469,1.60469,-1.0,-1.0,-1
1.60469,1.604745,1.60469,1.604735,-1.0,-1.0,-1
1.604735,1.604735,1.60471,1.60471,-1.0,-1.0,-1
1.60471,1.60472,1.6047,1.604705,-1.0,-1.0,-1
1.604705,1.604715,1.604695,1.604695,-1.0,-1.0,-1
1.604695,1.604735,1.604695,1.60473,-1.0,-1.0,-1
1.60473,1.604805,1.604725,1.604805,-1.0,-1.0,-1
1.604805,1.604805,1.604695,1.604695,-1.0,-1.0,-1
1.604695,1.60471,1.604665,1.604705,-1.0,-1.0,-1
1.604705,1.60471,1.604665,1.604675,-1.0,-1.0,-1
1.604675,1.60473,1.604675,1.6047,-1.0,-1.0,-1
1.6047,1.60471,1.604635,1.604645,-1.0,-1.0,-1
1.604645,1.604645,1.60462,1.604625,-1.0,-1.0,-1
1.604625,1.604635,1.6046,1.6046,-1.0,-1.0,-1
1.6046,1.604685,1.6046,1.604685,-1.0,-1.0,-1
1.604685,1.60469,1.604675,1.60468,-1.0,-1.0,-1
1.60468,1.60468,1.604635,1.604645,-1.0,-1.0,-1
1.604645,1.604645,1.60463,1.60463,-1.0,-1.0,-1
1.60463,1.6047,1.604605,1.60461,-1.0,-1.0,-1
1.60461,1.604625,1.604595,1.6046,-1.0,-1.0,-1
1.6046,1.6046,1.604555,1.60459,-1.0,-1.0,-1
1.60459,1.60459,1.60454,1.60457,-1.0,-1.0,-1
1.60457,1.60457,1.604485,1.60449,-1.0,-1.0,-1
1.60449,1.604495,1.60442,1.60443,-1.0,-1.0,-1
1.60443,1.604435,1.604415,1.60442,-1.0,-1.0,-1
1.60442,1.604425,1.604375,1.604395,-1.0,-1.0,-1
1.604395,1.604445,1.604375,1.60442,-1.0,-1.0,-1
1.60442,1.60443,1.604415,1.604425,-1.0,-1.0,-1
1.604425,1.604425,1.604375,1.604415,-1.0,-1.0,-1
1.604415,1.604425,1.60438,1.604405,-1.0,-1.0,-1
1.604405,1.604415,1.604395,1.6044,-1.0,-1.0,-1
1.6044,1.604425,1.60439,1.604425,-1.0,-1.0,-1
1.604425,1.60446,1.604425,1.60446,-1.0,-1.0,-1
1.60446,1.604485,1.60446,1.604485,-1.0,-1.0,-1
1.604485,1.604485,1.604465,1.60448,-1.0,-1.0,-1
1.60448,1.60448,1.60447,1.60448,-1.0,-1.0,-1
1.60448,1.604545,1.604465,1.604535,-1.0,-1.0,-1
1.604535,1.604565,1.60451,1.60454,-1.0,-1.0,-1
1.60454,1.60456,1.604535,1.60456,-1.0,-1.0,-1
1.60456,1.604605,1.60454,1.604595,-1.0,-1.0,-1
1.604595,1.604595,1.60454,1.60454,-1.0,-1.0,-1
1.60454,1.604565,1.604535,1.604545,-1.0,-1.0,-1
1.604545,1.604625,1.604515,1.604595,-1.0,-1.0,-1
1.604595,1.6046,1.60458,1.604595,-1.0,-1.0,-1
1.604595,1.604625,1.604565,1.60458,-1.0,-1.0,-1
1.60458,1.60458,1.60456,1.604575,-1.0,-1.0,-1
1.604575,1.604575,1.604485,1.604495,-1.0,-1.0,-1
1.604495,1.60451,1.6044,1.604445,-1.0,-1.0,-1
1.604445,1.60446,1.604435,1.604445,-1.0,-1.0,-1
1.604445,1.604485,1.604445,1.604475,-1.0,-1.0,-1
1.604475,1.60448,1.604455,1.604475,-1.0,-1.0,-1
1.604475,1.604485,1.60446,1.60448,-1.0,-1.0,-1
1.60448,1.60448,1.60439,1.6044,-1.0,-1.0,-1
1.6044,1.60445,1.6044,1.604435,-1.0,-1.0,-1
1.604435,1.604455,1.60429,1.60432,-1.0,-1.0,-1
1.60432,1.60434,1.60428,1.60429,-1.0,-1.0,-1
1.60429,1.60433,1.60425,1.60426,-1.0,-1.0,-1
1.60426,1.60435,1.60426,1.60432,-1.0,-1.0,-1
1.60432,1.60442,1.60429,1.6044,-1.0,-1.0,-1
1.6044,1.6044,1.604315,1.60435,-1.0,-1.0,-1
1.60435,1.604375,1.60434,1.60434,-1.0,-1.0,-1
1.60434,1.60436,1.604325,1.60433,-1.0,-1.0,-1
1.60433,1.604365,1.60426,1.60435,-1.0,-1.0,-1
1.60435,1.60437,1.60433,1.604335,-1.0,-1.0,-1
1.604335,1.604335,1.604245,1.604275,-1.0,-1.0,-1
1.604275,1.60428,1.604255,1.604265,-1.0,-1.0,-1
1.604265,1.604385,1.604265,1.60435,-1.0,-1.0,-1
1.60435,1.604365,1.60433,1.604345,-1.0,-1.0,-1
1.604345,1.604375,1.604325,1.604355,-1.0,-1.0,-1
1.604355,1.60443,1.604355,1.60442,-1.0,-1.0,-1
1.60442,1.60443,1.60439,1.60439,-1.0,-1.0,-1
1.60439,1.60439,1.604355,1.60436,-1.0,-1.0,-1
1.60436,1.604365,1.60428,1.60428,-1.0,-1.0,-1
1.60428,1.60434,1.60428,1.60432,-1.0,-1.0,-1
1.60432,1.60433,1.60429,1.6043,-1.0,-1.0,-1
1.6043,1.604345,1.6043,1.60434,-1.0,-1.0,-1
1.60434,1.604345,1.60427,1.604305,-1.0,-1.0,-1
1.604305,1.604335,1.604305,1.60432,-1.0,-1.0,-1
1.60432,1.60433,1.6043,1.6043,-1.0,-1.0,-1
1.6043,1.60436,1.604285,1.60434,-1.0,-1.0,-1
1.60434,1.60435,1.60434,1.60435,-1.0,-1.0,-1
1.60435,1.60437,1.604345,1.604355,-1.0,-1.0,-1
1.604355,1.60436,1.6043,1.60431,-1.0,-1.0,-1
1.60431,1.604425,1.60431,1.604415,-1.0,-1.0,-1
1.604415,1.604415,1.60437,1.60437,-1.0,-1.0,-1
1.60437,1.604375,1.60432,1.60432,-1.0,-1.0,-1
1.60432,1.604345,1.60432,1.604335,-1.0,-1.0,-1
1.604335,1.604355,1.60433,1.604335,-1.0,-1.0,-1
1.604335,1.604355,1.604335,1.604335,-1.0,-1.0,-1
1.604335,1.604355,1.60429,1.60432,-1.0,-1.0,-1
1.60432,1.604405,1.60432,1.60436,-1.0,-1.0,-1
1.60436,1.60442,1.60436,1.60441,-1.0,-1.0,-1
1.60441,1.60441,1.604385,1.6044,-1.0,-1.0,-1
1.6044,1.60443,1.604395,1.60443,-1.0,-1.0,-1
1.60443,1.60443,1.60438,1.604415,-1.0,-1.0,-1
1.604415,1.60447,1.604415,1.60446,-1.0,-1.0,-1
1.60446,1.60446,1.60438,1.60443,-1.0,-1.0,-1
1.60443,1.60447,1.60443,1.60446,-1.0,-1.0,-1
1.60446,1.604485,1.60445,1.60448,-1.0,-1.0,-1
1.60448,1.604525,1.60446,1.60452,-1.0,-1.0,-1
1.60452,1.60455,1.6045,1.60455,-1.0,-1.0,-1
1.60455,1.60463,1.604535,1.604625,-1.0,-1.0,-1
1.604625,1.60463,1.60462,1.60463,-1.0,-1.0,-1
1.60463,1.604705,1.604625,1.604695,-1.0,-1.0,-1
1.604695,1.604695,1.604685,1.604695,-1.0,-1.0,-1
1.604695,1.604735,1.604685,1.604735,-1.0,-1.0,-1
1.604735,1.604755,1.604725,1.604745,-1.0,-1.0,-1
1.604745,1.6048,1.60473,1.604735,-1.0,-1.0,-1
1.604735,1.604735,1.60463,1.60467,-1.0,-1.0,-1
1.60467,1.604675,1.604665,1.604665,-1.0,-1.0,-1
1.604665,1.60469,1.604615,1.604615,-1.0,-1.0,-1
1.604615,1.60465,1.604615,1.60463,-1.0,-1.0,-1
1.60463,1.604655,1.604625,1.604655,-1.0,-1.0,-1
1.604655,1.604745,1.604645,1.60472,-1.0,-1.0,-1
1.60472,1.604765,1.604705,1.60474,-1.0,-1.0,-1
1.60474,1.604795,1.60473,1.604775,-1.0,-1.0,-1
1.604775,1.60482,1.60476,1.6048,-1.0,-1.0,-1
1.6048,1.604805,1.604795,1.6048,-1.0,-1.0,-1
1.6048,1.60482,1.60478,1.60482,-1.0,-1.0,-1
1.60482,1.604855,1.604795,1.604825,-1.0,-1.0,-1
1.604825,1.604875,1.60482,1.60486,-1.0,-1.0,-1
1.60486,1.604865,1.60486,1.604865,-1.0,-1.0,-1
1.604865,1.604865,1.6048,1.60482,-1.0,-1.0,-1
1.60482,1.60482,1.6048,1.6048,-1.0,-1.0,-1
1.6048,1.60484,1.60477,1.60478,-1.0,-1.0,-1
1.60478,1.604905,1.60478,1.604845,-1.0,-1.0,-1
1.604845,1.604845,1.604815,1.60482,-1.0,-1.0,-1
1.60482,1.604885,1.604815,1.60482,-1.0,-1.0,-1
1.60482,1.60489,1.604815,1.604885,-1.0,-1.0,-1
1.604885,1.604895,1.60488,1.60489,-1.0,-1.0,-1
1.60489,1.6049,1.60489,1.60489,-1.0,-1.0,-1
1.60489,1.60493,1.60486,1.60486,-1.0,-1.0,-1
1.60486,1.604875,1.6048,1.6048,-1.0,-1.0,-1
1.6048,1.604805,1.60475,1.60475,-1.0,-1.0,-1
1.60475,1.604825,1.60475,1.6048,-1.0,-1.0,-1
1.6048,1.60482,1.6048,1.6048,-1.0,-1.0,-1
1.6048,1.604805,1.60474,1.60475,-1.0,-1.0,-1
1.60475,1.604785,1.60474,1.604745,-1.0,-1.0,-1
1.604745,1.60481,1.604745,1.604755,-1.0,-1.0,-1
1.604755,1.60476,1.604745,1.60475,-1.0,-1.0,-1
1.60475,1.604815,1.604725,1.60473,-1.0,-1.0,-1
1.60473,1.60473,1.604715,1.60473,-1.0,-1.0,-1
1.60473,1.604735,1.60471,1.60472,-1.0,-1.0,-1
1.60472,1.604735,1.604695,1.604705,-1.0,-1.0,-1
1.604705,1.60471,1.60464,1.60465,-1.0,-1.0,-1
1.60465,1.60469,1.60464,1.604665,-1.0,-1.0,-1
1.604665,1.60467,1.604655,1.60467,-1.0,-1.0,-1
1.60467,1.60467,1.604615,1.604615,-1.0,-1.0,-1
1.604615,1.60463,1.604615,1.604625,-1.0,-1.0,-1
1.604625,1.604635,1.604605,1.60462,-1.0,-1.0,-1
1.60462,1.604625,1.604605,1.604605,-1.0,-1.0,-1
1.604605,1.604605,1.604535,1.60456,-1.0,-1.0,-1
1.60456,1.60457,1.604525,1.604535,-1.0,-1.0,-1
1.604535,1.60463,1.604535,1.60463,-1.0,-1.0,-1
1.60463,1.604635,1.60459,1.60462,-1.0,-1.0,-1
1.60462,1.60469,1.60462,1.60468,-1.0,-1.0,-1
1.60468,1.60473,1.604665,1.604705,-1.0,-1.0,-1
1.604705,1.60471,1.6047,1.604705,-1.0,-1.0,-1
1.604705,1.60472,1.604705,1.60472,-1.0,-1.0,-1
1.60472,1.60472,1.604665,1.604665,-1.0,-1.0,-1
1.604665,1.60467,1.604615,1.604615,-1.0,-1.0,-1
1.604615,1.60462,1.60461,1.60461,-1.0,-1.0,-1
1.60461,1.60465,1.60459,1.604645,-1.0,-1.0,-1
1.604645,1.604685,1.60464,1.60468,-1.0,-1.0,-1
1.60468,1.60468,1.604665,1.604665,-1.0,-1.0,-1
1.604665,1.60471,1.60464,1.604695,-1.0,-1.0,-1
1.604695,1.60472,1.60467,1.604675,-1.0,-1.0,-1
1.604675,1.604745,1.60467,1.604745,-1.0,-1.0,-1
1.604745,1.604785,1.604735,1.604765,-1.0,-1.0,-1
1.604765,1.604765,1.6047,1.60472,-1.0,-1.0,-1
1.60472,1.60475,1.60472,1.604745,-1.0,-1.0,-1
1.604745,1.604765,1.60473,1.604745,-1.0,-1.0,-1
1.604745,1.60477,1.604725,1.60476,-1.0,-1.0,-1
1.60476,1.6048,1.60472,1.60472,-1.0,-1.0,-1
1.60472,1.60478,1.60472,1.60478,-1.0,-1.0,-1
1.60478,1.60478,1.604775,1.60478,-1.0,-1.0,-1
1.60478,1.60479,1.604775,1.604785,-1.0,-1.0,-1
1.604785,1.60482,1.60478,1.604815,-1.0,-1.0,-1
1.604815,1.60484,1.60481,1.60482,-1.0,-1.0,-1
1.60482,1.60482,1.6048,1.604805,-1.0,-1.0,-1
1.604805,1.60489,1.604765,1.604885,-1.0,-1.0,-1
1.604885,1.6049,1.604875,1.604875,-1.0,-1.0,-1
1.604875,1.60493,1.604875,1.60492,-1.0,-1.0,-1
1.60492,1.60493,1.604865,1.60488,-1.0,-1.0,-1
1.60488,1.60488,1.604855,1.604855,-1.0,-1.0,-1
1.604855,1.60492,1.604855,1.60492,-1.0,-1.0,-1
1.60492,1.604925,1.60492,1.604925,-1.0,-1.0,-1
1.604925,1.604925,1.60491,1.60491,-1.0,-1.0,-1
1.60491,1.60492,1.60491,1.60492,-1.0,-1.0,-1
1.60492,1.60492,1.60491,1.60492,-1.0,-1.0,-1
1.60492,1.60496,1.604905,1.60493,-1.0,-1.0,-1
1.60493,1.604935,1.60493,1.604935,-1.0,-1.0,-1
1.604935,1.60497,1.60493,1.604955,-1.0,-1.0,-1
1.604955,1.604965,1.604895,1.604965,-1.0,-1.0,-1
1.604965,1.60497,1.604905,1.60491,-1.0,-1.0,-1
1.60491,1.60492,1.60491,1.604915,-1.0,-1.0,-1
1.604915,1.604925,1.60491,1.60492,-1.0,-1.0,-1
1.60492,1.604925,1.60491,1.604925,-1.0,-1.0,-1
1.604925,1.604925,1.604925,1.604925,-1.0,-1.0,-1
1.604925,1.60494,1.604925,1.60494,-1.0,-1.0,-1
1.60494,1.605025,1.60494,1.604975,-1.0,-1.0,-1
1.604975,1.604985,1.604935,1.60494,-1.0,-1.0,-1
1.60494,1.604955,1.60488,1.604885,-1.0,-1.0,-1
1.604885,1.60489,1.604795,1.604795,-1.0,-1.0,-1
1.604795,1.6048,1.604745,1.604745,-1.0,-1.0,-1
1.604745,1.604745,1.6047,1.60472,-1.0,-1.0,-1
1.60472,1.60473,1.60472,1.60472,-1.0,-1.0,-1
1.60472,1.60472,1.604685,1.604715,-1.0,-1.0,-1
1.604715,1.604715,1.604635,1.60465,-1.0,-1.0,-1
1.60465,1.60466,1.604635,1.60464,-1.0,-1.0,-1
1.60464,1.604655,1.604635,1.604635,-1.0,-1.0,-1
1.604635,1.604685,1.604635,1.60468,-1.0,-1.0,-1
1.60468,1.604755,1.60468,1.60472,-1.0,-1.0,-1
1.60472,1.60472,1.60469,1.604705,-1.0,-1.0,-1
1.604705,1.604735,1.60468,1.604685,-1.0,-1.0,-1
1.604685,1.6047,1.60464,1.604645,-1.0,-1.0,-1
1.604645,1.60465,1.60464,1.60464,-1.0,-1.0,-1
1.60464,1.604685,1.60464,1.60466,-1.0,-1.0,-1
1.60466,1.604665,1.604645,1.604665,-1.0,-1.0,-1
1.604665,1.604695,1.60464,1.604675,-1.0,-1.0,-1
1.604675,1.60468,1.604675,1.60468,-1.0,-1.0,-1
1.60468,1.60468,1.604645,1.60466,-1.0,-1.0,-1
1.60466,1.604675,1.60465,1.60466,-1.0,-1.0,-1
1.60466,1.60468,1.60464,1.604665,-1.0,-1.0,-1
1.604665,1.604695,1.604665,1.60468,-1.0,-1.0,-1
1.60468,1.604695,1.60466,1.604685,-1.0,-1.0,-1
1.604685,1.604685,1.604645,1.60465,-1.0,-1.0,-1
1.60465,1.60469,1.604645,1.60469,-1.0,-1.0,-1
1.60469,1.604765,1.60469,1.604765,-1.0,-1.0,-1
1.604765,1.604765,1.60473,1.604735,-1.0,-1.0,-1
1.604735,1.604795,1.60473,1.604775,-1.0,-1.0,-1
1.604775,1.604795,1.604775,1.60478,-1.0,-1.0,-1
1.60478,1.60478,1.60471,1.60473,-1.0,-1.0,-1
1.60473,1.604765,1.604705,1.604735,-1.0,-1.0,-1
1.604735,1.604735,1.60469,1.60469,-1.0,-1.0,-1
1.60469,1.604765,1.60469,1.604755,-1.0,-1.0,-1
1.604755,1.604785,1.604755,1.604785,-1.0,-1.0,-1
1.604785,1.604855,1.60477,1.60479,-1.0,-1.0,-1
1.60479,1.60484,1.60479,1.6048,-1.0,-1.0,-1
1.6048,1.604835,1.604775,1.604775,-1.0,-1.0,-1
1.604775,1.60479,1.60477,1.60479,-1.0,-1.0,-1
1.60479,1.60479,1.604775,1.604775,-1.0,-1.0,-1
1.604775,1.60481,1.604775,1.604805,-1.0,-1.0,-1
1.604805,1.604805,1.604795,1.604795,-1.0,-1.0,-1
1.604795,1.60481,1.60477,1.60479,-1.0,-1.0,-1
1.60479,1.604795,1.60477,1.604775,-1.0,-1.0,-1
1.604775,1.60478,1.604735,1.604755,-1.0,-1.0,-1
1.604755,1.60477,1.604755,1.60477,-1.0,-1.0,-1
1.60477,1.60478,1.604765,1.604775,-1.0,-1.0,-1
1.604775,1.60489,1.604775,1.60486,-1.0,-1.0,-1
1.60486,1.604915,1.60486,1.604875,-1.0,-1.0,-1
1.604875,1.60488,1.604875,1.60488,-1.0,-1.0,-1
1.60488,1.60488,1.604865,1.604875,-1.0,-1.0,-1
1.604875,1.604875,1.604855,1.60486,-1.0,-1.0,-1
1.60486,1.604935,1.60486,1.604935,-1.0,-1.0,-1
1.604935,1.604955,1.60493,1.60494,-1.0,-1.0,-1
1.60494,1.60495,1.60493,1.604945,-1.0,-1.0,-1
1.604945,1.60495,1.604935,1.604935,-1.0,-1.0,-1
1.604935,1.60494,1.604935,1.604935,-1.0,-1.0,-1
1.604935,1.604935,1.604885,1.6049,-1.0,-1.0,-1
1.6049,1.604945,1.60489,1.604935,-1.0,-1.0,-1
1.604935,1.604935,1.604885,1.60492,-1.0,-1.0,-1
1.60492,1.604985,1.60492,1.604965,-1.0,-1.0,-1
1.604965,1.604985,1.604965,1.60498,-1.0,-1.0,-1
1.60498,1.604985,1.604975,1.604975,-1.0,-1.0,-1
1.604975,1.604975,1.604895,1.6049,-1.0,-1.0,-1
1.6049,1.60492,1.60488,1.60491,-1.0,-1.0,-1
1.60491,1.604915,1.60483,1.60483,-1.0,-1.0,-1
1.60483,1.60489,1.60483,1.604845,-1.0,-1.0,-1
1.604845,1.604845,1.60481,1.60481,-1.0,-1.0,-1
1.60481,1.60485,1.60481,1.604825,-1.0,-1.0,-1
1.604825,1.604825,1.604785,1.604785,-1.0,-1.0,-1
1.604785,1.60479,1.60475,1.604775,-1.0,-1.0,-1
1.604775,1.604835,1.604775,1.604835,-1.0,-1.0,-1
1.604835,1.60484,1.60482,1.60484,-1.0,-1.0,-1
1.60484,1.60487,1.60484,1.604865,-1.0,-1.0,-1
1.604865,1.604865,1.604815,1.604825,-1.0,-1.0,-1
1.604825,1.604825,1.604795,1.604795,-1.0,-1.0,-1
1.604795,1.60483,1.60479,1.604825,-1.0,-1.0,-1
1.604825,1.60484,1.604815,1.60483,-1.0,-1.0,-1
1.60483,1.60492,1.60483,1.60491,-1.0,-1.0,-1
1.60491,1.604915,1.604905,1.604915,-1.0,-1.0,-1
1.604915,1.604935,1.60491,1.604935,-1.0,-1.0,-1
1.604935,1.604935,1.60491,1.604915,-1.0,-1.0,-1
1.604915,1.604925,1.604905,1.604925,-1.0,-1.0,-1
1.604925,1.604925,1.60491,1.604915,-1.0,-1.0,-1
1.604915,1.60501,1.60489,1.60497,-1.0,-1.0,-1
1.60497,1.605,1.60496,1.604985,-1.0,-1.0,-1
1.604985,1.604985,1.60497,1.604975,-1.0,-1.0,-1
1.604975,1.604985,1.60493,1.60494,-1.0,-1.0,-1
1.60494,1.60496,1.604925,1.60494,-1.0,-1.0,-1
1.60494,1.60495,1.60491,1.60492,-1.0,-1.0,-1
1.60492,1.60495,1.60491,1.60493,-1.0,-1.0,-1
1.60493,1.604955,1.604925,1.60493,-1.0,-1.0,-1
1.60493,1.604965,1.60493,1.604965,-1.0,-1.0,-1
1.604965,1.60497,1.604945,1.604945,-1.0,-1.0,-1
1.604945,1.604955,1.60492,1.604955,-1.0,-1.0,-1
1.604955,1.60499,1.60491,1.604985,-1.0,-1.0,-1
1.604985,1.60501,1.604985,1.604995,-1.0,-1.0,-1
1.604995,1.605015,1.604975,1.60501,-1.0,-1.0,-1
1.60501,1.605115,1.605005,1.605115,-1.0,-1.0,-1
1.605115,1.605115,1.605085,1.60509,-1.0,-1.0,-1
1.60509,1.60509,1.605065,1.605065,-1.0,-1.0,-1
1.605065,1.60516,1.605065,1.60516,-1.0,-1.0,-1
1.60516,1.605175,1.60516,1.60517,-1.0,-1.0,-1
1.60517,1.60517,1.60513,1.60513,-1.0,-1.0,-1
1.60513,1.60516,1.60513,1.605145,-1.0,-1.0,-1
1.605145,1.60515,1.60509,1.60513,-1.0,-1.0,-1
1.60513,1.60519,1.60513,1.605185,-1.0,-1.0,-1
1.605185,1.60522,1.605165,1.60522,-1.0,-1.0,-1
1.60522,1.60523,1.605195,1.605215,-1.0,-1.0,-1
1.605215,1.605215,1.605185,1.605205,-1.0,-1.0,-1
1.605205,1.60523,1.60518,1.60522,-1.0,-1.0,-1
1.60522,1.605265,1.605215,1.605255,-1.0,-1.0,-1
1.605255,1.605265,1.60522,1.60522,-1.0,-1.0,-1
1.60522,1.605235,1.60522,1.605225,-1.0,-1.0,-1
1.605225,1.605245,1.60517,1.60524,-1.0,-1.0,-1
1.60524,1.605245,1.605175,1.6052,-1.0,-1.0,-1
1.6052,1.6052,1.605175,1.60519,-1.0,-1.0,-1
1.60519,1.605195,1.605175,1.60518,-1.0,-1.0,-1
1.60518,1.60522,1.605175,1.605185,-1.0,-1.0,-1
1.605185,1.60519,1.60516,1.605175,-1.0,-1.0,-1
1.605175,1.60519,1.60516,1.60519,-1.0,-1.0,-1
1.60519,1.60522,1.605185,1.60522,-1.0,-1.0,-1
1.60522,1.60529,1.60522,1.605285,-1.0,-1.0,-1
1.605285,1.605285,1.605185,1.605195,-1.0,-1.0,-1
1.605195,1.60527,1.60516,1.60527,-1.0,-1.0,-1
1.60527,1.605275,1.605255,1.605255,-1.0,-1.0,-1
1.605255,1.60527,1.60525,1.605265,-1.0,-1.0,-1
1.605265,1.60529,1.60525,1.605265,-1.0,-1.0,-1
1.605265,1.60527,1.605225,1.605235,-1.0,-1.0,-1
1.605235,1.605275,1.605225,1.605275,-1.0,-1.0,-1
1.605275,1.6053,1.605265,1.60529,-1.0,-1.0,-1
1.60529,1.60533,1.60527,1.60532,-1.0,-1.0,-1
1.60532,1.60539,1.60532,1.60538,-1.0,-1.0,-1
1.60538,1.60543,1.60534,1.60543,-1.0,-1.0,-1
1.60543,1.60548,1.605405,1.605435,-1.0,-1.0,-1
1.605435,1.605445,1.60542,1.60542,-1.0,-1.0,-1
1.60542,1.605435,1.605405,1.60543,-1.0,-1.0,-1
1.60543,1.60544,1.60539,1.605425,-1.0,-1.0,-1
1.605425,1.605475,1.60542,1.605475,-1.0,-1.0,-1
1.605475,1.60548,1.605415,1.60542,-1.0,-1.0,-1
1.60542,1.60543,1.6054,1.60541,-1.0,-1.0,-1
1.60541,1.60542,1.605385,1.60539,-1.0,-1.0,-1
1.60539,1.60542,1.605385,1.60542,-1.0,-1.0,-1
1.60542,1.60544,1.605415,1.60544,-1.0,-1.0,-1
1.60544,1.60544,1.60535,1.60539,-1.0,-1.0,-1
1.60539,1.60539,1.60535,1.605375,-1.0,-1.0,-1
1.605375,1.605375,1.605335,1.60536,-1.0,-1.0,-1
1.60536,1.60536,1.60534,1.60534,-1.0,-1.0,-1
1.60534,1.60539,1.60534,1.605385,-1.0,-1.0,-1
1.605385,1.605385,1.605345,1.60535,-1.0,-1.0,-1
1.60535,1.605375,1.605345,1.60537,-1.0,-1.0,-1
1.60537,1.605395,1.605345,1.605365,-1.0,-1.0,-1
1.605365,1.605365,1.60534,1.605345,-1.0,-1.0,-1
1.605345,1.605345,1.605275,1.605295,-1.0,-1.0,-1
1.605295,1.605295,1.605235,1.60527,-1.0,-1.0,-1
1.60527,1.60531,1.60525,1.60531,-1.0,-1.0,-1
1.60531,1.60531,1.605255,1.605305,-1.0,-1.0,-1
1.605305,1.60531,1.60525,1.60526,-1.0,-1.0,-1
1.60526,1.60529,1.60516,1.60521,-1.0,-1.0,-1
1.60521,1.605275,1.605175,1.605205,-1.0,-1.0,-1
1.605205,1.605245,1.60512,1.605175,-1.0,-1.0,-1
1.605175,1.60525,1.60515,1.60518,-1.0,-1.0,-1
1.60518,1.605205,1.605085,1.60517,-1.0,-1.0,-1
1.60517,1.605185,1.605075,1.60514,-1.0,-1.0,-1
1.60514,1.60518,1.605115,1.60514,-1.0,-1.0,-1
1.60514,1.60524,1.60508,1.60517,-1.0,-1.0,-1
1.60517,1.605185,1.60507,1.60508,-1.0,-1.0,-1
1.60508,1.605095,1.605065,1.605065,-1.0,-1.0,-1
1.605065,1.60507,1.605045,1.605045,-1.0,-1.0,-1
1.605045,1.60508,1.60496,1.604965,-1.0,-1.0,-1
1.604965,1.605025,1.604965,1.605025,-1.0,-1.0,-1
1.605025,1.605085,1.605025,1.60506,-1.0,-1.0,-1
1.60506,1.60515,1.60503,1.605045,-1.0,-1.0,-1
1.605045,1.60506,1.60502,1.605035,-1.0,-1.0,-1
1.605035,1.60506,1.60503,1.605055,-1.0,-1.0,-1
1.605055,1.605065,1.605025,1.60504,-1.0,-1.0,-1
1.60504,1.605095,1.605035,1.605055,-1.0,-1.0,-1
1.605055,1.60514,1.60505,1.605065,-1.0,-1.0,-1
1.605065,1.605125,1.605065,1.605125,-1.0,-1.0,-1
1.605125,1.605155,1.60511,1.60513,-1.0,-1.0,-1
1.60513,1.60514,1.605085,1.6051,-1.0,-1.0,-1
1.6051,1.60513,1.60495,1.60495,-1.0,-1.0,-1
1.60495,1.604955,1.604835,1.60486,-1.0,-1.0,-1
1.60486,1.60489,1.60483,1.60488,-1.0,-1.0,-1
1.60488,1.604915,1.604855,1.60488,-1.0,-1.0,-1
1.60488,1.60492,1.604855,1.604865,-1.0,-1.0,-1
1.604865,1.604885,1.60481,1.60483,-1.0,-1.0,-1
1.60483,1.60484,1.60474,1.60474,-1.0,-1.0,-1
1.60474,1.60474,1.604675,1.60468,-1.0,-1.0,-1
1.60468,1.604725,1.60468,1.60472,-1.0,-1.0,-1
1.60472,1.60472,1.604605,1.604605,-1.0,-1.0,-1
1.604605,1.60466,1.604595,1.604605,-1.0,-1.0,-1
1.604605,1.60463,1.6045,1.604505,-1.0,-1.0,-1
1.604505,1.604525,1.604365,1.604395,-1.0,-1.0,-1
1.604395,1.6044,1.60431,1.60432,-1.0,-1.0,-1
1.60432,1.604335,1.60428,1.604305,-1.0,-1.0,-1
1.604305,1.604335,1.604255,1.604255,-1.0,-1.0,-1
1.604255,1.60427,1.60415,1.604185,-1.0,-1.0,-1
1.604185,1.60419,1.60413,1.604155,-1.0,-1.0,-1
1.604155,1.604225,1.60414,1.604215,-1.0,-1.0,-1
1.604215,1.60422,1.604195,1.604205,-1.0,-1.0,-1
1.604205,1.60431,1.6042,1.60423,-1.0,-1.0,-1
1.60423,1.60426,1.604195,1.6042,-1.0,-1.0,-1
1.6042,1.604225,1.60412,1.60413,-1.0,-1.0,-1
1.60413,1.604155,1.6041,1.60412,-1.0,-1.0,-1
1.60412,1.604135,1.604075,1.6041,-1.0,-1.0,-1
1.6041,1.60412,1.60401,1.60403,-1.0,-1.0,-1
1.60403,1.60404,1.603995,1.604,-1.0,-1.0,-1
1.604,1.604055,1.60395,1.604055,-1.0,-1.0,-1
1.604055,1.604095,1.60385,1.60387,-1.0,-1.0,-1
1.60387,1.60396,1.603855,1.603915,-1.0,-1.0,-1
1.603915,1.60395,1.603895,1.60391,-1.0,-1.0,-1
1.60391,1.604015,1.60388,1.60399,-1.0,-1.0,-1
1.60399,1.604,1.60395,1.60397,-1.0,-1.0,-1
1.60397,1.604095,1.60397,1.60405,-1.0,-1.0,-1
1.60405,1.604085,1.60399,1.60401,-1.0,-1.0,-1
1.60401,1.60404,1.603875,1.603875,-1.0,-1.0,-1
1.603875,1.603875,1.60383,1.60386,-1.0,-1.0,-1
1.60386,1.603885,1.60385,1.60388,-1.0,-1.0,-1
1.60388,1.603895,1.60384,1.60384,-1.0,-1.0,-1
1.60384,1.60387,1.60375,1.60378,-1.0,-1.0,-1
1.60378,1.60378,1.603695,1.603695,-1.0,-1.0,-1
1.603695,1.603785,1.603685,1.603775,-1.0,-1.0,-1
1.603775,1.603795,1.60376,1.60376,-1.0,-1.0,-1
1.60376,1.6038,1.60374,1.603755,-1.0,-1.0,-1
1.603755,1.60387,1.603755,1.603835,-1.0,-1.0,-1
1.603835,1.60384,1.60373,1.60376,-1.0,-1.0,-1
1.60376,1.60379,1.603715,1.603725,-1.0,-1.0,-1
1.603725,1.603755,1.6037,1.603705,-1.0,-1.0,-1
1.603705,1.603725,1.603675,1.603725,-1.0,-1.0,-1
1.603725,1.60377,1.60372,1.603755,-1.0,-1.0,-1
1.603755,1.603805,1.60375,1.603805,-1.0,-1.0,-1
1.603805,1.60384,1.60376,1.60382,-1.0,-1.0,-1
1.60382,1.60389,1.603805,1.60389,-1.0,-1.0,-1
1.60389,1.60389,1.603805,1.60381,-1.0,-1.0,-1
1.60381,1.60382,1.60361,1.60362,-1.0,-1.0,-1
1.60362,1.60362,1.60356,1.603605,-1.0,-1.0,-1
1.603605,1.60366,1.6036,1.60363,-1.0,-1.0,-1
1.60363,1.60363,1.603535,1.603535,-1.0,-1.0,-1
1.603535,1.603555,1.60342,1.60343,-1.0,-1.0,-1
1.60343,1.603495,1.603425,1.60349,-1.0,-1.0,-1
1.60349,1.603515,1.60345,1.60348,-1.0,-1.0,-1
1.60348,1.60349,1.60345,1.603455,-1.0,-1.0,-1
1.603455,1.60356,1.603455,1.60352,-1.0,-1.0,-1
1.60352,1.60352,1.603445,1.603455,-1.0,-1.0,-1
1.603455,1.603475,1.603425,1.603435,-1.0,-1.0,-1
1.603435,1.603435,1.60338,1.60342,-1.0,-1.0,-1
1.60342,1.60342,1.603355,1.60342,-1.0,-1.0,-1
1.60342,1.603445,1.603405,1.60341,-1.0,-1.0,-1
1.60341,1.603415,1.60334,1.60335,-1.0,-1.0,-1
1.60335,1.603355,1.60333,1.603355,-1.0,-1.0,-1
1.603355,1.603355,1.603275,1.60329,-1.0,-1.0,-1
1.60329,1.60331,1.60327,1.603295,-1.0,-1.0,-1
1.603295,1.603315,1.60327,1.6033,-1.0,-1.0,-1
1.6033,1.60336,1.60328,1.603285,-1.0,-1.0,-1
1.603285,1.60332,1.60327,1.603295,-1.0,-1.0,-1
1.603295,1.60331,1.603285,1.603295,-1.0,-1.0,-1
1.603295,1.603295,1.60328,1.603285,-1.0,-1.0,-1
1.603285,1.60331,1.603255,1.603265,-1.0,-1.0,-1
1.603265,1.603305,1.603215,1.603245,-1.0,-1.0,-1
1.603245,1.60327,1.6032,1.603205,-1.0,-1.0,-1
1.603205,1.603225,1.603175,1.603225,-1.0,-1.0,-1
1.603225,1.603345,1.603215,1.60332,-1.0,-1.0,-1
1.60332,1.60334,1.603305,1.60332,-1.0,-1.0,-1
1.60332,1.60334,1.603225,1.603225,-1.0,-1.0,-1
1.603225,1.603255,1.60317,1.60317,-1.0,-1.0,-1
1.60317,1.603315,1.60315,1.603165,-1.0,-1.0,-1
1.603165,1.60323,1.60313,1.60321,-1.0,-1.0,-1
1.60321,1.60324,1.603185,1.6032,-1.0,-1.0,-1
1.6032,1.60327,1.60315,1.603255,-1.0,-1.0,-1
1.603255,1.60333,1.60325,1.60331,-1.0,-1.0,-1
1.60331,1.603335,1.603175,1.603195,-1.0,-1.0,-1
1.603195,1.603275,1.603195,1.60325,-1.0,-1.0,-1
1.60325,1.603305,1.603245,1.60329,-1.0,-1.0,-1
1.60329,1.6033,1.603245,1.60325,-1.0,-1.0,-1
1.60325,1.60336,1.603245,1.60331,-1.0,-1.0,-1
1.60331,1.60335,1.60331,1.603315,-1.0,-1.0,-1
1.603315,1.60333,1.603315,1.603325,-1.0,-1.0,-1
1.603325,1.603415,1.603325,1.603415,-1.0,-1.0,-1
1.603415,1.60342,1.60335,1.603415,-1.0,-1.0,-1
1.603415,1.60355,1.603415,1.60355,-1.0,-1.0,-1
1.60355,1.603685,1.60355,1.603685,-1.0,-1.0,-1
1.603685,1.60381,1.603665,1.60381,-1.0,-1.0,-1
1.60381,1.60386,1.60379,1.60385,-1.0,-1.0,-1
1.60385,1.603855,1.60379,1.60379,-1.0,-1.0,-1
1.60379,1.603835,1.603745,1.60376,-1.0,-1.0,-1
1.60376,1.60378,1.60373,1.60378,-1.0,-1.0,-1
1.60378,1.60391,1.603775,1.6039,-1.0,-1.0,-1
1.6039,1.603915,1.60382,1.60384,-1.0,-1.0,-1
1.60384,1.60399,1.603835,1.60395,-1.0,-1.0,-1
1.60395,1.60397,1.603915,1.603925,-1.0,-1.0,-1
1.603925,1.60393,1.60383,1.603875,-1.0,-1.0,-1
1.603875,1.603915,1.603845,1.60387,-1.0,-1.0,-1
1.60387,1.60388,1.603755,1.60387,-1.0,-1.0,-1
1.60387,1.60387,1.60376,1.603795,-1.0,-1.0,-1
1.603795,1.603805,1.60375,1.60375,-1.0,-1.0,-1
1.60375,1.603755,1.60364,1.60365,-1.0,-1.0,-1
1.60365,1.6037,1.60361,1.60369,-1.0,-1.0,-1
1.60369,1.6037,1.603645,1.60366,-1.0,-1.0,-1
1.60366,1.60371,1.603645,1.6037,-1.0,-1.0,-1
1.6037,1.603715,1.60365,1.60365,-1.0,-1.0,-1
1.60365,1.603675,1.60364,1.60367,-1.0,-1.0,-1
1.60367,1.60374,1.603645,1.603735,-1.0,-1.0,-1
1.603735,1.603775,1.60373,1.60375,-1.0,-1.0,-1
1.60375,1.60375,1.603725,1.603745,-1.0,-1.0,-1
1.603745,1.603765,1.603745,1.603765,-1.0,-1.0,-1
1.603765,1.603845,1.603765,1.60378,-1.0,-1.0,-1
1.60378,1.603855,1.603745,1.603775,-1.0,-1.0,-1
1.603775,1.60378,1.603745,1.603745,-1.0,-1.0,-1
1.603745,1.603795,1.60374,1.60379,-1.0,-1.0,-1
1.60379,1.60389,1.603785,1.60388,-1.0,-1.0,-1
1.60388,1.603945,1.60388,1.60394,-1.0,-1.0,-1
1.60394,1.603975,1.603915,1.603915,-1.0,-1.0,-1
1.603915,1.60397,1.60391,1.60395,-1.0,-1.0,-1
1.60395,1.60398,1.60381,1.603835,-1.0,-1.0,-1
1.603835,1.603845,1.603725,1.603745,-1.0,-1.0,-1
1.603745,1.603805,1.603745,1.60378,-1.0,-1.0,-1
1.60378,1.603795,1.603705,1.60375,-1.0,-1.0,-1
1.60375,1.60378,1.603715,1.603715,-1.0,-1.0,-1
1.603715,1.603745,1.60367,1.60368,-1.0,-1.0,-1
1.60368,1.603725,1.60368,1.6037,-1.0,-1.0,-1
1.6037,1.6037,1.603685,1.60369,-1.0,-1.0,-1
1.60369,1.603695,1.60366,1.60368,-1.0,-1.0,-1
1.60368,1.60369,1.60364,1.60368,-1.0,-1.0,-1
1.60368,1.60369,1.603635,1.603635,-1.0,-1.0,-1
1.603635,1.60369,1.603615,1.603685,-1.0,-1.0,-1
1.603685,1.603685,1.603645,1.603685,-1.0,-1.0,-1
1.603685,1.603695,1.603675,1.603685,-1.0,-1.0,-1
1.603685,1.60373,1.603675,1.60373,-1.0,-1.0,-1
1.60373,1.603735,1.603595,1.6036,-1.0,-1.0,-1
1.6036,1.60369,1.60359,1.60369,-1.0,-1.0,-1
1.60369,1.60371,1.60367,1.60368,-1.0,-1.0,-1
1.60368,1.60375,1.60367,1.60367,-1.0,-1.0,-1
1.60367,1.60368,1.60361,1.60365,-1.0,-1.0,-1
1.60365,1.603655,1.60357,1.60358,-1.0,-1.0,-1
1.60358,1.60362,1.60358,1.60361,-1.0,-1.0,-1
1.60361,1.60366,1.60361,1.603655,-1.0,-1.0,-1
1.603655,1.60372,1.60365,1.60371,-1.0,-1.0,-1
1.60371,1.60372,1.60365,1.603665,-1.0,-1.0,-1
1.603665,1.60367,1.603635,1.60367,-1.0,-1.0,-1
1.60367,1.60367,1.603645,1.60365,-1.0,-1.0,-1
1.60365,1.603655,1.60361,1.603635,-1.0,-1.0,-1
1.603635,1.603635,1.60356,1.603635,-1.0,-1.0,-1
1.603635,1.603635,1.60355,1.60359,-1.0,-1.0,-1
1.60359,1.60361,1.60356,1.603565,-1.0,-1.0,-1
1.603565,1.60359,1.603565,1.60358,-1.0,-1.0,-1
1.60358,1.603605,1.60358,1.60359,-1.0,-1.0,-1
1.60359,1.60361,1.603585,1.60361,-1.0,-1.0,-1
1.60361,1.60361,1.60355,1.60359,-1.0,-1.0,-1
1.60359,1.603655,1.60357,1.60362,-1.0,-1.0,-1
1.60362,1.603655,1.60362,1.603635,-1.0,-1.0,-1
1.603635,1.603665,1.603615,1.60363,-1.0,-1.0,-1
1.60363,1.603635,1.603585,1.603605,-1.0,-1.0,-1
1.603605,1.60371,1.60359,1.6037,-1.0,-1.0,-1
1.6037,1.6037,1.60368,1.603695,-1.0,-1.0,-1
1.603695,1.603695,1.60358,1.603645,-1.0,-1.0,-1
1.603645,1.603655,1.60362,1.603635,-1.0,-1.0,-1
1.603635,1.60367,1.60357,1.60357,-1.0,-1.0,-1
1.60357,1.60358,1.60355,1.60356,-1.0,-1.0,-1
1.60356,1.603575,1.60356,1.603565,-1.0,-1.0,-1
1.603565,1.60358,1.60355,1.603575,-1.0,-1.0,-1
1.603575,1.60363,1.603575,1.603625,-1.0,-1.0,-1
1.603625,1.603635,1.603445,1.60349,-1.0,-1.0,-1
1.60349,1.60349,1.60344,1.603475,-1.0,-1.0,-1
1.603475,1.60356,1.60347,1.603555,-1.0,-1.0,-1
1.603555,1.603555,1.603485,1.60355,-1.0,-1.0,-1
1.60355,1.60355,1.603485,1.603515,-1.0,-1.0,-1
1.603515,1.60354,1.60348,1.603505,-1.0,-1.0,-1
1.603505,1.603515,1.603455,1.603475,-1.0,-1.0,-1
1.603475,1.60348,1.60342,1.603425,-1.0,-1.0,-1
1.603425,1.60347,1.603395,1.60346,-1.0,-1.0,-1
1.60346,1.60352,1.60344,1.603495,-1.0,-1.0,-1
1.603495,1.60351,1.603475,1.60348,-1.0,-1.0,-1
1.60348,1.603575,1.603475,1.60355,-1.0,-1.0,-1
1.60355,1.603585,1.60355,1.603585,-1.0,-1.0,-1
1.603585,1.60363,1.60357,1.603625,-1.0,-1.0,-1
1.603625,1.60366,1.603615,1.60365,-1.0,-1.0,-1
1.60365,1.60366,1.603625,1.603635,-1.0,-1.0,-1
1.603635,1.60364,1.60362,1.603625,-1.0,-1.0,-1
1.603625,1.603635,1.603625,1.603635,-1.0,-1.0,-1
1.603635,1.603645,1.603635,1.60364,-1.0,-1.0,-1
1.60364,1.60368,1.603635,1.60368,-1.0,-1.0,-1
1.60368,1.60374,1.60365,1.603735,-1.0,-1.0,-1
1.603735,1.603735,1.60371,1.60371,-1.0,-1.0,-1
1.60371,1.60371,1.60365,1.60365,-1.0,-1.0,-1
1.60365,1.603715,1.603625,1.603695,-1.0,-1.0,-1
1.603695,1.603725,1.603695,1.603725,-1.0,-1.0,-1
1.603725,1.603735,1.60368,1.60372,-1.0,-1.0,-1
1.60372,1.60372,1.60368,1.603715,-1.0,-1.0,-1
1.603715,1.603735,1.6037,1.603735,-1.0,-1.0,-1
1.603735,1.603735,1.603695,1.603715,-1.0,-1.0,-1
1.603715,1.603735,1.60368,1.603695,-1.0,-1.0,-1
1.603695,1.6037,1.60366,1.60366,-1.0,-1.0,-1
1.60366,1.60368,1.603615,1.603655,-1.0,-1.0,-1
1.603655,1.603665,1.603565,1.60357,-1.0,-1.0,-1
1.60357,1.6036,1.60354,1.60354,-1.0,-1.0,-1
1.60354,1.60357,1.603475,1.603505,-1.0,-1.0,-1
1.603505,1.60355,1.603495,1.603525,-1.0,-1.0,-1
1.603525,1.603535,1.603485,1.603505,-1.0,-1.0,-1
1.603505,1.603505,1.603455,1.60347,-1.0,-1.0,-1
1.60347,1.60347,1.60341,1.603435,-1.0,-1.0,-1
1.603435,1.603435,1.60341,1.60342,-1.0,-1.0,-1
1.60342,1.603455,1.60341,1.60344,-1.0,-1.0,-1
1.60344,1.60345,1.60341,1.603415,-1.0,-1.0,-1
1.603415,1.60349,1.6034,1.60349,-1.0,-1.0,-1
1.60349,1.603515,1.60348,1.603495,-1.0,-1.0,-1
1.603495,1.603515,1.60349,1.60349,-1.0,-1.0,-1
1.60349,1.6035,1.60344,1.603445,-1.0,-1.0,-1
1.603445,1.603455,1.603435,1.60344,-1.0,-1.0,-1
1.60344,1.603455,1.60342,1.60343,-1.0,-1.0,-1
1.60343,1.60344,1.603365,1.60337,-1.0,-1.0,-1
1.60337,1.60339,1.60337,1.60339,-1.0,-1.0,-1
1.60339,1.60341,1.603385,1.603395,-1.0,-1.0,-1
1.603395,1.603455,1.60339,1.603445,-1.0,-1.0,-1
1.603445,1.60345,1.603375,1.603445,-1.0,-1.0,-1
1.603445,1.603495,1.603435,1.60349,-1.0,-1.0,-1
1.60349,1.60349,1.603385,1.603385,-1.0,-1.0,-1
1.603385,1.6034,1.60334,1.603395,-1.0,-1.0,-1
1.603395,1.60341,1.603375,1.6034,-1.0,-1.0,-1
1.6034,1.60344,1.603395,1.603405,-1.0,-1.0,-1
1.603405,1.603415,1.60338,1.603395,-1.0,-1.0,-1
1.603395,1.60342,1.603375,1.603375,-1.0,-1.0,-1
1.603375,1.60339,1.603375,1.60339,-1.0,-1.0,-1
1.60339,1.60339,1.603385,1.603385,-1.0,-1.0,-1
1.603385,1.60341,1.60337,1.6034,-1.0,-1.0,-1
1.6034,1.603405,1.60338,1.603395,-1.0,-1.0,-1
1.603395,1.60342,1.603395,1.6034,-1.0,-1.0,-1
1.6034,1.603415,1.603355,1.60337,-1.0,-1.0,-1
1.60337,1.60339,1.60334,1.60337,-1.0,-1.0,-1
1.60337,1.603385,1.60336,1.60337,-1.0,-1.0,-1
1.60337,1.60337,1.603305,1.603355,-1.0,-1.0,-1
1.603355,1.603365,1.60332,1.60333,-1.0,-1.0,-1
1.60333,1.60333,1.60317,1.60318,-1.0,-1.0,-1
1.60318,1.60318,1.603075,1.60312,-1.0,-1.0,-1
1.60312,1.60316,1.6031,1.603155,-1.0,-1.0,-1
1.603155,1.60323,1.603145,1.60322,-1.0,-1.0,-1
1.60322,1.603225,1.603205,1.603215,-1.0,-1.0,-1
1.603215,1.603225,1.603215,1.60322,-1.0,-1.0,-1
1.60322,1.60324,1.60321,1.60322,-1.0,-1.0,-1
1.60322,1.60324,1.603175,1.603175,-1.0,-1.0,-1
1.603175,1.603255,1.603165,1.603195,-1.0,-1.0,-1
1.603195,1.603315,1.60318,1.60331,-1.0,-1.0,-1
1.60331,1.603315,1.60327,1.603275,-1.0,-1.0,-1
1.603275,1.603305,1.603275,1.6033,-1.0,-1.0,-1
1.6033,1.603305,1.60324,1.603245,-1.0,-1.0,-1
1.603245,1.60326,1.60324,1.603255,-1.0,-1.0,-1
1.603255,1.603335,1.60324,1.6033,-1.0,-1.0,-1
1.6033,1.603305,1.60326,1.603265,-1.0,-1.0,-1
1.603265,1.60331,1.603265,1.6033,-1.0,-1.0,-1
1.6033,1.603315,1.603245,1.60325,-1.0,-1.0,-1
1.60325,1.603285,1.603245,1.60328,-1.0,-1.0,-1
1.60328,1.60329,1.603255,1.603255,-1.0,-1.0,-1
1.603255,1.60329,1.603255,1.603255,-1.0,-1.0,-1
1.603255,1.603255,1.603185,1.60321,-1.0,-1.0,-1
1.60321,1.60324,1.60321,1.60323,-1.0,-1.0,-1
1.60323,1.60323,1.603145,1.60316,-1.0,-1.0,-1
1.60316,1.603205,1.60313,1.603165,-1.0,-1.0,-1
1.603165,1.6032,1.60313,1.603165,-1.0,-1.0,-1
1.603165,1.603165,1.60314,1.60315,-1.0,-1.0,-1
1.60315,1.60315,1.60313,1.60313,-1.0,-1.0,-1
1.60313,1.60315,1.60312,1.60312,-1.0,-1.0,-1
1.60312,1.603135,1.603115,1.603115,-1.0,-1.0,-1
1.603115,1.603135,1.603005,1.603005,-1.0,-1.0,-1
1.603005,1.60302,1.60296,1.602975,-1.0,-1.0,-1
1.602975,1.60304,1.60296,1.603025,-1.0,-1.0,-1
1.603025,1.603025,1.602975,1.60299,-1.0,-1.0,-1
1.60299,1.60302,1.602985,1.60299,-1.0,-1.0,-1
1.60299,1.60301,1.602985,1.602995,-1.0,-1.0,-1
1.602995,1.603015,1.60299,1.60299,-1.0,-1.0,-1
1.60299,1.603015,1.602975,1.603,-1.0,-1.0,-1
1.603,1.603,1.60297,1.602985,-1.0,-1.0,-1
1.602985,1.603,1.60298,1.602985,-1.0,-1.0,-1
1.602985,1.602995,1.602975,1.602985,-1.0,-1.0,-1
1.602985,1.602985,1.60289,1.602895,-1.0,-1.0,-1
1.602895,1.602945,1.60289,1.602945,-1.0,-1.0,-1
1.602945,1.602945,1.60289,1.602895,-1.0,-1.0,-1
1.602895,1.602945,1.60289,1.602945,-1.0,-1.0,-1
1.602945,1.602985,1.602945,1.602985,-1.0,-1.0,-1
1.602985,1.602995,1.60297,1.60299,-1.0,-1.0,-1
1.60299,1.603,1.60293,1.60294,-1.0,-1.0,-1
1.60294,1.60296,1.602925,1.602935,-1.0,-1.0,-1
1.602935,1.602935,1.60293,1.602935,-1.0,-1.0,-1
1.602935,1.602945,1.602935,1.60294,-1.0,-1.0,-1
1.60294,1.602945,1.60294,1.602945,-1.0,-1.0,-1
1.602945,1.602945,1.602935,1.60294,-1.0,-1.0,-1
1.60294,1.60294,1.60294,1.60294,-1.0,-1.0,-1
1.60294,1.603025,1.60294,1.603,-1.0,-1.0,-1
1.603,1.603025,1.602995,1.603025,-1.0,-1.0,-1
1.603025,1.60309,1.60302,1.60304,-1.0,-1.0,-1
1.60304,1.60307,1.603025,1.60307,-1.0,-1.0,-1
1.60307,1.60307,1.603055,1.60306,-1.0,-1.0,-1
1.60306,1.60306,1.603035,1.60305,-1.0,-1.0,-1
1.60305,1.603065,1.60305,1.603065,-1.0,-1.0,-1
1.603065,1.60308,1.60306,1.60308,-1.0,-1.0,-1
1.60308,1.603085,1.603055,1.603065,-1.0,-1.0,-1
1.603065,1.603155,1.603045,1.603125,-1.0,-1.0,-1
1.603125,1.603155,1.603125,1.60314,-1.0,-1.0,-1
1.60314,1.60315,1.60312,1.60314,-1.0,-1.0,-1
1.60314,1.60315,1.60314,1.60315,-1.0,-1.0,-1
1.60315,1.60315,1.60309,1.60309,-1.0,-1.0,-1
1.60309,1.60309,1.60303,1.60307,-1.0,-1.0,-1
1.60307,1.60307,1.60305,1.60307,-1.0,-1.0,-1
1.60307,1.60319,1.60306,1.60318,-1.0,-1.0,-1
1.60318,1.603245,1.603155,1.603235,-1.0,-1.0,-1
1.603235,1.603265,1.60319,1.60325,-1.0,-1.0,-1
1.60325,1.60327,1.603215,1.60326,-1.0,-1.0,-1
1.60326,1.60326,1.603215,1.60322,-1.0,-1.0,-1
1.60322,1.603225,1.60318,1.603205,-1.0,-1.0,-1
1.603205,1.60329,1.603205,1.60324,-1.0,-1.0,-1
1.60324,1.603265,1.603215,1.60326,-1.0,-1.0,-1
1.60326,1.603275,1.60323,1.603245,-1.0,-1.0,-1
1.603245,1.60327,1.60324,1.60327,-1.0,-1.0,-1
1.60327,1.603275,1.603265,1.60327,-1.0,-1.0,-1
1.60327,1.60333,1.60327,1.60332,-1.0,-1.0,-1
1.60332,1.60332,1.603285,1.603295,-1.0,-1.0,-1
1.603295,1.603295,1.60318,1.603185,-1.0,-1.0,-1
1.603185,1.603185,1.60315,1.603165,-1.0,-1.0,-1
1.603165,1.603175,1.60315,1.603155,-1.0,-1.0,-1
1.603155,1.603185,1.603125,1.603155,-1.0,-1.0,-1
1.603155,1.60318,1.603125,1.603125,-1.0,-1.0,-1
1.603125,1.60314,1.603125,1.60314,-1.0,-1.0,-1
1.60314,1.603155,1.60314,1.60315,-1.0,-1.0,-1
1.60315,1.603165,1.603115,1.603165,-1.0,-1.0,-1
1.603165,1.603175,1.60315,1.603175,-1.0,-1.0,-1
1.603175,1.60318,1.60317,1.60317,-1.0,-1.0,-1
1.60317,1.60318,1.603155,1.60318,-1.0,-1.0,-1
1.60318,1.60319,1.60318,1.60319,-1.0,-1.0,-1
1.60319,1.60319,1.60319,1.60319,-1.0,-1.0,-1
1.60319,1.603195,1.60318,1.60318,-1.0,-1.0,-1
1.60318,1.60319,1.60316,1.60317,-1.0,-1.0,-1
1.60317,1.603185,1.603165,1.603185,-1.0,-1.0,-1
1.603185,1.603195,1.603185,1.603185,-1.0,-1.0,-1
1.603185,1.603185,1.603165,1.603175,-1.0,-1.0,-1
1.603175,1.60319,1.603175,1.60318,-1.0,-1.0,-1
1.60318,1.603185,1.603145,1.60316,-1.0,-1.0,-1
1.60316,1.603165,1.603145,1.603155,-1.0,-1.0,-1
1.603155,1.60317,1.60315,1.60317,-1.0,-1.0,-1
1.60317,1.60317,1.60317,1.60317,-1.0,-1.0,-1
1.60317,1.60317,1.60315,1.603165,-1.0,-1.0,-1
1.603165,1.60318,1.603165,1.60317,-1.0,-1.0,-1
1.60317,1.603175,1.60317,1.60317,-1.0,-1.0,-1
1.60317,1.603195,1.603165,1.603165,-1.0,-1.0,-1
1.603165,1.603165,1.603055,1.603125,-1.0,-1.0,-1
1.603125,1.60313,1.6031,1.60312,-1.0,-1.0,-1
1.60312,1.60312,1.60311,1.60311,-1.0,-1.0,-1
1.60311,1.60311,1.60299,1.602995,-1.0,-1.0,-1
1.602995,1.602995,1.602935,1.602935,-1.0,-1.0,-1
1.602935,1.60294,1.60286,1.60286,-1.0,-1.0,-1
1.60286,1.60287,1.602845,1.60285,-1.0,-1.0,-1
1.60285,1.60285,1.602815,1.602815,-1.0,-1.0,-1
1.602815,1.60288,1.60279,1.60279,-1.0,-1.0,-1
1.60279,1.602805,1.60279,1.602805,-1.0,-1.0,-1
1.602805,1.602805,1.602745,1.602775,-1.0,-1.0,-1
1.602775,1.602805,1.602775,1.60278,-1.0,-1.0,-1
1.60278,1.60279,1.602765,1.60277,-1.0,-1.0,-1
1.60277,1.60288,1.60277,1.602855,-1.0,-1.0,-1
1.602855,1.60291,1.602835,1.60291,-1.0,-1.0,-1
1.60291,1.602915,1.602885,1.602915,-1.0,-1.0,-1
1.602915,1.602925,1.60291,1.602925,-1.0,-1.0,-1
1.602925,1.60298,1.60291,1.602915,-1.0,-1.0,-1
1.602915,1.602915,1.6029,1.60291,-1.0,-1.0,-1
1.60291,1.60291,1.60288,1.602895,-1.0,-1.0,-1
1.602895,1.60291,1.60288,1.602905,-1.0,-1.0,-1
1.602905,1.602965,1.60287,1.602935,-1.0,-1.0,-1
1.602935,1.602975,1.602935,1.602975,-1.0,-1.0,-1
1.602975,1.60301,1.60297,1.603,-1.0,-1.0,-1
1.603,1.603,1.60295,1.60295,-1.0,-1.0,-1
1.60295,1.60298,1.60295,1.60298,-1.0,-1.0,-1
1.60298,1.602985,1.60297,1.60298,-1.0,-1.0,-1
1.60298,1.603005,1.602965,1.603005,-1.0,-1.0,-1
1.603005,1.603005,1.602995,1.603005,-1.0,-1.0,-1
1.603005,1.603005,1.602945,1.602945,-1.0,-1.0,-1
1.602945,1.602985,1.602925,1.602985,-1.0,-1.0,-1
1.602985,1.602985,1.60298,1.602985,-1.0,-1.0,-1
1.602985,1.602985,1.60298,1.602985,-1.0,-1.0,-1
1.602985,1.602985,1.60297,1.60298,-1.0,-1.0,-1
1.60298,1.60307,1.60295,1.60303,-1.0,-1.0,-1
1.60303,1.603055,1.603015,1.60303,-1.0,-1.0,-1
1.60303,1.603065,1.602995,1.603055,-1.0,-1.0,-1
1.603055,1.603105,1.603055,1.603105,-1.0,-1.0,-1
1.603105,1.60316,1.603105,1.60313,-1.0,-1.0,-1
1.60313,1.603135,1.603085,1.60309,-1.0,-1.0,-1
1.60309,1.6031,1.60306,1.603065,-1.0,-1.0,-1
1.603065,1.603085,1.603035,1.603055,-1.0,-1.0,-1
1.603055,1.603055,1.60303,1.60303,-1.0,-1.0,-1
1.60303,1.60303,1.60301,1.60301,-1.0,-1.0,-1
1.60301,1.60302,1.602975,1.60298,-1.0,-1.0,-1
1.60298,1.60298,1.6029,1.602945,-1.0,-1.0,-1
1.602945,1.602945,1.60293,1.602945,-1.0,-1.0,-1
1.602945,1.60305,1.60294,1.60304,-1.0,-1.0,-1
1.60304,1.60306,1.602955,1.602955,-1.0,-1.0,-1
1.602955,1.603015,1.602945,1.60301,-1.0,-1.0,-1
1.60301,1.60305,1.603005,1.603045,-1.0,-1.0,-1
1.603045,1.60307,1.603045,1.603065,-1.0,-1.0,-1
1.603065,1.60313,1.60306,1.603115,-1.0,-1.0,-1
1.603115,1.60315,1.60309,1.603135,-1.0,-1.0,-1
1.603135,1.603135,1.6031,1.603105,-1.0,-1.0,-1
1.603105,1.603115,1.603105,1.603105,-1.0,-1.0,-1
1.603105,1.603115,1.60309,1.603105,-1.0,-1.0,-1
1.603105,1.60311,1.6031,1.60311,-1.0,-1.0,-1
1.60311,1.60316,1.603105,1.60314,-1.0,-1.0,-1
1.60314,1.60314,1.603025,1.603045,-1.0,-1.0,-1
1.603045,1.6031,1.603045,1.60306,-1.0,-1.0,-1
1.60306,1.60306,1.60302,1.60303,-1.0,-1.0,-1
1.60303,1.603065,1.603005,1.603055,-1.0,-1.0,-1
1.603055,1.60308,1.603055,1.603075,-1.0,-1.0,-1
1.603075,1.603095,1.60302,1.603095,-1.0,-1.0,-1
1.603095,1.603095,1.603075,1.60308,-1.0,-1.0,-1
1.60308,1.603095,1.603075,1.603095,-1.0,-1.0,-1
1.603095,1.603095,1.603055,1.603065,-1.0,-1.0,-1
1.603065,1.603105,1.60306,1.603105,-1.0,-1.0,-1
1.603105,1.603105,1.603095,1.6031,-1.0,-1.0,-1
1.6031,1.603125,1.60309,1.603095,-1.0,-1.0,-1
1.603095,1.603145,1.603095,1.603125,-1.0,-1.0,-1
1.603125,1.603135,1.603115,1.603115,-1.0,-1.0,-1
1.603115,1.603165,1.603115,1.60316,-1.0,-1.0,-1
1.60316,1.60319,1.60314,1.60319,-1.0,-1.0,-1
1.60319,1.603215,1.603155,1.60318,-1.0,-1.0,-1
1.60318,1.60324,1.60318,1.603205,-1.0,-1.0,-1
1.603205,1.60322,1.603175,1.603215,-1.0,-1.0,-1
1.603215,1.60323,1.60318,1.603185,-1.0,-1.0,-1
1.603185,1.603225,1.60318,1.60319,-1.0,-1.0,-1
1.60319,1.60325,1.60319,1.60325,-1.0,-1.0,-1
1.60325,1.60325,1.60322,1.60322,-1.0,-1.0,-1
1.60322,1.60323,1.60316,1.60321,-1.0,-1.0,-1
1.60321,1.60323,1.60317,1.60317,-1.0,-1.0,-1
1.60317,1.60318,1.603145,1.603175,-1.0,-1.0,-1
1.603175,1.603265,1.603155,1.60326,-1.0,-1.0,-1
1.60326,1.60326,1.60322,1.603235,-1.0,-1.0,-1
1.603235,1.603275,1.60321,1.603245,-1.0,-1.0,-1
1.603245,1.603255,1.603215,1.603225,-1.0,-1.0,-1
1.603225,1.603225,1.60319,1.603215,-1.0,-1.0,-1
1.603215,1.60322,1.60314,1.60314,-1.0,-1.0,-1
1.60314,1.603155,1.60311,1.603155,-1.0,-1.0,-1
1.603155,1.603155,1.603105,1.60311,-1.0,-1.0,-1
1.60311,1.60313,1.603065,1.603105,-1.0,-1.0,-1
1.603105,1.603155,1.603105,1.60313,-1.0,-1.0,-1
1.60313,1.60314,1.603065,1.60308,-1.0,-1.0,-1
1.60308,1.603155,1.60308,1.603155,-1.0,-1.0,-1
1.603155,1.6032,1.603135,1.6032,-1.0,-1.0,-1
1.6032,1.60322,1.603185,1.60322,-1.0,-1.0,-1
1.60322,1.603225,1.603165,1.60318,-1.0,-1.0,-1
1.60318,1.603185,1.603165,1.603185,-1.0,-1.0,-1
1.603185,1.6032,1.60315,1.6032,-1.0,-1.0,-1
1.6032,1.6032,1.60318,1.60319,-1.0,-1.0,-1
1.60319,1.60319,1.60313,1.60313,-1.0,-1.0,-1
1.60313,1.603175,1.603125,1.60317,-1.0,-1.0,-1
1.60317,1.60322,1.603165,1.603175,-1.0,-1.0,-1
1.603175,1.603175,1.603045,1.60306,-1.0,-1.0,-1
1.60306,1.603125,1.60305,1.603115,-1.0,-1.0,-1
1.603115,1.60315,1.603095,1.6031,-1.0,-1.0,-1
1.6031,1.6031,1.60308,1.60308,-1.0,-1.0,-1
1.60308,1.60311,1.603065,1.6031,-1.0,-1.0,-1
1.6031,1.603115,1.60305,1.60306,-1.0,-1.0,-1
1.60306,1.60307,1.60299,1.602995,-1.0,-1.0,-1
1.602995,1.603005,1.60299,1.60299,-1.0,-1.0,-1
1.60299,1.60299,1.60296,1.602965,-1.0,-1.0,-1
1.602965,1.60299,1.602965,1.60299,-1.0,-1.0,-1
1.60299,1.603005,1.60297,1.60299,-1.0,-1.0,-1
1.60299,1.602995,1.60295,1.602995,-1.0,-1.0,-1
1.602995,1.603005,1.60296,1.60297,-1.0,-1.0,-1
1.60297,1.60306,1.60297,1.603025,-1.0,-1.0,-1
1.603025,1.60307,1.603025,1.603045,-1.0,-1.0,-1
1.603045,1.603125,1.603035,1.60312,-1.0,-1.0,-1
1.60312,1.60313,1.603035,1.603035,-1.0,-1.0,-1
1.603035,1.603095,1.603035,1.603075,-1.0,-1.0,-1
1.603075,1.60313,1.60306,1.603125,-1.0,-1.0,-1
1.603125,1.60313,1.60312,1.603125,-1.0,-1.0,-1
1.603125,1.60313,1.603,1.60301,-1.0,-1.0,-1
1.60301,1.603045,1.60301,1.60304,-1.0,-1.0,-1
1.60304,1.603075,1.60304,1.60306,-1.0,-1.0,-1
1.60306,1.60306,1.603055,1.603055,-1.0,-1.0,-1
1.603055,1.603065,1.603025,1.60303,-1.0,-1.0,-1
1.60303,1.60308,1.603015,1.60308,-1.0,-1.0,-1
1.60308,1.603085,1.603045,1.60306,-1.0,-1.0,-1
1.60306,1.603065,1.603045,1.603055,-1.0,-1.0,-1
1.603055,1.603055,1.60304,1.60305,-1.0,-1.0,-1
1.60305,1.60313,1.60305,1.60308,-1.0,-1.0,-1
1.60308,1.603085,1.60305,1.603085,-1.0,-1.0,-1
1.603085,1.603085,1.60294,1.60294,-1.0,-1.0,-1
1.60294,1.60294,1.602915,1.60293,-1.0,-1.0,-1
1.60293,1.60295,1.602915,1.602945,-1.0,-1.0,-1
1.602945,1.60297,1.602945,1.60296,-1.0,-1.0,-1
1.60296,1.603,1.60295,1.602995,-1.0,-1.0,-1
1.602995,1.60301,1.602905,1.60295,-1.0,-1.0,-1
1.60295,1.60296,1.602865,1.602865,-1.0,-1.0,-1
1.602865,1.60287,1.60284,1.60286,-1.0,-1.0,-1
1.60286,1.60289,1.60281,1.60281,-1.0,-1.0,-1
1.60281,1.602835,1.60281,1.602835,-1.0,-1.0,-1
1.602835,1.60288,1.602815,1.602845,-1.0,-1.0,-1
1.602845,1.60287,1.602775,1.60278,-1.0,-1.0,-1
1.60278,1.602785,1.60277,1.60278,-1.0,-1.0,-1
1.60278,1.60279,1.60276,1.60277,-1.0,-1.0,-1
1.60277,1.60278,1.602755,1.60276,-1.0,-1.0,-1
1.60276,1.602765,1.60275,1.602755,-1.0,-1.0,-1
1.602755,1.60285,1.602755,1.602825,-1.0,-1.0,-1
1.602825,1.602845,1.602825,1.602835,-1.0,-1.0,-1
1.602835,1.60288,1.60282,1.602835,-1.0,-1.0,-1
1.602835,1.602835,1.60282,1.60283,-1.0,-1.0,-1
1.60283,1.60283,1.6028,1.60283,-1.0,-1.0,-1
1.60283,1.602845,1.602775,1.60284,-1.0,-1.0,-1
1.60284,1.60284,1.60274,1.602805,-1.0,-1.0,-1
1.602805,1.60284,1.6028,1.60283,-1.0,-1.0,-1
1.60283,1.60284,1.602765,1.602775,-1.0,-1.0,-1
1.602775,1.602805,1.60276,1.6028,-1.0,-1.0,-1
1.6028,1.602825,1.602795,1.602815,-1.0,-1.0,-1
1.602815,1.60285,1.60279,1.602815,-1.0,-1.0,-1
1.602815,1.602815,1.60275,1.602765,-1.0,-1.0,-1
1.602765,1.60277,1.60275,1.60275,-1.0,-1.0,-1
1.60275,1.602775,1.60274,1.60274,-1.0,-1.0,-1
1.60274,1.602755,1.602715,1.602755,-1.0,-1.0,-1
1.602755,1.602805,1.602745,1.602805,-1.0,-1.0,-1
1.602805,1.602825,1.6028,1.60282,-1.0,-1.0,-1
1.60282,1.60283,1.6028,1.60281,-1.0,-1.0,-1
1.60281,1.602825,1.6027,1.60271,-1.0,-1.0,-1
1.60271,1.60271,1.602675,1.602675,-1.0,-1.0,-1
1.602675,1.6027,1.602615,1.60264,-1.0,-1.0,-1
1.60264,1.60264,1.60263,1.60264,-1.0,-1.0,-1
1.60264,1.602645,1.60263,1.60264,-1.0,-1.0,-1
1.60264,1.60264,1.60258,1.6026,-1.0,-1.0,-1
1.6026,1.6026,1.602595,1.6026,-1.0,-1.0,-1
1.6026,1.60264,1.60259,1.602615,-1.0,-1.0,-1
1.602615,1.602655,1.60261,1.602635,-1.0,-1.0,-1
1.602635,1.602635,1.60262,1.60263,-1.0,-1.0,-1
1.60263,1.602655,1.60262,1.60265,-1.0,-1.0,-1
1.60265,1.602655,1.602615,1.602645,-1.0,-1.0,-1
1.602645,1.60265,1.602625,1.60265,-1.0,-1.0,-1
1.60265,1.60265,1.602605,1.60262,-1.0,-1.0,-1
1.60262,1.602635,1.6026,1.602605,-1.0,-1.0,-1
1.602605,1.602635,1.602595,1.6026,-1.0,-1.0,-1
1.6026,1.602645,1.602535,1.602575,-1.0,-1.0,-1
1.602575,1.60258,1.60255,1.602555,-1.0,-1.0,-1
1.602555,1.60262,1.602515,1.60254,-1.0,-1.0,-1
1.60254,1.602545,1.602495,1.60253,-1.0,-1.0,-1
1.60253,1.60253,1.602515,1.60252,-1.0,-1.0,-1
1.60252,1.602525,1.60243,1.60244,-1.0,-1.0,-1
1.60244,1.602455,1.602415,1.602425,-1.0,-1.0,-1
1.602425,1.60243,1.602415,1.602415,-1.0,-1.0,-1
1.602415,1.602425,1.60241,1.602415,-1.0,-1.0,-1
1.602415,1.60242,1.60235,1.60236,-1.0,-1.0,-1
1.60236,1.60238,1.60235,1.602375,-1.0,-1.0,-1
1.602375,1.602475,1.60237,1.60245,-1.0,-1.0,-1
1.60245,1.60247,1.60238,1.602385,-1.0,-1.0,-1
1.602385,1.602435,1.602385,1.60243,-1.0,-1.0,-1
1.60243,1.602435,1.60235,1.60235,-1.0,-1.0,-1
1.60235,1.602415,1.60235,1.602405,-1.0,-1.0,-1
1.602405,1.602415,1.602405,1.602405,-1.0,-1.0,-1
1.602405,1.60245,1.602405,1.60244,-1.0,-1.0,-1
1.60244,1.60245,1.602425,1.602425,-1.0,-1.0,-1
1.602425,1.602435,1.60242,1.60242,-1.0,-1.0,-1
1.60242,1.60243,1.602415,1.60242,-1.0,-1.0,-1
1.60242,1.60249,1.60242,1.60249,-1.0,-1.0,-1
1.60249,1.602495,1.60248,1.60249,-1.0,-1.0,-1
1.60249,1.60251,1.60244,1.60244,-1.0,-1.0,-1
1.60244,1.60246,1.602415,1.60243,-1.0,-1.0,-1
1.60243,1.602435,1.60241,1.602435,-1.0,-1.0,-1
1.602435,1.602515,1.602435,1.602485,-1.0,-1.0,-1
1.602485,1.602525,1.602475,1.60251,-1.0,-1.0,-1
1.60251,1.602515,1.602405,1.60242,-1.0,-1.0,-1
1.60242,1.60242,1.602395,1.602395,-1.0,-1.0,-1
1.602395,1.602465,1.60239,1.60244,-1.0,-1.0,-1
1.60244,1.60246,1.60239,1.602395,-1.0,-1.0,-1
1.602395,1.60242,1.602385,1.602405,-1.0,-1.0,-1
1.602405,1.602405,1.602355,1.60238,-1.0,-1.0,-1
1.60238,1.60238,1.60237,1.602375,-1.0,-1.0,-1
1.602375,1.60238,1.60235,1.60235,-1.0,-1.0,-1
1.60235,1.60236,1.60235,1.60235,-1.0,-1.0,-1
1.60235,1.60235,1.602325,1.60233,-1.0,-1.0,-1
1.60233,1.60233,1.602275,1.60228,-1.0,-1.0,-1
1.60228,1.6023,1.602255,1.602275,-1.0,-1.0,-1
1.602275,1.60228,1.60222,1.602235,-1.0,-1.0,-1
1.602235,1.602245,1.602225,1.602235,-1.0,-1.0,-1
1.602235,1.602345,1.602235,1.602305,-1.0,-1.0,-1
1.602305,1.60231,1.60226,1.602275,-1.0,-1.0,-1
1.602275,1.602275,1.60226,1.602275,-1.0,-1.0,-1
1.602275,1.60231,1.60227,1.602305,-1.0,-1.0,-1
1.602305,1.60235,1.6023,1.60235,-1.0,-1.0,-1
1.60235,1.60238,1.60234,1.602375,-1.0,-1.0,-1
1.602375,1.60241,1.602365,1.60238,-1.0,-1.0,-1
1.60238,1.602385,1.602355,1.60236,-1.0,-1.0,-1
1.60236,1.602365,1.602325,1.602335,-1.0,-1.0,-1
1.602335,1.602345,1.602335,1.60234,-1.0,-1.0,-1
1.60234,1.602395,1.602335,1.602375,-1.0,-1.0,-1
1.602375,1.60238,1.602325,1.60233,-1.0,-1.0,-1
1.60233,1.602335,1.60233,1.60233,-1.0,-1.0,-1
1.60233,1.602335,1.6023,1.6023,-1.0,-1.0,-1
1.6023,1.60232,1.60225,1.60225,-1.0,-1.0,-1
1.60225,1.6023,1.60224,1.6023,-1.0,-1.0,-1
1.6023,1.60231,1.60228,1.602285,-1.0,-1.0,-1
1.602285,1.6023,1.60227,1.602285,-1.0,-1.0,-1
1.602285,1.602295,1.602235,1.602245,-1.0,-1.0,-1
1.602245,1.602255,1.602225,1.60223,-1.0,-1.0,-1
1.60223,1.602235,1.60221,1.60222,-1.0,-1.0,-1
1.60222,1.60223,1.60222,1.602225,-1.0,-1.0,-1
1.602225,1.602265,1.60222,1.60226,-1.0,-1.0,-1
1.60226,1.602265,1.60223,1.60223,-1.0,-1.0,-1
1.60223,1.60223,1.60222,1.602225,-1.0,-1.0,-1
1.602225,1.60227,1.602225,1.602265,-1.0,-1.0,-1
1.602265,1.60227,1.602255,1.602265,-1.0,-1.0,-1
1.602265,1.60227,1.602235,1.602235,-1.0,-1.0,-1
1.602235,1.602235,1.6022,1.60221,-1.0,-1.0,-1
1.60221,1.60234,1.60221,1.602325,-1.0,-1.0,-1
1.602325,1.602325,1.60222,1.60222,-1.0,-1.0,-1
1.60222,1.60225,1.60219,1.602245,-1.0,-1.0,-1
1.602245,1.602255,1.602235,1.60225,-1.0,-1.0,-1
1.60225,1.60227,1.602245,1.60227,-1.0,-1.0,-1
1.60227,1.602295,1.602255,1.602285,-1.0,-1.0,-1
1.602285,1.60229,1.602265,1.60228,-1.0,-1.0,-1
1.60228,1.60228,1.602265,1.60228,-1.0,-1.0,-1
1.60228,1.6023,1.60226,1.602265,-1.0,-1.0,-1
1.602265,1.602275,1.60223,1.60226,-1.0,-1.0,-1
1.60226,1.60228,1.60223,1.60228,-1.0,-1.0,-1
1.60228,1.602305,1.60227,1.60227,-1.0,-1.0,-1
1.60227,1.602295,1.60227,1.602285,-1.0,-1.0,-1
1.602285,1.60229,1.602275,1.602285,-1.0,-1.0,-1
1.602285,1.60229,1.602275,1.60229,-1.0,-1.0,-1
1.60229,1.60232,1.60227,1.602315,-1.0,-1.0,-1
1.602315,1.602325,1.602315,1.60232,-1.0,-1.0,-1
1.60232,1.602325,1.602315,1.602325,-1.0,-1.0,-1
1.602325,1.602395,1.60232,1.602395,-1.0,-1.0,-1
1.602395,1.60242,1.602375,1.60242,-1.0,-1.0,-1
1.60242,1.60242,1.602365,1.602385,-1.0,-1.0,-1
1.602385,1.60242,1.602355,1.602365,-1.0,-1.0,-1
1.602365,1.602365,1.602265,1.602315,-1.0,-1.0,-1
1.602315,1.602345,1.602295,1.60234,-1.0,-1.0,-1
1.60234,1.602345,1.602305,1.602315,-1.0,-1.0,-1
1.602315,1.602315,1.602265,1.602265,-1.0,-1.0,-1
1.602265,1.602345,1.60226,1.60234,-1.0,-1.0,-1
1.60234,1.60243,1.602325,1.602425,-1.0,-1.0,-1
1.602425,1.602435,1.6024,1.60241,-1.0,-1.0,-1
1.60241,1.602425,1.60238,1.60238,-1.0,-1.0,-1
1.60238,1.60238,1.602355,1.60236,-1.0,-1.0,-1
1.60236,1.60237,1.60234,1.60234,-1.0,-1.0,-1
1.60234,1.60236,1.602325,1.60236,-1.0,-1.0,-1
1.60236,1.60236,1.602275,1.602295,-1.0,-1.0,-1
1.602295,1.602335,1.602295,1.602325,-1.0,-1.0,-1
1.602325,1.602335,1.60231,1.60233,-1.0,-1.0,-1
1.60233,1.60235,1.602325,1.602345,-1.0,-1.0,-1
1.602345,1.602345,1.602295,1.602315,-1.0,-1.0,-1
1.602315,1.602335,1.602275,1.60233,-1.0,-1.0,-1
1.60233,1.60236,1.60233,1.60235,-1.0,-1.0,-1
1.60235,1.60236,1.60233,1.60235,-1.0,-1.0,-1
1.60235,1.60235,1.602335,1.60235,-1.0,-1.0,-1
1.60235,1.60235,1.602335,1.60235,-1.0,-1.0,-1
1.60235,1.60235,1.602325,1.602325,-1.0,-1.0,-1
1.602325,1.602365,1.602325,1.602365,-1.0,-1.0,-1
1.602365,1.602405,1.602355,1.602405,-1.0,-1.0,-1
1.602405,1.602405,1.602395,1.602395,-1.0,-1.0,-1
1.602395,1.602395,1.60232,1.602345,-1.0,-1.0,-1
1.602345,1.60235,1.602345,1.602345,-1.0,-1.0,-1
1.602345,1.60235,1.60233,1.60235,-1.0,-1.0,-1
1.60235,1.60238,1.60232,1.60234,-1.0,-1.0,-1
1.60234,1.60236,1.602315,1.60233,-1.0,-1.0,-1
1.60233,1.60237,1.602325,1.602335,-1.0,-1.0,-1
1.602335,1.602345,1.60229,1.602325,-1.0,-1.0,-1
1.602325,1.602345,1.60231,1.60234,-1.0,-1.0,-1
1.60234,1.602345,1.602315,1.602325,-1.0,-1.0,-1
1.602325,1.602325,1.602325,1.602325,-1.0,-1.0,-1
1.602325,1.602365,1.602315,1.602335,-1.0,-1.0,-1
1.602335,1.602345,1.60232,1.60232,-1.0,-1.0,-1
1.60232,1.602345,1.60232,1.60232,-1.0,-1.0,-1
1.60232,1.60234,1.60232,1.602335,-1.0,-1.0,-1
1.602335,1.60236,1.60233,1.60236,-1.0,-1.0,-1
1.60236,1.60238,1.60235,1.60235,-1.0,-1.0,-1
1.60235,1.60235,1.60233,1.602335,-1.0,-1.0,-1
1.602335,1.602365,1.60233,1.602345,-1.0,-1.0,-1
1.602345,1.60236,1.602345,1.60235,-1.0,-1.0,-1
1.60235,1.60242,1.60233,1.60241,-1.0,-1.0,-1
1.60241,1.60242,1.602385,1.602405,-1.0,-1.0,-1
1.602405,1.60244,1.602385,1.60244,-1.0,-1.0,-1
1.60244,1.60244,1.60242,1.602425,-1.0,-1.0,-1
1.602425,1.602435,1.602415,1.602425,-1.0,-1.0,-1
1.602425,1.602485,1.602425,1.602485,-1.0,-1.0,-1
1.602485,1.602485,1.60244,1.60246,-1.0,-1.0,-1
1.60246,1.60247,1.602455,1.602465,-1.0,-1.0,-1
1.602465,1.602465,1.60245,1.602455,-1.0,-1.0,-1
1.602455,1.60248,1.602435,1.60248,-1.0,-1.0,-1
1.60248,1.60248,1.60245,1.602455,-1.0,-1.0,-1
1.602455,1.602455,1.60241,1.602455,-1.0,-1.0,-1
1.602455,1.602495,1.60245,1.602495,-1.0,-1.0,-1
1.602495,1.602495,1.602475,1.602475,-1.0,-1.0,-1
1.602475,1.60252,1.602465,1.6025,-1.0,-1.0,-1
1.6025,1.60252,1.60249,1.602505,-1.0,-1.0,-1
1.602505,1.60252,1.602485,1.602515,-1.0,-1.0,-1
1.602515,1.602645,1.602515,1.60263,-1.0,-1.0,-1
1.60263,1.60263,1.602615,1.60263,-1.0,-1.0,-1
1.60263,1.60265,1.60262,1.60265,-1.0,-1.0,-1
1.60265,1.60265,1.6026,1.6026,-1.0,-1.0,-1
1.6026,1.602615,1.602595,1.602615,-1.0,-1.0,-1
1.602615,1.602645,1.602615,1.602645,-1.0,-1.0,-1
1.602645,1.60266,1.602645,1.60265,-1.0,-1.0,-1
1.60265,1.60265,1.60262,1.602625,-1.0,-1.0,-1
1.602625,1.602645,1.60262,1.602645,-1.0,-1.0,-1
1.602645,1.60266,1.60264,1.60266,-1.0,-1.0,-1
1.60266,1.60266,1.602585,1.602585,-1.0,-1.0,-1
1.602585,1.602585,1.60255,1.60255,-1.0,-1.0,-1
1.60255,1.602575,1.60255,1.602565,-1.0,-1.0,-1
1.602565,1.6026,1.602555,1.60258,-1.0,-1.0,-1
1.60258,1.602585,1.60258,1.602585,-1.0,-1.0,-1
1.602585,1.602585,1.60255,1.602575,-1.0,-1.0,-1
1.602575,1.602575,1.60256,1.60256,-1.0,-1.0,-1
1.60256,1.602575,1.60254,1.602575,-1.0,-1.0,-1
1.602575,1.60261,1.60257,1.602605,-1.0,-1.0,-1
1.602605,1.60261,1.602585,1.602585,-1.0,-1.0,-1
1.602585,1.602615,1.602585,1.602605,-1.0,-1.0,-1
1.602605,1.602615,1.602585,1.602595,-1.0,-1.0,-1
1.602595,1.60264,1.602585,1.60264,-1.0,-1.0,-1
1.60264,1.60264,1.6026,1.6026,-1.0,-1.0,-1
1.6026,1.602605,1.6026,1.6026,-1.0,-1.0,-1
1.6026,1.60261,1.6026,1.602605,-1.0,-1.0,-1
1.602605,1.60261,1.602575,1.602575,-1.0,-1.0,-1
1.602575,1.602575,1.602565,1.60257,-1.0,-1.0,-1
1.60257,1.6026,1.602505,1.602515,-1.0,-1.0,-1
1.602515,1.60253,1.60248,1.602495,-1.0,-1.0,-1
1.602495,1.60252,1.602495,1.602505,-1.0,-1.0,-1
1.602505,1.602575,1.6025,1.6025,-1.0,-1.0,-1
1.6025,1.60254,1.60249,1.60254,-1.0,-1.0,-1
1.60254,1.60254,1.60247,1.602485,-1.0,-1.0,-1
1.602485,1.60249,1.60247,1.602475,-1.0,-1.0,-1
1.602475,1.6025,1.60247,1.602485,-1.0,-1.0,-1
1.602485,1.60249,1.60247,1.60247,-1.0,-1.0,-1
1.60247,1.602485,1.60247,1.602485,-1.0,-1.0,-1
1.602485,1.602485,1.60247,1.60247,-1.0,-1.0,-1
1.60247,1.602475,1.602445,1.60245,-1.0,-1.0,-1
1.60245,1.602505,1.602445,1.602495,-1.0,-1.0,-1
1.602495,1.602525,1.602495,1.60252,-1.0,-1.0,-1
1.60252,1.60253,1.602505,1.602505,-1.0,-1.0,-1
1.602505,1.602505,1.602495,1.602505,-1.0,-1.0,-1
1.602505,1.602505,1.60246,1.60246,-1.0,-1.0,-1
1.60246,1.60257,1.60246,1.60257,-1.0,-1.0,-1
1.60257,1.60263,1.602565,1.602605,-1.0,-1.0,-1
1.602605,1.602625,1.602605,1.602615,-1.0,-1.0,-1
1.602615,1.60265,1.602615,1.60265,-1.0,-1.0,-1
1.60265,1.602665,1.602625,1.602635,-1.0,-1.0,-1
1.602635,1.602645,1.60263,1.602645,-1.0,-1.0,-1
1.602645,1.602645,1.60263,1.602645,-1.0,-1.0,-1
1.602645,1.602665,1.60262,1.60263,-1.0,-1.0,-1
1.60263,1.60265,1.602625,1.602645,-1.0,-1.0,-1
1.602645,1.602645,1.602625,1.60263,-1.0,-1.0,-1
1.60263,1.602645,1.602625,1.602635,-1.0,-1.0,-1
1.602635,1.60265,1.60262,1.602645,-1.0,-1.0,-1
1.602645,1.602655,1.60259,1.602595,-1.0,-1.0,-1
1.602595,1.602635,1.602585,1.60262,-1.0,-1.0,-1
1.60262,1.602625,1.602605,1.602625,-1.0,-1.0,-1
1.602625,1.602645,1.60262,1.602635,-1.0,-1.0,-1
1.602635,1.602635,1.602595,1.602595,-1.0,-1.0,-1
1.602595,1.602595,1.602575,1.602595,-1.0,-1.0,-1
1.602595,1.602595,1.602565,1.60257,-1.0,-1.0,-1
1.60257,1.602585,1.60253,1.60254,-1.0,-1.0,-1
1.60254,1.602565,1.602485,1.602495,-1.0,-1.0,-1
1.602495,1.60252,1.602495,1.602515,-1.0,-1.0,-1
1.602515,1.60255,1.602495,1.60254,-1.0,-1.0,-1
1.60254,1.602565,1.602515,1.60254,-1.0,-1.0,-1
1.60254,1.602575,1.60253,1.60257,-1.0,-1.0,-1
1.60257,1.602595,1.602535,1.602575,-1.0,-1.0,-1
1.602575,1.60259,1.60251,1.60252,-1.0,-1.0,-1
1.60252,1.60253,1.6025,1.60253,-1.0,-1.0,-1
1.60253,1.60253,1.60249,1.6025,-1.0,-1.0,-1
1.6025,1.6025,1.602475,1.60249,-1.0,-1.0,-1
1.60249,1.602505,1.602485,1.602505,-1.0,-1.0,-1
1.602505,1.60251,1.602505,1.60251,-1.0,-1.0,-1
1.60251,1.60252,1.60251,1.60251,-1.0,-1.0,-1
1.60251,1.60251,1.60251,1.60251,-1.0,-1.0,-1
1.60251,1.602575,1.6025,1.60257,-1.0,-1.0,-1
1.60257,1.60261,1.60257,1.602605,-1.0,-1.0,-1
1.602605,1.60261,1.60259,1.60259,-1.0,-1.0,-1
1.60259,1.60259,1.60252,1.60254,-1.0,-1.0,-1
1.60254,1.60254,1.602515,1.60252,-1.0,-1.0,-1
1.60252,1.60254,1.60251,1.60251,-1.0,-1.0,-1
1.60251,1.602535,1.60251,1.60253,-1.0,-1.0,-1
1.60253,1.60253,1.60251,1.60251,-1.0,-1.0,-1
1.60251,1.60251,1.60246,1.60247,-1.0,-1.0,-1
1.60247,1.602485,1.60247,1.60248,-1.0,-1.0,-1
1.60248,1.60248,1.60248,1.60248,-1.0,-1.0,-1
1.60248,1.602485,1.60248,1.60248,-1.0,-1.0,-1
1.60248,1.602565,1.60248,1.602565,-1.0,-1.0,-1
1.602565,1.602565,1.60255,1.60255,-1.0,-1.0,-1
1.60255,1.60256,1.60255,1.602555,-1.0,-1.0,-1
1.602555,1.602575,1.602525,1.60255,-1.0,-1.0,-1
1.60255,1.602555,1.602535,1.60254,-1.0,-1.0,-1
1.60254,1.602565,1.602535,1.602555,-1.0,-1.0,-1
1.602555,1.60259,1.602545,1.60259,-1.0,-1.0,-1
1.60259,1.60259,1.60256,1.60256,-1.0,-1.0,-1
1.60256,1.60258,1.60254,1.602565,-1.0,-1.0,-1
1.602565,1.602585,1.60255,1.60258,-1.0,-1.0,-1
1.60258,1.602645,1.60256,1.602645,-1.0,-1.0,-1
1.602645,1.602665,1.60262,1.602635,-1.0,-1.0,-1
1.602635,1.60266,1.60262,1.602655,-1.0,-1.0,-1
1.602655,1.602665,1.60262,1.602635,-1.0,-1.0,-1
1.602635,1.602655,1.602625,1.602655,-1.0,-1.0,-1
1.602655,1.602705,1.602655,1.602705,-1.0,-1.0,-1
1.602705,1.60272,1.60269,1.602715,-1.0,-1.0,-1
1.602715,1.602755,1.60271,1.602755,-1.0,-1.0,-1
1.602755,1.602755,1.602685,1.602705,-1.0,-1.0,-1
1.602705,1.602705,1.60267,1.602685,-1.0,-1.0,-1
1.602685,1.60269,1.602655,1.602665,-1.0,-1.0,-1
1.602665,1.602675,1.60259,1.602615,-1.0,-1.0,-1
1.602615,1.602615,1.60259,1.602595,-1.0,-1.0,-1
1.602595,1.60261,1.60255,1.60255,-1.0,-1.0,-1
1.60255,1.602595,1.60255,1.60258,-1.0,-1.0,-1
1.60258,1.60258,1.60256,1.602575,-1.0,-1.0,-1
1.602575,1.602615,1.60253,1.602615,-1.0,-1.0,-1
1.602615,1.60267,1.60261,1.602665,-1.0,-1.0,-1
1.602665,1.602665,1.6026,1.6026,-1.0,-1.0,-1
1.6026,1.60267,1.6026,1.602615,-1.0,-1.0,-1
1.602615,1.602615,1.602565,1.60259,-1.0,-1.0,-1
1.60259,1.602625,1.60257,1.602575,-1.0,-1.0,-1
1.602575,1.60258,1.602575,1.60258,-1.0,-1.0,-1
1.60258,1.60259,1.60254,1.60255,-1.0,-1.0,-1
1.60255,1.60255,1.602445,1.60247,-1.0,-1.0,-1
1.60247,1.6025,1.602445,1.602495,-1.0,-1.0,-1
1.602495,1.6025,1.60245,1.60247,-1.0,-1.0,-1
1.60247,1.602565,1.602465,1.60254,-1.0,-1.0,-1
1.60254,1.602575,1.602535,1.602575,-1.0,-1.0,-1
1.602575,1.6026,1.602535,1.6026,-1.0,-1.0,-1
1.6026,1.6026,1.60256,1.60258,-1.0,-1.0,-1
1.60258,1.602645,1.602565,1.60262,-1.0,-1.0,-1
1.60262,1.602625,1.6026,1.602625,-1.0,-1.0,-1
1.602625,1.60264,1.60262,1.602635,-1.0,-1.0,-1
1.602635,1.602635,1.6026,1.602625,-1.0,-1.0,-1
1.602625,1.602625,1.60259,1.602595,-1.0,-1.0,-1
1.602595,1.60265,1.602595,1.602625,-1.0,-1.0,-1
1.602625,1.60266,1.602605,1.60262,-1.0,-1.0,-1
1.60262,1.60271,1.60261,1.602695,-1.0,-1.0,-1
1.602695,1.60275,1.602695,1.602695,-1.0,-1.0,-1
1.602695,1.602755,1.602695,1.602715,-1.0,-1.0,-1
1.602715,1.602735,1.60271,1.602735,-1.0,-1.0,-1
1.602735,1.602745,1.602735,1.602745,-1.0,-1.0,-1
1.602745,1.60276,1.602745,1.60275,-1.0,-1.0,-1
1.60275,1.602765,1.602665,1.602665,-1.0,-1.0,-1
1.602665,1.60273,1.60266,1.60273,-1.0,-1.0,-1
1.60273,1.60275,1.602725,1.602725,-1.0,-1.0,-1
1.602725,1.602775,1.60271,1.60276,-1.0,-1.0,-1
1.60276,1.602805,1.60275,1.60276,-1.0,-1.0,-1
1.60276,1.602785,1.602725,1.602725,-1.0,-1.0,-1
1.602725,1.60275,1.602725,1.602735,-1.0,-1.0,-1
1.602735,1.602735,1.602715,1.602725,-1.0,-1.0,-1
1.602725,1.602725,1.6027,1.6027,-1.0,-1.0,-1
1.6027,1.6027,1.60256,1.60256,-1.0,-1.0,-1
1.60256,1.60263,1.602555,1.60256,-1.0,-1.0,-1
1.60256,1.602565,1.60255,1.602555,-1.0,-1.0,-1
1.602555,1.60261,1.602555,1.602575,-1.0,-1.0,-1
1.602575,1.60259,1.602575,1.60259,-1.0,-1.0,-1
1.60259,1.602615,1.602565,1.602595,-1.0,-1.0,-1
1.602595,1.602655,1.602585,1.602585,-1.0,-1.0,-1
1.602585,1.602585,1.602565,1.602585,-1.0,-1.0,-1
1.602585,1.602635,1.602585,1.6026,-1.0,-1.0,-1
1.6026,1.602615,1.60258,1.60261,-1.0,-1.0,-1
1.60261,1.602615,1.602595,1.602595,-1.0,-1.0,-1
1.602595,1.602595,1.602585,1.602585,-1.0,-1.0,-1
1.602585,1.602585,1.60256,1.60256,-1.0,-1.0,-1
1.60256,1.60256,1.60256,1.60256,-1.0,-1.0,-1
1.60256,1.602615,1.60254,1.60255,-1.0,-1.0,-1
1.60255,1.602575,1.60254,1.602575,-1.0,-1.0,-1
1.602575,1.602595,1.602575,1.602585,-1.0,-1.0,-1
1.602585,1.602585,1.60258,1.60258,-1.0,-1.0,-1
1.60258,1.602615,1.60258,1.602615,-1.0,-1.0,-1
1.602615,1.602615,1.60259,1.602605,-1.0,-1.0,-1
1.602605,1.602615,1.60258,1.602595,-1.0,-1.0,-1
1.602595,1.6026,1.60258,1.60258,-1.0,-1.0,-1
1.60258,1.60259,1.60248,1.60249,-1.0,-1.0,-1
1.60249,1.602495,1.60247,1.60248,-1.0,-1.0,-1
1.60248,1.60249,1.60248,1.60249,-1.0,-1.0,-1
1.60249,1.602555,1.60249,1.602545,-1.0,-1.0,-1
1.602545,1.602615,1.60252,1.602615,-1.0,-1.0,-1
1.602615,1.602625,1.60254,1.602545,-1.0,-1.0,-1
1.602545,1.60257,1.602515,1.60257,-1.0,-1.0,-1
1.60257,1.60257,1.60254,1.60256,-1.0,-1.0,-1
1.60256,1.602585,1.60256,1.60258,-1.0,-1.0,-1
1.60258,1.60258,1.60256,1.60256,-1.0,-1.0,-1
1.60256,1.60259,1.60255,1.60258,-1.0,-1.0,-1
1.60258,1.60259,1.602525,1.60255,-1.0,-1.0,-1
1.60255,1.60256,1.602535,1.602545,-1.0,-1.0,-1
1.602545,1.602555,1.602535,1.60255,-1.0,-1.0,-1
1.60255,1.602555,1.60253,1.602555,-1.0,-1.0,-1
1.602555,1.602555,1.60253,1.602535,-1.0,-1.0,-1
1.602535,1.60255,1.60251,1.602515,-1.0,-1.0,-1
1.602515,1.602525,1.602505,1.602525,-1.0,-1.0,-1
1.602525,1.602525,1.6025,1.60252,-1.0,-1.0,-1
1.60252,1.602525,1.60244,1.60247,-1.0,-1.0,-1
1.60247,1.60247,1.60239,1.60239,-1.0,-1.0,-1
1.60239,1.602395,1.602355,1.60236,-1.0,-1.0,-1
1.60236,1.60238,1.60235,1.60238,-1.0,-1.0,-1
1.60238,1.602415,1.60238,1.602415,-1.0,-1.0,-1
1.602415,1.602425,1.602415,1.60242,-1.0,-1.0,-1
1.60242,1.60243,1.60242,1.60242,-1.0,-1.0,-1
1.60242,1.60248,1.60242,1.60247,-1.0,-1.0,-1
1.60247,1.60247,1.60245,1.60246,-1.0,-1.0,-1
1.60246,1.60247,1.60241,1.60241,-1.0,-1.0,-1
1.60241,1.60244,1.602355,1.60241,-1.0,-1.0,-1
1.60241,1.602425,1.6024,1.60242,-1.0,-1.0,-1
1.60242,1.60244,1.60235,1.602375,-1.0,-1.0,-1
1.602375,1.602465,1.602375,1.60244,-1.0,-1.0,-1
1.60244,1.602445,1.60238,1.602405,-1.0,-1.0,-1
1.602405,1.602405,1.602375,1.602395,-1.0,-1.0,-1
1.602395,1.60242,1.602395,1.60241,-1.0,-1.0,-1
1.60241,1.602415,1.602385,1.6024,-1.0,-1.0,-1
1.6024,1.6024,1.60226,1.60226,-1.0,-1.0,-1
1.60226,1.60227,1.602255,1.602265,-1.0,-1.0,-1
1.602265,1.602275,1.602255,1.602275,-1.0,-1.0,-1
1.602275,1.60228,1.602255,1.60227,-1.0,-1.0,-1
1.60227,1.60228,1.602255,1.60228,-1.0,-1.0,-1
1.60228,1.60234,1.602255,1.602335,-1.0,-1.0,-1
1.602335,1.602365,1.60231,1.602315,-1.0,-1.0,-1
1.602315,1.602315,1.602275,1.60229,-1.0,-1.0,-1
1.60229,1.6023,1.602175,1.602185,-1.0,-1.0,-1
1.602185,1.60221,1.602035,1.602045,-1.0,-1.0,-1
1.602045,1.602175,1.602045,1.60216,-1.0,-1.0,-1
1.60216,1.602165,1.60213,1.60215,-1.0,-1.0,-1
1.60215,1.602225,1.602145,1.60218,-1.0,-1.0,-1
1.60218,1.60226,1.60217,1.60224,-1.0,-1.0,-1
1.60224,1.602245,1.60219,1.602235,-1.0,-1.0,-1
1.602235,1.602265,1.60221,1.60221,-1.0,-1.0,-1
1.60221,1.602275,1.602195,1.602275,-1.0,-1.0,-1
1.602275,1.602285,1.602265,1.602265,-1.0,-1.0,-1
1.602265,1.60228,1.602255,1.60228,-1.0,-1.0,-1
1.60228,1.60232,1.60225,1.60231,-1.0,-1.0,-1
1.60231,1.602315,1.602295,1.602315,-1.0,-1.0,-1
1.602315,1.60233,1.60228,1.602305,-1.0,-1.0,-1
1.602305,1.60235,1.602305,1.60235,-1.0,-1.0,-1
1.60235,1.602365,1.60233,1.60235,-1.0,-1.0,-1
1.60235,1.60236,1.602315,1.60234,-1.0,-1.0,-1
1.60234,1.60235,1.60231,1.60234,-1.0,-1.0,-1
1.60234,1.602345,1.60234,1.60234,-1.0,-1.0,-1
1.60234,1.602345,1.602315,1.602325,-1.0,-1.0,-1
1.602325,1.602325,1.602265,1.60228,-1.0,-1.0,-1
1.60228,1.602315,1.60222,1.602225,-1.0,-1.0,-1
1.602225,1.6023,1.60222,1.60226,-1.0,-1.0,-1
1.60226,1.602275,1.602225,1.60224,-1.0,-1.0,-1
1.60224,1.602255,1.60218,1.60218,-1.0,-1.0,-1
1.60218,1.602215,1.60215,1.60221,-1.0,-1.0,-1
1.60221,1.602225,1.602195,1.6022,-1.0,-1.0,-1
1.6022,1.60226,1.602195,1.602255,-1.0,-1.0,-1
1.602255,1.602285,1.602255,1.60228,-1.0,-1.0,-1
1.60228,1.602325,1.60227,1.60232,-1.0,-1.0,-1
1.60232,1.60238,1.602315,1.60237,-1.0,-1.0,-1
1.60237,1.60238,1.60233,1.602335,-1.0,-1.0,-1
1.602335,1.60235,1.602325,1.60235,-1.0,-1.0,-1
1.60235,1.602395,1.602325,1.60233,-1.0,-1.0,-1
1.60233,1.602345,1.60225,1.60225,-1.0,-1.0,-1
1.60225,1.60228,1.60225,1.602275,-1.0,-1.0,-1
1.602275,1.602305,1.60227,1.602295,-1.0,-1.0,-1
1.602295,1.60231,1.602265,1.6023,-1.0,-1.0,-1
1.6023,1.60231,1.602215,1.602215,-1.0,-1.0,-1
1.602215,1.602265,1.60221,1.60224,-1.0,-1.0,-1
1.60224,1.60225,1.60218,1.602185,-1.0,-1.0,-1
1.602185,1.60224,1.60218,1.602225,-1.0,-1.0,-1
1.602225,1.602265,1.602225,1.60226,-1.0,-1.0,-1
1.60226,1.60226,1.60223,1.60223,-1.0,-1.0,-1
1.60223,1.60235,1.60223,1.60235,-1.0,-1.0,-1
1.60235,1.60235,1.60227,1.602315,-1.0,-1.0,-1
1.602315,1.60236,1.602305,1.602325,-1.0,-1.0,-1
1.602325,1.60236,1.602305,1.60236,-1.0,-1.0,-1
1.60236,1.60238,1.602355,1.602365,-1.0,-1.0,-1
1.602365,1.60237,1.602355,1.602355,-1.0,-1.0,-1
1.602355,1.602385,1.60235,1.60236,-1.0,-1.0,-1
1.60236,1.60236,1.60235,1.60235,-1.0,-1.0,-1
1.60235,1.60237,1.60232,1.602335,-1.0,-1.0,-1
1.602335,1.602375,1.602305,1.602335,-1.0,-1.0,-1
1.602335,1.60237,1.60233,1.60234,-1.0,-1.0,-1
1.60234,1.602355,1.602325,1.60235,-1.0,-1.0,-1
1.60235,1.60235,1.60229,1.60231,-1.0,-1.0,-1
1.60231,1.60235,1.602305,1.60235,-1.0,-1.0,-1
1.60235,1.60237,1.602315,1.602335,-1.0,-1.0,-1
1.602335,1.60238,1.60233,1.60238,-1.0,-1.0,-1
1.60238,1.602385,1.60236,1.602385,-1.0,-1.0,-1
1.602385,1.602405,1.602365,1.602405,-1.0,-1.0,-1
1.602405,1.60247,1.602385,1.60247,-1.0,-1.0,-1
1.60247,1.60253,1.60247,1.60249,-1.0,-1.0,-1
1.60249,1.602495,1.60246,1.602465,-1.0,-1.0,-1
1.602465,1.602495,1.60245,1.602485,-1.0,-1.0,-1
1.602485,1.60254,1.60248,1.60254,-1.0,-1.0,-1
1.60254,1.60254,1.60249,1.60253,-1.0,-1.0,-1
1.60253,1.60257,1.602505,1.60251,-1.0,-1.0,-1
1.60251,1.60257,1.60248,1.60252,-1.0,-1.0,-1
1.60252,1.602575,1.602495,1.6025,-1.0,-1.0,-1
1.6025,1.60252,1.6025,1.6025,-1.0,-1.0,-1
1.6025,1.60252,1.602475,1.602485,-1.0,-1.0,-1
1.602485,1.602485,1.602445,1.60248,-1.0,-1.0,-1
1.60248,1.602505,1.60244,1.6025,-1.0,-1.0,-1
1.6025,1.60255,1.60249,1.602545,-1.0,-1.0,-1
1.602545,1.602555,1.60254,1.60255,-1.0,-1.0,-1
1.60255,1.60262,1.602545,1.60258,-1.0,-1.0,-1
1.60258,1.602765,1.602575,1.602765,-1.0,-1.0,-1
1.602765,1.60279,1.602685,1.60272,-1.0,-1.0,-1
1.60272,1.602725,1.602695,1.602725,-1.0,-1.0,-1
1.602725,1.602785,1.60272,1.60277,-1.0,-1.0,-1
1.60277,1.602825,1.602755,1.602825,-1.0,-1.0,-1
1.602825,1.602825,1.6027,1.602755,-1.0,-1.0,-1
1.602755,1.60278,1.602695,1.602695,-1.0,-1.0,-1
1.602695,1.6027,1.60266,1.60266,-1.0,-1.0,-1
1.60266,1.6027,1.60265,1.602695,-1.0,-1.0,-1
1.602695,1.60271,1.60267,1.602675,-1.0,-1.0,-1
1.602675,1.6027,1.602655,1.602695,-1.0,-1.0,-1
1.602695,1.602795,1.602685,1.602755,-1.0,-1.0,-1
1.602755,1.602775,1.60274,1.60276,-1.0,-1.0,-1
1.60276,1.602865,1.60273,1.602845,-1.0,-1.0,-1
1.602845,1.602965,1.602845,1.60296,-1.0,-1.0,-1
1.60296,1.60297,1.60295,1.60297,-1.0,-1.0,-1
1.60297,1.60302,1.60296,1.60296,-1.0,-1.0,-1
1.60296,1.6031,1.602955,1.6031,-1.0,-1.0,-1
1.6031,1.603105,1.6031,1.6031,-1.0,-1.0,-1
1.6031,1.603105,1.60306,1.603105,-1.0,-1.0,-1
1.603105,1.60311,1.603065,1.603085,-1.0,-1.0,-1
1.603085,1.603085,1.60303,1.60303,-1.0,-1.0,-1
1.60303,1.60303,1.602905,1.602905,-1.0,-1.0,-1
1.602905,1.602935,1.60287,1.60289,-1.0,-1.0,-1
1.60289,1.602925,1.602885,1.6029,-1.0,-1.0,-1
1.6029,1.6029,1.602835,1.602835,-1.0,-1.0,-1
1.602835,1.602855,1.60283,1.602855,-1.0,-1.0,-1
1.602855,1.60288,1.6028,1.602815,-1.0,-1.0,-1
1.602815,1.602825,1.60281,1.602815,-1.0,-1.0,-1
1.602815,1.602855,1.602815,1.60285,-1.0,-1.0,-1
1.60285,1.602855,1.602745,1.602805,-1.0,-1.0,-1
1.602805,1.60283,1.602775,1.602795,-1.0,-1.0,-1
1.602795,1.602795,1.602775,1.602775,-1.0,-1.0,-1
1.602775,1.60279,1.60274,1.60277,-1.0,-1.0,-1
1.60277,1.60279,1.60277,1.60277,-1.0,-1.0,-1
1.60277,1.60279,1.60275,1.602765,-1.0,-1.0,-1
1.602765,1.602765,1.60272,1.60273,-1.0,-1.0,-1
1.60273,1.602735,1.60271,1.602725,-1.0,-1.0,-1
1.602725,1.602725,1.602665,1.602665,-1.0,-1.0,-1
1.602665,1.60278,1.602665,1.60276,-1.0,-1.0,-1
1.60276,1.602775,1.60272,1.602725,-1.0,-1.0,-1
1.602725,1.60274,1.60267,1.602695,-1.0,-1.0,-1
1.602695,1.6028,1.602685,1.6028,-1.0,-1.0,-1
1.6028,1.60288,1.602795,1.60288,-1.0,-1.0,-1
1.60288,1.602965,1.60288,1.602955,-1.0,-1.0,-1
1.602955,1.60296,1.602915,1.60293,-1.0,-1.0,-1
1.60293,1.602935,1.602925,1.602925,-1.0,-1.0,-1
1.602925,1.602935,1.60288,1.6029,-1.0,-1.0,-1
1.6029,1.6029,1.60287,1.60287,-1.0,-1.0,-1
1.60287,1.602945,1.60284,1.60284,-1.0,-1.0,-1
1.60284,1.60296,1.60284,1.602935,-1.0,-1.0,-1
1.602935,1.60294,1.602885,1.60289,-1.0,-1.0,-1
1.60289,1.602895,1.602865,1.60288,-1.0,-1.0,-1
1.60288,1.602925,1.60286,1.602925,-1.0,-1.0,-1
1.602925,1.60306,1.60291,1.60306,-1.0,-1.0,-1
1.60306,1.60306,1.60296,1.60299,-1.0,-1.0,-1
1.60299,1.60302,1.60293,1.60295,-1.0,-1.0,-1
1.60295,1.602965,1.602845,1.602845,-1.0,-1.0,-1
1.602845,1.602855,1.602835,1.602845,-1.0,-1.0,-1
1.602845,1.602845,1.60277,1.60278,-1.0,-1.0,-1
1.60278,1.602785,1.602735,1.602735,-1.0,-1.0,-1
1.602735,1.602735,1.60265,1.60266,-1.0,-1.0,-1
1.60266,1.602665,1.60264,1.60265,-1.0,-1.0,-1
1.60265,1.60265,1.602515,1.602565,-1.0,-1.0,-1
1.602565,1.602615,1.60254,1.602615,-1.0,-1.0,-1
1.602615,1.602615,1.60256,1.6026,-1.0,-1.0,-1
1.6026,1.602615,1.602585,1.602585,-1.0,-1.0,-1
1.602585,1.602605,1.60258,1.6026,-1.0,-1.0,-1
1.6026,1.602605,1.60258,1.60258,-1.0,-1.0,-1
1.60258,1.60261,1.60258,1.602585,-1.0,-1.0,-1
1.602585,1.60261,1.602575,1.602575,-1.0,-1.0,-1
1.602575,1.602595,1.60254,1.60258,-1.0,-1.0,-1
1.60258,1.60266,1.60258,1.60263,-1.0,-1.0,-1
1.60263,1.602635,1.6026,1.6026,-1.0,-1.0,-1
1.6026,1.602605,1.60253,1.602585,-1.0,-1.0,-1
1.602585,1.60264,1.602585,1.60259,-1.0,-1.0,-1
1.60259,1.60259,1.60257,1.60257,-1.0,-1.0,-1
1.60257,1.602635,1.602565,1.60262,-1.0,-1.0,-1
1.60262,1.602685,1.602615,1.60268,-1.0,-1.0,-1
1.60268,1.602715,1.60268,1.602705,-1.0,-1.0,-1
1.602705,1.60279,1.602685,1.602735,-1.0,-1.0,-1
1.602735,1.602775,1.602735,1.60275,-1.0,-1.0,-1
1.60275,1.602755,1.60274,1.60274,-1.0,-1.0,-1
1.60274,1.60276,1.602725,1.60274,-1.0,-1.0,-1
1.60274,1.60274,1.60273,1.60273,-1.0,-1.0,-1
1.60273,1.602735,1.602715,1.602735,-1.0,-1.0,-1
1.602735,1.602735,1.602705,1.60272,-1.0,-1.0,-1
1.60272,1.602745,1.60271,1.602745,-1.0,-1.0,-1
1.602745,1.60275,1.60269,1.60269,-1.0,-1.0,-1
1.60269,1.602695,1.60266,1.602695,-1.0,-1.0,-1
1.602695,1.6027,1.602685,1.602685,-1.0,-1.0,-1
1.602685,1.60269,1.602685,1.602685,-1.0,-1.0,-1
1.602685,1.60274,1.602675,1.60274,-1.0,-1.0,-1
1.60274,1.602755,1.60273,1.60275,-1.0,-1.0,-1
1.60275,1.602755,1.602745,1.602745,-1.0,-1.0,-1
1.602745,1.602745,1.602705,1.602745,-1.0,-1.0,-1
1.602745,1.60276,1.602745,1.602745,-1.0,-1.0,-1
1.602745,1.60276,1.602745,1.602755,-1.0,-1.0,-1
1.602755,1.602755,1.60269,1.60269,-1.0,-1.0,-1
1.60269,1.60271,1.60265,1.602705,-1.0,-1.0,-1
1.602705,1.60276,1.602695,1.602725,-1.0,-1.0,-1
1.602725,1.60276,1.60272,1.602735,-1.0,-1.0,-1
1.602735,1.602755,1.60273,1.60275,-1.0,-1.0,-1
1.60275,1.60275,1.60273,1.60274,-1.0,-1.0,-1
1.60274,1.60279,1.602735,1.602755,-1.0,-1.0,-1
1.602755,1.60276,1.602745,1.60275,-1.0,-1.0,-1
1.60275,1.60277,1.602715,1.602765,-1.0,-1.0,-1
1.602765,1.602765,1.6027,1.60272,-1.0,-1.0,-1
1.60272,1.60275,1.60271,1.602725,-1.0,-1.0,-1
1.602725,1.602755,1.6027,1.60274,-1.0,-1.0,-1
1.60274,1.60275,1.60269,1.60269,-1.0,-1.0,-1
1.60269,1.6027,1.60269,1.602695,-1.0,-1.0,-1
1.602695,1.602715,1.602635,1.60266,-1.0,-1.0,-1
1.60266,1.60271,1.602655,1.60269,-1.0,-1.0,-1
1.60269,1.602695,1.602645,1.60266,-1.0,-1.0,-1
1.60266,1.60266,1.60263,1.60264,-1.0,-1.0,-1
1.60264,1.60265,1.60254,1.602545,-1.0,-1.0,-1
1.602545,1.6026,1.60253,1.60258,-1.0,-1.0,-1
1.60258,1.60264,1.602575,1.60264,-1.0,-1.0,-1
1.60264,1.602645,1.602605,1.602605,-1.0,-1.0,-1
1.602605,1.60266,1.60259,1.602645,-1.0,-1.0,-1
1.602645,1.60265,1.602645,1.60265,-1.0,-1.0,-1
1.60265,1.602655,1.6026,1.60264,-1.0,-1.0,-1
1.60264,1.60265,1.602615,1.60265,-1.0,-1.0,-1
1.60265,1.60265,1.60258,1.60258,-1.0,-1.0,-1
1.60258,1.60261,1.602575,1.60259,-1.0,-1.0,-1
1.60259,1.60261,1.60254,1.602545,-1.0,-1.0,-1
1.602545,1.60255,1.60249,1.60249,-1.0,-1.0,-1
1.60249,1.602515,1.60249,1.602505,-1.0,-1.0,-1
1.602505,1.60252,1.60249,1.602515,-1.0,-1.0,-1
1.602515,1.60252,1.602505,1.602505,-1.0,-1.0,-1
1.602505,1.602515,1.60245,1.6025,-1.0,-1.0,-1
1.6025,1.6025,1.602385,1.602415,-1.0,-1.0,-1
1.602415,1.60245,1.60241,1.602425,-1.0,-1.0,-1
1.602425,1.60251,1.60242,1.60249,-1.0,-1.0,-1
1.60249,1.60252,1.60249,1.6025,-1.0,-1.0,-1
1.6025,1.60252,1.602475,1.60248,-1.0,-1.0,-1
1.60248,1.602485,1.60247,1.60248,-1.0,-1.0,-1
1.60248,1.60248,1.6024,1.60241,-1.0,-1.0,-1
1.60241,1.602435,1.602405,1.60241,-1.0,-1.0,-1
1.60241,1.602415,1.602355,1.602365,-1.0,-1.0,-1
1.602365,1.602375,1.60231,1.602335,-1.0,-1.0,-1
1.602335,1.60236,1.602335,1.60235,-1.0,-1.0,-1
1.60235,1.60235,1.6023,1.602305,-1.0,-1.0,-1
1.602305,1.602315,1.602295,1.60231,-1.0,-1.0,-1
1.60231,1.602345,1.6023,1.602305,-1.0,-1.0,-1
1.602305,1.602365,1.60229,1.602315,-1.0,-1.0,-1
1.602315,1.602315,1.6023,1.60231,-1.0,-1.0,-1
1.60231,1.60233,1.602285,1.60231,-1.0,-1.0,-1
1.60231,1.60231,1.602245,1.602245,-1.0,-1.0,-1
1.602245,1.60229,1.60224,1.60229,-1.0,-1.0,-1
1.60229,1.602365,1.602285,1.602365,-1.0,-1.0,-1
1.602365,1.602435,1.60236,1.602425,-1.0,-1.0,-1
1.602425,1.60245,1.60242,1.602445,-1.0,-1.0,-1
1.602445,1.602455,1.602445,1.602455,-1.0,-1.0,-1
1.602455,1.602465,1.60245,1.602465,-1.0,-1.0,-1
1.602465,1.6025,1.60244,1.60244,-1.0,-1.0,-1
1.60244,1.6025,1.60244,1.602495,-1.0,-1.0,-1
1.602495,1.6025,1.602445,1.60247,-1.0,-1.0,-1
1.60247,1.60248,1.60247,1.60248,-1.0,-1.0,-1
1.60248,1.60252,1.60248,1.6025,-1.0,-1.0,-1
1.6025,1.602515,1.60248,1.602495,-1.0,-1.0,-1
1.602495,1.60253,1.602485,1.60253,-1.0,-1.0,-1
1.60253,1.60253,1.602485,1.602495,-1.0,-1.0,-1
1.602495,1.60257,1.602495,1.6025,-1.0,-1.0,-1
1.6025,1.60251,1.60246,1.602465,-1.0,-1.0,-1
1.602465,1.60249,1.60246,1.602475,-1.0,-1.0,-1
1.602475,1.60248,1.60244,1.60244,-1.0,-1.0,-1
1.60244,1.602465,1.60244,1.602465,-1.0,-1.0,-1
1.602465,1.60248,1.60244,1.60244,-1.0,-1.0,-1
1.60244,1.60245,1.60242,1.60245,-1.0,-1.0,-1
1.60245,1.60245,1.602375,1.6024,-1.0,-1.0,-1
1.6024,1.60241,1.60237,1.602395,-1.0,-1.0,-1
1.602395,1.60241,1.602395,1.602405,-1.0,-1.0,-1
1.602405,1.60244,1.6024,1.60244,-1.0,-1.0,-1
1.60244,1.60246,1.60239,1.602455,-1.0,-1.0,-1
1.602455,1.60248,1.60244,1.60245,-1.0,-1.0,-1
1.60245,1.60246,1.602415,1.602445,-1.0,-1.0,-1
1.602445,1.60246,1.60244,1.60245,-1.0,-1.0,-1
1.60245,1.602455,1.602425,1.602425,-1.0,-1.0,-1
1.602425,1.60243,1.602395,1.60241,-1.0,-1.0,-1
1.60241,1.60243,1.6024,1.60241,-1.0,-1.0,-1
1.60241,1.60241,1.602405,1.602405,-1.0,-1.0,-1
1.602405,1.602405,1.6024,1.602405,-1.0,-1.0,-1
1.602405,1.60241,1.602355,1.602355,-1.0,-1.0,-1
1.602355,1.602385,1.602295,1.602305,-1.0,-1.0,-1
1.602305,1.60232,1.602295,1.60232,-1.0,-1.0,-1
1.60232,1.60235,1.60232,1.60235,-1.0,-1.0,-1
1.60235,1.60235,1.6023,1.6023,-1.0,-1.0,-1
1.6023,1.602335,1.602295,1.60232,-1.0,-1.0,-1
