open,high,low,close,volume,average,barCount
1.171575,1.171575,1.171525,1.171565,-1.0,-1.0,-1
1.171565,1.171565,1.171565,1.171565,-1.0,-1.0,-1
1.171565,1.171565,1.17156,1.171565,-1.0,-1.0,-1
1.171565,1.171595,1.171565,1.171595,-1.0,-1.0,-1
1.171595,1.171595,1.17159,1.171595,-1.0,-1.0,-1
1.171595,1.1716,1.17159,1.1716,-1.0,-1.0,-1
1.1716,1.1716,1.1716,1.1716,-1.0,-1.0,-1
1.1716,1.1716,1.17159,1.17159,-1.0,-1.0,-1
1.17159,1.171595,1.171585,1.171585,-1.0,-1.0,-1
1.171585,1.171585,1.171585,1.171585,-1.0,-1.0,-1
1.171585,1.171585,1.171585,1.171585,-1.0,-1.0,-1
1.171585,1.171585,1.171585,1.171585,-1.0,-1.0,-1
1.171585,1.17159,1.171585,1.17159,-1.0,-1.0,-1
1.17159,1.17159,1.171585,1.17159,-1.0,-1.0,-1
1.17159,1.17159,1.171585,1.17159,-1.0,-1.0,-1
1.17159,1.17159,1.171575,1.17158,-1.0,-1.0,-1
1.17158,1.17158,1.171575,1.17158,-1.0,-1.0,-1
1.17158,1.17158,1.171575,1.17158,-1.0,-1.0,-1
1.17158,1.17158,1.171575,1.17158,-1.0,-1.0,-1
1.17158,1.17158,1.171575,1.17158,-1.0,-1.0,-1
1.17158,1.17158,1.171575,1.17158,-1.0,-1.0,-1
1.17158,1.17158,1.171575,1.17158,-1.0,-1.0,-1
1.17158,1.17158,1.171575,1.17158,-1.0,-1.0,-1
1.17158,1.17158,1.171575,1.17158,-1.0,-1.0,-1
1.17158,1.17158,1.171575,1.17158,-1.0,-1.0,-1
1.17158,1.17158,1.171575,1.17158,-1.0,-1.0,-1
1.17158,1.17158,1.171575,1.17158,-1.0,-1.0,-1
1.17158,1.17158,1.171575,1.17158,-1.0,-1.0,-1
1.17158,1.17158,1.171575,1.17158,-1.0,-1.0,-1
1.17158,1.17158,1.171575,1.17158,-1.0,-1.0,-1
1.17158,1.17158,1.171575,1.17158,-1.0,-1.0,-1
1.17158,1.17158,1.171575,1.17158,-1.0,-1.0,-1
1.17158,1.17158,1.171575,1.17158,-1.0,-1.0,-1
1.17158,1.17158,1.171575,1.17158,-1.0,-1.0,-1
1.17158,1.1716,1.171575,1.1716,-1.0,-1.0,-1
1.1716,1.171605,1.171575,1.171585,-1.0,-1.0,-1
1.171585,1.171585,1.17158,1.171585,-1.0,-1.0,-1
1.171585,1.171585,1.17158,1.171585,-1.0,-1.0,-1
1.171585,1.171585,1.17158,1.171585,-1.0,-1.0,-1
1.171585,1.17159,1.17158,1.17159,-1.0,-1.0,-1
1.17159,1.17159,1.171585,1.17159,-1.0,-1.0,-1
1.17159,1.17159,1.171585,1.17159,-1.0,-1.0,-1
1.17159,1.17159,1.171575,1.17158,-1.0,-1.0,-1
1.17158,1.17158,1.171575,1.17158,-1.0,-1.0,-1
1.17158,1.17158,1.171575,1.17158,-1.0,-1.0,-1
1.17158,1.17158,1.171575,1.17158,-1.0,-1.0,-1
1.17158,1.17158,1.171575,1.17158,-1.0,-1.0,-1
1.17158,1.17158,1.171575,1.17158,-1.0,-1.0,-1
1.17158,1.17159,1.171575,1.17159,-1.0,-1.0,-1
1.17159,1.17159,1.171575,1.17158,-1.0,-1.0,-1
1.17158,1.17158,1.171575,1.17158,-1.0,-1.0,-1
1.17158,1.17158,1.171575,1.17158,-1.0,-1.0,-1
1.17158,1.17158,1.171575,1.17158,-1.0,-1.0,-1
1.17158,1.17158,1.171575,1.17158,-1.0,-1.0,-1
1.17158,1.17158,1.171575,1.17158,-1.0,-1.0,-1
1.17158,1.1716,1.171575,1.171585,-1.0,-1.0,-1
1.171585,1.171585,1.17158,1.171585,-1.0,-1.0,-1
1.171585,1.1716,1.17158,1.171585,-1.0,-1.0,-1
1.171585,1.171585,1.17158,1.171585,-1.0,-1.0,-1
1.171585,1.171585,1.17158,1.171585,-1.0,-1.0,-1
1.171585,1.171585,1.17158,1.171585,-1.0,-1.0,-1
1.171585,1.171585,1.17158,1.171585,-1.0,-1.0,-1
1.171585,1.171585,1.17158,1.171585,-1.0,-1.0,-1
1.171585,1.171585,1.17158,1.171585,-1.0,-1.0,-1
1.171585,1.171585,1.17158,1.171585,-1.0,-1.0,-1
1.171585,1.171585,1.17158,1.171585,-1.0,-1.0,-1
1.171585,1.171585,1.17158,1.171585,-1.0,-1.0,-1
1.171585,1.171585,1.17158,1.171585,-1.0,-1.0,-1
1.171585,1.17159,1.171575,1.171585,-1.0,-1.0,-1
1.171585,1.171585,1.171585,1.171585,-1.0,-1.0,-1
1.171585,1.171585,1.171585,1.171585,-1.0,-1.0,-1
1.171585,1.171585,1.171585,1.171585,-1.0,-1.0,-1
1.171585,1.171585,1.171585,1.171585,-1.0,-1.0,-1
1.171585,1.171585,1.171585,1.171585,-1.0,-1.0,-1
1.171585,1.171585,1.171585,1.171585,-1.0,-1.0,-1
1.171585,1.171585,1.171585,1.171585,-1.0,-1.0,-1
1.171585,1.171585,1.171585,1.171585,-1.0,-1.0,-1
1.171585,1.171585,1.171585,1.171585,-1.0,-1.0,-1
1.171585,1.171605,1.171585,1.171595,-1.0,-1.0,-1
1.171595,1.171595,1.17159,1.171595,-1.0,-1.0,-1
1.171595,1.171595,1.17159,1.171595,-1.0,-1.0,-1
1.171595,1.171595,1.17159,1.171595,-1.0,-1.0,-1
1.171595,1.171595,1.17158,1.17158,-1.0,-1.0,-1
1.17158,1.17158,1.17158,1.17158,-1.0,-1.0,-1
1.17158,1.171595,1.17158,1.17158,-1.0,-1.0,-1
1.17158,1.171595,1.17158,1.171595,-1.0,-1.0,-1
1.171595,1.171595,1.17158,1.171595,-1.0,-1.0,-1
1.171595,1.171595,1.17159,1.171595,-1.0,-1.0,-1
1.171595,1.171595,1.17159,1.171595,-1.0,-1.0,-1
1.171595,1.171595,1.17158,1.171595,-1.0,-1.0,-1
1.171595,1.171595,1.17158,1.171595,-1.0,-1.0,-1
1.171595,1.171595,1.17158,1.17158,-1.0,-1.0,-1
1.17158,1.1716,1.17158,1.171585,-1.0,-1.0,-1
1.171585,1.1716,1.171585,1.1716,-1.0,-1.0,-1
1.1716,1.1716,1.171585,1.171585,-1.0,-1.0,-1
1.171585,1.1716,1.171585,1.171585,-1.0,-1.0,-1
1.171585,1.1716,1.171585,1.1716,-1.0,-1.0,-1
1.1716,1.1716,1.1716,1.1716,-1.0,-1.0,-1
1.1716,1.1716,1.1716,1.1716,-1.0,-1.0,-1
1.1716,1.171615,1.1716,1.171615,-1.0,-1.0,-1
1.171615,1.171615,1.1716,1.1716,-1.0,-1.0,-1
1.1716,1.1716,1.1716,1.1716,-1.0,-1.0,-1
1.1716,1.1716,1.1716,1.1716,-1.0,-1.0,-1
1.1716,1.1716,1.1716,1.1716,-1.0,-1.0,-1
1.1716,1.1716,1.1716,1.1716,-1.0,-1.0,-1
1.1716,1.1716,1.171575,1.171575,-1.0,-1.0,-1
1.171575,1.171575,1.171575,1.171575,-1.0,-1.0,-1
1.171575,1.171575,1.171575,1.171575,-1.0,-1.0,-1
1.171575,1.171575,1.171575,1.171575,-1.0,-1.0,-1
1.171575,1.171575,1.171575,1.171575,-1.0,-1.0,-1
1.171575,1.171595,1.171575,1.17159,-1.0,-1.0,-1
1.17159,1.171595,1.17159,1.17159,-1.0,-1.0,-1
1.17159,1.171595,1.171575,1.171575,-1.0,-1.0,-1
1.171575,1.171575,1.171575,1.171575,-1.0,-1.0,-1
1.171575,1.171575,1.171575,1.171575,-1.0,-1.0,-1
1.171575,1.17158,1.171575,1.17158,-1.0,-1.0,-1
1.17158,1.17158,1.17158,1.17158,-1.0,-1.0,-1
1.17158,1.17158,1.171575,1.171575,-1.0,-1.0,-1
1.171575,1.171575,1.171575,1.171575,-1.0,-1.0,-1
1.171575,1.171575,1.171575,1.171575,-1.0,-1.0,-1
1.171575,1.1716,1.171575,1.1716,-1.0,-1.0,-1
1.1716,1.1716,1.171585,1.171585,-1.0,-1.0,-1
1.171585,1.171585,1.17158,1.17158,-1.0,-1.0,-1
1.17158,1.17158,1.17158,1.17158,-1.0,-1.0,-1
1.17158,1.17158,1.17158,1.17158,-1.0,-1.0,-1
1.17158,1.17158,1.17158,1.17158,-1.0,-1.0,-1
1.17158,1.17158,1.17158,1.17158,-1.0,-1.0,-1
1.17158,1.17158,1.17158,1.17158,-1.0,-1.0,-1
1.17158,1.17158,1.17158,1.17158,-1.0,-1.0,-1
1.17158,1.17158,1.17158,1.17158,-1.0,-1.0,-1
1.17158,1.17158,1.17158,1.17158,-1.0,-1.0,-1
1.17158,1.17158,1.17157,1.17157,-1.0,-1.0,-1
1.17157,1.17157,1.17157,1.17157,-1.0,-1.0,-1
1.17157,1.171575,1.17157,1.171575,-1.0,-1.0,-1
1.171575,1.17158,1.171575,1.17158,-1.0,-1.0,-1
1.17158,1.17158,1.17158,1.17158,-1.0,-1.0,-1
1.17158,1.17158,1.171575,1.171575,-1.0,-1.0,-1
1.171575,1.171575,1.171575,1.171575,-1.0,-1.0,-1
1.171575,1.171575,1.171575,1.171575,-1.0,-1.0,-1
1.171575,1.171575,1.171575,1.171575,-1.0,-1.0,-1
1.171575,1.171575,1.171575,1.171575,-1.0,-1.0,-1
1.171575,1.171575,1.171575,1.171575,-1.0,-1.0,-1
1.171575,1.171575,1.171575,1.171575,-1.0,-1.0,-1
1.171575,1.171595,1.171575,1.171585,-1.0,-1.0,-1
1.171585,1.171585,1.171585,1.171585,-1.0,-1.0,-1
1.171585,1.171585,1.171575,1.171575,-1.0,-1.0,-1
1.171575,1.171575,1.171575,1.171575,-1.0,-1.0,-1
1.171575,1.171585,1.171575,1.171585,-1.0,-1.0,-1
1.171585,1.171585,1.171585,1.171585,-1.0,-1.0,-1
1.171585,1.171585,1.171585,1.171585,-1.0,-1.0,-1
1.171585,1.171585,1.171575,1.171575,-1.0,-1.0,-1
1.171575,1.171575,1.171575,1.171575,-1.0,-1.0,-1
1.171575,1.171585,1.171575,1.171585,-1.0,-1.0,-1
1.171585,1.171585,1.171585,1.171585,-1.0,-1.0,-1
1.171585,1.171585,1.17157,1.17157,-1.0,-1.0,-1
1.17157,1.171585,1.17157,1.171585,-1.0,-1.0,-1
1.171585,1.171585,1.171575,1.171575,-1.0,-1.0,-1
1.171575,1.171585,1.171575,1.17158,-1.0,-1.0,-1
1.17158,1.17158,1.17158,1.17158,-1.0,-1.0,-1
1.17158,1.171585,1.171575,1.171575,-1.0,-1.0,-1
1.171575,1.171575,1.171575,1.171575,-1.0,-1.0,-1
1.171575,1.171585,1.17157,1.171585,-1.0,-1.0,-1
1.171585,1.171585,1.171585,1.171585,-1.0,-1.0,-1
1.171585,1.171585,1.17158,1.171585,-1.0,-1.0,-1
1.171585,1.171585,1.171585,1.171585,-1.0,-1.0,-1
1.171585,1.171585,1.171585,1.171585,-1.0,-1.0,-1
1.171585,1.171585,1.17158,1.17158,-1.0,-1.0,-1
1.17158,1.17158,1.17158,1.17158,-1.0,-1.0,-1
1.17158,1.17158,1.17158,1.17158,-1.0,-1.0,-1
1.17158,1.17158,1.17158,1.17158,-1.0,-1.0,-1
1.17158,1.17158,1.17157,1.17157,-1.0,-1.0,-1
1.17157,1.17158,1.17157,1.17157,-1.0,-1.0,-1
1.17157,1.171575,1.17157,1.171575,-1.0,-1.0,-1
1.171575,1.171575,1.171575,1.171575,-1.0,-1.0,-1
1.171575,1.171615,1.171575,1.171575,-1.0,-1.0,-1
1.171575,1.171585,1.171575,1.171585,-1.0,-1.0,-1
1.171585,1.171585,1.171585,1.171585,-1.0,-1.0,-1
1.171585,1.171585,1.171585,1.171585,-1.0,-1.0,-1
1.171585,1.171585,1.171585,1.171585,-1.0,-1.0,-1
1.171585,1.171585,1.171585,1.171585,-1.0,-1.0,-1
1.171585,1.171585,1.17158,1.17158,-1.0,-1.0,-1
1.17158,1.171595,1.17158,1.171595,-1.0,-1.0,-1
1.171595,1.171595,1.17159,1.171595,-1.0,-1.0,-1
1.171595,1.171595,1.17159,1.171595,-1.0,-1.0,-1
1.171595,1.171595,1.17158,1.17158,-1.0,-1.0,-1
1.17158,1.17158,1.17158,1.17158,-1.0,-1.0,-1
1.17158,1.17158,1.17158,1.17158,-1.0,-1.0,-1
1.17158,1.17158,1.17158,1.17158,-1.0,-1.0,-1
1.17158,1.17158,1.17158,1.17158,-1.0,-1.0,-1
1.17158,1.17158,1.17158,1.17158,-1.0,-1.0,-1
1.17158,1.17158,1.171575,1.171575,-1.0,-1.0,-1
1.171575,1.171575,1.171575,1.171575,-1.0,-1.0,-1
1.171575,1.171575,1.171575,1.171575,-1.0,-1.0,-1
1.171575,1.171575,1.171575,1.171575,-1.0,-1.0,-1
1.171575,1.171575,1.171575,1.171575,-1.0,-1.0,-1
1.171575,1.17161,1.171575,1.171575,-1.0,-1.0,-1
1.171575,1.171575,1.171575,1.171575,-1.0,-1.0,-1
1.171575,1.171575,1.171575,1.171575,-1.0,-1.0,-1
1.171575,1.171575,1.171575,1.171575,-1.0,-1.0,-1
1.171575,1.171575,1.171575,1.171575,-1.0,-1.0,-1
1.171575,1.171575,1.171575,1.171575,-1.0,-1.0,-1
1.171575,1.17158,1.171575,1.17158,-1.0,-1.0,-1
1.17158,1.17158,1.17158,1.17158,-1.0,-1.0,-1
1.17158,1.17158,1.171575,1.171575,-1.0,-1.0,-1
1.171575,1.171575,1.171575,1.171575,-1.0,-1.0,-1
1.171575,1.171575,1.171575,1.171575,-1.0,-1.0,-1
1.171575,1.171575,1.171575,1.171575,-1.0,-1.0,-1
1.171575,1.17158,1.17157,1.17157,-1.0,-1.0,-1
1.17157,1.17157,1.17157,1.17157,-1.0,-1.0,-1
1.17157,1.17158,1.17157,1.17158,-1.0,-1.0,-1
1.17158,1.17158,1.17158,1.17158,-1.0,-1.0,-1
1.17158,1.17158,1.171575,1.171575,-1.0,-1.0,-1
1.171575,1.171575,1.171575,1.171575,-1.0,-1.0,-1
1.171575,1.171575,1.171575,1.171575,-1.0,-1.0,-1
1.171575,1.171575,1.171575,1.171575,-1.0,-1.0,-1
1.171575,1.171575,1.17156,1.171565,-1.0,-1.0,-1
1.171565,1.171565,1.171565,1.171565,-1.0,-1.0,-1
1.171565,1.171565,1.171565,1.171565,-1.0,-1.0,-1
1.171565,1.171575,1.171565,1.17157,-1.0,-1.0,-1
1.17157,1.17157,1.17157,1.17157,-1.0,-1.0,-1
1.17157,1.17157,1.17156,1.17156,-1.0,-1.0,-1
1.17156,1.17156,1.17156,1.17156,-1.0,-1.0,-1
1.17156,1.17156,1.17156,1.17156,-1.0,-1.0,-1
1.17156,1.17157,1.17156,1.17157,-1.0,-1.0,-1
1.17157,1.17157,1.171565,1.171565,-1.0,-1.0,-1
1.171565,1.171565,1.17156,1.17156,-1.0,-1.0,-1
1.17156,1.17156,1.17156,1.17156,-1.0,-1.0,-1
1.17156,1.17156,1.17156,1.17156,-1.0,-1.0,-1
1.17156,1.17156,1.17156,1.17156,-1.0,-1.0,-1
1.17156,1.17156,1.17156,1.17156,-1.0,-1.0,-1
1.17156,1.17156,1.17156,1.17156,-1.0,-1.0,-1
1.17156,1.17156,1.17156,1.17156,-1.0,-1.0,-1
1.17156,1.17156,1.17156,1.17156,-1.0,-1.0,-1
1.17156,1.17157,1.17156,1.17157,-1.0,-1.0,-1
1.17157,1.17157,1.17157,1.17157,-1.0,-1.0,-1
1.17157,1.17157,1.171555,1.171555,-1.0,-1.0,-1
1.171555,1.171555,1.171555,1.171555,-1.0,-1.0,-1
1.171555,1.171555,1.171555,1.171555,-1.0,-1.0,-1
1.171555,1.171555,1.171555,1.171555,-1.0,-1.0,-1
1.171555,1.171555,1.171555,1.171555,-1.0,-1.0,-1
1.171555,1.171555,1.171555,1.171555,-1.0,-1.0,-1
1.171555,1.171555,1.171555,1.171555,-1.0,-1.0,-1
1.171555,1.171555,1.171555,1.171555,-1.0,-1.0,-1
1.171555,1.17156,1.171555,1.17156,-1.0,-1.0,-1
1.17156,1.17156,1.17156,1.17156,-1.0,-1.0,-1
1.17156,1.17156,1.171555,1.171555,-1.0,-1.0,-1
1.171555,1.171555,1.171555,1.171555,-1.0,-1.0,-1
1.171555,1.171555,1.171555,1.171555,-1.0,-1.0,-1
1.171555,1.171555,1.171555,1.171555,-1.0,-1.0,-1
1.171555,1.171555,1.171555,1.171555,-1.0,-1.0,-1
1.171555,1.171555,1.171555,1.171555,-1.0,-1.0,-1
1.171555,1.171555,1.171555,1.171555,-1.0,-1.0,-1
1.171555,1.171555,1.171555,1.171555,-1.0,-1.0,-1
1.171555,1.171555,1.171555,1.171555,-1.0,-1.0,-1
1.171555,1.171555,1.17154,1.171545,-1.0,-1.0,-1
1.171545,1.171545,1.17154,1.171545,-1.0,-1.0,-1
1.171545,1.171555,1.171525,1.171525,-1.0,-1.0,-1
1.171525,1.171535,1.171525,1.171525,-1.0,-1.0,-1
1.171525,1.171525,1.171525,1.171525,-1.0,-1.0,-1
1.171525,1.171535,1.171525,1.171525,-1.0,-1.0,-1
1.171525,1.171535,1.171525,1.171535,-1.0,-1.0,-1
1.171535,1.171535,1.171535,1.171535,-1.0,-1.0,-1
1.171535,1.171565,1.171535,1.171565,-1.0,-1.0,-1
1.171565,1.171565,1.171545,1.17155,-1.0,-1.0,-1
1.17155,1.171555,1.17154,1.17155,-1.0,-1.0,-1
1.17155,1.17155,1.171535,1.171535,-1.0,-1.0,-1
1.171535,1.17154,1.171535,1.17154,-1.0,-1.0,-1
1.17154,1.17155,1.171535,1.17154,-1.0,-1.0,-1
1.17154,1.17154,1.17154,1.17154,-1.0,-1.0,-1
1.17154,1.17154,1.17154,1.17154,-1.0,-1.0,-1
1.17154,1.17154,1.171535,1.171535,-1.0,-1.0,-1
1.171535,1.171555,1.171535,1.171535,-1.0,-1.0,-1
1.171535,1.171535,1.171535,1.171535,-1.0,-1.0,-1
1.171535,1.171535,1.17153,1.17153,-1.0,-1.0,-1
1.17153,1.171555,1.17153,1.171555,-1.0,-1.0,-1
1.171555,1.171555,1.171555,1.171555,-1.0,-1.0,-1
1.171555,1.17156,1.171545,1.17155,-1.0,-1.0,-1
1.17155,1.171565,1.171545,1.171555,-1.0,-1.0,-1
1.171555,1.171555,1.171555,1.171555,-1.0,-1.0,-1
1.171555,1.171575,1.171545,1.171565,-1.0,-1.0,-1
1.171565,1.171565,1.171555,1.171555,-1.0,-1.0,-1
1.171555,1.17156,1.171555,1.171555,-1.0,-1.0,-1
1.171555,1.17156,1.171555,1.171555,-1.0,-1.0,-1
1.171555,1.17156,1.17154,1.17154,-1.0,-1.0,-1
1.17154,1.17154,1.17154,1.17154,-1.0,-1.0,-1
1.17154,1.17156,1.17154,1.171555,-1.0,-1.0,-1
1.171555,1.171565,1.171555,1.171565,-1.0,-1.0,-1
1.171565,1.171565,1.17156,1.171565,-1.0,-1.0,-1
1.171565,1.171565,1.17156,1.17156,-1.0,-1.0,-1
1.17156,1.17156,1.17156,1.17156,-1.0,-1.0,-1
1.17156,1.17156,1.17156,1.17156,-1.0,-1.0,-1
1.17156,1.17156,1.17156,1.17156,-1.0,-1.0,-1
1.17156,1.17156,1.17156,1.17156,-1.0,-1.0,-1
1.17156,1.17156,1.17156,1.17156,-1.0,-1.0,-1
1.17156,1.17156,1.17156,1.17156,-1.0,-1.0,-1
1.17156,1.17156,1.17156,1.17156,-1.0,-1.0,-1
1.17156,1.171565,1.17156,1.171565,-1.0,-1.0,-1
1.171565,1.171565,1.171555,1.17156,-1.0,-1.0,-1
1.17156,1.17156,1.17156,1.17156,-1.0,-1.0,-1
1.17156,1.171565,1.17156,1.171565,-1.0,-1.0,-1
1.171565,1.171575,1.171565,1.171575,-1.0,-1.0,-1
1.171575,1.171575,1.17156,1.171565,-1.0,-1.0,-1
1.171565,1.171565,1.171565,1.171565,-1.0,-1.0,-1
1.171565,1.17163,1.171565,1.17162,-1.0,-1.0,-1
1.17162,1.171635,1.17162,1.17163,-1.0,-1.0,-1
1.17163,1.171695,1.17163,1.17168,-1.0,-1.0,-1
1.17168,1.17169,1.17168,1.171685,-1.0,-1.0,-1
1.171685,1.171695,1.171685,1.171685,-1.0,-1.0,-1
1.171685,1.17169,1.17168,1.17168,-1.0,-1.0,-1
1.17168,1.171695,1.17168,1.17169,-1.0,-1.0,-1
1.17169,1.171695,1.171675,1.171675,-1.0,-1.0,-1
1.171675,1.171685,1.17167,1.17168,-1.0,-1.0,-1
1.17168,1.171685,1.17167,1.171675,-1.0,-1.0,-1
1.171675,1.1717,1.17167,1.171685,-1.0,-1.0,-1
1.171685,1.17169,1.171675,1.17168,-1.0,-1.0,-1
1.17168,1.171695,1.17167,1.171685,-1.0,-1.0,-1
1.171685,1.171695,1.171685,1.171685,-1.0,-1.0,-1
1.171685,1.17169,1.171685,1.171685,-1.0,-1.0,-1
1.171685,1.1717,1.171675,1.17168,-1.0,-1.0,-1
1.17168,1.171685,1.17168,1.17168,-1.0,-1.0,-1
1.17168,1.1717,1.17168,1.17169,-1.0,-1.0,-1
1.17169,1.1717,1.17169,1.1717,-1.0,-1.0,-1
1.1717,1.1717,1.1717,1.1717,-1.0,-1.0,-1
1.1717,1.1717,1.1717,1.1717,-1.0,-1.0,-1
1.1717,1.1717,1.1717,1.1717,-1.0,-1.0,-1
1.1717,1.1717,1.1717,1.1717,-1.0,-1.0,-1
1.1717,1.1717,1.1717,1.1717,-1.0,-1.0,-1
1.1717,1.1717,1.171565,1.171575,-1.0,-1.0,-1
1.171575,1.171575,1.17155,1.171565,-1.0,-1.0,-1
1.171565,1.171575,1.171565,1.171575,-1.0,-1.0,-1
1.171575,1.171575,1.17155,1.17155,-1.0,-1.0,-1
1.17155,1.17155,1.17155,1.17155,-1.0,-1.0,-1
1.17155,1.171555,1.17154,1.17154,-1.0,-1.0,-1
1.17154,1.17155,1.17154,1.171545,-1.0,-1.0,-1
1.171545,1.17155,1.171545,1.171545,-1.0,-1.0,-1
1.171545,1.17155,1.171545,1.171545,-1.0,-1.0,-1
1.171545,1.171565,1.171545,1.171565,-1.0,-1.0,-1
1.171565,1.171565,1.171565,1.171565,-1.0,-1.0,-1
1.171565,1.171565,1.171565,1.171565,-1.0,-1.0,-1
1.171565,1.171585,1.171565,1.171565,-1.0,-1.0,-1
1.171565,1.171565,1.171565,1.171565,-1.0,-1.0,-1
1.171565,1.171565,1.171565,1.171565,-1.0,-1.0,-1
1.171565,1.171565,1.17156,1.17156,-1.0,-1.0,-1
1.17156,1.17156,1.17156,1.17156,-1.0,-1.0,-1
1.17156,1.17156,1.17156,1.17156,-1.0,-1.0,-1
1.17156,1.17156,1.17156,1.17156,-1.0,-1.0,-1
1.17156,1.17156,1.17156,1.17156,-1.0,-1.0,-1
1.17156,1.17156,1.17156,1.17156,-1.0,-1.0,-1
1.17156,1.171575,1.17156,1.171575,-1.0,-1.0,-1
1.171575,1.171575,1.171575,1.171575,-1.0,-1.0,-1
1.171575,1.171575,1.171575,1.171575,-1.0,-1.0,-1
1.171575,1.171575,1.17156,1.17156,-1.0,-1.0,-1
1.17156,1.17156,1.17156,1.17156,-1.0,-1.0,-1
1.17156,1.17156,1.17156,1.17156,-1.0,-1.0,-1
1.17156,1.17156,1.17156,1.17156,-1.0,-1.0,-1
1.17156,1.17156,1.17156,1.17156,-1.0,-1.0,-1
1.17156,1.17156,1.17156,1.17156,-1.0,-1.0,-1
1.17156,1.17156,1.17156,1.17156,-1.0,-1.0,-1
1.17156,1.17156,1.17156,1.17156,-1.0,-1.0,-1
1.17156,1.17156,1.17156,1.17156,-1.0,-1.0,-1
1.17156,1.171565,1.17156,1.17156,-1.0,-1.0,-1
1.17156,1.17156,1.17156,1.17156,-1.0,-1.0,-1
1.17156,1.17156,1.17155,1.17155,-1.0,-1.0,-1
1.17155,1.17155,1.17154,1.17154,-1.0,-1.0,-1
1.17154,1.171555,1.17154,1.171555,-1.0,-1.0,-1
1.171555,1.171555,1.17155,1.17155,-1.0,-1.0,-1
1.17155,1.17155,1.17154,1.17154,-1.0,-1.0,-1
1.17154,1.17154,1.17154,1.17154,-1.0,-1.0,-1
1.17154,1.17154,1.17154,1.17154,-1.0,-1.0,-1
1.17154,1.17155,1.17154,1.17154,-1.0,-1.0,-1
1.17154,1.17154,1.17154,1.17154,-1.0,-1.0,-1
1.17154,1.17154,1.17154,1.17154,-1.0,-1.0,-1
1.17154,1.17154,1.17154,1.17154,-1.0,-1.0,-1
1.17154,1.17154,1.17154,1.17154,-1.0,-1.0,-1
1.17154,1.17155,1.17154,1.17155,-1.0,-1.0,-1
1.17155,1.17155,1.17154,1.17154,-1.0,-1.0,-1
1.17154,1.17154,1.17154,1.17154,-1.0,-1.0,-1
1.17154,1.17154,1.17154,1.17154,-1.0,-1.0,-1
1.17154,1.17154,1.17154,1.17154,-1.0,-1.0,-1
1.17154,1.17154,1.17154,1.17154,-1.0,-1.0,-1
1.17154,1.171565,1.17154,1.17154,-1.0,-1.0,-1
1.17154,1.17154,1.17154,1.17154,-1.0,-1.0,-1
1.17154,1.17155,1.17154,1.17155,-1.0,-1.0,-1
1.17155,1.17155,1.17155,1.17155,-1.0,-1.0,-1
1.17155,1.171555,1.171545,1.171545,-1.0,-1.0,-1
1.171545,1.17155,1.17154,1.17154,-1.0,-1.0,-1
1.17154,1.17154,1.17154,1.17154,-1.0,-1.0,-1
1.17154,1.17154,1.17154,1.17154,-1.0,-1.0,-1
1.17154,1.17155,1.17154,1.17155,-1.0,-1.0,-1
1.17155,1.17155,1.17155,1.17155,-1.0,-1.0,-1
1.17155,1.17155,1.17154,1.17155,-1.0,-1.0,-1
1.17155,1.17155,1.17155,1.17155,-1.0,-1.0,-1
1.17155,1.17155,1.17154,1.17154,-1.0,-1.0,-1
1.17154,1.17154,1.17154,1.17154,-1.0,-1.0,-1
1.17154,1.17154,1.17154,1.17154,-1.0,-1.0,-1
1.17154,1.17154,1.17154,1.17154,-1.0,-1.0,-1
1.17154,1.17154,1.17154,1.17154,-1.0,-1.0,-1
1.17154,1.17154,1.17154,1.17154,-1.0,-1.0,-1
1.17154,1.17154,1.17154,1.17154,-1.0,-1.0,-1
1.17154,1.17154,1.17154,1.17154,-1.0,-1.0,-1
1.17154,1.17154,1.17154,1.17154,-1.0,-1.0,-1
1.17154,1.17155,1.17154,1.17154,-1.0,-1.0,-1
1.17154,1.17154,1.171535,1.171535,-1.0,-1.0,-1
1.171535,1.171535,1.171535,1.171535,-1.0,-1.0,-1
1.171535,1.171535,1.171535,1.171535,-1.0,-1.0,-1
1.171535,1.171535,1.171535,1.171535,-1.0,-1.0,-1
1.171535,1.171535,1.171535,1.171535,-1.0,-1.0,-1
1.171535,1.171535,1.171535,1.171535,-1.0,-1.0,-1
1.171535,1.171535,1.171535,1.171535,-1.0,-1.0,-1
1.171535,1.171535,1.171535,1.171535,-1.0,-1.0,-1
1.171535,1.171535,1.171535,1.171535,-1.0,-1.0,-1
1.171535,1.171535,1.171535,1.171535,-1.0,-1.0,-1
1.171535,1.171545,1.171535,1.171535,-1.0,-1.0,-1
1.171535,1.171535,1.171535,1.171535,-1.0,-1.0,-1
1.171535,1.171535,1.171535,1.171535,-1.0,-1.0,-1
1.171535,1.171535,1.171535,1.171535,-1.0,-1.0,-1
1.171535,1.171535,1.1715,1.171505,-1.0,-1.0,-1
1.171505,1.171505,1.1715,1.1715,-1.0,-1.0,-1
1.1715,1.1715,1.1715,1.1715,-1.0,-1.0,-1
1.1715,1.1715,1.171495,1.1715,-1.0,-1.0,-1
1.1715,1.1715,1.1715,1.1715,-1.0,-1.0,-1
1.1715,1.1715,1.171495,1.171495,-1.0,-1.0,-1
1.171495,1.171495,1.171495,1.171495,-1.0,-1.0,-1
1.171495,1.171495,1.171495,1.171495,-1.0,-1.0,-1
1.171495,1.171495,1.171495,1.171495,-1.0,-1.0,-1
1.171495,1.171495,1.171495,1.171495,-1.0,-1.0,-1
1.171495,1.171495,1.171495,1.171495,-1.0,-1.0,-1
1.171495,1.171495,1.171495,1.171495,-1.0,-1.0,-1
1.171495,1.171495,1.171495,1.171495,-1.0,-1.0,-1
1.171495,1.1715,1.171495,1.1715,-1.0,-1.0,-1
1.1715,1.1715,1.1715,1.1715,-1.0,-1.0,-1
1.1715,1.1715,1.171495,1.171495,-1.0,-1.0,-1
1.171495,1.171495,1.171495,1.171495,-1.0,-1.0,-1
1.171495,1.171495,1.171495,1.171495,-1.0,-1.0,-1
1.171495,1.171495,1.171495,1.171495,-1.0,-1.0,-1
1.171495,1.171495,1.171495,1.171495,-1.0,-1.0,-1
1.171495,1.171495,1.171495,1.171495,-1.0,-1.0,-1
1.171495,1.171495,1.171495,1.171495,-1.0,-1.0,-1
1.171495,1.171495,1.171495,1.171495,-1.0,-1.0,-1
1.171495,1.171495,1.171495,1.171495,-1.0,-1.0,-1
1.171495,1.171495,1.171495,1.171495,-1.0,-1.0,-1
1.171495,1.171495,1.171495,1.171495,-1.0,-1.0,-1
1.171495,1.171495,1.171495,1.171495,-1.0,-1.0,-1
1.171495,1.171495,1.171495,1.171495,-1.0,-1.0,-1
1.171495,1.1715,1.171495,1.1715,-1.0,-1.0,-1
1.1715,1.1715,1.1715,1.1715,-1.0,-1.0,-1
1.1715,1.1715,1.171495,1.171495,-1.0,-1.0,-1
1.171495,1.171495,1.171495,1.171495,-1.0,-1.0,-1
1.171495,1.171495,1.171495,1.171495,-1.0,-1.0,-1
1.171495,1.171495,1.171495,1.171495,-1.0,-1.0,-1
1.171495,1.171495,1.171495,1.171495,-1.0,-1.0,-1
1.171495,1.171495,1.171495,1.171495,-1.0,-1.0,-1
1.171495,1.171495,1.171495,1.171495,-1.0,-1.0,-1
1.171495,1.171495,1.171495,1.171495,-1.0,-1.0,-1
1.171495,1.171495,1.171495,1.171495,-1.0,-1.0,-1
1.171495,1.171495,1.171495,1.171495,-1.0,-1.0,-1
1.171495,1.171495,1.171495,1.171495,-1.0,-1.0,-1
1.171495,1.171495,1.171495,1.171495,-1.0,-1.0,-1
1.171495,1.171495,1.171495,1.171495,-1.0,-1.0,-1
1.171495,1.171495,1.171495,1.171495,-1.0,-1.0,-1
1.171495,1.171495,1.171495,1.171495,-1.0,-1.0,-1
1.171495,1.171495,1.171495,1.171495,-1.0,-1.0,-1
1.171495,1.171495,1.171495,1.171495,-1.0,-1.0,-1
1.171495,1.171495,1.171495,1.171495,-1.0,-1.0,-1
1.171495,1.171495,1.171495,1.171495,-1.0,-1.0,-1
1.171495,1.171495,1.171495,1.171495,-1.0,-1.0,-1
1.171495,1.171495,1.171495,1.171495,-1.0,-1.0,-1
1.171495,1.171495,1.171495,1.171495,-1.0,-1.0,-1
1.171495,1.171495,1.171495,1.171495,-1.0,-1.0,-1
1.171495,1.171495,1.171495,1.171495,-1.0,-1.0,-1
1.171495,1.171495,1.171495,1.171495,-1.0,-1.0,-1
1.171495,1.1715,1.171495,1.1715,-1.0,-1.0,-1
1.1715,1.1715,1.1715,1.1715,-1.0,-1.0,-1
1.1715,1.1715,1.1715,1.1715,-1.0,-1.0,-1
1.1715,1.1715,1.1715,1.1715,-1.0,-1.0,-1
1.1715,1.1715,1.1715,1.1715,-1.0,-1.0,-1
1.1715,1.1715,1.1715,1.1715,-1.0,-1.0,-1
1.1715,1.1715,1.1715,1.1715,-1.0,-1.0,-1
1.1715,1.1715,1.1715,1.1715,-1.0,-1.0,-1
1.1715,1.1715,1.1715,1.1715,-1.0,-1.0,-1
1.1715,1.1715,1.1715,1.1715,-1.0,-1.0,-1
1.1715,1.1715,1.1715,1.1715,-1.0,-1.0,-1
1.1715,1.1715,1.171495,1.171495,-1.0,-1.0,-1
1.171495,1.171495,1.171495,1.171495,-1.0,-1.0,-1
1.171495,1.171495,1.171495,1.171495,-1.0,-1.0,-1
1.171495,1.171495,1.171495,1.171495,-1.0,-1.0,-1
1.171495,1.171495,1.171495,1.171495,-1.0,-1.0,-1
1.171495,1.171495,1.171495,1.171495,-1.0,-1.0,-1
1.171495,1.171495,1.171495,1.171495,-1.0,-1.0,-1
1.171495,1.171495,1.171495,1.171495,-1.0,-1.0,-1
1.171495,1.171495,1.171495,1.171495,-1.0,-1.0,-1
1.171495,1.171495,1.17143,1.171445,-1.0,-1.0,-1
1.171445,1.171445,1.171435,1.17144,-1.0,-1.0,-1
1.17144,1.17144,1.17144,1.17144,-1.0,-1.0,-1
1.17144,1.17144,1.171435,1.171435,-1.0,-1.0,-1
1.171435,1.17147,1.171435,1.17147,-1.0,-1.0,-1
1.17147,1.17147,1.17147,1.17147,-1.0,-1.0,-1
1.17147,1.171515,1.171465,1.171515,-1.0,-1.0,-1
1.171515,1.171515,1.1715,1.171505,-1.0,-1.0,-1
1.171505,1.171505,1.1715,1.171505,-1.0,-1.0,-1
1.171505,1.17151,1.17149,1.17151,-1.0,-1.0,-1
1.17151,1.17151,1.17151,1.17151,-1.0,-1.0,-1
1.17151,1.17151,1.17151,1.17151,-1.0,-1.0,-1
1.17151,1.17151,1.1715,1.171505,-1.0,-1.0,-1
1.171505,1.17151,1.1715,1.17151,-1.0,-1.0,-1
1.17151,1.17151,1.1715,1.171505,-1.0,-1.0,-1
1.171505,1.171505,1.1715,1.171505,-1.0,-1.0,-1
1.171505,1.171505,1.1715,1.171505,-1.0,-1.0,-1
1.171505,1.171505,1.1715,1.171505,-1.0,-1.0,-1
1.171505,1.171505,1.171495,1.1715,-1.0,-1.0,-1
1.1715,1.1715,1.171495,1.1715,-1.0,-1.0,-1
1.1715,1.17152,1.171495,1.171515,-1.0,-1.0,-1
1.171515,1.17153,1.171515,1.17153,-1.0,-1.0,-1
1.17153,1.17153,1.17153,1.17153,-1.0,-1.0,-1
1.17153,1.17153,1.17153,1.17153,-1.0,-1.0,-1
1.17153,1.17153,1.17153,1.17153,-1.0,-1.0,-1
1.17153,1.17153,1.17153,1.17153,-1.0,-1.0,-1
1.17153,1.17155,1.17153,1.17153,-1.0,-1.0,-1
1.17153,1.17153,1.17152,1.17152,-1.0,-1.0,-1
1.17152,1.17152,1.17152,1.17152,-1.0,-1.0,-1
1.17152,1.17152,1.17152,1.17152,-1.0,-1.0,-1
1.17152,1.17154,1.17152,1.17154,-1.0,-1.0,-1
1.17154,1.17154,1.171535,1.17154,-1.0,-1.0,-1
1.17154,1.17154,1.171535,1.17154,-1.0,-1.0,-1
1.17154,1.17154,1.171525,1.171525,-1.0,-1.0,-1
1.171525,1.171525,1.171525,1.171525,-1.0,-1.0,-1
1.171525,1.171525,1.171495,1.1715,-1.0,-1.0,-1
1.1715,1.171525,1.171495,1.171525,-1.0,-1.0,-1
1.171525,1.171525,1.171525,1.171525,-1.0,-1.0,-1
1.171525,1.171525,1.171525,1.171525,-1.0,-1.0,-1
1.171525,1.171525,1.171515,1.171515,-1.0,-1.0,-1
1.171515,1.171515,1.171515,1.171515,-1.0,-1.0,-1
1.171515,1.171515,1.171515,1.171515,-1.0,-1.0,-1
1.171515,1.171525,1.171515,1.171525,-1.0,-1.0,-1
1.171525,1.171525,1.171525,1.171525,-1.0,-1.0,-1
1.171525,1.171525,1.171525,1.171525,-1.0,-1.0,-1
1.171525,1.171535,1.171525,1.171535,-1.0,-1.0,-1
1.171535,1.171535,1.17153,1.171535,-1.0,-1.0,-1
1.171535,1.171535,1.17153,1.171535,-1.0,-1.0,-1
1.171535,1.171535,1.171515,1.171515,-1.0,-1.0,-1
1.171515,1.171515,1.171475,1.171475,-1.0,-1.0,-1
1.171475,1.1715,1.171455,1.171485,-1.0,-1.0,-1
1.171485,1.171485,1.17147,1.17147,-1.0,-1.0,-1
1.17147,1.17147,1.17147,1.17147,-1.0,-1.0,-1
1.17147,1.17147,1.17147,1.17147,-1.0,-1.0,-1
1.17147,1.17147,1.17146,1.17146,-1.0,-1.0,-1
1.17146,1.17158,1.17146,1.17158,-1.0,-1.0,-1
1.17158,1.17161,1.17156,1.17161,-1.0,-1.0,-1
1.17161,1.17161,1.17161,1.17161,-1.0,-1.0,-1
1.17161,1.17161,1.17161,1.17161,-1.0,-1.0,-1
1.17161,1.17162,1.17161,1.17162,-1.0,-1.0,-1
1.17162,1.17162,1.171615,1.17162,-1.0,-1.0,-1
1.17162,1.17162,1.171615,1.17162,-1.0,-1.0,-1
1.17162,1.17162,1.171615,1.17162,-1.0,-1.0,-1
1.17162,1.17162,1.171615,1.17162,-1.0,-1.0,-1
1.17162,1.17162,1.171615,1.17162,-1.0,-1.0,-1
1.17162,1.17162,1.171615,1.17162,-1.0,-1.0,-1
1.17162,1.171635,1.1716,1.1716,-1.0,-1.0,-1
1.1716,1.17163,1.1716,1.17163,-1.0,-1.0,-1
1.17163,1.171635,1.17162,1.171625,-1.0,-1.0,-1
1.171625,1.171625,1.17162,1.171625,-1.0,-1.0,-1
1.171625,1.171625,1.17162,1.171625,-1.0,-1.0,-1
1.171625,1.171635,1.17162,1.171625,-1.0,-1.0,-1
1.171625,1.171625,1.17162,1.171625,-1.0,-1.0,-1
1.171625,1.17163,1.17162,1.171625,-1.0,-1.0,-1
1.171625,1.171625,1.17162,1.171625,-1.0,-1.0,-1
1.171625,1.17163,1.17162,1.17163,-1.0,-1.0,-1
1.17163,1.17168,1.17162,1.171675,-1.0,-1.0,-1
1.171675,1.17168,1.171675,1.171675,-1.0,-1.0,-1
1.171675,1.17168,1.171675,1.171675,-1.0,-1.0,-1
1.171675,1.17168,1.171675,1.171675,-1.0,-1.0,-1
1.171675,1.17168,1.171675,1.171675,-1.0,-1.0,-1
1.171675,1.17168,1.171675,1.171675,-1.0,-1.0,-1
1.171675,1.17168,1.17167,1.171675,-1.0,-1.0,-1
1.171675,1.17168,1.171675,1.171675,-1.0,-1.0,-1
1.171675,1.17168,1.171675,1.171675,-1.0,-1.0,-1
1.171675,1.17168,1.171675,1.171675,-1.0,-1.0,-1
1.171675,1.17168,1.171675,1.171675,-1.0,-1.0,-1
1.171675,1.17168,1.171675,1.171675,-1.0,-1.0,-1
1.171675,1.17168,1.171675,1.171675,-1.0,-1.0,-1
1.171675,1.17168,1.171675,1.171675,-1.0,-1.0,-1
1.171675,1.17168,1.171675,1.171675,-1.0,-1.0,-1
1.171675,1.17168,1.171675,1.171675,-1.0,-1.0,-1
1.171675,1.17168,1.171675,1.171675,-1.0,-1.0,-1
1.171675,1.17168,1.171675,1.171675,-1.0,-1.0,-1
1.171675,1.17168,1.171675,1.171675,-1.0,-1.0,-1
1.171675,1.17171,1.171675,1.17171,-1.0,-1.0,-1
1.17171,1.17171,1.171705,1.17171,-1.0,-1.0,-1
1.17171,1.17171,1.171705,1.17171,-1.0,-1.0,-1
1.17171,1.17171,1.171705,1.17171,-1.0,-1.0,-1
1.17171,1.17171,1.171705,1.17171,-1.0,-1.0,-1
1.17171,1.17171,1.171705,1.17171,-1.0,-1.0,-1
1.17171,1.17171,1.171705,1.17171,-1.0,-1.0,-1
1.17171,1.17174,1.171705,1.17174,-1.0,-1.0,-1
1.17174,1.17174,1.17174,1.17174,-1.0,-1.0,-1
1.17174,1.17174,1.17174,1.17174,-1.0,-1.0,-1
1.17174,1.17174,1.171685,1.171685,-1.0,-1.0,-1
1.171685,1.17169,1.171685,1.171685,-1.0,-1.0,-1
1.171685,1.17169,1.171685,1.171685,-1.0,-1.0,-1
1.171685,1.1717,1.171685,1.171685,-1.0,-1.0,-1
1.171685,1.17169,1.171685,1.171685,-1.0,-1.0,-1
1.171685,1.17173,1.171685,1.17173,-1.0,-1.0,-1
1.17173,1.17173,1.171685,1.171685,-1.0,-1.0,-1
1.171685,1.17169,1.171685,1.171685,-1.0,-1.0,-1
1.171685,1.17169,1.17168,1.171685,-1.0,-1.0,-1
1.171685,1.17169,1.17168,1.171685,-1.0,-1.0,-1
1.171685,1.17169,1.171675,1.171675,-1.0,-1.0,-1
1.171675,1.17168,1.171675,1.171675,-1.0,-1.0,-1
1.171675,1.171685,1.171675,1.171685,-1.0,-1.0,-1
1.171685,1.171685,1.171685,1.171685,-1.0,-1.0,-1
1.171685,1.17172,1.171675,1.17172,-1.0,-1.0,-1
1.17172,1.17172,1.17166,1.17166,-1.0,-1.0,-1
1.17166,1.17166,1.171655,1.17166,-1.0,-1.0,-1
1.17166,1.17166,1.17166,1.17166,-1.0,-1.0,-1
1.17166,1.171665,1.17166,1.17166,-1.0,-1.0,-1
1.17166,1.17166,1.17166,1.17166,-1.0,-1.0,-1
1.17166,1.17166,1.171655,1.171655,-1.0,-1.0,-1
1.171655,1.171655,1.171655,1.171655,-1.0,-1.0,-1
1.171655,1.171655,1.171655,1.171655,-1.0,-1.0,-1
1.171655,1.17166,1.171655,1.17166,-1.0,-1.0,-1
1.17166,1.17166,1.17166,1.17166,-1.0,-1.0,-1
1.17166,1.17168,1.17163,1.171635,-1.0,-1.0,-1
1.171635,1.171635,1.17163,1.171635,-1.0,-1.0,-1
1.171635,1.171635,1.17163,1.171635,-1.0,-1.0,-1
1.171635,1.171635,1.17163,1.171635,-1.0,-1.0,-1
1.171635,1.171635,1.17163,1.171635,-1.0,-1.0,-1
1.171635,1.171635,1.17163,1.171635,-1.0,-1.0,-1
1.171635,1.171635,1.17163,1.171635,-1.0,-1.0,-1
1.171635,1.171635,1.17163,1.171635,-1.0,-1.0,-1
1.171635,1.171635,1.17163,1.171635,-1.0,-1.0,-1
1.171635,1.171635,1.17163,1.171635,-1.0,-1.0,-1
1.171635,1.17164,1.17163,1.17164,-1.0,-1.0,-1
1.17164,1.17164,1.17164,1.17164,-1.0,-1.0,-1
1.17164,1.17164,1.17164,1.17164,-1.0,-1.0,-1
1.17164,1.17164,1.17164,1.17164,-1.0,-1.0,-1
1.17164,1.17164,1.17164,1.17164,-1.0,-1.0,-1
1.17164,1.17174,1.17164,1.17174,-1.0,-1.0,-1
1.17174,1.17174,1.171735,1.17174,-1.0,-1.0,-1
1.17174,1.17174,1.17174,1.17174,-1.0,-1.0,-1
1.17174,1.17174,1.17174,1.17174,-1.0,-1.0,-1
1.17174,1.17174,1.17172,1.171725,-1.0,-1.0,-1
1.171725,1.171735,1.171715,1.171735,-1.0,-1.0,-1
1.171735,1.17174,1.171735,1.17174,-1.0,-1.0,-1
1.17174,1.17174,1.17174,1.17174,-1.0,-1.0,-1
1.17174,1.17174,1.17174,1.17174,-1.0,-1.0,-1
1.17174,1.17174,1.17174,1.17174,-1.0,-1.0,-1
1.17174,1.17174,1.17174,1.17174,-1.0,-1.0,-1
1.17174,1.17174,1.17174,1.17174,-1.0,-1.0,-1
1.17174,1.17174,1.1717,1.1717,-1.0,-1.0,-1
1.1717,1.171735,1.171695,1.171695,-1.0,-1.0,-1
1.171695,1.171695,1.17169,1.17169,-1.0,-1.0,-1
1.17169,1.17169,1.17169,1.17169,-1.0,-1.0,-1
1.17169,1.17169,1.17169,1.17169,-1.0,-1.0,-1
1.17169,1.17169,1.17169,1.17169,-1.0,-1.0,-1
1.17169,1.17169,1.17169,1.17169,-1.0,-1.0,-1
1.17169,1.17169,1.17169,1.17169,-1.0,-1.0,-1
1.17169,1.17169,1.17169,1.17169,-1.0,-1.0,-1
1.17169,1.17169,1.17169,1.17169,-1.0,-1.0,-1
1.17169,1.17169,1.17169,1.17169,-1.0,-1.0,-1
1.17169,1.17169,1.17169,1.17169,-1.0,-1.0,-1
1.17169,1.17169,1.171685,1.171685,-1.0,-1.0,-1
1.171685,1.171685,1.171675,1.171675,-1.0,-1.0,-1
1.171675,1.17168,1.171675,1.171675,-1.0,-1.0,-1
1.171675,1.17168,1.171675,1.171675,-1.0,-1.0,-1
1.171675,1.17168,1.171675,1.171675,-1.0,-1.0,-1
1.171675,1.17168,1.171675,1.171675,-1.0,-1.0,-1
1.171675,1.17168,1.171675,1.171675,-1.0,-1.0,-1
1.171675,1.17168,1.171675,1.171675,-1.0,-1.0,-1
1.171675,1.17168,1.171675,1.171675,-1.0,-1.0,-1
1.171675,1.17168,1.171675,1.171675,-1.0,-1.0,-1
1.171675,1.17168,1.171675,1.171675,-1.0,-1.0,-1
1.171675,1.17168,1.171675,1.171675,-1.0,-1.0,-1
1.171675,1.171685,1.17167,1.171685,-1.0,-1.0,-1
1.171685,1.171685,1.171685,1.171685,-1.0,-1.0,-1
1.171685,1.171685,1.17167,1.171675,-1.0,-1.0,-1
1.171675,1.171685,1.171675,1.171685,-1.0,-1.0,-1
1.171685,1.171685,1.171685,1.171685,-1.0,-1.0,-1
1.171685,1.171685,1.171675,1.171685,-1.0,-1.0,-1
1.171685,1.171685,1.171685,1.171685,-1.0,-1.0,-1
1.171685,1.171685,1.17167,1.17167,-1.0,-1.0,-1
1.17167,1.17167,1.17167,1.17167,-1.0,-1.0,-1
1.17167,1.17167,1.17167,1.17167,-1.0,-1.0,-1
1.17167,1.17167,1.171665,1.171665,-1.0,-1.0,-1
1.171665,1.171665,1.171665,1.171665,-1.0,-1.0,-1
1.171665,1.171665,1.171665,1.171665,-1.0,-1.0,-1
1.171665,1.171665,1.17166,1.17166,-1.0,-1.0,-1
1.17166,1.17168,1.17166,1.17167,-1.0,-1.0,-1
1.17167,1.17168,1.17167,1.17168,-1.0,-1.0,-1
1.17168,1.17168,1.17167,1.17167,-1.0,-1.0,-1
1.17167,1.17168,1.17167,1.17168,-1.0,-1.0,-1
1.17168,1.17169,1.171675,1.17169,-1.0,-1.0,-1
1.17169,1.17169,1.17169,1.17169,-1.0,-1.0,-1
1.17169,1.17173,1.17169,1.171725,-1.0,-1.0,-1
1.171725,1.17174,1.171725,1.171735,-1.0,-1.0,-1
1.171735,1.171735,1.171735,1.171735,-1.0,-1.0,-1
1.171735,1.171735,1.171735,1.171735,-1.0,-1.0,-1
1.171735,1.171735,1.17173,1.17173,-1.0,-1.0,-1
1.17173,1.171735,1.17173,1.171735,-1.0,-1.0,-1
1.171735,1.171735,1.171735,1.171735,-1.0,-1.0,-1
1.171735,1.171735,1.17173,1.17173,-1.0,-1.0,-1
1.17173,1.171735,1.17173,1.171735,-1.0,-1.0,-1
1.171735,1.171775,1.17173,1.171735,-1.0,-1.0,-1
1.171735,1.17175,1.171735,1.171745,-1.0,-1.0,-1
1.171745,1.171745,1.171745,1.171745,-1.0,-1.0,-1
1.171745,1.171745,1.17173,1.17173,-1.0,-1.0,-1
1.17173,1.17174,1.17173,1.17174,-1.0,-1.0,-1
1.17174,1.17174,1.171715,1.17173,-1.0,-1.0,-1
1.17173,1.171735,1.17173,1.171735,-1.0,-1.0,-1
1.171735,1.171735,1.17172,1.171725,-1.0,-1.0,-1
1.171725,1.17174,1.17172,1.17174,-1.0,-1.0,-1
1.17174,1.17174,1.17174,1.17174,-1.0,-1.0,-1
1.17174,1.17174,1.17173,1.17174,-1.0,-1.0,-1
1.17174,1.17174,1.171735,1.171735,-1.0,-1.0,-1
1.171735,1.171735,1.171735,1.171735,-1.0,-1.0,-1
1.171735,1.17174,1.171735,1.17174,-1.0,-1.0,-1
1.17174,1.17174,1.17174,1.17174,-1.0,-1.0,-1
1.17174,1.17174,1.17174,1.17174,-1.0,-1.0,-1
1.17174,1.17174,1.17174,1.17174,-1.0,-1.0,-1
1.17174,1.17174,1.171735,1.171735,-1.0,-1.0,-1
1.171735,1.171745,1.171735,1.171745,-1.0,-1.0,-1
1.171745,1.17182,1.171745,1.17179,-1.0,-1.0,-1
1.17179,1.17179,1.17179,1.17179,-1.0,-1.0,-1
1.17179,1.171795,1.171785,1.17179,-1.0,-1.0,-1
1.17179,1.171795,1.17179,1.17179,-1.0,-1.0,-1
1.17179,1.17179,1.17179,1.17179,-1.0,-1.0,-1
1.17179,1.17179,1.17179,1.17179,-1.0,-1.0,-1
1.17179,1.17179,1.171785,1.171785,-1.0,-1.0,-1
1.171785,1.171785,1.17178,1.17178,-1.0,-1.0,-1
1.17178,1.17178,1.17178,1.17178,-1.0,-1.0,-1
1.17178,1.17178,1.17178,1.17178,-1.0,-1.0,-1
1.17178,1.17178,1.17178,1.17178,-1.0,-1.0,-1
1.17178,1.17178,1.17178,1.17178,-1.0,-1.0,-1
1.17178,1.17183,1.17178,1.1718,-1.0,-1.0,-1
1.1718,1.171825,1.1718,1.17182,-1.0,-1.0,-1
1.17182,1.17184,1.17182,1.17184,-1.0,-1.0,-1
1.17184,1.17184,1.17183,1.17183,-1.0,-1.0,-1
1.17183,1.17183,1.17179,1.17179,-1.0,-1.0,-1
1.17179,1.17181,1.17179,1.1718,-1.0,-1.0,-1
1.1718,1.171825,1.1718,1.17182,-1.0,-1.0,-1
1.17182,1.171825,1.17182,1.17182,-1.0,-1.0,-1
1.17182,1.171825,1.171795,1.17181,-1.0,-1.0,-1
1.17181,1.17181,1.1718,1.1718,-1.0,-1.0,-1
1.1718,1.1718,1.171795,1.171795,-1.0,-1.0,-1
1.171795,1.171795,1.171795,1.171795,-1.0,-1.0,-1
1.171795,1.1718,1.171795,1.1718,-1.0,-1.0,-1
1.1718,1.17183,1.1718,1.1718,-1.0,-1.0,-1
1.1718,1.1718,1.1718,1.1718,-1.0,-1.0,-1
1.1718,1.1718,1.17179,1.171795,-1.0,-1.0,-1
1.171795,1.1718,1.171795,1.1718,-1.0,-1.0,-1
1.1718,1.1718,1.171795,1.1718,-1.0,-1.0,-1
1.1718,1.1718,1.1718,1.1718,-1.0,-1.0,-1
1.1718,1.1718,1.171765,1.171765,-1.0,-1.0,-1
1.171765,1.17177,1.171765,1.171765,-1.0,-1.0,-1
1.171765,1.171775,1.171765,1.171775,-1.0,-1.0,-1
1.171775,1.17178,1.171775,1.17178,-1.0,-1.0,-1
1.17178,1.17178,1.17178,1.17178,-1.0,-1.0,-1
1.17178,1.17178,1.17178,1.17178,-1.0,-1.0,-1
1.17178,1.171795,1.17178,1.17179,-1.0,-1.0,-1
1.17179,1.17179,1.171785,1.171785,-1.0,-1.0,-1
1.171785,1.171785,1.17175,1.171775,-1.0,-1.0,-1
1.171775,1.171775,1.17174,1.17174,-1.0,-1.0,-1
1.17174,1.17174,1.171735,1.171735,-1.0,-1.0,-1
1.171735,1.171735,1.17173,1.17173,-1.0,-1.0,-1
1.17173,1.171735,1.17173,1.171735,-1.0,-1.0,-1
1.171735,1.17174,1.17173,1.17173,-1.0,-1.0,-1
1.17173,1.17173,1.17173,1.17173,-1.0,-1.0,-1
1.17173,1.17173,1.17173,1.17173,-1.0,-1.0,-1
1.17173,1.17174,1.17173,1.17174,-1.0,-1.0,-1
1.17174,1.17174,1.17173,1.17173,-1.0,-1.0,-1
1.17173,1.17173,1.17173,1.17173,-1.0,-1.0,-1
1.17173,1.17173,1.17173,1.17173,-1.0,-1.0,-1
1.17173,1.17173,1.17173,1.17173,-1.0,-1.0,-1
1.17173,1.17173,1.17173,1.17173,-1.0,-1.0,-1
1.17173,1.17173,1.17171,1.17172,-1.0,-1.0,-1
1.17172,1.171735,1.171705,1.171735,-1.0,-1.0,-1
1.171735,1.171735,1.171735,1.171735,-1.0,-1.0,-1
1.171735,1.171735,1.171735,1.171735,-1.0,-1.0,-1
1.171735,1.171735,1.171735,1.171735,-1.0,-1.0,-1
1.171735,1.171735,1.171735,1.171735,-1.0,-1.0,-1
1.171735,1.17174,1.171735,1.171735,-1.0,-1.0,-1
1.171735,1.171735,1.17173,1.17173,-1.0,-1.0,-1
1.17173,1.17174,1.17173,1.17174,-1.0,-1.0,-1
1.17174,1.17174,1.17174,1.17174,-1.0,-1.0,-1
1.17174,1.17174,1.171735,1.17174,-1.0,-1.0,-1
1.17174,1.17174,1.17174,1.17174,-1.0,-1.0,-1
1.17174,1.17174,1.17174,1.17174,-1.0,-1.0,-1
1.17174,1.17174,1.17174,1.17174,-1.0,-1.0,-1
1.17174,1.17174,1.17174,1.17174,-1.0,-1.0,-1
1.17174,1.17174,1.17174,1.17174,-1.0,-1.0,-1
1.17174,1.17174,1.17174,1.17174,-1.0,-1.0,-1
1.17174,1.17174,1.17174,1.17174,-1.0,-1.0,-1
1.17174,1.17174,1.17174,1.17174,-1.0,-1.0,-1
1.17174,1.17174,1.17174,1.17174,-1.0,-1.0,-1
1.17174,1.171745,1.17174,1.171745,-1.0,-1.0,-1
1.171745,1.171745,1.17174,1.17174,-1.0,-1.0,-1
1.17174,1.171745,1.17174,1.17174,-1.0,-1.0,-1
1.17174,1.171745,1.17174,1.17174,-1.0,-1.0,-1
1.17174,1.171765,1.17174,1.171755,-1.0,-1.0,-1
1.171755,1.171755,1.171755,1.171755,-1.0,-1.0,-1
1.171755,1.171755,1.171755,1.171755,-1.0,-1.0,-1
1.171755,1.17179,1.171755,1.17179,-1.0,-1.0,-1
1.17179,1.17179,1.17179,1.17179,-1.0,-1.0,-1
1.17179,1.17179,1.17179,1.17179,-1.0,-1.0,-1
1.17179,1.17179,1.171785,1.171785,-1.0,-1.0,-1
1.171785,1.171785,1.17178,1.17178,-1.0,-1.0,-1
1.17178,1.17178,1.17177,1.17177,-1.0,-1.0,-1
1.17177,1.17178,1.17177,1.17178,-1.0,-1.0,-1
1.17178,1.17178,1.17177,1.17177,-1.0,-1.0,-1
1.17177,1.17178,1.17177,1.17178,-1.0,-1.0,-1
1.17178,1.17178,1.17178,1.17178,-1.0,-1.0,-1
1.17178,1.17178,1.17178,1.17178,-1.0,-1.0,-1
1.17178,1.17178,1.17178,1.17178,-1.0,-1.0,-1
1.17178,1.17178,1.17178,1.17178,-1.0,-1.0,-1
1.17178,1.17178,1.17178,1.17178,-1.0,-1.0,-1
1.17178,1.17178,1.17178,1.17178,-1.0,-1.0,-1
1.17178,1.17178,1.17178,1.17178,-1.0,-1.0,-1
1.17178,1.17178,1.17178,1.17178,-1.0,-1.0,-1
1.17178,1.17178,1.17178,1.17178,-1.0,-1.0,-1
1.17178,1.17178,1.17178,1.17178,-1.0,-1.0,-1
1.17178,1.17178,1.17178,1.17178,-1.0,-1.0,-1
1.17178,1.17178,1.17178,1.17178,-1.0,-1.0,-1
1.17178,1.17178,1.17178,1.17178,-1.0,-1.0,-1
1.17178,1.17178,1.17178,1.17178,-1.0,-1.0,-1
1.17178,1.17178,1.17178,1.17178,-1.0,-1.0,-1
1.17178,1.17178,1.17178,1.17178,-1.0,-1.0,-1
1.17178,1.17178,1.17178,1.17178,-1.0,-1.0,-1
1.17178,1.17178,1.17178,1.17178,-1.0,-1.0,-1
1.17178,1.17179,1.17178,1.17178,-1.0,-1.0,-1
1.17178,1.17178,1.17178,1.17178,-1.0,-1.0,-1
1.17178,1.17178,1.17178,1.17178,-1.0,-1.0,-1
1.17178,1.17178,1.17178,1.17178,-1.0,-1.0,-1
1.17178,1.17179,1.17178,1.171785,-1.0,-1.0,-1
1.171785,1.171785,1.171785,1.171785,-1.0,-1.0,-1
1.171785,1.171785,1.171785,1.171785,-1.0,-1.0,-1
1.171785,1.171785,1.171785,1.171785,-1.0,-1.0,-1
1.171785,1.171785,1.171775,1.171785,-1.0,-1.0,-1
1.171785,1.171785,1.171785,1.171785,-1.0,-1.0,-1
1.171785,1.171785,1.171785,1.171785,-1.0,-1.0,-1
1.171785,1.171785,1.171785,1.171785,-1.0,-1.0,-1
1.171785,1.171785,1.171785,1.171785,-1.0,-1.0,-1
1.171785,1.171785,1.17178,1.171785,-1.0,-1.0,-1
1.171785,1.171785,1.171785,1.171785,-1.0,-1.0,-1
1.171785,1.171785,1.171785,1.171785,-1.0,-1.0,-1
1.171785,1.171795,1.171785,1.171785,-1.0,-1.0,-1
1.171785,1.171785,1.171785,1.171785,-1.0,-1.0,-1
1.171785,1.171785,1.171785,1.171785,-1.0,-1.0,-1
1.171785,1.171785,1.171785,1.171785,-1.0,-1.0,-1
1.171785,1.171785,1.171785,1.171785,-1.0,-1.0,-1
1.171785,1.171785,1.171785,1.171785,-1.0,-1.0,-1
1.171785,1.171785,1.171785,1.171785,-1.0,-1.0,-1
1.171785,1.171785,1.171785,1.171785,-1.0,-1.0,-1
1.171785,1.171795,1.171785,1.171785,-1.0,-1.0,-1
1.171785,1.171785,1.171785,1.171785,-1.0,-1.0,-1
1.171785,1.171785,1.171785,1.171785,-1.0,-1.0,-1
1.171785,1.171785,1.171785,1.171785,-1.0,-1.0,-1
1.171785,1.171785,1.171785,1.171785,-1.0,-1.0,-1
1.171785,1.171785,1.171785,1.171785,-1.0,-1.0,-1
1.171785,1.171785,1.171785,1.171785,-1.0,-1.0,-1
1.171785,1.171785,1.171785,1.171785,-1.0,-1.0,-1
1.171785,1.171795,1.171785,1.17179,-1.0,-1.0,-1
1.17179,1.171795,1.17179,1.171795,-1.0,-1.0,-1
1.171795,1.171795,1.171795,1.171795,-1.0,-1.0,-1
1.171795,1.171795,1.171795,1.171795,-1.0,-1.0,-1
1.171795,1.171795,1.171795,1.171795,-1.0,-1.0,-1
1.171795,1.171795,1.171785,1.171785,-1.0,-1.0,-1
1.171785,1.171785,1.171785,1.171785,-1.0,-1.0,-1
1.171785,1.171785,1.171785,1.171785,-1.0,-1.0,-1
1.171785,1.171785,1.171785,1.171785,-1.0,-1.0,-1
1.171785,1.171785,1.171785,1.171785,-1.0,-1.0,-1
1.171785,1.171785,1.17177,1.17177,-1.0,-1.0,-1
1.17177,1.17178,1.17177,1.17177,-1.0,-1.0,-1
1.17177,1.17178,1.17177,1.17177,-1.0,-1.0,-1
1.17177,1.17178,1.171765,1.171765,-1.0,-1.0,-1
1.171765,1.17178,1.171765,1.17178,-1.0,-1.0,-1
1.17178,1.17178,1.17177,1.17177,-1.0,-1.0,-1
1.17177,1.17178,1.17177,1.17177,-1.0,-1.0,-1
1.17177,1.171775,1.17177,1.17177,-1.0,-1.0,-1
1.17177,1.171775,1.171765,1.171765,-1.0,-1.0,-1
1.171765,1.17178,1.171765,1.17178,-1.0,-1.0,-1
1.17178,1.17178,1.17178,1.17178,-1.0,-1.0,-1
1.17178,1.17179,1.17178,1.171785,-1.0,-1.0,-1
1.171785,1.171785,1.171785,1.171785,-1.0,-1.0,-1
1.171785,1.171785,1.171785,1.171785,-1.0,-1.0,-1
1.171785,1.17179,1.171785,1.17179,-1.0,-1.0,-1
1.17179,1.17179,1.17179,1.17179,-1.0,-1.0,-1
1.17179,1.17179,1.17179,1.17179,-1.0,-1.0,-1
1.17179,1.17179,1.17177,1.17178,-1.0,-1.0,-1
1.17178,1.17178,1.17178,1.17178,-1.0,-1.0,-1
1.17178,1.17178,1.171765,1.17178,-1.0,-1.0,-1
1.17178,1.171785,1.171775,1.17178,-1.0,-1.0,-1
1.17178,1.171785,1.17178,1.171785,-1.0,-1.0,-1
1.171785,1.171785,1.171785,1.171785,-1.0,-1.0,-1
1.171785,1.171785,1.171785,1.171785,-1.0,-1.0,-1
1.171785,1.171785,1.171785,1.171785,-1.0,-1.0,-1
1.171785,1.17179,1.171785,1.17179,-1.0,-1.0,-1
1.17179,1.17179,1.17179,1.17179,-1.0,-1.0,-1
1.17179,1.17179,1.17179,1.17179,-1.0,-1.0,-1
1.17179,1.17179,1.17179,1.17179,-1.0,-1.0,-1
1.17179,1.17179,1.17179,1.17179,-1.0,-1.0,-1
1.17179,1.17179,1.17179,1.17179,-1.0,-1.0,-1
1.17179,1.17182,1.17179,1.17182,-1.0,-1.0,-1
1.17182,1.171825,1.17182,1.171825,-1.0,-1.0,-1
1.171825,1.171825,1.17182,1.171825,-1.0,-1.0,-1
1.171825,1.17183,1.171825,1.17183,-1.0,-1.0,-1
1.17183,1.171865,1.17183,1.171855,-1.0,-1.0,-1
1.171855,1.171855,1.171845,1.171845,-1.0,-1.0,-1
1.171845,1.17187,1.171845,1.17187,-1.0,-1.0,-1
1.17187,1.171875,1.17187,1.171875,-1.0,-1.0,-1
1.171875,1.171875,1.17187,1.17187,-1.0,-1.0,-1
1.17187,1.171875,1.17187,1.171875,-1.0,-1.0,-1
1.171875,1.171875,1.171875,1.171875,-1.0,-1.0,-1
1.171875,1.171875,1.17187,1.17187,-1.0,-1.0,-1
1.17187,1.17187,1.17187,1.17187,-1.0,-1.0,-1
1.17187,1.17187,1.17187,1.17187,-1.0,-1.0,-1
1.17187,1.17187,1.17183,1.17183,-1.0,-1.0,-1
1.17183,1.17184,1.17183,1.17184,-1.0,-1.0,-1
1.17184,1.17184,1.171835,1.171835,-1.0,-1.0,-1
1.171835,1.171835,1.171835,1.171835,-1.0,-1.0,-1
1.171835,1.171835,1.171835,1.171835,-1.0,-1.0,-1
1.171835,1.171835,1.171835,1.171835,-1.0,-1.0,-1
1.171835,1.171835,1.171835,1.171835,-1.0,-1.0,-1
1.171835,1.171835,1.171835,1.171835,-1.0,-1.0,-1
1.171835,1.171835,1.17183,1.171835,-1.0,-1.0,-1
1.171835,1.17184,1.171835,1.17184,-1.0,-1.0,-1
1.17184,1.17184,1.17184,1.17184,-1.0,-1.0,-1
1.17184,1.17184,1.17184,1.17184,-1.0,-1.0,-1
1.17184,1.17184,1.171835,1.171835,-1.0,-1.0,-1
1.171835,1.171835,1.171835,1.171835,-1.0,-1.0,-1
1.171835,1.171835,1.171835,1.171835,-1.0,-1.0,-1
1.171835,1.171835,1.171835,1.171835,-1.0,-1.0,-1
1.171835,1.171835,1.17183,1.171835,-1.0,-1.0,-1
1.171835,1.17184,1.171835,1.17184,-1.0,-1.0,-1
1.17184,1.17184,1.171835,1.171835,-1.0,-1.0,-1
1.171835,1.171835,1.171835,1.171835,-1.0,-1.0,-1
1.171835,1.171835,1.17183,1.17183,-1.0,-1.0,-1
1.17183,1.17183,1.17183,1.17183,-1.0,-1.0,-1
1.17183,1.171835,1.171825,1.171835,-1.0,-1.0,-1
1.171835,1.171835,1.171835,1.171835,-1.0,-1.0,-1
1.171835,1.171835,1.171835,1.171835,-1.0,-1.0,-1
1.171835,1.171845,1.171835,1.171835,-1.0,-1.0,-1
1.171835,1.171835,1.17183,1.171835,-1.0,-1.0,-1
1.171835,1.171835,1.171825,1.17183,-1.0,-1.0,-1
1.17183,1.17183,1.17183,1.17183,-1.0,-1.0,-1
1.17183,1.17183,1.171825,1.171825,-1.0,-1.0,-1
1.171825,1.17183,1.171825,1.171825,-1.0,-1.0,-1
1.171825,1.171825,1.171825,1.171825,-1.0,-1.0,-1
1.171825,1.171835,1.171825,1.17183,-1.0,-1.0,-1
1.17183,1.171835,1.17183,1.171835,-1.0,-1.0,-1
1.171835,1.17184,1.17183,1.17183,-1.0,-1.0,-1
1.17183,1.17183,1.17183,1.17183,-1.0,-1.0,-1
1.17183,1.17183,1.17183,1.17183,-1.0,-1.0,-1
1.17183,1.17184,1.17183,1.17183,-1.0,-1.0,-1
1.17183,1.17183,1.17183,1.17183,-1.0,-1.0,-1
1.17183,1.171835,1.17183,1.17183,-1.0,-1.0,-1
1.17183,1.17184,1.17183,1.17183,-1.0,-1.0,-1
1.17183,1.17183,1.17183,1.17183,-1.0,-1.0,-1
1.17183,1.17184,1.17183,1.17184,-1.0,-1.0,-1
1.17184,1.17184,1.17184,1.17184,-1.0,-1.0,-1
1.17184,1.17184,1.17184,1.17184,-1.0,-1.0,-1
1.17184,1.17184,1.17184,1.17184,-1.0,-1.0,-1
1.17184,1.17184,1.171835,1.171835,-1.0,-1.0,-1
1.171835,1.17184,1.17183,1.17183,-1.0,-1.0,-1
1.17183,1.17183,1.17183,1.17183,-1.0,-1.0,-1
1.17183,1.171835,1.17183,1.171835,-1.0,-1.0,-1
1.171835,1.171835,1.17183,1.171835,-1.0,-1.0,-1
1.171835,1.17184,1.17183,1.17183,-1.0,-1.0,-1
1.17183,1.17183,1.17183,1.17183,-1.0,-1.0,-1
1.17183,1.171835,1.17183,1.171835,-1.0,-1.0,-1
1.171835,1.171835,1.17183,1.17183,-1.0,-1.0,-1
1.17183,1.17183,1.17183,1.17183,-1.0,-1.0,-1
1.17183,1.17183,1.171825,1.171825,-1.0,-1.0,-1
1.171825,1.17183,1.171825,1.17183,-1.0,-1.0,-1
1.17183,1.17183,1.17183,1.17183,-1.0,-1.0,-1
1.17183,1.17183,1.17183,1.17183,-1.0,-1.0,-1
1.17183,1.17183,1.171805,1.171805,-1.0,-1.0,-1
1.171805,1.171805,1.171805,1.171805,-1.0,-1.0,-1
1.171805,1.171815,1.171805,1.171805,-1.0,-1.0,-1
1.171805,1.171805,1.1718,1.1718,-1.0,-1.0,-1
1.1718,1.17182,1.171795,1.17182,-1.0,-1.0,-1
1.17182,1.171825,1.171815,1.171825,-1.0,-1.0,-1
1.171825,1.171825,1.17181,1.17181,-1.0,-1.0,-1
1.17181,1.17181,1.17181,1.17181,-1.0,-1.0,-1
1.17181,1.171825,1.17181,1.171825,-1.0,-1.0,-1
1.171825,1.171825,1.171815,1.171815,-1.0,-1.0,-1
1.171815,1.17182,1.171815,1.171815,-1.0,-1.0,-1
1.171815,1.171815,1.1718,1.1718,-1.0,-1.0,-1
1.1718,1.17181,1.1718,1.17181,-1.0,-1.0,-1
1.17181,1.17181,1.17181,1.17181,-1.0,-1.0,-1
1.17181,1.17181,1.17181,1.17181,-1.0,-1.0,-1
1.17181,1.17181,1.17181,1.17181,-1.0,-1.0,-1
1.17181,1.17181,1.1718,1.1718,-1.0,-1.0,-1
1.1718,1.1718,1.1718,1.1718,-1.0,-1.0,-1
1.1718,1.1718,1.17179,1.17179,-1.0,-1.0,-1
1.17179,1.17179,1.17179,1.17179,-1.0,-1.0,-1
1.17179,1.17179,1.17179,1.17179,-1.0,-1.0,-1
1.17179,1.17179,1.17179,1.17179,-1.0,-1.0,-1
1.17179,1.17179,1.17179,1.17179,-1.0,-1.0,-1
1.17179,1.17179,1.17179,1.17179,-1.0,-1.0,-1
1.17179,1.17179,1.17179,1.17179,-1.0,-1.0,-1
1.17179,1.17179,1.17179,1.17179,-1.0,-1.0,-1
1.17179,1.17179,1.17179,1.17179,-1.0,-1.0,-1
1.17179,1.17179,1.17179,1.17179,-1.0,-1.0,-1
1.17179,1.17179,1.17179,1.17179,-1.0,-1.0,-1
1.17179,1.17179,1.17179,1.17179,-1.0,-1.0,-1
1.17179,1.17179,1.171785,1.171785,-1.0,-1.0,-1
1.171785,1.171785,1.171765,1.17178,-1.0,-1.0,-1
1.17178,1.17178,1.17178,1.17178,-1.0,-1.0,-1
1.17178,1.17178,1.17178,1.17178,-1.0,-1.0,-1
1.17178,1.171785,1.17178,1.171785,-1.0,-1.0,-1
1.171785,1.171785,1.17178,1.171785,-1.0,-1.0,-1
1.171785,1.171785,1.17178,1.171785,-1.0,-1.0,-1
1.171785,1.171785,1.171785,1.171785,-1.0,-1.0,-1
1.171785,1.171785,1.171785,1.171785,-1.0,-1.0,-1
1.171785,1.171785,1.171785,1.171785,-1.0,-1.0,-1
1.171785,1.171785,1.171785,1.171785,-1.0,-1.0,-1
1.171785,1.171785,1.171785,1.171785,-1.0,-1.0,-1
1.171785,1.17179,1.171785,1.17179,-1.0,-1.0,-1
1.17179,1.17179,1.171785,1.17179,-1.0,-1.0,-1
1.17179,1.17179,1.17179,1.17179,-1.0,-1.0,-1
1.17179,1.17179,1.17179,1.17179,-1.0,-1.0,-1
1.17179,1.17179,1.17179,1.17179,-1.0,-1.0,-1
1.17179,1.171795,1.17179,1.171795,-1.0,-1.0,-1
1.171795,1.171795,1.171795,1.171795,-1.0,-1.0,-1
1.171795,1.171795,1.17179,1.17179,-1.0,-1.0,-1
1.17179,1.17179,1.17179,1.17179,-1.0,-1.0,-1
1.17179,1.17179,1.171785,1.171785,-1.0,-1.0,-1
1.171785,1.17179,1.171785,1.171785,-1.0,-1.0,-1
1.171785,1.171785,1.171785,1.171785,-1.0,-1.0,-1
1.171785,1.171785,1.171785,1.171785,-1.0,-1.0,-1
1.171785,1.17179,1.171785,1.17179,-1.0,-1.0,-1
1.17179,1.17179,1.17179,1.17179,-1.0,-1.0,-1
1.17179,1.17179,1.17179,1.17179,-1.0,-1.0,-1
1.17179,1.171795,1.17179,1.17179,-1.0,-1.0,-1
1.17179,1.17179,1.17179,1.17179,-1.0,-1.0,-1
1.17179,1.17179,1.17179,1.17179,-1.0,-1.0,-1
1.17179,1.17179,1.17179,1.17179,-1.0,-1.0,-1
1.17179,1.171795,1.17179,1.171795,-1.0,-1.0,-1
1.171795,1.171795,1.17179,1.17179,-1.0,-1.0,-1
1.17179,1.1718,1.17179,1.1718,-1.0,-1.0,-1
1.1718,1.1718,1.1718,1.1718,-1.0,-1.0,-1
1.1718,1.1718,1.1718,1.1718,-1.0,-1.0,-1
1.1718,1.1718,1.1718,1.1718,-1.0,-1.0,-1
1.1718,1.1718,1.171795,1.1718,-1.0,-1.0,-1
1.1718,1.1718,1.1718,1.1718,-1.0,-1.0,-1
1.1718,1.1718,1.171795,1.171795,-1.0,-1.0,-1
1.171795,1.171795,1.171785,1.171785,-1.0,-1.0,-1
1.171785,1.171795,1.171785,1.171795,-1.0,-1.0,-1
1.171795,1.171805,1.171795,1.171805,-1.0,-1.0,-1
1.171805,1.17181,1.1718,1.17181,-1.0,-1.0,-1
1.17181,1.17181,1.171795,1.171795,-1.0,-1.0,-1
1.171795,1.171795,1.171795,1.171795,-1.0,-1.0,-1
1.171795,1.171795,1.171795,1.171795,-1.0,-1.0,-1
1.171795,1.171795,1.171795,1.171795,-1.0,-1.0,-1
1.171795,1.171795,1.171795,1.171795,-1.0,-1.0,-1
1.171795,1.171795,1.171795,1.171795,-1.0,-1.0,-1
1.171795,1.171795,1.171795,1.171795,-1.0,-1.0,-1
1.171795,1.171795,1.171795,1.171795,-1.0,-1.0,-1
1.171795,1.171795,1.171795,1.171795,-1.0,-1.0,-1
1.171795,1.171805,1.171795,1.171805,-1.0,-1.0,-1
1.171805,1.171805,1.1718,1.171805,-1.0,-1.0,-1
1.171805,1.171805,1.171795,1.171795,-1.0,-1.0,-1
1.171795,1.17181,1.171795,1.1718,-1.0,-1.0,-1
1.1718,1.1718,1.1718,1.1718,-1.0,-1.0,-1
1.1718,1.1718,1.171795,1.171795,-1.0,-1.0,-1
1.171795,1.171835,1.171795,1.171835,-1.0,-1.0,-1
1.171835,1.171835,1.171835,1.171835,-1.0,-1.0,-1
1.171835,1.171835,1.171835,1.171835,-1.0,-1.0,-1
1.171835,1.171835,1.171835,1.171835,-1.0,-1.0,-1
1.171835,1.17185,1.171835,1.17184,-1.0,-1.0,-1
1.17184,1.17184,1.17184,1.17184,-1.0,-1.0,-1
1.17184,1.17184,1.17184,1.17184,-1.0,-1.0,-1
1.17184,1.17186,1.17184,1.171855,-1.0,-1.0,-1
1.171855,1.17186,1.171855,1.171855,-1.0,-1.0,-1
1.171855,1.17186,1.171855,1.171855,-1.0,-1.0,-1
1.171855,1.17186,1.17185,1.17185,-1.0,-1.0,-1
1.17185,1.17186,1.17185,1.17185,-1.0,-1.0,-1
1.17185,1.171855,1.17185,1.17185,-1.0,-1.0,-1
1.17185,1.171855,1.171825,1.17183,-1.0,-1.0,-1
1.17183,1.17183,1.17183,1.17183,-1.0,-1.0,-1
1.17183,1.17183,1.17183,1.17183,-1.0,-1.0,-1
1.17183,1.17183,1.171825,1.17183,-1.0,-1.0,-1
1.17183,1.17183,1.17183,1.17183,-1.0,-1.0,-1
1.17183,1.171835,1.17183,1.171835,-1.0,-1.0,-1
1.171835,1.171835,1.17183,1.17183,-1.0,-1.0,-1
1.17183,1.17183,1.17183,1.17183,-1.0,-1.0,-1
1.17183,1.17183,1.17183,1.17183,-1.0,-1.0,-1
1.17183,1.17183,1.17183,1.17183,-1.0,-1.0,-1
1.17183,1.17183,1.17183,1.17183,-1.0,-1.0,-1
1.17183,1.17183,1.17183,1.17183,-1.0,-1.0,-1
1.17183,1.17183,1.17183,1.17183,-1.0,-1.0,-1
1.17183,1.17183,1.17183,1.17183,-1.0,-1.0,-1
1.17183,1.17183,1.17183,1.17183,-1.0,-1.0,-1
1.17183,1.17183,1.17183,1.17183,-1.0,-1.0,-1
1.17183,1.17183,1.171825,1.17183,-1.0,-1.0,-1
1.17183,1.17183,1.17183,1.17183,-1.0,-1.0,-1
1.17183,1.17183,1.17183,1.17183,-1.0,-1.0,-1
1.17183,1.17183,1.171825,1.171825,-1.0,-1.0,-1
1.171825,1.171825,1.171795,1.171795,-1.0,-1.0,-1
1.171795,1.171795,1.17179,1.17179,-1.0,-1.0,-1
1.17179,1.17179,1.171785,1.17179,-1.0,-1.0,-1
1.17179,1.17179,1.17179,1.17179,-1.0,-1.0,-1
1.17179,1.17179,1.17179,1.17179,-1.0,-1.0,-1
1.17179,1.17179,1.17179,1.17179,-1.0,-1.0,-1
1.17179,1.171795,1.17179,1.17179,-1.0,-1.0,-1
1.17179,1.17179,1.17179,1.17179,-1.0,-1.0,-1
1.17179,1.17179,1.17176,1.17176,-1.0,-1.0,-1
1.17176,1.17177,1.17176,1.17176,-1.0,-1.0,-1
1.17176,1.17177,1.17176,1.17176,-1.0,-1.0,-1
1.17176,1.17176,1.17173,1.17173,-1.0,-1.0,-1
1.17173,1.17173,1.17171,1.17171,-1.0,-1.0,-1
1.17171,1.17171,1.17171,1.17171,-1.0,-1.0,-1
1.17171,1.17172,1.17171,1.17172,-1.0,-1.0,-1
1.17172,1.17172,1.17171,1.17171,-1.0,-1.0,-1
1.17171,1.17171,1.17171,1.17171,-1.0,-1.0,-1
1.17171,1.17171,1.17171,1.17171,-1.0,-1.0,-1
1.17171,1.17171,1.17171,1.17171,-1.0,-1.0,-1
1.17171,1.17171,1.17171,1.17171,-1.0,-1.0,-1
1.17171,1.17173,1.171705,1.171725,-1.0,-1.0,-1
1.171725,1.17173,1.17172,1.17173,-1.0,-1.0,-1
1.17173,1.17173,1.17173,1.17173,-1.0,-1.0,-1
1.17173,1.17173,1.17173,1.17173,-1.0,-1.0,-1
1.17173,1.171735,1.17173,1.171735,-1.0,-1.0,-1
1.171735,1.171735,1.171735,1.171735,-1.0,-1.0,-1
1.171735,1.171735,1.171735,1.171735,-1.0,-1.0,-1
1.171735,1.171735,1.17172,1.171735,-1.0,-1.0,-1
1.171735,1.171735,1.171735,1.171735,-1.0,-1.0,-1
1.171735,1.171735,1.171735,1.171735,-1.0,-1.0,-1
1.171735,1.171735,1.171735,1.171735,-1.0,-1.0,-1
1.171735,1.171735,1.171735,1.171735,-1.0,-1.0,-1
1.171735,1.171735,1.171735,1.171735,-1.0,-1.0,-1
1.171735,1.171735,1.171735,1.171735,-1.0,-1.0,-1
1.171735,1.171735,1.171735,1.171735,-1.0,-1.0,-1
1.171735,1.171735,1.171735,1.171735,-1.0,-1.0,-1
1.171735,1.171735,1.171735,1.171735,-1.0,-1.0,-1
1.171735,1.171735,1.171735,1.171735,-1.0,-1.0,-1
1.171735,1.171735,1.17173,1.17173,-1.0,-1.0,-1
1.17173,1.171735,1.17173,1.171735,-1.0,-1.0,-1
1.171735,1.171735,1.171735,1.171735,-1.0,-1.0,-1
1.171735,1.171735,1.171735,1.171735,-1.0,-1.0,-1
1.171735,1.171735,1.171735,1.171735,-1.0,-1.0,-1
1.171735,1.171735,1.171735,1.171735,-1.0,-1.0,-1
1.171735,1.171735,1.17173,1.17173,-1.0,-1.0,-1
1.17173,1.17173,1.17173,1.17173,-1.0,-1.0,-1
1.17173,1.17173,1.17173,1.17173,-1.0,-1.0,-1
1.17173,1.17173,1.17173,1.17173,-1.0,-1.0,-1
1.17173,1.17173,1.17173,1.17173,-1.0,-1.0,-1
1.17173,1.17174,1.17173,1.17174,-1.0,-1.0,-1
1.17174,1.17174,1.17174,1.17174,-1.0,-1.0,-1
1.17174,1.17174,1.171735,1.171735,-1.0,-1.0,-1
1.171735,1.171735,1.171735,1.171735,-1.0,-1.0,-1
1.171735,1.171735,1.171735,1.171735,-1.0,-1.0,-1
1.171735,1.171735,1.171735,1.171735,-1.0,-1.0,-1
1.171735,1.171735,1.171735,1.171735,-1.0,-1.0,-1
1.171735,1.171735,1.171735,1.171735,-1.0,-1.0,-1
1.171735,1.171735,1.171735,1.171735,-1.0,-1.0,-1
1.171735,1.171735,1.17173,1.17173,-1.0,-1.0,-1
1.17173,1.17173,1.17173,1.17173,-1.0,-1.0,-1
1.17173,1.17173,1.17173,1.17173,-1.0,-1.0,-1
1.17173,1.17173,1.17173,1.17173,-1.0,-1.0,-1
1.17173,1.17173,1.17173,1.17173,-1.0,-1.0,-1
1.17173,1.17173,1.17173,1.17173,-1.0,-1.0,-1
1.17173,1.17173,1.17173,1.17173,-1.0,-1.0,-1
1.17173,1.17173,1.17172,1.17173,-1.0,-1.0,-1
1.17173,1.17174,1.17173,1.17174,-1.0,-1.0,-1
1.17174,1.17179,1.17174,1.17179,-1.0,-1.0,-1
1.17179,1.17179,1.17179,1.17179,-1.0,-1.0,-1
1.17179,1.17179,1.17179,1.17179,-1.0,-1.0,-1
1.17179,1.17179,1.17179,1.17179,-1.0,-1.0,-1
1.17179,1.17179,1.17179,1.17179,-1.0,-1.0,-1
1.17179,1.171795,1.17179,1.17179,-1.0,-1.0,-1
1.17179,1.17179,1.17179,1.17179,-1.0,-1.0,-1
1.17179,1.17179,1.17179,1.17179,-1.0,-1.0,-1
1.17179,1.1718,1.17179,1.171795,-1.0,-1.0,-1
1.171795,1.171795,1.17179,1.17179,-1.0,-1.0,-1
1.17179,1.17179,1.171785,1.171785,-1.0,-1.0,-1
1.171785,1.171785,1.17178,1.17178,-1.0,-1.0,-1
1.17178,1.17178,1.171765,1.171775,-1.0,-1.0,-1
1.171775,1.171775,1.171765,1.171765,-1.0,-1.0,-1
1.171765,1.17179,1.171765,1.171785,-1.0,-1.0,-1
1.171785,1.171785,1.171785,1.171785,-1.0,-1.0,-1
1.171785,1.171785,1.171785,1.171785,-1.0,-1.0,-1
1.171785,1.17179,1.171785,1.17179,-1.0,-1.0,-1
1.17179,1.17179,1.17179,1.17179,-1.0,-1.0,-1
1.17179,1.17179,1.17179,1.17179,-1.0,-1.0,-1
1.17179,1.17179,1.17179,1.17179,-1.0,-1.0,-1
1.17179,1.17179,1.17179,1.17179,-1.0,-1.0,-1
1.17179,1.17179,1.171765,1.171765,-1.0,-1.0,-1
1.171765,1.17177,1.171765,1.171765,-1.0,-1.0,-1
1.171765,1.171775,1.171765,1.171775,-1.0,-1.0,-1
1.171775,1.171775,1.171775,1.171775,-1.0,-1.0,-1
1.171775,1.171775,1.171765,1.171765,-1.0,-1.0,-1
1.171765,1.17177,1.171765,1.171765,-1.0,-1.0,-1
1.171765,1.171775,1.171765,1.171775,-1.0,-1.0,-1
1.171775,1.171775,1.171775,1.171775,-1.0,-1.0,-1
1.171775,1.171775,1.171775,1.171775,-1.0,-1.0,-1
1.171775,1.171775,1.171775,1.171775,-1.0,-1.0,-1
1.171775,1.171775,1.171775,1.171775,-1.0,-1.0,-1
1.171775,1.17178,1.171775,1.17178,-1.0,-1.0,-1
1.17178,1.17178,1.171775,1.171775,-1.0,-1.0,-1
1.171775,1.171775,1.17177,1.17177,-1.0,-1.0,-1
1.17177,1.17177,1.17177,1.17177,-1.0,-1.0,-1
1.17177,1.17177,1.17177,1.17177,-1.0,-1.0,-1
1.17177,1.171775,1.17177,1.171775,-1.0,-1.0,-1
1.171775,1.171775,1.171775,1.171775,-1.0,-1.0,-1
1.171775,1.171775,1.171775,1.171775,-1.0,-1.0,-1
1.171775,1.171785,1.17176,1.17176,-1.0,-1.0,-1
1.17176,1.171765,1.171755,1.171755,-1.0,-1.0,-1
1.171755,1.171755,1.171755,1.171755,-1.0,-1.0,-1
1.171755,1.171755,1.171755,1.171755,-1.0,-1.0,-1
1.171755,1.171755,1.171755,1.171755,-1.0,-1.0,-1
1.171755,1.171755,1.171755,1.171755,-1.0,-1.0,-1
1.171755,1.17177,1.17174,1.171765,-1.0,-1.0,-1
1.171765,1.17177,1.171765,1.171765,-1.0,-1.0,-1
1.171765,1.17177,1.171765,1.171765,-1.0,-1.0,-1
1.171765,1.17177,1.17176,1.17176,-1.0,-1.0,-1
1.17176,1.17177,1.17176,1.171765,-1.0,-1.0,-1
1.171765,1.17177,1.171765,1.171765,-1.0,-1.0,-1
1.171765,1.17177,1.171765,1.171765,-1.0,-1.0,-1
1.171765,1.17177,1.17176,1.17176,-1.0,-1.0,-1
1.17176,1.171765,1.17176,1.17176,-1.0,-1.0,-1
1.17176,1.171765,1.17176,1.17176,-1.0,-1.0,-1
1.17176,1.171765,1.17176,1.17176,-1.0,-1.0,-1
1.17176,1.171765,1.17176,1.17176,-1.0,-1.0,-1
1.17176,1.171765,1.17176,1.17176,-1.0,-1.0,-1
1.17176,1.171765,1.17176,1.17176,-1.0,-1.0,-1
1.17176,1.17177,1.17176,1.17176,-1.0,-1.0,-1
1.17176,1.171765,1.17174,1.17174,-1.0,-1.0,-1
1.17174,1.17174,1.17174,1.17174,-1.0,-1.0,-1
1.17174,1.171765,1.17174,1.171755,-1.0,-1.0,-1
1.171755,1.171755,1.171755,1.171755,-1.0,-1.0,-1
1.171755,1.171765,1.17175,1.17176,-1.0,-1.0,-1
1.17176,1.171765,1.171755,1.171755,-1.0,-1.0,-1
1.171755,1.171765,1.171755,1.17176,-1.0,-1.0,-1
1.17176,1.171765,1.17176,1.17176,-1.0,-1.0,-1
1.17176,1.171765,1.17176,1.17176,-1.0,-1.0,-1
1.17176,1.171765,1.17176,1.17176,-1.0,-1.0,-1
1.17176,1.171765,1.17176,1.17176,-1.0,-1.0,-1
1.17176,1.171765,1.17176,1.17176,-1.0,-1.0,-1
1.17176,1.17177,1.171745,1.171745,-1.0,-1.0,-1
1.171745,1.171765,1.171745,1.171745,-1.0,-1.0,-1
1.171745,1.171745,1.171745,1.171745,-1.0,-1.0,-1
1.171745,1.17177,1.171745,1.171765,-1.0,-1.0,-1
1.171765,1.17177,1.171765,1.171765,-1.0,-1.0,-1
1.171765,1.17177,1.17176,1.17176,-1.0,-1.0,-1
1.17176,1.171765,1.17176,1.17176,-1.0,-1.0,-1
1.17176,1.171765,1.17176,1.17176,-1.0,-1.0,-1
1.17176,1.171765,1.17176,1.17176,-1.0,-1.0,-1
1.17176,1.171765,1.17176,1.17176,-1.0,-1.0,-1
1.17176,1.171775,1.17176,1.171765,-1.0,-1.0,-1
1.171765,1.17177,1.17176,1.17176,-1.0,-1.0,-1
1.17176,1.17177,1.17176,1.171765,-1.0,-1.0,-1
1.171765,1.17177,1.17176,1.17176,-1.0,-1.0,-1
1.17176,1.171765,1.17176,1.17176,-1.0,-1.0,-1
1.17176,1.171765,1.17176,1.17176,-1.0,-1.0,-1
1.17176,1.171765,1.17176,1.17176,-1.0,-1.0,-1
1.17176,1.171765,1.17176,1.17176,-1.0,-1.0,-1
1.17176,1.17177,1.17176,1.17176,-1.0,-1.0,-1
1.17176,1.171765,1.17176,1.17176,-1.0,-1.0,-1
1.17176,1.171765,1.171755,1.171755,-1.0,-1.0,-1
1.171755,1.171765,1.171755,1.17176,-1.0,-1.0,-1
1.17176,1.171775,1.17176,1.17177,-1.0,-1.0,-1
1.17177,1.171775,1.171755,1.171755,-1.0,-1.0,-1
1.171755,1.171765,1.171745,1.171745,-1.0,-1.0,-1
1.171745,1.171745,1.171745,1.171745,-1.0,-1.0,-1
1.171745,1.171745,1.171745,1.171745,-1.0,-1.0,-1
1.171745,1.171745,1.171745,1.171745,-1.0,-1.0,-1
1.171745,1.171745,1.171745,1.171745,-1.0,-1.0,-1
1.171745,1.171745,1.171745,1.171745,-1.0,-1.0,-1
1.171745,1.171745,1.171745,1.171745,-1.0,-1.0,-1
1.171745,1.17175,1.171745,1.17175,-1.0,-1.0,-1
1.17175,1.17177,1.171745,1.17177,-1.0,-1.0,-1
1.17177,1.17177,1.17176,1.17177,-1.0,-1.0,-1
1.17177,1.17177,1.17176,1.17177,-1.0,-1.0,-1
1.17177,1.17177,1.17176,1.17176,-1.0,-1.0,-1
1.17176,1.17177,1.17176,1.17177,-1.0,-1.0,-1
1.17177,1.17178,1.17177,1.171775,-1.0,-1.0,-1
1.171775,1.17179,1.171775,1.17179,-1.0,-1.0,-1
1.17179,1.17179,1.17179,1.17179,-1.0,-1.0,-1
1.17179,1.17179,1.171785,1.17179,-1.0,-1.0,-1
1.17179,1.17179,1.171785,1.17179,-1.0,-1.0,-1
1.17179,1.17179,1.17179,1.17179,-1.0,-1.0,-1
1.17179,1.17179,1.171785,1.171785,-1.0,-1.0,-1
1.171785,1.17179,1.171775,1.171775,-1.0,-1.0,-1
1.171775,1.17178,1.171775,1.17178,-1.0,-1.0,-1
1.17178,1.171785,1.17178,1.171785,-1.0,-1.0,-1
1.171785,1.171785,1.171785,1.171785,-1.0,-1.0,-1
1.171785,1.171785,1.171785,1.171785,-1.0,-1.0,-1
1.171785,1.171785,1.17178,1.17178,-1.0,-1.0,-1
1.17178,1.1718,1.17178,1.1718,-1.0,-1.0,-1
1.1718,1.1718,1.1718,1.1718,-1.0,-1.0,-1
1.1718,1.1718,1.17179,1.17179,-1.0,-1.0,-1
1.17179,1.17179,1.17179,1.17179,-1.0,-1.0,-1
1.17179,1.171835,1.17179,1.171835,-1.0,-1.0,-1
1.171835,1.17184,1.171835,1.171835,-1.0,-1.0,-1
1.171835,1.17184,1.171835,1.171835,-1.0,-1.0,-1
1.171835,1.171835,1.171835,1.171835,-1.0,-1.0,-1
1.171835,1.171835,1.17183,1.171835,-1.0,-1.0,-1
1.171835,1.171835,1.171835,1.171835,-1.0,-1.0,-1
1.171835,1.171835,1.171785,1.171795,-1.0,-1.0,-1
1.171795,1.171795,1.171785,1.171785,-1.0,-1.0,-1
1.171785,1.171785,1.171785,1.171785,-1.0,-1.0,-1
1.171785,1.171785,1.171785,1.171785,-1.0,-1.0,-1
1.171785,1.171785,1.171785,1.171785,-1.0,-1.0,-1
1.171785,1.171785,1.171785,1.171785,-1.0,-1.0,-1
1.171785,1.171785,1.171785,1.171785,-1.0,-1.0,-1
1.171785,1.171785,1.171785,1.171785,-1.0,-1.0,-1
1.171785,1.171785,1.171785,1.171785,-1.0,-1.0,-1
1.171785,1.171785,1.17178,1.171785,-1.0,-1.0,-1
1.171785,1.17179,1.171785,1.17179,-1.0,-1.0,-1
1.17179,1.17179,1.17179,1.17179,-1.0,-1.0,-1
1.17179,1.17179,1.171785,1.171785,-1.0,-1.0,-1
1.171785,1.17179,1.171785,1.17179,-1.0,-1.0,-1
1.17179,1.17179,1.17179,1.17179,-1.0,-1.0,-1
1.17179,1.17179,1.171785,1.17179,-1.0,-1.0,-1
1.17179,1.17179,1.171785,1.17179,-1.0,-1.0,-1
1.17179,1.17179,1.171785,1.17179,-1.0,-1.0,-1
1.17179,1.17179,1.17179,1.17179,-1.0,-1.0,-1
1.17179,1.17179,1.171785,1.17179,-1.0,-1.0,-1
1.17179,1.17179,1.17179,1.17179,-1.0,-1.0,-1
1.17179,1.17179,1.17179,1.17179,-1.0,-1.0,-1
1.17179,1.17179,1.17179,1.17179,-1.0,-1.0,-1
1.17179,1.171795,1.171785,1.171785,-1.0,-1.0,-1
1.171785,1.17179,1.171785,1.17179,-1.0,-1.0,-1
1.17179,1.17179,1.171785,1.171785,-1.0,-1.0,-1
1.171785,1.171795,1.171775,1.171775,-1.0,-1.0,-1
1.171775,1.171775,1.171775,1.171775,-1.0,-1.0,-1
1.171775,1.17178,1.171775,1.17178,-1.0,-1.0,-1
1.17178,1.17178,1.171775,1.171775,-1.0,-1.0,-1
1.171775,1.17178,1.171775,1.17178,-1.0,-1.0,-1
1.17178,1.171795,1.17178,1.17179,-1.0,-1.0,-1
1.17179,1.17179,1.171755,1.17176,-1.0,-1.0,-1
1.17176,1.171765,1.17174,1.17174,-1.0,-1.0,-1
1.17174,1.17174,1.171735,1.17174,-1.0,-1.0,-1
1.17174,1.17174,1.171735,1.17174,-1.0,-1.0,-1
1.17174,1.17174,1.17174,1.17174,-1.0,-1.0,-1
1.17174,1.17174,1.17174,1.17174,-1.0,-1.0,-1
1.17174,1.17174,1.171735,1.17174,-1.0,-1.0,-1
1.17174,1.17174,1.17174,1.17174,-1.0,-1.0,-1
1.17174,1.17174,1.17174,1.17174,-1.0,-1.0,-1
1.17174,1.17174,1.171735,1.17174,-1.0,-1.0,-1
1.17174,1.17174,1.171735,1.17174,-1.0,-1.0,-1
1.17174,1.17174,1.171735,1.17174,-1.0,-1.0,-1
1.17174,1.17174,1.171735,1.171735,-1.0,-1.0,-1
1.171735,1.171745,1.171735,1.17174,-1.0,-1.0,-1
1.17174,1.17174,1.17174,1.17174,-1.0,-1.0,-1
1.17174,1.171745,1.17174,1.17174,-1.0,-1.0,-1
1.17174,1.17174,1.17174,1.17174,-1.0,-1.0,-1
1.17174,1.171745,1.17174,1.171745,-1.0,-1.0,-1
1.171745,1.171745,1.171735,1.171735,-1.0,-1.0,-1
1.171735,1.171735,1.171735,1.171735,-1.0,-1.0,-1
1.171735,1.17174,1.171735,1.17174,-1.0,-1.0,-1
1.17174,1.171745,1.17174,1.171745,-1.0,-1.0,-1
1.171745,1.17175,1.17174,1.17174,-1.0,-1.0,-1
1.17174,1.17175,1.17174,1.17175,-1.0,-1.0,-1
1.17175,1.17175,1.17175,1.17175,-1.0,-1.0,-1
1.17175,1.17175,1.17175,1.17175,-1.0,-1.0,-1
1.17175,1.17175,1.171735,1.171735,-1.0,-1.0,-1
1.171735,1.17174,1.171735,1.17174,-1.0,-1.0,-1
1.17174,1.171745,1.17174,1.171745,-1.0,-1.0,-1
1.171745,1.171745,1.17174,1.17174,-1.0,-1.0,-1
1.17174,1.171745,1.17174,1.17174,-1.0,-1.0,-1
1.17174,1.17174,1.17174,1.17174,-1.0,-1.0,-1
1.17174,1.17174,1.17174,1.17174,-1.0,-1.0,-1
1.17174,1.17175,1.17167,1.171745,-1.0,-1.0,-1
1.171745,1.171745,1.17174,1.17174,-1.0,-1.0,-1
1.17174,1.171745,1.171735,1.171735,-1.0,-1.0,-1
1.171735,1.17174,1.171735,1.17174,-1.0,-1.0,-1
1.17174,1.17174,1.17173,1.171735,-1.0,-1.0,-1
1.171735,1.171735,1.171735,1.171735,-1.0,-1.0,-1
1.171735,1.171745,1.171735,1.17174,-1.0,-1.0,-1
1.17174,1.17174,1.171735,1.171735,-1.0,-1.0,-1
1.171735,1.17174,1.171735,1.171735,-1.0,-1.0,-1
1.171735,1.171735,1.171735,1.171735,-1.0,-1.0,-1
1.171735,1.17174,1.171735,1.17174,-1.0,-1.0,-1
1.17174,1.17174,1.171725,1.171725,-1.0,-1.0,-1
1.171725,1.17173,1.171725,1.171725,-1.0,-1.0,-1
1.171725,1.171735,1.171725,1.171735,-1.0,-1.0,-1
1.171735,1.171735,1.171725,1.171725,-1.0,-1.0,-1
1.171725,1.171735,1.171725,1.171725,-1.0,-1.0,-1
1.171725,1.17173,1.17171,1.171715,-1.0,-1.0,-1
1.171715,1.171715,1.17171,1.17171,-1.0,-1.0,-1
1.17171,1.171735,1.171705,1.171735,-1.0,-1.0,-1
1.171735,1.171735,1.171735,1.171735,-1.0,-1.0,-1
1.171735,1.171735,1.17169,1.17169,-1.0,-1.0,-1
1.17169,1.17169,1.17169,1.17169,-1.0,-1.0,-1
1.17169,1.171695,1.17169,1.171695,-1.0,-1.0,-1
1.171695,1.171695,1.17169,1.17169,-1.0,-1.0,-1
1.17169,1.17169,1.17169,1.17169,-1.0,-1.0,-1
1.17169,1.17169,1.17169,1.17169,-1.0,-1.0,-1
1.17169,1.17169,1.17169,1.17169,-1.0,-1.0,-1
1.17169,1.17169,1.17169,1.17169,-1.0,-1.0,-1
1.17169,1.17169,1.17169,1.17169,-1.0,-1.0,-1
1.17169,1.17169,1.17169,1.17169,-1.0,-1.0,-1
1.17169,1.17169,1.17169,1.17169,-1.0,-1.0,-1
1.17169,1.171695,1.17169,1.171695,-1.0,-1.0,-1
1.171695,1.171695,1.17169,1.171695,-1.0,-1.0,-1
1.171695,1.171695,1.17169,1.17169,-1.0,-1.0,-1
1.17169,1.17169,1.17169,1.17169,-1.0,-1.0,-1
1.17169,1.17169,1.17169,1.17169,-1.0,-1.0,-1
1.17169,1.171695,1.17169,1.17169,-1.0,-1.0,-1
1.17169,1.17169,1.17169,1.17169,-1.0,-1.0,-1
1.17169,1.17169,1.17169,1.17169,-1.0,-1.0,-1
1.17169,1.17169,1.17169,1.17169,-1.0,-1.0,-1
1.17169,1.171695,1.17169,1.171695,-1.0,-1.0,-1
1.171695,1.171695,1.17169,1.17169,-1.0,-1.0,-1
1.17169,1.171695,1.17169,1.171695,-1.0,-1.0,-1
1.171695,1.171695,1.171695,1.171695,-1.0,-1.0,-1
1.171695,1.171695,1.17169,1.17169,-1.0,-1.0,-1
1.17169,1.17169,1.171685,1.171685,-1.0,-1.0,-1
1.171685,1.171695,1.171685,1.171695,-1.0,-1.0,-1
1.171695,1.171695,1.171695,1.171695,-1.0,-1.0,-1
1.171695,1.171695,1.171695,1.171695,-1.0,-1.0,-1
1.171695,1.171695,1.171695,1.171695,-1.0,-1.0,-1
1.171695,1.171715,1.171695,1.171715,-1.0,-1.0,-1
1.171715,1.171745,1.171715,1.171745,-1.0,-1.0,-1
1.171745,1.171745,1.171745,1.171745,-1.0,-1.0,-1
1.171745,1.171745,1.171735,1.17174,-1.0,-1.0,-1
1.17174,1.171745,1.17174,1.171745,-1.0,-1.0,-1
1.171745,1.171745,1.171745,1.171745,-1.0,-1.0,-1
1.171745,1.171745,1.171745,1.171745,-1.0,-1.0,-1
1.171745,1.171745,1.171745,1.171745,-1.0,-1.0,-1
1.171745,1.171745,1.17174,1.17174,-1.0,-1.0,-1
1.17174,1.171745,1.17174,1.171745,-1.0,-1.0,-1
1.171745,1.171745,1.171745,1.171745,-1.0,-1.0,-1
1.171745,1.171745,1.171735,1.171735,-1.0,-1.0,-1
1.171735,1.171735,1.171735,1.171735,-1.0,-1.0,-1
1.171735,1.171735,1.17173,1.171735,-1.0,-1.0,-1
1.171735,1.171745,1.171735,1.171735,-1.0,-1.0,-1
1.171735,1.17174,1.171735,1.17174,-1.0,-1.0,-1
1.17174,1.17174,1.171735,1.171735,-1.0,-1.0,-1
1.171735,1.171735,1.171735,1.171735,-1.0,-1.0,-1
1.171735,1.171735,1.17173,1.17173,-1.0,-1.0,-1
1.17173,1.17173,1.17173,1.17173,-1.0,-1.0,-1
1.17173,1.17173,1.17173,1.17173,-1.0,-1.0,-1
1.17173,1.17173,1.17173,1.17173,-1.0,-1.0,-1
1.17173,1.171735,1.17173,1.171735,-1.0,-1.0,-1
1.171735,1.17174,1.171735,1.171735,-1.0,-1.0,-1
1.171735,1.171735,1.171735,1.171735,-1.0,-1.0,-1
1.171735,1.171735,1.17173,1.171735,-1.0,-1.0,-1
1.171735,1.171735,1.171735,1.171735,-1.0,-1.0,-1
1.171735,1.171735,1.17173,1.171735,-1.0,-1.0,-1
1.171735,1.171735,1.171735,1.171735,-1.0,-1.0,-1
1.171735,1.171735,1.171735,1.171735,-1.0,-1.0,-1
1.171735,1.171735,1.171735,1.171735,-1.0,-1.0,-1
1.171735,1.171735,1.17173,1.171735,-1.0,-1.0,-1
1.171735,1.171735,1.171735,1.171735,-1.0,-1.0,-1
1.171735,1.171735,1.171735,1.171735,-1.0,-1.0,-1
1.171735,1.171735,1.171735,1.171735,-1.0,-1.0,-1
1.171735,1.171735,1.171735,1.171735,-1.0,-1.0,-1
1.171735,1.171735,1.17173,1.17173,-1.0,-1.0,-1
1.17173,1.17173,1.171685,1.171685,-1.0,-1.0,-1
1.171685,1.171685,1.171685,1.171685,-1.0,-1.0,-1
1.171685,1.171685,1.171685,1.171685,-1.0,-1.0,-1
1.171685,1.171685,1.171685,1.171685,-1.0,-1.0,-1
1.171685,1.17169,1.171685,1.17169,-1.0,-1.0,-1
1.17169,1.17169,1.17169,1.17169,-1.0,-1.0,-1
1.17169,1.17169,1.171685,1.171685,-1.0,-1.0,-1
1.171685,1.171695,1.171685,1.171695,-1.0,-1.0,-1
1.171695,1.171695,1.171685,1.171685,-1.0,-1.0,-1
1.171685,1.17169,1.171685,1.17169,-1.0,-1.0,-1
1.17169,1.17169,1.17169,1.17169,-1.0,-1.0,-1
1.17169,1.17169,1.17169,1.17169,-1.0,-1.0,-1
1.17169,1.171735,1.17169,1.171715,-1.0,-1.0,-1
1.171715,1.171715,1.17171,1.171715,-1.0,-1.0,-1
1.171715,1.171715,1.171715,1.171715,-1.0,-1.0,-1
1.171715,1.171715,1.17171,1.17171,-1.0,-1.0,-1
1.17171,1.171715,1.171685,1.171685,-1.0,-1.0,-1
1.171685,1.171685,1.171685,1.171685,-1.0,-1.0,-1
1.171685,1.171685,1.171685,1.171685,-1.0,-1.0,-1
1.171685,1.171685,1.171685,1.171685,-1.0,-1.0,-1
1.171685,1.171695,1.171685,1.171695,-1.0,-1.0,-1
1.171695,1.171695,1.171695,1.171695,-1.0,-1.0,-1
1.171695,1.171695,1.171695,1.171695,-1.0,-1.0,-1
1.171695,1.171695,1.171695,1.171695,-1.0,-1.0,-1
1.171695,1.171695,1.17169,1.17169,-1.0,-1.0,-1
1.17169,1.171695,1.17169,1.171695,-1.0,-1.0,-1
1.171695,1.171695,1.171685,1.171685,-1.0,-1.0,-1
1.171685,1.171685,1.171685,1.171685,-1.0,-1.0,-1
1.171685,1.171685,1.171685,1.171685,-1.0,-1.0,-1
1.171685,1.171685,1.171685,1.171685,-1.0,-1.0,-1
1.171685,1.171685,1.171685,1.171685,-1.0,-1.0,-1
1.171685,1.171685,1.171685,1.171685,-1.0,-1.0,-1
1.171685,1.171685,1.171685,1.171685,-1.0,-1.0,-1
1.171685,1.171685,1.171685,1.171685,-1.0,-1.0,-1
1.171685,1.171685,1.171685,1.171685,-1.0,-1.0,-1
1.171685,1.171705,1.171685,1.171695,-1.0,-1.0,-1
1.171695,1.171695,1.171695,1.171695,-1.0,-1.0,-1
1.171695,1.171695,1.171695,1.171695,-1.0,-1.0,-1
1.171695,1.171695,1.17169,1.17169,-1.0,-1.0,-1
1.17169,1.17169,1.17169,1.17169,-1.0,-1.0,-1
1.17169,1.17169,1.17169,1.17169,-1.0,-1.0,-1
1.17169,1.171695,1.17169,1.171695,-1.0,-1.0,-1
1.171695,1.171695,1.17169,1.17169,-1.0,-1.0,-1
1.17169,1.17169,1.17169,1.17169,-1.0,-1.0,-1
1.17169,1.17169,1.17169,1.17169,-1.0,-1.0,-1
1.17169,1.17169,1.17169,1.17169,-1.0,-1.0,-1
1.17169,1.17169,1.17169,1.17169,-1.0,-1.0,-1
1.17169,1.17169,1.17169,1.17169,-1.0,-1.0,-1
1.17169,1.17169,1.17169,1.17169,-1.0,-1.0,-1
1.17169,1.17169,1.17169,1.17169,-1.0,-1.0,-1
1.17169,1.17169,1.17169,1.17169,-1.0,-1.0,-1
1.17169,1.17169,1.17169,1.17169,-1.0,-1.0,-1
1.17169,1.17169,1.17169,1.17169,-1.0,-1.0,-1
1.17169,1.171695,1.17169,1.17169,-1.0,-1.0,-1
1.17169,1.17169,1.17169,1.17169,-1.0,-1.0,-1
1.17169,1.17169,1.17169,1.17169,-1.0,-1.0,-1
1.17169,1.171695,1.17169,1.171695,-1.0,-1.0,-1
1.171695,1.171695,1.171695,1.171695,-1.0,-1.0,-1
1.171695,1.171695,1.171695,1.171695,-1.0,-1.0,-1
1.171695,1.171695,1.171685,1.171685,-1.0,-1.0,-1
1.171685,1.171685,1.171685,1.171685,-1.0,-1.0,-1
1.171685,1.17169,1.171685,1.17169,-1.0,-1.0,-1
1.17169,1.17169,1.17169,1.17169,-1.0,-1.0,-1
1.17169,1.17169,1.17169,1.17169,-1.0,-1.0,-1
1.17169,1.17169,1.171685,1.17169,-1.0,-1.0,-1
1.17169,1.17169,1.171685,1.17169,-1.0,-1.0,-1
1.17169,1.171695,1.17169,1.171695,-1.0,-1.0,-1
1.171695,1.171745,1.171695,1.171745,-1.0,-1.0,-1
1.171745,1.171745,1.171745,1.171745,-1.0,-1.0,-1
1.171745,1.171745,1.171745,1.171745,-1.0,-1.0,-1
1.171745,1.171745,1.171745,1.171745,-1.0,-1.0,-1
1.171745,1.171745,1.171745,1.171745,-1.0,-1.0,-1
1.171745,1.171745,1.17174,1.17174,-1.0,-1.0,-1
1.17174,1.171745,1.17174,1.171745,-1.0,-1.0,-1
1.171745,1.17175,1.17174,1.17175,-1.0,-1.0,-1
1.17175,1.17175,1.171745,1.171745,-1.0,-1.0,-1
1.171745,1.171745,1.171725,1.171725,-1.0,-1.0,-1
1.171725,1.171735,1.171715,1.171715,-1.0,-1.0,-1
1.171715,1.171715,1.171715,1.171715,-1.0,-1.0,-1
1.171715,1.171725,1.171715,1.17172,-1.0,-1.0,-1
1.17172,1.171725,1.17172,1.17172,-1.0,-1.0,-1
1.17172,1.171725,1.17172,1.17172,-1.0,-1.0,-1
1.17172,1.171725,1.17172,1.17172,-1.0,-1.0,-1
1.17172,1.171725,1.171715,1.171715,-1.0,-1.0,-1
1.171715,1.171715,1.171715,1.171715,-1.0,-1.0,-1
1.171715,1.171715,1.171715,1.171715,-1.0,-1.0,-1
1.171715,1.171715,1.171715,1.171715,-1.0,-1.0,-1
1.171715,1.171715,1.171715,1.171715,-1.0,-1.0,-1
1.171715,1.171715,1.171715,1.171715,-1.0,-1.0,-1
1.171715,1.171715,1.171715,1.171715,-1.0,-1.0,-1
1.171715,1.171715,1.171715,1.171715,-1.0,-1.0,-1
1.171715,1.171715,1.171715,1.171715,-1.0,-1.0,-1
1.171715,1.171715,1.171715,1.171715,-1.0,-1.0,-1
1.171715,1.171715,1.171705,1.171705,-1.0,-1.0,-1
1.171705,1.171745,1.171705,1.171745,-1.0,-1.0,-1
1.171745,1.171745,1.17174,1.17174,-1.0,-1.0,-1
1.17174,1.17174,1.17174,1.17174,-1.0,-1.0,-1
1.17174,1.17174,1.17174,1.17174,-1.0,-1.0,-1
1.17174,1.17174,1.17174,1.17174,-1.0,-1.0,-1
1.17174,1.17174,1.17174,1.17174,-1.0,-1.0,-1
1.17174,1.17174,1.17174,1.17174,-1.0,-1.0,-1
1.17174,1.171755,1.17174,1.17175,-1.0,-1.0,-1
1.17175,1.17175,1.17175,1.17175,-1.0,-1.0,-1
1.17175,1.17175,1.17175,1.17175,-1.0,-1.0,-1
1.17175,1.17175,1.17175,1.17175,-1.0,-1.0,-1
1.17175,1.17175,1.17175,1.17175,-1.0,-1.0,-1
1.17175,1.17175,1.17175,1.17175,-1.0,-1.0,-1
1.17175,1.17175,1.17175,1.17175,-1.0,-1.0,-1
1.17175,1.17175,1.17175,1.17175,-1.0,-1.0,-1
1.17175,1.171755,1.17175,1.17175,-1.0,-1.0,-1
1.17175,1.17175,1.171735,1.171735,-1.0,-1.0,-1
1.171735,1.17174,1.171735,1.17174,-1.0,-1.0,-1
1.17174,1.17174,1.171735,1.171735,-1.0,-1.0,-1
1.171735,1.17174,1.171735,1.171735,-1.0,-1.0,-1
1.171735,1.171745,1.171735,1.171745,-1.0,-1.0,-1
1.171745,1.171745,1.171745,1.171745,-1.0,-1.0,-1
1.171745,1.17175,1.171745,1.17175,-1.0,-1.0,-1
1.17175,1.17178,1.17175,1.17178,-1.0,-1.0,-1
1.17178,1.171785,1.17175,1.17175,-1.0,-1.0,-1
1.17175,1.17175,1.17175,1.17175,-1.0,-1.0,-1
1.17175,1.17175,1.17175,1.17175,-1.0,-1.0,-1
1.17175,1.17175,1.17175,1.17175,-1.0,-1.0,-1
1.17175,1.17175,1.17174,1.17174,-1.0,-1.0,-1
1.17174,1.17174,1.17174,1.17174,-1.0,-1.0,-1
1.17174,1.17174,1.17174,1.17174,-1.0,-1.0,-1
1.17174,1.17174,1.17174,1.17174,-1.0,-1.0,-1
1.17174,1.17174,1.17172,1.17172,-1.0,-1.0,-1
1.17172,1.171725,1.17172,1.17172,-1.0,-1.0,-1
1.17172,1.171725,1.17172,1.17172,-1.0,-1.0,-1
1.17172,1.171725,1.171715,1.17172,-1.0,-1.0,-1
1.17172,1.171735,1.17172,1.171735,-1.0,-1.0,-1
1.171735,1.171735,1.171725,1.171725,-1.0,-1.0,-1
1.171725,1.17173,1.171725,1.171725,-1.0,-1.0,-1
1.171725,1.17173,1.171705,1.171705,-1.0,-1.0,-1
1.171705,1.171705,1.171705,1.171705,-1.0,-1.0,-1
1.171705,1.171705,1.1717,1.1717,-1.0,-1.0,-1
1.1717,1.1717,1.1717,1.1717,-1.0,-1.0,-1
1.1717,1.1717,1.1717,1.1717,-1.0,-1.0,-1
1.1717,1.1717,1.1717,1.1717,-1.0,-1.0,-1
1.1717,1.1717,1.1717,1.1717,-1.0,-1.0,-1
1.1717,1.171705,1.1717,1.171705,-1.0,-1.0,-1
1.171705,1.171705,1.171695,1.171695,-1.0,-1.0,-1
1.171695,1.171695,1.171695,1.171695,-1.0,-1.0,-1
1.171695,1.171695,1.171695,1.171695,-1.0,-1.0,-1
1.171695,1.171695,1.171695,1.171695,-1.0,-1.0,-1
1.171695,1.171695,1.171695,1.171695,-1.0,-1.0,-1
1.171695,1.171695,1.171695,1.171695,-1.0,-1.0,-1
1.171695,1.171695,1.171695,1.171695,-1.0,-1.0,-1
1.171695,1.171695,1.171695,1.171695,-1.0,-1.0,-1
1.171695,1.171695,1.171695,1.171695,-1.0,-1.0,-1
1.171695,1.171695,1.171695,1.171695,-1.0,-1.0,-1
1.171695,1.171695,1.17169,1.171695,-1.0,-1.0,-1
1.171695,1.171695,1.171695,1.171695,-1.0,-1.0,-1
1.171695,1.171695,1.171695,1.171695,-1.0,-1.0,-1
1.171695,1.171695,1.17169,1.17169,-1.0,-1.0,-1
1.17169,1.17169,1.17169,1.17169,-1.0,-1.0,-1
1.17169,1.171695,1.17169,1.171695,-1.0,-1.0,-1
1.171695,1.171695,1.171695,1.171695,-1.0,-1.0,-1
1.171695,1.1717,1.171695,1.171695,-1.0,-1.0,-1
1.171695,1.171695,1.171695,1.171695,-1.0,-1.0,-1
1.171695,1.171695,1.171695,1.171695,-1.0,-1.0,-1
1.171695,1.171695,1.171695,1.171695,-1.0,-1.0,-1
1.171695,1.1717,1.171695,1.171695,-1.0,-1.0,-1
1.171695,1.1717,1.171695,1.171695,-1.0,-1.0,-1
1.171695,1.1717,1.17169,1.1717,-1.0,-1.0,-1
1.1717,1.1717,1.171695,1.171695,-1.0,-1.0,-1
1.171695,1.171695,1.17169,1.17169,-1.0,-1.0,-1
1.17169,1.171695,1.17169,1.171695,-1.0,-1.0,-1
1.171695,1.171695,1.171685,1.17169,-1.0,-1.0,-1
1.17169,1.17169,1.17169,1.17169,-1.0,-1.0,-1
1.17169,1.17169,1.17166,1.171675,-1.0,-1.0,-1
1.171675,1.171685,1.17166,1.17166,-1.0,-1.0,-1
1.17166,1.17166,1.17166,1.17166,-1.0,-1.0,-1
1.17166,1.17166,1.17166,1.17166,-1.0,-1.0,-1
1.17166,1.17166,1.17166,1.17166,-1.0,-1.0,-1
1.17166,1.17166,1.17166,1.17166,-1.0,-1.0,-1
1.17166,1.17166,1.17165,1.17165,-1.0,-1.0,-1
1.17165,1.17165,1.171585,1.17159,-1.0,-1.0,-1
1.17159,1.17159,1.171585,1.17159,-1.0,-1.0,-1
1.17159,1.17159,1.171575,1.171585,-1.0,-1.0,-1
1.171585,1.171595,1.17157,1.17157,-1.0,-1.0,-1
1.17157,1.171585,1.171565,1.171585,-1.0,-1.0,-1
1.171585,1.1716,1.171575,1.171585,-1.0,-1.0,-1
1.171585,1.1716,1.17158,1.171585,-1.0,-1.0,-1
1.171585,1.1716,1.17158,1.171585,-1.0,-1.0,-1
1.171585,1.171585,1.17158,1.171585,-1.0,-1.0,-1
1.171585,1.1716,1.17158,1.1716,-1.0,-1.0,-1
1.1716,1.1716,1.17158,1.171585,-1.0,-1.0,-1
1.171585,1.171585,1.17158,1.171585,-1.0,-1.0,-1
1.171585,1.171585,1.17158,1.171585,-1.0,-1.0,-1
1.171585,1.171585,1.17158,1.171585,-1.0,-1.0,-1
1.171585,1.171585,1.17158,1.171585,-1.0,-1.0,-1
1.171585,1.171585,1.17158,1.171585,-1.0,-1.0,-1
1.171585,1.171585,1.17158,1.171585,-1.0,-1.0,-1
1.171585,1.171585,1.17158,1.171585,-1.0,-1.0,-1
1.171585,1.171585,1.17158,1.171585,-1.0,-1.0,-1
1.171585,1.171595,1.17158,1.171595,-1.0,-1.0,-1
1.171595,1.171595,1.171585,1.171595,-1.0,-1.0,-1
1.171595,1.171595,1.171595,1.171595,-1.0,-1.0,-1
1.171595,1.171595,1.171595,1.171595,-1.0,-1.0,-1
1.171595,1.171595,1.171595,1.171595,-1.0,-1.0,-1
1.171595,1.171595,1.171585,1.171595,-1.0,-1.0,-1
1.171595,1.171595,1.171585,1.171595,-1.0,-1.0,-1
1.171595,1.171595,1.171595,1.171595,-1.0,-1.0,-1
1.171595,1.171595,1.171595,1.171595,-1.0,-1.0,-1
1.171595,1.171595,1.171595,1.171595,-1.0,-1.0,-1
1.171595,1.171595,1.17158,1.171585,-1.0,-1.0,-1
1.171585,1.171585,1.17158,1.171585,-1.0,-1.0,-1
1.171585,1.171585,1.17158,1.171585,-1.0,-1.0,-1
1.171585,1.171585,1.171575,1.171575,-1.0,-1.0,-1
1.171575,1.171585,1.171575,1.171585,-1.0,-1.0,-1
1.171585,1.171585,1.17158,1.171585,-1.0,-1.0,-1
1.171585,1.171595,1.17158,1.171585,-1.0,-1.0,-1
1.171585,1.171585,1.171575,1.171585,-1.0,-1.0,-1
1.171585,1.1716,1.17158,1.171595,-1.0,-1.0,-1
1.171595,1.171595,1.171585,1.17159,-1.0,-1.0,-1
1.17159,1.171595,1.171585,1.17159,-1.0,-1.0,-1
1.17159,1.17159,1.171585,1.17159,-1.0,-1.0,-1
1.17159,1.17159,1.171585,1.17159,-1.0,-1.0,-1
1.17159,1.17159,1.17158,1.171585,-1.0,-1.0,-1
1.171585,1.171595,1.17158,1.171585,-1.0,-1.0,-1
1.171585,1.171635,1.17158,1.171615,-1.0,-1.0,-1
1.171615,1.171615,1.171615,1.171615,-1.0,-1.0,-1
1.171615,1.171615,1.171615,1.171615,-1.0,-1.0,-1
1.171615,1.171615,1.171615,1.171615,-1.0,-1.0,-1
1.171615,1.171615,1.171615,1.171615,-1.0,-1.0,-1
1.171615,1.171615,1.171615,1.171615,-1.0,-1.0,-1
1.171615,1.17164,1.171615,1.171635,-1.0,-1.0,-1
1.171635,1.17164,1.171625,1.171625,-1.0,-1.0,-1
1.171625,1.17164,1.171625,1.171635,-1.0,-1.0,-1
1.171635,1.17164,1.17163,1.17163,-1.0,-1.0,-1
1.17163,1.171635,1.171625,1.171625,-1.0,-1.0,-1
1.171625,1.171635,1.171625,1.171625,-1.0,-1.0,-1
1.171625,1.171625,1.171625,1.171625,-1.0,-1.0,-1
1.171625,1.171625,1.17162,1.17162,-1.0,-1.0,-1
1.17162,1.17164,1.17162,1.171635,-1.0,-1.0,-1
1.171635,1.17164,1.171635,1.171635,-1.0,-1.0,-1
1.171635,1.17165,1.171635,1.17165,-1.0,-1.0,-1
1.17165,1.17165,1.17165,1.17165,-1.0,-1.0,-1
1.17165,1.17165,1.171645,1.171645,-1.0,-1.0,-1
1.171645,1.171645,1.171645,1.171645,-1.0,-1.0,-1
1.171645,1.171645,1.171645,1.171645,-1.0,-1.0,-1
1.171645,1.171645,1.171645,1.171645,-1.0,-1.0,-1
1.171645,1.171645,1.171645,1.171645,-1.0,-1.0,-1
1.171645,1.171645,1.171645,1.171645,-1.0,-1.0,-1
1.171645,1.171645,1.171645,1.171645,-1.0,-1.0,-1
1.171645,1.171645,1.171645,1.171645,-1.0,-1.0,-1
1.171645,1.171645,1.171645,1.171645,-1.0,-1.0,-1
1.171645,1.171645,1.171645,1.171645,-1.0,-1.0,-1
1.171645,1.171645,1.171645,1.171645,-1.0,-1.0,-1
1.171645,1.171645,1.171645,1.171645,-1.0,-1.0,-1
1.171645,1.171645,1.171645,1.171645,-1.0,-1.0,-1
1.171645,1.171645,1.171645,1.171645,-1.0,-1.0,-1
1.171645,1.171645,1.171645,1.171645,-1.0,-1.0,-1
1.171645,1.171645,1.171645,1.171645,-1.0,-1.0,-1
1.171645,1.171645,1.171645,1.171645,-1.0,-1.0,-1
1.171645,1.171645,1.171645,1.171645,-1.0,-1.0,-1
1.171645,1.171645,1.171645,1.171645,-1.0,-1.0,-1
1.171645,1.171645,1.171645,1.171645,-1.0,-1.0,-1
1.171645,1.171645,1.171645,1.171645,-1.0,-1.0,-1
1.171645,1.171645,1.171645,1.171645,-1.0,-1.0,-1
1.171645,1.171645,1.171645,1.171645,-1.0,-1.0,-1
1.171645,1.171645,1.171645,1.171645,-1.0,-1.0,-1
1.171645,1.171645,1.171645,1.171645,-1.0,-1.0,-1
1.171645,1.171645,1.171635,1.171635,-1.0,-1.0,-1
1.171635,1.17164,1.171635,1.171635,-1.0,-1.0,-1
1.171635,1.17164,1.171635,1.171635,-1.0,-1.0,-1
1.171635,1.17164,1.171635,1.171635,-1.0,-1.0,-1
1.171635,1.17164,1.171635,1.171635,-1.0,-1.0,-1
1.171635,1.17164,1.171635,1.171635,-1.0,-1.0,-1
1.171635,1.171655,1.171635,1.171655,-1.0,-1.0,-1
1.171655,1.171655,1.171655,1.171655,-1.0,-1.0,-1
1.171655,1.171655,1.171655,1.171655,-1.0,-1.0,-1
1.171655,1.171655,1.171635,1.171635,-1.0,-1.0,-1
1.171635,1.17165,1.171635,1.17165,-1.0,-1.0,-1
1.17165,1.17165,1.17165,1.17165,-1.0,-1.0,-1
1.17165,1.17165,1.171645,1.171645,-1.0,-1.0,-1
1.171645,1.171645,1.171645,1.171645,-1.0,-1.0,-1
1.171645,1.171645,1.171645,1.171645,-1.0,-1.0,-1
1.171645,1.171645,1.171635,1.171635,-1.0,-1.0,-1
1.171635,1.17164,1.171635,1.171635,-1.0,-1.0,-1
1.171635,1.17164,1.171635,1.171635,-1.0,-1.0,-1
1.171635,1.17164,1.171625,1.171625,-1.0,-1.0,-1
1.171625,1.171625,1.171625,1.171625,-1.0,-1.0,-1
1.171625,1.171635,1.171585,1.17159,-1.0,-1.0,-1
1.17159,1.17159,1.171585,1.17159,-1.0,-1.0,-1
1.17159,1.171595,1.171585,1.171595,-1.0,-1.0,-1
1.171595,1.171595,1.171595,1.171595,-1.0,-1.0,-1
1.171595,1.171595,1.171585,1.17159,-1.0,-1.0,-1
1.17159,1.17159,1.171585,1.17159,-1.0,-1.0,-1
1.17159,1.17159,1.171585,1.17159,-1.0,-1.0,-1
1.17159,1.17159,1.171585,1.17159,-1.0,-1.0,-1
1.17159,1.171595,1.17158,1.171595,-1.0,-1.0,-1
1.171595,1.171595,1.171595,1.171595,-1.0,-1.0,-1
1.171595,1.171595,1.171595,1.171595,-1.0,-1.0,-1
1.171595,1.171595,1.171595,1.171595,-1.0,-1.0,-1
1.171595,1.171595,1.171595,1.171595,-1.0,-1.0,-1
1.171595,1.171595,1.171595,1.171595,-1.0,-1.0,-1
1.171595,1.171595,1.171595,1.171595,-1.0,-1.0,-1
1.171595,1.171595,1.171595,1.171595,-1.0,-1.0,-1
1.171595,1.171595,1.171595,1.171595,-1.0,-1.0,-1
1.171595,1.171595,1.171595,1.171595,-1.0,-1.0,-1
1.171595,1.171595,1.171585,1.17159,-1.0,-1.0,-1
1.17159,1.171595,1.171585,1.171595,-1.0,-1.0,-1
1.171595,1.171595,1.171595,1.171595,-1.0,-1.0,-1
1.171595,1.171595,1.171595,1.171595,-1.0,-1.0,-1
1.171595,1.171595,1.171595,1.171595,-1.0,-1.0,-1
1.171595,1.171595,1.171575,1.171575,-1.0,-1.0,-1
1.171575,1.171575,1.171575,1.171575,-1.0,-1.0,-1
1.171575,1.171575,1.171575,1.171575,-1.0,-1.0,-1
1.171575,1.171585,1.171575,1.171585,-1.0,-1.0,-1
1.171585,1.1716,1.17158,1.171585,-1.0,-1.0,-1
1.171585,1.171585,1.17158,1.171585,-1.0,-1.0,-1
1.171585,1.171585,1.17158,1.171585,-1.0,-1.0,-1
1.171585,1.1716,1.17158,1.1716,-1.0,-1.0,-1
1.1716,1.1716,1.17158,1.171585,-1.0,-1.0,-1
1.171585,1.171585,1.17158,1.171585,-1.0,-1.0,-1
1.171585,1.171585,1.171575,1.171575,-1.0,-1.0,-1
1.171575,1.171575,1.171575,1.171575,-1.0,-1.0,-1
1.171575,1.171575,1.171575,1.171575,-1.0,-1.0,-1
1.171575,1.171575,1.17157,1.17157,-1.0,-1.0,-1
1.17157,1.17157,1.17157,1.17157,-1.0,-1.0,-1
1.17157,1.17157,1.17157,1.17157,-1.0,-1.0,-1
1.17157,1.171585,1.17157,1.171585,-1.0,-1.0,-1
1.171585,1.171585,1.171565,1.17157,-1.0,-1.0,-1
1.17157,1.17157,1.17157,1.17157,-1.0,-1.0,-1
1.17157,1.17157,1.17157,1.17157,-1.0,-1.0,-1
1.17157,1.17157,1.17157,1.17157,-1.0,-1.0,-1
1.17157,1.17157,1.17157,1.17157,-1.0,-1.0,-1
1.17157,1.17157,1.17157,1.17157,-1.0,-1.0,-1
1.17157,1.17157,1.171555,1.17157,-1.0,-1.0,-1
1.17157,1.17157,1.17157,1.17157,-1.0,-1.0,-1
1.17157,1.171575,1.17157,1.171575,-1.0,-1.0,-1
1.171575,1.171585,1.171575,1.171585,-1.0,-1.0,-1
1.171585,1.171585,1.17158,1.171585,-1.0,-1.0,-1
1.171585,1.171585,1.17158,1.171585,-1.0,-1.0,-1
1.171585,1.171585,1.17158,1.171585,-1.0,-1.0,-1
1.171585,1.171605,1.171575,1.171595,-1.0,-1.0,-1
1.171595,1.171595,1.171595,1.171595,-1.0,-1.0,-1
1.171595,1.171595,1.171595,1.171595,-1.0,-1.0,-1
1.171595,1.171595,1.171595,1.171595,-1.0,-1.0,-1
1.171595,1.171595,1.171575,1.171595,-1.0,-1.0,-1
1.171595,1.171595,1.171595,1.171595,-1.0,-1.0,-1
1.171595,1.171595,1.171595,1.171595,-1.0,-1.0,-1
1.171595,1.171595,1.171595,1.171595,-1.0,-1.0,-1
1.171595,1.171595,1.171595,1.171595,-1.0,-1.0,-1
1.171595,1.171595,1.171595,1.171595,-1.0,-1.0,-1
1.171595,1.1716,1.171595,1.171595,-1.0,-1.0,-1
1.171595,1.171595,1.171595,1.171595,-1.0,-1.0,-1
1.171595,1.171595,1.171595,1.171595,-1.0,-1.0,-1
1.171595,1.171595,1.171595,1.171595,-1.0,-1.0,-1
1.171595,1.171595,1.17158,1.171595,-1.0,-1.0,-1
1.171595,1.171595,1.171595,1.171595,-1.0,-1.0,-1
1.171595,1.171605,1.171595,1.171605,-1.0,-1.0,-1
1.171605,1.17164,1.171595,1.171635,-1.0,-1.0,-1
1.171635,1.17164,1.171625,1.171625,-1.0,-1.0,-1
1.171625,1.17164,1.171625,1.171625,-1.0,-1.0,-1
1.171625,1.171625,1.171625,1.171625,-1.0,-1.0,-1
1.171625,1.171625,1.171615,1.171625,-1.0,-1.0,-1
1.171625,1.171625,1.1716,1.171605,-1.0,-1.0,-1
1.171605,1.171605,1.171605,1.171605,-1.0,-1.0,-1
1.171605,1.171605,1.171595,1.171595,-1.0,-1.0,-1
1.171595,1.171595,1.171585,1.171595,-1.0,-1.0,-1
1.171595,1.171595,1.171595,1.171595,-1.0,-1.0,-1
1.171595,1.171625,1.171595,1.171625,-1.0,-1.0,-1
1.171625,1.171625,1.171625,1.171625,-1.0,-1.0,-1
1.171625,1.171635,1.17162,1.171625,-1.0,-1.0,-1
1.171625,1.171635,1.171625,1.17163,-1.0,-1.0,-1
1.17163,1.17164,1.171625,1.171625,-1.0,-1.0,-1
1.171625,1.171625,1.171615,1.17162,-1.0,-1.0,-1
1.17162,1.17162,1.171615,1.17162,-1.0,-1.0,-1
1.17162,1.17162,1.1716,1.171605,-1.0,-1.0,-1
1.171605,1.171605,1.1716,1.171605,-1.0,-1.0,-1
1.171605,1.171605,1.171605,1.171605,-1.0,-1.0,-1
1.171605,1.171605,1.1716,1.171605,-1.0,-1.0,-1
1.171605,1.171605,1.171605,1.171605,-1.0,-1.0,-1
1.171605,1.171605,1.1716,1.171605,-1.0,-1.0,-1
1.171605,1.171605,1.171605,1.171605,-1.0,-1.0,-1
1.171605,1.171615,1.171605,1.171615,-1.0,-1.0,-1
1.171615,1.17164,1.171605,1.171625,-1.0,-1.0,-1
1.171625,1.17164,1.171625,1.171635,-1.0,-1.0,-1
1.171635,1.17164,1.171625,1.171625,-1.0,-1.0,-1
1.171625,1.171625,1.171625,1.171625,-1.0,-1.0,-1
1.171625,1.171635,1.171625,1.171625,-1.0,-1.0,-1
1.171625,1.171625,1.171625,1.171625,-1.0,-1.0,-1
1.171625,1.171625,1.17161,1.17161,-1.0,-1.0,-1
1.17161,1.17161,1.171605,1.171605,-1.0,-1.0,-1
1.171605,1.171605,1.171605,1.171605,-1.0,-1.0,-1
1.171605,1.171605,1.171605,1.171605,-1.0,-1.0,-1
1.171605,1.171605,1.1716,1.171605,-1.0,-1.0,-1
1.171605,1.171605,1.171605,1.171605,-1.0,-1.0,-1
1.171605,1.171605,1.1716,1.1716,-1.0,-1.0,-1
1.1716,1.1716,1.171595,1.1716,-1.0,-1.0,-1
1.1716,1.1716,1.1716,1.1716,-1.0,-1.0,-1
1.1716,1.1716,1.171595,1.1716,-1.0,-1.0,-1
1.1716,1.1716,1.171565,1.171565,-1.0,-1.0,-1
1.171565,1.171565,1.171565,1.171565,-1.0,-1.0,-1
1.171565,1.171565,1.171565,1.171565,-1.0,-1.0,-1
1.171565,1.171565,1.171565,1.171565,-1.0,-1.0,-1
1.171565,1.17157,1.171565,1.17157,-1.0,-1.0,-1
1.17157,1.17157,1.171565,1.17157,-1.0,-1.0,-1
1.17157,1.17157,1.17157,1.17157,-1.0,-1.0,-1
1.17157,1.17157,1.17157,1.17157,-1.0,-1.0,-1
1.17157,1.17157,1.171565,1.171565,-1.0,-1.0,-1
1.171565,1.17157,1.171565,1.171565,-1.0,-1.0,-1
1.171565,1.171565,1.171565,1.171565,-1.0,-1.0,-1
1.171565,1.17157,1.171565,1.17157,-1.0,-1.0,-1
1.17157,1.17157,1.171565,1.171565,-1.0,-1.0,-1
1.171565,1.17157,1.171565,1.17157,-1.0,-1.0,-1
1.17157,1.17157,1.171565,1.17157,-1.0,-1.0,-1
1.17157,1.17157,1.17157,1.17157,-1.0,-1.0,-1
1.17157,1.17157,1.17157,1.17157,-1.0,-1.0,-1
1.17157,1.17157,1.17157,1.17157,-1.0,-1.0,-1
1.17157,1.17157,1.171555,1.171555,-1.0,-1.0,-1
1.171555,1.17156,1.171555,1.171555,-1.0,-1.0,-1
1.171555,1.17156,1.17155,1.17155,-1.0,-1.0,-1
1.17155,1.171565,1.17155,1.171565,-1.0,-1.0,-1
1.171565,1.171595,1.171565,1.171595,-1.0,-1.0,-1
1.171595,1.171595,1.171595,1.171595,-1.0,-1.0,-1
1.171595,1.171595,1.171595,1.171595,-1.0,-1.0,-1
1.171595,1.1716,1.171595,1.1716,-1.0,-1.0,-1
1.1716,1.1716,1.171595,1.171595,-1.0,-1.0,-1
1.171595,1.171595,1.171595,1.171595,-1.0,-1.0,-1
1.171595,1.171605,1.171595,1.171605,-1.0,-1.0,-1
1.171605,1.171605,1.171605,1.171605,-1.0,-1.0,-1
1.171605,1.171605,1.171605,1.171605,-1.0,-1.0,-1
1.171605,1.171605,1.171605,1.171605,-1.0,-1.0,-1
1.171605,1.171605,1.171595,1.171595,-1.0,-1.0,-1
1.171595,1.171595,1.171595,1.171595,-1.0,-1.0,-1
1.171595,1.171595,1.171595,1.171595,-1.0,-1.0,-1
1.171595,1.171595,1.171595,1.171595,-1.0,-1.0,-1
1.171595,1.1716,1.171595,1.1716,-1.0,-1.0,-1
1.1716,1.1716,1.1716,1.1716,-1.0,-1.0,-1
1.1716,1.1716,1.171595,1.171595,-1.0,-1.0,-1
1.171595,1.171595,1.171595,1.171595,-1.0,-1.0,-1
1.171595,1.171595,1.171595,1.171595,-1.0,-1.0,-1
1.171595,1.171595,1.171595,1.171595,-1.0,-1.0,-1
1.171595,1.171595,1.171595,1.171595,-1.0,-1.0,-1
1.171595,1.171595,1.171585,1.17159,-1.0,-1.0,-1
1.17159,1.171595,1.171585,1.171595,-1.0,-1.0,-1
1.171595,1.171595,1.171595,1.171595,-1.0,-1.0,-1
1.171595,1.171595,1.171575,1.171585,-1.0,-1.0,-1
1.171585,1.17159,1.17158,1.17159,-1.0,-1.0,-1
1.17159,1.171595,1.171585,1.17159,-1.0,-1.0,-1
1.17159,1.171595,1.171585,1.171595,-1.0,-1.0,-1
1.171595,1.171635,1.171585,1.17163,-1.0,-1.0,-1
1.17163,1.171635,1.171625,1.17163,-1.0,-1.0,-1
1.17163,1.17164,1.17163,1.171635,-1.0,-1.0,-1
1.171635,1.17164,1.171635,1.171635,-1.0,-1.0,-1
1.171635,1.17164,1.171635,1.171635,-1.0,-1.0,-1
1.171635,1.17164,1.171635,1.171635,-1.0,-1.0,-1
1.171635,1.17164,1.171635,1.171635,-1.0,-1.0,-1
1.171635,1.17164,1.171635,1.171635,-1.0,-1.0,-1
1.171635,1.17164,1.171635,1.171635,-1.0,-1.0,-1
1.171635,1.171645,1.171635,1.171645,-1.0,-1.0,-1
1.171645,1.171645,1.171635,1.171635,-1.0,-1.0,-1
1.171635,1.17164,1.171635,1.171635,-1.0,-1.0,-1
1.171635,1.17164,1.171635,1.171635,-1.0,-1.0,-1
1.171635,1.17165,1.171635,1.17165,-1.0,-1.0,-1
1.17165,1.17165,1.171635,1.171635,-1.0,-1.0,-1
1.171635,1.17164,1.17163,1.17163,-1.0,-1.0,-1
1.17163,1.171635,1.17163,1.17163,-1.0,-1.0,-1
1.17163,1.17164,1.17163,1.171635,-1.0,-1.0,-1
1.171635,1.17164,1.171635,1.171635,-1.0,-1.0,-1
1.171635,1.17164,1.171635,1.171635,-1.0,-1.0,-1
1.171635,1.17164,1.171635,1.171635,-1.0,-1.0,-1
1.171635,1.171645,1.171635,1.171645,-1.0,-1.0,-1
1.171645,1.171645,1.171645,1.171645,-1.0,-1.0,-1
1.171645,1.171645,1.171645,1.171645,-1.0,-1.0,-1
1.171645,1.171645,1.171645,1.171645,-1.0,-1.0,-1
1.171645,1.171645,1.17163,1.17163,-1.0,-1.0,-1
1.17163,1.171635,1.17163,1.17163,-1.0,-1.0,-1
1.17163,1.171635,1.17163,1.17163,-1.0,-1.0,-1
1.17163,1.171635,1.17163,1.17163,-1.0,-1.0,-1
1.17163,1.171635,1.171595,1.171595,-1.0,-1.0,-1
1.171595,1.171595,1.171595,1.171595,-1.0,-1.0,-1
1.171595,1.171595,1.17158,1.171585,-1.0,-1.0,-1
1.171585,1.171585,1.17158,1.171585,-1.0,-1.0,-1
1.171585,1.171585,1.17158,1.171585,-1.0,-1.0,-1
1.171585,1.171585,1.17158,1.171585,-1.0,-1.0,-1
1.171585,1.171585,1.17158,1.171585,-1.0,-1.0,-1
1.171585,1.171585,1.17158,1.171585,-1.0,-1.0,-1
1.171585,1.171585,1.17155,1.17155,-1.0,-1.0,-1
1.17155,1.171555,1.17155,1.17155,-1.0,-1.0,-1
1.17155,1.171555,1.17155,1.17155,-1.0,-1.0,-1
1.17155,1.171555,1.17154,1.17154,-1.0,-1.0,-1
1.17154,1.17154,1.17154,1.17154,-1.0,-1.0,-1
1.17154,1.17154,1.17154,1.17154,-1.0,-1.0,-1
1.17154,1.17154,1.17154,1.17154,-1.0,-1.0,-1
1.17154,1.17154,1.17154,1.17154,-1.0,-1.0,-1
1.17154,1.17159,1.17154,1.17159,-1.0,-1.0,-1
1.17159,1.17159,1.171585,1.17159,-1.0,-1.0,-1
1.17159,1.17159,1.171585,1.17159,-1.0,-1.0,-1
1.17159,1.17159,1.171585,1.17159,-1.0,-1.0,-1
1.17159,1.17159,1.171585,1.17159,-1.0,-1.0,-1
1.17159,1.17159,1.17158,1.17159,-1.0,-1.0,-1
1.17159,1.17159,1.17158,1.171585,-1.0,-1.0,-1
1.171585,1.1716,1.17158,1.1716,-1.0,-1.0,-1
1.1716,1.1716,1.17158,1.171585,-1.0,-1.0,-1
1.171585,1.171585,1.17158,1.171585,-1.0,-1.0,-1
1.171585,1.171585,1.17157,1.17157,-1.0,-1.0,-1
1.17157,1.17157,1.17157,1.17157,-1.0,-1.0,-1
1.17157,1.17157,1.17157,1.17157,-1.0,-1.0,-1
1.17157,1.171575,1.17157,1.171575,-1.0,-1.0,-1
1.171575,1.171575,1.171575,1.171575,-1.0,-1.0,-1
1.171575,1.171575,1.171575,1.171575,-1.0,-1.0,-1
1.171575,1.171585,1.171575,1.171575,-1.0,-1.0,-1
1.171575,1.171575,1.171575,1.171575,-1.0,-1.0,-1
1.171575,1.171575,1.171575,1.171575,-1.0,-1.0,-1
1.171575,1.171585,1.171575,1.171575,-1.0,-1.0,-1
1.171575,1.171575,1.171575,1.171575,-1.0,-1.0,-1
1.171575,1.171575,1.171575,1.171575,-1.0,-1.0,-1
1.171575,1.171585,1.171575,1.171575,-1.0,-1.0,-1
1.171575,1.17158,1.171575,1.17158,-1.0,-1.0,-1
1.17158,1.17158,1.17158,1.17158,-1.0,-1.0,-1
1.17158,1.17159,1.17158,1.17159,-1.0,-1.0,-1
1.17159,1.17159,1.171585,1.17159,-1.0,-1.0,-1
1.17159,1.17159,1.171585,1.17159,-1.0,-1.0,-1
1.17159,1.17159,1.171585,1.17159,-1.0,-1.0,-1
1.17159,1.17159,1.171585,1.17159,-1.0,-1.0,-1
1.17159,1.17159,1.171585,1.17159,-1.0,-1.0,-1
1.17159,1.17159,1.171585,1.17159,-1.0,-1.0,-1
1.17159,1.17159,1.17158,1.171585,-1.0,-1.0,-1
1.171585,1.171585,1.17158,1.171585,-1.0,-1.0,-1
1.171585,1.171585,1.17158,1.171585,-1.0,-1.0,-1
1.171585,1.171585,1.17158,1.171585,-1.0,-1.0,-1
1.171585,1.171585,1.17158,1.171585,-1.0,-1.0,-1
1.171585,1.171585,1.17158,1.171585,-1.0,-1.0,-1
1.171585,1.171585,1.17158,1.171585,-1.0,-1.0,-1
1.171585,1.171585,1.17158,1.171585,-1.0,-1.0,-1
1.171585,1.1716,1.171545,1.17159,-1.0,-1.0,-1
1.17159,1.17159,1.17154,1.171545,-1.0,-1.0,-1
1.171545,1.17156,1.17154,1.17156,-1.0,-1.0,-1
1.17156,1.171585,1.171535,1.171535,-1.0,-1.0,-1
1.171535,1.171535,1.17152,1.171535,-1.0,-1.0,-1
1.171535,1.17154,1.171535,1.17154,-1.0,-1.0,-1
1.17154,1.17156,1.171535,1.17156,-1.0,-1.0,-1
1.17156,1.171575,1.17155,1.171575,-1.0,-1.0,-1
1.171575,1.171585,1.171575,1.171585,-1.0,-1.0,-1
1.171585,1.17162,1.171575,1.17162,-1.0,-1.0,-1
1.17162,1.171645,1.171615,1.171635,-1.0,-1.0,-1
1.171635,1.17165,1.171635,1.17165,-1.0,-1.0,-1
1.17165,1.1717,1.17165,1.171695,-1.0,-1.0,-1
1.171695,1.1717,1.17169,1.17169,-1.0,-1.0,-1
1.17169,1.1717,1.17169,1.17169,-1.0,-1.0,-1
1.17169,1.1717,1.17169,1.171695,-1.0,-1.0,-1
1.171695,1.1717,1.17169,1.17169,-1.0,-1.0,-1
1.17169,1.171695,1.17169,1.171695,-1.0,-1.0,-1
1.171695,1.1717,1.171665,1.17169,-1.0,-1.0,-1
1.17169,1.171695,1.17169,1.171695,-1.0,-1.0,-1
1.171695,1.1717,1.171695,1.1717,-1.0,-1.0,-1
1.1717,1.1717,1.171685,1.17169,-1.0,-1.0,-1
1.17169,1.17169,1.17166,1.17168,-1.0,-1.0,-1
1.17168,1.17179,1.171675,1.171785,-1.0,-1.0,-1
1.171785,1.17179,1.17178,1.171785,-1.0,-1.0,-1
1.171785,1.17179,1.17178,1.17178,-1.0,-1.0,-1
1.17178,1.171785,1.17176,1.171765,-1.0,-1.0,-1
1.171765,1.171765,1.171745,1.171745,-1.0,-1.0,-1
1.171745,1.171745,1.17174,1.17174,-1.0,-1.0,-1
1.17174,1.171745,1.17174,1.171745,-1.0,-1.0,-1
1.171745,1.17175,1.171745,1.171745,-1.0,-1.0,-1
1.171745,1.171745,1.17174,1.17174,-1.0,-1.0,-1
1.17174,1.17174,1.171695,1.171695,-1.0,-1.0,-1
1.171695,1.171695,1.171695,1.171695,-1.0,-1.0,-1
1.171695,1.171695,1.17169,1.17169,-1.0,-1.0,-1
1.17169,1.17169,1.17169,1.17169,-1.0,-1.0,-1
1.17169,1.17169,1.171675,1.17168,-1.0,-1.0,-1
1.17168,1.17168,1.171675,1.17168,-1.0,-1.0,-1
1.17168,1.17168,1.17167,1.17168,-1.0,-1.0,-1
1.17168,1.17168,1.171635,1.171655,-1.0,-1.0,-1
1.171655,1.171655,1.17165,1.17165,-1.0,-1.0,-1
1.17165,1.17165,1.171535,1.171535,-1.0,-1.0,-1
1.171535,1.171535,1.171535,1.171535,-1.0,-1.0,-1
1.171535,1.171535,1.17153,1.171535,-1.0,-1.0,-1
1.171535,1.17154,1.171535,1.171535,-1.0,-1.0,-1
1.171535,1.171535,1.171445,1.17145,-1.0,-1.0,-1
1.17145,1.17145,1.17144,1.17144,-1.0,-1.0,-1
1.17144,1.17144,1.17144,1.17144,-1.0,-1.0,-1
1.17144,1.171445,1.17144,1.17144,-1.0,-1.0,-1
1.17144,1.17144,1.171435,1.171435,-1.0,-1.0,-1
1.171435,1.17144,1.171435,1.171435,-1.0,-1.0,-1
1.171435,1.17144,1.171435,1.171435,-1.0,-1.0,-1
1.171435,1.171435,1.171435,1.171435,-1.0,-1.0,-1
1.171435,1.171435,1.171435,1.171435,-1.0,-1.0,-1
1.171435,1.171435,1.171435,1.171435,-1.0,-1.0,-1
1.171435,1.17148,1.171435,1.171475,-1.0,-1.0,-1
1.171475,1.17148,1.171475,1.17148,-1.0,-1.0,-1
1.17148,1.17148,1.17148,1.17148,-1.0,-1.0,-1
1.17148,1.17148,1.17148,1.17148,-1.0,-1.0,-1
1.17148,1.17148,1.17146,1.17148,-1.0,-1.0,-1
1.17148,1.17152,1.171435,1.17151,-1.0,-1.0,-1
1.17151,1.17153,1.17151,1.17153,-1.0,-1.0,-1
1.17153,1.171535,1.17153,1.171535,-1.0,-1.0,-1
1.171535,1.171535,1.171535,1.171535,-1.0,-1.0,-1
1.171535,1.171535,1.171535,1.171535,-1.0,-1.0,-1
1.171535,1.171575,1.171535,1.171575,-1.0,-1.0,-1
1.171575,1.171575,1.171575,1.171575,-1.0,-1.0,-1
1.171575,1.171575,1.171535,1.171535,-1.0,-1.0,-1
1.171535,1.17154,1.171535,1.171535,-1.0,-1.0,-1
1.171535,1.171535,1.171495,1.17153,-1.0,-1.0,-1
1.17153,1.17153,1.1715,1.171505,-1.0,-1.0,-1
1.171505,1.171515,1.1715,1.171515,-1.0,-1.0,-1
1.171515,1.171525,1.171515,1.171525,-1.0,-1.0,-1
1.171525,1.171525,1.171525,1.171525,-1.0,-1.0,-1
1.171525,1.171535,1.171525,1.171535,-1.0,-1.0,-1
1.171535,1.171535,1.171535,1.171535,-1.0,-1.0,-1
1.171535,1.171535,1.171535,1.171535,-1.0,-1.0,-1
1.171535,1.171575,1.171535,1.171575,-1.0,-1.0,-1
1.171575,1.171605,1.171565,1.171585,-1.0,-1.0,-1
1.171585,1.171585,1.171555,1.17156,-1.0,-1.0,-1
1.17156,1.171585,1.17156,1.171585,-1.0,-1.0,-1
1.171585,1.171605,1.17158,1.171595,-1.0,-1.0,-1
1.171595,1.171595,1.171585,1.17159,-1.0,-1.0,-1
1.17159,1.171605,1.171585,1.171595,-1.0,-1.0,-1
1.171595,1.17161,1.17158,1.17159,-1.0,-1.0,-1
1.17159,1.17159,1.171585,1.17159,-1.0,-1.0,-1
1.17159,1.17159,1.17158,1.171585,-1.0,-1.0,-1
1.171585,1.171585,1.17154,1.171545,-1.0,-1.0,-1
1.171545,1.17155,1.171545,1.171545,-1.0,-1.0,-1
1.171545,1.171565,1.171545,1.171555,-1.0,-1.0,-1
1.171555,1.17156,1.171545,1.17155,-1.0,-1.0,-1
1.17155,1.171555,1.17155,1.17155,-1.0,-1.0,-1
1.17155,1.171555,1.17154,1.17154,-1.0,-1.0,-1
1.17154,1.17154,1.17154,1.17154,-1.0,-1.0,-1
1.17154,1.17159,1.17154,1.17159,-1.0,-1.0,-1
1.17159,1.17159,1.17157,1.17157,-1.0,-1.0,-1
1.17157,1.17157,1.17156,1.171565,-1.0,-1.0,-1
1.171565,1.17157,1.17156,1.17157,-1.0,-1.0,-1
1.17157,1.17157,1.17157,1.17157,-1.0,-1.0,-1
1.17157,1.17157,1.17157,1.17157,-1.0,-1.0,-1
1.17157,1.171585,1.17157,1.171575,-1.0,-1.0,-1
1.171575,1.171575,1.171575,1.171575,-1.0,-1.0,-1
1.171575,1.171585,1.171575,1.171585,-1.0,-1.0,-1
1.171585,1.171585,1.17158,1.171585,-1.0,-1.0,-1
1.171585,1.171585,1.171575,1.171575,-1.0,-1.0,-1
1.171575,1.171585,1.171575,1.171585,-1.0,-1.0,-1
1.171585,1.171585,1.171575,1.171585,-1.0,-1.0,-1
1.171585,1.171585,1.171575,1.171585,-1.0,-1.0,-1
1.171585,1.171595,1.17158,1.171595,-1.0,-1.0,-1
1.171595,1.171595,1.171595,1.171595,-1.0,-1.0,-1
1.171595,1.171605,1.171595,1.1716,-1.0,-1.0,-1
1.1716,1.17162,1.171595,1.17162,-1.0,-1.0,-1
1.17162,1.171625,1.171595,1.171595,-1.0,-1.0,-1
1.171595,1.171595,1.17158,1.17159,-1.0,-1.0,-1
1.17159,1.171595,1.171585,1.17159,-1.0,-1.0,-1
1.17159,1.17159,1.171585,1.17159,-1.0,-1.0,-1
1.17159,1.17159,1.171585,1.17159,-1.0,-1.0,-1
1.17159,1.17159,1.171585,1.17159,-1.0,-1.0,-1
1.17159,1.17164,1.17158,1.171625,-1.0,-1.0,-1
1.171625,1.171635,1.171625,1.171635,-1.0,-1.0,-1
1.171635,1.171645,1.17163,1.17164,-1.0,-1.0,-1
1.17164,1.17164,1.17163,1.17164,-1.0,-1.0,-1
1.17164,1.17164,1.171595,1.171635,-1.0,-1.0,-1
1.171635,1.17164,1.17162,1.17164,-1.0,-1.0,-1
1.17164,1.17164,1.17164,1.17164,-1.0,-1.0,-1
1.17164,1.17164,1.17164,1.17164,-1.0,-1.0,-1
1.17164,1.17164,1.17164,1.17164,-1.0,-1.0,-1
1.17164,1.17164,1.17164,1.17164,-1.0,-1.0,-1
1.17164,1.17164,1.171595,1.171595,-1.0,-1.0,-1
1.171595,1.171595,1.171595,1.171595,-1.0,-1.0,-1
1.171595,1.171595,1.171595,1.171595,-1.0,-1.0,-1
1.171595,1.171595,1.171595,1.171595,-1.0,-1.0,-1
1.171595,1.171595,1.17158,1.171585,-1.0,-1.0,-1
1.171585,1.171585,1.17158,1.171585,-1.0,-1.0,-1
1.171585,1.17159,1.171575,1.17159,-1.0,-1.0,-1
1.17159,1.171595,1.171585,1.171595,-1.0,-1.0,-1
1.171595,1.171595,1.171595,1.171595,-1.0,-1.0,-1
1.171595,1.171595,1.171585,1.17159,-1.0,-1.0,-1
1.17159,1.17159,1.171585,1.17159,-1.0,-1.0,-1
1.17159,1.17159,1.171585,1.17159,-1.0,-1.0,-1
1.17159,1.17159,1.171585,1.17159,-1.0,-1.0,-1
1.17159,1.17159,1.17156,1.17158,-1.0,-1.0,-1
1.17158,1.17158,1.17158,1.17158,-1.0,-1.0,-1
1.17158,1.171595,1.17158,1.171595,-1.0,-1.0,-1
1.171595,1.171595,1.17158,1.17158,-1.0,-1.0,-1
1.17158,1.171595,1.171575,1.171595,-1.0,-1.0,-1
1.171595,1.171625,1.171585,1.17162,-1.0,-1.0,-1
1.17162,1.17162,1.17162,1.17162,-1.0,-1.0,-1
1.17162,1.17162,1.17162,1.17162,-1.0,-1.0,-1
1.17162,1.17164,1.1716,1.17164,-1.0,-1.0,-1
1.17164,1.17165,1.17164,1.17165,-1.0,-1.0,-1
1.17165,1.17165,1.17165,1.17165,-1.0,-1.0,-1
1.17165,1.17166,1.171645,1.17166,-1.0,-1.0,-1
1.17166,1.17166,1.171645,1.17165,-1.0,-1.0,-1
1.17165,1.171665,1.171645,1.171665,-1.0,-1.0,-1
1.171665,1.171695,1.171665,1.171675,-1.0,-1.0,-1
1.171675,1.171695,1.17167,1.171685,-1.0,-1.0,-1
1.171685,1.171695,1.171665,1.17168,-1.0,-1.0,-1
1.17168,1.171685,1.171665,1.171685,-1.0,-1.0,-1
1.171685,1.171695,1.171685,1.17169,-1.0,-1.0,-1
1.17169,1.171735,1.17169,1.171735,-1.0,-1.0,-1
1.171735,1.171735,1.171735,1.171735,-1.0,-1.0,-1
1.171735,1.17175,1.171735,1.17174,-1.0,-1.0,-1
1.17174,1.17174,1.17174,1.17174,-1.0,-1.0,-1
1.17174,1.17174,1.171735,1.171735,-1.0,-1.0,-1
1.171735,1.17174,1.171735,1.17174,-1.0,-1.0,-1
1.17174,1.17174,1.171735,1.171735,-1.0,-1.0,-1
1.171735,1.17174,1.171735,1.17174,-1.0,-1.0,-1
1.17174,1.17174,1.17174,1.17174,-1.0,-1.0,-1
1.17174,1.171745,1.17174,1.171745,-1.0,-1.0,-1
1.171745,1.17179,1.17174,1.17178,-1.0,-1.0,-1
1.17178,1.17178,1.171775,1.171775,-1.0,-1.0,-1
1.171775,1.171775,1.171775,1.171775,-1.0,-1.0,-1
1.171775,1.171785,1.17177,1.17177,-1.0,-1.0,-1
1.17177,1.17177,1.17177,1.17177,-1.0,-1.0,-1
1.17177,1.17177,1.171745,1.171745,-1.0,-1.0,-1
1.171745,1.171745,1.17174,1.17174,-1.0,-1.0,-1
1.17174,1.17174,1.171735,1.17174,-1.0,-1.0,-1
1.17174,1.17174,1.17174,1.17174,-1.0,-1.0,-1
1.17174,1.17178,1.17174,1.171775,-1.0,-1.0,-1
1.171775,1.171795,1.171775,1.171795,-1.0,-1.0,-1
1.171795,1.171835,1.171785,1.171835,-1.0,-1.0,-1
1.171835,1.171855,1.171835,1.171855,-1.0,-1.0,-1
1.171855,1.171855,1.17183,1.17183,-1.0,-1.0,-1
1.17183,1.171835,1.17179,1.171795,-1.0,-1.0,-1
1.171795,1.171795,1.17179,1.17179,-1.0,-1.0,-1
1.17179,1.171795,1.17179,1.17179,-1.0,-1.0,-1
1.17179,1.17179,1.171785,1.17179,-1.0,-1.0,-1
1.17179,1.17179,1.171785,1.171785,-1.0,-1.0,-1
1.171785,1.171785,1.171745,1.171745,-1.0,-1.0,-1
1.171745,1.171745,1.171745,1.171745,-1.0,-1.0,-1
1.171745,1.171745,1.171745,1.171745,-1.0,-1.0,-1
1.171745,1.171745,1.171745,1.171745,-1.0,-1.0,-1
1.171745,1.171745,1.171745,1.171745,-1.0,-1.0,-1
1.171745,1.171745,1.17174,1.171745,-1.0,-1.0,-1
1.171745,1.171745,1.171735,1.17174,-1.0,-1.0,-1
1.17174,1.17174,1.171735,1.17174,-1.0,-1.0,-1
1.17174,1.17174,1.17174,1.17174,-1.0,-1.0,-1
1.17174,1.17178,1.17174,1.17178,-1.0,-1.0,-1
1.17178,1.171785,1.17177,1.17178,-1.0,-1.0,-1
1.17178,1.17181,1.17178,1.171795,-1.0,-1.0,-1
1.171795,1.171795,1.17179,1.17179,-1.0,-1.0,-1
1.17179,1.17179,1.17179,1.17179,-1.0,-1.0,-1
1.17179,1.17179,1.17179,1.17179,-1.0,-1.0,-1
1.17179,1.1718,1.17179,1.1718,-1.0,-1.0,-1
1.1718,1.171845,1.1718,1.1718,-1.0,-1.0,-1
1.1718,1.17181,1.1718,1.1718,-1.0,-1.0,-1
1.1718,1.17183,1.1718,1.17183,-1.0,-1.0,-1
1.17183,1.17183,1.17183,1.17183,-1.0,-1.0,-1
1.17183,1.17183,1.17183,1.17183,-1.0,-1.0,-1
1.17183,1.17183,1.171815,1.171825,-1.0,-1.0,-1
1.171825,1.17183,1.171825,1.171825,-1.0,-1.0,-1
1.171825,1.17183,1.171815,1.17183,-1.0,-1.0,-1
1.17183,1.17183,1.171825,1.171825,-1.0,-1.0,-1
1.171825,1.171825,1.171825,1.171825,-1.0,-1.0,-1
1.171825,1.171825,1.17179,1.17179,-1.0,-1.0,-1
1.17179,1.171795,1.17179,1.171795,-1.0,-1.0,-1
1.171795,1.171795,1.171785,1.17179,-1.0,-1.0,-1
1.17179,1.17179,1.171775,1.171775,-1.0,-1.0,-1
1.171775,1.171775,1.171735,1.171735,-1.0,-1.0,-1
1.171735,1.17174,1.171735,1.171735,-1.0,-1.0,-1
1.171735,1.17174,1.171735,1.171735,-1.0,-1.0,-1
1.171735,1.171745,1.171735,1.171745,-1.0,-1.0,-1
1.171745,1.171745,1.171735,1.17174,-1.0,-1.0,-1
1.17174,1.17174,1.171735,1.17174,-1.0,-1.0,-1
1.17174,1.17174,1.171695,1.171695,-1.0,-1.0,-1
1.171695,1.171695,1.171695,1.171695,-1.0,-1.0,-1
1.171695,1.171695,1.171685,1.171685,-1.0,-1.0,-1
1.171685,1.17169,1.171685,1.171685,-1.0,-1.0,-1
1.171685,1.17169,1.171645,1.171645,-1.0,-1.0,-1
1.171645,1.171645,1.171635,1.171645,-1.0,-1.0,-1
1.171645,1.171645,1.171645,1.171645,-1.0,-1.0,-1
1.171645,1.171645,1.171645,1.171645,-1.0,-1.0,-1
1.171645,1.171645,1.171615,1.17163,-1.0,-1.0,-1
1.17163,1.17165,1.17163,1.171645,-1.0,-1.0,-1
1.171645,1.171645,1.17164,1.171645,-1.0,-1.0,-1
1.171645,1.17165,1.17164,1.17164,-1.0,-1.0,-1
1.17164,1.171645,1.17164,1.17164,-1.0,-1.0,-1
1.17164,1.171645,1.17164,1.171645,-1.0,-1.0,-1
1.171645,1.171645,1.17164,1.171645,-1.0,-1.0,-1
1.171645,1.171645,1.171645,1.171645,-1.0,-1.0,-1
1.171645,1.17169,1.171645,1.17169,-1.0,-1.0,-1
1.17169,1.171745,1.17169,1.171735,-1.0,-1.0,-1
1.171735,1.17175,1.171735,1.171745,-1.0,-1.0,-1
1.171745,1.171745,1.171675,1.171685,-1.0,-1.0,-1
1.171685,1.171685,1.171655,1.171655,-1.0,-1.0,-1
1.171655,1.171655,1.171645,1.171645,-1.0,-1.0,-1
1.171645,1.171655,1.17164,1.17165,-1.0,-1.0,-1
1.17165,1.17169,1.17165,1.17165,-1.0,-1.0,-1
1.17165,1.171655,1.171645,1.171645,-1.0,-1.0,-1
1.171645,1.17165,1.171645,1.171645,-1.0,-1.0,-1
1.171645,1.17165,1.171645,1.17165,-1.0,-1.0,-1
1.17165,1.17165,1.171645,1.17165,-1.0,-1.0,-1
1.17165,1.17165,1.171645,1.171645,-1.0,-1.0,-1
1.171645,1.171645,1.17164,1.171645,-1.0,-1.0,-1
1.171645,1.171645,1.171585,1.17159,-1.0,-1.0,-1
1.17159,1.171635,1.171585,1.17163,-1.0,-1.0,-1
1.17163,1.171635,1.171585,1.171595,-1.0,-1.0,-1
1.171595,1.171595,1.17157,1.17157,-1.0,-1.0,-1
1.17157,1.17157,1.17157,1.17157,-1.0,-1.0,-1
1.17157,1.17157,1.17157,1.17157,-1.0,-1.0,-1
1.17157,1.171585,1.171545,1.171575,-1.0,-1.0,-1
1.171575,1.171575,1.171575,1.171575,-1.0,-1.0,-1
1.171575,1.171575,1.171555,1.171555,-1.0,-1.0,-1
1.171555,1.17158,1.171555,1.171565,-1.0,-1.0,-1
1.171565,1.171575,1.17154,1.17154,-1.0,-1.0,-1
1.17154,1.17155,1.17154,1.171545,-1.0,-1.0,-1
1.171545,1.17156,1.171545,1.17156,-1.0,-1.0,-1
1.17156,1.17156,1.171545,1.17156,-1.0,-1.0,-1
1.17156,1.1716,1.171545,1.171595,-1.0,-1.0,-1
1.171595,1.171595,1.171595,1.171595,-1.0,-1.0,-1
1.171595,1.171595,1.171595,1.171595,-1.0,-1.0,-1
1.171595,1.171595,1.17158,1.17159,-1.0,-1.0,-1
1.17159,1.17159,1.171585,1.17159,-1.0,-1.0,-1
1.17159,1.17161,1.171575,1.171575,-1.0,-1.0,-1
1.171575,1.171575,1.17154,1.17156,-1.0,-1.0,-1
1.17156,1.171575,1.17156,1.171565,-1.0,-1.0,-1
1.171565,1.171575,1.171565,1.171575,-1.0,-1.0,-1
1.171575,1.17158,1.171575,1.17158,-1.0,-1.0,-1
1.17158,1.17158,1.171575,1.17158,-1.0,-1.0,-1
1.17158,1.17158,1.171575,1.171575,-1.0,-1.0,-1
1.171575,1.171575,1.17154,1.17154,-1.0,-1.0,-1
1.17154,1.17155,1.17154,1.171545,-1.0,-1.0,-1
1.171545,1.17155,1.171545,1.171545,-1.0,-1.0,-1
1.171545,1.17155,1.171525,1.171535,-1.0,-1.0,-1
1.171535,1.17154,1.171535,1.17154,-1.0,-1.0,-1
1.17154,1.17155,1.17154,1.171545,-1.0,-1.0,-1
1.171545,1.17155,1.17154,1.17154,-1.0,-1.0,-1
1.17154,1.17154,1.17154,1.17154,-1.0,-1.0,-1
1.17154,1.17156,1.17154,1.171545,-1.0,-1.0,-1
1.171545,1.17155,1.171545,1.171545,-1.0,-1.0,-1
1.171545,1.17155,1.17154,1.17154,-1.0,-1.0,-1
1.17154,1.17154,1.17154,1.17154,-1.0,-1.0,-1
1.17154,1.17155,1.17154,1.171545,-1.0,-1.0,-1
1.171545,1.17155,1.171545,1.171545,-1.0,-1.0,-1
1.171545,1.17155,1.17154,1.17154,-1.0,-1.0,-1
1.17154,1.17156,1.17154,1.17154,-1.0,-1.0,-1
1.17154,1.17156,1.17154,1.171545,-1.0,-1.0,-1
1.171545,1.171595,1.171545,1.171575,-1.0,-1.0,-1
1.171575,1.171575,1.17157,1.17157,-1.0,-1.0,-1
1.17157,1.171585,1.17157,1.171585,-1.0,-1.0,-1
1.171585,1.171585,1.17158,1.171585,-1.0,-1.0,-1
1.171585,1.171585,1.17157,1.171585,-1.0,-1.0,-1
1.171585,1.171585,1.17158,1.171585,-1.0,-1.0,-1
1.171585,1.1716,1.171575,1.171575,-1.0,-1.0,-1
1.171575,1.171575,1.171575,1.171575,-1.0,-1.0,-1
1.171575,1.171575,1.171555,1.171555,-1.0,-1.0,-1
1.171555,1.17156,1.171545,1.171545,-1.0,-1.0,-1
1.171545,1.171585,1.171545,1.171585,-1.0,-1.0,-1
1.171585,1.1716,1.17158,1.1716,-1.0,-1.0,-1
1.1716,1.1716,1.17158,1.171585,-1.0,-1.0,-1
1.171585,1.17159,1.17158,1.17159,-1.0,-1.0,-1
1.17159,1.17159,1.17157,1.171575,-1.0,-1.0,-1
1.171575,1.171575,1.171575,1.171575,-1.0,-1.0,-1
1.171575,1.171575,1.17156,1.17156,-1.0,-1.0,-1
1.17156,1.171595,1.17156,1.171595,-1.0,-1.0,-1
1.171595,1.171595,1.171585,1.17159,-1.0,-1.0,-1
1.17159,1.171595,1.17158,1.17159,-1.0,-1.0,-1
1.17159,1.17159,1.171585,1.17159,-1.0,-1.0,-1
1.17159,1.17159,1.171575,1.171585,-1.0,-1.0,-1
1.171585,1.171595,1.171575,1.171575,-1.0,-1.0,-1
1.171575,1.171575,1.171565,1.171575,-1.0,-1.0,-1
1.171575,1.171575,1.171575,1.171575,-1.0,-1.0,-1
1.171575,1.171575,1.171575,1.171575,-1.0,-1.0,-1
1.171575,1.171575,1.171565,1.171575,-1.0,-1.0,-1
1.171575,1.171595,1.171575,1.17159,-1.0,-1.0,-1
1.17159,1.17159,1.17158,1.17159,-1.0,-1.0,-1
1.17159,1.17159,1.171585,1.17159,-1.0,-1.0,-1
1.17159,1.17159,1.171585,1.17159,-1.0,-1.0,-1
1.17159,1.171625,1.171585,1.171625,-1.0,-1.0,-1
1.171625,1.171625,1.171615,1.171615,-1.0,-1.0,-1
1.171615,1.171615,1.171615,1.171615,-1.0,-1.0,-1
1.171615,1.171615,1.171595,1.171595,-1.0,-1.0,-1
1.171595,1.171595,1.171585,1.17159,-1.0,-1.0,-1
1.17159,1.17159,1.171585,1.17159,-1.0,-1.0,-1
1.17159,1.171595,1.171585,1.171595,-1.0,-1.0,-1
1.171595,1.171605,1.171595,1.1716,-1.0,-1.0,-1
1.1716,1.1716,1.171595,1.1716,-1.0,-1.0,-1
1.1716,1.171605,1.171595,1.171595,-1.0,-1.0,-1
1.171595,1.171595,1.171595,1.171595,-1.0,-1.0,-1
1.171595,1.171595,1.171585,1.17159,-1.0,-1.0,-1
1.17159,1.171595,1.171585,1.171595,-1.0,-1.0,-1
1.171595,1.171605,1.171595,1.171605,-1.0,-1.0,-1
1.171605,1.171605,1.171595,1.171595,-1.0,-1.0,-1
1.171595,1.171595,1.171595,1.171595,-1.0,-1.0,-1
1.171595,1.171595,1.171595,1.171595,-1.0,-1.0,-1
1.171595,1.171595,1.171585,1.17159,-1.0,-1.0,-1
1.17159,1.171595,1.171585,1.171595,-1.0,-1.0,-1
1.171595,1.171595,1.171595,1.171595,-1.0,-1.0,-1
1.171595,1.171595,1.171595,1.171595,-1.0,-1.0,-1
1.171595,1.17164,1.171595,1.17164,-1.0,-1.0,-1
1.17164,1.17165,1.17164,1.17165,-1.0,-1.0,-1
1.17165,1.17165,1.17164,1.17164,-1.0,-1.0,-1
1.17164,1.17164,1.17164,1.17164,-1.0,-1.0,-1
1.17164,1.17164,1.17164,1.17164,-1.0,-1.0,-1
1.17164,1.17164,1.17164,1.17164,-1.0,-1.0,-1
1.17164,1.17165,1.17164,1.171645,-1.0,-1.0,-1
1.171645,1.171645,1.171645,1.171645,-1.0,-1.0,-1
1.171645,1.171645,1.171645,1.171645,-1.0,-1.0,-1
1.171645,1.17166,1.171645,1.17166,-1.0,-1.0,-1
1.17166,1.17173,1.171655,1.17173,-1.0,-1.0,-1
1.17173,1.171735,1.17173,1.171735,-1.0,-1.0,-1
1.171735,1.171735,1.171735,1.171735,-1.0,-1.0,-1
1.171735,1.17175,1.171735,1.17175,-1.0,-1.0,-1
1.17175,1.17175,1.171735,1.171735,-1.0,-1.0,-1
1.171735,1.171745,1.171735,1.171745,-1.0,-1.0,-1
1.171745,1.171745,1.17174,1.171745,-1.0,-1.0,-1
1.171745,1.17175,1.17174,1.17175,-1.0,-1.0,-1
1.17175,1.17175,1.171735,1.171745,-1.0,-1.0,-1
1.171745,1.17177,1.171735,1.171765,-1.0,-1.0,-1
1.171765,1.171775,1.17176,1.171775,-1.0,-1.0,-1
1.171775,1.171775,1.17174,1.17174,-1.0,-1.0,-1
1.17174,1.171745,1.17174,1.17174,-1.0,-1.0,-1
1.17174,1.17174,1.17174,1.17174,-1.0,-1.0,-1
1.17174,1.17178,1.17174,1.171775,-1.0,-1.0,-1
1.171775,1.17178,1.171745,1.171745,-1.0,-1.0,-1
1.171745,1.171745,1.17174,1.17174,-1.0,-1.0,-1
1.17174,1.17175,1.17174,1.171745,-1.0,-1.0,-1
1.171745,1.171745,1.17174,1.17174,-1.0,-1.0,-1
1.17174,1.17177,1.17174,1.171745,-1.0,-1.0,-1
1.171745,1.171745,1.17174,1.17174,-1.0,-1.0,-1
1.17174,1.17174,1.171735,1.171735,-1.0,-1.0,-1
1.171735,1.17174,1.17172,1.171735,-1.0,-1.0,-1
1.171735,1.171735,1.171735,1.171735,-1.0,-1.0,-1
1.171735,1.17174,1.171735,1.171735,-1.0,-1.0,-1
1.171735,1.171735,1.171735,1.171735,-1.0,-1.0,-1
1.171735,1.171735,1.171735,1.171735,-1.0,-1.0,-1
1.171735,1.171735,1.171735,1.171735,-1.0,-1.0,-1
1.171735,1.17174,1.171735,1.171735,-1.0,-1.0,-1
1.171735,1.171735,1.171735,1.171735,-1.0,-1.0,-1
1.171735,1.171735,1.171735,1.171735,-1.0,-1.0,-1
1.171735,1.171735,1.171705,1.17171,-1.0,-1.0,-1
1.17171,1.17171,1.171705,1.171705,-1.0,-1.0,-1
1.171705,1.171705,1.171705,1.171705,-1.0,-1.0,-1
1.171705,1.171705,1.171705,1.171705,-1.0,-1.0,-1
1.171705,1.171705,1.17165,1.17165,-1.0,-1.0,-1
1.17165,1.171655,1.171635,1.171655,-1.0,-1.0,-1
1.171655,1.171655,1.171655,1.171655,-1.0,-1.0,-1
1.171655,1.171675,1.171655,1.171655,-1.0,-1.0,-1
1.171655,1.171685,1.171655,1.171685,-1.0,-1.0,-1
1.171685,1.17169,1.171685,1.17169,-1.0,-1.0,-1
1.17169,1.17169,1.17169,1.17169,-1.0,-1.0,-1
1.17169,1.17169,1.17167,1.17168,-1.0,-1.0,-1
1.17168,1.17168,1.171665,1.171665,-1.0,-1.0,-1
1.171665,1.171665,1.17165,1.17165,-1.0,-1.0,-1
1.17165,1.171665,1.17165,1.171665,-1.0,-1.0,-1
1.171665,1.171675,1.171665,1.171665,-1.0,-1.0,-1
1.171665,1.171665,1.171655,1.17166,-1.0,-1.0,-1
1.17166,1.17166,1.17166,1.17166,-1.0,-1.0,-1
1.17166,1.17166,1.17166,1.17166,-1.0,-1.0,-1
1.17166,1.17166,1.17166,1.17166,-1.0,-1.0,-1
1.17166,1.17166,1.171645,1.171645,-1.0,-1.0,-1
1.171645,1.171645,1.171645,1.171645,-1.0,-1.0,-1
1.171645,1.171645,1.171645,1.171645,-1.0,-1.0,-1
1.171645,1.171645,1.17164,1.171645,-1.0,-1.0,-1
1.171645,1.171645,1.171635,1.171645,-1.0,-1.0,-1
1.171645,1.171645,1.17164,1.17164,-1.0,-1.0,-1
1.17164,1.17164,1.17163,1.17163,-1.0,-1.0,-1
1.17163,1.17164,1.17162,1.17162,-1.0,-1.0,-1
1.17162,1.171645,1.17162,1.171645,-1.0,-1.0,-1
1.171645,1.171645,1.1716,1.17162,-1.0,-1.0,-1
1.17162,1.17162,1.171585,1.171595,-1.0,-1.0,-1
1.171595,1.171595,1.17158,1.171585,-1.0,-1.0,-1
1.171585,1.171595,1.17158,1.171595,-1.0,-1.0,-1
1.171595,1.1716,1.171595,1.1716,-1.0,-1.0,-1
1.1716,1.171615,1.1716,1.171615,-1.0,-1.0,-1
1.171615,1.171615,1.171585,1.171595,-1.0,-1.0,-1
1.171595,1.171595,1.171595,1.171595,-1.0,-1.0,-1
1.171595,1.171595,1.171595,1.171595,-1.0,-1.0,-1
1.171595,1.17161,1.171585,1.17161,-1.0,-1.0,-1
1.17161,1.171615,1.17161,1.171615,-1.0,-1.0,-1
1.171615,1.17162,1.171615,1.17162,-1.0,-1.0,-1
1.17162,1.171625,1.171615,1.171615,-1.0,-1.0,-1
1.171615,1.171615,1.17161,1.17161,-1.0,-1.0,-1
1.17161,1.17162,1.171605,1.17162,-1.0,-1.0,-1
1.17162,1.17162,1.17162,1.17162,-1.0,-1.0,-1
1.17162,1.17162,1.17162,1.17162,-1.0,-1.0,-1
1.17162,1.17162,1.171615,1.17162,-1.0,-1.0,-1
1.17162,1.17162,1.1716,1.1716,-1.0,-1.0,-1
1.1716,1.171615,1.1716,1.171615,-1.0,-1.0,-1
1.171615,1.171615,1.17161,1.17161,-1.0,-1.0,-1
1.17161,1.17161,1.17161,1.17161,-1.0,-1.0,-1
1.17161,1.171615,1.17161,1.17161,-1.0,-1.0,-1
1.17161,1.17161,1.17161,1.17161,-1.0,-1.0,-1
1.17161,1.171615,1.17161,1.17161,-1.0,-1.0,-1
1.17161,1.17161,1.17161,1.17161,-1.0,-1.0,-1
1.17161,1.17161,1.1716,1.1716,-1.0,-1.0,-1
1.1716,1.1716,1.171575,1.171575,-1.0,-1.0,-1
1.171575,1.171575,1.171575,1.171575,-1.0,-1.0,-1
1.171575,1.171575,1.171575,1.171575,-1.0,-1.0,-1
1.171575,1.1716,1.171575,1.1716,-1.0,-1.0,-1
1.1716,1.1716,1.171595,1.171595,-1.0,-1.0,-1
1.171595,1.1716,1.171585,1.1716,-1.0,-1.0,-1
1.1716,1.1716,1.171595,1.1716,-1.0,-1.0,-1
1.1716,1.1716,1.171595,1.171595,-1.0,-1.0,-1
1.171595,1.1716,1.171595,1.171595,-1.0,-1.0,-1
1.171595,1.17161,1.171595,1.1716,-1.0,-1.0,-1
1.1716,1.17161,1.171595,1.171595,-1.0,-1.0,-1
1.171595,1.171595,1.171595,1.171595,-1.0,-1.0,-1
1.171595,1.171615,1.171595,1.171615,-1.0,-1.0,-1
1.171615,1.17162,1.171615,1.17162,-1.0,-1.0,-1
1.17162,1.171625,1.17162,1.171625,-1.0,-1.0,-1
1.171625,1.171645,1.171625,1.171645,-1.0,-1.0,-1
1.171645,1.171645,1.17164,1.171645,-1.0,-1.0,-1
1.171645,1.17165,1.17162,1.171625,-1.0,-1.0,-1
1.171625,1.171625,1.17162,1.17162,-1.0,-1.0,-1
1.17162,1.171635,1.17161,1.17163,-1.0,-1.0,-1
1.17163,1.171635,1.171625,1.17163,-1.0,-1.0,-1
1.17163,1.171635,1.17162,1.171625,-1.0,-1.0,-1
1.171625,1.171635,1.171625,1.171625,-1.0,-1.0,-1
1.171625,1.171625,1.17162,1.17162,-1.0,-1.0,-1
1.17162,1.17162,1.17162,1.17162,-1.0,-1.0,-1
1.17162,1.171635,1.171585,1.17159,-1.0,-1.0,-1
1.17159,1.17159,1.171585,1.17159,-1.0,-1.0,-1
1.17159,1.17159,1.171585,1.17159,-1.0,-1.0,-1
1.17159,1.171595,1.171585,1.171595,-1.0,-1.0,-1
1.171595,1.171595,1.171595,1.171595,-1.0,-1.0,-1
1.171595,1.171595,1.171595,1.171595,-1.0,-1.0,-1
1.171595,1.171595,1.171595,1.171595,-1.0,-1.0,-1
1.171595,1.171595,1.171595,1.171595,-1.0,-1.0,-1
1.171595,1.171595,1.171595,1.171595,-1.0,-1.0,-1
1.171595,1.171595,1.171575,1.171575,-1.0,-1.0,-1
1.171575,1.17159,1.171575,1.17159,-1.0,-1.0,-1
1.17159,1.17159,1.171585,1.17159,-1.0,-1.0,-1
1.17159,1.171595,1.171585,1.17159,-1.0,-1.0,-1
1.17159,1.17159,1.171585,1.17159,-1.0,-1.0,-1
1.17159,1.171595,1.171585,1.171595,-1.0,-1.0,-1
1.171595,1.171595,1.171595,1.171595,-1.0,-1.0,-1
1.171595,1.171595,1.171595,1.171595,-1.0,-1.0,-1
1.171595,1.171595,1.171595,1.171595,-1.0,-1.0,-1
1.171595,1.171595,1.17158,1.171585,-1.0,-1.0,-1
1.171585,1.171585,1.17157,1.171585,-1.0,-1.0,-1
1.171585,1.171605,1.17158,1.171595,-1.0,-1.0,-1
1.171595,1.171595,1.171595,1.171595,-1.0,-1.0,-1
1.171595,1.171595,1.17158,1.171585,-1.0,-1.0,-1
1.171585,1.171585,1.17158,1.171585,-1.0,-1.0,-1
1.171585,1.171585,1.17158,1.171585,-1.0,-1.0,-1
1.171585,1.171585,1.17158,1.171585,-1.0,-1.0,-1
1.171585,1.171585,1.17157,1.171585,-1.0,-1.0,-1
1.171585,1.171585,1.17158,1.171585,-1.0,-1.0,-1
1.171585,1.171585,1.17157,1.17157,-1.0,-1.0,-1
1.17157,1.17157,1.17157,1.17157,-1.0,-1.0,-1
1.17157,1.171585,1.17157,1.171585,-1.0,-1.0,-1
1.171585,1.171585,1.17158,1.171585,-1.0,-1.0,-1
1.171585,1.171585,1.17158,1.171585,-1.0,-1.0,-1
1.171585,1.171585,1.171565,1.17157,-1.0,-1.0,-1
1.17157,1.17157,1.17157,1.17157,-1.0,-1.0,-1
1.17157,1.171585,1.17157,1.171575,-1.0,-1.0,-1
1.171575,1.171575,1.17157,1.17157,-1.0,-1.0,-1
1.17157,1.171575,1.17157,1.17157,-1.0,-1.0,-1
1.17157,1.171585,1.17157,1.171575,-1.0,-1.0,-1
1.171575,1.171585,1.171575,1.171585,-1.0,-1.0,-1
1.171585,1.171585,1.17158,1.171585,-1.0,-1.0,-1
1.171585,1.17159,1.17158,1.17159,-1.0,-1.0,-1
1.17159,1.17159,1.17158,1.171585,-1.0,-1.0,-1
1.171585,1.17159,1.17158,1.17159,-1.0,-1.0,-1
1.17159,1.17159,1.171555,1.171565,-1.0,-1.0,-1
1.171565,1.171565,1.171565,1.171565,-1.0,-1.0,-1
1.171565,1.171565,1.171565,1.171565,-1.0,-1.0,-1
1.171565,1.171565,1.171565,1.171565,-1.0,-1.0,-1
1.171565,1.171575,1.171565,1.171575,-1.0,-1.0,-1
1.171575,1.171575,1.171575,1.171575,-1.0,-1.0,-1
1.171575,1.171575,1.171575,1.171575,-1.0,-1.0,-1
1.171575,1.171575,1.171575,1.171575,-1.0,-1.0,-1
1.171575,1.171575,1.17157,1.17157,-1.0,-1.0,-1
1.17157,1.171605,1.17157,1.17159,-1.0,-1.0,-1
1.17159,1.17159,1.171575,1.17158,-1.0,-1.0,-1
1.17158,1.17159,1.171575,1.171575,-1.0,-1.0,-1
1.171575,1.17159,1.17157,1.17159,-1.0,-1.0,-1
1.17159,1.17164,1.171585,1.171625,-1.0,-1.0,-1
1.171625,1.171645,1.171625,1.171645,-1.0,-1.0,-1
1.171645,1.17165,1.171645,1.17165,-1.0,-1.0,-1
1.17165,1.17165,1.17163,1.17163,-1.0,-1.0,-1
1.17163,1.171635,1.17162,1.17162,-1.0,-1.0,-1
1.17162,1.17162,1.17162,1.17162,-1.0,-1.0,-1
1.17162,1.171635,1.171615,1.17162,-1.0,-1.0,-1
1.17162,1.17162,1.17162,1.17162,-1.0,-1.0,-1
1.17162,1.17162,1.17162,1.17162,-1.0,-1.0,-1
1.17162,1.17162,1.17162,1.17162,-1.0,-1.0,-1
1.17162,1.17162,1.17161,1.171615,-1.0,-1.0,-1
1.171615,1.17164,1.17161,1.171635,-1.0,-1.0,-1
1.171635,1.17165,1.171635,1.17165,-1.0,-1.0,-1
1.17165,1.17165,1.17165,1.17165,-1.0,-1.0,-1
1.17165,1.17165,1.171645,1.171645,-1.0,-1.0,-1
1.171645,1.171645,1.171645,1.171645,-1.0,-1.0,-1
1.171645,1.171645,1.171635,1.171645,-1.0,-1.0,-1
1.171645,1.17165,1.171645,1.17165,-1.0,-1.0,-1
1.17165,1.17165,1.171645,1.171645,-1.0,-1.0,-1
1.171645,1.171645,1.171645,1.171645,-1.0,-1.0,-1
1.171645,1.171645,1.171635,1.171645,-1.0,-1.0,-1
1.171645,1.17166,1.171645,1.17165,-1.0,-1.0,-1
1.17165,1.17165,1.17165,1.17165,-1.0,-1.0,-1
1.17165,1.171675,1.17165,1.171655,-1.0,-1.0,-1
1.171655,1.171655,1.171655,1.171655,-1.0,-1.0,-1
1.171655,1.17166,1.171655,1.17166,-1.0,-1.0,-1
1.17166,1.17166,1.17165,1.17165,-1.0,-1.0,-1
1.17165,1.17165,1.17165,1.17165,-1.0,-1.0,-1
1.17165,1.17165,1.171645,1.171645,-1.0,-1.0,-1
1.171645,1.17165,1.171645,1.17165,-1.0,-1.0,-1
1.17165,1.17165,1.17165,1.17165,-1.0,-1.0,-1
1.17165,1.17165,1.17165,1.17165,-1.0,-1.0,-1
1.17165,1.171685,1.17165,1.171685,-1.0,-1.0,-1
1.171685,1.171685,1.171665,1.171665,-1.0,-1.0,-1
1.171665,1.171675,1.171665,1.171665,-1.0,-1.0,-1
1.171665,1.171665,1.17165,1.17165,-1.0,-1.0,-1
1.17165,1.17165,1.171635,1.171635,-1.0,-1.0,-1
1.171635,1.17165,1.171635,1.17165,-1.0,-1.0,-1
1.17165,1.171675,1.171645,1.171675,-1.0,-1.0,-1
1.171675,1.171695,1.17167,1.171695,-1.0,-1.0,-1
1.171695,1.171695,1.171695,1.171695,-1.0,-1.0,-1
1.171695,1.171695,1.17169,1.17169,-1.0,-1.0,-1
1.17169,1.171705,1.17169,1.171695,-1.0,-1.0,-1
1.171695,1.1717,1.171695,1.1717,-1.0,-1.0,-1
1.1717,1.1717,1.17169,1.17169,-1.0,-1.0,-1
1.17169,1.17169,1.17169,1.17169,-1.0,-1.0,-1
1.17169,1.17169,1.17169,1.17169,-1.0,-1.0,-1
1.17169,1.17169,1.17166,1.171675,-1.0,-1.0,-1
1.171675,1.171685,1.17167,1.171685,-1.0,-1.0,-1
1.171685,1.171685,1.171685,1.171685,-1.0,-1.0,-1
1.171685,1.171685,1.171685,1.171685,-1.0,-1.0,-1
1.171685,1.171685,1.171685,1.171685,-1.0,-1.0,-1
1.171685,1.171685,1.171685,1.171685,-1.0,-1.0,-1
1.171685,1.171685,1.171635,1.171635,-1.0,-1.0,-1
1.171635,1.17165,1.171635,1.17165,-1.0,-1.0,-1
1.17165,1.17165,1.17165,1.17165,-1.0,-1.0,-1
1.17165,1.17165,1.17165,1.17165,-1.0,-1.0,-1
1.17165,1.17166,1.17165,1.17165,-1.0,-1.0,-1
1.17165,1.17165,1.17165,1.17165,-1.0,-1.0,-1
1.17165,1.17165,1.17165,1.17165,-1.0,-1.0,-1
1.17165,1.17165,1.17165,1.17165,-1.0,-1.0,-1
1.17165,1.17165,1.171635,1.171635,-1.0,-1.0,-1
1.171635,1.17166,1.171635,1.17166,-1.0,-1.0,-1
1.17166,1.17166,1.17166,1.17166,-1.0,-1.0,-1
1.17166,1.17166,1.17166,1.17166,-1.0,-1.0,-1
1.17166,1.17166,1.17166,1.17166,-1.0,-1.0,-1
1.17166,1.171675,1.171655,1.17166,-1.0,-1.0,-1
1.17166,1.17166,1.17163,1.171635,-1.0,-1.0,-1
1.171635,1.17164,1.171635,1.171635,-1.0,-1.0,-1
1.171635,1.17164,1.17163,1.17163,-1.0,-1.0,-1
1.17163,1.171645,1.17163,1.171645,-1.0,-1.0,-1
1.171645,1.17165,1.171645,1.171645,-1.0,-1.0,-1
1.171645,1.17165,1.171645,1.17165,-1.0,-1.0,-1
1.17165,1.17165,1.171545,1.171545,-1.0,-1.0,-1
1.171545,1.17157,1.171545,1.17157,-1.0,-1.0,-1
1.17157,1.17159,1.17157,1.17159,-1.0,-1.0,-1
1.17159,1.17159,1.17158,1.171585,-1.0,-1.0,-1
1.171585,1.171585,1.17158,1.171585,-1.0,-1.0,-1
1.171585,1.171585,1.17157,1.17157,-1.0,-1.0,-1
1.17157,1.17157,1.17157,1.17157,-1.0,-1.0,-1
1.17157,1.17159,1.17157,1.171585,-1.0,-1.0,-1
1.171585,1.17159,1.17158,1.17159,-1.0,-1.0,-1
1.17159,1.17159,1.17158,1.171585,-1.0,-1.0,-1
1.171585,1.171615,1.17157,1.171585,-1.0,-1.0,-1
1.171585,1.17159,1.17158,1.171585,-1.0,-1.0,-1
1.171585,1.171615,1.17157,1.171615,-1.0,-1.0,-1
1.171615,1.171615,1.171585,1.17159,-1.0,-1.0,-1
1.17159,1.171605,1.171585,1.171605,-1.0,-1.0,-1
1.171605,1.171635,1.171605,1.17163,-1.0,-1.0,-1
1.17163,1.17164,1.17163,1.17163,-1.0,-1.0,-1
1.17163,1.171635,1.171615,1.171615,-1.0,-1.0,-1
1.171615,1.171615,1.171615,1.171615,-1.0,-1.0,-1
1.171615,1.171615,1.171615,1.171615,-1.0,-1.0,-1
1.171615,1.171615,1.171615,1.171615,-1.0,-1.0,-1
1.171615,1.171615,1.171615,1.171615,-1.0,-1.0,-1
1.171615,1.171615,1.171615,1.171615,-1.0,-1.0,-1
1.171615,1.171635,1.171615,1.171625,-1.0,-1.0,-1
1.171625,1.171625,1.171625,1.171625,-1.0,-1.0,-1
1.171625,1.171625,1.171625,1.171625,-1.0,-1.0,-1
1.171625,1.171635,1.171605,1.171615,-1.0,-1.0,-1
1.171615,1.17162,1.171615,1.17162,-1.0,-1.0,-1
1.17162,1.17162,1.17162,1.17162,-1.0,-1.0,-1
1.17162,1.171625,1.171615,1.17162,-1.0,-1.0,-1
1.17162,1.171635,1.17162,1.17163,-1.0,-1.0,-1
1.17163,1.171635,1.17163,1.17163,-1.0,-1.0,-1
1.17163,1.171635,1.17163,1.17163,-1.0,-1.0,-1
1.17163,1.171635,1.17163,1.17163,-1.0,-1.0,-1
1.17163,1.171635,1.17163,1.17163,-1.0,-1.0,-1
1.17163,1.171635,1.17163,1.17163,-1.0,-1.0,-1
1.17163,1.17164,1.17163,1.171635,-1.0,-1.0,-1
1.171635,1.17164,1.171635,1.171635,-1.0,-1.0,-1
1.171635,1.17164,1.171635,1.171635,-1.0,-1.0,-1
1.171635,1.17164,1.171635,1.171635,-1.0,-1.0,-1
1.171635,1.17164,1.171635,1.171635,-1.0,-1.0,-1
1.171635,1.17164,1.171585,1.17161,-1.0,-1.0,-1
1.17161,1.17161,1.17161,1.17161,-1.0,-1.0,-1
1.17161,1.171615,1.1716,1.17161,-1.0,-1.0,-1
1.17161,1.17161,1.17158,1.171595,-1.0,-1.0,-1
1.171595,1.1716,1.171595,1.171595,-1.0,-1.0,-1
1.171595,1.171615,1.171575,1.171615,-1.0,-1.0,-1
1.171615,1.171615,1.17158,1.171585,-1.0,-1.0,-1
1.171585,1.171585,1.17158,1.171585,-1.0,-1.0,-1
1.171585,1.171585,1.17158,1.171585,-1.0,-1.0,-1
1.171585,1.171595,1.171575,1.17159,-1.0,-1.0,-1
1.17159,1.171595,1.171585,1.17159,-1.0,-1.0,-1
1.17159,1.171595,1.171585,1.171595,-1.0,-1.0,-1
1.171595,1.171605,1.17158,1.171595,-1.0,-1.0,-1
1.171595,1.171595,1.17157,1.171585,-1.0,-1.0,-1
1.171585,1.171615,1.17158,1.171615,-1.0,-1.0,-1
1.171615,1.171615,1.171615,1.171615,-1.0,-1.0,-1
1.171615,1.171635,1.1716,1.171625,-1.0,-1.0,-1
1.171625,1.17166,1.171615,1.17166,-1.0,-1.0,-1
1.17166,1.17168,1.17165,1.17168,-1.0,-1.0,-1
1.17168,1.17169,1.171675,1.171685,-1.0,-1.0,-1
1.171685,1.171695,1.171685,1.171695,-1.0,-1.0,-1
1.171695,1.171695,1.17166,1.17166,-1.0,-1.0,-1
1.17166,1.171675,1.17166,1.171675,-1.0,-1.0,-1
1.171675,1.17168,1.171665,1.171665,-1.0,-1.0,-1
1.171665,1.171675,1.171655,1.171655,-1.0,-1.0,-1
1.171655,1.171655,1.17165,1.17165,-1.0,-1.0,-1
1.17165,1.17169,1.17165,1.17169,-1.0,-1.0,-1
1.17169,1.17171,1.17169,1.17171,-1.0,-1.0,-1
1.17171,1.17171,1.17171,1.17171,-1.0,-1.0,-1
1.17171,1.17171,1.171705,1.171705,-1.0,-1.0,-1
1.171705,1.171705,1.171705,1.171705,-1.0,-1.0,-1
1.171705,1.171705,1.171705,1.171705,-1.0,-1.0,-1
1.171705,1.17174,1.171705,1.17172,-1.0,-1.0,-1
1.17172,1.171725,1.171705,1.171705,-1.0,-1.0,-1
1.171705,1.171705,1.171705,1.171705,-1.0,-1.0,-1
1.171705,1.17174,1.171705,1.17174,-1.0,-1.0,-1
1.17174,1.17174,1.17174,1.17174,-1.0,-1.0,-1
1.17174,1.171745,1.17174,1.171745,-1.0,-1.0,-1
1.171745,1.171745,1.17174,1.17174,-1.0,-1.0,-1
1.17174,1.17174,1.17174,1.17174,-1.0,-1.0,-1
1.17174,1.17174,1.17174,1.17174,-1.0,-1.0,-1
1.17174,1.17174,1.17172,1.171725,-1.0,-1.0,-1
1.171725,1.17173,1.17172,1.17172,-1.0,-1.0,-1
1.17172,1.17174,1.17172,1.17172,-1.0,-1.0,-1
1.17172,1.171735,1.171695,1.171695,-1.0,-1.0,-1
1.171695,1.1717,1.17169,1.1717,-1.0,-1.0,-1
1.1717,1.1717,1.171695,1.171695,-1.0,-1.0,-1
1.171695,1.171735,1.171695,1.171735,-1.0,-1.0,-1
1.171735,1.17175,1.171735,1.17174,-1.0,-1.0,-1
1.17174,1.17174,1.17171,1.17171,-1.0,-1.0,-1
1.17171,1.17171,1.171705,1.17171,-1.0,-1.0,-1
1.17171,1.17171,1.171705,1.171705,-1.0,-1.0,-1
1.171705,1.17171,1.171705,1.171705,-1.0,-1.0,-1
1.171705,1.171715,1.171705,1.171715,-1.0,-1.0,-1
1.171715,1.171715,1.17167,1.171675,-1.0,-1.0,-1
1.171675,1.171695,1.17167,1.17169,-1.0,-1.0,-1
1.17169,1.17169,1.17169,1.17169,-1.0,-1.0,-1
1.17169,1.17169,1.17169,1.17169,-1.0,-1.0,-1
1.17169,1.171695,1.171675,1.171695,-1.0,-1.0,-1
1.171695,1.1717,1.17169,1.17169,-1.0,-1.0,-1
1.17169,1.171695,1.17169,1.171695,-1.0,-1.0,-1
1.171695,1.1717,1.171695,1.171695,-1.0,-1.0,-1
1.171695,1.171715,1.171695,1.171705,-1.0,-1.0,-1
1.171705,1.171725,1.1717,1.17172,-1.0,-1.0,-1
1.17172,1.171735,1.171715,1.171735,-1.0,-1.0,-1
1.171735,1.171735,1.17171,1.17172,-1.0,-1.0,-1
1.17172,1.17174,1.17172,1.171725,-1.0,-1.0,-1
1.171725,1.171735,1.17172,1.17172,-1.0,-1.0,-1
1.17172,1.171735,1.17172,1.171735,-1.0,-1.0,-1
1.171735,1.171735,1.171705,1.171705,-1.0,-1.0,-1
1.171705,1.171705,1.17169,1.17169,-1.0,-1.0,-1
1.17169,1.171695,1.17169,1.171695,-1.0,-1.0,-1
1.171695,1.17171,1.171695,1.171705,-1.0,-1.0,-1
1.171705,1.171705,1.171685,1.1717,-1.0,-1.0,-1
1.1717,1.17173,1.171695,1.171725,-1.0,-1.0,-1
1.171725,1.171735,1.171715,1.171715,-1.0,-1.0,-1
1.171715,1.171715,1.171715,1.171715,-1.0,-1.0,-1
1.171715,1.171745,1.171675,1.171685,-1.0,-1.0,-1
1.171685,1.171685,1.171615,1.171615,-1.0,-1.0,-1
1.171615,1.17162,1.17158,1.17159,-1.0,-1.0,-1
1.17159,1.1716,1.17157,1.171595,-1.0,-1.0,-1
1.171595,1.171595,1.17154,1.17157,-1.0,-1.0,-1
1.17157,1.17157,1.17157,1.17157,-1.0,-1.0,-1
1.17157,1.17157,1.17157,1.17157,-1.0,-1.0,-1
1.17157,1.17157,1.17154,1.17154,-1.0,-1.0,-1
1.17154,1.17155,1.17154,1.17154,-1.0,-1.0,-1
1.17154,1.17154,1.171525,1.17154,-1.0,-1.0,-1
1.17154,1.17155,1.17153,1.171535,-1.0,-1.0,-1
1.171535,1.17155,1.17153,1.17154,-1.0,-1.0,-1
1.17154,1.17155,1.17154,1.17154,-1.0,-1.0,-1
1.17154,1.17156,1.17154,1.17155,-1.0,-1.0,-1
1.17155,1.171555,1.171545,1.171545,-1.0,-1.0,-1
1.171545,1.171555,1.17154,1.17155,-1.0,-1.0,-1
1.17155,1.171555,1.171495,1.171535,-1.0,-1.0,-1
1.171535,1.171535,1.1715,1.171535,-1.0,-1.0,-1
1.171535,1.171535,1.171535,1.171535,-1.0,-1.0,-1
1.171535,1.17154,1.17153,1.17154,-1.0,-1.0,-1
1.17154,1.17154,1.17154,1.17154,-1.0,-1.0,-1
1.17154,1.17154,1.17154,1.17154,-1.0,-1.0,-1
1.17154,1.171585,1.17154,1.171585,-1.0,-1.0,-1
1.171585,1.171585,1.17158,1.171585,-1.0,-1.0,-1
1.171585,1.171585,1.171555,1.171555,-1.0,-1.0,-1
1.171555,1.171585,1.171555,1.171585,-1.0,-1.0,-1
1.171585,1.171605,1.17158,1.171605,-1.0,-1.0,-1
1.171605,1.171605,1.171595,1.171595,-1.0,-1.0,-1
1.171595,1.171605,1.171595,1.171595,-1.0,-1.0,-1
1.171595,1.171595,1.17158,1.171585,-1.0,-1.0,-1
1.171585,1.171595,1.17156,1.17156,-1.0,-1.0,-1
1.17156,1.17157,1.17154,1.17154,-1.0,-1.0,-1
1.17154,1.17154,1.17154,1.17154,-1.0,-1.0,-1
1.17154,1.17154,1.171515,1.171515,-1.0,-1.0,-1
1.171515,1.171515,1.17148,1.171495,-1.0,-1.0,-1
1.171495,1.171535,1.17148,1.171535,-1.0,-1.0,-1
1.171535,1.171535,1.171515,1.171515,-1.0,-1.0,-1
1.171515,1.171535,1.171515,1.171535,-1.0,-1.0,-1
1.171535,1.171535,1.17153,1.17153,-1.0,-1.0,-1
1.17153,1.171535,1.17153,1.17153,-1.0,-1.0,-1
1.17153,1.17153,1.17149,1.171495,-1.0,-1.0,-1
1.171495,1.171535,1.17149,1.171525,-1.0,-1.0,-1
1.171525,1.171525,1.1715,1.171515,-1.0,-1.0,-1
1.171515,1.17153,1.171515,1.17153,-1.0,-1.0,-1
1.17153,1.17153,1.17153,1.17153,-1.0,-1.0,-1
1.17153,1.17153,1.17153,1.17153,-1.0,-1.0,-1
1.17153,1.17153,1.171455,1.1715,-1.0,-1.0,-1
1.1715,1.171505,1.17149,1.1715,-1.0,-1.0,-1
1.1715,1.171505,1.17148,1.17148,-1.0,-1.0,-1
1.17148,1.171485,1.171475,1.171485,-1.0,-1.0,-1
1.171485,1.17151,1.171485,1.17151,-1.0,-1.0,-1
1.17151,1.171515,1.1715,1.171505,-1.0,-1.0,-1
1.171505,1.171515,1.171475,1.17148,-1.0,-1.0,-1
1.17148,1.17148,1.17145,1.171475,-1.0,-1.0,-1
1.171475,1.171495,1.171475,1.171495,-1.0,-1.0,-1
1.171495,1.171495,1.17149,1.171495,-1.0,-1.0,-1
1.171495,1.171495,1.17148,1.17148,-1.0,-1.0,-1
1.17148,1.171495,1.17148,1.171495,-1.0,-1.0,-1
1.171495,1.171505,1.17149,1.171505,-1.0,-1.0,-1
1.171505,1.171535,1.1715,1.171535,-1.0,-1.0,-1
1.171535,1.17155,1.171525,1.17153,-1.0,-1.0,-1
1.17153,1.17153,1.17149,1.171495,-1.0,-1.0,-1
1.171495,1.171495,1.17149,1.171495,-1.0,-1.0,-1
1.171495,1.171495,1.17148,1.17148,-1.0,-1.0,-1
1.17148,1.17148,1.17148,1.17148,-1.0,-1.0,-1
1.17148,1.171495,1.17148,1.171495,-1.0,-1.0,-1
1.171495,1.171495,1.171475,1.171495,-1.0,-1.0,-1
1.171495,1.171495,1.17149,1.171495,-1.0,-1.0,-1
1.171495,1.171495,1.17149,1.171495,-1.0,-1.0,-1
1.171495,1.171495,1.171485,1.171485,-1.0,-1.0,-1
1.171485,1.171495,1.17148,1.171495,-1.0,-1.0,-1
1.171495,1.171495,1.17144,1.17144,-1.0,-1.0,-1
1.17144,1.171485,1.17144,1.17148,-1.0,-1.0,-1
1.17148,1.171495,1.17148,1.171495,-1.0,-1.0,-1
1.171495,1.171585,1.17149,1.171545,-1.0,-1.0,-1
1.171545,1.17155,1.171545,1.171545,-1.0,-1.0,-1
1.171545,1.17155,1.171535,1.171545,-1.0,-1.0,-1
1.171545,1.17155,1.171535,1.171535,-1.0,-1.0,-1
1.171535,1.171535,1.1715,1.17152,-1.0,-1.0,-1
1.17152,1.17152,1.17152,1.17152,-1.0,-1.0,-1
1.17152,1.171525,1.171495,1.1715,-1.0,-1.0,-1
1.1715,1.171505,1.171495,1.171505,-1.0,-1.0,-1
1.171505,1.171525,1.1715,1.17152,-1.0,-1.0,-1
1.17152,1.17156,1.17152,1.17155,-1.0,-1.0,-1
1.17155,1.17156,1.171545,1.17155,-1.0,-1.0,-1
1.17155,1.17157,1.17155,1.17157,-1.0,-1.0,-1
1.17157,1.17157,1.17157,1.17157,-1.0,-1.0,-1
1.17157,1.17157,1.17157,1.17157,-1.0,-1.0,-1
1.17157,1.171585,1.17157,1.171585,-1.0,-1.0,-1
1.171585,1.171605,1.17158,1.1716,-1.0,-1.0,-1
1.1716,1.171605,1.1716,1.171605,-1.0,-1.0,-1
1.171605,1.171625,1.1716,1.171625,-1.0,-1.0,-1
1.171625,1.17165,1.171625,1.17165,-1.0,-1.0,-1
1.17165,1.17165,1.171635,1.171645,-1.0,-1.0,-1
1.171645,1.171655,1.171645,1.17165,-1.0,-1.0,-1
1.17165,1.17165,1.171645,1.17165,-1.0,-1.0,-1
1.17165,1.17165,1.171635,1.171635,-1.0,-1.0,-1
1.171635,1.171645,1.171635,1.171645,-1.0,-1.0,-1
1.171645,1.17165,1.171635,1.171635,-1.0,-1.0,-1
1.171635,1.17165,1.171635,1.17165,-1.0,-1.0,-1
1.17165,1.17165,1.17165,1.17165,-1.0,-1.0,-1
1.17165,1.171655,1.17165,1.17165,-1.0,-1.0,-1
1.17165,1.17169,1.17165,1.171685,-1.0,-1.0,-1
1.171685,1.171685,1.17165,1.17165,-1.0,-1.0,-1
1.17165,1.17165,1.171615,1.17162,-1.0,-1.0,-1
1.17162,1.171625,1.1716,1.1716,-1.0,-1.0,-1
1.1716,1.171605,1.171595,1.171595,-1.0,-1.0,-1
1.171595,1.171605,1.171595,1.171595,-1.0,-1.0,-1
1.171595,1.17164,1.171595,1.17162,-1.0,-1.0,-1
1.17162,1.171645,1.17162,1.171635,-1.0,-1.0,-1
1.171635,1.17164,1.17163,1.171635,-1.0,-1.0,-1
1.171635,1.17165,1.171635,1.171635,-1.0,-1.0,-1
1.171635,1.171645,1.17162,1.171625,-1.0,-1.0,-1
1.171625,1.17164,1.171625,1.171635,-1.0,-1.0,-1
1.171635,1.171645,1.171635,1.171645,-1.0,-1.0,-1
1.171645,1.17165,1.171645,1.17165,-1.0,-1.0,-1
1.17165,1.17165,1.171635,1.171635,-1.0,-1.0,-1
1.171635,1.17165,1.171635,1.171635,-1.0,-1.0,-1
1.171635,1.17164,1.171595,1.171595,-1.0,-1.0,-1
1.171595,1.171605,1.171585,1.1716,-1.0,-1.0,-1
1.1716,1.171635,1.1716,1.17162,-1.0,-1.0,-1
1.17162,1.17162,1.171595,1.171615,-1.0,-1.0,-1
1.171615,1.171615,1.171615,1.171615,-1.0,-1.0,-1
1.171615,1.171615,1.171595,1.17161,-1.0,-1.0,-1
1.17161,1.17168,1.17161,1.171655,-1.0,-1.0,-1
1.171655,1.17166,1.171655,1.17166,-1.0,-1.0,-1
1.17166,1.17166,1.17165,1.17165,-1.0,-1.0,-1
1.17165,1.171655,1.17165,1.17165,-1.0,-1.0,-1
1.17165,1.17165,1.17165,1.17165,-1.0,-1.0,-1
1.17165,1.171655,1.17165,1.171655,-1.0,-1.0,-1
1.171655,1.171655,1.17165,1.17165,-1.0,-1.0,-1
1.17165,1.171655,1.17165,1.17165,-1.0,-1.0,-1
1.17165,1.17166,1.17165,1.171655,-1.0,-1.0,-1
1.171655,1.17166,1.171655,1.17166,-1.0,-1.0,-1
1.17166,1.171685,1.171655,1.17166,-1.0,-1.0,-1
1.17166,1.17169,1.17166,1.17169,-1.0,-1.0,-1
1.17169,1.17169,1.17167,1.171675,-1.0,-1.0,-1
1.171675,1.171675,1.17167,1.171675,-1.0,-1.0,-1
1.171675,1.171675,1.17167,1.171675,-1.0,-1.0,-1
1.171675,1.171675,1.17167,1.171675,-1.0,-1.0,-1
1.171675,1.171675,1.17166,1.171675,-1.0,-1.0,-1
1.171675,1.171695,1.17167,1.171695,-1.0,-1.0,-1
1.171695,1.171695,1.171695,1.171695,-1.0,-1.0,-1
1.171695,1.171695,1.171655,1.171685,-1.0,-1.0,-1
1.171685,1.171705,1.171685,1.171695,-1.0,-1.0,-1
1.171695,1.171745,1.17169,1.17172,-1.0,-1.0,-1
1.17172,1.171725,1.17172,1.17172,-1.0,-1.0,-1
1.17172,1.171725,1.171685,1.171685,-1.0,-1.0,-1
1.171685,1.171685,1.171685,1.171685,-1.0,-1.0,-1
1.171685,1.171685,1.171685,1.171685,-1.0,-1.0,-1
1.171685,1.171685,1.17166,1.17166,-1.0,-1.0,-1
1.17166,1.17166,1.17165,1.17165,-1.0,-1.0,-1
1.17165,1.171655,1.17163,1.17165,-1.0,-1.0,-1
1.17165,1.171655,1.17165,1.17165,-1.0,-1.0,-1
1.17165,1.17165,1.171635,1.171645,-1.0,-1.0,-1
1.171645,1.171645,1.171645,1.171645,-1.0,-1.0,-1
1.171645,1.171645,1.171585,1.17159,-1.0,-1.0,-1
1.17159,1.1716,1.171585,1.1716,-1.0,-1.0,-1
1.1716,1.1716,1.171585,1.17159,-1.0,-1.0,-1
1.17159,1.171595,1.17154,1.17154,-1.0,-1.0,-1
1.17154,1.171555,1.171515,1.17152,-1.0,-1.0,-1
1.17152,1.17153,1.17152,1.17153,-1.0,-1.0,-1
1.17153,1.17153,1.17152,1.17152,-1.0,-1.0,-1
1.17152,1.17155,1.17152,1.171545,-1.0,-1.0,-1
1.171545,1.171585,1.171545,1.17156,-1.0,-1.0,-1
1.17156,1.17156,1.17154,1.17154,-1.0,-1.0,-1
1.17154,1.17155,1.17154,1.17154,-1.0,-1.0,-1
1.17154,1.17154,1.17154,1.17154,-1.0,-1.0,-1
1.17154,1.17156,1.17154,1.171555,-1.0,-1.0,-1
1.171555,1.17157,1.171555,1.17157,-1.0,-1.0,-1
1.17157,1.171595,1.17157,1.171595,-1.0,-1.0,-1
1.171595,1.171595,1.171565,1.17157,-1.0,-1.0,-1
1.17157,1.171595,1.17157,1.171585,-1.0,-1.0,-1
1.171585,1.171595,1.17158,1.171595,-1.0,-1.0,-1
1.171595,1.171595,1.171595,1.171595,-1.0,-1.0,-1
1.171595,1.171595,1.17158,1.171585,-1.0,-1.0,-1
1.171585,1.171585,1.171565,1.171565,-1.0,-1.0,-1
1.171565,1.17157,1.171555,1.17157,-1.0,-1.0,-1
1.17157,1.17157,1.171545,1.171555,-1.0,-1.0,-1
1.171555,1.17156,1.171555,1.17156,-1.0,-1.0,-1
1.17156,1.171585,1.171545,1.171585,-1.0,-1.0,-1
1.171585,1.17159,1.17158,1.17159,-1.0,-1.0,-1
1.17159,1.17159,1.171535,1.171545,-1.0,-1.0,-1
1.171545,1.171555,1.171535,1.171535,-1.0,-1.0,-1
1.171535,1.171555,1.17151,1.171545,-1.0,-1.0,-1
1.171545,1.171555,1.17154,1.17154,-1.0,-1.0,-1
1.17154,1.17156,1.17154,1.171555,-1.0,-1.0,-1
1.171555,1.17156,1.171535,1.171535,-1.0,-1.0,-1
1.171535,1.17154,1.171535,1.17154,-1.0,-1.0,-1
1.17154,1.17154,1.17154,1.17154,-1.0,-1.0,-1
1.17154,1.17155,1.17152,1.171535,-1.0,-1.0,-1
1.171535,1.17155,1.171535,1.171545,-1.0,-1.0,-1
1.171545,1.17155,1.171545,1.171545,-1.0,-1.0,-1
1.171545,1.17155,1.171535,1.171535,-1.0,-1.0,-1
1.171535,1.17155,1.171535,1.171545,-1.0,-1.0,-1
1.171545,1.17155,1.171545,1.171545,-1.0,-1.0,-1
1.171545,1.171565,1.171545,1.171555,-1.0,-1.0,-1
1.171555,1.17156,1.171545,1.171555,-1.0,-1.0,-1
1.171555,1.171565,1.171555,1.171565,-1.0,-1.0,-1
1.171565,1.171565,1.17154,1.17154,-1.0,-1.0,-1
1.17154,1.17154,1.17154,1.17154,-1.0,-1.0,-1
1.17154,1.171595,1.17154,1.171585,-1.0,-1.0,-1
1.171585,1.171595,1.17158,1.171595,-1.0,-1.0,-1
1.171595,1.171595,1.17158,1.171585,-1.0,-1.0,-1
1.171585,1.171595,1.171565,1.171595,-1.0,-1.0,-1
1.171595,1.171595,1.17158,1.17159,-1.0,-1.0,-1
1.17159,1.171595,1.171585,1.171595,-1.0,-1.0,-1
1.171595,1.17164,1.171585,1.171635,-1.0,-1.0,-1
1.171635,1.17164,1.17158,1.171585,-1.0,-1.0,-1
1.171585,1.171585,1.17158,1.171585,-1.0,-1.0,-1
1.171585,1.171585,1.171545,1.171545,-1.0,-1.0,-1
1.171545,1.17155,1.171545,1.171545,-1.0,-1.0,-1
1.171545,1.17156,1.171545,1.171545,-1.0,-1.0,-1
1.171545,1.171595,1.171545,1.171595,-1.0,-1.0,-1
1.171595,1.171595,1.17158,1.171585,-1.0,-1.0,-1
1.171585,1.171585,1.17158,1.171585,-1.0,-1.0,-1
1.171585,1.171585,1.17158,1.171585,-1.0,-1.0,-1
1.171585,1.171585,1.17158,1.171585,-1.0,-1.0,-1
1.171585,1.171585,1.17158,1.171585,-1.0,-1.0,-1
1.171585,1.171585,1.17155,1.17155,-1.0,-1.0,-1
1.17155,1.17157,1.171545,1.17155,-1.0,-1.0,-1
1.17155,1.171555,1.171545,1.17155,-1.0,-1.0,-1
1.17155,1.17156,1.171545,1.171555,-1.0,-1.0,-1
1.171555,1.17156,1.17155,1.171555,-1.0,-1.0,-1
1.171555,1.17156,1.171545,1.171545,-1.0,-1.0,-1
1.171545,1.17156,1.171545,1.17155,-1.0,-1.0,-1
1.17155,1.171555,1.17155,1.17155,-1.0,-1.0,-1
1.17155,1.171555,1.17155,1.17155,-1.0,-1.0,-1
1.17155,1.17156,1.17152,1.17156,-1.0,-1.0,-1
1.17156,1.17156,1.171555,1.171555,-1.0,-1.0,-1
1.171555,1.17156,1.17155,1.17155,-1.0,-1.0,-1
1.17155,1.17156,1.17155,1.171555,-1.0,-1.0,-1
1.171555,1.17156,1.171555,1.171555,-1.0,-1.0,-1
1.171555,1.17156,1.17154,1.171545,-1.0,-1.0,-1
1.171545,1.17155,1.171545,1.171545,-1.0,-1.0,-1
1.171545,1.17155,1.171545,1.171545,-1.0,-1.0,-1
1.171545,1.17156,1.171545,1.171545,-1.0,-1.0,-1
1.171545,1.17155,1.171535,1.171545,-1.0,-1.0,-1
1.171545,1.17155,1.171545,1.171545,-1.0,-1.0,-1
1.171545,1.171585,1.171545,1.171585,-1.0,-1.0,-1
1.171585,1.171605,1.171565,1.1716,-1.0,-1.0,-1
1.1716,1.1716,1.17158,1.1716,-1.0,-1.0,-1
1.1716,1.1716,1.1716,1.1716,-1.0,-1.0,-1
1.1716,1.171605,1.171595,1.171595,-1.0,-1.0,-1
1.171595,1.171595,1.17156,1.17159,-1.0,-1.0,-1
1.17159,1.17159,1.171575,1.17159,-1.0,-1.0,-1
1.17159,1.17159,1.171565,1.17157,-1.0,-1.0,-1
1.17157,1.171635,1.17157,1.17163,-1.0,-1.0,-1
1.17163,1.171635,1.17162,1.17162,-1.0,-1.0,-1
1.17162,1.171635,1.17162,1.17162,-1.0,-1.0,-1
1.17162,1.171625,1.17162,1.171625,-1.0,-1.0,-1
1.171625,1.171625,1.17162,1.171625,-1.0,-1.0,-1
1.171625,1.171635,1.17162,1.17162,-1.0,-1.0,-1
1.17162,1.171645,1.17162,1.171625,-1.0,-1.0,-1
1.171625,1.171645,1.171615,1.171645,-1.0,-1.0,-1
1.171645,1.171655,1.171645,1.17165,-1.0,-1.0,-1
1.17165,1.17165,1.17165,1.17165,-1.0,-1.0,-1
1.17165,1.17165,1.171645,1.171645,-1.0,-1.0,-1
1.171645,1.17165,1.171645,1.17165,-1.0,-1.0,-1
1.17165,1.17165,1.17165,1.17165,-1.0,-1.0,-1
1.17165,1.171655,1.171645,1.17165,-1.0,-1.0,-1
1.17165,1.17165,1.17165,1.17165,-1.0,-1.0,-1
1.17165,1.171655,1.17165,1.171655,-1.0,-1.0,-1
1.171655,1.171655,1.17165,1.17165,-1.0,-1.0,-1
1.17165,1.17165,1.171615,1.17163,-1.0,-1.0,-1
1.17163,1.171635,1.17163,1.17163,-1.0,-1.0,-1
1.17163,1.17164,1.171615,1.17163,-1.0,-1.0,-1
1.17163,1.17165,1.17163,1.171645,-1.0,-1.0,-1
1.171645,1.17165,1.17163,1.17163,-1.0,-1.0,-1
1.17163,1.171635,1.17163,1.17163,-1.0,-1.0,-1
1.17163,1.171635,1.17161,1.17161,-1.0,-1.0,-1
1.17161,1.17161,1.171605,1.17161,-1.0,-1.0,-1
1.17161,1.171645,1.17161,1.171645,-1.0,-1.0,-1
1.171645,1.171645,1.171645,1.171645,-1.0,-1.0,-1
1.171645,1.171645,1.17162,1.17162,-1.0,-1.0,-1
1.17162,1.171635,1.171605,1.17163,-1.0,-1.0,-1
1.17163,1.171635,1.1716,1.1716,-1.0,-1.0,-1
1.1716,1.171605,1.1716,1.171605,-1.0,-1.0,-1
1.171605,1.171605,1.1716,1.1716,-1.0,-1.0,-1
1.1716,1.1716,1.1716,1.1716,-1.0,-1.0,-1
1.1716,1.17161,1.1716,1.17161,-1.0,-1.0,-1
1.17161,1.17165,1.17161,1.171645,-1.0,-1.0,-1
1.171645,1.17165,1.171645,1.171645,-1.0,-1.0,-1
1.171645,1.17165,1.171645,1.17165,-1.0,-1.0,-1
1.17165,1.17165,1.171645,1.171645,-1.0,-1.0,-1
1.171645,1.171645,1.171645,1.171645,-1.0,-1.0,-1
1.171645,1.171645,1.171645,1.171645,-1.0,-1.0,-1
1.171645,1.171645,1.171645,1.171645,-1.0,-1.0,-1
1.171645,1.17166,1.171645,1.17166,-1.0,-1.0,-1
1.17166,1.17166,1.17165,1.17165,-1.0,-1.0,-1
1.17165,1.17166,1.171645,1.171655,-1.0,-1.0,-1
1.171655,1.171655,1.171655,1.171655,-1.0,-1.0,-1
1.171655,1.171655,1.171645,1.171645,-1.0,-1.0,-1
1.171645,1.17165,1.171645,1.171645,-1.0,-1.0,-1
1.171645,1.17165,1.17161,1.17165,-1.0,-1.0,-1
1.17165,1.17165,1.17165,1.17165,-1.0,-1.0,-1
1.17165,1.17165,1.17165,1.17165,-1.0,-1.0,-1
1.17165,1.17165,1.17165,1.17165,-1.0,-1.0,-1
1.17165,1.17165,1.17165,1.17165,-1.0,-1.0,-1
1.17165,1.171655,1.171645,1.171655,-1.0,-1.0,-1
1.171655,1.17166,1.17165,1.171655,-1.0,-1.0,-1
1.171655,1.17166,1.171655,1.171655,-1.0,-1.0,-1
1.171655,1.171655,1.171655,1.171655,-1.0,-1.0,-1
1.171655,1.171655,1.17163,1.17163,-1.0,-1.0,-1
1.17163,1.17164,1.17161,1.17161,-1.0,-1.0,-1
1.17161,1.171615,1.17161,1.171615,-1.0,-1.0,-1
1.171615,1.171615,1.17161,1.17161,-1.0,-1.0,-1
1.17161,1.17161,1.17161,1.17161,-1.0,-1.0,-1
1.17161,1.171615,1.17161,1.17161,-1.0,-1.0,-1
1.17161,1.17165,1.17161,1.17165,-1.0,-1.0,-1
1.17165,1.17166,1.17165,1.17165,-1.0,-1.0,-1
1.17165,1.17165,1.17163,1.17163,-1.0,-1.0,-1
1.17163,1.17164,1.17163,1.171635,-1.0,-1.0,-1
1.171635,1.17164,1.17161,1.17161,-1.0,-1.0,-1
1.17161,1.17161,1.17161,1.17161,-1.0,-1.0,-1
1.17161,1.17165,1.17161,1.17165,-1.0,-1.0,-1
1.17165,1.17165,1.171645,1.17165,-1.0,-1.0,-1
1.17165,1.17165,1.17165,1.17165,-1.0,-1.0,-1
1.17165,1.17165,1.171645,1.17165,-1.0,-1.0,-1
1.17165,1.171655,1.17165,1.17165,-1.0,-1.0,-1
1.17165,1.171655,1.17165,1.17165,-1.0,-1.0,-1
1.17165,1.17165,1.17165,1.17165,-1.0,-1.0,-1
1.17165,1.17165,1.17165,1.17165,-1.0,-1.0,-1
1.17165,1.17165,1.17165,1.17165,-1.0,-1.0,-1
1.17165,1.17165,1.17165,1.17165,-1.0,-1.0,-1
1.17165,1.17165,1.17163,1.171645,-1.0,-1.0,-1
1.171645,1.171645,1.17164,1.171645,-1.0,-1.0,-1
1.171645,1.17165,1.17164,1.17164,-1.0,-1.0,-1
1.17164,1.171655,1.17164,1.171655,-1.0,-1.0,-1
1.171655,1.171655,1.171645,1.17165,-1.0,-1.0,-1
1.17165,1.17165,1.171645,1.171645,-1.0,-1.0,-1
1.171645,1.171645,1.17164,1.171645,-1.0,-1.0,-1
1.171645,1.171645,1.171645,1.171645,-1.0,-1.0,-1
1.171645,1.171645,1.171645,1.171645,-1.0,-1.0,-1
1.171645,1.171645,1.17162,1.17163,-1.0,-1.0,-1
1.17163,1.17164,1.17163,1.171635,-1.0,-1.0,-1
1.171635,1.17164,1.17163,1.171635,-1.0,-1.0,-1
1.171635,1.17164,1.17161,1.171615,-1.0,-1.0,-1
1.171615,1.171615,1.17161,1.171615,-1.0,-1.0,-1
1.171615,1.171615,1.17161,1.17161,-1.0,-1.0,-1
1.17161,1.17161,1.17161,1.17161,-1.0,-1.0,-1
1.17161,1.17164,1.17161,1.17163,-1.0,-1.0,-1
1.17163,1.17164,1.17163,1.171635,-1.0,-1.0,-1
1.171635,1.17164,1.171635,1.171635,-1.0,-1.0,-1
1.171635,1.17164,1.17163,1.17163,-1.0,-1.0,-1
1.17163,1.171635,1.17163,1.17163,-1.0,-1.0,-1
1.17163,1.171635,1.17163,1.17163,-1.0,-1.0,-1
1.17163,1.171635,1.17163,1.17163,-1.0,-1.0,-1
1.17163,1.17166,1.17163,1.17166,-1.0,-1.0,-1
1.17166,1.17166,1.171645,1.171645,-1.0,-1.0,-1
1.171645,1.17165,1.171645,1.17165,-1.0,-1.0,-1
1.17165,1.17166,1.17165,1.171655,-1.0,-1.0,-1
1.171655,1.17166,1.17162,1.171635,-1.0,-1.0,-1
1.171635,1.17164,1.171635,1.171635,-1.0,-1.0,-1
1.171635,1.17164,1.171635,1.171635,-1.0,-1.0,-1
1.171635,1.17164,1.171635,1.171635,-1.0,-1.0,-1
1.171635,1.17164,1.17161,1.17161,-1.0,-1.0,-1
1.17161,1.17161,1.171585,1.17159,-1.0,-1.0,-1
1.17159,1.1716,1.171585,1.1716,-1.0,-1.0,-1
1.1716,1.17161,1.1716,1.17161,-1.0,-1.0,-1
1.17161,1.17161,1.171595,1.171605,-1.0,-1.0,-1
1.171605,1.171605,1.171585,1.17159,-1.0,-1.0,-1
1.17159,1.1716,1.171585,1.17159,-1.0,-1.0,-1
1.17159,1.17161,1.171585,1.17161,-1.0,-1.0,-1
1.17161,1.171615,1.171595,1.171595,-1.0,-1.0,-1
1.171595,1.171605,1.171585,1.17159,-1.0,-1.0,-1
1.17159,1.1716,1.171515,1.17154,-1.0,-1.0,-1
1.17154,1.171555,1.17154,1.17155,-1.0,-1.0,-1
1.17155,1.171555,1.17155,1.17155,-1.0,-1.0,-1
1.17155,1.171625,1.17155,1.1716,-1.0,-1.0,-1
1.1716,1.17161,1.1716,1.17161,-1.0,-1.0,-1
1.17161,1.171635,1.1716,1.1716,-1.0,-1.0,-1
1.1716,1.171645,1.1716,1.17164,-1.0,-1.0,-1
1.17164,1.17165,1.17164,1.171645,-1.0,-1.0,-1
1.171645,1.171645,1.17161,1.17161,-1.0,-1.0,-1
1.17161,1.17161,1.171605,1.171605,-1.0,-1.0,-1
1.171605,1.171605,1.171605,1.171605,-1.0,-1.0,-1
1.171605,1.171605,1.17156,1.17156,-1.0,-1.0,-1
1.17156,1.17159,1.171555,1.17158,-1.0,-1.0,-1
1.17158,1.171605,1.17158,1.1716,-1.0,-1.0,-1
1.1716,1.1716,1.171575,1.17159,-1.0,-1.0,-1
1.17159,1.171595,1.171585,1.171595,-1.0,-1.0,-1
1.171595,1.171595,1.171585,1.17159,-1.0,-1.0,-1
1.17159,1.17159,1.171585,1.17159,-1.0,-1.0,-1
1.17159,1.17159,1.171555,1.17156,-1.0,-1.0,-1
1.17156,1.17156,1.17155,1.17156,-1.0,-1.0,-1
1.17156,1.17161,1.17156,1.17161,-1.0,-1.0,-1
1.17161,1.17164,1.17161,1.171635,-1.0,-1.0,-1
1.171635,1.17164,1.17163,1.17163,-1.0,-1.0,-1
1.17163,1.171635,1.171605,1.171605,-1.0,-1.0,-1
1.171605,1.17164,1.171605,1.17163,-1.0,-1.0,-1
1.17163,1.171635,1.171605,1.171605,-1.0,-1.0,-1
1.171605,1.17161,1.1716,1.17161,-1.0,-1.0,-1
1.17161,1.17164,1.17161,1.171635,-1.0,-1.0,-1
1.171635,1.17164,1.17163,1.17163,-1.0,-1.0,-1
1.17163,1.17164,1.17163,1.17163,-1.0,-1.0,-1
1.17163,1.171645,1.17163,1.171645,-1.0,-1.0,-1
1.171645,1.17165,1.17162,1.171645,-1.0,-1.0,-1
1.171645,1.171645,1.171625,1.171625,-1.0,-1.0,-1
1.171625,1.171625,1.171615,1.171615,-1.0,-1.0,-1
1.171615,1.171615,1.171615,1.171615,-1.0,-1.0,-1
1.171615,1.17165,1.171615,1.17165,-1.0,-1.0,-1
1.17165,1.17165,1.17161,1.171615,-1.0,-1.0,-1
1.171615,1.171615,1.17161,1.17161,-1.0,-1.0,-1
1.17161,1.17161,1.17161,1.17161,-1.0,-1.0,-1
1.17161,1.17164,1.17161,1.171635,-1.0,-1.0,-1
1.171635,1.17164,1.17161,1.17161,-1.0,-1.0,-1
1.17161,1.17161,1.171605,1.171605,-1.0,-1.0,-1
1.171605,1.171605,1.171585,1.17159,-1.0,-1.0,-1
1.17159,1.171605,1.17158,1.171605,-1.0,-1.0,-1
1.171605,1.171605,1.1716,1.171605,-1.0,-1.0,-1
1.171605,1.171605,1.171605,1.171605,-1.0,-1.0,-1
1.171605,1.171635,1.171605,1.17163,-1.0,-1.0,-1
1.17163,1.17164,1.17162,1.17163,-1.0,-1.0,-1
1.17163,1.171655,1.17163,1.171655,-1.0,-1.0,-1
1.171655,1.17169,1.171655,1.17169,-1.0,-1.0,-1
1.17169,1.171695,1.17169,1.171695,-1.0,-1.0,-1
1.171695,1.171695,1.17169,1.171695,-1.0,-1.0,-1
1.171695,1.171695,1.171675,1.17169,-1.0,-1.0,-1
1.17169,1.17169,1.17169,1.17169,-1.0,-1.0,-1
1.17169,1.171695,1.17169,1.171695,-1.0,-1.0,-1
1.171695,1.171695,1.17169,1.17169,-1.0,-1.0,-1
1.17169,1.1717,1.17169,1.1717,-1.0,-1.0,-1
1.1717,1.1717,1.17169,1.17169,-1.0,-1.0,-1
1.17169,1.17169,1.17169,1.17169,-1.0,-1.0,-1
1.17169,1.171695,1.17169,1.171695,-1.0,-1.0,-1
1.171695,1.171695,1.171695,1.171695,-1.0,-1.0,-1
1.171695,1.171715,1.171685,1.171715,-1.0,-1.0,-1
1.171715,1.171715,1.1717,1.1717,-1.0,-1.0,-1
1.1717,1.1717,1.1717,1.1717,-1.0,-1.0,-1
1.1717,1.171715,1.1717,1.171705,-1.0,-1.0,-1
1.171705,1.171705,1.171705,1.171705,-1.0,-1.0,-1
1.171705,1.171705,1.1717,1.1717,-1.0,-1.0,-1
1.1717,1.1717,1.1717,1.1717,-1.0,-1.0,-1
1.1717,1.1717,1.171685,1.17169,-1.0,-1.0,-1
1.17169,1.17171,1.17169,1.17171,-1.0,-1.0,-1
1.17171,1.17171,1.171705,1.171705,-1.0,-1.0,-1
1.171705,1.17171,1.1717,1.1717,-1.0,-1.0,-1
1.1717,1.171705,1.17167,1.17169,-1.0,-1.0,-1
1.17169,1.171715,1.17169,1.17171,-1.0,-1.0,-1
1.17171,1.17171,1.171705,1.171705,-1.0,-1.0,-1
1.171705,1.17171,1.1717,1.1717,-1.0,-1.0,-1
1.1717,1.171705,1.1717,1.171705,-1.0,-1.0,-1
1.171705,1.17171,1.1717,1.1717,-1.0,-1.0,-1
1.1717,1.17171,1.17169,1.1717,-1.0,-1.0,-1
1.1717,1.17171,1.1717,1.17171,-1.0,-1.0,-1
1.17171,1.17171,1.17171,1.17171,-1.0,-1.0,-1
1.17171,1.17171,1.1717,1.1717,-1.0,-1.0,-1
1.1717,1.1717,1.171675,1.17169,-1.0,-1.0,-1
1.17169,1.17169,1.17165,1.17165,-1.0,-1.0,-1
1.17165,1.1717,1.17165,1.17169,-1.0,-1.0,-1
1.17169,1.171695,1.17169,1.17169,-1.0,-1.0,-1
1.17169,1.17169,1.17169,1.17169,-1.0,-1.0,-1
1.17169,1.17171,1.17169,1.1717,-1.0,-1.0,-1
1.1717,1.1717,1.1717,1.1717,-1.0,-1.0,-1
1.1717,1.17171,1.1717,1.17171,-1.0,-1.0,-1
1.17171,1.17171,1.1717,1.17171,-1.0,-1.0,-1
1.17171,1.17171,1.17171,1.17171,-1.0,-1.0,-1
1.17171,1.17175,1.171705,1.17171,-1.0,-1.0,-1
1.17171,1.17171,1.17169,1.17169,-1.0,-1.0,-1
1.17169,1.17169,1.17169,1.17169,-1.0,-1.0,-1
1.17169,1.17169,1.17169,1.17169,-1.0,-1.0,-1
1.17169,1.171695,1.17169,1.171695,-1.0,-1.0,-1
1.171695,1.17171,1.171675,1.171695,-1.0,-1.0,-1
1.171695,1.171695,1.171695,1.171695,-1.0,-1.0,-1
1.171695,1.171695,1.171695,1.171695,-1.0,-1.0,-1
1.171695,1.171705,1.171695,1.1717,-1.0,-1.0,-1
1.1717,1.1717,1.171695,1.1717,-1.0,-1.0,-1
1.1717,1.1717,1.1717,1.1717,-1.0,-1.0,-1
1.1717,1.17174,1.1717,1.17174,-1.0,-1.0,-1
1.17174,1.17174,1.171735,1.17174,-1.0,-1.0,-1
1.17174,1.171745,1.17174,1.171745,-1.0,-1.0,-1
1.171745,1.171745,1.171745,1.171745,-1.0,-1.0,-1
1.171745,1.171745,1.171745,1.171745,-1.0,-1.0,-1
1.171745,1.171745,1.171745,1.171745,-1.0,-1.0,-1
1.171745,1.171745,1.171745,1.171745,-1.0,-1.0,-1
1.171745,1.17175,1.171745,1.17175,-1.0,-1.0,-1
1.17175,1.17175,1.171735,1.171745,-1.0,-1.0,-1
1.171745,1.17175,1.17174,1.17175,-1.0,-1.0,-1
1.17175,1.17175,1.17174,1.17174,-1.0,-1.0,-1
1.17174,1.17175,1.17174,1.17175,-1.0,-1.0,-1
1.17175,1.17175,1.17175,1.17175,-1.0,-1.0,-1
1.17175,1.17175,1.171745,1.171745,-1.0,-1.0,-1
1.171745,1.171745,1.171745,1.171745,-1.0,-1.0,-1
1.171745,1.17175,1.171745,1.171745,-1.0,-1.0,-1
1.171745,1.171755,1.171745,1.17175,-1.0,-1.0,-1
1.17175,1.17175,1.17175,1.17175,-1.0,-1.0,-1
1.17175,1.17175,1.17175,1.17175,-1.0,-1.0,-1
1.17175,1.17175,1.17175,1.17175,-1.0,-1.0,-1
1.17175,1.17175,1.17175,1.17175,-1.0,-1.0,-1
1.17175,1.171765,1.171745,1.17175,-1.0,-1.0,-1
1.17175,1.171755,1.17175,1.17175,-1.0,-1.0,-1
1.17175,1.17175,1.171735,1.17175,-1.0,-1.0,-1
1.17175,1.17175,1.17174,1.17174,-1.0,-1.0,-1
1.17174,1.171755,1.17174,1.17175,-1.0,-1.0,-1
1.17175,1.171755,1.171745,1.171745,-1.0,-1.0,-1
1.171745,1.17175,1.171745,1.17175,-1.0,-1.0,-1
1.17175,1.17175,1.17174,1.171745,-1.0,-1.0,-1
1.171745,1.171745,1.171745,1.171745,-1.0,-1.0,-1
1.171745,1.17175,1.171745,1.17175,-1.0,-1.0,-1
1.17175,1.17175,1.171745,1.17175,-1.0,-1.0,-1
1.17175,1.17175,1.17174,1.17174,-1.0,-1.0,-1
1.17174,1.17174,1.171725,1.17174,-1.0,-1.0,-1
1.17174,1.17174,1.17174,1.17174,-1.0,-1.0,-1
1.17174,1.17175,1.17174,1.171745,-1.0,-1.0,-1
1.171745,1.171745,1.171725,1.17174,-1.0,-1.0,-1
1.17174,1.17174,1.17167,1.1717,-1.0,-1.0,-1
1.1717,1.1717,1.17165,1.17165,-1.0,-1.0,-1
1.17165,1.17165,1.17165,1.17165,-1.0,-1.0,-1
1.17165,1.17165,1.17165,1.17165,-1.0,-1.0,-1
1.17165,1.17165,1.171625,1.171635,-1.0,-1.0,-1
1.171635,1.171655,1.171635,1.17165,-1.0,-1.0,-1
1.17165,1.17165,1.17165,1.17165,-1.0,-1.0,-1
1.17165,1.171695,1.17165,1.171695,-1.0,-1.0,-1
1.171695,1.17174,1.171695,1.1717,-1.0,-1.0,-1
1.1717,1.1717,1.1717,1.1717,-1.0,-1.0,-1
1.1717,1.171705,1.171645,1.171645,-1.0,-1.0,-1
1.171645,1.17165,1.171645,1.171645,-1.0,-1.0,-1
1.171645,1.171665,1.171645,1.171665,-1.0,-1.0,-1
1.171665,1.171695,1.17166,1.17169,-1.0,-1.0,-1
1.17169,1.171695,1.17169,1.171695,-1.0,-1.0,-1
1.171695,1.171695,1.171695,1.171695,-1.0,-1.0,-1
1.171695,1.17174,1.171695,1.17174,-1.0,-1.0,-1
1.17174,1.17174,1.171725,1.17174,-1.0,-1.0,-1
1.17174,1.17175,1.17174,1.17175,-1.0,-1.0,-1
1.17175,1.17175,1.17175,1.17175,-1.0,-1.0,-1
1.17175,1.17175,1.171745,1.17175,-1.0,-1.0,-1
1.17175,1.17175,1.171745,1.17175,-1.0,-1.0,-1
1.17175,1.17175,1.17174,1.17174,-1.0,-1.0,-1
1.17174,1.17174,1.171715,1.17174,-1.0,-1.0,-1
1.17174,1.17174,1.17174,1.17174,-1.0,-1.0,-1
1.17174,1.17174,1.17174,1.17174,-1.0,-1.0,-1
1.17174,1.17174,1.17174,1.17174,-1.0,-1.0,-1
1.17174,1.171745,1.17174,1.17174,-1.0,-1.0,-1
1.17174,1.171745,1.17174,1.171745,-1.0,-1.0,-1
1.171745,1.17175,1.171695,1.171695,-1.0,-1.0,-1
1.171695,1.171695,1.171695,1.171695,-1.0,-1.0,-1
1.171695,1.17171,1.171695,1.171695,-1.0,-1.0,-1
1.171695,1.171695,1.171695,1.171695,-1.0,-1.0,-1
1.171695,1.171695,1.171695,1.171695,-1.0,-1.0,-1
1.171695,1.171695,1.17166,1.171665,-1.0,-1.0,-1
1.171665,1.171685,1.171655,1.17168,-1.0,-1.0,-1
1.17168,1.171685,1.171675,1.17168,-1.0,-1.0,-1
1.17168,1.1717,1.171675,1.171695,-1.0,-1.0,-1
1.171695,1.171695,1.171675,1.17168,-1.0,-1.0,-1
1.17168,1.171685,1.171655,1.171685,-1.0,-1.0,-1
1.171685,1.171685,1.171685,1.171685,-1.0,-1.0,-1
1.171685,1.171685,1.171685,1.171685,-1.0,-1.0,-1
1.171685,1.171685,1.171625,1.17166,-1.0,-1.0,-1
1.17166,1.1717,1.17166,1.171685,-1.0,-1.0,-1
1.171685,1.171685,1.171685,1.171685,-1.0,-1.0,-1
1.171685,1.171685,1.171685,1.171685,-1.0,-1.0,-1
1.171685,1.171685,1.171685,1.171685,-1.0,-1.0,-1
1.171685,1.171685,1.17165,1.17165,-1.0,-1.0,-1
1.17165,1.17165,1.17163,1.17165,-1.0,-1.0,-1
1.17165,1.17169,1.17165,1.171685,-1.0,-1.0,-1
1.171685,1.171685,1.171685,1.171685,-1.0,-1.0,-1
1.171685,1.171685,1.171685,1.171685,-1.0,-1.0,-1
1.171685,1.171685,1.171685,1.171685,-1.0,-1.0,-1
1.171685,1.171695,1.171655,1.171655,-1.0,-1.0,-1
1.171655,1.171655,1.17165,1.17165,-1.0,-1.0,-1
1.17165,1.171655,1.17165,1.171655,-1.0,-1.0,-1
1.171655,1.171655,1.171655,1.171655,-1.0,-1.0,-1
1.171655,1.171655,1.171655,1.171655,-1.0,-1.0,-1
1.171655,1.171675,1.171655,1.17166,-1.0,-1.0,-1
1.17166,1.17169,1.17166,1.17169,-1.0,-1.0,-1
1.17169,1.17169,1.17169,1.17169,-1.0,-1.0,-1
1.17169,1.171715,1.17169,1.171715,-1.0,-1.0,-1
1.171715,1.17174,1.171715,1.17174,-1.0,-1.0,-1
1.17174,1.17174,1.17174,1.17174,-1.0,-1.0,-1
1.17174,1.17174,1.17174,1.17174,-1.0,-1.0,-1
1.17174,1.17174,1.171715,1.171715,-1.0,-1.0,-1
1.171715,1.171715,1.171695,1.171695,-1.0,-1.0,-1
1.171695,1.171695,1.171695,1.171695,-1.0,-1.0,-1
1.171695,1.171695,1.171695,1.171695,-1.0,-1.0,-1
1.171695,1.171695,1.171695,1.171695,-1.0,-1.0,-1
1.171695,1.171695,1.171695,1.171695,-1.0,-1.0,-1
1.171695,1.171705,1.17169,1.171705,-1.0,-1.0,-1
1.171705,1.171705,1.171705,1.171705,-1.0,-1.0,-1
1.171705,1.171705,1.171705,1.171705,-1.0,-1.0,-1
1.171705,1.17173,1.171705,1.171715,-1.0,-1.0,-1
1.171715,1.171715,1.171715,1.171715,-1.0,-1.0,-1
1.171715,1.171715,1.171715,1.171715,-1.0,-1.0,-1
1.171715,1.171715,1.171715,1.171715,-1.0,-1.0,-1
1.171715,1.171735,1.17171,1.171715,-1.0,-1.0,-1
1.171715,1.171725,1.1717,1.1717,-1.0,-1.0,-1
1.1717,1.1717,1.1717,1.1717,-1.0,-1.0,-1
1.1717,1.1717,1.171695,1.171695,-1.0,-1.0,-1
1.171695,1.171695,1.171695,1.171695,-1.0,-1.0,-1
1.171695,1.171705,1.171685,1.171695,-1.0,-1.0,-1
1.171695,1.171695,1.171685,1.171685,-1.0,-1.0,-1
1.171685,1.171685,1.171635,1.17165,-1.0,-1.0,-1
1.17165,1.17165,1.17165,1.17165,-1.0,-1.0,-1
1.17165,1.17165,1.17165,1.17165,-1.0,-1.0,-1
1.17165,1.17165,1.17165,1.17165,-1.0,-1.0,-1
1.17165,1.17165,1.17165,1.17165,-1.0,-1.0,-1
1.17165,1.17165,1.17165,1.17165,-1.0,-1.0,-1
1.17165,1.17165,1.17165,1.17165,-1.0,-1.0,-1
1.17165,1.17165,1.17165,1.17165,-1.0,-1.0,-1
1.17165,1.17165,1.17165,1.17165,-1.0,-1.0,-1
1.17165,1.171655,1.17165,1.171655,-1.0,-1.0,-1
1.171655,1.171655,1.171655,1.171655,-1.0,-1.0,-1
1.171655,1.171655,1.17165,1.17165,-1.0,-1.0,-1
1.17165,1.171655,1.171645,1.171655,-1.0,-1.0,-1
1.171655,1.171655,1.17165,1.17165,-1.0,-1.0,-1
1.17165,1.17165,1.17165,1.17165,-1.0,-1.0,-1
1.17165,1.17165,1.17165,1.17165,-1.0,-1.0,-1
1.17165,1.17165,1.17165,1.17165,-1.0,-1.0,-1
1.17165,1.17165,1.17165,1.17165,-1.0,-1.0,-1
1.17165,1.17165,1.17165,1.17165,-1.0,-1.0,-1
1.17165,1.17165,1.171645,1.171645,-1.0,-1.0,-1
1.171645,1.17165,1.171645,1.171645,-1.0,-1.0,-1
1.171645,1.171645,1.171595,1.171595,-1.0,-1.0,-1
1.171595,1.1716,1.171585,1.171595,-1.0,-1.0,-1
1.171595,1.171595,1.17157,1.171575,-1.0,-1.0,-1
1.171575,1.171575,1.17156,1.17156,-1.0,-1.0,-1
1.17156,1.17156,1.17154,1.17154,-1.0,-1.0,-1
1.17154,1.171555,1.17154,1.171545,-1.0,-1.0,-1
1.171545,1.17156,1.17154,1.17155,-1.0,-1.0,-1
1.17155,1.171555,1.171545,1.171545,-1.0,-1.0,-1
1.171545,1.17157,1.171545,1.17157,-1.0,-1.0,-1
1.17157,1.17157,1.171565,1.17157,-1.0,-1.0,-1
1.17157,1.17157,1.17153,1.17153,-1.0,-1.0,-1
1.17153,1.171535,1.171525,1.17153,-1.0,-1.0,-1
1.17153,1.17153,1.17144,1.171455,-1.0,-1.0,-1
1.171455,1.171475,1.171455,1.171475,-1.0,-1.0,-1
1.171475,1.17148,1.17146,1.17146,-1.0,-1.0,-1
1.17146,1.17147,1.171455,1.171455,-1.0,-1.0,-1
1.171455,1.17147,1.171445,1.17145,-1.0,-1.0,-1
1.17145,1.171465,1.171435,1.171445,-1.0,-1.0,-1
1.171445,1.17146,1.171445,1.17145,-1.0,-1.0,-1
1.17145,1.17145,1.17145,1.17145,-1.0,-1.0,-1
1.17145,1.17145,1.17145,1.17145,-1.0,-1.0,-1
1.17145,1.17148,1.17145,1.17148,-1.0,-1.0,-1
1.17148,1.171485,1.17148,1.171485,-1.0,-1.0,-1
1.171485,1.171505,1.171485,1.171505,-1.0,-1.0,-1
1.171505,1.171515,1.171495,1.171515,-1.0,-1.0,-1
1.171515,1.17155,1.171515,1.171545,-1.0,-1.0,-1
1.171545,1.17155,1.171535,1.17154,-1.0,-1.0,-1
1.17154,1.17154,1.171535,1.171535,-1.0,-1.0,-1
1.171535,1.171535,1.171535,1.171535,-1.0,-1.0,-1
1.171535,1.17155,1.171535,1.171545,-1.0,-1.0,-1
1.171545,1.17155,1.17153,1.17153,-1.0,-1.0,-1
1.17153,1.17155,1.17153,1.171545,-1.0,-1.0,-1
1.171545,1.171565,1.171545,1.171565,-1.0,-1.0,-1
1.171565,1.171565,1.171565,1.171565,-1.0,-1.0,-1
1.171565,1.171595,1.171565,1.171585,-1.0,-1.0,-1
1.171585,1.171585,1.17157,1.17157,-1.0,-1.0,-1
1.17157,1.17157,1.171565,1.171565,-1.0,-1.0,-1
1.171565,1.171565,1.171565,1.171565,-1.0,-1.0,-1
1.171565,1.171565,1.17155,1.171555,-1.0,-1.0,-1
1.171555,1.17156,1.17155,1.17155,-1.0,-1.0,-1
1.17155,1.17156,1.17155,1.171555,-1.0,-1.0,-1
1.171555,1.17156,1.17155,1.171555,-1.0,-1.0,-1
1.171555,1.17156,1.17155,1.17155,-1.0,-1.0,-1
1.17155,1.171555,1.17155,1.17155,-1.0,-1.0,-1
1.17155,1.171555,1.17154,1.17154,-1.0,-1.0,-1
1.17154,1.17155,1.17154,1.171545,-1.0,-1.0,-1
1.171545,1.17155,1.171535,1.17154,-1.0,-1.0,-1
1.17154,1.17154,1.17154,1.17154,-1.0,-1.0,-1
1.17154,1.17154,1.171515,1.171515,-1.0,-1.0,-1
1.171515,1.171515,1.17151,1.17151,-1.0,-1.0,-1
1.17151,1.171535,1.17151,1.171515,-1.0,-1.0,-1
1.171515,1.171535,1.171515,1.171535,-1.0,-1.0,-1
1.171535,1.17154,1.17153,1.17154,-1.0,-1.0,-1
1.17154,1.17154,1.17153,1.17153,-1.0,-1.0,-1
1.17153,1.17153,1.17153,1.17153,-1.0,-1.0,-1
1.17153,1.17153,1.17153,1.17153,-1.0,-1.0,-1
1.17153,1.17153,1.17153,1.17153,-1.0,-1.0,-1
1.17153,1.17153,1.17153,1.17153,-1.0,-1.0,-1
1.17153,1.171535,1.17153,1.17153,-1.0,-1.0,-1
1.17153,1.171535,1.17153,1.17153,-1.0,-1.0,-1
1.17153,1.17153,1.17153,1.17153,-1.0,-1.0,-1
1.17153,1.17153,1.17153,1.17153,-1.0,-1.0,-1
1.17153,1.17153,1.17152,1.171525,-1.0,-1.0,-1
1.171525,1.171525,1.17152,1.17152,-1.0,-1.0,-1
1.17152,1.17152,1.17152,1.17152,-1.0,-1.0,-1
1.17152,1.17152,1.17151,1.17152,-1.0,-1.0,-1
1.17152,1.17152,1.17152,1.17152,-1.0,-1.0,-1
1.17152,1.17152,1.17152,1.17152,-1.0,-1.0,-1
1.17152,1.171525,1.17152,1.17152,-1.0,-1.0,-1
1.17152,1.17152,1.17152,1.17152,-1.0,-1.0,-1
1.17152,1.17152,1.17152,1.17152,-1.0,-1.0,-1
1.17152,1.17152,1.17152,1.17152,-1.0,-1.0,-1
1.17152,1.171525,1.17152,1.17152,-1.0,-1.0,-1
1.17152,1.17152,1.17152,1.17152,-1.0,-1.0,-1
1.17152,1.171535,1.17152,1.17153,-1.0,-1.0,-1
1.17153,1.17153,1.17153,1.17153,-1.0,-1.0,-1
1.17153,1.17153,1.17149,1.17151,-1.0,-1.0,-1
1.17151,1.171535,1.17149,1.17151,-1.0,-1.0,-1
1.17151,1.17151,1.171485,1.171495,-1.0,-1.0,-1
1.171495,1.171495,1.171435,1.17144,-1.0,-1.0,-1
1.17144,1.17144,1.171435,1.171435,-1.0,-1.0,-1
1.171435,1.171435,1.17143,1.17143,-1.0,-1.0,-1
1.17143,1.17143,1.17142,1.17142,-1.0,-1.0,-1
1.17142,1.17142,1.171405,1.171415,-1.0,-1.0,-1
1.171415,1.17142,1.17141,1.17142,-1.0,-1.0,-1
1.17142,1.17142,1.1714,1.17142,-1.0,-1.0,-1
1.17142,1.17143,1.17141,1.171415,-1.0,-1.0,-1
1.171415,1.171415,1.17139,1.17139,-1.0,-1.0,-1
1.17139,1.17139,1.17139,1.17139,-1.0,-1.0,-1
1.17139,1.17139,1.17139,1.17139,-1.0,-1.0,-1
1.17139,1.17139,1.17139,1.17139,-1.0,-1.0,-1
1.17139,1.17139,1.171355,1.17136,-1.0,-1.0,-1
1.17136,1.17136,1.171315,1.171315,-1.0,-1.0,-1
1.171315,1.17133,1.171315,1.171315,-1.0,-1.0,-1
1.171315,1.17133,1.1713,1.1713,-1.0,-1.0,-1
1.1713,1.1713,1.17127,1.17127,-1.0,-1.0,-1
1.17127,1.17131,1.17127,1.17131,-1.0,-1.0,-1
1.17131,1.171315,1.17131,1.171315,-1.0,-1.0,-1
1.171315,1.171335,1.171315,1.17133,-1.0,-1.0,-1
1.17133,1.17133,1.17132,1.17133,-1.0,-1.0,-1
1.17133,1.171355,1.17131,1.17134,-1.0,-1.0,-1
1.17134,1.17135,1.17134,1.171345,-1.0,-1.0,-1
1.171345,1.171365,1.171345,1.17136,-1.0,-1.0,-1
1.17136,1.171365,1.171355,1.171365,-1.0,-1.0,-1
1.171365,1.17139,1.17136,1.17138,-1.0,-1.0,-1
1.17138,1.17139,1.17138,1.17139,-1.0,-1.0,-1
1.17139,1.17139,1.17139,1.17139,-1.0,-1.0,-1
1.17139,1.17139,1.17139,1.17139,-1.0,-1.0,-1
1.17139,1.17139,1.17136,1.171365,-1.0,-1.0,-1
1.171365,1.171365,1.171355,1.17136,-1.0,-1.0,-1
1.17136,1.171385,1.17134,1.171385,-1.0,-1.0,-1
1.171385,1.17139,1.171375,1.171385,-1.0,-1.0,-1
1.171385,1.17139,1.171385,1.17139,-1.0,-1.0,-1
1.17139,1.1714,1.17139,1.171395,-1.0,-1.0,-1
1.171395,1.171395,1.17139,1.17139,-1.0,-1.0,-1
1.17139,1.17139,1.17139,1.17139,-1.0,-1.0,-1
1.17139,1.17139,1.171375,1.17139,-1.0,-1.0,-1
1.17139,1.17139,1.171335,1.171365,-1.0,-1.0,-1
1.171365,1.171365,1.17136,1.171365,-1.0,-1.0,-1
1.171365,1.171375,1.171365,1.171365,-1.0,-1.0,-1
1.171365,1.171365,1.17134,1.171345,-1.0,-1.0,-1
1.171345,1.17136,1.171345,1.171345,-1.0,-1.0,-1
1.171345,1.171375,1.17134,1.17137,-1.0,-1.0,-1
1.17137,1.17139,1.17136,1.17136,-1.0,-1.0,-1
1.17136,1.171365,1.17136,1.171365,-1.0,-1.0,-1
1.171365,1.171365,1.171335,1.171345,-1.0,-1.0,-1
1.171345,1.171355,1.17134,1.171345,-1.0,-1.0,-1
1.171345,1.17135,1.17134,1.17134,-1.0,-1.0,-1
1.17134,1.171345,1.171335,1.171345,-1.0,-1.0,-1
1.171345,1.17138,1.171345,1.17136,-1.0,-1.0,-1
1.17136,1.171365,1.17135,1.171365,-1.0,-1.0,-1
1.171365,1.171375,1.171365,1.17137,-1.0,-1.0,-1
1.17137,1.171395,1.17134,1.17139,-1.0,-1.0,-1
1.17139,1.171405,1.17139,1.171395,-1.0,-1.0,-1
1.171395,1.1714,1.171395,1.1714,-1.0,-1.0,-1
1.1714,1.1714,1.17139,1.17139,-1.0,-1.0,-1
1.17139,1.17139,1.171385,1.171385,-1.0,-1.0,-1
1.171385,1.17139,1.171385,1.171385,-1.0,-1.0,-1
1.171385,1.17139,1.171385,1.17139,-1.0,-1.0,-1
1.17139,1.171395,1.17139,1.171395,-1.0,-1.0,-1
1.171395,1.171395,1.17139,1.17139,-1.0,-1.0,-1
1.17139,1.171395,1.17139,1.17139,-1.0,-1.0,-1
1.17139,1.171445,1.17139,1.171445,-1.0,-1.0,-1
1.171445,1.171485,1.171445,1.171485,-1.0,-1.0,-1
1.171485,1.17151,1.171485,1.171495,-1.0,-1.0,-1
1.171495,1.171495,1.17148,1.171485,-1.0,-1.0,-1
1.171485,1.1715,1.171485,1.1715,-1.0,-1.0,-1
1.1715,1.1715,1.17149,1.171495,-1.0,-1.0,-1
1.171495,1.171515,1.17149,1.171515,-1.0,-1.0,-1
1.171515,1.17152,1.1715,1.17152,-1.0,-1.0,-1
1.17152,1.17152,1.17151,1.171515,-1.0,-1.0,-1
1.171515,1.17152,1.171515,1.171515,-1.0,-1.0,-1
1.171515,1.17152,1.171515,1.171515,-1.0,-1.0,-1
1.171515,1.171515,1.171445,1.17147,-1.0,-1.0,-1
1.17147,1.17147,1.171445,1.171445,-1.0,-1.0,-1
1.171445,1.17146,1.171445,1.171445,-1.0,-1.0,-1
1.171445,1.171445,1.171445,1.171445,-1.0,-1.0,-1
1.171445,1.171445,1.171445,1.171445,-1.0,-1.0,-1
1.171445,1.17147,1.171445,1.171465,-1.0,-1.0,-1
1.171465,1.17147,1.17144,1.171445,-1.0,-1.0,-1
1.171445,1.17147,1.171445,1.171465,-1.0,-1.0,-1
1.171465,1.17147,1.17145,1.17145,-1.0,-1.0,-1
1.17145,1.171465,1.171445,1.171445,-1.0,-1.0,-1
1.171445,1.17146,1.171445,1.17145,-1.0,-1.0,-1
1.17145,1.17147,1.17145,1.171465,-1.0,-1.0,-1
1.171465,1.17147,1.17146,1.171465,-1.0,-1.0,-1
1.171465,1.17147,1.171465,1.171465,-1.0,-1.0,-1
1.171465,1.17148,1.171465,1.17148,-1.0,-1.0,-1
1.17148,1.17148,1.17148,1.17148,-1.0,-1.0,-1
1.17148,1.17148,1.17148,1.17148,-1.0,-1.0,-1
1.17148,1.17148,1.171475,1.17148,-1.0,-1.0,-1
1.17148,1.17148,1.17148,1.17148,-1.0,-1.0,-1
1.17148,1.171485,1.17148,1.171485,-1.0,-1.0,-1
1.171485,1.171485,1.171475,1.171485,-1.0,-1.0,-1
1.171485,1.171485,1.17148,1.17148,-1.0,-1.0,-1
1.17148,1.171485,1.17148,1.171485,-1.0,-1.0,-1
1.171485,1.171535,1.17148,1.171535,-1.0,-1.0,-1
1.171535,1.171535,1.171515,1.171515,-1.0,-1.0,-1
1.171515,1.171525,1.171515,1.171525,-1.0,-1.0,-1
1.171525,1.171535,1.171515,1.171515,-1.0,-1.0,-1
1.171515,1.171515,1.1715,1.171505,-1.0,-1.0,-1
1.171505,1.171505,1.171485,1.171495,-1.0,-1.0,-1
1.171495,1.171525,1.171485,1.171515,-1.0,-1.0,-1
1.171515,1.171525,1.171515,1.171515,-1.0,-1.0,-1
1.171515,1.171525,1.17149,1.171495,-1.0,-1.0,-1
1.171495,1.171495,1.17148,1.17148,-1.0,-1.0,-1
1.17148,1.171495,1.17148,1.171495,-1.0,-1.0,-1
1.171495,1.171495,1.171485,1.171485,-1.0,-1.0,-1
1.171485,1.171495,1.171485,1.171495,-1.0,-1.0,-1
1.171495,1.171495,1.171475,1.171475,-1.0,-1.0,-1
1.171475,1.17148,1.171465,1.171465,-1.0,-1.0,-1
1.171465,1.17147,1.171465,1.171465,-1.0,-1.0,-1
1.171465,1.17147,1.171465,1.171465,-1.0,-1.0,-1
1.171465,1.17147,1.171465,1.171465,-1.0,-1.0,-1
1.171465,1.17147,1.17146,1.171465,-1.0,-1.0,-1
1.171465,1.17148,1.171465,1.17148,-1.0,-1.0,-1
1.17148,1.171485,1.17148,1.171485,-1.0,-1.0,-1
1.171485,1.171495,1.171485,1.171495,-1.0,-1.0,-1
1.171495,1.171495,1.17148,1.171485,-1.0,-1.0,-1
1.171485,1.171495,1.171465,1.171465,-1.0,-1.0,-1
1.171465,1.17147,1.171435,1.171435,-1.0,-1.0,-1
1.171435,1.171445,1.171435,1.171445,-1.0,-1.0,-1
1.171445,1.171445,1.171435,1.171435,-1.0,-1.0,-1
1.171435,1.171445,1.171425,1.171445,-1.0,-1.0,-1
1.171445,1.171445,1.171435,1.171445,-1.0,-1.0,-1
1.171445,1.171445,1.171435,1.171445,-1.0,-1.0,-1
1.171445,1.17146,1.17144,1.171445,-1.0,-1.0,-1
1.171445,1.17146,1.17144,1.17145,-1.0,-1.0,-1
1.17145,1.171465,1.17145,1.17146,-1.0,-1.0,-1
1.17146,1.171475,1.17146,1.171475,-1.0,-1.0,-1
1.171475,1.171475,1.171465,1.171465,-1.0,-1.0,-1
1.171465,1.17147,1.171465,1.171465,-1.0,-1.0,-1
1.171465,1.17147,1.17146,1.171465,-1.0,-1.0,-1
1.171465,1.17147,1.171465,1.171465,-1.0,-1.0,-1
1.171465,1.17147,1.17144,1.17144,-1.0,-1.0,-1
1.17144,1.17145,1.17144,1.17145,-1.0,-1.0,-1
1.17145,1.17145,1.17143,1.17143,-1.0,-1.0,-1
1.17143,1.171435,1.17143,1.171435,-1.0,-1.0,-1
1.171435,1.17144,1.171375,1.171385,-1.0,-1.0,-1
1.171385,1.17139,1.171375,1.171375,-1.0,-1.0,-1
1.171375,1.171395,1.171375,1.171395,-1.0,-1.0,-1
1.171395,1.171395,1.171395,1.171395,-1.0,-1.0,-1
1.171395,1.171395,1.171395,1.171395,-1.0,-1.0,-1
1.171395,1.171405,1.17139,1.171395,-1.0,-1.0,-1
1.171395,1.17141,1.171395,1.1714,-1.0,-1.0,-1
1.1714,1.171405,1.171395,1.1714,-1.0,-1.0,-1
1.1714,1.17142,1.17139,1.171395,-1.0,-1.0,-1
1.171395,1.171395,1.17139,1.17139,-1.0,-1.0,-1
1.17139,1.171395,1.17139,1.171395,-1.0,-1.0,-1
1.171395,1.171395,1.17139,1.171395,-1.0,-1.0,-1
1.171395,1.171395,1.171395,1.171395,-1.0,-1.0,-1
1.171395,1.171395,1.171395,1.171395,-1.0,-1.0,-1
1.171395,1.171395,1.171375,1.17139,-1.0,-1.0,-1
1.17139,1.17139,1.17139,1.17139,-1.0,-1.0,-1
1.17139,1.17139,1.171385,1.17139,-1.0,-1.0,-1
1.17139,1.17139,1.171385,1.17139,-1.0,-1.0,-1
1.17139,1.17139,1.171375,1.17139,-1.0,-1.0,-1
1.17139,1.17139,1.17139,1.17139,-1.0,-1.0,-1
1.17139,1.17139,1.17139,1.17139,-1.0,-1.0,-1
1.17139,1.17139,1.17139,1.17139,-1.0,-1.0,-1
1.17139,1.17139,1.17139,1.17139,-1.0,-1.0,-1
1.17139,1.17139,1.17139,1.17139,-1.0,-1.0,-1
1.17139,1.171395,1.17139,1.171395,-1.0,-1.0,-1
1.171395,1.1714,1.171395,1.171395,-1.0,-1.0,-1
1.171395,1.171395,1.171395,1.171395,-1.0,-1.0,-1
1.171395,1.171395,1.171395,1.171395,-1.0,-1.0,-1
1.171395,1.17143,1.171395,1.171425,-1.0,-1.0,-1
1.171425,1.171445,1.171425,1.171445,-1.0,-1.0,-1
1.171445,1.171445,1.17144,1.17144,-1.0,-1.0,-1
1.17144,1.17144,1.17144,1.17144,-1.0,-1.0,-1
1.17144,1.171465,1.171435,1.171435,-1.0,-1.0,-1
1.171435,1.171435,1.171425,1.171425,-1.0,-1.0,-1
1.171425,1.171435,1.171425,1.171435,-1.0,-1.0,-1
1.171435,1.171435,1.171435,1.171435,-1.0,-1.0,-1
1.171435,1.171435,1.17139,1.17139,-1.0,-1.0,-1
1.17139,1.17139,1.17139,1.17139,-1.0,-1.0,-1
1.17139,1.17139,1.17139,1.17139,-1.0,-1.0,-1
1.17139,1.17139,1.17139,1.17139,-1.0,-1.0,-1
1.17139,1.1714,1.17139,1.171395,-1.0,-1.0,-1
1.171395,1.171395,1.171395,1.171395,-1.0,-1.0,-1
1.171395,1.171395,1.17139,1.17139,-1.0,-1.0,-1
1.17139,1.171395,1.17139,1.171395,-1.0,-1.0,-1
1.171395,1.171395,1.17139,1.171395,-1.0,-1.0,-1
1.171395,1.171395,1.17139,1.17139,-1.0,-1.0,-1
1.17139,1.17139,1.171355,1.171385,-1.0,-1.0,-1
1.171385,1.171395,1.171385,1.171395,-1.0,-1.0,-1
1.171395,1.171395,1.171395,1.171395,-1.0,-1.0,-1
1.171395,1.171395,1.17139,1.17139,-1.0,-1.0,-1
1.17139,1.17139,1.171375,1.171375,-1.0,-1.0,-1
1.171375,1.17139,1.171365,1.17139,-1.0,-1.0,-1
1.17139,1.17139,1.17139,1.17139,-1.0,-1.0,-1
1.17139,1.17139,1.171355,1.171355,-1.0,-1.0,-1
1.171355,1.171355,1.171355,1.171355,-1.0,-1.0,-1
1.171355,1.171355,1.17135,1.17135,-1.0,-1.0,-1
1.17135,1.171365,1.17135,1.171365,-1.0,-1.0,-1
1.171365,1.171375,1.17136,1.17136,-1.0,-1.0,-1
1.17136,1.171365,1.17136,1.17136,-1.0,-1.0,-1
1.17136,1.17136,1.17135,1.17135,-1.0,-1.0,-1
1.17135,1.17135,1.17134,1.17134,-1.0,-1.0,-1
1.17134,1.171345,1.17134,1.17134,-1.0,-1.0,-1
1.17134,1.17134,1.17134,1.17134,-1.0,-1.0,-1
1.17134,1.17134,1.171325,1.171335,-1.0,-1.0,-1
1.171335,1.17134,1.171335,1.171335,-1.0,-1.0,-1
1.171335,1.171335,1.171335,1.171335,-1.0,-1.0,-1
1.171335,1.17135,1.171335,1.17134,-1.0,-1.0,-1
1.17134,1.171375,1.17134,1.171365,-1.0,-1.0,-1
1.171365,1.171365,1.17136,1.17136,-1.0,-1.0,-1
1.17136,1.17136,1.171325,1.17134,-1.0,-1.0,-1
1.17134,1.17134,1.1713,1.17131,-1.0,-1.0,-1
1.17131,1.17131,1.171295,1.171295,-1.0,-1.0,-1
1.171295,1.1713,1.171295,1.171295,-1.0,-1.0,-1
1.171295,1.171295,1.17128,1.171295,-1.0,-1.0,-1
1.171295,1.171295,1.171295,1.171295,-1.0,-1.0,-1
1.171295,1.1713,1.171295,1.1713,-1.0,-1.0,-1
1.1713,1.1713,1.1713,1.1713,-1.0,-1.0,-1
1.1713,1.1713,1.171295,1.171295,-1.0,-1.0,-1
1.171295,1.171295,1.17128,1.17128,-1.0,-1.0,-1
1.17128,1.171285,1.171275,1.17128,-1.0,-1.0,-1
1.17128,1.17129,1.17128,1.17128,-1.0,-1.0,-1
1.17128,1.171295,1.17128,1.171295,-1.0,-1.0,-1
1.171295,1.171295,1.171295,1.171295,-1.0,-1.0,-1
1.171295,1.171295,1.171295,1.171295,-1.0,-1.0,-1
1.171295,1.1713,1.171295,1.1713,-1.0,-1.0,-1
1.1713,1.17133,1.171295,1.171295,-1.0,-1.0,-1
1.171295,1.1713,1.171295,1.1713,-1.0,-1.0,-1
1.1713,1.1713,1.171295,1.171295,-1.0,-1.0,-1
1.171295,1.1713,1.171295,1.1713,-1.0,-1.0,-1
1.1713,1.1713,1.171265,1.171265,-1.0,-1.0,-1
1.171265,1.171265,1.17123,1.171235,-1.0,-1.0,-1
1.171235,1.171245,1.17123,1.171245,-1.0,-1.0,-1
1.171245,1.17125,1.171245,1.17125,-1.0,-1.0,-1
1.17125,1.17125,1.171205,1.17121,-1.0,-1.0,-1
1.17121,1.17121,1.17118,1.17118,-1.0,-1.0,-1
1.17118,1.17119,1.17118,1.17119,-1.0,-1.0,-1
1.17119,1.17119,1.17118,1.17118,-1.0,-1.0,-1
1.17118,1.17119,1.171165,1.17117,-1.0,-1.0,-1
1.17117,1.1712,1.17117,1.17118,-1.0,-1.0,-1
1.17118,1.17119,1.17118,1.17118,-1.0,-1.0,-1
1.17118,1.17119,1.171175,1.17119,-1.0,-1.0,-1
1.17119,1.17119,1.171185,1.171185,-1.0,-1.0,-1
1.171185,1.1712,1.171185,1.17119,-1.0,-1.0,-1
1.17119,1.171215,1.17119,1.171215,-1.0,-1.0,-1
1.171215,1.171215,1.17121,1.171215,-1.0,-1.0,-1
1.171215,1.171215,1.171215,1.171215,-1.0,-1.0,-1
1.171215,1.171235,1.17119,1.17119,-1.0,-1.0,-1
1.17119,1.1712,1.171175,1.171175,-1.0,-1.0,-1
1.171175,1.17118,1.171175,1.17118,-1.0,-1.0,-1
1.17118,1.171185,1.171175,1.17118,-1.0,-1.0,-1
1.17118,1.171185,1.171175,1.171185,-1.0,-1.0,-1
1.171185,1.17121,1.171185,1.17121,-1.0,-1.0,-1
1.17121,1.17122,1.171205,1.17122,-1.0,-1.0,-1
1.17122,1.171225,1.17122,1.17122,-1.0,-1.0,-1
1.17122,1.17126,1.17122,1.17124,-1.0,-1.0,-1
1.17124,1.17125,1.17123,1.171245,-1.0,-1.0,-1
1.171245,1.171245,1.17122,1.17122,-1.0,-1.0,-1
1.17122,1.171235,1.17122,1.171225,-1.0,-1.0,-1
1.171225,1.171235,1.17122,1.171225,-1.0,-1.0,-1
1.171225,1.171225,1.17122,1.171225,-1.0,-1.0,-1
1.171225,1.171235,1.17122,1.171235,-1.0,-1.0,-1
1.171235,1.17125,1.17123,1.171235,-1.0,-1.0,-1
1.171235,1.171235,1.17123,1.171235,-1.0,-1.0,-1
1.171235,1.171235,1.17123,1.171235,-1.0,-1.0,-1
1.171235,1.17124,1.17122,1.17124,-1.0,-1.0,-1
1.17124,1.17124,1.17122,1.171235,-1.0,-1.0,-1
1.171235,1.171235,1.17122,1.171235,-1.0,-1.0,-1
1.171235,1.171235,1.17123,1.171235,-1.0,-1.0,-1
1.171235,1.171235,1.17123,1.171235,-1.0,-1.0,-1
1.171235,1.171235,1.171225,1.171235,-1.0,-1.0,-1
1.171235,1.171245,1.17122,1.171245,-1.0,-1.0,-1
1.171245,1.171245,1.17123,1.171235,-1.0,-1.0,-1
1.171235,1.171255,1.17123,1.171245,-1.0,-1.0,-1
1.171245,1.17129,1.171245,1.171275,-1.0,-1.0,-1
1.171275,1.17129,1.171275,1.171275,-1.0,-1.0,-1
1.171275,1.17129,1.171275,1.171275,-1.0,-1.0,-1
1.171275,1.1713,1.171275,1.171285,-1.0,-1.0,-1
1.171285,1.1713,1.171285,1.171285,-1.0,-1.0,-1
1.171285,1.17129,1.171285,1.171285,-1.0,-1.0,-1
1.171285,1.17129,1.171285,1.171285,-1.0,-1.0,-1
1.171285,1.17129,1.171285,1.171285,-1.0,-1.0,-1
1.171285,1.17129,1.17128,1.17128,-1.0,-1.0,-1
1.17128,1.171305,1.17128,1.1713,-1.0,-1.0,-1
1.1713,1.1713,1.17128,1.171285,-1.0,-1.0,-1
1.171285,1.17129,1.17127,1.171275,-1.0,-1.0,-1
1.171275,1.171275,1.171255,1.171255,-1.0,-1.0,-1
1.171255,1.171275,1.171255,1.171275,-1.0,-1.0,-1
1.171275,1.171275,1.171275,1.171275,-1.0,-1.0,-1
1.171275,1.171275,1.171275,1.171275,-1.0,-1.0,-1
1.171275,1.17129,1.171275,1.171285,-1.0,-1.0,-1
1.171285,1.17129,1.171275,1.171275,-1.0,-1.0,-1
1.171275,1.171275,1.171275,1.171275,-1.0,-1.0,-1
1.171275,1.171275,1.171275,1.171275,-1.0,-1.0,-1
1.171275,1.171275,1.171275,1.171275,-1.0,-1.0,-1
1.171275,1.171275,1.171275,1.171275,-1.0,-1.0,-1
1.171275,1.171275,1.171275,1.171275,-1.0,-1.0,-1
1.171275,1.17129,1.171275,1.171285,-1.0,-1.0,-1
1.171285,1.171325,1.171285,1.171325,-1.0,-1.0,-1
1.171325,1.171325,1.171305,1.171305,-1.0,-1.0,-1
1.171305,1.171335,1.171305,1.171335,-1.0,-1.0,-1
1.171335,1.171335,1.171335,1.171335,-1.0,-1.0,-1
1.171335,1.171345,1.171335,1.171335,-1.0,-1.0,-1
1.171335,1.171345,1.171335,1.171335,-1.0,-1.0,-1
1.171335,1.171345,1.171335,1.171335,-1.0,-1.0,-1
1.171335,1.171345,1.171335,1.171345,-1.0,-1.0,-1
1.171345,1.17135,1.17132,1.171325,-1.0,-1.0,-1
1.171325,1.171325,1.171305,1.171305,-1.0,-1.0,-1
1.171305,1.171305,1.1713,1.1713,-1.0,-1.0,-1
1.1713,1.1713,1.1713,1.1713,-1.0,-1.0,-1
1.1713,1.1713,1.171285,1.171285,-1.0,-1.0,-1
1.171285,1.17129,1.171285,1.171285,-1.0,-1.0,-1
1.171285,1.17129,1.171285,1.171285,-1.0,-1.0,-1
1.171285,1.17129,1.171285,1.171285,-1.0,-1.0,-1
1.171285,1.17129,1.171285,1.171285,-1.0,-1.0,-1
1.171285,1.17129,1.171285,1.171285,-1.0,-1.0,-1
1.171285,1.17129,1.171285,1.171285,-1.0,-1.0,-1
1.171285,1.17129,1.171285,1.171285,-1.0,-1.0,-1
1.171285,1.1713,1.171285,1.1713,-1.0,-1.0,-1
1.1713,1.1713,1.1713,1.1713,-1.0,-1.0,-1
1.1713,1.1713,1.1713,1.1713,-1.0,-1.0,-1
1.1713,1.171305,1.1713,1.171305,-1.0,-1.0,-1
1.171305,1.171305,1.1713,1.1713,-1.0,-1.0,-1
1.1713,1.1713,1.1713,1.1713,-1.0,-1.0,-1
1.1713,1.1713,1.1713,1.1713,-1.0,-1.0,-1
1.1713,1.17131,1.1713,1.171305,-1.0,-1.0,-1
1.171305,1.171305,1.1713,1.171305,-1.0,-1.0,-1
1.171305,1.171305,1.171305,1.171305,-1.0,-1.0,-1
1.171305,1.171305,1.171305,1.171305,-1.0,-1.0,-1
1.171305,1.171305,1.171305,1.171305,-1.0,-1.0,-1
1.171305,1.171305,1.1713,1.1713,-1.0,-1.0,-1
1.1713,1.171315,1.1713,1.171315,-1.0,-1.0,-1
1.171315,1.171315,1.171315,1.171315,-1.0,-1.0,-1
1.171315,1.171315,1.171315,1.171315,-1.0,-1.0,-1
1.171315,1.171325,1.171275,1.171275,-1.0,-1.0,-1
1.171275,1.171285,1.17127,1.171275,-1.0,-1.0,-1
1.171275,1.171285,1.171275,1.17128,-1.0,-1.0,-1
1.17128,1.171295,1.17128,1.171295,-1.0,-1.0,-1
1.171295,1.171305,1.171295,1.171305,-1.0,-1.0,-1
1.171305,1.171305,1.171305,1.171305,-1.0,-1.0,-1
1.171305,1.171305,1.171305,1.171305,-1.0,-1.0,-1
1.171305,1.171305,1.171305,1.171305,-1.0,-1.0,-1
1.171305,1.171305,1.1713,1.171305,-1.0,-1.0,-1
1.171305,1.171305,1.171285,1.171285,-1.0,-1.0,-1
1.171285,1.17129,1.171265,1.171265,-1.0,-1.0,-1
1.171265,1.171265,1.171265,1.171265,-1.0,-1.0,-1
1.171265,1.171265,1.17126,1.17126,-1.0,-1.0,-1
1.17126,1.17126,1.17126,1.17126,-1.0,-1.0,-1
1.17126,1.171335,1.17126,1.17133,-1.0,-1.0,-1
1.17133,1.17133,1.17131,1.171315,-1.0,-1.0,-1
1.171315,1.17132,1.17131,1.171315,-1.0,-1.0,-1
1.171315,1.171315,1.17131,1.171315,-1.0,-1.0,-1
1.171315,1.17133,1.171315,1.17132,-1.0,-1.0,-1
1.17132,1.17134,1.17132,1.17133,-1.0,-1.0,-1
1.17133,1.17133,1.171325,1.17133,-1.0,-1.0,-1
1.17133,1.17133,1.17131,1.17131,-1.0,-1.0,-1
1.17131,1.171315,1.17131,1.17131,-1.0,-1.0,-1
1.17131,1.171315,1.17131,1.171315,-1.0,-1.0,-1
1.171315,1.171335,1.171315,1.17133,-1.0,-1.0,-1
1.17133,1.17134,1.171325,1.17134,-1.0,-1.0,-1
1.17134,1.17134,1.171325,1.171335,-1.0,-1.0,-1
1.171335,1.171345,1.171325,1.171345,-1.0,-1.0,-1
1.171345,1.171345,1.171325,1.17133,-1.0,-1.0,-1
1.17133,1.17139,1.171325,1.17139,-1.0,-1.0,-1
1.17139,1.171395,1.171385,1.171385,-1.0,-1.0,-1
1.171385,1.171385,1.171385,1.171385,-1.0,-1.0,-1
1.171385,1.17139,1.17138,1.17139,-1.0,-1.0,-1
1.17139,1.17141,1.171385,1.17141,-1.0,-1.0,-1
1.17141,1.17141,1.171405,1.17141,-1.0,-1.0,-1
1.17141,1.17141,1.1714,1.17141,-1.0,-1.0,-1
1.17141,1.17141,1.1714,1.171405,-1.0,-1.0,-1
1.171405,1.171405,1.1714,1.171405,-1.0,-1.0,-1
1.171405,1.171405,1.171395,1.171405,-1.0,-1.0,-1
1.171405,1.171405,1.1714,1.171405,-1.0,-1.0,-1
1.171405,1.171405,1.1714,1.171405,-1.0,-1.0,-1
1.171405,1.171405,1.1714,1.171405,-1.0,-1.0,-1
1.171405,1.171405,1.1714,1.171405,-1.0,-1.0,-1
1.171405,1.17143,1.1714,1.17142,-1.0,-1.0,-1
1.17142,1.17142,1.1714,1.171405,-1.0,-1.0,-1
1.171405,1.17141,1.171395,1.171395,-1.0,-1.0,-1
1.171395,1.1714,1.17139,1.17139,-1.0,-1.0,-1
1.17139,1.171395,1.17139,1.171395,-1.0,-1.0,-1
1.171395,1.171395,1.171395,1.171395,-1.0,-1.0,-1
1.171395,1.171395,1.171395,1.171395,-1.0,-1.0,-1
1.171395,1.171395,1.171395,1.171395,-1.0,-1.0,-1
1.171395,1.171395,1.171395,1.171395,-1.0,-1.0,-1
1.171395,1.171405,1.171395,1.171395,-1.0,-1.0,-1
1.171395,1.171405,1.171395,1.171405,-1.0,-1.0,-1
1.171405,1.171405,1.17139,1.171405,-1.0,-1.0,-1
1.171405,1.171415,1.1714,1.171405,-1.0,-1.0,-1
1.171405,1.171405,1.1714,1.171405,-1.0,-1.0,-1
1.171405,1.171405,1.17139,1.17139,-1.0,-1.0,-1
1.17139,1.1714,1.17139,1.17139,-1.0,-1.0,-1
1.17139,1.171395,1.17139,1.17139,-1.0,-1.0,-1
1.17139,1.17139,1.17137,1.171385,-1.0,-1.0,-1
1.171385,1.17139,1.171385,1.171385,-1.0,-1.0,-1
1.171385,1.17139,1.171385,1.171385,-1.0,-1.0,-1
1.171385,1.171385,1.171385,1.171385,-1.0,-1.0,-1
1.171385,1.17139,1.17138,1.17139,-1.0,-1.0,-1
1.17139,1.171395,1.171385,1.17139,-1.0,-1.0,-1
1.17139,1.17139,1.17139,1.17139,-1.0,-1.0,-1
1.17139,1.17139,1.17139,1.17139,-1.0,-1.0,-1
1.17139,1.17139,1.17139,1.17139,-1.0,-1.0,-1
1.17139,1.171425,1.17139,1.171425,-1.0,-1.0,-1
1.171425,1.171425,1.171395,1.171395,-1.0,-1.0,-1
1.171395,1.171395,1.171395,1.171395,-1.0,-1.0,-1
1.171395,1.17143,1.171395,1.17143,-1.0,-1.0,-1
1.17143,1.17144,1.17143,1.17144,-1.0,-1.0,-1
1.17144,1.17144,1.171435,1.171435,-1.0,-1.0,-1
1.171435,1.17144,1.171435,1.17144,-1.0,-1.0,-1
1.17144,1.17144,1.17144,1.17144,-1.0,-1.0,-1
1.17144,1.17144,1.17143,1.17143,-1.0,-1.0,-1
1.17143,1.171445,1.17143,1.17144,-1.0,-1.0,-1
1.17144,1.17145,1.171435,1.17144,-1.0,-1.0,-1
1.17144,1.17144,1.171435,1.17144,-1.0,-1.0,-1
1.17144,1.17144,1.17143,1.171435,-1.0,-1.0,-1
1.171435,1.171435,1.171425,1.171425,-1.0,-1.0,-1
1.171425,1.17144,1.171425,1.17143,-1.0,-1.0,-1
1.17143,1.17143,1.17139,1.1714,-1.0,-1.0,-1
1.1714,1.1714,1.17139,1.17139,-1.0,-1.0,-1
1.17139,1.171395,1.17139,1.17139,-1.0,-1.0,-1
1.17139,1.17139,1.17139,1.17139,-1.0,-1.0,-1
1.17139,1.17139,1.171385,1.171385,-1.0,-1.0,-1
1.171385,1.17139,1.171385,1.171385,-1.0,-1.0,-1
1.171385,1.17139,1.171385,1.17139,-1.0,-1.0,-1
1.17139,1.17139,1.17139,1.17139,-1.0,-1.0,-1
1.17139,1.17139,1.17139,1.17139,-1.0,-1.0,-1
1.17139,1.17139,1.171385,1.171385,-1.0,-1.0,-1
1.171385,1.171395,1.171385,1.171395,-1.0,-1.0,-1
1.171395,1.17141,1.17139,1.171395,-1.0,-1.0,-1
1.171395,1.171395,1.17139,1.171395,-1.0,-1.0,-1
1.171395,1.171395,1.171385,1.171385,-1.0,-1.0,-1
1.171385,1.171385,1.171385,1.171385,-1.0,-1.0,-1
1.171385,1.171385,1.171385,1.171385,-1.0,-1.0,-1
1.171385,1.171405,1.171385,1.171405,-1.0,-1.0,-1
1.171405,1.17141,1.1714,1.171405,-1.0,-1.0,-1
1.171405,1.17141,1.1714,1.1714,-1.0,-1.0,-1
1.1714,1.171405,1.171395,1.171395,-1.0,-1.0,-1
1.171395,1.1714,1.171395,1.171395,-1.0,-1.0,-1
1.171395,1.171425,1.171385,1.171385,-1.0,-1.0,-1
1.171385,1.171385,1.171385,1.171385,-1.0,-1.0,-1
1.171385,1.171385,1.171385,1.171385,-1.0,-1.0,-1
1.171385,1.171385,1.17137,1.17137,-1.0,-1.0,-1
1.17137,1.171385,1.17137,1.171385,-1.0,-1.0,-1
1.171385,1.171385,1.171385,1.171385,-1.0,-1.0,-1
1.171385,1.171385,1.171385,1.171385,-1.0,-1.0,-1
1.171385,1.171385,1.171385,1.171385,-1.0,-1.0,-1
1.171385,1.171385,1.171385,1.171385,-1.0,-1.0,-1
1.171385,1.171385,1.17137,1.171385,-1.0,-1.0,-1
1.171385,1.171385,1.171385,1.171385,-1.0,-1.0,-1
1.171385,1.171385,1.171385,1.171385,-1.0,-1.0,-1
1.171385,1.17139,1.17138,1.17139,-1.0,-1.0,-1
1.17139,1.17143,1.17139,1.171415,-1.0,-1.0,-1
1.171415,1.171415,1.171415,1.171415,-1.0,-1.0,-1
1.171415,1.171415,1.1714,1.171405,-1.0,-1.0,-1
1.171405,1.171415,1.171405,1.17141,-1.0,-1.0,-1
1.17141,1.17141,1.171405,1.17141,-1.0,-1.0,-1
1.17141,1.171425,1.171405,1.17141,-1.0,-1.0,-1
1.17141,1.17141,1.171405,1.17141,-1.0,-1.0,-1
1.17141,1.17141,1.171405,1.17141,-1.0,-1.0,-1
1.17141,1.171415,1.171405,1.171415,-1.0,-1.0,-1
1.171415,1.171415,1.171405,1.171415,-1.0,-1.0,-1
1.171415,1.171415,1.17139,1.1714,-1.0,-1.0,-1
1.1714,1.1714,1.17139,1.17139,-1.0,-1.0,-1
1.17139,1.17139,1.171375,1.171385,-1.0,-1.0,-1
1.171385,1.171385,1.171385,1.171385,-1.0,-1.0,-1
1.171385,1.171385,1.171385,1.171385,-1.0,-1.0,-1
1.171385,1.17139,1.171385,1.17139,-1.0,-1.0,-1
1.17139,1.17139,1.171385,1.171385,-1.0,-1.0,-1
1.171385,1.171395,1.17138,1.17139,-1.0,-1.0,-1
1.17139,1.171395,1.17139,1.171395,-1.0,-1.0,-1
1.171395,1.171415,1.171395,1.17141,-1.0,-1.0,-1
1.17141,1.171415,1.17139,1.17139,-1.0,-1.0,-1
1.17139,1.17139,1.171385,1.171385,-1.0,-1.0,-1
1.171385,1.17139,1.171385,1.17139,-1.0,-1.0,-1
1.17139,1.17139,1.17139,1.17139,-1.0,-1.0,-1
1.17139,1.17139,1.17139,1.17139,-1.0,-1.0,-1
1.17139,1.171395,1.17139,1.171395,-1.0,-1.0,-1
1.171395,1.1714,1.171395,1.1714,-1.0,-1.0,-1
1.1714,1.1714,1.171395,1.171395,-1.0,-1.0,-1
1.171395,1.1714,1.171395,1.1714,-1.0,-1.0,-1
1.1714,1.1714,1.17139,1.171395,-1.0,-1.0,-1
1.171395,1.1714,1.17139,1.17139,-1.0,-1.0,-1
1.17139,1.17139,1.17139,1.17139,-1.0,-1.0,-1
1.17139,1.17141,1.17139,1.17141,-1.0,-1.0,-1
1.17141,1.171415,1.171405,1.171415,-1.0,-1.0,-1
1.171415,1.17144,1.171405,1.17144,-1.0,-1.0,-1
1.17144,1.17145,1.17144,1.17145,-1.0,-1.0,-1
1.17145,1.17145,1.17143,1.17143,-1.0,-1.0,-1
1.17143,1.17143,1.17143,1.17143,-1.0,-1.0,-1
1.17143,1.171435,1.17143,1.17143,-1.0,-1.0,-1
1.17143,1.171435,1.17143,1.171435,-1.0,-1.0,-1
1.171435,1.171435,1.17143,1.17143,-1.0,-1.0,-1
1.17143,1.17143,1.17142,1.17142,-1.0,-1.0,-1
1.17142,1.17142,1.17141,1.17142,-1.0,-1.0,-1
1.17142,1.17142,1.17139,1.17139,-1.0,-1.0,-1
1.17139,1.17139,1.171385,1.171385,-1.0,-1.0,-1
1.171385,1.171385,1.171385,1.171385,-1.0,-1.0,-1
1.171385,1.171385,1.171385,1.171385,-1.0,-1.0,-1
1.171385,1.17139,1.171385,1.17139,-1.0,-1.0,-1
1.17139,1.17139,1.171385,1.171385,-1.0,-1.0,-1
1.171385,1.171385,1.171385,1.171385,-1.0,-1.0,-1
1.171385,1.171385,1.17137,1.17137,-1.0,-1.0,-1
1.17137,1.171375,1.17134,1.17137,-1.0,-1.0,-1
1.17137,1.171375,1.17135,1.17136,-1.0,-1.0,-1
1.17136,1.17136,1.171355,1.171355,-1.0,-1.0,-1
1.171355,1.171355,1.17134,1.17134,-1.0,-1.0,-1
1.17134,1.171375,1.17134,1.17137,-1.0,-1.0,-1
1.17137,1.171385,1.17137,1.171385,-1.0,-1.0,-1
1.171385,1.171385,1.17137,1.171385,-1.0,-1.0,-1
1.171385,1.171385,1.171385,1.171385,-1.0,-1.0,-1
1.171385,1.17139,1.171385,1.17139,-1.0,-1.0,-1
1.17139,1.17141,1.17139,1.171405,-1.0,-1.0,-1
1.171405,1.17141,1.171385,1.17139,-1.0,-1.0,-1
1.17139,1.17139,1.171385,1.171385,-1.0,-1.0,-1
1.171385,1.171385,1.171345,1.171345,-1.0,-1.0,-1
1.171345,1.171345,1.17134,1.17134,-1.0,-1.0,-1
1.17134,1.17134,1.171325,1.17133,-1.0,-1.0,-1
1.17133,1.17134,1.171325,1.17134,-1.0,-1.0,-1
1.17134,1.17134,1.171325,1.171335,-1.0,-1.0,-1
1.171335,1.17134,1.171335,1.17134,-1.0,-1.0,-1
1.17134,1.17134,1.171325,1.17133,-1.0,-1.0,-1
1.17133,1.171335,1.171325,1.171335,-1.0,-1.0,-1
1.171335,1.171345,1.171315,1.17134,-1.0,-1.0,-1
1.17134,1.171345,1.17134,1.17134,-1.0,-1.0,-1
1.17134,1.17134,1.17134,1.17134,-1.0,-1.0,-1
1.17134,1.17134,1.171325,1.17133,-1.0,-1.0,-1
1.17133,1.171335,1.171325,1.171335,-1.0,-1.0,-1
1.171335,1.17134,1.171335,1.17134,-1.0,-1.0,-1
1.17134,1.17134,1.17134,1.17134,-1.0,-1.0,-1
1.17134,1.17134,1.171335,1.17134,-1.0,-1.0,-1
1.17134,1.17134,1.171325,1.17133,-1.0,-1.0,-1
1.17133,1.17133,1.171325,1.17133,-1.0,-1.0,-1
1.17133,1.17134,1.171325,1.171335,-1.0,-1.0,-1
1.171335,1.17134,1.171325,1.17134,-1.0,-1.0,-1
1.17134,1.17134,1.17134,1.17134,-1.0,-1.0,-1
1.17134,1.171365,1.17134,1.171365,-1.0,-1.0,-1
1.171365,1.17139,1.171355,1.17139,-1.0,-1.0,-1
1.17139,1.17139,1.171385,1.171385,-1.0,-1.0,-1
1.171385,1.171385,1.17137,1.171375,-1.0,-1.0,-1
1.171375,1.17138,1.17137,1.17137,-1.0,-1.0,-1
1.17137,1.171375,1.17137,1.17137,-1.0,-1.0,-1
1.17137,1.171385,1.17137,1.171385,-1.0,-1.0,-1
1.171385,1.171385,1.17137,1.171375,-1.0,-1.0,-1
1.171375,1.171385,1.171375,1.171385,-1.0,-1.0,-1
1.171385,1.171385,1.17137,1.171375,-1.0,-1.0,-1
1.171375,1.171385,1.171375,1.171375,-1.0,-1.0,-1
1.171375,1.17138,1.17135,1.17135,-1.0,-1.0,-1
1.17135,1.17135,1.17134,1.17134,-1.0,-1.0,-1
1.17134,1.17134,1.17134,1.17134,-1.0,-1.0,-1
1.17134,1.171365,1.17134,1.171365,-1.0,-1.0,-1
1.171365,1.171385,1.171365,1.171375,-1.0,-1.0,-1
1.171375,1.171395,1.171375,1.17139,-1.0,-1.0,-1
1.17139,1.17139,1.171375,1.171375,-1.0,-1.0,-1
1.171375,1.17138,1.171335,1.17134,-1.0,-1.0,-1
1.17134,1.17134,1.171335,1.171335,-1.0,-1.0,-1
1.171335,1.17138,1.171335,1.17136,-1.0,-1.0,-1
1.17136,1.171365,1.171355,1.171355,-1.0,-1.0,-1
1.171355,1.171355,1.171345,1.171345,-1.0,-1.0,-1
1.171345,1.17139,1.171345,1.17139,-1.0,-1.0,-1
1.17139,1.17139,1.17136,1.171365,-1.0,-1.0,-1
1.171365,1.171365,1.17136,1.171365,-1.0,-1.0,-1
1.171365,1.171365,1.171365,1.171365,-1.0,-1.0,-1
1.171365,1.17138,1.171365,1.171375,-1.0,-1.0,-1
1.171375,1.171395,1.171375,1.171395,-1.0,-1.0,-1
1.171395,1.171395,1.17139,1.17139,-1.0,-1.0,-1
1.17139,1.171395,1.17139,1.171395,-1.0,-1.0,-1
1.171395,1.171395,1.17139,1.171395,-1.0,-1.0,-1
1.171395,1.171395,1.17139,1.17139,-1.0,-1.0,-1
1.17139,1.17139,1.17139,1.17139,-1.0,-1.0,-1
1.17139,1.171395,1.17139,1.171395,-1.0,-1.0,-1
1.171395,1.171405,1.171395,1.171405,-1.0,-1.0,-1
1.171405,1.171405,1.1714,1.171405,-1.0,-1.0,-1
1.171405,1.171405,1.171395,1.171395,-1.0,-1.0,-1
1.171395,1.171395,1.17139,1.17139,-1.0,-1.0,-1
1.17139,1.17139,1.17139,1.17139,-1.0,-1.0,-1
1.17139,1.17139,1.171345,1.171345,-1.0,-1.0,-1
1.171345,1.171345,1.171345,1.171345,-1.0,-1.0,-1
1.171345,1.171345,1.17132,1.171325,-1.0,-1.0,-1
1.171325,1.171325,1.17132,1.171325,-1.0,-1.0,-1
1.171325,1.171335,1.17132,1.17133,-1.0,-1.0,-1
1.17133,1.171335,1.171325,1.171335,-1.0,-1.0,-1
1.171335,1.17138,1.171335,1.171375,-1.0,-1.0,-1
1.171375,1.17138,1.171375,1.171375,-1.0,-1.0,-1
1.171375,1.17138,1.171375,1.171375,-1.0,-1.0,-1
1.171375,1.17138,1.171375,1.171375,-1.0,-1.0,-1
1.171375,1.17138,1.171375,1.171375,-1.0,-1.0,-1
1.171375,1.17138,1.171375,1.171375,-1.0,-1.0,-1
1.171375,1.17138,1.171335,1.171335,-1.0,-1.0,-1
1.171335,1.17136,1.17131,1.171315,-1.0,-1.0,-1
1.171315,1.171315,1.17131,1.17131,-1.0,-1.0,-1
1.17131,1.171325,1.17131,1.171315,-1.0,-1.0,-1
1.171315,1.171315,1.17131,1.171315,-1.0,-1.0,-1
1.171315,1.171315,1.1713,1.1713,-1.0,-1.0,-1
1.1713,1.1713,1.17128,1.171285,-1.0,-1.0,-1
1.171285,1.171295,1.17128,1.171285,-1.0,-1.0,-1
1.171285,1.171295,1.17128,1.171285,-1.0,-1.0,-1
1.171285,1.171295,1.171275,1.171275,-1.0,-1.0,-1
1.171275,1.171295,1.171275,1.171285,-1.0,-1.0,-1
1.171285,1.171295,1.171285,1.171295,-1.0,-1.0,-1
1.171295,1.171295,1.171285,1.171285,-1.0,-1.0,-1
1.171285,1.17129,1.171255,1.171265,-1.0,-1.0,-1
1.171265,1.17127,1.171255,1.171255,-1.0,-1.0,-1
1.171255,1.171285,1.171255,1.17128,-1.0,-1.0,-1
1.17128,1.17129,1.17128,1.171285,-1.0,-1.0,-1
1.171285,1.17129,1.171285,1.171285,-1.0,-1.0,-1
1.171285,1.171345,1.171285,1.171335,-1.0,-1.0,-1
1.171335,1.171335,1.171335,1.171335,-1.0,-1.0,-1
1.171335,1.171335,1.171315,1.171315,-1.0,-1.0,-1
1.171315,1.17133,1.17131,1.17131,-1.0,-1.0,-1
1.17131,1.17131,1.171305,1.171305,-1.0,-1.0,-1
1.171305,1.17131,1.171295,1.17131,-1.0,-1.0,-1
1.17131,1.17131,1.171305,1.17131,-1.0,-1.0,-1
1.17131,1.17131,1.171305,1.171305,-1.0,-1.0,-1
1.171305,1.171305,1.171305,1.171305,-1.0,-1.0,-1
1.171305,1.17131,1.171305,1.17131,-1.0,-1.0,-1
1.17131,1.17131,1.17131,1.17131,-1.0,-1.0,-1
1.17131,1.17131,1.171285,1.171285,-1.0,-1.0,-1
1.171285,1.17129,1.171285,1.171285,-1.0,-1.0,-1
1.171285,1.17129,1.17128,1.17128,-1.0,-1.0,-1
1.17128,1.171285,1.17128,1.17128,-1.0,-1.0,-1
1.17128,1.1713,1.17128,1.171295,-1.0,-1.0,-1
1.171295,1.171295,1.171295,1.171295,-1.0,-1.0,-1
1.171295,1.171295,1.171295,1.171295,-1.0,-1.0,-1
1.171295,1.171295,1.171285,1.171295,-1.0,-1.0,-1
1.171295,1.171295,1.171295,1.171295,-1.0,-1.0,-1
1.171295,1.171295,1.17128,1.171295,-1.0,-1.0,-1
1.171295,1.171335,1.171295,1.171335,-1.0,-1.0,-1
1.171335,1.171335,1.1713,1.17131,-1.0,-1.0,-1
1.17131,1.17131,1.171305,1.17131,-1.0,-1.0,-1
1.17131,1.17138,1.17131,1.171345,-1.0,-1.0,-1
1.171345,1.171385,1.171345,1.171385,-1.0,-1.0,-1
1.171385,1.171385,1.17134,1.17134,-1.0,-1.0,-1
1.17134,1.171355,1.17134,1.171355,-1.0,-1.0,-1
1.171355,1.171355,1.171315,1.171335,-1.0,-1.0,-1
1.171335,1.171345,1.171335,1.171335,-1.0,-1.0,-1
1.171335,1.171335,1.171305,1.171325,-1.0,-1.0,-1
1.171325,1.171325,1.17132,1.171325,-1.0,-1.0,-1
1.171325,1.171335,1.17132,1.171335,-1.0,-1.0,-1
1.171335,1.171335,1.171335,1.171335,-1.0,-1.0,-1
1.171335,1.171335,1.171335,1.171335,-1.0,-1.0,-1
1.171335,1.171365,1.171335,1.17136,-1.0,-1.0,-1
1.17136,1.17136,1.171345,1.171345,-1.0,-1.0,-1
1.171345,1.171365,1.171345,1.171365,-1.0,-1.0,-1
1.171365,1.17138,1.171365,1.171375,-1.0,-1.0,-1
1.171375,1.17138,1.171375,1.171375,-1.0,-1.0,-1
1.171375,1.171385,1.171375,1.171385,-1.0,-1.0,-1
1.171385,1.171385,1.171385,1.171385,-1.0,-1.0,-1
1.171385,1.17139,1.171315,1.17133,-1.0,-1.0,-1
1.17133,1.17133,1.171295,1.171295,-1.0,-1.0,-1
1.171295,1.1713,1.171295,1.171295,-1.0,-1.0,-1
1.171295,1.171305,1.171295,1.171295,-1.0,-1.0,-1
1.171295,1.171295,1.171285,1.171285,-1.0,-1.0,-1
1.171285,1.1713,1.17126,1.1713,-1.0,-1.0,-1
1.1713,1.171325,1.1713,1.171325,-1.0,-1.0,-1
1.171325,1.17134,1.17131,1.171335,-1.0,-1.0,-1
1.171335,1.17134,1.1713,1.17133,-1.0,-1.0,-1
1.17133,1.17133,1.17131,1.17131,-1.0,-1.0,-1
1.17131,1.17131,1.17131,1.17131,-1.0,-1.0,-1
1.17131,1.171315,1.17131,1.171315,-1.0,-1.0,-1
1.171315,1.171315,1.171295,1.1713,-1.0,-1.0,-1
1.1713,1.171315,1.171295,1.171315,-1.0,-1.0,-1
1.171315,1.171315,1.171315,1.171315,-1.0,-1.0,-1
1.171315,1.171315,1.17131,1.171315,-1.0,-1.0,-1
1.171315,1.171315,1.171315,1.171315,-1.0,-1.0,-1
1.171315,1.171315,1.171315,1.171315,-1.0,-1.0,-1
1.171315,1.171315,1.17131,1.171315,-1.0,-1.0,-1
1.171315,1.171315,1.171295,1.171295,-1.0,-1.0,-1
1.171295,1.171295,1.171295,1.171295,-1.0,-1.0,-1
1.171295,1.1713,1.171295,1.1713,-1.0,-1.0,-1
1.1713,1.1713,1.1713,1.1713,-1.0,-1.0,-1
1.1713,1.1713,1.17128,1.17128,-1.0,-1.0,-1
1.17128,1.171285,1.17128,1.17128,-1.0,-1.0,-1
1.17128,1.171285,1.17128,1.17128,-1.0,-1.0,-1
1.17128,1.171295,1.17128,1.171295,-1.0,-1.0,-1
1.171295,1.1713,1.171295,1.171295,-1.0,-1.0,-1
1.171295,1.171295,1.17128,1.17128,-1.0,-1.0,-1
1.17128,1.171285,1.17128,1.17128,-1.0,-1.0,-1
1.17128,1.171285,1.17128,1.17128,-1.0,-1.0,-1
1.17128,1.171305,1.17128,1.171295,-1.0,-1.0,-1
1.171295,1.171295,1.171295,1.171295,-1.0,-1.0,-1
1.171295,1.171295,1.171285,1.171285,-1.0,-1.0,-1
1.171285,1.1713,1.171285,1.1713,-1.0,-1.0,-1
1.1713,1.171305,1.1713,1.1713,-1.0,-1.0,-1
1.1713,1.1713,1.1713,1.1713,-1.0,-1.0,-1
1.1713,1.1713,1.1713,1.1713,-1.0,-1.0,-1
1.1713,1.1713,1.1713,1.1713,-1.0,-1.0,-1
1.1713,1.1713,1.1713,1.1713,-1.0,-1.0,-1
1.1713,1.1713,1.1713,1.1713,-1.0,-1.0,-1
1.1713,1.1713,1.171275,1.171275,-1.0,-1.0,-1
1.171275,1.171275,1.171275,1.171275,-1.0,-1.0,-1
1.171275,1.171305,1.171275,1.1713,-1.0,-1.0,-1
1.1713,1.1713,1.171285,1.171285,-1.0,-1.0,-1
1.171285,1.17129,1.171275,1.171275,-1.0,-1.0,-1
1.171275,1.17129,1.171275,1.171285,-1.0,-1.0,-1
1.171285,1.17129,1.171275,1.171275,-1.0,-1.0,-1
1.171275,1.171275,1.171275,1.171275,-1.0,-1.0,-1
1.171275,1.171275,1.171265,1.171265,-1.0,-1.0,-1
1.171265,1.171265,1.171265,1.171265,-1.0,-1.0,-1
1.171265,1.171265,1.17125,1.171265,-1.0,-1.0,-1
1.171265,1.171305,1.171265,1.1713,-1.0,-1.0,-1
1.1713,1.1713,1.1713,1.1713,-1.0,-1.0,-1
1.1713,1.1713,1.171285,1.171285,-1.0,-1.0,-1
1.171285,1.17129,1.171275,1.171275,-1.0,-1.0,-1
1.171275,1.171275,1.171275,1.171275,-1.0,-1.0,-1
1.171275,1.171275,1.171265,1.17127,-1.0,-1.0,-1
1.17127,1.17127,1.17127,1.17127,-1.0,-1.0,-1
1.17127,1.17127,1.17127,1.17127,-1.0,-1.0,-1
1.17127,1.171275,1.171225,1.171225,-1.0,-1.0,-1
1.171225,1.17127,1.171225,1.17127,-1.0,-1.0,-1
1.17127,1.17127,1.17126,1.17126,-1.0,-1.0,-1
1.17126,1.17129,1.17126,1.171285,-1.0,-1.0,-1
1.171285,1.17129,1.17128,1.171285,-1.0,-1.0,-1
1.171285,1.17129,1.17126,1.171265,-1.0,-1.0,-1
1.171265,1.17127,1.171265,1.17127,-1.0,-1.0,-1
1.17127,1.1713,1.17126,1.171285,-1.0,-1.0,-1
1.171285,1.171295,1.17128,1.171295,-1.0,-1.0,-1
1.171295,1.171295,1.171295,1.171295,-1.0,-1.0,-1
1.171295,1.1713,1.171295,1.171295,-1.0,-1.0,-1
1.171295,1.171295,1.171295,1.171295,-1.0,-1.0,-1
1.171295,1.1713,1.171295,1.1713,-1.0,-1.0,-1
1.1713,1.171305,1.1713,1.171305,-1.0,-1.0,-1
1.171305,1.171305,1.171305,1.171305,-1.0,-1.0,-1
1.171305,1.17131,1.171305,1.17131,-1.0,-1.0,-1
1.17131,1.171335,1.17131,1.171325,-1.0,-1.0,-1
1.171325,1.17134,1.17132,1.171335,-1.0,-1.0,-1
1.171335,1.171335,1.171335,1.171335,-1.0,-1.0,-1
1.171335,1.171335,1.171325,1.17133,-1.0,-1.0,-1
1.17133,1.171335,1.17131,1.171315,-1.0,-1.0,-1
1.171315,1.171315,1.17131,1.171315,-1.0,-1.0,-1
1.171315,1.171315,1.171315,1.171315,-1.0,-1.0,-1
1.171315,1.171315,1.171315,1.171315,-1.0,-1.0,-1
1.171315,1.171335,1.171305,1.17131,-1.0,-1.0,-1
1.17131,1.17131,1.171295,1.17131,-1.0,-1.0,-1
1.17131,1.17131,1.171305,1.17131,-1.0,-1.0,-1
1.17131,1.17131,1.171305,1.17131,-1.0,-1.0,-1
1.17131,1.17131,1.171305,1.171305,-1.0,-1.0,-1
1.171305,1.171315,1.1713,1.171305,-1.0,-1.0,-1
1.171305,1.171305,1.1713,1.1713,-1.0,-1.0,-1
1.1713,1.171315,1.17128,1.17128,-1.0,-1.0,-1
1.17128,1.171285,1.17128,1.17128,-1.0,-1.0,-1
1.17128,1.171285,1.17128,1.17128,-1.0,-1.0,-1
1.17128,1.171295,1.171275,1.171295,-1.0,-1.0,-1
1.171295,1.1713,1.171295,1.1713,-1.0,-1.0,-1
1.1713,1.1713,1.171225,1.171225,-1.0,-1.0,-1
1.171225,1.17124,1.17122,1.171235,-1.0,-1.0,-1
1.171235,1.17124,1.17122,1.17122,-1.0,-1.0,-1
1.17122,1.171235,1.17122,1.171235,-1.0,-1.0,-1
1.171235,1.171235,1.17122,1.17122,-1.0,-1.0,-1
1.17122,1.17124,1.17122,1.171225,-1.0,-1.0,-1
1.171225,1.17123,1.171225,1.17123,-1.0,-1.0,-1
1.17123,1.17125,1.17121,1.17124,-1.0,-1.0,-1
1.17124,1.17124,1.171235,1.17124,-1.0,-1.0,-1
1.17124,1.17124,1.171235,1.17124,-1.0,-1.0,-1
1.17124,1.171255,1.171235,1.17125,-1.0,-1.0,-1
1.17125,1.17125,1.17125,1.17125,-1.0,-1.0,-1
1.17125,1.171255,1.171245,1.17125,-1.0,-1.0,-1
1.17125,1.17125,1.171235,1.171245,-1.0,-1.0,-1
1.171245,1.17125,1.171245,1.17125,-1.0,-1.0,-1
1.17125,1.171255,1.171245,1.17125,-1.0,-1.0,-1
1.17125,1.17125,1.17122,1.17122,-1.0,-1.0,-1
1.17122,1.17124,1.17122,1.17124,-1.0,-1.0,-1
1.17124,1.17126,1.17122,1.17126,-1.0,-1.0,-1
1.17126,1.17126,1.17126,1.17126,-1.0,-1.0,-1
1.17126,1.171275,1.17125,1.17127,-1.0,-1.0,-1
1.17127,1.17127,1.17125,1.17126,-1.0,-1.0,-1
1.17126,1.17129,1.17126,1.17127,-1.0,-1.0,-1
1.17127,1.17127,1.17127,1.17127,-1.0,-1.0,-1
1.17127,1.17129,1.17127,1.171285,-1.0,-1.0,-1
1.171285,1.1713,1.171285,1.171295,-1.0,-1.0,-1
1.171295,1.171295,1.171275,1.171275,-1.0,-1.0,-1
1.171275,1.17129,1.171265,1.17128,-1.0,-1.0,-1
1.17128,1.1713,1.17128,1.1713,-1.0,-1.0,-1
1.1713,1.17131,1.1713,1.17131,-1.0,-1.0,-1
1.17131,1.171315,1.1713,1.171315,-1.0,-1.0,-1
1.171315,1.171315,1.17128,1.17128,-1.0,-1.0,-1
1.17128,1.171285,1.171265,1.17127,-1.0,-1.0,-1
1.17127,1.171275,1.171255,1.17126,-1.0,-1.0,-1
1.17126,1.171285,1.171255,1.171275,-1.0,-1.0,-1
1.171275,1.171275,1.171235,1.17126,-1.0,-1.0,-1
1.17126,1.17126,1.171235,1.171245,-1.0,-1.0,-1
1.171245,1.17125,1.17123,1.171235,-1.0,-1.0,-1
1.171235,1.171235,1.17122,1.171225,-1.0,-1.0,-1
1.171225,1.171225,1.17121,1.17121,-1.0,-1.0,-1
1.17121,1.171235,1.17121,1.171225,-1.0,-1.0,-1
1.171225,1.171235,1.171225,1.171225,-1.0,-1.0,-1
1.171225,1.171225,1.171225,1.171225,-1.0,-1.0,-1
1.171225,1.171225,1.171205,1.17121,-1.0,-1.0,-1
1.17121,1.171225,1.17121,1.17122,-1.0,-1.0,-1
1.17122,1.171225,1.171215,1.171215,-1.0,-1.0,-1
1.171215,1.17122,1.171195,1.171195,-1.0,-1.0,-1
1.171195,1.17121,1.171195,1.17121,-1.0,-1.0,-1
1.17121,1.17121,1.17119,1.171195,-1.0,-1.0,-1
1.171195,1.171205,1.171195,1.171205,-1.0,-1.0,-1
1.171205,1.171205,1.171205,1.171205,-1.0,-1.0,-1
1.171205,1.171205,1.171205,1.171205,-1.0,-1.0,-1
1.171205,1.171205,1.17117,1.171175,-1.0,-1.0,-1
1.171175,1.17118,1.17117,1.171175,-1.0,-1.0,-1
1.171175,1.17118,1.17117,1.171175,-1.0,-1.0,-1
1.171175,1.171175,1.17116,1.171165,-1.0,-1.0,-1
1.171165,1.17117,1.17112,1.17112,-1.0,-1.0,-1
1.17112,1.17112,1.171105,1.171115,-1.0,-1.0,-1
1.171115,1.17113,1.17111,1.171125,-1.0,-1.0,-1
1.171125,1.17113,1.17112,1.17113,-1.0,-1.0,-1
1.17113,1.17113,1.17111,1.17111,-1.0,-1.0,-1
1.17111,1.17112,1.17111,1.17111,-1.0,-1.0,-1
1.17111,1.17113,1.17111,1.17113,-1.0,-1.0,-1
1.17113,1.171175,1.17113,1.171175,-1.0,-1.0,-1
1.171175,1.171175,1.17115,1.17117,-1.0,-1.0,-1
1.17117,1.17118,1.17115,1.17117,-1.0,-1.0,-1
1.17117,1.17117,1.17113,1.17115,-1.0,-1.0,-1
1.17115,1.171155,1.171115,1.17113,-1.0,-1.0,-1
1.17113,1.171145,1.17113,1.171145,-1.0,-1.0,-1
1.171145,1.171145,1.17113,1.17113,-1.0,-1.0,-1
1.17113,1.171135,1.171125,1.17113,-1.0,-1.0,-1
1.17113,1.17113,1.17113,1.17113,-1.0,-1.0,-1
1.17113,1.17113,1.171125,1.17113,-1.0,-1.0,-1
1.17113,1.17113,1.17111,1.17111,-1.0,-1.0,-1
1.17111,1.171115,1.171105,1.171115,-1.0,-1.0,-1
1.171115,1.17113,1.171115,1.17113,-1.0,-1.0,-1
1.17113,1.17113,1.17113,1.17113,-1.0,-1.0,-1
1.17113,1.17113,1.17113,1.17113,-1.0,-1.0,-1
1.17113,1.17113,1.17112,1.17112,-1.0,-1.0,-1
1.17112,1.171145,1.17112,1.171145,-1.0,-1.0,-1
1.171145,1.171145,1.171135,1.171135,-1.0,-1.0,-1
1.171135,1.171135,1.17112,1.171125,-1.0,-1.0,-1
1.171125,1.171125,1.171125,1.171125,-1.0,-1.0,-1
1.171125,1.171135,1.171125,1.17113,-1.0,-1.0,-1
1.17113,1.17113,1.171125,1.17113,-1.0,-1.0,-1
1.17113,1.17113,1.17113,1.17113,-1.0,-1.0,-1
1.17113,1.17113,1.17113,1.17113,-1.0,-1.0,-1
1.17113,1.17113,1.171125,1.171125,-1.0,-1.0,-1
1.171125,1.17113,1.171125,1.17113,-1.0,-1.0,-1
1.17113,1.17113,1.171125,1.171125,-1.0,-1.0,-1
1.171125,1.171125,1.17112,1.17112,-1.0,-1.0,-1
1.17112,1.17113,1.17112,1.17113,-1.0,-1.0,-1
1.17113,1.17113,1.17111,1.17113,-1.0,-1.0,-1
1.17113,1.17113,1.17113,1.17113,-1.0,-1.0,-1
1.17113,1.17113,1.171085,1.171085,-1.0,-1.0,-1
1.171085,1.17109,1.171085,1.171085,-1.0,-1.0,-1
1.171085,1.171085,1.17107,1.17107,-1.0,-1.0,-1
1.17107,1.17107,1.17107,1.17107,-1.0,-1.0,-1
1.17107,1.17107,1.17107,1.17107,-1.0,-1.0,-1
1.17107,1.17107,1.17107,1.17107,-1.0,-1.0,-1
1.17107,1.17107,1.17107,1.17107,-1.0,-1.0,-1
1.17107,1.17107,1.17107,1.17107,-1.0,-1.0,-1
1.17107,1.17107,1.17106,1.171065,-1.0,-1.0,-1
1.171065,1.171065,1.171035,1.171055,-1.0,-1.0,-1
1.171055,1.17107,1.17105,1.17107,-1.0,-1.0,-1
1.17107,1.17108,1.17107,1.171075,-1.0,-1.0,-1
1.171075,1.17108,1.17107,1.17108,-1.0,-1.0,-1
1.17108,1.17108,1.171055,1.17107,-1.0,-1.0,-1
1.17107,1.17107,1.17107,1.17107,-1.0,-1.0,-1
1.17107,1.17107,1.17107,1.17107,-1.0,-1.0,-1
1.17107,1.171075,1.171055,1.17106,-1.0,-1.0,-1
1.17106,1.171065,1.171055,1.17106,-1.0,-1.0,-1
1.17106,1.17106,1.17104,1.17104,-1.0,-1.0,-1
1.17104,1.171045,1.17104,1.17104,-1.0,-1.0,-1
1.17104,1.17104,1.170995,1.17102,-1.0,-1.0,-1
1.17102,1.171025,1.170985,1.170985,-1.0,-1.0,-1
1.170985,1.170985,1.17098,1.17098,-1.0,-1.0,-1
1.17098,1.171,1.17098,1.170995,-1.0,-1.0,-1
1.170995,1.170995,1.170985,1.17099,-1.0,-1.0,-1
1.17099,1.17099,1.17098,1.17098,-1.0,-1.0,-1
1.17098,1.17098,1.17098,1.17098,-1.0,-1.0,-1
1.17098,1.17098,1.17098,1.17098,-1.0,-1.0,-1
1.17098,1.17098,1.17098,1.17098,-1.0,-1.0,-1
1.17098,1.17098,1.17098,1.17098,-1.0,-1.0,-1
1.17098,1.17099,1.17098,1.17099,-1.0,-1.0,-1
1.17099,1.17099,1.170985,1.17099,-1.0,-1.0,-1
1.17099,1.17099,1.17099,1.17099,-1.0,-1.0,-1
1.17099,1.17099,1.17099,1.17099,-1.0,-1.0,-1
1.17099,1.170995,1.170985,1.170995,-1.0,-1.0,-1
1.170995,1.170995,1.170995,1.170995,-1.0,-1.0,-1
1.170995,1.170995,1.170995,1.170995,-1.0,-1.0,-1
1.170995,1.170995,1.170985,1.170985,-1.0,-1.0,-1
1.170985,1.17104,1.170985,1.171035,-1.0,-1.0,-1
1.171035,1.17104,1.171035,1.17104,-1.0,-1.0,-1
1.17104,1.17104,1.17104,1.17104,-1.0,-1.0,-1
1.17104,1.17104,1.171035,1.17104,-1.0,-1.0,-1
1.17104,1.17108,1.17104,1.17108,-1.0,-1.0,-1
1.17108,1.171115,1.17108,1.17109,-1.0,-1.0,-1
1.17109,1.17109,1.17109,1.17109,-1.0,-1.0,-1
1.17109,1.1711,1.171085,1.1711,-1.0,-1.0,-1
1.1711,1.171135,1.1711,1.171135,-1.0,-1.0,-1
1.171135,1.171135,1.17113,1.171135,-1.0,-1.0,-1
1.171135,1.17115,1.171135,1.17115,-1.0,-1.0,-1
1.17115,1.17115,1.171145,1.17115,-1.0,-1.0,-1
1.17115,1.17115,1.171135,1.17114,-1.0,-1.0,-1
1.17114,1.17115,1.171135,1.171135,-1.0,-1.0,-1
1.171135,1.171135,1.171135,1.171135,-1.0,-1.0,-1
1.171135,1.17114,1.17113,1.171135,-1.0,-1.0,-1
1.171135,1.171145,1.171135,1.171145,-1.0,-1.0,-1
1.171145,1.171145,1.17114,1.171145,-1.0,-1.0,-1
1.171145,1.171145,1.17114,1.171145,-1.0,-1.0,-1
1.171145,1.171145,1.171135,1.171135,-1.0,-1.0,-1
1.171135,1.171135,1.17111,1.17111,-1.0,-1.0,-1
1.17111,1.171115,1.171105,1.17111,-1.0,-1.0,-1
1.17111,1.171115,1.17111,1.17111,-1.0,-1.0,-1
1.17111,1.17113,1.17111,1.17113,-1.0,-1.0,-1
1.17113,1.17113,1.17113,1.17113,-1.0,-1.0,-1
1.17113,1.17113,1.17113,1.17113,-1.0,-1.0,-1
1.17113,1.17113,1.17113,1.17113,-1.0,-1.0,-1
1.17113,1.17113,1.17113,1.17113,-1.0,-1.0,-1
1.17113,1.17113,1.17113,1.17113,-1.0,-1.0,-1
1.17113,1.17113,1.17113,1.17113,-1.0,-1.0,-1
1.17113,1.17117,1.17113,1.17117,-1.0,-1.0,-1
1.17117,1.17117,1.17117,1.17117,-1.0,-1.0,-1
1.17117,1.171185,1.17117,1.17118,-1.0,-1.0,-1
1.17118,1.1712,1.17118,1.171195,-1.0,-1.0,-1
1.171195,1.17121,1.17119,1.17119,-1.0,-1.0,-1
1.17119,1.17121,1.17119,1.171195,-1.0,-1.0,-1
1.171195,1.1712,1.171195,1.171195,-1.0,-1.0,-1
1.171195,1.171205,1.171195,1.1712,-1.0,-1.0,-1
1.1712,1.17121,1.17119,1.17119,-1.0,-1.0,-1
1.17119,1.17119,1.17119,1.17119,-1.0,-1.0,-1
1.17119,1.17119,1.17119,1.17119,-1.0,-1.0,-1
1.17119,1.17119,1.171185,1.171185,-1.0,-1.0,-1
1.171185,1.17119,1.171185,1.17119,-1.0,-1.0,-1
1.17119,1.17119,1.17118,1.17118,-1.0,-1.0,-1
1.17118,1.17118,1.17118,1.17118,-1.0,-1.0,-1
1.17118,1.17118,1.17115,1.17116,-1.0,-1.0,-1
1.17116,1.171165,1.171135,1.171135,-1.0,-1.0,-1
1.171135,1.171135,1.171135,1.171135,-1.0,-1.0,-1
1.171135,1.171135,1.171135,1.171135,-1.0,-1.0,-1
1.171135,1.171135,1.171135,1.171135,-1.0,-1.0,-1
1.171135,1.171135,1.171135,1.171135,-1.0,-1.0,-1
1.171135,1.171155,1.171135,1.17115,-1.0,-1.0,-1
1.17115,1.17117,1.171145,1.17117,-1.0,-1.0,-1
1.17117,1.17117,1.17117,1.17117,-1.0,-1.0,-1
1.17117,1.17118,1.17117,1.17118,-1.0,-1.0,-1
1.17118,1.17118,1.17117,1.17118,-1.0,-1.0,-1
1.17118,1.171205,1.17118,1.17119,-1.0,-1.0,-1
1.17119,1.17119,1.17119,1.17119,-1.0,-1.0,-1
1.17119,1.17119,1.17119,1.17119,-1.0,-1.0,-1
1.17119,1.17119,1.17119,1.17119,-1.0,-1.0,-1
1.17119,1.17119,1.17119,1.17119,-1.0,-1.0,-1
1.17119,1.171205,1.17119,1.1712,-1.0,-1.0,-1
1.1712,1.171205,1.171195,1.1712,-1.0,-1.0,-1
1.1712,1.171225,1.171195,1.171225,-1.0,-1.0,-1
1.171225,1.171245,1.171225,1.17124,-1.0,-1.0,-1
1.17124,1.171245,1.171235,1.171245,-1.0,-1.0,-1
1.171245,1.171245,1.171245,1.171245,-1.0,-1.0,-1
1.171245,1.171245,1.171245,1.171245,-1.0,-1.0,-1
1.171245,1.171245,1.171235,1.17124,-1.0,-1.0,-1
1.17124,1.17124,1.171225,1.171235,-1.0,-1.0,-1
1.171235,1.17124,1.17123,1.17124,-1.0,-1.0,-1
1.17124,1.17124,1.17123,1.17124,-1.0,-1.0,-1
1.17124,1.17124,1.171225,1.17124,-1.0,-1.0,-1
1.17124,1.17124,1.171235,1.17124,-1.0,-1.0,-1
1.17124,1.17129,1.171235,1.17128,-1.0,-1.0,-1
1.17128,1.171285,1.17128,1.17128,-1.0,-1.0,-1
1.17128,1.171295,1.17128,1.17129,-1.0,-1.0,-1
1.17129,1.171295,1.17128,1.17128,-1.0,-1.0,-1
1.17128,1.17129,1.17128,1.17129,-1.0,-1.0,-1
1.17129,1.17129,1.171245,1.171245,-1.0,-1.0,-1
1.171245,1.171245,1.171245,1.171245,-1.0,-1.0,-1
1.171245,1.171245,1.171225,1.171235,-1.0,-1.0,-1
1.171235,1.171235,1.171185,1.171185,-1.0,-1.0,-1
1.171185,1.17119,1.171185,1.17119,-1.0,-1.0,-1
1.17119,1.1712,1.17119,1.171195,-1.0,-1.0,-1
1.171195,1.1712,1.171195,1.171195,-1.0,-1.0,-1
1.171195,1.1712,1.17119,1.17119,-1.0,-1.0,-1
1.17119,1.171205,1.17117,1.171205,-1.0,-1.0,-1
1.171205,1.171205,1.171205,1.171205,-1.0,-1.0,-1
1.171205,1.171205,1.171205,1.171205,-1.0,-1.0,-1
1.171205,1.171205,1.17119,1.17119,-1.0,-1.0,-1
1.17119,1.1712,1.17119,1.171195,-1.0,-1.0,-1
1.171195,1.1712,1.171195,1.171195,-1.0,-1.0,-1
1.171195,1.17126,1.171195,1.17124,-1.0,-1.0,-1
1.17124,1.17124,1.171235,1.17124,-1.0,-1.0,-1
1.17124,1.17124,1.171225,1.17124,-1.0,-1.0,-1
1.17124,1.17124,1.171225,1.171225,-1.0,-1.0,-1
1.171225,1.17124,1.171225,1.17124,-1.0,-1.0,-1
1.17124,1.17124,1.171235,1.17124,-1.0,-1.0,-1
1.17124,1.171245,1.171235,1.17124,-1.0,-1.0,-1
1.17124,1.17124,1.171225,1.171225,-1.0,-1.0,-1
1.171225,1.171235,1.17122,1.17122,-1.0,-1.0,-1
1.17122,1.17122,1.171215,1.17122,-1.0,-1.0,-1
1.17122,1.17122,1.171215,1.17122,-1.0,-1.0,-1
1.17122,1.17122,1.17121,1.17121,-1.0,-1.0,-1
1.17121,1.17122,1.171205,1.171215,-1.0,-1.0,-1
1.171215,1.17122,1.17121,1.17121,-1.0,-1.0,-1
1.17121,1.171215,1.17121,1.17121,-1.0,-1.0,-1
1.17121,1.17122,1.17121,1.17122,-1.0,-1.0,-1
1.17122,1.17122,1.171215,1.17122,-1.0,-1.0,-1
1.17122,1.171235,1.171215,1.171225,-1.0,-1.0,-1
1.171225,1.171225,1.171225,1.171225,-1.0,-1.0,-1
1.171225,1.171225,1.171225,1.171225,-1.0,-1.0,-1
1.171225,1.171225,1.17122,1.17122,-1.0,-1.0,-1
1.17122,1.171225,1.17122,1.171225,-1.0,-1.0,-1
1.171225,1.171235,1.171225,1.171225,-1.0,-1.0,-1
1.171225,1.171235,1.171225,1.171235,-1.0,-1.0,-1
1.171235,1.171235,1.171225,1.171225,-1.0,-1.0,-1
1.171225,1.171225,1.171225,1.171225,-1.0,-1.0,-1
1.171225,1.171225,1.171225,1.171225,-1.0,-1.0,-1
1.171225,1.17124,1.171225,1.17124,-1.0,-1.0,-1
1.17124,1.17124,1.171235,1.17124,-1.0,-1.0,-1
1.17124,1.171245,1.171235,1.17124,-1.0,-1.0,-1
1.17124,1.17124,1.17123,1.171235,-1.0,-1.0,-1
1.171235,1.171235,1.17123,1.171235,-1.0,-1.0,-1
1.171235,1.171235,1.17123,1.171235,-1.0,-1.0,-1
1.171235,1.17124,1.17123,1.17124,-1.0,-1.0,-1
1.17124,1.17124,1.17119,1.171225,-1.0,-1.0,-1
1.171225,1.171225,1.171225,1.171225,-1.0,-1.0,-1
1.171225,1.171225,1.171225,1.171225,-1.0,-1.0,-1
1.171225,1.171225,1.171225,1.171225,-1.0,-1.0,-1
1.171225,1.171225,1.171225,1.171225,-1.0,-1.0,-1
1.171225,1.171235,1.171225,1.171225,-1.0,-1.0,-1
1.171225,1.171225,1.17122,1.17122,-1.0,-1.0,-1
1.17122,1.17122,1.171215,1.171215,-1.0,-1.0,-1
1.171215,1.17126,1.171205,1.17126,-1.0,-1.0,-1
1.17126,1.171265,1.171235,1.17124,-1.0,-1.0,-1
1.17124,1.171245,1.171235,1.17124,-1.0,-1.0,-1
1.17124,1.17124,1.171235,1.17124,-1.0,-1.0,-1
1.17124,1.17124,1.171235,1.17124,-1.0,-1.0,-1
1.17124,1.17124,1.171235,1.17124,-1.0,-1.0,-1
1.17124,1.17124,1.171235,1.17124,-1.0,-1.0,-1
1.17124,1.17124,1.17123,1.17124,-1.0,-1.0,-1
1.17124,1.171255,1.171235,1.171255,-1.0,-1.0,-1
1.171255,1.171255,1.171255,1.171255,-1.0,-1.0,-1
1.171255,1.171255,1.171245,1.171245,-1.0,-1.0,-1
1.171245,1.171245,1.171235,1.17124,-1.0,-1.0,-1
1.17124,1.17124,1.171235,1.17124,-1.0,-1.0,-1
1.17124,1.17124,1.171235,1.17124,-1.0,-1.0,-1
1.17124,1.17124,1.171235,1.17124,-1.0,-1.0,-1
1.17124,1.17124,1.171235,1.17124,-1.0,-1.0,-1
1.17124,1.17124,1.171235,1.17124,-1.0,-1.0,-1
1.17124,1.17124,1.17123,1.17124,-1.0,-1.0,-1
1.17124,1.17124,1.171215,1.171235,-1.0,-1.0,-1
1.171235,1.171235,1.17123,1.171235,-1.0,-1.0,-1
1.171235,1.17124,1.17123,1.17124,-1.0,-1.0,-1
1.17124,1.17124,1.171225,1.17124,-1.0,-1.0,-1
1.17124,1.17124,1.171205,1.17121,-1.0,-1.0,-1
1.17121,1.171225,1.17121,1.17121,-1.0,-1.0,-1
1.17121,1.171225,1.17121,1.171225,-1.0,-1.0,-1
1.171225,1.171225,1.171215,1.171215,-1.0,-1.0,-1
1.171215,1.171225,1.171215,1.171225,-1.0,-1.0,-1
1.171225,1.171225,1.171215,1.171225,-1.0,-1.0,-1
1.171225,1.171255,1.171225,1.17124,-1.0,-1.0,-1
1.17124,1.17124,1.171225,1.171225,-1.0,-1.0,-1
1.171225,1.171235,1.171225,1.171235,-1.0,-1.0,-1
1.171235,1.171235,1.17123,1.171235,-1.0,-1.0,-1
1.171235,1.171255,1.17123,1.171255,-1.0,-1.0,-1
1.171255,1.171255,1.171255,1.171255,-1.0,-1.0,-1
1.171255,1.171275,1.171255,1.171275,-1.0,-1.0,-1
1.171275,1.171275,1.171275,1.171275,-1.0,-1.0,-1
1.171275,1.171275,1.171275,1.171275,-1.0,-1.0,-1
1.171275,1.171275,1.171275,1.171275,-1.0,-1.0,-1
1.171275,1.171275,1.171275,1.171275,-1.0,-1.0,-1
1.171275,1.171275,1.171275,1.171275,-1.0,-1.0,-1
1.171275,1.171275,1.171255,1.171275,-1.0,-1.0,-1
1.171275,1.1713,1.171275,1.171295,-1.0,-1.0,-1
1.171295,1.171295,1.171275,1.171275,-1.0,-1.0,-1
1.171275,1.171275,1.171265,1.171265,-1.0,-1.0,-1
1.171265,1.171265,1.171265,1.171265,-1.0,-1.0,-1
1.171265,1.171265,1.171265,1.171265,-1.0,-1.0,-1
1.171265,1.171265,1.171265,1.171265,-1.0,-1.0,-1
1.171265,1.171265,1.171265,1.171265,-1.0,-1.0,-1
1.171265,1.171265,1.171265,1.171265,-1.0,-1.0,-1
1.171265,1.171265,1.171265,1.171265,-1.0,-1.0,-1
1.171265,1.171265,1.171265,1.171265,-1.0,-1.0,-1
1.171265,1.171265,1.171265,1.171265,-1.0,-1.0,-1
1.171265,1.17129,1.171265,1.17128,-1.0,-1.0,-1
1.17128,1.171295,1.17128,1.171295,-1.0,-1.0,-1
1.171295,1.171295,1.171295,1.171295,-1.0,-1.0,-1
1.171295,1.171295,1.171295,1.171295,-1.0,-1.0,-1
1.171295,1.171295,1.171285,1.171295,-1.0,-1.0,-1
1.171295,1.171295,1.171285,1.171285,-1.0,-1.0,-1
1.171285,1.17131,1.171285,1.17131,-1.0,-1.0,-1
1.17131,1.171325,1.17131,1.171315,-1.0,-1.0,-1
1.171315,1.17133,1.171315,1.17133,-1.0,-1.0,-1
1.17133,1.17133,1.17132,1.171325,-1.0,-1.0,-1
1.171325,1.17133,1.171315,1.171325,-1.0,-1.0,-1
1.171325,1.17133,1.17132,1.17133,-1.0,-1.0,-1
1.17133,1.17133,1.171325,1.17133,-1.0,-1.0,-1
1.17133,1.17133,1.171325,1.17133,-1.0,-1.0,-1
1.17133,1.17133,1.171325,1.17133,-1.0,-1.0,-1
1.17133,1.17133,1.171325,1.17133,-1.0,-1.0,-1
1.17133,1.17133,1.17132,1.17133,-1.0,-1.0,-1
1.17133,1.17133,1.1713,1.1713,-1.0,-1.0,-1
1.1713,1.17131,1.1713,1.17131,-1.0,-1.0,-1
1.17131,1.171325,1.171285,1.171325,-1.0,-1.0,-1
1.171325,1.171325,1.17132,1.171325,-1.0,-1.0,-1
1.171325,1.171325,1.17132,1.171325,-1.0,-1.0,-1
1.171325,1.171325,1.17132,1.171325,-1.0,-1.0,-1
1.171325,1.171325,1.17132,1.171325,-1.0,-1.0,-1
1.171325,1.171325,1.17132,1.171325,-1.0,-1.0,-1
1.171325,1.171325,1.17132,1.171325,-1.0,-1.0,-1
1.171325,1.171365,1.17132,1.17134,-1.0,-1.0,-1
1.17134,1.17134,1.17134,1.17134,-1.0,-1.0,-1
1.17134,1.17134,1.171335,1.17134,-1.0,-1.0,-1
1.17134,1.17134,1.171325,1.17134,-1.0,-1.0,-1
1.17134,1.17134,1.17134,1.17134,-1.0,-1.0,-1
1.17134,1.171385,1.17134,1.171385,-1.0,-1.0,-1
1.171385,1.171385,1.171385,1.171385,-1.0,-1.0,-1
1.171385,1.171385,1.171385,1.171385,-1.0,-1.0,-1
1.171385,1.171385,1.171385,1.171385,-1.0,-1.0,-1
1.171385,1.17139,1.171385,1.17139,-1.0,-1.0,-1
1.17139,1.17142,1.17139,1.17142,-1.0,-1.0,-1
1.17142,1.17142,1.17141,1.17142,-1.0,-1.0,-1
1.17142,1.17142,1.17142,1.17142,-1.0,-1.0,-1
1.17142,1.17142,1.17139,1.17139,-1.0,-1.0,-1
1.17139,1.17139,1.17139,1.17139,-1.0,-1.0,-1
1.17139,1.17147,1.17139,1.171455,-1.0,-1.0,-1
1.171455,1.17146,1.17144,1.17144,-1.0,-1.0,-1
1.17144,1.171445,1.17144,1.171445,-1.0,-1.0,-1
1.171445,1.171445,1.17144,1.17144,-1.0,-1.0,-1
1.17144,1.171445,1.17144,1.171445,-1.0,-1.0,-1
1.171445,1.171445,1.171445,1.171445,-1.0,-1.0,-1
1.171445,1.171445,1.171445,1.171445,-1.0,-1.0,-1
1.171445,1.17148,1.171445,1.171465,-1.0,-1.0,-1
1.171465,1.17147,1.171445,1.171445,-1.0,-1.0,-1
1.171445,1.171465,1.171445,1.17146,-1.0,-1.0,-1
1.17146,1.17147,1.171445,1.171445,-1.0,-1.0,-1
1.171445,1.171445,1.17143,1.17143,-1.0,-1.0,-1
1.17143,1.171435,1.171405,1.17141,-1.0,-1.0,-1
1.17141,1.171435,1.1714,1.17143,-1.0,-1.0,-1
1.17143,1.171435,1.17142,1.17143,-1.0,-1.0,-1
1.17143,1.171435,1.17143,1.17143,-1.0,-1.0,-1
1.17143,1.17143,1.17143,1.17143,-1.0,-1.0,-1
1.17143,1.171505,1.17143,1.1715,-1.0,-1.0,-1
1.1715,1.171505,1.171465,1.171465,-1.0,-1.0,-1
1.171465,1.171495,1.171465,1.171495,-1.0,-1.0,-1
1.171495,1.1715,1.17148,1.1715,-1.0,-1.0,-1
1.1715,1.1715,1.17148,1.17148,-1.0,-1.0,-1
1.17148,1.17148,1.17148,1.17148,-1.0,-1.0,-1
1.17148,1.17148,1.17148,1.17148,-1.0,-1.0,-1
1.17148,1.171495,1.17148,1.17148,-1.0,-1.0,-1
1.17148,1.17148,1.171475,1.171475,-1.0,-1.0,-1
1.171475,1.17148,1.171475,1.17148,-1.0,-1.0,-1
1.17148,1.17148,1.17148,1.17148,-1.0,-1.0,-1
1.17148,1.17148,1.17145,1.17146,-1.0,-1.0,-1
1.17146,1.17147,1.17146,1.171465,-1.0,-1.0,-1
1.171465,1.17147,1.17145,1.17146,-1.0,-1.0,-1
1.17146,1.17147,1.17145,1.17145,-1.0,-1.0,-1
1.17145,1.17145,1.17144,1.17144,-1.0,-1.0,-1
1.17144,1.171445,1.17144,1.171445,-1.0,-1.0,-1
1.171445,1.171445,1.17144,1.171445,-1.0,-1.0,-1
1.171445,1.171445,1.17143,1.171435,-1.0,-1.0,-1
1.171435,1.17144,1.1714,1.1714,-1.0,-1.0,-1
1.1714,1.17143,1.17139,1.1714,-1.0,-1.0,-1
1.1714,1.1714,1.17139,1.171395,-1.0,-1.0,-1
1.171395,1.1714,1.171395,1.1714,-1.0,-1.0,-1
1.1714,1.171435,1.171395,1.171435,-1.0,-1.0,-1
1.171435,1.171445,1.171435,1.171445,-1.0,-1.0,-1
1.171445,1.171445,1.171445,1.171445,-1.0,-1.0,-1
1.171445,1.171445,1.171445,1.171445,-1.0,-1.0,-1
1.171445,1.171445,1.171445,1.171445,-1.0,-1.0,-1
1.171445,1.171445,1.171445,1.171445,-1.0,-1.0,-1
1.171445,1.171445,1.171445,1.171445,-1.0,-1.0,-1
1.171445,1.171445,1.171445,1.171445,-1.0,-1.0,-1
1.171445,1.171475,1.171445,1.171475,-1.0,-1.0,-1
1.171475,1.171485,1.171475,1.171485,-1.0,-1.0,-1
1.171485,1.171485,1.171485,1.171485,-1.0,-1.0,-1
1.171485,1.171485,1.17147,1.171485,-1.0,-1.0,-1
1.171485,1.171485,1.17147,1.17147,-1.0,-1.0,-1
1.17147,1.171475,1.17147,1.171475,-1.0,-1.0,-1
1.171475,1.171495,1.17146,1.171465,-1.0,-1.0,-1
1.171465,1.17147,1.17146,1.171465,-1.0,-1.0,-1
1.171465,1.171475,1.171465,1.171475,-1.0,-1.0,-1
1.171475,1.17148,1.171475,1.17148,-1.0,-1.0,-1
1.17148,1.17148,1.171465,1.171475,-1.0,-1.0,-1
1.171475,1.171475,1.171465,1.171465,-1.0,-1.0,-1
1.171465,1.17147,1.171465,1.171465,-1.0,-1.0,-1
1.171465,1.17147,1.171455,1.171465,-1.0,-1.0,-1
1.171465,1.17147,1.17145,1.17146,-1.0,-1.0,-1
1.17146,1.17147,1.171455,1.17146,-1.0,-1.0,-1
1.17146,1.17148,1.17146,1.17148,-1.0,-1.0,-1
1.17148,1.17148,1.17148,1.17148,-1.0,-1.0,-1
1.17148,1.171485,1.17148,1.171485,-1.0,-1.0,-1
1.171485,1.171495,1.17148,1.17148,-1.0,-1.0,-1
1.17148,1.17148,1.17148,1.17148,-1.0,-1.0,-1
1.17148,1.17148,1.17148,1.17148,-1.0,-1.0,-1
1.17148,1.171485,1.17148,1.171485,-1.0,-1.0,-1
1.171485,1.171485,1.17148,1.17148,-1.0,-1.0,-1
1.17148,1.17148,1.17147,1.171475,-1.0,-1.0,-1
1.171475,1.17148,1.17147,1.17148,-1.0,-1.0,-1
1.17148,1.171485,1.171475,1.171485,-1.0,-1.0,-1
1.171485,1.171495,1.171485,1.171495,-1.0,-1.0,-1
1.171495,1.171495,1.171485,1.171485,-1.0,-1.0,-1
1.171485,1.171485,1.17144,1.17146,-1.0,-1.0,-1
1.17146,1.17147,1.17146,1.17146,-1.0,-1.0,-1
1.17146,1.17148,1.17146,1.17148,-1.0,-1.0,-1
1.17148,1.17148,1.17148,1.17148,-1.0,-1.0,-1
1.17148,1.171495,1.17148,1.17148,-1.0,-1.0,-1
1.17148,1.171485,1.17148,1.17148,-1.0,-1.0,-1
1.17148,1.17148,1.17148,1.17148,-1.0,-1.0,-1
1.17148,1.17148,1.17148,1.17148,-1.0,-1.0,-1
1.17148,1.171495,1.17147,1.171495,-1.0,-1.0,-1
1.171495,1.171495,1.171485,1.171495,-1.0,-1.0,-1
1.171495,1.171495,1.17148,1.171485,-1.0,-1.0,-1
1.171485,1.171485,1.171485,1.171485,-1.0,-1.0,-1
1.171485,1.171495,1.171485,1.171485,-1.0,-1.0,-1
1.171485,1.171485,1.17148,1.17148,-1.0,-1.0,-1
1.17148,1.17148,1.17148,1.17148,-1.0,-1.0,-1
1.17148,1.17148,1.17148,1.17148,-1.0,-1.0,-1
1.17148,1.17148,1.17148,1.17148,-1.0,-1.0,-1
1.17148,1.17148,1.171475,1.171475,-1.0,-1.0,-1
1.171475,1.171475,1.17146,1.17147,-1.0,-1.0,-1
1.17147,1.17148,1.171445,1.171445,-1.0,-1.0,-1
1.171445,1.17148,1.171445,1.17148,-1.0,-1.0,-1
1.17148,1.17148,1.17148,1.17148,-1.0,-1.0,-1
1.17148,1.17148,1.17148,1.17148,-1.0,-1.0,-1
1.17148,1.17148,1.17148,1.17148,-1.0,-1.0,-1
1.17148,1.17148,1.171455,1.17147,-1.0,-1.0,-1
1.17147,1.171475,1.171465,1.17147,-1.0,-1.0,-1
1.17147,1.171475,1.171465,1.17147,-1.0,-1.0,-1
1.17147,1.171485,1.17146,1.171485,-1.0,-1.0,-1
1.171485,1.171515,1.171485,1.171515,-1.0,-1.0,-1
1.171515,1.171515,1.17151,1.17151,-1.0,-1.0,-1
1.17151,1.17151,1.17151,1.17151,-1.0,-1.0,-1
1.17151,1.17152,1.17151,1.17152,-1.0,-1.0,-1
1.17152,1.17152,1.171515,1.17152,-1.0,-1.0,-1
1.17152,1.17152,1.17151,1.17152,-1.0,-1.0,-1
1.17152,1.17152,1.17151,1.17151,-1.0,-1.0,-1
1.17151,1.17152,1.17151,1.171515,-1.0,-1.0,-1
1.171515,1.17152,1.171515,1.17152,-1.0,-1.0,-1
1.17152,1.17152,1.171445,1.17146,-1.0,-1.0,-1
1.17146,1.171465,1.17144,1.171445,-1.0,-1.0,-1
1.171445,1.171445,1.17144,1.17144,-1.0,-1.0,-1
1.17144,1.17144,1.17144,1.17144,-1.0,-1.0,-1
1.17144,1.17144,1.17141,1.17142,-1.0,-1.0,-1
1.17142,1.17142,1.171415,1.17142,-1.0,-1.0,-1
1.17142,1.17142,1.171395,1.17142,-1.0,-1.0,-1
1.17142,1.17142,1.171405,1.171415,-1.0,-1.0,-1
1.171415,1.17142,1.171415,1.17142,-1.0,-1.0,-1
1.17142,1.17142,1.171415,1.17142,-1.0,-1.0,-1
1.17142,1.17142,1.171415,1.17142,-1.0,-1.0,-1
1.17142,1.17142,1.171415,1.17142,-1.0,-1.0,-1
1.17142,1.17142,1.17139,1.171395,-1.0,-1.0,-1
1.171395,1.1714,1.171385,1.17139,-1.0,-1.0,-1
1.17139,1.17139,1.17139,1.17139,-1.0,-1.0,-1
1.17139,1.17139,1.171385,1.171385,-1.0,-1.0,-1
1.171385,1.171385,1.171385,1.171385,-1.0,-1.0,-1
1.171385,1.17139,1.171385,1.17139,-1.0,-1.0,-1
1.17139,1.17139,1.17139,1.17139,-1.0,-1.0,-1
1.17139,1.1714,1.171385,1.171385,-1.0,-1.0,-1
1.171385,1.1714,1.171385,1.1714,-1.0,-1.0,-1
1.1714,1.171405,1.17139,1.17139,-1.0,-1.0,-1
1.17139,1.171415,1.17139,1.171415,-1.0,-1.0,-1
1.171415,1.171425,1.17141,1.171425,-1.0,-1.0,-1
1.171425,1.171425,1.171425,1.171425,-1.0,-1.0,-1
1.171425,1.171425,1.171425,1.171425,-1.0,-1.0,-1
1.171425,1.17144,1.171425,1.17144,-1.0,-1.0,-1
1.17144,1.17144,1.17144,1.17144,-1.0,-1.0,-1
1.17144,1.17144,1.17144,1.17144,-1.0,-1.0,-1
1.17144,1.17144,1.171435,1.171435,-1.0,-1.0,-1
1.171435,1.171435,1.17139,1.17139,-1.0,-1.0,-1
1.17139,1.171415,1.171375,1.171415,-1.0,-1.0,-1
1.171415,1.17142,1.17141,1.171415,-1.0,-1.0,-1
1.171415,1.17143,1.17141,1.17142,-1.0,-1.0,-1
1.17142,1.171425,1.17142,1.171425,-1.0,-1.0,-1
1.171425,1.171425,1.171425,1.171425,-1.0,-1.0,-1
1.171425,1.171425,1.17142,1.171425,-1.0,-1.0,-1
1.171425,1.171435,1.171425,1.171425,-1.0,-1.0,-1
1.171425,1.171435,1.17142,1.17142,-1.0,-1.0,-1
1.17142,1.171425,1.17142,1.17142,-1.0,-1.0,-1
1.17142,1.17142,1.17142,1.17142,-1.0,-1.0,-1
1.17142,1.171435,1.17142,1.171425,-1.0,-1.0,-1
1.171425,1.171425,1.171425,1.171425,-1.0,-1.0,-1
1.171425,1.17144,1.171425,1.17144,-1.0,-1.0,-1
1.17144,1.17144,1.171435,1.171435,-1.0,-1.0,-1
1.171435,1.171435,1.17143,1.17143,-1.0,-1.0,-1
1.17143,1.17143,1.171425,1.171425,-1.0,-1.0,-1
1.171425,1.171435,1.171425,1.171435,-1.0,-1.0,-1
1.171435,1.17144,1.171435,1.17144,-1.0,-1.0,-1
1.17144,1.17144,1.17144,1.17144,-1.0,-1.0,-1
1.17144,1.171445,1.17143,1.171445,-1.0,-1.0,-1
1.171445,1.171445,1.171425,1.171425,-1.0,-1.0,-1
1.171425,1.171425,1.171425,1.171425,-1.0,-1.0,-1
1.171425,1.171425,1.1714,1.171425,-1.0,-1.0,-1
1.171425,1.171425,1.171425,1.171425,-1.0,-1.0,-1
1.171425,1.171425,1.171425,1.171425,-1.0,-1.0,-1
1.171425,1.171425,1.171425,1.171425,-1.0,-1.0,-1
1.171425,1.171445,1.171425,1.17143,-1.0,-1.0,-1
1.17143,1.17143,1.17142,1.17142,-1.0,-1.0,-1
1.17142,1.171425,1.17142,1.171425,-1.0,-1.0,-1
1.171425,1.17143,1.17142,1.17142,-1.0,-1.0,-1
1.17142,1.171425,1.17142,1.17142,-1.0,-1.0,-1
1.17142,1.171425,1.17142,1.17142,-1.0,-1.0,-1
1.17142,1.17143,1.17142,1.171425,-1.0,-1.0,-1
1.171425,1.17144,1.171415,1.171415,-1.0,-1.0,-1
1.171415,1.17142,1.17141,1.17142,-1.0,-1.0,-1
1.17142,1.17142,1.17142,1.17142,-1.0,-1.0,-1
1.17142,1.171425,1.17142,1.17142,-1.0,-1.0,-1
1.17142,1.171425,1.17142,1.171425,-1.0,-1.0,-1
1.171425,1.171425,1.17142,1.17142,-1.0,-1.0,-1
1.17142,1.17142,1.17142,1.17142,-1.0,-1.0,-1
1.17142,1.17143,1.17141,1.171415,-1.0,-1.0,-1
1.171415,1.171415,1.17141,1.171415,-1.0,-1.0,-1
1.171415,1.171415,1.17139,1.17139,-1.0,-1.0,-1
1.17139,1.17139,1.17139,1.17139,-1.0,-1.0,-1
1.17139,1.171395,1.17139,1.171395,-1.0,-1.0,-1
1.171395,1.171395,1.171395,1.171395,-1.0,-1.0,-1
1.171395,1.171395,1.171395,1.171395,-1.0,-1.0,-1
1.171395,1.17141,1.171395,1.171405,-1.0,-1.0,-1
1.171405,1.171425,1.171395,1.171425,-1.0,-1.0,-1
1.171425,1.171495,1.17142,1.171485,-1.0,-1.0,-1
1.171485,1.171495,1.171485,1.171495,-1.0,-1.0,-1
1.171495,1.171495,1.17149,1.171495,-1.0,-1.0,-1
1.171495,1.171495,1.17149,1.171495,-1.0,-1.0,-1
1.171495,1.171495,1.17149,1.171495,-1.0,-1.0,-1
1.171495,1.171495,1.17149,1.171495,-1.0,-1.0,-1
1.171495,1.171495,1.17148,1.171485,-1.0,-1.0,-1
1.171485,1.171485,1.17144,1.171445,-1.0,-1.0,-1
1.171445,1.171445,1.171445,1.171445,-1.0,-1.0,-1
1.171445,1.171445,1.171445,1.171445,-1.0,-1.0,-1
1.171445,1.171445,1.171445,1.171445,-1.0,-1.0,-1
1.171445,1.171445,1.171445,1.171445,-1.0,-1.0,-1
1.171445,1.171445,1.171445,1.171445,-1.0,-1.0,-1
1.171445,1.171445,1.171445,1.171445,-1.0,-1.0,-1
1.171445,1.171445,1.17144,1.17144,-1.0,-1.0,-1
1.17144,1.17144,1.171425,1.171435,-1.0,-1.0,-1
1.171435,1.171435,1.1714,1.17143,-1.0,-1.0,-1
1.17143,1.17143,1.171425,1.171425,-1.0,-1.0,-1
1.171425,1.171425,1.17139,1.171395,-1.0,-1.0,-1
1.171395,1.171395,1.17139,1.17139,-1.0,-1.0,-1
1.17139,1.17139,1.17139,1.17139,-1.0,-1.0,-1
1.17139,1.17142,1.17139,1.171415,-1.0,-1.0,-1
1.171415,1.171415,1.171395,1.171395,-1.0,-1.0,-1
1.171395,1.171395,1.171395,1.171395,-1.0,-1.0,-1
1.171395,1.171395,1.171395,1.171395,-1.0,-1.0,-1
1.171395,1.171395,1.17139,1.17139,-1.0,-1.0,-1
1.17139,1.17139,1.17139,1.17139,-1.0,-1.0,-1
1.17139,1.17139,1.171365,1.171375,-1.0,-1.0,-1
1.171375,1.171385,1.171375,1.171385,-1.0,-1.0,-1
1.171385,1.171385,1.17135,1.17137,-1.0,-1.0,-1
1.17137,1.171375,1.17137,1.17137,-1.0,-1.0,-1
1.17137,1.171385,1.171365,1.171385,-1.0,-1.0,-1
1.171385,1.171385,1.171385,1.171385,-1.0,-1.0,-1
1.171385,1.171385,1.171385,1.171385,-1.0,-1.0,-1
1.171385,1.171385,1.171385,1.171385,-1.0,-1.0,-1
1.171385,1.171385,1.171385,1.171385,-1.0,-1.0,-1
1.171385,1.171395,1.171385,1.171395,-1.0,-1.0,-1
1.171395,1.171395,1.17139,1.17139,-1.0,-1.0,-1
1.17139,1.17139,1.171365,1.171365,-1.0,-1.0,-1
1.171365,1.17138,1.171355,1.171365,-1.0,-1.0,-1
1.171365,1.171365,1.171365,1.171365,-1.0,-1.0,-1
1.171365,1.17139,1.171365,1.17137,-1.0,-1.0,-1
1.17137,1.171375,1.17137,1.17137,-1.0,-1.0,-1
1.17137,1.171375,1.17137,1.17137,-1.0,-1.0,-1
1.17137,1.171375,1.17137,1.17137,-1.0,-1.0,-1
1.17137,1.171385,1.17137,1.171385,-1.0,-1.0,-1
1.171385,1.171385,1.17137,1.17137,-1.0,-1.0,-1
1.17137,1.171385,1.17137,1.171385,-1.0,-1.0,-1
1.171385,1.171385,1.171385,1.171385,-1.0,-1.0,-1
1.171385,1.171395,1.171385,1.17139,-1.0,-1.0,-1
1.17139,1.17139,1.17139,1.17139,-1.0,-1.0,-1
1.17139,1.171395,1.17139,1.171395,-1.0,-1.0,-1
1.171395,1.171395,1.171395,1.171395,-1.0,-1.0,-1
1.171395,1.171415,1.171395,1.171415,-1.0,-1.0,-1
1.171415,1.171415,1.17141,1.171415,-1.0,-1.0,-1
1.171415,1.171415,1.17141,1.171415,-1.0,-1.0,-1
1.171415,1.17142,1.171405,1.17142,-1.0,-1.0,-1
1.17142,1.17142,1.171405,1.17142,-1.0,-1.0,-1
1.17142,1.17142,1.171415,1.17142,-1.0,-1.0,-1
1.17142,1.17142,1.17142,1.17142,-1.0,-1.0,-1
1.17142,1.17143,1.17142,1.17143,-1.0,-1.0,-1
1.17143,1.17143,1.17143,1.17143,-1.0,-1.0,-1
1.17143,1.171435,1.17143,1.171435,-1.0,-1.0,-1
1.171435,1.171435,1.17143,1.17143,-1.0,-1.0,-1
1.17143,1.171435,1.17143,1.171435,-1.0,-1.0,-1
1.171435,1.171435,1.17142,1.17142,-1.0,-1.0,-1
1.17142,1.171425,1.17142,1.171425,-1.0,-1.0,-1
1.171425,1.171425,1.171425,1.171425,-1.0,-1.0,-1
1.171425,1.171425,1.171425,1.171425,-1.0,-1.0,-1
1.171425,1.171425,1.171425,1.171425,-1.0,-1.0,-1
1.171425,1.171425,1.171425,1.171425,-1.0,-1.0,-1
1.171425,1.171425,1.171425,1.171425,-1.0,-1.0,-1
1.171425,1.17144,1.171425,1.17144,-1.0,-1.0,-1
1.17144,1.17144,1.17144,1.17144,-1.0,-1.0,-1
1.17144,1.17144,1.1714,1.171405,-1.0,-1.0,-1
1.171405,1.17141,1.17139,1.17139,-1.0,-1.0,-1
1.17139,1.171395,1.17139,1.171395,-1.0,-1.0,-1
1.171395,1.171395,1.171395,1.171395,-1.0,-1.0,-1
1.171395,1.171395,1.171395,1.171395,-1.0,-1.0,-1
1.171395,1.171395,1.171395,1.171395,-1.0,-1.0,-1
1.171395,1.171395,1.171385,1.171385,-1.0,-1.0,-1
1.171385,1.171385,1.171385,1.171385,-1.0,-1.0,-1
1.171385,1.171395,1.171375,1.171375,-1.0,-1.0,-1
1.171375,1.17139,1.171375,1.17139,-1.0,-1.0,-1
1.17139,1.17139,1.171385,1.171385,-1.0,-1.0,-1
1.171385,1.171385,1.171385,1.171385,-1.0,-1.0,-1
1.171385,1.171385,1.171385,1.171385,-1.0,-1.0,-1
1.171385,1.17139,1.171385,1.17139,-1.0,-1.0,-1
1.17139,1.171395,1.171385,1.171395,-1.0,-1.0,-1
1.171395,1.171415,1.171395,1.171415,-1.0,-1.0,-1
1.171415,1.17143,1.17141,1.17143,-1.0,-1.0,-1
1.17143,1.171435,1.17143,1.171435,-1.0,-1.0,-1
1.171435,1.171445,1.171435,1.171445,-1.0,-1.0,-1
1.171445,1.171445,1.171435,1.171435,-1.0,-1.0,-1
1.171435,1.171435,1.17143,1.17143,-1.0,-1.0,-1
1.17143,1.17143,1.1714,1.1714,-1.0,-1.0,-1
1.1714,1.171405,1.1714,1.171405,-1.0,-1.0,-1
1.171405,1.171425,1.171395,1.171425,-1.0,-1.0,-1
1.171425,1.171425,1.171425,1.171425,-1.0,-1.0,-1
1.171425,1.17143,1.171425,1.17143,-1.0,-1.0,-1
1.17143,1.17143,1.17143,1.17143,-1.0,-1.0,-1
1.17143,1.171435,1.17143,1.17143,-1.0,-1.0,-1
1.17143,1.17143,1.17143,1.17143,-1.0,-1.0,-1
1.17143,1.17143,1.17143,1.17143,-1.0,-1.0,-1
1.17143,1.17143,1.17143,1.17143,-1.0,-1.0,-1
1.17143,1.17143,1.17143,1.17143,-1.0,-1.0,-1
1.17143,1.171435,1.17143,1.171435,-1.0,-1.0,-1
1.171435,1.171435,1.17143,1.17143,-1.0,-1.0,-1
1.17143,1.17143,1.17143,1.17143,-1.0,-1.0,-1
1.17143,1.171435,1.17143,1.171435,-1.0,-1.0,-1
1.171435,1.171435,1.171435,1.171435,-1.0,-1.0,-1
1.171435,1.171435,1.171435,1.171435,-1.0,-1.0,-1
1.171435,1.171435,1.17143,1.17143,-1.0,-1.0,-1
1.17143,1.171435,1.17143,1.171435,-1.0,-1.0,-1
1.171435,1.171435,1.171395,1.17143,-1.0,-1.0,-1
1.17143,1.17143,1.17143,1.17143,-1.0,-1.0,-1
1.17143,1.171435,1.17143,1.17143,-1.0,-1.0,-1
1.17143,1.17143,1.17143,1.17143,-1.0,-1.0,-1
1.17143,1.17143,1.17143,1.17143,-1.0,-1.0,-1
1.17143,1.171435,1.17143,1.171435,-1.0,-1.0,-1
1.171435,1.171435,1.171435,1.171435,-1.0,-1.0,-1
1.171435,1.171435,1.171435,1.171435,-1.0,-1.0,-1
1.171435,1.171445,1.171435,1.171445,-1.0,-1.0,-1
1.171445,1.171445,1.171445,1.171445,-1.0,-1.0,-1
1.171445,1.171445,1.171445,1.171445,-1.0,-1.0,-1
1.171445,1.171445,1.17144,1.17144,-1.0,-1.0,-1
1.17144,1.17144,1.17144,1.17144,-1.0,-1.0,-1
1.17144,1.17144,1.17144,1.17144,-1.0,-1.0,-1
1.17144,1.17144,1.17139,1.17139,-1.0,-1.0,-1
1.17139,1.17139,1.171385,1.17139,-1.0,-1.0,-1
1.17139,1.171405,1.17139,1.171405,-1.0,-1.0,-1
1.171405,1.171405,1.1714,1.1714,-1.0,-1.0,-1
1.1714,1.1714,1.1714,1.1714,-1.0,-1.0,-1
1.1714,1.1714,1.171395,1.1714,-1.0,-1.0,-1
1.1714,1.1714,1.1714,1.1714,-1.0,-1.0,-1
1.1714,1.1714,1.1714,1.1714,-1.0,-1.0,-1
1.1714,1.1714,1.1714,1.1714,-1.0,-1.0,-1
1.1714,1.1714,1.171395,1.171395,-1.0,-1.0,-1
1.171395,1.171395,1.171395,1.171395,-1.0,-1.0,-1
1.171395,1.171395,1.171395,1.171395,-1.0,-1.0,-1
1.171395,1.171395,1.171395,1.171395,-1.0,-1.0,-1
1.171395,1.171395,1.17139,1.171395,-1.0,-1.0,-1
1.171395,1.171395,1.171395,1.171395,-1.0,-1.0,-1
1.171395,1.171395,1.171385,1.17139,-1.0,-1.0,-1
1.17139,1.17139,1.17134,1.17134,-1.0,-1.0,-1
1.17134,1.171345,1.17134,1.17134,-1.0,-1.0,-1
1.17134,1.17139,1.17134,1.17139,-1.0,-1.0,-1
1.17139,1.17139,1.171385,1.17139,-1.0,-1.0,-1
1.17139,1.17139,1.171385,1.171385,-1.0,-1.0,-1
1.171385,1.171385,1.171375,1.171385,-1.0,-1.0,-1
1.171385,1.171385,1.171385,1.171385,-1.0,-1.0,-1
1.171385,1.171385,1.17136,1.171385,-1.0,-1.0,-1
1.171385,1.171385,1.17136,1.171365,-1.0,-1.0,-1
1.171365,1.171365,1.171335,1.171345,-1.0,-1.0,-1
1.171345,1.171345,1.17134,1.17134,-1.0,-1.0,-1
1.17134,1.17134,1.171325,1.17133,-1.0,-1.0,-1
1.17133,1.17133,1.17128,1.171295,-1.0,-1.0,-1
1.171295,1.171295,1.17126,1.17126,-1.0,-1.0,-1
1.17126,1.17127,1.17126,1.17127,-1.0,-1.0,-1
1.17127,1.17127,1.17127,1.17127,-1.0,-1.0,-1
1.17127,1.171285,1.17127,1.17127,-1.0,-1.0,-1
1.17127,1.17127,1.171265,1.171265,-1.0,-1.0,-1
1.171265,1.17127,1.17122,1.171245,-1.0,-1.0,-1
1.171245,1.17125,1.171235,1.171245,-1.0,-1.0,-1
1.171245,1.171245,1.171235,1.17124,-1.0,-1.0,-1
1.17124,1.17126,1.171235,1.17126,-1.0,-1.0,-1
1.17126,1.17126,1.171255,1.171255,-1.0,-1.0,-1
1.171255,1.171255,1.171255,1.171255,-1.0,-1.0,-1
1.171255,1.171265,1.171255,1.171265,-1.0,-1.0,-1
1.171265,1.171265,1.171255,1.171255,-1.0,-1.0,-1
1.171255,1.171265,1.171255,1.171265,-1.0,-1.0,-1
1.171265,1.171265,1.171255,1.171255,-1.0,-1.0,-1
1.171255,1.171255,1.171235,1.17124,-1.0,-1.0,-1
1.17124,1.17125,1.171235,1.17124,-1.0,-1.0,-1
1.17124,1.171245,1.171235,1.171245,-1.0,-1.0,-1
1.171245,1.171245,1.171235,1.17124,-1.0,-1.0,-1
1.17124,1.17124,1.171215,1.171225,-1.0,-1.0,-1
1.171225,1.171225,1.171225,1.171225,-1.0,-1.0,-1
1.171225,1.171235,1.171225,1.171225,-1.0,-1.0,-1
1.171225,1.171225,1.17122,1.171225,-1.0,-1.0,-1
1.171225,1.171235,1.17121,1.17123,-1.0,-1.0,-1
1.17123,1.17123,1.171225,1.171225,-1.0,-1.0,-1
1.171225,1.17123,1.171225,1.171225,-1.0,-1.0,-1
1.171225,1.171225,1.171225,1.171225,-1.0,-1.0,-1
1.171225,1.17123,1.17118,1.171185,-1.0,-1.0,-1
1.171185,1.171185,1.171185,1.171185,-1.0,-1.0,-1
1.171185,1.17119,1.171185,1.17119,-1.0,-1.0,-1
1.17119,1.17119,1.17119,1.17119,-1.0,-1.0,-1
1.17119,1.17119,1.17119,1.17119,-1.0,-1.0,-1
1.17119,1.17119,1.17118,1.17118,-1.0,-1.0,-1
1.17118,1.17118,1.17118,1.17118,-1.0,-1.0,-1
1.17118,1.171185,1.17118,1.17118,-1.0,-1.0,-1
1.17118,1.17118,1.17118,1.17118,-1.0,-1.0,-1
1.17118,1.17119,1.17118,1.17118,-1.0,-1.0,-1
1.17118,1.171235,1.17118,1.171235,-1.0,-1.0,-1
1.171235,1.1713,1.171225,1.171275,-1.0,-1.0,-1
1.171275,1.171275,1.171265,1.17127,-1.0,-1.0,-1
1.17127,1.17127,1.17123,1.171235,-1.0,-1.0,-1
1.171235,1.17124,1.171225,1.17124,-1.0,-1.0,-1
1.17124,1.171245,1.171235,1.171245,-1.0,-1.0,-1
1.171245,1.171255,1.171245,1.171245,-1.0,-1.0,-1
1.171245,1.171245,1.17121,1.17121,-1.0,-1.0,-1
1.17121,1.17124,1.17121,1.17124,-1.0,-1.0,-1
1.17124,1.17124,1.17121,1.171215,-1.0,-1.0,-1
1.171215,1.17124,1.171215,1.17124,-1.0,-1.0,-1
1.17124,1.17124,1.171225,1.17124,-1.0,-1.0,-1
1.17124,1.17124,1.171225,1.171235,-1.0,-1.0,-1
1.171235,1.17124,1.171225,1.17124,-1.0,-1.0,-1
1.17124,1.17124,1.171225,1.171225,-1.0,-1.0,-1
1.171225,1.17124,1.171225,1.17123,-1.0,-1.0,-1
1.17123,1.171245,1.17123,1.171245,-1.0,-1.0,-1
1.171245,1.171275,1.171245,1.17125,-1.0,-1.0,-1
1.17125,1.17125,1.17125,1.17125,-1.0,-1.0,-1
1.17125,1.17125,1.171245,1.171245,-1.0,-1.0,-1
1.171245,1.17126,1.171245,1.17126,-1.0,-1.0,-1
1.17126,1.17126,1.17125,1.171255,-1.0,-1.0,-1
1.171255,1.171255,1.17125,1.171255,-1.0,-1.0,-1
1.171255,1.171255,1.171235,1.17124,-1.0,-1.0,-1
1.17124,1.17124,1.171235,1.17124,-1.0,-1.0,-1
1.17124,1.17124,1.171235,1.17124,-1.0,-1.0,-1
1.17124,1.17124,1.171235,1.17124,-1.0,-1.0,-1
1.17124,1.17124,1.171225,1.171225,-1.0,-1.0,-1
1.171225,1.17123,1.171215,1.171225,-1.0,-1.0,-1
1.171225,1.171225,1.17119,1.17119,-1.0,-1.0,-1
1.17119,1.1712,1.17118,1.171185,-1.0,-1.0,-1
1.171185,1.17119,1.17118,1.171185,-1.0,-1.0,-1
1.171185,1.171185,1.17118,1.171185,-1.0,-1.0,-1
1.171185,1.171185,1.171185,1.171185,-1.0,-1.0,-1
1.171185,1.171215,1.171185,1.171205,-1.0,-1.0,-1
1.171205,1.171205,1.171185,1.171185,-1.0,-1.0,-1
1.171185,1.17119,1.171165,1.17119,-1.0,-1.0,-1
1.17119,1.17121,1.17119,1.17121,-1.0,-1.0,-1
1.17121,1.17121,1.171205,1.171205,-1.0,-1.0,-1
1.171205,1.171205,1.17119,1.17119,-1.0,-1.0,-1
1.17119,1.17122,1.17119,1.17122,-1.0,-1.0,-1
1.17122,1.171235,1.171205,1.17121,-1.0,-1.0,-1
1.17121,1.171235,1.17121,1.171225,-1.0,-1.0,-1
1.171225,1.171235,1.171225,1.171235,-1.0,-1.0,-1
1.171235,1.171235,1.171215,1.17122,-1.0,-1.0,-1
1.17122,1.171295,1.17122,1.171295,-1.0,-1.0,-1
1.171295,1.17151,1.171295,1.171505,-1.0,-1.0,-1
1.171505,1.17167,1.17149,1.17157,-1.0,-1.0,-1
1.17157,1.17157,1.17141,1.17141,-1.0,-1.0,-1
1.17141,1.171435,1.17139,1.171435,-1.0,-1.0,-1
1.171435,1.171435,1.17139,1.17139,-1.0,-1.0,-1
1.17139,1.171435,1.171385,1.171385,-1.0,-1.0,-1
1.171385,1.171425,1.171385,1.17142,-1.0,-1.0,-1
1.17142,1.171425,1.17141,1.171415,-1.0,-1.0,-1
1.171415,1.171415,1.171385,1.171385,-1.0,-1.0,-1
1.171385,1.17139,1.171385,1.171385,-1.0,-1.0,-1
1.171385,1.17143,1.171385,1.17143,-1.0,-1.0,-1
1.17143,1.17143,1.171355,1.17136,-1.0,-1.0,-1
1.17136,1.171375,1.17136,1.17137,-1.0,-1.0,-1
1.17137,1.171385,1.17136,1.17136,-1.0,-1.0,-1
1.17136,1.171365,1.17136,1.17136,-1.0,-1.0,-1
1.17136,1.17139,1.17136,1.171385,-1.0,-1.0,-1
1.171385,1.171385,1.171365,1.171365,-1.0,-1.0,-1
1.171365,1.171375,1.171365,1.17137,-1.0,-1.0,-1
1.17137,1.171385,1.17137,1.171385,-1.0,-1.0,-1
1.171385,1.171385,1.171385,1.171385,-1.0,-1.0,-1
1.171385,1.17143,1.171385,1.171395,-1.0,-1.0,-1
1.171395,1.171395,1.171395,1.171395,-1.0,-1.0,-1
1.171395,1.171395,1.171395,1.171395,-1.0,-1.0,-1
1.171395,1.171395,1.17139,1.17139,-1.0,-1.0,-1
1.17139,1.17142,1.17139,1.17141,-1.0,-1.0,-1
1.17141,1.17145,1.171405,1.171445,-1.0,-1.0,-1
1.171445,1.171445,1.171435,1.171435,-1.0,-1.0,-1
1.171435,1.17147,1.171435,1.171465,-1.0,-1.0,-1
1.171465,1.17148,1.171465,1.17148,-1.0,-1.0,-1
1.17148,1.171485,1.17148,1.171485,-1.0,-1.0,-1
1.171485,1.171485,1.171485,1.171485,-1.0,-1.0,-1
1.171485,1.171485,1.171445,1.17148,-1.0,-1.0,-1
1.17148,1.17148,1.171475,1.17148,-1.0,-1.0,-1
1.17148,1.17148,1.17148,1.17148,-1.0,-1.0,-1
1.17148,1.17148,1.17148,1.17148,-1.0,-1.0,-1
1.17148,1.17148,1.17148,1.17148,-1.0,-1.0,-1
1.17148,1.17148,1.17148,1.17148,-1.0,-1.0,-1
1.17148,1.17148,1.17145,1.17145,-1.0,-1.0,-1
1.17145,1.17145,1.171435,1.171435,-1.0,-1.0,-1
1.171435,1.17144,1.171435,1.17144,-1.0,-1.0,-1
1.17144,1.17144,1.17144,1.17144,-1.0,-1.0,-1
1.17144,1.17144,1.17144,1.17144,-1.0,-1.0,-1
1.17144,1.17144,1.17144,1.17144,-1.0,-1.0,-1
1.17144,1.17144,1.17143,1.17144,-1.0,-1.0,-1
1.17144,1.17144,1.17144,1.17144,-1.0,-1.0,-1
1.17144,1.17148,1.17144,1.17148,-1.0,-1.0,-1
1.17148,1.17148,1.17148,1.17148,-1.0,-1.0,-1
1.17148,1.17148,1.17148,1.17148,-1.0,-1.0,-1
1.17148,1.171495,1.17148,1.171495,-1.0,-1.0,-1
1.171495,1.171495,1.17149,1.171495,-1.0,-1.0,-1
1.171495,1.171495,1.17148,1.17148,-1.0,-1.0,-1
1.17148,1.17148,1.17148,1.17148,-1.0,-1.0,-1
1.17148,1.17148,1.17148,1.17148,-1.0,-1.0,-1
1.17148,1.1715,1.17147,1.17148,-1.0,-1.0,-1
1.17148,1.171485,1.17148,1.17148,-1.0,-1.0,-1
1.17148,1.171485,1.17148,1.171485,-1.0,-1.0,-1
1.171485,1.171485,1.171485,1.171485,-1.0,-1.0,-1
1.171485,1.171485,1.171485,1.171485,-1.0,-1.0,-1
1.171485,1.171485,1.17147,1.17147,-1.0,-1.0,-1
1.17147,1.171495,1.17147,1.171495,-1.0,-1.0,-1
1.171495,1.171495,1.171485,1.171485,-1.0,-1.0,-1
1.171485,1.171485,1.171485,1.171485,-1.0,-1.0,-1
1.171485,1.1715,1.171485,1.17149,-1.0,-1.0,-1
1.17149,1.17149,1.17149,1.17149,-1.0,-1.0,-1
1.17149,1.17149,1.171485,1.17149,-1.0,-1.0,-1
1.17149,1.17156,1.171485,1.17154,-1.0,-1.0,-1
1.17154,1.17154,1.17154,1.17154,-1.0,-1.0,-1
1.17154,1.17154,1.17154,1.17154,-1.0,-1.0,-1
1.17154,1.17154,1.171485,1.171485,-1.0,-1.0,-1
1.171485,1.171485,1.171475,1.17148,-1.0,-1.0,-1
1.17148,1.17148,1.17148,1.17148,-1.0,-1.0,-1
1.17148,1.17148,1.17148,1.17148,-1.0,-1.0,-1
1.17148,1.17148,1.17148,1.17148,-1.0,-1.0,-1
1.17148,1.171485,1.17148,1.171485,-1.0,-1.0,-1
1.171485,1.171485,1.171485,1.171485,-1.0,-1.0,-1
1.171485,1.171485,1.17148,1.17148,-1.0,-1.0,-1
1.17148,1.171485,1.17148,1.171485,-1.0,-1.0,-1
1.171485,1.171485,1.17148,1.171485,-1.0,-1.0,-1
1.171485,1.1715,1.171485,1.171485,-1.0,-1.0,-1
1.171485,1.171485,1.171485,1.171485,-1.0,-1.0,-1
1.171485,1.171485,1.171485,1.171485,-1.0,-1.0,-1
1.171485,1.171485,1.171485,1.171485,-1.0,-1.0,-1
1.171485,1.171485,1.171485,1.171485,-1.0,-1.0,-1
1.171485,1.17152,1.171485,1.17152,-1.0,-1.0,-1
1.17152,1.171535,1.171505,1.17151,-1.0,-1.0,-1
1.17151,1.171515,1.17151,1.17151,-1.0,-1.0,-1
1.17151,1.17153,1.171485,1.171495,-1.0,-1.0,-1
1.171495,1.171495,1.171485,1.171485,-1.0,-1.0,-1
1.171485,1.171485,1.171485,1.171485,-1.0,-1.0,-1
1.171485,1.171485,1.171485,1.171485,-1.0,-1.0,-1
1.171485,1.171515,1.171485,1.171485,-1.0,-1.0,-1
1.171485,1.171485,1.171485,1.171485,-1.0,-1.0,-1
1.171485,1.171485,1.171485,1.171485,-1.0,-1.0,-1
1.171485,1.171485,1.171475,1.17148,-1.0,-1.0,-1
1.17148,1.17148,1.17148,1.17148,-1.0,-1.0,-1
1.17148,1.17148,1.17148,1.17148,-1.0,-1.0,-1
1.17148,1.17148,1.17148,1.17148,-1.0,-1.0,-1
1.17148,1.17148,1.17148,1.17148,-1.0,-1.0,-1
1.17148,1.17148,1.17148,1.17148,-1.0,-1.0,-1
1.17148,1.17148,1.17147,1.17147,-1.0,-1.0,-1
1.17147,1.171475,1.17144,1.17144,-1.0,-1.0,-1
1.17144,1.17144,1.171435,1.171435,-1.0,-1.0,-1
1.171435,1.17144,1.171435,1.171435,-1.0,-1.0,-1
1.171435,1.171435,1.17143,1.17143,-1.0,-1.0,-1
1.17143,1.171435,1.17143,1.171435,-1.0,-1.0,-1
1.171435,1.171445,1.17143,1.171445,-1.0,-1.0,-1
1.171445,1.17145,1.17143,1.171435,-1.0,-1.0,-1
1.171435,1.171475,1.171435,1.171475,-1.0,-1.0,-1
1.171475,1.17148,1.171475,1.17148,-1.0,-1.0,-1
1.17148,1.17148,1.17148,1.17148,-1.0,-1.0,-1
1.17148,1.17148,1.17148,1.17148,-1.0,-1.0,-1
1.17148,1.17148,1.17148,1.17148,-1.0,-1.0,-1
1.17148,1.17148,1.17148,1.17148,-1.0,-1.0,-1
1.17148,1.171485,1.17148,1.171485,-1.0,-1.0,-1
1.171485,1.171485,1.17148,1.17148,-1.0,-1.0,-1
1.17148,1.17148,1.17148,1.17148,-1.0,-1.0,-1
1.17148,1.17148,1.171445,1.17148,-1.0,-1.0,-1
1.17148,1.17148,1.171445,1.171445,-1.0,-1.0,-1
1.171445,1.17146,1.171445,1.171455,-1.0,-1.0,-1
1.171455,1.17146,1.17145,1.17145,-1.0,-1.0,-1
1.17145,1.17145,1.171385,1.171385,-1.0,-1.0,-1
1.171385,1.17141,1.171385,1.17141,-1.0,-1.0,-1
1.17141,1.17142,1.171405,1.17141,-1.0,-1.0,-1
1.17141,1.17141,1.171405,1.17141,-1.0,-1.0,-1
1.17141,1.17141,1.171385,1.17139,-1.0,-1.0,-1
1.17139,1.171405,1.17139,1.171405,-1.0,-1.0,-1
1.171405,1.171405,1.1714,1.171405,-1.0,-1.0,-1
1.171405,1.171405,1.1714,1.171405,-1.0,-1.0,-1
1.171405,1.171405,1.1714,1.171405,-1.0,-1.0,-1
1.171405,1.171405,1.171405,1.171405,-1.0,-1.0,-1
1.171405,1.171435,1.171405,1.17143,-1.0,-1.0,-1
1.17143,1.171435,1.17143,1.17143,-1.0,-1.0,-1
1.17143,1.171435,1.17143,1.17143,-1.0,-1.0,-1
1.17143,1.17144,1.17143,1.17144,-1.0,-1.0,-1
1.17144,1.17148,1.17144,1.171475,-1.0,-1.0,-1
1.171475,1.17148,1.171475,1.17148,-1.0,-1.0,-1
1.17148,1.17148,1.17145,1.17145,-1.0,-1.0,-1
1.17145,1.171485,1.17145,1.171485,-1.0,-1.0,-1
1.171485,1.171485,1.17148,1.17148,-1.0,-1.0,-1
1.17148,1.171485,1.17148,1.171485,-1.0,-1.0,-1
1.171485,1.171485,1.171475,1.17148,-1.0,-1.0,-1
1.17148,1.171485,1.17148,1.171485,-1.0,-1.0,-1
1.171485,1.171535,1.171485,1.171535,-1.0,-1.0,-1
1.171535,1.17155,1.17153,1.17154,-1.0,-1.0,-1
1.17154,1.17155,1.171535,1.171545,-1.0,-1.0,-1
1.171545,1.171565,1.17154,1.171565,-1.0,-1.0,-1
1.171565,1.17159,1.17156,1.171575,-1.0,-1.0,-1
1.171575,1.171575,1.17151,1.171535,-1.0,-1.0,-1
1.171535,1.171535,1.17153,1.17153,-1.0,-1.0,-1
1.17153,1.17155,1.17153,1.171545,-1.0,-1.0,-1
1.171545,1.17156,1.17154,1.17154,-1.0,-1.0,-1
1.17154,1.17154,1.17154,1.17154,-1.0,-1.0,-1
1.17154,1.17154,1.17153,1.17153,-1.0,-1.0,-1
1.17153,1.17153,1.17151,1.17151,-1.0,-1.0,-1
1.17151,1.17153,1.1715,1.17151,-1.0,-1.0,-1
1.17151,1.17152,1.17151,1.17151,-1.0,-1.0,-1
1.17151,1.17151,1.1715,1.17151,-1.0,-1.0,-1
1.17151,1.17151,1.17151,1.17151,-1.0,-1.0,-1
1.17151,1.17151,1.171505,1.171505,-1.0,-1.0,-1
1.171505,1.171505,1.171505,1.171505,-1.0,-1.0,-1
1.171505,1.171505,1.171505,1.171505,-1.0,-1.0,-1
1.171505,1.17156,1.171505,1.171555,-1.0,-1.0,-1
1.171555,1.171555,1.171555,1.171555,-1.0,-1.0,-1
1.171555,1.171555,1.171535,1.171535,-1.0,-1.0,-1
1.171535,1.171535,1.17153,1.17153,-1.0,-1.0,-1
1.17153,1.17153,1.171525,1.171525,-1.0,-1.0,-1
1.171525,1.171575,1.171525,1.171575,-1.0,-1.0,-1
1.171575,1.17158,1.171575,1.17158,-1.0,-1.0,-1
1.17158,1.17158,1.171575,1.171575,-1.0,-1.0,-1
1.171575,1.17159,1.171575,1.17158,-1.0,-1.0,-1
1.17158,1.17158,1.171575,1.171575,-1.0,-1.0,-1
1.171575,1.171575,1.171575,1.171575,-1.0,-1.0,-1
1.171575,1.171575,1.17155,1.17155,-1.0,-1.0,-1
1.17155,1.171575,1.17155,1.171575,-1.0,-1.0,-1
1.171575,1.171575,1.171565,1.17157,-1.0,-1.0,-1
1.17157,1.171575,1.17157,1.171575,-1.0,-1.0,-1
1.171575,1.171575,1.17157,1.171575,-1.0,-1.0,-1
1.171575,1.171575,1.171555,1.17157,-1.0,-1.0,-1
1.17157,1.17157,1.17156,1.17156,-1.0,-1.0,-1
1.17156,1.17156,1.17156,1.17156,-1.0,-1.0,-1
1.17156,1.171575,1.17156,1.171575,-1.0,-1.0,-1
1.171575,1.171575,1.17157,1.17157,-1.0,-1.0,-1
1.17157,1.17159,1.17157,1.17157,-1.0,-1.0,-1
1.17157,1.171575,1.17157,1.171575,-1.0,-1.0,-1
1.171575,1.171575,1.171575,1.171575,-1.0,-1.0,-1
1.171575,1.171575,1.171575,1.171575,-1.0,-1.0,-1
1.171575,1.17158,1.17157,1.17157,-1.0,-1.0,-1
1.17157,1.171575,1.171565,1.171565,-1.0,-1.0,-1
1.171565,1.17157,1.171565,1.17157,-1.0,-1.0,-1
1.17157,1.171575,1.17157,1.171575,-1.0,-1.0,-1
1.171575,1.171585,1.17157,1.171575,-1.0,-1.0,-1
1.171575,1.171575,1.171575,1.171575,-1.0,-1.0,-1
1.171575,1.171585,1.171575,1.171585,-1.0,-1.0,-1
1.171585,1.171585,1.17158,1.171585,-1.0,-1.0,-1
1.171585,1.17159,1.171575,1.17159,-1.0,-1.0,-1
1.17159,1.17159,1.171585,1.17159,-1.0,-1.0,-1
1.17159,1.17159,1.171585,1.17159,-1.0,-1.0,-1
1.17159,1.171595,1.171585,1.171595,-1.0,-1.0,-1
1.171595,1.17161,1.171595,1.17161,-1.0,-1.0,-1
1.17161,1.171635,1.17161,1.17163,-1.0,-1.0,-1
1.17163,1.171635,1.17163,1.17163,-1.0,-1.0,-1
1.17163,1.171635,1.171625,1.171625,-1.0,-1.0,-1
1.171625,1.171625,1.17158,1.1716,-1.0,-1.0,-1
1.1716,1.171605,1.171585,1.17159,-1.0,-1.0,-1
1.17159,1.17159,1.171585,1.17159,-1.0,-1.0,-1
1.17159,1.17159,1.171585,1.17159,-1.0,-1.0,-1
1.17159,1.17159,1.17158,1.17158,-1.0,-1.0,-1
1.17158,1.17158,1.17158,1.17158,-1.0,-1.0,-1
1.17158,1.17158,1.171575,1.171575,-1.0,-1.0,-1
1.171575,1.171575,1.17157,1.171575,-1.0,-1.0,-1
1.171575,1.171575,1.17157,1.171575,-1.0,-1.0,-1
1.171575,1.171585,1.17157,1.171585,-1.0,-1.0,-1
1.171585,1.171585,1.17157,1.17157,-1.0,-1.0,-1
1.17157,1.171575,1.17157,1.171575,-1.0,-1.0,-1
1.171575,1.171575,1.17154,1.171565,-1.0,-1.0,-1
1.171565,1.171575,1.17156,1.17157,-1.0,-1.0,-1
1.17157,1.171575,1.17157,1.171575,-1.0,-1.0,-1
1.171575,1.171575,1.171575,1.171575,-1.0,-1.0,-1
1.171575,1.17158,1.171575,1.171575,-1.0,-1.0,-1
1.171575,1.171575,1.171575,1.171575,-1.0,-1.0,-1
1.171575,1.171575,1.171575,1.171575,-1.0,-1.0,-1
1.171575,1.171575,1.171575,1.171575,-1.0,-1.0,-1
1.171575,1.171575,1.171575,1.171575,-1.0,-1.0,-1
1.171575,1.171575,1.171575,1.171575,-1.0,-1.0,-1
1.171575,1.171575,1.17157,1.171575,-1.0,-1.0,-1
1.171575,1.171575,1.171575,1.171575,-1.0,-1.0,-1
1.171575,1.171575,1.171575,1.171575,-1.0,-1.0,-1
1.171575,1.171575,1.171575,1.171575,-1.0,-1.0,-1
1.171575,1.171575,1.171575,1.171575,-1.0,-1.0,-1
1.171575,1.171575,1.171575,1.171575,-1.0,-1.0,-1
1.171575,1.171575,1.171575,1.171575,-1.0,-1.0,-1
1.171575,1.17159,1.171575,1.17159,-1.0,-1.0,-1
1.17159,1.17159,1.171585,1.17159,-1.0,-1.0,-1
1.17159,1.171595,1.171585,1.17159,-1.0,-1.0,-1
1.17159,1.17159,1.171575,1.171575,-1.0,-1.0,-1
1.171575,1.171575,1.17157,1.171575,-1.0,-1.0,-1
1.171575,1.171575,1.171575,1.171575,-1.0,-1.0,-1
1.171575,1.171575,1.171575,1.171575,-1.0,-1.0,-1
1.171575,1.171575,1.171575,1.171575,-1.0,-1.0,-1
1.171575,1.171595,1.171575,1.17159,-1.0,-1.0,-1
1.17159,1.17159,1.171585,1.17159,-1.0,-1.0,-1
1.17159,1.17159,1.171585,1.17159,-1.0,-1.0,-1
1.17159,1.17159,1.171585,1.17159,-1.0,-1.0,-1
1.17159,1.17159,1.171575,1.171575,-1.0,-1.0,-1
1.171575,1.171575,1.17154,1.171545,-1.0,-1.0,-1
1.171545,1.171565,1.171545,1.171565,-1.0,-1.0,-1
1.171565,1.171575,1.171565,1.17157,-1.0,-1.0,-1
1.17157,1.171575,1.17157,1.17157,-1.0,-1.0,-1
1.17157,1.171575,1.17157,1.171575,-1.0,-1.0,-1
1.171575,1.171575,1.171575,1.171575,-1.0,-1.0,-1
1.171575,1.171575,1.171575,1.171575,-1.0,-1.0,-1
1.171575,1.171575,1.171555,1.17156,-1.0,-1.0,-1
1.17156,1.17156,1.17156,1.17156,-1.0,-1.0,-1
1.17156,1.17156,1.171555,1.17156,-1.0,-1.0,-1
1.17156,1.171585,1.17156,1.171585,-1.0,-1.0,-1
1.171585,1.171585,1.17158,1.171585,-1.0,-1.0,-1
1.171585,1.171595,1.17158,1.171595,-1.0,-1.0,-1
1.171595,1.171595,1.171595,1.171595,-1.0,-1.0,-1
1.171595,1.171595,1.171595,1.171595,-1.0,-1.0,-1
1.171595,1.171595,1.171595,1.171595,-1.0,-1.0,-1
1.171595,1.171595,1.171595,1.171595,-1.0,-1.0,-1
1.171595,1.171595,1.171595,1.171595,-1.0,-1.0,-1
1.171595,1.171595,1.171595,1.171595,-1.0,-1.0,-1
1.171595,1.171595,1.171595,1.171595,-1.0,-1.0,-1
1.171595,1.171595,1.171595,1.171595,-1.0,-1.0,-1
1.171595,1.171595,1.17158,1.171585,-1.0,-1.0,-1
1.171585,1.171585,1.17158,1.171585,-1.0,-1.0,-1
1.171585,1.171585,1.17158,1.171585,-1.0,-1.0,-1
1.171585,1.171585,1.17158,1.171585,-1.0,-1.0,-1
1.171585,1.171585,1.17158,1.171585,-1.0,-1.0,-1
1.171585,1.171585,1.17158,1.171585,-1.0,-1.0,-1
1.171585,1.171585,1.17158,1.171585,-1.0,-1.0,-1
1.171585,1.171585,1.17158,1.171585,-1.0,-1.0,-1
1.171585,1.171585,1.17158,1.171585,-1.0,-1.0,-1
1.171585,1.171585,1.17158,1.171585,-1.0,-1.0,-1
1.171585,1.171585,1.17158,1.171585,-1.0,-1.0,-1
1.171585,1.171585,1.17158,1.171585,-1.0,-1.0,-1
1.171585,1.171585,1.17158,1.171585,-1.0,-1.0,-1
1.171585,1.171585,1.17156,1.17156,-1.0,-1.0,-1
1.17156,1.17156,1.17156,1.17156,-1.0,-1.0,-1
1.17156,1.171565,1.171525,1.171525,-1.0,-1.0,-1
1.171525,1.171525,1.17151,1.17151,-1.0,-1.0,-1
1.17151,1.171515,1.17151,1.17151,-1.0,-1.0,-1
1.17151,1.171515,1.17151,1.171515,-1.0,-1.0,-1
1.171515,1.171515,1.17151,1.171515,-1.0,-1.0,-1
1.171515,1.171525,1.171515,1.171515,-1.0,-1.0,-1
1.171515,1.171535,1.171515,1.171525,-1.0,-1.0,-1
1.171525,1.171525,1.17151,1.17151,-1.0,-1.0,-1
1.17151,1.17153,1.17151,1.17153,-1.0,-1.0,-1
1.17153,1.17153,1.171525,1.171525,-1.0,-1.0,-1
1.171525,1.17153,1.171525,1.17153,-1.0,-1.0,-1
1.17153,1.17153,1.17153,1.17153,-1.0,-1.0,-1
1.17153,1.171535,1.17153,1.17153,-1.0,-1.0,-1
1.17153,1.17153,1.17153,1.17153,-1.0,-1.0,-1
1.17153,1.17153,1.17153,1.17153,-1.0,-1.0,-1
1.17153,1.17153,1.17153,1.17153,-1.0,-1.0,-1
1.17153,1.17153,1.17153,1.17153,-1.0,-1.0,-1
1.17153,1.17154,1.17153,1.17153,-1.0,-1.0,-1
1.17153,1.17153,1.17153,1.17153,-1.0,-1.0,-1
1.17153,1.17153,1.17153,1.17153,-1.0,-1.0,-1
1.17153,1.17153,1.17148,1.17148,-1.0,-1.0,-1
1.17148,1.17148,1.17148,1.17148,-1.0,-1.0,-1
1.17148,1.17148,1.17148,1.17148,-1.0,-1.0,-1
1.17148,1.17148,1.17148,1.17148,-1.0,-1.0,-1
1.17148,1.17148,1.171475,1.171475,-1.0,-1.0,-1
1.171475,1.17148,1.171475,1.171475,-1.0,-1.0,-1
1.171475,1.171485,1.171475,1.17148,-1.0,-1.0,-1
1.17148,1.17148,1.17148,1.17148,-1.0,-1.0,-1
1.17148,1.17148,1.17148,1.17148,-1.0,-1.0,-1
1.17148,1.17148,1.17148,1.17148,-1.0,-1.0,-1
1.17148,1.17148,1.17148,1.17148,-1.0,-1.0,-1
1.17148,1.171485,1.17148,1.171485,-1.0,-1.0,-1
1.171485,1.171485,1.171485,1.171485,-1.0,-1.0,-1
1.171485,1.171485,1.17148,1.171485,-1.0,-1.0,-1
1.171485,1.171485,1.171475,1.17148,-1.0,-1.0,-1
1.17148,1.17148,1.17148,1.17148,-1.0,-1.0,-1
1.17148,1.17148,1.17148,1.17148,-1.0,-1.0,-1
1.17148,1.17148,1.171475,1.171475,-1.0,-1.0,-1
1.171475,1.17148,1.171475,1.17148,-1.0,-1.0,-1
1.17148,1.17148,1.171475,1.171475,-1.0,-1.0,-1
1.171475,1.17148,1.171475,1.17148,-1.0,-1.0,-1
1.17148,1.17148,1.17148,1.17148,-1.0,-1.0,-1
1.17148,1.17148,1.17148,1.17148,-1.0,-1.0,-1
1.17148,1.17148,1.171475,1.17148,-1.0,-1.0,-1
1.17148,1.17152,1.17148,1.171515,-1.0,-1.0,-1
1.171515,1.17152,1.171515,1.17152,-1.0,-1.0,-1
1.17152,1.17152,1.171515,1.171515,-1.0,-1.0,-1
1.171515,1.171515,1.17149,1.17151,-1.0,-1.0,-1
1.17151,1.17151,1.171495,1.1715,-1.0,-1.0,-1
1.1715,1.171515,1.171495,1.171515,-1.0,-1.0,-1
1.171515,1.171515,1.171515,1.171515,-1.0,-1.0,-1
1.171515,1.171515,1.171515,1.171515,-1.0,-1.0,-1
1.171515,1.17152,1.171515,1.17152,-1.0,-1.0,-1
1.17152,1.17152,1.171495,1.17151,-1.0,-1.0,-1
1.17151,1.17151,1.171495,1.1715,-1.0,-1.0,-1
1.1715,1.1715,1.171495,1.1715,-1.0,-1.0,-1
1.1715,1.17152,1.171495,1.17151,-1.0,-1.0,-1
1.17151,1.17151,1.1715,1.171505,-1.0,-1.0,-1
1.171505,1.17151,1.1715,1.17151,-1.0,-1.0,-1
1.17151,1.17151,1.171495,1.1715,-1.0,-1.0,-1
1.1715,1.1715,1.17149,1.171495,-1.0,-1.0,-1
1.171495,1.171495,1.171475,1.17148,-1.0,-1.0,-1
1.17148,1.17148,1.171475,1.171475,-1.0,-1.0,-1
1.171475,1.17148,1.171475,1.171475,-1.0,-1.0,-1
1.171475,1.17148,1.171475,1.17148,-1.0,-1.0,-1
1.17148,1.17148,1.17148,1.17148,-1.0,-1.0,-1
1.17148,1.17148,1.17148,1.17148,-1.0,-1.0,-1
1.17148,1.17148,1.171475,1.171475,-1.0,-1.0,-1
1.171475,1.171475,1.171465,1.171465,-1.0,-1.0,-1
1.171465,1.17147,1.171465,1.171465,-1.0,-1.0,-1
1.171465,1.171475,1.171455,1.171455,-1.0,-1.0,-1
1.171455,1.17148,1.171455,1.17148,-1.0,-1.0,-1
1.17148,1.17148,1.17148,1.17148,-1.0,-1.0,-1
1.17148,1.17148,1.17148,1.17148,-1.0,-1.0,-1
1.17148,1.17148,1.17148,1.17148,-1.0,-1.0,-1
1.17148,1.17148,1.171475,1.17148,-1.0,-1.0,-1
1.17148,1.17148,1.17148,1.17148,-1.0,-1.0,-1
1.17148,1.17148,1.17148,1.17148,-1.0,-1.0,-1
1.17148,1.17148,1.17148,1.17148,-1.0,-1.0,-1
1.17148,1.171485,1.17148,1.171485,-1.0,-1.0,-1
1.171485,1.171485,1.171485,1.171485,-1.0,-1.0,-1
1.171485,1.171485,1.171485,1.171485,-1.0,-1.0,-1
1.171485,1.171485,1.171485,1.171485,-1.0,-1.0,-1
1.171485,1.171485,1.171485,1.171485,-1.0,-1.0,-1
1.171485,1.171485,1.171485,1.171485,-1.0,-1.0,-1
1.171485,1.171515,1.171475,1.171505,-1.0,-1.0,-1
1.171505,1.171525,1.171485,1.171485,-1.0,-1.0,-1
1.171485,1.171495,1.171485,1.171495,-1.0,-1.0,-1
1.171495,1.1715,1.17149,1.1715,-1.0,-1.0,-1
1.1715,1.1715,1.171495,1.1715,-1.0,-1.0,-1
1.1715,1.1715,1.17149,1.171495,-1.0,-1.0,-1
1.171495,1.171495,1.17149,1.171495,-1.0,-1.0,-1
1.171495,1.171495,1.17149,1.171495,-1.0,-1.0,-1
1.171495,1.171495,1.17149,1.171495,-1.0,-1.0,-1
1.171495,1.171495,1.17149,1.171495,-1.0,-1.0,-1
1.171495,1.171495,1.17149,1.171495,-1.0,-1.0,-1
1.171495,1.171495,1.17149,1.171495,-1.0,-1.0,-1
1.171495,1.171495,1.171465,1.171465,-1.0,-1.0,-1
1.171465,1.17147,1.171465,1.171465,-1.0,-1.0,-1
1.171465,1.17147,1.171465,1.17147,-1.0,-1.0,-1
1.17147,1.17147,1.171465,1.171465,-1.0,-1.0,-1
1.171465,1.171475,1.171465,1.171475,-1.0,-1.0,-1
1.171475,1.17148,1.171475,1.171475,-1.0,-1.0,-1
1.171475,1.17148,1.171475,1.171475,-1.0,-1.0,-1
1.171475,1.171475,1.171475,1.171475,-1.0,-1.0,-1
1.171475,1.17148,1.171475,1.17148,-1.0,-1.0,-1
1.17148,1.17148,1.171475,1.171475,-1.0,-1.0,-1
1.171475,1.17148,1.17147,1.17148,-1.0,-1.0,-1
1.17148,1.17148,1.17148,1.17148,-1.0,-1.0,-1
1.17148,1.17148,1.17148,1.17148,-1.0,-1.0,-1
1.17148,1.17148,1.17148,1.17148,-1.0,-1.0,-1
1.17148,1.17148,1.17148,1.17148,-1.0,-1.0,-1
1.17148,1.17148,1.17148,1.17148,-1.0,-1.0,-1
1.17148,1.17148,1.17148,1.17148,-1.0,-1.0,-1
1.17148,1.171515,1.17148,1.171515,-1.0,-1.0,-1
1.171515,1.171515,1.171515,1.171515,-1.0,-1.0,-1
1.171515,1.171515,1.171515,1.171515,-1.0,-1.0,-1
1.171515,1.171515,1.171515,1.171515,-1.0,-1.0,-1
1.171515,1.171525,1.17151,1.171525,-1.0,-1.0,-1
1.171525,1.171525,1.171525,1.171525,-1.0,-1.0,-1
1.171525,1.171525,1.171525,1.171525,-1.0,-1.0,-1
1.171525,1.171525,1.171525,1.171525,-1.0,-1.0,-1
1.171525,1.171525,1.171525,1.171525,-1.0,-1.0,-1
1.171525,1.171525,1.171525,1.171525,-1.0,-1.0,-1
1.171525,1.171525,1.171525,1.171525,-1.0,-1.0,-1
1.171525,1.171525,1.171525,1.171525,-1.0,-1.0,-1
1.171525,1.171525,1.171525,1.171525,-1.0,-1.0,-1
1.171525,1.171525,1.171525,1.171525,-1.0,-1.0,-1
1.171525,1.171525,1.171525,1.171525,-1.0,-1.0,-1
1.171525,1.17153,1.171525,1.17153,-1.0,-1.0,-1
1.17153,1.17153,1.17153,1.17153,-1.0,-1.0,-1
1.17153,1.171565,1.17153,1.17154,-1.0,-1.0,-1
1.17154,1.17154,1.17154,1.17154,-1.0,-1.0,-1
1.17154,1.17154,1.17154,1.17154,-1.0,-1.0,-1
1.17154,1.17154,1.17154,1.17154,-1.0,-1.0,-1
1.17154,1.17154,1.17153,1.17153,-1.0,-1.0,-1
1.17153,1.17153,1.17153,1.17153,-1.0,-1.0,-1
1.17153,1.17153,1.171525,1.171525,-1.0,-1.0,-1
1.171525,1.17153,1.171525,1.171525,-1.0,-1.0,-1
1.171525,1.171535,1.17148,1.17148,-1.0,-1.0,-1
1.17148,1.17148,1.17148,1.17148,-1.0,-1.0,-1
1.17148,1.17148,1.17148,1.17148,-1.0,-1.0,-1
1.17148,1.171515,1.17148,1.171515,-1.0,-1.0,-1
1.171515,1.171515,1.171515,1.171515,-1.0,-1.0,-1
1.171515,1.171515,1.171515,1.171515,-1.0,-1.0,-1
1.171515,1.171535,1.171515,1.171535,-1.0,-1.0,-1
1.171535,1.171535,1.171535,1.171535,-1.0,-1.0,-1
1.171535,1.171535,1.171535,1.171535,-1.0,-1.0,-1
1.171535,1.171535,1.171535,1.171535,-1.0,-1.0,-1
1.171535,1.171535,1.171535,1.171535,-1.0,-1.0,-1
1.171535,1.171535,1.171535,1.171535,-1.0,-1.0,-1
1.171535,1.17156,1.171535,1.17154,-1.0,-1.0,-1
1.17154,1.17156,1.17154,1.17156,-1.0,-1.0,-1
1.17156,1.17156,1.17156,1.17156,-1.0,-1.0,-1
1.17156,1.17156,1.171535,1.17154,-1.0,-1.0,-1
1.17154,1.17154,1.17154,1.17154,-1.0,-1.0,-1
1.17154,1.17154,1.17154,1.17154,-1.0,-1.0,-1
1.17154,1.17154,1.17152,1.17152,-1.0,-1.0,-1
1.17152,1.17152,1.17152,1.17152,-1.0,-1.0,-1
1.17152,1.17152,1.17152,1.17152,-1.0,-1.0,-1
1.17152,1.17152,1.171515,1.171515,-1.0,-1.0,-1
1.171515,1.171515,1.171515,1.171515,-1.0,-1.0,-1
1.171515,1.171515,1.171515,1.171515,-1.0,-1.0,-1
1.171515,1.171515,1.171515,1.171515,-1.0,-1.0,-1
1.171515,1.171515,1.171515,1.171515,-1.0,-1.0,-1
1.171515,1.171515,1.171515,1.171515,-1.0,-1.0,-1
1.171515,1.171515,1.171515,1.171515,-1.0,-1.0,-1
1.171515,1.171515,1.171495,1.171505,-1.0,-1.0,-1
1.171505,1.171505,1.17148,1.171485,-1.0,-1.0,-1
1.171485,1.171485,1.171485,1.171485,-1.0,-1.0,-1
1.171485,1.171485,1.17148,1.17148,-1.0,-1.0,-1
1.17148,1.17148,1.171475,1.17148,-1.0,-1.0,-1
1.17148,1.17148,1.17148,1.17148,-1.0,-1.0,-1
1.17148,1.17148,1.17148,1.17148,-1.0,-1.0,-1
1.17148,1.17148,1.17148,1.17148,-1.0,-1.0,-1
1.17148,1.17148,1.17148,1.17148,-1.0,-1.0,-1
1.17148,1.171485,1.17148,1.171485,-1.0,-1.0,-1
1.171485,1.171485,1.17148,1.17148,-1.0,-1.0,-1
1.17148,1.17148,1.17148,1.17148,-1.0,-1.0,-1
1.17148,1.17148,1.17148,1.17148,-1.0,-1.0,-1
1.17148,1.17148,1.17148,1.17148,-1.0,-1.0,-1
1.17148,1.171495,1.17148,1.171495,-1.0,-1.0,-1
1.171495,1.171495,1.17149,1.171495,-1.0,-1.0,-1
1.171495,1.171495,1.17148,1.171485,-1.0,-1.0,-1
1.171485,1.171495,1.171485,1.171495,-1.0,-1.0,-1
1.171495,1.171495,1.17149,1.171495,-1.0,-1.0,-1
1.171495,1.171495,1.17149,1.171495,-1.0,-1.0,-1
1.171495,1.171495,1.171485,1.171485,-1.0,-1.0,-1
1.171485,1.171505,1.171485,1.171505,-1.0,-1.0,-1
1.171505,1.171505,1.1715,1.171505,-1.0,-1.0,-1
1.171505,1.171515,1.1715,1.171515,-1.0,-1.0,-1
1.171515,1.171515,1.171515,1.171515,-1.0,-1.0,-1
1.171515,1.171515,1.171515,1.171515,-1.0,-1.0,-1
1.171515,1.17154,1.171515,1.171535,-1.0,-1.0,-1
1.171535,1.171535,1.171535,1.171535,-1.0,-1.0,-1
1.171535,1.17154,1.171535,1.171535,-1.0,-1.0,-1
1.171535,1.171535,1.17153,1.17153,-1.0,-1.0,-1
1.17153,1.17154,1.17153,1.17154,-1.0,-1.0,-1
1.17154,1.17154,1.17154,1.17154,-1.0,-1.0,-1
1.17154,1.17154,1.171535,1.171535,-1.0,-1.0,-1
1.171535,1.17154,1.171535,1.17154,-1.0,-1.0,-1
1.17154,1.17154,1.171535,1.171535,-1.0,-1.0,-1
1.171535,1.171535,1.171535,1.171535,-1.0,-1.0,-1
1.171535,1.171535,1.171535,1.171535,-1.0,-1.0,-1
1.171535,1.171535,1.171535,1.171535,-1.0,-1.0,-1
1.171535,1.17154,1.171535,1.171535,-1.0,-1.0,-1
1.171535,1.17154,1.171535,1.17154,-1.0,-1.0,-1
1.17154,1.17154,1.171535,1.171535,-1.0,-1.0,-1
1.171535,1.171535,1.171535,1.171535,-1.0,-1.0,-1
1.171535,1.171535,1.171535,1.171535,-1.0,-1.0,-1
1.171535,1.17154,1.171535,1.17154,-1.0,-1.0,-1
1.17154,1.17154,1.17154,1.17154,-1.0,-1.0,-1
1.17154,1.17154,1.17154,1.17154,-1.0,-1.0,-1
1.17154,1.17154,1.17154,1.17154,-1.0,-1.0,-1
1.17154,1.17157,1.17154,1.171565,-1.0,-1.0,-1
1.171565,1.171565,1.171565,1.171565,-1.0,-1.0,-1
1.171565,1.171565,1.171565,1.171565,-1.0,-1.0,-1
1.171565,1.171585,1.171565,1.171585,-1.0,-1.0,-1
1.171585,1.171625,1.17158,1.171625,-1.0,-1.0,-1
1.171625,1.171625,1.171625,1.171625,-1.0,-1.0,-1
1.171625,1.17164,1.171625,1.171635,-1.0,-1.0,-1
1.171635,1.171685,1.171635,1.17166,-1.0,-1.0,-1
1.17166,1.17166,1.17166,1.17166,-1.0,-1.0,-1
1.17166,1.17166,1.17165,1.17165,-1.0,-1.0,-1
1.17165,1.17165,1.17165,1.17165,-1.0,-1.0,-1
1.17165,1.17165,1.171645,1.17165,-1.0,-1.0,-1
1.17165,1.171665,1.17165,1.171665,-1.0,-1.0,-1
1.171665,1.171665,1.171665,1.171665,-1.0,-1.0,-1
1.171665,1.17168,1.171665,1.17168,-1.0,-1.0,-1
1.17168,1.171735,1.171675,1.171735,-1.0,-1.0,-1
1.171735,1.17174,1.171735,1.171735,-1.0,-1.0,-1
1.171735,1.171735,1.171735,1.171735,-1.0,-1.0,-1
1.171735,1.17174,1.17173,1.171735,-1.0,-1.0,-1
1.171735,1.171735,1.17173,1.171735,-1.0,-1.0,-1
1.171735,1.171735,1.171735,1.171735,-1.0,-1.0,-1
1.171735,1.17174,1.171735,1.171735,-1.0,-1.0,-1
1.171735,1.171735,1.17169,1.17172,-1.0,-1.0,-1
1.17172,1.171725,1.171715,1.17172,-1.0,-1.0,-1
1.17172,1.171725,1.171715,1.171715,-1.0,-1.0,-1
1.171715,1.171725,1.171685,1.17169,-1.0,-1.0,-1
1.17169,1.17169,1.171685,1.17169,-1.0,-1.0,-1
1.17169,1.17169,1.171675,1.17168,-1.0,-1.0,-1
1.17168,1.171685,1.171675,1.171685,-1.0,-1.0,-1
1.171685,1.17169,1.171675,1.171685,-1.0,-1.0,-1
1.171685,1.171695,1.171675,1.171695,-1.0,-1.0,-1
1.171695,1.1717,1.17169,1.17169,-1.0,-1.0,-1
1.17169,1.17169,1.17169,1.17169,-1.0,-1.0,-1
1.17169,1.17169,1.171665,1.171685,-1.0,-1.0,-1
1.171685,1.17169,1.171685,1.17169,-1.0,-1.0,-1
1.17169,1.17169,1.171675,1.17168,-1.0,-1.0,-1
1.17168,1.17168,1.171675,1.17168,-1.0,-1.0,-1
1.17168,1.171685,1.171675,1.17168,-1.0,-1.0,-1
1.17168,1.171685,1.17167,1.17167,-1.0,-1.0,-1
1.17167,1.17167,1.17164,1.171645,-1.0,-1.0,-1
1.171645,1.171645,1.171645,1.171645,-1.0,-1.0,-1
1.171645,1.171645,1.171645,1.171645,-1.0,-1.0,-1
1.171645,1.171645,1.171645,1.171645,-1.0,-1.0,-1
1.171645,1.171645,1.171645,1.171645,-1.0,-1.0,-1
1.171645,1.171645,1.171645,1.171645,-1.0,-1.0,-1
1.171645,1.171645,1.171645,1.171645,-1.0,-1.0,-1
1.171645,1.171645,1.171635,1.171635,-1.0,-1.0,-1
1.171635,1.17164,1.17161,1.17162,-1.0,-1.0,-1
1.17162,1.17162,1.171615,1.171615,-1.0,-1.0,-1
1.171615,1.17162,1.171615,1.17162,-1.0,-1.0,-1
1.17162,1.171635,1.17161,1.17163,-1.0,-1.0,-1
1.17163,1.171635,1.17163,1.17163,-1.0,-1.0,-1
1.17163,1.171635,1.17163,1.17163,-1.0,-1.0,-1
1.17163,1.171635,1.17163,1.17163,-1.0,-1.0,-1
1.17163,1.171635,1.17163,1.17163,-1.0,-1.0,-1
1.17163,1.171635,1.17163,1.17163,-1.0,-1.0,-1
1.17163,1.171635,1.17155,1.17156,-1.0,-1.0,-1
1.17156,1.17159,1.17155,1.17159,-1.0,-1.0,-1
1.17159,1.17159,1.171575,1.171575,-1.0,-1.0,-1
1.171575,1.17159,1.171575,1.17159,-1.0,-1.0,-1
1.17159,1.17159,1.171585,1.17159,-1.0,-1.0,-1
1.17159,1.17159,1.171585,1.17159,-1.0,-1.0,-1
1.17159,1.17159,1.171585,1.17159,-1.0,-1.0,-1
1.17159,1.17159,1.171585,1.17159,-1.0,-1.0,-1
1.17159,1.1716,1.17157,1.17157,-1.0,-1.0,-1
1.17157,1.17157,1.17157,1.17157,-1.0,-1.0,-1
1.17157,1.17159,1.17157,1.17159,-1.0,-1.0,-1
1.17159,1.17159,1.17158,1.17159,-1.0,-1.0,-1
1.17159,1.17159,1.17158,1.17159,-1.0,-1.0,-1
1.17159,1.171595,1.171585,1.17159,-1.0,-1.0,-1
1.17159,1.171605,1.171585,1.1716,-1.0,-1.0,-1
1.1716,1.1716,1.17158,1.171585,-1.0,-1.0,-1
1.171585,1.17159,1.17158,1.17159,-1.0,-1.0,-1
1.17159,1.17159,1.171585,1.17159,-1.0,-1.0,-1
1.17159,1.17159,1.171585,1.17159,-1.0,-1.0,-1
1.17159,1.17159,1.171585,1.17159,-1.0,-1.0,-1
1.17159,1.171595,1.171585,1.17159,-1.0,-1.0,-1
1.17159,1.17159,1.171585,1.17159,-1.0,-1.0,-1
1.17159,1.17159,1.17158,1.171585,-1.0,-1.0,-1
1.171585,1.171585,1.17158,1.171585,-1.0,-1.0,-1
1.171585,1.171585,1.17158,1.171585,-1.0,-1.0,-1
1.171585,1.171585,1.17158,1.171585,-1.0,-1.0,-1
1.171585,1.1716,1.17158,1.1716,-1.0,-1.0,-1
1.1716,1.1716,1.1716,1.1716,-1.0,-1.0,-1
1.1716,1.1716,1.171585,1.17159,-1.0,-1.0,-1
1.17159,1.1716,1.171585,1.171595,-1.0,-1.0,-1
1.171595,1.1716,1.171595,1.1716,-1.0,-1.0,-1
1.1716,1.1716,1.1716,1.1716,-1.0,-1.0,-1
1.1716,1.171625,1.17158,1.17159,-1.0,-1.0,-1
1.17159,1.171605,1.17158,1.17158,-1.0,-1.0,-1
1.17158,1.17158,1.171575,1.171575,-1.0,-1.0,-1
1.171575,1.171575,1.17157,1.171575,-1.0,-1.0,-1
1.171575,1.171575,1.171575,1.171575,-1.0,-1.0,-1
1.171575,1.171575,1.171575,1.171575,-1.0,-1.0,-1
1.171575,1.171575,1.17157,1.17157,-1.0,-1.0,-1
1.17157,1.171575,1.17157,1.171575,-1.0,-1.0,-1
1.171575,1.171575,1.171575,1.171575,-1.0,-1.0,-1
1.171575,1.171575,1.171575,1.171575,-1.0,-1.0,-1
1.171575,1.171575,1.171545,1.171545,-1.0,-1.0,-1
1.171545,1.17155,1.171545,1.171545,-1.0,-1.0,-1
1.171545,1.17155,1.17151,1.171515,-1.0,-1.0,-1
1.171515,1.171535,1.17151,1.171535,-1.0,-1.0,-1
1.171535,1.171535,1.171535,1.171535,-1.0,-1.0,-1
1.171535,1.171535,1.171535,1.171535,-1.0,-1.0,-1
1.171535,1.171535,1.171535,1.171535,-1.0,-1.0,-1
1.171535,1.171535,1.17151,1.17151,-1.0,-1.0,-1
1.17151,1.17151,1.17151,1.17151,-1.0,-1.0,-1
1.17151,1.17151,1.17151,1.17151,-1.0,-1.0,-1
1.17151,1.17151,1.17151,1.17151,-1.0,-1.0,-1
1.17151,1.17151,1.17151,1.17151,-1.0,-1.0,-1
1.17151,1.17151,1.17151,1.17151,-1.0,-1.0,-1
1.17151,1.17151,1.1715,1.17151,-1.0,-1.0,-1
1.17151,1.17151,1.17151,1.17151,-1.0,-1.0,-1
1.17151,1.171525,1.17151,1.17152,-1.0,-1.0,-1
1.17152,1.17152,1.17152,1.17152,-1.0,-1.0,-1
1.17152,1.17153,1.171515,1.171515,-1.0,-1.0,-1
1.171515,1.17153,1.171515,1.17152,-1.0,-1.0,-1
1.17152,1.17152,1.171495,1.1715,-1.0,-1.0,-1
1.1715,1.1715,1.171495,1.1715,-1.0,-1.0,-1
1.1715,1.1715,1.17149,1.171495,-1.0,-1.0,-1
1.171495,1.1715,1.17149,1.1715,-1.0,-1.0,-1
1.1715,1.1715,1.171495,1.1715,-1.0,-1.0,-1
1.1715,1.1715,1.171495,1.1715,-1.0,-1.0,-1
1.1715,1.1715,1.17149,1.17149,-1.0,-1.0,-1
1.17149,1.17149,1.17147,1.17148,-1.0,-1.0,-1
1.17148,1.17148,1.171475,1.171475,-1.0,-1.0,-1
1.171475,1.171475,1.17147,1.17147,-1.0,-1.0,-1
1.17147,1.17148,1.17147,1.171475,-1.0,-1.0,-1
1.171475,1.171475,1.171475,1.171475,-1.0,-1.0,-1
1.171475,1.171475,1.17144,1.17144,-1.0,-1.0,-1
1.17144,1.171445,1.17144,1.17144,-1.0,-1.0,-1
1.17144,1.17144,1.17143,1.171435,-1.0,-1.0,-1
1.171435,1.17144,1.17143,1.17143,-1.0,-1.0,-1
1.17143,1.17143,1.17143,1.17143,-1.0,-1.0,-1
1.17143,1.17144,1.17143,1.17144,-1.0,-1.0,-1
1.17144,1.17144,1.17144,1.17144,-1.0,-1.0,-1
1.17144,1.17144,1.17143,1.17143,-1.0,-1.0,-1
1.17143,1.17144,1.17143,1.17144,-1.0,-1.0,-1
1.17144,1.17144,1.171435,1.171435,-1.0,-1.0,-1
1.171435,1.17144,1.171435,1.17144,-1.0,-1.0,-1
1.17144,1.17148,1.17144,1.17148,-1.0,-1.0,-1
1.17148,1.1715,1.17148,1.171485,-1.0,-1.0,-1
1.171485,1.171485,1.171485,1.171485,-1.0,-1.0,-1
1.171485,1.1715,1.171485,1.1715,-1.0,-1.0,-1
1.1715,1.1715,1.171485,1.171485,-1.0,-1.0,-1
1.171485,1.1715,1.171485,1.1715,-1.0,-1.0,-1
1.1715,1.1715,1.17149,1.17149,-1.0,-1.0,-1
1.17149,1.1715,1.171485,1.17149,-1.0,-1.0,-1
1.17149,1.17149,1.17148,1.171485,-1.0,-1.0,-1
1.171485,1.171485,1.171485,1.171485,-1.0,-1.0,-1
1.171485,1.17149,1.17148,1.17148,-1.0,-1.0,-1
1.17148,1.171485,1.17148,1.171485,-1.0,-1.0,-1
1.171485,1.171485,1.171485,1.171485,-1.0,-1.0,-1
1.171485,1.171485,1.171485,1.171485,-1.0,-1.0,-1
1.171485,1.171485,1.17148,1.17148,-1.0,-1.0,-1
1.17148,1.171485,1.17148,1.17148,-1.0,-1.0,-1
1.17148,1.17148,1.17148,1.17148,-1.0,-1.0,-1
1.17148,1.17148,1.17147,1.17147,-1.0,-1.0,-1
1.17147,1.17147,1.171445,1.171445,-1.0,-1.0,-1
1.171445,1.17148,1.17144,1.171445,-1.0,-1.0,-1
1.171445,1.171465,1.17144,1.17146,-1.0,-1.0,-1
1.17146,1.17148,1.17146,1.17148,-1.0,-1.0,-1
1.17148,1.171535,1.17148,1.17153,-1.0,-1.0,-1
1.17153,1.17155,1.17148,1.17148,-1.0,-1.0,-1
1.17148,1.17148,1.17148,1.17148,-1.0,-1.0,-1
1.17148,1.171485,1.17148,1.171485,-1.0,-1.0,-1
1.171485,1.171485,1.171485,1.171485,-1.0,-1.0,-1
1.171485,1.17151,1.171485,1.1715,-1.0,-1.0,-1
1.1715,1.1715,1.17149,1.171495,-1.0,-1.0,-1
1.171495,1.171495,1.17148,1.17148,-1.0,-1.0,-1
1.17148,1.17148,1.17148,1.17148,-1.0,-1.0,-1
1.17148,1.171505,1.171445,1.171445,-1.0,-1.0,-1
1.171445,1.171445,1.17142,1.171435,-1.0,-1.0,-1
1.171435,1.171435,1.17142,1.17142,-1.0,-1.0,-1
1.17142,1.171425,1.17142,1.171425,-1.0,-1.0,-1
1.171425,1.171435,1.17142,1.171435,-1.0,-1.0,-1
1.171435,1.171435,1.171435,1.171435,-1.0,-1.0,-1
1.171435,1.171435,1.17139,1.171395,-1.0,-1.0,-1
1.171395,1.17141,1.171395,1.17141,-1.0,-1.0,-1
1.17141,1.171415,1.17139,1.17139,-1.0,-1.0,-1
1.17139,1.17141,1.17139,1.17141,-1.0,-1.0,-1
1.17141,1.171415,1.171405,1.171415,-1.0,-1.0,-1
1.171415,1.171415,1.1714,1.171405,-1.0,-1.0,-1
1.171405,1.171405,1.1714,1.171405,-1.0,-1.0,-1
1.171405,1.171405,1.171395,1.171395,-1.0,-1.0,-1
1.171395,1.17144,1.171395,1.17144,-1.0,-1.0,-1
1.17144,1.171445,1.171435,1.171435,-1.0,-1.0,-1
1.171435,1.171435,1.17141,1.171415,-1.0,-1.0,-1
1.171415,1.171415,1.17139,1.17139,-1.0,-1.0,-1
1.17139,1.171415,1.171375,1.171375,-1.0,-1.0,-1
1.171375,1.171405,1.17137,1.171405,-1.0,-1.0,-1
1.171405,1.171425,1.1714,1.171425,-1.0,-1.0,-1
1.171425,1.171435,1.1714,1.17143,-1.0,-1.0,-1
1.17143,1.17143,1.17139,1.17139,-1.0,-1.0,-1
1.17139,1.17139,1.17139,1.17139,-1.0,-1.0,-1
1.17139,1.171415,1.17139,1.171415,-1.0,-1.0,-1
1.171415,1.171415,1.171365,1.171365,-1.0,-1.0,-1
1.171365,1.17139,1.171355,1.17139,-1.0,-1.0,-1
1.17139,1.17139,1.171345,1.171345,-1.0,-1.0,-1
1.171345,1.17138,1.171345,1.171365,-1.0,-1.0,-1
1.171365,1.17138,1.171365,1.171375,-1.0,-1.0,-1
1.171375,1.17138,1.17136,1.17136,-1.0,-1.0,-1
1.17136,1.17136,1.17134,1.17134,-1.0,-1.0,-1
1.17134,1.17134,1.17131,1.17134,-1.0,-1.0,-1
1.17134,1.17134,1.17131,1.17131,-1.0,-1.0,-1
1.17131,1.171325,1.1713,1.1713,-1.0,-1.0,-1
1.1713,1.1713,1.1713,1.1713,-1.0,-1.0,-1
1.1713,1.171345,1.1713,1.17134,-1.0,-1.0,-1
1.17134,1.171415,1.17134,1.171395,-1.0,-1.0,-1
1.171395,1.1714,1.171395,1.1714,-1.0,-1.0,-1
1.1714,1.17144,1.171395,1.17144,-1.0,-1.0,-1
1.17144,1.17144,1.17144,1.17144,-1.0,-1.0,-1
1.17144,1.171445,1.171435,1.171445,-1.0,-1.0,-1
1.171445,1.171445,1.171445,1.171445,-1.0,-1.0,-1
1.171445,1.171445,1.1714,1.1714,-1.0,-1.0,-1
1.1714,1.17142,1.1714,1.17142,-1.0,-1.0,-1
1.17142,1.171435,1.17142,1.171435,-1.0,-1.0,-1
1.171435,1.171435,1.17143,1.171435,-1.0,-1.0,-1
1.171435,1.171435,1.171405,1.171415,-1.0,-1.0,-1
1.171415,1.17144,1.17141,1.17144,-1.0,-1.0,-1
1.17144,1.17144,1.171435,1.17144,-1.0,-1.0,-1
1.17144,1.17144,1.17142,1.17142,-1.0,-1.0,-1
1.17142,1.171425,1.17142,1.171425,-1.0,-1.0,-1
1.171425,1.171425,1.171395,1.17141,-1.0,-1.0,-1
1.17141,1.17141,1.17131,1.171315,-1.0,-1.0,-1
1.171315,1.17132,1.17131,1.17131,-1.0,-1.0,-1
1.17131,1.171315,1.1713,1.171315,-1.0,-1.0,-1
1.171315,1.171315,1.171315,1.171315,-1.0,-1.0,-1
1.171315,1.171355,1.171315,1.171345,-1.0,-1.0,-1
1.171345,1.171345,1.171335,1.17134,-1.0,-1.0,-1
1.17134,1.171345,1.17132,1.171345,-1.0,-1.0,-1
1.171345,1.171345,1.17132,1.171335,-1.0,-1.0,-1
1.171335,1.17136,1.171335,1.17135,-1.0,-1.0,-1
1.17135,1.17138,1.171345,1.171365,-1.0,-1.0,-1
1.171365,1.17138,1.171335,1.171345,-1.0,-1.0,-1
1.171345,1.171345,1.171335,1.171335,-1.0,-1.0,-1
1.171335,1.17134,1.171335,1.17134,-1.0,-1.0,-1
1.17134,1.171345,1.17134,1.171345,-1.0,-1.0,-1
1.171345,1.171345,1.17134,1.171345,-1.0,-1.0,-1
1.171345,1.17135,1.171295,1.171295,-1.0,-1.0,-1
1.171295,1.171305,1.171295,1.171295,-1.0,-1.0,-1
1.171295,1.171295,1.17129,1.171295,-1.0,-1.0,-1
1.171295,1.171295,1.171295,1.171295,-1.0,-1.0,-1
1.171295,1.1713,1.171295,1.171295,-1.0,-1.0,-1
1.171295,1.171295,1.17128,1.17129,-1.0,-1.0,-1
1.17129,1.17129,1.17129,1.17129,-1.0,-1.0,-1
1.17129,1.1713,1.17129,1.171295,-1.0,-1.0,-1
1.171295,1.17135,1.171295,1.17134,-1.0,-1.0,-1
1.17134,1.17134,1.17134,1.17134,-1.0,-1.0,-1
1.17134,1.171345,1.17134,1.17134,-1.0,-1.0,-1
1.17134,1.17134,1.17132,1.17133,-1.0,-1.0,-1
1.17133,1.17133,1.17131,1.171315,-1.0,-1.0,-1
1.171315,1.171325,1.171315,1.171325,-1.0,-1.0,-1
1.171325,1.171335,1.171315,1.171335,-1.0,-1.0,-1
1.171335,1.17134,1.171295,1.171295,-1.0,-1.0,-1
1.171295,1.17131,1.17128,1.171295,-1.0,-1.0,-1
1.171295,1.1713,1.171295,1.1713,-1.0,-1.0,-1
1.1713,1.1713,1.17128,1.17128,-1.0,-1.0,-1
1.17128,1.17129,1.17128,1.17128,-1.0,-1.0,-1
1.17128,1.17129,1.17126,1.17126,-1.0,-1.0,-1
1.17126,1.17126,1.171235,1.17124,-1.0,-1.0,-1
1.17124,1.171285,1.171235,1.171275,-1.0,-1.0,-1
1.171275,1.171285,1.171275,1.17128,-1.0,-1.0,-1
1.17128,1.171285,1.17128,1.17128,-1.0,-1.0,-1
1.17128,1.171285,1.171235,1.17124,-1.0,-1.0,-1
1.17124,1.17125,1.171235,1.171245,-1.0,-1.0,-1
1.171245,1.171285,1.171235,1.171265,-1.0,-1.0,-1
1.171265,1.17127,1.171225,1.17127,-1.0,-1.0,-1
1.17127,1.171275,1.17126,1.17127,-1.0,-1.0,-1
1.17127,1.17127,1.17127,1.17127,-1.0,-1.0,-1
1.17127,1.17129,1.17127,1.17128,-1.0,-1.0,-1
1.17128,1.171285,1.171265,1.17127,-1.0,-1.0,-1
1.17127,1.17127,1.171245,1.17125,-1.0,-1.0,-1
1.17125,1.171255,1.17125,1.171255,-1.0,-1.0,-1
1.171255,1.17127,1.17125,1.17127,-1.0,-1.0,-1
1.17127,1.171275,1.171265,1.17127,-1.0,-1.0,-1
1.17127,1.171285,1.17127,1.17128,-1.0,-1.0,-1
1.17128,1.171285,1.17127,1.17128,-1.0,-1.0,-1
1.17128,1.17129,1.171265,1.171265,-1.0,-1.0,-1
1.171265,1.171265,1.171225,1.171235,-1.0,-1.0,-1
1.171235,1.17124,1.17122,1.17124,-1.0,-1.0,-1
1.17124,1.17124,1.171235,1.17124,-1.0,-1.0,-1
1.17124,1.17126,1.171235,1.17126,-1.0,-1.0,-1
1.17126,1.171285,1.17126,1.17128,-1.0,-1.0,-1
1.17128,1.171285,1.17127,1.171275,-1.0,-1.0,-1
1.171275,1.171285,1.171275,1.17128,-1.0,-1.0,-1
1.17128,1.171285,1.17128,1.17128,-1.0,-1.0,-1
1.17128,1.171285,1.171275,1.17128,-1.0,-1.0,-1
1.17128,1.171285,1.171275,1.171275,-1.0,-1.0,-1
1.171275,1.171285,1.171275,1.17128,-1.0,-1.0,-1
1.17128,1.17129,1.171275,1.171275,-1.0,-1.0,-1
1.171275,1.171325,1.171275,1.17131,-1.0,-1.0,-1
1.17131,1.17131,1.171305,1.171305,-1.0,-1.0,-1
1.171305,1.17131,1.171305,1.171305,-1.0,-1.0,-1
1.171305,1.171305,1.171305,1.171305,-1.0,-1.0,-1
1.171305,1.17131,1.171305,1.171305,-1.0,-1.0,-1
1.171305,1.171305,1.171305,1.171305,-1.0,-1.0,-1
1.171305,1.171305,1.171285,1.171295,-1.0,-1.0,-1
1.171295,1.1713,1.17128,1.17128,-1.0,-1.0,-1
1.17128,1.1713,1.17128,1.171285,-1.0,-1.0,-1
1.171285,1.171295,1.171285,1.171295,-1.0,-1.0,-1
1.171295,1.171295,1.171285,1.171285,-1.0,-1.0,-1
1.171285,1.1713,1.171285,1.171295,-1.0,-1.0,-1
1.171295,1.1713,1.17129,1.17129,-1.0,-1.0,-1
1.17129,1.17129,1.17128,1.17128,-1.0,-1.0,-1
1.17128,1.171285,1.171275,1.171275,-1.0,-1.0,-1
1.171275,1.171285,1.171275,1.17128,-1.0,-1.0,-1
1.17128,1.171285,1.17125,1.17125,-1.0,-1.0,-1
1.17125,1.171255,1.17125,1.171255,-1.0,-1.0,-1
1.171255,1.171255,1.171255,1.171255,-1.0,-1.0,-1
1.171255,1.171255,1.171255,1.171255,-1.0,-1.0,-1
1.171255,1.171255,1.171255,1.171255,-1.0,-1.0,-1
1.171255,1.171255,1.171255,1.171255,-1.0,-1.0,-1
1.171255,1.171255,1.171255,1.171255,-1.0,-1.0,-1
1.171255,1.17127,1.171255,1.17127,-1.0,-1.0,-1
1.17127,1.171305,1.17127,1.1713,-1.0,-1.0,-1
1.1713,1.171345,1.1713,1.171345,-1.0,-1.0,-1
1.171345,1.171345,1.171345,1.171345,-1.0,-1.0,-1
1.171345,1.171345,1.171305,1.17131,-1.0,-1.0,-1
1.17131,1.17131,1.1713,1.17131,-1.0,-1.0,-1
1.17131,1.17131,1.17131,1.17131,-1.0,-1.0,-1
1.17131,1.17131,1.17131,1.17131,-1.0,-1.0,-1
1.17131,1.17131,1.17131,1.17131,-1.0,-1.0,-1
1.17131,1.17131,1.17131,1.17131,-1.0,-1.0,-1
1.17131,1.17131,1.17131,1.17131,-1.0,-1.0,-1
1.17131,1.17131,1.171295,1.1713,-1.0,-1.0,-1
1.1713,1.1713,1.17129,1.171295,-1.0,-1.0,-1
1.171295,1.171295,1.171285,1.171295,-1.0,-1.0,-1
1.171295,1.171295,1.171295,1.171295,-1.0,-1.0,-1
1.171295,1.171295,1.171295,1.171295,-1.0,-1.0,-1
1.171295,1.171295,1.171295,1.171295,-1.0,-1.0,-1
1.171295,1.171295,1.171295,1.171295,-1.0,-1.0,-1
1.171295,1.171295,1.17123,1.171235,-1.0,-1.0,-1
1.171235,1.17124,1.17122,1.17123,-1.0,-1.0,-1
1.17123,1.171245,1.17123,1.17123,-1.0,-1.0,-1
1.17123,1.17123,1.17123,1.17123,-1.0,-1.0,-1
1.17123,1.17124,1.171225,1.17123,-1.0,-1.0,-1
1.17123,1.17123,1.17122,1.17122,-1.0,-1.0,-1
1.17122,1.171225,1.17122,1.171225,-1.0,-1.0,-1
1.171225,1.17124,1.171225,1.17124,-1.0,-1.0,-1
1.17124,1.171275,1.171235,1.17126,-1.0,-1.0,-1
1.17126,1.171265,1.171255,1.171265,-1.0,-1.0,-1
1.171265,1.171285,1.171265,1.17128,-1.0,-1.0,-1
1.17128,1.171285,1.17128,1.17128,-1.0,-1.0,-1
1.17128,1.171285,1.171255,1.17126,-1.0,-1.0,-1
1.17126,1.17126,1.171235,1.17125,-1.0,-1.0,-1
1.17125,1.171255,1.171245,1.17125,-1.0,-1.0,-1
1.17125,1.171265,1.17125,1.171265,-1.0,-1.0,-1
1.171265,1.171265,1.171265,1.171265,-1.0,-1.0,-1
1.171265,1.171265,1.171265,1.171265,-1.0,-1.0,-1
1.171265,1.171265,1.171255,1.171255,-1.0,-1.0,-1
1.171255,1.171255,1.171255,1.171255,-1.0,-1.0,-1
1.171255,1.171255,1.171235,1.17124,-1.0,-1.0,-1
1.17124,1.17124,1.17123,1.171235,-1.0,-1.0,-1
1.171235,1.171245,1.17123,1.171245,-1.0,-1.0,-1
1.171245,1.171255,1.17123,1.171235,-1.0,-1.0,-1
1.171235,1.171235,1.17123,1.171235,-1.0,-1.0,-1
1.171235,1.171255,1.17123,1.171245,-1.0,-1.0,-1
1.171245,1.1713,1.171245,1.171295,-1.0,-1.0,-1
1.171295,1.171295,1.17128,1.171295,-1.0,-1.0,-1
1.171295,1.1713,1.171295,1.1713,-1.0,-1.0,-1
1.1713,1.1713,1.171295,1.171295,-1.0,-1.0,-1
1.171295,1.171295,1.171265,1.171265,-1.0,-1.0,-1
1.171265,1.171265,1.171265,1.171265,-1.0,-1.0,-1
1.171265,1.171265,1.171265,1.171265,-1.0,-1.0,-1
1.171265,1.171275,1.171265,1.171265,-1.0,-1.0,-1
1.171265,1.17129,1.171265,1.171285,-1.0,-1.0,-1
1.171285,1.17129,1.171285,1.171285,-1.0,-1.0,-1
1.171285,1.17129,1.171285,1.171285,-1.0,-1.0,-1
1.171285,1.17129,1.171285,1.171285,-1.0,-1.0,-1
1.171285,1.171295,1.171285,1.171295,-1.0,-1.0,-1
1.171295,1.171295,1.17129,1.17129,-1.0,-1.0,-1
1.17129,1.171295,1.17129,1.17129,-1.0,-1.0,-1
1.17129,1.171295,1.171275,1.171295,-1.0,-1.0,-1
1.171295,1.171295,1.171295,1.171295,-1.0,-1.0,-1
1.171295,1.171295,1.171295,1.171295,-1.0,-1.0,-1
1.171295,1.171295,1.171295,1.171295,-1.0,-1.0,-1
1.171295,1.171295,1.17128,1.17129,-1.0,-1.0,-1
1.17129,1.17129,1.17129,1.17129,-1.0,-1.0,-1
1.17129,1.17129,1.17129,1.17129,-1.0,-1.0,-1
1.17129,1.17129,1.17129,1.17129,-1.0,-1.0,-1
1.17129,1.171295,1.17129,1.17129,-1.0,-1.0,-1
1.17129,1.17129,1.17129,1.17129,-1.0,-1.0,-1
1.17129,1.17129,1.17125,1.17128,-1.0,-1.0,-1
1.17128,1.171295,1.171275,1.171295,-1.0,-1.0,-1
1.171295,1.171295,1.17128,1.17128,-1.0,-1.0,-1
1.17128,1.171295,1.171275,1.171285,-1.0,-1.0,-1
1.171285,1.171295,1.171285,1.171285,-1.0,-1.0,-1
1.171285,1.171295,1.171275,1.17128,-1.0,-1.0,-1
1.17128,1.171295,1.17128,1.17128,-1.0,-1.0,-1
1.17128,1.171295,1.17128,1.171295,-1.0,-1.0,-1
1.171295,1.171295,1.171285,1.171285,-1.0,-1.0,-1
1.171285,1.171295,1.171285,1.171285,-1.0,-1.0,-1
1.171285,1.171295,1.171285,1.171295,-1.0,-1.0,-1
1.171295,1.17133,1.171295,1.17133,-1.0,-1.0,-1
1.17133,1.17133,1.171325,1.17133,-1.0,-1.0,-1
1.17133,1.17133,1.171305,1.17131,-1.0,-1.0,-1
1.17131,1.17131,1.17131,1.17131,-1.0,-1.0,-1
1.17131,1.171335,1.17131,1.171335,-1.0,-1.0,-1
1.171335,1.171335,1.171295,1.171295,-1.0,-1.0,-1
1.171295,1.171295,1.171295,1.171295,-1.0,-1.0,-1
1.171295,1.171295,1.171285,1.171295,-1.0,-1.0,-1
1.171295,1.171295,1.171295,1.171295,-1.0,-1.0,-1
1.171295,1.171295,1.171275,1.17128,-1.0,-1.0,-1
1.17128,1.171285,1.17128,1.17128,-1.0,-1.0,-1
1.17128,1.17129,1.171275,1.171285,-1.0,-1.0,-1
1.171285,1.171295,1.171285,1.171295,-1.0,-1.0,-1
1.171295,1.171295,1.171285,1.171285,-1.0,-1.0,-1
1.171285,1.1713,1.171285,1.171295,-1.0,-1.0,-1
1.171295,1.171295,1.171295,1.171295,-1.0,-1.0,-1
1.171295,1.171295,1.17128,1.17128,-1.0,-1.0,-1
1.17128,1.171295,1.17128,1.171295,-1.0,-1.0,-1
1.171295,1.171295,1.171295,1.171295,-1.0,-1.0,-1
1.171295,1.171295,1.171295,1.171295,-1.0,-1.0,-1
1.171295,1.171295,1.171295,1.171295,-1.0,-1.0,-1
1.171295,1.171295,1.171295,1.171295,-1.0,-1.0,-1
1.171295,1.171295,1.171295,1.171295,-1.0,-1.0,-1
1.171295,1.171295,1.171295,1.171295,-1.0,-1.0,-1
1.171295,1.171295,1.171295,1.171295,-1.0,-1.0,-1
1.171295,1.171295,1.171295,1.171295,-1.0,-1.0,-1
1.171295,1.171295,1.171285,1.171295,-1.0,-1.0,-1
1.171295,1.171295,1.171295,1.171295,-1.0,-1.0,-1
1.171295,1.171295,1.171285,1.171285,-1.0,-1.0,-1
1.171285,1.17129,1.171275,1.171275,-1.0,-1.0,-1
1.171275,1.171285,1.17127,1.17128,-1.0,-1.0,-1
1.17128,1.171285,1.17128,1.17128,-1.0,-1.0,-1
1.17128,1.17129,1.17128,1.17129,-1.0,-1.0,-1
1.17129,1.17129,1.17129,1.17129,-1.0,-1.0,-1
1.17129,1.171295,1.17126,1.171295,-1.0,-1.0,-1
1.171295,1.171295,1.171295,1.171295,-1.0,-1.0,-1
1.171295,1.171295,1.171295,1.171295,-1.0,-1.0,-1
1.171295,1.17135,1.171295,1.17135,-1.0,-1.0,-1
1.17135,1.17135,1.171345,1.171345,-1.0,-1.0,-1
1.171345,1.17136,1.17134,1.171345,-1.0,-1.0,-1
1.171345,1.171365,1.171345,1.171365,-1.0,-1.0,-1
1.171365,1.171365,1.171355,1.171355,-1.0,-1.0,-1
1.171355,1.171355,1.17134,1.17134,-1.0,-1.0,-1
1.17134,1.171355,1.17134,1.171355,-1.0,-1.0,-1
1.171355,1.171355,1.171355,1.171355,-1.0,-1.0,-1
1.171355,1.171355,1.171345,1.171345,-1.0,-1.0,-1
1.171345,1.171345,1.171345,1.171345,-1.0,-1.0,-1
1.171345,1.171345,1.171345,1.171345,-1.0,-1.0,-1
1.171345,1.171345,1.171345,1.171345,-1.0,-1.0,-1
1.171345,1.171345,1.171345,1.171345,-1.0,-1.0,-1
1.171345,1.171345,1.171345,1.171345,-1.0,-1.0,-1
1.171345,1.17136,1.171345,1.171345,-1.0,-1.0,-1
1.171345,1.171345,1.171345,1.171345,-1.0,-1.0,-1
1.171345,1.17139,1.171345,1.171365,-1.0,-1.0,-1
1.171365,1.171365,1.171365,1.171365,-1.0,-1.0,-1
1.171365,1.171375,1.17136,1.17136,-1.0,-1.0,-1
1.17136,1.171365,1.17136,1.17136,-1.0,-1.0,-1
1.17136,1.171365,1.17136,1.17136,-1.0,-1.0,-1
1.17136,1.171365,1.171345,1.171365,-1.0,-1.0,-1
1.171365,1.171365,1.171345,1.171345,-1.0,-1.0,-1
1.171345,1.171345,1.1713,1.1713,-1.0,-1.0,-1
1.1713,1.171315,1.1713,1.171315,-1.0,-1.0,-1
1.171315,1.17133,1.171315,1.17133,-1.0,-1.0,-1
1.17133,1.17133,1.171325,1.17133,-1.0,-1.0,-1
1.17133,1.17133,1.171325,1.17133,-1.0,-1.0,-1
1.17133,1.17134,1.171325,1.17133,-1.0,-1.0,-1
1.17133,1.171345,1.171315,1.17134,-1.0,-1.0,-1
1.17134,1.171345,1.17134,1.17134,-1.0,-1.0,-1
1.17134,1.17134,1.171325,1.17133,-1.0,-1.0,-1
1.17133,1.171335,1.171325,1.17133,-1.0,-1.0,-1
1.17133,1.17133,1.171325,1.17133,-1.0,-1.0,-1
1.17133,1.171345,1.171325,1.17134,-1.0,-1.0,-1
1.17134,1.17134,1.17132,1.171325,-1.0,-1.0,-1
1.171325,1.171325,1.171315,1.171325,-1.0,-1.0,-1
1.171325,1.17134,1.17132,1.17134,-1.0,-1.0,-1
1.17134,1.171355,1.17134,1.171345,-1.0,-1.0,-1
1.171345,1.171355,1.171345,1.17135,-1.0,-1.0,-1
1.17135,1.17135,1.171345,1.17135,-1.0,-1.0,-1
1.17135,1.17135,1.171335,1.171335,-1.0,-1.0,-1
1.171335,1.17134,1.171335,1.171335,-1.0,-1.0,-1
1.171335,1.17134,1.171335,1.17134,-1.0,-1.0,-1
1.17134,1.17134,1.171295,1.171295,-1.0,-1.0,-1
1.171295,1.171295,1.171295,1.171295,-1.0,-1.0,-1
1.171295,1.171295,1.171285,1.171285,-1.0,-1.0,-1
1.171285,1.171295,1.171245,1.171245,-1.0,-1.0,-1
1.171245,1.171245,1.171245,1.171245,-1.0,-1.0,-1
1.171245,1.17125,1.171245,1.17125,-1.0,-1.0,-1
1.17125,1.17125,1.171225,1.171225,-1.0,-1.0,-1
1.171225,1.17125,1.171225,1.17125,-1.0,-1.0,-1
1.17125,1.17125,1.171245,1.171245,-1.0,-1.0,-1
1.171245,1.17125,1.171235,1.17124,-1.0,-1.0,-1
1.17124,1.171245,1.171235,1.17124,-1.0,-1.0,-1
1.17124,1.171245,1.171235,1.171245,-1.0,-1.0,-1
1.171245,1.171245,1.17123,1.17124,-1.0,-1.0,-1
1.17124,1.17124,1.171235,1.17124,-1.0,-1.0,-1
1.17124,1.17124,1.171235,1.17124,-1.0,-1.0,-1
1.17124,1.171245,1.171235,1.17124,-1.0,-1.0,-1
1.17124,1.17125,1.171235,1.17125,-1.0,-1.0,-1
1.17125,1.17125,1.171245,1.17125,-1.0,-1.0,-1
1.17125,1.17125,1.17125,1.17125,-1.0,-1.0,-1
1.17125,1.17125,1.171235,1.171245,-1.0,-1.0,-1
1.171245,1.17125,1.171235,1.17125,-1.0,-1.0,-1
1.17125,1.17125,1.171235,1.17124,-1.0,-1.0,-1
1.17124,1.17125,1.171235,1.171245,-1.0,-1.0,-1
1.171245,1.17125,1.171235,1.17125,-1.0,-1.0,-1
1.17125,1.171285,1.17125,1.171265,-1.0,-1.0,-1
1.171265,1.171275,1.171265,1.171275,-1.0,-1.0,-1
1.171275,1.171275,1.171275,1.171275,-1.0,-1.0,-1
1.171275,1.1713,1.171275,1.1713,-1.0,-1.0,-1
1.1713,1.1713,1.1713,1.1713,-1.0,-1.0,-1
1.1713,1.1713,1.1713,1.1713,-1.0,-1.0,-1
1.1713,1.1713,1.171295,1.171295,-1.0,-1.0,-1
1.171295,1.1713,1.171295,1.171295,-1.0,-1.0,-1
1.171295,1.17131,1.171295,1.17131,-1.0,-1.0,-1
1.17131,1.171335,1.17131,1.171335,-1.0,-1.0,-1
1.171335,1.171345,1.171335,1.171335,-1.0,-1.0,-1
1.171335,1.171335,1.171335,1.171335,-1.0,-1.0,-1
1.171335,1.171335,1.171335,1.171335,-1.0,-1.0,-1
1.171335,1.171335,1.171335,1.171335,-1.0,-1.0,-1
1.171335,1.171345,1.171335,1.171335,-1.0,-1.0,-1
1.171335,1.171335,1.171335,1.171335,-1.0,-1.0,-1
1.171335,1.171335,1.171335,1.171335,-1.0,-1.0,-1
1.171335,1.171335,1.171335,1.171335,-1.0,-1.0,-1
1.171335,1.171335,1.17132,1.171325,-1.0,-1.0,-1
1.171325,1.171335,1.17132,1.171335,-1.0,-1.0,-1
1.171335,1.171345,1.171335,1.171335,-1.0,-1.0,-1
1.171335,1.17135,1.171335,1.17135,-1.0,-1.0,-1
1.17135,1.17135,1.171345,1.171345,-1.0,-1.0,-1
1.171345,1.171345,1.171345,1.171345,-1.0,-1.0,-1
1.171345,1.171345,1.171335,1.171335,-1.0,-1.0,-1
1.171335,1.171335,1.171335,1.171335,-1.0,-1.0,-1
1.171335,1.171335,1.171335,1.171335,-1.0,-1.0,-1
1.171335,1.171335,1.171315,1.171315,-1.0,-1.0,-1
1.171315,1.17133,1.171285,1.171285,-1.0,-1.0,-1
1.171285,1.17129,1.171285,1.171285,-1.0,-1.0,-1
1.171285,1.17129,1.171285,1.171285,-1.0,-1.0,-1
1.171285,1.17133,1.171285,1.17133,-1.0,-1.0,-1
1.17133,1.171335,1.171285,1.171285,-1.0,-1.0,-1
1.171285,1.17129,1.171285,1.171285,-1.0,-1.0,-1
1.171285,1.17129,1.171285,1.171285,-1.0,-1.0,-1
1.171285,1.17129,1.171285,1.171285,-1.0,-1.0,-1
1.171285,1.17129,1.171285,1.171285,-1.0,-1.0,-1
1.171285,1.171295,1.17126,1.17127,-1.0,-1.0,-1
1.17127,1.17127,1.171265,1.17127,-1.0,-1.0,-1
1.17127,1.171275,1.17125,1.171265,-1.0,-1.0,-1
1.171265,1.171285,1.17126,1.17128,-1.0,-1.0,-1
1.17128,1.171285,1.17128,1.17128,-1.0,-1.0,-1
1.17128,1.171295,1.17128,1.171295,-1.0,-1.0,-1
1.171295,1.171295,1.171285,1.171285,-1.0,-1.0,-1
1.171285,1.17129,1.171265,1.171275,-1.0,-1.0,-1
1.171275,1.171275,1.17127,1.17127,-1.0,-1.0,-1
1.17127,1.171295,1.17127,1.171295,-1.0,-1.0,-1
1.171295,1.171295,1.171295,1.171295,-1.0,-1.0,-1
1.171295,1.171295,1.171285,1.171295,-1.0,-1.0,-1
1.171295,1.171295,1.17127,1.17127,-1.0,-1.0,-1
1.17127,1.171275,1.17127,1.171275,-1.0,-1.0,-1
1.171275,1.17129,1.17127,1.171285,-1.0,-1.0,-1
1.171285,1.17129,1.171275,1.17128,-1.0,-1.0,-1
1.17128,1.171295,1.17128,1.171295,-1.0,-1.0,-1
1.171295,1.171295,1.171295,1.171295,-1.0,-1.0,-1
1.171295,1.17131,1.171295,1.171305,-1.0,-1.0,-1
1.171305,1.171325,1.171305,1.171325,-1.0,-1.0,-1
1.171325,1.171325,1.17132,1.171325,-1.0,-1.0,-1
1.171325,1.171335,1.17132,1.171335,-1.0,-1.0,-1
1.171335,1.171335,1.1713,1.1713,-1.0,-1.0,-1
1.1713,1.1713,1.1713,1.1713,-1.0,-1.0,-1
1.1713,1.1713,1.171295,1.171295,-1.0,-1.0,-1
1.171295,1.1713,1.171295,1.1713,-1.0,-1.0,-1
1.1713,1.1713,1.171295,1.171295,-1.0,-1.0,-1
1.171295,1.171335,1.171295,1.171335,-1.0,-1.0,-1
1.171335,1.171335,1.171335,1.171335,-1.0,-1.0,-1
1.171335,1.171335,1.171335,1.171335,-1.0,-1.0,-1
1.171335,1.171335,1.171335,1.171335,-1.0,-1.0,-1
1.171335,1.171335,1.171335,1.171335,-1.0,-1.0,-1
1.171335,1.171335,1.171335,1.171335,-1.0,-1.0,-1
1.171335,1.171335,1.171325,1.17133,-1.0,-1.0,-1
1.17133,1.17135,1.171325,1.17135,-1.0,-1.0,-1
1.17135,1.17135,1.171335,1.17135,-1.0,-1.0,-1
1.17135,1.171365,1.17135,1.171365,-1.0,-1.0,-1
1.171365,1.171365,1.171365,1.171365,-1.0,-1.0,-1
1.171365,1.171365,1.171365,1.171365,-1.0,-1.0,-1
1.171365,1.171365,1.171365,1.171365,-1.0,-1.0,-1
1.171365,1.171365,1.17134,1.17134,-1.0,-1.0,-1
1.17134,1.17134,1.17134,1.17134,-1.0,-1.0,-1
1.17134,1.171345,1.17134,1.17134,-1.0,-1.0,-1
1.17134,1.17134,1.17134,1.17134,-1.0,-1.0,-1
1.17134,1.17134,1.171315,1.17133,-1.0,-1.0,-1
1.17133,1.17133,1.171325,1.17133,-1.0,-1.0,-1
1.17133,1.17133,1.171325,1.17133,-1.0,-1.0,-1
1.17133,1.17133,1.171325,1.17133,-1.0,-1.0,-1
1.17133,1.17133,1.171295,1.171295,-1.0,-1.0,-1
1.171295,1.1713,1.171295,1.171295,-1.0,-1.0,-1
1.171295,1.171315,1.171295,1.17131,-1.0,-1.0,-1
1.17131,1.171315,1.171295,1.171315,-1.0,-1.0,-1
1.171315,1.17133,1.171315,1.17133,-1.0,-1.0,-1
1.17133,1.17133,1.171325,1.17133,-1.0,-1.0,-1
1.17133,1.17133,1.171295,1.17133,-1.0,-1.0,-1
1.17133,1.17134,1.17132,1.17134,-1.0,-1.0,-1
1.17134,1.17134,1.171315,1.171315,-1.0,-1.0,-1
1.171315,1.17132,1.171315,1.171315,-1.0,-1.0,-1
1.171315,1.17132,1.17131,1.171315,-1.0,-1.0,-1
1.171315,1.171315,1.171295,1.171295,-1.0,-1.0,-1
1.171295,1.171355,1.171295,1.171315,-1.0,-1.0,-1
1.171315,1.171315,1.17131,1.17131,-1.0,-1.0,-1
1.17131,1.171325,1.17131,1.171315,-1.0,-1.0,-1
1.171315,1.171315,1.171315,1.171315,-1.0,-1.0,-1
1.171315,1.171315,1.171315,1.171315,-1.0,-1.0,-1
1.171315,1.171325,1.171315,1.171325,-1.0,-1.0,-1
1.171325,1.17133,1.17132,1.17133,-1.0,-1.0,-1
1.17133,1.17133,1.17132,1.17133,-1.0,-1.0,-1
1.17133,1.17133,1.171285,1.171295,-1.0,-1.0,-1
1.171295,1.171295,1.17127,1.171275,-1.0,-1.0,-1
1.171275,1.171275,1.171265,1.171265,-1.0,-1.0,-1
1.171265,1.171265,1.17123,1.171235,-1.0,-1.0,-1
1.171235,1.171295,1.17123,1.17128,-1.0,-1.0,-1
1.17128,1.17129,1.171275,1.17128,-1.0,-1.0,-1
1.17128,1.171285,1.17128,1.17128,-1.0,-1.0,-1
1.17128,1.171285,1.17128,1.17128,-1.0,-1.0,-1
1.17128,1.171285,1.171275,1.171275,-1.0,-1.0,-1
1.171275,1.171285,1.171275,1.17128,-1.0,-1.0,-1
1.17128,1.171285,1.17128,1.17128,-1.0,-1.0,-1
1.17128,1.171295,1.17128,1.17129,-1.0,-1.0,-1
1.17129,1.17129,1.17128,1.17128,-1.0,-1.0,-1
1.17128,1.171285,1.17125,1.171265,-1.0,-1.0,-1
1.171265,1.171265,1.17126,1.17126,-1.0,-1.0,-1
1.17126,1.171265,1.171255,1.171255,-1.0,-1.0,-1
1.171255,1.171255,1.17123,1.171235,-1.0,-1.0,-1
1.171235,1.171235,1.17121,1.17121,-1.0,-1.0,-1
1.17121,1.171215,1.17121,1.171215,-1.0,-1.0,-1
1.171215,1.171215,1.171215,1.171215,-1.0,-1.0,-1
1.171215,1.171215,1.171215,1.171215,-1.0,-1.0,-1
1.171215,1.17122,1.171215,1.17122,-1.0,-1.0,-1
1.17122,1.17122,1.17122,1.17122,-1.0,-1.0,-1
1.17122,1.17122,1.17121,1.17121,-1.0,-1.0,-1
1.17121,1.17121,1.171175,1.17118,-1.0,-1.0,-1
1.17118,1.17118,1.17118,1.17118,-1.0,-1.0,-1
1.17118,1.17119,1.17118,1.17119,-1.0,-1.0,-1
1.17119,1.17127,1.17119,1.171255,-1.0,-1.0,-1
1.171255,1.171255,1.171235,1.17124,-1.0,-1.0,-1
1.17124,1.17124,1.17123,1.17124,-1.0,-1.0,-1
1.17124,1.17124,1.17123,1.17123,-1.0,-1.0,-1
1.17123,1.17124,1.171225,1.171225,-1.0,-1.0,-1
1.171225,1.171225,1.171225,1.171225,-1.0,-1.0,-1
1.171225,1.17123,1.171225,1.17123,-1.0,-1.0,-1
1.17123,1.17124,1.17123,1.17124,-1.0,-1.0,-1
1.17124,1.17124,1.171235,1.17124,-1.0,-1.0,-1
1.17124,1.17124,1.17123,1.171235,-1.0,-1.0,-1
1.171235,1.17124,1.17123,1.17124,-1.0,-1.0,-1
1.17124,1.17124,1.17123,1.17124,-1.0,-1.0,-1
1.17124,1.17124,1.171225,1.171225,-1.0,-1.0,-1
1.171225,1.17123,1.171225,1.17123,-1.0,-1.0,-1
1.17123,1.17123,1.17123,1.17123,-1.0,-1.0,-1
1.17123,1.17126,1.17123,1.171255,-1.0,-1.0,-1
1.171255,1.171255,1.17125,1.17125,-1.0,-1.0,-1
1.17125,1.1713,1.17125,1.171295,-1.0,-1.0,-1
1.171295,1.171295,1.171295,1.171295,-1.0,-1.0,-1
1.171295,1.171295,1.17128,1.171285,-1.0,-1.0,-1
1.171285,1.171295,1.171285,1.171295,-1.0,-1.0,-1
1.171295,1.171295,1.17129,1.17129,-1.0,-1.0,-1
1.17129,1.171295,1.17128,1.17128,-1.0,-1.0,-1
1.17128,1.171285,1.17128,1.17128,-1.0,-1.0,-1
1.17128,1.17129,1.17128,1.171285,-1.0,-1.0,-1
1.171285,1.17129,1.17128,1.171285,-1.0,-1.0,-1
1.171285,1.171295,1.17119,1.17119,-1.0,-1.0,-1
1.17119,1.17121,1.17119,1.17121,-1.0,-1.0,-1
1.17121,1.17121,1.17121,1.17121,-1.0,-1.0,-1
1.17121,1.17121,1.171205,1.171205,-1.0,-1.0,-1
1.171205,1.17121,1.171205,1.171205,-1.0,-1.0,-1
1.171205,1.17121,1.171195,1.171205,-1.0,-1.0,-1
1.171205,1.17121,1.171175,1.17119,-1.0,-1.0,-1
1.17119,1.17119,1.17118,1.17118,-1.0,-1.0,-1
1.17118,1.17119,1.17118,1.17119,-1.0,-1.0,-1
1.17119,1.17121,1.171175,1.17121,-1.0,-1.0,-1
1.17121,1.171215,1.171205,1.17121,-1.0,-1.0,-1
1.17121,1.17121,1.17121,1.17121,-1.0,-1.0,-1
1.17121,1.171215,1.17121,1.17121,-1.0,-1.0,-1
1.17121,1.171215,1.171205,1.17121,-1.0,-1.0,-1
1.17121,1.17121,1.17121,1.17121,-1.0,-1.0,-1
1.17121,1.17121,1.17121,1.17121,-1.0,-1.0,-1
1.17121,1.171225,1.17121,1.17122,-1.0,-1.0,-1
1.17122,1.171225,1.17122,1.17122,-1.0,-1.0,-1
1.17122,1.17123,1.17122,1.171225,-1.0,-1.0,-1
1.171225,1.171225,1.171225,1.171225,-1.0,-1.0,-1
1.171225,1.171225,1.171225,1.171225,-1.0,-1.0,-1
1.171225,1.171225,1.17121,1.17121,-1.0,-1.0,-1
1.17121,1.17122,1.17121,1.17122,-1.0,-1.0,-1
1.17122,1.171225,1.17121,1.171225,-1.0,-1.0,-1
1.171225,1.17124,1.171225,1.17124,-1.0,-1.0,-1
1.17124,1.17124,1.171225,1.17124,-1.0,-1.0,-1
1.17124,1.17124,1.171225,1.17124,-1.0,-1.0,-1
1.17124,1.17124,1.17123,1.17123,-1.0,-1.0,-1
1.17123,1.17123,1.171225,1.171225,-1.0,-1.0,-1
1.171225,1.171225,1.171225,1.171225,-1.0,-1.0,-1
1.171225,1.171225,1.171225,1.171225,-1.0,-1.0,-1
1.171225,1.171225,1.17122,1.171225,-1.0,-1.0,-1
1.171225,1.171225,1.17122,1.171225,-1.0,-1.0,-1
1.171225,1.171225,1.17122,1.171225,-1.0,-1.0,-1
1.171225,1.171225,1.171215,1.171225,-1.0,-1.0,-1
1.171225,1.17129,1.171225,1.171285,-1.0,-1.0,-1
1.171285,1.171295,1.17128,1.171295,-1.0,-1.0,-1
1.171295,1.171295,1.171285,1.171285,-1.0,-1.0,-1
1.171285,1.17129,1.171285,1.171285,-1.0,-1.0,-1
1.171285,1.17129,1.171285,1.171285,-1.0,-1.0,-1
1.171285,1.17129,1.171285,1.171285,-1.0,-1.0,-1
1.171285,1.17129,1.171285,1.171285,-1.0,-1.0,-1
1.171285,1.171295,1.171285,1.171295,-1.0,-1.0,-1
1.171295,1.171355,1.17129,1.17129,-1.0,-1.0,-1
1.17129,1.17139,1.17129,1.17134,-1.0,-1.0,-1
1.17134,1.171375,1.171325,1.17133,-1.0,-1.0,-1
1.17133,1.17135,1.17132,1.171325,-1.0,-1.0,-1
1.171325,1.17136,1.17132,1.17134,-1.0,-1.0,-1
1.17134,1.17139,1.171325,1.17139,-1.0,-1.0,-1
1.17139,1.171445,1.171375,1.17139,-1.0,-1.0,-1
1.17139,1.1714,1.171385,1.171385,-1.0,-1.0,-1
1.171385,1.17139,1.171385,1.171385,-1.0,-1.0,-1
1.171385,1.171385,1.17138,1.171385,-1.0,-1.0,-1
1.171385,1.171395,1.171375,1.171395,-1.0,-1.0,-1
1.171395,1.171435,1.17139,1.17139,-1.0,-1.0,-1
1.17139,1.171395,1.171375,1.171375,-1.0,-1.0,-1
1.171375,1.17138,1.17135,1.17136,-1.0,-1.0,-1
1.17136,1.17136,1.171335,1.171335,-1.0,-1.0,-1
1.171335,1.171335,1.171335,1.171335,-1.0,-1.0,-1
1.171335,1.171335,1.1713,1.171305,-1.0,-1.0,-1
1.171305,1.17131,1.171305,1.171305,-1.0,-1.0,-1
1.171305,1.17131,1.171305,1.17131,-1.0,-1.0,-1
1.17131,1.171345,1.17131,1.171335,-1.0,-1.0,-1
1.171335,1.171335,1.171325,1.17133,-1.0,-1.0,-1
1.17133,1.17133,1.171325,1.17133,-1.0,-1.0,-1
1.17133,1.17133,1.171325,1.17133,-1.0,-1.0,-1
1.17133,1.171335,1.171325,1.17133,-1.0,-1.0,-1
1.17133,1.171335,1.171325,1.171335,-1.0,-1.0,-1
1.171335,1.17134,1.171335,1.17134,-1.0,-1.0,-1
1.17134,1.171345,1.171335,1.171345,-1.0,-1.0,-1
1.171345,1.171365,1.171345,1.171365,-1.0,-1.0,-1
1.171365,1.171365,1.171345,1.171345,-1.0,-1.0,-1
1.171345,1.17138,1.171345,1.17137,-1.0,-1.0,-1
1.17137,1.171415,1.171355,1.17141,-1.0,-1.0,-1
1.17141,1.17141,1.1714,1.171405,-1.0,-1.0,-1
1.171405,1.171425,1.1714,1.171425,-1.0,-1.0,-1
1.171425,1.171425,1.171425,1.171425,-1.0,-1.0,-1
1.171425,1.171445,1.171425,1.171435,-1.0,-1.0,-1
1.171435,1.17145,1.171435,1.17145,-1.0,-1.0,-1
1.17145,1.17148,1.17145,1.171475,-1.0,-1.0,-1
1.171475,1.171475,1.171465,1.171465,-1.0,-1.0,-1
1.171465,1.17147,1.17144,1.17144,-1.0,-1.0,-1
1.17144,1.171445,1.17144,1.17144,-1.0,-1.0,-1
1.17144,1.17144,1.17143,1.17143,-1.0,-1.0,-1
1.17143,1.171435,1.17143,1.171435,-1.0,-1.0,-1
1.171435,1.17144,1.171435,1.17144,-1.0,-1.0,-1
1.17144,1.17144,1.17143,1.17143,-1.0,-1.0,-1
1.17143,1.171435,1.17143,1.17143,-1.0,-1.0,-1
1.17143,1.171435,1.17143,1.171435,-1.0,-1.0,-1
1.171435,1.171435,1.17143,1.17143,-1.0,-1.0,-1
1.17143,1.171435,1.17143,1.171435,-1.0,-1.0,-1
1.171435,1.171435,1.17143,1.171435,-1.0,-1.0,-1
1.171435,1.171435,1.171435,1.171435,-1.0,-1.0,-1
1.171435,1.17147,1.171435,1.171455,-1.0,-1.0,-1
1.171455,1.17147,1.171455,1.171465,-1.0,-1.0,-1
1.171465,1.17147,1.171465,1.171465,-1.0,-1.0,-1
1.171465,1.171475,1.171465,1.171475,-1.0,-1.0,-1
1.171475,1.17148,1.171465,1.171465,-1.0,-1.0,-1
1.171465,1.17147,1.171465,1.171465,-1.0,-1.0,-1
1.171465,1.17147,1.17146,1.171465,-1.0,-1.0,-1
1.171465,1.171475,1.171465,1.171475,-1.0,-1.0,-1
1.171475,1.17148,1.171475,1.17148,-1.0,-1.0,-1
1.17148,1.171555,1.17148,1.171545,-1.0,-1.0,-1
1.171545,1.171585,1.171545,1.171585,-1.0,-1.0,-1
1.171585,1.171595,1.17158,1.171595,-1.0,-1.0,-1
1.171595,1.171595,1.171585,1.171595,-1.0,-1.0,-1
1.171595,1.171595,1.171585,1.17159,-1.0,-1.0,-1
1.17159,1.171595,1.171585,1.17159,-1.0,-1.0,-1
1.17159,1.171615,1.171585,1.171595,-1.0,-1.0,-1
1.171595,1.171595,1.171585,1.17159,-1.0,-1.0,-1
1.17159,1.171595,1.17158,1.17159,-1.0,-1.0,-1
1.17159,1.17159,1.171565,1.17159,-1.0,-1.0,-1
1.17159,1.17159,1.171585,1.17159,-1.0,-1.0,-1
1.17159,1.17159,1.17151,1.17151,-1.0,-1.0,-1
1.17151,1.17151,1.17151,1.17151,-1.0,-1.0,-1
1.17151,1.17151,1.17144,1.17144,-1.0,-1.0,-1
1.17144,1.17144,1.17144,1.17144,-1.0,-1.0,-1
1.17144,1.17144,1.17139,1.171425,-1.0,-1.0,-1
1.171425,1.17144,1.171425,1.17144,-1.0,-1.0,-1
1.17144,1.17146,1.1714,1.171455,-1.0,-1.0,-1
1.171455,1.171485,1.171455,1.171485,-1.0,-1.0,-1
1.171485,1.171485,1.17148,1.17148,-1.0,-1.0,-1
1.17148,1.171485,1.17148,1.17148,-1.0,-1.0,-1
1.17148,1.17148,1.17148,1.17148,-1.0,-1.0,-1
1.17148,1.17148,1.17147,1.17148,-1.0,-1.0,-1
1.17148,1.17148,1.171465,1.17148,-1.0,-1.0,-1
1.17148,1.17151,1.17148,1.171495,-1.0,-1.0,-1
1.171495,1.17153,1.17149,1.17153,-1.0,-1.0,-1
1.17153,1.17153,1.17153,1.17153,-1.0,-1.0,-1
1.17153,1.17153,1.17153,1.17153,-1.0,-1.0,-1
1.17153,1.171535,1.17153,1.17153,-1.0,-1.0,-1
1.17153,1.17154,1.17153,1.17153,-1.0,-1.0,-1
1.17153,1.17153,1.17153,1.17153,-1.0,-1.0,-1
1.17153,1.171535,1.17153,1.171535,-1.0,-1.0,-1
1.171535,1.171535,1.171535,1.171535,-1.0,-1.0,-1
1.171535,1.17154,1.17153,1.171535,-1.0,-1.0,-1
1.171535,1.171535,1.171515,1.17152,-1.0,-1.0,-1
1.17152,1.171535,1.17152,1.171535,-1.0,-1.0,-1
1.171535,1.171585,1.171535,1.171585,-1.0,-1.0,-1
1.171585,1.171585,1.17158,1.171585,-1.0,-1.0,-1
1.171585,1.171585,1.171545,1.17156,-1.0,-1.0,-1
1.17156,1.17156,1.171525,1.171525,-1.0,-1.0,-1
1.171525,1.171535,1.171525,1.171535,-1.0,-1.0,-1
1.171535,1.171535,1.17151,1.171535,-1.0,-1.0,-1
1.171535,1.171535,1.171535,1.171535,-1.0,-1.0,-1
1.171535,1.171535,1.171535,1.171535,-1.0,-1.0,-1
1.171535,1.171535,1.171525,1.171525,-1.0,-1.0,-1
1.171525,1.171525,1.17149,1.171505,-1.0,-1.0,-1
1.171505,1.171505,1.1715,1.171505,-1.0,-1.0,-1
1.171505,1.17153,1.1715,1.17153,-1.0,-1.0,-1
1.17153,1.17153,1.171515,1.171515,-1.0,-1.0,-1
1.171515,1.171515,1.17148,1.17148,-1.0,-1.0,-1
1.17148,1.17148,1.171475,1.17148,-1.0,-1.0,-1
1.17148,1.17148,1.171475,1.17148,-1.0,-1.0,-1
1.17148,1.17148,1.17148,1.17148,-1.0,-1.0,-1
1.17148,1.17148,1.171475,1.171475,-1.0,-1.0,-1
1.171475,1.17148,1.171475,1.17148,-1.0,-1.0,-1
1.17148,1.17148,1.171475,1.171475,-1.0,-1.0,-1
1.171475,1.171495,1.171475,1.171495,-1.0,-1.0,-1
1.171495,1.171495,1.17148,1.17148,-1.0,-1.0,-1
1.17148,1.17148,1.17139,1.17139,-1.0,-1.0,-1
1.17139,1.17139,1.17139,1.17139,-1.0,-1.0,-1
1.17139,1.17139,1.171345,1.171375,-1.0,-1.0,-1
1.171375,1.17138,1.171375,1.171375,-1.0,-1.0,-1
1.171375,1.17138,1.171375,1.171375,-1.0,-1.0,-1
1.171375,1.17138,1.171345,1.171345,-1.0,-1.0,-1
1.171345,1.17135,1.17126,1.171265,-1.0,-1.0,-1
1.171265,1.17127,1.17126,1.17126,-1.0,-1.0,-1
1.17126,1.171275,1.171225,1.171225,-1.0,-1.0,-1
1.171225,1.171235,1.171215,1.171215,-1.0,-1.0,-1
1.171215,1.171225,1.171215,1.17122,-1.0,-1.0,-1
1.17122,1.17122,1.171215,1.17122,-1.0,-1.0,-1
1.17122,1.17122,1.171165,1.171175,-1.0,-1.0,-1
1.171175,1.1712,1.171175,1.171185,-1.0,-1.0,-1
1.171185,1.171185,1.171185,1.171185,-1.0,-1.0,-1
1.171185,1.171185,1.17118,1.17118,-1.0,-1.0,-1
1.17118,1.171215,1.17118,1.171205,-1.0,-1.0,-1
1.171205,1.171215,1.171195,1.171195,-1.0,-1.0,-1
1.171195,1.1712,1.171195,1.171195,-1.0,-1.0,-1
1.171195,1.17122,1.17119,1.17122,-1.0,-1.0,-1
1.17122,1.17122,1.171215,1.17122,-1.0,-1.0,-1
1.17122,1.17122,1.17122,1.17122,-1.0,-1.0,-1
1.17122,1.17122,1.17122,1.17122,-1.0,-1.0,-1
1.17122,1.171275,1.17122,1.171275,-1.0,-1.0,-1
1.171275,1.171275,1.171245,1.171245,-1.0,-1.0,-1
1.171245,1.171265,1.171245,1.171245,-1.0,-1.0,-1
1.171245,1.17129,1.171245,1.171285,-1.0,-1.0,-1
1.171285,1.17129,1.171285,1.171285,-1.0,-1.0,-1
1.171285,1.17129,1.171285,1.171285,-1.0,-1.0,-1
1.171285,1.17129,1.17123,1.171235,-1.0,-1.0,-1
1.171235,1.171235,1.17123,1.171235,-1.0,-1.0,-1
1.171235,1.171235,1.171215,1.17122,-1.0,-1.0,-1
1.17122,1.17122,1.171215,1.171215,-1.0,-1.0,-1
1.171215,1.171215,1.171215,1.171215,-1.0,-1.0,-1
1.171215,1.171215,1.171215,1.171215,-1.0,-1.0,-1
1.171215,1.171215,1.171215,1.171215,-1.0,-1.0,-1
1.171215,1.171235,1.171215,1.171235,-1.0,-1.0,-1
1.171235,1.17124,1.17123,1.171235,-1.0,-1.0,-1
1.171235,1.171245,1.171215,1.171215,-1.0,-1.0,-1
1.171215,1.17122,1.171215,1.17122,-1.0,-1.0,-1
1.17122,1.17122,1.171215,1.171215,-1.0,-1.0,-1
1.171215,1.171215,1.17119,1.17121,-1.0,-1.0,-1
1.17121,1.17121,1.171175,1.171175,-1.0,-1.0,-1
1.171175,1.171175,1.17113,1.17115,-1.0,-1.0,-1
1.17115,1.17115,1.17113,1.171135,-1.0,-1.0,-1
1.171135,1.171135,1.17113,1.17113,-1.0,-1.0,-1
1.17113,1.17113,1.171125,1.171125,-1.0,-1.0,-1
1.171125,1.171125,1.171125,1.171125,-1.0,-1.0,-1
1.171125,1.171125,1.171125,1.171125,-1.0,-1.0,-1
1.171125,1.171135,1.17112,1.171135,-1.0,-1.0,-1
1.171135,1.171135,1.171125,1.171125,-1.0,-1.0,-1
1.171125,1.17113,1.171125,1.17113,-1.0,-1.0,-1
1.17113,1.171135,1.171125,1.171125,-1.0,-1.0,-1
1.171125,1.17113,1.17112,1.17112,-1.0,-1.0,-1
1.17112,1.17112,1.171085,1.171085,-1.0,-1.0,-1
1.171085,1.171085,1.171075,1.171075,-1.0,-1.0,-1
1.171075,1.171075,1.171075,1.171075,-1.0,-1.0,-1
1.171075,1.171075,1.171035,1.17106,-1.0,-1.0,-1
1.17106,1.17106,1.17104,1.17104,-1.0,-1.0,-1
1.17104,1.17104,1.17104,1.17104,-1.0,-1.0,-1
1.17104,1.17104,1.17101,1.171015,-1.0,-1.0,-1
1.171015,1.17104,1.171015,1.17104,-1.0,-1.0,-1
1.17104,1.17126,1.171015,1.17121,-1.0,-1.0,-1
1.17121,1.17122,1.171175,1.171175,-1.0,-1.0,-1
1.171175,1.171185,1.17114,1.171145,-1.0,-1.0,-1
1.171145,1.171145,1.171125,1.171145,-1.0,-1.0,-1
1.171145,1.171145,1.17113,1.17113,-1.0,-1.0,-1
1.17113,1.17113,1.17113,1.17113,-1.0,-1.0,-1
1.17113,1.17113,1.17107,1.171115,-1.0,-1.0,-1
1.171115,1.17113,1.171115,1.17113,-1.0,-1.0,-1
1.17113,1.17113,1.17112,1.17113,-1.0,-1.0,-1
1.17113,1.17113,1.171125,1.17113,-1.0,-1.0,-1
1.17113,1.171145,1.171125,1.171125,-1.0,-1.0,-1
1.171125,1.171165,1.171125,1.17116,-1.0,-1.0,-1
1.17116,1.171185,1.17114,1.17116,-1.0,-1.0,-1
1.17116,1.17116,1.171115,1.171115,-1.0,-1.0,-1
1.171115,1.17112,1.1711,1.17111,-1.0,-1.0,-1
1.17111,1.17112,1.171095,1.171095,-1.0,-1.0,-1
1.171095,1.171125,1.171085,1.171125,-1.0,-1.0,-1
1.171125,1.17113,1.171115,1.171125,-1.0,-1.0,-1
1.171125,1.171125,1.171085,1.171085,-1.0,-1.0,-1
1.171085,1.17109,1.17104,1.171045,-1.0,-1.0,-1
1.171045,1.171055,1.17104,1.17105,-1.0,-1.0,-1
1.17105,1.171065,1.17105,1.17106,-1.0,-1.0,-1
1.17106,1.17106,1.17105,1.17106,-1.0,-1.0,-1
1.17106,1.17108,1.171055,1.171075,-1.0,-1.0,-1
1.171075,1.17108,1.171075,1.171075,-1.0,-1.0,-1
1.171075,1.171075,1.17105,1.17107,-1.0,-1.0,-1
1.17107,1.17107,1.17104,1.17104,-1.0,-1.0,-1
1.17104,1.17104,1.17104,1.17104,-1.0,-1.0,-1
1.17104,1.171065,1.171015,1.171035,-1.0,-1.0,-1
1.171035,1.171035,1.171025,1.171035,-1.0,-1.0,-1
1.171035,1.171035,1.17099,1.17099,-1.0,-1.0,-1
1.17099,1.17099,1.17099,1.17099,-1.0,-1.0,-1
1.17099,1.17102,1.170985,1.170985,-1.0,-1.0,-1
1.170985,1.171035,1.170985,1.171035,-1.0,-1.0,-1
1.171035,1.171035,1.171015,1.171035,-1.0,-1.0,-1
1.171035,1.171035,1.17102,1.171025,-1.0,-1.0,-1
1.171025,1.171095,1.17102,1.171095,-1.0,-1.0,-1
1.171095,1.171155,1.171095,1.171155,-1.0,-1.0,-1
1.171155,1.171155,1.17115,1.171155,-1.0,-1.0,-1
1.171155,1.171155,1.17115,1.171155,-1.0,-1.0,-1
1.171155,1.171155,1.17113,1.17113,-1.0,-1.0,-1
1.17113,1.17113,1.17113,1.17113,-1.0,-1.0,-1
1.17113,1.17113,1.171125,1.171125,-1.0,-1.0,-1
1.171125,1.171125,1.171085,1.17109,-1.0,-1.0,-1
1.17109,1.171155,1.17109,1.171155,-1.0,-1.0,-1
1.171155,1.171185,1.17114,1.171185,-1.0,-1.0,-1
1.171185,1.171185,1.171185,1.171185,-1.0,-1.0,-1
1.171185,1.171185,1.17115,1.171185,-1.0,-1.0,-1
1.171185,1.171185,1.171185,1.171185,-1.0,-1.0,-1
1.171185,1.1712,1.171185,1.171195,-1.0,-1.0,-1
1.171195,1.1712,1.17114,1.171145,-1.0,-1.0,-1
1.171145,1.171145,1.17113,1.17113,-1.0,-1.0,-1
1.17113,1.17113,1.17113,1.17113,-1.0,-1.0,-1
1.17113,1.17115,1.17113,1.17113,-1.0,-1.0,-1
1.17113,1.17113,1.17113,1.17113,-1.0,-1.0,-1
1.17113,1.17113,1.17113,1.17113,-1.0,-1.0,-1
1.17113,1.17116,1.17113,1.171135,-1.0,-1.0,-1
1.171135,1.171155,1.171135,1.171135,-1.0,-1.0,-1
1.171135,1.171185,1.171135,1.171185,-1.0,-1.0,-1
1.171185,1.171205,1.171185,1.171195,-1.0,-1.0,-1
1.171195,1.17121,1.171195,1.171195,-1.0,-1.0,-1
1.171195,1.1712,1.171195,1.171195,-1.0,-1.0,-1
1.171195,1.1712,1.17113,1.17113,-1.0,-1.0,-1
1.17113,1.17113,1.17113,1.17113,-1.0,-1.0,-1
1.17113,1.17113,1.17113,1.17113,-1.0,-1.0,-1
1.17113,1.17113,1.17113,1.17113,-1.0,-1.0,-1
1.17113,1.171155,1.17113,1.171155,-1.0,-1.0,-1
1.171155,1.171155,1.17114,1.171145,-1.0,-1.0,-1
1.171145,1.171145,1.17114,1.171145,-1.0,-1.0,-1
1.171145,1.171145,1.171135,1.171135,-1.0,-1.0,-1
1.171135,1.171185,1.171135,1.171175,-1.0,-1.0,-1
1.171175,1.171175,1.171175,1.171175,-1.0,-1.0,-1
1.171175,1.171175,1.171125,1.17113,-1.0,-1.0,-1
1.17113,1.171155,1.17113,1.171155,-1.0,-1.0,-1
1.171155,1.171155,1.17114,1.171145,-1.0,-1.0,-1
1.171145,1.171155,1.17114,1.171155,-1.0,-1.0,-1
1.171155,1.171185,1.17115,1.171185,-1.0,-1.0,-1
1.171185,1.1712,1.171185,1.171195,-1.0,-1.0,-1
1.171195,1.1712,1.171195,1.171195,-1.0,-1.0,-1
1.171195,1.1712,1.171195,1.171195,-1.0,-1.0,-1
1.171195,1.1712,1.17114,1.171145,-1.0,-1.0,-1
1.171145,1.171145,1.17113,1.171145,-1.0,-1.0,-1
1.171145,1.171145,1.17113,1.17113,-1.0,-1.0,-1
1.17113,1.171145,1.17113,1.171145,-1.0,-1.0,-1
1.171145,1.171145,1.171095,1.171125,-1.0,-1.0,-1
1.171125,1.171125,1.171105,1.171105,-1.0,-1.0,-1
1.171105,1.17111,1.171085,1.171085,-1.0,-1.0,-1
1.171085,1.17109,1.17107,1.17107,-1.0,-1.0,-1
1.17107,1.17107,1.17107,1.17107,-1.0,-1.0,-1
1.17107,1.17107,1.17102,1.17103,-1.0,-1.0,-1
1.17103,1.171035,1.17103,1.171035,-1.0,-1.0,-1
1.171035,1.171035,1.17102,1.171035,-1.0,-1.0,-1
1.171035,1.171035,1.171035,1.171035,-1.0,-1.0,-1
1.171035,1.171035,1.171035,1.171035,-1.0,-1.0,-1
1.171035,1.17104,1.171035,1.17104,-1.0,-1.0,-1
1.17104,1.17104,1.17104,1.17104,-1.0,-1.0,-1
1.17104,1.171045,1.17104,1.171045,-1.0,-1.0,-1
1.171045,1.171045,1.171045,1.171045,-1.0,-1.0,-1
1.171045,1.171045,1.171045,1.171045,-1.0,-1.0,-1
1.171045,1.171045,1.171035,1.171035,-1.0,-1.0,-1
1.171035,1.17104,1.171035,1.17104,-1.0,-1.0,-1
1.17104,1.17104,1.17097,1.170985,-1.0,-1.0,-1
1.170985,1.170985,1.170985,1.170985,-1.0,-1.0,-1
1.170985,1.170985,1.17097,1.170975,-1.0,-1.0,-1
1.170975,1.170975,1.17097,1.170975,-1.0,-1.0,-1
1.170975,1.170985,1.17097,1.170985,-1.0,-1.0,-1
1.170985,1.170985,1.17098,1.17098,-1.0,-1.0,-1
1.17098,1.170985,1.17098,1.170985,-1.0,-1.0,-1
1.170985,1.171145,1.170985,1.171135,-1.0,-1.0,-1
1.171135,1.171135,1.17113,1.17113,-1.0,-1.0,-1
1.17113,1.17113,1.17113,1.17113,-1.0,-1.0,-1
1.17113,1.17113,1.171115,1.171115,-1.0,-1.0,-1
1.171115,1.17112,1.171095,1.171105,-1.0,-1.0,-1
1.171105,1.171125,1.171105,1.171115,-1.0,-1.0,-1
1.171115,1.17113,1.171115,1.17113,-1.0,-1.0,-1
1.17113,1.17113,1.171115,1.171115,-1.0,-1.0,-1
1.171115,1.17112,1.171085,1.171085,-1.0,-1.0,-1
1.171085,1.17109,1.171085,1.17109,-1.0,-1.0,-1
1.17109,1.17109,1.171075,1.17108,-1.0,-1.0,-1
1.17108,1.17109,1.17108,1.17109,-1.0,-1.0,-1
1.17109,1.17109,1.17107,1.17107,-1.0,-1.0,-1
1.17107,1.17113,1.17107,1.17113,-1.0,-1.0,-1
1.17113,1.17113,1.17109,1.171095,-1.0,-1.0,-1
1.171095,1.171095,1.17104,1.17104,-1.0,-1.0,-1
1.17104,1.17104,1.171035,1.171035,-1.0,-1.0,-1
1.171035,1.171035,1.17097,1.170975,-1.0,-1.0,-1
1.170975,1.17098,1.17097,1.170975,-1.0,-1.0,-1
1.170975,1.170975,1.17097,1.170975,-1.0,-1.0,-1
1.170975,1.17098,1.17097,1.17098,-1.0,-1.0,-1
1.17098,1.17098,1.17097,1.17098,-1.0,-1.0,-1
1.17098,1.17098,1.17098,1.17098,-1.0,-1.0,-1
1.17098,1.17099,1.17098,1.170985,-1.0,-1.0,-1
1.170985,1.17099,1.170955,1.170955,-1.0,-1.0,-1
1.170955,1.170955,1.17095,1.17095,-1.0,-1.0,-1
1.17095,1.17096,1.170945,1.170945,-1.0,-1.0,-1
1.170945,1.17095,1.170935,1.170935,-1.0,-1.0,-1
1.170935,1.17094,1.170935,1.170935,-1.0,-1.0,-1
1.170935,1.17094,1.170895,1.170915,-1.0,-1.0,-1
1.170915,1.170915,1.170915,1.170915,-1.0,-1.0,-1
1.170915,1.170915,1.170915,1.170915,-1.0,-1.0,-1
1.170915,1.170915,1.170875,1.170875,-1.0,-1.0,-1
1.170875,1.170875,1.17083,1.17083,-1.0,-1.0,-1
1.17083,1.17083,1.170825,1.17083,-1.0,-1.0,-1
1.17083,1.170835,1.17083,1.170835,-1.0,-1.0,-1
1.170835,1.170835,1.170835,1.170835,-1.0,-1.0,-1
1.170835,1.170835,1.170825,1.170835,-1.0,-1.0,-1
1.170835,1.170835,1.17083,1.170835,-1.0,-1.0,-1
1.170835,1.170835,1.170835,1.170835,-1.0,-1.0,-1
1.170835,1.170835,1.170835,1.170835,-1.0,-1.0,-1
1.170835,1.170835,1.17079,1.170805,-1.0,-1.0,-1
1.170805,1.170805,1.170755,1.170775,-1.0,-1.0,-1
1.170775,1.17078,1.170775,1.17078,-1.0,-1.0,-1
1.17078,1.17078,1.170745,1.170745,-1.0,-1.0,-1
1.170745,1.170745,1.170735,1.170735,-1.0,-1.0,-1
1.170735,1.170735,1.170735,1.170735,-1.0,-1.0,-1
1.170735,1.17074,1.170735,1.17074,-1.0,-1.0,-1
1.17074,1.170785,1.17074,1.170785,-1.0,-1.0,-1
1.170785,1.170795,1.17078,1.17078,-1.0,-1.0,-1
1.17078,1.17078,1.170775,1.17078,-1.0,-1.0,-1
1.17078,1.17078,1.17078,1.17078,-1.0,-1.0,-1
1.17078,1.17078,1.17078,1.17078,-1.0,-1.0,-1
1.17078,1.17078,1.17078,1.17078,-1.0,-1.0,-1
1.17078,1.17078,1.17078,1.17078,-1.0,-1.0,-1
1.17078,1.17078,1.170745,1.170745,-1.0,-1.0,-1
1.170745,1.170745,1.170745,1.170745,-1.0,-1.0,-1
1.170745,1.170745,1.170745,1.170745,-1.0,-1.0,-1
1.170745,1.170745,1.170745,1.170745,-1.0,-1.0,-1
1.170745,1.170745,1.170735,1.170735,-1.0,-1.0,-1
1.170735,1.170735,1.170685,1.170705,-1.0,-1.0,-1
1.170705,1.17072,1.1707,1.17072,-1.0,-1.0,-1
1.17072,1.170775,1.17072,1.170775,-1.0,-1.0,-1
1.170775,1.17078,1.170775,1.170775,-1.0,-1.0,-1
1.170775,1.170775,1.170775,1.170775,-1.0,-1.0,-1
1.170775,1.17078,1.170735,1.17078,-1.0,-1.0,-1
1.17078,1.17078,1.17078,1.17078,-1.0,-1.0,-1
1.17078,1.17078,1.17077,1.17077,-1.0,-1.0,-1
1.17077,1.170775,1.170765,1.170775,-1.0,-1.0,-1
1.170775,1.170775,1.17077,1.17077,-1.0,-1.0,-1
1.17077,1.170775,1.17077,1.170775,-1.0,-1.0,-1
1.170775,1.17078,1.17077,1.17078,-1.0,-1.0,-1
1.17078,1.17078,1.17074,1.17077,-1.0,-1.0,-1
1.17077,1.170775,1.170745,1.17075,-1.0,-1.0,-1
1.17075,1.170755,1.17073,1.170735,-1.0,-1.0,-1
1.170735,1.17076,1.170735,1.170745,-1.0,-1.0,-1
1.170745,1.17076,1.170735,1.17074,-1.0,-1.0,-1
1.17074,1.17074,1.17073,1.17073,-1.0,-1.0,-1
1.17073,1.170735,1.17073,1.170735,-1.0,-1.0,-1
1.170735,1.170745,1.170735,1.170745,-1.0,-1.0,-1
1.170745,1.170775,1.170745,1.170755,-1.0,-1.0,-1
1.170755,1.170795,1.170755,1.170785,-1.0,-1.0,-1
1.170785,1.17085,1.170785,1.17083,-1.0,-1.0,-1
1.17083,1.170835,1.170825,1.17083,-1.0,-1.0,-1
1.17083,1.17083,1.17081,1.17081,-1.0,-1.0,-1
1.17081,1.17083,1.17079,1.17082,-1.0,-1.0,-1
1.17082,1.170845,1.17082,1.17084,-1.0,-1.0,-1
1.17084,1.170855,1.170835,1.17084,-1.0,-1.0,-1
1.17084,1.17085,1.170835,1.17084,-1.0,-1.0,-1
1.17084,1.17085,1.17083,1.17083,-1.0,-1.0,-1
1.17083,1.17083,1.17081,1.170815,-1.0,-1.0,-1
1.170815,1.17082,1.17078,1.17078,-1.0,-1.0,-1
1.17078,1.170785,1.17078,1.170785,-1.0,-1.0,-1
1.170785,1.170845,1.17078,1.170785,-1.0,-1.0,-1
1.170785,1.170785,1.170785,1.170785,-1.0,-1.0,-1
1.170785,1.1708,1.170785,1.170795,-1.0,-1.0,-1
1.170795,1.17086,1.17079,1.17084,-1.0,-1.0,-1
1.17084,1.170895,1.17084,1.17087,-1.0,-1.0,-1
1.17087,1.17087,1.17079,1.17081,-1.0,-1.0,-1
1.17081,1.170835,1.170795,1.17081,-1.0,-1.0,-1
1.17081,1.170825,1.170795,1.170805,-1.0,-1.0,-1
1.170805,1.170835,1.170805,1.170825,-1.0,-1.0,-1
1.170825,1.170835,1.170805,1.17082,-1.0,-1.0,-1
1.17082,1.170845,1.170795,1.1708,-1.0,-1.0,-1
1.1708,1.170865,1.17079,1.17085,-1.0,-1.0,-1
1.17085,1.170865,1.170795,1.1708,-1.0,-1.0,-1
1.1708,1.170835,1.170785,1.17082,-1.0,-1.0,-1
1.17082,1.17083,1.17082,1.170825,-1.0,-1.0,-1
1.170825,1.170835,1.170805,1.170815,-1.0,-1.0,-1
1.170815,1.170825,1.170795,1.17082,-1.0,-1.0,-1
1.17082,1.170835,1.17082,1.17082,-1.0,-1.0,-1
1.17082,1.170835,1.17082,1.17082,-1.0,-1.0,-1
1.17082,1.170825,1.17081,1.170815,-1.0,-1.0,-1
1.170815,1.17082,1.170745,1.170745,-1.0,-1.0,-1
1.170745,1.17077,1.170745,1.17076,-1.0,-1.0,-1
1.17076,1.170795,1.17076,1.17077,-1.0,-1.0,-1
1.17077,1.170805,1.17077,1.17079,-1.0,-1.0,-1
1.17079,1.170895,1.170785,1.17087,-1.0,-1.0,-1
1.17087,1.170885,1.17087,1.170875,-1.0,-1.0,-1
1.170875,1.170885,1.170855,1.170875,-1.0,-1.0,-1
1.170875,1.170905,1.170875,1.170895,-1.0,-1.0,-1
1.170895,1.170895,1.170875,1.17089,-1.0,-1.0,-1
1.17089,1.170905,1.17087,1.17087,-1.0,-1.0,-1
1.17087,1.170885,1.17087,1.170875,-1.0,-1.0,-1
1.170875,1.170925,1.170875,1.1709,-1.0,-1.0,-1
1.1709,1.17099,1.1709,1.170985,-1.0,-1.0,-1
1.170985,1.170995,1.170985,1.170985,-1.0,-1.0,-1
1.170985,1.170985,1.17098,1.170985,-1.0,-1.0,-1
1.170985,1.17099,1.17098,1.17099,-1.0,-1.0,-1
1.17099,1.17099,1.170985,1.17099,-1.0,-1.0,-1
1.17099,1.170995,1.170965,1.170965,-1.0,-1.0,-1
1.170965,1.17098,1.170965,1.170965,-1.0,-1.0,-1
1.170965,1.170995,1.170965,1.170995,-1.0,-1.0,-1
1.170995,1.170995,1.17098,1.17099,-1.0,-1.0,-1
1.17099,1.171045,1.17099,1.17103,-1.0,-1.0,-1
1.17103,1.17104,1.170995,1.171035,-1.0,-1.0,-1
1.171035,1.17104,1.171035,1.171035,-1.0,-1.0,-1
1.171035,1.17104,1.171035,1.171035,-1.0,-1.0,-1
1.171035,1.171045,1.171035,1.171045,-1.0,-1.0,-1
1.171045,1.171065,1.17104,1.171045,-1.0,-1.0,-1
1.171045,1.17111,1.171045,1.171095,-1.0,-1.0,-1
1.171095,1.171105,1.171085,1.171095,-1.0,-1.0,-1
1.171095,1.171125,1.171095,1.171115,-1.0,-1.0,-1
1.171115,1.171135,1.171105,1.171135,-1.0,-1.0,-1
1.171135,1.171135,1.17109,1.171095,-1.0,-1.0,-1
1.171095,1.17112,1.171095,1.17111,-1.0,-1.0,-1
1.17111,1.171135,1.17111,1.171135,-1.0,-1.0,-1
1.171135,1.171145,1.17113,1.171135,-1.0,-1.0,-1
1.171135,1.171155,1.17113,1.17114,-1.0,-1.0,-1
1.17114,1.17115,1.171095,1.1711,-1.0,-1.0,-1
1.1711,1.1711,1.171095,1.171095,-1.0,-1.0,-1
1.171095,1.171165,1.171095,1.17115,-1.0,-1.0,-1
1.17115,1.171155,1.171135,1.17114,-1.0,-1.0,-1
1.17114,1.17119,1.17114,1.171185,-1.0,-1.0,-1
1.171185,1.17119,1.17117,1.17118,-1.0,-1.0,-1
1.17118,1.17119,1.17116,1.171185,-1.0,-1.0,-1
1.171185,1.171185,1.171185,1.171185,-1.0,-1.0,-1
1.171185,1.17119,1.171185,1.171185,-1.0,-1.0,-1
1.171185,1.1712,1.171185,1.171185,-1.0,-1.0,-1
1.171185,1.171185,1.171135,1.171135,-1.0,-1.0,-1
1.171135,1.171185,1.171135,1.171135,-1.0,-1.0,-1
1.171135,1.17114,1.171135,1.171135,-1.0,-1.0,-1
1.171135,1.171145,1.171135,1.171135,-1.0,-1.0,-1
1.171135,1.171145,1.171135,1.171135,-1.0,-1.0,-1
1.171135,1.171145,1.171135,1.171135,-1.0,-1.0,-1
1.171135,1.171205,1.171135,1.1712,-1.0,-1.0,-1
1.1712,1.17121,1.171185,1.17119,-1.0,-1.0,-1
1.17119,1.17119,1.17118,1.171185,-1.0,-1.0,-1
1.171185,1.17119,1.171185,1.171185,-1.0,-1.0,-1
1.171185,1.17119,1.17116,1.171175,-1.0,-1.0,-1
1.171175,1.1712,1.17117,1.171185,-1.0,-1.0,-1
1.171185,1.171205,1.17118,1.1712,-1.0,-1.0,-1
1.1712,1.171205,1.17119,1.17119,-1.0,-1.0,-1
1.17119,1.17125,1.17118,1.17124,-1.0,-1.0,-1
1.17124,1.17126,1.17123,1.17123,-1.0,-1.0,-1
1.17123,1.171275,1.17123,1.17126,-1.0,-1.0,-1
1.17126,1.1713,1.171245,1.171295,-1.0,-1.0,-1
1.171295,1.17131,1.17129,1.171295,-1.0,-1.0,-1
1.171295,1.171335,1.171295,1.171315,-1.0,-1.0,-1
1.171315,1.171315,1.171295,1.171295,-1.0,-1.0,-1
1.171295,1.1713,1.171295,1.171295,-1.0,-1.0,-1
1.171295,1.171295,1.17129,1.17129,-1.0,-1.0,-1
1.17129,1.17129,1.171235,1.171255,-1.0,-1.0,-1
1.171255,1.171255,1.171195,1.1712,-1.0,-1.0,-1
1.1712,1.1712,1.17119,1.17119,-1.0,-1.0,-1
1.17119,1.17119,1.171165,1.17117,-1.0,-1.0,-1
1.17117,1.171175,1.17117,1.17117,-1.0,-1.0,-1
1.17117,1.17118,1.17116,1.17116,-1.0,-1.0,-1
1.17116,1.171165,1.171135,1.171135,-1.0,-1.0,-1
1.171135,1.17114,1.17113,1.17113,-1.0,-1.0,-1
1.17113,1.17117,1.17113,1.17117,-1.0,-1.0,-1
1.17117,1.17117,1.171165,1.171165,-1.0,-1.0,-1
1.171165,1.17122,1.171135,1.17122,-1.0,-1.0,-1
1.17122,1.17122,1.171195,1.171205,-1.0,-1.0,-1
1.171205,1.171205,1.17119,1.1712,-1.0,-1.0,-1
1.1712,1.1712,1.17119,1.1712,-1.0,-1.0,-1
1.1712,1.1712,1.17119,1.1712,-1.0,-1.0,-1
1.1712,1.1712,1.17119,1.1712,-1.0,-1.0,-1
1.1712,1.171205,1.171185,1.171185,-1.0,-1.0,-1
1.171185,1.171205,1.17118,1.1712,-1.0,-1.0,-1
1.1712,1.171225,1.171195,1.171215,-1.0,-1.0,-1
1.171215,1.17125,1.171215,1.171245,-1.0,-1.0,-1
1.171245,1.17125,1.171245,1.171245,-1.0,-1.0,-1
1.171245,1.171295,1.171245,1.17129,-1.0,-1.0,-1
1.17129,1.171295,1.171285,1.171295,-1.0,-1.0,-1
1.171295,1.17132,1.171295,1.171315,-1.0,-1.0,-1
1.171315,1.17132,1.171305,1.171305,-1.0,-1.0,-1
1.171305,1.171315,1.1713,1.171315,-1.0,-1.0,-1
1.171315,1.171315,1.171315,1.171315,-1.0,-1.0,-1
1.171315,1.171315,1.1713,1.1713,-1.0,-1.0,-1
1.1713,1.171305,1.171295,1.1713,-1.0,-1.0,-1
1.1713,1.1713,1.171295,1.171295,-1.0,-1.0,-1
1.171295,1.1713,1.171285,1.171285,-1.0,-1.0,-1
1.171285,1.171305,1.17128,1.17128,-1.0,-1.0,-1
1.17128,1.171355,1.17128,1.17134,-1.0,-1.0,-1
1.17134,1.171405,1.17134,1.171385,-1.0,-1.0,-1
1.171385,1.171415,1.17137,1.171385,-1.0,-1.0,-1
1.171385,1.17139,1.171385,1.171385,-1.0,-1.0,-1
1.171385,1.17139,1.171385,1.171385,-1.0,-1.0,-1
1.171385,1.171415,1.17137,1.171405,-1.0,-1.0,-1
1.171405,1.171435,1.1714,1.171425,-1.0,-1.0,-1
1.171425,1.171435,1.171425,1.17143,-1.0,-1.0,-1
1.17143,1.171445,1.171405,1.17141,-1.0,-1.0,-1
1.17141,1.171415,1.17139,1.17139,-1.0,-1.0,-1
1.17139,1.171445,1.171385,1.171435,-1.0,-1.0,-1
1.171435,1.17148,1.171435,1.17144,-1.0,-1.0,-1
1.17144,1.17144,1.171435,1.17144,-1.0,-1.0,-1
1.17144,1.171445,1.171395,1.171395,-1.0,-1.0,-1
1.171395,1.171405,1.17139,1.17139,-1.0,-1.0,-1
1.17139,1.1714,1.17139,1.1714,-1.0,-1.0,-1
1.1714,1.1714,1.1714,1.1714,-1.0,-1.0,-1
1.1714,1.171405,1.171395,1.171395,-1.0,-1.0,-1
1.171395,1.171395,1.171365,1.17139,-1.0,-1.0,-1
1.17139,1.1714,1.17139,1.17139,-1.0,-1.0,-1
1.17139,1.171415,1.171385,1.171395,-1.0,-1.0,-1
1.171395,1.1714,1.17139,1.1714,-1.0,-1.0,-1
1.1714,1.1714,1.17139,1.17139,-1.0,-1.0,-1
1.17139,1.171405,1.171355,1.171355,-1.0,-1.0,-1
1.171355,1.171395,1.171355,1.171385,-1.0,-1.0,-1
1.171385,1.171385,1.171385,1.171385,-1.0,-1.0,-1
1.171385,1.171395,1.171385,1.17139,-1.0,-1.0,-1
1.17139,1.171405,1.171385,1.171385,-1.0,-1.0,-1
1.171385,1.17139,1.171355,1.17136,-1.0,-1.0,-1
1.17136,1.17138,1.17136,1.17137,-1.0,-1.0,-1
1.17137,1.171375,1.17136,1.17137,-1.0,-1.0,-1
1.17137,1.17138,1.171365,1.17137,-1.0,-1.0,-1
1.17137,1.17138,1.171315,1.17137,-1.0,-1.0,-1
1.17137,1.171385,1.171345,1.171345,-1.0,-1.0,-1
1.171345,1.171355,1.171345,1.17135,-1.0,-1.0,-1
1.17135,1.17135,1.171345,1.171345,-1.0,-1.0,-1
1.171345,1.171345,1.171335,1.17134,-1.0,-1.0,-1
1.17134,1.17134,1.17132,1.17134,-1.0,-1.0,-1
1.17134,1.17135,1.17132,1.17134,-1.0,-1.0,-1
1.17134,1.17134,1.171335,1.171335,-1.0,-1.0,-1
1.171335,1.171335,1.171335,1.171335,-1.0,-1.0,-1
1.171335,1.171335,1.171305,1.17131,-1.0,-1.0,-1
1.17131,1.17131,1.1713,1.1713,-1.0,-1.0,-1
1.1713,1.1713,1.171255,1.171255,-1.0,-1.0,-1
1.171255,1.17127,1.171245,1.171245,-1.0,-1.0,-1
1.171245,1.171265,1.171245,1.171265,-1.0,-1.0,-1
1.171265,1.17129,1.171265,1.171285,-1.0,-1.0,-1
1.171285,1.171355,1.171285,1.171355,-1.0,-1.0,-1
1.171355,1.171355,1.171335,1.171335,-1.0,-1.0,-1
1.171335,1.171335,1.17132,1.171335,-1.0,-1.0,-1
1.171335,1.171335,1.17132,1.171325,-1.0,-1.0,-1
1.171325,1.171325,1.1713,1.1713,-1.0,-1.0,-1
1.1713,1.171305,1.1713,1.1713,-1.0,-1.0,-1
1.1713,1.171305,1.1713,1.171305,-1.0,-1.0,-1
1.171305,1.171305,1.171305,1.171305,-1.0,-1.0,-1
1.171305,1.17131,1.171305,1.17131,-1.0,-1.0,-1
1.17131,1.17131,1.17131,1.17131,-1.0,-1.0,-1
1.17131,1.17131,1.171305,1.17131,-1.0,-1.0,-1
1.17131,1.171315,1.17131,1.171315,-1.0,-1.0,-1
1.171315,1.171315,1.171265,1.171265,-1.0,-1.0,-1
1.171265,1.171265,1.171265,1.171265,-1.0,-1.0,-1
1.171265,1.1713,1.171265,1.171295,-1.0,-1.0,-1
1.171295,1.171295,1.171295,1.171295,-1.0,-1.0,-1
1.171295,1.1713,1.171295,1.171295,-1.0,-1.0,-1
1.171295,1.1713,1.171295,1.1713,-1.0,-1.0,-1
1.1713,1.1713,1.171275,1.17129,-1.0,-1.0,-1
1.17129,1.1713,1.17129,1.171295,-1.0,-1.0,-1
1.171295,1.171335,1.171295,1.171335,-1.0,-1.0,-1
1.171335,1.171335,1.1713,1.171335,-1.0,-1.0,-1
1.171335,1.17134,1.171335,1.17134,-1.0,-1.0,-1
1.17134,1.17134,1.1713,1.1713,-1.0,-1.0,-1
1.1713,1.1713,1.1713,1.1713,-1.0,-1.0,-1
1.1713,1.1713,1.1713,1.1713,-1.0,-1.0,-1
1.1713,1.1713,1.1713,1.1713,-1.0,-1.0,-1
1.1713,1.171305,1.171295,1.171295,-1.0,-1.0,-1
1.171295,1.1713,1.171255,1.171285,-1.0,-1.0,-1
1.171285,1.17129,1.171275,1.171285,-1.0,-1.0,-1
1.171285,1.17129,1.171245,1.171255,-1.0,-1.0,-1
1.171255,1.171265,1.171255,1.171265,-1.0,-1.0,-1
1.171265,1.171265,1.171265,1.171265,-1.0,-1.0,-1
1.171265,1.171265,1.171265,1.171265,-1.0,-1.0,-1
1.171265,1.171275,1.171265,1.171275,-1.0,-1.0,-1
1.171275,1.171305,1.171275,1.1713,-1.0,-1.0,-1
1.1713,1.1713,1.1713,1.1713,-1.0,-1.0,-1
1.1713,1.1713,1.1713,1.1713,-1.0,-1.0,-1
1.1713,1.17131,1.1713,1.17131,-1.0,-1.0,-1
1.17131,1.171325,1.17131,1.17131,-1.0,-1.0,-1
1.17131,1.17131,1.17131,1.17131,-1.0,-1.0,-1
1.17131,1.17131,1.17131,1.17131,-1.0,-1.0,-1
1.17131,1.171345,1.171305,1.171345,-1.0,-1.0,-1
1.171345,1.171345,1.171335,1.171345,-1.0,-1.0,-1
1.171345,1.171355,1.171345,1.171345,-1.0,-1.0,-1
1.171345,1.17135,1.171345,1.171345,-1.0,-1.0,-1
1.171345,1.17139,1.171345,1.171355,-1.0,-1.0,-1
1.171355,1.171355,1.171345,1.171345,-1.0,-1.0,-1
1.171345,1.171345,1.171345,1.171345,-1.0,-1.0,-1
1.171345,1.171345,1.171345,1.171345,-1.0,-1.0,-1
1.171345,1.171355,1.171345,1.171355,-1.0,-1.0,-1
1.171355,1.171355,1.171345,1.171345,-1.0,-1.0,-1
1.171345,1.171355,1.171345,1.171345,-1.0,-1.0,-1
1.171345,1.171345,1.171345,1.171345,-1.0,-1.0,-1
1.171345,1.17135,1.171335,1.171335,-1.0,-1.0,-1
1.171335,1.171335,1.171325,1.17133,-1.0,-1.0,-1
1.17133,1.17139,1.171325,1.17136,-1.0,-1.0,-1
1.17136,1.171365,1.171345,1.171345,-1.0,-1.0,-1
1.171345,1.171355,1.171335,1.17135,-1.0,-1.0,-1
1.17135,1.171355,1.17135,1.17135,-1.0,-1.0,-1
1.17135,1.17138,1.17135,1.171355,-1.0,-1.0,-1
1.171355,1.171355,1.171345,1.171345,-1.0,-1.0,-1
1.171345,1.171345,1.171295,1.1713,-1.0,-1.0,-1
1.1713,1.171305,1.17127,1.17127,-1.0,-1.0,-1
1.17127,1.17129,1.17127,1.171275,-1.0,-1.0,-1
1.171275,1.17129,1.171245,1.171245,-1.0,-1.0,-1
1.171245,1.171245,1.171175,1.171195,-1.0,-1.0,-1
1.171195,1.1712,1.171185,1.171185,-1.0,-1.0,-1
1.171185,1.171215,1.171185,1.171195,-1.0,-1.0,-1
1.171195,1.1712,1.171195,1.171195,-1.0,-1.0,-1
1.171195,1.1712,1.171195,1.171195,-1.0,-1.0,-1
1.171195,1.1712,1.171195,1.171195,-1.0,-1.0,-1
1.171195,1.17122,1.171195,1.171215,-1.0,-1.0,-1
1.171215,1.171245,1.17121,1.171245,-1.0,-1.0,-1
1.171245,1.171245,1.17122,1.17122,-1.0,-1.0,-1
1.17122,1.171235,1.171215,1.17122,-1.0,-1.0,-1
1.17122,1.171245,1.17122,1.171235,-1.0,-1.0,-1
1.171235,1.171245,1.17123,1.17124,-1.0,-1.0,-1
1.17124,1.17124,1.17123,1.17124,-1.0,-1.0,-1
1.17124,1.17124,1.17119,1.17119,-1.0,-1.0,-1
1.17119,1.1712,1.171185,1.171185,-1.0,-1.0,-1
1.171185,1.17119,1.171175,1.171175,-1.0,-1.0,-1
1.171175,1.171235,1.171175,1.171235,-1.0,-1.0,-1
1.171235,1.171245,1.17123,1.171245,-1.0,-1.0,-1
1.171245,1.171245,1.17123,1.171235,-1.0,-1.0,-1
1.171235,1.171235,1.17123,1.171235,-1.0,-1.0,-1
1.171235,1.171235,1.17123,1.171235,-1.0,-1.0,-1
1.171235,1.17125,1.171225,1.171235,-1.0,-1.0,-1
1.171235,1.171255,1.17122,1.171235,-1.0,-1.0,-1
1.171235,1.171235,1.17123,1.171235,-1.0,-1.0,-1
1.171235,1.171245,1.17123,1.171245,-1.0,-1.0,-1
1.171245,1.171255,1.17122,1.171235,-1.0,-1.0,-1
1.171235,1.171245,1.17123,1.171245,-1.0,-1.0,-1
1.171245,1.171245,1.17123,1.171235,-1.0,-1.0,-1
1.171235,1.171245,1.17123,1.171235,-1.0,-1.0,-1
1.171235,1.171245,1.17123,1.171235,-1.0,-1.0,-1
1.171235,1.171235,1.17122,1.17122,-1.0,-1.0,-1
1.17122,1.171235,1.17122,1.17122,-1.0,-1.0,-1
1.17122,1.17122,1.17122,1.17122,-1.0,-1.0,-1
1.17122,1.17122,1.17122,1.17122,-1.0,-1.0,-1
1.17122,1.171245,1.171215,1.171245,-1.0,-1.0,-1
1.171245,1.171275,1.171245,1.171275,-1.0,-1.0,-1
1.171275,1.17131,1.171275,1.171305,-1.0,-1.0,-1
1.171305,1.17131,1.171305,1.17131,-1.0,-1.0,-1
1.17131,1.171325,1.17131,1.171325,-1.0,-1.0,-1
1.171325,1.171325,1.171305,1.17131,-1.0,-1.0,-1
1.17131,1.17134,1.17131,1.171335,-1.0,-1.0,-1
1.171335,1.171345,1.171335,1.171345,-1.0,-1.0,-1
1.171345,1.171345,1.17134,1.171345,-1.0,-1.0,-1
1.171345,1.171345,1.171335,1.171345,-1.0,-1.0,-1
1.171345,1.171395,1.171335,1.171375,-1.0,-1.0,-1
1.171375,1.17139,1.171375,1.17139,-1.0,-1.0,-1
1.17139,1.17139,1.171375,1.171375,-1.0,-1.0,-1
1.171375,1.171395,1.171375,1.17139,-1.0,-1.0,-1
1.17139,1.17139,1.171385,1.171385,-1.0,-1.0,-1
1.171385,1.171425,1.171385,1.171425,-1.0,-1.0,-1
1.171425,1.171435,1.171425,1.171425,-1.0,-1.0,-1
1.171425,1.171435,1.171425,1.171435,-1.0,-1.0,-1
1.171435,1.171435,1.17143,1.17143,-1.0,-1.0,-1
1.17143,1.17143,1.171425,1.171425,-1.0,-1.0,-1
1.171425,1.17143,1.171425,1.17143,-1.0,-1.0,-1
1.17143,1.171485,1.17143,1.17148,-1.0,-1.0,-1
1.17148,1.17148,1.171445,1.171455,-1.0,-1.0,-1
1.171455,1.17146,1.171405,1.17144,-1.0,-1.0,-1
1.17144,1.17144,1.17143,1.171435,-1.0,-1.0,-1
1.171435,1.17144,1.171425,1.171425,-1.0,-1.0,-1
1.171425,1.17143,1.171425,1.171425,-1.0,-1.0,-1
1.171425,1.17144,1.171425,1.17143,-1.0,-1.0,-1
1.17143,1.17144,1.171425,1.171435,-1.0,-1.0,-1
1.171435,1.171435,1.171395,1.1714,-1.0,-1.0,-1
1.1714,1.171405,1.171395,1.171405,-1.0,-1.0,-1
1.171405,1.171435,1.1714,1.171435,-1.0,-1.0,-1
1.171435,1.17144,1.171425,1.171435,-1.0,-1.0,-1
1.171435,1.17145,1.171435,1.17145,-1.0,-1.0,-1
1.17145,1.17148,1.17145,1.17148,-1.0,-1.0,-1
1.17148,1.17154,1.171475,1.171535,-1.0,-1.0,-1
1.171535,1.171535,1.171535,1.171535,-1.0,-1.0,-1
1.171535,1.17155,1.17153,1.17154,-1.0,-1.0,-1
1.17154,1.17154,1.171535,1.171535,-1.0,-1.0,-1
1.171535,1.17155,1.171525,1.171525,-1.0,-1.0,-1
1.171525,1.171525,1.171515,1.171515,-1.0,-1.0,-1
1.171515,1.17153,1.171515,1.17153,-1.0,-1.0,-1
1.17153,1.17153,1.17149,1.171495,-1.0,-1.0,-1
1.171495,1.1715,1.171475,1.171475,-1.0,-1.0,-1
1.171475,1.171505,1.171475,1.171495,-1.0,-1.0,-1
1.171495,1.171495,1.17149,1.171495,-1.0,-1.0,-1
1.171495,1.17157,1.17149,1.171545,-1.0,-1.0,-1
1.171545,1.17156,1.17149,1.171515,-1.0,-1.0,-1
1.171515,1.171535,1.1715,1.171505,-1.0,-1.0,-1
1.171505,1.171505,1.171445,1.171445,-1.0,-1.0,-1
1.171445,1.171445,1.17141,1.171415,-1.0,-1.0,-1
1.171415,1.171415,1.17141,1.171415,-1.0,-1.0,-1
1.171415,1.171435,1.17141,1.171435,-1.0,-1.0,-1
1.171435,1.17144,1.171435,1.171435,-1.0,-1.0,-1
1.171435,1.171435,1.171425,1.17143,-1.0,-1.0,-1
1.17143,1.171435,1.171425,1.171435,-1.0,-1.0,-1
1.171435,1.171465,1.171405,1.17146,-1.0,-1.0,-1
1.17146,1.17147,1.17145,1.17145,-1.0,-1.0,-1
1.17145,1.17147,1.17145,1.17146,-1.0,-1.0,-1
1.17146,1.17147,1.17146,1.171465,-1.0,-1.0,-1
1.171465,1.17147,1.171445,1.171445,-1.0,-1.0,-1
1.171445,1.17145,1.17143,1.171435,-1.0,-1.0,-1
1.171435,1.17145,1.17143,1.17145,-1.0,-1.0,-1
1.17145,1.17145,1.17144,1.17144,-1.0,-1.0,-1
1.17144,1.171445,1.171435,1.171445,-1.0,-1.0,-1
1.171445,1.171445,1.17143,1.17143,-1.0,-1.0,-1
1.17143,1.17145,1.17143,1.17145,-1.0,-1.0,-1
1.17145,1.171535,1.17145,1.171525,-1.0,-1.0,-1
1.171525,1.171525,1.17148,1.17148,-1.0,-1.0,-1
1.17148,1.17149,1.17148,1.171485,-1.0,-1.0,-1
1.171485,1.171495,1.17146,1.171485,-1.0,-1.0,-1
1.171485,1.17156,1.17148,1.17149,-1.0,-1.0,-1
1.17149,1.17154,1.17148,1.17154,-1.0,-1.0,-1
1.17154,1.171595,1.171535,1.171595,-1.0,-1.0,-1
1.171595,1.171655,1.171585,1.171645,-1.0,-1.0,-1
1.171645,1.17166,1.17164,1.171645,-1.0,-1.0,-1
1.171645,1.17166,1.171635,1.17166,-1.0,-1.0,-1
1.17166,1.171665,1.171655,1.171665,-1.0,-1.0,-1
1.171665,1.17168,1.171645,1.17166,-1.0,-1.0,-1
1.17166,1.171705,1.17165,1.171705,-1.0,-1.0,-1
1.171705,1.17173,1.171685,1.17169,-1.0,-1.0,-1
1.17169,1.17169,1.171685,1.17169,-1.0,-1.0,-1
1.17169,1.171775,1.17167,1.171745,-1.0,-1.0,-1
1.171745,1.17175,1.17174,1.17175,-1.0,-1.0,-1
1.17175,1.171785,1.171745,1.171785,-1.0,-1.0,-1
1.171785,1.17179,1.17175,1.17178,-1.0,-1.0,-1
1.17178,1.171835,1.17178,1.171835,-1.0,-1.0,-1
1.171835,1.17184,1.171795,1.171795,-1.0,-1.0,-1
1.171795,1.17183,1.17177,1.171815,-1.0,-1.0,-1
1.171815,1.171825,1.17179,1.17181,-1.0,-1.0,-1
1.17181,1.171825,1.1718,1.171805,-1.0,-1.0,-1
1.171805,1.171845,1.171805,1.171845,-1.0,-1.0,-1
1.171845,1.17185,1.17183,1.17184,-1.0,-1.0,-1
1.17184,1.171845,1.17183,1.17183,-1.0,-1.0,-1
1.17183,1.17188,1.171825,1.17184,-1.0,-1.0,-1
1.17184,1.17184,1.17183,1.17183,-1.0,-1.0,-1
1.17183,1.17191,1.17183,1.17191,-1.0,-1.0,-1
1.17191,1.171915,1.17185,1.171855,-1.0,-1.0,-1
1.171855,1.17186,1.171835,1.17184,-1.0,-1.0,-1
1.17184,1.17185,1.17183,1.17184,-1.0,-1.0,-1
1.17184,1.17184,1.17183,1.171835,-1.0,-1.0,-1
1.171835,1.171835,1.17183,1.171835,-1.0,-1.0,-1
1.171835,1.17188,1.171835,1.17188,-1.0,-1.0,-1
1.17188,1.17188,1.17184,1.171845,-1.0,-1.0,-1
1.171845,1.171845,1.171815,1.171835,-1.0,-1.0,-1
1.171835,1.171835,1.171835,1.171835,-1.0,-1.0,-1
1.171835,1.171835,1.171835,1.171835,-1.0,-1.0,-1
1.171835,1.17185,1.171835,1.17185,-1.0,-1.0,-1
1.17185,1.17189,1.171835,1.17188,-1.0,-1.0,-1
1.17188,1.171945,1.17188,1.171945,-1.0,-1.0,-1
1.171945,1.171945,1.171915,1.17192,-1.0,-1.0,-1
1.17192,1.171925,1.171905,1.171905,-1.0,-1.0,-1
1.171905,1.171915,1.171895,1.171915,-1.0,-1.0,-1
1.171915,1.171915,1.17191,1.17191,-1.0,-1.0,-1
1.17191,1.17198,1.17191,1.17198,-1.0,-1.0,-1
1.17198,1.172035,1.17194,1.171945,-1.0,-1.0,-1
1.171945,1.171975,1.17194,1.171975,-1.0,-1.0,-1
1.171975,1.171975,1.17194,1.171945,-1.0,-1.0,-1
1.171945,1.17199,1.17194,1.17198,-1.0,-1.0,-1
1.17198,1.17204,1.17198,1.172035,-1.0,-1.0,-1
1.172035,1.17204,1.172035,1.172035,-1.0,-1.0,-1
1.172035,1.172045,1.172025,1.172045,-1.0,-1.0,-1
1.172045,1.172065,1.172045,1.17205,-1.0,-1.0,-1
1.17205,1.17205,1.171985,1.171995,-1.0,-1.0,-1
1.171995,1.171995,1.17198,1.171995,-1.0,-1.0,-1
1.171995,1.171995,1.17198,1.171995,-1.0,-1.0,-1
1.171995,1.171995,1.171975,1.171975,-1.0,-1.0,-1
1.171975,1.171995,1.17183,1.17183,-1.0,-1.0,-1
1.17183,1.171845,1.171815,1.17183,-1.0,-1.0,-1
1.17183,1.171835,1.171825,1.17183,-1.0,-1.0,-1
1.17183,1.17184,1.17183,1.171835,-1.0,-1.0,-1
1.171835,1.17188,1.171835,1.17188,-1.0,-1.0,-1
1.17188,1.17188,1.17183,1.17183,-1.0,-1.0,-1
1.17183,1.17184,1.17183,1.171835,-1.0,-1.0,-1
1.171835,1.17184,1.171835,1.171835,-1.0,-1.0,-1
1.171835,1.171845,1.17183,1.17184,-1.0,-1.0,-1
1.17184,1.171875,1.17183,1.171835,-1.0,-1.0,-1
1.171835,1.171835,1.17183,1.171835,-1.0,-1.0,-1
1.171835,1.17188,1.171835,1.17188,-1.0,-1.0,-1
1.17188,1.17188,1.171875,1.171875,-1.0,-1.0,-1
1.171875,1.17188,1.17187,1.17188,-1.0,-1.0,-1
1.17188,1.17188,1.171875,1.171875,-1.0,-1.0,-1
1.171875,1.17188,1.17187,1.17187,-1.0,-1.0,-1
1.17187,1.171875,1.171785,1.171785,-1.0,-1.0,-1
1.171785,1.171785,1.17178,1.17178,-1.0,-1.0,-1
1.17178,1.17178,1.171775,1.17178,-1.0,-1.0,-1
1.17178,1.171785,1.171755,1.17178,-1.0,-1.0,-1
1.17178,1.171785,1.17178,1.17178,-1.0,-1.0,-1
1.17178,1.17178,1.171775,1.17178,-1.0,-1.0,-1
1.17178,1.17183,1.171775,1.17179,-1.0,-1.0,-1
1.17179,1.17183,1.17179,1.17181,-1.0,-1.0,-1
1.17181,1.171825,1.17181,1.171825,-1.0,-1.0,-1
1.171825,1.171825,1.17181,1.17182,-1.0,-1.0,-1
1.17182,1.17188,1.17181,1.171845,-1.0,-1.0,-1
1.171845,1.171845,1.17184,1.171845,-1.0,-1.0,-1
1.171845,1.171875,1.17184,1.171855,-1.0,-1.0,-1
1.171855,1.171855,1.17185,1.171855,-1.0,-1.0,-1
1.171855,1.171875,1.17185,1.171865,-1.0,-1.0,-1
1.171865,1.171875,1.171865,1.171865,-1.0,-1.0,-1
1.171865,1.17187,1.171865,1.17187,-1.0,-1.0,-1
1.17187,1.171885,1.17187,1.17188,-1.0,-1.0,-1
1.17188,1.171935,1.17188,1.171935,-1.0,-1.0,-1
1.171935,1.171935,1.171925,1.171925,-1.0,-1.0,-1
1.171925,1.171925,1.17192,1.171925,-1.0,-1.0,-1
1.171925,1.171925,1.17192,1.171925,-1.0,-1.0,-1
1.171925,1.17201,1.171925,1.17198,-1.0,-1.0,-1
1.17198,1.17204,1.17198,1.17203,-1.0,-1.0,-1
1.17203,1.17203,1.172,1.172015,-1.0,-1.0,-1
1.172015,1.172015,1.171985,1.17199,-1.0,-1.0,-1
1.17199,1.17199,1.17198,1.17198,-1.0,-1.0,-1
1.17198,1.172035,1.17198,1.172035,-1.0,-1.0,-1
1.172035,1.17212,1.172025,1.1721,-1.0,-1.0,-1
1.1721,1.1721,1.1721,1.1721,-1.0,-1.0,-1
1.1721,1.17212,1.17209,1.172105,-1.0,-1.0,-1
1.172105,1.172115,1.1721,1.1721,-1.0,-1.0,-1
1.1721,1.172115,1.17207,1.17209,-1.0,-1.0,-1
1.17209,1.172095,1.172085,1.172085,-1.0,-1.0,-1
1.172085,1.172085,1.172065,1.17207,-1.0,-1.0,-1
1.17207,1.17208,1.172025,1.172065,-1.0,-1.0,-1
1.172065,1.172095,1.17206,1.172085,-1.0,-1.0,-1
1.172085,1.172095,1.172065,1.172065,-1.0,-1.0,-1
1.172065,1.172095,1.172065,1.17209,-1.0,-1.0,-1
1.17209,1.172095,1.17209,1.17209,-1.0,-1.0,-1
1.17209,1.172095,1.17209,1.17209,-1.0,-1.0,-1
1.17209,1.17209,1.17209,1.17209,-1.0,-1.0,-1
1.17209,1.172095,1.17209,1.17209,-1.0,-1.0,-1
1.17209,1.172095,1.17209,1.172095,-1.0,-1.0,-1
1.172095,1.172095,1.17209,1.17209,-1.0,-1.0,-1
1.17209,1.172095,1.17206,1.172075,-1.0,-1.0,-1
1.172075,1.172145,1.172075,1.17214,-1.0,-1.0,-1
1.17214,1.172145,1.172115,1.172125,-1.0,-1.0,-1
1.172125,1.172125,1.17209,1.17209,-1.0,-1.0,-1
1.17209,1.172135,1.17209,1.17213,-1.0,-1.0,-1
1.17213,1.17214,1.17213,1.172135,-1.0,-1.0,-1
1.172135,1.172135,1.172055,1.172095,-1.0,-1.0,-1
1.172095,1.172095,1.172065,1.17209,-1.0,-1.0,-1
1.17209,1.17209,1.17204,1.17204,-1.0,-1.0,-1
1.17204,1.17204,1.171995,1.171995,-1.0,-1.0,-1
1.171995,1.171995,1.171985,1.171985,-1.0,-1.0,-1
1.171985,1.17199,1.171985,1.171985,-1.0,-1.0,-1
1.171985,1.172,1.171955,1.171985,-1.0,-1.0,-1
1.171985,1.17199,1.17192,1.171935,-1.0,-1.0,-1
1.171935,1.17194,1.17186,1.17187,-1.0,-1.0,-1
1.17187,1.1719,1.171835,1.17184,-1.0,-1.0,-1
1.17184,1.17188,1.171835,1.17188,-1.0,-1.0,-1
1.17188,1.171885,1.171865,1.17187,-1.0,-1.0,-1
1.17187,1.171885,1.17187,1.17188,-1.0,-1.0,-1
1.17188,1.171885,1.171825,1.171835,-1.0,-1.0,-1
1.171835,1.17185,1.171835,1.17184,-1.0,-1.0,-1
1.17184,1.17184,1.17183,1.17183,-1.0,-1.0,-1
1.17183,1.17184,1.1718,1.17181,-1.0,-1.0,-1
1.17181,1.171815,1.171735,1.171735,-1.0,-1.0,-1
1.171735,1.17174,1.171735,1.17174,-1.0,-1.0,-1
1.17174,1.17177,1.171735,1.17176,-1.0,-1.0,-1
1.17176,1.171775,1.171745,1.17176,-1.0,-1.0,-1
1.17176,1.171785,1.17175,1.17177,-1.0,-1.0,-1
1.17177,1.171785,1.171755,1.17178,-1.0,-1.0,-1
1.17178,1.171785,1.171755,1.17176,-1.0,-1.0,-1
1.17176,1.171785,1.171755,1.17178,-1.0,-1.0,-1
1.17178,1.171795,1.17178,1.171795,-1.0,-1.0,-1
1.171795,1.171795,1.17176,1.171765,-1.0,-1.0,-1
1.171765,1.17178,1.17175,1.171775,-1.0,-1.0,-1
1.171775,1.17178,1.171715,1.17172,-1.0,-1.0,-1
1.17172,1.17177,1.17172,1.17175,-1.0,-1.0,-1
1.17175,1.171775,1.17175,1.171765,-1.0,-1.0,-1
1.171765,1.171775,1.17174,1.17175,-1.0,-1.0,-1
1.17175,1.17177,1.17175,1.171765,-1.0,-1.0,-1
1.171765,1.171785,1.171755,1.171775,-1.0,-1.0,-1
1.171775,1.17178,1.17177,1.17177,-1.0,-1.0,-1
1.17177,1.17178,1.17176,1.17177,-1.0,-1.0,-1
1.17177,1.171835,1.17177,1.171835,-1.0,-1.0,-1
1.171835,1.17184,1.17183,1.17184,-1.0,-1.0,-1
1.17184,1.171845,1.17184,1.17184,-1.0,-1.0,-1
1.17184,1.17188,1.171835,1.171865,-1.0,-1.0,-1
1.171865,1.171865,1.171865,1.171865,-1.0,-1.0,-1
1.171865,1.171875,1.17185,1.171855,-1.0,-1.0,-1
1.171855,1.171905,1.17185,1.1719,-1.0,-1.0,-1
1.1719,1.17191,1.171885,1.171885,-1.0,-1.0,-1
1.171885,1.171885,1.171845,1.17186,-1.0,-1.0,-1
1.17186,1.171875,1.17186,1.17186,-1.0,-1.0,-1
1.17186,1.17187,1.17186,1.17186,-1.0,-1.0,-1
1.17186,1.17187,1.17186,1.171865,-1.0,-1.0,-1
1.171865,1.17188,1.17184,1.17184,-1.0,-1.0,-1
1.17184,1.171855,1.17183,1.171835,-1.0,-1.0,-1
1.171835,1.17184,1.171825,1.17184,-1.0,-1.0,-1
1.17184,1.17184,1.17183,1.17184,-1.0,-1.0,-1
1.17184,1.171865,1.17184,1.171855,-1.0,-1.0,-1
1.171855,1.17187,1.171825,1.171825,-1.0,-1.0,-1
1.171825,1.17185,1.171825,1.17183,-1.0,-1.0,-1
1.17183,1.171835,1.171765,1.171775,-1.0,-1.0,-1
1.171775,1.171835,1.171775,1.171835,-1.0,-1.0,-1
1.171835,1.171835,1.17174,1.17174,-1.0,-1.0,-1
1.17174,1.171825,1.171735,1.171805,-1.0,-1.0,-1
1.171805,1.17181,1.17178,1.17178,-1.0,-1.0,-1
1.17178,1.171795,1.17178,1.17179,-1.0,-1.0,-1
1.17179,1.17182,1.171785,1.17179,-1.0,-1.0,-1
1.17179,1.17179,1.17175,1.171755,-1.0,-1.0,-1
1.171755,1.17178,1.17175,1.171775,-1.0,-1.0,-1
1.171775,1.171815,1.171755,1.1718,-1.0,-1.0,-1
1.1718,1.1718,1.17178,1.17178,-1.0,-1.0,-1
1.17178,1.17178,1.171735,1.171735,-1.0,-1.0,-1
1.171735,1.17175,1.171735,1.171735,-1.0,-1.0,-1
1.171735,1.17181,1.171735,1.17178,-1.0,-1.0,-1
1.17178,1.171795,1.171725,1.17175,-1.0,-1.0,-1
1.17175,1.171795,1.171745,1.171785,-1.0,-1.0,-1
1.171785,1.17181,1.171725,1.171735,-1.0,-1.0,-1
1.171735,1.171745,1.171725,1.171725,-1.0,-1.0,-1
1.171725,1.171745,1.171695,1.171745,-1.0,-1.0,-1
1.171745,1.171745,1.17174,1.171745,-1.0,-1.0,-1
1.171745,1.171765,1.171745,1.17175,-1.0,-1.0,-1
1.17175,1.171765,1.17174,1.171745,-1.0,-1.0,-1
1.171745,1.171775,1.171745,1.171765,-1.0,-1.0,-1
1.171765,1.171775,1.17175,1.171765,-1.0,-1.0,-1
1.171765,1.171775,1.171745,1.171775,-1.0,-1.0,-1
1.171775,1.171775,1.171745,1.171745,-1.0,-1.0,-1
1.171745,1.17178,1.171745,1.17178,-1.0,-1.0,-1
1.17178,1.171835,1.17178,1.171835,-1.0,-1.0,-1
1.171835,1.171835,1.171815,1.17183,-1.0,-1.0,-1
1.17183,1.17183,1.1718,1.171815,-1.0,-1.0,-1
1.171815,1.17182,1.171795,1.171795,-1.0,-1.0,-1
1.171795,1.171795,1.17174,1.171745,-1.0,-1.0,-1
1.171745,1.171745,1.17174,1.17174,-1.0,-1.0,-1
1.17174,1.17175,1.17174,1.17175,-1.0,-1.0,-1
1.17175,1.17183,1.17175,1.171815,-1.0,-1.0,-1
1.171815,1.171825,1.17181,1.17181,-1.0,-1.0,-1
1.17181,1.171825,1.171785,1.171785,-1.0,-1.0,-1
1.171785,1.171785,1.17174,1.17174,-1.0,-1.0,-1
1.17174,1.17181,1.17174,1.171795,-1.0,-1.0,-1
1.171795,1.171795,1.17178,1.17178,-1.0,-1.0,-1
1.17178,1.171795,1.17177,1.17178,-1.0,-1.0,-1
1.17178,1.17179,1.17178,1.17179,-1.0,-1.0,-1
1.17179,1.171815,1.171785,1.17179,-1.0,-1.0,-1
1.17179,1.17181,1.17179,1.171805,-1.0,-1.0,-1
1.171805,1.17181,1.17176,1.17177,-1.0,-1.0,-1
1.17177,1.171775,1.171715,1.17174,-1.0,-1.0,-1
1.17174,1.171745,1.171735,1.171745,-1.0,-1.0,-1
1.171745,1.171785,1.171745,1.171785,-1.0,-1.0,-1
1.171785,1.171795,1.17176,1.17178,-1.0,-1.0,-1
1.17178,1.171785,1.17175,1.171755,-1.0,-1.0,-1
1.171755,1.171755,1.171735,1.17175,-1.0,-1.0,-1
1.17175,1.171775,1.17174,1.171765,-1.0,-1.0,-1
1.171765,1.171765,1.171715,1.171745,-1.0,-1.0,-1
1.171745,1.171775,1.17174,1.17175,-1.0,-1.0,-1
1.17175,1.171775,1.17175,1.171775,-1.0,-1.0,-1
1.171775,1.17183,1.171775,1.171815,-1.0,-1.0,-1
1.171815,1.171835,1.1718,1.17183,-1.0,-1.0,-1
1.17183,1.17183,1.17183,1.17183,-1.0,-1.0,-1
1.17183,1.17184,1.171785,1.17183,-1.0,-1.0,-1
1.17183,1.17183,1.171785,1.171815,-1.0,-1.0,-1
1.171815,1.17182,1.1718,1.171815,-1.0,-1.0,-1
1.171815,1.171835,1.1718,1.17183,-1.0,-1.0,-1
1.17183,1.171855,1.171805,1.171835,-1.0,-1.0,-1
1.171835,1.17184,1.171805,1.171815,-1.0,-1.0,-1
1.171815,1.171825,1.171805,1.17181,-1.0,-1.0,-1
1.17181,1.17183,1.17181,1.171815,-1.0,-1.0,-1
1.171815,1.17184,1.171805,1.17184,-1.0,-1.0,-1
1.17184,1.17184,1.17184,1.17184,-1.0,-1.0,-1
1.17184,1.17184,1.17179,1.17179,-1.0,-1.0,-1
1.17179,1.17179,1.171785,1.171785,-1.0,-1.0,-1
1.171785,1.1718,1.17174,1.17174,-1.0,-1.0,-1
1.17174,1.17174,1.171725,1.171735,-1.0,-1.0,-1
1.171735,1.171765,1.171735,1.171765,-1.0,-1.0,-1
1.171765,1.171765,1.171745,1.171745,-1.0,-1.0,-1
1.171745,1.171775,1.171715,1.171775,-1.0,-1.0,-1
1.171775,1.17178,1.171775,1.17178,-1.0,-1.0,-1
1.17178,1.17178,1.171735,1.171735,-1.0,-1.0,-1
1.171735,1.171735,1.171685,1.171685,-1.0,-1.0,-1
1.171685,1.17174,1.171685,1.17174,-1.0,-1.0,-1
1.17174,1.171845,1.17174,1.17184,-1.0,-1.0,-1
1.17184,1.171845,1.17183,1.17184,-1.0,-1.0,-1
1.17184,1.17184,1.17181,1.17181,-1.0,-1.0,-1
1.17181,1.171815,1.17179,1.17179,-1.0,-1.0,-1
1.17179,1.171815,1.17176,1.171765,-1.0,-1.0,-1
1.171765,1.171785,1.17176,1.171785,-1.0,-1.0,-1
1.171785,1.171785,1.17174,1.17174,-1.0,-1.0,-1
1.17174,1.17177,1.17174,1.17174,-1.0,-1.0,-1
1.17174,1.171745,1.171735,1.17174,-1.0,-1.0,-1
1.17174,1.17174,1.171735,1.17174,-1.0,-1.0,-1
1.17174,1.171745,1.17172,1.17174,-1.0,-1.0,-1
1.17174,1.171745,1.17171,1.17174,-1.0,-1.0,-1
1.17174,1.17174,1.171675,1.17169,-1.0,-1.0,-1
1.17169,1.17169,1.171655,1.171685,-1.0,-1.0,-1
1.171685,1.171705,1.171685,1.171695,-1.0,-1.0,-1
1.171695,1.171715,1.17169,1.171705,-1.0,-1.0,-1
1.171705,1.17174,1.171705,1.171725,-1.0,-1.0,-1
1.171725,1.17173,1.171715,1.171725,-1.0,-1.0,-1
1.171725,1.171765,1.17172,1.171765,-1.0,-1.0,-1
1.171765,1.171795,1.17176,1.17179,-1.0,-1.0,-1
1.17179,1.171795,1.17179,1.171795,-1.0,-1.0,-1
1.171795,1.171835,1.171795,1.1718,-1.0,-1.0,-1
1.1718,1.1718,1.171795,1.171795,-1.0,-1.0,-1
1.171795,1.1718,1.171725,1.171735,-1.0,-1.0,-1
1.171735,1.171775,1.171735,1.171775,-1.0,-1.0,-1
1.171775,1.17179,1.171775,1.171785,-1.0,-1.0,-1
1.171785,1.171825,1.171785,1.171825,-1.0,-1.0,-1
1.171825,1.171825,1.1718,1.171805,-1.0,-1.0,-1
1.171805,1.171835,1.171805,1.17183,-1.0,-1.0,-1
1.17183,1.171835,1.17183,1.171835,-1.0,-1.0,-1
1.171835,1.171835,1.17181,1.171815,-1.0,-1.0,-1
1.171815,1.17183,1.17174,1.171785,-1.0,-1.0,-1
1.171785,1.17179,1.171725,1.17179,-1.0,-1.0,-1
1.17179,1.17179,1.17174,1.17174,-1.0,-1.0,-1
1.17174,1.17174,1.17174,1.17174,-1.0,-1.0,-1
1.17174,1.171745,1.17174,1.171745,-1.0,-1.0,-1
1.171745,1.171745,1.171735,1.171735,-1.0,-1.0,-1
1.171735,1.171755,1.171735,1.17175,-1.0,-1.0,-1
1.17175,1.171755,1.171745,1.17175,-1.0,-1.0,-1
1.17175,1.17178,1.17175,1.17178,-1.0,-1.0,-1
1.17178,1.17178,1.171775,1.17178,-1.0,-1.0,-1
1.17178,1.17183,1.17177,1.17183,-1.0,-1.0,-1
1.17183,1.17183,1.1718,1.17183,-1.0,-1.0,-1
1.17183,1.17183,1.17174,1.17174,-1.0,-1.0,-1
1.17174,1.171745,1.171725,1.171725,-1.0,-1.0,-1
1.171725,1.17174,1.171725,1.17174,-1.0,-1.0,-1
1.17174,1.17174,1.171735,1.171735,-1.0,-1.0,-1
1.171735,1.171735,1.171705,1.171705,-1.0,-1.0,-1
1.171705,1.171715,1.17169,1.171715,-1.0,-1.0,-1
1.171715,1.171735,1.1717,1.171705,-1.0,-1.0,-1
1.171705,1.17171,1.171675,1.17169,-1.0,-1.0,-1
1.17169,1.17175,1.17169,1.17174,-1.0,-1.0,-1
1.17174,1.171745,1.17174,1.17174,-1.0,-1.0,-1
1.17174,1.17174,1.171675,1.171685,-1.0,-1.0,-1
1.171685,1.171685,1.171615,1.171615,-1.0,-1.0,-1
1.171615,1.17164,1.171575,1.17162,-1.0,-1.0,-1
1.17162,1.17162,1.1716,1.17161,-1.0,-1.0,-1
1.17161,1.171645,1.171605,1.17163,-1.0,-1.0,-1
1.17163,1.17164,1.17162,1.17164,-1.0,-1.0,-1
1.17164,1.17165,1.17164,1.17165,-1.0,-1.0,-1
1.17165,1.17165,1.171575,1.171595,-1.0,-1.0,-1
1.171595,1.171635,1.171595,1.171625,-1.0,-1.0,-1
1.171625,1.17164,1.171625,1.17164,-1.0,-1.0,-1
1.17164,1.17164,1.17163,1.17163,-1.0,-1.0,-1
1.17163,1.171635,1.1716,1.171605,-1.0,-1.0,-1
1.171605,1.171605,1.17158,1.17159,-1.0,-1.0,-1
1.17159,1.171625,1.171585,1.171605,-1.0,-1.0,-1
1.171605,1.17161,1.1716,1.1716,-1.0,-1.0,-1
1.1716,1.1716,1.171575,1.171585,-1.0,-1.0,-1
1.171585,1.171585,1.171575,1.171575,-1.0,-1.0,-1
1.171575,1.171575,1.171575,1.171575,-1.0,-1.0,-1
1.171575,1.171575,1.17152,1.171525,-1.0,-1.0,-1
1.171525,1.171525,1.171495,1.171525,-1.0,-1.0,-1
1.171525,1.17154,1.17152,1.17153,-1.0,-1.0,-1
1.17153,1.17154,1.171525,1.17154,-1.0,-1.0,-1
1.17154,1.17154,1.17151,1.17151,-1.0,-1.0,-1
1.17151,1.17151,1.171475,1.171475,-1.0,-1.0,-1
1.171475,1.17148,1.171475,1.17148,-1.0,-1.0,-1
1.17148,1.171485,1.17148,1.17148,-1.0,-1.0,-1
1.17148,1.171525,1.17148,1.171515,-1.0,-1.0,-1
1.171515,1.171515,1.17148,1.17148,-1.0,-1.0,-1
1.17148,1.17148,1.171445,1.17145,-1.0,-1.0,-1
1.17145,1.17146,1.17143,1.17143,-1.0,-1.0,-1
1.17143,1.17143,1.17142,1.171425,-1.0,-1.0,-1
1.171425,1.171425,1.171405,1.17141,-1.0,-1.0,-1
1.17141,1.17141,1.17134,1.171355,-1.0,-1.0,-1
1.171355,1.171355,1.17132,1.17132,-1.0,-1.0,-1
1.17132,1.171335,1.17131,1.171315,-1.0,-1.0,-1
1.171315,1.17132,1.171315,1.171315,-1.0,-1.0,-1
1.171315,1.17133,1.171315,1.171315,-1.0,-1.0,-1
1.171315,1.171385,1.171315,1.17138,-1.0,-1.0,-1
1.17138,1.171385,1.171375,1.171385,-1.0,-1.0,-1
1.171385,1.17139,1.17137,1.17137,-1.0,-1.0,-1
1.17137,1.171375,1.171325,1.17134,-1.0,-1.0,-1
1.17134,1.171385,1.171325,1.171385,-1.0,-1.0,-1
1.171385,1.17139,1.171385,1.17139,-1.0,-1.0,-1
1.17139,1.171405,1.17139,1.1714,-1.0,-1.0,-1
1.1714,1.1714,1.171395,1.1714,-1.0,-1.0,-1
1.1714,1.1714,1.171375,1.171375,-1.0,-1.0,-1
1.171375,1.171385,1.171375,1.171385,-1.0,-1.0,-1
1.171385,1.17139,1.171365,1.171385,-1.0,-1.0,-1
1.171385,1.171385,1.171385,1.171385,-1.0,-1.0,-1
1.171385,1.171395,1.171385,1.171385,-1.0,-1.0,-1
1.171385,1.171385,1.171325,1.17133,-1.0,-1.0,-1
1.17133,1.17133,1.171315,1.171315,-1.0,-1.0,-1
1.171315,1.171315,1.171145,1.17115,-1.0,-1.0,-1
1.17115,1.17124,1.171125,1.171215,-1.0,-1.0,-1
1.171215,1.17124,1.17118,1.17118,-1.0,-1.0,-1
1.17118,1.171185,1.17117,1.17118,-1.0,-1.0,-1
1.17118,1.17119,1.17118,1.17119,-1.0,-1.0,-1
1.17119,1.17121,1.171165,1.171175,-1.0,-1.0,-1
1.171175,1.17119,1.171175,1.171185,-1.0,-1.0,-1
1.171185,1.17119,1.17118,1.17118,-1.0,-1.0,-1
1.17118,1.171185,1.171175,1.171175,-1.0,-1.0,-1
1.171175,1.17118,1.17113,1.171165,-1.0,-1.0,-1
1.171165,1.17118,1.171125,1.17113,-1.0,-1.0,-1
1.17113,1.17113,1.1711,1.1711,-1.0,-1.0,-1
1.1711,1.17113,1.17106,1.17113,-1.0,-1.0,-1
1.17113,1.17113,1.171125,1.17113,-1.0,-1.0,-1
1.17113,1.171145,1.17113,1.171145,-1.0,-1.0,-1
1.171145,1.17116,1.17113,1.171135,-1.0,-1.0,-1
1.171135,1.171135,1.17113,1.171135,-1.0,-1.0,-1
1.171135,1.171155,1.17113,1.17113,-1.0,-1.0,-1
1.17113,1.17113,1.17113,1.17113,-1.0,-1.0,-1
1.17113,1.17113,1.17113,1.17113,-1.0,-1.0,-1
1.17113,1.1712,1.17113,1.17119,-1.0,-1.0,-1
1.17119,1.17119,1.171185,1.171185,-1.0,-1.0,-1
1.171185,1.171185,1.171175,1.17118,-1.0,-1.0,-1
1.17118,1.17118,1.171175,1.171175,-1.0,-1.0,-1
1.171175,1.17118,1.17117,1.171175,-1.0,-1.0,-1
1.171175,1.171175,1.17112,1.17113,-1.0,-1.0,-1
1.17113,1.17113,1.171075,1.171085,-1.0,-1.0,-1
1.171085,1.17113,1.171085,1.17113,-1.0,-1.0,-1
1.17113,1.171135,1.171125,1.17113,-1.0,-1.0,-1
1.17113,1.171135,1.17113,1.171135,-1.0,-1.0,-1
1.171135,1.171135,1.17106,1.171085,-1.0,-1.0,-1
1.171085,1.17111,1.171085,1.17109,-1.0,-1.0,-1
1.17109,1.17109,1.17108,1.17109,-1.0,-1.0,-1
1.17109,1.1711,1.17107,1.1711,-1.0,-1.0,-1
1.1711,1.1711,1.17108,1.17108,-1.0,-1.0,-1
1.17108,1.17109,1.17108,1.17108,-1.0,-1.0,-1
1.17108,1.17109,1.17108,1.17108,-1.0,-1.0,-1
1.17108,1.17109,1.17108,1.17109,-1.0,-1.0,-1
1.17109,1.17109,1.171,1.171,-1.0,-1.0,-1
1.171,1.171,1.170965,1.170975,-1.0,-1.0,-1
1.170975,1.171035,1.17097,1.171035,-1.0,-1.0,-1
1.171035,1.17104,1.17103,1.171035,-1.0,-1.0,-1
1.171035,1.17104,1.171035,1.171035,-1.0,-1.0,-1
1.171035,1.17106,1.171035,1.17106,-1.0,-1.0,-1
1.17106,1.17106,1.17104,1.17104,-1.0,-1.0,-1
1.17104,1.17105,1.171035,1.17104,-1.0,-1.0,-1
1.17104,1.171055,1.171035,1.171035,-1.0,-1.0,-1
1.171035,1.17104,1.171035,1.17104,-1.0,-1.0,-1
1.17104,1.171045,1.17104,1.171045,-1.0,-1.0,-1
1.171045,1.171045,1.171015,1.171025,-1.0,-1.0,-1
1.171025,1.171065,1.171025,1.17106,-1.0,-1.0,-1
1.17106,1.171075,1.171055,1.171075,-1.0,-1.0,-1
1.171075,1.171135,1.171075,1.171085,-1.0,-1.0,-1
1.171085,1.171085,1.17108,1.17108,-1.0,-1.0,-1
1.17108,1.171085,1.17106,1.17107,-1.0,-1.0,-1
1.17107,1.171085,1.17107,1.171075,-1.0,-1.0,-1
1.171075,1.171075,1.171055,1.171065,-1.0,-1.0,-1
1.171065,1.171075,1.17106,1.171075,-1.0,-1.0,-1
1.171075,1.171085,1.171075,1.171075,-1.0,-1.0,-1
1.171075,1.171095,1.171055,1.171065,-1.0,-1.0,-1
1.171065,1.17108,1.17106,1.171075,-1.0,-1.0,-1
1.171075,1.17108,1.17096,1.17096,-1.0,-1.0,-1
1.17096,1.17096,1.170915,1.170925,-1.0,-1.0,-1
1.170925,1.170945,1.17092,1.170945,-1.0,-1.0,-1
1.170945,1.17098,1.17093,1.170965,-1.0,-1.0,-1
1.170965,1.17104,1.170965,1.171025,-1.0,-1.0,-1
1.171025,1.171035,1.17098,1.17098,-1.0,-1.0,-1
1.17098,1.171055,1.17098,1.17104,-1.0,-1.0,-1
1.17104,1.17104,1.171035,1.171035,-1.0,-1.0,-1
1.171035,1.171035,1.17098,1.170985,-1.0,-1.0,-1
1.170985,1.171,1.170985,1.171,-1.0,-1.0,-1
1.171,1.17105,1.17099,1.171025,-1.0,-1.0,-1
1.171025,1.17105,1.171015,1.17105,-1.0,-1.0,-1
1.17105,1.17105,1.17101,1.171025,-1.0,-1.0,-1
1.171025,1.17103,1.171015,1.171025,-1.0,-1.0,-1
1.171025,1.171075,1.171015,1.171055,-1.0,-1.0,-1
1.171055,1.171065,1.17105,1.171065,-1.0,-1.0,-1
1.171065,1.171075,1.17105,1.171055,-1.0,-1.0,-1
1.171055,1.171055,1.171045,1.171045,-1.0,-1.0,-1
1.171045,1.17107,1.171045,1.17107,-1.0,-1.0,-1
1.17107,1.17107,1.171025,1.17106,-1.0,-1.0,-1
1.17106,1.171085,1.17105,1.171085,-1.0,-1.0,-1
1.171085,1.17111,1.171085,1.171105,-1.0,-1.0,-1
1.171105,1.17112,1.171105,1.171115,-1.0,-1.0,-1
1.171115,1.171125,1.171095,1.171125,-1.0,-1.0,-1
1.171125,1.171125,1.17111,1.171125,-1.0,-1.0,-1
1.171125,1.171125,1.171125,1.171125,-1.0,-1.0,-1
1.171125,1.171145,1.171115,1.171115,-1.0,-1.0,-1
1.171115,1.17113,1.171115,1.17113,-1.0,-1.0,-1
1.17113,1.171135,1.17111,1.17111,-1.0,-1.0,-1
1.17111,1.17113,1.17111,1.17113,-1.0,-1.0,-1
1.17113,1.17113,1.17113,1.17113,-1.0,-1.0,-1
1.17113,1.171135,1.17111,1.17111,-1.0,-1.0,-1
1.17111,1.171115,1.17111,1.17111,-1.0,-1.0,-1
1.17111,1.171115,1.171085,1.171095,-1.0,-1.0,-1
1.171095,1.17111,1.171095,1.171105,-1.0,-1.0,-1
1.171105,1.17111,1.17109,1.171095,-1.0,-1.0,-1
1.171095,1.171115,1.17109,1.171095,-1.0,-1.0,-1
1.171095,1.17111,1.171055,1.17107,-1.0,-1.0,-1
1.17107,1.171075,1.17107,1.17107,-1.0,-1.0,-1
1.17107,1.17108,1.17105,1.17105,-1.0,-1.0,-1
1.17105,1.171055,1.171025,1.171035,-1.0,-1.0,-1
1.171035,1.17104,1.171035,1.171035,-1.0,-1.0,-1
1.171035,1.171045,1.171035,1.17104,-1.0,-1.0,-1
1.17104,1.171045,1.171035,1.171035,-1.0,-1.0,-1
1.171035,1.17104,1.171035,1.17104,-1.0,-1.0,-1
1.17104,1.171065,1.17104,1.171065,-1.0,-1.0,-1
1.171065,1.17108,1.17106,1.171075,-1.0,-1.0,-1
1.171075,1.171095,1.17105,1.171085,-1.0,-1.0,-1
1.171085,1.17111,1.171085,1.171105,-1.0,-1.0,-1
1.171105,1.171135,1.171105,1.17113,-1.0,-1.0,-1
1.17113,1.171135,1.17113,1.171135,-1.0,-1.0,-1
1.171135,1.171135,1.17112,1.17112,-1.0,-1.0,-1
1.17112,1.17113,1.17111,1.17112,-1.0,-1.0,-1
1.17112,1.17113,1.17112,1.17113,-1.0,-1.0,-1
1.17113,1.17113,1.171125,1.17113,-1.0,-1.0,-1
1.17113,1.17113,1.171125,1.171125,-1.0,-1.0,-1
1.171125,1.17113,1.171095,1.17112,-1.0,-1.0,-1
1.17112,1.17113,1.17108,1.17108,-1.0,-1.0,-1
1.17108,1.17111,1.17108,1.171105,-1.0,-1.0,-1
1.171105,1.17111,1.1711,1.1711,-1.0,-1.0,-1
1.1711,1.171135,1.1711,1.171135,-1.0,-1.0,-1
1.171135,1.171135,1.171125,1.171125,-1.0,-1.0,-1
1.171125,1.17113,1.171095,1.171105,-1.0,-1.0,-1
1.171105,1.171115,1.171085,1.17111,-1.0,-1.0,-1
1.17111,1.171125,1.171105,1.171125,-1.0,-1.0,-1
1.171125,1.17116,1.171125,1.17115,-1.0,-1.0,-1
1.17115,1.17116,1.17114,1.17115,-1.0,-1.0,-1
1.17115,1.17115,1.171125,1.171125,-1.0,-1.0,-1
1.171125,1.171145,1.171125,1.17113,-1.0,-1.0,-1
1.17113,1.17113,1.17113,1.17113,-1.0,-1.0,-1
1.17113,1.171175,1.17113,1.17117,-1.0,-1.0,-1
1.17117,1.17117,1.17115,1.171155,-1.0,-1.0,-1
1.171155,1.17116,1.17115,1.17116,-1.0,-1.0,-1
1.17116,1.171165,1.171115,1.17113,-1.0,-1.0,-1
1.17113,1.171145,1.17111,1.17111,-1.0,-1.0,-1
1.17111,1.171145,1.17111,1.17113,-1.0,-1.0,-1
1.17113,1.171145,1.17113,1.171145,-1.0,-1.0,-1
1.171145,1.171145,1.171125,1.17113,-1.0,-1.0,-1
1.17113,1.171175,1.17113,1.17117,-1.0,-1.0,-1
1.17117,1.171185,1.17113,1.17113,-1.0,-1.0,-1
1.17113,1.17113,1.17113,1.17113,-1.0,-1.0,-1
1.17113,1.17113,1.17113,1.17113,-1.0,-1.0,-1
1.17113,1.171165,1.17113,1.171165,-1.0,-1.0,-1
1.171165,1.171175,1.171165,1.171175,-1.0,-1.0,-1
1.171175,1.171185,1.17113,1.17113,-1.0,-1.0,-1
1.17113,1.171145,1.17113,1.171145,-1.0,-1.0,-1
1.171145,1.17116,1.17113,1.17113,-1.0,-1.0,-1
1.17113,1.17113,1.171125,1.171125,-1.0,-1.0,-1
1.171125,1.17113,1.17108,1.17113,-1.0,-1.0,-1
1.17113,1.171145,1.171125,1.171125,-1.0,-1.0,-1
1.171125,1.171125,1.171125,1.171125,-1.0,-1.0,-1
1.171125,1.171125,1.1711,1.171105,-1.0,-1.0,-1
1.171105,1.17111,1.171085,1.171095,-1.0,-1.0,-1
1.171095,1.171185,1.171095,1.171185,-1.0,-1.0,-1
1.171185,1.171185,1.171145,1.171155,-1.0,-1.0,-1
1.171155,1.17116,1.17113,1.17113,-1.0,-1.0,-1
1.17113,1.17113,1.171125,1.17113,-1.0,-1.0,-1
1.17113,1.17113,1.17113,1.17113,-1.0,-1.0,-1
1.17113,1.17113,1.171115,1.17113,-1.0,-1.0,-1
1.17113,1.17113,1.171125,1.171125,-1.0,-1.0,-1
1.171125,1.171125,1.171125,1.171125,-1.0,-1.0,-1
1.171125,1.17113,1.171125,1.171125,-1.0,-1.0,-1
1.171125,1.17113,1.171125,1.17113,-1.0,-1.0,-1
1.17113,1.171175,1.17113,1.17116,-1.0,-1.0,-1
1.17116,1.17116,1.17116,1.17116,-1.0,-1.0,-1
1.17116,1.171165,1.17115,1.171165,-1.0,-1.0,-1
1.171165,1.171165,1.171125,1.171125,-1.0,-1.0,-1
1.171125,1.17113,1.171125,1.17113,-1.0,-1.0,-1
1.17113,1.17113,1.171115,1.171115,-1.0,-1.0,-1
1.171115,1.17112,1.171105,1.171105,-1.0,-1.0,-1
1.171105,1.171125,1.171105,1.171125,-1.0,-1.0,-1
1.171125,1.17113,1.171125,1.17113,-1.0,-1.0,-1
1.17113,1.17113,1.17113,1.17113,-1.0,-1.0,-1
1.17113,1.171135,1.17113,1.17113,-1.0,-1.0,-1
1.17113,1.171135,1.17113,1.17113,-1.0,-1.0,-1
1.17113,1.171165,1.17113,1.17113,-1.0,-1.0,-1
1.17113,1.17113,1.171125,1.17113,-1.0,-1.0,-1
1.17113,1.171175,1.17113,1.171165,-1.0,-1.0,-1
1.171165,1.171185,1.171165,1.171185,-1.0,-1.0,-1
1.171185,1.171185,1.171175,1.171175,-1.0,-1.0,-1
1.171175,1.17119,1.171175,1.17119,-1.0,-1.0,-1
1.17119,1.171245,1.17119,1.171235,-1.0,-1.0,-1
1.171235,1.171245,1.171215,1.171215,-1.0,-1.0,-1
1.171215,1.17122,1.171165,1.171165,-1.0,-1.0,-1
1.171165,1.17117,1.17115,1.171165,-1.0,-1.0,-1
1.171165,1.171215,1.171165,1.171215,-1.0,-1.0,-1
1.171215,1.171215,1.17121,1.17121,-1.0,-1.0,-1
1.17121,1.17121,1.171195,1.171195,-1.0,-1.0,-1
1.171195,1.1712,1.171195,1.171195,-1.0,-1.0,-1
1.171195,1.1712,1.171195,1.171195,-1.0,-1.0,-1
1.171195,1.1712,1.171185,1.171185,-1.0,-1.0,-1
1.171185,1.171185,1.17114,1.171185,-1.0,-1.0,-1
1.171185,1.17121,1.171185,1.171195,-1.0,-1.0,-1
1.171195,1.1712,1.171185,1.171185,-1.0,-1.0,-1
1.171185,1.1712,1.171185,1.171185,-1.0,-1.0,-1
1.171185,1.171215,1.171185,1.171185,-1.0,-1.0,-1
1.171185,1.171225,1.171185,1.171215,-1.0,-1.0,-1
1.171215,1.171215,1.171215,1.171215,-1.0,-1.0,-1
1.171215,1.171215,1.171215,1.171215,-1.0,-1.0,-1
1.171215,1.171215,1.171185,1.171185,-1.0,-1.0,-1
1.171185,1.1712,1.171185,1.171195,-1.0,-1.0,-1
1.171195,1.17121,1.17116,1.17118,-1.0,-1.0,-1
1.17118,1.171235,1.17118,1.171225,-1.0,-1.0,-1
1.171225,1.1713,1.171225,1.171295,-1.0,-1.0,-1
1.171295,1.171305,1.171285,1.171295,-1.0,-1.0,-1
1.171295,1.171345,1.171275,1.171335,-1.0,-1.0,-1
1.171335,1.171335,1.17132,1.171325,-1.0,-1.0,-1
1.171325,1.171325,1.1713,1.1713,-1.0,-1.0,-1
1.1713,1.1713,1.171285,1.171285,-1.0,-1.0,-1
1.171285,1.17138,1.171285,1.171345,-1.0,-1.0,-1
1.171345,1.17136,1.17132,1.171325,-1.0,-1.0,-1
1.171325,1.171335,1.17131,1.17133,-1.0,-1.0,-1
1.17133,1.17133,1.17132,1.17133,-1.0,-1.0,-1
1.17133,1.17139,1.17132,1.17139,-1.0,-1.0,-1
1.17139,1.171415,1.17139,1.171415,-1.0,-1.0,-1
1.171415,1.171415,1.171395,1.171405,-1.0,-1.0,-1
1.171405,1.17141,1.1714,1.17141,-1.0,-1.0,-1
1.17141,1.171415,1.17139,1.17141,-1.0,-1.0,-1
1.17141,1.171415,1.1714,1.171415,-1.0,-1.0,-1
1.171415,1.17144,1.17141,1.171435,-1.0,-1.0,-1
1.171435,1.1715,1.171435,1.171495,-1.0,-1.0,-1
1.171495,1.171495,1.17148,1.171485,-1.0,-1.0,-1
1.171485,1.171505,1.17148,1.17148,-1.0,-1.0,-1
1.17148,1.171495,1.171475,1.17148,-1.0,-1.0,-1
1.17148,1.171495,1.17148,1.17148,-1.0,-1.0,-1
1.17148,1.171495,1.17148,1.171495,-1.0,-1.0,-1
1.171495,1.171495,1.171445,1.171445,-1.0,-1.0,-1
1.171445,1.171445,1.17139,1.171405,-1.0,-1.0,-1
1.171405,1.171415,1.17139,1.171405,-1.0,-1.0,-1
1.171405,1.171405,1.171395,1.171405,-1.0,-1.0,-1
1.171405,1.171405,1.171395,1.171395,-1.0,-1.0,-1
1.171395,1.171395,1.17139,1.17139,-1.0,-1.0,-1
1.17139,1.171405,1.17139,1.171395,-1.0,-1.0,-1
1.171395,1.171395,1.171395,1.171395,-1.0,-1.0,-1
1.171395,1.171435,1.171395,1.171435,-1.0,-1.0,-1
1.171435,1.171435,1.17141,1.171415,-1.0,-1.0,-1
1.171415,1.171415,1.1714,1.171415,-1.0,-1.0,-1
1.171415,1.171445,1.17141,1.171435,-1.0,-1.0,-1
1.171435,1.171445,1.17143,1.171445,-1.0,-1.0,-1
1.171445,1.171445,1.17141,1.171415,-1.0,-1.0,-1
1.171415,1.171415,1.171395,1.171395,-1.0,-1.0,-1
1.171395,1.171435,1.171395,1.171395,-1.0,-1.0,-1
1.171395,1.17141,1.17139,1.17139,-1.0,-1.0,-1
1.17139,1.171435,1.17139,1.171435,-1.0,-1.0,-1
1.171435,1.171435,1.17142,1.171425,-1.0,-1.0,-1
1.171425,1.171435,1.17142,1.17142,-1.0,-1.0,-1
1.17142,1.171435,1.17142,1.171435,-1.0,-1.0,-1
1.171435,1.171435,1.171435,1.171435,-1.0,-1.0,-1
1.171435,1.171485,1.171435,1.171475,-1.0,-1.0,-1
1.171475,1.171485,1.171475,1.171475,-1.0,-1.0,-1
1.171475,1.17148,1.171475,1.171475,-1.0,-1.0,-1
1.171475,1.171495,1.171475,1.171475,-1.0,-1.0,-1
1.171475,1.171475,1.171445,1.171445,-1.0,-1.0,-1
1.171445,1.17147,1.171425,1.17146,-1.0,-1.0,-1
1.17146,1.17148,1.171435,1.17148,-1.0,-1.0,-1
1.17148,1.171525,1.17148,1.1715,-1.0,-1.0,-1
1.1715,1.1715,1.17148,1.17148,-1.0,-1.0,-1
1.17148,1.171485,1.17148,1.171485,-1.0,-1.0,-1
1.171485,1.171505,1.17148,1.171485,-1.0,-1.0,-1
1.171485,1.17153,1.171485,1.17151,-1.0,-1.0,-1
1.17151,1.17151,1.1715,1.171505,-1.0,-1.0,-1
1.171505,1.171585,1.1715,1.17156,-1.0,-1.0,-1
1.17156,1.17156,1.171555,1.171555,-1.0,-1.0,-1
1.171555,1.17156,1.1715,1.171505,-1.0,-1.0,-1
1.171505,1.17151,1.1715,1.171505,-1.0,-1.0,-1
1.171505,1.171505,1.17148,1.17148,-1.0,-1.0,-1
1.17148,1.171495,1.17148,1.171485,-1.0,-1.0,-1
1.171485,1.171485,1.17147,1.17147,-1.0,-1.0,-1
1.17147,1.171485,1.17147,1.171485,-1.0,-1.0,-1
1.171485,1.171485,1.171475,1.171475,-1.0,-1.0,-1
1.171475,1.171475,1.17147,1.17147,-1.0,-1.0,-1
1.17147,1.171485,1.17147,1.17147,-1.0,-1.0,-1
1.17147,1.171485,1.17147,1.171485,-1.0,-1.0,-1
1.171485,1.171485,1.171475,1.171485,-1.0,-1.0,-1
1.171485,1.171485,1.171485,1.171485,-1.0,-1.0,-1
1.171485,1.171515,1.171485,1.17151,-1.0,-1.0,-1
1.17151,1.17151,1.1715,1.17151,-1.0,-1.0,-1
1.17151,1.17151,1.17151,1.17151,-1.0,-1.0,-1
1.17151,1.17151,1.17151,1.17151,-1.0,-1.0,-1
1.17151,1.171515,1.17151,1.171515,-1.0,-1.0,-1
1.171515,1.171525,1.171515,1.171525,-1.0,-1.0,-1
1.171525,1.17154,1.17151,1.17154,-1.0,-1.0,-1
1.17154,1.17154,1.171515,1.171515,-1.0,-1.0,-1
1.171515,1.171515,1.171495,1.171515,-1.0,-1.0,-1
1.171515,1.171515,1.17151,1.171515,-1.0,-1.0,-1
1.171515,1.17153,1.1715,1.17152,-1.0,-1.0,-1
1.17152,1.17152,1.171495,1.1715,-1.0,-1.0,-1
1.1715,1.171505,1.171475,1.171475,-1.0,-1.0,-1
1.171475,1.171475,1.171465,1.17147,-1.0,-1.0,-1
1.17147,1.17148,1.17147,1.17147,-1.0,-1.0,-1
1.17147,1.17152,1.17147,1.17151,-1.0,-1.0,-1
1.17151,1.17151,1.17151,1.17151,-1.0,-1.0,-1
1.17151,1.171525,1.171495,1.17151,-1.0,-1.0,-1
1.17151,1.17152,1.17151,1.17152,-1.0,-1.0,-1
1.17152,1.17152,1.17151,1.17151,-1.0,-1.0,-1
1.17151,1.171515,1.17149,1.1715,-1.0,-1.0,-1
1.1715,1.1715,1.17148,1.171485,-1.0,-1.0,-1
1.171485,1.171485,1.17148,1.17148,-1.0,-1.0,-1
1.17148,1.17148,1.17145,1.171455,-1.0,-1.0,-1
1.171455,1.17147,1.171445,1.171465,-1.0,-1.0,-1
1.171465,1.17147,1.171465,1.171465,-1.0,-1.0,-1
1.171465,1.17147,1.171445,1.171445,-1.0,-1.0,-1
1.171445,1.171445,1.171435,1.171445,-1.0,-1.0,-1
1.171445,1.171445,1.17144,1.17144,-1.0,-1.0,-1
1.17144,1.17144,1.171425,1.171425,-1.0,-1.0,-1
1.171425,1.171435,1.1714,1.171405,-1.0,-1.0,-1
1.171405,1.171475,1.1714,1.171475,-1.0,-1.0,-1
1.171475,1.17148,1.171475,1.171475,-1.0,-1.0,-1
1.171475,1.17148,1.171445,1.171445,-1.0,-1.0,-1
1.171445,1.171465,1.171445,1.171455,-1.0,-1.0,-1
1.171455,1.171465,1.17145,1.17145,-1.0,-1.0,-1
1.17145,1.171455,1.17145,1.17145,-1.0,-1.0,-1
1.17145,1.17147,1.17145,1.17147,-1.0,-1.0,-1
1.17147,1.17148,1.171465,1.17148,-1.0,-1.0,-1
1.17148,1.171485,1.171475,1.17148,-1.0,-1.0,-1
1.17148,1.17148,1.171465,1.171465,-1.0,-1.0,-1
1.171465,1.17148,1.171465,1.17147,-1.0,-1.0,-1
1.17147,1.17148,1.17147,1.17148,-1.0,-1.0,-1
1.17148,1.17156,1.17148,1.171555,-1.0,-1.0,-1
1.171555,1.17156,1.171555,1.17156,-1.0,-1.0,-1
1.17156,1.17156,1.171495,1.171505,-1.0,-1.0,-1
1.171505,1.171535,1.171495,1.171535,-1.0,-1.0,-1
1.171535,1.171535,1.17152,1.17152,-1.0,-1.0,-1
1.17152,1.171535,1.171515,1.171535,-1.0,-1.0,-1
1.171535,1.171535,1.171535,1.171535,-1.0,-1.0,-1
1.171535,1.171535,1.171535,1.171535,-1.0,-1.0,-1
1.171535,1.171535,1.171535,1.171535,-1.0,-1.0,-1
1.171535,1.171625,1.171525,1.171625,-1.0,-1.0,-1
1.171625,1.171625,1.171575,1.171595,-1.0,-1.0,-1
1.171595,1.171605,1.17158,1.1716,-1.0,-1.0,-1
1.1716,1.171615,1.17157,1.17157,-1.0,-1.0,-1
1.17157,1.171575,1.17155,1.17155,-1.0,-1.0,-1
1.17155,1.17156,1.171545,1.17156,-1.0,-1.0,-1
1.17156,1.171565,1.171535,1.171535,-1.0,-1.0,-1
1.171535,1.17155,1.171535,1.171535,-1.0,-1.0,-1
1.171535,1.17155,1.17153,1.17154,-1.0,-1.0,-1
1.17154,1.17156,1.171525,1.171555,-1.0,-1.0,-1
1.171555,1.17156,1.171555,1.171555,-1.0,-1.0,-1
1.171555,1.17156,1.171555,1.171555,-1.0,-1.0,-1
1.171555,1.17156,1.171555,1.171555,-1.0,-1.0,-1
1.171555,1.17156,1.17153,1.17153,-1.0,-1.0,-1
1.17153,1.17155,1.171525,1.171545,-1.0,-1.0,-1
1.171545,1.17155,1.171545,1.171545,-1.0,-1.0,-1
1.171545,1.17156,1.17148,1.17148,-1.0,-1.0,-1
1.17148,1.17148,1.171475,1.17148,-1.0,-1.0,-1
1.17148,1.171495,1.171465,1.171495,-1.0,-1.0,-1
1.171495,1.171495,1.17148,1.171495,-1.0,-1.0,-1
1.171495,1.171495,1.17148,1.17148,-1.0,-1.0,-1
1.17148,1.171485,1.171475,1.171475,-1.0,-1.0,-1
1.171475,1.17148,1.171465,1.171465,-1.0,-1.0,-1
1.171465,1.171475,1.171455,1.171455,-1.0,-1.0,-1
1.171455,1.171475,1.171455,1.171475,-1.0,-1.0,-1
1.171475,1.171475,1.171435,1.171435,-1.0,-1.0,-1
1.171435,1.171435,1.171435,1.171435,-1.0,-1.0,-1
1.171435,1.17144,1.17143,1.17143,-1.0,-1.0,-1
1.17143,1.17143,1.171425,1.171425,-1.0,-1.0,-1
1.171425,1.171425,1.17139,1.17139,-1.0,-1.0,-1
1.17139,1.17139,1.171365,1.17139,-1.0,-1.0,-1
1.17139,1.17139,1.171365,1.171365,-1.0,-1.0,-1
1.171365,1.17139,1.171365,1.171375,-1.0,-1.0,-1
1.171375,1.17139,1.171375,1.171375,-1.0,-1.0,-1
1.171375,1.17138,1.171375,1.171375,-1.0,-1.0,-1
1.171375,1.17139,1.171375,1.17139,-1.0,-1.0,-1
1.17139,1.17139,1.171375,1.171375,-1.0,-1.0,-1
1.171375,1.17138,1.171365,1.171375,-1.0,-1.0,-1
1.171375,1.17139,1.171365,1.171375,-1.0,-1.0,-1
1.171375,1.17139,1.171375,1.17139,-1.0,-1.0,-1
1.17139,1.17139,1.171375,1.171375,-1.0,-1.0,-1
1.171375,1.17138,1.171375,1.171375,-1.0,-1.0,-1
1.171375,1.17138,1.171305,1.171325,-1.0,-1.0,-1
1.171325,1.171325,1.17131,1.171325,-1.0,-1.0,-1
1.171325,1.171325,1.17131,1.17131,-1.0,-1.0,-1
1.17131,1.17131,1.17131,1.17131,-1.0,-1.0,-1
1.17131,1.17131,1.171285,1.171285,-1.0,-1.0,-1
1.171285,1.17129,1.171285,1.171285,-1.0,-1.0,-1
1.171285,1.171295,1.171285,1.171295,-1.0,-1.0,-1
1.171295,1.1713,1.171285,1.171285,-1.0,-1.0,-1
1.171285,1.171305,1.171285,1.171305,-1.0,-1.0,-1
1.171305,1.171335,1.171305,1.17133,-1.0,-1.0,-1
1.17133,1.171345,1.171325,1.171335,-1.0,-1.0,-1
1.171335,1.171345,1.171325,1.171335,-1.0,-1.0,-1
1.171335,1.171335,1.17132,1.171325,-1.0,-1.0,-1
1.171325,1.171325,1.171295,1.17131,-1.0,-1.0,-1
1.17131,1.171325,1.171305,1.171305,-1.0,-1.0,-1
1.171305,1.171305,1.1713,1.1713,-1.0,-1.0,-1
1.1713,1.1713,1.171295,1.171295,-1.0,-1.0,-1
1.171295,1.1713,1.171295,1.1713,-1.0,-1.0,-1
1.1713,1.171335,1.1713,1.171335,-1.0,-1.0,-1
1.171335,1.171335,1.171335,1.171335,-1.0,-1.0,-1
1.171335,1.171335,1.171335,1.171335,-1.0,-1.0,-1
1.171335,1.171345,1.171335,1.171335,-1.0,-1.0,-1
1.171335,1.171345,1.171315,1.171335,-1.0,-1.0,-1
1.171335,1.171345,1.171325,1.171345,-1.0,-1.0,-1
1.171345,1.171355,1.171335,1.171335,-1.0,-1.0,-1
1.171335,1.171335,1.171335,1.171335,-1.0,-1.0,-1
1.171335,1.17134,1.171335,1.171335,-1.0,-1.0,-1
1.171335,1.17138,1.171335,1.17136,-1.0,-1.0,-1
1.17136,1.171365,1.171325,1.171335,-1.0,-1.0,-1
1.171335,1.171345,1.171335,1.17134,-1.0,-1.0,-1
1.17134,1.17134,1.17132,1.171325,-1.0,-1.0,-1
1.171325,1.171325,1.17132,1.171325,-1.0,-1.0,-1
1.171325,1.171335,1.17132,1.171335,-1.0,-1.0,-1
1.171335,1.171335,1.171325,1.17133,-1.0,-1.0,-1
1.17133,1.171365,1.171325,1.17136,-1.0,-1.0,-1
1.17136,1.17136,1.17134,1.171345,-1.0,-1.0,-1
1.171345,1.171345,1.171325,1.17133,-1.0,-1.0,-1
1.17133,1.171335,1.171325,1.17133,-1.0,-1.0,-1
1.17133,1.171345,1.171325,1.17133,-1.0,-1.0,-1
1.17133,1.171335,1.171325,1.17133,-1.0,-1.0,-1
1.17133,1.171345,1.17132,1.17133,-1.0,-1.0,-1
1.17133,1.171335,1.17132,1.171325,-1.0,-1.0,-1
1.171325,1.17133,1.17131,1.17131,-1.0,-1.0,-1
1.17131,1.171335,1.17131,1.171325,-1.0,-1.0,-1
1.171325,1.171355,1.17132,1.171335,-1.0,-1.0,-1
1.171335,1.171365,1.171335,1.171335,-1.0,-1.0,-1
1.171335,1.17139,1.171335,1.171385,-1.0,-1.0,-1
1.171385,1.171415,1.171385,1.171415,-1.0,-1.0,-1
1.171415,1.171415,1.17135,1.17135,-1.0,-1.0,-1
1.17135,1.171365,1.171345,1.17135,-1.0,-1.0,-1
1.17135,1.17135,1.17134,1.17134,-1.0,-1.0,-1
1.17134,1.171365,1.171325,1.171355,-1.0,-1.0,-1
1.171355,1.17136,1.17134,1.17134,-1.0,-1.0,-1
1.17134,1.17134,1.171325,1.17133,-1.0,-1.0,-1
1.17133,1.171335,1.171325,1.17133,-1.0,-1.0,-1
1.17133,1.171345,1.171325,1.17133,-1.0,-1.0,-1
1.17133,1.17133,1.17132,1.171325,-1.0,-1.0,-1
1.171325,1.17133,1.17132,1.17133,-1.0,-1.0,-1
1.17133,1.171335,1.17132,1.17133,-1.0,-1.0,-1
1.17133,1.171335,1.171325,1.17133,-1.0,-1.0,-1
1.17133,1.171335,1.17132,1.171325,-1.0,-1.0,-1
1.171325,1.17133,1.17132,1.17132,-1.0,-1.0,-1
1.17132,1.171335,1.17131,1.17131,-1.0,-1.0,-1
1.17131,1.171325,1.17131,1.171325,-1.0,-1.0,-1
1.171325,1.171345,1.17132,1.17134,-1.0,-1.0,-1
1.17134,1.17134,1.17134,1.17134,-1.0,-1.0,-1
1.17134,1.17134,1.171325,1.17133,-1.0,-1.0,-1
1.17133,1.17134,1.171325,1.171335,-1.0,-1.0,-1
1.171335,1.171335,1.171335,1.171335,-1.0,-1.0,-1
1.171335,1.17139,1.171335,1.17139,-1.0,-1.0,-1
1.17139,1.17139,1.17139,1.17139,-1.0,-1.0,-1
1.17139,1.171425,1.17139,1.171425,-1.0,-1.0,-1
1.171425,1.171435,1.171425,1.171435,-1.0,-1.0,-1
1.171435,1.171435,1.171435,1.171435,-1.0,-1.0,-1
1.171435,1.17147,1.171425,1.171465,-1.0,-1.0,-1
1.171465,1.171475,1.171445,1.171475,-1.0,-1.0,-1
1.171475,1.171475,1.171475,1.171475,-1.0,-1.0,-1
1.171475,1.171495,1.171475,1.171495,-1.0,-1.0,-1
1.171495,1.171495,1.17149,1.171495,-1.0,-1.0,-1
1.171495,1.171495,1.17148,1.17148,-1.0,-1.0,-1
1.17148,1.171525,1.17148,1.171525,-1.0,-1.0,-1
1.171525,1.171525,1.171525,1.171525,-1.0,-1.0,-1
1.171525,1.171525,1.17149,1.171495,-1.0,-1.0,-1
1.171495,1.171525,1.17149,1.171525,-1.0,-1.0,-1
1.171525,1.17157,1.171525,1.17157,-1.0,-1.0,-1
1.17157,1.17157,1.17157,1.17157,-1.0,-1.0,-1
1.17157,1.171585,1.171555,1.17157,-1.0,-1.0,-1
1.17157,1.17157,1.17155,1.171565,-1.0,-1.0,-1
1.171565,1.171585,1.17155,1.171585,-1.0,-1.0,-1
1.171585,1.171585,1.171565,1.171585,-1.0,-1.0,-1
1.171585,1.171585,1.17157,1.17157,-1.0,-1.0,-1
1.17157,1.17157,1.171565,1.171565,-1.0,-1.0,-1
1.171565,1.171565,1.171535,1.171535,-1.0,-1.0,-1
1.171535,1.17156,1.171535,1.171545,-1.0,-1.0,-1
1.171545,1.17155,1.17153,1.17153,-1.0,-1.0,-1
1.17153,1.17153,1.171525,1.17153,-1.0,-1.0,-1
1.17153,1.17155,1.17153,1.17153,-1.0,-1.0,-1
1.17153,1.17153,1.171525,1.17153,-1.0,-1.0,-1
1.17153,1.171535,1.17153,1.171535,-1.0,-1.0,-1
1.171535,1.17154,1.171535,1.171535,-1.0,-1.0,-1
1.171535,1.17156,1.171535,1.171555,-1.0,-1.0,-1
1.171555,1.17156,1.1715,1.171505,-1.0,-1.0,-1
1.171505,1.171505,1.17147,1.171475,-1.0,-1.0,-1
1.171475,1.171475,1.171455,1.171455,-1.0,-1.0,-1
1.171455,1.17147,1.171455,1.171455,-1.0,-1.0,-1
1.171455,1.171475,1.171435,1.171435,-1.0,-1.0,-1
1.171435,1.171445,1.171355,1.171415,-1.0,-1.0,-1
1.171415,1.171425,1.1714,1.171415,-1.0,-1.0,-1
1.171415,1.171415,1.171375,1.17139,-1.0,-1.0,-1
1.17139,1.171405,1.17139,1.171405,-1.0,-1.0,-1
1.171405,1.171425,1.1714,1.171425,-1.0,-1.0,-1
1.171425,1.171425,1.17139,1.17139,-1.0,-1.0,-1
1.17139,1.171395,1.171375,1.17139,-1.0,-1.0,-1
1.17139,1.171395,1.17139,1.171395,-1.0,-1.0,-1
1.171395,1.171395,1.17139,1.171395,-1.0,-1.0,-1
1.171395,1.171405,1.17139,1.171405,-1.0,-1.0,-1
1.171405,1.171415,1.171395,1.171395,-1.0,-1.0,-1
1.171395,1.171395,1.171355,1.17136,-1.0,-1.0,-1
1.17136,1.171365,1.171345,1.171355,-1.0,-1.0,-1
1.171355,1.171355,1.171345,1.171355,-1.0,-1.0,-1
1.171355,1.171365,1.17135,1.171355,-1.0,-1.0,-1
1.171355,1.171365,1.171335,1.17134,-1.0,-1.0,-1
1.17134,1.171345,1.17131,1.17131,-1.0,-1.0,-1
1.17131,1.17131,1.171295,1.1713,-1.0,-1.0,-1
1.1713,1.171305,1.17125,1.171255,-1.0,-1.0,-1
1.171255,1.171255,1.17122,1.171225,-1.0,-1.0,-1
1.171225,1.171245,1.171225,1.171225,-1.0,-1.0,-1
1.171225,1.171235,1.17121,1.17121,-1.0,-1.0,-1
1.17121,1.171215,1.17115,1.17117,-1.0,-1.0,-1
1.17117,1.171215,1.17117,1.171185,-1.0,-1.0,-1
1.171185,1.171185,1.171165,1.171165,-1.0,-1.0,-1
1.171165,1.17121,1.171165,1.171195,-1.0,-1.0,-1
1.171195,1.1712,1.17118,1.171185,-1.0,-1.0,-1
1.171185,1.1712,1.171165,1.171165,-1.0,-1.0,-1
1.171165,1.171175,1.171125,1.171175,-1.0,-1.0,-1
1.171175,1.171175,1.171125,1.171125,-1.0,-1.0,-1
1.171125,1.171125,1.171085,1.171105,-1.0,-1.0,-1
1.171105,1.17111,1.171105,1.171105,-1.0,-1.0,-1
1.171105,1.1712,1.171095,1.17118,-1.0,-1.0,-1
1.17118,1.17118,1.171115,1.171125,-1.0,-1.0,-1
1.171125,1.17117,1.171115,1.17117,-1.0,-1.0,-1
1.17117,1.17117,1.17113,1.17113,-1.0,-1.0,-1
1.17113,1.171155,1.171125,1.17113,-1.0,-1.0,-1
1.17113,1.171155,1.171125,1.171125,-1.0,-1.0,-1
1.171125,1.171145,1.171125,1.171125,-1.0,-1.0,-1
1.171125,1.171155,1.171105,1.17111,-1.0,-1.0,-1
1.17111,1.171115,1.171075,1.17109,-1.0,-1.0,-1
1.17109,1.17109,1.171075,1.171085,-1.0,-1.0,-1
1.171085,1.1711,1.171055,1.171095,-1.0,-1.0,-1
1.171095,1.171095,1.17108,1.17109,-1.0,-1.0,-1
1.17109,1.17109,1.17101,1.171025,-1.0,-1.0,-1
1.171025,1.171045,1.170955,1.17096,-1.0,-1.0,-1
1.17096,1.171005,1.17096,1.17099,-1.0,-1.0,-1
1.17099,1.170995,1.17096,1.17098,-1.0,-1.0,-1
1.17098,1.17098,1.170945,1.170945,-1.0,-1.0,-1
1.170945,1.170945,1.17088,1.170885,-1.0,-1.0,-1
1.170885,1.170895,1.170865,1.170885,-1.0,-1.0,-1
1.170885,1.170885,1.17079,1.170795,-1.0,-1.0,-1
1.170795,1.170865,1.17079,1.17086,-1.0,-1.0,-1
1.17086,1.17086,1.170835,1.17084,-1.0,-1.0,-1
1.17084,1.17085,1.17072,1.170725,-1.0,-1.0,-1
1.170725,1.17075,1.170705,1.17071,-1.0,-1.0,-1
1.17071,1.170715,1.170635,1.170635,-1.0,-1.0,-1
1.170635,1.170635,1.17061,1.170635,-1.0,-1.0,-1
1.170635,1.170655,1.17061,1.170655,-1.0,-1.0,-1
1.170655,1.170685,1.170655,1.170685,-1.0,-1.0,-1
1.170685,1.17076,1.170685,1.170755,-1.0,-1.0,-1
1.170755,1.170775,1.170755,1.170755,-1.0,-1.0,-1
1.170755,1.17076,1.170675,1.170735,-1.0,-1.0,-1
1.170735,1.170745,1.170705,1.17071,-1.0,-1.0,-1
1.17071,1.170735,1.170695,1.170735,-1.0,-1.0,-1
1.170735,1.170735,1.17073,1.170735,-1.0,-1.0,-1
1.170735,1.170735,1.17071,1.17072,-1.0,-1.0,-1
1.17072,1.170765,1.1707,1.17076,-1.0,-1.0,-1
1.17076,1.170785,1.170755,1.17078,-1.0,-1.0,-1
1.17078,1.170795,1.17078,1.17078,-1.0,-1.0,-1
1.17078,1.170835,1.17078,1.170825,-1.0,-1.0,-1
1.170825,1.17086,1.170825,1.170845,-1.0,-1.0,-1
1.170845,1.170905,1.170845,1.170895,-1.0,-1.0,-1
1.170895,1.17091,1.170875,1.170885,-1.0,-1.0,-1
1.170885,1.170895,1.170865,1.170895,-1.0,-1.0,-1
1.170895,1.170895,1.17088,1.170885,-1.0,-1.0,-1
1.170885,1.170885,1.17087,1.17087,-1.0,-1.0,-1
1.17087,1.170885,1.170865,1.170865,-1.0,-1.0,-1
1.170865,1.170885,1.170865,1.170875,-1.0,-1.0,-1
1.170875,1.170885,1.170865,1.170885,-1.0,-1.0,-1
1.170885,1.17094,1.17088,1.170935,-1.0,-1.0,-1
1.170935,1.17095,1.170935,1.170935,-1.0,-1.0,-1
1.170935,1.17094,1.17092,1.17092,-1.0,-1.0,-1
1.17092,1.170995,1.17092,1.17098,-1.0,-1.0,-1
1.17098,1.170985,1.170945,1.170945,-1.0,-1.0,-1
1.170945,1.17095,1.17093,1.17093,-1.0,-1.0,-1
1.17093,1.170935,1.17083,1.170835,-1.0,-1.0,-1
1.170835,1.17085,1.17083,1.170845,-1.0,-1.0,-1
1.170845,1.17085,1.170805,1.170815,-1.0,-1.0,-1
1.170815,1.170835,1.170805,1.170805,-1.0,-1.0,-1
1.170805,1.170835,1.170755,1.170775,-1.0,-1.0,-1
1.170775,1.17078,1.170755,1.17078,-1.0,-1.0,-1
1.17078,1.170815,1.17078,1.170805,-1.0,-1.0,-1
1.170805,1.170865,1.170805,1.17086,-1.0,-1.0,-1
1.17086,1.170865,1.170845,1.17086,-1.0,-1.0,-1
1.17086,1.170885,1.17086,1.170885,-1.0,-1.0,-1
1.170885,1.170885,1.17087,1.17087,-1.0,-1.0,-1
1.17087,1.170885,1.17087,1.17087,-1.0,-1.0,-1
1.17087,1.170885,1.170865,1.170885,-1.0,-1.0,-1
1.170885,1.170885,1.170875,1.170875,-1.0,-1.0,-1
1.170875,1.170885,1.170875,1.170875,-1.0,-1.0,-1
1.170875,1.170885,1.17086,1.17086,-1.0,-1.0,-1
1.17086,1.17086,1.17079,1.170795,-1.0,-1.0,-1
1.170795,1.170795,1.170775,1.170795,-1.0,-1.0,-1
1.170795,1.170835,1.17079,1.170835,-1.0,-1.0,-1
1.170835,1.170905,1.170835,1.17086,-1.0,-1.0,-1
1.17086,1.170865,1.17086,1.17086,-1.0,-1.0,-1
1.17086,1.17087,1.170845,1.17087,-1.0,-1.0,-1
1.17087,1.17087,1.170865,1.170865,-1.0,-1.0,-1
1.170865,1.170865,1.17086,1.17086,-1.0,-1.0,-1
1.17086,1.17086,1.170735,1.170735,-1.0,-1.0,-1
1.170735,1.170735,1.17069,1.17069,-1.0,-1.0,-1
1.17069,1.17069,1.1706,1.1706,-1.0,-1.0,-1
1.1706,1.170635,1.1706,1.170635,-1.0,-1.0,-1
1.170635,1.170635,1.17053,1.170545,-1.0,-1.0,-1
1.170545,1.170545,1.170525,1.170535,-1.0,-1.0,-1
1.170535,1.17059,1.17053,1.170585,-1.0,-1.0,-1
1.170585,1.1706,1.17056,1.170565,-1.0,-1.0,-1
1.170565,1.1706,1.17056,1.170595,-1.0,-1.0,-1
1.170595,1.170595,1.17058,1.170585,-1.0,-1.0,-1
1.170585,1.17059,1.170525,1.170525,-1.0,-1.0,-1
1.170525,1.170525,1.17049,1.170495,-1.0,-1.0,-1
1.170495,1.170545,1.170495,1.17054,-1.0,-1.0,-1
1.17054,1.17059,1.17053,1.170585,-1.0,-1.0,-1
1.170585,1.1706,1.170585,1.1706,-1.0,-1.0,-1
1.1706,1.170635,1.1706,1.170635,-1.0,-1.0,-1
1.170635,1.17068,1.170635,1.170655,-1.0,-1.0,-1
1.170655,1.170685,1.170655,1.17067,-1.0,-1.0,-1
1.17067,1.17069,1.17067,1.17069,-1.0,-1.0,-1
1.17069,1.17069,1.170685,1.170685,-1.0,-1.0,-1
1.170685,1.17069,1.170685,1.17069,-1.0,-1.0,-1
1.17069,1.17069,1.17069,1.17069,-1.0,-1.0,-1
1.17069,1.17069,1.17069,1.17069,-1.0,-1.0,-1
1.17069,1.17069,1.17069,1.17069,-1.0,-1.0,-1
1.17069,1.17069,1.17069,1.17069,-1.0,-1.0,-1
1.17069,1.17069,1.17069,1.17069,-1.0,-1.0,-1
1.17069,1.17069,1.17069,1.17069,-1.0,-1.0,-1
1.17069,1.17069,1.17069,1.17069,-1.0,-1.0,-1
1.17069,1.17069,1.17069,1.17069,-1.0,-1.0,-1
1.17069,1.170725,1.17069,1.170725,-1.0,-1.0,-1
1.170725,1.170725,1.170685,1.170685,-1.0,-1.0,-1
1.170685,1.17069,1.170685,1.17069,-1.0,-1.0,-1
1.17069,1.170725,1.17069,1.170725,-1.0,-1.0,-1
1.170725,1.170735,1.170725,1.170735,-1.0,-1.0,-1
1.170735,1.170775,1.170725,1.170775,-1.0,-1.0,-1
1.170775,1.17078,1.170775,1.17078,-1.0,-1.0,-1
1.17078,1.17078,1.170775,1.17078,-1.0,-1.0,-1
1.17078,1.17078,1.170775,1.17078,-1.0,-1.0,-1
1.17078,1.170795,1.17078,1.170785,-1.0,-1.0,-1
1.170785,1.170785,1.17074,1.17074,-1.0,-1.0,-1
1.17074,1.17074,1.17068,1.17069,-1.0,-1.0,-1
1.17069,1.170715,1.170685,1.170715,-1.0,-1.0,-1
1.170715,1.170765,1.17071,1.170725,-1.0,-1.0,-1
1.170725,1.170745,1.17071,1.17073,-1.0,-1.0,-1
1.17073,1.170745,1.17073,1.170745,-1.0,-1.0,-1
1.170745,1.170745,1.170745,1.170745,-1.0,-1.0,-1
1.170745,1.17076,1.170745,1.170755,-1.0,-1.0,-1
1.170755,1.170825,1.170755,1.170825,-1.0,-1.0,-1
1.170825,1.17085,1.17079,1.170795,-1.0,-1.0,-1
1.170795,1.170795,1.170775,1.170775,-1.0,-1.0,-1
1.170775,1.170815,1.170775,1.170815,-1.0,-1.0,-1
1.170815,1.170815,1.170815,1.170815,-1.0,-1.0,-1
1.170815,1.170835,1.17081,1.170835,-1.0,-1.0,-1
1.170835,1.17085,1.170835,1.170835,-1.0,-1.0,-1
1.170835,1.170835,1.170825,1.170825,-1.0,-1.0,-1
1.170825,1.170835,1.170825,1.170835,-1.0,-1.0,-1
1.170835,1.17085,1.170835,1.170835,-1.0,-1.0,-1
1.170835,1.170835,1.170835,1.170835,-1.0,-1.0,-1
1.170835,1.170835,1.17083,1.17083,-1.0,-1.0,-1
1.17083,1.170835,1.170825,1.170835,-1.0,-1.0,-1
1.170835,1.17085,1.170835,1.170835,-1.0,-1.0,-1
1.170835,1.170835,1.17083,1.170835,-1.0,-1.0,-1
1.170835,1.170845,1.17083,1.17084,-1.0,-1.0,-1
1.17084,1.170845,1.17083,1.17084,-1.0,-1.0,-1
1.17084,1.17085,1.170835,1.170835,-1.0,-1.0,-1
1.170835,1.170835,1.17083,1.170835,-1.0,-1.0,-1
1.170835,1.17085,1.170835,1.170845,-1.0,-1.0,-1
1.170845,1.17085,1.170835,1.170835,-1.0,-1.0,-1
1.170835,1.170835,1.17083,1.17083,-1.0,-1.0,-1
1.17083,1.170835,1.170755,1.170765,-1.0,-1.0,-1
1.170765,1.17077,1.1707,1.170725,-1.0,-1.0,-1
1.170725,1.17077,1.170705,1.17077,-1.0,-1.0,-1
1.17077,1.170785,1.17077,1.170775,-1.0,-1.0,-1
1.170775,1.17078,1.17076,1.17078,-1.0,-1.0,-1
1.17078,1.17078,1.17078,1.17078,-1.0,-1.0,-1
1.17078,1.17078,1.170765,1.170765,-1.0,-1.0,-1
1.170765,1.170775,1.170765,1.170765,-1.0,-1.0,-1
1.170765,1.17078,1.170745,1.170745,-1.0,-1.0,-1
1.170745,1.17076,1.170735,1.170735,-1.0,-1.0,-1
1.170735,1.170735,1.170735,1.170735,-1.0,-1.0,-1
1.170735,1.170735,1.170735,1.170735,-1.0,-1.0,-1
1.170735,1.170745,1.170735,1.170745,-1.0,-1.0,-1
1.170745,1.17078,1.170745,1.17078,-1.0,-1.0,-1
1.17078,1.17078,1.17078,1.17078,-1.0,-1.0,-1
1.17078,1.170795,1.17078,1.170795,-1.0,-1.0,-1
1.170795,1.170795,1.170725,1.170735,-1.0,-1.0,-1
1.170735,1.170735,1.170735,1.170735,-1.0,-1.0,-1
1.170735,1.170735,1.17069,1.17069,-1.0,-1.0,-1
1.17069,1.170695,1.17069,1.17069,-1.0,-1.0,-1
1.17069,1.170725,1.17069,1.17072,-1.0,-1.0,-1
1.17072,1.17072,1.1707,1.17071,-1.0,-1.0,-1
1.17071,1.17075,1.170705,1.17071,-1.0,-1.0,-1
1.17071,1.17071,1.17069,1.17069,-1.0,-1.0,-1
1.17069,1.170705,1.170685,1.170685,-1.0,-1.0,-1
1.170685,1.17069,1.170665,1.170685,-1.0,-1.0,-1
1.170685,1.170685,1.170675,1.170675,-1.0,-1.0,-1
1.170675,1.170685,1.170675,1.170675,-1.0,-1.0,-1
1.170675,1.170685,1.170665,1.170685,-1.0,-1.0,-1
1.170685,1.170725,1.170685,1.170725,-1.0,-1.0,-1
1.170725,1.170745,1.170725,1.170725,-1.0,-1.0,-1
1.170725,1.170725,1.17071,1.170715,-1.0,-1.0,-1
1.170715,1.170725,1.17071,1.170725,-1.0,-1.0,-1
1.170725,1.170725,1.1707,1.17071,-1.0,-1.0,-1
1.17071,1.170735,1.170695,1.170695,-1.0,-1.0,-1
1.170695,1.17074,1.170695,1.17074,-1.0,-1.0,-1
1.17074,1.17076,1.170735,1.17074,-1.0,-1.0,-1
1.17074,1.17074,1.17073,1.17074,-1.0,-1.0,-1
1.17074,1.17074,1.17073,1.17073,-1.0,-1.0,-1
1.17073,1.17074,1.17073,1.17074,-1.0,-1.0,-1
1.17074,1.17092,1.17074,1.170895,-1.0,-1.0,-1
1.170895,1.170915,1.170895,1.170895,-1.0,-1.0,-1
1.170895,1.170895,1.17088,1.170885,-1.0,-1.0,-1
1.170885,1.170895,1.17088,1.170885,-1.0,-1.0,-1
1.170885,1.1709,1.17088,1.170885,-1.0,-1.0,-1
1.170885,1.17092,1.17088,1.170895,-1.0,-1.0,-1
1.170895,1.170925,1.170895,1.170895,-1.0,-1.0,-1
1.170895,1.170945,1.170895,1.170945,-1.0,-1.0,-1
1.170945,1.170945,1.17088,1.170885,-1.0,-1.0,-1
1.170885,1.170885,1.17088,1.170885,-1.0,-1.0,-1
1.170885,1.170885,1.17088,1.170885,-1.0,-1.0,-1
1.170885,1.170895,1.17088,1.170885,-1.0,-1.0,-1
1.170885,1.170895,1.170835,1.170835,-1.0,-1.0,-1
1.170835,1.170845,1.170835,1.17084,-1.0,-1.0,-1
1.17084,1.170845,1.170835,1.170835,-1.0,-1.0,-1
1.170835,1.170835,1.17083,1.17083,-1.0,-1.0,-1
1.17083,1.17083,1.1706,1.170655,-1.0,-1.0,-1
1.170655,1.17068,1.17064,1.17064,-1.0,-1.0,-1
1.17064,1.170685,1.17064,1.170685,-1.0,-1.0,-1
1.170685,1.170725,1.170685,1.170725,-1.0,-1.0,-1
1.170725,1.170725,1.170725,1.170725,-1.0,-1.0,-1
1.170725,1.170725,1.1707,1.170715,-1.0,-1.0,-1
1.170715,1.170725,1.17071,1.170725,-1.0,-1.0,-1
1.170725,1.170815,1.170725,1.170815,-1.0,-1.0,-1
1.170815,1.17087,1.17079,1.17087,-1.0,-1.0,-1
1.17087,1.170935,1.17087,1.17092,-1.0,-1.0,-1
1.17092,1.17092,1.17088,1.17088,-1.0,-1.0,-1
1.17088,1.1709,1.17087,1.17087,-1.0,-1.0,-1
1.17087,1.17087,1.17087,1.17087,-1.0,-1.0,-1
1.17087,1.170885,1.170865,1.17087,-1.0,-1.0,-1
1.17087,1.170875,1.17087,1.17087,-1.0,-1.0,-1
1.17087,1.1709,1.170865,1.17087,-1.0,-1.0,-1
1.17087,1.17087,1.17086,1.17087,-1.0,-1.0,-1
1.17087,1.1709,1.170865,1.17087,-1.0,-1.0,-1
1.17087,1.17087,1.170865,1.170865,-1.0,-1.0,-1
1.170865,1.170905,1.170865,1.170885,-1.0,-1.0,-1
1.170885,1.170915,1.17088,1.17091,-1.0,-1.0,-1
1.17091,1.170915,1.17087,1.17087,-1.0,-1.0,-1
1.17087,1.17087,1.170845,1.170855,-1.0,-1.0,-1
1.170855,1.17086,1.17082,1.17082,-1.0,-1.0,-1
1.17082,1.17082,1.17082,1.17082,-1.0,-1.0,-1
1.17082,1.17082,1.17082,1.17082,-1.0,-1.0,-1
1.17082,1.17083,1.170815,1.17083,-1.0,-1.0,-1
1.17083,1.170835,1.17082,1.170825,-1.0,-1.0,-1
1.170825,1.17083,1.170825,1.17083,-1.0,-1.0,-1
1.17083,1.17083,1.17079,1.170795,-1.0,-1.0,-1
1.170795,1.170805,1.17079,1.170795,-1.0,-1.0,-1
1.170795,1.170805,1.17079,1.170805,-1.0,-1.0,-1
1.170805,1.170805,1.170775,1.170775,-1.0,-1.0,-1
1.170775,1.17078,1.170745,1.170745,-1.0,-1.0,-1
1.170745,1.170775,1.170745,1.170755,-1.0,-1.0,-1
1.170755,1.170775,1.170755,1.170775,-1.0,-1.0,-1
1.170775,1.170905,1.170775,1.170885,-1.0,-1.0,-1
1.170885,1.170885,1.170865,1.170865,-1.0,-1.0,-1
1.170865,1.170865,1.170865,1.170865,-1.0,-1.0,-1
1.170865,1.170865,1.170865,1.170865,-1.0,-1.0,-1
1.170865,1.170865,1.170865,1.170865,-1.0,-1.0,-1
1.170865,1.17094,1.170865,1.17087,-1.0,-1.0,-1
1.17087,1.170885,1.17087,1.170885,-1.0,-1.0,-1
1.170885,1.170915,1.170865,1.170885,-1.0,-1.0,-1
1.170885,1.17089,1.17088,1.170885,-1.0,-1.0,-1
1.170885,1.170925,1.17088,1.170925,-1.0,-1.0,-1
1.170925,1.170925,1.170925,1.170925,-1.0,-1.0,-1
1.170925,1.170925,1.170925,1.170925,-1.0,-1.0,-1
1.170925,1.170925,1.17087,1.17087,-1.0,-1.0,-1
1.17087,1.17087,1.17087,1.17087,-1.0,-1.0,-1
1.17087,1.17087,1.17087,1.17087,-1.0,-1.0,-1
1.17087,1.17091,1.17087,1.17091,-1.0,-1.0,-1
1.17091,1.170925,1.170905,1.170925,-1.0,-1.0,-1
1.170925,1.170935,1.1709,1.17091,-1.0,-1.0,-1
1.17091,1.170935,1.17091,1.17093,-1.0,-1.0,-1
1.17093,1.170935,1.17093,1.17093,-1.0,-1.0,-1
1.17093,1.17098,1.17093,1.17098,-1.0,-1.0,-1
1.17098,1.17098,1.17097,1.170975,-1.0,-1.0,-1
1.170975,1.17098,1.170965,1.170965,-1.0,-1.0,-1
1.170965,1.170975,1.170965,1.170965,-1.0,-1.0,-1
1.170965,1.170965,1.17096,1.17096,-1.0,-1.0,-1
1.17096,1.17096,1.17096,1.17096,-1.0,-1.0,-1
1.17096,1.17098,1.17096,1.170975,-1.0,-1.0,-1
1.170975,1.170975,1.17097,1.170975,-1.0,-1.0,-1
1.170975,1.170975,1.17095,1.170955,-1.0,-1.0,-1
1.170955,1.17098,1.170945,1.170975,-1.0,-1.0,-1
1.170975,1.17098,1.17097,1.170975,-1.0,-1.0,-1
1.170975,1.170985,1.17097,1.170985,-1.0,-1.0,-1
1.170985,1.170985,1.17096,1.170965,-1.0,-1.0,-1
1.170965,1.170965,1.170965,1.170965,-1.0,-1.0,-1
1.170965,1.17099,1.170965,1.17098,-1.0,-1.0,-1
1.17098,1.170985,1.17096,1.17096,-1.0,-1.0,-1
1.17096,1.170975,1.170955,1.170975,-1.0,-1.0,-1
1.170975,1.17099,1.17097,1.170975,-1.0,-1.0,-1
1.170975,1.17098,1.17097,1.17098,-1.0,-1.0,-1
1.17098,1.170985,1.17097,1.170985,-1.0,-1.0,-1
1.170985,1.17103,1.17097,1.171,-1.0,-1.0,-1
1.171,1.17106,1.171,1.171045,-1.0,-1.0,-1
1.171045,1.171075,1.171025,1.171045,-1.0,-1.0,-1
1.171045,1.171045,1.171015,1.171015,-1.0,-1.0,-1
1.171015,1.17102,1.170935,1.170945,-1.0,-1.0,-1
1.170945,1.17098,1.170945,1.170965,-1.0,-1.0,-1
1.170965,1.170965,1.17095,1.17095,-1.0,-1.0,-1
1.17095,1.170985,1.170935,1.170975,-1.0,-1.0,-1
1.170975,1.17098,1.17096,1.170975,-1.0,-1.0,-1
1.170975,1.170975,1.17095,1.170955,-1.0,-1.0,-1
1.170955,1.170955,1.17095,1.170955,-1.0,-1.0,-1
1.170955,1.170955,1.170955,1.170955,-1.0,-1.0,-1
1.170955,1.17096,1.170955,1.170955,-1.0,-1.0,-1
1.170955,1.170955,1.170955,1.170955,-1.0,-1.0,-1
1.170955,1.170955,1.17095,1.17095,-1.0,-1.0,-1
1.17095,1.170955,1.17095,1.17095,-1.0,-1.0,-1
1.17095,1.17095,1.170935,1.170935,-1.0,-1.0,-1
1.170935,1.17094,1.170935,1.170935,-1.0,-1.0,-1
1.170935,1.17094,1.170935,1.170935,-1.0,-1.0,-1
1.170935,1.17095,1.170935,1.170935,-1.0,-1.0,-1
1.170935,1.17095,1.170935,1.17095,-1.0,-1.0,-1
1.17095,1.17095,1.170935,1.170935,-1.0,-1.0,-1
1.170935,1.17094,1.170925,1.170925,-1.0,-1.0,-1
1.170925,1.17095,1.170925,1.170935,-1.0,-1.0,-1
1.170935,1.17095,1.170925,1.170935,-1.0,-1.0,-1
1.170935,1.17095,1.170935,1.170935,-1.0,-1.0,-1
1.170935,1.170995,1.17092,1.170995,-1.0,-1.0,-1
1.170995,1.170995,1.17097,1.170975,-1.0,-1.0,-1
1.170975,1.170985,1.17096,1.170975,-1.0,-1.0,-1
1.170975,1.170985,1.17097,1.170975,-1.0,-1.0,-1
1.170975,1.170985,1.17095,1.17095,-1.0,-1.0,-1
1.17095,1.17095,1.170935,1.170935,-1.0,-1.0,-1
1.170935,1.170945,1.170935,1.170945,-1.0,-1.0,-1
1.170945,1.170945,1.170925,1.170925,-1.0,-1.0,-1
1.170925,1.17094,1.170925,1.170935,-1.0,-1.0,-1
1.170935,1.17098,1.170925,1.17098,-1.0,-1.0,-1
1.17098,1.17099,1.170965,1.170985,-1.0,-1.0,-1
1.170985,1.17099,1.17097,1.17099,-1.0,-1.0,-1
1.17099,1.17099,1.17098,1.170985,-1.0,-1.0,-1
1.170985,1.17099,1.17095,1.17095,-1.0,-1.0,-1
1.17095,1.17095,1.17093,1.17093,-1.0,-1.0,-1
1.17093,1.171005,1.17093,1.171,-1.0,-1.0,-1
1.171,1.17104,1.171,1.171035,-1.0,-1.0,-1
1.171035,1.17104,1.17102,1.17102,-1.0,-1.0,-1
1.17102,1.171045,1.17102,1.171035,-1.0,-1.0,-1
1.171035,1.171035,1.171005,1.171015,-1.0,-1.0,-1
1.171015,1.17103,1.171015,1.171025,-1.0,-1.0,-1
1.171025,1.17103,1.171025,1.171025,-1.0,-1.0,-1
1.171025,1.171045,1.17102,1.17104,-1.0,-1.0,-1
1.17104,1.17104,1.17104,1.17104,-1.0,-1.0,-1
1.17104,1.17104,1.171035,1.17104,-1.0,-1.0,-1
1.17104,1.17107,1.17104,1.17107,-1.0,-1.0,-1
1.17107,1.17107,1.17104,1.17104,-1.0,-1.0,-1
1.17104,1.17104,1.171015,1.171025,-1.0,-1.0,-1
1.171025,1.17104,1.171015,1.171025,-1.0,-1.0,-1
1.171025,1.17105,1.171015,1.17105,-1.0,-1.0,-1
1.17105,1.17105,1.17104,1.17104,-1.0,-1.0,-1
1.17104,1.17104,1.171025,1.17104,-1.0,-1.0,-1
1.17104,1.171045,1.17104,1.17104,-1.0,-1.0,-1
1.17104,1.171045,1.17102,1.171025,-1.0,-1.0,-1
1.171025,1.17104,1.171025,1.17104,-1.0,-1.0,-1
1.17104,1.17108,1.17104,1.171075,-1.0,-1.0,-1
1.171075,1.17108,1.171075,1.17108,-1.0,-1.0,-1
1.17108,1.17111,1.17108,1.17109,-1.0,-1.0,-1
1.17109,1.17111,1.17109,1.17109,-1.0,-1.0,-1
1.17109,1.17109,1.17107,1.17107,-1.0,-1.0,-1
1.17107,1.17108,1.17107,1.171075,-1.0,-1.0,-1
1.171075,1.17108,1.17107,1.17107,-1.0,-1.0,-1
1.17107,1.171075,1.17107,1.171075,-1.0,-1.0,-1
1.171075,1.171075,1.17106,1.17107,-1.0,-1.0,-1
1.17107,1.17107,1.17104,1.17104,-1.0,-1.0,-1
1.17104,1.17109,1.17104,1.17109,-1.0,-1.0,-1
1.17109,1.17109,1.171075,1.171075,-1.0,-1.0,-1
1.171075,1.17108,1.171075,1.171075,-1.0,-1.0,-1
1.171075,1.1711,1.171075,1.17108,-1.0,-1.0,-1
1.17108,1.17108,1.17105,1.17105,-1.0,-1.0,-1
1.17105,1.17108,1.17105,1.17108,-1.0,-1.0,-1
1.17108,1.17108,1.17108,1.17108,-1.0,-1.0,-1
1.17108,1.17108,1.17107,1.17107,-1.0,-1.0,-1
1.17107,1.17109,1.17107,1.17109,-1.0,-1.0,-1
1.17109,1.17109,1.171075,1.17109,-1.0,-1.0,-1
1.17109,1.1711,1.17109,1.17109,-1.0,-1.0,-1
1.17109,1.171095,1.17109,1.171095,-1.0,-1.0,-1
1.171095,1.1711,1.171075,1.171095,-1.0,-1.0,-1
1.171095,1.1711,1.17109,1.1711,-1.0,-1.0,-1
1.1711,1.1711,1.17109,1.1711,-1.0,-1.0,-1
1.1711,1.1711,1.17109,1.17109,-1.0,-1.0,-1
1.17109,1.17109,1.17107,1.17109,-1.0,-1.0,-1
1.17109,1.17109,1.171085,1.17109,-1.0,-1.0,-1
1.17109,1.171095,1.17109,1.17109,-1.0,-1.0,-1
1.17109,1.171125,1.17109,1.17111,-1.0,-1.0,-1
1.17111,1.171125,1.17111,1.17111,-1.0,-1.0,-1
1.17111,1.171125,1.17111,1.17111,-1.0,-1.0,-1
1.17111,1.171125,1.17108,1.17109,-1.0,-1.0,-1
1.17109,1.17109,1.17106,1.171065,-1.0,-1.0,-1
1.171065,1.171145,1.17106,1.1711,-1.0,-1.0,-1
1.1711,1.171125,1.1711,1.171125,-1.0,-1.0,-1
1.171125,1.17113,1.17112,1.17112,-1.0,-1.0,-1
1.17112,1.171135,1.17112,1.171135,-1.0,-1.0,-1
1.171135,1.171135,1.171095,1.171135,-1.0,-1.0,-1
1.171135,1.17115,1.17113,1.171135,-1.0,-1.0,-1
1.171135,1.171135,1.17112,1.171135,-1.0,-1.0,-1
1.171135,1.17115,1.171135,1.171135,-1.0,-1.0,-1
1.171135,1.17115,1.171125,1.17115,-1.0,-1.0,-1
1.17115,1.171235,1.17114,1.17121,-1.0,-1.0,-1
1.17121,1.171305,1.17121,1.171265,-1.0,-1.0,-1
1.171265,1.17127,1.171225,1.17126,-1.0,-1.0,-1
1.17126,1.171285,1.17123,1.171245,-1.0,-1.0,-1
1.171245,1.171275,1.171245,1.171275,-1.0,-1.0,-1
1.171275,1.171275,1.171215,1.171215,-1.0,-1.0,-1
1.171215,1.17122,1.171195,1.171215,-1.0,-1.0,-1
1.171215,1.171215,1.171205,1.17121,-1.0,-1.0,-1
1.17121,1.17122,1.17121,1.171215,-1.0,-1.0,-1
1.171215,1.171245,1.171215,1.171235,-1.0,-1.0,-1
1.171235,1.171255,1.171215,1.171215,-1.0,-1.0,-1
1.171215,1.171215,1.17121,1.17121,-1.0,-1.0,-1
1.17121,1.17136,1.17121,1.171305,-1.0,-1.0,-1
1.171305,1.171355,1.171295,1.1713,-1.0,-1.0,-1
1.1713,1.171325,1.171295,1.17131,-1.0,-1.0,-1
1.17131,1.17133,1.17131,1.17133,-1.0,-1.0,-1
1.17133,1.17139,1.17131,1.17136,-1.0,-1.0,-1
1.17136,1.171365,1.17131,1.17131,-1.0,-1.0,-1
1.17131,1.171335,1.171305,1.171335,-1.0,-1.0,-1
1.171335,1.17139,1.171335,1.17136,-1.0,-1.0,-1
1.17136,1.171375,1.171345,1.171365,-1.0,-1.0,-1
1.171365,1.171365,1.17134,1.17134,-1.0,-1.0,-1
1.17134,1.17134,1.17131,1.171325,-1.0,-1.0,-1
1.171325,1.17133,1.17131,1.17131,-1.0,-1.0,-1
1.17131,1.17131,1.171295,1.171295,-1.0,-1.0,-1
1.171295,1.1713,1.17128,1.171295,-1.0,-1.0,-1
1.171295,1.1713,1.17128,1.17128,-1.0,-1.0,-1
1.17128,1.1713,1.17128,1.1713,-1.0,-1.0,-1
1.1713,1.17139,1.1713,1.17139,-1.0,-1.0,-1
1.17139,1.17139,1.171375,1.171375,-1.0,-1.0,-1
1.171375,1.17138,1.171335,1.17134,-1.0,-1.0,-1
1.17134,1.171345,1.171335,1.171335,-1.0,-1.0,-1
1.171335,1.17134,1.171285,1.171335,-1.0,-1.0,-1
1.171335,1.17136,1.171335,1.17134,-1.0,-1.0,-1
1.17134,1.17134,1.1713,1.1713,-1.0,-1.0,-1
1.1713,1.1713,1.17126,1.17126,-1.0,-1.0,-1
1.17126,1.17126,1.171235,1.17124,-1.0,-1.0,-1
1.17124,1.171275,1.171235,1.171265,-1.0,-1.0,-1
1.171265,1.171275,1.171185,1.171185,-1.0,-1.0,-1
1.171185,1.1712,1.17118,1.171195,-1.0,-1.0,-1
1.171195,1.1712,1.17118,1.171195,-1.0,-1.0,-1
1.171195,1.171235,1.171195,1.171235,-1.0,-1.0,-1
1.171235,1.171235,1.17123,1.171235,-1.0,-1.0,-1
1.171235,1.171235,1.171225,1.171225,-1.0,-1.0,-1
1.171225,1.171225,1.171185,1.17121,-1.0,-1.0,-1
1.17121,1.17122,1.171205,1.17122,-1.0,-1.0,-1
1.17122,1.17122,1.171215,1.171215,-1.0,-1.0,-1
1.171215,1.171225,1.17121,1.171225,-1.0,-1.0,-1
1.171225,1.171225,1.17121,1.17121,-1.0,-1.0,-1
1.17121,1.17121,1.17121,1.17121,-1.0,-1.0,-1
1.17121,1.171215,1.171175,1.171175,-1.0,-1.0,-1
1.171175,1.171175,1.171125,1.171125,-1.0,-1.0,-1
1.171125,1.171185,1.171125,1.171185,-1.0,-1.0,-1
1.171185,1.171185,1.171185,1.171185,-1.0,-1.0,-1
1.171185,1.171185,1.171185,1.171185,-1.0,-1.0,-1
1.171185,1.171185,1.171175,1.171185,-1.0,-1.0,-1
1.171185,1.171185,1.171165,1.171175,-1.0,-1.0,-1
1.171175,1.171175,1.17114,1.171145,-1.0,-1.0,-1
1.171145,1.171145,1.171125,1.17113,-1.0,-1.0,-1
1.17113,1.171185,1.17113,1.171185,-1.0,-1.0,-1
1.171185,1.171185,1.171175,1.171175,-1.0,-1.0,-1
1.171175,1.17119,1.171175,1.171185,-1.0,-1.0,-1
1.171185,1.171185,1.171185,1.171185,-1.0,-1.0,-1
1.171185,1.1712,1.171185,1.171185,-1.0,-1.0,-1
1.171185,1.1712,1.171185,1.171185,-1.0,-1.0,-1
1.171185,1.1712,1.171185,1.171185,-1.0,-1.0,-1
1.171185,1.171185,1.171185,1.171185,-1.0,-1.0,-1
1.171185,1.171185,1.17113,1.171155,-1.0,-1.0,-1
1.171155,1.17116,1.17113,1.17113,-1.0,-1.0,-1
1.17113,1.171175,1.17113,1.171175,-1.0,-1.0,-1
1.171175,1.17129,1.171175,1.17128,-1.0,-1.0,-1
1.17128,1.17129,1.171275,1.17128,-1.0,-1.0,-1
1.17128,1.1713,1.171245,1.17125,-1.0,-1.0,-1
1.17125,1.17131,1.17125,1.17131,-1.0,-1.0,-1
1.17131,1.17135,1.17131,1.171335,-1.0,-1.0,-1
1.171335,1.171335,1.171335,1.171335,-1.0,-1.0,-1
1.171335,1.17135,1.171335,1.171335,-1.0,-1.0,-1
1.171335,1.171345,1.171335,1.17134,-1.0,-1.0,-1
1.17134,1.17134,1.171335,1.17134,-1.0,-1.0,-1
1.17134,1.17134,1.171305,1.17133,-1.0,-1.0,-1
1.17133,1.17134,1.171325,1.17133,-1.0,-1.0,-1
1.17133,1.17134,1.17132,1.17133,-1.0,-1.0,-1
1.17133,1.171335,1.17132,1.17133,-1.0,-1.0,-1
1.17133,1.171345,1.17132,1.17134,-1.0,-1.0,-1
1.17134,1.17134,1.171295,1.17133,-1.0,-1.0,-1
1.17133,1.171335,1.17132,1.17132,-1.0,-1.0,-1
1.17132,1.17133,1.17132,1.17133,-1.0,-1.0,-1
1.17133,1.171335,1.17131,1.17133,-1.0,-1.0,-1
1.17133,1.171335,1.17132,1.171325,-1.0,-1.0,-1
1.171325,1.171335,1.17132,1.171335,-1.0,-1.0,-1
1.171335,1.171335,1.171285,1.1713,-1.0,-1.0,-1
1.1713,1.1713,1.171285,1.171295,-1.0,-1.0,-1
1.171295,1.171295,1.171285,1.171295,-1.0,-1.0,-1
1.171295,1.171295,1.171285,1.171295,-1.0,-1.0,-1
1.171295,1.171295,1.171285,1.171285,-1.0,-1.0,-1
1.171285,1.171295,1.171285,1.171295,-1.0,-1.0,-1
1.171295,1.1713,1.171285,1.171285,-1.0,-1.0,-1
1.171285,1.171295,1.171285,1.171295,-1.0,-1.0,-1
1.171295,1.171295,1.171225,1.171225,-1.0,-1.0,-1
1.171225,1.171225,1.171225,1.171225,-1.0,-1.0,-1
1.171225,1.171225,1.17121,1.17121,-1.0,-1.0,-1
1.17121,1.171225,1.17121,1.171225,-1.0,-1.0,-1
1.171225,1.171235,1.17121,1.17121,-1.0,-1.0,-1
1.17121,1.171235,1.17121,1.171235,-1.0,-1.0,-1
1.171235,1.171235,1.171225,1.171225,-1.0,-1.0,-1
1.171225,1.171235,1.171225,1.171225,-1.0,-1.0,-1
1.171225,1.17133,1.171225,1.17131,-1.0,-1.0,-1
1.17131,1.17131,1.171265,1.171265,-1.0,-1.0,-1
1.171265,1.171265,1.171245,1.171245,-1.0,-1.0,-1
1.171245,1.171245,1.17123,1.17124,-1.0,-1.0,-1
1.17124,1.17124,1.17119,1.17119,-1.0,-1.0,-1
1.17119,1.17119,1.171145,1.171165,-1.0,-1.0,-1
1.171165,1.171175,1.17114,1.171145,-1.0,-1.0,-1
1.171145,1.171145,1.1711,1.17111,-1.0,-1.0,-1
1.17111,1.171115,1.171055,1.17108,-1.0,-1.0,-1
1.17108,1.17108,1.17105,1.171055,-1.0,-1.0,-1
1.171055,1.171055,1.17104,1.17104,-1.0,-1.0,-1
1.17104,1.171045,1.17104,1.171045,-1.0,-1.0,-1
1.171045,1.171045,1.170995,1.170995,-1.0,-1.0,-1
1.170995,1.170995,1.17092,1.17093,-1.0,-1.0,-1
1.17093,1.170945,1.170915,1.170935,-1.0,-1.0,-1
1.170935,1.17094,1.17093,1.170935,-1.0,-1.0,-1
1.170935,1.170955,1.17093,1.170945,-1.0,-1.0,-1
1.170945,1.170955,1.170935,1.170935,-1.0,-1.0,-1
1.170935,1.17094,1.170925,1.170925,-1.0,-1.0,-1
1.170925,1.17095,1.170925,1.170945,-1.0,-1.0,-1
1.170945,1.17095,1.170925,1.17093,-1.0,-1.0,-1
1.17093,1.17094,1.170925,1.170935,-1.0,-1.0,-1
1.170935,1.17103,1.170935,1.171025,-1.0,-1.0,-1
1.171025,1.17103,1.171005,1.171005,-1.0,-1.0,-1
1.171005,1.171005,1.17097,1.170985,-1.0,-1.0,-1
1.170985,1.170985,1.17097,1.170975,-1.0,-1.0,-1
1.170975,1.170985,1.17097,1.170985,-1.0,-1.0,-1
1.170985,1.170985,1.17097,1.170985,-1.0,-1.0,-1
1.170985,1.170985,1.170985,1.170985,-1.0,-1.0,-1
1.170985,1.17104,1.170985,1.171025,-1.0,-1.0,-1
1.171025,1.17103,1.171005,1.171015,-1.0,-1.0,-1
1.171015,1.17104,1.171015,1.17104,-1.0,-1.0,-1
1.17104,1.17104,1.171025,1.171025,-1.0,-1.0,-1
1.171025,1.17104,1.170985,1.170995,-1.0,-1.0,-1
1.170995,1.170995,1.170985,1.170985,-1.0,-1.0,-1
1.170985,1.170985,1.170955,1.17096,-1.0,-1.0,-1
1.17096,1.17096,1.17095,1.17095,-1.0,-1.0,-1
1.17095,1.17095,1.170935,1.17095,-1.0,-1.0,-1
1.17095,1.170955,1.17095,1.17095,-1.0,-1.0,-1
1.17095,1.170955,1.17095,1.170955,-1.0,-1.0,-1
1.170955,1.17096,1.170955,1.17096,-1.0,-1.0,-1
1.17096,1.17096,1.17095,1.17095,-1.0,-1.0,-1
1.17095,1.17095,1.17087,1.170885,-1.0,-1.0,-1
1.170885,1.17094,1.17088,1.170915,-1.0,-1.0,-1
1.170915,1.170915,1.17088,1.170895,-1.0,-1.0,-1
1.170895,1.17091,1.170895,1.17091,-1.0,-1.0,-1
1.17091,1.17095,1.17091,1.170925,-1.0,-1.0,-1
1.170925,1.170925,1.17088,1.170885,-1.0,-1.0,-1
1.170885,1.170895,1.17088,1.170895,-1.0,-1.0,-1
1.170895,1.170925,1.170895,1.170925,-1.0,-1.0,-1
1.170925,1.17094,1.170925,1.170935,-1.0,-1.0,-1
1.170935,1.17095,1.170935,1.17095,-1.0,-1.0,-1
1.17095,1.17095,1.17095,1.17095,-1.0,-1.0,-1
1.17095,1.17095,1.170935,1.17095,-1.0,-1.0,-1
1.17095,1.170955,1.17095,1.170955,-1.0,-1.0,-1
1.170955,1.170955,1.170935,1.170935,-1.0,-1.0,-1
1.170935,1.17095,1.170935,1.17095,-1.0,-1.0,-1
1.17095,1.17095,1.17091,1.17091,-1.0,-1.0,-1
1.17091,1.17091,1.170895,1.170895,-1.0,-1.0,-1
1.170895,1.170905,1.170895,1.1709,-1.0,-1.0,-1
1.1709,1.170935,1.1709,1.170925,-1.0,-1.0,-1
1.170925,1.17095,1.17092,1.17095,-1.0,-1.0,-1
1.17095,1.17095,1.170945,1.17095,-1.0,-1.0,-1
1.17095,1.17095,1.17095,1.17095,-1.0,-1.0,-1
1.17095,1.17102,1.17095,1.171015,-1.0,-1.0,-1
1.171015,1.17103,1.171005,1.171015,-1.0,-1.0,-1
1.171015,1.17102,1.17095,1.17095,-1.0,-1.0,-1
1.17095,1.170975,1.17095,1.170975,-1.0,-1.0,-1
1.170975,1.170985,1.17097,1.170975,-1.0,-1.0,-1
1.170975,1.170985,1.17097,1.17098,-1.0,-1.0,-1
1.17098,1.170985,1.17096,1.17096,-1.0,-1.0,-1
1.17096,1.17096,1.17096,1.17096,-1.0,-1.0,-1
1.17096,1.170975,1.17096,1.170975,-1.0,-1.0,-1
1.170975,1.170985,1.17097,1.170975,-1.0,-1.0,-1
1.170975,1.170975,1.17097,1.170975,-1.0,-1.0,-1
1.170975,1.17098,1.170955,1.17096,-1.0,-1.0,-1
1.17096,1.17096,1.17096,1.17096,-1.0,-1.0,-1
1.17096,1.17096,1.17096,1.17096,-1.0,-1.0,-1
1.17096,1.170985,1.17096,1.170975,-1.0,-1.0,-1
1.170975,1.170975,1.170935,1.170945,-1.0,-1.0,-1
1.170945,1.17096,1.170945,1.17096,-1.0,-1.0,-1
1.17096,1.17096,1.170955,1.17096,-1.0,-1.0,-1
1.17096,1.170985,1.17095,1.170985,-1.0,-1.0,-1
1.170985,1.170985,1.17095,1.170955,-1.0,-1.0,-1
1.170955,1.17096,1.170945,1.170955,-1.0,-1.0,-1
1.170955,1.17096,1.17095,1.170955,-1.0,-1.0,-1
1.170955,1.170955,1.17095,1.170955,-1.0,-1.0,-1
1.170955,1.17103,1.170935,1.171025,-1.0,-1.0,-1
1.171025,1.171055,1.171025,1.171055,-1.0,-1.0,-1
1.171055,1.171085,1.17105,1.171075,-1.0,-1.0,-1
1.171075,1.171085,1.171075,1.171085,-1.0,-1.0,-1
1.171085,1.171095,1.171085,1.171095,-1.0,-1.0,-1
1.171095,1.17111,1.17106,1.171065,-1.0,-1.0,-1
1.171065,1.171095,1.17104,1.171045,-1.0,-1.0,-1
1.171045,1.171065,1.171045,1.171055,-1.0,-1.0,-1
1.171055,1.171055,1.17104,1.17104,-1.0,-1.0,-1
1.17104,1.17104,1.171025,1.17104,-1.0,-1.0,-1
1.17104,1.17104,1.171025,1.17104,-1.0,-1.0,-1
1.17104,1.17104,1.17104,1.17104,-1.0,-1.0,-1
1.17104,1.17104,1.171005,1.171015,-1.0,-1.0,-1
1.171015,1.17104,1.171005,1.171015,-1.0,-1.0,-1
1.171015,1.17102,1.170985,1.170985,-1.0,-1.0,-1
1.170985,1.170985,1.170985,1.170985,-1.0,-1.0,-1
1.170985,1.170985,1.17096,1.17096,-1.0,-1.0,-1
1.17096,1.17096,1.170955,1.170955,-1.0,-1.0,-1
1.170955,1.170955,1.17095,1.17095,-1.0,-1.0,-1
1.17095,1.170955,1.17095,1.170955,-1.0,-1.0,-1
1.170955,1.170975,1.170955,1.170975,-1.0,-1.0,-1
1.170975,1.170985,1.17097,1.170985,-1.0,-1.0,-1
1.170985,1.170995,1.170985,1.170985,-1.0,-1.0,-1
1.170985,1.170985,1.170985,1.170985,-1.0,-1.0,-1
1.170985,1.170985,1.17097,1.170975,-1.0,-1.0,-1
1.170975,1.170985,1.170965,1.170985,-1.0,-1.0,-1
1.170985,1.170985,1.17097,1.170985,-1.0,-1.0,-1
1.170985,1.17104,1.170985,1.171025,-1.0,-1.0,-1
1.171025,1.17104,1.171025,1.17104,-1.0,-1.0,-1
1.17104,1.17107,1.171035,1.171055,-1.0,-1.0,-1
1.171055,1.171075,1.17105,1.17106,-1.0,-1.0,-1
1.17106,1.171065,1.17105,1.171065,-1.0,-1.0,-1
1.171065,1.171065,1.171045,1.171045,-1.0,-1.0,-1
1.171045,1.171045,1.171035,1.17104,-1.0,-1.0,-1
1.17104,1.171045,1.17101,1.17101,-1.0,-1.0,-1
1.17101,1.17102,1.171005,1.171015,-1.0,-1.0,-1
1.171015,1.17102,1.171015,1.171015,-1.0,-1.0,-1
1.171015,1.17102,1.171005,1.171005,-1.0,-1.0,-1
1.171005,1.171005,1.171005,1.171005,-1.0,-1.0,-1
1.171005,1.171005,1.170985,1.170985,-1.0,-1.0,-1
1.170985,1.171,1.17098,1.17098,-1.0,-1.0,-1
1.17098,1.17099,1.17092,1.17092,-1.0,-1.0,-1
1.17092,1.170935,1.17092,1.17093,-1.0,-1.0,-1
1.17093,1.170935,1.17093,1.17093,-1.0,-1.0,-1
1.17093,1.170945,1.17093,1.170945,-1.0,-1.0,-1
1.170945,1.171,1.170945,1.171,-1.0,-1.0,-1
1.171,1.17101,1.170985,1.17099,-1.0,-1.0,-1
1.17099,1.17099,1.17099,1.17099,-1.0,-1.0,-1
1.17099,1.171,1.17098,1.17098,-1.0,-1.0,-1
1.17098,1.171,1.17098,1.17099,-1.0,-1.0,-1
1.17099,1.17099,1.17099,1.17099,-1.0,-1.0,-1
1.17099,1.17099,1.17099,1.17099,-1.0,-1.0,-1
1.17099,1.17099,1.170985,1.17099,-1.0,-1.0,-1
1.17099,1.17099,1.170945,1.170945,-1.0,-1.0,-1
1.170945,1.170945,1.17093,1.17093,-1.0,-1.0,-1
1.17093,1.17095,1.17093,1.170945,-1.0,-1.0,-1
1.170945,1.170945,1.170945,1.170945,-1.0,-1.0,-1
1.170945,1.170955,1.170945,1.170955,-1.0,-1.0,-1
1.170955,1.17096,1.170955,1.17096,-1.0,-1.0,-1
1.17096,1.170975,1.17096,1.17096,-1.0,-1.0,-1
1.17096,1.17096,1.170945,1.170945,-1.0,-1.0,-1
1.170945,1.170945,1.170945,1.170945,-1.0,-1.0,-1
1.170945,1.170945,1.170935,1.170935,-1.0,-1.0,-1
1.170935,1.17095,1.170935,1.170945,-1.0,-1.0,-1
1.170945,1.17095,1.170945,1.17095,-1.0,-1.0,-1
1.17095,1.17095,1.170935,1.17095,-1.0,-1.0,-1
1.17095,1.17095,1.170945,1.170945,-1.0,-1.0,-1
1.170945,1.170945,1.170935,1.170935,-1.0,-1.0,-1
1.170935,1.17095,1.17093,1.17095,-1.0,-1.0,-1
1.17095,1.17095,1.170945,1.170945,-1.0,-1.0,-1
1.170945,1.170945,1.170945,1.170945,-1.0,-1.0,-1
1.170945,1.17095,1.170945,1.170945,-1.0,-1.0,-1
1.170945,1.170995,1.170945,1.17099,-1.0,-1.0,-1
1.17099,1.17104,1.17099,1.17104,-1.0,-1.0,-1
1.17104,1.17104,1.171015,1.171015,-1.0,-1.0,-1
1.171015,1.17104,1.171015,1.17104,-1.0,-1.0,-1
1.17104,1.17104,1.171025,1.171025,-1.0,-1.0,-1
1.171025,1.17103,1.171025,1.171025,-1.0,-1.0,-1
1.171025,1.171125,1.171025,1.171115,-1.0,-1.0,-1
1.171115,1.17112,1.17108,1.171085,-1.0,-1.0,-1
1.171085,1.171085,1.171075,1.171085,-1.0,-1.0,-1
1.171085,1.171085,1.171085,1.171085,-1.0,-1.0,-1
1.171085,1.171085,1.171085,1.171085,-1.0,-1.0,-1
1.171085,1.171085,1.171085,1.171085,-1.0,-1.0,-1
1.171085,1.171125,1.171085,1.171115,-1.0,-1.0,-1
1.171115,1.171125,1.171085,1.171085,-1.0,-1.0,-1
1.171085,1.171095,1.171085,1.17109,-1.0,-1.0,-1
1.17109,1.17112,1.17109,1.17109,-1.0,-1.0,-1
1.17109,1.17109,1.171085,1.171085,-1.0,-1.0,-1
1.171085,1.17109,1.171085,1.17109,-1.0,-1.0,-1
1.17109,1.17113,1.171085,1.17113,-1.0,-1.0,-1
1.17113,1.17113,1.171125,1.17113,-1.0,-1.0,-1
1.17113,1.17113,1.171115,1.171115,-1.0,-1.0,-1
1.171115,1.17113,1.1711,1.1711,-1.0,-1.0,-1
1.1711,1.171115,1.1711,1.1711,-1.0,-1.0,-1
1.1711,1.171115,1.17109,1.17109,-1.0,-1.0,-1
1.17109,1.17109,1.17106,1.17109,-1.0,-1.0,-1
1.17109,1.1711,1.171075,1.171075,-1.0,-1.0,-1
1.171075,1.171075,1.171045,1.171065,-1.0,-1.0,-1
1.171065,1.171065,1.171055,1.17106,-1.0,-1.0,-1
1.17106,1.1711,1.171055,1.1711,-1.0,-1.0,-1
1.1711,1.1711,1.17106,1.171065,-1.0,-1.0,-1
1.171065,1.171065,1.171035,1.171035,-1.0,-1.0,-1
1.171035,1.17104,1.171025,1.171025,-1.0,-1.0,-1
1.171025,1.17103,1.171015,1.171015,-1.0,-1.0,-1
1.171015,1.17104,1.171015,1.17104,-1.0,-1.0,-1
1.17104,1.17104,1.17104,1.17104,-1.0,-1.0,-1
1.17104,1.171045,1.171025,1.171045,-1.0,-1.0,-1
1.171045,1.171045,1.171045,1.171045,-1.0,-1.0,-1
1.171045,1.171045,1.171045,1.171045,-1.0,-1.0,-1
1.171045,1.171055,1.17104,1.171045,-1.0,-1.0,-1
1.171045,1.171065,1.171045,1.171065,-1.0,-1.0,-1
1.171065,1.171065,1.17106,1.171065,-1.0,-1.0,-1
1.171065,1.171065,1.17106,1.171065,-1.0,-1.0,-1
1.171065,1.171065,1.17105,1.171065,-1.0,-1.0,-1
1.171065,1.171065,1.17105,1.171065,-1.0,-1.0,-1
1.171065,1.171125,1.17105,1.171125,-1.0,-1.0,-1
1.171125,1.171125,1.171125,1.171125,-1.0,-1.0,-1
1.171125,1.17113,1.171105,1.17113,-1.0,-1.0,-1
1.17113,1.17113,1.171115,1.171115,-1.0,-1.0,-1
1.171115,1.17112,1.17111,1.171115,-1.0,-1.0,-1
1.171115,1.17112,1.171115,1.171115,-1.0,-1.0,-1
1.171115,1.17112,1.171115,1.171115,-1.0,-1.0,-1
1.171115,1.17113,1.171105,1.17111,-1.0,-1.0,-1
1.17111,1.17112,1.17111,1.171115,-1.0,-1.0,-1
1.171115,1.17112,1.17111,1.171115,-1.0,-1.0,-1
1.171115,1.17112,1.171085,1.171085,-1.0,-1.0,-1
1.171085,1.17111,1.171085,1.171105,-1.0,-1.0,-1
1.171105,1.171115,1.171105,1.17111,-1.0,-1.0,-1
1.17111,1.171125,1.171095,1.17111,-1.0,-1.0,-1
1.17111,1.17113,1.171105,1.171105,-1.0,-1.0,-1
1.171105,1.171115,1.171095,1.171095,-1.0,-1.0,-1
1.171095,1.171095,1.171085,1.171085,-1.0,-1.0,-1
1.171085,1.171125,1.171085,1.171125,-1.0,-1.0,-1
1.171125,1.171125,1.17111,1.171115,-1.0,-1.0,-1
1.171115,1.171135,1.171115,1.17113,-1.0,-1.0,-1
1.17113,1.17113,1.171125,1.171125,-1.0,-1.0,-1
1.171125,1.171125,1.171125,1.171125,-1.0,-1.0,-1
1.171125,1.17113,1.171125,1.17113,-1.0,-1.0,-1
1.17113,1.17113,1.171125,1.171125,-1.0,-1.0,-1
1.171125,1.171125,1.171125,1.171125,-1.0,-1.0,-1
1.171125,1.171125,1.171115,1.171115,-1.0,-1.0,-1
1.171115,1.171125,1.171095,1.171095,-1.0,-1.0,-1
1.171095,1.171095,1.17107,1.17107,-1.0,-1.0,-1
1.17107,1.171075,1.17106,1.171075,-1.0,-1.0,-1
1.171075,1.171115,1.171075,1.171095,-1.0,-1.0,-1
1.171095,1.17111,1.171095,1.171095,-1.0,-1.0,-1
1.171095,1.171095,1.171095,1.171095,-1.0,-1.0,-1
1.171095,1.171095,1.171085,1.171085,-1.0,-1.0,-1
1.171085,1.171115,1.171085,1.17109,-1.0,-1.0,-1
1.17109,1.17109,1.17109,1.17109,-1.0,-1.0,-1
1.17109,1.17109,1.171085,1.17109,-1.0,-1.0,-1
1.17109,1.17109,1.17109,1.17109,-1.0,-1.0,-1
1.17109,1.171115,1.17108,1.171105,-1.0,-1.0,-1
1.171105,1.17112,1.171105,1.171115,-1.0,-1.0,-1
1.171115,1.17112,1.171115,1.171115,-1.0,-1.0,-1
1.171115,1.17113,1.171095,1.171105,-1.0,-1.0,-1
1.171105,1.171115,1.171105,1.17111,-1.0,-1.0,-1
1.17111,1.17112,1.171105,1.17112,-1.0,-1.0,-1
1.17112,1.17112,1.171085,1.17109,-1.0,-1.0,-1
1.17109,1.171095,1.171085,1.171095,-1.0,-1.0,-1
1.171095,1.171115,1.171095,1.171095,-1.0,-1.0,-1
1.171095,1.17112,1.17109,1.17111,-1.0,-1.0,-1
1.17111,1.171165,1.17111,1.17116,-1.0,-1.0,-1
1.17116,1.17117,1.17116,1.17116,-1.0,-1.0,-1
1.17116,1.171165,1.171145,1.171165,-1.0,-1.0,-1
1.171165,1.17117,1.17116,1.171165,-1.0,-1.0,-1
1.171165,1.17118,1.17116,1.17116,-1.0,-1.0,-1
1.17116,1.171175,1.17114,1.171155,-1.0,-1.0,-1
1.171155,1.171205,1.17115,1.171205,-1.0,-1.0,-1
1.171205,1.171205,1.171165,1.171165,-1.0,-1.0,-1
1.171165,1.171165,1.171165,1.171165,-1.0,-1.0,-1
1.171165,1.171175,1.17113,1.171135,-1.0,-1.0,-1
1.171135,1.171145,1.17111,1.17111,-1.0,-1.0,-1
1.17111,1.17116,1.17111,1.171145,-1.0,-1.0,-1
1.171145,1.171145,1.171115,1.171115,-1.0,-1.0,-1
1.171115,1.17112,1.171115,1.171115,-1.0,-1.0,-1
1.171115,1.17112,1.171115,1.171115,-1.0,-1.0,-1
1.171115,1.17112,1.171055,1.17107,-1.0,-1.0,-1
1.17107,1.17107,1.171015,1.17104,-1.0,-1.0,-1
1.17104,1.17104,1.171035,1.17104,-1.0,-1.0,-1
1.17104,1.171045,1.17104,1.171045,-1.0,-1.0,-1
1.171045,1.171045,1.171025,1.17104,-1.0,-1.0,-1
1.17104,1.171045,1.171005,1.17104,-1.0,-1.0,-1
1.17104,1.17104,1.171025,1.17104,-1.0,-1.0,-1
1.17104,1.17113,1.17104,1.17113,-1.0,-1.0,-1
1.17113,1.171175,1.171125,1.17117,-1.0,-1.0,-1
1.17117,1.171175,1.17112,1.17112,-1.0,-1.0,-1
1.17112,1.171125,1.17112,1.17112,-1.0,-1.0,-1
1.17112,1.17113,1.171115,1.17112,-1.0,-1.0,-1
1.17112,1.171135,1.17112,1.171135,-1.0,-1.0,-1
1.171135,1.171135,1.171135,1.171135,-1.0,-1.0,-1
1.171135,1.171135,1.17113,1.171135,-1.0,-1.0,-1
1.171135,1.171135,1.171135,1.171135,-1.0,-1.0,-1
1.171135,1.17117,1.171135,1.17117,-1.0,-1.0,-1
1.17117,1.17117,1.17117,1.17117,-1.0,-1.0,-1
1.17117,1.17118,1.171165,1.17117,-1.0,-1.0,-1
1.17117,1.17117,1.1711,1.17113,-1.0,-1.0,-1
1.17113,1.17119,1.17113,1.171185,-1.0,-1.0,-1
1.171185,1.17119,1.171185,1.171185,-1.0,-1.0,-1
1.171185,1.1712,1.171185,1.17119,-1.0,-1.0,-1
1.17119,1.17121,1.171185,1.17119,-1.0,-1.0,-1
1.17119,1.1712,1.17116,1.171185,-1.0,-1.0,-1
1.171185,1.171185,1.171185,1.171185,-1.0,-1.0,-1
1.171185,1.17122,1.171185,1.171215,-1.0,-1.0,-1
1.171215,1.17122,1.171195,1.171215,-1.0,-1.0,-1
1.171215,1.17123,1.171215,1.171225,-1.0,-1.0,-1
1.171225,1.171225,1.17122,1.17122,-1.0,-1.0,-1
1.17122,1.171225,1.17122,1.17122,-1.0,-1.0,-1
1.17122,1.17123,1.17122,1.17123,-1.0,-1.0,-1
1.17123,1.17124,1.171215,1.17122,-1.0,-1.0,-1
1.17122,1.17122,1.17121,1.17121,-1.0,-1.0,-1
1.17121,1.17122,1.17118,1.17119,-1.0,-1.0,-1
1.17119,1.17119,1.17119,1.17119,-1.0,-1.0,-1
1.17119,1.17119,1.17116,1.17116,-1.0,-1.0,-1
1.17116,1.171165,1.17116,1.171165,-1.0,-1.0,-1
1.171165,1.17117,1.171135,1.171135,-1.0,-1.0,-1
1.171135,1.17114,1.171135,1.17114,-1.0,-1.0,-1
1.17114,1.17114,1.171135,1.17114,-1.0,-1.0,-1
1.17114,1.17114,1.171135,1.171135,-1.0,-1.0,-1
1.171135,1.171135,1.17109,1.171105,-1.0,-1.0,-1
1.171105,1.171115,1.171105,1.17111,-1.0,-1.0,-1
1.17111,1.171115,1.171105,1.17111,-1.0,-1.0,-1
1.17111,1.17112,1.1711,1.171115,-1.0,-1.0,-1
1.171115,1.17112,1.171115,1.171115,-1.0,-1.0,-1
1.171115,1.17112,1.171095,1.171095,-1.0,-1.0,-1
1.171095,1.171095,1.171095,1.171095,-1.0,-1.0,-1
1.171095,1.171095,1.17109,1.17109,-1.0,-1.0,-1
1.17109,1.17111,1.17108,1.171095,-1.0,-1.0,-1
1.171095,1.171095,1.17109,1.17109,-1.0,-1.0,-1
1.17109,1.17111,1.171085,1.17109,-1.0,-1.0,-1
1.17109,1.17109,1.171085,1.17109,-1.0,-1.0,-1
1.17109,1.171095,1.17109,1.171095,-1.0,-1.0,-1
1.171095,1.1711,1.171095,1.1711,-1.0,-1.0,-1
1.1711,1.1711,1.17109,1.17109,-1.0,-1.0,-1
1.17109,1.17109,1.17105,1.171055,-1.0,-1.0,-1
1.171055,1.17106,1.17105,1.17105,-1.0,-1.0,-1
1.17105,1.17107,1.17105,1.171065,-1.0,-1.0,-1
1.171065,1.17107,1.171045,1.17107,-1.0,-1.0,-1
1.17107,1.17107,1.17102,1.17104,-1.0,-1.0,-1
1.17104,1.17104,1.17101,1.171015,-1.0,-1.0,-1
1.171015,1.17102,1.170995,1.170995,-1.0,-1.0,-1
1.170995,1.171025,1.170995,1.171015,-1.0,-1.0,-1
1.171015,1.17102,1.17101,1.171015,-1.0,-1.0,-1
1.171015,1.17102,1.17101,1.17101,-1.0,-1.0,-1
1.17101,1.17103,1.171005,1.171005,-1.0,-1.0,-1
1.171005,1.171005,1.170955,1.170965,-1.0,-1.0,-1
1.170965,1.171005,1.170965,1.170985,-1.0,-1.0,-1
1.170985,1.171005,1.170985,1.170995,-1.0,-1.0,-1
1.170995,1.171005,1.170995,1.170995,-1.0,-1.0,-1
1.170995,1.170995,1.17098,1.170985,-1.0,-1.0,-1
1.170985,1.170985,1.17097,1.170985,-1.0,-1.0,-1
1.170985,1.170985,1.17093,1.17093,-1.0,-1.0,-1
1.17093,1.17094,1.17093,1.170935,-1.0,-1.0,-1
1.170935,1.17094,1.170935,1.170935,-1.0,-1.0,-1
1.170935,1.17094,1.17093,1.170935,-1.0,-1.0,-1
1.170935,1.17094,1.170915,1.170935,-1.0,-1.0,-1
1.170935,1.17102,1.170935,1.171015,-1.0,-1.0,-1
1.171015,1.17104,1.171015,1.171015,-1.0,-1.0,-1
1.171015,1.171065,1.171015,1.171065,-1.0,-1.0,-1
1.171065,1.17109,1.17106,1.17109,-1.0,-1.0,-1
1.17109,1.17109,1.171085,1.171085,-1.0,-1.0,-1
1.171085,1.17109,1.171085,1.17109,-1.0,-1.0,-1
1.17109,1.17109,1.17109,1.17109,-1.0,-1.0,-1
1.17109,1.17109,1.171055,1.171085,-1.0,-1.0,-1
1.171085,1.17111,1.171085,1.17109,-1.0,-1.0,-1
1.17109,1.171095,1.171085,1.171085,-1.0,-1.0,-1
1.171085,1.171085,1.17107,1.171075,-1.0,-1.0,-1
1.171075,1.171075,1.171045,1.171045,-1.0,-1.0,-1
1.171045,1.171045,1.171045,1.171045,-1.0,-1.0,-1
1.171045,1.17105,1.171045,1.17105,-1.0,-1.0,-1
1.17105,1.17105,1.17105,1.17105,-1.0,-1.0,-1
1.17105,1.171085,1.17105,1.171085,-1.0,-1.0,-1
1.171085,1.171085,1.171085,1.171085,-1.0,-1.0,-1
1.171085,1.171085,1.171085,1.171085,-1.0,-1.0,-1
1.171085,1.171085,1.171085,1.171085,-1.0,-1.0,-1
1.171085,1.171095,1.171085,1.171095,-1.0,-1.0,-1
1.171095,1.171095,1.171085,1.171085,-1.0,-1.0,-1
1.171085,1.171085,1.171085,1.171085,-1.0,-1.0,-1
1.171085,1.17115,1.171085,1.171145,-1.0,-1.0,-1
1.171145,1.171145,1.17114,1.171145,-1.0,-1.0,-1
1.171145,1.17115,1.17114,1.171145,-1.0,-1.0,-1
1.171145,1.171145,1.17114,1.171145,-1.0,-1.0,-1
1.171145,1.171145,1.17114,1.171145,-1.0,-1.0,-1
1.171145,1.171145,1.17113,1.17113,-1.0,-1.0,-1
1.17113,1.17113,1.17112,1.17113,-1.0,-1.0,-1
1.17113,1.17113,1.17113,1.17113,-1.0,-1.0,-1
1.17113,1.171135,1.17113,1.171135,-1.0,-1.0,-1
1.171135,1.17117,1.171135,1.17117,-1.0,-1.0,-1
1.17117,1.17117,1.171165,1.17117,-1.0,-1.0,-1
1.17117,1.171175,1.171165,1.171175,-1.0,-1.0,-1
1.171175,1.171175,1.171175,1.171175,-1.0,-1.0,-1
1.171175,1.171175,1.17115,1.17117,-1.0,-1.0,-1
1.17117,1.171175,1.17117,1.171175,-1.0,-1.0,-1
1.171175,1.171315,1.171175,1.171295,-1.0,-1.0,-1
1.171295,1.171305,1.17126,1.171295,-1.0,-1.0,-1
1.171295,1.171295,1.171035,1.171115,-1.0,-1.0,-1
1.171115,1.17112,1.171035,1.17107,-1.0,-1.0,-1
1.17107,1.17112,1.171055,1.17112,-1.0,-1.0,-1
1.17112,1.17113,1.171045,1.171045,-1.0,-1.0,-1
1.171045,1.1711,1.171045,1.171095,-1.0,-1.0,-1
1.171095,1.1711,1.171075,1.171095,-1.0,-1.0,-1
1.171095,1.171135,1.17109,1.171135,-1.0,-1.0,-1
1.171135,1.17116,1.171135,1.17115,-1.0,-1.0,-1
1.17115,1.17115,1.17114,1.17115,-1.0,-1.0,-1
1.17115,1.17115,1.17109,1.171095,-1.0,-1.0,-1
1.171095,1.171095,1.17109,1.171095,-1.0,-1.0,-1
1.171095,1.1711,1.171095,1.171095,-1.0,-1.0,-1
1.171095,1.171175,1.17109,1.17117,-1.0,-1.0,-1
1.17117,1.17117,1.17117,1.17117,-1.0,-1.0,-1
1.17117,1.17119,1.17117,1.17119,-1.0,-1.0,-1
1.17119,1.17119,1.17118,1.17118,-1.0,-1.0,-1
1.17118,1.17118,1.171165,1.171165,-1.0,-1.0,-1
1.171165,1.171165,1.171135,1.17115,-1.0,-1.0,-1
1.17115,1.17117,1.171145,1.171165,-1.0,-1.0,-1
1.171165,1.17117,1.171165,1.17117,-1.0,-1.0,-1
1.17117,1.17117,1.17115,1.171155,-1.0,-1.0,-1
1.171155,1.171155,1.17112,1.17112,-1.0,-1.0,-1
1.17112,1.17112,1.17108,1.17109,-1.0,-1.0,-1
1.17109,1.1711,1.171085,1.171095,-1.0,-1.0,-1
1.171095,1.1711,1.171095,1.171095,-1.0,-1.0,-1
1.171095,1.1711,1.17109,1.17109,-1.0,-1.0,-1
1.17109,1.171095,1.17109,1.171095,-1.0,-1.0,-1
1.171095,1.17114,1.171095,1.171135,-1.0,-1.0,-1
1.171135,1.171175,1.171135,1.171175,-1.0,-1.0,-1
1.171175,1.171175,1.171125,1.17113,-1.0,-1.0,-1
1.17113,1.171175,1.17113,1.171175,-1.0,-1.0,-1
1.171175,1.17118,1.17117,1.17117,-1.0,-1.0,-1
1.17117,1.17121,1.17117,1.1712,-1.0,-1.0,-1
1.1712,1.1712,1.17119,1.17119,-1.0,-1.0,-1
1.17119,1.17119,1.171165,1.17117,-1.0,-1.0,-1
1.17117,1.17117,1.17114,1.17114,-1.0,-1.0,-1
1.17114,1.17118,1.17114,1.17118,-1.0,-1.0,-1
1.17118,1.17118,1.17116,1.17117,-1.0,-1.0,-1
1.17117,1.17118,1.171165,1.17118,-1.0,-1.0,-1
1.17118,1.17118,1.17117,1.17117,-1.0,-1.0,-1
1.17117,1.17117,1.17117,1.17117,-1.0,-1.0,-1
1.17117,1.1712,1.17117,1.1712,-1.0,-1.0,-1
1.1712,1.1712,1.17118,1.17118,-1.0,-1.0,-1
1.17118,1.17118,1.17118,1.17118,-1.0,-1.0,-1
1.17118,1.17119,1.17118,1.17118,-1.0,-1.0,-1
1.17118,1.17119,1.17118,1.171185,-1.0,-1.0,-1
1.171185,1.171185,1.17113,1.17113,-1.0,-1.0,-1
1.17113,1.171135,1.17113,1.171135,-1.0,-1.0,-1
1.171135,1.171135,1.171135,1.171135,-1.0,-1.0,-1
1.171135,1.171135,1.171135,1.171135,-1.0,-1.0,-1
1.171135,1.17117,1.171135,1.17117,-1.0,-1.0,-1
1.17117,1.17117,1.171165,1.17117,-1.0,-1.0,-1
1.17117,1.171175,1.17116,1.17116,-1.0,-1.0,-1
1.17116,1.17121,1.17116,1.171205,-1.0,-1.0,-1
1.171205,1.17121,1.171195,1.17121,-1.0,-1.0,-1
1.17121,1.17121,1.171205,1.17121,-1.0,-1.0,-1
1.17121,1.17121,1.171205,1.171205,-1.0,-1.0,-1
1.171205,1.17121,1.171205,1.17121,-1.0,-1.0,-1
1.17121,1.17121,1.17115,1.171165,-1.0,-1.0,-1
1.171165,1.171165,1.17115,1.171165,-1.0,-1.0,-1
1.171165,1.171165,1.17115,1.171155,-1.0,-1.0,-1
1.171155,1.171155,1.17115,1.171155,-1.0,-1.0,-1
1.171155,1.171175,1.17114,1.171145,-1.0,-1.0,-1
1.171145,1.171145,1.17113,1.171135,-1.0,-1.0,-1
1.171135,1.171135,1.17113,1.171135,-1.0,-1.0,-1
1.171135,1.1712,1.171135,1.171195,-1.0,-1.0,-1
1.171195,1.1712,1.17119,1.17119,-1.0,-1.0,-1
1.17119,1.17119,1.171175,1.17118,-1.0,-1.0,-1
1.17118,1.17119,1.17118,1.17119,-1.0,-1.0,-1
1.17119,1.171215,1.17119,1.17121,-1.0,-1.0,-1
1.17121,1.17121,1.171145,1.171155,-1.0,-1.0,-1
1.171155,1.17116,1.171145,1.17116,-1.0,-1.0,-1
1.17116,1.17116,1.171145,1.17115,-1.0,-1.0,-1
1.17115,1.17116,1.17113,1.171135,-1.0,-1.0,-1
1.171135,1.17116,1.171135,1.171155,-1.0,-1.0,-1
1.171155,1.17116,1.171145,1.171155,-1.0,-1.0,-1
1.171155,1.17116,1.17114,1.171155,-1.0,-1.0,-1
1.171155,1.171175,1.17115,1.171175,-1.0,-1.0,-1
1.171175,1.17119,1.171175,1.171185,-1.0,-1.0,-1
1.171185,1.17119,1.17116,1.171165,-1.0,-1.0,-1
1.171165,1.171165,1.171115,1.171115,-1.0,-1.0,-1
1.171115,1.171125,1.171115,1.171125,-1.0,-1.0,-1
1.171125,1.17113,1.171115,1.171125,-1.0,-1.0,-1
1.171125,1.171125,1.171125,1.171125,-1.0,-1.0,-1
1.171125,1.171125,1.171085,1.171085,-1.0,-1.0,-1
1.171085,1.171085,1.171075,1.171085,-1.0,-1.0,-1
1.171085,1.171085,1.171085,1.171085,-1.0,-1.0,-1
1.171085,1.171085,1.17108,1.171085,-1.0,-1.0,-1
1.171085,1.171085,1.171085,1.171085,-1.0,-1.0,-1
1.171085,1.171085,1.171025,1.171025,-1.0,-1.0,-1
1.171025,1.17103,1.17102,1.171025,-1.0,-1.0,-1
1.171025,1.17103,1.171025,1.171025,-1.0,-1.0,-1
1.171025,1.17104,1.171025,1.171025,-1.0,-1.0,-1
1.171025,1.171085,1.17102,1.171085,-1.0,-1.0,-1
1.171085,1.171085,1.171075,1.171085,-1.0,-1.0,-1
1.171085,1.171085,1.171075,1.171075,-1.0,-1.0,-1
1.171075,1.171075,1.171075,1.171075,-1.0,-1.0,-1
1.171075,1.17108,1.17106,1.171075,-1.0,-1.0,-1
1.171075,1.171075,1.171075,1.171075,-1.0,-1.0,-1
1.171075,1.171075,1.171075,1.171075,-1.0,-1.0,-1
1.171075,1.17108,1.171075,1.171075,-1.0,-1.0,-1
1.171075,1.171075,1.171075,1.171075,-1.0,-1.0,-1
1.171075,1.171075,1.171055,1.17107,-1.0,-1.0,-1
1.17107,1.17107,1.171045,1.17106,-1.0,-1.0,-1
1.17106,1.17108,1.171055,1.17108,-1.0,-1.0,-1
1.17108,1.17113,1.17108,1.17113,-1.0,-1.0,-1
1.17113,1.17113,1.17111,1.17112,-1.0,-1.0,-1
1.17112,1.17112,1.17109,1.17109,-1.0,-1.0,-1
1.17109,1.17109,1.17109,1.17109,-1.0,-1.0,-1
1.17109,1.17109,1.17109,1.17109,-1.0,-1.0,-1
1.17109,1.171155,1.17109,1.171155,-1.0,-1.0,-1
1.171155,1.171155,1.17113,1.171135,-1.0,-1.0,-1
1.171135,1.171165,1.171135,1.171165,-1.0,-1.0,-1
1.171165,1.17117,1.171165,1.17117,-1.0,-1.0,-1
1.17117,1.17117,1.17116,1.17116,-1.0,-1.0,-1
1.17116,1.171165,1.17116,1.171165,-1.0,-1.0,-1
1.171165,1.171185,1.171165,1.171185,-1.0,-1.0,-1
1.171185,1.171185,1.171175,1.17118,-1.0,-1.0,-1
1.17118,1.17121,1.17117,1.17117,-1.0,-1.0,-1
1.17117,1.171235,1.17117,1.171235,-1.0,-1.0,-1
1.171235,1.171245,1.17123,1.17124,-1.0,-1.0,-1
1.17124,1.17124,1.171235,1.17124,-1.0,-1.0,-1
1.17124,1.17127,1.171235,1.171245,-1.0,-1.0,-1
1.171245,1.171285,1.171245,1.17127,-1.0,-1.0,-1
1.17127,1.17127,1.17121,1.17122,-1.0,-1.0,-1
1.17122,1.17122,1.17121,1.17122,-1.0,-1.0,-1
1.17122,1.17122,1.17121,1.171215,-1.0,-1.0,-1
1.171215,1.171215,1.17121,1.17121,-1.0,-1.0,-1
1.17121,1.17121,1.17121,1.17121,-1.0,-1.0,-1
1.17121,1.171235,1.17119,1.171235,-1.0,-1.0,-1
1.171235,1.171235,1.17121,1.171215,-1.0,-1.0,-1
1.171215,1.171215,1.171195,1.171205,-1.0,-1.0,-1
1.171205,1.171205,1.171195,1.171205,-1.0,-1.0,-1
1.171205,1.171205,1.17119,1.17119,-1.0,-1.0,-1
1.17119,1.17121,1.17114,1.17115,-1.0,-1.0,-1
1.17115,1.17115,1.17114,1.171145,-1.0,-1.0,-1
1.171145,1.171145,1.17107,1.171105,-1.0,-1.0,-1
1.171105,1.17111,1.171085,1.17109,-1.0,-1.0,-1
1.17109,1.17112,1.17109,1.171115,-1.0,-1.0,-1
1.171115,1.17112,1.17111,1.17111,-1.0,-1.0,-1
1.17111,1.171115,1.171095,1.1711,-1.0,-1.0,-1
1.1711,1.171115,1.171095,1.171105,-1.0,-1.0,-1
1.171105,1.171115,1.17109,1.171095,-1.0,-1.0,-1
1.171095,1.17113,1.171095,1.171125,-1.0,-1.0,-1
1.171125,1.17113,1.171115,1.171115,-1.0,-1.0,-1
1.171115,1.17112,1.171115,1.171115,-1.0,-1.0,-1
1.171115,1.17112,1.171105,1.171105,-1.0,-1.0,-1
1.171105,1.17111,1.17109,1.171105,-1.0,-1.0,-1
1.171105,1.17111,1.171015,1.171015,-1.0,-1.0,-1
1.171015,1.171035,1.171015,1.171035,-1.0,-1.0,-1
1.171035,1.171045,1.171035,1.171045,-1.0,-1.0,-1
1.171045,1.171045,1.17104,1.17104,-1.0,-1.0,-1
1.17104,1.17104,1.17104,1.17104,-1.0,-1.0,-1
1.17104,1.17104,1.171035,1.171035,-1.0,-1.0,-1
1.171035,1.17104,1.171025,1.171035,-1.0,-1.0,-1
1.171035,1.171035,1.171025,1.171035,-1.0,-1.0,-1
1.171035,1.171035,1.171035,1.171035,-1.0,-1.0,-1
1.171035,1.171035,1.171035,1.171035,-1.0,-1.0,-1
1.171035,1.17104,1.171025,1.171035,-1.0,-1.0,-1
1.171035,1.171035,1.171035,1.171035,-1.0,-1.0,-1
1.171035,1.17104,1.171005,1.171005,-1.0,-1.0,-1
1.171005,1.17102,1.171005,1.171015,-1.0,-1.0,-1
1.171015,1.17102,1.171015,1.171015,-1.0,-1.0,-1
1.171015,1.17102,1.171015,1.171015,-1.0,-1.0,-1
1.171015,1.17102,1.171015,1.171015,-1.0,-1.0,-1
1.171015,1.17104,1.171015,1.171025,-1.0,-1.0,-1
1.171025,1.17104,1.171025,1.17104,-1.0,-1.0,-1
1.17104,1.17104,1.17104,1.17104,-1.0,-1.0,-1
1.17104,1.17104,1.17104,1.17104,-1.0,-1.0,-1
1.17104,1.17104,1.17104,1.17104,-1.0,-1.0,-1
1.17104,1.17104,1.17104,1.17104,-1.0,-1.0,-1
1.17104,1.17104,1.171025,1.17104,-1.0,-1.0,-1
1.17104,1.17104,1.171025,1.171025,-1.0,-1.0,-1
1.171025,1.17103,1.17098,1.170995,-1.0,-1.0,-1
1.170995,1.170995,1.17098,1.17098,-1.0,-1.0,-1
1.17098,1.170985,1.17098,1.170985,-1.0,-1.0,-1
1.170985,1.170985,1.17097,1.170975,-1.0,-1.0,-1
1.170975,1.17098,1.17097,1.17098,-1.0,-1.0,-1
1.17098,1.17098,1.17097,1.17098,-1.0,-1.0,-1
1.17098,1.17098,1.17098,1.17098,-1.0,-1.0,-1
1.17098,1.17098,1.170965,1.17097,-1.0,-1.0,-1
1.17097,1.17099,1.17097,1.17099,-1.0,-1.0,-1
1.17099,1.17099,1.17098,1.17098,-1.0,-1.0,-1
1.17098,1.17098,1.17097,1.170975,-1.0,-1.0,-1
1.170975,1.17099,1.17097,1.17099,-1.0,-1.0,-1
1.17099,1.17099,1.170985,1.17099,-1.0,-1.0,-1
1.17099,1.17099,1.17099,1.17099,-1.0,-1.0,-1
1.17099,1.170995,1.17099,1.170995,-1.0,-1.0,-1
1.170995,1.171,1.170995,1.170995,-1.0,-1.0,-1
1.170995,1.170995,1.170995,1.170995,-1.0,-1.0,-1
1.170995,1.171,1.170985,1.170995,-1.0,-1.0,-1
1.170995,1.170995,1.170995,1.170995,-1.0,-1.0,-1
1.170995,1.170995,1.170995,1.170995,-1.0,-1.0,-1
1.170995,1.170995,1.170995,1.170995,-1.0,-1.0,-1
1.170995,1.17103,1.170995,1.171015,-1.0,-1.0,-1
1.171015,1.17102,1.171015,1.171015,-1.0,-1.0,-1
1.171015,1.17102,1.170995,1.170995,-1.0,-1.0,-1
1.170995,1.170995,1.17097,1.170985,-1.0,-1.0,-1
1.170985,1.170995,1.170985,1.170995,-1.0,-1.0,-1
1.170995,1.170995,1.170985,1.170985,-1.0,-1.0,-1
1.170985,1.170995,1.170985,1.170985,-1.0,-1.0,-1
1.170985,1.17103,1.170985,1.171025,-1.0,-1.0,-1
1.171025,1.17103,1.17099,1.17099,-1.0,-1.0,-1
1.17099,1.171035,1.17099,1.171015,-1.0,-1.0,-1
1.171015,1.17102,1.171015,1.171015,-1.0,-1.0,-1
1.171015,1.17102,1.171015,1.171015,-1.0,-1.0,-1
1.171015,1.17102,1.171005,1.171005,-1.0,-1.0,-1
1.171005,1.17101,1.171005,1.17101,-1.0,-1.0,-1
1.17101,1.17101,1.170985,1.170985,-1.0,-1.0,-1
1.170985,1.170995,1.170985,1.170985,-1.0,-1.0,-1
1.170985,1.17104,1.170985,1.17104,-1.0,-1.0,-1
1.17104,1.17104,1.171025,1.171025,-1.0,-1.0,-1
1.171025,1.17104,1.171025,1.171025,-1.0,-1.0,-1
1.171025,1.17104,1.171025,1.171025,-1.0,-1.0,-1
1.171025,1.171035,1.171025,1.171035,-1.0,-1.0,-1
1.171035,1.171035,1.171035,1.171035,-1.0,-1.0,-1
1.171035,1.17104,1.171025,1.171035,-1.0,-1.0,-1
1.171035,1.17104,1.171035,1.17104,-1.0,-1.0,-1
1.17104,1.171085,1.17104,1.171065,-1.0,-1.0,-1
1.171065,1.171065,1.17104,1.17104,-1.0,-1.0,-1
1.17104,1.17104,1.17104,1.17104,-1.0,-1.0,-1
1.17104,1.17104,1.171025,1.171025,-1.0,-1.0,-1
1.171025,1.17103,1.171015,1.171015,-1.0,-1.0,-1
1.171015,1.17102,1.17097,1.170975,-1.0,-1.0,-1
1.170975,1.170985,1.17097,1.170985,-1.0,-1.0,-1
1.170985,1.170985,1.170985,1.170985,-1.0,-1.0,-1
1.170985,1.170985,1.170985,1.170985,-1.0,-1.0,-1
1.170985,1.17103,1.170985,1.171025,-1.0,-1.0,-1
1.171025,1.17104,1.171025,1.17104,-1.0,-1.0,-1
1.17104,1.17104,1.171025,1.171025,-1.0,-1.0,-1
1.171025,1.17103,1.171025,1.171025,-1.0,-1.0,-1
1.171025,1.17103,1.171025,1.171025,-1.0,-1.0,-1
1.171025,1.17104,1.171025,1.17104,-1.0,-1.0,-1
1.17104,1.17104,1.17104,1.17104,-1.0,-1.0,-1
1.17104,1.17104,1.17104,1.17104,-1.0,-1.0,-1
1.17104,1.17104,1.17104,1.17104,-1.0,-1.0,-1
1.17104,1.17104,1.17104,1.17104,-1.0,-1.0,-1
1.17104,1.17104,1.171005,1.171005,-1.0,-1.0,-1
1.171005,1.17103,1.170985,1.170985,-1.0,-1.0,-1
1.170985,1.170985,1.170985,1.170985,-1.0,-1.0,-1
1.170985,1.170985,1.170985,1.170985,-1.0,-1.0,-1
1.170985,1.170985,1.170985,1.170985,-1.0,-1.0,-1
1.170985,1.170985,1.170985,1.170985,-1.0,-1.0,-1
1.170985,1.170985,1.170985,1.170985,-1.0,-1.0,-1
1.170985,1.170985,1.170985,1.170985,-1.0,-1.0,-1
1.170985,1.171005,1.170985,1.171005,-1.0,-1.0,-1
1.171005,1.171005,1.17097,1.170975,-1.0,-1.0,-1
1.170975,1.170975,1.17097,1.170975,-1.0,-1.0,-1
1.170975,1.17098,1.17097,1.170975,-1.0,-1.0,-1
1.170975,1.17098,1.17097,1.17098,-1.0,-1.0,-1
1.17098,1.17099,1.17098,1.17099,-1.0,-1.0,-1
1.17099,1.17103,1.17099,1.17101,-1.0,-1.0,-1
1.17101,1.17101,1.171005,1.17101,-1.0,-1.0,-1
1.17101,1.17102,1.17101,1.171015,-1.0,-1.0,-1
1.171015,1.17104,1.171015,1.171025,-1.0,-1.0,-1
1.171025,1.171035,1.171005,1.171025,-1.0,-1.0,-1
1.171025,1.17104,1.171025,1.17104,-1.0,-1.0,-1
1.17104,1.17104,1.171015,1.171015,-1.0,-1.0,-1
1.171015,1.17103,1.171015,1.171025,-1.0,-1.0,-1
1.171025,1.17103,1.171025,1.171025,-1.0,-1.0,-1
1.171025,1.17103,1.171025,1.171025,-1.0,-1.0,-1
1.171025,1.171055,1.171025,1.171055,-1.0,-1.0,-1
1.171055,1.17107,1.17105,1.171065,-1.0,-1.0,-1
1.171065,1.171065,1.17106,1.171065,-1.0,-1.0,-1
1.171065,1.171065,1.171045,1.171065,-1.0,-1.0,-1
1.171065,1.171065,1.171015,1.171015,-1.0,-1.0,-1
1.171015,1.17102,1.170995,1.170995,-1.0,-1.0,-1
1.170995,1.170995,1.170985,1.170985,-1.0,-1.0,-1
1.170985,1.171005,1.170985,1.170985,-1.0,-1.0,-1
1.170985,1.170985,1.17097,1.170975,-1.0,-1.0,-1
1.170975,1.170975,1.17097,1.170975,-1.0,-1.0,-1
1.170975,1.17099,1.17097,1.17099,-1.0,-1.0,-1
1.17099,1.17099,1.17097,1.170985,-1.0,-1.0,-1
1.170985,1.170985,1.170985,1.170985,-1.0,-1.0,-1
1.170985,1.170985,1.170985,1.170985,-1.0,-1.0,-1
1.170985,1.170985,1.170955,1.170955,-1.0,-1.0,-1
1.170955,1.17098,1.170955,1.17098,-1.0,-1.0,-1
1.17098,1.17102,1.17098,1.170995,-1.0,-1.0,-1
1.170995,1.171005,1.17096,1.17096,-1.0,-1.0,-1
1.17096,1.17096,1.170955,1.170955,-1.0,-1.0,-1
1.170955,1.170995,1.170955,1.170985,-1.0,-1.0,-1
1.170985,1.170985,1.17097,1.17098,-1.0,-1.0,-1
1.17098,1.170985,1.17098,1.170985,-1.0,-1.0,-1
1.170985,1.170995,1.170985,1.170985,-1.0,-1.0,-1
1.170985,1.170995,1.170985,1.170985,-1.0,-1.0,-1
1.170985,1.170985,1.17097,1.170975,-1.0,-1.0,-1
1.170975,1.170985,1.170955,1.170975,-1.0,-1.0,-1
1.170975,1.170985,1.17097,1.170985,-1.0,-1.0,-1
1.170985,1.170985,1.170985,1.170985,-1.0,-1.0,-1
1.170985,1.171,1.17098,1.170985,-1.0,-1.0,-1
1.170985,1.170985,1.170955,1.170955,-1.0,-1.0,-1
1.170955,1.170955,1.17095,1.17095,-1.0,-1.0,-1
1.17095,1.17096,1.17095,1.17096,-1.0,-1.0,-1
1.17096,1.17096,1.17096,1.17096,-1.0,-1.0,-1
1.17096,1.17096,1.170955,1.170955,-1.0,-1.0,-1
1.170955,1.170955,1.17092,1.170935,-1.0,-1.0,-1
1.170935,1.17094,1.170935,1.170935,-1.0,-1.0,-1
1.170935,1.17094,1.170935,1.170935,-1.0,-1.0,-1
1.170935,1.17094,1.170815,1.17082,-1.0,-1.0,-1
1.17082,1.170835,1.17082,1.170825,-1.0,-1.0,-1
1.170825,1.170825,1.17079,1.1708,-1.0,-1.0,-1
1.1708,1.17081,1.17079,1.1708,-1.0,-1.0,-1
1.1708,1.17082,1.170795,1.170815,-1.0,-1.0,-1
1.170815,1.17082,1.170815,1.17082,-1.0,-1.0,-1
1.17082,1.170825,1.170815,1.170825,-1.0,-1.0,-1
1.170825,1.170835,1.170825,1.170835,-1.0,-1.0,-1
1.170835,1.170835,1.170835,1.170835,-1.0,-1.0,-1
1.170835,1.170835,1.170815,1.170815,-1.0,-1.0,-1
1.170815,1.170825,1.170795,1.1708,-1.0,-1.0,-1
1.1708,1.1708,1.170765,1.170765,-1.0,-1.0,-1
1.170765,1.170805,1.170725,1.170735,-1.0,-1.0,-1
1.170735,1.170735,1.170655,1.17067,-1.0,-1.0,-1
1.17067,1.17068,1.17062,1.170665,-1.0,-1.0,-1
1.170665,1.17067,1.17062,1.17064,-1.0,-1.0,-1
1.17064,1.17066,1.17064,1.170655,-1.0,-1.0,-1
1.170655,1.17068,1.170605,1.17066,-1.0,-1.0,-1
1.17066,1.17073,1.17066,1.170675,-1.0,-1.0,-1
1.170675,1.17068,1.170635,1.170665,-1.0,-1.0,-1
1.170665,1.17069,1.170665,1.170665,-1.0,-1.0,-1
1.170665,1.17069,1.170665,1.170685,-1.0,-1.0,-1
1.170685,1.17069,1.17068,1.17069,-1.0,-1.0,-1
1.17069,1.17069,1.17067,1.17067,-1.0,-1.0,-1
1.17067,1.17068,1.170645,1.170655,-1.0,-1.0,-1
1.170655,1.17067,1.170655,1.170665,-1.0,-1.0,-1
1.170665,1.17067,1.17063,1.17063,-1.0,-1.0,-1
1.17063,1.17063,1.170585,1.170585,-1.0,-1.0,-1
1.170585,1.170615,1.170575,1.17061,-1.0,-1.0,-1
1.17061,1.170625,1.170585,1.170625,-1.0,-1.0,-1
1.170625,1.170625,1.170585,1.170625,-1.0,-1.0,-1
1.170625,1.17066,1.17062,1.17066,-1.0,-1.0,-1
1.17066,1.170685,1.17066,1.170685,-1.0,-1.0,-1
1.170685,1.17074,1.170685,1.170735,-1.0,-1.0,-1
1.170735,1.17077,1.17068,1.170755,-1.0,-1.0,-1
1.170755,1.17076,1.17071,1.170715,-1.0,-1.0,-1
1.170715,1.170715,1.17069,1.170715,-1.0,-1.0,-1
1.170715,1.170715,1.17069,1.170715,-1.0,-1.0,-1
1.170715,1.170725,1.170685,1.170685,-1.0,-1.0,-1
1.170685,1.170685,1.170685,1.170685,-1.0,-1.0,-1
1.170685,1.17069,1.170685,1.17069,-1.0,-1.0,-1
1.17069,1.170745,1.17069,1.170735,-1.0,-1.0,-1
1.170735,1.17076,1.17071,1.170745,-1.0,-1.0,-1
1.170745,1.17076,1.170745,1.170755,-1.0,-1.0,-1
1.170755,1.17077,1.170745,1.170745,-1.0,-1.0,-1
1.170745,1.170775,1.170745,1.170775,-1.0,-1.0,-1
1.170775,1.170775,1.170725,1.17073,-1.0,-1.0,-1
1.17073,1.17073,1.17069,1.17069,-1.0,-1.0,-1
1.17069,1.170705,1.170685,1.17069,-1.0,-1.0,-1
1.17069,1.170715,1.17069,1.170705,-1.0,-1.0,-1
1.170705,1.17072,1.1707,1.170705,-1.0,-1.0,-1
1.170705,1.170715,1.17064,1.170655,-1.0,-1.0,-1
1.170655,1.170655,1.17064,1.17064,-1.0,-1.0,-1
1.17064,1.17066,1.170635,1.17066,-1.0,-1.0,-1
1.17066,1.170705,1.17066,1.17069,-1.0,-1.0,-1
1.17069,1.17071,1.17069,1.170695,-1.0,-1.0,-1
1.170695,1.170705,1.170665,1.170665,-1.0,-1.0,-1
1.170665,1.170705,1.170665,1.170705,-1.0,-1.0,-1
1.170705,1.170705,1.1707,1.170705,-1.0,-1.0,-1
1.170705,1.170715,1.1707,1.170715,-1.0,-1.0,-1
1.170715,1.170715,1.170675,1.170685,-1.0,-1.0,-1
1.170685,1.170685,1.170675,1.170675,-1.0,-1.0,-1
1.170675,1.17068,1.170665,1.170675,-1.0,-1.0,-1
1.170675,1.170685,1.170655,1.17066,-1.0,-1.0,-1
1.17066,1.17068,1.170655,1.170675,-1.0,-1.0,-1
1.170675,1.170685,1.170675,1.170675,-1.0,-1.0,-1
1.170675,1.170735,1.170675,1.170735,-1.0,-1.0,-1
1.170735,1.170735,1.170725,1.170735,-1.0,-1.0,-1
1.170735,1.170735,1.170735,1.170735,-1.0,-1.0,-1
1.170735,1.170735,1.17073,1.17073,-1.0,-1.0,-1
1.17073,1.170735,1.170725,1.17073,-1.0,-1.0,-1
1.17073,1.170745,1.170725,1.170735,-1.0,-1.0,-1
1.170735,1.170735,1.170725,1.17073,-1.0,-1.0,-1
1.17073,1.170745,1.170725,1.170745,-1.0,-1.0,-1
1.170745,1.170745,1.170735,1.170735,-1.0,-1.0,-1
1.170735,1.170735,1.170735,1.170735,-1.0,-1.0,-1
1.170735,1.17078,1.170735,1.170775,-1.0,-1.0,-1
1.170775,1.17078,1.170775,1.17078,-1.0,-1.0,-1
1.17078,1.170795,1.17078,1.17078,-1.0,-1.0,-1
1.17078,1.17078,1.170775,1.170775,-1.0,-1.0,-1
1.170775,1.170775,1.17071,1.170735,-1.0,-1.0,-1
1.170735,1.170735,1.170735,1.170735,-1.0,-1.0,-1
1.170735,1.170795,1.170735,1.170795,-1.0,-1.0,-1
1.170795,1.170795,1.170775,1.17078,-1.0,-1.0,-1
1.17078,1.170805,1.17078,1.170795,-1.0,-1.0,-1
1.170795,1.170815,1.17079,1.170815,-1.0,-1.0,-1
1.170815,1.170825,1.170815,1.170825,-1.0,-1.0,-1
1.170825,1.170835,1.170825,1.170835,-1.0,-1.0,-1
1.170835,1.17085,1.170835,1.170835,-1.0,-1.0,-1
1.170835,1.17086,1.17083,1.17086,-1.0,-1.0,-1
1.17086,1.17086,1.170855,1.17086,-1.0,-1.0,-1
1.17086,1.170875,1.17086,1.17087,-1.0,-1.0,-1
1.17087,1.170875,1.170825,1.170865,-1.0,-1.0,-1
1.170865,1.170865,1.170865,1.170865,-1.0,-1.0,-1
1.170865,1.170865,1.170845,1.170845,-1.0,-1.0,-1
1.170845,1.17086,1.170845,1.17086,-1.0,-1.0,-1
1.17086,1.170865,1.170845,1.170845,-1.0,-1.0,-1
1.170845,1.17085,1.170825,1.170825,-1.0,-1.0,-1
1.170825,1.170835,1.170825,1.170835,-1.0,-1.0,-1
1.170835,1.170835,1.170805,1.170815,-1.0,-1.0,-1
1.170815,1.170815,1.170805,1.170805,-1.0,-1.0,-1
1.170805,1.17083,1.170805,1.170825,-1.0,-1.0,-1
1.170825,1.170845,1.170825,1.170835,-1.0,-1.0,-1
1.170835,1.170835,1.170825,1.170825,-1.0,-1.0,-1
1.170825,1.170845,1.170825,1.17084,-1.0,-1.0,-1
1.17084,1.170845,1.170835,1.17084,-1.0,-1.0,-1
1.17084,1.170865,1.17084,1.170865,-1.0,-1.0,-1
1.170865,1.17087,1.170855,1.170855,-1.0,-1.0,-1
1.170855,1.17089,1.170855,1.17089,-1.0,-1.0,-1
1.17089,1.17089,1.17087,1.17087,-1.0,-1.0,-1
1.17087,1.170875,1.17087,1.170875,-1.0,-1.0,-1
1.170875,1.170885,1.170875,1.170875,-1.0,-1.0,-1
1.170875,1.170875,1.170875,1.170875,-1.0,-1.0,-1
1.170875,1.170875,1.17084,1.17084,-1.0,-1.0,-1
1.17084,1.170845,1.17084,1.17084,-1.0,-1.0,-1
1.17084,1.17085,1.17084,1.17084,-1.0,-1.0,-1
1.17084,1.17086,1.170825,1.17086,-1.0,-1.0,-1
1.17086,1.17086,1.170855,1.17086,-1.0,-1.0,-1
1.17086,1.170885,1.17086,1.170875,-1.0,-1.0,-1
1.170875,1.170875,1.17087,1.170875,-1.0,-1.0,-1
1.170875,1.17091,1.170875,1.17091,-1.0,-1.0,-1
1.17091,1.17092,1.17091,1.17092,-1.0,-1.0,-1
1.17092,1.17092,1.17091,1.17091,-1.0,-1.0,-1
1.17091,1.17091,1.170875,1.170875,-1.0,-1.0,-1
1.170875,1.17089,1.17087,1.170875,-1.0,-1.0,-1
1.170875,1.17089,1.170875,1.17089,-1.0,-1.0,-1
1.17089,1.170905,1.170885,1.170905,-1.0,-1.0,-1
1.170905,1.17091,1.1709,1.17091,-1.0,-1.0,-1
1.17091,1.17091,1.1709,1.17091,-1.0,-1.0,-1
1.17091,1.17091,1.170885,1.170905,-1.0,-1.0,-1
1.170905,1.17091,1.170905,1.17091,-1.0,-1.0,-1
1.17091,1.17091,1.17091,1.17091,-1.0,-1.0,-1
1.17091,1.17091,1.17091,1.17091,-1.0,-1.0,-1
1.17091,1.170915,1.17091,1.170915,-1.0,-1.0,-1
1.170915,1.170935,1.17091,1.17093,-1.0,-1.0,-1
1.17093,1.170945,1.17092,1.17093,-1.0,-1.0,-1
1.17093,1.170935,1.170915,1.170925,-1.0,-1.0,-1
1.170925,1.170925,1.170925,1.170925,-1.0,-1.0,-1
1.170925,1.170925,1.170875,1.17089,-1.0,-1.0,-1
1.17089,1.170905,1.170885,1.1709,-1.0,-1.0,-1
1.1709,1.170905,1.1709,1.1709,-1.0,-1.0,-1
1.1709,1.170985,1.1709,1.170975,-1.0,-1.0,-1
1.170975,1.17099,1.17097,1.17098,-1.0,-1.0,-1
1.17098,1.170985,1.17098,1.170985,-1.0,-1.0,-1
1.170985,1.170995,1.17098,1.170995,-1.0,-1.0,-1
1.170995,1.170995,1.170955,1.170955,-1.0,-1.0,-1
1.170955,1.170955,1.17095,1.170955,-1.0,-1.0,-1
1.170955,1.17096,1.170945,1.17096,-1.0,-1.0,-1
1.17096,1.17096,1.170945,1.17096,-1.0,-1.0,-1
1.17096,1.17096,1.170935,1.170935,-1.0,-1.0,-1
1.170935,1.170945,1.170935,1.17094,-1.0,-1.0,-1
1.17094,1.17095,1.17093,1.170945,-1.0,-1.0,-1
1.170945,1.171035,1.170945,1.171035,-1.0,-1.0,-1
1.171035,1.17104,1.171035,1.17104,-1.0,-1.0,-1
1.17104,1.17104,1.171015,1.17102,-1.0,-1.0,-1
1.17102,1.171025,1.17102,1.17102,-1.0,-1.0,-1
1.17102,1.171035,1.17102,1.171025,-1.0,-1.0,-1
1.171025,1.171045,1.171025,1.171045,-1.0,-1.0,-1
1.171045,1.17108,1.171045,1.17107,-1.0,-1.0,-1
1.17107,1.17109,1.17107,1.17107,-1.0,-1.0,-1
1.17107,1.1711,1.17107,1.171085,-1.0,-1.0,-1
1.171085,1.171085,1.17106,1.171065,-1.0,-1.0,-1
1.171065,1.171065,1.171035,1.17104,-1.0,-1.0,-1
1.17104,1.17104,1.17104,1.17104,-1.0,-1.0,-1
1.17104,1.17104,1.17104,1.17104,-1.0,-1.0,-1
1.17104,1.17104,1.17104,1.17104,-1.0,-1.0,-1
1.17104,1.171045,1.17104,1.171045,-1.0,-1.0,-1
1.171045,1.171045,1.171045,1.171045,-1.0,-1.0,-1
1.171045,1.171045,1.171035,1.17104,-1.0,-1.0,-1
1.17104,1.171045,1.17104,1.17104,-1.0,-1.0,-1
1.17104,1.17104,1.17104,1.17104,-1.0,-1.0,-1
1.17104,1.17104,1.17104,1.17104,-1.0,-1.0,-1
1.17104,1.171085,1.17104,1.171085,-1.0,-1.0,-1
1.171085,1.17112,1.171085,1.17112,-1.0,-1.0,-1
1.17112,1.17112,1.17112,1.17112,-1.0,-1.0,-1
1.17112,1.17112,1.1711,1.1711,-1.0,-1.0,-1
1.1711,1.17112,1.1711,1.171115,-1.0,-1.0,-1
1.171115,1.171125,1.17111,1.171125,-1.0,-1.0,-1
1.171125,1.17116,1.171115,1.17116,-1.0,-1.0,-1
1.17116,1.17116,1.17116,1.17116,-1.0,-1.0,-1
1.17116,1.17116,1.171145,1.17116,-1.0,-1.0,-1
1.17116,1.17116,1.171155,1.171155,-1.0,-1.0,-1
1.171155,1.17116,1.17113,1.17113,-1.0,-1.0,-1
1.17113,1.17113,1.171095,1.171095,-1.0,-1.0,-1
1.171095,1.17111,1.171095,1.171105,-1.0,-1.0,-1
1.171105,1.17111,1.171095,1.171095,-1.0,-1.0,-1
1.171095,1.171095,1.171095,1.171095,-1.0,-1.0,-1
1.171095,1.171095,1.171095,1.171095,-1.0,-1.0,-1
1.171095,1.171095,1.171085,1.171095,-1.0,-1.0,-1
1.171095,1.171095,1.171095,1.171095,-1.0,-1.0,-1
1.171095,1.171095,1.17106,1.171065,-1.0,-1.0,-1
1.171065,1.171065,1.17106,1.171065,-1.0,-1.0,-1
1.171065,1.171065,1.171005,1.171015,-1.0,-1.0,-1
1.171015,1.17103,1.171005,1.171025,-1.0,-1.0,-1
1.171025,1.17103,1.171025,1.171025,-1.0,-1.0,-1
1.171025,1.17104,1.171015,1.171015,-1.0,-1.0,-1
1.171015,1.17102,1.171005,1.171005,-1.0,-1.0,-1
1.171005,1.171005,1.170985,1.170985,-1.0,-1.0,-1
1.170985,1.170985,1.170955,1.17096,-1.0,-1.0,-1
1.17096,1.17096,1.170955,1.170955,-1.0,-1.0,-1
1.170955,1.170985,1.170955,1.170975,-1.0,-1.0,-1
1.170975,1.170975,1.17097,1.170975,-1.0,-1.0,-1
1.170975,1.170975,1.170905,1.170905,-1.0,-1.0,-1
1.170905,1.17091,1.170895,1.170905,-1.0,-1.0,-1
1.170905,1.17091,1.17087,1.170875,-1.0,-1.0,-1
1.170875,1.17091,1.170875,1.17091,-1.0,-1.0,-1
1.17091,1.17091,1.17091,1.17091,-1.0,-1.0,-1
1.17091,1.17091,1.170875,1.170875,-1.0,-1.0,-1
1.170875,1.17091,1.170875,1.1709,-1.0,-1.0,-1
1.1709,1.17091,1.1709,1.170905,-1.0,-1.0,-1
1.170905,1.170905,1.170875,1.170875,-1.0,-1.0,-1
1.170875,1.1709,1.170875,1.170875,-1.0,-1.0,-1
1.170875,1.17089,1.170875,1.17089,-1.0,-1.0,-1
1.17089,1.170895,1.17088,1.170885,-1.0,-1.0,-1
1.170885,1.17089,1.17088,1.17089,-1.0,-1.0,-1
1.17089,1.1709,1.170885,1.1709,-1.0,-1.0,-1
1.1709,1.17091,1.17088,1.17088,-1.0,-1.0,-1
1.17088,1.170885,1.17088,1.170885,-1.0,-1.0,-1
1.170885,1.170885,1.17088,1.170885,-1.0,-1.0,-1
1.170885,1.170885,1.17088,1.170885,-1.0,-1.0,-1
1.170885,1.170895,1.17088,1.170895,-1.0,-1.0,-1
1.170895,1.170895,1.170895,1.170895,-1.0,-1.0,-1
1.170895,1.170895,1.170895,1.170895,-1.0,-1.0,-1
1.170895,1.170895,1.170895,1.170895,-1.0,-1.0,-1
1.170895,1.170895,1.17088,1.170895,-1.0,-1.0,-1
1.170895,1.170895,1.17088,1.17089,-1.0,-1.0,-1
1.17089,1.17089,1.17088,1.170885,-1.0,-1.0,-1
1.170885,1.170895,1.17088,1.170895,-1.0,-1.0,-1
1.170895,1.17094,1.170895,1.170935,-1.0,-1.0,-1
1.170935,1.17094,1.170925,1.170935,-1.0,-1.0,-1
1.170935,1.170955,1.170925,1.170935,-1.0,-1.0,-1
1.170935,1.17094,1.170915,1.17092,-1.0,-1.0,-1
1.17092,1.170925,1.170895,1.170895,-1.0,-1.0,-1
1.170895,1.17091,1.170895,1.17091,-1.0,-1.0,-1
1.17091,1.17091,1.170895,1.170905,-1.0,-1.0,-1
1.170905,1.17091,1.170905,1.17091,-1.0,-1.0,-1
1.17091,1.170925,1.17091,1.170925,-1.0,-1.0,-1
1.170925,1.170925,1.170895,1.170895,-1.0,-1.0,-1
1.170895,1.170895,1.17087,1.170885,-1.0,-1.0,-1
1.170885,1.17091,1.17088,1.170905,-1.0,-1.0,-1
1.170905,1.170905,1.17088,1.170885,-1.0,-1.0,-1
1.170885,1.170905,1.17088,1.1709,-1.0,-1.0,-1
1.1709,1.17091,1.170895,1.17091,-1.0,-1.0,-1
1.17091,1.170915,1.170895,1.17091,-1.0,-1.0,-1
1.17091,1.170925,1.170905,1.170915,-1.0,-1.0,-1
1.170915,1.170915,1.17087,1.17087,-1.0,-1.0,-1
1.17087,1.170885,1.170835,1.170865,-1.0,-1.0,-1
1.170865,1.17089,1.170865,1.17087,-1.0,-1.0,-1
1.17087,1.170885,1.17087,1.170885,-1.0,-1.0,-1
1.170885,1.170905,1.17088,1.1709,-1.0,-1.0,-1
1.1709,1.1709,1.170895,1.170895,-1.0,-1.0,-1
1.170895,1.170895,1.17087,1.17087,-1.0,-1.0,-1
1.17087,1.17087,1.170735,1.170775,-1.0,-1.0,-1
1.170775,1.17078,1.170735,1.17078,-1.0,-1.0,-1
1.17078,1.17078,1.170735,1.170735,-1.0,-1.0,-1
1.170735,1.17078,1.170735,1.170775,-1.0,-1.0,-1
1.170775,1.170795,1.170775,1.17078,-1.0,-1.0,-1
1.17078,1.17078,1.17078,1.17078,-1.0,-1.0,-1
1.17078,1.17078,1.17078,1.17078,-1.0,-1.0,-1
1.17078,1.17078,1.170775,1.17078,-1.0,-1.0,-1
1.17078,1.17078,1.170765,1.170775,-1.0,-1.0,-1
1.170775,1.170835,1.17077,1.170825,-1.0,-1.0,-1
1.170825,1.170825,1.170825,1.170825,-1.0,-1.0,-1
1.170825,1.170835,1.170825,1.170835,-1.0,-1.0,-1
1.170835,1.170835,1.170835,1.170835,-1.0,-1.0,-1
1.170835,1.170835,1.170835,1.170835,-1.0,-1.0,-1
1.170835,1.170835,1.170825,1.170825,-1.0,-1.0,-1
1.170825,1.170825,1.170825,1.170825,-1.0,-1.0,-1
1.170825,1.170885,1.170815,1.17087,-1.0,-1.0,-1
1.17087,1.17087,1.17087,1.17087,-1.0,-1.0,-1
1.17087,1.170885,1.170865,1.170885,-1.0,-1.0,-1
1.170885,1.170885,1.170825,1.170825,-1.0,-1.0,-1
1.170825,1.170835,1.170825,1.170825,-1.0,-1.0,-1
1.170825,1.170835,1.170825,1.170835,-1.0,-1.0,-1
1.170835,1.17086,1.17083,1.170845,-1.0,-1.0,-1
1.170845,1.170885,1.170845,1.170885,-1.0,-1.0,-1
1.170885,1.170885,1.17088,1.170885,-1.0,-1.0,-1
1.170885,1.170885,1.170875,1.170875,-1.0,-1.0,-1
1.170875,1.17091,1.170875,1.17091,-1.0,-1.0,-1
1.17091,1.17094,1.17091,1.17093,-1.0,-1.0,-1
1.17093,1.170935,1.17093,1.17093,-1.0,-1.0,-1
1.17093,1.170935,1.170905,1.170915,-1.0,-1.0,-1
1.170915,1.170915,1.17091,1.17091,-1.0,-1.0,-1
1.17091,1.17091,1.1709,1.170905,-1.0,-1.0,-1
1.170905,1.170905,1.1709,1.170905,-1.0,-1.0,-1
1.170905,1.170905,1.17088,1.17089,-1.0,-1.0,-1
1.17089,1.17089,1.17088,1.170885,-1.0,-1.0,-1
1.170885,1.17089,1.17088,1.17089,-1.0,-1.0,-1
1.17089,1.17089,1.170875,1.17089,-1.0,-1.0,-1
1.17089,1.170895,1.170885,1.170895,-1.0,-1.0,-1
1.170895,1.170895,1.170865,1.170865,-1.0,-1.0,-1
1.170865,1.170885,1.170865,1.170885,-1.0,-1.0,-1
1.170885,1.170885,1.170865,1.170865,-1.0,-1.0,-1
1.170865,1.170885,1.17081,1.17082,-1.0,-1.0,-1
1.17082,1.170835,1.17082,1.17082,-1.0,-1.0,-1
1.17082,1.17082,1.170805,1.170805,-1.0,-1.0,-1
1.170805,1.17082,1.170805,1.170815,-1.0,-1.0,-1
1.170815,1.170815,1.170755,1.170765,-1.0,-1.0,-1
1.170765,1.17077,1.170735,1.170735,-1.0,-1.0,-1
1.170735,1.17074,1.17071,1.17074,-1.0,-1.0,-1
1.17074,1.17074,1.170675,1.17069,-1.0,-1.0,-1
1.17069,1.17069,1.170685,1.170685,-1.0,-1.0,-1
1.170685,1.170715,1.170685,1.170715,-1.0,-1.0,-1
1.170715,1.170715,1.170685,1.170685,-1.0,-1.0,-1
1.170685,1.170685,1.170675,1.170675,-1.0,-1.0,-1
1.170675,1.17069,1.170675,1.170685,-1.0,-1.0,-1
1.170685,1.170685,1.17068,1.17068,-1.0,-1.0,-1
1.17068,1.170685,1.17068,1.170685,-1.0,-1.0,-1
1.170685,1.170715,1.17068,1.170715,-1.0,-1.0,-1
1.170715,1.170725,1.17071,1.170715,-1.0,-1.0,-1
1.170715,1.170725,1.1707,1.170705,-1.0,-1.0,-1
1.170705,1.17071,1.1707,1.17071,-1.0,-1.0,-1
1.17071,1.170745,1.170705,1.170735,-1.0,-1.0,-1
1.170735,1.170735,1.170725,1.170725,-1.0,-1.0,-1
1.170725,1.170735,1.170725,1.170735,-1.0,-1.0,-1
1.170735,1.170735,1.170735,1.170735,-1.0,-1.0,-1
1.170735,1.170735,1.170735,1.170735,-1.0,-1.0,-1
1.170735,1.17074,1.17073,1.17074,-1.0,-1.0,-1
1.17074,1.170785,1.17074,1.17078,-1.0,-1.0,-1
1.17078,1.17078,1.170765,1.170765,-1.0,-1.0,-1
1.170765,1.17077,1.17074,1.170745,-1.0,-1.0,-1
1.170745,1.170745,1.170745,1.170745,-1.0,-1.0,-1
1.170745,1.17078,1.170745,1.17078,-1.0,-1.0,-1
1.17078,1.17078,1.170745,1.17075,-1.0,-1.0,-1
1.17075,1.17075,1.170685,1.170685,-1.0,-1.0,-1
1.170685,1.170685,1.170685,1.170685,-1.0,-1.0,-1
1.170685,1.17073,1.170685,1.17073,-1.0,-1.0,-1
1.17073,1.17075,1.170725,1.17075,-1.0,-1.0,-1
1.17075,1.17075,1.17073,1.17074,-1.0,-1.0,-1
1.17074,1.17074,1.170695,1.170735,-1.0,-1.0,-1
1.170735,1.17074,1.17073,1.17073,-1.0,-1.0,-1
1.17073,1.17078,1.17073,1.17078,-1.0,-1.0,-1
1.17078,1.170785,1.170775,1.170785,-1.0,-1.0,-1
1.170785,1.170785,1.17077,1.170785,-1.0,-1.0,-1
1.170785,1.170785,1.17078,1.170785,-1.0,-1.0,-1
1.170785,1.170785,1.170785,1.170785,-1.0,-1.0,-1
1.170785,1.170795,1.17078,1.170785,-1.0,-1.0,-1
1.170785,1.1708,1.170775,1.1708,-1.0,-1.0,-1
1.1708,1.1708,1.17078,1.170795,-1.0,-1.0,-1
1.170795,1.1708,1.17079,1.1708,-1.0,-1.0,-1
1.1708,1.1708,1.17078,1.170785,-1.0,-1.0,-1
1.170785,1.170795,1.170785,1.170785,-1.0,-1.0,-1
1.170785,1.170785,1.170785,1.170785,-1.0,-1.0,-1
1.170785,1.170795,1.170785,1.170785,-1.0,-1.0,-1
1.170785,1.17081,1.170785,1.170785,-1.0,-1.0,-1
1.170785,1.17082,1.170785,1.17082,-1.0,-1.0,-1
1.17082,1.170845,1.17082,1.17084,-1.0,-1.0,-1
1.17084,1.17094,1.17084,1.17094,-1.0,-1.0,-1
1.17094,1.17094,1.170895,1.170935,-1.0,-1.0,-1
1.170935,1.170945,1.170895,1.17092,-1.0,-1.0,-1
1.17092,1.17092,1.1709,1.170905,-1.0,-1.0,-1
1.170905,1.170905,1.17088,1.170885,-1.0,-1.0,-1
1.170885,1.1709,1.170825,1.170845,-1.0,-1.0,-1
1.170845,1.17086,1.17083,1.170835,-1.0,-1.0,-1
1.170835,1.17085,1.170835,1.170845,-1.0,-1.0,-1
1.170845,1.17085,1.17084,1.17084,-1.0,-1.0,-1
1.17084,1.170865,1.17084,1.17086,-1.0,-1.0,-1
1.17086,1.17086,1.17083,1.17083,-1.0,-1.0,-1
1.17083,1.170835,1.17083,1.17083,-1.0,-1.0,-1
1.17083,1.170865,1.17083,1.170865,-1.0,-1.0,-1
1.170865,1.17089,1.170865,1.17089,-1.0,-1.0,-1
1.17089,1.17089,1.170885,1.17089,-1.0,-1.0,-1
1.17089,1.17089,1.170875,1.17088,-1.0,-1.0,-1
1.17088,1.17089,1.17088,1.17089,-1.0,-1.0,-1
1.17089,1.1709,1.170885,1.1709,-1.0,-1.0,-1
1.1709,1.17091,1.1709,1.17091,-1.0,-1.0,-1
1.17091,1.17091,1.170895,1.1709,-1.0,-1.0,-1
1.1709,1.1709,1.170895,1.170895,-1.0,-1.0,-1
1.170895,1.1709,1.170895,1.1709,-1.0,-1.0,-1
1.1709,1.1709,1.1709,1.1709,-1.0,-1.0,-1
1.1709,1.17095,1.170895,1.170945,-1.0,-1.0,-1
1.170945,1.170945,1.17092,1.17093,-1.0,-1.0,-1
1.17093,1.170955,1.17093,1.170945,-1.0,-1.0,-1
1.170945,1.170945,1.170935,1.170945,-1.0,-1.0,-1
1.170945,1.170945,1.17093,1.170945,-1.0,-1.0,-1
1.170945,1.17096,1.170945,1.170955,-1.0,-1.0,-1
1.170955,1.170955,1.17095,1.170955,-1.0,-1.0,-1
1.170955,1.170955,1.170955,1.170955,-1.0,-1.0,-1
1.170955,1.170955,1.17095,1.17095,-1.0,-1.0,-1
1.17095,1.170955,1.17093,1.170945,-1.0,-1.0,-1
1.170945,1.170955,1.170935,1.170945,-1.0,-1.0,-1
1.170945,1.170945,1.170885,1.17089,-1.0,-1.0,-1
1.17089,1.1709,1.170875,1.17089,-1.0,-1.0,-1
1.17089,1.17089,1.170885,1.17089,-1.0,-1.0,-1
1.17089,1.17089,1.17088,1.170885,-1.0,-1.0,-1
1.170885,1.170885,1.17088,1.170885,-1.0,-1.0,-1
1.170885,1.17089,1.170815,1.170815,-1.0,-1.0,-1
1.170815,1.170815,1.170815,1.170815,-1.0,-1.0,-1
1.170815,1.170815,1.17081,1.17081,-1.0,-1.0,-1
1.17081,1.170815,1.170805,1.170815,-1.0,-1.0,-1
1.170815,1.170815,1.17081,1.17081,-1.0,-1.0,-1
1.17081,1.17081,1.17079,1.1708,-1.0,-1.0,-1
1.1708,1.1708,1.170785,1.170785,-1.0,-1.0,-1
1.170785,1.170785,1.170785,1.170785,-1.0,-1.0,-1
1.170785,1.170785,1.17078,1.17078,-1.0,-1.0,-1
1.17078,1.17078,1.170735,1.17076,-1.0,-1.0,-1
1.17076,1.170765,1.170745,1.170745,-1.0,-1.0,-1
1.170745,1.17077,1.170745,1.17076,-1.0,-1.0,-1
1.17076,1.170765,1.170755,1.17076,-1.0,-1.0,-1
1.17076,1.170765,1.17074,1.17074,-1.0,-1.0,-1
1.17074,1.170745,1.17074,1.170745,-1.0,-1.0,-1
1.170745,1.170745,1.17068,1.170685,-1.0,-1.0,-1
1.170685,1.17069,1.17068,1.17069,-1.0,-1.0,-1
1.17069,1.17069,1.17065,1.170675,-1.0,-1.0,-1
1.170675,1.17068,1.170675,1.170675,-1.0,-1.0,-1
1.170675,1.17069,1.170675,1.17068,-1.0,-1.0,-1
1.17068,1.17068,1.170675,1.170675,-1.0,-1.0,-1
1.170675,1.170695,1.170675,1.170695,-1.0,-1.0,-1
1.170695,1.170695,1.17069,1.17069,-1.0,-1.0,-1
1.17069,1.170705,1.17069,1.17069,-1.0,-1.0,-1
1.17069,1.17071,1.17069,1.170695,-1.0,-1.0,-1
1.170695,1.17072,1.170695,1.17072,-1.0,-1.0,-1
1.17072,1.17074,1.170705,1.17074,-1.0,-1.0,-1
1.17074,1.17075,1.17074,1.17074,-1.0,-1.0,-1
1.17074,1.17075,1.17074,1.17075,-1.0,-1.0,-1
1.17075,1.17075,1.170745,1.170745,-1.0,-1.0,-1
1.170745,1.170775,1.170745,1.170775,-1.0,-1.0,-1
1.170775,1.17078,1.170775,1.17078,-1.0,-1.0,-1
1.17078,1.17078,1.170755,1.17076,-1.0,-1.0,-1
1.17076,1.17078,1.17076,1.17078,-1.0,-1.0,-1
1.17078,1.170795,1.17078,1.170795,-1.0,-1.0,-1
1.170795,1.170795,1.17079,1.170795,-1.0,-1.0,-1
1.170795,1.170815,1.170785,1.170815,-1.0,-1.0,-1
1.170815,1.170815,1.170785,1.170785,-1.0,-1.0,-1
1.170785,1.170785,1.17078,1.170785,-1.0,-1.0,-1
1.170785,1.17082,1.17078,1.17081,-1.0,-1.0,-1
1.17081,1.170815,1.17078,1.17078,-1.0,-1.0,-1
1.17078,1.17078,1.17076,1.17076,-1.0,-1.0,-1
1.17076,1.170775,1.170755,1.17077,-1.0,-1.0,-1
1.17077,1.170805,1.170765,1.1708,-1.0,-1.0,-1
1.1708,1.17083,1.170795,1.17083,-1.0,-1.0,-1
1.17083,1.170965,1.17081,1.170925,-1.0,-1.0,-1
1.170925,1.170965,1.1709,1.170945,-1.0,-1.0,-1
1.170945,1.17103,1.170945,1.17102,-1.0,-1.0,-1
1.17102,1.171025,1.17099,1.17099,-1.0,-1.0,-1
1.17099,1.171005,1.170945,1.170945,-1.0,-1.0,-1
1.170945,1.171045,1.170945,1.17101,-1.0,-1.0,-1
1.17101,1.171055,1.17099,1.17102,-1.0,-1.0,-1
1.17102,1.171025,1.171,1.171,-1.0,-1.0,-1
1.171,1.171085,1.170995,1.17107,-1.0,-1.0,-1
1.17107,1.17109,1.17105,1.17108,-1.0,-1.0,-1
1.17108,1.17124,1.17108,1.171215,-1.0,-1.0,-1
1.171215,1.171295,1.171215,1.171275,-1.0,-1.0,-1
1.171275,1.171275,1.17123,1.17123,-1.0,-1.0,-1
1.17123,1.17123,1.171215,1.171225,-1.0,-1.0,-1
1.171225,1.171225,1.17116,1.17116,-1.0,-1.0,-1
1.17116,1.17116,1.17113,1.17113,-1.0,-1.0,-1
1.17113,1.17115,1.171095,1.171095,-1.0,-1.0,-1
1.171095,1.1711,1.171015,1.171015,-1.0,-1.0,-1
1.171015,1.171025,1.170995,1.170995,-1.0,-1.0,-1
1.170995,1.17105,1.170995,1.171045,-1.0,-1.0,-1
1.171045,1.17106,1.171035,1.17106,-1.0,-1.0,-1
1.17106,1.17106,1.170865,1.17093,-1.0,-1.0,-1
1.17093,1.17096,1.17088,1.17093,-1.0,-1.0,-1
1.17093,1.170935,1.17083,1.17086,-1.0,-1.0,-1
1.17086,1.17089,1.17086,1.17088,-1.0,-1.0,-1
1.17088,1.170895,1.170875,1.170875,-1.0,-1.0,-1
1.170875,1.170885,1.170845,1.170885,-1.0,-1.0,-1
1.170885,1.170885,1.170865,1.170885,-1.0,-1.0,-1
1.170885,1.170885,1.170825,1.170825,-1.0,-1.0,-1
1.170825,1.17089,1.170825,1.170845,-1.0,-1.0,-1
1.170845,1.1709,1.170845,1.170895,-1.0,-1.0,-1
1.170895,1.170945,1.17088,1.170945,-1.0,-1.0,-1
1.170945,1.170945,1.170935,1.170945,-1.0,-1.0,-1
1.170945,1.170945,1.170945,1.170945,-1.0,-1.0,-1
1.170945,1.170945,1.17088,1.170895,-1.0,-1.0,-1
1.170895,1.170935,1.170895,1.170915,-1.0,-1.0,-1
1.170915,1.170915,1.170895,1.170895,-1.0,-1.0,-1
1.170895,1.17091,1.170895,1.170895,-1.0,-1.0,-1
1.170895,1.170905,1.170895,1.170895,-1.0,-1.0,-1
1.170895,1.170895,1.17087,1.17087,-1.0,-1.0,-1
1.17087,1.17087,1.17084,1.170845,-1.0,-1.0,-1
1.170845,1.170885,1.170845,1.170885,-1.0,-1.0,-1
1.170885,1.170885,1.17088,1.170885,-1.0,-1.0,-1
1.170885,1.170885,1.17088,1.170885,-1.0,-1.0,-1
1.170885,1.17089,1.17087,1.170885,-1.0,-1.0,-1
1.170885,1.170885,1.17088,1.170885,-1.0,-1.0,-1
1.170885,1.170885,1.17087,1.17087,-1.0,-1.0,-1
1.17087,1.17087,1.17087,1.17087,-1.0,-1.0,-1
1.17087,1.170935,1.17087,1.17093,-1.0,-1.0,-1
1.17093,1.170955,1.170895,1.170905,-1.0,-1.0,-1
1.170905,1.170905,1.170885,1.17089,-1.0,-1.0,-1
1.17089,1.170925,1.17088,1.170925,-1.0,-1.0,-1
1.170925,1.170945,1.170925,1.170935,-1.0,-1.0,-1
1.170935,1.170945,1.170935,1.170935,-1.0,-1.0,-1
1.170935,1.170945,1.170935,1.170935,-1.0,-1.0,-1
1.170935,1.17094,1.170935,1.170935,-1.0,-1.0,-1
1.170935,1.17094,1.170935,1.170935,-1.0,-1.0,-1
1.170935,1.17094,1.170935,1.170935,-1.0,-1.0,-1
1.170935,1.17094,1.170895,1.170905,-1.0,-1.0,-1
1.170905,1.170935,1.170905,1.17093,-1.0,-1.0,-1
1.17093,1.17094,1.17093,1.17093,-1.0,-1.0,-1
1.17093,1.170935,1.17093,1.17093,-1.0,-1.0,-1
1.17093,1.17096,1.17093,1.17096,-1.0,-1.0,-1
1.17096,1.17096,1.17095,1.170955,-1.0,-1.0,-1
1.170955,1.170985,1.170955,1.170955,-1.0,-1.0,-1
1.170955,1.170955,1.17095,1.17095,-1.0,-1.0,-1
1.17095,1.17095,1.170865,1.170885,-1.0,-1.0,-1
1.170885,1.170885,1.17087,1.17087,-1.0,-1.0,-1
1.17087,1.17087,1.17087,1.17087,-1.0,-1.0,-1
1.17087,1.17087,1.17082,1.170825,-1.0,-1.0,-1
1.170825,1.17087,1.170815,1.170835,-1.0,-1.0,-1
1.170835,1.17085,1.170835,1.170835,-1.0,-1.0,-1
1.170835,1.170835,1.170835,1.170835,-1.0,-1.0,-1
1.170835,1.17085,1.17083,1.170835,-1.0,-1.0,-1
1.170835,1.17085,1.170835,1.170845,-1.0,-1.0,-1
1.170845,1.170865,1.170835,1.170865,-1.0,-1.0,-1
1.170865,1.170865,1.17086,1.17086,-1.0,-1.0,-1
1.17086,1.170865,1.17086,1.170865,-1.0,-1.0,-1
1.170865,1.17087,1.17086,1.17087,-1.0,-1.0,-1
1.17087,1.17087,1.170785,1.170805,-1.0,-1.0,-1
1.170805,1.170815,1.17078,1.17078,-1.0,-1.0,-1
1.17078,1.17078,1.170745,1.17076,-1.0,-1.0,-1
1.17076,1.17077,1.170745,1.17077,-1.0,-1.0,-1
1.17077,1.170835,1.17073,1.170795,-1.0,-1.0,-1
1.170795,1.17083,1.170785,1.170795,-1.0,-1.0,-1
1.170795,1.17089,1.17078,1.170875,-1.0,-1.0,-1
1.170875,1.170885,1.17087,1.170875,-1.0,-1.0,-1
1.170875,1.170885,1.170875,1.170885,-1.0,-1.0,-1
1.170885,1.170885,1.17087,1.17087,-1.0,-1.0,-1
1.17087,1.17087,1.170865,1.170865,-1.0,-1.0,-1
1.170865,1.170865,1.17086,1.17086,-1.0,-1.0,-1
1.17086,1.17091,1.17086,1.170895,-1.0,-1.0,-1
1.170895,1.170895,1.17087,1.17087,-1.0,-1.0,-1
1.17087,1.170885,1.17087,1.17087,-1.0,-1.0,-1
1.17087,1.17087,1.170835,1.170835,-1.0,-1.0,-1
1.170835,1.170835,1.170835,1.170835,-1.0,-1.0,-1
1.170835,1.17086,1.170835,1.17086,-1.0,-1.0,-1
1.17086,1.17086,1.17086,1.17086,-1.0,-1.0,-1
1.17086,1.17089,1.17086,1.17089,-1.0,-1.0,-1
1.17089,1.17089,1.170875,1.170875,-1.0,-1.0,-1
1.170875,1.170915,1.170875,1.17091,-1.0,-1.0,-1
1.17091,1.17095,1.170905,1.170945,-1.0,-1.0,-1
1.170945,1.170945,1.17088,1.17088,-1.0,-1.0,-1
1.17088,1.17088,1.170875,1.170875,-1.0,-1.0,-1
1.170875,1.170875,1.170875,1.170875,-1.0,-1.0,-1
1.170875,1.170875,1.170875,1.170875,-1.0,-1.0,-1
1.170875,1.17089,1.17086,1.17086,-1.0,-1.0,-1
1.17086,1.170885,1.17086,1.170875,-1.0,-1.0,-1
1.170875,1.170885,1.17087,1.170875,-1.0,-1.0,-1
1.170875,1.17088,1.17084,1.17086,-1.0,-1.0,-1
1.17086,1.170865,1.170845,1.17086,-1.0,-1.0,-1
1.17086,1.17086,1.170835,1.170835,-1.0,-1.0,-1
1.170835,1.170835,1.17078,1.170785,-1.0,-1.0,-1
1.170785,1.17083,1.17078,1.170795,-1.0,-1.0,-1
1.170795,1.17081,1.17078,1.17078,-1.0,-1.0,-1
1.17078,1.17078,1.17078,1.17078,-1.0,-1.0,-1
1.17078,1.17078,1.170775,1.170775,-1.0,-1.0,-1
1.170775,1.170775,1.170775,1.170775,-1.0,-1.0,-1
1.170775,1.170775,1.170775,1.170775,-1.0,-1.0,-1
1.170775,1.17078,1.170775,1.17078,-1.0,-1.0,-1
1.17078,1.17078,1.170775,1.170775,-1.0,-1.0,-1
1.170775,1.170815,1.170775,1.170815,-1.0,-1.0,-1
1.170815,1.17082,1.17079,1.17082,-1.0,-1.0,-1
1.17082,1.17082,1.17079,1.170795,-1.0,-1.0,-1
1.170795,1.170795,1.170785,1.170785,-1.0,-1.0,-1
1.170785,1.170785,1.170785,1.170785,-1.0,-1.0,-1
1.170785,1.170785,1.170775,1.170775,-1.0,-1.0,-1
1.170775,1.17078,1.170775,1.17078,-1.0,-1.0,-1
1.17078,1.17078,1.170775,1.17078,-1.0,-1.0,-1
1.17078,1.17078,1.17078,1.17078,-1.0,-1.0,-1
1.17078,1.170805,1.17078,1.170805,-1.0,-1.0,-1
1.170805,1.170805,1.17079,1.170795,-1.0,-1.0,-1
1.170795,1.170805,1.170775,1.170795,-1.0,-1.0,-1
1.170795,1.170795,1.170785,1.170785,-1.0,-1.0,-1
1.170785,1.170795,1.170785,1.170785,-1.0,-1.0,-1
1.170785,1.170785,1.17078,1.17078,-1.0,-1.0,-1
1.17078,1.170805,1.17078,1.170785,-1.0,-1.0,-1
1.170785,1.170795,1.170785,1.170795,-1.0,-1.0,-1
1.170795,1.170805,1.170785,1.170795,-1.0,-1.0,-1
1.170795,1.170815,1.17079,1.170815,-1.0,-1.0,-1
1.170815,1.170845,1.170815,1.17083,-1.0,-1.0,-1
1.17083,1.17089,1.170815,1.170865,-1.0,-1.0,-1
1.170865,1.17087,1.17086,1.17087,-1.0,-1.0,-1
1.17087,1.17089,1.170865,1.170865,-1.0,-1.0,-1
1.170865,1.17089,1.17086,1.17087,-1.0,-1.0,-1
1.17087,1.170895,1.170865,1.17087,-1.0,-1.0,-1
1.17087,1.17087,1.17087,1.17087,-1.0,-1.0,-1
1.17087,1.17087,1.17087,1.17087,-1.0,-1.0,-1
1.17087,1.170895,1.17087,1.17087,-1.0,-1.0,-1
1.17087,1.1709,1.17087,1.170885,-1.0,-1.0,-1
1.170885,1.170895,1.17088,1.170885,-1.0,-1.0,-1
1.170885,1.170885,1.17088,1.170885,-1.0,-1.0,-1
1.170885,1.170905,1.17088,1.170905,-1.0,-1.0,-1
1.170905,1.170905,1.17088,1.1709,-1.0,-1.0,-1
1.1709,1.1709,1.170885,1.17089,-1.0,-1.0,-1
1.17089,1.170895,1.170885,1.170895,-1.0,-1.0,-1
1.170895,1.170895,1.170895,1.170895,-1.0,-1.0,-1
1.170895,1.170895,1.170895,1.170895,-1.0,-1.0,-1
1.170895,1.17094,1.170895,1.170935,-1.0,-1.0,-1
1.170935,1.170995,1.170925,1.170955,-1.0,-1.0,-1
1.170955,1.170955,1.170945,1.170955,-1.0,-1.0,-1
1.170955,1.170955,1.170955,1.170955,-1.0,-1.0,-1
1.170955,1.170955,1.170955,1.170955,-1.0,-1.0,-1
1.170955,1.170955,1.170905,1.17091,-1.0,-1.0,-1
1.17091,1.170945,1.17091,1.17093,-1.0,-1.0,-1
1.17093,1.170935,1.17092,1.17092,-1.0,-1.0,-1
1.17092,1.17092,1.170895,1.17092,-1.0,-1.0,-1
1.17092,1.17092,1.170905,1.170915,-1.0,-1.0,-1
1.170915,1.17092,1.170885,1.17089,-1.0,-1.0,-1
1.17089,1.17089,1.17087,1.17089,-1.0,-1.0,-1
1.17089,1.170915,1.170885,1.17091,-1.0,-1.0,-1
1.17091,1.170945,1.17091,1.170925,-1.0,-1.0,-1
1.170925,1.17094,1.170865,1.170875,-1.0,-1.0,-1
1.170875,1.170875,1.170845,1.170845,-1.0,-1.0,-1
1.170845,1.17085,1.170845,1.170845,-1.0,-1.0,-1
1.170845,1.17087,1.170845,1.17087,-1.0,-1.0,-1
1.17087,1.17095,1.170835,1.170945,-1.0,-1.0,-1
1.170945,1.170955,1.17093,1.170945,-1.0,-1.0,-1
1.170945,1.17095,1.170945,1.170945,-1.0,-1.0,-1
1.170945,1.170945,1.17092,1.170935,-1.0,-1.0,-1
1.170935,1.170955,1.170935,1.17095,-1.0,-1.0,-1
1.17095,1.170955,1.17095,1.17095,-1.0,-1.0,-1
1.17095,1.17099,1.170945,1.17099,-1.0,-1.0,-1
1.17099,1.170995,1.170955,1.17099,-1.0,-1.0,-1
1.17099,1.171005,1.17098,1.170995,-1.0,-1.0,-1
1.170995,1.171,1.17099,1.17099,-1.0,-1.0,-1
1.17099,1.17104,1.170985,1.17104,-1.0,-1.0,-1
1.17104,1.171045,1.17104,1.17104,-1.0,-1.0,-1
1.17104,1.17104,1.17098,1.170985,-1.0,-1.0,-1
1.170985,1.170985,1.17098,1.170985,-1.0,-1.0,-1
1.170985,1.170995,1.170985,1.170995,-1.0,-1.0,-1
1.170995,1.170995,1.17098,1.17098,-1.0,-1.0,-1
1.17098,1.17099,1.17098,1.17098,-1.0,-1.0,-1
1.17098,1.17099,1.17098,1.170985,-1.0,-1.0,-1
1.170985,1.170985,1.170985,1.170985,-1.0,-1.0,-1
1.170985,1.170985,1.170955,1.170955,-1.0,-1.0,-1
1.170955,1.170955,1.170955,1.170955,-1.0,-1.0,-1
1.170955,1.170955,1.170955,1.170955,-1.0,-1.0,-1
1.170955,1.17098,1.17095,1.170955,-1.0,-1.0,-1
1.170955,1.171005,1.170955,1.171,-1.0,-1.0,-1
1.171,1.171035,1.17099,1.171035,-1.0,-1.0,-1
1.171035,1.171035,1.171015,1.171015,-1.0,-1.0,-1
1.171015,1.171035,1.171005,1.17103,-1.0,-1.0,-1
1.17103,1.171035,1.171005,1.17102,-1.0,-1.0,-1
1.17102,1.171025,1.17101,1.17102,-1.0,-1.0,-1
1.17102,1.171025,1.170995,1.17101,-1.0,-1.0,-1
1.17101,1.17103,1.170965,1.170975,-1.0,-1.0,-1
1.170975,1.17099,1.17095,1.17095,-1.0,-1.0,-1
1.17095,1.17099,1.17095,1.170955,-1.0,-1.0,-1
1.170955,1.170955,1.170955,1.170955,-1.0,-1.0,-1
1.170955,1.170955,1.170945,1.17095,-1.0,-1.0,-1
1.17095,1.170995,1.17095,1.170995,-1.0,-1.0,-1
1.170995,1.170995,1.17095,1.17095,-1.0,-1.0,-1
1.17095,1.17096,1.17095,1.170955,-1.0,-1.0,-1
1.170955,1.17096,1.17095,1.17096,-1.0,-1.0,-1
1.17096,1.17096,1.17095,1.17095,-1.0,-1.0,-1
1.17095,1.17095,1.17095,1.17095,-1.0,-1.0,-1
1.17095,1.17095,1.17095,1.17095,-1.0,-1.0,-1
1.17095,1.170955,1.17095,1.17095,-1.0,-1.0,-1
1.17095,1.17096,1.17095,1.170955,-1.0,-1.0,-1
1.170955,1.170955,1.170955,1.170955,-1.0,-1.0,-1
1.170955,1.170955,1.170945,1.17095,-1.0,-1.0,-1
1.17095,1.17095,1.170945,1.17095,-1.0,-1.0,-1
1.17095,1.17095,1.170945,1.17095,-1.0,-1.0,-1
1.17095,1.170955,1.17095,1.170955,-1.0,-1.0,-1
1.170955,1.170955,1.17095,1.170955,-1.0,-1.0,-1
1.170955,1.17099,1.170955,1.17099,-1.0,-1.0,-1
1.17099,1.17099,1.17098,1.17098,-1.0,-1.0,-1
1.17098,1.170995,1.17098,1.170995,-1.0,-1.0,-1
1.170995,1.170995,1.170995,1.170995,-1.0,-1.0,-1
1.170995,1.171,1.170995,1.171,-1.0,-1.0,-1
1.171,1.171,1.171,1.171,-1.0,-1.0,-1
1.171,1.171,1.17099,1.170995,-1.0,-1.0,-1
1.170995,1.171,1.170995,1.170995,-1.0,-1.0,-1
1.170995,1.171,1.170995,1.170995,-1.0,-1.0,-1
1.170995,1.171,1.170995,1.171,-1.0,-1.0,-1
1.171,1.171,1.170995,1.170995,-1.0,-1.0,-1
1.170995,1.171,1.17098,1.17098,-1.0,-1.0,-1
1.17098,1.17101,1.17097,1.170995,-1.0,-1.0,-1
1.170995,1.171,1.170985,1.17099,-1.0,-1.0,-1
1.17099,1.171,1.17099,1.171,-1.0,-1.0,-1
1.171,1.17103,1.171,1.171015,-1.0,-1.0,-1
1.171015,1.171035,1.17101,1.17102,-1.0,-1.0,-1
1.17102,1.17103,1.171005,1.17102,-1.0,-1.0,-1
1.17102,1.171045,1.17101,1.17104,-1.0,-1.0,-1
1.17104,1.17109,1.17104,1.17109,-1.0,-1.0,-1
1.17109,1.1711,1.171045,1.171045,-1.0,-1.0,-1
1.171045,1.17105,1.170955,1.170955,-1.0,-1.0,-1
1.170955,1.171,1.170955,1.17099,-1.0,-1.0,-1
1.17099,1.17099,1.17099,1.17099,-1.0,-1.0,-1
1.17099,1.17099,1.170955,1.17098,-1.0,-1.0,-1
1.17098,1.17099,1.17097,1.17099,-1.0,-1.0,-1
1.17099,1.17099,1.170985,1.17099,-1.0,-1.0,-1
1.17099,1.17099,1.170955,1.170955,-1.0,-1.0,-1
1.170955,1.17098,1.170955,1.17098,-1.0,-1.0,-1
1.17098,1.171005,1.170955,1.170955,-1.0,-1.0,-1
1.170955,1.170955,1.170945,1.170945,-1.0,-1.0,-1
1.170945,1.170945,1.17092,1.170945,-1.0,-1.0,-1
1.170945,1.170955,1.170945,1.170945,-1.0,-1.0,-1
1.170945,1.170955,1.17094,1.170945,-1.0,-1.0,-1
1.170945,1.170955,1.17092,1.17092,-1.0,-1.0,-1
1.17092,1.170945,1.17092,1.170945,-1.0,-1.0,-1
1.170945,1.170965,1.170945,1.170955,-1.0,-1.0,-1
1.170955,1.170955,1.170945,1.170955,-1.0,-1.0,-1
1.170955,1.170955,1.170955,1.170955,-1.0,-1.0,-1
1.170955,1.17098,1.170955,1.170955,-1.0,-1.0,-1
1.170955,1.17099,1.170955,1.170985,-1.0,-1.0,-1
1.170985,1.170995,1.170955,1.17098,-1.0,-1.0,-1
1.17098,1.170995,1.17097,1.170995,-1.0,-1.0,-1
1.170995,1.170995,1.17099,1.17099,-1.0,-1.0,-1
1.17099,1.17099,1.17093,1.17093,-1.0,-1.0,-1
1.17093,1.170945,1.17093,1.170935,-1.0,-1.0,-1
1.170935,1.170945,1.17093,1.17093,-1.0,-1.0,-1
1.17093,1.170935,1.17093,1.17093,-1.0,-1.0,-1
1.17093,1.170935,1.17093,1.17093,-1.0,-1.0,-1
1.17093,1.17094,1.17093,1.170935,-1.0,-1.0,-1
1.170935,1.170965,1.170935,1.17095,-1.0,-1.0,-1
1.17095,1.17095,1.17093,1.170935,-1.0,-1.0,-1
1.170935,1.17094,1.17093,1.17093,-1.0,-1.0,-1
1.17093,1.170935,1.170925,1.170925,-1.0,-1.0,-1
1.170925,1.170925,1.170905,1.170905,-1.0,-1.0,-1
1.170905,1.170915,1.170905,1.170905,-1.0,-1.0,-1
1.170905,1.170905,1.170905,1.170905,-1.0,-1.0,-1
1.170905,1.170905,1.170905,1.170905,-1.0,-1.0,-1
1.170905,1.170945,1.170905,1.170945,-1.0,-1.0,-1
1.170945,1.170945,1.17094,1.17094,-1.0,-1.0,-1
1.17094,1.170945,1.170885,1.17089,-1.0,-1.0,-1
1.17089,1.17089,1.17087,1.170875,-1.0,-1.0,-1
1.170875,1.17094,1.170875,1.17092,-1.0,-1.0,-1
1.17092,1.17092,1.17092,1.17092,-1.0,-1.0,-1
1.17092,1.170925,1.170905,1.17091,-1.0,-1.0,-1
1.17091,1.170915,1.17091,1.17091,-1.0,-1.0,-1
1.17091,1.17091,1.17091,1.17091,-1.0,-1.0,-1
1.17091,1.17091,1.170875,1.170875,-1.0,-1.0,-1
1.170875,1.170895,1.170865,1.17089,-1.0,-1.0,-1
1.17089,1.17089,1.170885,1.17089,-1.0,-1.0,-1
1.17089,1.170895,1.17088,1.170885,-1.0,-1.0,-1
1.170885,1.170885,1.17087,1.17087,-1.0,-1.0,-1
1.17087,1.17087,1.170865,1.170865,-1.0,-1.0,-1
1.170865,1.17087,1.170865,1.17087,-1.0,-1.0,-1
1.17087,1.17087,1.17087,1.17087,-1.0,-1.0,-1
1.17087,1.17087,1.170835,1.170835,-1.0,-1.0,-1
1.170835,1.170865,1.170825,1.170825,-1.0,-1.0,-1
1.170825,1.170845,1.17082,1.170835,-1.0,-1.0,-1
1.170835,1.170895,1.170835,1.170895,-1.0,-1.0,-1
1.170895,1.17092,1.170895,1.17092,-1.0,-1.0,-1
1.17092,1.17092,1.17092,1.17092,-1.0,-1.0,-1
1.17092,1.17092,1.17084,1.17086,-1.0,-1.0,-1
1.17086,1.170885,1.170815,1.170885,-1.0,-1.0,-1
1.170885,1.17089,1.17088,1.17089,-1.0,-1.0,-1
1.17089,1.17089,1.170885,1.17089,-1.0,-1.0,-1
1.17089,1.17089,1.17088,1.17089,-1.0,-1.0,-1
1.17089,1.170905,1.170865,1.170895,-1.0,-1.0,-1
1.170895,1.170895,1.17088,1.170885,-1.0,-1.0,-1
1.170885,1.170885,1.17088,1.170885,-1.0,-1.0,-1
1.170885,1.170885,1.170865,1.17087,-1.0,-1.0,-1
1.17087,1.17087,1.170865,1.17087,-1.0,-1.0,-1
1.17087,1.17087,1.170865,1.170865,-1.0,-1.0,-1
1.170865,1.170885,1.170865,1.170885,-1.0,-1.0,-1
1.170885,1.170885,1.17087,1.170885,-1.0,-1.0,-1
1.170885,1.170895,1.17088,1.170895,-1.0,-1.0,-1
1.170895,1.17092,1.170895,1.17092,-1.0,-1.0,-1
1.17092,1.17092,1.17092,1.17092,-1.0,-1.0,-1
1.17092,1.17092,1.170885,1.17089,-1.0,-1.0,-1
1.17089,1.170895,1.170885,1.17089,-1.0,-1.0,-1
1.17089,1.17089,1.17088,1.17089,-1.0,-1.0,-1
1.17089,1.17089,1.17087,1.17089,-1.0,-1.0,-1
1.17089,1.17089,1.170885,1.17089,-1.0,-1.0,-1
1.17089,1.17089,1.170885,1.17089,-1.0,-1.0,-1
1.17089,1.170895,1.17088,1.170885,-1.0,-1.0,-1
1.170885,1.170885,1.17088,1.170885,-1.0,-1.0,-1
1.170885,1.17089,1.17088,1.17089,-1.0,-1.0,-1
1.17089,1.17089,1.17088,1.170885,-1.0,-1.0,-1
1.170885,1.170885,1.170865,1.170865,-1.0,-1.0,-1
1.170865,1.17087,1.17086,1.170865,-1.0,-1.0,-1
1.170865,1.17087,1.170865,1.17087,-1.0,-1.0,-1
1.17087,1.170885,1.17086,1.170885,-1.0,-1.0,-1
1.170885,1.170905,1.17088,1.170905,-1.0,-1.0,-1
1.170905,1.17092,1.170905,1.170915,-1.0,-1.0,-1
1.170915,1.17092,1.170915,1.17092,-1.0,-1.0,-1
1.17092,1.17092,1.17092,1.17092,-1.0,-1.0,-1
1.17092,1.17092,1.170895,1.170895,-1.0,-1.0,-1
1.170895,1.170895,1.170895,1.170895,-1.0,-1.0,-1
1.170895,1.1709,1.170895,1.1709,-1.0,-1.0,-1
1.1709,1.170905,1.1709,1.1709,-1.0,-1.0,-1
1.1709,1.170905,1.170885,1.17089,-1.0,-1.0,-1
1.17089,1.170895,1.170885,1.170895,-1.0,-1.0,-1
1.170895,1.170895,1.170895,1.170895,-1.0,-1.0,-1
1.170895,1.170895,1.170895,1.170895,-1.0,-1.0,-1
1.170895,1.170895,1.170895,1.170895,-1.0,-1.0,-1
1.170895,1.170895,1.17088,1.170885,-1.0,-1.0,-1
1.170885,1.170885,1.170865,1.170885,-1.0,-1.0,-1
1.170885,1.170885,1.17088,1.170885,-1.0,-1.0,-1
1.170885,1.170885,1.17086,1.170865,-1.0,-1.0,-1
1.170865,1.170865,1.170845,1.170845,-1.0,-1.0,-1
1.170845,1.17085,1.170845,1.170845,-1.0,-1.0,-1
1.170845,1.17085,1.170845,1.170845,-1.0,-1.0,-1
1.170845,1.170865,1.170845,1.170865,-1.0,-1.0,-1
1.170865,1.170865,1.170865,1.170865,-1.0,-1.0,-1
1.170865,1.170865,1.170845,1.170845,-1.0,-1.0,-1
1.170845,1.17085,1.170805,1.170835,-1.0,-1.0,-1
1.170835,1.17085,1.170835,1.17084,-1.0,-1.0,-1
1.17084,1.170845,1.17081,1.17084,-1.0,-1.0,-1
1.17084,1.17085,1.17084,1.170845,-1.0,-1.0,-1
1.170845,1.170865,1.17083,1.170835,-1.0,-1.0,-1
1.170835,1.170865,1.170835,1.17084,-1.0,-1.0,-1
1.17084,1.170865,1.17081,1.17082,-1.0,-1.0,-1
1.17082,1.170865,1.170815,1.170835,-1.0,-1.0,-1
1.170835,1.170835,1.170835,1.170835,-1.0,-1.0,-1
1.170835,1.170835,1.170835,1.170835,-1.0,-1.0,-1
1.170835,1.170835,1.170835,1.170835,-1.0,-1.0,-1
1.170835,1.170835,1.170835,1.170835,-1.0,-1.0,-1
1.170835,1.170835,1.170835,1.170835,-1.0,-1.0,-1
1.170835,1.170835,1.17078,1.170785,-1.0,-1.0,-1
1.170785,1.170795,1.17078,1.17078,-1.0,-1.0,-1
1.17078,1.17078,1.17078,1.17078,-1.0,-1.0,-1
1.17078,1.17078,1.170765,1.17078,-1.0,-1.0,-1
1.17078,1.17078,1.170755,1.170755,-1.0,-1.0,-1
1.170755,1.17077,1.170755,1.170765,-1.0,-1.0,-1
1.170765,1.17077,1.170765,1.170765,-1.0,-1.0,-1
1.170765,1.17077,1.17075,1.170755,-1.0,-1.0,-1
1.170755,1.170765,1.170755,1.17076,-1.0,-1.0,-1
1.17076,1.170765,1.170685,1.17069,-1.0,-1.0,-1
1.17069,1.17069,1.170685,1.170685,-1.0,-1.0,-1
1.170685,1.170685,1.170685,1.170685,-1.0,-1.0,-1
1.170685,1.170685,1.170685,1.170685,-1.0,-1.0,-1
1.170685,1.170685,1.170685,1.170685,-1.0,-1.0,-1
1.170685,1.170685,1.170685,1.170685,-1.0,-1.0,-1
1.170685,1.170685,1.170645,1.170645,-1.0,-1.0,-1
1.170645,1.170645,1.170645,1.170645,-1.0,-1.0,-1
1.170645,1.170645,1.170585,1.170585,-1.0,-1.0,-1
1.170585,1.17059,1.17052,1.170535,-1.0,-1.0,-1
1.170535,1.170535,1.17052,1.170535,-1.0,-1.0,-1
1.170535,1.170535,1.17051,1.17051,-1.0,-1.0,-1
1.17051,1.17051,1.170485,1.170505,-1.0,-1.0,-1
1.170505,1.17051,1.170485,1.170505,-1.0,-1.0,-1
1.170505,1.170515,1.170505,1.170515,-1.0,-1.0,-1
1.170515,1.170555,1.17051,1.17055,-1.0,-1.0,-1
1.17055,1.17055,1.170545,1.17055,-1.0,-1.0,-1
1.17055,1.17059,1.17053,1.170585,-1.0,-1.0,-1
1.170585,1.17059,1.170585,1.170585,-1.0,-1.0,-1
1.170585,1.17059,1.170585,1.170585,-1.0,-1.0,-1
1.170585,1.17059,1.170585,1.170585,-1.0,-1.0,-1
1.170585,1.17059,1.170585,1.170585,-1.0,-1.0,-1
1.170585,1.1706,1.170585,1.170585,-1.0,-1.0,-1
1.170585,1.1706,1.170585,1.170595,-1.0,-1.0,-1
1.170595,1.170595,1.170575,1.170585,-1.0,-1.0,-1
1.170585,1.170625,1.170585,1.170615,-1.0,-1.0,-1
1.170615,1.170625,1.170605,1.170625,-1.0,-1.0,-1
1.170625,1.170655,1.17062,1.170645,-1.0,-1.0,-1
1.170645,1.170655,1.170645,1.17065,-1.0,-1.0,-1
1.17065,1.17066,1.170645,1.17066,-1.0,-1.0,-1
1.17066,1.17069,1.170645,1.17069,-1.0,-1.0,-1
1.17069,1.170705,1.17069,1.17069,-1.0,-1.0,-1
1.17069,1.170705,1.17069,1.17069,-1.0,-1.0,-1
1.17069,1.170705,1.17069,1.170705,-1.0,-1.0,-1
1.170705,1.170705,1.17069,1.170705,-1.0,-1.0,-1
1.170705,1.170705,1.17069,1.17069,-1.0,-1.0,-1
1.17069,1.17069,1.17061,1.170625,-1.0,-1.0,-1
1.170625,1.170625,1.17061,1.170615,-1.0,-1.0,-1
1.170615,1.170635,1.17061,1.170635,-1.0,-1.0,-1
1.170635,1.17065,1.170635,1.170635,-1.0,-1.0,-1
1.170635,1.170635,1.170635,1.170635,-1.0,-1.0,-1
1.170635,1.170635,1.170635,1.170635,-1.0,-1.0,-1
1.170635,1.17065,1.170635,1.17065,-1.0,-1.0,-1
1.17065,1.17065,1.17065,1.17065,-1.0,-1.0,-1
1.17065,1.170685,1.17065,1.170685,-1.0,-1.0,-1
1.170685,1.170745,1.170685,1.17074,-1.0,-1.0,-1
1.17074,1.17075,1.17074,1.170745,-1.0,-1.0,-1
1.170745,1.17075,1.17074,1.170745,-1.0,-1.0,-1
1.170745,1.17075,1.170745,1.17075,-1.0,-1.0,-1
1.17075,1.17075,1.170745,1.170745,-1.0,-1.0,-1
1.170745,1.170745,1.170735,1.170735,-1.0,-1.0,-1
1.170735,1.170735,1.170635,1.170635,-1.0,-1.0,-1
1.170635,1.17065,1.170635,1.170645,-1.0,-1.0,-1
1.170645,1.170675,1.170645,1.170665,-1.0,-1.0,-1
1.170665,1.17069,1.170665,1.170685,-1.0,-1.0,-1
1.170685,1.170685,1.170685,1.170685,-1.0,-1.0,-1
1.170685,1.17071,1.170685,1.17071,-1.0,-1.0,-1
1.17071,1.17071,1.17069,1.17071,-1.0,-1.0,-1
1.17071,1.17071,1.17069,1.170695,-1.0,-1.0,-1
1.170695,1.170695,1.170695,1.170695,-1.0,-1.0,-1
1.170695,1.170695,1.17069,1.17069,-1.0,-1.0,-1
1.17069,1.170705,1.17069,1.170695,-1.0,-1.0,-1
1.170695,1.17075,1.170695,1.170745,-1.0,-1.0,-1
1.170745,1.17076,1.170725,1.17075,-1.0,-1.0,-1
1.17075,1.17075,1.170725,1.170745,-1.0,-1.0,-1
1.170745,1.170745,1.17074,1.17074,-1.0,-1.0,-1
1.17074,1.17074,1.17074,1.17074,-1.0,-1.0,-1
1.17074,1.17074,1.170725,1.17073,-1.0,-1.0,-1
1.17073,1.170735,1.170725,1.170725,-1.0,-1.0,-1
1.170725,1.170725,1.17069,1.170695,-1.0,-1.0,-1
1.170695,1.170695,1.17069,1.170695,-1.0,-1.0,-1
1.170695,1.17072,1.170695,1.17071,-1.0,-1.0,-1
1.17071,1.17071,1.170695,1.170695,-1.0,-1.0,-1
1.170695,1.170705,1.170695,1.170695,-1.0,-1.0,-1
1.170695,1.170695,1.17069,1.17069,-1.0,-1.0,-1
1.17069,1.17069,1.17069,1.17069,-1.0,-1.0,-1
1.17069,1.170705,1.17069,1.170695,-1.0,-1.0,-1
1.170695,1.170695,1.170695,1.170695,-1.0,-1.0,-1
1.170695,1.170695,1.170695,1.170695,-1.0,-1.0,-1
1.170695,1.170695,1.17068,1.17069,-1.0,-1.0,-1
1.17069,1.17069,1.17069,1.17069,-1.0,-1.0,-1
1.17069,1.17069,1.170685,1.170685,-1.0,-1.0,-1
1.170685,1.170685,1.17066,1.17067,-1.0,-1.0,-1
1.17067,1.170675,1.170665,1.17067,-1.0,-1.0,-1
1.17067,1.170695,1.17067,1.170695,-1.0,-1.0,-1
1.170695,1.17074,1.17069,1.17074,-1.0,-1.0,-1
1.17074,1.17078,1.17074,1.17078,-1.0,-1.0,-1
1.17078,1.17078,1.170765,1.17077,-1.0,-1.0,-1
1.17077,1.17077,1.17075,1.17075,-1.0,-1.0,-1
1.17075,1.17075,1.17074,1.17074,-1.0,-1.0,-1
1.17074,1.17078,1.17074,1.17078,-1.0,-1.0,-1
1.17078,1.170795,1.17078,1.17078,-1.0,-1.0,-1
1.17078,1.170785,1.17078,1.170785,-1.0,-1.0,-1
1.170785,1.170785,1.170765,1.17077,-1.0,-1.0,-1
1.17077,1.170775,1.170755,1.17077,-1.0,-1.0,-1
1.17077,1.170775,1.17077,1.170775,-1.0,-1.0,-1
1.170775,1.170775,1.170765,1.170775,-1.0,-1.0,-1
1.170775,1.170795,1.17077,1.170785,-1.0,-1.0,-1
1.170785,1.170795,1.170785,1.170795,-1.0,-1.0,-1
1.170795,1.170795,1.170745,1.170745,-1.0,-1.0,-1
1.170745,1.170745,1.17074,1.170745,-1.0,-1.0,-1
1.170745,1.170745,1.170745,1.170745,-1.0,-1.0,-1
1.170745,1.17077,1.170735,1.17077,-1.0,-1.0,-1
1.17077,1.17077,1.170735,1.170735,-1.0,-1.0,-1
1.170735,1.17076,1.170735,1.17075,-1.0,-1.0,-1
1.17075,1.17076,1.170745,1.170745,-1.0,-1.0,-1
1.170745,1.170745,1.170735,1.170735,-1.0,-1.0,-1
1.170735,1.170735,1.170725,1.170725,-1.0,-1.0,-1
1.170725,1.17075,1.170725,1.170735,-1.0,-1.0,-1
1.170735,1.170735,1.170735,1.170735,-1.0,-1.0,-1
1.170735,1.170745,1.170725,1.170735,-1.0,-1.0,-1
1.170735,1.17075,1.170735,1.17075,-1.0,-1.0,-1
1.17075,1.17075,1.170735,1.170735,-1.0,-1.0,-1
1.170735,1.17075,1.170725,1.170745,-1.0,-1.0,-1
1.170745,1.17076,1.170745,1.170755,-1.0,-1.0,-1
1.170755,1.17076,1.17075,1.17075,-1.0,-1.0,-1
1.17075,1.17076,1.17075,1.17075,-1.0,-1.0,-1
1.17075,1.17076,1.17075,1.170755,-1.0,-1.0,-1
1.170755,1.17077,1.17074,1.17074,-1.0,-1.0,-1
1.17074,1.17074,1.170685,1.170685,-1.0,-1.0,-1
1.170685,1.17069,1.170685,1.170685,-1.0,-1.0,-1
1.170685,1.17069,1.170685,1.17069,-1.0,-1.0,-1
1.17069,1.17069,1.170675,1.170685,-1.0,-1.0,-1
1.170685,1.17071,1.170685,1.170705,-1.0,-1.0,-1
1.170705,1.170715,1.170685,1.170685,-1.0,-1.0,-1
1.170685,1.170685,1.170685,1.170685,-1.0,-1.0,-1
1.170685,1.170685,1.170675,1.170685,-1.0,-1.0,-1
1.170685,1.170685,1.170685,1.170685,-1.0,-1.0,-1
1.170685,1.170685,1.170685,1.170685,-1.0,-1.0,-1
1.170685,1.170725,1.170685,1.170725,-1.0,-1.0,-1
1.170725,1.170725,1.17071,1.170715,-1.0,-1.0,-1
1.170715,1.170715,1.170685,1.170705,-1.0,-1.0,-1
1.170705,1.170775,1.170695,1.170735,-1.0,-1.0,-1
1.170735,1.170865,1.170735,1.17086,-1.0,-1.0,-1
1.17086,1.170885,1.17079,1.170805,-1.0,-1.0,-1
1.170805,1.170895,1.170805,1.170885,-1.0,-1.0,-1
1.170885,1.170885,1.17084,1.170855,-1.0,-1.0,-1
1.170855,1.170885,1.170845,1.17087,-1.0,-1.0,-1
1.17087,1.17101,1.170855,1.17099,-1.0,-1.0,-1
1.17099,1.171045,1.170985,1.170995,-1.0,-1.0,-1
1.170995,1.170995,1.170895,1.170895,-1.0,-1.0,-1
1.170895,1.170895,1.170895,1.170895,-1.0,-1.0,-1
1.170895,1.170905,1.17088,1.1709,-1.0,-1.0,-1
1.1709,1.170905,1.17088,1.170885,-1.0,-1.0,-1
1.170885,1.170905,1.17088,1.1709,-1.0,-1.0,-1
1.1709,1.170905,1.17087,1.17087,-1.0,-1.0,-1
1.17087,1.17087,1.17084,1.170865,-1.0,-1.0,-1
1.170865,1.17089,1.170835,1.170845,-1.0,-1.0,-1
1.170845,1.17085,1.170815,1.170825,-1.0,-1.0,-1
1.170825,1.170835,1.170825,1.170835,-1.0,-1.0,-1
1.170835,1.170835,1.17079,1.170795,-1.0,-1.0,-1
1.170795,1.170805,1.17078,1.17078,-1.0,-1.0,-1
1.17078,1.17078,1.170775,1.17078,-1.0,-1.0,-1
1.17078,1.170795,1.170745,1.17078,-1.0,-1.0,-1
1.17078,1.17078,1.170765,1.170765,-1.0,-1.0,-1
1.170765,1.17077,1.17069,1.17069,-1.0,-1.0,-1
1.17069,1.170705,1.17069,1.170695,-1.0,-1.0,-1
1.170695,1.170695,1.170695,1.170695,-1.0,-1.0,-1
1.170695,1.170775,1.170695,1.17077,-1.0,-1.0,-1
1.17077,1.170805,1.170765,1.170795,-1.0,-1.0,-1
1.170795,1.170795,1.170765,1.170775,-1.0,-1.0,-1
1.170775,1.170775,1.170765,1.170765,-1.0,-1.0,-1
1.170765,1.170805,1.170765,1.170805,-1.0,-1.0,-1
1.170805,1.170835,1.17079,1.170835,-1.0,-1.0,-1
1.170835,1.17085,1.170835,1.170835,-1.0,-1.0,-1
1.170835,1.170885,1.170835,1.170855,-1.0,-1.0,-1
1.170855,1.170885,1.170845,1.17087,-1.0,-1.0,-1
1.17087,1.170885,1.170865,1.170885,-1.0,-1.0,-1
1.170885,1.170885,1.17087,1.170875,-1.0,-1.0,-1
1.170875,1.170875,1.17087,1.170875,-1.0,-1.0,-1
1.170875,1.170875,1.170865,1.17087,-1.0,-1.0,-1
1.17087,1.170885,1.17087,1.170885,-1.0,-1.0,-1
1.170885,1.170885,1.17088,1.170885,-1.0,-1.0,-1
1.170885,1.170925,1.17088,1.170925,-1.0,-1.0,-1
1.170925,1.17094,1.170925,1.170935,-1.0,-1.0,-1
1.170935,1.170945,1.170895,1.170895,-1.0,-1.0,-1
1.170895,1.170905,1.170885,1.17089,-1.0,-1.0,-1
1.17089,1.17094,1.170885,1.170905,-1.0,-1.0,-1
1.170905,1.17095,1.170905,1.170935,-1.0,-1.0,-1
1.170935,1.17094,1.170935,1.170935,-1.0,-1.0,-1
1.170935,1.170955,1.170935,1.170955,-1.0,-1.0,-1
1.170955,1.17096,1.170955,1.170955,-1.0,-1.0,-1
1.170955,1.17096,1.17088,1.17091,-1.0,-1.0,-1
1.17091,1.17095,1.170895,1.170915,-1.0,-1.0,-1
1.170915,1.170915,1.170895,1.17091,-1.0,-1.0,-1
1.17091,1.170915,1.1709,1.1709,-1.0,-1.0,-1
1.1709,1.1709,1.170855,1.17086,-1.0,-1.0,-1
1.17086,1.17091,1.17086,1.170905,-1.0,-1.0,-1
1.170905,1.170905,1.170885,1.17089,-1.0,-1.0,-1
1.17089,1.170895,1.17088,1.170895,-1.0,-1.0,-1
1.170895,1.170895,1.170835,1.17084,-1.0,-1.0,-1
1.17084,1.17086,1.17084,1.170855,-1.0,-1.0,-1
1.170855,1.17089,1.17084,1.17089,-1.0,-1.0,-1
1.17089,1.17089,1.17087,1.170875,-1.0,-1.0,-1
1.170875,1.170885,1.17087,1.170875,-1.0,-1.0,-1
1.170875,1.1709,1.170875,1.1709,-1.0,-1.0,-1
1.1709,1.170905,1.170895,1.170905,-1.0,-1.0,-1
1.170905,1.170915,1.1709,1.170905,-1.0,-1.0,-1
1.170905,1.170905,1.1709,1.1709,-1.0,-1.0,-1
1.1709,1.1709,1.170875,1.170895,-1.0,-1.0,-1
1.170895,1.17091,1.170895,1.17091,-1.0,-1.0,-1
1.17091,1.17091,1.17088,1.17089,-1.0,-1.0,-1
1.17089,1.17089,1.17087,1.17087,-1.0,-1.0,-1
1.17087,1.17089,1.170865,1.17089,-1.0,-1.0,-1
1.17089,1.170895,1.170865,1.17087,-1.0,-1.0,-1
1.17087,1.17087,1.17087,1.17087,-1.0,-1.0,-1
1.17087,1.17087,1.17086,1.170865,-1.0,-1.0,-1
1.170865,1.17089,1.170865,1.170885,-1.0,-1.0,-1
1.170885,1.170885,1.170875,1.170875,-1.0,-1.0,-1
1.170875,1.170885,1.170785,1.170795,-1.0,-1.0,-1
1.170795,1.17083,1.17079,1.17082,-1.0,-1.0,-1
1.17082,1.17082,1.17074,1.17074,-1.0,-1.0,-1
1.17074,1.17078,1.17074,1.17078,-1.0,-1.0,-1
1.17078,1.170805,1.17078,1.170795,-1.0,-1.0,-1
1.170795,1.170795,1.17078,1.17078,-1.0,-1.0,-1
1.17078,1.17078,1.170755,1.170755,-1.0,-1.0,-1
1.170755,1.17076,1.17069,1.170715,-1.0,-1.0,-1
1.170715,1.17072,1.17069,1.17072,-1.0,-1.0,-1
1.17072,1.17074,1.170705,1.17074,-1.0,-1.0,-1
1.17074,1.17075,1.17074,1.170745,-1.0,-1.0,-1
1.170745,1.17075,1.17074,1.17074,-1.0,-1.0,-1
1.17074,1.17074,1.17071,1.170735,-1.0,-1.0,-1
1.170735,1.170735,1.170725,1.170725,-1.0,-1.0,-1
1.170725,1.17074,1.17072,1.17074,-1.0,-1.0,-1
1.17074,1.17074,1.17069,1.17069,-1.0,-1.0,-1
1.17069,1.17073,1.17069,1.17071,-1.0,-1.0,-1
1.17071,1.17071,1.17069,1.17069,-1.0,-1.0,-1
1.17069,1.17069,1.170675,1.17068,-1.0,-1.0,-1
1.17068,1.170685,1.17062,1.170645,-1.0,-1.0,-1
1.170645,1.170645,1.17063,1.17063,-1.0,-1.0,-1
1.17063,1.170635,1.1706,1.17062,-1.0,-1.0,-1
1.17062,1.17062,1.170605,1.170605,-1.0,-1.0,-1
1.170605,1.170605,1.17053,1.170535,-1.0,-1.0,-1
1.170535,1.170545,1.17053,1.17054,-1.0,-1.0,-1
1.17054,1.17056,1.17053,1.17056,-1.0,-1.0,-1
1.17056,1.17059,1.17056,1.17058,-1.0,-1.0,-1
1.17058,1.170585,1.17053,1.170535,-1.0,-1.0,-1
1.170535,1.170555,1.17053,1.17054,-1.0,-1.0,-1
1.17054,1.170555,1.170525,1.17055,-1.0,-1.0,-1
1.17055,1.170555,1.170535,1.17054,-1.0,-1.0,-1
1.17054,1.17054,1.17053,1.17054,-1.0,-1.0,-1
1.17054,1.17055,1.170535,1.170545,-1.0,-1.0,-1
1.170545,1.17055,1.170545,1.17055,-1.0,-1.0,-1
1.17055,1.170555,1.17055,1.170555,-1.0,-1.0,-1
1.170555,1.170555,1.17055,1.17055,-1.0,-1.0,-1
1.17055,1.17055,1.17055,1.17055,-1.0,-1.0,-1
1.17055,1.170555,1.170525,1.170525,-1.0,-1.0,-1
1.170525,1.170545,1.170525,1.17054,-1.0,-1.0,-1
1.17054,1.170545,1.170535,1.17054,-1.0,-1.0,-1
1.17054,1.170545,1.170535,1.17054,-1.0,-1.0,-1
1.17054,1.170545,1.170535,1.17054,-1.0,-1.0,-1
1.17054,1.17054,1.170535,1.17054,-1.0,-1.0,-1
1.17054,1.17054,1.170535,1.17054,-1.0,-1.0,-1
1.17054,1.170555,1.17053,1.170545,-1.0,-1.0,-1
1.170545,1.170545,1.170535,1.17054,-1.0,-1.0,-1
1.17054,1.170565,1.170535,1.17056,-1.0,-1.0,-1
1.17056,1.17063,1.17055,1.170615,-1.0,-1.0,-1
1.170615,1.170615,1.17058,1.17058,-1.0,-1.0,-1
1.17058,1.170585,1.17058,1.17058,-1.0,-1.0,-1
1.17058,1.170585,1.170535,1.17054,-1.0,-1.0,-1
1.17054,1.17054,1.170525,1.17054,-1.0,-1.0,-1
1.17054,1.17054,1.170525,1.170525,-1.0,-1.0,-1
1.170525,1.170535,1.170525,1.170525,-1.0,-1.0,-1
1.170525,1.170535,1.170525,1.170535,-1.0,-1.0,-1
1.170535,1.170545,1.17053,1.170545,-1.0,-1.0,-1
1.170545,1.170545,1.170475,1.17049,-1.0,-1.0,-1
1.17049,1.17051,1.170485,1.17051,-1.0,-1.0,-1
1.17051,1.17051,1.170505,1.170505,-1.0,-1.0,-1
1.170505,1.170505,1.170485,1.170495,-1.0,-1.0,-1
1.170495,1.170535,1.170495,1.170535,-1.0,-1.0,-1
1.170535,1.170535,1.17053,1.170535,-1.0,-1.0,-1
1.170535,1.170545,1.17053,1.17054,-1.0,-1.0,-1
1.17054,1.170545,1.17053,1.170535,-1.0,-1.0,-1
1.170535,1.17054,1.17053,1.170535,-1.0,-1.0,-1
1.170535,1.170535,1.17053,1.170535,-1.0,-1.0,-1
1.170535,1.170555,1.17053,1.170555,-1.0,-1.0,-1
1.170555,1.17059,1.170555,1.170585,-1.0,-1.0,-1
1.170585,1.17059,1.17058,1.170585,-1.0,-1.0,-1
1.170585,1.17059,1.170555,1.170555,-1.0,-1.0,-1
1.170555,1.17059,1.170555,1.170585,-1.0,-1.0,-1
1.170585,1.17059,1.170555,1.17057,-1.0,-1.0,-1
1.17057,1.17057,1.170545,1.170545,-1.0,-1.0,-1
1.170545,1.170545,1.17052,1.17052,-1.0,-1.0,-1
1.17052,1.170525,1.170495,1.170495,-1.0,-1.0,-1
1.170495,1.17051,1.170445,1.17047,-1.0,-1.0,-1
1.17047,1.1705,1.170455,1.170485,-1.0,-1.0,-1
1.170485,1.1705,1.17048,1.170485,-1.0,-1.0,-1
1.170485,1.1705,1.17048,1.170485,-1.0,-1.0,-1
1.170485,1.170485,1.17047,1.17048,-1.0,-1.0,-1
1.17048,1.1705,1.170465,1.170485,-1.0,-1.0,-1
1.170485,1.170485,1.170465,1.170465,-1.0,-1.0,-1
1.170465,1.170515,1.170465,1.170515,-1.0,-1.0,-1
1.170515,1.17052,1.170515,1.17052,-1.0,-1.0,-1
1.17052,1.170555,1.17052,1.170545,-1.0,-1.0,-1
1.170545,1.170545,1.170545,1.170545,-1.0,-1.0,-1
1.170545,1.170545,1.17053,1.170535,-1.0,-1.0,-1
1.170535,1.170535,1.17053,1.170535,-1.0,-1.0,-1
1.170535,1.170595,1.17053,1.170595,-1.0,-1.0,-1
1.170595,1.170595,1.17059,1.170595,-1.0,-1.0,-1
1.170595,1.170595,1.170535,1.17054,-1.0,-1.0,-1
1.17054,1.170545,1.170535,1.170545,-1.0,-1.0,-1
1.170545,1.170555,1.170535,1.17055,-1.0,-1.0,-1
1.17055,1.170635,1.17055,1.170635,-1.0,-1.0,-1
1.170635,1.170635,1.170635,1.170635,-1.0,-1.0,-1
1.170635,1.170635,1.170635,1.170635,-1.0,-1.0,-1
1.170635,1.170635,1.1706,1.1706,-1.0,-1.0,-1
1.1706,1.1706,1.1706,1.1706,-1.0,-1.0,-1
1.1706,1.1706,1.170595,1.1706,-1.0,-1.0,-1
1.1706,1.1706,1.1706,1.1706,-1.0,-1.0,-1
1.1706,1.170605,1.170585,1.170605,-1.0,-1.0,-1
1.170605,1.170635,1.1706,1.17063,-1.0,-1.0,-1
1.17063,1.170635,1.17061,1.17063,-1.0,-1.0,-1
1.17063,1.170635,1.17056,1.170565,-1.0,-1.0,-1
1.170565,1.170575,1.170555,1.170575,-1.0,-1.0,-1
1.170575,1.170645,1.170575,1.17064,-1.0,-1.0,-1
1.17064,1.170685,1.17064,1.17067,-1.0,-1.0,-1
1.17067,1.17068,1.17067,1.17068,-1.0,-1.0,-1
1.17068,1.170735,1.17068,1.170735,-1.0,-1.0,-1
1.170735,1.170735,1.170725,1.170725,-1.0,-1.0,-1
1.170725,1.170735,1.170695,1.170715,-1.0,-1.0,-1
1.170715,1.17073,1.170705,1.17072,-1.0,-1.0,-1
1.17072,1.17072,1.17071,1.17072,-1.0,-1.0,-1
1.17072,1.170735,1.17072,1.170735,-1.0,-1.0,-1
1.170735,1.17075,1.170735,1.170735,-1.0,-1.0,-1
1.170735,1.17082,1.170735,1.1708,-1.0,-1.0,-1
1.1708,1.170805,1.17078,1.17078,-1.0,-1.0,-1
1.17078,1.17078,1.170755,1.17076,-1.0,-1.0,-1
1.17076,1.170775,1.170755,1.17077,-1.0,-1.0,-1
1.17077,1.170815,1.170765,1.170795,-1.0,-1.0,-1
1.170795,1.170795,1.170775,1.170775,-1.0,-1.0,-1
1.170775,1.17078,1.170775,1.17078,-1.0,-1.0,-1
1.17078,1.17078,1.170775,1.170775,-1.0,-1.0,-1
1.170775,1.17078,1.170775,1.17078,-1.0,-1.0,-1
1.17078,1.17078,1.170775,1.17078,-1.0,-1.0,-1
1.17078,1.170805,1.17078,1.170805,-1.0,-1.0,-1
1.170805,1.170805,1.17078,1.17078,-1.0,-1.0,-1
1.17078,1.17078,1.17078,1.17078,-1.0,-1.0,-1
1.17078,1.17078,1.17078,1.17078,-1.0,-1.0,-1
1.17078,1.170805,1.17078,1.170795,-1.0,-1.0,-1
1.170795,1.170825,1.170785,1.170825,-1.0,-1.0,-1
1.170825,1.170825,1.170785,1.170785,-1.0,-1.0,-1
1.170785,1.170815,1.170785,1.170815,-1.0,-1.0,-1
1.170815,1.170815,1.170785,1.170795,-1.0,-1.0,-1
1.170795,1.170795,1.170785,1.170785,-1.0,-1.0,-1
1.170785,1.170785,1.17071,1.170715,-1.0,-1.0,-1
1.170715,1.170735,1.17071,1.17072,-1.0,-1.0,-1
1.17072,1.17073,1.17072,1.17073,-1.0,-1.0,-1
1.17073,1.17073,1.17073,1.17073,-1.0,-1.0,-1
1.17073,1.17073,1.170695,1.17073,-1.0,-1.0,-1
1.17073,1.17073,1.170695,1.170695,-1.0,-1.0,-1
1.170695,1.17074,1.170695,1.17074,-1.0,-1.0,-1
1.17074,1.17075,1.17074,1.170745,-1.0,-1.0,-1
1.170745,1.170745,1.170725,1.17074,-1.0,-1.0,-1
1.17074,1.17074,1.17073,1.17073,-1.0,-1.0,-1
1.17073,1.170735,1.17069,1.17069,-1.0,-1.0,-1
1.17069,1.17069,1.170685,1.170685,-1.0,-1.0,-1
1.170685,1.17076,1.170685,1.170745,-1.0,-1.0,-1
1.170745,1.17076,1.170745,1.170745,-1.0,-1.0,-1
1.170745,1.170745,1.17074,1.17074,-1.0,-1.0,-1
1.17074,1.170745,1.17074,1.170745,-1.0,-1.0,-1
1.170745,1.17076,1.170735,1.170755,-1.0,-1.0,-1
1.170755,1.17076,1.17074,1.17074,-1.0,-1.0,-1
1.17074,1.17076,1.17074,1.170755,-1.0,-1.0,-1
1.170755,1.17076,1.170745,1.170745,-1.0,-1.0,-1
1.170745,1.170745,1.170745,1.170745,-1.0,-1.0,-1
1.170745,1.170745,1.170735,1.17074,-1.0,-1.0,-1
1.17074,1.170745,1.170725,1.170745,-1.0,-1.0,-1
1.170745,1.170745,1.17073,1.170735,-1.0,-1.0,-1
1.170735,1.17077,1.170735,1.17074,-1.0,-1.0,-1
1.17074,1.17076,1.17074,1.170755,-1.0,-1.0,-1
1.170755,1.17076,1.170745,1.170745,-1.0,-1.0,-1
1.170745,1.17076,1.17074,1.17074,-1.0,-1.0,-1
1.17074,1.17076,1.17074,1.170755,-1.0,-1.0,-1
1.170755,1.17076,1.170735,1.17074,-1.0,-1.0,-1
1.17074,1.170745,1.17074,1.17074,-1.0,-1.0,-1
1.17074,1.170745,1.17074,1.170745,-1.0,-1.0,-1
1.170745,1.170745,1.17074,1.17074,-1.0,-1.0,-1
1.17074,1.170745,1.17074,1.170745,-1.0,-1.0,-1
1.170745,1.170745,1.17074,1.17074,-1.0,-1.0,-1
1.17074,1.17076,1.17074,1.17075,-1.0,-1.0,-1
1.17075,1.170775,1.17075,1.17075,-1.0,-1.0,-1
1.17075,1.17077,1.17075,1.17077,-1.0,-1.0,-1
1.17077,1.17077,1.170765,1.17077,-1.0,-1.0,-1
1.17077,1.17077,1.17076,1.17077,-1.0,-1.0,-1
1.17077,1.17077,1.17077,1.17077,-1.0,-1.0,-1
1.17077,1.17077,1.17076,1.17077,-1.0,-1.0,-1
1.17077,1.17077,1.17077,1.17077,-1.0,-1.0,-1
1.17077,1.17077,1.170735,1.170745,-1.0,-1.0,-1
1.170745,1.170745,1.17074,1.170745,-1.0,-1.0,-1
1.170745,1.170765,1.170745,1.17076,-1.0,-1.0,-1
1.17076,1.170765,1.1707,1.170705,-1.0,-1.0,-1
1.170705,1.170715,1.1707,1.170705,-1.0,-1.0,-1
1.170705,1.17072,1.1707,1.170715,-1.0,-1.0,-1
1.170715,1.17072,1.17071,1.170715,-1.0,-1.0,-1
1.170715,1.170715,1.1707,1.170705,-1.0,-1.0,-1
1.170705,1.170705,1.1707,1.170705,-1.0,-1.0,-1
1.170705,1.170705,1.17069,1.170705,-1.0,-1.0,-1
1.170705,1.17076,1.17069,1.170735,-1.0,-1.0,-1
1.170735,1.170745,1.170725,1.170735,-1.0,-1.0,-1
1.170735,1.170735,1.170725,1.170735,-1.0,-1.0,-1
1.170735,1.170735,1.17069,1.170715,-1.0,-1.0,-1
1.170715,1.17073,1.17071,1.170715,-1.0,-1.0,-1
1.170715,1.170735,1.17071,1.170735,-1.0,-1.0,-1
1.170735,1.170735,1.170725,1.170725,-1.0,-1.0,-1
1.170725,1.170735,1.170725,1.170725,-1.0,-1.0,-1
1.170725,1.170735,1.1707,1.170705,-1.0,-1.0,-1
1.170705,1.170705,1.170675,1.170675,-1.0,-1.0,-1
1.170675,1.17068,1.170675,1.170675,-1.0,-1.0,-1
1.170675,1.170685,1.170675,1.170685,-1.0,-1.0,-1
1.170685,1.17069,1.170685,1.17069,-1.0,-1.0,-1
1.17069,1.17069,1.17062,1.170635,-1.0,-1.0,-1
1.170635,1.170635,1.170585,1.170595,-1.0,-1.0,-1
1.170595,1.170605,1.170585,1.170605,-1.0,-1.0,-1
1.170605,1.170635,1.170605,1.17062,-1.0,-1.0,-1
1.17062,1.17062,1.17061,1.170615,-1.0,-1.0,-1
1.170615,1.170625,1.17061,1.170615,-1.0,-1.0,-1
1.170615,1.170685,1.17061,1.170665,-1.0,-1.0,-1
1.170665,1.170705,1.170665,1.170705,-1.0,-1.0,-1
1.170705,1.170705,1.1707,1.170705,-1.0,-1.0,-1
1.170705,1.170705,1.170685,1.17069,-1.0,-1.0,-1
1.17069,1.17069,1.170645,1.170645,-1.0,-1.0,-1
1.170645,1.17065,1.170645,1.17065,-1.0,-1.0,-1
1.17065,1.170655,1.17064,1.17064,-1.0,-1.0,-1
1.17064,1.170655,1.17061,1.170615,-1.0,-1.0,-1
1.170615,1.170645,1.17061,1.17064,-1.0,-1.0,-1
1.17064,1.17064,1.170605,1.17062,-1.0,-1.0,-1
1.17062,1.170625,1.170615,1.170625,-1.0,-1.0,-1
1.170625,1.170625,1.17062,1.170625,-1.0,-1.0,-1
1.170625,1.170625,1.170615,1.17062,-1.0,-1.0,-1
1.17062,1.170655,1.170615,1.170645,-1.0,-1.0,-1
1.170645,1.170645,1.170635,1.170635,-1.0,-1.0,-1
1.170635,1.170655,1.170635,1.170635,-1.0,-1.0,-1
1.170635,1.170645,1.170635,1.170635,-1.0,-1.0,-1
1.170635,1.17064,1.170635,1.17064,-1.0,-1.0,-1
1.17064,1.17067,1.170635,1.170665,-1.0,-1.0,-1
1.170665,1.170685,1.170665,1.170675,-1.0,-1.0,-1
1.170675,1.17069,1.170675,1.17069,-1.0,-1.0,-1
1.17069,1.170715,1.17069,1.170715,-1.0,-1.0,-1
1.170715,1.170715,1.17069,1.170705,-1.0,-1.0,-1
1.170705,1.170705,1.17069,1.17069,-1.0,-1.0,-1
1.17069,1.17069,1.170685,1.170685,-1.0,-1.0,-1
1.170685,1.170685,1.170665,1.170665,-1.0,-1.0,-1
1.170665,1.170705,1.170665,1.170705,-1.0,-1.0,-1
1.170705,1.170705,1.170655,1.170665,-1.0,-1.0,-1
1.170665,1.17068,1.17066,1.170665,-1.0,-1.0,-1
1.170665,1.17067,1.170665,1.170665,-1.0,-1.0,-1
1.170665,1.17068,1.170665,1.170675,-1.0,-1.0,-1
1.170675,1.17068,1.17066,1.17066,-1.0,-1.0,-1
1.17066,1.17066,1.170615,1.17065,-1.0,-1.0,-1
1.17065,1.17075,1.17065,1.170695,-1.0,-1.0,-1
1.170695,1.170695,1.17069,1.170695,-1.0,-1.0,-1
1.170695,1.17071,1.170695,1.17071,-1.0,-1.0,-1
1.17071,1.17071,1.1707,1.170705,-1.0,-1.0,-1
1.170705,1.170705,1.17067,1.17067,-1.0,-1.0,-1
1.17067,1.17069,1.17067,1.17069,-1.0,-1.0,-1
1.17069,1.170705,1.17069,1.170705,-1.0,-1.0,-1
1.170705,1.170705,1.170645,1.17065,-1.0,-1.0,-1
1.17065,1.17065,1.170635,1.17064,-1.0,-1.0,-1
1.17064,1.170645,1.17063,1.17064,-1.0,-1.0,-1
1.17064,1.170685,1.17064,1.17068,-1.0,-1.0,-1
1.17068,1.170685,1.170605,1.17062,-1.0,-1.0,-1
1.17062,1.17063,1.170615,1.170625,-1.0,-1.0,-1
1.170625,1.170625,1.1706,1.1706,-1.0,-1.0,-1
1.1706,1.170605,1.1706,1.1706,-1.0,-1.0,-1
1.1706,1.1706,1.170595,1.1706,-1.0,-1.0,-1
1.1706,1.1706,1.17055,1.17055,-1.0,-1.0,-1
1.17055,1.170605,1.17055,1.170605,-1.0,-1.0,-1
1.170605,1.170625,1.170605,1.17062,-1.0,-1.0,-1
1.17062,1.170635,1.170605,1.170625,-1.0,-1.0,-1
1.170625,1.17064,1.17062,1.170625,-1.0,-1.0,-1
1.170625,1.170635,1.17062,1.170625,-1.0,-1.0,-1
1.170625,1.170645,1.17062,1.170645,-1.0,-1.0,-1
1.170645,1.170645,1.170615,1.170625,-1.0,-1.0,-1
1.170625,1.170635,1.170605,1.170605,-1.0,-1.0,-1
1.170605,1.170605,1.170585,1.1706,-1.0,-1.0,-1
1.1706,1.170605,1.1706,1.1706,-1.0,-1.0,-1
1.1706,1.170605,1.1706,1.170605,-1.0,-1.0,-1
1.170605,1.170605,1.1706,1.1706,-1.0,-1.0,-1
1.1706,1.1706,1.170595,1.170595,-1.0,-1.0,-1
1.170595,1.170595,1.170545,1.170565,-1.0,-1.0,-1
1.170565,1.1706,1.170565,1.1706,-1.0,-1.0,-1
1.1706,1.1706,1.170575,1.170585,-1.0,-1.0,-1
1.170585,1.170595,1.170585,1.170595,-1.0,-1.0,-1
1.170595,1.170595,1.170585,1.170585,-1.0,-1.0,-1
1.170585,1.1706,1.17058,1.170585,-1.0,-1.0,-1
1.170585,1.170605,1.170585,1.170605,-1.0,-1.0,-1
1.170605,1.170605,1.170595,1.170595,-1.0,-1.0,-1
1.170595,1.1706,1.170585,1.170595,-1.0,-1.0,-1
1.170595,1.170595,1.170585,1.170595,-1.0,-1.0,-1
1.170595,1.170595,1.170585,1.170595,-1.0,-1.0,-1
1.170595,1.170595,1.170585,1.170585,-1.0,-1.0,-1
1.170585,1.1706,1.170585,1.170585,-1.0,-1.0,-1
1.170585,1.1706,1.170575,1.170575,-1.0,-1.0,-1
1.170575,1.170575,1.170575,1.170575,-1.0,-1.0,-1
1.170575,1.170575,1.170565,1.170565,-1.0,-1.0,-1
1.170565,1.17059,1.170565,1.170585,-1.0,-1.0,-1
1.170585,1.17059,1.170585,1.170585,-1.0,-1.0,-1
1.170585,1.17059,1.170585,1.170585,-1.0,-1.0,-1
1.170585,1.17059,1.170585,1.170585,-1.0,-1.0,-1
1.170585,1.17059,1.170565,1.17058,-1.0,-1.0,-1
1.17058,1.170595,1.17058,1.170595,-1.0,-1.0,-1
1.170595,1.170595,1.17058,1.170595,-1.0,-1.0,-1
1.170595,1.170595,1.17058,1.17058,-1.0,-1.0,-1
1.17058,1.170585,1.170565,1.17057,-1.0,-1.0,-1
1.17057,1.17057,1.17055,1.17055,-1.0,-1.0,-1
1.17055,1.17055,1.17055,1.17055,-1.0,-1.0,-1
1.17055,1.170565,1.17055,1.17056,-1.0,-1.0,-1
1.17056,1.1706,1.17056,1.1706,-1.0,-1.0,-1
1.1706,1.1706,1.170545,1.170545,-1.0,-1.0,-1
1.170545,1.170545,1.170495,1.170515,-1.0,-1.0,-1
1.170515,1.170515,1.17049,1.17049,-1.0,-1.0,-1
1.17049,1.17055,1.17049,1.17055,-1.0,-1.0,-1
1.17055,1.170575,1.17055,1.170575,-1.0,-1.0,-1
1.170575,1.170575,1.17053,1.17055,-1.0,-1.0,-1
1.17055,1.17055,1.17053,1.170545,-1.0,-1.0,-1
1.170545,1.17059,1.170545,1.170585,-1.0,-1.0,-1
1.170585,1.1706,1.170535,1.17054,-1.0,-1.0,-1
1.17054,1.17054,1.17052,1.17052,-1.0,-1.0,-1
1.17052,1.17052,1.17052,1.17052,-1.0,-1.0,-1
1.17052,1.17052,1.170485,1.17049,-1.0,-1.0,-1
1.17049,1.170495,1.170475,1.17048,-1.0,-1.0,-1
1.17048,1.170505,1.17048,1.170505,-1.0,-1.0,-1
1.170505,1.170505,1.17047,1.17048,-1.0,-1.0,-1
1.17048,1.17048,1.170475,1.17048,-1.0,-1.0,-1
1.17048,1.170495,1.17048,1.170485,-1.0,-1.0,-1
1.170485,1.1705,1.17048,1.170495,-1.0,-1.0,-1
1.170495,1.170505,1.170485,1.170505,-1.0,-1.0,-1
1.170505,1.170505,1.170505,1.170505,-1.0,-1.0,-1
1.170505,1.170505,1.17049,1.17049,-1.0,-1.0,-1
1.17049,1.170495,1.170425,1.17043,-1.0,-1.0,-1
1.17043,1.17043,1.17043,1.17043,-1.0,-1.0,-1
1.17043,1.17045,1.17043,1.170445,-1.0,-1.0,-1
1.170445,1.17048,1.17044,1.17048,-1.0,-1.0,-1
1.17048,1.170485,1.170455,1.170455,-1.0,-1.0,-1
1.170455,1.170455,1.170455,1.170455,-1.0,-1.0,-1
1.170455,1.170485,1.170455,1.170485,-1.0,-1.0,-1
1.170485,1.170485,1.170485,1.170485,-1.0,-1.0,-1
1.170485,1.17051,1.17048,1.17051,-1.0,-1.0,-1
1.17051,1.17051,1.170505,1.17051,-1.0,-1.0,-1
1.17051,1.17051,1.170435,1.170445,-1.0,-1.0,-1
1.170445,1.170455,1.17043,1.17043,-1.0,-1.0,-1
1.17043,1.170435,1.17043,1.170435,-1.0,-1.0,-1
1.170435,1.17051,1.170435,1.170505,-1.0,-1.0,-1
1.170505,1.17051,1.170495,1.170505,-1.0,-1.0,-1
1.170505,1.170505,1.170505,1.170505,-1.0,-1.0,-1
1.170505,1.17051,1.170485,1.170485,-1.0,-1.0,-1
1.170485,1.170495,1.170485,1.170485,-1.0,-1.0,-1
1.170485,1.17051,1.17048,1.17051,-1.0,-1.0,-1
1.17051,1.170515,1.170495,1.17051,-1.0,-1.0,-1
1.17051,1.170535,1.170495,1.17052,-1.0,-1.0,-1
1.17052,1.170545,1.17052,1.170545,-1.0,-1.0,-1
1.170545,1.170545,1.170525,1.170535,-1.0,-1.0,-1
1.170535,1.170535,1.170515,1.17052,-1.0,-1.0,-1
1.17052,1.17052,1.17052,1.17052,-1.0,-1.0,-1
1.17052,1.170555,1.17052,1.170555,-1.0,-1.0,-1
1.170555,1.170555,1.170555,1.170555,-1.0,-1.0,-1
1.170555,1.170555,1.17055,1.170555,-1.0,-1.0,-1
1.170555,1.17056,1.170535,1.17056,-1.0,-1.0,-1
1.17056,1.17056,1.170535,1.17056,-1.0,-1.0,-1
1.17056,1.17057,1.170555,1.17056,-1.0,-1.0,-1
1.17056,1.170585,1.17056,1.170565,-1.0,-1.0,-1
1.170565,1.170565,1.170485,1.170485,-1.0,-1.0,-1
1.170485,1.170485,1.17046,1.170465,-1.0,-1.0,-1
1.170465,1.170465,1.170465,1.170465,-1.0,-1.0,-1
1.170465,1.170465,1.170465,1.170465,-1.0,-1.0,-1
1.170465,1.170475,1.170465,1.170475,-1.0,-1.0,-1
1.170475,1.170475,1.17044,1.17046,-1.0,-1.0,-1
1.17046,1.1705,1.17046,1.170495,-1.0,-1.0,-1
1.170495,1.1705,1.17049,1.17049,-1.0,-1.0,-1
1.17049,1.1705,1.17049,1.17049,-1.0,-1.0,-1
1.17049,1.1705,1.17049,1.170495,-1.0,-1.0,-1
1.170495,1.170545,1.170495,1.17054,-1.0,-1.0,-1
1.17054,1.170555,1.170535,1.17055,-1.0,-1.0,-1
1.17055,1.17055,1.170545,1.17055,-1.0,-1.0,-1
1.17055,1.17055,1.170545,1.17055,-1.0,-1.0,-1
1.17055,1.170555,1.17055,1.17055,-1.0,-1.0,-1
1.17055,1.17055,1.17055,1.17055,-1.0,-1.0,-1
1.17055,1.17055,1.17049,1.17049,-1.0,-1.0,-1
1.17049,1.170495,1.170485,1.170485,-1.0,-1.0,-1
1.170485,1.17051,1.170485,1.17049,-1.0,-1.0,-1
1.17049,1.170495,1.17044,1.170445,-1.0,-1.0,-1
1.170445,1.170445,1.17043,1.17043,-1.0,-1.0,-1
1.17043,1.170435,1.170425,1.17043,-1.0,-1.0,-1
1.17043,1.170435,1.170425,1.170435,-1.0,-1.0,-1
1.170435,1.170435,1.170435,1.170435,-1.0,-1.0,-1
1.170435,1.170435,1.170425,1.17043,-1.0,-1.0,-1
1.17043,1.17043,1.17039,1.17039,-1.0,-1.0,-1
1.17039,1.170435,1.17039,1.170435,-1.0,-1.0,-1
1.170435,1.170435,1.17039,1.17039,-1.0,-1.0,-1
1.17039,1.17039,1.17039,1.17039,-1.0,-1.0,-1
1.17039,1.17039,1.17039,1.17039,-1.0,-1.0,-1
1.17039,1.17039,1.17033,1.17033,-1.0,-1.0,-1
1.17033,1.170345,1.17033,1.170345,-1.0,-1.0,-1
1.170345,1.170365,1.170345,1.17036,-1.0,-1.0,-1
1.17036,1.170385,1.170355,1.170385,-1.0,-1.0,-1
1.170385,1.170385,1.170385,1.170385,-1.0,-1.0,-1
1.170385,1.170395,1.170385,1.170395,-1.0,-1.0,-1
1.170395,1.1704,1.17039,1.17039,-1.0,-1.0,-1
1.17039,1.17039,1.170385,1.170385,-1.0,-1.0,-1
1.170385,1.17039,1.170385,1.17039,-1.0,-1.0,-1
1.17039,1.17039,1.17039,1.17039,-1.0,-1.0,-1
1.17039,1.17039,1.17035,1.170355,-1.0,-1.0,-1
1.170355,1.170365,1.17035,1.170365,-1.0,-1.0,-1
1.170365,1.170365,1.17034,1.17034,-1.0,-1.0,-1
1.17034,1.170385,1.170335,1.17034,-1.0,-1.0,-1
1.17034,1.17034,1.17034,1.17034,-1.0,-1.0,-1
1.17034,1.17034,1.17034,1.17034,-1.0,-1.0,-1
1.17034,1.170345,1.17034,1.170345,-1.0,-1.0,-1
1.170345,1.170355,1.170335,1.170345,-1.0,-1.0,-1
1.170345,1.17035,1.170345,1.17035,-1.0,-1.0,-1
1.17035,1.17037,1.17035,1.17037,-1.0,-1.0,-1
1.17037,1.170375,1.17036,1.170365,-1.0,-1.0,-1
1.170365,1.170375,1.170355,1.17036,-1.0,-1.0,-1
1.17036,1.170385,1.17034,1.170385,-1.0,-1.0,-1
1.170385,1.170385,1.170355,1.17036,-1.0,-1.0,-1
1.17036,1.170385,1.17035,1.17037,-1.0,-1.0,-1
1.17037,1.17038,1.170355,1.170375,-1.0,-1.0,-1
1.170375,1.17039,1.17036,1.17039,-1.0,-1.0,-1
1.17039,1.17039,1.17038,1.17038,-1.0,-1.0,-1
1.17038,1.17038,1.17036,1.170375,-1.0,-1.0,-1
1.170375,1.170375,1.170375,1.170375,-1.0,-1.0,-1
1.170375,1.170385,1.170355,1.170375,-1.0,-1.0,-1
1.170375,1.170375,1.17036,1.17037,-1.0,-1.0,-1
1.17037,1.170375,1.17037,1.170375,-1.0,-1.0,-1
1.170375,1.170375,1.17036,1.17037,-1.0,-1.0,-1
1.17037,1.170385,1.17035,1.170365,-1.0,-1.0,-1
1.170365,1.170385,1.17036,1.17038,-1.0,-1.0,-1
1.17038,1.170385,1.17031,1.17032,-1.0,-1.0,-1
1.17032,1.17033,1.170305,1.170315,-1.0,-1.0,-1
1.170315,1.170325,1.17029,1.17031,-1.0,-1.0,-1
1.17031,1.17034,1.17031,1.17034,-1.0,-1.0,-1
1.17034,1.170395,1.17034,1.17039,-1.0,-1.0,-1
1.17039,1.1704,1.17036,1.17037,-1.0,-1.0,-1
1.17037,1.17037,1.17035,1.17036,-1.0,-1.0,-1
1.17036,1.170375,1.17035,1.170365,-1.0,-1.0,-1
1.170365,1.17038,1.170335,1.17034,-1.0,-1.0,-1
1.17034,1.17034,1.17033,1.17033,-1.0,-1.0,-1
1.17033,1.17033,1.17025,1.17025,-1.0,-1.0,-1
1.17025,1.170265,1.17025,1.17025,-1.0,-1.0,-1
1.17025,1.17025,1.170235,1.170245,-1.0,-1.0,-1
1.170245,1.170245,1.170205,1.170205,-1.0,-1.0,-1
1.170205,1.170205,1.17018,1.170185,-1.0,-1.0,-1
1.170185,1.170185,1.170175,1.170175,-1.0,-1.0,-1
1.170175,1.170195,1.170175,1.17019,-1.0,-1.0,-1
1.17019,1.17019,1.170165,1.170175,-1.0,-1.0,-1
1.170175,1.170185,1.17017,1.170175,-1.0,-1.0,-1
1.170175,1.170175,1.170125,1.170135,-1.0,-1.0,-1
1.170135,1.170145,1.170135,1.170135,-1.0,-1.0,-1
1.170135,1.170135,1.17013,1.17013,-1.0,-1.0,-1
1.17013,1.17015,1.170115,1.170135,-1.0,-1.0,-1
1.170135,1.170145,1.17013,1.17013,-1.0,-1.0,-1
1.17013,1.17013,1.170115,1.17013,-1.0,-1.0,-1
1.17013,1.170135,1.17013,1.17013,-1.0,-1.0,-1
1.17013,1.17013,1.17013,1.17013,-1.0,-1.0,-1
1.17013,1.170135,1.17013,1.170135,-1.0,-1.0,-1
1.170135,1.170145,1.170135,1.17014,-1.0,-1.0,-1
1.17014,1.170145,1.17013,1.17013,-1.0,-1.0,-1
1.17013,1.170135,1.17013,1.170135,-1.0,-1.0,-1
1.170135,1.170135,1.17013,1.17013,-1.0,-1.0,-1
1.17013,1.170135,1.17013,1.170135,-1.0,-1.0,-1
1.170135,1.170145,1.170125,1.17014,-1.0,-1.0,-1
1.17014,1.170145,1.17013,1.17013,-1.0,-1.0,-1
1.17013,1.170145,1.17008,1.170085,-1.0,-1.0,-1
1.170085,1.17012,1.17008,1.17008,-1.0,-1.0,-1
1.17008,1.17008,1.17008,1.17008,-1.0,-1.0,-1
1.17008,1.1701,1.17008,1.170095,-1.0,-1.0,-1
1.170095,1.170105,1.17009,1.170105,-1.0,-1.0,-1
1.170105,1.170105,1.170105,1.170105,-1.0,-1.0,-1
1.170105,1.170105,1.170105,1.170105,-1.0,-1.0,-1
1.170105,1.170105,1.170105,1.170105,-1.0,-1.0,-1
1.170105,1.170125,1.17009,1.170095,-1.0,-1.0,-1
1.170095,1.170095,1.17009,1.170095,-1.0,-1.0,-1
1.170095,1.170095,1.17009,1.170095,-1.0,-1.0,-1
1.170095,1.170105,1.17008,1.17008,-1.0,-1.0,-1
1.17008,1.170095,1.17008,1.17008,-1.0,-1.0,-1
1.17008,1.170095,1.170075,1.170095,-1.0,-1.0,-1
1.170095,1.170125,1.17008,1.170125,-1.0,-1.0,-1
1.170125,1.170125,1.170125,1.170125,-1.0,-1.0,-1
1.170125,1.170125,1.170105,1.170105,-1.0,-1.0,-1
1.170105,1.170105,1.17008,1.17008,-1.0,-1.0,-1
1.17008,1.170095,1.170045,1.170055,-1.0,-1.0,-1
1.170055,1.17007,1.170055,1.170055,-1.0,-1.0,-1
1.170055,1.17007,1.170055,1.17007,-1.0,-1.0,-1
1.17007,1.17007,1.170065,1.17007,-1.0,-1.0,-1
1.17007,1.17008,1.17007,1.17008,-1.0,-1.0,-1
1.17008,1.17008,1.170075,1.170075,-1.0,-1.0,-1
1.170075,1.17008,1.170075,1.17008,-1.0,-1.0,-1
1.17008,1.170085,1.17008,1.17008,-1.0,-1.0,-1
1.17008,1.17008,1.170075,1.17008,-1.0,-1.0,-1
1.17008,1.17008,1.17003,1.17007,-1.0,-1.0,-1
1.17007,1.17007,1.17007,1.17007,-1.0,-1.0,-1
1.17007,1.17007,1.17007,1.17007,-1.0,-1.0,-1
1.17007,1.17008,1.17007,1.17008,-1.0,-1.0,-1
1.17008,1.17008,1.17007,1.17008,-1.0,-1.0,-1
1.17008,1.170085,1.17008,1.170085,-1.0,-1.0,-1
1.170085,1.170135,1.170085,1.17013,-1.0,-1.0,-1
1.17013,1.170135,1.170105,1.17013,-1.0,-1.0,-1
1.17013,1.17013,1.17012,1.17012,-1.0,-1.0,-1
1.17012,1.170125,1.17012,1.17012,-1.0,-1.0,-1
1.17012,1.170145,1.17012,1.17014,-1.0,-1.0,-1
1.17014,1.170145,1.17014,1.17014,-1.0,-1.0,-1
1.17014,1.170145,1.17012,1.17012,-1.0,-1.0,-1
1.17012,1.17012,1.170115,1.17012,-1.0,-1.0,-1
1.17012,1.17012,1.170115,1.170115,-1.0,-1.0,-1
1.170115,1.170115,1.170075,1.170075,-1.0,-1.0,-1
1.170075,1.170075,1.170075,1.170075,-1.0,-1.0,-1
1.170075,1.170075,1.17007,1.170075,-1.0,-1.0,-1
1.170075,1.170105,1.170075,1.17008,-1.0,-1.0,-1
1.17008,1.170085,1.17008,1.170085,-1.0,-1.0,-1
1.170085,1.170105,1.170085,1.170105,-1.0,-1.0,-1
1.170105,1.170115,1.17009,1.170105,-1.0,-1.0,-1
1.170105,1.170115,1.17009,1.170105,-1.0,-1.0,-1
1.170105,1.17013,1.170105,1.17012,-1.0,-1.0,-1
1.17012,1.17012,1.170095,1.1701,-1.0,-1.0,-1
1.1701,1.170125,1.17009,1.170125,-1.0,-1.0,-1
1.170125,1.170125,1.170125,1.170125,-1.0,-1.0,-1
1.170125,1.170125,1.17008,1.17008,-1.0,-1.0,-1
1.17008,1.17008,1.170075,1.17008,-1.0,-1.0,-1
1.17008,1.170095,1.17008,1.17008,-1.0,-1.0,-1
1.17008,1.17008,1.17008,1.17008,-1.0,-1.0,-1
1.17008,1.170085,1.17008,1.170085,-1.0,-1.0,-1
1.170085,1.170085,1.17008,1.17008,-1.0,-1.0,-1
1.17008,1.17008,1.17,1.170005,-1.0,-1.0,-1
1.170005,1.17002,1.169995,1.169995,-1.0,-1.0,-1
1.169995,1.17001,1.169985,1.169985,-1.0,-1.0,-1
1.169985,1.169985,1.169985,1.169985,-1.0,-1.0,-1
1.169985,1.16999,1.169985,1.16999,-1.0,-1.0,-1
1.16999,1.169995,1.16999,1.16999,-1.0,-1.0,-1
1.16999,1.16999,1.169985,1.169985,-1.0,-1.0,-1
1.169985,1.16999,1.16998,1.16998,-1.0,-1.0,-1
1.16998,1.169985,1.169975,1.16998,-1.0,-1.0,-1
1.16998,1.16999,1.16998,1.16999,-1.0,-1.0,-1
1.16999,1.16999,1.169985,1.16999,-1.0,-1.0,-1
1.16999,1.169995,1.16999,1.16999,-1.0,-1.0,-1
1.16999,1.16999,1.16999,1.16999,-1.0,-1.0,-1
1.16999,1.17003,1.16999,1.170025,-1.0,-1.0,-1
1.170025,1.17003,1.170025,1.17003,-1.0,-1.0,-1
1.17003,1.170035,1.17003,1.170035,-1.0,-1.0,-1
1.170035,1.170035,1.170035,1.170035,-1.0,-1.0,-1
1.170035,1.170065,1.170035,1.170055,-1.0,-1.0,-1
1.170055,1.17006,1.170045,1.170045,-1.0,-1.0,-1
1.170045,1.170065,1.170045,1.170065,-1.0,-1.0,-1
1.170065,1.17007,1.170055,1.170055,-1.0,-1.0,-1
1.170055,1.17007,1.17005,1.17005,-1.0,-1.0,-1
1.17005,1.170055,1.17004,1.170045,-1.0,-1.0,-1
1.170045,1.17007,1.17004,1.170065,-1.0,-1.0,-1
1.170065,1.170075,1.170045,1.17007,-1.0,-1.0,-1
1.17007,1.170095,1.17007,1.17008,-1.0,-1.0,-1
1.17008,1.17008,1.17007,1.17008,-1.0,-1.0,-1
1.17008,1.17008,1.170075,1.17008,-1.0,-1.0,-1
1.17008,1.170095,1.17008,1.17008,-1.0,-1.0,-1
1.17008,1.17008,1.170075,1.17008,-1.0,-1.0,-1
1.17008,1.170095,1.17008,1.170095,-1.0,-1.0,-1
1.170095,1.170095,1.17009,1.170095,-1.0,-1.0,-1
1.170095,1.170095,1.170075,1.170075,-1.0,-1.0,-1
1.170075,1.170075,1.170075,1.170075,-1.0,-1.0,-1
1.170075,1.170075,1.170075,1.170075,-1.0,-1.0,-1
1.170075,1.170085,1.170075,1.170085,-1.0,-1.0,-1
1.170085,1.17013,1.170085,1.170125,-1.0,-1.0,-1
1.170125,1.17013,1.170105,1.17011,-1.0,-1.0,-1
1.17011,1.170135,1.17011,1.170135,-1.0,-1.0,-1
1.170135,1.170135,1.170135,1.170135,-1.0,-1.0,-1
1.170135,1.170135,1.170135,1.170135,-1.0,-1.0,-1
1.170135,1.170135,1.17009,1.170095,-1.0,-1.0,-1
1.170095,1.170105,1.17009,1.170105,-1.0,-1.0,-1
1.170105,1.17011,1.170105,1.17011,-1.0,-1.0,-1
1.17011,1.17011,1.17008,1.17008,-1.0,-1.0,-1
1.17008,1.17008,1.17008,1.17008,-1.0,-1.0,-1
1.17008,1.170105,1.17008,1.170105,-1.0,-1.0,-1
1.170105,1.170105,1.170095,1.170105,-1.0,-1.0,-1
1.170105,1.170105,1.170105,1.170105,-1.0,-1.0,-1
1.170105,1.170105,1.170095,1.1701,-1.0,-1.0,-1
1.1701,1.170105,1.170095,1.1701,-1.0,-1.0,-1
1.1701,1.170125,1.170095,1.170125,-1.0,-1.0,-1
1.170125,1.170145,1.170125,1.17014,-1.0,-1.0,-1
1.17014,1.170145,1.170135,1.170135,-1.0,-1.0,-1
1.170135,1.170145,1.170135,1.170135,-1.0,-1.0,-1
1.170135,1.170145,1.170135,1.17014,-1.0,-1.0,-1
1.17014,1.170145,1.170135,1.170135,-1.0,-1.0,-1
1.170135,1.17015,1.170135,1.170135,-1.0,-1.0,-1
1.170135,1.170135,1.170135,1.170135,-1.0,-1.0,-1
1.170135,1.170135,1.17013,1.17013,-1.0,-1.0,-1
1.17013,1.170145,1.17013,1.170135,-1.0,-1.0,-1
1.170135,1.170145,1.170135,1.170135,-1.0,-1.0,-1
1.170135,1.170155,1.170135,1.170155,-1.0,-1.0,-1
1.170155,1.170165,1.170085,1.170105,-1.0,-1.0,-1
1.170105,1.170105,1.170095,1.170105,-1.0,-1.0,-1
1.170105,1.17011,1.170105,1.17011,-1.0,-1.0,-1
1.17011,1.17011,1.17011,1.17011,-1.0,-1.0,-1
1.17011,1.170125,1.17011,1.17011,-1.0,-1.0,-1
1.17011,1.17016,1.17011,1.17016,-1.0,-1.0,-1
1.17016,1.17016,1.17016,1.17016,-1.0,-1.0,-1
1.17016,1.17016,1.17016,1.17016,-1.0,-1.0,-1
1.17016,1.17016,1.17016,1.17016,-1.0,-1.0,-1
1.17016,1.17016,1.17016,1.17016,-1.0,-1.0,-1
1.17016,1.17016,1.17016,1.17016,-1.0,-1.0,-1
1.17016,1.17016,1.17016,1.17016,-1.0,-1.0,-1
1.17016,1.170175,1.17016,1.170175,-1.0,-1.0,-1
1.170175,1.170185,1.170165,1.170165,-1.0,-1.0,-1
1.170165,1.17017,1.170135,1.170135,-1.0,-1.0,-1
1.170135,1.170135,1.170135,1.170135,-1.0,-1.0,-1
1.170135,1.17016,1.170135,1.17016,-1.0,-1.0,-1
1.17016,1.17016,1.17016,1.17016,-1.0,-1.0,-1
1.17016,1.17016,1.17016,1.17016,-1.0,-1.0,-1
1.17016,1.17016,1.170135,1.170145,-1.0,-1.0,-1
1.170145,1.17016,1.170135,1.17016,-1.0,-1.0,-1
1.17016,1.17016,1.170135,1.170135,-1.0,-1.0,-1
1.170135,1.170175,1.170135,1.170175,-1.0,-1.0,-1
1.170175,1.170175,1.17017,1.170175,-1.0,-1.0,-1
1.170175,1.170175,1.170175,1.170175,-1.0,-1.0,-1
1.170175,1.170175,1.170175,1.170175,-1.0,-1.0,-1
1.170175,1.170185,1.170175,1.170185,-1.0,-1.0,-1
1.170185,1.17021,1.17018,1.170205,-1.0,-1.0,-1
1.170205,1.17024,1.170205,1.17023,-1.0,-1.0,-1
1.17023,1.170235,1.17023,1.17023,-1.0,-1.0,-1
1.17023,1.170245,1.17022,1.170235,-1.0,-1.0,-1
1.170235,1.17031,1.170235,1.17031,-1.0,-1.0,-1
1.17031,1.17034,1.17031,1.17034,-1.0,-1.0,-1
1.17034,1.17034,1.170335,1.170335,-1.0,-1.0,-1
1.170335,1.17034,1.17033,1.170335,-1.0,-1.0,-1
1.170335,1.17034,1.170335,1.17034,-1.0,-1.0,-1
1.17034,1.17034,1.170335,1.17034,-1.0,-1.0,-1
1.17034,1.170355,1.17034,1.17034,-1.0,-1.0,-1
1.17034,1.17034,1.170315,1.170315,-1.0,-1.0,-1
1.170315,1.17032,1.17028,1.17028,-1.0,-1.0,-1
1.17028,1.170295,1.17028,1.170285,-1.0,-1.0,-1
1.170285,1.170295,1.17028,1.170295,-1.0,-1.0,-1
1.170295,1.170295,1.17025,1.17025,-1.0,-1.0,-1
1.17025,1.17027,1.17025,1.17025,-1.0,-1.0,-1
1.17025,1.170285,1.17025,1.17028,-1.0,-1.0,-1
1.17028,1.170285,1.17028,1.17028,-1.0,-1.0,-1
1.17028,1.1703,1.17028,1.170295,-1.0,-1.0,-1
1.170295,1.17034,1.170295,1.17034,-1.0,-1.0,-1
1.17034,1.170355,1.170335,1.170355,-1.0,-1.0,-1
1.170355,1.170355,1.17034,1.170355,-1.0,-1.0,-1
1.170355,1.170375,1.17035,1.170365,-1.0,-1.0,-1
1.170365,1.170365,1.170355,1.17036,-1.0,-1.0,-1
1.17036,1.170365,1.170355,1.17036,-1.0,-1.0,-1
1.17036,1.17038,1.170355,1.17038,-1.0,-1.0,-1
1.17038,1.17041,1.17038,1.170405,-1.0,-1.0,-1
1.170405,1.17041,1.170385,1.17039,-1.0,-1.0,-1
1.17039,1.17039,1.17038,1.17039,-1.0,-1.0,-1
1.17039,1.17041,1.170385,1.170395,-1.0,-1.0,-1
1.170395,1.17041,1.17037,1.17037,-1.0,-1.0,-1
1.17037,1.17038,1.17037,1.17038,-1.0,-1.0,-1
1.17038,1.170385,1.17038,1.17038,-1.0,-1.0,-1
1.17038,1.17038,1.170335,1.17034,-1.0,-1.0,-1
1.17034,1.17037,1.17034,1.17036,-1.0,-1.0,-1
1.17036,1.170375,1.17034,1.17036,-1.0,-1.0,-1
1.17036,1.170375,1.17034,1.170365,-1.0,-1.0,-1
1.170365,1.17037,1.170355,1.170365,-1.0,-1.0,-1
1.170365,1.170375,1.17035,1.17036,-1.0,-1.0,-1
1.17036,1.17036,1.170305,1.17032,-1.0,-1.0,-1
1.17032,1.170325,1.170255,1.17026,-1.0,-1.0,-1
1.17026,1.17029,1.17025,1.17028,-1.0,-1.0,-1
1.17028,1.1703,1.170265,1.17029,-1.0,-1.0,-1
1.17029,1.17033,1.170265,1.17032,-1.0,-1.0,-1
1.17032,1.17033,1.170265,1.17027,-1.0,-1.0,-1
1.17027,1.170285,1.17026,1.17028,-1.0,-1.0,-1
1.17028,1.170285,1.170265,1.17027,-1.0,-1.0,-1
1.17027,1.170275,1.17026,1.170275,-1.0,-1.0,-1
1.170275,1.170305,1.170265,1.17028,-1.0,-1.0,-1
1.17028,1.17034,1.170265,1.17031,-1.0,-1.0,-1
1.17031,1.17033,1.17031,1.17032,-1.0,-1.0,-1
1.17032,1.170335,1.170315,1.170335,-1.0,-1.0,-1
1.170335,1.17034,1.17032,1.17032,-1.0,-1.0,-1
1.17032,1.17034,1.170315,1.17034,-1.0,-1.0,-1
1.17034,1.17034,1.17026,1.170275,-1.0,-1.0,-1
1.170275,1.170295,1.17026,1.17027,-1.0,-1.0,-1
1.17027,1.17029,1.17026,1.17029,-1.0,-1.0,-1
1.17029,1.17029,1.17026,1.17027,-1.0,-1.0,-1
1.17027,1.17027,1.17025,1.17026,-1.0,-1.0,-1
1.17026,1.17029,1.170255,1.17029,-1.0,-1.0,-1
1.17029,1.17029,1.170285,1.170285,-1.0,-1.0,-1
1.170285,1.17029,1.17026,1.170265,-1.0,-1.0,-1
1.170265,1.170275,1.17026,1.17026,-1.0,-1.0,-1
1.17026,1.17026,1.170215,1.17023,-1.0,-1.0,-1
1.17023,1.170255,1.17023,1.17025,-1.0,-1.0,-1
1.17025,1.17025,1.1702,1.170225,-1.0,-1.0,-1
1.170225,1.170245,1.17022,1.170225,-1.0,-1.0,-1
1.170225,1.170245,1.170225,1.170235,-1.0,-1.0,-1
1.170235,1.170245,1.170235,1.170235,-1.0,-1.0,-1
1.170235,1.170285,1.170235,1.17028,-1.0,-1.0,-1
1.17028,1.17029,1.17027,1.17029,-1.0,-1.0,-1
1.17029,1.17031,1.17029,1.170305,-1.0,-1.0,-1
1.170305,1.17031,1.17029,1.1703,-1.0,-1.0,-1
1.1703,1.170305,1.170295,1.170305,-1.0,-1.0,-1
1.170305,1.170305,1.170295,1.170295,-1.0,-1.0,-1
1.170295,1.170295,1.17028,1.170295,-1.0,-1.0,-1
1.170295,1.170305,1.17028,1.170305,-1.0,-1.0,-1
1.170305,1.17033,1.170295,1.170295,-1.0,-1.0,-1
1.170295,1.170295,1.170175,1.170175,-1.0,-1.0,-1
1.170175,1.170185,1.17017,1.170185,-1.0,-1.0,-1
1.170185,1.170185,1.17018,1.170185,-1.0,-1.0,-1
1.170185,1.170185,1.17018,1.170185,-1.0,-1.0,-1
1.170185,1.170215,1.17017,1.170205,-1.0,-1.0,-1
1.170205,1.170215,1.17018,1.170185,-1.0,-1.0,-1
1.170185,1.170185,1.17016,1.17017,-1.0,-1.0,-1
1.17017,1.17017,1.17017,1.17017,-1.0,-1.0,-1
1.17017,1.17017,1.17016,1.17016,-1.0,-1.0,-1
1.17016,1.17017,1.17016,1.17017,-1.0,-1.0,-1
1.17017,1.170185,1.17017,1.170185,-1.0,-1.0,-1
1.170185,1.170185,1.17017,1.17017,-1.0,-1.0,-1
1.17017,1.17023,1.17017,1.170225,-1.0,-1.0,-1
1.170225,1.170255,1.170225,1.17023,-1.0,-1.0,-1
1.17023,1.170235,1.17018,1.170185,-1.0,-1.0,-1
1.170185,1.170185,1.17013,1.170135,-1.0,-1.0,-1
1.170135,1.170135,1.170125,1.17013,-1.0,-1.0,-1
1.17013,1.170135,1.170125,1.170135,-1.0,-1.0,-1
1.170135,1.170135,1.170135,1.170135,-1.0,-1.0,-1
1.170135,1.17015,1.170125,1.170125,-1.0,-1.0,-1
1.170125,1.170125,1.17012,1.170125,-1.0,-1.0,-1
1.170125,1.170125,1.17012,1.170125,-1.0,-1.0,-1
1.170125,1.17017,1.17011,1.17017,-1.0,-1.0,-1
1.17017,1.170175,1.17017,1.170175,-1.0,-1.0,-1
1.170175,1.17019,1.17017,1.17017,-1.0,-1.0,-1
1.17017,1.170195,1.17017,1.170185,-1.0,-1.0,-1
1.170185,1.170185,1.17017,1.17017,-1.0,-1.0,-1
1.17017,1.170185,1.17016,1.170165,-1.0,-1.0,-1
1.170165,1.170165,1.17011,1.17012,-1.0,-1.0,-1
1.17012,1.170125,1.17002,1.170055,-1.0,-1.0,-1
1.170055,1.170075,1.170045,1.170055,-1.0,-1.0,-1
1.170055,1.170075,1.170005,1.170035,-1.0,-1.0,-1
1.170035,1.170075,1.170035,1.170075,-1.0,-1.0,-1
1.170075,1.170105,1.170075,1.170105,-1.0,-1.0,-1
1.170105,1.170105,1.16996,1.16996,-1.0,-1.0,-1
1.16996,1.170015,1.16996,1.16997,-1.0,-1.0,-1
1.16997,1.17003,1.16995,1.170025,-1.0,-1.0,-1
1.170025,1.170105,1.170025,1.17008,-1.0,-1.0,-1
1.17008,1.170115,1.17008,1.170115,-1.0,-1.0,-1
1.170115,1.170195,1.170105,1.170185,-1.0,-1.0,-1
1.170185,1.170185,1.17018,1.170185,-1.0,-1.0,-1
1.170185,1.170185,1.170115,1.170115,-1.0,-1.0,-1
1.170115,1.17016,1.170105,1.170135,-1.0,-1.0,-1
1.170135,1.17016,1.170135,1.170135,-1.0,-1.0,-1
1.170135,1.17016,1.170095,1.1701,-1.0,-1.0,-1
1.1701,1.17015,1.17009,1.170145,-1.0,-1.0,-1
1.170145,1.17016,1.170135,1.170145,-1.0,-1.0,-1
1.170145,1.170195,1.17012,1.170185,-1.0,-1.0,-1
1.170185,1.170215,1.170165,1.17021,-1.0,-1.0,-1
1.17021,1.17025,1.170195,1.170235,-1.0,-1.0,-1
1.170235,1.17024,1.17018,1.170185,-1.0,-1.0,-1
1.170185,1.17021,1.170175,1.170205,-1.0,-1.0,-1
1.170205,1.17024,1.170205,1.170215,-1.0,-1.0,-1
1.170215,1.17026,1.170215,1.17025,-1.0,-1.0,-1
1.17025,1.170255,1.17025,1.170255,-1.0,-1.0,-1
1.170255,1.17034,1.170255,1.17034,-1.0,-1.0,-1
1.17034,1.170375,1.17032,1.170355,-1.0,-1.0,-1
1.170355,1.170355,1.1703,1.170305,-1.0,-1.0,-1
1.170305,1.170305,1.170285,1.170295,-1.0,-1.0,-1
1.170295,1.17032,1.17026,1.17026,-1.0,-1.0,-1
1.17026,1.170295,1.17026,1.17028,-1.0,-1.0,-1
1.17028,1.17033,1.17028,1.170325,-1.0,-1.0,-1
1.170325,1.17034,1.170325,1.17033,-1.0,-1.0,-1
1.17033,1.170355,1.17033,1.17034,-1.0,-1.0,-1
1.17034,1.170355,1.17031,1.17031,-1.0,-1.0,-1
1.17031,1.17036,1.17031,1.170315,-1.0,-1.0,-1
1.170315,1.17032,1.1703,1.17031,-1.0,-1.0,-1
1.17031,1.170365,1.17031,1.170365,-1.0,-1.0,-1
1.170365,1.170365,1.170335,1.17034,-1.0,-1.0,-1
1.17034,1.170365,1.17034,1.170365,-1.0,-1.0,-1
1.170365,1.170395,1.170355,1.170395,-1.0,-1.0,-1
1.170395,1.170395,1.17037,1.170385,-1.0,-1.0,-1
1.170385,1.170385,1.170335,1.17034,-1.0,-1.0,-1
1.17034,1.17034,1.170315,1.170315,-1.0,-1.0,-1
1.170315,1.17032,1.170285,1.170285,-1.0,-1.0,-1
1.170285,1.170295,1.170285,1.170295,-1.0,-1.0,-1
1.170295,1.170295,1.170285,1.170285,-1.0,-1.0,-1
1.170285,1.170295,1.170285,1.170295,-1.0,-1.0,-1
1.170295,1.17032,1.170295,1.170315,-1.0,-1.0,-1
1.170315,1.17032,1.170295,1.170295,-1.0,-1.0,-1
1.170295,1.170295,1.170255,1.17026,-1.0,-1.0,-1
1.17026,1.170265,1.170235,1.170265,-1.0,-1.0,-1
1.170265,1.170265,1.17025,1.17025,-1.0,-1.0,-1
1.17025,1.170255,1.17025,1.17025,-1.0,-1.0,-1
1.17025,1.170285,1.17025,1.170285,-1.0,-1.0,-1
1.170285,1.170305,1.17027,1.170295,-1.0,-1.0,-1
1.170295,1.170295,1.170285,1.170285,-1.0,-1.0,-1
1.170285,1.170335,1.170285,1.170335,-1.0,-1.0,-1
1.170335,1.17034,1.170305,1.170305,-1.0,-1.0,-1
1.170305,1.170335,1.170305,1.170335,-1.0,-1.0,-1
1.170335,1.17034,1.170335,1.17034,-1.0,-1.0,-1
1.17034,1.170355,1.17034,1.170345,-1.0,-1.0,-1
1.170345,1.170395,1.170335,1.170395,-1.0,-1.0,-1
1.170395,1.170425,1.170395,1.170405,-1.0,-1.0,-1
1.170405,1.17042,1.170395,1.170405,-1.0,-1.0,-1
1.170405,1.17045,1.170405,1.170445,-1.0,-1.0,-1
1.170445,1.170445,1.17037,1.17038,-1.0,-1.0,-1
1.17038,1.170385,1.170325,1.17033,-1.0,-1.0,-1
1.17033,1.170385,1.17033,1.170385,-1.0,-1.0,-1
1.170385,1.17039,1.170325,1.170325,-1.0,-1.0,-1
1.170325,1.170355,1.170325,1.170355,-1.0,-1.0,-1
1.170355,1.170385,1.170335,1.170385,-1.0,-1.0,-1
1.170385,1.17039,1.17034,1.170355,-1.0,-1.0,-1
1.170355,1.17039,1.17034,1.17038,-1.0,-1.0,-1
1.17038,1.170385,1.17038,1.170385,-1.0,-1.0,-1
1.170385,1.170385,1.17038,1.17038,-1.0,-1.0,-1
1.17038,1.170395,1.170375,1.17039,-1.0,-1.0,-1
1.17039,1.1704,1.170375,1.170395,-1.0,-1.0,-1
1.170395,1.17042,1.17035,1.170365,-1.0,-1.0,-1
1.170365,1.170445,1.17036,1.170445,-1.0,-1.0,-1
1.170445,1.170445,1.170405,1.17042,-1.0,-1.0,-1
1.17042,1.17043,1.17042,1.170425,-1.0,-1.0,-1
1.170425,1.17043,1.170385,1.170395,-1.0,-1.0,-1
1.170395,1.170395,1.170375,1.170385,-1.0,-1.0,-1
1.170385,1.17042,1.17038,1.170405,-1.0,-1.0,-1
1.170405,1.170455,1.170405,1.17043,-1.0,-1.0,-1
1.17043,1.170445,1.170425,1.170445,-1.0,-1.0,-1
1.170445,1.170455,1.17034,1.170355,-1.0,-1.0,-1
1.170355,1.170365,1.170335,1.170335,-1.0,-1.0,-1
1.170335,1.170335,1.170335,1.170335,-1.0,-1.0,-1
1.170335,1.170335,1.170325,1.170335,-1.0,-1.0,-1
1.170335,1.170335,1.170295,1.170315,-1.0,-1.0,-1
1.170315,1.170395,1.170315,1.170385,-1.0,-1.0,-1
1.170385,1.170395,1.170375,1.170375,-1.0,-1.0,-1
1.170375,1.170375,1.170375,1.170375,-1.0,-1.0,-1
1.170375,1.170375,1.170295,1.170295,-1.0,-1.0,-1
1.170295,1.170295,1.17026,1.170275,-1.0,-1.0,-1
1.170275,1.170275,1.17026,1.17026,-1.0,-1.0,-1
1.17026,1.17027,1.17026,1.170265,-1.0,-1.0,-1
1.170265,1.170285,1.17026,1.170275,-1.0,-1.0,-1
1.170275,1.17028,1.17027,1.170275,-1.0,-1.0,-1
1.170275,1.170355,1.17027,1.170355,-1.0,-1.0,-1
1.170355,1.170355,1.17035,1.170355,-1.0,-1.0,-1
1.170355,1.170355,1.170325,1.170325,-1.0,-1.0,-1
1.170325,1.170335,1.170325,1.17033,-1.0,-1.0,-1
1.17033,1.170335,1.170325,1.170325,-1.0,-1.0,-1
1.170325,1.170335,1.170325,1.170325,-1.0,-1.0,-1
1.170325,1.17033,1.170325,1.170325,-1.0,-1.0,-1
1.170325,1.17033,1.170325,1.170325,-1.0,-1.0,-1
1.170325,1.17033,1.170285,1.170295,-1.0,-1.0,-1
1.170295,1.170295,1.170255,1.170255,-1.0,-1.0,-1
1.170255,1.170275,1.17025,1.170275,-1.0,-1.0,-1
1.170275,1.170275,1.17027,1.170275,-1.0,-1.0,-1
1.170275,1.170275,1.170235,1.17025,-1.0,-1.0,-1
1.17025,1.17025,1.17025,1.17025,-1.0,-1.0,-1
1.17025,1.17025,1.17025,1.17025,-1.0,-1.0,-1
1.17025,1.170275,1.17025,1.170275,-1.0,-1.0,-1
1.170275,1.170285,1.17026,1.170275,-1.0,-1.0,-1
1.170275,1.170275,1.170255,1.170255,-1.0,-1.0,-1
1.170255,1.170255,1.170225,1.170225,-1.0,-1.0,-1
1.170225,1.17024,1.170225,1.170225,-1.0,-1.0,-1
1.170225,1.17023,1.170165,1.17017,-1.0,-1.0,-1
1.17017,1.17017,1.170125,1.170135,-1.0,-1.0,-1
1.170135,1.170205,1.17013,1.170205,-1.0,-1.0,-1
1.170205,1.17023,1.170205,1.170225,-1.0,-1.0,-1
1.170225,1.17023,1.170215,1.17022,-1.0,-1.0,-1
1.17022,1.17025,1.17022,1.170235,-1.0,-1.0,-1
1.170235,1.17024,1.170225,1.170225,-1.0,-1.0,-1
1.170225,1.170285,1.170225,1.170275,-1.0,-1.0,-1
1.170275,1.170275,1.17026,1.170275,-1.0,-1.0,-1
1.170275,1.170285,1.17026,1.170265,-1.0,-1.0,-1
1.170265,1.170275,1.17022,1.170225,-1.0,-1.0,-1
1.170225,1.17029,1.170225,1.170285,-1.0,-1.0,-1
1.170285,1.170295,1.170285,1.170285,-1.0,-1.0,-1
1.170285,1.17029,1.170235,1.170255,-1.0,-1.0,-1
1.170255,1.17027,1.170255,1.17027,-1.0,-1.0,-1
1.17027,1.170275,1.170255,1.170275,-1.0,-1.0,-1
1.170275,1.17033,1.17027,1.170325,-1.0,-1.0,-1
1.170325,1.17033,1.170315,1.170325,-1.0,-1.0,-1
1.170325,1.17033,1.170285,1.170285,-1.0,-1.0,-1
1.170285,1.17033,1.170285,1.170325,-1.0,-1.0,-1
1.170325,1.17034,1.170325,1.170335,-1.0,-1.0,-1
1.170335,1.17034,1.170325,1.170325,-1.0,-1.0,-1
1.170325,1.170335,1.170315,1.170335,-1.0,-1.0,-1
1.170335,1.170335,1.170315,1.170325,-1.0,-1.0,-1
1.170325,1.170335,1.170325,1.170325,-1.0,-1.0,-1
1.170325,1.170335,1.170305,1.170305,-1.0,-1.0,-1
1.170305,1.17033,1.170305,1.170325,-1.0,-1.0,-1
1.170325,1.17033,1.170315,1.170315,-1.0,-1.0,-1
1.170315,1.17034,1.170315,1.170335,-1.0,-1.0,-1
1.170335,1.170335,1.170325,1.170325,-1.0,-1.0,-1
1.170325,1.170335,1.17032,1.17033,-1.0,-1.0,-1
1.17033,1.170335,1.170325,1.17033,-1.0,-1.0,-1
1.17033,1.17034,1.170295,1.170305,-1.0,-1.0,-1
1.170305,1.170305,1.170285,1.170295,-1.0,-1.0,-1
1.170295,1.17033,1.170295,1.170325,-1.0,-1.0,-1
1.170325,1.17033,1.170325,1.170325,-1.0,-1.0,-1
1.170325,1.17033,1.170325,1.170325,-1.0,-1.0,-1
1.170325,1.17033,1.170325,1.170325,-1.0,-1.0,-1
1.170325,1.17033,1.170325,1.170325,-1.0,-1.0,-1
1.170325,1.17033,1.170325,1.17033,-1.0,-1.0,-1
1.17033,1.17033,1.170325,1.170325,-1.0,-1.0,-1
1.170325,1.17046,1.170325,1.17046,-1.0,-1.0,-1
1.17046,1.17048,1.170455,1.170475,-1.0,-1.0,-1
1.170475,1.170475,1.17043,1.17043,-1.0,-1.0,-1
1.17043,1.170445,1.170425,1.17043,-1.0,-1.0,-1
1.17043,1.170455,1.17043,1.17045,-1.0,-1.0,-1
1.17045,1.170475,1.170445,1.170475,-1.0,-1.0,-1
1.170475,1.170475,1.170475,1.170475,-1.0,-1.0,-1
1.170475,1.170485,1.170475,1.170485,-1.0,-1.0,-1
1.170485,1.170485,1.170455,1.17046,-1.0,-1.0,-1
1.17046,1.17046,1.17044,1.170455,-1.0,-1.0,-1
1.170455,1.170465,1.17044,1.17046,-1.0,-1.0,-1
1.17046,1.17047,1.17042,1.17042,-1.0,-1.0,-1
1.17042,1.170465,1.17042,1.17046,-1.0,-1.0,-1
1.17046,1.17046,1.170455,1.170455,-1.0,-1.0,-1
1.170455,1.17048,1.170455,1.17048,-1.0,-1.0,-1
1.17048,1.17048,1.17048,1.17048,-1.0,-1.0,-1
1.17048,1.17048,1.17048,1.17048,-1.0,-1.0,-1
1.17048,1.1705,1.17048,1.170495,-1.0,-1.0,-1
1.170495,1.17052,1.170495,1.17051,-1.0,-1.0,-1
1.17051,1.17052,1.170505,1.17052,-1.0,-1.0,-1
1.17052,1.17054,1.17052,1.170535,-1.0,-1.0,-1
1.170535,1.17054,1.17052,1.170535,-1.0,-1.0,-1
1.170535,1.17054,1.17053,1.170535,-1.0,-1.0,-1
1.170535,1.17055,1.170525,1.170525,-1.0,-1.0,-1
1.170525,1.170525,1.17052,1.17052,-1.0,-1.0,-1
1.17052,1.170525,1.17051,1.17052,-1.0,-1.0,-1
1.17052,1.170525,1.17049,1.170495,-1.0,-1.0,-1
1.170495,1.17051,1.170495,1.17051,-1.0,-1.0,-1
1.17051,1.170515,1.17049,1.17049,-1.0,-1.0,-1
1.17049,1.17051,1.17049,1.17051,-1.0,-1.0,-1
1.17051,1.17052,1.170485,1.17051,-1.0,-1.0,-1
1.17051,1.17052,1.170505,1.17052,-1.0,-1.0,-1
1.17052,1.170555,1.17052,1.170525,-1.0,-1.0,-1
1.170525,1.17056,1.170515,1.170515,-1.0,-1.0,-1
1.170515,1.17052,1.170475,1.170495,-1.0,-1.0,-1
1.170495,1.170515,1.170485,1.17051,-1.0,-1.0,-1
1.17051,1.170515,1.170495,1.170495,-1.0,-1.0,-1
1.170495,1.17052,1.17049,1.17052,-1.0,-1.0,-1
1.17052,1.17052,1.17052,1.17052,-1.0,-1.0,-1
1.17052,1.170535,1.17052,1.170525,-1.0,-1.0,-1
1.170525,1.170525,1.170505,1.17052,-1.0,-1.0,-1
1.17052,1.17052,1.17048,1.170485,-1.0,-1.0,-1
1.170485,1.170565,1.170485,1.170545,-1.0,-1.0,-1
1.170545,1.170555,1.170525,1.17054,-1.0,-1.0,-1
1.17054,1.17054,1.170485,1.170485,-1.0,-1.0,-1
1.170485,1.170485,1.170485,1.170485,-1.0,-1.0,-1
1.170485,1.170485,1.170485,1.170485,-1.0,-1.0,-1
1.170485,1.17051,1.170485,1.170495,-1.0,-1.0,-1
1.170495,1.170535,1.170485,1.17052,-1.0,-1.0,-1
1.17052,1.170545,1.170515,1.170525,-1.0,-1.0,-1
1.170525,1.170545,1.170525,1.170545,-1.0,-1.0,-1
1.170545,1.170545,1.17053,1.170535,-1.0,-1.0,-1
1.170535,1.170535,1.17053,1.170535,-1.0,-1.0,-1
1.170535,1.170545,1.17051,1.17051,-1.0,-1.0,-1
1.17051,1.17051,1.17049,1.17051,-1.0,-1.0,-1
1.17051,1.17051,1.17049,1.170505,-1.0,-1.0,-1
1.170505,1.17051,1.17049,1.170495,-1.0,-1.0,-1
1.170495,1.170505,1.170485,1.170485,-1.0,-1.0,-1
1.170485,1.170485,1.170455,1.170455,-1.0,-1.0,-1
1.170455,1.170455,1.17043,1.17043,-1.0,-1.0,-1
1.17043,1.170445,1.17043,1.17043,-1.0,-1.0,-1
1.17043,1.170455,1.17043,1.170455,-1.0,-1.0,-1
1.170455,1.17046,1.170435,1.170445,-1.0,-1.0,-1
1.170445,1.170445,1.17036,1.170365,-1.0,-1.0,-1
1.170365,1.17037,1.170345,1.17036,-1.0,-1.0,-1
1.17036,1.170395,1.170355,1.17038,-1.0,-1.0,-1
1.17038,1.17039,1.17038,1.17039,-1.0,-1.0,-1
1.17039,1.17041,1.17039,1.170405,-1.0,-1.0,-1
1.170405,1.17041,1.1704,1.170405,-1.0,-1.0,-1
1.170405,1.17041,1.170385,1.17039,-1.0,-1.0,-1
1.17039,1.17041,1.17039,1.17039,-1.0,-1.0,-1
1.17039,1.1704,1.17039,1.1704,-1.0,-1.0,-1
1.1704,1.17041,1.170375,1.170375,-1.0,-1.0,-1
1.170375,1.170375,1.170375,1.170375,-1.0,-1.0,-1
1.170375,1.17042,1.170375,1.17039,-1.0,-1.0,-1
1.17039,1.17039,1.170385,1.170385,-1.0,-1.0,-1
1.170385,1.170415,1.170385,1.170395,-1.0,-1.0,-1
1.170395,1.17042,1.170395,1.170415,-1.0,-1.0,-1
1.170415,1.17043,1.170405,1.17043,-1.0,-1.0,-1
1.17043,1.17043,1.170425,1.170425,-1.0,-1.0,-1
1.170425,1.170425,1.170425,1.170425,-1.0,-1.0,-1
1.170425,1.17043,1.170425,1.170425,-1.0,-1.0,-1
1.170425,1.17043,1.170405,1.17041,-1.0,-1.0,-1
1.17041,1.17041,1.17038,1.17038,-1.0,-1.0,-1
1.17038,1.17039,1.170375,1.170375,-1.0,-1.0,-1
1.170375,1.17038,1.170375,1.17038,-1.0,-1.0,-1
1.17038,1.170425,1.170375,1.170425,-1.0,-1.0,-1
1.170425,1.170425,1.170425,1.170425,-1.0,-1.0,-1
1.170425,1.170425,1.17039,1.170425,-1.0,-1.0,-1
1.170425,1.170485,1.170425,1.170485,-1.0,-1.0,-1
1.170485,1.17052,1.170475,1.170485,-1.0,-1.0,-1
1.170485,1.17052,1.170485,1.17052,-1.0,-1.0,-1
1.17052,1.17052,1.17051,1.17051,-1.0,-1.0,-1
1.17051,1.17051,1.170495,1.170495,-1.0,-1.0,-1
1.170495,1.170535,1.170485,1.170535,-1.0,-1.0,-1
1.170535,1.170535,1.17053,1.170535,-1.0,-1.0,-1
1.170535,1.170535,1.17053,1.170535,-1.0,-1.0,-1
1.170535,1.170535,1.17053,1.170535,-1.0,-1.0,-1
1.170535,1.170545,1.17053,1.170535,-1.0,-1.0,-1
1.170535,1.170535,1.17052,1.170525,-1.0,-1.0,-1
1.170525,1.17054,1.170475,1.170475,-1.0,-1.0,-1
1.170475,1.17048,1.170445,1.17045,-1.0,-1.0,-1
1.17045,1.170455,1.170445,1.170455,-1.0,-1.0,-1
1.170455,1.170465,1.17042,1.17042,-1.0,-1.0,-1
1.17042,1.17043,1.17042,1.17042,-1.0,-1.0,-1
1.17042,1.17042,1.1704,1.170405,-1.0,-1.0,-1
1.170405,1.17042,1.1704,1.17041,-1.0,-1.0,-1
1.17041,1.17042,1.1704,1.1704,-1.0,-1.0,-1
1.1704,1.17041,1.1704,1.1704,-1.0,-1.0,-1
1.1704,1.17041,1.17038,1.170385,-1.0,-1.0,-1
1.170385,1.170425,1.17038,1.170425,-1.0,-1.0,-1
1.170425,1.17045,1.170425,1.170435,-1.0,-1.0,-1
1.170435,1.170445,1.170435,1.170435,-1.0,-1.0,-1
1.170435,1.170445,1.1704,1.1704,-1.0,-1.0,-1
1.1704,1.1704,1.170375,1.170375,-1.0,-1.0,-1
1.170375,1.1704,1.170375,1.170395,-1.0,-1.0,-1
1.170395,1.170395,1.17039,1.17039,-1.0,-1.0,-1
1.17039,1.170395,1.17039,1.17039,-1.0,-1.0,-1
1.17039,1.170395,1.17039,1.170395,-1.0,-1.0,-1
1.170395,1.170395,1.17034,1.17034,-1.0,-1.0,-1
1.17034,1.170395,1.17034,1.170385,-1.0,-1.0,-1
1.170385,1.170385,1.170385,1.170385,-1.0,-1.0,-1
1.170385,1.170395,1.170385,1.170395,-1.0,-1.0,-1
1.170395,1.170395,1.17038,1.170395,-1.0,-1.0,-1
1.170395,1.170395,1.17039,1.170395,-1.0,-1.0,-1
1.170395,1.17043,1.170395,1.170395,-1.0,-1.0,-1
1.170395,1.17042,1.170385,1.17039,-1.0,-1.0,-1
1.17039,1.17039,1.170335,1.17034,-1.0,-1.0,-1
1.17034,1.17034,1.170315,1.170315,-1.0,-1.0,-1
1.170315,1.17033,1.170295,1.17032,-1.0,-1.0,-1
1.17032,1.170325,1.170295,1.170295,-1.0,-1.0,-1
1.170295,1.170305,1.170295,1.170305,-1.0,-1.0,-1
1.170305,1.170335,1.170305,1.170335,-1.0,-1.0,-1
1.170335,1.170335,1.170335,1.170335,-1.0,-1.0,-1
1.170335,1.170335,1.170335,1.170335,-1.0,-1.0,-1
1.170335,1.170335,1.170335,1.170335,-1.0,-1.0,-1
1.170335,1.170355,1.170335,1.170345,-1.0,-1.0,-1
1.170345,1.170365,1.170345,1.170365,-1.0,-1.0,-1
1.170365,1.170375,1.17034,1.17034,-1.0,-1.0,-1
1.17034,1.170365,1.17034,1.17034,-1.0,-1.0,-1
1.17034,1.17034,1.170335,1.170335,-1.0,-1.0,-1
1.170335,1.170335,1.170335,1.170335,-1.0,-1.0,-1
1.170335,1.17036,1.170335,1.17036,-1.0,-1.0,-1
1.17036,1.170375,1.170355,1.170375,-1.0,-1.0,-1
1.170375,1.1704,1.170375,1.170385,-1.0,-1.0,-1
1.170385,1.17039,1.17036,1.17038,-1.0,-1.0,-1
1.17038,1.17042,1.17038,1.17042,-1.0,-1.0,-1
1.17042,1.17042,1.17042,1.17042,-1.0,-1.0,-1
1.17042,1.17042,1.17042,1.17042,-1.0,-1.0,-1
1.17042,1.17042,1.170395,1.1704,-1.0,-1.0,-1
1.1704,1.1704,1.170345,1.170345,-1.0,-1.0,-1
1.170345,1.170345,1.17031,1.17033,-1.0,-1.0,-1
1.17033,1.170345,1.170325,1.17034,-1.0,-1.0,-1
1.17034,1.17034,1.170335,1.17034,-1.0,-1.0,-1
1.17034,1.170395,1.17034,1.170395,-1.0,-1.0,-1
1.170395,1.170395,1.17037,1.17037,-1.0,-1.0,-1
1.17037,1.17038,1.17034,1.17034,-1.0,-1.0,-1
1.17034,1.17034,1.17034,1.17034,-1.0,-1.0,-1
1.17034,1.17037,1.17034,1.17035,-1.0,-1.0,-1
1.17035,1.17035,1.170345,1.170345,-1.0,-1.0,-1
1.170345,1.170345,1.17034,1.17034,-1.0,-1.0,-1
1.17034,1.17034,1.17034,1.17034,-1.0,-1.0,-1
1.17034,1.17034,1.17034,1.17034,-1.0,-1.0,-1
1.17034,1.170345,1.17034,1.170345,-1.0,-1.0,-1
1.170345,1.170355,1.17034,1.17034,-1.0,-1.0,-1
1.17034,1.17034,1.1703,1.17032,-1.0,-1.0,-1
1.17032,1.17037,1.17032,1.17036,-1.0,-1.0,-1
1.17036,1.170415,1.170355,1.170405,-1.0,-1.0,-1
1.170405,1.17041,1.17036,1.170395,-1.0,-1.0,-1
1.170395,1.170475,1.170395,1.17045,-1.0,-1.0,-1
1.17045,1.17045,1.170445,1.17045,-1.0,-1.0,-1
1.17045,1.170455,1.170445,1.170455,-1.0,-1.0,-1
1.170455,1.170455,1.170445,1.170455,-1.0,-1.0,-1
1.170455,1.170455,1.170425,1.17043,-1.0,-1.0,-1
1.17043,1.17043,1.17043,1.17043,-1.0,-1.0,-1
1.17043,1.17043,1.17043,1.17043,-1.0,-1.0,-1
1.17043,1.170435,1.17043,1.170435,-1.0,-1.0,-1
1.170435,1.170445,1.170435,1.170445,-1.0,-1.0,-1
1.170445,1.170445,1.17043,1.17043,-1.0,-1.0,-1
1.17043,1.170435,1.17043,1.170435,-1.0,-1.0,-1
1.170435,1.170445,1.170435,1.170435,-1.0,-1.0,-1
1.170435,1.170445,1.17043,1.17043,-1.0,-1.0,-1
1.17043,1.170465,1.17043,1.170465,-1.0,-1.0,-1
1.170465,1.170465,1.170465,1.170465,-1.0,-1.0,-1
1.170465,1.170465,1.170425,1.17043,-1.0,-1.0,-1
1.17043,1.17043,1.17042,1.170425,-1.0,-1.0,-1
1.170425,1.170445,1.170425,1.170435,-1.0,-1.0,-1
1.170435,1.17045,1.170435,1.170445,-1.0,-1.0,-1
1.170445,1.17045,1.17044,1.17045,-1.0,-1.0,-1
1.17045,1.17045,1.170445,1.17045,-1.0,-1.0,-1
1.17045,1.17045,1.170445,1.17045,-1.0,-1.0,-1
1.17045,1.170465,1.170445,1.170465,-1.0,-1.0,-1
1.170465,1.170485,1.170465,1.170485,-1.0,-1.0,-1
1.170485,1.17054,1.170475,1.17049,-1.0,-1.0,-1
1.17049,1.1705,1.17047,1.170485,-1.0,-1.0,-1
1.170485,1.170495,1.17048,1.17048,-1.0,-1.0,-1
1.17048,1.17048,1.17048,1.17048,-1.0,-1.0,-1
1.17048,1.170495,1.170475,1.17049,-1.0,-1.0,-1
1.17049,1.170495,1.170475,1.170475,-1.0,-1.0,-1
1.170475,1.170475,1.17043,1.17043,-1.0,-1.0,-1
1.17043,1.170435,1.17043,1.170435,-1.0,-1.0,-1
1.170435,1.170435,1.170435,1.170435,-1.0,-1.0,-1
1.170435,1.17046,1.170435,1.170455,-1.0,-1.0,-1
1.170455,1.170455,1.170425,1.17044,-1.0,-1.0,-1
1.17044,1.170495,1.17042,1.17048,-1.0,-1.0,-1
1.17048,1.170485,1.17043,1.170445,-1.0,-1.0,-1
1.170445,1.17045,1.170405,1.170415,-1.0,-1.0,-1
1.170415,1.170435,1.170415,1.170435,-1.0,-1.0,-1
1.170435,1.170505,1.170435,1.17049,-1.0,-1.0,-1
1.17049,1.170495,1.170425,1.17043,-1.0,-1.0,-1
1.17043,1.17043,1.17042,1.17043,-1.0,-1.0,-1
1.17043,1.17043,1.170335,1.170335,-1.0,-1.0,-1
1.170335,1.17034,1.170335,1.170335,-1.0,-1.0,-1
1.170335,1.17034,1.170295,1.17034,-1.0,-1.0,-1
1.17034,1.17034,1.17034,1.17034,-1.0,-1.0,-1
1.17034,1.17034,1.17034,1.17034,-1.0,-1.0,-1
1.17034,1.170345,1.170295,1.170295,-1.0,-1.0,-1
1.170295,1.170295,1.17025,1.17025,-1.0,-1.0,-1
1.17025,1.17025,1.170235,1.170245,-1.0,-1.0,-1
1.170245,1.170245,1.17024,1.17024,-1.0,-1.0,-1
1.17024,1.170245,1.17023,1.17023,-1.0,-1.0,-1
1.17023,1.170235,1.170135,1.170135,-1.0,-1.0,-1
1.170135,1.170135,1.17009,1.1701,-1.0,-1.0,-1
1.1701,1.17011,1.17009,1.1701,-1.0,-1.0,-1
1.1701,1.170125,1.17008,1.170085,-1.0,-1.0,-1
1.170085,1.170085,1.17003,1.17003,-1.0,-1.0,-1
1.17003,1.170085,1.170025,1.170085,-1.0,-1.0,-1
1.170085,1.170085,1.17008,1.17008,-1.0,-1.0,-1
1.17008,1.17008,1.17003,1.17003,-1.0,-1.0,-1
1.17003,1.170035,1.17003,1.17003,-1.0,-1.0,-1
1.17003,1.17003,1.17003,1.17003,-1.0,-1.0,-1
1.17003,1.17004,1.17003,1.17004,-1.0,-1.0,-1
1.17004,1.17008,1.17004,1.17008,-1.0,-1.0,-1
1.17008,1.17008,1.17004,1.17004,-1.0,-1.0,-1
1.17004,1.17004,1.169975,1.16999,-1.0,-1.0,-1
1.16999,1.17004,1.16998,1.17004,-1.0,-1.0,-1
1.17004,1.17004,1.169985,1.169985,-1.0,-1.0,-1
1.169985,1.169985,1.169975,1.169985,-1.0,-1.0,-1
1.169985,1.169985,1.16995,1.16995,-1.0,-1.0,-1
1.16995,1.16999,1.16994,1.16999,-1.0,-1.0,-1
1.16999,1.170035,1.169975,1.170035,-1.0,-1.0,-1
1.170035,1.17004,1.170035,1.170035,-1.0,-1.0,-1
1.170035,1.17004,1.17,1.170015,-1.0,-1.0,-1
1.170015,1.170015,1.169985,1.16999,-1.0,-1.0,-1
1.16999,1.16999,1.169945,1.169945,-1.0,-1.0,-1
1.169945,1.169985,1.169935,1.169985,-1.0,-1.0,-1
1.169985,1.170015,1.169985,1.170005,-1.0,-1.0,-1
1.170005,1.170035,1.17,1.170035,-1.0,-1.0,-1
1.170035,1.170055,1.170035,1.170045,-1.0,-1.0,-1
1.170045,1.170045,1.170035,1.170035,-1.0,-1.0,-1
1.170035,1.170035,1.16999,1.16999,-1.0,-1.0,-1
1.16999,1.16999,1.169965,1.169985,-1.0,-1.0,-1
1.169985,1.16999,1.169965,1.16997,-1.0,-1.0,-1
1.16997,1.169975,1.16994,1.16995,-1.0,-1.0,-1
1.16995,1.16999,1.16991,1.16999,-1.0,-1.0,-1
1.16999,1.170045,1.16999,1.17003,-1.0,-1.0,-1
1.17003,1.17008,1.170015,1.170015,-1.0,-1.0,-1
1.170015,1.170065,1.170015,1.170065,-1.0,-1.0,-1
1.170065,1.17007,1.170025,1.170025,-1.0,-1.0,-1
1.170025,1.170025,1.17,1.170005,-1.0,-1.0,-1
1.170005,1.170015,1.17,1.170015,-1.0,-1.0,-1
1.170015,1.170035,1.17,1.170035,-1.0,-1.0,-1
1.170035,1.170035,1.170005,1.170025,-1.0,-1.0,-1
1.170025,1.170035,1.170025,1.17003,-1.0,-1.0,-1
1.17003,1.170035,1.17002,1.17003,-1.0,-1.0,-1
1.17003,1.170045,1.170025,1.170045,-1.0,-1.0,-1
1.170045,1.170045,1.170025,1.17003,-1.0,-1.0,-1
1.17003,1.17003,1.170025,1.17003,-1.0,-1.0,-1
1.17003,1.17003,1.170025,1.17003,-1.0,-1.0,-1
1.17003,1.17006,1.17003,1.170045,-1.0,-1.0,-1
1.170045,1.17006,1.169995,1.170005,-1.0,-1.0,-1
1.170005,1.170015,1.169995,1.170015,-1.0,-1.0,-1
1.170015,1.170025,1.170015,1.170025,-1.0,-1.0,-1
1.170025,1.170025,1.17002,1.170025,-1.0,-1.0,-1
1.170025,1.170025,1.16999,1.16999,-1.0,-1.0,-1
1.16999,1.16999,1.169975,1.16999,-1.0,-1.0,-1
1.16999,1.16999,1.1699,1.1699,-1.0,-1.0,-1
1.1699,1.169905,1.169885,1.16989,-1.0,-1.0,-1
1.16989,1.169935,1.169885,1.16993,-1.0,-1.0,-1
1.16993,1.16996,1.16993,1.169935,-1.0,-1.0,-1
1.169935,1.16997,1.169935,1.169965,-1.0,-1.0,-1
1.169965,1.16997,1.169965,1.169965,-1.0,-1.0,-1
1.169965,1.16998,1.169935,1.169935,-1.0,-1.0,-1
1.169935,1.169935,1.169865,1.169885,-1.0,-1.0,-1
1.169885,1.169925,1.16988,1.169895,-1.0,-1.0,-1
1.169895,1.169945,1.169895,1.169935,-1.0,-1.0,-1
1.169935,1.16994,1.16993,1.16994,-1.0,-1.0,-1
1.16994,1.16994,1.169885,1.16989,-1.0,-1.0,-1
1.16989,1.1699,1.169885,1.1699,-1.0,-1.0,-1
1.1699,1.1699,1.169895,1.169895,-1.0,-1.0,-1
1.169895,1.169895,1.169895,1.169895,-1.0,-1.0,-1
1.169895,1.169895,1.16983,1.169895,-1.0,-1.0,-1
1.169895,1.169895,1.16987,1.16987,-1.0,-1.0,-1
1.16987,1.169885,1.16987,1.16988,-1.0,-1.0,-1
1.16988,1.169895,1.16988,1.169895,-1.0,-1.0,-1
1.169895,1.169895,1.16987,1.16988,-1.0,-1.0,-1
1.16988,1.16989,1.16982,1.16983,-1.0,-1.0,-1
1.16983,1.169835,1.169825,1.169835,-1.0,-1.0,-1
1.169835,1.169835,1.169725,1.16976,-1.0,-1.0,-1
1.16976,1.169765,1.169725,1.16973,-1.0,-1.0,-1
1.16973,1.16973,1.169725,1.169725,-1.0,-1.0,-1
1.169725,1.169785,1.169725,1.169785,-1.0,-1.0,-1
1.169785,1.169825,1.169785,1.169825,-1.0,-1.0,-1
1.169825,1.169845,1.16982,1.169845,-1.0,-1.0,-1
1.169845,1.169865,1.169845,1.16986,-1.0,-1.0,-1
1.16986,1.169865,1.16984,1.16984,-1.0,-1.0,-1
1.16984,1.169845,1.16983,1.169845,-1.0,-1.0,-1
1.169845,1.169885,1.16983,1.169855,-1.0,-1.0,-1
1.169855,1.169885,1.169855,1.16988,-1.0,-1.0,-1
1.16988,1.169895,1.169865,1.169895,-1.0,-1.0,-1
1.169895,1.169895,1.169845,1.169845,-1.0,-1.0,-1
1.169845,1.169855,1.169825,1.169835,-1.0,-1.0,-1
1.169835,1.169935,1.169825,1.169935,-1.0,-1.0,-1
1.169935,1.169935,1.169935,1.169935,-1.0,-1.0,-1
1.169935,1.169935,1.169935,1.169935,-1.0,-1.0,-1
1.169935,1.169945,1.169935,1.169945,-1.0,-1.0,-1
1.169945,1.16995,1.16994,1.16995,-1.0,-1.0,-1
1.16995,1.16997,1.169945,1.16995,-1.0,-1.0,-1
1.16995,1.16995,1.169945,1.16995,-1.0,-1.0,-1
1.16995,1.16995,1.16994,1.16994,-1.0,-1.0,-1
1.16994,1.16994,1.16992,1.16993,-1.0,-1.0,-1
1.16993,1.16995,1.169925,1.16994,-1.0,-1.0,-1
1.16994,1.16997,1.16994,1.169965,-1.0,-1.0,-1
1.169965,1.169975,1.169935,1.16994,-1.0,-1.0,-1
1.16994,1.169995,1.169935,1.169975,-1.0,-1.0,-1
1.169975,1.16998,1.169965,1.16998,-1.0,-1.0,-1
1.16998,1.16999,1.169935,1.169935,-1.0,-1.0,-1
1.169935,1.169955,1.16993,1.169945,-1.0,-1.0,-1
1.169945,1.16999,1.169945,1.169985,-1.0,-1.0,-1
1.169985,1.169995,1.16998,1.169985,-1.0,-1.0,-1
1.169985,1.16999,1.169985,1.16999,-1.0,-1.0,-1
1.16999,1.16999,1.169975,1.169975,-1.0,-1.0,-1
1.169975,1.16998,1.169945,1.169945,-1.0,-1.0,-1
1.169945,1.170015,1.169945,1.169975,-1.0,-1.0,-1
1.169975,1.16998,1.169935,1.16995,-1.0,-1.0,-1
1.16995,1.16995,1.16991,1.16994,-1.0,-1.0,-1
1.16994,1.16997,1.16994,1.169945,-1.0,-1.0,-1
1.169945,1.169955,1.169945,1.169945,-1.0,-1.0,-1
1.169945,1.16995,1.16994,1.169945,-1.0,-1.0,-1
1.169945,1.16995,1.16994,1.16994,-1.0,-1.0,-1
1.16994,1.169975,1.16994,1.16997,-1.0,-1.0,-1
1.16997,1.169975,1.16993,1.169945,-1.0,-1.0,-1
1.169945,1.16995,1.169925,1.16994,-1.0,-1.0,-1
1.16994,1.16995,1.16993,1.169945,-1.0,-1.0,-1
1.169945,1.169945,1.16993,1.169935,-1.0,-1.0,-1
1.169935,1.16995,1.16992,1.169945,-1.0,-1.0,-1
1.169945,1.169955,1.169945,1.169955,-1.0,-1.0,-1
1.169955,1.169955,1.16994,1.16995,-1.0,-1.0,-1
1.16995,1.16995,1.169895,1.1699,-1.0,-1.0,-1
1.1699,1.169905,1.16989,1.16989,-1.0,-1.0,-1
1.16989,1.16989,1.169865,1.169875,-1.0,-1.0,-1
1.169875,1.16988,1.16984,1.169845,-1.0,-1.0,-1
1.169845,1.16985,1.169845,1.16985,-1.0,-1.0,-1
1.16985,1.16985,1.169775,1.16978,-1.0,-1.0,-1
1.16978,1.16978,1.16973,1.16973,-1.0,-1.0,-1
1.16973,1.169735,1.16973,1.169735,-1.0,-1.0,-1
1.169735,1.1698,1.16973,1.16979,-1.0,-1.0,-1
1.16979,1.169795,1.169785,1.169785,-1.0,-1.0,-1
1.169785,1.169795,1.169735,1.169735,-1.0,-1.0,-1
1.169735,1.169735,1.16973,1.16973,-1.0,-1.0,-1
1.16973,1.16973,1.16973,1.16973,-1.0,-1.0,-1
1.16973,1.16973,1.16972,1.16973,-1.0,-1.0,-1
1.16973,1.16973,1.16972,1.16972,-1.0,-1.0,-1
1.16972,1.16973,1.16972,1.16973,-1.0,-1.0,-1
1.16973,1.16973,1.169725,1.16973,-1.0,-1.0,-1
1.16973,1.16973,1.169725,1.16973,-1.0,-1.0,-1
1.16973,1.169755,1.16969,1.169695,-1.0,-1.0,-1
1.169695,1.169695,1.169685,1.169685,-1.0,-1.0,-1
1.169685,1.169705,1.169685,1.1697,-1.0,-1.0,-1
1.1697,1.169705,1.169685,1.16969,-1.0,-1.0,-1
1.16969,1.16969,1.169685,1.16969,-1.0,-1.0,-1
1.16969,1.169715,1.16969,1.169715,-1.0,-1.0,-1
1.169715,1.16972,1.16969,1.16969,-1.0,-1.0,-1
1.16969,1.169705,1.16969,1.1697,-1.0,-1.0,-1
1.1697,1.169725,1.169665,1.16968,-1.0,-1.0,-1
1.16968,1.169685,1.16968,1.16968,-1.0,-1.0,-1
1.16968,1.169685,1.16968,1.16968,-1.0,-1.0,-1
1.16968,1.16968,1.169635,1.169645,-1.0,-1.0,-1
1.169645,1.169645,1.169635,1.16964,-1.0,-1.0,-1
1.16964,1.16968,1.16964,1.16968,-1.0,-1.0,-1
1.16968,1.169685,1.16964,1.16964,-1.0,-1.0,-1
1.16964,1.16967,1.16964,1.16967,-1.0,-1.0,-1
1.16967,1.16967,1.16964,1.16964,-1.0,-1.0,-1
1.16964,1.16964,1.169635,1.16964,-1.0,-1.0,-1
1.16964,1.169675,1.16963,1.169675,-1.0,-1.0,-1
1.169675,1.169745,1.169675,1.16973,-1.0,-1.0,-1
1.16973,1.169745,1.16973,1.16973,-1.0,-1.0,-1
1.16973,1.16973,1.169705,1.169725,-1.0,-1.0,-1
1.169725,1.169725,1.169705,1.169725,-1.0,-1.0,-1
1.169725,1.169745,1.169725,1.169745,-1.0,-1.0,-1
1.169745,1.169785,1.16974,1.169785,-1.0,-1.0,-1
1.169785,1.16981,1.169785,1.169795,-1.0,-1.0,-1
1.169795,1.169815,1.169795,1.16981,-1.0,-1.0,-1
1.16981,1.16981,1.169785,1.169785,-1.0,-1.0,-1
1.169785,1.169785,1.169785,1.169785,-1.0,-1.0,-1
1.169785,1.169835,1.169785,1.169835,-1.0,-1.0,-1
1.169835,1.169835,1.16983,1.169835,-1.0,-1.0,-1
1.169835,1.169835,1.169815,1.169815,-1.0,-1.0,-1
1.169815,1.169845,1.16981,1.169845,-1.0,-1.0,-1
1.169845,1.169845,1.16981,1.16982,-1.0,-1.0,-1
1.16982,1.16982,1.16981,1.16982,-1.0,-1.0,-1
1.16982,1.16983,1.16981,1.16983,-1.0,-1.0,-1
1.16983,1.16984,1.169825,1.16984,-1.0,-1.0,-1
1.16984,1.16984,1.169825,1.16984,-1.0,-1.0,-1
1.16984,1.16985,1.16984,1.16985,-1.0,-1.0,-1
1.16985,1.169865,1.16984,1.169865,-1.0,-1.0,-1
1.169865,1.16989,1.16986,1.16989,-1.0,-1.0,-1
1.16989,1.169895,1.169885,1.16989,-1.0,-1.0,-1
1.16989,1.16989,1.16987,1.169885,-1.0,-1.0,-1
1.169885,1.16989,1.169875,1.16988,-1.0,-1.0,-1
1.16988,1.1699,1.16988,1.1699,-1.0,-1.0,-1
1.1699,1.1699,1.16989,1.16989,-1.0,-1.0,-1
1.16989,1.16989,1.16989,1.16989,-1.0,-1.0,-1
1.16989,1.1699,1.16988,1.1699,-1.0,-1.0,-1
1.1699,1.1699,1.1699,1.1699,-1.0,-1.0,-1
1.1699,1.16994,1.1699,1.16994,-1.0,-1.0,-1
1.16994,1.169955,1.16994,1.169945,-1.0,-1.0,-1
1.169945,1.169945,1.16993,1.16993,-1.0,-1.0,-1
1.16993,1.169945,1.16993,1.169945,-1.0,-1.0,-1
1.169945,1.169945,1.169935,1.169935,-1.0,-1.0,-1
1.169935,1.169945,1.16993,1.169945,-1.0,-1.0,-1
1.169945,1.16999,1.169945,1.169985,-1.0,-1.0,-1
1.169985,1.16999,1.169985,1.16999,-1.0,-1.0,-1
1.16999,1.16999,1.16999,1.16999,-1.0,-1.0,-1
1.16999,1.16999,1.169955,1.169965,-1.0,-1.0,-1
1.169965,1.16999,1.169965,1.16999,-1.0,-1.0,-1
1.16999,1.170045,1.16999,1.17004,-1.0,-1.0,-1
1.17004,1.17004,1.169985,1.169985,-1.0,-1.0,-1
1.169985,1.169985,1.169945,1.169985,-1.0,-1.0,-1
1.169985,1.169995,1.169985,1.169995,-1.0,-1.0,-1
1.169995,1.170055,1.16992,1.16995,-1.0,-1.0,-1
1.16995,1.16996,1.16991,1.169915,-1.0,-1.0,-1
1.169915,1.169935,1.16991,1.169935,-1.0,-1.0,-1
1.169935,1.169975,1.16992,1.16996,-1.0,-1.0,-1
1.16996,1.16998,1.16996,1.16997,-1.0,-1.0,-1
1.16997,1.17002,1.16997,1.17002,-1.0,-1.0,-1
1.17002,1.17004,1.17,1.170035,-1.0,-1.0,-1
1.170035,1.170045,1.170035,1.170045,-1.0,-1.0,-1
1.170045,1.170045,1.17004,1.17004,-1.0,-1.0,-1
1.17004,1.17004,1.17003,1.17004,-1.0,-1.0,-1
1.17004,1.170065,1.170035,1.170035,-1.0,-1.0,-1
1.170035,1.170055,1.17002,1.17003,-1.0,-1.0,-1
1.17003,1.17003,1.170025,1.170025,-1.0,-1.0,-1
1.170025,1.17004,1.169985,1.17004,-1.0,-1.0,-1
1.17004,1.17004,1.170025,1.17004,-1.0,-1.0,-1
1.17004,1.17004,1.169985,1.169985,-1.0,-1.0,-1
1.169985,1.169985,1.169935,1.169965,-1.0,-1.0,-1
1.169965,1.16998,1.169955,1.169975,-1.0,-1.0,-1
1.169975,1.169985,1.169975,1.169975,-1.0,-1.0,-1
1.169975,1.169985,1.169975,1.169985,-1.0,-1.0,-1
1.169985,1.170035,1.169985,1.170015,-1.0,-1.0,-1
1.170015,1.170015,1.17,1.170005,-1.0,-1.0,-1
1.170005,1.170015,1.169985,1.169985,-1.0,-1.0,-1
1.169985,1.169985,1.16992,1.169925,-1.0,-1.0,-1
1.169925,1.169935,1.1699,1.169925,-1.0,-1.0,-1
1.169925,1.16998,1.16992,1.169975,-1.0,-1.0,-1
1.169975,1.169985,1.169975,1.169985,-1.0,-1.0,-1
1.169985,1.169985,1.169985,1.169985,-1.0,-1.0,-1
1.169985,1.170025,1.169985,1.170025,-1.0,-1.0,-1
1.170025,1.170025,1.169935,1.169935,-1.0,-1.0,-1
1.169935,1.169945,1.169935,1.169945,-1.0,-1.0,-1
1.169945,1.16996,1.169945,1.169945,-1.0,-1.0,-1
1.169945,1.16998,1.169945,1.169965,-1.0,-1.0,-1
1.169965,1.16998,1.169965,1.169975,-1.0,-1.0,-1
1.169975,1.16998,1.169975,1.169975,-1.0,-1.0,-1
1.169975,1.16998,1.16992,1.169925,-1.0,-1.0,-1
1.169925,1.169925,1.169885,1.169895,-1.0,-1.0,-1
1.169895,1.169925,1.169885,1.169925,-1.0,-1.0,-1
1.169925,1.169935,1.16992,1.169935,-1.0,-1.0,-1
1.169935,1.16998,1.169935,1.169975,-1.0,-1.0,-1
1.169975,1.169985,1.169975,1.169985,-1.0,-1.0,-1
1.169985,1.169985,1.169985,1.169985,-1.0,-1.0,-1
1.169985,1.169985,1.169985,1.169985,-1.0,-1.0,-1
1.169985,1.169985,1.169985,1.169985,-1.0,-1.0,-1
1.169985,1.169985,1.169985,1.169985,-1.0,-1.0,-1
1.169985,1.170035,1.169985,1.170035,-1.0,-1.0,-1
1.170035,1.17007,1.170035,1.17007,-1.0,-1.0,-1
1.17007,1.170125,1.170065,1.170125,-1.0,-1.0,-1
1.170125,1.170125,1.170105,1.170115,-1.0,-1.0,-1
1.170115,1.170115,1.17009,1.170095,-1.0,-1.0,-1
1.170095,1.170095,1.17008,1.170095,-1.0,-1.0,-1
1.170095,1.170095,1.170045,1.170045,-1.0,-1.0,-1
1.170045,1.170045,1.170015,1.170035,-1.0,-1.0,-1
1.170035,1.170035,1.170035,1.170035,-1.0,-1.0,-1
1.170035,1.170035,1.170025,1.170025,-1.0,-1.0,-1
1.170025,1.17004,1.170025,1.170035,-1.0,-1.0,-1
1.170035,1.170035,1.169915,1.169925,-1.0,-1.0,-1
1.169925,1.16999,1.16992,1.169985,-1.0,-1.0,-1
1.169985,1.169985,1.169935,1.169935,-1.0,-1.0,-1
1.169935,1.16997,1.169935,1.169955,-1.0,-1.0,-1
1.169955,1.169955,1.169955,1.169955,-1.0,-1.0,-1
1.169955,1.169955,1.169935,1.169935,-1.0,-1.0,-1
1.169935,1.169945,1.16992,1.169945,-1.0,-1.0,-1
1.169945,1.169945,1.169935,1.169935,-1.0,-1.0,-1
1.169935,1.169935,1.169935,1.169935,-1.0,-1.0,-1
1.169935,1.169935,1.169895,1.169905,-1.0,-1.0,-1
1.169905,1.16993,1.169905,1.16993,-1.0,-1.0,-1
1.16993,1.16994,1.16993,1.169935,-1.0,-1.0,-1
1.169935,1.16994,1.169895,1.169915,-1.0,-1.0,-1
1.169915,1.169915,1.169895,1.169895,-1.0,-1.0,-1
1.169895,1.169895,1.169885,1.169885,-1.0,-1.0,-1
1.169885,1.16989,1.169875,1.169875,-1.0,-1.0,-1
1.169875,1.16988,1.169875,1.169875,-1.0,-1.0,-1
1.169875,1.16988,1.169875,1.169875,-1.0,-1.0,-1
1.169875,1.169895,1.169875,1.169895,-1.0,-1.0,-1
1.169895,1.169995,1.16989,1.169985,-1.0,-1.0,-1
1.169985,1.169985,1.169985,1.169985,-1.0,-1.0,-1
1.169985,1.169985,1.169965,1.169975,-1.0,-1.0,-1
1.169975,1.16998,1.169935,1.16994,-1.0,-1.0,-1
1.16994,1.16994,1.16992,1.169935,-1.0,-1.0,-1
1.169935,1.169935,1.169885,1.16989,-1.0,-1.0,-1
1.16989,1.16993,1.16989,1.169925,-1.0,-1.0,-1
1.169925,1.169925,1.16992,1.169925,-1.0,-1.0,-1
1.169925,1.16993,1.16991,1.169915,-1.0,-1.0,-1
1.169915,1.169915,1.1699,1.1699,-1.0,-1.0,-1
1.1699,1.1699,1.1699,1.1699,-1.0,-1.0,-1
1.1699,1.169925,1.1699,1.169915,-1.0,-1.0,-1
1.169915,1.169935,1.16991,1.169925,-1.0,-1.0,-1
1.169925,1.169935,1.16992,1.169935,-1.0,-1.0,-1
1.169935,1.169935,1.169935,1.169935,-1.0,-1.0,-1
1.169935,1.169935,1.169915,1.169935,-1.0,-1.0,-1
1.169935,1.169935,1.169905,1.169905,-1.0,-1.0,-1
1.169905,1.169915,1.169905,1.169915,-1.0,-1.0,-1
1.169915,1.169925,1.16988,1.169885,-1.0,-1.0,-1
1.169885,1.169895,1.16987,1.169875,-1.0,-1.0,-1
1.169875,1.16988,1.169845,1.169875,-1.0,-1.0,-1
1.169875,1.16988,1.169825,1.16984,-1.0,-1.0,-1
1.16984,1.16984,1.16982,1.169835,-1.0,-1.0,-1
1.169835,1.169845,1.16982,1.169825,-1.0,-1.0,-1
1.169825,1.16983,1.169785,1.169785,-1.0,-1.0,-1
1.169785,1.169795,1.169785,1.16979,-1.0,-1.0,-1
1.16979,1.169815,1.16979,1.169795,-1.0,-1.0,-1
1.169795,1.1698,1.169795,1.169795,-1.0,-1.0,-1
1.169795,1.16981,1.169795,1.169795,-1.0,-1.0,-1
1.169795,1.169825,1.169795,1.16982,-1.0,-1.0,-1
1.16982,1.16982,1.16978,1.16978,-1.0,-1.0,-1
1.16978,1.169785,1.16978,1.169785,-1.0,-1.0,-1
1.169785,1.169785,1.169785,1.169785,-1.0,-1.0,-1
1.169785,1.1698,1.16978,1.169785,-1.0,-1.0,-1
1.169785,1.169785,1.16974,1.16975,-1.0,-1.0,-1
1.16975,1.169755,1.16973,1.16973,-1.0,-1.0,-1
1.16973,1.169745,1.16972,1.16972,-1.0,-1.0,-1
1.16972,1.169725,1.16972,1.169725,-1.0,-1.0,-1
1.169725,1.16973,1.169725,1.16973,-1.0,-1.0,-1
1.16973,1.16976,1.16973,1.16973,-1.0,-1.0,-1
1.16973,1.16973,1.169725,1.169725,-1.0,-1.0,-1
1.169725,1.16973,1.169695,1.169695,-1.0,-1.0,-1
1.169695,1.169695,1.169685,1.169685,-1.0,-1.0,-1
1.169685,1.169695,1.169675,1.16968,-1.0,-1.0,-1
1.16968,1.16972,1.16968,1.169705,-1.0,-1.0,-1
1.169705,1.16971,1.169695,1.1697,-1.0,-1.0,-1
1.1697,1.16973,1.169695,1.16973,-1.0,-1.0,-1
1.16973,1.16973,1.169725,1.16973,-1.0,-1.0,-1
1.16973,1.16977,1.16973,1.16977,-1.0,-1.0,-1
1.16977,1.16977,1.169745,1.16975,-1.0,-1.0,-1
1.16975,1.16975,1.16973,1.16973,-1.0,-1.0,-1
1.16973,1.169745,1.16973,1.16973,-1.0,-1.0,-1
1.16973,1.16973,1.16973,1.16973,-1.0,-1.0,-1
1.16973,1.169745,1.16972,1.169725,-1.0,-1.0,-1
1.169725,1.16973,1.16972,1.16972,-1.0,-1.0,-1
1.16972,1.169725,1.16972,1.169725,-1.0,-1.0,-1
1.169725,1.169735,1.169725,1.169735,-1.0,-1.0,-1
1.169735,1.169735,1.16973,1.16973,-1.0,-1.0,-1
1.16973,1.16973,1.169725,1.16973,-1.0,-1.0,-1
1.16973,1.169765,1.169725,1.16975,-1.0,-1.0,-1
1.16975,1.169755,1.169735,1.169735,-1.0,-1.0,-1
1.169735,1.16978,1.169735,1.16976,-1.0,-1.0,-1
1.16976,1.169835,1.16976,1.169815,-1.0,-1.0,-1
1.169815,1.169825,1.169795,1.169815,-1.0,-1.0,-1
1.169815,1.169815,1.169675,1.16968,-1.0,-1.0,-1
1.16968,1.16968,1.169635,1.169635,-1.0,-1.0,-1
1.169635,1.169655,1.16963,1.16963,-1.0,-1.0,-1
1.16963,1.16963,1.169615,1.169625,-1.0,-1.0,-1
1.169625,1.16963,1.169625,1.16963,-1.0,-1.0,-1
1.16963,1.169635,1.16963,1.169635,-1.0,-1.0,-1
1.169635,1.169635,1.169635,1.169635,-1.0,-1.0,-1
1.169635,1.169665,1.169635,1.169665,-1.0,-1.0,-1
1.169665,1.169675,1.16955,1.169565,-1.0,-1.0,-1
1.169565,1.16958,1.169495,1.169495,-1.0,-1.0,-1
1.169495,1.16951,1.16948,1.169495,-1.0,-1.0,-1
1.169495,1.169505,1.16948,1.169495,-1.0,-1.0,-1
1.169495,1.16953,1.16949,1.16952,-1.0,-1.0,-1
1.16952,1.16954,1.16952,1.169535,-1.0,-1.0,-1
1.169535,1.169585,1.16953,1.16955,-1.0,-1.0,-1
1.16955,1.169565,1.169525,1.169535,-1.0,-1.0,-1
1.169535,1.169575,1.169535,1.169565,-1.0,-1.0,-1
1.169565,1.169585,1.169545,1.169585,-1.0,-1.0,-1
1.169585,1.169595,1.16957,1.169575,-1.0,-1.0,-1
1.169575,1.169585,1.169535,1.16958,-1.0,-1.0,-1
1.16958,1.16958,1.169535,1.169535,-1.0,-1.0,-1
1.169535,1.16955,1.169535,1.16955,-1.0,-1.0,-1
1.16955,1.16955,1.169545,1.169545,-1.0,-1.0,-1
1.169545,1.169575,1.169535,1.16955,-1.0,-1.0,-1
1.16955,1.16955,1.169525,1.169525,-1.0,-1.0,-1
1.169525,1.169535,1.169505,1.169515,-1.0,-1.0,-1
1.169515,1.169515,1.16948,1.169485,-1.0,-1.0,-1
1.169485,1.169495,1.16948,1.169495,-1.0,-1.0,-1
1.169495,1.169495,1.169465,1.169475,-1.0,-1.0,-1
1.169475,1.16957,1.16947,1.16957,-1.0,-1.0,-1
1.16957,1.16959,1.16955,1.16959,-1.0,-1.0,-1
1.16959,1.169595,1.16957,1.169585,-1.0,-1.0,-1
1.169585,1.16959,1.16957,1.169575,-1.0,-1.0,-1
1.169575,1.169605,1.169545,1.169545,-1.0,-1.0,-1
1.169545,1.169545,1.169525,1.169545,-1.0,-1.0,-1
1.169545,1.16955,1.169535,1.16954,-1.0,-1.0,-1
1.16954,1.16955,1.169535,1.16955,-1.0,-1.0,-1
1.16955,1.16955,1.169535,1.169545,-1.0,-1.0,-1
1.169545,1.16955,1.169495,1.16954,-1.0,-1.0,-1
1.16954,1.169545,1.169535,1.169545,-1.0,-1.0,-1
1.169545,1.169565,1.169545,1.169545,-1.0,-1.0,-1
1.169545,1.16955,1.169535,1.16954,-1.0,-1.0,-1
1.16954,1.169545,1.169535,1.169535,-1.0,-1.0,-1
1.169535,1.16955,1.169535,1.169545,-1.0,-1.0,-1
1.169545,1.169585,1.169545,1.169585,-1.0,-1.0,-1
1.169585,1.169585,1.16956,1.169565,-1.0,-1.0,-1
1.169565,1.169565,1.169545,1.169545,-1.0,-1.0,-1
1.169545,1.169545,1.169535,1.16954,-1.0,-1.0,-1
1.16954,1.169555,1.16954,1.169545,-1.0,-1.0,-1
1.169545,1.16955,1.16953,1.16953,-1.0,-1.0,-1
1.16953,1.169545,1.169515,1.169535,-1.0,-1.0,-1
1.169535,1.16958,1.169535,1.16958,-1.0,-1.0,-1
1.16958,1.16958,1.16957,1.16958,-1.0,-1.0,-1
1.16958,1.16958,1.169545,1.169545,-1.0,-1.0,-1
1.169545,1.16957,1.169535,1.16957,-1.0,-1.0,-1
1.16957,1.169585,1.16955,1.169585,-1.0,-1.0,-1
1.169585,1.16959,1.16955,1.16955,-1.0,-1.0,-1
1.16955,1.169585,1.16955,1.169575,-1.0,-1.0,-1
1.169575,1.16958,1.16955,1.16955,-1.0,-1.0,-1
1.16955,1.16955,1.169535,1.169535,-1.0,-1.0,-1
1.169535,1.169545,1.169505,1.169525,-1.0,-1.0,-1
1.169525,1.16955,1.169505,1.169515,-1.0,-1.0,-1
1.169515,1.169545,1.169505,1.169535,-1.0,-1.0,-1
1.169535,1.16954,1.16947,1.169485,-1.0,-1.0,-1
1.169485,1.169485,1.16944,1.169465,-1.0,-1.0,-1
1.169465,1.16948,1.16946,1.16946,-1.0,-1.0,-1
1.16946,1.16946,1.169435,1.16944,-1.0,-1.0,-1
1.16944,1.16945,1.16943,1.16944,-1.0,-1.0,-1
1.16944,1.169445,1.16943,1.16944,-1.0,-1.0,-1
1.16944,1.16949,1.169435,1.169475,-1.0,-1.0,-1
1.169475,1.16948,1.169435,1.16946,-1.0,-1.0,-1
1.16946,1.169475,1.169435,1.169475,-1.0,-1.0,-1
1.169475,1.16949,1.16947,1.16949,-1.0,-1.0,-1
1.16949,1.169495,1.16944,1.169455,-1.0,-1.0,-1
1.169455,1.16947,1.169435,1.169445,-1.0,-1.0,-1
1.169445,1.169515,1.169445,1.169505,-1.0,-1.0,-1
1.169505,1.169535,1.169465,1.169475,-1.0,-1.0,-1
1.169475,1.16948,1.16946,1.16948,-1.0,-1.0,-1
1.16948,1.169485,1.16947,1.16948,-1.0,-1.0,-1
1.16948,1.169495,1.169475,1.169485,-1.0,-1.0,-1
1.169485,1.16954,1.16948,1.169535,-1.0,-1.0,-1
1.169535,1.169545,1.169535,1.169545,-1.0,-1.0,-1
1.169545,1.169545,1.169535,1.16954,-1.0,-1.0,-1
1.16954,1.16954,1.169525,1.169535,-1.0,-1.0,-1
1.169535,1.16958,1.169535,1.16958,-1.0,-1.0,-1
1.16958,1.16963,1.16957,1.16963,-1.0,-1.0,-1
1.16963,1.16963,1.16963,1.16963,-1.0,-1.0,-1
1.16963,1.169635,1.16963,1.16963,-1.0,-1.0,-1
1.16963,1.169655,1.16963,1.169655,-1.0,-1.0,-1
1.169655,1.16968,1.16964,1.16968,-1.0,-1.0,-1
1.16968,1.169695,1.169675,1.169685,-1.0,-1.0,-1
1.169685,1.16969,1.169675,1.16969,-1.0,-1.0,-1
1.16969,1.16973,1.169645,1.16972,-1.0,-1.0,-1
1.16972,1.169755,1.16972,1.169745,-1.0,-1.0,-1
1.169745,1.169745,1.169685,1.16969,-1.0,-1.0,-1
1.16969,1.169745,1.16969,1.16969,-1.0,-1.0,-1
1.16969,1.169725,1.169685,1.169715,-1.0,-1.0,-1
1.169715,1.16972,1.16971,1.16972,-1.0,-1.0,-1
1.16972,1.16972,1.16969,1.16969,-1.0,-1.0,-1
1.16969,1.16969,1.16963,1.16964,-1.0,-1.0,-1
1.16964,1.16964,1.169635,1.16964,-1.0,-1.0,-1
1.16964,1.16964,1.16963,1.169635,-1.0,-1.0,-1
1.169635,1.16966,1.169635,1.169655,-1.0,-1.0,-1
1.169655,1.169655,1.16963,1.169635,-1.0,-1.0,-1
1.169635,1.16964,1.169625,1.169625,-1.0,-1.0,-1
1.169625,1.169635,1.169625,1.169635,-1.0,-1.0,-1
1.169635,1.169635,1.169625,1.16963,-1.0,-1.0,-1
1.16963,1.16964,1.16963,1.16963,-1.0,-1.0,-1
1.16963,1.169635,1.16963,1.16963,-1.0,-1.0,-1
1.16963,1.16964,1.16963,1.16963,-1.0,-1.0,-1
1.16963,1.169685,1.16963,1.169675,-1.0,-1.0,-1
1.169675,1.16969,1.169675,1.16969,-1.0,-1.0,-1
1.16969,1.169695,1.16968,1.16969,-1.0,-1.0,-1
1.16969,1.16973,1.169685,1.16973,-1.0,-1.0,-1
1.16973,1.16973,1.16973,1.16973,-1.0,-1.0,-1
1.16973,1.169805,1.16972,1.16979,-1.0,-1.0,-1
1.16979,1.16984,1.16979,1.16984,-1.0,-1.0,-1
1.16984,1.16984,1.16982,1.169825,-1.0,-1.0,-1
1.169825,1.16988,1.16982,1.16987,-1.0,-1.0,-1
1.16987,1.169875,1.16986,1.16987,-1.0,-1.0,-1
1.16987,1.16987,1.169855,1.16986,-1.0,-1.0,-1
1.16986,1.16987,1.16984,1.16987,-1.0,-1.0,-1
1.16987,1.16987,1.16985,1.16987,-1.0,-1.0,-1
1.16987,1.16987,1.16984,1.16985,-1.0,-1.0,-1
1.16985,1.16985,1.16982,1.16982,-1.0,-1.0,-1
1.16982,1.16983,1.16979,1.16982,-1.0,-1.0,-1
1.16982,1.16983,1.16981,1.16981,-1.0,-1.0,-1
1.16981,1.16981,1.169785,1.169795,-1.0,-1.0,-1
1.169795,1.169835,1.169795,1.169835,-1.0,-1.0,-1
1.169835,1.169835,1.169795,1.169795,-1.0,-1.0,-1
1.169795,1.169805,1.169785,1.169785,-1.0,-1.0,-1
1.169785,1.169805,1.169785,1.16979,-1.0,-1.0,-1
1.16979,1.1698,1.169785,1.169795,-1.0,-1.0,-1
1.169795,1.1698,1.16979,1.16979,-1.0,-1.0,-1
1.16979,1.1698,1.169725,1.169735,-1.0,-1.0,-1
1.169735,1.169745,1.16973,1.16973,-1.0,-1.0,-1
1.16973,1.169775,1.16973,1.169775,-1.0,-1.0,-1
1.169775,1.169775,1.16974,1.16976,-1.0,-1.0,-1
1.16976,1.169785,1.169755,1.169785,-1.0,-1.0,-1
1.169785,1.169815,1.169785,1.16981,-1.0,-1.0,-1
1.16981,1.169815,1.16981,1.16981,-1.0,-1.0,-1
1.16981,1.16983,1.169795,1.16983,-1.0,-1.0,-1
1.16983,1.16983,1.16981,1.16981,-1.0,-1.0,-1
1.16981,1.16983,1.16981,1.16983,-1.0,-1.0,-1
1.16983,1.169835,1.169825,1.16983,-1.0,-1.0,-1
1.16983,1.169835,1.169825,1.169835,-1.0,-1.0,-1
1.169835,1.169865,1.169835,1.169855,-1.0,-1.0,-1
1.169855,1.16986,1.169855,1.16986,-1.0,-1.0,-1
1.16986,1.16986,1.169825,1.16983,-1.0,-1.0,-1
1.16983,1.16984,1.16982,1.16983,-1.0,-1.0,-1
1.16983,1.16983,1.169825,1.16983,-1.0,-1.0,-1
1.16983,1.16983,1.169795,1.16983,-1.0,-1.0,-1
1.16983,1.16983,1.169825,1.16983,-1.0,-1.0,-1
1.16983,1.16983,1.169785,1.16979,-1.0,-1.0,-1
1.16979,1.169795,1.169685,1.16969,-1.0,-1.0,-1
1.16969,1.169735,1.16967,1.16973,-1.0,-1.0,-1
1.16973,1.169735,1.16973,1.169735,-1.0,-1.0,-1
1.169735,1.16976,1.169735,1.16976,-1.0,-1.0,-1
1.16976,1.16976,1.16973,1.169735,-1.0,-1.0,-1
1.169735,1.169735,1.16973,1.16973,-1.0,-1.0,-1
1.16973,1.16973,1.16973,1.16973,-1.0,-1.0,-1
1.16973,1.16973,1.16973,1.16973,-1.0,-1.0,-1
1.16973,1.169735,1.16972,1.16972,-1.0,-1.0,-1
1.16972,1.169735,1.16972,1.16973,-1.0,-1.0,-1
1.16973,1.169735,1.16968,1.16968,-1.0,-1.0,-1
1.16968,1.169685,1.16968,1.169685,-1.0,-1.0,-1
1.169685,1.169685,1.16968,1.169685,-1.0,-1.0,-1
1.169685,1.169685,1.169685,1.169685,-1.0,-1.0,-1
1.169685,1.169685,1.16968,1.16968,-1.0,-1.0,-1
1.16968,1.16972,1.16968,1.1697,-1.0,-1.0,-1
1.1697,1.169715,1.1697,1.169715,-1.0,-1.0,-1
1.169715,1.169715,1.169715,1.169715,-1.0,-1.0,-1
1.169715,1.16972,1.169715,1.16972,-1.0,-1.0,-1
1.16972,1.16972,1.16972,1.16972,-1.0,-1.0,-1
1.16972,1.16973,1.16972,1.16973,-1.0,-1.0,-1
1.16973,1.16973,1.16972,1.16972,-1.0,-1.0,-1
1.16972,1.16973,1.16972,1.16973,-1.0,-1.0,-1
1.16973,1.16973,1.169685,1.169725,-1.0,-1.0,-1
1.169725,1.169735,1.169725,1.16973,-1.0,-1.0,-1
1.16973,1.169735,1.16972,1.169735,-1.0,-1.0,-1
1.169735,1.169735,1.16973,1.16973,-1.0,-1.0,-1
1.16973,1.16973,1.16969,1.169705,-1.0,-1.0,-1
1.169705,1.169705,1.16969,1.16969,-1.0,-1.0,-1
1.16969,1.16972,1.16969,1.169715,-1.0,-1.0,-1
1.169715,1.169715,1.169695,1.169715,-1.0,-1.0,-1
1.169715,1.169715,1.1697,1.1697,-1.0,-1.0,-1
1.1697,1.16973,1.1697,1.16973,-1.0,-1.0,-1
1.16973,1.16975,1.16973,1.169745,-1.0,-1.0,-1
1.169745,1.169745,1.16973,1.16973,-1.0,-1.0,-1
1.16973,1.16973,1.16973,1.16973,-1.0,-1.0,-1
1.16973,1.169735,1.16969,1.16969,-1.0,-1.0,-1
1.16969,1.16969,1.16968,1.169685,-1.0,-1.0,-1
1.169685,1.16969,1.169685,1.16969,-1.0,-1.0,-1
1.16969,1.16969,1.16969,1.16969,-1.0,-1.0,-1
1.16969,1.16969,1.169675,1.169685,-1.0,-1.0,-1
1.169685,1.16969,1.16968,1.16969,-1.0,-1.0,-1
1.16969,1.169705,1.16969,1.16969,-1.0,-1.0,-1
1.16969,1.169695,1.169655,1.16968,-1.0,-1.0,-1
1.16968,1.169685,1.169665,1.16967,-1.0,-1.0,-1
1.16967,1.16969,1.16967,1.169685,-1.0,-1.0,-1
1.169685,1.16969,1.169685,1.169685,-1.0,-1.0,-1
1.169685,1.169685,1.169625,1.16964,-1.0,-1.0,-1
1.16964,1.169675,1.16964,1.169645,-1.0,-1.0,-1
1.169645,1.169645,1.16964,1.169645,-1.0,-1.0,-1
1.169645,1.16967,1.16964,1.16967,-1.0,-1.0,-1
1.16967,1.16975,1.16967,1.169715,-1.0,-1.0,-1
1.169715,1.16972,1.169655,1.16967,-1.0,-1.0,-1
1.16967,1.169685,1.169655,1.16968,-1.0,-1.0,-1
1.16968,1.16968,1.16964,1.16964,-1.0,-1.0,-1
1.16964,1.16964,1.16964,1.16964,-1.0,-1.0,-1
1.16964,1.169645,1.16964,1.169645,-1.0,-1.0,-1
1.169645,1.16966,1.169645,1.169645,-1.0,-1.0,-1
1.169645,1.169685,1.169645,1.169685,-1.0,-1.0,-1
1.169685,1.16972,1.169685,1.169715,-1.0,-1.0,-1
1.169715,1.169715,1.169715,1.169715,-1.0,-1.0,-1
1.169715,1.169715,1.16969,1.16969,-1.0,-1.0,-1
1.16969,1.16969,1.16964,1.16964,-1.0,-1.0,-1
1.16964,1.16964,1.16963,1.169635,-1.0,-1.0,-1
1.169635,1.169645,1.169635,1.16964,-1.0,-1.0,-1
1.16964,1.16964,1.169635,1.16964,-1.0,-1.0,-1
1.16964,1.16964,1.16963,1.169635,-1.0,-1.0,-1
1.169635,1.169635,1.16958,1.169585,-1.0,-1.0,-1
1.169585,1.169585,1.16958,1.169585,-1.0,-1.0,-1
1.169585,1.16959,1.16958,1.16958,-1.0,-1.0,-1
1.16958,1.169585,1.16958,1.16958,-1.0,-1.0,-1
1.16958,1.16962,1.16958,1.16959,-1.0,-1.0,-1
1.16959,1.169635,1.16959,1.169635,-1.0,-1.0,-1
1.169635,1.169635,1.16959,1.16959,-1.0,-1.0,-1
1.16959,1.169595,1.16958,1.16958,-1.0,-1.0,-1
1.16958,1.169585,1.16958,1.169585,-1.0,-1.0,-1
1.169585,1.169585,1.16958,1.16958,-1.0,-1.0,-1
1.16958,1.169635,1.16958,1.169635,-1.0,-1.0,-1
1.169635,1.16964,1.16961,1.16961,-1.0,-1.0,-1
1.16961,1.169635,1.16961,1.16963,-1.0,-1.0,-1
1.16963,1.16963,1.16959,1.16959,-1.0,-1.0,-1
1.16959,1.16959,1.16953,1.169535,-1.0,-1.0,-1
1.169535,1.169535,1.16951,1.169515,-1.0,-1.0,-1
1.169515,1.16952,1.16951,1.16952,-1.0,-1.0,-1
1.16952,1.16955,1.16948,1.16949,-1.0,-1.0,-1
1.16949,1.1695,1.16948,1.16949,-1.0,-1.0,-1
1.16949,1.169505,1.16948,1.16949,-1.0,-1.0,-1
1.16949,1.16953,1.16949,1.16951,-1.0,-1.0,-1
1.16951,1.169535,1.16949,1.1695,-1.0,-1.0,-1
1.1695,1.1695,1.169465,1.16948,-1.0,-1.0,-1
1.16948,1.169485,1.16941,1.16943,-1.0,-1.0,-1
1.16943,1.16943,1.169345,1.169345,-1.0,-1.0,-1
1.169345,1.169345,1.169265,1.16928,-1.0,-1.0,-1
1.16928,1.16933,1.169275,1.16933,-1.0,-1.0,-1
1.16933,1.16938,1.16933,1.16937,-1.0,-1.0,-1
1.16937,1.16938,1.169355,1.169365,-1.0,-1.0,-1
1.169365,1.16938,1.169365,1.16937,-1.0,-1.0,-1
1.16937,1.169405,1.16937,1.1694,-1.0,-1.0,-1
1.1694,1.1694,1.16939,1.16939,-1.0,-1.0,-1
1.16939,1.1694,1.16938,1.169385,-1.0,-1.0,-1
1.169385,1.169395,1.16938,1.16938,-1.0,-1.0,-1
1.16938,1.169385,1.169375,1.169375,-1.0,-1.0,-1
1.169375,1.169375,1.169325,1.16933,-1.0,-1.0,-1
1.16933,1.169345,1.16933,1.16933,-1.0,-1.0,-1
1.16933,1.16933,1.169285,1.169295,-1.0,-1.0,-1
1.169295,1.169295,1.169285,1.16929,-1.0,-1.0,-1
1.16929,1.16929,1.169285,1.169285,-1.0,-1.0,-1
1.169285,1.16929,1.169275,1.169285,-1.0,-1.0,-1
1.169285,1.16929,1.16928,1.16928,-1.0,-1.0,-1
1.16928,1.16929,1.16928,1.169285,-1.0,-1.0,-1
1.169285,1.169285,1.169265,1.16928,-1.0,-1.0,-1
1.16928,1.16928,1.169245,1.169245,-1.0,-1.0,-1
1.169245,1.169245,1.16924,1.169245,-1.0,-1.0,-1
1.169245,1.169245,1.16924,1.169245,-1.0,-1.0,-1
1.169245,1.16927,1.169225,1.16924,-1.0,-1.0,-1
1.16924,1.169245,1.16924,1.169245,-1.0,-1.0,-1
1.169245,1.169245,1.16924,1.16924,-1.0,-1.0,-1
1.16924,1.169285,1.169225,1.169285,-1.0,-1.0,-1
1.169285,1.169315,1.169285,1.169305,-1.0,-1.0,-1
1.169305,1.169325,1.169285,1.169285,-1.0,-1.0,-1
1.169285,1.169285,1.169285,1.169285,-1.0,-1.0,-1
1.169285,1.169285,1.169285,1.169285,-1.0,-1.0,-1
1.169285,1.169285,1.169285,1.169285,-1.0,-1.0,-1
1.169285,1.169285,1.169285,1.169285,-1.0,-1.0,-1
1.169285,1.16933,1.169285,1.16933,-1.0,-1.0,-1
1.16933,1.169375,1.16933,1.169375,-1.0,-1.0,-1
1.169375,1.16938,1.16937,1.16937,-1.0,-1.0,-1
1.16937,1.16938,1.169335,1.169335,-1.0,-1.0,-1
1.169335,1.169365,1.169335,1.169335,-1.0,-1.0,-1
1.169335,1.169355,1.169335,1.169335,-1.0,-1.0,-1
1.169335,1.16938,1.169335,1.16938,-1.0,-1.0,-1
1.16938,1.16938,1.16938,1.16938,-1.0,-1.0,-1
1.16938,1.169455,1.16938,1.16942,-1.0,-1.0,-1
1.16942,1.169435,1.16941,1.169425,-1.0,-1.0,-1
1.169425,1.16943,1.16938,1.16942,-1.0,-1.0,-1
1.16942,1.16943,1.169375,1.169375,-1.0,-1.0,-1
1.169375,1.169375,1.169375,1.169375,-1.0,-1.0,-1
1.169375,1.169375,1.169355,1.169355,-1.0,-1.0,-1
1.169355,1.169375,1.169345,1.169355,-1.0,-1.0,-1
1.169355,1.16937,1.169345,1.16935,-1.0,-1.0,-1
1.16935,1.169395,1.16935,1.169375,-1.0,-1.0,-1
1.169375,1.169375,1.16935,1.16935,-1.0,-1.0,-1
1.16935,1.16938,1.169335,1.169335,-1.0,-1.0,-1
1.169335,1.169335,1.169335,1.169335,-1.0,-1.0,-1
1.169335,1.16936,1.169335,1.169345,-1.0,-1.0,-1
1.169345,1.169345,1.169345,1.169345,-1.0,-1.0,-1
1.169345,1.169345,1.169325,1.169335,-1.0,-1.0,-1
1.169335,1.169335,1.169325,1.169325,-1.0,-1.0,-1
1.169325,1.169335,1.169325,1.169325,-1.0,-1.0,-1
1.169325,1.169335,1.169285,1.169285,-1.0,-1.0,-1
1.169285,1.169325,1.169285,1.169325,-1.0,-1.0,-1
1.169325,1.169325,1.16932,1.169325,-1.0,-1.0,-1
1.169325,1.169335,1.169315,1.169315,-1.0,-1.0,-1
1.169315,1.169315,1.169295,1.169305,-1.0,-1.0,-1
1.169305,1.169375,1.1693,1.169375,-1.0,-1.0,-1
1.169375,1.169375,1.169365,1.16937,-1.0,-1.0,-1
1.16937,1.16938,1.16937,1.169375,-1.0,-1.0,-1
1.169375,1.169375,1.169355,1.16937,-1.0,-1.0,-1
1.16937,1.169375,1.16937,1.16937,-1.0,-1.0,-1
1.16937,1.16937,1.169335,1.169335,-1.0,-1.0,-1
1.169335,1.169335,1.169335,1.169335,-1.0,-1.0,-1
1.169335,1.16934,1.16933,1.169335,-1.0,-1.0,-1
1.169335,1.169335,1.169315,1.169315,-1.0,-1.0,-1
1.169315,1.16933,1.169305,1.169315,-1.0,-1.0,-1
1.169315,1.169315,1.169285,1.16931,-1.0,-1.0,-1
1.16931,1.16938,1.169305,1.16938,-1.0,-1.0,-1
1.16938,1.16944,1.16938,1.16941,-1.0,-1.0,-1
1.16941,1.169415,1.16937,1.16937,-1.0,-1.0,-1
1.16937,1.169375,1.16937,1.169375,-1.0,-1.0,-1
1.169375,1.169395,1.169375,1.169395,-1.0,-1.0,-1
1.169395,1.169405,1.169385,1.16939,-1.0,-1.0,-1
1.16939,1.169395,1.16938,1.169385,-1.0,-1.0,-1
1.169385,1.169395,1.16938,1.169395,-1.0,-1.0,-1
1.169395,1.169395,1.169335,1.169365,-1.0,-1.0,-1
1.169365,1.16937,1.16935,1.16935,-1.0,-1.0,-1
1.16935,1.169355,1.169335,1.16934,-1.0,-1.0,-1
1.16934,1.16934,1.169325,1.169325,-1.0,-1.0,-1
1.169325,1.169345,1.169325,1.16933,-1.0,-1.0,-1
1.16933,1.16934,1.16933,1.16934,-1.0,-1.0,-1
1.16934,1.16934,1.169325,1.16933,-1.0,-1.0,-1
1.16933,1.169345,1.1693,1.16934,-1.0,-1.0,-1
1.16934,1.169375,1.16933,1.16933,-1.0,-1.0,-1
1.16933,1.16933,1.16928,1.16928,-1.0,-1.0,-1
1.16928,1.169335,1.16928,1.169325,-1.0,-1.0,-1
1.169325,1.16934,1.169325,1.16934,-1.0,-1.0,-1
1.16934,1.169395,1.16933,1.169395,-1.0,-1.0,-1
1.169395,1.16944,1.169385,1.16943,-1.0,-1.0,-1
1.16943,1.169445,1.169425,1.169425,-1.0,-1.0,-1
1.169425,1.169455,1.169425,1.169435,-1.0,-1.0,-1
1.169435,1.16945,1.169425,1.169425,-1.0,-1.0,-1
1.169425,1.16944,1.169425,1.169425,-1.0,-1.0,-1
1.169425,1.169425,1.1694,1.169425,-1.0,-1.0,-1
1.169425,1.16945,1.169425,1.16944,-1.0,-1.0,-1
1.16944,1.169475,1.169435,1.169475,-1.0,-1.0,-1
1.169475,1.16948,1.16947,1.16948,-1.0,-1.0,-1
1.16948,1.16948,1.16946,1.169475,-1.0,-1.0,-1
1.169475,1.16948,1.16947,1.16948,-1.0,-1.0,-1
1.16948,1.16949,1.16946,1.16949,-1.0,-1.0,-1
1.16949,1.16949,1.16947,1.16948,-1.0,-1.0,-1
1.16948,1.169535,1.169475,1.16953,-1.0,-1.0,-1
1.16953,1.169535,1.16948,1.169485,-1.0,-1.0,-1
1.169485,1.1695,1.169425,1.16946,-1.0,-1.0,-1
1.16946,1.16946,1.16944,1.169455,-1.0,-1.0,-1
1.169455,1.169455,1.169385,1.1694,-1.0,-1.0,-1
1.1694,1.169455,1.169385,1.169455,-1.0,-1.0,-1
1.169455,1.169485,1.169435,1.16947,-1.0,-1.0,-1
1.16947,1.169495,1.169445,1.169495,-1.0,-1.0,-1
1.169495,1.169495,1.16939,1.169395,-1.0,-1.0,-1
1.169395,1.16945,1.16939,1.169445,-1.0,-1.0,-1
1.169445,1.169465,1.16939,1.169435,-1.0,-1.0,-1
1.169435,1.16944,1.169405,1.169405,-1.0,-1.0,-1
1.169405,1.16941,1.16939,1.169395,-1.0,-1.0,-1
1.169395,1.169405,1.16938,1.1694,-1.0,-1.0,-1
1.1694,1.169425,1.16935,1.16936,-1.0,-1.0,-1
1.16936,1.16937,1.16929,1.169295,-1.0,-1.0,-1
1.169295,1.169295,1.16929,1.16929,-1.0,-1.0,-1
1.16929,1.169315,1.16929,1.16931,-1.0,-1.0,-1
1.16931,1.169315,1.169255,1.169255,-1.0,-1.0,-1
1.169255,1.16927,1.16923,1.169255,-1.0,-1.0,-1
1.169255,1.169255,1.169225,1.16924,-1.0,-1.0,-1
1.16924,1.169285,1.16924,1.169285,-1.0,-1.0,-1
1.169285,1.16934,1.169285,1.16934,-1.0,-1.0,-1
1.16934,1.16936,1.169335,1.16934,-1.0,-1.0,-1
1.16934,1.169395,1.16934,1.16938,-1.0,-1.0,-1
1.16938,1.169385,1.169315,1.16932,-1.0,-1.0,-1
1.16932,1.16932,1.169285,1.16929,-1.0,-1.0,-1
1.16929,1.169305,1.169285,1.16929,-1.0,-1.0,-1
1.16929,1.169295,1.16925,1.16925,-1.0,-1.0,-1
1.16925,1.16925,1.169225,1.16923,-1.0,-1.0,-1
1.16923,1.169235,1.169225,1.16923,-1.0,-1.0,-1
1.16923,1.169235,1.16923,1.169235,-1.0,-1.0,-1
1.169235,1.169235,1.16923,1.16923,-1.0,-1.0,-1
1.16923,1.16924,1.16923,1.16924,-1.0,-1.0,-1
1.16924,1.169245,1.169235,1.16924,-1.0,-1.0,-1
1.16924,1.169245,1.16921,1.16922,-1.0,-1.0,-1
1.16922,1.169245,1.169195,1.1692,-1.0,-1.0,-1
1.1692,1.169225,1.169195,1.169225,-1.0,-1.0,-1
1.169225,1.169225,1.169195,1.1692,-1.0,-1.0,-1
1.1692,1.1692,1.16919,1.16919,-1.0,-1.0,-1
1.16919,1.169195,1.169165,1.169175,-1.0,-1.0,-1
1.169175,1.169195,1.169175,1.16919,-1.0,-1.0,-1
1.16919,1.169255,1.16918,1.16925,-1.0,-1.0,-1
1.16925,1.169255,1.169235,1.16924,-1.0,-1.0,-1
1.16924,1.169355,1.169235,1.16935,-1.0,-1.0,-1
1.16935,1.169355,1.16935,1.16935,-1.0,-1.0,-1
1.16935,1.169365,1.169345,1.169365,-1.0,-1.0,-1
1.169365,1.169385,1.16935,1.169385,-1.0,-1.0,-1
1.169385,1.1694,1.16937,1.169385,-1.0,-1.0,-1
1.169385,1.16941,1.169385,1.169405,-1.0,-1.0,-1
1.169405,1.169415,1.1694,1.16941,-1.0,-1.0,-1
1.16941,1.16941,1.16939,1.1694,-1.0,-1.0,-1
1.1694,1.169405,1.169285,1.169295,-1.0,-1.0,-1
1.169295,1.169375,1.169295,1.169365,-1.0,-1.0,-1
1.169365,1.169365,1.169295,1.169295,-1.0,-1.0,-1
1.169295,1.16931,1.169295,1.16931,-1.0,-1.0,-1
1.16931,1.16932,1.169305,1.16931,-1.0,-1.0,-1
1.16931,1.16936,1.169305,1.16934,-1.0,-1.0,-1
1.16934,1.16934,1.1693,1.169305,-1.0,-1.0,-1
1.169305,1.169315,1.169285,1.169295,-1.0,-1.0,-1
1.169295,1.169355,1.169295,1.16935,-1.0,-1.0,-1
1.16935,1.169355,1.1693,1.1693,-1.0,-1.0,-1
1.1693,1.16931,1.16925,1.169275,-1.0,-1.0,-1
1.169275,1.169285,1.169255,1.169255,-1.0,-1.0,-1
1.169255,1.16928,1.169255,1.16926,-1.0,-1.0,-1
1.16926,1.169265,1.16925,1.16925,-1.0,-1.0,-1
1.16925,1.16925,1.16925,1.16925,-1.0,-1.0,-1
1.16925,1.169255,1.16925,1.169255,-1.0,-1.0,-1
1.169255,1.16928,1.16925,1.169275,-1.0,-1.0,-1
1.169275,1.169275,1.169195,1.169225,-1.0,-1.0,-1
1.169225,1.169225,1.169195,1.1692,-1.0,-1.0,-1
1.1692,1.1692,1.16919,1.1692,-1.0,-1.0,-1
1.1692,1.1692,1.169145,1.169165,-1.0,-1.0,-1
1.169165,1.169165,1.16913,1.169145,-1.0,-1.0,-1
1.169145,1.169145,1.169105,1.16911,-1.0,-1.0,-1
1.16911,1.16911,1.168995,1.169005,-1.0,-1.0,-1
1.169005,1.169035,1.16895,1.16903,-1.0,-1.0,-1
1.16903,1.16904,1.169015,1.169035,-1.0,-1.0,-1
1.169035,1.16904,1.16902,1.16904,-1.0,-1.0,-1
1.16904,1.16908,1.16902,1.169065,-1.0,-1.0,-1
1.169065,1.169065,1.16903,1.16904,-1.0,-1.0,-1
1.16904,1.169055,1.16903,1.169055,-1.0,-1.0,-1
1.169055,1.169055,1.169015,1.169015,-1.0,-1.0,-1
1.169015,1.169055,1.169005,1.169035,-1.0,-1.0,-1
1.169035,1.169055,1.16903,1.169045,-1.0,-1.0,-1
1.169045,1.169045,1.168955,1.16899,-1.0,-1.0,-1
1.16899,1.16901,1.168975,1.168995,-1.0,-1.0,-1
1.168995,1.169015,1.168985,1.168985,-1.0,-1.0,-1
1.168985,1.169005,1.168925,1.168925,-1.0,-1.0,-1
1.168925,1.168935,1.16889,1.168915,-1.0,-1.0,-1
1.168915,1.16892,1.168885,1.168885,-1.0,-1.0,-1
1.168885,1.168895,1.168885,1.168885,-1.0,-1.0,-1
1.168885,1.168935,1.168885,1.168895,-1.0,-1.0,-1
1.168895,1.16896,1.168895,1.168955,-1.0,-1.0,-1
1.168955,1.169005,1.16895,1.169,-1.0,-1.0,-1
1.169,1.169005,1.168995,1.169,-1.0,-1.0,-1
1.169,1.169005,1.16899,1.16899,-1.0,-1.0,-1
1.16899,1.169005,1.168935,1.168935,-1.0,-1.0,-1
1.168935,1.168955,1.168935,1.168945,-1.0,-1.0,-1
1.168945,1.16898,1.168935,1.168975,-1.0,-1.0,-1
1.168975,1.16899,1.168955,1.168965,-1.0,-1.0,-1
1.168965,1.168965,1.16894,1.16894,-1.0,-1.0,-1
1.16894,1.168995,1.16894,1.168985,-1.0,-1.0,-1
1.168985,1.16899,1.168965,1.168985,-1.0,-1.0,-1
1.168985,1.16901,1.16898,1.16899,-1.0,-1.0,-1
1.16899,1.16899,1.16894,1.16894,-1.0,-1.0,-1
1.16894,1.16894,1.16886,1.168885,-1.0,-1.0,-1
1.168885,1.168885,1.168805,1.16884,-1.0,-1.0,-1
1.16884,1.168845,1.16884,1.168845,-1.0,-1.0,-1
1.168845,1.168845,1.16874,1.16876,-1.0,-1.0,-1
1.16876,1.168805,1.168745,1.168755,-1.0,-1.0,-1
1.168755,1.16884,1.168745,1.168835,-1.0,-1.0,-1
1.168835,1.168845,1.168825,1.16884,-1.0,-1.0,-1
1.16884,1.16884,1.16878,1.168785,-1.0,-1.0,-1
1.168785,1.168795,1.16878,1.168795,-1.0,-1.0,-1
1.168795,1.168845,1.168795,1.168845,-1.0,-1.0,-1
1.168845,1.168845,1.168815,1.16884,-1.0,-1.0,-1
1.16884,1.16885,1.168775,1.16878,-1.0,-1.0,-1
1.16878,1.16878,1.168715,1.16873,-1.0,-1.0,-1
1.16873,1.16878,1.168685,1.16878,-1.0,-1.0,-1
1.16878,1.16879,1.16876,1.16876,-1.0,-1.0,-1
1.16876,1.168775,1.16876,1.168775,-1.0,-1.0,-1
1.168775,1.168795,1.168745,1.168745,-1.0,-1.0,-1
1.168745,1.16879,1.168745,1.168785,-1.0,-1.0,-1
1.168785,1.168785,1.16874,1.16874,-1.0,-1.0,-1
1.16874,1.16875,1.168735,1.16874,-1.0,-1.0,-1
1.16874,1.16875,1.16873,1.168735,-1.0,-1.0,-1
1.168735,1.168745,1.16872,1.168725,-1.0,-1.0,-1
1.168725,1.16875,1.16872,1.168735,-1.0,-1.0,-1
1.168735,1.16876,1.168725,1.168725,-1.0,-1.0,-1
1.168725,1.16874,1.16868,1.168685,-1.0,-1.0,-1
1.168685,1.168705,1.16868,1.16869,-1.0,-1.0,-1
1.16869,1.16869,1.16864,1.16864,-1.0,-1.0,-1
1.16864,1.16869,1.16864,1.16869,-1.0,-1.0,-1
1.16869,1.16869,1.16864,1.168645,-1.0,-1.0,-1
1.168645,1.16866,1.16864,1.16864,-1.0,-1.0,-1
1.16864,1.16866,1.16864,1.168655,-1.0,-1.0,-1
1.168655,1.168665,1.168645,1.168655,-1.0,-1.0,-1
1.168655,1.16866,1.168635,1.168645,-1.0,-1.0,-1
1.168645,1.16865,1.168635,1.168645,-1.0,-1.0,-1
1.168645,1.168675,1.168645,1.168665,-1.0,-1.0,-1
1.168665,1.168675,1.168635,1.168635,-1.0,-1.0,-1
1.168635,1.16865,1.168625,1.168635,-1.0,-1.0,-1
1.168635,1.168675,1.168635,1.16867,-1.0,-1.0,-1
1.16867,1.168675,1.16867,1.168675,-1.0,-1.0,-1
1.168675,1.16875,1.16867,1.168745,-1.0,-1.0,-1
1.168745,1.168795,1.16869,1.168715,-1.0,-1.0,-1
1.168715,1.168715,1.168705,1.168715,-1.0,-1.0,-1
1.168715,1.168715,1.168645,1.168655,-1.0,-1.0,-1
1.168655,1.16866,1.168635,1.168645,-1.0,-1.0,-1
1.168645,1.16867,1.168645,1.16867,-1.0,-1.0,-1
1.16867,1.168685,1.16867,1.168685,-1.0,-1.0,-1
1.168685,1.168695,1.168675,1.168685,-1.0,-1.0,-1
1.168685,1.168685,1.168675,1.168685,-1.0,-1.0,-1
1.168685,1.168685,1.168655,1.168685,-1.0,-1.0,-1
1.168685,1.168685,1.168635,1.168635,-1.0,-1.0,-1
1.168635,1.168635,1.168555,1.168585,-1.0,-1.0,-1
1.168585,1.16861,1.168585,1.168605,-1.0,-1.0,-1
1.168605,1.168615,1.16858,1.168585,-1.0,-1.0,-1
1.168585,1.16859,1.16858,1.16859,-1.0,-1.0,-1
1.16859,1.168605,1.16859,1.168605,-1.0,-1.0,-1
1.168605,1.168655,1.16859,1.16864,-1.0,-1.0,-1
1.16864,1.16865,1.168635,1.168635,-1.0,-1.0,-1
1.168635,1.168695,1.168625,1.16869,-1.0,-1.0,-1
1.16869,1.16874,1.168675,1.168735,-1.0,-1.0,-1
1.168735,1.16875,1.168725,1.168745,-1.0,-1.0,-1
1.168745,1.16876,1.168745,1.168745,-1.0,-1.0,-1
1.168745,1.16876,1.168745,1.168745,-1.0,-1.0,-1
1.168745,1.168755,1.168735,1.168745,-1.0,-1.0,-1
1.168745,1.16875,1.168735,1.168745,-1.0,-1.0,-1
1.168745,1.16879,1.168745,1.16879,-1.0,-1.0,-1
1.16879,1.168865,1.16879,1.168845,-1.0,-1.0,-1
1.168845,1.16902,1.168845,1.168985,-1.0,-1.0,-1
1.168985,1.168985,1.16885,1.16887,-1.0,-1.0,-1
1.16887,1.169145,1.168865,1.169105,-1.0,-1.0,-1
1.169105,1.16931,1.169105,1.16916,-1.0,-1.0,-1
1.16916,1.16924,1.1691,1.169175,-1.0,-1.0,-1
1.169175,1.169185,1.16907,1.169135,-1.0,-1.0,-1
1.169135,1.16938,1.169135,1.169315,-1.0,-1.0,-1
1.169315,1.169345,1.169185,1.16924,-1.0,-1.0,-1
1.16924,1.169405,1.169235,1.16939,-1.0,-1.0,-1
1.16939,1.16941,1.16928,1.169335,-1.0,-1.0,-1
1.169335,1.169595,1.169285,1.16959,-1.0,-1.0,-1
1.16959,1.1698,1.169585,1.169795,-1.0,-1.0,-1
1.169795,1.16986,1.16976,1.169765,-1.0,-1.0,-1
1.169765,1.169975,1.16973,1.169885,-1.0,-1.0,-1
1.169885,1.16989,1.16955,1.169595,-1.0,-1.0,-1
1.169595,1.1696,1.169545,1.169545,-1.0,-1.0,-1
1.169545,1.169545,1.16937,1.1694,-1.0,-1.0,-1
1.1694,1.16944,1.169195,1.169195,-1.0,-1.0,-1
1.169195,1.169195,1.16912,1.169135,-1.0,-1.0,-1
1.169135,1.16922,1.16911,1.16919,-1.0,-1.0,-1
1.16919,1.1692,1.16915,1.169155,-1.0,-1.0,-1
1.169155,1.16918,1.16905,1.16909,-1.0,-1.0,-1
1.16909,1.169095,1.16903,1.169045,-1.0,-1.0,-1
1.169045,1.16914,1.16904,1.16914,-1.0,-1.0,-1
1.16914,1.169305,1.16914,1.16925,-1.0,-1.0,-1
1.16925,1.169255,1.16919,1.1692,-1.0,-1.0,-1
1.1692,1.1692,1.1691,1.1691,-1.0,-1.0,-1
1.1691,1.169105,1.169065,1.16909,-1.0,-1.0,-1
1.16909,1.16918,1.16908,1.16914,-1.0,-1.0,-1
1.16914,1.169215,1.16914,1.1692,-1.0,-1.0,-1
1.1692,1.169225,1.1692,1.169215,-1.0,-1.0,-1
1.169215,1.169265,1.169145,1.16926,-1.0,-1.0,-1
1.16926,1.16929,1.169205,1.169275,-1.0,-1.0,-1
1.169275,1.169385,1.16925,1.16938,-1.0,-1.0,-1
1.16938,1.169585,1.169365,1.169485,-1.0,-1.0,-1
1.169485,1.16952,1.169435,1.16949,-1.0,-1.0,-1
1.16949,1.169495,1.16943,1.16943,-1.0,-1.0,-1
1.16943,1.16943,1.169375,1.169375,-1.0,-1.0,-1
1.169375,1.169685,1.16937,1.16966,-1.0,-1.0,-1
1.16966,1.16966,1.16953,1.16963,-1.0,-1.0,-1
1.16963,1.16966,1.16955,1.16955,-1.0,-1.0,-1
1.16955,1.169555,1.169495,1.169495,-1.0,-1.0,-1
1.169495,1.169535,1.169485,1.16949,-1.0,-1.0,-1
1.16949,1.16949,1.1694,1.1694,-1.0,-1.0,-1
1.1694,1.169455,1.1694,1.16941,-1.0,-1.0,-1
1.16941,1.169415,1.16929,1.169385,-1.0,-1.0,-1
1.169385,1.16945,1.169345,1.16939,-1.0,-1.0,-1
1.16939,1.16941,1.169345,1.1694,-1.0,-1.0,-1
1.1694,1.16962,1.1694,1.16955,-1.0,-1.0,-1
1.16955,1.16957,1.169505,1.16954,-1.0,-1.0,-1
1.16954,1.16954,1.169455,1.169455,-1.0,-1.0,-1
1.169455,1.169455,1.169425,1.169425,-1.0,-1.0,-1
1.169425,1.169495,1.169425,1.16947,-1.0,-1.0,-1
1.16947,1.16947,1.169425,1.169435,-1.0,-1.0,-1
1.169435,1.16945,1.16938,1.169385,-1.0,-1.0,-1
1.169385,1.169395,1.169375,1.169385,-1.0,-1.0,-1
1.169385,1.169445,1.16938,1.169385,-1.0,-1.0,-1
1.169385,1.1694,1.16938,1.16938,-1.0,-1.0,-1
1.16938,1.169395,1.16928,1.16929,-1.0,-1.0,-1
1.16929,1.169355,1.16929,1.169335,-1.0,-1.0,-1
1.169335,1.169335,1.1693,1.169305,-1.0,-1.0,-1
1.169305,1.169305,1.16925,1.16925,-1.0,-1.0,-1
1.16925,1.16925,1.16923,1.16925,-1.0,-1.0,-1
1.16925,1.16929,1.16925,1.16928,-1.0,-1.0,-1
1.16928,1.16954,1.169265,1.16945,-1.0,-1.0,-1
1.16945,1.16947,1.169385,1.169385,-1.0,-1.0,-1
1.169385,1.16949,1.16935,1.16937,-1.0,-1.0,-1
1.16937,1.16944,1.16934,1.169435,-1.0,-1.0,-1
1.169435,1.169435,1.169285,1.16934,-1.0,-1.0,-1
1.16934,1.169355,1.16933,1.16935,-1.0,-1.0,-1
1.16935,1.169385,1.169345,1.16936,-1.0,-1.0,-1
1.16936,1.16936,1.169215,1.16924,-1.0,-1.0,-1
1.16924,1.169245,1.169215,1.169245,-1.0,-1.0,-1
1.169245,1.169245,1.169215,1.169235,-1.0,-1.0,-1
1.169235,1.169235,1.169185,1.16919,-1.0,-1.0,-1
1.16919,1.16919,1.169115,1.169115,-1.0,-1.0,-1
1.169115,1.169145,1.169095,1.16912,-1.0,-1.0,-1
1.16912,1.16914,1.16912,1.16914,-1.0,-1.0,-1
1.16914,1.169185,1.169125,1.16915,-1.0,-1.0,-1
1.16915,1.16915,1.16912,1.16912,-1.0,-1.0,-1
1.16912,1.169135,1.169105,1.169135,-1.0,-1.0,-1
1.169135,1.169135,1.16895,1.16904,-1.0,-1.0,-1
1.16904,1.169095,1.168985,1.16909,-1.0,-1.0,-1
1.16909,1.169105,1.169055,1.169085,-1.0,-1.0,-1
1.169085,1.169195,1.169075,1.169105,-1.0,-1.0,-1
1.169105,1.169105,1.16908,1.169095,-1.0,-1.0,-1
1.169095,1.169105,1.169,1.16904,-1.0,-1.0,-1
1.16904,1.169055,1.169035,1.16904,-1.0,-1.0,-1
1.16904,1.16908,1.169,1.16903,-1.0,-1.0,-1
1.16903,1.169035,1.168995,1.169,-1.0,-1.0,-1
1.169,1.16908,1.168965,1.16908,-1.0,-1.0,-1
1.16908,1.16917,1.16908,1.169135,-1.0,-1.0,-1
1.169135,1.16914,1.169115,1.169125,-1.0,-1.0,-1
1.169125,1.169185,1.16912,1.16915,-1.0,-1.0,-1
1.16915,1.16915,1.169035,1.16904,-1.0,-1.0,-1
1.16904,1.16911,1.16903,1.16906,-1.0,-1.0,-1
1.16906,1.16906,1.16902,1.16902,-1.0,-1.0,-1
1.16902,1.169025,1.16902,1.16902,-1.0,-1.0,-1
1.16902,1.169045,1.169,1.169,-1.0,-1.0,-1
1.169,1.16904,1.168985,1.169025,-1.0,-1.0,-1
1.169025,1.169035,1.168995,1.169,-1.0,-1.0,-1
1.169,1.169005,1.168975,1.168985,-1.0,-1.0,-1
1.168985,1.16902,1.168985,1.168995,-1.0,-1.0,-1
1.168995,1.169035,1.168995,1.16902,-1.0,-1.0,-1
1.16902,1.169045,1.169005,1.169025,-1.0,-1.0,-1
1.169025,1.16904,1.169025,1.16903,-1.0,-1.0,-1
1.16903,1.169095,1.169025,1.169055,-1.0,-1.0,-1
1.169055,1.169105,1.16903,1.169095,-1.0,-1.0,-1
1.169095,1.169125,1.169035,1.169045,-1.0,-1.0,-1
1.169045,1.169075,1.169035,1.169065,-1.0,-1.0,-1
1.169065,1.16908,1.16904,1.169065,-1.0,-1.0,-1
1.169065,1.169065,1.16903,1.169035,-1.0,-1.0,-1
1.169035,1.169045,1.16903,1.169035,-1.0,-1.0,-1
1.169035,1.16906,1.16903,1.169045,-1.0,-1.0,-1
1.169045,1.169095,1.169035,1.16904,-1.0,-1.0,-1
1.16904,1.16904,1.169015,1.169035,-1.0,-1.0,-1
1.169035,1.169045,1.169015,1.169035,-1.0,-1.0,-1
1.169035,1.16905,1.16903,1.169035,-1.0,-1.0,-1
1.169035,1.169035,1.168985,1.16902,-1.0,-1.0,-1
1.16902,1.16902,1.168935,1.168975,-1.0,-1.0,-1
1.168975,1.168985,1.16893,1.168935,-1.0,-1.0,-1
1.168935,1.168935,1.168885,1.168885,-1.0,-1.0,-1
1.168885,1.168885,1.16884,1.168875,-1.0,-1.0,-1
1.168875,1.168885,1.16886,1.168865,-1.0,-1.0,-1
1.168865,1.168885,1.168845,1.16885,-1.0,-1.0,-1
1.16885,1.168875,1.168845,1.168855,-1.0,-1.0,-1
1.168855,1.168925,1.168845,1.168925,-1.0,-1.0,-1
1.168925,1.168995,1.168925,1.168995,-1.0,-1.0,-1
1.168995,1.168995,1.16899,1.16899,-1.0,-1.0,-1
1.16899,1.169035,1.16899,1.168995,-1.0,-1.0,-1
1.168995,1.169135,1.168995,1.169095,-1.0,-1.0,-1
1.169095,1.1691,1.16904,1.169045,-1.0,-1.0,-1
1.169045,1.169045,1.16902,1.169045,-1.0,-1.0,-1
1.169045,1.169055,1.169025,1.16904,-1.0,-1.0,-1
1.16904,1.16904,1.16903,1.16904,-1.0,-1.0,-1
1.16904,1.169045,1.169035,1.16904,-1.0,-1.0,-1
1.16904,1.1691,1.169025,1.169095,-1.0,-1.0,-1
1.169095,1.1691,1.16904,1.16907,-1.0,-1.0,-1
1.16907,1.16907,1.16902,1.169045,-1.0,-1.0,-1
1.169045,1.169055,1.16904,1.169045,-1.0,-1.0,-1
1.169045,1.1691,1.16904,1.169085,-1.0,-1.0,-1
1.169085,1.16911,1.169085,1.169095,-1.0,-1.0,-1
1.169095,1.16911,1.16903,1.169035,-1.0,-1.0,-1
1.169035,1.169065,1.16903,1.16904,-1.0,-1.0,-1
1.16904,1.169045,1.169035,1.169045,-1.0,-1.0,-1
1.169045,1.16909,1.169035,1.16906,-1.0,-1.0,-1
1.16906,1.16906,1.16903,1.169055,-1.0,-1.0,-1
1.169055,1.169055,1.16903,1.16905,-1.0,-1.0,-1
1.16905,1.16906,1.169035,1.16904,-1.0,-1.0,-1
1.16904,1.169075,1.16903,1.169075,-1.0,-1.0,-1
1.169075,1.169075,1.169055,1.16907,-1.0,-1.0,-1
1.16907,1.169095,1.16907,1.16909,-1.0,-1.0,-1
1.16909,1.169095,1.16906,1.16906,-1.0,-1.0,-1
1.16906,1.169095,1.16903,1.16908,-1.0,-1.0,-1
1.16908,1.169125,1.16904,1.169075,-1.0,-1.0,-1
1.169075,1.16908,1.169065,1.169065,-1.0,-1.0,-1
1.169065,1.169115,1.169055,1.169115,-1.0,-1.0,-1
1.169115,1.169115,1.169105,1.169105,-1.0,-1.0,-1
1.169105,1.169105,1.169085,1.169095,-1.0,-1.0,-1
1.169095,1.1691,1.16903,1.169045,-1.0,-1.0,-1
1.169045,1.169105,1.16903,1.169105,-1.0,-1.0,-1
1.169105,1.169105,1.169095,1.169105,-1.0,-1.0,-1
1.169105,1.169155,1.169095,1.169155,-1.0,-1.0,-1
1.169155,1.169165,1.16912,1.169125,-1.0,-1.0,-1
1.169125,1.1692,1.16912,1.1692,-1.0,-1.0,-1
1.1692,1.169235,1.16919,1.16919,-1.0,-1.0,-1
1.16919,1.169235,1.169155,1.1692,-1.0,-1.0,-1
1.1692,1.16923,1.169195,1.16923,-1.0,-1.0,-1
1.16923,1.16924,1.169175,1.169175,-1.0,-1.0,-1
1.169175,1.169195,1.169175,1.169195,-1.0,-1.0,-1
1.169195,1.169215,1.169165,1.1692,-1.0,-1.0,-1
1.1692,1.169225,1.1692,1.1692,-1.0,-1.0,-1
1.1692,1.1692,1.169185,1.169195,-1.0,-1.0,-1
1.169195,1.169195,1.169195,1.169195,-1.0,-1.0,-1
1.169195,1.169225,1.169195,1.169215,-1.0,-1.0,-1
1.169215,1.16923,1.169145,1.169145,-1.0,-1.0,-1
1.169145,1.169195,1.169145,1.169185,-1.0,-1.0,-1
1.169185,1.16919,1.169155,1.169175,-1.0,-1.0,-1
1.169175,1.16919,1.169155,1.169155,-1.0,-1.0,-1
1.169155,1.169195,1.16915,1.16915,-1.0,-1.0,-1
1.16915,1.16917,1.169145,1.169145,-1.0,-1.0,-1
1.169145,1.169145,1.16909,1.169095,-1.0,-1.0,-1
1.169095,1.16911,1.16906,1.16911,-1.0,-1.0,-1
1.16911,1.16911,1.169105,1.169105,-1.0,-1.0,-1
1.169105,1.169105,1.169085,1.169085,-1.0,-1.0,-1
1.169085,1.1691,1.169085,1.169085,-1.0,-1.0,-1
1.169085,1.169095,1.16894,1.168985,-1.0,-1.0,-1
1.168985,1.16899,1.168965,1.168985,-1.0,-1.0,-1
1.168985,1.169015,1.168965,1.168995,-1.0,-1.0,-1
1.168995,1.169015,1.168975,1.168975,-1.0,-1.0,-1
1.168975,1.168975,1.168835,1.168835,-1.0,-1.0,-1
1.168835,1.16885,1.168805,1.16885,-1.0,-1.0,-1
1.16885,1.168905,1.16884,1.168845,-1.0,-1.0,-1
1.168845,1.168845,1.16874,1.168745,-1.0,-1.0,-1
1.168745,1.168755,1.168685,1.16869,-1.0,-1.0,-1
1.16869,1.16869,1.16863,1.16865,-1.0,-1.0,-1
1.16865,1.168675,1.16865,1.168675,-1.0,-1.0,-1
1.168675,1.168715,1.168675,1.1687,-1.0,-1.0,-1
1.1687,1.168745,1.168665,1.168675,-1.0,-1.0,-1
1.168675,1.16874,1.168675,1.16869,-1.0,-1.0,-1
1.16869,1.16875,1.168685,1.16875,-1.0,-1.0,-1
1.16875,1.16881,1.16875,1.16881,-1.0,-1.0,-1
1.16881,1.168815,1.168775,1.1688,-1.0,-1.0,-1
1.1688,1.1688,1.168785,1.168795,-1.0,-1.0,-1
1.168795,1.1688,1.16879,1.1688,-1.0,-1.0,-1
1.1688,1.16884,1.16877,1.16884,-1.0,-1.0,-1
1.16884,1.16884,1.168835,1.168835,-1.0,-1.0,-1
1.168835,1.16884,1.168805,1.16884,-1.0,-1.0,-1
1.16884,1.16885,1.16884,1.16884,-1.0,-1.0,-1
1.16884,1.168885,1.16884,1.168885,-1.0,-1.0,-1
1.168885,1.168895,1.1688,1.1688,-1.0,-1.0,-1
1.1688,1.1688,1.1688,1.1688,-1.0,-1.0,-1
1.1688,1.1688,1.168795,1.1688,-1.0,-1.0,-1
1.1688,1.168885,1.1688,1.168885,-1.0,-1.0,-1
1.168885,1.168905,1.168845,1.168845,-1.0,-1.0,-1
1.168845,1.168845,1.16884,1.16884,-1.0,-1.0,-1
1.16884,1.168885,1.16884,1.168865,-1.0,-1.0,-1
1.168865,1.168885,1.16884,1.168885,-1.0,-1.0,-1
1.168885,1.16889,1.16886,1.168885,-1.0,-1.0,-1
1.168885,1.168895,1.168845,1.16885,-1.0,-1.0,-1
1.16885,1.168885,1.168835,1.168875,-1.0,-1.0,-1
1.168875,1.168895,1.16886,1.168895,-1.0,-1.0,-1
1.168895,1.1689,1.16886,1.16888,-1.0,-1.0,-1
1.16888,1.16888,1.16885,1.16885,-1.0,-1.0,-1
1.16885,1.168895,1.168845,1.16889,-1.0,-1.0,-1
1.16889,1.168905,1.16889,1.168905,-1.0,-1.0,-1
1.168905,1.168915,1.16889,1.168895,-1.0,-1.0,-1
1.168895,1.168895,1.168895,1.168895,-1.0,-1.0,-1
1.168895,1.168905,1.16889,1.168895,-1.0,-1.0,-1
1.168895,1.16894,1.168895,1.16894,-1.0,-1.0,-1
1.16894,1.16894,1.16894,1.16894,-1.0,-1.0,-1
1.16894,1.168965,1.16893,1.16894,-1.0,-1.0,-1
1.16894,1.16895,1.16891,1.16894,-1.0,-1.0,-1
1.16894,1.169055,1.16894,1.169055,-1.0,-1.0,-1
1.169055,1.169075,1.169035,1.16905,-1.0,-1.0,-1
1.16905,1.16905,1.16897,1.16898,-1.0,-1.0,-1
1.16898,1.169015,1.16897,1.169,-1.0,-1.0,-1
1.169,1.169015,1.169,1.169,-1.0,-1.0,-1
1.169,1.169015,1.169,1.169005,-1.0,-1.0,-1
1.169005,1.169055,1.169005,1.169045,-1.0,-1.0,-1
1.169045,1.169055,1.169005,1.169005,-1.0,-1.0,-1
1.169005,1.16904,1.169005,1.169005,-1.0,-1.0,-1
1.169005,1.169035,1.169,1.16901,-1.0,-1.0,-1
1.16901,1.169055,1.16901,1.169055,-1.0,-1.0,-1
1.169055,1.16906,1.169035,1.169055,-1.0,-1.0,-1
1.169055,1.16908,1.169055,1.169055,-1.0,-1.0,-1
1.169055,1.16909,1.169055,1.169075,-1.0,-1.0,-1
1.169075,1.169095,1.169055,1.169055,-1.0,-1.0,-1
1.169055,1.169105,1.169055,1.16907,-1.0,-1.0,-1
1.16907,1.1691,1.16907,1.1691,-1.0,-1.0,-1
1.1691,1.169105,1.169095,1.169105,-1.0,-1.0,-1
1.169105,1.169145,1.1691,1.169145,-1.0,-1.0,-1
1.169145,1.16919,1.169145,1.169185,-1.0,-1.0,-1
1.169185,1.16919,1.169105,1.16913,-1.0,-1.0,-1
1.16913,1.16919,1.169115,1.16918,-1.0,-1.0,-1
1.16918,1.16919,1.169145,1.169175,-1.0,-1.0,-1
1.169175,1.169185,1.1691,1.169105,-1.0,-1.0,-1
1.169105,1.16915,1.169105,1.16914,-1.0,-1.0,-1
1.16914,1.169185,1.16914,1.16917,-1.0,-1.0,-1
1.16917,1.16925,1.169165,1.169245,-1.0,-1.0,-1
1.169245,1.16925,1.16919,1.169195,-1.0,-1.0,-1
1.169195,1.169195,1.16916,1.16916,-1.0,-1.0,-1
1.16916,1.16916,1.16914,1.16915,-1.0,-1.0,-1
1.16915,1.16916,1.16911,1.16911,-1.0,-1.0,-1
1.16911,1.169115,1.169085,1.169115,-1.0,-1.0,-1
1.169115,1.169145,1.169115,1.16914,-1.0,-1.0,-1
1.16914,1.169155,1.16914,1.169155,-1.0,-1.0,-1
1.169155,1.16916,1.16915,1.16916,-1.0,-1.0,-1
1.16916,1.16916,1.16916,1.16916,-1.0,-1.0,-1
1.16916,1.16916,1.16914,1.16914,-1.0,-1.0,-1
1.16914,1.16915,1.16914,1.169145,-1.0,-1.0,-1
1.169145,1.16919,1.169145,1.169165,-1.0,-1.0,-1
1.169165,1.169185,1.16914,1.16914,-1.0,-1.0,-1
1.16914,1.16918,1.16914,1.16917,-1.0,-1.0,-1
1.16917,1.16919,1.16917,1.16917,-1.0,-1.0,-1
1.16917,1.169225,1.16917,1.1692,-1.0,-1.0,-1
1.1692,1.169215,1.169195,1.169215,-1.0,-1.0,-1
1.169215,1.169215,1.169185,1.169185,-1.0,-1.0,-1
1.169185,1.1692,1.169115,1.1692,-1.0,-1.0,-1
1.1692,1.1692,1.16919,1.169195,-1.0,-1.0,-1
1.169195,1.169195,1.169155,1.169195,-1.0,-1.0,-1
1.169195,1.169215,1.169185,1.1692,-1.0,-1.0,-1
1.1692,1.169215,1.169175,1.169175,-1.0,-1.0,-1
1.169175,1.169185,1.16914,1.16914,-1.0,-1.0,-1
1.16914,1.169195,1.16914,1.169195,-1.0,-1.0,-1
1.169195,1.169195,1.169185,1.169195,-1.0,-1.0,-1
1.169195,1.169195,1.169185,1.169185,-1.0,-1.0,-1
1.169185,1.1692,1.169185,1.169195,-1.0,-1.0,-1
1.169195,1.1692,1.16915,1.16916,-1.0,-1.0,-1
1.16916,1.16916,1.169155,1.16916,-1.0,-1.0,-1
1.16916,1.169195,1.169155,1.169185,-1.0,-1.0,-1
1.169185,1.169195,1.16918,1.16919,-1.0,-1.0,-1
1.16919,1.1692,1.169185,1.1692,-1.0,-1.0,-1
1.1692,1.169235,1.1692,1.1692,-1.0,-1.0,-1
1.1692,1.169245,1.1692,1.16924,-1.0,-1.0,-1
1.16924,1.16929,1.169225,1.16929,-1.0,-1.0,-1
1.16929,1.16929,1.169255,1.169255,-1.0,-1.0,-1
1.169255,1.169265,1.16921,1.169245,-1.0,-1.0,-1
1.169245,1.16932,1.169245,1.16929,-1.0,-1.0,-1
1.16929,1.169295,1.169285,1.169295,-1.0,-1.0,-1
1.169295,1.169295,1.16928,1.16929,-1.0,-1.0,-1
1.16929,1.169295,1.16925,1.169255,-1.0,-1.0,-1
1.169255,1.169265,1.169245,1.16926,-1.0,-1.0,-1
1.16926,1.169265,1.16925,1.16925,-1.0,-1.0,-1
1.16925,1.169305,1.16925,1.16929,-1.0,-1.0,-1
1.16929,1.16929,1.16928,1.169285,-1.0,-1.0,-1
1.169285,1.16929,1.169285,1.16929,-1.0,-1.0,-1
1.16929,1.169325,1.169245,1.169315,-1.0,-1.0,-1
1.169315,1.169315,1.169255,1.169255,-1.0,-1.0,-1
1.169255,1.169275,1.169255,1.169255,-1.0,-1.0,-1
1.169255,1.169285,1.16921,1.169285,-1.0,-1.0,-1
1.169285,1.16929,1.16928,1.16928,-1.0,-1.0,-1
1.16928,1.169315,1.16928,1.169315,-1.0,-1.0,-1
1.169315,1.169385,1.169305,1.169385,-1.0,-1.0,-1
1.169385,1.169385,1.16934,1.16934,-1.0,-1.0,-1
1.16934,1.16937,1.16934,1.16937,-1.0,-1.0,-1
1.16937,1.169395,1.16937,1.169395,-1.0,-1.0,-1
1.169395,1.169395,1.16937,1.169385,-1.0,-1.0,-1
1.169385,1.169385,1.169375,1.16938,-1.0,-1.0,-1
1.16938,1.169385,1.16938,1.169385,-1.0,-1.0,-1
1.169385,1.169395,1.169375,1.16938,-1.0,-1.0,-1
1.16938,1.169415,1.16938,1.16941,-1.0,-1.0,-1
1.16941,1.16941,1.169385,1.169385,-1.0,-1.0,-1
1.169385,1.169395,1.169385,1.169385,-1.0,-1.0,-1
1.169385,1.169405,1.169385,1.1694,-1.0,-1.0,-1
1.1694,1.16945,1.16938,1.169395,-1.0,-1.0,-1
1.169395,1.16941,1.169295,1.169325,-1.0,-1.0,-1
1.169325,1.16937,1.169325,1.16934,-1.0,-1.0,-1
1.16934,1.16936,1.16933,1.169345,-1.0,-1.0,-1
1.169345,1.169355,1.169295,1.16935,-1.0,-1.0,-1
1.16935,1.169355,1.1693,1.169315,-1.0,-1.0,-1
1.169315,1.16933,1.1693,1.169305,-1.0,-1.0,-1
1.169305,1.16931,1.1693,1.1693,-1.0,-1.0,-1
1.1693,1.169315,1.169295,1.169315,-1.0,-1.0,-1
1.169315,1.169345,1.169295,1.169295,-1.0,-1.0,-1
1.169295,1.169365,1.169295,1.169355,-1.0,-1.0,-1
1.169355,1.16942,1.169355,1.169415,-1.0,-1.0,-1
1.169415,1.16944,1.16939,1.169435,-1.0,-1.0,-1
1.169435,1.1695,1.169435,1.1695,-1.0,-1.0,-1
1.1695,1.169545,1.1695,1.169545,-1.0,-1.0,-1
1.169545,1.169545,1.169515,1.169535,-1.0,-1.0,-1
1.169535,1.16955,1.169515,1.16955,-1.0,-1.0,-1
1.16955,1.16955,1.16955,1.16955,-1.0,-1.0,-1
1.16955,1.169555,1.16955,1.16955,-1.0,-1.0,-1
1.16955,1.16955,1.169535,1.169545,-1.0,-1.0,-1
1.169545,1.16963,1.169525,1.169605,-1.0,-1.0,-1
1.169605,1.16963,1.1696,1.169605,-1.0,-1.0,-1
1.169605,1.169605,1.169585,1.16959,-1.0,-1.0,-1
1.16959,1.169605,1.169545,1.169595,-1.0,-1.0,-1
1.169595,1.169595,1.169545,1.169545,-1.0,-1.0,-1
1.169545,1.169585,1.16954,1.16957,-1.0,-1.0,-1
1.16957,1.16959,1.16955,1.169555,-1.0,-1.0,-1
1.169555,1.169555,1.16955,1.16955,-1.0,-1.0,-1
1.16955,1.169595,1.16954,1.169595,-1.0,-1.0,-1
1.169595,1.16964,1.169585,1.16964,-1.0,-1.0,-1
1.16964,1.169645,1.169545,1.169595,-1.0,-1.0,-1
1.169595,1.169635,1.169585,1.169635,-1.0,-1.0,-1
1.169635,1.16964,1.169605,1.169605,-1.0,-1.0,-1
1.169605,1.16962,1.16959,1.16959,-1.0,-1.0,-1
1.16959,1.169605,1.16959,1.169605,-1.0,-1.0,-1
1.169605,1.169605,1.169595,1.169605,-1.0,-1.0,-1
1.169605,1.16963,1.1696,1.169605,-1.0,-1.0,-1
1.169605,1.16963,1.16959,1.16959,-1.0,-1.0,-1
1.16959,1.169595,1.16957,1.16959,-1.0,-1.0,-1
1.16959,1.1696,1.16957,1.169595,-1.0,-1.0,-1
1.169595,1.1696,1.16948,1.169525,-1.0,-1.0,-1
1.169525,1.16955,1.169525,1.16955,-1.0,-1.0,-1
1.16955,1.169585,1.16955,1.169575,-1.0,-1.0,-1
1.169575,1.169605,1.16956,1.169605,-1.0,-1.0,-1
1.169605,1.169635,1.169605,1.169605,-1.0,-1.0,-1
1.169605,1.16962,1.169595,1.169605,-1.0,-1.0,-1
1.169605,1.169605,1.169595,1.169595,-1.0,-1.0,-1
1.169595,1.169635,1.169595,1.169605,-1.0,-1.0,-1
1.169605,1.169655,1.169605,1.169635,-1.0,-1.0,-1
1.169635,1.169655,1.169635,1.169635,-1.0,-1.0,-1
1.169635,1.169635,1.169625,1.16963,-1.0,-1.0,-1
1.16963,1.16971,1.16963,1.1697,-1.0,-1.0,-1
1.1697,1.169745,1.1697,1.16973,-1.0,-1.0,-1
1.16973,1.16973,1.169685,1.169685,-1.0,-1.0,-1
1.169685,1.169695,1.169665,1.169665,-1.0,-1.0,-1
1.169665,1.16973,1.16965,1.16973,-1.0,-1.0,-1
1.16973,1.169775,1.16973,1.16976,-1.0,-1.0,-1
1.16976,1.16977,1.16974,1.169765,-1.0,-1.0,-1
1.169765,1.16977,1.169765,1.16977,-1.0,-1.0,-1
1.16977,1.16977,1.16977,1.16977,-1.0,-1.0,-1
1.16977,1.16978,1.169765,1.16977,-1.0,-1.0,-1
1.16977,1.16978,1.169735,1.169735,-1.0,-1.0,-1
1.169735,1.169735,1.169675,1.16968,-1.0,-1.0,-1
1.16968,1.16968,1.16965,1.169655,-1.0,-1.0,-1
1.169655,1.169685,1.16964,1.169655,-1.0,-1.0,-1
1.169655,1.169725,1.16965,1.169725,-1.0,-1.0,-1
1.169725,1.169725,1.16972,1.16972,-1.0,-1.0,-1
1.16972,1.16975,1.16972,1.16975,-1.0,-1.0,-1
1.16975,1.16975,1.169685,1.16973,-1.0,-1.0,-1
1.16973,1.169755,1.16973,1.169745,-1.0,-1.0,-1
1.169745,1.169745,1.16972,1.16973,-1.0,-1.0,-1
1.16973,1.169745,1.16973,1.16973,-1.0,-1.0,-1
1.16973,1.169745,1.169725,1.16973,-1.0,-1.0,-1
1.16973,1.16973,1.1697,1.16973,-1.0,-1.0,-1
1.16973,1.16977,1.169715,1.169765,-1.0,-1.0,-1
1.169765,1.169765,1.16974,1.16975,-1.0,-1.0,-1
1.16975,1.169765,1.16974,1.169755,-1.0,-1.0,-1
1.169755,1.16976,1.16973,1.169745,-1.0,-1.0,-1
1.169745,1.16975,1.169725,1.16973,-1.0,-1.0,-1
1.16973,1.16975,1.16972,1.16972,-1.0,-1.0,-1
1.16972,1.16972,1.16965,1.16967,-1.0,-1.0,-1
1.16967,1.169695,1.169665,1.16968,-1.0,-1.0,-1
1.16968,1.169745,1.16968,1.169735,-1.0,-1.0,-1
1.169735,1.16978,1.169725,1.16978,-1.0,-1.0,-1
1.16978,1.16978,1.169745,1.16975,-1.0,-1.0,-1
1.16975,1.169795,1.169745,1.169775,-1.0,-1.0,-1
1.169775,1.16978,1.169735,1.169735,-1.0,-1.0,-1
1.169735,1.16975,1.16973,1.169745,-1.0,-1.0,-1
1.169745,1.16975,1.1697,1.1697,-1.0,-1.0,-1
1.1697,1.16973,1.16969,1.1697,-1.0,-1.0,-1
1.1697,1.169705,1.169695,1.1697,-1.0,-1.0,-1
1.1697,1.169715,1.169695,1.1697,-1.0,-1.0,-1
1.1697,1.169715,1.1697,1.16971,-1.0,-1.0,-1
1.16971,1.169745,1.1697,1.169745,-1.0,-1.0,-1
1.169745,1.169765,1.16973,1.169765,-1.0,-1.0,-1
1.169765,1.169765,1.16973,1.169765,-1.0,-1.0,-1
1.169765,1.169775,1.16974,1.169745,-1.0,-1.0,-1
1.169745,1.169775,1.169725,1.169775,-1.0,-1.0,-1
1.169775,1.169775,1.169765,1.169775,-1.0,-1.0,-1
1.169775,1.169775,1.169725,1.169725,-1.0,-1.0,-1
1.169725,1.169755,1.169725,1.169745,-1.0,-1.0,-1
1.169745,1.169745,1.16974,1.169745,-1.0,-1.0,-1
1.169745,1.16975,1.169735,1.16974,-1.0,-1.0,-1
1.16974,1.169795,1.16974,1.16979,-1.0,-1.0,-1
1.16979,1.169795,1.169785,1.16979,-1.0,-1.0,-1
1.16979,1.1698,1.16978,1.169795,-1.0,-1.0,-1
1.169795,1.1698,1.169785,1.169785,-1.0,-1.0,-1
1.169785,1.169815,1.169775,1.16981,-1.0,-1.0,-1
1.16981,1.169815,1.16981,1.169815,-1.0,-1.0,-1
1.169815,1.16983,1.169805,1.169825,-1.0,-1.0,-1
1.169825,1.169825,1.169805,1.169805,-1.0,-1.0,-1
1.169805,1.169865,1.169805,1.16985,-1.0,-1.0,-1
1.16985,1.16989,1.169845,1.169845,-1.0,-1.0,-1
1.169845,1.169845,1.169795,1.16984,-1.0,-1.0,-1
1.16984,1.16988,1.16982,1.169875,-1.0,-1.0,-1
1.169875,1.169925,1.169875,1.169925,-1.0,-1.0,-1
1.169925,1.169925,1.169895,1.1699,-1.0,-1.0,-1
1.1699,1.169915,1.1699,1.1699,-1.0,-1.0,-1
1.1699,1.1699,1.16983,1.169855,-1.0,-1.0,-1
1.169855,1.16988,1.169845,1.169845,-1.0,-1.0,-1
1.169845,1.1699,1.169845,1.1699,-1.0,-1.0,-1
1.1699,1.1699,1.169895,1.169895,-1.0,-1.0,-1
1.169895,1.169895,1.169875,1.16989,-1.0,-1.0,-1
1.16989,1.169895,1.16989,1.169895,-1.0,-1.0,-1
1.169895,1.1699,1.169895,1.169895,-1.0,-1.0,-1
1.169895,1.169895,1.169895,1.169895,-1.0,-1.0,-1
1.169895,1.169945,1.169895,1.169925,-1.0,-1.0,-1
1.169925,1.169945,1.1699,1.169945,-1.0,-1.0,-1
1.169945,1.16998,1.169945,1.169975,-1.0,-1.0,-1
1.169975,1.17002,1.16997,1.17001,-1.0,-1.0,-1
1.17001,1.17001,1.17,1.170005,-1.0,-1.0,-1
1.170005,1.170005,1.169975,1.169985,-1.0,-1.0,-1
1.169985,1.16999,1.16992,1.169935,-1.0,-1.0,-1
1.169935,1.16999,1.169935,1.16999,-1.0,-1.0,-1
1.16999,1.16999,1.16999,1.16999,-1.0,-1.0,-1
1.16999,1.16999,1.16995,1.169965,-1.0,-1.0,-1
1.169965,1.16997,1.169955,1.169955,-1.0,-1.0,-1
1.169955,1.16997,1.169855,1.169855,-1.0,-1.0,-1
1.169855,1.16988,1.169845,1.169875,-1.0,-1.0,-1
1.169875,1.16988,1.169845,1.169845,-1.0,-1.0,-1
1.169845,1.169855,1.16981,1.169845,-1.0,-1.0,-1
1.169845,1.169845,1.169805,1.16984,-1.0,-1.0,-1
1.16984,1.16984,1.169785,1.169795,-1.0,-1.0,-1
1.169795,1.1698,1.16979,1.16979,-1.0,-1.0,-1
1.16979,1.169795,1.16973,1.169755,-1.0,-1.0,-1
1.169755,1.169765,1.169705,1.169745,-1.0,-1.0,-1
1.169745,1.169755,1.169735,1.169735,-1.0,-1.0,-1
1.169735,1.169745,1.16972,1.169745,-1.0,-1.0,-1
1.169745,1.169745,1.169725,1.16973,-1.0,-1.0,-1
1.16973,1.16973,1.169725,1.169725,-1.0,-1.0,-1
1.169725,1.16973,1.169725,1.16973,-1.0,-1.0,-1
1.16973,1.169755,1.16973,1.169755,-1.0,-1.0,-1
1.169755,1.169755,1.169755,1.169755,-1.0,-1.0,-1
1.169755,1.169755,1.169755,1.169755,-1.0,-1.0,-1
1.169755,1.169755,1.169755,1.169755,-1.0,-1.0,-1
1.169755,1.1698,1.169755,1.169795,-1.0,-1.0,-1
1.169795,1.1698,1.169755,1.169755,-1.0,-1.0,-1
1.169755,1.169755,1.16974,1.169755,-1.0,-1.0,-1
1.169755,1.1698,1.16974,1.169785,-1.0,-1.0,-1
1.169785,1.169785,1.16974,1.16976,-1.0,-1.0,-1
1.16976,1.169765,1.169745,1.169755,-1.0,-1.0,-1
1.169755,1.169755,1.16972,1.16972,-1.0,-1.0,-1
1.16972,1.16972,1.16972,1.16972,-1.0,-1.0,-1
1.16972,1.16973,1.16972,1.16973,-1.0,-1.0,-1
1.16973,1.169745,1.16973,1.16973,-1.0,-1.0,-1
1.16973,1.169745,1.169635,1.16964,-1.0,-1.0,-1
1.16964,1.16964,1.169555,1.169555,-1.0,-1.0,-1
1.169555,1.169565,1.16955,1.16955,-1.0,-1.0,-1
1.16955,1.169575,1.16955,1.16957,-1.0,-1.0,-1
1.16957,1.16957,1.169555,1.169555,-1.0,-1.0,-1
1.169555,1.169575,1.169535,1.16954,-1.0,-1.0,-1
1.16954,1.16954,1.169505,1.169515,-1.0,-1.0,-1
1.169515,1.169515,1.1695,1.169505,-1.0,-1.0,-1
1.169505,1.169505,1.16935,1.16935,-1.0,-1.0,-1
1.16935,1.169385,1.16932,1.169335,-1.0,-1.0,-1
1.169335,1.16937,1.169325,1.16934,-1.0,-1.0,-1
1.16934,1.169365,1.169285,1.16933,-1.0,-1.0,-1
1.16933,1.169445,1.1693,1.16944,-1.0,-1.0,-1
1.16944,1.16945,1.169415,1.169435,-1.0,-1.0,-1
1.169435,1.169465,1.169435,1.169445,-1.0,-1.0,-1
1.169445,1.16945,1.16944,1.16944,-1.0,-1.0,-1
1.16944,1.169445,1.1694,1.1694,-1.0,-1.0,-1
1.1694,1.1694,1.16939,1.169395,-1.0,-1.0,-1
1.169395,1.169395,1.169345,1.16935,-1.0,-1.0,-1
1.16935,1.169355,1.169335,1.169345,-1.0,-1.0,-1
1.169345,1.169465,1.169345,1.169465,-1.0,-1.0,-1
1.169465,1.169465,1.169445,1.169445,-1.0,-1.0,-1
1.169445,1.169475,1.169445,1.169475,-1.0,-1.0,-1
1.169475,1.169505,1.16947,1.16949,-1.0,-1.0,-1
1.16949,1.169505,1.16949,1.169495,-1.0,-1.0,-1
1.169495,1.169505,1.16948,1.169485,-1.0,-1.0,-1
1.169485,1.169485,1.16938,1.169385,-1.0,-1.0,-1
1.169385,1.169425,1.169385,1.169415,-1.0,-1.0,-1
1.169415,1.169415,1.16938,1.16938,-1.0,-1.0,-1
1.16938,1.169395,1.169375,1.16938,-1.0,-1.0,-1
1.16938,1.169395,1.169335,1.16938,-1.0,-1.0,-1
1.16938,1.169395,1.16938,1.16938,-1.0,-1.0,-1
1.16938,1.169395,1.16938,1.169385,-1.0,-1.0,-1
1.169385,1.16946,1.169385,1.169445,-1.0,-1.0,-1
1.169445,1.16945,1.169435,1.169435,-1.0,-1.0,-1
1.169435,1.16945,1.169425,1.16944,-1.0,-1.0,-1
1.16944,1.16945,1.16941,1.16941,-1.0,-1.0,-1
1.16941,1.16946,1.16941,1.169455,-1.0,-1.0,-1
1.169455,1.169455,1.169425,1.16944,-1.0,-1.0,-1
1.16944,1.169445,1.169385,1.169385,-1.0,-1.0,-1
1.169385,1.1694,1.169385,1.1694,-1.0,-1.0,-1
1.1694,1.1694,1.16939,1.1694,-1.0,-1.0,-1
1.1694,1.16941,1.1694,1.1694,-1.0,-1.0,-1
1.1694,1.169405,1.16935,1.169385,-1.0,-1.0,-1
1.169385,1.169455,1.169385,1.16942,-1.0,-1.0,-1
1.16942,1.16947,1.16942,1.16946,-1.0,-1.0,-1
1.16946,1.169465,1.169445,1.169465,-1.0,-1.0,-1
1.169465,1.169485,1.16946,1.16948,-1.0,-1.0,-1
1.16948,1.16948,1.169435,1.16946,-1.0,-1.0,-1
1.16946,1.16951,1.16946,1.169495,-1.0,-1.0,-1
1.169495,1.1695,1.169435,1.16944,-1.0,-1.0,-1
1.16944,1.16949,1.16944,1.169475,-1.0,-1.0,-1
1.169475,1.169485,1.169445,1.169445,-1.0,-1.0,-1
1.169445,1.16949,1.169435,1.16949,-1.0,-1.0,-1
1.16949,1.169515,1.16946,1.169515,-1.0,-1.0,-1
1.169515,1.16955,1.169505,1.16955,-1.0,-1.0,-1
1.16955,1.169555,1.169535,1.16955,-1.0,-1.0,-1
1.16955,1.16961,1.169545,1.1696,-1.0,-1.0,-1
1.1696,1.169605,1.169595,1.169605,-1.0,-1.0,-1
1.169605,1.16964,1.1696,1.169635,-1.0,-1.0,-1
1.169635,1.16964,1.169595,1.169595,-1.0,-1.0,-1
1.169595,1.16964,1.16959,1.16959,-1.0,-1.0,-1
1.16959,1.16959,1.169545,1.16959,-1.0,-1.0,-1
1.16959,1.16959,1.169585,1.16959,-1.0,-1.0,-1
1.16959,1.1696,1.169545,1.169545,-1.0,-1.0,-1
1.169545,1.169545,1.16953,1.169545,-1.0,-1.0,-1
1.169545,1.169545,1.16954,1.169545,-1.0,-1.0,-1
1.169545,1.169605,1.169545,1.16959,-1.0,-1.0,-1
1.16959,1.1696,1.16959,1.1696,-1.0,-1.0,-1
1.1696,1.1696,1.169545,1.169585,-1.0,-1.0,-1
1.169585,1.1696,1.169585,1.1696,-1.0,-1.0,-1
1.1696,1.169605,1.1696,1.1696,-1.0,-1.0,-1
1.1696,1.169635,1.1696,1.16963,-1.0,-1.0,-1
1.16963,1.169645,1.169605,1.16963,-1.0,-1.0,-1
1.16963,1.169635,1.169615,1.169635,-1.0,-1.0,-1
1.169635,1.16964,1.16963,1.16963,-1.0,-1.0,-1
1.16963,1.16964,1.16959,1.16964,-1.0,-1.0,-1
1.16964,1.16964,1.16963,1.16963,-1.0,-1.0,-1
1.16963,1.16963,1.16958,1.169585,-1.0,-1.0,-1
1.169585,1.169595,1.16956,1.169575,-1.0,-1.0,-1
1.169575,1.169575,1.16955,1.16955,-1.0,-1.0,-1
1.16955,1.16957,1.16955,1.16957,-1.0,-1.0,-1
1.16957,1.169585,1.16956,1.169585,-1.0,-1.0,-1
1.169585,1.169585,1.169585,1.169585,-1.0,-1.0,-1
1.169585,1.169585,1.169585,1.169585,-1.0,-1.0,-1
1.169585,1.16959,1.16956,1.169565,-1.0,-1.0,-1
1.169565,1.169595,1.16956,1.169585,-1.0,-1.0,-1
1.169585,1.16959,1.169545,1.169545,-1.0,-1.0,-1
1.169545,1.169605,1.169545,1.169595,-1.0,-1.0,-1
1.169595,1.169595,1.169595,1.169595,-1.0,-1.0,-1
1.169595,1.169595,1.169535,1.169535,-1.0,-1.0,-1
1.169535,1.16955,1.169535,1.169535,-1.0,-1.0,-1
1.169535,1.169575,1.169535,1.169555,-1.0,-1.0,-1
1.169555,1.169555,1.169545,1.16955,-1.0,-1.0,-1
1.16955,1.169585,1.16955,1.16955,-1.0,-1.0,-1
1.16955,1.16955,1.169545,1.169545,-1.0,-1.0,-1
1.169545,1.169545,1.169525,1.169545,-1.0,-1.0,-1
1.169545,1.169545,1.16953,1.169545,-1.0,-1.0,-1
1.169545,1.16955,1.169545,1.16955,-1.0,-1.0,-1
1.16955,1.16955,1.169545,1.169545,-1.0,-1.0,-1
1.169545,1.169545,1.169545,1.169545,-1.0,-1.0,-1
1.169545,1.169545,1.169545,1.169545,-1.0,-1.0,-1
1.169545,1.169545,1.16954,1.169545,-1.0,-1.0,-1
1.169545,1.169545,1.169545,1.169545,-1.0,-1.0,-1
1.169545,1.169545,1.16954,1.16954,-1.0,-1.0,-1
1.16954,1.16954,1.1695,1.1695,-1.0,-1.0,-1
1.1695,1.1695,1.16948,1.169495,-1.0,-1.0,-1
1.169495,1.1695,1.16948,1.169485,-1.0,-1.0,-1
1.169485,1.169485,1.169465,1.169465,-1.0,-1.0,-1
1.169465,1.169485,1.169445,1.169475,-1.0,-1.0,-1
1.169475,1.16954,1.16947,1.169535,-1.0,-1.0,-1
1.169535,1.16954,1.169525,1.169535,-1.0,-1.0,-1
1.169535,1.169545,1.169535,1.169545,-1.0,-1.0,-1
1.169545,1.169545,1.169535,1.16954,-1.0,-1.0,-1
1.16954,1.16954,1.169495,1.169495,-1.0,-1.0,-1
1.169495,1.169505,1.169495,1.169505,-1.0,-1.0,-1
1.169505,1.16951,1.169495,1.169495,-1.0,-1.0,-1
1.169495,1.169545,1.169495,1.169535,-1.0,-1.0,-1
1.169535,1.16954,1.169535,1.169535,-1.0,-1.0,-1
1.169535,1.16954,1.169535,1.169535,-1.0,-1.0,-1
1.169535,1.16955,1.169515,1.169515,-1.0,-1.0,-1
1.169515,1.169585,1.169505,1.169585,-1.0,-1.0,-1
1.169585,1.16962,1.169535,1.169545,-1.0,-1.0,-1
1.169545,1.169545,1.169505,1.169505,-1.0,-1.0,-1
1.169505,1.16954,1.169505,1.169535,-1.0,-1.0,-1
1.169535,1.16955,1.169535,1.169535,-1.0,-1.0,-1
1.169535,1.16958,1.169535,1.169565,-1.0,-1.0,-1
1.169565,1.16962,1.16954,1.16954,-1.0,-1.0,-1
1.16954,1.169585,1.16954,1.169585,-1.0,-1.0,-1
1.169585,1.169595,1.16958,1.169585,-1.0,-1.0,-1
1.169585,1.169595,1.16958,1.169595,-1.0,-1.0,-1
1.169595,1.169635,1.169595,1.169615,-1.0,-1.0,-1
1.169615,1.169635,1.169605,1.169605,-1.0,-1.0,-1
1.169605,1.169605,1.169605,1.169605,-1.0,-1.0,-1
1.169605,1.169605,1.16957,1.16959,-1.0,-1.0,-1
1.16959,1.16959,1.169565,1.16957,-1.0,-1.0,-1
1.16957,1.169595,1.169565,1.169595,-1.0,-1.0,-1
1.169595,1.169595,1.169535,1.16955,-1.0,-1.0,-1
1.16955,1.16955,1.169535,1.169535,-1.0,-1.0,-1
1.169535,1.169595,1.169525,1.169585,-1.0,-1.0,-1
1.169585,1.1696,1.169585,1.1696,-1.0,-1.0,-1
1.1696,1.1696,1.169585,1.169585,-1.0,-1.0,-1
1.169585,1.16959,1.169585,1.16959,-1.0,-1.0,-1
1.16959,1.16959,1.16959,1.16959,-1.0,-1.0,-1
1.16959,1.169645,1.16959,1.16964,-1.0,-1.0,-1
1.16964,1.169645,1.169635,1.169645,-1.0,-1.0,-1
1.169645,1.169645,1.169605,1.169605,-1.0,-1.0,-1
1.169605,1.169605,1.169545,1.169585,-1.0,-1.0,-1
1.169585,1.169585,1.169535,1.169535,-1.0,-1.0,-1
1.169535,1.16954,1.169535,1.169535,-1.0,-1.0,-1
1.169535,1.16954,1.16953,1.169535,-1.0,-1.0,-1
1.169535,1.169545,1.169535,1.169535,-1.0,-1.0,-1
1.169535,1.16954,1.169535,1.169535,-1.0,-1.0,-1
1.169535,1.16954,1.16953,1.16953,-1.0,-1.0,-1
1.16953,1.169545,1.169505,1.169505,-1.0,-1.0,-1
1.169505,1.16951,1.16946,1.169475,-1.0,-1.0,-1
1.169475,1.169475,1.169415,1.169435,-1.0,-1.0,-1
1.169435,1.169455,1.169435,1.169455,-1.0,-1.0,-1
1.169455,1.169455,1.16939,1.169395,-1.0,-1.0,-1
1.169395,1.169395,1.169355,1.16938,-1.0,-1.0,-1
1.16938,1.16938,1.169375,1.16938,-1.0,-1.0,-1
1.16938,1.16938,1.169375,1.16938,-1.0,-1.0,-1
1.16938,1.16938,1.169375,1.16938,-1.0,-1.0,-1
1.16938,1.16938,1.169375,1.169375,-1.0,-1.0,-1
1.169375,1.16938,1.169375,1.169375,-1.0,-1.0,-1
1.169375,1.169405,1.169375,1.169405,-1.0,-1.0,-1
1.169405,1.169405,1.16938,1.16938,-1.0,-1.0,-1
1.16938,1.16938,1.16937,1.169375,-1.0,-1.0,-1
1.169375,1.169375,1.16933,1.16935,-1.0,-1.0,-1
1.16935,1.16938,1.16935,1.16938,-1.0,-1.0,-1
1.16938,1.16938,1.169375,1.16938,-1.0,-1.0,-1
1.16938,1.169415,1.16938,1.1694,-1.0,-1.0,-1
1.1694,1.16941,1.1694,1.16941,-1.0,-1.0,-1
1.16941,1.16944,1.16938,1.16938,-1.0,-1.0,-1
1.16938,1.16938,1.16938,1.16938,-1.0,-1.0,-1
1.16938,1.16938,1.169365,1.16937,-1.0,-1.0,-1
1.16937,1.16938,1.16937,1.16938,-1.0,-1.0,-1
1.16938,1.169415,1.16938,1.1694,-1.0,-1.0,-1
1.1694,1.169435,1.1694,1.169415,-1.0,-1.0,-1
1.169415,1.169425,1.16939,1.169425,-1.0,-1.0,-1
1.169425,1.169425,1.16939,1.1694,-1.0,-1.0,-1
1.1694,1.169445,1.169385,1.16944,-1.0,-1.0,-1
1.16944,1.169545,1.16944,1.16954,-1.0,-1.0,-1
1.16954,1.169565,1.16954,1.16955,-1.0,-1.0,-1
1.16955,1.16959,1.16955,1.169585,-1.0,-1.0,-1
1.169585,1.1696,1.169585,1.169585,-1.0,-1.0,-1
1.169585,1.16959,1.16954,1.16955,-1.0,-1.0,-1
1.16955,1.16961,1.16955,1.1696,-1.0,-1.0,-1
1.1696,1.16961,1.16955,1.16955,-1.0,-1.0,-1
1.16955,1.16955,1.16955,1.16955,-1.0,-1.0,-1
1.16955,1.169585,1.16954,1.169585,-1.0,-1.0,-1
1.169585,1.169635,1.16956,1.169585,-1.0,-1.0,-1
1.169585,1.169585,1.169545,1.169545,-1.0,-1.0,-1
1.169545,1.16955,1.169495,1.169495,-1.0,-1.0,-1
1.169495,1.169505,1.16949,1.1695,-1.0,-1.0,-1
1.1695,1.169505,1.169495,1.169495,-1.0,-1.0,-1
1.169495,1.16954,1.169495,1.16954,-1.0,-1.0,-1
1.16954,1.16954,1.169535,1.16954,-1.0,-1.0,-1
1.16954,1.169555,1.169535,1.169545,-1.0,-1.0,-1
1.169545,1.16955,1.169525,1.169535,-1.0,-1.0,-1
1.169535,1.16954,1.16948,1.169485,-1.0,-1.0,-1
1.169485,1.1695,1.16948,1.1695,-1.0,-1.0,-1
1.1695,1.169505,1.16949,1.169495,-1.0,-1.0,-1
1.169495,1.169495,1.16948,1.169485,-1.0,-1.0,-1
1.169485,1.169485,1.169425,1.169435,-1.0,-1.0,-1
1.169435,1.169445,1.16943,1.169435,-1.0,-1.0,-1
1.169435,1.16945,1.169435,1.16944,-1.0,-1.0,-1
1.16944,1.16945,1.16944,1.169445,-1.0,-1.0,-1
1.169445,1.169495,1.16944,1.169495,-1.0,-1.0,-1
1.169495,1.169495,1.16948,1.169485,-1.0,-1.0,-1
1.169485,1.169485,1.16948,1.169485,-1.0,-1.0,-1
1.169485,1.169485,1.16948,1.169485,-1.0,-1.0,-1
1.169485,1.169495,1.16948,1.169485,-1.0,-1.0,-1
1.169485,1.169485,1.16946,1.169485,-1.0,-1.0,-1
1.169485,1.169485,1.16947,1.16948,-1.0,-1.0,-1
1.16948,1.169485,1.169445,1.169485,-1.0,-1.0,-1
1.169485,1.16953,1.16948,1.169515,-1.0,-1.0,-1
1.169515,1.16953,1.169515,1.169525,-1.0,-1.0,-1
1.169525,1.16953,1.169515,1.16952,-1.0,-1.0,-1
1.16952,1.16952,1.16949,1.16952,-1.0,-1.0,-1
1.16952,1.16954,1.169495,1.169495,-1.0,-1.0,-1
1.169495,1.169495,1.169425,1.16943,-1.0,-1.0,-1
1.16943,1.169495,1.16943,1.169495,-1.0,-1.0,-1
1.169495,1.169495,1.16949,1.169495,-1.0,-1.0,-1
1.169495,1.169585,1.169495,1.169565,-1.0,-1.0,-1
1.169565,1.169565,1.169545,1.169545,-1.0,-1.0,-1
1.169545,1.16955,1.169505,1.169515,-1.0,-1.0,-1
1.169515,1.16955,1.169515,1.16955,-1.0,-1.0,-1
1.16955,1.16955,1.169545,1.16955,-1.0,-1.0,-1
1.16955,1.16955,1.169545,1.169545,-1.0,-1.0,-1
1.169545,1.169545,1.169505,1.169505,-1.0,-1.0,-1
1.169505,1.169505,1.169495,1.169495,-1.0,-1.0,-1
1.169495,1.169545,1.169495,1.169535,-1.0,-1.0,-1
1.169535,1.169545,1.169535,1.169545,-1.0,-1.0,-1
1.169545,1.169545,1.169545,1.169545,-1.0,-1.0,-1
1.169545,1.16955,1.169535,1.169535,-1.0,-1.0,-1
1.169535,1.169545,1.169535,1.169545,-1.0,-1.0,-1
1.169545,1.169545,1.16954,1.16954,-1.0,-1.0,-1
1.16954,1.169545,1.16954,1.169545,-1.0,-1.0,-1
1.169545,1.16955,1.16954,1.16954,-1.0,-1.0,-1
1.16954,1.169665,1.16954,1.169615,-1.0,-1.0,-1
1.169615,1.16962,1.169595,1.169605,-1.0,-1.0,-1
1.169605,1.169605,1.169585,1.169595,-1.0,-1.0,-1
1.169595,1.169595,1.16953,1.16953,-1.0,-1.0,-1
1.16953,1.16954,1.169525,1.169535,-1.0,-1.0,-1
1.169535,1.16954,1.169515,1.169515,-1.0,-1.0,-1
1.169515,1.16953,1.169505,1.169515,-1.0,-1.0,-1
1.169515,1.169515,1.169505,1.169505,-1.0,-1.0,-1
1.169505,1.169505,1.169495,1.169495,-1.0,-1.0,-1
1.169495,1.169505,1.169495,1.169505,-1.0,-1.0,-1
1.169505,1.169505,1.169495,1.169495,-1.0,-1.0,-1
1.169495,1.1695,1.169425,1.169435,-1.0,-1.0,-1
1.169435,1.16946,1.169425,1.169445,-1.0,-1.0,-1
1.169445,1.16946,1.169445,1.169445,-1.0,-1.0,-1
1.169445,1.169515,1.169435,1.169515,-1.0,-1.0,-1
1.169515,1.169515,1.169495,1.169495,-1.0,-1.0,-1
1.169495,1.169505,1.169495,1.169505,-1.0,-1.0,-1
1.169505,1.169505,1.16948,1.169485,-1.0,-1.0,-1
1.169485,1.169495,1.16947,1.16948,-1.0,-1.0,-1
1.16948,1.16948,1.169435,1.169435,-1.0,-1.0,-1
1.169435,1.16947,1.169435,1.169455,-1.0,-1.0,-1
1.169455,1.169455,1.16944,1.16944,-1.0,-1.0,-1
1.16944,1.16949,1.16944,1.169485,-1.0,-1.0,-1
1.169485,1.16949,1.169445,1.16949,-1.0,-1.0,-1
1.16949,1.169515,1.169475,1.169505,-1.0,-1.0,-1
1.169505,1.169505,1.169465,1.169505,-1.0,-1.0,-1
1.169505,1.16952,1.16946,1.16948,-1.0,-1.0,-1
1.16948,1.16953,1.16947,1.1695,-1.0,-1.0,-1
1.1695,1.16951,1.169475,1.16948,-1.0,-1.0,-1
1.16948,1.169495,1.16947,1.169475,-1.0,-1.0,-1
1.169475,1.16948,1.16943,1.16943,-1.0,-1.0,-1
1.16943,1.169465,1.16943,1.169465,-1.0,-1.0,-1
1.169465,1.169465,1.169435,1.16946,-1.0,-1.0,-1
1.16946,1.16946,1.169445,1.16945,-1.0,-1.0,-1
1.16945,1.169475,1.16944,1.16944,-1.0,-1.0,-1
1.16944,1.169475,1.16943,1.169475,-1.0,-1.0,-1
1.169475,1.16948,1.16946,1.169475,-1.0,-1.0,-1
1.169475,1.1695,1.16947,1.169495,-1.0,-1.0,-1
1.169495,1.169565,1.169495,1.16955,-1.0,-1.0,-1
1.16955,1.169565,1.169545,1.169555,-1.0,-1.0,-1
1.169555,1.169555,1.169525,1.169535,-1.0,-1.0,-1
1.169535,1.169545,1.16953,1.169535,-1.0,-1.0,-1
1.169535,1.169545,1.169535,1.169535,-1.0,-1.0,-1
1.169535,1.16955,1.169525,1.169525,-1.0,-1.0,-1
1.169525,1.16953,1.169495,1.1695,-1.0,-1.0,-1
1.1695,1.16953,1.169495,1.169525,-1.0,-1.0,-1
1.169525,1.169545,1.169525,1.169545,-1.0,-1.0,-1
1.169545,1.169585,1.169535,1.169585,-1.0,-1.0,-1
1.169585,1.169585,1.169585,1.169585,-1.0,-1.0,-1
1.169585,1.169585,1.16955,1.169565,-1.0,-1.0,-1
1.169565,1.169585,1.16955,1.16955,-1.0,-1.0,-1
1.16955,1.169555,1.169545,1.169545,-1.0,-1.0,-1
1.169545,1.169545,1.169545,1.169545,-1.0,-1.0,-1
1.169545,1.169545,1.169525,1.169545,-1.0,-1.0,-1
1.169545,1.169585,1.169535,1.169585,-1.0,-1.0,-1
1.169585,1.169585,1.169535,1.16954,-1.0,-1.0,-1
1.16954,1.169585,1.16954,1.169585,-1.0,-1.0,-1
1.169585,1.169595,1.169585,1.169595,-1.0,-1.0,-1
1.169595,1.16963,1.169585,1.169615,-1.0,-1.0,-1
1.169615,1.16963,1.169605,1.16963,-1.0,-1.0,-1
1.16963,1.16963,1.16956,1.16959,-1.0,-1.0,-1
1.16959,1.169595,1.16956,1.169595,-1.0,-1.0,-1
1.169595,1.169595,1.16955,1.169565,-1.0,-1.0,-1
1.169565,1.169565,1.169545,1.16955,-1.0,-1.0,-1
1.16955,1.16961,1.16955,1.169585,-1.0,-1.0,-1
1.169585,1.169585,1.16956,1.169565,-1.0,-1.0,-1
1.169565,1.169585,1.16956,1.169585,-1.0,-1.0,-1
1.169585,1.169605,1.169585,1.1696,-1.0,-1.0,-1
1.1696,1.169605,1.169595,1.1696,-1.0,-1.0,-1
1.1696,1.1696,1.169555,1.16957,-1.0,-1.0,-1
1.16957,1.16959,1.16955,1.16955,-1.0,-1.0,-1
1.16955,1.16955,1.169505,1.169535,-1.0,-1.0,-1
1.169535,1.16954,1.16951,1.169535,-1.0,-1.0,-1
1.169535,1.16954,1.16949,1.16949,-1.0,-1.0,-1
1.16949,1.169535,1.16938,1.169405,-1.0,-1.0,-1
1.169405,1.169455,1.16937,1.16938,-1.0,-1.0,-1
1.16938,1.169405,1.169315,1.169335,-1.0,-1.0,-1
1.169335,1.169375,1.16928,1.16929,-1.0,-1.0,-1
1.16929,1.169325,1.16923,1.169305,-1.0,-1.0,-1
1.169305,1.169305,1.169205,1.16925,-1.0,-1.0,-1
1.16925,1.16928,1.169235,1.16925,-1.0,-1.0,-1
1.16925,1.16925,1.169185,1.169195,-1.0,-1.0,-1
1.169195,1.169205,1.16914,1.16916,-1.0,-1.0,-1
1.16916,1.16916,1.169135,1.16914,-1.0,-1.0,-1
1.16914,1.16915,1.16912,1.169125,-1.0,-1.0,-1
1.169125,1.169125,1.169035,1.169045,-1.0,-1.0,-1
1.169045,1.1691,1.169035,1.169055,-1.0,-1.0,-1
1.169055,1.1691,1.16905,1.169095,-1.0,-1.0,-1
1.169095,1.16915,1.16903,1.16905,-1.0,-1.0,-1
1.16905,1.16905,1.169025,1.16904,-1.0,-1.0,-1
1.16904,1.169055,1.169035,1.169055,-1.0,-1.0,-1
1.169055,1.16906,1.16903,1.16904,-1.0,-1.0,-1
1.16904,1.1691,1.16903,1.169055,-1.0,-1.0,-1
1.169055,1.16915,1.16905,1.16911,-1.0,-1.0,-1
1.16911,1.16913,1.16908,1.169095,-1.0,-1.0,-1
1.169095,1.169135,1.16909,1.16911,-1.0,-1.0,-1
1.16911,1.16911,1.169075,1.16908,-1.0,-1.0,-1
1.16908,1.169145,1.169065,1.169065,-1.0,-1.0,-1
1.169065,1.169065,1.168955,1.168985,-1.0,-1.0,-1
1.168985,1.169015,1.168945,1.169,-1.0,-1.0,-1
1.169,1.16902,1.16895,1.16896,-1.0,-1.0,-1
1.16896,1.16897,1.16891,1.16891,-1.0,-1.0,-1
1.16891,1.16893,1.16886,1.1689,-1.0,-1.0,-1
1.1689,1.1689,1.168805,1.16881,-1.0,-1.0,-1
1.16881,1.168815,1.16876,1.168785,-1.0,-1.0,-1
1.168785,1.16883,1.16878,1.168795,-1.0,-1.0,-1
1.168795,1.168805,1.168715,1.168715,-1.0,-1.0,-1
1.168715,1.16876,1.16871,1.168715,-1.0,-1.0,-1
1.168715,1.16878,1.168715,1.168715,-1.0,-1.0,-1
1.168715,1.16872,1.16863,1.168635,-1.0,-1.0,-1
1.168635,1.168635,1.16859,1.16859,-1.0,-1.0,-1
1.16859,1.168605,1.16856,1.16859,-1.0,-1.0,-1
1.16859,1.168595,1.168545,1.168585,-1.0,-1.0,-1
1.168585,1.168615,1.168535,1.168575,-1.0,-1.0,-1
1.168575,1.168575,1.168535,1.16856,-1.0,-1.0,-1
1.16856,1.168615,1.168545,1.16861,-1.0,-1.0,-1
1.16861,1.16862,1.168585,1.168615,-1.0,-1.0,-1
1.168615,1.168705,1.168615,1.16867,-1.0,-1.0,-1
1.16867,1.1687,1.16864,1.168655,-1.0,-1.0,-1
1.168655,1.168675,1.168585,1.168615,-1.0,-1.0,-1
1.168615,1.168645,1.168585,1.16862,-1.0,-1.0,-1
1.16862,1.168655,1.168595,1.168595,-1.0,-1.0,-1
1.168595,1.16862,1.16858,1.16861,-1.0,-1.0,-1
1.16861,1.168625,1.16858,1.168615,-1.0,-1.0,-1
1.168615,1.168665,1.168585,1.168665,-1.0,-1.0,-1
1.168665,1.16872,1.168665,1.168665,-1.0,-1.0,-1
1.168665,1.16872,1.168655,1.168705,-1.0,-1.0,-1
1.168705,1.168765,1.1687,1.168755,-1.0,-1.0,-1
1.168755,1.16881,1.16872,1.168755,-1.0,-1.0,-1
1.168755,1.168765,1.16873,1.16876,-1.0,-1.0,-1
1.16876,1.16882,1.16873,1.16875,-1.0,-1.0,-1
1.16875,1.16881,1.168725,1.16876,-1.0,-1.0,-1
1.16876,1.16881,1.168755,1.168765,-1.0,-1.0,-1
1.168765,1.168765,1.16874,1.16876,-1.0,-1.0,-1
1.16876,1.168765,1.16875,1.16876,-1.0,-1.0,-1
1.16876,1.168765,1.168735,1.168745,-1.0,-1.0,-1
1.168745,1.168755,1.168645,1.16868,-1.0,-1.0,-1
1.16868,1.16868,1.16858,1.16858,-1.0,-1.0,-1
1.16858,1.16866,1.16858,1.16866,-1.0,-1.0,-1
1.16866,1.168675,1.168645,1.16865,-1.0,-1.0,-1
1.16865,1.168695,1.168635,1.168665,-1.0,-1.0,-1
1.168665,1.168755,1.168665,1.16873,-1.0,-1.0,-1
1.16873,1.16873,1.16867,1.1687,-1.0,-1.0,-1
1.1687,1.168735,1.16867,1.1687,-1.0,-1.0,-1
1.1687,1.168705,1.168595,1.1686,-1.0,-1.0,-1
1.1686,1.168605,1.168585,1.168595,-1.0,-1.0,-1
1.168595,1.16862,1.168575,1.168595,-1.0,-1.0,-1
1.168595,1.168635,1.16859,1.16863,-1.0,-1.0,-1
1.16863,1.168665,1.1686,1.168645,-1.0,-1.0,-1
1.168645,1.16867,1.168635,1.16865,-1.0,-1.0,-1
1.16865,1.168655,1.16854,1.16855,-1.0,-1.0,-1
1.16855,1.168565,1.168435,1.168465,-1.0,-1.0,-1
1.168465,1.168465,1.168415,1.16845,-1.0,-1.0,-1
1.16845,1.168455,1.1684,1.16841,-1.0,-1.0,-1
1.16841,1.16841,1.168355,1.168355,-1.0,-1.0,-1
1.168355,1.168375,1.1683,1.16831,-1.0,-1.0,-1
1.16831,1.16835,1.168305,1.168325,-1.0,-1.0,-1
1.168325,1.168345,1.1683,1.168325,-1.0,-1.0,-1
1.168325,1.16834,1.16828,1.16828,-1.0,-1.0,-1
1.16828,1.168375,1.16828,1.168325,-1.0,-1.0,-1
1.168325,1.168325,1.168265,1.168275,-1.0,-1.0,-1
1.168275,1.16828,1.16824,1.16824,-1.0,-1.0,-1
1.16824,1.16824,1.1682,1.16823,-1.0,-1.0,-1
1.16823,1.16823,1.168185,1.168185,-1.0,-1.0,-1
1.168185,1.1682,1.16816,1.168175,-1.0,-1.0,-1
1.168175,1.168175,1.168125,1.168135,-1.0,-1.0,-1
1.168135,1.16814,1.168125,1.16814,-1.0,-1.0,-1
1.16814,1.168145,1.168085,1.168085,-1.0,-1.0,-1
1.168085,1.168115,1.168075,1.16809,-1.0,-1.0,-1
1.16809,1.168105,1.16807,1.16809,-1.0,-1.0,-1
1.16809,1.168095,1.168045,1.16805,-1.0,-1.0,-1
1.16805,1.16806,1.168015,1.168045,-1.0,-1.0,-1
1.168045,1.168045,1.168015,1.168015,-1.0,-1.0,-1
1.168015,1.168015,1.168005,1.16801,-1.0,-1.0,-1
1.16801,1.16803,1.167975,1.16799,-1.0,-1.0,-1
1.16799,1.168005,1.16793,1.167935,-1.0,-1.0,-1
1.167935,1.16794,1.16789,1.1679,-1.0,-1.0,-1
1.1679,1.16791,1.167855,1.167885,-1.0,-1.0,-1
1.167885,1.16792,1.167875,1.167895,-1.0,-1.0,-1
1.167895,1.1679,1.167855,1.167865,-1.0,-1.0,-1
1.167865,1.16788,1.16779,1.16779,-1.0,-1.0,-1
1.16779,1.1678,1.16774,1.167745,-1.0,-1.0,-1
1.167745,1.167815,1.167695,1.167695,-1.0,-1.0,-1
1.167695,1.16772,1.167685,1.16771,-1.0,-1.0,-1
1.16771,1.16774,1.16768,1.1677,-1.0,-1.0,-1
1.1677,1.167775,1.167695,1.167745,-1.0,-1.0,-1
1.167745,1.1678,1.167745,1.16778,-1.0,-1.0,-1
1.16778,1.167795,1.16763,1.167645,-1.0,-1.0,-1
1.167645,1.167685,1.167645,1.167675,-1.0,-1.0,-1
1.167675,1.167695,1.16765,1.16767,-1.0,-1.0,-1
1.16767,1.1677,1.16766,1.167675,-1.0,-1.0,-1
1.167675,1.1677,1.167665,1.16768,-1.0,-1.0,-1
1.16768,1.167695,1.167675,1.16768,-1.0,-1.0,-1
1.16768,1.1677,1.16768,1.16769,-1.0,-1.0,-1
1.16769,1.167765,1.16769,1.167765,-1.0,-1.0,-1
1.167765,1.167785,1.16771,1.16777,-1.0,-1.0,-1
1.16777,1.167895,1.16777,1.167895,-1.0,-1.0,-1
1.167895,1.167975,1.167885,1.167975,-1.0,-1.0,-1
1.167975,1.16799,1.167935,1.16799,-1.0,-1.0,-1
1.16799,1.168025,1.167985,1.167995,-1.0,-1.0,-1
1.167995,1.168,1.16794,1.167945,-1.0,-1.0,-1
1.167945,1.167995,1.167895,1.167925,-1.0,-1.0,-1
1.167925,1.16795,1.167895,1.167945,-1.0,-1.0,-1
1.167945,1.16803,1.167935,1.168025,-1.0,-1.0,-1
1.168025,1.16803,1.167965,1.167975,-1.0,-1.0,-1
1.167975,1.168075,1.16797,1.168005,-1.0,-1.0,-1
1.168005,1.168025,1.16797,1.167975,-1.0,-1.0,-1
1.167975,1.16801,1.167945,1.168,-1.0,-1.0,-1
1.168,1.168095,1.16799,1.16809,-1.0,-1.0,-1
1.16809,1.168095,1.167985,1.16805,-1.0,-1.0,-1
1.16805,1.16806,1.167945,1.16798,-1.0,-1.0,-1
1.16798,1.168,1.16796,1.16799,-1.0,-1.0,-1
1.16799,1.16799,1.16791,1.167945,-1.0,-1.0,-1
1.167945,1.16796,1.167915,1.16795,-1.0,-1.0,-1
1.16795,1.16796,1.16791,1.16791,-1.0,-1.0,-1
1.16791,1.16796,1.1679,1.167955,-1.0,-1.0,-1
1.167955,1.16796,1.16793,1.16795,-1.0,-1.0,-1
1.16795,1.16797,1.167945,1.167965,-1.0,-1.0,-1
1.167965,1.16799,1.167925,1.167945,-1.0,-1.0,-1
1.167945,1.16798,1.167945,1.16796,-1.0,-1.0,-1
1.16796,1.16796,1.167935,1.167945,-1.0,-1.0,-1
1.167945,1.16796,1.16794,1.167955,-1.0,-1.0,-1
1.167955,1.16796,1.167895,1.167905,-1.0,-1.0,-1
1.167905,1.167905,1.167795,1.167805,-1.0,-1.0,-1
1.167805,1.167805,1.16779,1.167795,-1.0,-1.0,-1
1.167795,1.167835,1.167795,1.167805,-1.0,-1.0,-1
1.167805,1.167955,1.167805,1.16794,-1.0,-1.0,-1
1.16794,1.167955,1.16791,1.167945,-1.0,-1.0,-1
1.167945,1.16796,1.167945,1.167945,-1.0,-1.0,-1
1.167945,1.167965,1.167945,1.16796,-1.0,-1.0,-1
1.16796,1.16796,1.167915,1.167945,-1.0,-1.0,-1
1.167945,1.16795,1.16791,1.16791,-1.0,-1.0,-1
1.16791,1.16791,1.16789,1.1679,-1.0,-1.0,-1
1.1679,1.167905,1.167785,1.1678,-1.0,-1.0,-1
1.1678,1.167805,1.16777,1.1678,-1.0,-1.0,-1
1.1678,1.16784,1.167795,1.1678,-1.0,-1.0,-1
1.1678,1.1678,1.167795,1.1678,-1.0,-1.0,-1
1.1678,1.1678,1.167795,1.1678,-1.0,-1.0,-1
1.1678,1.1678,1.16779,1.16779,-1.0,-1.0,-1
1.16779,1.167795,1.167745,1.167745,-1.0,-1.0,-1
1.167745,1.16778,1.16771,1.167765,-1.0,-1.0,-1
1.167765,1.167845,1.16775,1.16784,-1.0,-1.0,-1
1.16784,1.16784,1.1678,1.16783,-1.0,-1.0,-1
1.16783,1.16785,1.167825,1.16783,-1.0,-1.0,-1
1.16783,1.167845,1.16781,1.167825,-1.0,-1.0,-1
1.167825,1.16784,1.167795,1.16784,-1.0,-1.0,-1
1.16784,1.167895,1.16783,1.167895,-1.0,-1.0,-1
1.167895,1.167895,1.167875,1.16789,-1.0,-1.0,-1
1.16789,1.16794,1.167885,1.167885,-1.0,-1.0,-1
1.167885,1.16789,1.167845,1.167865,-1.0,-1.0,-1
1.167865,1.16787,1.167795,1.167795,-1.0,-1.0,-1
1.167795,1.167845,1.167795,1.16784,-1.0,-1.0,-1
1.16784,1.167845,1.167825,1.16784,-1.0,-1.0,-1
1.16784,1.16791,1.16784,1.167905,-1.0,-1.0,-1
1.167905,1.16791,1.16786,1.16786,-1.0,-1.0,-1
1.16786,1.16787,1.167845,1.16786,-1.0,-1.0,-1
1.16786,1.16787,1.167845,1.167845,-1.0,-1.0,-1
1.167845,1.16788,1.167845,1.167855,-1.0,-1.0,-1
1.167855,1.16786,1.1678,1.167845,-1.0,-1.0,-1
1.167845,1.167845,1.1678,1.167835,-1.0,-1.0,-1
1.167835,1.167845,1.167805,1.167805,-1.0,-1.0,-1
1.167805,1.167835,1.167805,1.167805,-1.0,-1.0,-1
1.167805,1.167845,1.167805,1.167845,-1.0,-1.0,-1
1.167845,1.167845,1.16784,1.167845,-1.0,-1.0,-1
1.167845,1.16786,1.167805,1.167845,-1.0,-1.0,-1
1.167845,1.167905,1.167845,1.167895,-1.0,-1.0,-1
1.167895,1.1679,1.16788,1.16788,-1.0,-1.0,-1
1.16788,1.16788,1.167845,1.167845,-1.0,-1.0,-1
1.167845,1.16785,1.167825,1.16783,-1.0,-1.0,-1
1.16783,1.16785,1.167805,1.167805,-1.0,-1.0,-1
1.167805,1.167805,1.167805,1.167805,-1.0,-1.0,-1
1.167805,1.167805,1.16766,1.16771,-1.0,-1.0,-1
1.16771,1.16771,1.167695,1.167705,-1.0,-1.0,-1
1.167705,1.16771,1.16766,1.16766,-1.0,-1.0,-1
1.16766,1.167665,1.16763,1.167645,-1.0,-1.0,-1
1.167645,1.16765,1.167635,1.16765,-1.0,-1.0,-1
1.16765,1.16766,1.167645,1.16766,-1.0,-1.0,-1
1.16766,1.167705,1.16766,1.1677,-1.0,-1.0,-1
1.1677,1.16771,1.167545,1.167585,-1.0,-1.0,-1
1.167585,1.16759,1.16755,1.167585,-1.0,-1.0,-1
1.167585,1.16763,1.167575,1.16763,-1.0,-1.0,-1
1.16763,1.167635,1.167585,1.167635,-1.0,-1.0,-1
1.167635,1.16764,1.167585,1.16761,-1.0,-1.0,-1
1.16761,1.167635,1.167575,1.16758,-1.0,-1.0,-1
1.16758,1.16761,1.16758,1.167605,-1.0,-1.0,-1
1.167605,1.16761,1.16754,1.16755,-1.0,-1.0,-1
1.16755,1.167565,1.16751,1.16753,-1.0,-1.0,-1
1.16753,1.167555,1.167505,1.16753,-1.0,-1.0,-1
1.16753,1.167535,1.167505,1.16751,-1.0,-1.0,-1
1.16751,1.16758,1.167505,1.16757,-1.0,-1.0,-1
1.16757,1.1676,1.16757,1.167595,-1.0,-1.0,-1
1.167595,1.16764,1.167595,1.16762,-1.0,-1.0,-1
1.16762,1.16766,1.16762,1.16765,-1.0,-1.0,-1
1.16765,1.16765,1.16762,1.167635,-1.0,-1.0,-1
1.167635,1.16764,1.16762,1.16764,-1.0,-1.0,-1
1.16764,1.16764,1.16762,1.16764,-1.0,-1.0,-1
1.16764,1.167645,1.16763,1.16764,-1.0,-1.0,-1
1.16764,1.167665,1.167625,1.16765,-1.0,-1.0,-1
1.16765,1.16771,1.16765,1.167705,-1.0,-1.0,-1
1.167705,1.167705,1.167695,1.167695,-1.0,-1.0,-1
1.167695,1.1677,1.167635,1.16765,-1.0,-1.0,-1
1.16765,1.16765,1.16759,1.167595,-1.0,-1.0,-1
1.167595,1.16761,1.167585,1.1676,-1.0,-1.0,-1
1.1676,1.16761,1.16756,1.16761,-1.0,-1.0,-1
1.16761,1.16761,1.167565,1.167595,-1.0,-1.0,-1
1.167595,1.16762,1.167595,1.1676,-1.0,-1.0,-1
1.1676,1.167605,1.167535,1.167545,-1.0,-1.0,-1
1.167545,1.167555,1.167515,1.167525,-1.0,-1.0,-1
1.167525,1.167525,1.167495,1.16751,-1.0,-1.0,-1
1.16751,1.167515,1.167445,1.167495,-1.0,-1.0,-1
1.167495,1.16751,1.167405,1.167415,-1.0,-1.0,-1
1.167415,1.167445,1.167415,1.16744,-1.0,-1.0,-1
1.16744,1.16744,1.167385,1.167415,-1.0,-1.0,-1
1.167415,1.167465,1.167415,1.167455,-1.0,-1.0,-1
1.167455,1.167455,1.167425,1.167435,-1.0,-1.0,-1
1.167435,1.16744,1.167385,1.167405,-1.0,-1.0,-1
1.167405,1.167405,1.16735,1.167355,-1.0,-1.0,-1
1.167355,1.167355,1.167345,1.16735,-1.0,-1.0,-1
1.16735,1.167385,1.16735,1.167355,-1.0,-1.0,-1
1.167355,1.167355,1.16735,1.16735,-1.0,-1.0,-1
1.16735,1.167395,1.16733,1.16739,-1.0,-1.0,-1
1.16739,1.167435,1.16739,1.16742,-1.0,-1.0,-1
1.16742,1.167435,1.167385,1.16739,-1.0,-1.0,-1
1.16739,1.167395,1.167375,1.167395,-1.0,-1.0,-1
1.167395,1.167395,1.167395,1.167395,-1.0,-1.0,-1
1.167395,1.167395,1.167395,1.167395,-1.0,-1.0,-1
1.167395,1.16741,1.16735,1.16735,-1.0,-1.0,-1
1.16735,1.167355,1.16735,1.16735,-1.0,-1.0,-1
1.16735,1.167375,1.16735,1.167355,-1.0,-1.0,-1
1.167355,1.167355,1.167325,1.167335,-1.0,-1.0,-1
1.167335,1.167405,1.167335,1.167405,-1.0,-1.0,-1
1.167405,1.167455,1.167395,1.167455,-1.0,-1.0,-1
1.167455,1.167455,1.167355,1.167355,-1.0,-1.0,-1
1.167355,1.167355,1.167315,1.167355,-1.0,-1.0,-1
1.167355,1.167355,1.167335,1.167355,-1.0,-1.0,-1
1.167355,1.167355,1.167335,1.167335,-1.0,-1.0,-1
1.167335,1.167355,1.167335,1.167335,-1.0,-1.0,-1
1.167335,1.167385,1.167335,1.16735,-1.0,-1.0,-1
1.16735,1.167355,1.16735,1.167355,-1.0,-1.0,-1
1.167355,1.16736,1.167355,1.167355,-1.0,-1.0,-1
1.167355,1.167355,1.16735,1.167355,-1.0,-1.0,-1
1.167355,1.167355,1.167355,1.167355,-1.0,-1.0,-1
1.167355,1.167375,1.167355,1.167375,-1.0,-1.0,-1
1.167375,1.167405,1.16737,1.167405,-1.0,-1.0,-1
1.167405,1.167445,1.167395,1.167425,-1.0,-1.0,-1
1.167425,1.16745,1.167415,1.16745,-1.0,-1.0,-1
1.16745,1.16745,1.1674,1.16744,-1.0,-1.0,-1
1.16744,1.167445,1.167415,1.167415,-1.0,-1.0,-1
1.167415,1.167415,1.16735,1.167385,-1.0,-1.0,-1
1.167385,1.167395,1.167375,1.167395,-1.0,-1.0,-1
1.167395,1.16744,1.16739,1.16744,-1.0,-1.0,-1
1.16744,1.1675,1.167435,1.16749,-1.0,-1.0,-1
1.16749,1.16749,1.16748,1.16749,-1.0,-1.0,-1
1.16749,1.16749,1.167485,1.16749,-1.0,-1.0,-1
1.16749,1.1675,1.16748,1.16748,-1.0,-1.0,-1
1.16748,1.167495,1.16744,1.16744,-1.0,-1.0,-1
1.16744,1.16755,1.16744,1.16754,-1.0,-1.0,-1
1.16754,1.16755,1.16753,1.16753,-1.0,-1.0,-1
1.16753,1.167535,1.1675,1.167505,-1.0,-1.0,-1
1.167505,1.167525,1.167505,1.167525,-1.0,-1.0,-1
1.167525,1.16753,1.167495,1.167495,-1.0,-1.0,-1
1.167495,1.167495,1.167495,1.167495,-1.0,-1.0,-1
1.167495,1.167495,1.167445,1.167445,-1.0,-1.0,-1
1.167445,1.167445,1.1674,1.1674,-1.0,-1.0,-1
1.1674,1.167425,1.1674,1.16742,-1.0,-1.0,-1
1.16742,1.16744,1.167395,1.16741,-1.0,-1.0,-1
1.16741,1.16744,1.16741,1.16744,-1.0,-1.0,-1
1.16744,1.16744,1.167415,1.167435,-1.0,-1.0,-1
1.167435,1.167445,1.167435,1.167435,-1.0,-1.0,-1
1.167435,1.16744,1.16737,1.167395,-1.0,-1.0,-1
1.167395,1.167405,1.167385,1.1674,-1.0,-1.0,-1
1.1674,1.1674,1.167355,1.16739,-1.0,-1.0,-1
1.16739,1.167405,1.16737,1.16739,-1.0,-1.0,-1
1.16739,1.1674,1.167375,1.1674,-1.0,-1.0,-1
1.1674,1.16741,1.1674,1.16741,-1.0,-1.0,-1
1.16741,1.16741,1.1674,1.1674,-1.0,-1.0,-1
1.1674,1.167405,1.1674,1.1674,-1.0,-1.0,-1
1.1674,1.16741,1.167395,1.167395,-1.0,-1.0,-1
1.167395,1.16744,1.16739,1.1674,-1.0,-1.0,-1
1.1674,1.1674,1.167335,1.167335,-1.0,-1.0,-1
1.167335,1.167355,1.167335,1.16735,-1.0,-1.0,-1
1.16735,1.16735,1.167315,1.167345,-1.0,-1.0,-1
1.167345,1.167345,1.16732,1.16732,-1.0,-1.0,-1
1.16732,1.167335,1.16731,1.16732,-1.0,-1.0,-1
1.16732,1.16735,1.167315,1.16732,-1.0,-1.0,-1
1.16732,1.16734,1.167285,1.167335,-1.0,-1.0,-1
1.167335,1.16734,1.167315,1.167325,-1.0,-1.0,-1
1.167325,1.16734,1.167315,1.167315,-1.0,-1.0,-1
1.167315,1.167335,1.16731,1.16731,-1.0,-1.0,-1
1.16731,1.16731,1.167275,1.167305,-1.0,-1.0,-1
1.167305,1.16735,1.167305,1.167345,-1.0,-1.0,-1
1.167345,1.16735,1.167315,1.167315,-1.0,-1.0,-1
1.167315,1.167315,1.16731,1.167315,-1.0,-1.0,-1
1.167315,1.16732,1.16731,1.16732,-1.0,-1.0,-1
1.16732,1.167335,1.167315,1.16732,-1.0,-1.0,-1
1.16732,1.16734,1.16731,1.16731,-1.0,-1.0,-1
1.16731,1.167345,1.167305,1.167345,-1.0,-1.0,-1
1.167345,1.16735,1.167345,1.16735,-1.0,-1.0,-1
1.16735,1.167355,1.167345,1.16735,-1.0,-1.0,-1
1.16735,1.16735,1.16735,1.16735,-1.0,-1.0,-1
1.16735,1.16735,1.16735,1.16735,-1.0,-1.0,-1
1.16735,1.16735,1.167335,1.16735,-1.0,-1.0,-1
1.16735,1.16735,1.167315,1.167315,-1.0,-1.0,-1
1.167315,1.16734,1.16731,1.167335,-1.0,-1.0,-1
1.167335,1.167395,1.167335,1.16739,-1.0,-1.0,-1
1.16739,1.16744,1.16739,1.16744,-1.0,-1.0,-1
1.16744,1.16744,1.167435,1.167435,-1.0,-1.0,-1
1.167435,1.16744,1.167435,1.16744,-1.0,-1.0,-1
1.16744,1.167445,1.167435,1.16744,-1.0,-1.0,-1
1.16744,1.167445,1.167435,1.167445,-1.0,-1.0,-1
1.167445,1.167465,1.167445,1.167445,-1.0,-1.0,-1
1.167445,1.167455,1.167415,1.167415,-1.0,-1.0,-1
1.167415,1.16744,1.167415,1.167425,-1.0,-1.0,-1
1.167425,1.16744,1.16741,1.16744,-1.0,-1.0,-1
1.16744,1.167445,1.16744,1.167445,-1.0,-1.0,-1
1.167445,1.167445,1.167395,1.167405,-1.0,-1.0,-1
1.167405,1.167445,1.167395,1.16744,-1.0,-1.0,-1
1.16744,1.16744,1.167395,1.167395,-1.0,-1.0,-1
1.167395,1.167415,1.167395,1.167395,-1.0,-1.0,-1
1.167395,1.16741,1.167395,1.167395,-1.0,-1.0,-1
1.167395,1.16744,1.16735,1.16744,-1.0,-1.0,-1
1.16744,1.16751,1.16743,1.1675,-1.0,-1.0,-1
1.1675,1.167515,1.167495,1.16751,-1.0,-1.0,-1
1.16751,1.167515,1.167445,1.167445,-1.0,-1.0,-1
1.167445,1.167455,1.167415,1.167435,-1.0,-1.0,-1
1.167435,1.167445,1.167405,1.167445,-1.0,-1.0,-1
1.167445,1.16746,1.167445,1.16745,-1.0,-1.0,-1
1.16745,1.16745,1.167445,1.16745,-1.0,-1.0,-1
1.16745,1.16745,1.16745,1.16745,-1.0,-1.0,-1
1.16745,1.167465,1.16745,1.16746,-1.0,-1.0,-1
1.16746,1.167465,1.16745,1.16746,-1.0,-1.0,-1
1.16746,1.16746,1.167455,1.16746,-1.0,-1.0,-1
1.16746,1.16746,1.167445,1.167455,-1.0,-1.0,-1
1.167455,1.16746,1.16744,1.16744,-1.0,-1.0,-1
1.16744,1.16746,1.16744,1.16745,-1.0,-1.0,-1
1.16745,1.16751,1.16745,1.167505,-1.0,-1.0,-1
1.167505,1.167515,1.167505,1.16751,-1.0,-1.0,-1
1.16751,1.167515,1.167505,1.167505,-1.0,-1.0,-1
1.167505,1.16752,1.167445,1.167465,-1.0,-1.0,-1
1.167465,1.167465,1.16745,1.16745,-1.0,-1.0,-1
1.16745,1.16746,1.167445,1.167445,-1.0,-1.0,-1
1.167445,1.167455,1.167445,1.16745,-1.0,-1.0,-1
1.16745,1.167455,1.16745,1.167455,-1.0,-1.0,-1
1.167455,1.16746,1.16745,1.16745,-1.0,-1.0,-1
1.16745,1.16746,1.16745,1.167455,-1.0,-1.0,-1
1.167455,1.167455,1.167445,1.16745,-1.0,-1.0,-1
1.16745,1.16745,1.16745,1.16745,-1.0,-1.0,-1
1.16745,1.16746,1.16745,1.16745,-1.0,-1.0,-1
1.16745,1.167455,1.16744,1.16745,-1.0,-1.0,-1
1.16745,1.16746,1.16744,1.167455,-1.0,-1.0,-1
1.167455,1.16746,1.167415,1.16744,-1.0,-1.0,-1
1.16744,1.167445,1.16744,1.16744,-1.0,-1.0,-1
1.16744,1.16744,1.16744,1.16744,-1.0,-1.0,-1
1.16744,1.16744,1.16744,1.16744,-1.0,-1.0,-1
1.16744,1.167445,1.167435,1.16744,-1.0,-1.0,-1
1.16744,1.16745,1.16744,1.167445,-1.0,-1.0,-1
1.167445,1.167445,1.167435,1.16744,-1.0,-1.0,-1
1.16744,1.167465,1.16744,1.16744,-1.0,-1.0,-1
1.16744,1.16744,1.16735,1.16735,-1.0,-1.0,-1
1.16735,1.16735,1.16735,1.16735,-1.0,-1.0,-1
1.16735,1.16735,1.16735,1.16735,-1.0,-1.0,-1
1.16735,1.167355,1.167335,1.16735,-1.0,-1.0,-1
1.16735,1.16735,1.167295,1.167295,-1.0,-1.0,-1
1.167295,1.167295,1.167245,1.167265,-1.0,-1.0,-1
1.167265,1.167265,1.16726,1.16726,-1.0,-1.0,-1
1.16726,1.16726,1.16726,1.16726,-1.0,-1.0,-1
1.16726,1.167265,1.16719,1.167195,-1.0,-1.0,-1
1.167195,1.167195,1.16719,1.167195,-1.0,-1.0,-1
1.167195,1.167195,1.167155,1.16718,-1.0,-1.0,-1
1.16718,1.1672,1.16718,1.167195,-1.0,-1.0,-1
1.167195,1.167195,1.167175,1.16718,-1.0,-1.0,-1
1.16718,1.167195,1.16717,1.167195,-1.0,-1.0,-1
1.167195,1.16725,1.16719,1.167245,-1.0,-1.0,-1
1.167245,1.16725,1.167245,1.167245,-1.0,-1.0,-1
1.167245,1.16726,1.167245,1.16726,-1.0,-1.0,-1
1.16726,1.16726,1.167235,1.167235,-1.0,-1.0,-1
1.167235,1.167245,1.167225,1.16724,-1.0,-1.0,-1
1.16724,1.167245,1.16722,1.16723,-1.0,-1.0,-1
1.16723,1.16725,1.167215,1.16724,-1.0,-1.0,-1
1.16724,1.16729,1.16724,1.16728,-1.0,-1.0,-1
1.16728,1.167305,1.16728,1.167305,-1.0,-1.0,-1
1.167305,1.167305,1.16726,1.16726,-1.0,-1.0,-1
1.16726,1.167265,1.16724,1.16724,-1.0,-1.0,-1
1.16724,1.16726,1.16724,1.167255,-1.0,-1.0,-1
1.167255,1.167255,1.167245,1.167245,-1.0,-1.0,-1
1.167245,1.16726,1.167235,1.16726,-1.0,-1.0,-1
1.16726,1.16726,1.16726,1.16726,-1.0,-1.0,-1
1.16726,1.16726,1.1672,1.167205,-1.0,-1.0,-1
1.167205,1.167235,1.16719,1.167235,-1.0,-1.0,-1
1.167235,1.167235,1.167235,1.167235,-1.0,-1.0,-1
1.167235,1.167235,1.167235,1.167235,-1.0,-1.0,-1
1.167235,1.167235,1.167235,1.167235,-1.0,-1.0,-1
1.167235,1.167235,1.167215,1.167225,-1.0,-1.0,-1
1.167225,1.16725,1.1672,1.167245,-1.0,-1.0,-1
1.167245,1.16726,1.167245,1.16726,-1.0,-1.0,-1
1.16726,1.167265,1.16726,1.167265,-1.0,-1.0,-1
1.167265,1.16731,1.167265,1.167265,-1.0,-1.0,-1
1.167265,1.16729,1.16726,1.16726,-1.0,-1.0,-1
1.16726,1.16726,1.167225,1.167225,-1.0,-1.0,-1
1.167225,1.16726,1.16722,1.16726,-1.0,-1.0,-1
1.16726,1.16726,1.167245,1.16726,-1.0,-1.0,-1
1.16726,1.167265,1.16726,1.16726,-1.0,-1.0,-1
1.16726,1.16726,1.167245,1.167245,-1.0,-1.0,-1
1.167245,1.167255,1.16724,1.16724,-1.0,-1.0,-1
1.16724,1.16725,1.167225,1.167245,-1.0,-1.0,-1
1.167245,1.16735,1.167245,1.16735,-1.0,-1.0,-1
1.16735,1.167355,1.167345,1.16735,-1.0,-1.0,-1
1.16735,1.16741,1.16735,1.167395,-1.0,-1.0,-1
1.167395,1.16744,1.167395,1.16744,-1.0,-1.0,-1
1.16744,1.167445,1.16744,1.167445,-1.0,-1.0,-1
1.167445,1.167515,1.167445,1.167495,-1.0,-1.0,-1
1.167495,1.16755,1.167495,1.16755,-1.0,-1.0,-1
1.16755,1.167565,1.167545,1.167555,-1.0,-1.0,-1
1.167555,1.167555,1.16755,1.167555,-1.0,-1.0,-1
1.167555,1.167555,1.16754,1.167555,-1.0,-1.0,-1
1.167555,1.16756,1.16755,1.16756,-1.0,-1.0,-1
1.16756,1.167605,1.16756,1.167595,-1.0,-1.0,-1
1.167595,1.16761,1.167565,1.16758,-1.0,-1.0,-1
1.16758,1.167595,1.167545,1.16755,-1.0,-1.0,-1
1.16755,1.16755,1.167515,1.167525,-1.0,-1.0,-1
1.167525,1.16755,1.16751,1.16753,-1.0,-1.0,-1
1.16753,1.167555,1.16753,1.16755,-1.0,-1.0,-1
1.16755,1.16755,1.16749,1.16751,-1.0,-1.0,-1
1.16751,1.167515,1.1675,1.1675,-1.0,-1.0,-1
1.1675,1.16751,1.1675,1.167505,-1.0,-1.0,-1
1.167505,1.167515,1.167475,1.16751,-1.0,-1.0,-1
1.16751,1.167545,1.167505,1.167545,-1.0,-1.0,-1
1.167545,1.167545,1.167535,1.167535,-1.0,-1.0,-1
1.167535,1.167565,1.16753,1.16755,-1.0,-1.0,-1
1.16755,1.167585,1.167545,1.16757,-1.0,-1.0,-1
1.16757,1.16757,1.16756,1.16756,-1.0,-1.0,-1
1.16756,1.1676,1.16756,1.16758,-1.0,-1.0,-1
1.16758,1.16761,1.167575,1.167605,-1.0,-1.0,-1
1.167605,1.16761,1.167565,1.167565,-1.0,-1.0,-1
1.167565,1.167565,1.167545,1.167565,-1.0,-1.0,-1
1.167565,1.1676,1.167565,1.167585,-1.0,-1.0,-1
1.167585,1.16761,1.167585,1.16761,-1.0,-1.0,-1
1.16761,1.167615,1.167595,1.167615,-1.0,-1.0,-1
1.167615,1.167615,1.167595,1.167595,-1.0,-1.0,-1
1.167595,1.167605,1.16753,1.16753,-1.0,-1.0,-1
1.16753,1.16753,1.167445,1.16751,-1.0,-1.0,-1
1.16751,1.16752,1.167505,1.16751,-1.0,-1.0,-1
1.16751,1.16752,1.167505,1.16751,-1.0,-1.0,-1
1.16751,1.16755,1.167505,1.16755,-1.0,-1.0,-1
1.16755,1.167565,1.16754,1.16756,-1.0,-1.0,-1
1.16756,1.16765,1.16756,1.16765,-1.0,-1.0,-1
1.16765,1.16765,1.16763,1.16764,-1.0,-1.0,-1
1.16764,1.16764,1.16761,1.16764,-1.0,-1.0,-1
1.16764,1.167675,1.167635,1.167655,-1.0,-1.0,-1
1.167655,1.167655,1.167645,1.16765,-1.0,-1.0,-1
1.16765,1.16765,1.16759,1.16759,-1.0,-1.0,-1
1.16759,1.16765,1.16759,1.167645,-1.0,-1.0,-1
1.167645,1.167675,1.167645,1.167645,-1.0,-1.0,-1
1.167645,1.167645,1.167605,1.16762,-1.0,-1.0,-1
1.16762,1.16762,1.16761,1.167615,-1.0,-1.0,-1
1.167615,1.167665,1.167615,1.167655,-1.0,-1.0,-1
1.167655,1.167675,1.167645,1.167675,-1.0,-1.0,-1
1.167675,1.1677,1.167645,1.16767,-1.0,-1.0,-1
1.16767,1.16767,1.16767,1.16767,-1.0,-1.0,-1
1.16767,1.16771,1.167655,1.167705,-1.0,-1.0,-1
1.167705,1.167705,1.167685,1.1677,-1.0,-1.0,-1
1.1677,1.1677,1.16766,1.16766,-1.0,-1.0,-1
1.16766,1.167695,1.16766,1.16768,-1.0,-1.0,-1
1.16768,1.1677,1.167675,1.16768,-1.0,-1.0,-1
1.16768,1.167685,1.16754,1.167555,-1.0,-1.0,-1
1.167555,1.16761,1.16754,1.167595,-1.0,-1.0,-1
1.167595,1.16764,1.16759,1.16759,-1.0,-1.0,-1
1.16759,1.16759,1.167585,1.167585,-1.0,-1.0,-1
1.167585,1.16759,1.167585,1.167585,-1.0,-1.0,-1
1.167585,1.167585,1.167535,1.167545,-1.0,-1.0,-1
1.167545,1.167555,1.167535,1.167545,-1.0,-1.0,-1
1.167545,1.167545,1.16754,1.167545,-1.0,-1.0,-1
1.167545,1.167545,1.16754,1.167545,-1.0,-1.0,-1
1.167545,1.167545,1.167535,1.167535,-1.0,-1.0,-1
1.167535,1.167545,1.16753,1.167545,-1.0,-1.0,-1
1.167545,1.16756,1.167515,1.167545,-1.0,-1.0,-1
1.167545,1.167545,1.167535,1.167535,-1.0,-1.0,-1
1.167535,1.1677,1.167535,1.167665,-1.0,-1.0,-1
1.167665,1.16771,1.167665,1.16771,-1.0,-1.0,-1
1.16771,1.16779,1.16771,1.167775,-1.0,-1.0,-1
1.167775,1.167795,1.167735,1.167755,-1.0,-1.0,-1
1.167755,1.16776,1.167745,1.16775,-1.0,-1.0,-1
1.16775,1.16776,1.16772,1.167745,-1.0,-1.0,-1
1.167745,1.167745,1.167745,1.167745,-1.0,-1.0,-1
1.167745,1.167745,1.167655,1.167655,-1.0,-1.0,-1
1.167655,1.1677,1.167655,1.1677,-1.0,-1.0,-1
1.1677,1.16771,1.1677,1.16771,-1.0,-1.0,-1
1.16771,1.16771,1.167685,1.1677,-1.0,-1.0,-1
1.1677,1.1677,1.167665,1.16768,-1.0,-1.0,-1
1.16768,1.16771,1.16768,1.16771,-1.0,-1.0,-1
1.16771,1.16775,1.16771,1.167745,-1.0,-1.0,-1
1.167745,1.16775,1.167735,1.16774,-1.0,-1.0,-1
1.16774,1.16775,1.16774,1.16775,-1.0,-1.0,-1
1.16775,1.167795,1.16775,1.16776,-1.0,-1.0,-1
1.16776,1.1678,1.16776,1.1678,-1.0,-1.0,-1
1.1678,1.167805,1.167765,1.167765,-1.0,-1.0,-1
1.167765,1.167765,1.167765,1.167765,-1.0,-1.0,-1
1.167765,1.16779,1.167765,1.16779,-1.0,-1.0,-1
1.16779,1.1678,1.16779,1.167795,-1.0,-1.0,-1
1.167795,1.16782,1.167795,1.1678,-1.0,-1.0,-1
1.1678,1.167865,1.167795,1.167855,-1.0,-1.0,-1
1.167855,1.16787,1.167855,1.16786,-1.0,-1.0,-1
1.16786,1.167865,1.16786,1.16786,-1.0,-1.0,-1
1.16786,1.167865,1.167795,1.167795,-1.0,-1.0,-1
1.167795,1.1678,1.16779,1.1678,-1.0,-1.0,-1
1.1678,1.1678,1.167735,1.16776,-1.0,-1.0,-1
1.16776,1.1678,1.16776,1.167795,-1.0,-1.0,-1
1.167795,1.167795,1.167795,1.167795,-1.0,-1.0,-1
1.167795,1.167795,1.167795,1.167795,-1.0,-1.0,-1
1.167795,1.167795,1.167795,1.167795,-1.0,-1.0,-1
1.167795,1.167805,1.167795,1.167805,-1.0,-1.0,-1
1.167805,1.167805,1.167805,1.167805,-1.0,-1.0,-1
1.167805,1.167815,1.167805,1.167815,-1.0,-1.0,-1
1.167815,1.167865,1.167805,1.167805,-1.0,-1.0,-1
1.167805,1.167805,1.167805,1.167805,-1.0,-1.0,-1
1.167805,1.167805,1.167805,1.167805,-1.0,-1.0,-1
1.167805,1.167805,1.16776,1.167765,-1.0,-1.0,-1
1.167765,1.167795,1.16776,1.167785,-1.0,-1.0,-1
1.167785,1.167805,1.167785,1.167805,-1.0,-1.0,-1
1.167805,1.167805,1.167805,1.167805,-1.0,-1.0,-1
1.167805,1.167805,1.1678,1.167805,-1.0,-1.0,-1
1.167805,1.167815,1.167805,1.16781,-1.0,-1.0,-1
1.16781,1.167815,1.16776,1.16776,-1.0,-1.0,-1
1.16776,1.167775,1.16776,1.16777,-1.0,-1.0,-1
1.16777,1.167775,1.167765,1.16777,-1.0,-1.0,-1
1.16777,1.167775,1.16776,1.16776,-1.0,-1.0,-1
1.16776,1.167765,1.16776,1.167765,-1.0,-1.0,-1
1.167765,1.167765,1.16776,1.16776,-1.0,-1.0,-1
1.16776,1.167775,1.16776,1.16776,-1.0,-1.0,-1
1.16776,1.167765,1.16776,1.167765,-1.0,-1.0,-1
1.167765,1.16779,1.16776,1.16776,-1.0,-1.0,-1
1.16776,1.16776,1.16776,1.16776,-1.0,-1.0,-1
1.16776,1.167765,1.1677,1.16771,-1.0,-1.0,-1
1.16771,1.16771,1.1677,1.16771,-1.0,-1.0,-1
1.16771,1.16771,1.1677,1.1677,-1.0,-1.0,-1
1.1677,1.167715,1.167685,1.167705,-1.0,-1.0,-1
1.167705,1.167705,1.167705,1.167705,-1.0,-1.0,-1
1.167705,1.167705,1.1677,1.167705,-1.0,-1.0,-1
1.167705,1.167725,1.1677,1.16771,-1.0,-1.0,-1
1.16771,1.16771,1.1677,1.16771,-1.0,-1.0,-1
1.16771,1.167735,1.16771,1.167735,-1.0,-1.0,-1
1.167735,1.167805,1.167735,1.167805,-1.0,-1.0,-1
1.167805,1.167805,1.1678,1.1678,-1.0,-1.0,-1
1.1678,1.1678,1.16777,1.16779,-1.0,-1.0,-1
1.16779,1.16779,1.167755,1.16777,-1.0,-1.0,-1
1.16777,1.167795,1.167755,1.16776,-1.0,-1.0,-1
1.16776,1.16776,1.16771,1.16773,-1.0,-1.0,-1
1.16773,1.16773,1.16771,1.167715,-1.0,-1.0,-1
1.167715,1.167715,1.16768,1.16771,-1.0,-1.0,-1
1.16771,1.16771,1.167675,1.167695,-1.0,-1.0,-1
1.167695,1.167695,1.167685,1.167695,-1.0,-1.0,-1
1.167695,1.1677,1.167605,1.167605,-1.0,-1.0,-1
1.167605,1.167615,1.167595,1.16761,-1.0,-1.0,-1
1.16761,1.167615,1.167595,1.167595,-1.0,-1.0,-1
1.167595,1.16761,1.167595,1.167595,-1.0,-1.0,-1
1.167595,1.1676,1.16755,1.16756,-1.0,-1.0,-1
1.16756,1.16761,1.16755,1.167605,-1.0,-1.0,-1
1.167605,1.167685,1.167605,1.16766,-1.0,-1.0,-1
1.16766,1.16769,1.16766,1.167685,-1.0,-1.0,-1
1.167685,1.16773,1.167685,1.16773,-1.0,-1.0,-1
1.16773,1.167795,1.167705,1.16775,-1.0,-1.0,-1
1.16775,1.167795,1.16774,1.167795,-1.0,-1.0,-1
1.167795,1.1678,1.167795,1.1678,-1.0,-1.0,-1
1.1678,1.16782,1.167795,1.167815,-1.0,-1.0,-1
1.167815,1.167815,1.167795,1.167795,-1.0,-1.0,-1
1.167795,1.167795,1.167795,1.167795,-1.0,-1.0,-1
1.167795,1.167795,1.167795,1.167795,-1.0,-1.0,-1
1.167795,1.167795,1.167795,1.167795,-1.0,-1.0,-1
1.167795,1.16782,1.167795,1.167795,-1.0,-1.0,-1
1.167795,1.167795,1.167795,1.167795,-1.0,-1.0,-1
1.167795,1.167795,1.167755,1.167765,-1.0,-1.0,-1
1.167765,1.16779,1.167765,1.16779,-1.0,-1.0,-1
1.16779,1.167845,1.16779,1.167795,-1.0,-1.0,-1
1.167795,1.16784,1.167795,1.167835,-1.0,-1.0,-1
1.167835,1.167835,1.16776,1.167765,-1.0,-1.0,-1
1.167765,1.167775,1.167755,1.167755,-1.0,-1.0,-1
1.167755,1.167755,1.16772,1.167745,-1.0,-1.0,-1
1.167745,1.167745,1.167685,1.167695,-1.0,-1.0,-1
1.167695,1.1677,1.167675,1.167685,-1.0,-1.0,-1
1.167685,1.16769,1.167655,1.167685,-1.0,-1.0,-1
1.167685,1.16769,1.167685,1.167685,-1.0,-1.0,-1
1.167685,1.16769,1.167655,1.167655,-1.0,-1.0,-1
1.167655,1.167655,1.167645,1.167655,-1.0,-1.0,-1
1.167655,1.167655,1.16763,1.167635,-1.0,-1.0,-1
1.167635,1.167635,1.167605,1.167605,-1.0,-1.0,-1
1.167605,1.16761,1.167595,1.167595,-1.0,-1.0,-1
1.167595,1.1676,1.167545,1.16755,-1.0,-1.0,-1
1.16755,1.167555,1.167545,1.167555,-1.0,-1.0,-1
1.167555,1.167555,1.16753,1.167555,-1.0,-1.0,-1
1.167555,1.167555,1.16754,1.167555,-1.0,-1.0,-1
1.167555,1.167555,1.167535,1.167555,-1.0,-1.0,-1
1.167555,1.167585,1.167535,1.167555,-1.0,-1.0,-1
1.167555,1.167575,1.16755,1.167575,-1.0,-1.0,-1
1.167575,1.1676,1.167575,1.167585,-1.0,-1.0,-1
1.167585,1.167635,1.167585,1.167615,-1.0,-1.0,-1
1.167615,1.167615,1.167605,1.167605,-1.0,-1.0,-1
1.167605,1.16762,1.167595,1.167615,-1.0,-1.0,-1
1.167615,1.167615,1.167615,1.167615,-1.0,-1.0,-1
1.167615,1.167615,1.167605,1.167605,-1.0,-1.0,-1
1.167605,1.16761,1.16755,1.167555,-1.0,-1.0,-1
1.167555,1.167555,1.16755,1.167555,-1.0,-1.0,-1
1.167555,1.167555,1.16754,1.167545,-1.0,-1.0,-1
1.167545,1.16755,1.167485,1.167505,-1.0,-1.0,-1
1.167505,1.16755,1.167495,1.16755,-1.0,-1.0,-1
1.16755,1.16755,1.167535,1.167535,-1.0,-1.0,-1
1.167535,1.16755,1.16753,1.167545,-1.0,-1.0,-1
1.167545,1.167565,1.16754,1.167565,-1.0,-1.0,-1
1.167565,1.167565,1.16755,1.167565,-1.0,-1.0,-1
1.167565,1.167575,1.167545,1.167565,-1.0,-1.0,-1
1.167565,1.167565,1.167565,1.167565,-1.0,-1.0,-1
1.167565,1.1676,1.16755,1.167595,-1.0,-1.0,-1
1.167595,1.1676,1.167565,1.167565,-1.0,-1.0,-1
1.167565,1.167565,1.16755,1.167555,-1.0,-1.0,-1
1.167555,1.16761,1.16755,1.167605,-1.0,-1.0,-1
1.167605,1.16761,1.167595,1.167595,-1.0,-1.0,-1
1.167595,1.1676,1.16756,1.16756,-1.0,-1.0,-1
1.16756,1.16756,1.16754,1.167555,-1.0,-1.0,-1
1.167555,1.167555,1.167525,1.167545,-1.0,-1.0,-1
1.167545,1.167555,1.16754,1.167555,-1.0,-1.0,-1
1.167555,1.1676,1.16754,1.167595,-1.0,-1.0,-1
1.167595,1.1676,1.167585,1.167595,-1.0,-1.0,-1
1.167595,1.1676,1.167585,1.167595,-1.0,-1.0,-1
1.167595,1.1676,1.167585,1.167585,-1.0,-1.0,-1
1.167585,1.167585,1.167535,1.167535,-1.0,-1.0,-1
1.167535,1.167555,1.167535,1.167555,-1.0,-1.0,-1
1.167555,1.167555,1.167515,1.167515,-1.0,-1.0,-1
1.167515,1.16753,1.167505,1.167515,-1.0,-1.0,-1
1.167515,1.167575,1.167515,1.167565,-1.0,-1.0,-1
1.167565,1.167585,1.16755,1.167555,-1.0,-1.0,-1
1.167555,1.1676,1.16755,1.167595,-1.0,-1.0,-1
1.167595,1.1676,1.167595,1.167595,-1.0,-1.0,-1
1.167595,1.1676,1.167595,1.167595,-1.0,-1.0,-1
1.167595,1.1676,1.167595,1.167595,-1.0,-1.0,-1
1.167595,1.1676,1.167595,1.167595,-1.0,-1.0,-1
1.167595,1.1676,1.167595,1.167595,-1.0,-1.0,-1
1.167595,1.16765,1.167595,1.16765,-1.0,-1.0,-1
1.16765,1.16765,1.16763,1.167635,-1.0,-1.0,-1
1.167635,1.167635,1.167605,1.167605,-1.0,-1.0,-1
1.167605,1.167645,1.167605,1.167645,-1.0,-1.0,-1
1.167645,1.167645,1.167585,1.167615,-1.0,-1.0,-1
1.167615,1.167615,1.167595,1.167615,-1.0,-1.0,-1
1.167615,1.167615,1.167595,1.167595,-1.0,-1.0,-1
1.167595,1.1676,1.167595,1.167595,-1.0,-1.0,-1
1.167595,1.16762,1.167595,1.16762,-1.0,-1.0,-1
1.16762,1.167655,1.167615,1.167655,-1.0,-1.0,-1
1.167655,1.167655,1.167645,1.167645,-1.0,-1.0,-1
1.167645,1.167655,1.1676,1.1676,-1.0,-1.0,-1
1.1676,1.167605,1.1676,1.1676,-1.0,-1.0,-1
1.1676,1.167605,1.167595,1.167595,-1.0,-1.0,-1
1.167595,1.167605,1.167585,1.1676,-1.0,-1.0,-1
1.1676,1.167605,1.16755,1.167575,-1.0,-1.0,-1
1.167575,1.1676,1.167565,1.167585,-1.0,-1.0,-1
1.167585,1.1676,1.167585,1.16759,-1.0,-1.0,-1
1.16759,1.16761,1.16759,1.167605,-1.0,-1.0,-1
1.167605,1.16761,1.16755,1.167555,-1.0,-1.0,-1
1.167555,1.1676,1.16755,1.167595,-1.0,-1.0,-1
1.167595,1.16761,1.167595,1.16761,-1.0,-1.0,-1
1.16761,1.16761,1.167605,1.167605,-1.0,-1.0,-1
1.167605,1.16761,1.167605,1.167605,-1.0,-1.0,-1
1.167605,1.16761,1.167605,1.167605,-1.0,-1.0,-1
1.167605,1.16761,1.1676,1.167605,-1.0,-1.0,-1
1.167605,1.16761,1.1676,1.1676,-1.0,-1.0,-1
1.1676,1.16761,1.167595,1.167605,-1.0,-1.0,-1
1.167605,1.16761,1.1676,1.167605,-1.0,-1.0,-1
1.167605,1.16761,1.16759,1.167605,-1.0,-1.0,-1
1.167605,1.16761,1.1676,1.1676,-1.0,-1.0,-1
1.1676,1.167605,1.1676,1.1676,-1.0,-1.0,-1
1.1676,1.167605,1.167565,1.16758,-1.0,-1.0,-1
1.16758,1.167585,1.167565,1.167565,-1.0,-1.0,-1
1.167565,1.16759,1.16756,1.167565,-1.0,-1.0,-1
1.167565,1.16762,1.16756,1.16761,-1.0,-1.0,-1
1.16761,1.16761,1.16761,1.16761,-1.0,-1.0,-1
1.16761,1.16761,1.167605,1.167605,-1.0,-1.0,-1
1.167605,1.16761,1.167605,1.167605,-1.0,-1.0,-1
1.167605,1.16761,1.167565,1.167565,-1.0,-1.0,-1
1.167565,1.1676,1.16756,1.167565,-1.0,-1.0,-1
1.167565,1.16757,1.167565,1.167565,-1.0,-1.0,-1
1.167565,1.16758,1.167565,1.16758,-1.0,-1.0,-1
1.16758,1.1676,1.167575,1.16759,-1.0,-1.0,-1
1.16759,1.167615,1.16759,1.16761,-1.0,-1.0,-1
1.16761,1.167615,1.16761,1.16761,-1.0,-1.0,-1
1.16761,1.16761,1.167595,1.16761,-1.0,-1.0,-1
1.16761,1.16762,1.167605,1.16762,-1.0,-1.0,-1
1.16762,1.16762,1.167605,1.167605,-1.0,-1.0,-1
1.167605,1.16761,1.16755,1.167555,-1.0,-1.0,-1
1.167555,1.167555,1.167525,1.167555,-1.0,-1.0,-1
1.167555,1.167575,1.16755,1.167565,-1.0,-1.0,-1
1.167565,1.167575,1.167565,1.167565,-1.0,-1.0,-1
1.167565,1.1676,1.167565,1.167595,-1.0,-1.0,-1
1.167595,1.1676,1.167575,1.167595,-1.0,-1.0,-1
1.167595,1.1676,1.167595,1.167595,-1.0,-1.0,-1
1.167595,1.1676,1.167595,1.167595,-1.0,-1.0,-1
1.167595,1.1676,1.167585,1.167595,-1.0,-1.0,-1
1.167595,1.1676,1.167595,1.167595,-1.0,-1.0,-1
1.167595,1.167615,1.167595,1.167615,-1.0,-1.0,-1
1.167615,1.16762,1.167615,1.167615,-1.0,-1.0,-1
1.167615,1.167615,1.167615,1.167615,-1.0,-1.0,-1
1.167615,1.16762,1.167595,1.167595,-1.0,-1.0,-1
1.167595,1.167605,1.167595,1.1676,-1.0,-1.0,-1
1.1676,1.16761,1.167585,1.16761,-1.0,-1.0,-1
1.16761,1.16774,1.167605,1.1677,-1.0,-1.0,-1
1.1677,1.16771,1.1677,1.167705,-1.0,-1.0,-1
1.167705,1.167705,1.1677,1.167705,-1.0,-1.0,-1
1.167705,1.167705,1.167675,1.167675,-1.0,-1.0,-1
1.167675,1.167675,1.167665,1.167665,-1.0,-1.0,-1
1.167665,1.1677,1.167665,1.1677,-1.0,-1.0,-1
1.1677,1.167705,1.1677,1.1677,-1.0,-1.0,-1
1.1677,1.1677,1.167685,1.167685,-1.0,-1.0,-1
1.167685,1.1677,1.167685,1.1677,-1.0,-1.0,-1
1.1677,1.167705,1.1677,1.1677,-1.0,-1.0,-1
1.1677,1.167705,1.167665,1.167665,-1.0,-1.0,-1
1.167665,1.167665,1.167665,1.167665,-1.0,-1.0,-1
1.167665,1.167675,1.167665,1.167675,-1.0,-1.0,-1
1.167675,1.167675,1.167675,1.167675,-1.0,-1.0,-1
1.167675,1.16769,1.167675,1.16768,-1.0,-1.0,-1
1.16768,1.16769,1.167645,1.167645,-1.0,-1.0,-1
1.167645,1.167645,1.167645,1.167645,-1.0,-1.0,-1
1.167645,1.167665,1.167645,1.167655,-1.0,-1.0,-1
1.167655,1.167705,1.167655,1.167705,-1.0,-1.0,-1
1.167705,1.167705,1.167685,1.1677,-1.0,-1.0,-1
1.1677,1.1677,1.167675,1.1677,-1.0,-1.0,-1
1.1677,1.167705,1.1677,1.1677,-1.0,-1.0,-1
1.1677,1.167735,1.1677,1.167705,-1.0,-1.0,-1
1.167705,1.16771,1.167705,1.167705,-1.0,-1.0,-1
1.167705,1.16771,1.167705,1.16771,-1.0,-1.0,-1
1.16771,1.16771,1.1677,1.1677,-1.0,-1.0,-1
1.1677,1.1677,1.1677,1.1677,-1.0,-1.0,-1
1.1677,1.1677,1.16768,1.16768,-1.0,-1.0,-1
1.16768,1.16771,1.167665,1.16771,-1.0,-1.0,-1
1.16771,1.16771,1.16765,1.16766,-1.0,-1.0,-1
1.16766,1.1677,1.167655,1.1677,-1.0,-1.0,-1
1.1677,1.16775,1.1677,1.167705,-1.0,-1.0,-1
1.167705,1.167735,1.1677,1.167735,-1.0,-1.0,-1
1.167735,1.16776,1.167705,1.167705,-1.0,-1.0,-1
1.167705,1.167705,1.1677,1.1677,-1.0,-1.0,-1
1.1677,1.167705,1.167685,1.1677,-1.0,-1.0,-1
1.1677,1.167705,1.167685,1.167695,-1.0,-1.0,-1
1.167695,1.167705,1.167685,1.167695,-1.0,-1.0,-1
1.167695,1.167695,1.167685,1.167685,-1.0,-1.0,-1
1.167685,1.16769,1.167685,1.167685,-1.0,-1.0,-1
1.167685,1.167705,1.167685,1.167705,-1.0,-1.0,-1
1.167705,1.167705,1.167705,1.167705,-1.0,-1.0,-1
1.167705,1.167705,1.167705,1.167705,-1.0,-1.0,-1
1.167705,1.167705,1.167705,1.167705,-1.0,-1.0,-1
1.167705,1.167705,1.167655,1.167655,-1.0,-1.0,-1
1.167655,1.167735,1.167655,1.167725,-1.0,-1.0,-1
1.167725,1.167735,1.167705,1.16771,-1.0,-1.0,-1
1.16771,1.167735,1.167705,1.167735,-1.0,-1.0,-1
1.167735,1.167735,1.167705,1.16771,-1.0,-1.0,-1
1.16771,1.167735,1.167705,1.167725,-1.0,-1.0,-1
1.167725,1.167725,1.16771,1.167725,-1.0,-1.0,-1
1.167725,1.167735,1.16771,1.167725,-1.0,-1.0,-1
1.167725,1.167735,1.167705,1.167705,-1.0,-1.0,-1
1.167705,1.167725,1.167705,1.167725,-1.0,-1.0,-1
1.167725,1.167725,1.167705,1.167725,-1.0,-1.0,-1
1.167725,1.167725,1.167705,1.16771,-1.0,-1.0,-1
1.16771,1.167745,1.167705,1.167735,-1.0,-1.0,-1
1.167735,1.167745,1.167735,1.167745,-1.0,-1.0,-1
1.167745,1.16779,1.167745,1.167775,-1.0,-1.0,-1
1.167775,1.1678,1.167765,1.1678,-1.0,-1.0,-1
1.1678,1.1678,1.167795,1.167795,-1.0,-1.0,-1
1.167795,1.1678,1.167765,1.167765,-1.0,-1.0,-1
1.167765,1.167765,1.16772,1.167735,-1.0,-1.0,-1
1.167735,1.167745,1.167735,1.167735,-1.0,-1.0,-1
1.167735,1.167735,1.167705,1.167705,-1.0,-1.0,-1
1.167705,1.167735,1.167705,1.167735,-1.0,-1.0,-1
1.167735,1.167755,1.167735,1.167755,-1.0,-1.0,-1
1.167755,1.167765,1.167705,1.167735,-1.0,-1.0,-1
1.167735,1.167745,1.167705,1.167745,-1.0,-1.0,-1
1.167745,1.167745,1.167745,1.167745,-1.0,-1.0,-1
1.167745,1.167795,1.167745,1.167755,-1.0,-1.0,-1
1.167755,1.16778,1.167745,1.167775,-1.0,-1.0,-1
1.167775,1.16778,1.167765,1.167775,-1.0,-1.0,-1
1.167775,1.16779,1.167765,1.167765,-1.0,-1.0,-1
1.167765,1.167765,1.167765,1.167765,-1.0,-1.0,-1
1.167765,1.16778,1.167765,1.167775,-1.0,-1.0,-1
1.167775,1.16778,1.167765,1.167765,-1.0,-1.0,-1
1.167765,1.16778,1.167765,1.167775,-1.0,-1.0,-1
1.167775,1.16778,1.167765,1.167765,-1.0,-1.0,-1
1.167765,1.16778,1.167765,1.167765,-1.0,-1.0,-1
1.167765,1.167765,1.167755,1.167765,-1.0,-1.0,-1
1.167765,1.167765,1.167745,1.167745,-1.0,-1.0,-1
1.167745,1.167755,1.16772,1.167735,-1.0,-1.0,-1
1.167735,1.167745,1.167705,1.167745,-1.0,-1.0,-1
1.167745,1.167745,1.167705,1.167725,-1.0,-1.0,-1
1.167725,1.167745,1.16772,1.167735,-1.0,-1.0,-1
1.167735,1.167735,1.167705,1.16771,-1.0,-1.0,-1
1.16771,1.167745,1.16771,1.167735,-1.0,-1.0,-1
1.167735,1.167745,1.167735,1.167745,-1.0,-1.0,-1
1.167745,1.167755,1.16774,1.167755,-1.0,-1.0,-1
1.167755,1.167755,1.167745,1.167745,-1.0,-1.0,-1
1.167745,1.167755,1.167735,1.167755,-1.0,-1.0,-1
1.167755,1.167755,1.16775,1.167755,-1.0,-1.0,-1
1.167755,1.167755,1.167745,1.167745,-1.0,-1.0,-1
1.167745,1.167755,1.167705,1.167725,-1.0,-1.0,-1
1.167725,1.16773,1.167705,1.167725,-1.0,-1.0,-1
1.167725,1.167735,1.16772,1.167725,-1.0,-1.0,-1
1.167725,1.167755,1.16772,1.167745,-1.0,-1.0,-1
1.167745,1.167755,1.167745,1.167755,-1.0,-1.0,-1
1.167755,1.167755,1.167735,1.167735,-1.0,-1.0,-1
1.167735,1.167765,1.167735,1.167755,-1.0,-1.0,-1
1.167755,1.167755,1.167755,1.167755,-1.0,-1.0,-1
1.167755,1.167755,1.16771,1.16771,-1.0,-1.0,-1
1.16771,1.16774,1.167705,1.167735,-1.0,-1.0,-1
1.167735,1.167745,1.16771,1.16771,-1.0,-1.0,-1
1.16771,1.167735,1.167705,1.167735,-1.0,-1.0,-1
1.167735,1.16778,1.167735,1.167775,-1.0,-1.0,-1
1.167775,1.16778,1.16775,1.167765,-1.0,-1.0,-1
1.167765,1.16779,1.167765,1.16779,-1.0,-1.0,-1
1.16779,1.167795,1.16779,1.167795,-1.0,-1.0,-1
1.167795,1.167795,1.167775,1.16779,-1.0,-1.0,-1
1.16779,1.16779,1.167775,1.16779,-1.0,-1.0,-1
1.16779,1.167825,1.16779,1.16779,-1.0,-1.0,-1
1.16779,1.16779,1.167765,1.167765,-1.0,-1.0,-1
1.167765,1.16779,1.167765,1.16779,-1.0,-1.0,-1
1.16779,1.167825,1.16779,1.1678,-1.0,-1.0,-1
1.1678,1.167805,1.167795,1.1678,-1.0,-1.0,-1
1.1678,1.1678,1.167775,1.167795,-1.0,-1.0,-1
1.167795,1.167835,1.167795,1.167835,-1.0,-1.0,-1
1.167835,1.167845,1.167835,1.167845,-1.0,-1.0,-1
1.167845,1.167845,1.167775,1.167775,-1.0,-1.0,-1
1.167775,1.16778,1.167745,1.167755,-1.0,-1.0,-1
1.167755,1.16778,1.167755,1.16776,-1.0,-1.0,-1
1.16776,1.16776,1.16776,1.16776,-1.0,-1.0,-1
1.16776,1.16779,1.16776,1.167765,-1.0,-1.0,-1
1.167765,1.167765,1.167655,1.167685,-1.0,-1.0,-1
1.167685,1.167705,1.167685,1.1677,-1.0,-1.0,-1
1.1677,1.1677,1.167655,1.167655,-1.0,-1.0,-1
1.167655,1.167655,1.167605,1.167615,-1.0,-1.0,-1
1.167615,1.167615,1.167615,1.167615,-1.0,-1.0,-1
1.167615,1.167615,1.167595,1.167595,-1.0,-1.0,-1
1.167595,1.1676,1.167585,1.167595,-1.0,-1.0,-1
1.167595,1.167635,1.167595,1.167615,-1.0,-1.0,-1
1.167615,1.167615,1.167575,1.167585,-1.0,-1.0,-1
1.167585,1.167605,1.16758,1.1676,-1.0,-1.0,-1
1.1676,1.16761,1.16759,1.16759,-1.0,-1.0,-1
1.16759,1.1676,1.167565,1.167565,-1.0,-1.0,-1
1.167565,1.167565,1.167525,1.167525,-1.0,-1.0,-1
1.167525,1.167565,1.167525,1.167525,-1.0,-1.0,-1
1.167525,1.167555,1.167505,1.167555,-1.0,-1.0,-1
1.167555,1.167585,1.16754,1.167555,-1.0,-1.0,-1
1.167555,1.167555,1.16751,1.16752,-1.0,-1.0,-1
1.16752,1.16753,1.16752,1.167525,-1.0,-1.0,-1
1.167525,1.16753,1.167525,1.16753,-1.0,-1.0,-1
1.16753,1.167555,1.16753,1.16755,-1.0,-1.0,-1
1.16755,1.16758,1.167545,1.16757,-1.0,-1.0,-1
1.16757,1.16766,1.167565,1.16766,-1.0,-1.0,-1
1.16766,1.167675,1.16765,1.16765,-1.0,-1.0,-1
1.16765,1.167655,1.167625,1.167625,-1.0,-1.0,-1
1.167625,1.167705,1.167625,1.167705,-1.0,-1.0,-1
1.167705,1.16771,1.167685,1.167685,-1.0,-1.0,-1
1.167685,1.1677,1.167685,1.167685,-1.0,-1.0,-1
1.167685,1.16769,1.167685,1.167685,-1.0,-1.0,-1
1.167685,1.16769,1.167665,1.167665,-1.0,-1.0,-1
1.167665,1.167665,1.167605,1.167605,-1.0,-1.0,-1
1.167605,1.16761,1.16759,1.167605,-1.0,-1.0,-1
1.167605,1.16761,1.167605,1.167605,-1.0,-1.0,-1
1.167605,1.16761,1.1676,1.1676,-1.0,-1.0,-1
1.1676,1.167605,1.1676,1.1676,-1.0,-1.0,-1
1.1676,1.16761,1.1676,1.1676,-1.0,-1.0,-1
1.1676,1.167655,1.1676,1.167655,-1.0,-1.0,-1
1.167655,1.167665,1.16765,1.16765,-1.0,-1.0,-1
1.16765,1.16769,1.16765,1.16766,-1.0,-1.0,-1
1.16766,1.167665,1.167645,1.167665,-1.0,-1.0,-1
1.167665,1.167665,1.167655,1.16766,-1.0,-1.0,-1
1.16766,1.16766,1.167655,1.167655,-1.0,-1.0,-1
1.167655,1.167655,1.167635,1.16765,-1.0,-1.0,-1
1.16765,1.167665,1.16765,1.167655,-1.0,-1.0,-1
1.167655,1.16766,1.167605,1.167615,-1.0,-1.0,-1
1.167615,1.167645,1.167615,1.16764,-1.0,-1.0,-1
1.16764,1.167655,1.167635,1.167655,-1.0,-1.0,-1
1.167655,1.167655,1.16765,1.16765,-1.0,-1.0,-1
1.16765,1.167655,1.16765,1.167655,-1.0,-1.0,-1
1.167655,1.167655,1.167645,1.16765,-1.0,-1.0,-1
1.16765,1.16766,1.16763,1.167645,-1.0,-1.0,-1
1.167645,1.167655,1.167645,1.167645,-1.0,-1.0,-1
1.167645,1.167655,1.167615,1.167645,-1.0,-1.0,-1
1.167645,1.167655,1.167645,1.167655,-1.0,-1.0,-1
1.167655,1.167655,1.16765,1.16765,-1.0,-1.0,-1
1.16765,1.16765,1.167645,1.167645,-1.0,-1.0,-1
1.167645,1.167705,1.16763,1.167705,-1.0,-1.0,-1
1.167705,1.16771,1.167705,1.16771,-1.0,-1.0,-1
1.16771,1.16771,1.16767,1.167705,-1.0,-1.0,-1
1.167705,1.167705,1.1677,1.167705,-1.0,-1.0,-1
1.167705,1.167705,1.1677,1.1677,-1.0,-1.0,-1
1.1677,1.167705,1.167665,1.167665,-1.0,-1.0,-1
1.167665,1.1677,1.167665,1.1677,-1.0,-1.0,-1
1.1677,1.1677,1.167695,1.1677,-1.0,-1.0,-1
1.1677,1.167705,1.167685,1.167705,-1.0,-1.0,-1
1.167705,1.167705,1.1677,1.1677,-1.0,-1.0,-1
1.1677,1.167705,1.1677,1.167705,-1.0,-1.0,-1
1.167705,1.167705,1.1677,1.1677,-1.0,-1.0,-1
1.1677,1.167705,1.1677,1.167705,-1.0,-1.0,-1
1.167705,1.167705,1.1677,1.167705,-1.0,-1.0,-1
1.167705,1.16771,1.167705,1.16771,-1.0,-1.0,-1
1.16771,1.16771,1.167625,1.167635,-1.0,-1.0,-1
1.167635,1.167635,1.167575,1.167595,-1.0,-1.0,-1
1.167595,1.1676,1.167515,1.167535,-1.0,-1.0,-1
1.167535,1.167545,1.167515,1.16753,-1.0,-1.0,-1
1.16753,1.167555,1.16753,1.16755,-1.0,-1.0,-1
1.16755,1.167555,1.167545,1.167555,-1.0,-1.0,-1
1.167555,1.16756,1.16755,1.16756,-1.0,-1.0,-1
1.16756,1.16761,1.16756,1.167605,-1.0,-1.0,-1
1.167605,1.16761,1.167605,1.167605,-1.0,-1.0,-1
1.167605,1.16761,1.167505,1.167505,-1.0,-1.0,-1
1.167505,1.16751,1.167415,1.167455,-1.0,-1.0,-1
1.167455,1.167475,1.16745,1.167475,-1.0,-1.0,-1
1.167475,1.167495,1.167475,1.167495,-1.0,-1.0,-1
1.167495,1.167515,1.167485,1.167495,-1.0,-1.0,-1
1.167495,1.16751,1.167495,1.167505,-1.0,-1.0,-1
1.167505,1.167525,1.167505,1.167525,-1.0,-1.0,-1
1.167525,1.167555,1.167525,1.167555,-1.0,-1.0,-1
1.167555,1.167555,1.16755,1.167555,-1.0,-1.0,-1
1.167555,1.1676,1.16755,1.167595,-1.0,-1.0,-1
1.167595,1.16761,1.167595,1.167605,-1.0,-1.0,-1
1.167605,1.16761,1.167595,1.167605,-1.0,-1.0,-1
1.167605,1.16761,1.1676,1.167605,-1.0,-1.0,-1
1.167605,1.16761,1.1676,1.1676,-1.0,-1.0,-1
1.1676,1.167645,1.1676,1.167645,-1.0,-1.0,-1
1.167645,1.167695,1.167645,1.167685,-1.0,-1.0,-1
1.167685,1.16769,1.167655,1.167665,-1.0,-1.0,-1
1.167665,1.167665,1.167505,1.167525,-1.0,-1.0,-1
1.167525,1.16753,1.16736,1.16736,-1.0,-1.0,-1
1.16736,1.167475,1.16736,1.167445,-1.0,-1.0,-1
1.167445,1.167445,1.16744,1.16744,-1.0,-1.0,-1
1.16744,1.16752,1.16744,1.16749,-1.0,-1.0,-1
1.16749,1.16753,1.16745,1.16753,-1.0,-1.0,-1
1.16753,1.16753,1.1675,1.16752,-1.0,-1.0,-1
1.16752,1.167535,1.167505,1.167535,-1.0,-1.0,-1
1.167535,1.16765,1.16753,1.16765,-1.0,-1.0,-1
1.16765,1.16765,1.167645,1.167645,-1.0,-1.0,-1
1.167645,1.16765,1.16759,1.167605,-1.0,-1.0,-1
1.167605,1.167655,1.167605,1.167645,-1.0,-1.0,-1
1.167645,1.167645,1.167615,1.167645,-1.0,-1.0,-1
1.167645,1.167645,1.167585,1.167595,-1.0,-1.0,-1
1.167595,1.16761,1.16759,1.167595,-1.0,-1.0,-1
1.167595,1.167605,1.16759,1.16759,-1.0,-1.0,-1
1.16759,1.167605,1.167565,1.16759,-1.0,-1.0,-1
1.16759,1.1676,1.167565,1.167585,-1.0,-1.0,-1
1.167585,1.1676,1.167585,1.167585,-1.0,-1.0,-1
1.167585,1.1676,1.167565,1.167595,-1.0,-1.0,-1
1.167595,1.16761,1.16757,1.16757,-1.0,-1.0,-1
1.16757,1.167575,1.16749,1.167495,-1.0,-1.0,-1
1.167495,1.167605,1.167485,1.167585,-1.0,-1.0,-1
1.167585,1.167615,1.16755,1.16761,-1.0,-1.0,-1
1.16761,1.16761,1.16756,1.16759,-1.0,-1.0,-1
1.16759,1.1676,1.16755,1.16756,-1.0,-1.0,-1
1.16756,1.16756,1.16754,1.167545,-1.0,-1.0,-1
1.167545,1.1676,1.16754,1.167595,-1.0,-1.0,-1
1.167595,1.167605,1.167575,1.167595,-1.0,-1.0,-1
1.167595,1.16766,1.167595,1.16766,-1.0,-1.0,-1
1.16766,1.1677,1.167655,1.1677,-1.0,-1.0,-1
1.1677,1.167745,1.1677,1.16774,-1.0,-1.0,-1
1.16774,1.16774,1.167725,1.16774,-1.0,-1.0,-1
1.16774,1.16774,1.16765,1.16765,-1.0,-1.0,-1
1.16765,1.16765,1.16755,1.167555,-1.0,-1.0,-1
1.167555,1.16757,1.167545,1.16755,-1.0,-1.0,-1
1.16755,1.16761,1.16754,1.16761,-1.0,-1.0,-1
1.16761,1.16761,1.167575,1.1676,-1.0,-1.0,-1
1.1676,1.167615,1.167515,1.167515,-1.0,-1.0,-1
1.167515,1.167585,1.1675,1.16758,-1.0,-1.0,-1
1.16758,1.167605,1.16758,1.167595,-1.0,-1.0,-1
1.167595,1.167645,1.167595,1.16764,-1.0,-1.0,-1
1.16764,1.167695,1.167635,1.16766,-1.0,-1.0,-1
1.16766,1.16766,1.16765,1.16765,-1.0,-1.0,-1
1.16765,1.167745,1.16765,1.167745,-1.0,-1.0,-1
1.167745,1.167745,1.16765,1.167655,-1.0,-1.0,-1
1.167655,1.167685,1.16763,1.16768,-1.0,-1.0,-1
1.16768,1.16771,1.16768,1.16771,-1.0,-1.0,-1
1.16771,1.16771,1.1677,1.167705,-1.0,-1.0,-1
1.167705,1.16771,1.167705,1.16771,-1.0,-1.0,-1
1.16771,1.167745,1.16771,1.16771,-1.0,-1.0,-1
1.16771,1.16771,1.16771,1.16771,-1.0,-1.0,-1
1.16771,1.167735,1.167695,1.167695,-1.0,-1.0,-1
1.167695,1.16771,1.16765,1.167705,-1.0,-1.0,-1
1.167705,1.16775,1.167705,1.16775,-1.0,-1.0,-1
1.16775,1.167755,1.167715,1.16774,-1.0,-1.0,-1
1.16774,1.16774,1.16771,1.167725,-1.0,-1.0,-1
1.167725,1.167755,1.16771,1.167755,-1.0,-1.0,-1
1.167755,1.1678,1.167755,1.1678,-1.0,-1.0,-1
1.1678,1.16786,1.1678,1.167855,-1.0,-1.0,-1
1.167855,1.16786,1.167835,1.167845,-1.0,-1.0,-1
1.167845,1.16786,1.167835,1.167855,-1.0,-1.0,-1
1.167855,1.16787,1.167835,1.167855,-1.0,-1.0,-1
1.167855,1.16786,1.167795,1.167795,-1.0,-1.0,-1
1.167795,1.167815,1.16779,1.167815,-1.0,-1.0,-1
1.167815,1.167815,1.16781,1.167815,-1.0,-1.0,-1
1.167815,1.167845,1.16781,1.167845,-1.0,-1.0,-1
1.167845,1.16785,1.16781,1.16785,-1.0,-1.0,-1
1.16785,1.167905,1.167835,1.16786,-1.0,-1.0,-1
1.16786,1.16791,1.16786,1.167905,-1.0,-1.0,-1
1.167905,1.16796,1.1679,1.16791,-1.0,-1.0,-1
1.16791,1.167915,1.16791,1.16791,-1.0,-1.0,-1
1.16791,1.16791,1.167895,1.1679,-1.0,-1.0,-1
1.1679,1.1679,1.16784,1.167845,-1.0,-1.0,-1
1.167845,1.167865,1.167825,1.16786,-1.0,-1.0,-1
1.16786,1.1679,1.16786,1.1679,-1.0,-1.0,-1
1.1679,1.16791,1.16789,1.16791,-1.0,-1.0,-1
1.16791,1.167945,1.167895,1.1679,-1.0,-1.0,-1
1.1679,1.168015,1.16789,1.168005,-1.0,-1.0,-1
1.168005,1.16801,1.167965,1.16801,-1.0,-1.0,-1
1.16801,1.16801,1.16801,1.16801,-1.0,-1.0,-1
1.16801,1.16806,1.16801,1.16806,-1.0,-1.0,-1
1.16806,1.16815,1.16806,1.16815,-1.0,-1.0,-1
1.16815,1.16815,1.16805,1.16805,-1.0,-1.0,-1
1.16805,1.16805,1.167985,1.168,-1.0,-1.0,-1
1.168,1.168,1.16795,1.16795,-1.0,-1.0,-1
1.16795,1.168,1.16795,1.168,-1.0,-1.0,-1
1.168,1.16801,1.167965,1.167965,-1.0,-1.0,-1
1.167965,1.167995,1.16795,1.167995,-1.0,-1.0,-1
1.167995,1.167995,1.167915,1.167915,-1.0,-1.0,-1
1.167915,1.167915,1.167895,1.167905,-1.0,-1.0,-1
1.167905,1.16794,1.16789,1.16794,-1.0,-1.0,-1
1.16794,1.167955,1.16794,1.16794,-1.0,-1.0,-1
1.16794,1.16796,1.167925,1.16795,-1.0,-1.0,-1
1.16795,1.167955,1.167945,1.16795,-1.0,-1.0,-1
1.16795,1.16801,1.16795,1.168005,-1.0,-1.0,-1
1.168005,1.168005,1.168005,1.168005,-1.0,-1.0,-1
1.168005,1.168005,1.168,1.168005,-1.0,-1.0,-1
1.168005,1.168005,1.168,1.168,-1.0,-1.0,-1
1.168,1.168,1.167955,1.167955,-1.0,-1.0,-1
1.167955,1.16796,1.167855,1.167865,-1.0,-1.0,-1
1.167865,1.16788,1.16785,1.167865,-1.0,-1.0,-1
1.167865,1.16791,1.167865,1.1679,-1.0,-1.0,-1
1.1679,1.1679,1.167855,1.167865,-1.0,-1.0,-1
1.167865,1.16787,1.16785,1.167855,-1.0,-1.0,-1
1.167855,1.167925,1.167845,1.167855,-1.0,-1.0,-1
1.167855,1.16786,1.167855,1.167855,-1.0,-1.0,-1
1.167855,1.16788,1.167855,1.16788,-1.0,-1.0,-1
1.16788,1.167905,1.167845,1.167905,-1.0,-1.0,-1
1.167905,1.167915,1.167895,1.1679,-1.0,-1.0,-1
1.1679,1.167915,1.167895,1.1679,-1.0,-1.0,-1
1.1679,1.1679,1.16785,1.167885,-1.0,-1.0,-1
1.167885,1.167905,1.167885,1.167895,-1.0,-1.0,-1
1.167895,1.167905,1.16788,1.16788,-1.0,-1.0,-1
1.16788,1.16788,1.167855,1.16786,-1.0,-1.0,-1
1.16786,1.167865,1.167845,1.167855,-1.0,-1.0,-1
1.167855,1.16786,1.167845,1.167855,-1.0,-1.0,-1
1.167855,1.16787,1.167845,1.167845,-1.0,-1.0,-1
1.167845,1.16787,1.167845,1.167845,-1.0,-1.0,-1
1.167845,1.167905,1.167845,1.1679,-1.0,-1.0,-1
1.1679,1.1679,1.167895,1.1679,-1.0,-1.0,-1
1.1679,1.167905,1.167895,1.1679,-1.0,-1.0,-1
1.1679,1.1679,1.167885,1.16789,-1.0,-1.0,-1
1.16789,1.167895,1.16788,1.167885,-1.0,-1.0,-1
1.167885,1.167885,1.167885,1.167885,-1.0,-1.0,-1
1.167885,1.167895,1.167855,1.167855,-1.0,-1.0,-1
1.167855,1.167865,1.167855,1.16786,-1.0,-1.0,-1
1.16786,1.167865,1.167755,1.167755,-1.0,-1.0,-1
1.167755,1.167755,1.1677,1.1677,-1.0,-1.0,-1
1.1677,1.167705,1.1677,1.167705,-1.0,-1.0,-1
1.167705,1.167705,1.167705,1.167705,-1.0,-1.0,-1
1.167705,1.167765,1.167705,1.167755,-1.0,-1.0,-1
1.167755,1.167765,1.167745,1.167745,-1.0,-1.0,-1
1.167745,1.16779,1.167745,1.167775,-1.0,-1.0,-1
1.167775,1.167795,1.167735,1.167735,-1.0,-1.0,-1
1.167735,1.167755,1.16772,1.167745,-1.0,-1.0,-1
1.167745,1.167745,1.167735,1.167735,-1.0,-1.0,-1
1.167735,1.167735,1.167645,1.16765,-1.0,-1.0,-1
1.16765,1.16765,1.167615,1.167615,-1.0,-1.0,-1
1.167615,1.167615,1.167595,1.16761,-1.0,-1.0,-1
1.16761,1.16761,1.167595,1.167595,-1.0,-1.0,-1
1.167595,1.1676,1.167495,1.167505,-1.0,-1.0,-1
1.167505,1.16752,1.167495,1.167505,-1.0,-1.0,-1
1.167505,1.167565,1.167505,1.167555,-1.0,-1.0,-1
1.167555,1.167575,1.16755,1.167555,-1.0,-1.0,-1
1.167555,1.167555,1.16753,1.16753,-1.0,-1.0,-1
1.16753,1.167555,1.167525,1.167545,-1.0,-1.0,-1
1.167545,1.167555,1.16753,1.16753,-1.0,-1.0,-1
1.16753,1.167555,1.167525,1.167555,-1.0,-1.0,-1
1.167555,1.167555,1.16755,1.167555,-1.0,-1.0,-1
1.167555,1.16765,1.16755,1.167645,-1.0,-1.0,-1
1.167645,1.16766,1.167645,1.167645,-1.0,-1.0,-1
1.167645,1.167645,1.167615,1.16762,-1.0,-1.0,-1
1.16762,1.16766,1.167615,1.167645,-1.0,-1.0,-1
1.167645,1.167645,1.167615,1.16762,-1.0,-1.0,-1
1.16762,1.16769,1.16762,1.167685,-1.0,-1.0,-1
1.167685,1.167735,1.167685,1.167735,-1.0,-1.0,-1
1.167735,1.167755,1.167735,1.167755,-1.0,-1.0,-1
1.167755,1.167755,1.167705,1.167705,-1.0,-1.0,-1
1.167705,1.167735,1.1677,1.167735,-1.0,-1.0,-1
1.167735,1.167735,1.16772,1.167735,-1.0,-1.0,-1
1.167735,1.167745,1.167705,1.167705,-1.0,-1.0,-1
1.167705,1.167705,1.167705,1.167705,-1.0,-1.0,-1
1.167705,1.167705,1.1677,1.1677,-1.0,-1.0,-1
1.1677,1.167705,1.1677,1.1677,-1.0,-1.0,-1
1.1677,1.167705,1.1677,1.1677,-1.0,-1.0,-1
1.1677,1.1677,1.1677,1.1677,-1.0,-1.0,-1
1.1677,1.167705,1.16768,1.167705,-1.0,-1.0,-1
1.167705,1.167705,1.1677,1.1677,-1.0,-1.0,-1
1.1677,1.1677,1.1677,1.1677,-1.0,-1.0,-1
1.1677,1.167705,1.167685,1.167705,-1.0,-1.0,-1
1.167705,1.167705,1.167705,1.167705,-1.0,-1.0,-1
1.167705,1.167705,1.167705,1.167705,-1.0,-1.0,-1
1.167705,1.167705,1.167675,1.167675,-1.0,-1.0,-1
1.167675,1.167705,1.167675,1.1677,-1.0,-1.0,-1
1.1677,1.167705,1.1677,1.1677,-1.0,-1.0,-1
1.1677,1.1677,1.167645,1.167645,-1.0,-1.0,-1
1.167645,1.16766,1.167615,1.167655,-1.0,-1.0,-1
1.167655,1.1677,1.167645,1.167655,-1.0,-1.0,-1
1.167655,1.1677,1.167645,1.167665,-1.0,-1.0,-1
1.167665,1.1677,1.167665,1.1677,-1.0,-1.0,-1
1.1677,1.167705,1.1677,1.167705,-1.0,-1.0,-1
1.167705,1.167735,1.1677,1.167705,-1.0,-1.0,-1
1.167705,1.167705,1.167685,1.1677,-1.0,-1.0,-1
1.1677,1.1677,1.167645,1.167645,-1.0,-1.0,-1
1.167645,1.167645,1.167605,1.167635,-1.0,-1.0,-1
1.167635,1.167665,1.16763,1.167655,-1.0,-1.0,-1
1.167655,1.167655,1.167605,1.167605,-1.0,-1.0,-1
1.167605,1.16761,1.167505,1.167505,-1.0,-1.0,-1
1.167505,1.16751,1.167505,1.167505,-1.0,-1.0,-1
1.167505,1.16751,1.167445,1.167455,-1.0,-1.0,-1
1.167455,1.167455,1.16744,1.167445,-1.0,-1.0,-1
1.167445,1.167455,1.167445,1.167455,-1.0,-1.0,-1
1.167455,1.167455,1.16745,1.167455,-1.0,-1.0,-1
1.167455,1.167455,1.167395,1.167395,-1.0,-1.0,-1
1.167395,1.167405,1.167385,1.167395,-1.0,-1.0,-1
1.167395,1.16744,1.167385,1.16744,-1.0,-1.0,-1
1.16744,1.167475,1.16744,1.167455,-1.0,-1.0,-1
1.167455,1.167455,1.167445,1.167445,-1.0,-1.0,-1
1.167445,1.167455,1.167445,1.167445,-1.0,-1.0,-1
1.167445,1.167455,1.16744,1.167445,-1.0,-1.0,-1
1.167445,1.167455,1.167445,1.167455,-1.0,-1.0,-1
1.167455,1.167455,1.167405,1.167405,-1.0,-1.0,-1
1.167405,1.16743,1.167395,1.167425,-1.0,-1.0,-1
1.167425,1.16744,1.167415,1.16744,-1.0,-1.0,-1
1.16744,1.16744,1.16744,1.16744,-1.0,-1.0,-1
1.16744,1.167455,1.16744,1.167445,-1.0,-1.0,-1
1.167445,1.167455,1.167445,1.167445,-1.0,-1.0,-1
1.167445,1.167455,1.167445,1.167455,-1.0,-1.0,-1
1.167455,1.167455,1.16744,1.167445,-1.0,-1.0,-1
1.167445,1.167445,1.167445,1.167445,-1.0,-1.0,-1
1.167445,1.167475,1.167445,1.167475,-1.0,-1.0,-1
1.167475,1.167525,1.167475,1.167505,-1.0,-1.0,-1
1.167505,1.16751,1.167495,1.167505,-1.0,-1.0,-1
1.167505,1.167525,1.167495,1.167495,-1.0,-1.0,-1
1.167495,1.167495,1.167485,1.167495,-1.0,-1.0,-1
1.167495,1.167495,1.167415,1.167445,-1.0,-1.0,-1
1.167445,1.167445,1.16744,1.16744,-1.0,-1.0,-1
1.16744,1.16744,1.167385,1.167395,-1.0,-1.0,-1
1.167395,1.167405,1.167355,1.167355,-1.0,-1.0,-1
1.167355,1.167385,1.167355,1.167375,-1.0,-1.0,-1
1.167375,1.167385,1.167355,1.167355,-1.0,-1.0,-1
1.167355,1.167355,1.167355,1.167355,-1.0,-1.0,-1
1.167355,1.167385,1.167335,1.167335,-1.0,-1.0,-1
1.167335,1.16735,1.167295,1.167335,-1.0,-1.0,-1
1.167335,1.167355,1.167335,1.167355,-1.0,-1.0,-1
1.167355,1.167355,1.167335,1.167335,-1.0,-1.0,-1
1.167335,1.167345,1.167245,1.16726,-1.0,-1.0,-1
1.16726,1.167295,1.167245,1.167285,-1.0,-1.0,-1
1.167285,1.16735,1.16728,1.16735,-1.0,-1.0,-1
1.16735,1.167395,1.16735,1.167385,-1.0,-1.0,-1
1.167385,1.167405,1.167385,1.167395,-1.0,-1.0,-1
1.167395,1.167395,1.16737,1.167395,-1.0,-1.0,-1
1.167395,1.167395,1.167385,1.167395,-1.0,-1.0,-1
1.167395,1.167395,1.167355,1.167355,-1.0,-1.0,-1
1.167355,1.167395,1.167355,1.167385,-1.0,-1.0,-1
1.167385,1.167395,1.167355,1.167385,-1.0,-1.0,-1
1.167385,1.167405,1.167385,1.167405,-1.0,-1.0,-1
1.167405,1.16744,1.167405,1.16744,-1.0,-1.0,-1
1.16744,1.16744,1.167405,1.167405,-1.0,-1.0,-1
1.167405,1.167445,1.167405,1.16744,-1.0,-1.0,-1
1.16744,1.167445,1.167415,1.167445,-1.0,-1.0,-1
1.167445,1.167485,1.167445,1.167485,-1.0,-1.0,-1
1.167485,1.167485,1.167445,1.167455,-1.0,-1.0,-1
1.167455,1.167485,1.167445,1.167485,-1.0,-1.0,-1
1.167485,1.167485,1.167475,1.167475,-1.0,-1.0,-1
1.167475,1.167475,1.16746,1.167465,-1.0,-1.0,-1
1.167465,1.16749,1.16746,1.167485,-1.0,-1.0,-1
1.167485,1.167485,1.16745,1.167455,-1.0,-1.0,-1
1.167455,1.167455,1.167395,1.167395,-1.0,-1.0,-1
1.167395,1.16744,1.167395,1.16744,-1.0,-1.0,-1
1.16744,1.167445,1.167425,1.167425,-1.0,-1.0,-1
1.167425,1.16744,1.167415,1.167415,-1.0,-1.0,-1
1.167415,1.167415,1.16735,1.167395,-1.0,-1.0,-1
1.167395,1.167405,1.16737,1.167385,-1.0,-1.0,-1
1.167385,1.167395,1.167355,1.167395,-1.0,-1.0,-1
1.167395,1.16741,1.167395,1.167395,-1.0,-1.0,-1
1.167395,1.167395,1.167355,1.167355,-1.0,-1.0,-1
1.167355,1.167355,1.16735,1.16735,-1.0,-1.0,-1
1.16735,1.16735,1.16735,1.16735,-1.0,-1.0,-1
1.16735,1.167355,1.16735,1.167355,-1.0,-1.0,-1
1.167355,1.16736,1.167355,1.167355,-1.0,-1.0,-1
1.167355,1.167355,1.167355,1.167355,-1.0,-1.0,-1
1.167355,1.167355,1.16731,1.16735,-1.0,-1.0,-1
1.16735,1.16735,1.16735,1.16735,-1.0,-1.0,-1
1.16735,1.167395,1.16735,1.167395,-1.0,-1.0,-1
1.167395,1.16741,1.167355,1.16736,-1.0,-1.0,-1
1.16736,1.167395,1.16736,1.167395,-1.0,-1.0,-1
1.167395,1.167395,1.16737,1.167395,-1.0,-1.0,-1
1.167395,1.167405,1.167385,1.167385,-1.0,-1.0,-1
1.167385,1.167415,1.167385,1.167405,-1.0,-1.0,-1
1.167405,1.167405,1.167355,1.167355,-1.0,-1.0,-1
1.167355,1.167385,1.167355,1.167355,-1.0,-1.0,-1
1.167355,1.167385,1.167355,1.167355,-1.0,-1.0,-1
1.167355,1.16739,1.16735,1.16739,-1.0,-1.0,-1
1.16739,1.16739,1.16735,1.16735,-1.0,-1.0,-1
1.16735,1.16735,1.16735,1.16735,-1.0,-1.0,-1
1.16735,1.16735,1.167315,1.167335,-1.0,-1.0,-1
1.167335,1.16735,1.16731,1.16735,-1.0,-1.0,-1
