open,high,low,close,volume,average,barCount
1.37784,1.37791,1.37771,1.37771,-1.0,-1.0,-1
1.37771,1.37771,1.37771,1.37771,-1.0,-1.0,-1
1.37771,1.37793,1.37771,1.37787,-1.0,-1.0,-1
1.37787,1.37787,1.37785,1.37785,-1.0,-1.0,-1
1.37785,1.37785,1.37785,1.37785,-1.0,-1.0,-1
1.37785,1.37785,1.37785,1.37785,-1.0,-1.0,-1
1.37785,1.37785,1.37785,1.37785,-1.0,-1.0,-1
1.37785,1.37785,1.37785,1.37785,-1.0,-1.0,-1
1.37785,1.37785,1.37785,1.37785,-1.0,-1.0,-1
1.37785,1.37785,1.37785,1.37785,-1.0,-1.0,-1
1.37785,1.37785,1.37785,1.37785,-1.0,-1.0,-1
1.37785,1.37785,1.37785,1.37785,-1.0,-1.0,-1
1.37785,1.37785,1.37785,1.37785,-1.0,-1.0,-1
1.37785,1.37785,1.37785,1.37785,-1.0,-1.0,-1
1.37785,1.37785,1.37785,1.37785,-1.0,-1.0,-1
1.37785,1.37785,1.37785,1.37785,-1.0,-1.0,-1
1.37785,1.37785,1.37785,1.37785,-1.0,-1.0,-1
1.37785,1.37785,1.37785,1.37785,-1.0,-1.0,-1
1.37785,1.37785,1.37785,1.37785,-1.0,-1.0,-1
1.37785,1.37785,1.37785,1.37785,-1.0,-1.0,-1
1.37785,1.37785,1.37785,1.37785,-1.0,-1.0,-1
1.37785,1.37785,1.37785,1.37785,-1.0,-1.0,-1
1.37785,1.37785,1.37785,1.37785,-1.0,-1.0,-1
1.37785,1.37785,1.37785,1.37785,-1.0,-1.0,-1
1.37785,1.37785,1.37785,1.37785,-1.0,-1.0,-1
1.37785,1.37785,1.37785,1.37785,-1.0,-1.0,-1
1.37785,1.37785,1.37785,1.37785,-1.0,-1.0,-1
1.37785,1.37785,1.37785,1.37785,-1.0,-1.0,-1
1.37785,1.37785,1.37785,1.37785,-1.0,-1.0,-1
1.37785,1.37785,1.37785,1.37785,-1.0,-1.0,-1
1.37785,1.37785,1.37785,1.37785,-1.0,-1.0,-1
1.37785,1.37785,1.37785,1.37785,-1.0,-1.0,-1
1.37785,1.37785,1.37785,1.37785,-1.0,-1.0,-1
1.37785,1.37785,1.37785,1.37785,-1.0,-1.0,-1
1.37785,1.37785,1.37785,1.37785,-1.0,-1.0,-1
1.37785,1.37785,1.37785,1.37785,-1.0,-1.0,-1
1.37785,1.37785,1.37785,1.37785,-1.0,-1.0,-1
1.37785,1.37785,1.37785,1.37785,-1.0,-1.0,-1
1.37785,1.37785,1.37785,1.37785,-1.0,-1.0,-1
1.37785,1.37785,1.37785,1.37785,-1.0,-1.0,-1
1.37785,1.37785,1.37785,1.37785,-1.0,-1.0,-1
1.37785,1.37785,1.37785,1.37785,-1.0,-1.0,-1
1.37785,1.37785,1.37785,1.37785,-1.0,-1.0,-1
1.37785,1.37785,1.37785,1.37785,-1.0,-1.0,-1
1.37785,1.37785,1.37785,1.37785,-1.0,-1.0,-1
1.37785,1.37785,1.37785,1.37785,-1.0,-1.0,-1
1.37785,1.37785,1.37785,1.37785,-1.0,-1.0,-1
1.37785,1.37785,1.37785,1.37785,-1.0,-1.0,-1
1.37785,1.37785,1.37785,1.37785,-1.0,-1.0,-1
1.37785,1.37785,1.37785,1.37785,-1.0,-1.0,-1
1.37785,1.37785,1.37785,1.37785,-1.0,-1.0,-1
1.37785,1.37785,1.37785,1.37785,-1.0,-1.0,-1
1.37785,1.37785,1.37785,1.37785,-1.0,-1.0,-1
1.37785,1.37785,1.37785,1.37785,-1.0,-1.0,-1
1.37785,1.37785,1.37785,1.37785,-1.0,-1.0,-1
1.37785,1.37785,1.37785,1.37785,-1.0,-1.0,-1
1.37785,1.37785,1.37785,1.37785,-1.0,-1.0,-1
1.37785,1.37785,1.37785,1.37785,-1.0,-1.0,-1
1.37785,1.37785,1.37785,1.37785,-1.0,-1.0,-1
1.37785,1.37785,1.37785,1.37785,-1.0,-1.0,-1
1.37785,1.37785,1.37785,1.37785,-1.0,-1.0,-1
1.37785,1.37785,1.37785,1.37785,-1.0,-1.0,-1
1.37785,1.37785,1.37785,1.37785,-1.0,-1.0,-1
1.37785,1.37785,1.37785,1.37785,-1.0,-1.0,-1
1.37785,1.37785,1.37785,1.37785,-1.0,-1.0,-1
1.37785,1.37785,1.37785,1.37785,-1.0,-1.0,-1
1.37785,1.37785,1.37785,1.37785,-1.0,-1.0,-1
1.37785,1.37785,1.37785,1.37785,-1.0,-1.0,-1
1.37785,1.37785,1.37785,1.37785,-1.0,-1.0,-1
1.37785,1.37785,1.37785,1.37785,-1.0,-1.0,-1
1.37785,1.37785,1.37785,1.37785,-1.0,-1.0,-1
1.37785,1.37785,1.37785,1.37785,-1.0,-1.0,-1
1.37785,1.37785,1.37785,1.37785,-1.0,-1.0,-1
1.37785,1.37785,1.37785,1.37785,-1.0,-1.0,-1
1.37785,1.37785,1.37785,1.37785,-1.0,-1.0,-1
1.37785,1.37785,1.37785,1.37785,-1.0,-1.0,-1
1.37785,1.37785,1.37785,1.37785,-1.0,-1.0,-1
1.37785,1.37785,1.37785,1.37785,-1.0,-1.0,-1
1.37785,1.37785,1.37785,1.37785,-1.0,-1.0,-1
1.37785,1.37785,1.37785,1.37785,-1.0,-1.0,-1
1.37785,1.37785,1.37785,1.37785,-1.0,-1.0,-1
1.37785,1.37785,1.37785,1.37785,-1.0,-1.0,-1
1.37785,1.37785,1.37785,1.37785,-1.0,-1.0,-1
1.37785,1.37785,1.37785,1.37785,-1.0,-1.0,-1
1.37785,1.37785,1.37785,1.37785,-1.0,-1.0,-1
1.37785,1.37785,1.37785,1.37785,-1.0,-1.0,-1
1.37785,1.37785,1.37785,1.37785,-1.0,-1.0,-1
1.37785,1.37785,1.37785,1.37785,-1.0,-1.0,-1
1.37785,1.37785,1.37785,1.37785,-1.0,-1.0,-1
1.37785,1.37785,1.37785,1.37785,-1.0,-1.0,-1
1.37785,1.37785,1.37785,1.37785,-1.0,-1.0,-1
1.37785,1.37785,1.37785,1.37785,-1.0,-1.0,-1
1.37785,1.37785,1.37785,1.37785,-1.0,-1.0,-1
1.37785,1.37785,1.37785,1.37785,-1.0,-1.0,-1
1.37785,1.37785,1.37785,1.37785,-1.0,-1.0,-1
1.37785,1.37785,1.37785,1.37785,-1.0,-1.0,-1
1.37785,1.37785,1.37785,1.37785,-1.0,-1.0,-1
1.37785,1.37785,1.37785,1.37785,-1.0,-1.0,-1
1.37785,1.37785,1.37785,1.37785,-1.0,-1.0,-1
1.37785,1.37785,1.37785,1.37785,-1.0,-1.0,-1
1.37785,1.37785,1.37785,1.37785,-1.0,-1.0,-1
1.37785,1.37785,1.37785,1.37785,-1.0,-1.0,-1
1.37785,1.37785,1.37785,1.37785,-1.0,-1.0,-1
1.37785,1.37787,1.37785,1.377865,-1.0,-1.0,-1
1.377865,1.377865,1.377865,1.377865,-1.0,-1.0,-1
1.377865,1.377865,1.377865,1.377865,-1.0,-1.0,-1
1.377865,1.377865,1.377865,1.377865,-1.0,-1.0,-1
1.377865,1.377865,1.377865,1.377865,-1.0,-1.0,-1
1.377865,1.377865,1.377865,1.377865,-1.0,-1.0,-1
1.377865,1.377865,1.377865,1.377865,-1.0,-1.0,-1
1.377865,1.377865,1.377855,1.377855,-1.0,-1.0,-1
1.377855,1.377855,1.377855,1.377855,-1.0,-1.0,-1
1.377855,1.377855,1.377855,1.377855,-1.0,-1.0,-1
1.377855,1.377855,1.377855,1.377855,-1.0,-1.0,-1
1.377855,1.377855,1.377855,1.377855,-1.0,-1.0,-1
1.377855,1.377855,1.377855,1.377855,-1.0,-1.0,-1
1.377855,1.377855,1.377855,1.377855,-1.0,-1.0,-1
1.377855,1.377855,1.377855,1.377855,-1.0,-1.0,-1
1.377855,1.377865,1.377855,1.377865,-1.0,-1.0,-1
1.377865,1.377865,1.377865,1.377865,-1.0,-1.0,-1
1.377865,1.377865,1.377865,1.377865,-1.0,-1.0,-1
1.377865,1.377865,1.377865,1.377865,-1.0,-1.0,-1
1.377865,1.377865,1.377865,1.377865,-1.0,-1.0,-1
1.377865,1.37787,1.377865,1.37787,-1.0,-1.0,-1
1.37787,1.37787,1.37787,1.37787,-1.0,-1.0,-1
1.37787,1.37787,1.37787,1.37787,-1.0,-1.0,-1
1.37787,1.37787,1.377865,1.377865,-1.0,-1.0,-1
1.377865,1.377865,1.377855,1.377855,-1.0,-1.0,-1
1.377855,1.377855,1.377855,1.377855,-1.0,-1.0,-1
1.377855,1.377855,1.377855,1.377855,-1.0,-1.0,-1
1.377855,1.377855,1.377855,1.377855,-1.0,-1.0,-1
1.377855,1.377855,1.377855,1.377855,-1.0,-1.0,-1
1.377855,1.377855,1.377855,1.377855,-1.0,-1.0,-1
1.377855,1.377855,1.377855,1.377855,-1.0,-1.0,-1
1.377855,1.377855,1.377855,1.377855,-1.0,-1.0,-1
1.377855,1.377855,1.377855,1.377855,-1.0,-1.0,-1
1.377855,1.377855,1.377855,1.377855,-1.0,-1.0,-1
1.377855,1.377855,1.377855,1.377855,-1.0,-1.0,-1
1.377855,1.377855,1.377855,1.377855,-1.0,-1.0,-1
1.377855,1.377855,1.377855,1.377855,-1.0,-1.0,-1
1.377855,1.377855,1.377855,1.377855,-1.0,-1.0,-1
1.377855,1.377855,1.377855,1.377855,-1.0,-1.0,-1
1.377855,1.377855,1.377855,1.377855,-1.0,-1.0,-1
1.377855,1.377855,1.377855,1.377855,-1.0,-1.0,-1
1.377855,1.377855,1.377855,1.377855,-1.0,-1.0,-1
1.377855,1.377855,1.377855,1.377855,-1.0,-1.0,-1
1.377855,1.377855,1.377855,1.377855,-1.0,-1.0,-1
1.377855,1.377855,1.377855,1.377855,-1.0,-1.0,-1
1.377855,1.377855,1.377855,1.377855,-1.0,-1.0,-1
1.377855,1.377855,1.377855,1.377855,-1.0,-1.0,-1
1.377855,1.377855,1.377855,1.377855,-1.0,-1.0,-1
1.377855,1.377855,1.377855,1.377855,-1.0,-1.0,-1
1.377855,1.377855,1.377855,1.377855,-1.0,-1.0,-1
1.377855,1.377855,1.377855,1.377855,-1.0,-1.0,-1
1.377855,1.377855,1.377855,1.377855,-1.0,-1.0,-1
1.377855,1.377855,1.377855,1.377855,-1.0,-1.0,-1
1.377855,1.377855,1.377855,1.377855,-1.0,-1.0,-1
1.377855,1.377855,1.377855,1.377855,-1.0,-1.0,-1
1.377855,1.377855,1.377855,1.377855,-1.0,-1.0,-1
1.377855,1.377855,1.377855,1.377855,-1.0,-1.0,-1
1.377855,1.377855,1.377855,1.377855,-1.0,-1.0,-1
1.377855,1.377855,1.377855,1.377855,-1.0,-1.0,-1
1.377855,1.377855,1.377855,1.377855,-1.0,-1.0,-1
1.377855,1.377855,1.377855,1.377855,-1.0,-1.0,-1
1.377855,1.377855,1.377855,1.377855,-1.0,-1.0,-1
1.377855,1.377855,1.377855,1.377855,-1.0,-1.0,-1
1.377855,1.377855,1.377855,1.377855,-1.0,-1.0,-1
1.377855,1.377855,1.377855,1.377855,-1.0,-1.0,-1
1.377855,1.377855,1.377855,1.377855,-1.0,-1.0,-1
1.377855,1.377855,1.377855,1.377855,-1.0,-1.0,-1
1.377855,1.377855,1.377855,1.377855,-1.0,-1.0,-1
1.377855,1.377855,1.377855,1.377855,-1.0,-1.0,-1
1.377855,1.377855,1.377855,1.377855,-1.0,-1.0,-1
1.377855,1.377855,1.377855,1.377855,-1.0,-1.0,-1
1.377855,1.377855,1.377855,1.377855,-1.0,-1.0,-1
1.377855,1.377855,1.377855,1.377855,-1.0,-1.0,-1
1.377855,1.377855,1.377855,1.377855,-1.0,-1.0,-1
1.377855,1.377855,1.377855,1.377855,-1.0,-1.0,-1
1.377855,1.377855,1.377855,1.377855,-1.0,-1.0,-1
1.377855,1.377855,1.377855,1.377855,-1.0,-1.0,-1
1.377855,1.377855,1.377855,1.377855,-1.0,-1.0,-1
1.377855,1.377855,1.377855,1.377855,-1.0,-1.0,-1
1.377855,1.377855,1.377855,1.377855,-1.0,-1.0,-1
1.377855,1.377855,1.377855,1.377855,-1.0,-1.0,-1
1.377855,1.377855,1.377855,1.377855,-1.0,-1.0,-1
1.377855,1.377855,1.377855,1.377855,-1.0,-1.0,-1
1.377855,1.377855,1.377855,1.377855,-1.0,-1.0,-1
1.377855,1.377855,1.377855,1.377855,-1.0,-1.0,-1
1.377855,1.377855,1.377855,1.377855,-1.0,-1.0,-1
1.377855,1.377855,1.377855,1.377855,-1.0,-1.0,-1
1.377855,1.377855,1.377855,1.377855,-1.0,-1.0,-1
1.377855,1.377855,1.377855,1.377855,-1.0,-1.0,-1
1.377855,1.37791,1.377855,1.37789,-1.0,-1.0,-1
1.37789,1.37789,1.37789,1.37789,-1.0,-1.0,-1
1.37789,1.37789,1.37789,1.37789,-1.0,-1.0,-1
1.37789,1.37789,1.377885,1.377885,-1.0,-1.0,-1
1.377885,1.377895,1.377885,1.377895,-1.0,-1.0,-1
1.377895,1.377895,1.377895,1.377895,-1.0,-1.0,-1
1.377895,1.377895,1.377895,1.377895,-1.0,-1.0,-1
1.377895,1.377895,1.377895,1.377895,-1.0,-1.0,-1
1.377895,1.377895,1.377875,1.37788,-1.0,-1.0,-1
1.37788,1.37788,1.37788,1.37788,-1.0,-1.0,-1
1.37788,1.37788,1.37788,1.37788,-1.0,-1.0,-1
1.37788,1.37788,1.37788,1.37788,-1.0,-1.0,-1
1.37788,1.37788,1.37788,1.37788,-1.0,-1.0,-1
1.37788,1.3779,1.37788,1.3779,-1.0,-1.0,-1
1.3779,1.3779,1.37789,1.37789,-1.0,-1.0,-1
1.37789,1.377895,1.37789,1.377895,-1.0,-1.0,-1
1.377895,1.377895,1.37789,1.37789,-1.0,-1.0,-1
1.37789,1.37789,1.37788,1.377885,-1.0,-1.0,-1
1.377885,1.37789,1.377885,1.377885,-1.0,-1.0,-1
1.377885,1.377895,1.377885,1.377895,-1.0,-1.0,-1
1.377895,1.377895,1.37789,1.37789,-1.0,-1.0,-1
1.37789,1.377895,1.37789,1.377895,-1.0,-1.0,-1
1.377895,1.377895,1.37788,1.37788,-1.0,-1.0,-1
1.37788,1.37788,1.37788,1.37788,-1.0,-1.0,-1
1.37788,1.37788,1.37787,1.377875,-1.0,-1.0,-1
1.377875,1.37789,1.377875,1.37789,-1.0,-1.0,-1
1.37789,1.37789,1.37789,1.37789,-1.0,-1.0,-1
1.37789,1.377895,1.37789,1.377895,-1.0,-1.0,-1
1.377895,1.377895,1.37788,1.377885,-1.0,-1.0,-1
1.377885,1.37789,1.37788,1.377885,-1.0,-1.0,-1
1.377885,1.3779,1.37788,1.3779,-1.0,-1.0,-1
1.3779,1.3779,1.377885,1.377885,-1.0,-1.0,-1
1.377885,1.37789,1.37788,1.377885,-1.0,-1.0,-1
1.377885,1.37789,1.37788,1.37788,-1.0,-1.0,-1
1.37788,1.377885,1.377875,1.37788,-1.0,-1.0,-1
1.37788,1.37788,1.377875,1.37788,-1.0,-1.0,-1
1.37788,1.37788,1.377875,1.377875,-1.0,-1.0,-1
1.377875,1.3779,1.377875,1.377885,-1.0,-1.0,-1
1.377885,1.37789,1.377885,1.37789,-1.0,-1.0,-1
1.37789,1.37789,1.377885,1.377885,-1.0,-1.0,-1
1.377885,1.37789,1.377885,1.37789,-1.0,-1.0,-1
1.37789,1.37789,1.37789,1.37789,-1.0,-1.0,-1
1.37789,1.37789,1.37789,1.37789,-1.0,-1.0,-1
1.37789,1.37789,1.37789,1.37789,-1.0,-1.0,-1
1.37789,1.37789,1.37789,1.37789,-1.0,-1.0,-1
1.37789,1.37789,1.37789,1.37789,-1.0,-1.0,-1
1.37789,1.37789,1.37789,1.37789,-1.0,-1.0,-1
1.37789,1.37789,1.37789,1.37789,-1.0,-1.0,-1
1.37789,1.37789,1.37788,1.37788,-1.0,-1.0,-1
1.37788,1.37789,1.37788,1.37788,-1.0,-1.0,-1
1.37788,1.37789,1.37788,1.37789,-1.0,-1.0,-1
1.37789,1.37789,1.37788,1.37788,-1.0,-1.0,-1
1.37788,1.377885,1.37788,1.377885,-1.0,-1.0,-1
1.377885,1.377885,1.377685,1.37772,-1.0,-1.0,-1
1.37772,1.37772,1.377675,1.377675,-1.0,-1.0,-1
1.377675,1.37768,1.377675,1.37768,-1.0,-1.0,-1
1.37768,1.37768,1.37768,1.37768,-1.0,-1.0,-1
1.37768,1.37768,1.37768,1.37768,-1.0,-1.0,-1
1.37768,1.37768,1.37768,1.37768,-1.0,-1.0,-1
1.37768,1.37768,1.37768,1.37768,-1.0,-1.0,-1
1.37768,1.37768,1.37768,1.37768,-1.0,-1.0,-1
1.37768,1.37768,1.37768,1.37768,-1.0,-1.0,-1
1.37768,1.37768,1.37768,1.37768,-1.0,-1.0,-1
1.37768,1.37768,1.37768,1.37768,-1.0,-1.0,-1
1.37768,1.37768,1.37768,1.37768,-1.0,-1.0,-1
1.37768,1.37768,1.37768,1.37768,-1.0,-1.0,-1
1.37768,1.37768,1.37768,1.37768,-1.0,-1.0,-1
1.37768,1.37768,1.37768,1.37768,-1.0,-1.0,-1
1.37768,1.37768,1.37768,1.37768,-1.0,-1.0,-1
1.37768,1.37768,1.37768,1.37768,-1.0,-1.0,-1
1.37768,1.37768,1.37768,1.37768,-1.0,-1.0,-1
1.37768,1.37768,1.37768,1.37768,-1.0,-1.0,-1
1.37768,1.37768,1.37768,1.37768,-1.0,-1.0,-1
1.37768,1.37768,1.37768,1.37768,-1.0,-1.0,-1
1.37768,1.37768,1.37768,1.37768,-1.0,-1.0,-1
1.37768,1.37768,1.377675,1.377675,-1.0,-1.0,-1
1.377675,1.37776,1.377675,1.37776,-1.0,-1.0,-1
1.37776,1.377765,1.377735,1.377755,-1.0,-1.0,-1
1.377755,1.37777,1.37773,1.37777,-1.0,-1.0,-1
1.37777,1.37778,1.37777,1.37778,-1.0,-1.0,-1
1.37778,1.37778,1.37778,1.37778,-1.0,-1.0,-1
1.37778,1.37778,1.37778,1.37778,-1.0,-1.0,-1
1.37778,1.37778,1.37778,1.37778,-1.0,-1.0,-1
1.37778,1.37778,1.37778,1.37778,-1.0,-1.0,-1
1.37778,1.37778,1.37778,1.37778,-1.0,-1.0,-1
1.37778,1.37778,1.37778,1.37778,-1.0,-1.0,-1
1.37778,1.377785,1.37778,1.377785,-1.0,-1.0,-1
1.377785,1.377785,1.377785,1.377785,-1.0,-1.0,-1
1.377785,1.377795,1.377785,1.37779,-1.0,-1.0,-1
1.37779,1.377795,1.37779,1.37779,-1.0,-1.0,-1
1.37779,1.377795,1.37779,1.37779,-1.0,-1.0,-1
1.37779,1.37781,1.377775,1.37781,-1.0,-1.0,-1
1.37781,1.37781,1.37777,1.37777,-1.0,-1.0,-1
1.37777,1.37777,1.377765,1.377765,-1.0,-1.0,-1
1.377765,1.37777,1.377765,1.37777,-1.0,-1.0,-1
1.37777,1.37777,1.37777,1.37777,-1.0,-1.0,-1
1.37777,1.37777,1.377765,1.377765,-1.0,-1.0,-1
1.377765,1.377785,1.377765,1.377775,-1.0,-1.0,-1
1.377775,1.377775,1.377775,1.377775,-1.0,-1.0,-1
1.377775,1.37778,1.377775,1.37778,-1.0,-1.0,-1
1.37778,1.37778,1.37778,1.37778,-1.0,-1.0,-1
1.37778,1.37779,1.37778,1.377785,-1.0,-1.0,-1
1.377785,1.377785,1.377785,1.377785,-1.0,-1.0,-1
1.377785,1.377785,1.37778,1.37778,-1.0,-1.0,-1
1.37778,1.37778,1.37778,1.37778,-1.0,-1.0,-1
1.37778,1.37778,1.37778,1.37778,-1.0,-1.0,-1
1.37778,1.377815,1.37778,1.377815,-1.0,-1.0,-1
1.377815,1.377815,1.377815,1.377815,-1.0,-1.0,-1
1.377815,1.377815,1.377815,1.377815,-1.0,-1.0,-1
1.377815,1.37783,1.37781,1.377815,-1.0,-1.0,-1
1.377815,1.377815,1.377815,1.377815,-1.0,-1.0,-1
1.377815,1.377815,1.377815,1.377815,-1.0,-1.0,-1
1.377815,1.37783,1.377815,1.37782,-1.0,-1.0,-1
1.37782,1.37782,1.37782,1.37782,-1.0,-1.0,-1
1.37782,1.37782,1.377815,1.377815,-1.0,-1.0,-1
1.377815,1.377815,1.377815,1.377815,-1.0,-1.0,-1
1.377815,1.377815,1.377815,1.377815,-1.0,-1.0,-1
1.377815,1.377815,1.377815,1.377815,-1.0,-1.0,-1
1.377815,1.37782,1.37781,1.37781,-1.0,-1.0,-1
1.37781,1.377825,1.37781,1.377825,-1.0,-1.0,-1
1.377825,1.377825,1.377825,1.377825,-1.0,-1.0,-1
1.377825,1.377825,1.37781,1.377815,-1.0,-1.0,-1
1.377815,1.377815,1.377815,1.377815,-1.0,-1.0,-1
1.377815,1.37782,1.377805,1.377805,-1.0,-1.0,-1
1.377805,1.377815,1.377795,1.377815,-1.0,-1.0,-1
1.377815,1.377815,1.377815,1.377815,-1.0,-1.0,-1
1.377815,1.37782,1.377815,1.37782,-1.0,-1.0,-1
1.37782,1.37782,1.37782,1.37782,-1.0,-1.0,-1
1.37782,1.37782,1.377805,1.377815,-1.0,-1.0,-1
1.377815,1.377825,1.377815,1.37782,-1.0,-1.0,-1
1.37782,1.377825,1.37782,1.37782,-1.0,-1.0,-1
1.37782,1.37782,1.37782,1.37782,-1.0,-1.0,-1
1.37782,1.37782,1.377805,1.37781,-1.0,-1.0,-1
1.37781,1.37781,1.377795,1.377795,-1.0,-1.0,-1
1.377795,1.377795,1.377795,1.377795,-1.0,-1.0,-1
1.377795,1.377795,1.377795,1.377795,-1.0,-1.0,-1
1.377795,1.377795,1.377775,1.377775,-1.0,-1.0,-1
1.377775,1.377785,1.377775,1.37778,-1.0,-1.0,-1
1.37778,1.37778,1.377775,1.377775,-1.0,-1.0,-1
1.377775,1.377775,1.377775,1.377775,-1.0,-1.0,-1
1.377775,1.377775,1.377775,1.377775,-1.0,-1.0,-1
1.377775,1.377775,1.377775,1.377775,-1.0,-1.0,-1
1.377775,1.377775,1.377765,1.377765,-1.0,-1.0,-1
1.377765,1.377765,1.377765,1.377765,-1.0,-1.0,-1
1.377765,1.37778,1.377765,1.37778,-1.0,-1.0,-1
1.37778,1.37778,1.37778,1.37778,-1.0,-1.0,-1
1.37778,1.37778,1.37778,1.37778,-1.0,-1.0,-1
1.37778,1.377785,1.37778,1.377785,-1.0,-1.0,-1
1.377785,1.377785,1.37778,1.37778,-1.0,-1.0,-1
1.37778,1.37778,1.37778,1.37778,-1.0,-1.0,-1
1.37778,1.377795,1.37778,1.37779,-1.0,-1.0,-1
1.37779,1.377795,1.37779,1.37779,-1.0,-1.0,-1
1.37779,1.377795,1.37779,1.37779,-1.0,-1.0,-1
1.37779,1.377795,1.37779,1.37779,-1.0,-1.0,-1
1.37779,1.377795,1.37778,1.37779,-1.0,-1.0,-1
1.37779,1.377795,1.37779,1.37779,-1.0,-1.0,-1
1.37779,1.377795,1.37779,1.37779,-1.0,-1.0,-1
1.37779,1.377795,1.37779,1.37779,-1.0,-1.0,-1
1.37779,1.377795,1.37779,1.37779,-1.0,-1.0,-1
1.37779,1.377795,1.37779,1.37779,-1.0,-1.0,-1
1.37779,1.377795,1.37779,1.37779,-1.0,-1.0,-1
1.37779,1.377795,1.37778,1.37778,-1.0,-1.0,-1
1.37778,1.37778,1.37778,1.37778,-1.0,-1.0,-1
1.37778,1.37778,1.37778,1.37778,-1.0,-1.0,-1
1.37778,1.37778,1.37778,1.37778,-1.0,-1.0,-1
1.37778,1.37778,1.37778,1.37778,-1.0,-1.0,-1
1.37778,1.37778,1.37778,1.37778,-1.0,-1.0,-1
1.37778,1.37778,1.37778,1.37778,-1.0,-1.0,-1
1.37778,1.37778,1.37778,1.37778,-1.0,-1.0,-1
1.37778,1.37778,1.37778,1.37778,-1.0,-1.0,-1
1.37778,1.37778,1.37778,1.37778,-1.0,-1.0,-1
1.37778,1.37778,1.377725,1.377775,-1.0,-1.0,-1
1.377775,1.377785,1.37776,1.377785,-1.0,-1.0,-1
1.377785,1.377785,1.377785,1.377785,-1.0,-1.0,-1
1.377785,1.377785,1.377785,1.377785,-1.0,-1.0,-1
1.377785,1.377785,1.377785,1.377785,-1.0,-1.0,-1
1.377785,1.377785,1.377785,1.377785,-1.0,-1.0,-1
1.377785,1.377785,1.377785,1.377785,-1.0,-1.0,-1
1.377785,1.377785,1.377785,1.377785,-1.0,-1.0,-1
1.377785,1.377785,1.377785,1.377785,-1.0,-1.0,-1
1.377785,1.377785,1.377785,1.377785,-1.0,-1.0,-1
1.377785,1.377785,1.37778,1.37778,-1.0,-1.0,-1
1.37778,1.37778,1.37778,1.37778,-1.0,-1.0,-1
1.37778,1.37778,1.37778,1.37778,-1.0,-1.0,-1
1.37778,1.37778,1.37778,1.37778,-1.0,-1.0,-1
1.37778,1.37778,1.377675,1.37768,-1.0,-1.0,-1
1.37768,1.377685,1.37768,1.37768,-1.0,-1.0,-1
1.37768,1.377685,1.37768,1.37768,-1.0,-1.0,-1
1.37768,1.377685,1.37768,1.37768,-1.0,-1.0,-1
1.37768,1.377685,1.37768,1.37768,-1.0,-1.0,-1
1.37768,1.377685,1.37768,1.37768,-1.0,-1.0,-1
1.37768,1.377685,1.37768,1.37768,-1.0,-1.0,-1
1.37768,1.377695,1.37768,1.377695,-1.0,-1.0,-1
1.377695,1.377695,1.377695,1.377695,-1.0,-1.0,-1
1.377695,1.377695,1.377695,1.377695,-1.0,-1.0,-1
1.377695,1.377695,1.377695,1.377695,-1.0,-1.0,-1
1.377695,1.377695,1.377695,1.377695,-1.0,-1.0,-1
1.377695,1.377695,1.377695,1.377695,-1.0,-1.0,-1
1.377695,1.377695,1.377695,1.377695,-1.0,-1.0,-1
1.377695,1.377695,1.377695,1.377695,-1.0,-1.0,-1
1.377695,1.377695,1.377695,1.377695,-1.0,-1.0,-1
1.377695,1.377695,1.377695,1.377695,-1.0,-1.0,-1
1.377695,1.377695,1.377695,1.377695,-1.0,-1.0,-1
1.377695,1.377695,1.377695,1.377695,-1.0,-1.0,-1
1.377695,1.377695,1.377695,1.377695,-1.0,-1.0,-1
1.377695,1.377695,1.377695,1.377695,-1.0,-1.0,-1
1.377695,1.377695,1.377695,1.377695,-1.0,-1.0,-1
1.377695,1.377695,1.377695,1.377695,-1.0,-1.0,-1
1.377695,1.377695,1.377695,1.377695,-1.0,-1.0,-1
1.377695,1.377695,1.377695,1.377695,-1.0,-1.0,-1
1.377695,1.377695,1.377695,1.377695,-1.0,-1.0,-1
1.377695,1.377695,1.377695,1.377695,-1.0,-1.0,-1
1.377695,1.377695,1.377695,1.377695,-1.0,-1.0,-1
1.377695,1.377695,1.377695,1.377695,-1.0,-1.0,-1
1.377695,1.377695,1.377695,1.377695,-1.0,-1.0,-1
1.377695,1.377695,1.377695,1.377695,-1.0,-1.0,-1
1.377695,1.377695,1.377695,1.377695,-1.0,-1.0,-1
1.377695,1.377695,1.377695,1.377695,-1.0,-1.0,-1
1.377695,1.377695,1.377695,1.377695,-1.0,-1.0,-1
1.377695,1.377695,1.377695,1.377695,-1.0,-1.0,-1
1.377695,1.377695,1.377695,1.377695,-1.0,-1.0,-1
1.377695,1.377695,1.377695,1.377695,-1.0,-1.0,-1
1.377695,1.377695,1.377695,1.377695,-1.0,-1.0,-1
1.377695,1.377695,1.377695,1.377695,-1.0,-1.0,-1
1.377695,1.377695,1.377695,1.377695,-1.0,-1.0,-1
1.377695,1.377695,1.377695,1.377695,-1.0,-1.0,-1
1.377695,1.377695,1.377695,1.377695,-1.0,-1.0,-1
1.377695,1.377695,1.377695,1.377695,-1.0,-1.0,-1
1.377695,1.377695,1.377695,1.377695,-1.0,-1.0,-1
1.377695,1.377695,1.377695,1.377695,-1.0,-1.0,-1
1.377695,1.377695,1.377695,1.377695,-1.0,-1.0,-1
1.377695,1.377695,1.377695,1.377695,-1.0,-1.0,-1
1.377695,1.377695,1.377695,1.377695,-1.0,-1.0,-1
1.377695,1.377695,1.377695,1.377695,-1.0,-1.0,-1
1.377695,1.377695,1.377695,1.377695,-1.0,-1.0,-1
1.377695,1.377695,1.377695,1.377695,-1.0,-1.0,-1
1.377695,1.377695,1.377695,1.377695,-1.0,-1.0,-1
1.377695,1.377695,1.377695,1.377695,-1.0,-1.0,-1
1.377695,1.377695,1.377695,1.377695,-1.0,-1.0,-1
1.377695,1.377695,1.377695,1.377695,-1.0,-1.0,-1
1.377695,1.377695,1.377695,1.377695,-1.0,-1.0,-1
1.377695,1.377695,1.377695,1.377695,-1.0,-1.0,-1
1.377695,1.377695,1.377695,1.377695,-1.0,-1.0,-1
1.377695,1.377695,1.377695,1.377695,-1.0,-1.0,-1
1.377695,1.377695,1.377695,1.377695,-1.0,-1.0,-1
1.377695,1.377695,1.377695,1.377695,-1.0,-1.0,-1
1.377695,1.377695,1.377695,1.377695,-1.0,-1.0,-1
1.377695,1.377695,1.377695,1.377695,-1.0,-1.0,-1
1.377695,1.377695,1.377695,1.377695,-1.0,-1.0,-1
1.377695,1.377695,1.377695,1.377695,-1.0,-1.0,-1
1.377695,1.377695,1.377695,1.377695,-1.0,-1.0,-1
1.377695,1.377695,1.377695,1.377695,-1.0,-1.0,-1
1.377695,1.377695,1.377695,1.377695,-1.0,-1.0,-1
1.377695,1.377695,1.377695,1.377695,-1.0,-1.0,-1
1.377695,1.377695,1.377695,1.377695,-1.0,-1.0,-1
1.377695,1.377695,1.377695,1.377695,-1.0,-1.0,-1
1.377695,1.377695,1.377695,1.377695,-1.0,-1.0,-1
1.377695,1.377695,1.377695,1.377695,-1.0,-1.0,-1
1.377695,1.377695,1.377695,1.377695,-1.0,-1.0,-1
1.377695,1.377695,1.377695,1.377695,-1.0,-1.0,-1
1.377695,1.377695,1.377695,1.377695,-1.0,-1.0,-1
1.377695,1.377695,1.377695,1.377695,-1.0,-1.0,-1
1.377695,1.377695,1.377695,1.377695,-1.0,-1.0,-1
1.377695,1.377695,1.377695,1.377695,-1.0,-1.0,-1
1.377695,1.377695,1.377695,1.377695,-1.0,-1.0,-1
1.377695,1.37774,1.377695,1.37774,-1.0,-1.0,-1
1.37774,1.37774,1.37774,1.37774,-1.0,-1.0,-1
1.37774,1.37774,1.37774,1.37774,-1.0,-1.0,-1
1.37774,1.37774,1.37774,1.37774,-1.0,-1.0,-1
1.37774,1.37774,1.377695,1.377695,-1.0,-1.0,-1
1.377695,1.3777,1.377695,1.377695,-1.0,-1.0,-1
1.377695,1.3777,1.377695,1.377695,-1.0,-1.0,-1
1.377695,1.3777,1.377695,1.377695,-1.0,-1.0,-1
1.377695,1.3777,1.377695,1.377695,-1.0,-1.0,-1
1.377695,1.3777,1.377695,1.377695,-1.0,-1.0,-1
1.377695,1.3777,1.377695,1.377695,-1.0,-1.0,-1
1.377695,1.3777,1.377695,1.377695,-1.0,-1.0,-1
1.377695,1.3777,1.377695,1.377695,-1.0,-1.0,-1
1.377695,1.3777,1.377695,1.377695,-1.0,-1.0,-1
1.377695,1.3777,1.377695,1.377695,-1.0,-1.0,-1
1.377695,1.3777,1.377695,1.377695,-1.0,-1.0,-1
1.377695,1.377715,1.377695,1.377715,-1.0,-1.0,-1
1.377715,1.377715,1.377715,1.377715,-1.0,-1.0,-1
1.377715,1.377715,1.377715,1.377715,-1.0,-1.0,-1
1.377715,1.377715,1.377715,1.377715,-1.0,-1.0,-1
1.377715,1.377715,1.377715,1.377715,-1.0,-1.0,-1
1.377715,1.377715,1.377715,1.377715,-1.0,-1.0,-1
1.377715,1.377715,1.377715,1.377715,-1.0,-1.0,-1
1.377715,1.377715,1.377715,1.377715,-1.0,-1.0,-1
1.377715,1.377715,1.377715,1.377715,-1.0,-1.0,-1
1.377715,1.377715,1.377715,1.377715,-1.0,-1.0,-1
1.377715,1.377715,1.377715,1.377715,-1.0,-1.0,-1
1.377715,1.377715,1.377715,1.377715,-1.0,-1.0,-1
1.377715,1.377715,1.377715,1.377715,-1.0,-1.0,-1
1.377715,1.377715,1.377715,1.377715,-1.0,-1.0,-1
1.377715,1.377715,1.377715,1.377715,-1.0,-1.0,-1
1.377715,1.377715,1.377715,1.377715,-1.0,-1.0,-1
1.377715,1.377715,1.377715,1.377715,-1.0,-1.0,-1
1.377715,1.377715,1.377715,1.377715,-1.0,-1.0,-1
1.377715,1.377715,1.377715,1.377715,-1.0,-1.0,-1
1.377715,1.377715,1.377715,1.377715,-1.0,-1.0,-1
1.377715,1.377715,1.377715,1.377715,-1.0,-1.0,-1
1.377715,1.377715,1.377715,1.377715,-1.0,-1.0,-1
1.377715,1.377715,1.377715,1.377715,-1.0,-1.0,-1
1.377715,1.377715,1.377715,1.377715,-1.0,-1.0,-1
1.377715,1.377715,1.377715,1.377715,-1.0,-1.0,-1
1.377715,1.377715,1.377715,1.377715,-1.0,-1.0,-1
1.377715,1.377715,1.377715,1.377715,-1.0,-1.0,-1
1.377715,1.377715,1.377715,1.377715,-1.0,-1.0,-1
1.377715,1.377715,1.377715,1.377715,-1.0,-1.0,-1
1.377715,1.377715,1.377715,1.377715,-1.0,-1.0,-1
1.377715,1.377715,1.377715,1.377715,-1.0,-1.0,-1
1.377715,1.377715,1.377715,1.377715,-1.0,-1.0,-1
1.377715,1.377715,1.377715,1.377715,-1.0,-1.0,-1
1.377715,1.377715,1.377715,1.377715,-1.0,-1.0,-1
1.377715,1.377715,1.377715,1.377715,-1.0,-1.0,-1
1.377715,1.377715,1.377715,1.377715,-1.0,-1.0,-1
1.377715,1.377715,1.377715,1.377715,-1.0,-1.0,-1
1.377715,1.377715,1.3777,1.3777,-1.0,-1.0,-1
1.3777,1.3777,1.3777,1.3777,-1.0,-1.0,-1
1.3777,1.3777,1.3777,1.3777,-1.0,-1.0,-1
1.3777,1.3777,1.3777,1.3777,-1.0,-1.0,-1
1.3777,1.3777,1.3777,1.3777,-1.0,-1.0,-1
1.3777,1.3777,1.3777,1.3777,-1.0,-1.0,-1
1.3777,1.3777,1.3777,1.3777,-1.0,-1.0,-1
1.3777,1.3777,1.3777,1.3777,-1.0,-1.0,-1
1.3777,1.3777,1.3777,1.3777,-1.0,-1.0,-1
1.3777,1.3777,1.3777,1.3777,-1.0,-1.0,-1
1.3777,1.3777,1.3777,1.3777,-1.0,-1.0,-1
1.3777,1.3777,1.3777,1.3777,-1.0,-1.0,-1
1.3777,1.3777,1.3777,1.3777,-1.0,-1.0,-1
1.3777,1.3777,1.3777,1.3777,-1.0,-1.0,-1
1.3777,1.3777,1.3777,1.3777,-1.0,-1.0,-1
1.3777,1.3777,1.3777,1.3777,-1.0,-1.0,-1
1.3777,1.37772,1.3777,1.37772,-1.0,-1.0,-1
1.37772,1.37777,1.37772,1.37777,-1.0,-1.0,-1
1.37777,1.37777,1.377765,1.377765,-1.0,-1.0,-1
1.377765,1.377765,1.377765,1.377765,-1.0,-1.0,-1
1.377765,1.377765,1.37776,1.37776,-1.0,-1.0,-1
1.37776,1.37776,1.37774,1.37774,-1.0,-1.0,-1
1.37774,1.377745,1.377735,1.377735,-1.0,-1.0,-1
1.377735,1.37774,1.377735,1.377735,-1.0,-1.0,-1
1.377735,1.37774,1.377735,1.377735,-1.0,-1.0,-1
1.377735,1.377795,1.377725,1.37778,-1.0,-1.0,-1
1.37778,1.37778,1.377765,1.377765,-1.0,-1.0,-1
1.377765,1.377765,1.37774,1.37774,-1.0,-1.0,-1
1.37774,1.377745,1.37774,1.37774,-1.0,-1.0,-1
1.37774,1.377745,1.37774,1.37774,-1.0,-1.0,-1
1.37774,1.377835,1.37764,1.37768,-1.0,-1.0,-1
1.37768,1.377685,1.37766,1.377685,-1.0,-1.0,-1
1.377685,1.377695,1.37766,1.377665,-1.0,-1.0,-1
1.377665,1.377665,1.377645,1.377645,-1.0,-1.0,-1
1.377645,1.377645,1.37763,1.37763,-1.0,-1.0,-1
1.37763,1.377635,1.377625,1.377635,-1.0,-1.0,-1
1.377635,1.377635,1.37749,1.37749,-1.0,-1.0,-1
1.37749,1.37749,1.37749,1.37749,-1.0,-1.0,-1
1.37749,1.377575,1.37749,1.377575,-1.0,-1.0,-1
1.377575,1.37758,1.377575,1.37758,-1.0,-1.0,-1
1.37758,1.377585,1.37758,1.377585,-1.0,-1.0,-1
1.377585,1.377585,1.377585,1.377585,-1.0,-1.0,-1
1.377585,1.37759,1.377585,1.37759,-1.0,-1.0,-1
1.37759,1.377595,1.37759,1.377595,-1.0,-1.0,-1
1.377595,1.377595,1.377595,1.377595,-1.0,-1.0,-1
1.377595,1.377595,1.377585,1.377585,-1.0,-1.0,-1
1.377585,1.377585,1.377585,1.377585,-1.0,-1.0,-1
1.377585,1.377595,1.377585,1.377585,-1.0,-1.0,-1
1.377585,1.37759,1.377585,1.37759,-1.0,-1.0,-1
1.37759,1.377595,1.377585,1.377595,-1.0,-1.0,-1
1.377595,1.377595,1.377595,1.377595,-1.0,-1.0,-1
1.377595,1.377595,1.377595,1.377595,-1.0,-1.0,-1
1.377595,1.3776,1.377595,1.3776,-1.0,-1.0,-1
1.3776,1.377605,1.377595,1.377605,-1.0,-1.0,-1
1.377605,1.377605,1.3776,1.377605,-1.0,-1.0,-1
1.377605,1.377605,1.377595,1.3776,-1.0,-1.0,-1
1.3776,1.3776,1.377595,1.377595,-1.0,-1.0,-1
1.377595,1.377595,1.377585,1.377585,-1.0,-1.0,-1
1.377585,1.377585,1.377585,1.377585,-1.0,-1.0,-1
1.377585,1.377585,1.377585,1.377585,-1.0,-1.0,-1
1.377585,1.377585,1.377585,1.377585,-1.0,-1.0,-1
1.377585,1.377585,1.377585,1.377585,-1.0,-1.0,-1
1.377585,1.377585,1.37758,1.377585,-1.0,-1.0,-1
1.377585,1.377585,1.377585,1.377585,-1.0,-1.0,-1
1.377585,1.377585,1.377585,1.377585,-1.0,-1.0,-1
1.377585,1.377585,1.377585,1.377585,-1.0,-1.0,-1
1.377585,1.377585,1.377585,1.377585,-1.0,-1.0,-1
1.377585,1.377595,1.377585,1.377595,-1.0,-1.0,-1
1.377595,1.377605,1.377595,1.377605,-1.0,-1.0,-1
1.377605,1.377605,1.3776,1.377605,-1.0,-1.0,-1
1.377605,1.377605,1.377595,1.3776,-1.0,-1.0,-1
1.3776,1.3776,1.377595,1.3776,-1.0,-1.0,-1
1.3776,1.377605,1.377595,1.3776,-1.0,-1.0,-1
1.3776,1.3776,1.377595,1.377595,-1.0,-1.0,-1
1.377595,1.377595,1.377595,1.377595,-1.0,-1.0,-1
1.377595,1.3776,1.377595,1.3776,-1.0,-1.0,-1
1.3776,1.3776,1.377595,1.3776,-1.0,-1.0,-1
1.3776,1.3776,1.37759,1.377595,-1.0,-1.0,-1
1.377595,1.3776,1.377595,1.377595,-1.0,-1.0,-1
1.377595,1.377595,1.377595,1.377595,-1.0,-1.0,-1
1.377595,1.377615,1.377595,1.377615,-1.0,-1.0,-1
1.377615,1.377615,1.377595,1.3776,-1.0,-1.0,-1
1.3776,1.3776,1.377595,1.377595,-1.0,-1.0,-1
1.377595,1.377595,1.377595,1.377595,-1.0,-1.0,-1
1.377595,1.3776,1.377595,1.377595,-1.0,-1.0,-1
1.377595,1.3776,1.377595,1.377595,-1.0,-1.0,-1
1.377595,1.3776,1.377595,1.3776,-1.0,-1.0,-1
1.3776,1.3776,1.377595,1.377595,-1.0,-1.0,-1
1.377595,1.3776,1.377595,1.377595,-1.0,-1.0,-1
1.377595,1.377595,1.377595,1.377595,-1.0,-1.0,-1
1.377595,1.3776,1.377595,1.3776,-1.0,-1.0,-1
1.3776,1.3776,1.377595,1.377595,-1.0,-1.0,-1
1.377595,1.3776,1.377595,1.3776,-1.0,-1.0,-1
1.3776,1.377605,1.3776,1.377605,-1.0,-1.0,-1
1.377605,1.377605,1.377595,1.3776,-1.0,-1.0,-1
1.3776,1.3776,1.377595,1.3776,-1.0,-1.0,-1
1.3776,1.3776,1.377595,1.3776,-1.0,-1.0,-1
1.3776,1.3776,1.377595,1.3776,-1.0,-1.0,-1
1.3776,1.3776,1.377595,1.3776,-1.0,-1.0,-1
1.3776,1.3776,1.377595,1.3776,-1.0,-1.0,-1
1.3776,1.3776,1.377595,1.3776,-1.0,-1.0,-1
1.3776,1.377615,1.377595,1.377615,-1.0,-1.0,-1
1.377615,1.37762,1.377615,1.37762,-1.0,-1.0,-1
1.37762,1.37762,1.37762,1.37762,-1.0,-1.0,-1
1.37762,1.377625,1.37762,1.377625,-1.0,-1.0,-1
1.377625,1.377625,1.377625,1.377625,-1.0,-1.0,-1
1.377625,1.377625,1.377625,1.377625,-1.0,-1.0,-1
1.377625,1.377625,1.377625,1.377625,-1.0,-1.0,-1
1.377625,1.377625,1.377625,1.377625,-1.0,-1.0,-1
1.377625,1.377625,1.377625,1.377625,-1.0,-1.0,-1
1.377625,1.377625,1.377625,1.377625,-1.0,-1.0,-1
1.377625,1.377625,1.377625,1.377625,-1.0,-1.0,-1
1.377625,1.377625,1.377625,1.377625,-1.0,-1.0,-1
1.377625,1.377625,1.377625,1.377625,-1.0,-1.0,-1
1.377625,1.37763,1.377625,1.37763,-1.0,-1.0,-1
1.37763,1.37763,1.37763,1.37763,-1.0,-1.0,-1
1.37763,1.37763,1.377625,1.377625,-1.0,-1.0,-1
1.377625,1.377625,1.37762,1.37762,-1.0,-1.0,-1
1.37762,1.37762,1.37762,1.37762,-1.0,-1.0,-1
1.37762,1.37762,1.37762,1.37762,-1.0,-1.0,-1
1.37762,1.37762,1.37762,1.37762,-1.0,-1.0,-1
1.37762,1.37762,1.37762,1.37762,-1.0,-1.0,-1
1.37762,1.37762,1.37762,1.37762,-1.0,-1.0,-1
1.37762,1.377625,1.37762,1.377625,-1.0,-1.0,-1
1.377625,1.377625,1.377625,1.377625,-1.0,-1.0,-1
1.377625,1.377625,1.37762,1.377625,-1.0,-1.0,-1
1.377625,1.377625,1.377625,1.377625,-1.0,-1.0,-1
1.377625,1.37778,1.37762,1.37767,-1.0,-1.0,-1
1.37767,1.377675,1.37767,1.377675,-1.0,-1.0,-1
1.377675,1.377675,1.37767,1.37767,-1.0,-1.0,-1
1.37767,1.37767,1.37767,1.37767,-1.0,-1.0,-1
1.37767,1.377675,1.37767,1.377675,-1.0,-1.0,-1
1.377675,1.377675,1.377675,1.377675,-1.0,-1.0,-1
1.377675,1.37768,1.377675,1.37768,-1.0,-1.0,-1
1.37768,1.37768,1.37768,1.37768,-1.0,-1.0,-1
1.37768,1.37768,1.37768,1.37768,-1.0,-1.0,-1
1.37768,1.37768,1.37768,1.37768,-1.0,-1.0,-1
1.37768,1.37768,1.37768,1.37768,-1.0,-1.0,-1
1.37768,1.37768,1.37768,1.37768,-1.0,-1.0,-1
1.37768,1.37768,1.37768,1.37768,-1.0,-1.0,-1
1.37768,1.37768,1.37768,1.37768,-1.0,-1.0,-1
1.37768,1.37768,1.377675,1.377675,-1.0,-1.0,-1
1.377675,1.377675,1.377675,1.377675,-1.0,-1.0,-1
1.377675,1.377675,1.377675,1.377675,-1.0,-1.0,-1
1.377675,1.377675,1.377675,1.377675,-1.0,-1.0,-1
1.377675,1.377675,1.377675,1.377675,-1.0,-1.0,-1
1.377675,1.377675,1.377675,1.377675,-1.0,-1.0,-1
1.377675,1.377675,1.377675,1.377675,-1.0,-1.0,-1
1.377675,1.377675,1.377675,1.377675,-1.0,-1.0,-1
1.377675,1.377675,1.377675,1.377675,-1.0,-1.0,-1
1.377675,1.377675,1.377675,1.377675,-1.0,-1.0,-1
1.377675,1.377675,1.377675,1.377675,-1.0,-1.0,-1
1.377675,1.377675,1.377675,1.377675,-1.0,-1.0,-1
1.377675,1.377675,1.377675,1.377675,-1.0,-1.0,-1
1.377675,1.37768,1.377675,1.37768,-1.0,-1.0,-1
1.37768,1.37768,1.37768,1.37768,-1.0,-1.0,-1
1.37768,1.37768,1.37768,1.37768,-1.0,-1.0,-1
1.37768,1.37768,1.37768,1.37768,-1.0,-1.0,-1
1.37768,1.37773,1.377665,1.377685,-1.0,-1.0,-1
1.377685,1.377685,1.377685,1.377685,-1.0,-1.0,-1
1.377685,1.37775,1.377685,1.37775,-1.0,-1.0,-1
1.37775,1.37776,1.37775,1.37776,-1.0,-1.0,-1
1.37776,1.37776,1.37776,1.37776,-1.0,-1.0,-1
1.37776,1.37777,1.37776,1.37777,-1.0,-1.0,-1
1.37777,1.37777,1.377765,1.377765,-1.0,-1.0,-1
1.377765,1.377765,1.377765,1.377765,-1.0,-1.0,-1
1.377765,1.377765,1.377765,1.377765,-1.0,-1.0,-1
1.377765,1.377775,1.377765,1.377775,-1.0,-1.0,-1
1.377775,1.377775,1.377775,1.377775,-1.0,-1.0,-1
1.377775,1.377775,1.377775,1.377775,-1.0,-1.0,-1
1.377775,1.377775,1.377775,1.377775,-1.0,-1.0,-1
1.377775,1.377775,1.377775,1.377775,-1.0,-1.0,-1
1.377775,1.377775,1.37777,1.37777,-1.0,-1.0,-1
1.37777,1.37777,1.37777,1.37777,-1.0,-1.0,-1
1.37777,1.37777,1.377765,1.377765,-1.0,-1.0,-1
1.377765,1.377765,1.377765,1.377765,-1.0,-1.0,-1
1.377765,1.377765,1.377765,1.377765,-1.0,-1.0,-1
1.377765,1.377765,1.377765,1.377765,-1.0,-1.0,-1
1.377765,1.377765,1.377765,1.377765,-1.0,-1.0,-1
1.377765,1.377785,1.377765,1.377785,-1.0,-1.0,-1
1.377785,1.377785,1.377785,1.377785,-1.0,-1.0,-1
1.377785,1.377785,1.377785,1.377785,-1.0,-1.0,-1
1.377785,1.377785,1.377785,1.377785,-1.0,-1.0,-1
1.377785,1.377785,1.377785,1.377785,-1.0,-1.0,-1
1.377785,1.377785,1.377785,1.377785,-1.0,-1.0,-1
1.377785,1.377785,1.377785,1.377785,-1.0,-1.0,-1
1.377785,1.377785,1.377785,1.377785,-1.0,-1.0,-1
1.377785,1.377785,1.377785,1.377785,-1.0,-1.0,-1
1.377785,1.377785,1.377785,1.377785,-1.0,-1.0,-1
1.377785,1.377785,1.377785,1.377785,-1.0,-1.0,-1
1.377785,1.377785,1.377785,1.377785,-1.0,-1.0,-1
1.377785,1.377785,1.377775,1.377775,-1.0,-1.0,-1
1.377775,1.377775,1.377775,1.377775,-1.0,-1.0,-1
1.377775,1.377775,1.377775,1.377775,-1.0,-1.0,-1
1.377775,1.377785,1.377765,1.377765,-1.0,-1.0,-1
1.377765,1.377765,1.377765,1.377765,-1.0,-1.0,-1
1.377765,1.377765,1.377765,1.377765,-1.0,-1.0,-1
1.377765,1.377765,1.377765,1.377765,-1.0,-1.0,-1
1.377765,1.377765,1.377765,1.377765,-1.0,-1.0,-1
1.377765,1.377765,1.377765,1.377765,-1.0,-1.0,-1
1.377765,1.377765,1.377765,1.377765,-1.0,-1.0,-1
1.377765,1.377765,1.377765,1.377765,-1.0,-1.0,-1
1.377765,1.377765,1.377765,1.377765,-1.0,-1.0,-1
1.377765,1.377765,1.377765,1.377765,-1.0,-1.0,-1
1.377765,1.377765,1.37775,1.377755,-1.0,-1.0,-1
1.377755,1.377755,1.377755,1.377755,-1.0,-1.0,-1
1.377755,1.377755,1.377755,1.377755,-1.0,-1.0,-1
1.377755,1.377755,1.377755,1.377755,-1.0,-1.0,-1
1.377755,1.377755,1.377755,1.377755,-1.0,-1.0,-1
1.377755,1.377755,1.377755,1.377755,-1.0,-1.0,-1
1.377755,1.377755,1.37775,1.37775,-1.0,-1.0,-1
1.37775,1.377755,1.37775,1.377755,-1.0,-1.0,-1
1.377755,1.37776,1.377745,1.37775,-1.0,-1.0,-1
1.37775,1.37775,1.37775,1.37775,-1.0,-1.0,-1
1.37775,1.37775,1.377745,1.377745,-1.0,-1.0,-1
1.377745,1.377745,1.37774,1.37774,-1.0,-1.0,-1
1.37774,1.37775,1.37766,1.37766,-1.0,-1.0,-1
1.37766,1.37766,1.377655,1.37766,-1.0,-1.0,-1
1.37766,1.37766,1.377645,1.377645,-1.0,-1.0,-1
1.377645,1.37766,1.377645,1.37765,-1.0,-1.0,-1
1.37765,1.37766,1.37765,1.37766,-1.0,-1.0,-1
1.37766,1.37766,1.37766,1.37766,-1.0,-1.0,-1
1.37766,1.37766,1.37766,1.37766,-1.0,-1.0,-1
1.37766,1.37766,1.37766,1.37766,-1.0,-1.0,-1
1.37766,1.37766,1.377645,1.377645,-1.0,-1.0,-1
1.377645,1.37766,1.377645,1.37766,-1.0,-1.0,-1
1.37766,1.37766,1.37766,1.37766,-1.0,-1.0,-1
1.37766,1.37766,1.37766,1.37766,-1.0,-1.0,-1
1.37766,1.37766,1.37766,1.37766,-1.0,-1.0,-1
1.37766,1.37766,1.37766,1.37766,-1.0,-1.0,-1
1.37766,1.37766,1.37766,1.37766,-1.0,-1.0,-1
1.37766,1.37766,1.37766,1.37766,-1.0,-1.0,-1
1.37766,1.377665,1.37766,1.37766,-1.0,-1.0,-1
1.37766,1.37766,1.37765,1.37765,-1.0,-1.0,-1
1.37765,1.37766,1.37765,1.37766,-1.0,-1.0,-1
1.37766,1.37766,1.37766,1.37766,-1.0,-1.0,-1
1.37766,1.37766,1.37766,1.37766,-1.0,-1.0,-1
1.37766,1.37766,1.37766,1.37766,-1.0,-1.0,-1
1.37766,1.37767,1.37766,1.37767,-1.0,-1.0,-1
1.37767,1.37767,1.37766,1.37766,-1.0,-1.0,-1
1.37766,1.37766,1.37766,1.37766,-1.0,-1.0,-1
1.37766,1.37766,1.37766,1.37766,-1.0,-1.0,-1
1.37766,1.37766,1.37765,1.37765,-1.0,-1.0,-1
1.37765,1.37766,1.37765,1.37765,-1.0,-1.0,-1
1.37765,1.37765,1.37765,1.37765,-1.0,-1.0,-1
1.37765,1.37765,1.37765,1.37765,-1.0,-1.0,-1
1.37765,1.377655,1.377635,1.377655,-1.0,-1.0,-1
1.377655,1.377655,1.377655,1.377655,-1.0,-1.0,-1
1.377655,1.377655,1.377655,1.377655,-1.0,-1.0,-1
1.377655,1.377655,1.377655,1.377655,-1.0,-1.0,-1
1.377655,1.377655,1.377655,1.377655,-1.0,-1.0,-1
1.377655,1.377655,1.377655,1.377655,-1.0,-1.0,-1
1.377655,1.377655,1.377655,1.377655,-1.0,-1.0,-1
1.377655,1.377655,1.377655,1.377655,-1.0,-1.0,-1
1.377655,1.377655,1.377655,1.377655,-1.0,-1.0,-1
1.377655,1.377655,1.377655,1.377655,-1.0,-1.0,-1
1.377655,1.377655,1.377655,1.377655,-1.0,-1.0,-1
1.377655,1.377655,1.377655,1.377655,-1.0,-1.0,-1
1.377655,1.377655,1.377655,1.377655,-1.0,-1.0,-1
1.377655,1.377655,1.377655,1.377655,-1.0,-1.0,-1
1.377655,1.377655,1.377655,1.377655,-1.0,-1.0,-1
1.377655,1.377655,1.377655,1.377655,-1.0,-1.0,-1
1.377655,1.37766,1.377655,1.377655,-1.0,-1.0,-1
1.377655,1.377655,1.377655,1.377655,-1.0,-1.0,-1
1.377655,1.377655,1.377655,1.377655,-1.0,-1.0,-1
1.377655,1.377655,1.377655,1.377655,-1.0,-1.0,-1
1.377655,1.377655,1.377655,1.377655,-1.0,-1.0,-1
1.377655,1.377655,1.377645,1.37765,-1.0,-1.0,-1
1.37765,1.37765,1.37764,1.377645,-1.0,-1.0,-1
1.377645,1.377655,1.37764,1.377655,-1.0,-1.0,-1
1.377655,1.377655,1.377655,1.377655,-1.0,-1.0,-1
1.377655,1.377655,1.377655,1.377655,-1.0,-1.0,-1
1.377655,1.377655,1.377655,1.377655,-1.0,-1.0,-1
1.377655,1.377655,1.377655,1.377655,-1.0,-1.0,-1
1.377655,1.377655,1.377655,1.377655,-1.0,-1.0,-1
1.377655,1.377655,1.377655,1.377655,-1.0,-1.0,-1
1.377655,1.377655,1.377655,1.377655,-1.0,-1.0,-1
1.377655,1.377655,1.377655,1.377655,-1.0,-1.0,-1
1.377655,1.377655,1.377655,1.377655,-1.0,-1.0,-1
1.377655,1.377655,1.377655,1.377655,-1.0,-1.0,-1
1.377655,1.377655,1.37764,1.377645,-1.0,-1.0,-1
1.377645,1.37765,1.37764,1.37765,-1.0,-1.0,-1
1.37765,1.377655,1.377645,1.377655,-1.0,-1.0,-1
1.377655,1.377655,1.377655,1.377655,-1.0,-1.0,-1
1.377655,1.377655,1.377655,1.377655,-1.0,-1.0,-1
1.377655,1.377655,1.377655,1.377655,-1.0,-1.0,-1
1.377655,1.377655,1.37764,1.377645,-1.0,-1.0,-1
1.377645,1.37765,1.37764,1.37765,-1.0,-1.0,-1
1.37765,1.37765,1.37764,1.377645,-1.0,-1.0,-1
1.377645,1.377645,1.37764,1.377645,-1.0,-1.0,-1
1.377645,1.377645,1.37764,1.377645,-1.0,-1.0,-1
1.377645,1.377645,1.37764,1.377645,-1.0,-1.0,-1
1.377645,1.377645,1.37764,1.377645,-1.0,-1.0,-1
1.377645,1.377645,1.37764,1.377645,-1.0,-1.0,-1
1.377645,1.377645,1.37764,1.377645,-1.0,-1.0,-1
1.377645,1.377645,1.37764,1.377645,-1.0,-1.0,-1
1.377645,1.377645,1.37764,1.377645,-1.0,-1.0,-1
1.377645,1.37765,1.37764,1.37765,-1.0,-1.0,-1
1.37765,1.37765,1.37764,1.377645,-1.0,-1.0,-1
1.377645,1.377645,1.37764,1.377645,-1.0,-1.0,-1
1.377645,1.377645,1.37764,1.377645,-1.0,-1.0,-1
1.377645,1.377645,1.37764,1.37764,-1.0,-1.0,-1
1.37764,1.37764,1.37764,1.37764,-1.0,-1.0,-1
1.37764,1.37764,1.37764,1.37764,-1.0,-1.0,-1
1.37764,1.37764,1.377635,1.377635,-1.0,-1.0,-1
1.377635,1.377635,1.377635,1.377635,-1.0,-1.0,-1
1.377635,1.377635,1.377635,1.377635,-1.0,-1.0,-1
1.377635,1.37764,1.377635,1.37764,-1.0,-1.0,-1
1.37764,1.37764,1.37764,1.37764,-1.0,-1.0,-1
1.37764,1.37764,1.37764,1.37764,-1.0,-1.0,-1
1.37764,1.37764,1.37764,1.37764,-1.0,-1.0,-1
1.37764,1.37764,1.37764,1.37764,-1.0,-1.0,-1
1.37764,1.37764,1.377635,1.377635,-1.0,-1.0,-1
1.377635,1.377635,1.377635,1.377635,-1.0,-1.0,-1
1.377635,1.377635,1.377635,1.377635,-1.0,-1.0,-1
1.377635,1.377635,1.377625,1.377625,-1.0,-1.0,-1
1.377625,1.377635,1.377625,1.377635,-1.0,-1.0,-1
1.377635,1.377635,1.377635,1.377635,-1.0,-1.0,-1
1.377635,1.377635,1.377635,1.377635,-1.0,-1.0,-1
1.377635,1.377635,1.377635,1.377635,-1.0,-1.0,-1
1.377635,1.377635,1.377635,1.377635,-1.0,-1.0,-1
1.377635,1.377635,1.377635,1.377635,-1.0,-1.0,-1
1.377635,1.37765,1.377635,1.37765,-1.0,-1.0,-1
1.37765,1.37765,1.37764,1.377645,-1.0,-1.0,-1
1.377645,1.377645,1.37764,1.377645,-1.0,-1.0,-1
1.377645,1.377645,1.37764,1.377645,-1.0,-1.0,-1
1.377645,1.377645,1.37764,1.377645,-1.0,-1.0,-1
1.377645,1.377645,1.37764,1.377645,-1.0,-1.0,-1
1.377645,1.377645,1.37764,1.377645,-1.0,-1.0,-1
1.377645,1.377645,1.37764,1.377645,-1.0,-1.0,-1
1.377645,1.37765,1.37764,1.37765,-1.0,-1.0,-1
1.37765,1.37765,1.37765,1.37765,-1.0,-1.0,-1
1.37765,1.37765,1.37765,1.37765,-1.0,-1.0,-1
1.37765,1.37765,1.37765,1.37765,-1.0,-1.0,-1
1.37765,1.37765,1.37765,1.37765,-1.0,-1.0,-1
1.37765,1.37765,1.37765,1.37765,-1.0,-1.0,-1
1.37765,1.37765,1.37765,1.37765,-1.0,-1.0,-1
1.37765,1.37765,1.37765,1.37765,-1.0,-1.0,-1
1.37765,1.377655,1.37765,1.377655,-1.0,-1.0,-1
1.377655,1.37766,1.377655,1.37766,-1.0,-1.0,-1
1.37766,1.37766,1.37766,1.37766,-1.0,-1.0,-1
1.37766,1.37766,1.37765,1.37765,-1.0,-1.0,-1
1.37765,1.37766,1.37765,1.37766,-1.0,-1.0,-1
1.37766,1.37766,1.37766,1.37766,-1.0,-1.0,-1
1.37766,1.37766,1.37766,1.37766,-1.0,-1.0,-1
1.37766,1.37766,1.37766,1.37766,-1.0,-1.0,-1
1.37766,1.37766,1.37766,1.37766,-1.0,-1.0,-1
1.37766,1.37766,1.377655,1.377655,-1.0,-1.0,-1
1.377655,1.37766,1.377655,1.37766,-1.0,-1.0,-1
1.37766,1.37766,1.37766,1.37766,-1.0,-1.0,-1
1.37766,1.37766,1.37765,1.37765,-1.0,-1.0,-1
1.37765,1.37765,1.37765,1.37765,-1.0,-1.0,-1
1.37765,1.37765,1.37765,1.37765,-1.0,-1.0,-1
1.37765,1.37765,1.37765,1.37765,-1.0,-1.0,-1
1.37765,1.37765,1.37765,1.37765,-1.0,-1.0,-1
1.37765,1.37765,1.37765,1.37765,-1.0,-1.0,-1
1.37765,1.37765,1.37765,1.37765,-1.0,-1.0,-1
1.37765,1.37765,1.37765,1.37765,-1.0,-1.0,-1
1.37765,1.37765,1.37765,1.37765,-1.0,-1.0,-1
1.37765,1.37765,1.37765,1.37765,-1.0,-1.0,-1
1.37765,1.37765,1.37765,1.37765,-1.0,-1.0,-1
1.37765,1.37765,1.37765,1.37765,-1.0,-1.0,-1
1.37765,1.37765,1.37765,1.37765,-1.0,-1.0,-1
1.37765,1.37765,1.37765,1.37765,-1.0,-1.0,-1
1.37765,1.37765,1.37765,1.37765,-1.0,-1.0,-1
1.37765,1.37765,1.37765,1.37765,-1.0,-1.0,-1
1.37765,1.37765,1.37765,1.37765,-1.0,-1.0,-1
1.37765,1.37765,1.37765,1.37765,-1.0,-1.0,-1
1.37765,1.37765,1.37765,1.37765,-1.0,-1.0,-1
1.37765,1.37765,1.37765,1.37765,-1.0,-1.0,-1
1.37765,1.37765,1.37765,1.37765,-1.0,-1.0,-1
1.37765,1.37765,1.37765,1.37765,-1.0,-1.0,-1
1.37765,1.37765,1.37765,1.37765,-1.0,-1.0,-1
1.37765,1.377655,1.37765,1.377655,-1.0,-1.0,-1
1.377655,1.37766,1.377655,1.37766,-1.0,-1.0,-1
1.37766,1.37766,1.377655,1.377655,-1.0,-1.0,-1
1.377655,1.377655,1.377655,1.377655,-1.0,-1.0,-1
1.377655,1.377655,1.377655,1.377655,-1.0,-1.0,-1
1.377655,1.377655,1.377655,1.377655,-1.0,-1.0,-1
1.377655,1.377655,1.377655,1.377655,-1.0,-1.0,-1
1.377655,1.37766,1.377655,1.377655,-1.0,-1.0,-1
1.377655,1.377655,1.37765,1.37765,-1.0,-1.0,-1
1.37765,1.377655,1.37765,1.377655,-1.0,-1.0,-1
1.377655,1.377655,1.377655,1.377655,-1.0,-1.0,-1
1.377655,1.377655,1.377655,1.377655,-1.0,-1.0,-1
1.377655,1.377655,1.377655,1.377655,-1.0,-1.0,-1
1.377655,1.377655,1.377655,1.377655,-1.0,-1.0,-1
1.377655,1.377655,1.377655,1.377655,-1.0,-1.0,-1
1.377655,1.377655,1.37765,1.377655,-1.0,-1.0,-1
1.377655,1.377655,1.377655,1.377655,-1.0,-1.0,-1
1.377655,1.377655,1.377655,1.377655,-1.0,-1.0,-1
1.377655,1.37766,1.377655,1.37766,-1.0,-1.0,-1
1.37766,1.37766,1.377655,1.377655,-1.0,-1.0,-1
1.377655,1.377655,1.377655,1.377655,-1.0,-1.0,-1
1.377655,1.377655,1.377655,1.377655,-1.0,-1.0,-1
1.377655,1.377655,1.377655,1.377655,-1.0,-1.0,-1
1.377655,1.377655,1.377575,1.377575,-1.0,-1.0,-1
1.377575,1.377575,1.377575,1.377575,-1.0,-1.0,-1
1.377575,1.377575,1.37756,1.37756,-1.0,-1.0,-1
1.37756,1.37756,1.377555,1.377555,-1.0,-1.0,-1
1.377555,1.37756,1.377555,1.37756,-1.0,-1.0,-1
1.37756,1.37756,1.37756,1.37756,-1.0,-1.0,-1
1.37756,1.377565,1.37756,1.377565,-1.0,-1.0,-1
1.377565,1.37757,1.377565,1.37757,-1.0,-1.0,-1
1.37757,1.37757,1.37757,1.37757,-1.0,-1.0,-1
1.37757,1.377575,1.377565,1.377565,-1.0,-1.0,-1
1.377565,1.377565,1.377565,1.377565,-1.0,-1.0,-1
1.377565,1.377565,1.377565,1.377565,-1.0,-1.0,-1
1.377565,1.37757,1.377565,1.37757,-1.0,-1.0,-1
1.37757,1.37757,1.377545,1.37755,-1.0,-1.0,-1
1.37755,1.377555,1.377545,1.377555,-1.0,-1.0,-1
1.377555,1.37756,1.37755,1.37756,-1.0,-1.0,-1
1.37756,1.37756,1.37756,1.37756,-1.0,-1.0,-1
1.37756,1.37756,1.37756,1.37756,-1.0,-1.0,-1
1.37756,1.37758,1.37755,1.377555,-1.0,-1.0,-1
1.377555,1.37756,1.37755,1.37756,-1.0,-1.0,-1
1.37756,1.377585,1.37756,1.377585,-1.0,-1.0,-1
1.377585,1.377585,1.377575,1.377575,-1.0,-1.0,-1
1.377575,1.377585,1.377575,1.377585,-1.0,-1.0,-1
1.377585,1.377585,1.37758,1.37758,-1.0,-1.0,-1
1.37758,1.377595,1.37758,1.377595,-1.0,-1.0,-1
1.377595,1.377595,1.377595,1.377595,-1.0,-1.0,-1
1.377595,1.377595,1.377595,1.377595,-1.0,-1.0,-1
1.377595,1.377595,1.377595,1.377595,-1.0,-1.0,-1
1.377595,1.377595,1.377595,1.377595,-1.0,-1.0,-1
1.377595,1.377595,1.377595,1.377595,-1.0,-1.0,-1
1.377595,1.377595,1.377595,1.377595,-1.0,-1.0,-1
1.377595,1.377595,1.377595,1.377595,-1.0,-1.0,-1
1.377595,1.377595,1.37759,1.37759,-1.0,-1.0,-1
1.37759,1.37759,1.37759,1.37759,-1.0,-1.0,-1
1.37759,1.37759,1.37759,1.37759,-1.0,-1.0,-1
1.37759,1.37759,1.37759,1.37759,-1.0,-1.0,-1
1.37759,1.37759,1.37759,1.37759,-1.0,-1.0,-1
1.37759,1.37759,1.37759,1.37759,-1.0,-1.0,-1
1.37759,1.37759,1.37759,1.37759,-1.0,-1.0,-1
1.37759,1.37759,1.377585,1.37759,-1.0,-1.0,-1
1.37759,1.37759,1.377585,1.377585,-1.0,-1.0,-1
1.377585,1.377585,1.377585,1.377585,-1.0,-1.0,-1
1.377585,1.377585,1.377585,1.377585,-1.0,-1.0,-1
1.377585,1.377585,1.377585,1.377585,-1.0,-1.0,-1
1.377585,1.377585,1.377585,1.377585,-1.0,-1.0,-1
1.377585,1.377585,1.377585,1.377585,-1.0,-1.0,-1
1.377585,1.377585,1.377585,1.377585,-1.0,-1.0,-1
1.377585,1.377585,1.377585,1.377585,-1.0,-1.0,-1
1.377585,1.377585,1.377585,1.377585,-1.0,-1.0,-1
1.377585,1.377585,1.377585,1.377585,-1.0,-1.0,-1
1.377585,1.377585,1.377585,1.377585,-1.0,-1.0,-1
1.377585,1.377585,1.377585,1.377585,-1.0,-1.0,-1
1.377585,1.377585,1.377575,1.37758,-1.0,-1.0,-1
1.37758,1.37758,1.37758,1.37758,-1.0,-1.0,-1
1.37758,1.377585,1.37758,1.37758,-1.0,-1.0,-1
1.37758,1.37758,1.37758,1.37758,-1.0,-1.0,-1
1.37758,1.37758,1.37758,1.37758,-1.0,-1.0,-1
1.37758,1.37758,1.37758,1.37758,-1.0,-1.0,-1
1.37758,1.37758,1.377575,1.377575,-1.0,-1.0,-1
1.377575,1.377575,1.377575,1.377575,-1.0,-1.0,-1
1.377575,1.377575,1.377575,1.377575,-1.0,-1.0,-1
1.377575,1.377575,1.377575,1.377575,-1.0,-1.0,-1
1.377575,1.37758,1.377575,1.377575,-1.0,-1.0,-1
1.377575,1.377575,1.377575,1.377575,-1.0,-1.0,-1
1.377575,1.377575,1.377575,1.377575,-1.0,-1.0,-1
1.377575,1.377575,1.377565,1.377565,-1.0,-1.0,-1
1.377565,1.377565,1.377565,1.377565,-1.0,-1.0,-1
1.377565,1.37757,1.377565,1.377565,-1.0,-1.0,-1
1.377565,1.377565,1.377565,1.377565,-1.0,-1.0,-1
1.377565,1.377565,1.377565,1.377565,-1.0,-1.0,-1
1.377565,1.377565,1.377565,1.377565,-1.0,-1.0,-1
1.377565,1.377565,1.377565,1.377565,-1.0,-1.0,-1
1.377565,1.37757,1.377565,1.377565,-1.0,-1.0,-1
1.377565,1.377565,1.377565,1.377565,-1.0,-1.0,-1
1.377565,1.377565,1.377565,1.377565,-1.0,-1.0,-1
1.377565,1.37757,1.377565,1.37757,-1.0,-1.0,-1
1.37757,1.37757,1.37757,1.37757,-1.0,-1.0,-1
1.37757,1.377575,1.37757,1.37757,-1.0,-1.0,-1
1.37757,1.377575,1.37757,1.37757,-1.0,-1.0,-1
1.37757,1.37757,1.37757,1.37757,-1.0,-1.0,-1
1.37757,1.37757,1.37757,1.37757,-1.0,-1.0,-1
1.37757,1.37757,1.37757,1.37757,-1.0,-1.0,-1
1.37757,1.37757,1.377565,1.377565,-1.0,-1.0,-1
1.377565,1.37757,1.377565,1.37757,-1.0,-1.0,-1
1.37757,1.37757,1.37757,1.37757,-1.0,-1.0,-1
1.37757,1.37757,1.377565,1.377565,-1.0,-1.0,-1
1.377565,1.37757,1.377565,1.37757,-1.0,-1.0,-1
1.37757,1.37757,1.377565,1.377565,-1.0,-1.0,-1
1.377565,1.377575,1.377565,1.37757,-1.0,-1.0,-1
1.37757,1.37758,1.37757,1.37758,-1.0,-1.0,-1
1.37758,1.377595,1.377575,1.377595,-1.0,-1.0,-1
1.377595,1.377595,1.377575,1.377575,-1.0,-1.0,-1
1.377575,1.37758,1.377575,1.37758,-1.0,-1.0,-1
1.37758,1.37758,1.37758,1.37758,-1.0,-1.0,-1
1.37758,1.37758,1.377575,1.377575,-1.0,-1.0,-1
1.377575,1.37759,1.377575,1.377585,-1.0,-1.0,-1
1.377585,1.37759,1.377575,1.37759,-1.0,-1.0,-1
1.37759,1.37759,1.37758,1.377585,-1.0,-1.0,-1
1.377585,1.377585,1.377585,1.377585,-1.0,-1.0,-1
1.377585,1.377585,1.377585,1.377585,-1.0,-1.0,-1
1.377585,1.377585,1.377585,1.377585,-1.0,-1.0,-1
1.377585,1.377585,1.377585,1.377585,-1.0,-1.0,-1
1.377585,1.377585,1.377585,1.377585,-1.0,-1.0,-1
1.377585,1.377585,1.377585,1.377585,-1.0,-1.0,-1
1.377585,1.377585,1.377585,1.377585,-1.0,-1.0,-1
1.377585,1.377585,1.377575,1.377575,-1.0,-1.0,-1
1.377575,1.37758,1.377575,1.37758,-1.0,-1.0,-1
1.37758,1.37758,1.377575,1.37758,-1.0,-1.0,-1
1.37758,1.377585,1.377575,1.377585,-1.0,-1.0,-1
1.377585,1.377585,1.37758,1.37758,-1.0,-1.0,-1
1.37758,1.37758,1.37758,1.37758,-1.0,-1.0,-1
1.37758,1.37758,1.37758,1.37758,-1.0,-1.0,-1
1.37758,1.37758,1.377575,1.377575,-1.0,-1.0,-1
1.377575,1.37758,1.377575,1.37758,-1.0,-1.0,-1
1.37758,1.37758,1.37758,1.37758,-1.0,-1.0,-1
1.37758,1.37758,1.377565,1.377565,-1.0,-1.0,-1
1.377565,1.377565,1.377555,1.37756,-1.0,-1.0,-1
1.37756,1.37756,1.37756,1.37756,-1.0,-1.0,-1
1.37756,1.37756,1.37756,1.37756,-1.0,-1.0,-1
1.37756,1.37756,1.37756,1.37756,-1.0,-1.0,-1
1.37756,1.37756,1.377555,1.37756,-1.0,-1.0,-1
1.37756,1.37756,1.377555,1.377555,-1.0,-1.0,-1
1.377555,1.37756,1.377555,1.37756,-1.0,-1.0,-1
1.37756,1.377565,1.377555,1.37756,-1.0,-1.0,-1
1.37756,1.37756,1.37756,1.37756,-1.0,-1.0,-1
1.37756,1.37756,1.377555,1.37756,-1.0,-1.0,-1
1.37756,1.37756,1.377555,1.377555,-1.0,-1.0,-1
1.377555,1.377555,1.37749,1.37749,-1.0,-1.0,-1
1.37749,1.377495,1.377465,1.377465,-1.0,-1.0,-1
1.377465,1.37747,1.377465,1.377465,-1.0,-1.0,-1
1.377465,1.37747,1.377465,1.377465,-1.0,-1.0,-1
1.377465,1.37747,1.377465,1.377465,-1.0,-1.0,-1
1.377465,1.37747,1.37746,1.37746,-1.0,-1.0,-1
1.37746,1.377475,1.37746,1.377475,-1.0,-1.0,-1
1.377475,1.37748,1.377475,1.37748,-1.0,-1.0,-1
1.37748,1.37748,1.377475,1.377475,-1.0,-1.0,-1
1.377475,1.37748,1.377475,1.37748,-1.0,-1.0,-1
1.37748,1.377485,1.37748,1.377485,-1.0,-1.0,-1
1.377485,1.377485,1.377485,1.377485,-1.0,-1.0,-1
1.377485,1.377485,1.37748,1.37748,-1.0,-1.0,-1
1.37748,1.377485,1.37748,1.377485,-1.0,-1.0,-1
1.377485,1.377485,1.377465,1.377465,-1.0,-1.0,-1
1.377465,1.37747,1.37746,1.37746,-1.0,-1.0,-1
1.37746,1.377465,1.37746,1.37746,-1.0,-1.0,-1
1.37746,1.37747,1.37746,1.37746,-1.0,-1.0,-1
1.37746,1.377465,1.37746,1.37746,-1.0,-1.0,-1
1.37746,1.377465,1.37746,1.37746,-1.0,-1.0,-1
1.37746,1.377465,1.37746,1.37746,-1.0,-1.0,-1
1.37746,1.377465,1.37746,1.37746,-1.0,-1.0,-1
1.37746,1.377465,1.37746,1.37746,-1.0,-1.0,-1
1.37746,1.377505,1.37746,1.377495,-1.0,-1.0,-1
1.377495,1.3775,1.37748,1.37748,-1.0,-1.0,-1
1.37748,1.37748,1.377475,1.377475,-1.0,-1.0,-1
1.377475,1.377475,1.377475,1.377475,-1.0,-1.0,-1
1.377475,1.377475,1.377465,1.377465,-1.0,-1.0,-1
1.377465,1.37747,1.377465,1.377465,-1.0,-1.0,-1
1.377465,1.377475,1.377465,1.377475,-1.0,-1.0,-1
1.377475,1.37748,1.377475,1.37748,-1.0,-1.0,-1
1.37748,1.37748,1.37748,1.37748,-1.0,-1.0,-1
1.37748,1.377485,1.37748,1.37748,-1.0,-1.0,-1
1.37748,1.377485,1.37748,1.377485,-1.0,-1.0,-1
1.377485,1.377485,1.377475,1.377475,-1.0,-1.0,-1
1.377475,1.3775,1.377475,1.3775,-1.0,-1.0,-1
1.3775,1.37751,1.377495,1.377505,-1.0,-1.0,-1
1.377505,1.377505,1.3775,1.3775,-1.0,-1.0,-1
1.3775,1.377505,1.3775,1.377505,-1.0,-1.0,-1
1.377505,1.377505,1.3775,1.3775,-1.0,-1.0,-1
1.3775,1.377505,1.3775,1.3775,-1.0,-1.0,-1
1.3775,1.3775,1.3775,1.3775,-1.0,-1.0,-1
1.3775,1.3775,1.3775,1.3775,-1.0,-1.0,-1
1.3775,1.3775,1.3775,1.3775,-1.0,-1.0,-1
1.3775,1.377505,1.3775,1.3775,-1.0,-1.0,-1
1.3775,1.3775,1.377495,1.377495,-1.0,-1.0,-1
1.377495,1.3775,1.377495,1.3775,-1.0,-1.0,-1
1.3775,1.3775,1.37746,1.37746,-1.0,-1.0,-1
1.37746,1.377465,1.377435,1.377435,-1.0,-1.0,-1
1.377435,1.37744,1.377435,1.37744,-1.0,-1.0,-1
1.37744,1.37747,1.37744,1.37747,-1.0,-1.0,-1
1.37747,1.377475,1.37746,1.377475,-1.0,-1.0,-1
1.377475,1.377475,1.377475,1.377475,-1.0,-1.0,-1
1.377475,1.377475,1.377475,1.377475,-1.0,-1.0,-1
1.377475,1.377475,1.377465,1.377475,-1.0,-1.0,-1
1.377475,1.377475,1.377475,1.377475,-1.0,-1.0,-1
1.377475,1.377475,1.377475,1.377475,-1.0,-1.0,-1
1.377475,1.377475,1.377475,1.377475,-1.0,-1.0,-1
1.377475,1.377475,1.377475,1.377475,-1.0,-1.0,-1
1.377475,1.377475,1.377475,1.377475,-1.0,-1.0,-1
1.377475,1.377475,1.377475,1.377475,-1.0,-1.0,-1
1.377475,1.37748,1.377475,1.37748,-1.0,-1.0,-1
1.37748,1.377485,1.37748,1.377485,-1.0,-1.0,-1
1.377485,1.377485,1.377485,1.377485,-1.0,-1.0,-1
1.377485,1.377485,1.377485,1.377485,-1.0,-1.0,-1
1.377485,1.37749,1.377485,1.37749,-1.0,-1.0,-1
1.37749,1.37749,1.37749,1.37749,-1.0,-1.0,-1
1.37749,1.37749,1.377485,1.377485,-1.0,-1.0,-1
1.377485,1.37749,1.377485,1.37749,-1.0,-1.0,-1
1.37749,1.37749,1.37749,1.37749,-1.0,-1.0,-1
1.37749,1.377575,1.37749,1.377575,-1.0,-1.0,-1
1.377575,1.377575,1.37757,1.37757,-1.0,-1.0,-1
1.37757,1.37757,1.37757,1.37757,-1.0,-1.0,-1
1.37757,1.377635,1.37757,1.377585,-1.0,-1.0,-1
1.377585,1.377585,1.377575,1.377575,-1.0,-1.0,-1
1.377575,1.377625,1.377575,1.377625,-1.0,-1.0,-1
1.377625,1.377625,1.377625,1.377625,-1.0,-1.0,-1
1.377625,1.377705,1.377625,1.37769,-1.0,-1.0,-1
1.37769,1.37769,1.37768,1.37768,-1.0,-1.0,-1
1.37768,1.37768,1.377615,1.377615,-1.0,-1.0,-1
1.377615,1.377615,1.377615,1.377615,-1.0,-1.0,-1
1.377615,1.37762,1.377615,1.37762,-1.0,-1.0,-1
1.37762,1.37762,1.37762,1.37762,-1.0,-1.0,-1
1.37762,1.37762,1.377535,1.377545,-1.0,-1.0,-1
1.377545,1.377545,1.377535,1.377545,-1.0,-1.0,-1
1.377545,1.377565,1.377535,1.377565,-1.0,-1.0,-1
1.377565,1.37757,1.377565,1.377565,-1.0,-1.0,-1
1.377565,1.37757,1.377565,1.37757,-1.0,-1.0,-1
1.37757,1.37757,1.37757,1.37757,-1.0,-1.0,-1
1.37757,1.37757,1.37757,1.37757,-1.0,-1.0,-1
1.37757,1.37757,1.377565,1.377565,-1.0,-1.0,-1
1.377565,1.377565,1.377545,1.377545,-1.0,-1.0,-1
1.377545,1.37755,1.377545,1.37755,-1.0,-1.0,-1
1.37755,1.37755,1.377545,1.37755,-1.0,-1.0,-1
1.37755,1.37755,1.377545,1.377545,-1.0,-1.0,-1
1.377545,1.377545,1.377545,1.377545,-1.0,-1.0,-1
1.377545,1.377545,1.377545,1.377545,-1.0,-1.0,-1
1.377545,1.377545,1.377545,1.377545,-1.0,-1.0,-1
1.377545,1.37755,1.377545,1.37755,-1.0,-1.0,-1
1.37755,1.37755,1.377545,1.37755,-1.0,-1.0,-1
1.37755,1.37755,1.377545,1.37755,-1.0,-1.0,-1
1.37755,1.37755,1.377545,1.37755,-1.0,-1.0,-1
1.37755,1.37755,1.377545,1.37755,-1.0,-1.0,-1
1.37755,1.37755,1.377545,1.377545,-1.0,-1.0,-1
1.377545,1.37755,1.377545,1.377545,-1.0,-1.0,-1
1.377545,1.377545,1.377545,1.377545,-1.0,-1.0,-1
1.377545,1.377545,1.377545,1.377545,-1.0,-1.0,-1
1.377545,1.377545,1.377545,1.377545,-1.0,-1.0,-1
1.377545,1.37755,1.377545,1.37755,-1.0,-1.0,-1
1.37755,1.37755,1.377545,1.37755,-1.0,-1.0,-1
1.37755,1.37755,1.377545,1.37755,-1.0,-1.0,-1
1.37755,1.37755,1.37753,1.37753,-1.0,-1.0,-1
1.37753,1.37753,1.377525,1.377525,-1.0,-1.0,-1
1.377525,1.377525,1.377525,1.377525,-1.0,-1.0,-1
1.377525,1.37753,1.377525,1.37753,-1.0,-1.0,-1
1.37753,1.37753,1.37753,1.37753,-1.0,-1.0,-1
1.37753,1.37753,1.37753,1.37753,-1.0,-1.0,-1
1.37753,1.37753,1.37753,1.37753,-1.0,-1.0,-1
1.37753,1.37753,1.37753,1.37753,-1.0,-1.0,-1
1.37753,1.37753,1.37753,1.37753,-1.0,-1.0,-1
1.37753,1.37753,1.37753,1.37753,-1.0,-1.0,-1
1.37753,1.37753,1.37753,1.37753,-1.0,-1.0,-1
1.37753,1.37753,1.37753,1.37753,-1.0,-1.0,-1
1.37753,1.37753,1.37753,1.37753,-1.0,-1.0,-1
1.37753,1.37753,1.37753,1.37753,-1.0,-1.0,-1
1.37753,1.37753,1.37753,1.37753,-1.0,-1.0,-1
1.37753,1.377545,1.37753,1.37754,-1.0,-1.0,-1
1.37754,1.377545,1.37754,1.37754,-1.0,-1.0,-1
1.37754,1.377545,1.37754,1.37754,-1.0,-1.0,-1
1.37754,1.377545,1.37753,1.377535,-1.0,-1.0,-1
1.377535,1.377545,1.377535,1.377535,-1.0,-1.0,-1
1.377535,1.37758,1.377535,1.37758,-1.0,-1.0,-1
1.37758,1.377585,1.37758,1.377585,-1.0,-1.0,-1
1.377585,1.377585,1.377585,1.377585,-1.0,-1.0,-1
1.377585,1.37759,1.377585,1.37759,-1.0,-1.0,-1
1.37759,1.377595,1.37759,1.377595,-1.0,-1.0,-1
1.377595,1.3776,1.377595,1.3776,-1.0,-1.0,-1
1.3776,1.3776,1.3776,1.3776,-1.0,-1.0,-1
1.3776,1.3776,1.37759,1.37759,-1.0,-1.0,-1
1.37759,1.37759,1.37759,1.37759,-1.0,-1.0,-1
1.37759,1.37759,1.377585,1.377585,-1.0,-1.0,-1
1.377585,1.37759,1.377585,1.377585,-1.0,-1.0,-1
1.377585,1.37759,1.377585,1.37759,-1.0,-1.0,-1
1.37759,1.37759,1.37759,1.37759,-1.0,-1.0,-1
1.37759,1.37759,1.37759,1.37759,-1.0,-1.0,-1
1.37759,1.37759,1.37759,1.37759,-1.0,-1.0,-1
1.37759,1.377595,1.37759,1.377595,-1.0,-1.0,-1
1.377595,1.377595,1.37759,1.37759,-1.0,-1.0,-1
1.37759,1.37759,1.37759,1.37759,-1.0,-1.0,-1
1.37759,1.37759,1.37759,1.37759,-1.0,-1.0,-1
1.37759,1.37759,1.37759,1.37759,-1.0,-1.0,-1
1.37759,1.37759,1.37759,1.37759,-1.0,-1.0,-1
1.37759,1.377595,1.37759,1.377595,-1.0,-1.0,-1
1.377595,1.377595,1.37759,1.37759,-1.0,-1.0,-1
1.37759,1.37759,1.37759,1.37759,-1.0,-1.0,-1
1.37759,1.37759,1.37759,1.37759,-1.0,-1.0,-1
1.37759,1.37759,1.37759,1.37759,-1.0,-1.0,-1
1.37759,1.37759,1.37759,1.37759,-1.0,-1.0,-1
1.37759,1.37759,1.37759,1.37759,-1.0,-1.0,-1
1.37759,1.37759,1.37759,1.37759,-1.0,-1.0,-1
1.37759,1.37759,1.37759,1.37759,-1.0,-1.0,-1
1.37759,1.37759,1.37759,1.37759,-1.0,-1.0,-1
1.37759,1.37759,1.37759,1.37759,-1.0,-1.0,-1
1.37759,1.37759,1.37759,1.37759,-1.0,-1.0,-1
1.37759,1.37759,1.37759,1.37759,-1.0,-1.0,-1
1.37759,1.377595,1.377585,1.377585,-1.0,-1.0,-1
1.377585,1.377595,1.377585,1.377595,-1.0,-1.0,-1
1.377595,1.377595,1.377595,1.377595,-1.0,-1.0,-1
1.377595,1.3776,1.377595,1.3776,-1.0,-1.0,-1
1.3776,1.3776,1.37759,1.37759,-1.0,-1.0,-1
1.37759,1.37759,1.37759,1.37759,-1.0,-1.0,-1
1.37759,1.37759,1.37759,1.37759,-1.0,-1.0,-1
1.37759,1.37759,1.37759,1.37759,-1.0,-1.0,-1
1.37759,1.37759,1.37759,1.37759,-1.0,-1.0,-1
1.37759,1.37759,1.37759,1.37759,-1.0,-1.0,-1
1.37759,1.37759,1.37759,1.37759,-1.0,-1.0,-1
1.37759,1.37759,1.377575,1.37758,-1.0,-1.0,-1
1.37758,1.37758,1.37758,1.37758,-1.0,-1.0,-1
1.37758,1.37758,1.37758,1.37758,-1.0,-1.0,-1
1.37758,1.37759,1.37758,1.37759,-1.0,-1.0,-1
1.37759,1.377595,1.377585,1.377585,-1.0,-1.0,-1
1.377585,1.377585,1.377585,1.377585,-1.0,-1.0,-1
1.377585,1.377595,1.377585,1.37759,-1.0,-1.0,-1
1.37759,1.37759,1.377585,1.37759,-1.0,-1.0,-1
1.37759,1.37759,1.377585,1.37759,-1.0,-1.0,-1
1.37759,1.377595,1.377585,1.377595,-1.0,-1.0,-1
1.377595,1.377675,1.37759,1.377675,-1.0,-1.0,-1
1.377675,1.377675,1.377675,1.377675,-1.0,-1.0,-1
1.377675,1.377675,1.377675,1.377675,-1.0,-1.0,-1
1.377675,1.377675,1.377675,1.377675,-1.0,-1.0,-1
1.377675,1.377685,1.377675,1.377675,-1.0,-1.0,-1
1.377675,1.377675,1.377675,1.377675,-1.0,-1.0,-1
1.377675,1.377675,1.377655,1.377655,-1.0,-1.0,-1
1.377655,1.377655,1.377655,1.377655,-1.0,-1.0,-1
1.377655,1.377655,1.377655,1.377655,-1.0,-1.0,-1
1.377655,1.377655,1.37765,1.37765,-1.0,-1.0,-1
1.37765,1.37765,1.377645,1.377645,-1.0,-1.0,-1
1.377645,1.377645,1.377635,1.377635,-1.0,-1.0,-1
1.377635,1.377635,1.377635,1.377635,-1.0,-1.0,-1
1.377635,1.377645,1.377635,1.377645,-1.0,-1.0,-1
1.377645,1.377645,1.377635,1.377645,-1.0,-1.0,-1
1.377645,1.377645,1.377585,1.377585,-1.0,-1.0,-1
1.377585,1.377585,1.37758,1.37758,-1.0,-1.0,-1
1.37758,1.377585,1.37757,1.37757,-1.0,-1.0,-1
1.37757,1.37757,1.37756,1.377565,-1.0,-1.0,-1
1.377565,1.377565,1.377555,1.377555,-1.0,-1.0,-1
1.377555,1.37756,1.377555,1.377555,-1.0,-1.0,-1
1.377555,1.37756,1.377555,1.377555,-1.0,-1.0,-1
1.377555,1.37756,1.377555,1.377555,-1.0,-1.0,-1
1.377555,1.37756,1.377555,1.377555,-1.0,-1.0,-1
1.377555,1.37756,1.377555,1.377555,-1.0,-1.0,-1
1.377555,1.37756,1.377555,1.377555,-1.0,-1.0,-1
1.377555,1.37757,1.377555,1.37757,-1.0,-1.0,-1
1.37757,1.37757,1.37757,1.37757,-1.0,-1.0,-1
1.37757,1.377575,1.37757,1.377575,-1.0,-1.0,-1
1.377575,1.377575,1.377575,1.377575,-1.0,-1.0,-1
1.377575,1.37758,1.377575,1.37758,-1.0,-1.0,-1
1.37758,1.37758,1.37758,1.37758,-1.0,-1.0,-1
1.37758,1.37758,1.37757,1.37757,-1.0,-1.0,-1
1.37757,1.377575,1.37757,1.377575,-1.0,-1.0,-1
1.377575,1.377575,1.377575,1.377575,-1.0,-1.0,-1
1.377575,1.377575,1.377575,1.377575,-1.0,-1.0,-1
1.377575,1.377575,1.377575,1.377575,-1.0,-1.0,-1
1.377575,1.377575,1.377575,1.377575,-1.0,-1.0,-1
1.377575,1.377575,1.377575,1.377575,-1.0,-1.0,-1
1.377575,1.377575,1.377575,1.377575,-1.0,-1.0,-1
1.377575,1.377575,1.377575,1.377575,-1.0,-1.0,-1
1.377575,1.377585,1.377575,1.377585,-1.0,-1.0,-1
1.377585,1.377585,1.377575,1.377585,-1.0,-1.0,-1
1.377585,1.37763,1.377585,1.37763,-1.0,-1.0,-1
1.37763,1.37763,1.377625,1.377625,-1.0,-1.0,-1
1.377625,1.377625,1.37758,1.37758,-1.0,-1.0,-1
1.37758,1.377585,1.37758,1.37758,-1.0,-1.0,-1
1.37758,1.37758,1.37756,1.377565,-1.0,-1.0,-1
1.377565,1.377565,1.37756,1.377565,-1.0,-1.0,-1
1.377565,1.377565,1.377485,1.377485,-1.0,-1.0,-1
1.377485,1.377495,1.377485,1.377495,-1.0,-1.0,-1
1.377495,1.377515,1.377495,1.37751,-1.0,-1.0,-1
1.37751,1.37751,1.37751,1.37751,-1.0,-1.0,-1
1.37751,1.37751,1.37751,1.37751,-1.0,-1.0,-1
1.37751,1.37751,1.37751,1.37751,-1.0,-1.0,-1
1.37751,1.37751,1.37751,1.37751,-1.0,-1.0,-1
1.37751,1.37751,1.37751,1.37751,-1.0,-1.0,-1
1.37751,1.37751,1.377505,1.37751,-1.0,-1.0,-1
1.37751,1.37758,1.37751,1.377575,-1.0,-1.0,-1
1.377575,1.377575,1.377575,1.377575,-1.0,-1.0,-1
1.377575,1.377575,1.377575,1.377575,-1.0,-1.0,-1
1.377575,1.377575,1.377575,1.377575,-1.0,-1.0,-1
1.377575,1.377575,1.377575,1.377575,-1.0,-1.0,-1
1.377575,1.377575,1.377575,1.377575,-1.0,-1.0,-1
1.377575,1.377575,1.377575,1.377575,-1.0,-1.0,-1
1.377575,1.377575,1.377575,1.377575,-1.0,-1.0,-1
1.377575,1.377575,1.377575,1.377575,-1.0,-1.0,-1
1.377575,1.37758,1.377575,1.37758,-1.0,-1.0,-1
1.37758,1.37758,1.37758,1.37758,-1.0,-1.0,-1
1.37758,1.37758,1.37758,1.37758,-1.0,-1.0,-1
1.37758,1.37758,1.37758,1.37758,-1.0,-1.0,-1
1.37758,1.37758,1.37758,1.37758,-1.0,-1.0,-1
1.37758,1.37758,1.37758,1.37758,-1.0,-1.0,-1
1.37758,1.377585,1.37758,1.377585,-1.0,-1.0,-1
1.377585,1.377585,1.377585,1.377585,-1.0,-1.0,-1
1.377585,1.377585,1.377585,1.377585,-1.0,-1.0,-1
1.377585,1.377585,1.377585,1.377585,-1.0,-1.0,-1
1.377585,1.37759,1.37758,1.37759,-1.0,-1.0,-1
1.37759,1.37759,1.377585,1.377585,-1.0,-1.0,-1
1.377585,1.37759,1.37758,1.37759,-1.0,-1.0,-1
1.37759,1.37759,1.37759,1.37759,-1.0,-1.0,-1
1.37759,1.37759,1.377585,1.377585,-1.0,-1.0,-1
1.377585,1.377585,1.377585,1.377585,-1.0,-1.0,-1
1.377585,1.377585,1.377585,1.377585,-1.0,-1.0,-1
1.377585,1.377585,1.377585,1.377585,-1.0,-1.0,-1
1.377585,1.377585,1.377585,1.377585,-1.0,-1.0,-1
1.377585,1.377585,1.37757,1.377575,-1.0,-1.0,-1
1.377575,1.37758,1.377575,1.37758,-1.0,-1.0,-1
1.37758,1.37758,1.377575,1.377575,-1.0,-1.0,-1
1.377575,1.377575,1.377575,1.377575,-1.0,-1.0,-1
1.377575,1.377585,1.377575,1.377585,-1.0,-1.0,-1
1.377585,1.377585,1.37758,1.37758,-1.0,-1.0,-1
1.37758,1.377585,1.37758,1.377585,-1.0,-1.0,-1
1.377585,1.37759,1.377585,1.377585,-1.0,-1.0,-1
1.377585,1.377585,1.377585,1.377585,-1.0,-1.0,-1
1.377585,1.37759,1.37758,1.377585,-1.0,-1.0,-1
1.377585,1.377585,1.37758,1.37758,-1.0,-1.0,-1
1.37758,1.37758,1.37758,1.37758,-1.0,-1.0,-1
1.37758,1.377585,1.377575,1.377575,-1.0,-1.0,-1
1.377575,1.377575,1.37757,1.37757,-1.0,-1.0,-1
1.37757,1.377575,1.37757,1.377575,-1.0,-1.0,-1
1.377575,1.377575,1.377575,1.377575,-1.0,-1.0,-1
1.377575,1.377575,1.37757,1.37757,-1.0,-1.0,-1
1.37757,1.37757,1.37757,1.37757,-1.0,-1.0,-1
1.37757,1.37757,1.37757,1.37757,-1.0,-1.0,-1
1.37757,1.377575,1.37757,1.377575,-1.0,-1.0,-1
1.377575,1.377575,1.37757,1.377575,-1.0,-1.0,-1
1.377575,1.37758,1.377575,1.37758,-1.0,-1.0,-1
1.37758,1.37758,1.37757,1.37757,-1.0,-1.0,-1
1.37757,1.37758,1.37757,1.377575,-1.0,-1.0,-1
1.377575,1.377585,1.377575,1.377585,-1.0,-1.0,-1
1.377585,1.377585,1.377585,1.377585,-1.0,-1.0,-1
1.377585,1.377595,1.377585,1.377595,-1.0,-1.0,-1
1.377595,1.3776,1.377595,1.377595,-1.0,-1.0,-1
1.377595,1.377635,1.377595,1.3776,-1.0,-1.0,-1
1.3776,1.37762,1.3776,1.37762,-1.0,-1.0,-1
1.37762,1.377635,1.37762,1.377635,-1.0,-1.0,-1
1.377635,1.377635,1.377615,1.37762,-1.0,-1.0,-1
1.37762,1.37762,1.37762,1.37762,-1.0,-1.0,-1
1.37762,1.37762,1.3776,1.3776,-1.0,-1.0,-1
1.3776,1.377605,1.377575,1.377575,-1.0,-1.0,-1
1.377575,1.377575,1.377575,1.377575,-1.0,-1.0,-1
1.377575,1.37758,1.377575,1.377575,-1.0,-1.0,-1
1.377575,1.37758,1.377575,1.37758,-1.0,-1.0,-1
1.37758,1.37758,1.377575,1.37758,-1.0,-1.0,-1
1.37758,1.37758,1.37758,1.37758,-1.0,-1.0,-1
1.37758,1.37758,1.37758,1.37758,-1.0,-1.0,-1
1.37758,1.377595,1.37758,1.377595,-1.0,-1.0,-1
1.377595,1.3776,1.377595,1.377595,-1.0,-1.0,-1
1.377595,1.377595,1.377595,1.377595,-1.0,-1.0,-1
1.377595,1.377645,1.377595,1.377645,-1.0,-1.0,-1
1.377645,1.377645,1.377635,1.37764,-1.0,-1.0,-1
1.37764,1.37764,1.377635,1.377635,-1.0,-1.0,-1
1.377635,1.377635,1.377635,1.377635,-1.0,-1.0,-1
1.377635,1.377635,1.377635,1.377635,-1.0,-1.0,-1
1.377635,1.37764,1.37762,1.37762,-1.0,-1.0,-1
1.37762,1.37763,1.37762,1.37762,-1.0,-1.0,-1
1.37762,1.377635,1.37762,1.377625,-1.0,-1.0,-1
1.377625,1.37763,1.37762,1.37763,-1.0,-1.0,-1
1.37763,1.37764,1.37763,1.37764,-1.0,-1.0,-1
1.37764,1.377645,1.377635,1.377645,-1.0,-1.0,-1
1.377645,1.377645,1.377635,1.37764,-1.0,-1.0,-1
1.37764,1.37764,1.377635,1.37764,-1.0,-1.0,-1
1.37764,1.377645,1.377635,1.377645,-1.0,-1.0,-1
1.377645,1.377645,1.377635,1.377645,-1.0,-1.0,-1
1.377645,1.377665,1.377635,1.377665,-1.0,-1.0,-1
1.377665,1.377665,1.377665,1.377665,-1.0,-1.0,-1
1.377665,1.377665,1.377665,1.377665,-1.0,-1.0,-1
1.377665,1.377675,1.377665,1.377665,-1.0,-1.0,-1
1.377665,1.377665,1.377665,1.377665,-1.0,-1.0,-1
1.377665,1.377665,1.37766,1.37766,-1.0,-1.0,-1
1.37766,1.37767,1.37766,1.37767,-1.0,-1.0,-1
1.37767,1.37767,1.37767,1.37767,-1.0,-1.0,-1
1.37767,1.377675,1.37767,1.377675,-1.0,-1.0,-1
1.377675,1.377675,1.37767,1.377675,-1.0,-1.0,-1
1.377675,1.377675,1.377675,1.377675,-1.0,-1.0,-1
1.377675,1.377675,1.37767,1.377675,-1.0,-1.0,-1
1.377675,1.377675,1.377675,1.377675,-1.0,-1.0,-1
1.377675,1.377675,1.377675,1.377675,-1.0,-1.0,-1
1.377675,1.377675,1.377675,1.377675,-1.0,-1.0,-1
1.377675,1.377675,1.377675,1.377675,-1.0,-1.0,-1
1.377675,1.377675,1.377675,1.377675,-1.0,-1.0,-1
1.377675,1.377675,1.377675,1.377675,-1.0,-1.0,-1
1.377675,1.377675,1.377675,1.377675,-1.0,-1.0,-1
1.377675,1.377675,1.377665,1.377665,-1.0,-1.0,-1
1.377665,1.377665,1.377665,1.377665,-1.0,-1.0,-1
1.377665,1.377665,1.37766,1.37766,-1.0,-1.0,-1
1.37766,1.37766,1.377655,1.37766,-1.0,-1.0,-1
1.37766,1.377665,1.37766,1.37766,-1.0,-1.0,-1
1.37766,1.377665,1.377655,1.377655,-1.0,-1.0,-1
1.377655,1.377665,1.37765,1.377665,-1.0,-1.0,-1
1.377665,1.377665,1.377665,1.377665,-1.0,-1.0,-1
1.377665,1.377665,1.377665,1.377665,-1.0,-1.0,-1
1.377665,1.377665,1.377665,1.377665,-1.0,-1.0,-1
1.377665,1.37767,1.377665,1.377665,-1.0,-1.0,-1
1.377665,1.377665,1.377665,1.377665,-1.0,-1.0,-1
1.377665,1.377665,1.377665,1.377665,-1.0,-1.0,-1
1.377665,1.377665,1.377665,1.377665,-1.0,-1.0,-1
1.377665,1.377665,1.377665,1.377665,-1.0,-1.0,-1
1.377665,1.377665,1.37766,1.37766,-1.0,-1.0,-1
1.37766,1.377665,1.37766,1.377665,-1.0,-1.0,-1
1.377665,1.377665,1.377665,1.377665,-1.0,-1.0,-1
1.377665,1.377665,1.37766,1.37766,-1.0,-1.0,-1
1.37766,1.37766,1.37766,1.37766,-1.0,-1.0,-1
1.37766,1.377665,1.377655,1.37766,-1.0,-1.0,-1
1.37766,1.37768,1.37766,1.37768,-1.0,-1.0,-1
1.37768,1.37768,1.37768,1.37768,-1.0,-1.0,-1
1.37768,1.37768,1.37768,1.37768,-1.0,-1.0,-1
1.37768,1.37768,1.37768,1.37768,-1.0,-1.0,-1
1.37768,1.377685,1.37768,1.37768,-1.0,-1.0,-1
1.37768,1.37768,1.37768,1.37768,-1.0,-1.0,-1
1.37768,1.37768,1.37768,1.37768,-1.0,-1.0,-1
1.37768,1.377685,1.37768,1.377685,-1.0,-1.0,-1
1.377685,1.377685,1.37768,1.37768,-1.0,-1.0,-1
1.37768,1.37768,1.377675,1.37768,-1.0,-1.0,-1
1.37768,1.37768,1.37768,1.37768,-1.0,-1.0,-1
1.37768,1.37768,1.37768,1.37768,-1.0,-1.0,-1
1.37768,1.37768,1.37768,1.37768,-1.0,-1.0,-1
1.37768,1.377685,1.37768,1.37768,-1.0,-1.0,-1
1.37768,1.37768,1.377675,1.37768,-1.0,-1.0,-1
1.37768,1.37768,1.37768,1.37768,-1.0,-1.0,-1
1.37768,1.37768,1.37767,1.37767,-1.0,-1.0,-1
1.37767,1.377675,1.37767,1.37767,-1.0,-1.0,-1
1.37767,1.37767,1.377655,1.377655,-1.0,-1.0,-1
1.377655,1.37768,1.377655,1.377675,-1.0,-1.0,-1
1.377675,1.377725,1.37767,1.377725,-1.0,-1.0,-1
1.377725,1.377725,1.37772,1.377725,-1.0,-1.0,-1
1.377725,1.377725,1.37772,1.37772,-1.0,-1.0,-1
1.37772,1.377735,1.37768,1.37771,-1.0,-1.0,-1
1.37771,1.37771,1.377705,1.377705,-1.0,-1.0,-1
1.377705,1.37771,1.37769,1.37769,-1.0,-1.0,-1
1.37769,1.377705,1.37769,1.377705,-1.0,-1.0,-1
1.377705,1.377705,1.377705,1.377705,-1.0,-1.0,-1
1.377705,1.377705,1.3777,1.377705,-1.0,-1.0,-1
1.377705,1.377705,1.377695,1.377695,-1.0,-1.0,-1
1.377695,1.377695,1.37769,1.37769,-1.0,-1.0,-1
1.37769,1.37769,1.37767,1.37767,-1.0,-1.0,-1
1.37767,1.37768,1.37767,1.377675,-1.0,-1.0,-1
1.377675,1.37768,1.377675,1.377675,-1.0,-1.0,-1
1.377675,1.377675,1.377675,1.377675,-1.0,-1.0,-1
1.377675,1.377675,1.377675,1.377675,-1.0,-1.0,-1
1.377675,1.377675,1.377665,1.377665,-1.0,-1.0,-1
1.377665,1.377665,1.37766,1.37766,-1.0,-1.0,-1
1.37766,1.377675,1.37766,1.377675,-1.0,-1.0,-1
1.377675,1.377675,1.377675,1.377675,-1.0,-1.0,-1
1.377675,1.377675,1.377675,1.377675,-1.0,-1.0,-1
1.377675,1.377675,1.37767,1.37767,-1.0,-1.0,-1
1.37767,1.37767,1.377665,1.377665,-1.0,-1.0,-1
1.377665,1.377665,1.37766,1.37766,-1.0,-1.0,-1
1.37766,1.377665,1.37766,1.377665,-1.0,-1.0,-1
1.377665,1.377665,1.377665,1.377665,-1.0,-1.0,-1
1.377665,1.377665,1.377665,1.377665,-1.0,-1.0,-1
1.377665,1.377665,1.37766,1.377665,-1.0,-1.0,-1
1.377665,1.377675,1.377665,1.37767,-1.0,-1.0,-1
1.37767,1.37767,1.37767,1.37767,-1.0,-1.0,-1
1.37767,1.37767,1.37767,1.37767,-1.0,-1.0,-1
1.37767,1.37767,1.377665,1.377665,-1.0,-1.0,-1
1.377665,1.377665,1.377665,1.377665,-1.0,-1.0,-1
1.377665,1.377665,1.37766,1.377665,-1.0,-1.0,-1
1.377665,1.377665,1.377665,1.377665,-1.0,-1.0,-1
1.377665,1.377665,1.37766,1.37766,-1.0,-1.0,-1
1.37766,1.377665,1.37766,1.377665,-1.0,-1.0,-1
1.377665,1.377665,1.377665,1.377665,-1.0,-1.0,-1
1.377665,1.377665,1.37766,1.37766,-1.0,-1.0,-1
1.37766,1.377665,1.377655,1.377655,-1.0,-1.0,-1
1.377655,1.377665,1.377655,1.377665,-1.0,-1.0,-1
1.377665,1.377665,1.377665,1.377665,-1.0,-1.0,-1
1.377665,1.377665,1.377665,1.377665,-1.0,-1.0,-1
1.377665,1.377675,1.377665,1.37767,-1.0,-1.0,-1
1.37767,1.377675,1.37767,1.37767,-1.0,-1.0,-1
1.37767,1.37767,1.377665,1.377665,-1.0,-1.0,-1
1.377665,1.377665,1.377665,1.377665,-1.0,-1.0,-1
1.377665,1.37767,1.37766,1.377665,-1.0,-1.0,-1
1.377665,1.377665,1.377665,1.377665,-1.0,-1.0,-1
1.377665,1.377665,1.37766,1.37766,-1.0,-1.0,-1
1.37766,1.377665,1.37766,1.377665,-1.0,-1.0,-1
1.377665,1.377665,1.37766,1.37766,-1.0,-1.0,-1
1.37766,1.377695,1.37766,1.377695,-1.0,-1.0,-1
1.377695,1.377705,1.377695,1.377705,-1.0,-1.0,-1
1.377705,1.37771,1.377705,1.37771,-1.0,-1.0,-1
1.37771,1.37771,1.37771,1.37771,-1.0,-1.0,-1
1.37771,1.37771,1.377705,1.377705,-1.0,-1.0,-1
1.377705,1.377705,1.37767,1.37767,-1.0,-1.0,-1
1.37767,1.37767,1.37767,1.37767,-1.0,-1.0,-1
1.37767,1.37767,1.37767,1.37767,-1.0,-1.0,-1
1.37767,1.37767,1.37767,1.37767,-1.0,-1.0,-1
1.37767,1.37767,1.37767,1.37767,-1.0,-1.0,-1
1.37767,1.377675,1.37767,1.377675,-1.0,-1.0,-1
1.377675,1.377675,1.37767,1.37767,-1.0,-1.0,-1
1.37767,1.37767,1.37767,1.37767,-1.0,-1.0,-1
1.37767,1.37772,1.37767,1.37772,-1.0,-1.0,-1
1.37772,1.37772,1.37771,1.37771,-1.0,-1.0,-1
1.37771,1.37771,1.37771,1.37771,-1.0,-1.0,-1
1.37771,1.37771,1.37771,1.37771,-1.0,-1.0,-1
1.37771,1.37771,1.37771,1.37771,-1.0,-1.0,-1
1.37771,1.37771,1.37771,1.37771,-1.0,-1.0,-1
1.37771,1.37771,1.37771,1.37771,-1.0,-1.0,-1
1.37771,1.37771,1.37771,1.37771,-1.0,-1.0,-1
1.37771,1.37771,1.37771,1.37771,-1.0,-1.0,-1
1.37771,1.37771,1.37771,1.37771,-1.0,-1.0,-1
1.37771,1.37771,1.37771,1.37771,-1.0,-1.0,-1
1.37771,1.37772,1.37771,1.37772,-1.0,-1.0,-1
1.37772,1.37773,1.377715,1.37772,-1.0,-1.0,-1
1.37772,1.37772,1.377715,1.37772,-1.0,-1.0,-1
1.37772,1.37772,1.37771,1.37771,-1.0,-1.0,-1
1.37771,1.37771,1.37771,1.37771,-1.0,-1.0,-1
1.37771,1.37772,1.37771,1.37771,-1.0,-1.0,-1
1.37771,1.37772,1.37771,1.37771,-1.0,-1.0,-1
1.37771,1.37772,1.37771,1.37772,-1.0,-1.0,-1
1.37772,1.37772,1.37771,1.37771,-1.0,-1.0,-1
1.37771,1.37771,1.37771,1.37771,-1.0,-1.0,-1
1.37771,1.37771,1.37771,1.37771,-1.0,-1.0,-1
1.37771,1.37771,1.377705,1.37771,-1.0,-1.0,-1
1.37771,1.377765,1.37771,1.377765,-1.0,-1.0,-1
1.377765,1.377765,1.37776,1.377765,-1.0,-1.0,-1
1.377765,1.377765,1.377765,1.377765,-1.0,-1.0,-1
1.377765,1.377775,1.377765,1.377775,-1.0,-1.0,-1
1.377775,1.37778,1.37777,1.377775,-1.0,-1.0,-1
1.377775,1.377775,1.37777,1.37777,-1.0,-1.0,-1
1.37777,1.37777,1.37777,1.37777,-1.0,-1.0,-1
1.37777,1.37777,1.377755,1.377755,-1.0,-1.0,-1
1.377755,1.377765,1.377755,1.377765,-1.0,-1.0,-1
1.377765,1.377765,1.37776,1.377765,-1.0,-1.0,-1
1.377765,1.377765,1.377755,1.377755,-1.0,-1.0,-1
1.377755,1.377765,1.377755,1.377765,-1.0,-1.0,-1
1.377765,1.377765,1.37776,1.37776,-1.0,-1.0,-1
1.37776,1.377765,1.37776,1.37776,-1.0,-1.0,-1
1.37776,1.37776,1.377745,1.377745,-1.0,-1.0,-1
1.377745,1.377745,1.377745,1.377745,-1.0,-1.0,-1
1.377745,1.377745,1.377745,1.377745,-1.0,-1.0,-1
1.377745,1.377745,1.377745,1.377745,-1.0,-1.0,-1
1.377745,1.377745,1.377745,1.377745,-1.0,-1.0,-1
1.377745,1.377765,1.377745,1.377765,-1.0,-1.0,-1
1.377765,1.377765,1.37776,1.37776,-1.0,-1.0,-1
1.37776,1.377765,1.37776,1.377765,-1.0,-1.0,-1
1.377765,1.377765,1.37776,1.37776,-1.0,-1.0,-1
1.37776,1.377765,1.37776,1.377765,-1.0,-1.0,-1
1.377765,1.377765,1.377755,1.377755,-1.0,-1.0,-1
1.377755,1.377755,1.37775,1.37775,-1.0,-1.0,-1
1.37775,1.377755,1.37775,1.377755,-1.0,-1.0,-1
1.377755,1.377755,1.37775,1.37775,-1.0,-1.0,-1
1.37775,1.377755,1.37775,1.37775,-1.0,-1.0,-1
1.37775,1.37775,1.37775,1.37775,-1.0,-1.0,-1
1.37775,1.37775,1.37775,1.37775,-1.0,-1.0,-1
1.37775,1.37775,1.37775,1.37775,-1.0,-1.0,-1
1.37775,1.377755,1.37775,1.377755,-1.0,-1.0,-1
1.377755,1.377755,1.377745,1.377745,-1.0,-1.0,-1
1.377745,1.377755,1.377745,1.377755,-1.0,-1.0,-1
1.377755,1.377755,1.37775,1.37775,-1.0,-1.0,-1
1.37775,1.37775,1.377745,1.377745,-1.0,-1.0,-1
1.377745,1.377745,1.377745,1.377745,-1.0,-1.0,-1
1.377745,1.37775,1.377745,1.377745,-1.0,-1.0,-1
1.377745,1.377755,1.377745,1.377755,-1.0,-1.0,-1
1.377755,1.377755,1.377755,1.377755,-1.0,-1.0,-1
1.377755,1.377755,1.377755,1.377755,-1.0,-1.0,-1
1.377755,1.377755,1.377755,1.377755,-1.0,-1.0,-1
1.377755,1.37776,1.377755,1.37776,-1.0,-1.0,-1
1.37776,1.377765,1.37776,1.377765,-1.0,-1.0,-1
1.377765,1.377765,1.377755,1.377755,-1.0,-1.0,-1
1.377755,1.37776,1.377755,1.377755,-1.0,-1.0,-1
1.377755,1.377755,1.377755,1.377755,-1.0,-1.0,-1
1.377755,1.377755,1.377755,1.377755,-1.0,-1.0,-1
1.377755,1.37776,1.377755,1.37776,-1.0,-1.0,-1
1.37776,1.37776,1.377755,1.377755,-1.0,-1.0,-1
1.377755,1.37776,1.377745,1.377745,-1.0,-1.0,-1
1.377745,1.37775,1.377745,1.377745,-1.0,-1.0,-1
1.377745,1.377745,1.377745,1.377745,-1.0,-1.0,-1
1.377745,1.377745,1.377745,1.377745,-1.0,-1.0,-1
1.377745,1.37775,1.377745,1.37775,-1.0,-1.0,-1
1.37775,1.37775,1.377705,1.377705,-1.0,-1.0,-1
1.377705,1.377705,1.377695,1.377695,-1.0,-1.0,-1
1.377695,1.377695,1.377695,1.377695,-1.0,-1.0,-1
1.377695,1.3777,1.377695,1.3777,-1.0,-1.0,-1
1.3777,1.377705,1.3777,1.377705,-1.0,-1.0,-1
1.377705,1.377705,1.377705,1.377705,-1.0,-1.0,-1
1.377705,1.377705,1.377705,1.377705,-1.0,-1.0,-1
1.377705,1.377705,1.377705,1.377705,-1.0,-1.0,-1
1.377705,1.377705,1.377705,1.377705,-1.0,-1.0,-1
1.377705,1.377705,1.377705,1.377705,-1.0,-1.0,-1
1.377705,1.37772,1.377705,1.37772,-1.0,-1.0,-1
1.37772,1.37773,1.37772,1.37773,-1.0,-1.0,-1
1.37773,1.37773,1.377725,1.37773,-1.0,-1.0,-1
1.37773,1.37773,1.377725,1.37773,-1.0,-1.0,-1
1.37773,1.37773,1.377725,1.37773,-1.0,-1.0,-1
1.37773,1.37773,1.377725,1.37773,-1.0,-1.0,-1
1.37773,1.37773,1.377725,1.37773,-1.0,-1.0,-1
1.37773,1.37773,1.377725,1.37773,-1.0,-1.0,-1
1.37773,1.37773,1.377725,1.37773,-1.0,-1.0,-1
1.37773,1.37773,1.377725,1.37773,-1.0,-1.0,-1
1.37773,1.37773,1.377725,1.37773,-1.0,-1.0,-1
1.37773,1.377735,1.377725,1.377735,-1.0,-1.0,-1
1.377735,1.377735,1.377725,1.377735,-1.0,-1.0,-1
1.377735,1.377735,1.37773,1.377735,-1.0,-1.0,-1
1.377735,1.377735,1.377725,1.37773,-1.0,-1.0,-1
1.37773,1.377735,1.377725,1.37773,-1.0,-1.0,-1
1.37773,1.37773,1.377725,1.37773,-1.0,-1.0,-1
1.37773,1.37773,1.377725,1.37773,-1.0,-1.0,-1
1.37773,1.37773,1.377725,1.37773,-1.0,-1.0,-1
1.37773,1.37773,1.37772,1.37772,-1.0,-1.0,-1
1.37772,1.37772,1.37772,1.37772,-1.0,-1.0,-1
1.37772,1.37772,1.37772,1.37772,-1.0,-1.0,-1
1.37772,1.37772,1.37772,1.37772,-1.0,-1.0,-1
1.37772,1.37772,1.37772,1.37772,-1.0,-1.0,-1
1.37772,1.37772,1.37772,1.37772,-1.0,-1.0,-1
1.37772,1.37772,1.37771,1.37771,-1.0,-1.0,-1
1.37771,1.37771,1.377695,1.377695,-1.0,-1.0,-1
1.377695,1.3777,1.377695,1.3777,-1.0,-1.0,-1
1.3777,1.3777,1.3777,1.3777,-1.0,-1.0,-1
1.3777,1.3777,1.3777,1.3777,-1.0,-1.0,-1
1.3777,1.3777,1.37767,1.37767,-1.0,-1.0,-1
1.37767,1.377675,1.37767,1.377675,-1.0,-1.0,-1
1.377675,1.377675,1.37767,1.37767,-1.0,-1.0,-1
1.37767,1.377675,1.37767,1.377675,-1.0,-1.0,-1
1.377675,1.377675,1.37767,1.37767,-1.0,-1.0,-1
1.37767,1.37767,1.37767,1.37767,-1.0,-1.0,-1
1.37767,1.37767,1.377665,1.377665,-1.0,-1.0,-1
1.377665,1.377665,1.377665,1.377665,-1.0,-1.0,-1
1.377665,1.37767,1.37766,1.37766,-1.0,-1.0,-1
1.37766,1.377665,1.37766,1.377665,-1.0,-1.0,-1
1.377665,1.37767,1.377665,1.37767,-1.0,-1.0,-1
1.37767,1.37767,1.37766,1.37767,-1.0,-1.0,-1
1.37767,1.377685,1.37767,1.37768,-1.0,-1.0,-1
1.37768,1.37768,1.37767,1.377675,-1.0,-1.0,-1
1.377675,1.377675,1.37767,1.37767,-1.0,-1.0,-1
1.37767,1.377675,1.37767,1.377675,-1.0,-1.0,-1
1.377675,1.37768,1.377675,1.37768,-1.0,-1.0,-1
1.37768,1.37768,1.377675,1.377675,-1.0,-1.0,-1
1.377675,1.377675,1.37767,1.37767,-1.0,-1.0,-1
1.37767,1.37767,1.37767,1.37767,-1.0,-1.0,-1
1.37767,1.37767,1.37767,1.37767,-1.0,-1.0,-1
1.37767,1.377675,1.37767,1.377675,-1.0,-1.0,-1
1.377675,1.377675,1.37767,1.37767,-1.0,-1.0,-1
1.37767,1.37767,1.37767,1.37767,-1.0,-1.0,-1
1.37767,1.37767,1.377665,1.37767,-1.0,-1.0,-1
1.37767,1.37767,1.37767,1.37767,-1.0,-1.0,-1
1.37767,1.37767,1.37767,1.37767,-1.0,-1.0,-1
1.37767,1.37767,1.37767,1.37767,-1.0,-1.0,-1
1.37767,1.37767,1.377665,1.37767,-1.0,-1.0,-1
1.37767,1.377675,1.37767,1.377675,-1.0,-1.0,-1
1.377675,1.377675,1.37767,1.37767,-1.0,-1.0,-1
1.37767,1.37767,1.377665,1.37767,-1.0,-1.0,-1
1.37767,1.37767,1.37767,1.37767,-1.0,-1.0,-1
1.37767,1.37767,1.37767,1.37767,-1.0,-1.0,-1
1.37767,1.377675,1.37767,1.377675,-1.0,-1.0,-1
1.377675,1.377675,1.377665,1.37767,-1.0,-1.0,-1
1.37767,1.37767,1.37767,1.37767,-1.0,-1.0,-1
1.37767,1.37767,1.37767,1.37767,-1.0,-1.0,-1
1.37767,1.377675,1.37767,1.37767,-1.0,-1.0,-1
1.37767,1.37767,1.377665,1.37767,-1.0,-1.0,-1
1.37767,1.377675,1.37767,1.37767,-1.0,-1.0,-1
1.37767,1.377675,1.37767,1.377675,-1.0,-1.0,-1
1.377675,1.377675,1.377665,1.37767,-1.0,-1.0,-1
1.37767,1.37767,1.377665,1.377665,-1.0,-1.0,-1
1.377665,1.37767,1.377665,1.37767,-1.0,-1.0,-1
1.37767,1.37768,1.37767,1.37768,-1.0,-1.0,-1
1.37768,1.37768,1.37768,1.37768,-1.0,-1.0,-1
1.37768,1.377685,1.37768,1.377685,-1.0,-1.0,-1
1.377685,1.377685,1.37768,1.377685,-1.0,-1.0,-1
1.377685,1.377685,1.37767,1.37767,-1.0,-1.0,-1
1.37767,1.37767,1.37767,1.37767,-1.0,-1.0,-1
1.37767,1.37767,1.377665,1.37767,-1.0,-1.0,-1
1.37767,1.37767,1.377665,1.37767,-1.0,-1.0,-1
1.37767,1.377675,1.37767,1.377675,-1.0,-1.0,-1
1.377675,1.377675,1.37767,1.37767,-1.0,-1.0,-1
1.37767,1.377675,1.37767,1.377675,-1.0,-1.0,-1
1.377675,1.377675,1.37767,1.377675,-1.0,-1.0,-1
1.377675,1.377675,1.377675,1.377675,-1.0,-1.0,-1
1.377675,1.377675,1.377615,1.377615,-1.0,-1.0,-1
1.377615,1.377615,1.377615,1.377615,-1.0,-1.0,-1
1.377615,1.377615,1.377615,1.377615,-1.0,-1.0,-1
1.377615,1.37763,1.377615,1.37763,-1.0,-1.0,-1
1.37763,1.37763,1.37763,1.37763,-1.0,-1.0,-1
1.37763,1.377645,1.37763,1.377645,-1.0,-1.0,-1
1.377645,1.37765,1.37764,1.37765,-1.0,-1.0,-1
1.37765,1.37765,1.37764,1.377645,-1.0,-1.0,-1
1.377645,1.37765,1.37764,1.377645,-1.0,-1.0,-1
1.377645,1.37765,1.37764,1.37765,-1.0,-1.0,-1
1.37765,1.37766,1.377645,1.37766,-1.0,-1.0,-1
1.37766,1.37766,1.37766,1.37766,-1.0,-1.0,-1
1.37766,1.37766,1.37766,1.37766,-1.0,-1.0,-1
1.37766,1.37766,1.377655,1.377655,-1.0,-1.0,-1
1.377655,1.377655,1.377655,1.377655,-1.0,-1.0,-1
1.377655,1.37766,1.377655,1.37766,-1.0,-1.0,-1
1.37766,1.37766,1.377655,1.377655,-1.0,-1.0,-1
1.377655,1.37766,1.377655,1.377655,-1.0,-1.0,-1
1.377655,1.37766,1.377655,1.37766,-1.0,-1.0,-1
1.37766,1.37766,1.37766,1.37766,-1.0,-1.0,-1
1.37766,1.37766,1.37766,1.37766,-1.0,-1.0,-1
1.37766,1.37766,1.377655,1.37766,-1.0,-1.0,-1
1.37766,1.37766,1.377655,1.377655,-1.0,-1.0,-1
1.377655,1.37766,1.377655,1.377655,-1.0,-1.0,-1
1.377655,1.37766,1.377655,1.37766,-1.0,-1.0,-1
1.37766,1.37767,1.37766,1.37767,-1.0,-1.0,-1
1.37767,1.377675,1.37767,1.377675,-1.0,-1.0,-1
1.377675,1.377675,1.377675,1.377675,-1.0,-1.0,-1
1.377675,1.377675,1.37767,1.377675,-1.0,-1.0,-1
1.377675,1.377675,1.377665,1.377665,-1.0,-1.0,-1
1.377665,1.377665,1.377665,1.377665,-1.0,-1.0,-1
1.377665,1.37767,1.377665,1.37767,-1.0,-1.0,-1
1.37767,1.37767,1.37767,1.37767,-1.0,-1.0,-1
1.37767,1.37767,1.37767,1.37767,-1.0,-1.0,-1
1.37767,1.37767,1.37767,1.37767,-1.0,-1.0,-1
1.37767,1.37767,1.37767,1.37767,-1.0,-1.0,-1
1.37767,1.37767,1.377665,1.377665,-1.0,-1.0,-1
1.377665,1.377665,1.377665,1.377665,-1.0,-1.0,-1
1.377665,1.377665,1.377665,1.377665,-1.0,-1.0,-1
1.377665,1.377665,1.377665,1.377665,-1.0,-1.0,-1
1.377665,1.377665,1.377665,1.377665,-1.0,-1.0,-1
1.377665,1.37775,1.377665,1.37775,-1.0,-1.0,-1
1.37775,1.37775,1.37775,1.37775,-1.0,-1.0,-1
1.37775,1.37775,1.37775,1.37775,-1.0,-1.0,-1
1.37775,1.37775,1.37772,1.37772,-1.0,-1.0,-1
1.37772,1.37772,1.37771,1.37771,-1.0,-1.0,-1
1.37771,1.37772,1.37771,1.37772,-1.0,-1.0,-1
1.37772,1.37772,1.377715,1.377715,-1.0,-1.0,-1
1.377715,1.377715,1.377715,1.377715,-1.0,-1.0,-1
1.377715,1.377715,1.377715,1.377715,-1.0,-1.0,-1
1.377715,1.377715,1.377715,1.377715,-1.0,-1.0,-1
1.377715,1.377715,1.377715,1.377715,-1.0,-1.0,-1
1.377715,1.377715,1.377715,1.377715,-1.0,-1.0,-1
1.377715,1.377715,1.377715,1.377715,-1.0,-1.0,-1
1.377715,1.377715,1.377715,1.377715,-1.0,-1.0,-1
1.377715,1.377715,1.377715,1.377715,-1.0,-1.0,-1
1.377715,1.377715,1.377705,1.377705,-1.0,-1.0,-1
1.377705,1.377705,1.377705,1.377705,-1.0,-1.0,-1
1.377705,1.377705,1.377705,1.377705,-1.0,-1.0,-1
1.377705,1.377715,1.377705,1.377715,-1.0,-1.0,-1
1.377715,1.377715,1.377715,1.377715,-1.0,-1.0,-1
1.377715,1.377715,1.377715,1.377715,-1.0,-1.0,-1
1.377715,1.377715,1.377715,1.377715,-1.0,-1.0,-1
1.377715,1.377715,1.377705,1.377715,-1.0,-1.0,-1
1.377715,1.377715,1.377705,1.377715,-1.0,-1.0,-1
1.377715,1.377715,1.377715,1.377715,-1.0,-1.0,-1
1.377715,1.377715,1.377715,1.377715,-1.0,-1.0,-1
1.377715,1.377715,1.377715,1.377715,-1.0,-1.0,-1
1.377715,1.377715,1.377715,1.377715,-1.0,-1.0,-1
1.377715,1.377715,1.377715,1.377715,-1.0,-1.0,-1
1.377715,1.377715,1.377715,1.377715,-1.0,-1.0,-1
1.377715,1.377715,1.377715,1.377715,-1.0,-1.0,-1
1.377715,1.377715,1.377705,1.377705,-1.0,-1.0,-1
1.377705,1.377715,1.377705,1.377715,-1.0,-1.0,-1
1.377715,1.377735,1.377715,1.377735,-1.0,-1.0,-1
1.377735,1.377735,1.37773,1.377735,-1.0,-1.0,-1
1.377735,1.377735,1.37773,1.377735,-1.0,-1.0,-1
1.377735,1.377735,1.37773,1.377735,-1.0,-1.0,-1
1.377735,1.377735,1.37773,1.377735,-1.0,-1.0,-1
1.377735,1.377765,1.37773,1.377765,-1.0,-1.0,-1
1.377765,1.3778,1.377765,1.3778,-1.0,-1.0,-1
1.3778,1.3778,1.37779,1.37779,-1.0,-1.0,-1
1.37779,1.377795,1.37779,1.37779,-1.0,-1.0,-1
1.37779,1.377795,1.37779,1.37779,-1.0,-1.0,-1
1.37779,1.377795,1.37776,1.37776,-1.0,-1.0,-1
1.37776,1.37776,1.37776,1.37776,-1.0,-1.0,-1
1.37776,1.37776,1.37776,1.37776,-1.0,-1.0,-1
1.37776,1.37776,1.37776,1.37776,-1.0,-1.0,-1
1.37776,1.37776,1.377755,1.377755,-1.0,-1.0,-1
1.377755,1.377755,1.377755,1.377755,-1.0,-1.0,-1
1.377755,1.377755,1.377755,1.377755,-1.0,-1.0,-1
1.377755,1.377755,1.377755,1.377755,-1.0,-1.0,-1
1.377755,1.377755,1.37775,1.37775,-1.0,-1.0,-1
1.37775,1.377755,1.37775,1.377755,-1.0,-1.0,-1
1.377755,1.377755,1.377755,1.377755,-1.0,-1.0,-1
1.377755,1.377755,1.377755,1.377755,-1.0,-1.0,-1
1.377755,1.377755,1.377755,1.377755,-1.0,-1.0,-1
1.377755,1.377755,1.377755,1.377755,-1.0,-1.0,-1
1.377755,1.377755,1.377755,1.377755,-1.0,-1.0,-1
1.377755,1.377755,1.377755,1.377755,-1.0,-1.0,-1
1.377755,1.37776,1.377755,1.37776,-1.0,-1.0,-1
1.37776,1.377765,1.37776,1.377765,-1.0,-1.0,-1
1.377765,1.377765,1.377765,1.377765,-1.0,-1.0,-1
1.377765,1.377765,1.377765,1.377765,-1.0,-1.0,-1
1.377765,1.377765,1.377765,1.377765,-1.0,-1.0,-1
1.377765,1.377765,1.377765,1.377765,-1.0,-1.0,-1
1.377765,1.377765,1.37776,1.377765,-1.0,-1.0,-1
1.377765,1.377765,1.377765,1.377765,-1.0,-1.0,-1
1.377765,1.377765,1.37776,1.377765,-1.0,-1.0,-1
1.377765,1.377765,1.37776,1.37776,-1.0,-1.0,-1
1.37776,1.37776,1.37776,1.37776,-1.0,-1.0,-1
1.37776,1.37776,1.37776,1.37776,-1.0,-1.0,-1
1.37776,1.377765,1.37776,1.377765,-1.0,-1.0,-1
1.377765,1.377765,1.37776,1.377765,-1.0,-1.0,-1
1.377765,1.37777,1.37776,1.377765,-1.0,-1.0,-1
1.377765,1.377765,1.37776,1.37776,-1.0,-1.0,-1
1.37776,1.37779,1.37776,1.37778,-1.0,-1.0,-1
1.37778,1.37778,1.37778,1.37778,-1.0,-1.0,-1
1.37778,1.37778,1.37778,1.37778,-1.0,-1.0,-1
1.37778,1.37778,1.377775,1.37778,-1.0,-1.0,-1
1.37778,1.37778,1.37778,1.37778,-1.0,-1.0,-1
1.37778,1.37778,1.377775,1.377775,-1.0,-1.0,-1
1.377775,1.37778,1.377775,1.37778,-1.0,-1.0,-1
1.37778,1.37778,1.37778,1.37778,-1.0,-1.0,-1
1.37778,1.37778,1.37777,1.37777,-1.0,-1.0,-1
1.37777,1.37777,1.377765,1.377765,-1.0,-1.0,-1
1.377765,1.377765,1.37776,1.37776,-1.0,-1.0,-1
1.37776,1.37776,1.37776,1.37776,-1.0,-1.0,-1
1.37776,1.377765,1.37776,1.37776,-1.0,-1.0,-1
1.37776,1.37778,1.37776,1.37778,-1.0,-1.0,-1
1.37778,1.37779,1.37778,1.37778,-1.0,-1.0,-1
1.37778,1.37778,1.377775,1.37778,-1.0,-1.0,-1
1.37778,1.37778,1.37778,1.37778,-1.0,-1.0,-1
1.37778,1.37778,1.37778,1.37778,-1.0,-1.0,-1
1.37778,1.37778,1.37777,1.37777,-1.0,-1.0,-1
1.37777,1.37778,1.37777,1.37778,-1.0,-1.0,-1
1.37778,1.37778,1.37778,1.37778,-1.0,-1.0,-1
1.37778,1.37778,1.377775,1.377775,-1.0,-1.0,-1
1.377775,1.377775,1.37777,1.37777,-1.0,-1.0,-1
1.37777,1.37777,1.37777,1.37777,-1.0,-1.0,-1
1.37777,1.377775,1.377765,1.37777,-1.0,-1.0,-1
1.37777,1.37777,1.37777,1.37777,-1.0,-1.0,-1
1.37777,1.37777,1.377765,1.37777,-1.0,-1.0,-1
1.37777,1.37777,1.37777,1.37777,-1.0,-1.0,-1
1.37777,1.37778,1.37777,1.37778,-1.0,-1.0,-1
1.37778,1.37778,1.377775,1.377775,-1.0,-1.0,-1
1.377775,1.377775,1.37777,1.37777,-1.0,-1.0,-1
1.37777,1.37778,1.37777,1.37778,-1.0,-1.0,-1
1.37778,1.37778,1.377775,1.377775,-1.0,-1.0,-1
1.377775,1.377775,1.37777,1.37777,-1.0,-1.0,-1
1.37777,1.37777,1.37776,1.37776,-1.0,-1.0,-1
1.37776,1.37776,1.37776,1.37776,-1.0,-1.0,-1
1.37776,1.37776,1.37775,1.37775,-1.0,-1.0,-1
1.37775,1.37775,1.37775,1.37775,-1.0,-1.0,-1
1.37775,1.37775,1.377735,1.37774,-1.0,-1.0,-1
1.37774,1.377745,1.377735,1.377745,-1.0,-1.0,-1
1.377745,1.37775,1.37774,1.377745,-1.0,-1.0,-1
1.377745,1.377745,1.377735,1.37774,-1.0,-1.0,-1
1.37774,1.37775,1.377735,1.37775,-1.0,-1.0,-1
1.37775,1.37775,1.37775,1.37775,-1.0,-1.0,-1
1.37775,1.37775,1.37775,1.37775,-1.0,-1.0,-1
1.37775,1.37775,1.377725,1.37774,-1.0,-1.0,-1
1.37774,1.377745,1.377735,1.37774,-1.0,-1.0,-1
1.37774,1.37774,1.377735,1.37774,-1.0,-1.0,-1
1.37774,1.377745,1.377735,1.37774,-1.0,-1.0,-1
1.37774,1.377745,1.377705,1.377705,-1.0,-1.0,-1
1.377705,1.377705,1.377695,1.377695,-1.0,-1.0,-1
1.377695,1.3777,1.377695,1.377695,-1.0,-1.0,-1
1.377695,1.377695,1.377695,1.377695,-1.0,-1.0,-1
1.377695,1.377695,1.377695,1.377695,-1.0,-1.0,-1
1.377695,1.377695,1.377685,1.37769,-1.0,-1.0,-1
1.37769,1.37769,1.377685,1.377685,-1.0,-1.0,-1
1.377685,1.377685,1.37768,1.377685,-1.0,-1.0,-1
1.377685,1.377685,1.377685,1.377685,-1.0,-1.0,-1
1.377685,1.377685,1.37767,1.377675,-1.0,-1.0,-1
1.377675,1.37768,1.377675,1.377675,-1.0,-1.0,-1
1.377675,1.377675,1.377675,1.377675,-1.0,-1.0,-1
1.377675,1.377675,1.377665,1.37767,-1.0,-1.0,-1
1.37767,1.37767,1.37767,1.37767,-1.0,-1.0,-1
1.37767,1.37767,1.37767,1.37767,-1.0,-1.0,-1
1.37767,1.37769,1.37767,1.377685,-1.0,-1.0,-1
1.377685,1.377685,1.377685,1.377685,-1.0,-1.0,-1
1.377685,1.377685,1.37767,1.37768,-1.0,-1.0,-1
1.37768,1.377685,1.377675,1.377675,-1.0,-1.0,-1
1.377675,1.377685,1.377675,1.37768,-1.0,-1.0,-1
1.37768,1.377685,1.37768,1.377685,-1.0,-1.0,-1
1.377685,1.377685,1.37767,1.37768,-1.0,-1.0,-1
1.37768,1.37768,1.37767,1.377675,-1.0,-1.0,-1
1.377675,1.37768,1.377675,1.377675,-1.0,-1.0,-1
1.377675,1.377675,1.377675,1.377675,-1.0,-1.0,-1
1.377675,1.377675,1.377675,1.377675,-1.0,-1.0,-1
1.377675,1.377675,1.37767,1.37767,-1.0,-1.0,-1
1.37767,1.377675,1.37767,1.377675,-1.0,-1.0,-1
1.377675,1.377675,1.377675,1.377675,-1.0,-1.0,-1
1.377675,1.377675,1.377655,1.377665,-1.0,-1.0,-1
1.377665,1.377665,1.377665,1.377665,-1.0,-1.0,-1
1.377665,1.377665,1.37765,1.377665,-1.0,-1.0,-1
1.377665,1.377665,1.377665,1.377665,-1.0,-1.0,-1
1.377665,1.37767,1.37766,1.37767,-1.0,-1.0,-1
1.37767,1.37767,1.377665,1.377665,-1.0,-1.0,-1
1.377665,1.37767,1.377665,1.37767,-1.0,-1.0,-1
1.37767,1.37767,1.377665,1.37767,-1.0,-1.0,-1
1.37767,1.37767,1.377665,1.377665,-1.0,-1.0,-1
1.377665,1.37767,1.377665,1.37767,-1.0,-1.0,-1
1.37767,1.37767,1.377665,1.377665,-1.0,-1.0,-1
1.377665,1.37767,1.377665,1.37767,-1.0,-1.0,-1
1.37767,1.37767,1.377645,1.377645,-1.0,-1.0,-1
1.377645,1.37766,1.37764,1.377655,-1.0,-1.0,-1
1.377655,1.377655,1.37765,1.377655,-1.0,-1.0,-1
1.377655,1.377655,1.377625,1.37763,-1.0,-1.0,-1
1.37763,1.377655,1.37763,1.37765,-1.0,-1.0,-1
1.37765,1.377655,1.377645,1.377655,-1.0,-1.0,-1
1.377655,1.377655,1.37764,1.37764,-1.0,-1.0,-1
1.37764,1.377645,1.37764,1.377645,-1.0,-1.0,-1
1.377645,1.377655,1.377645,1.377655,-1.0,-1.0,-1
1.377655,1.377655,1.377645,1.37765,-1.0,-1.0,-1
1.37765,1.37765,1.377645,1.377645,-1.0,-1.0,-1
1.377645,1.377655,1.377645,1.377655,-1.0,-1.0,-1
1.377655,1.377655,1.37765,1.377655,-1.0,-1.0,-1
1.377655,1.377655,1.37765,1.377655,-1.0,-1.0,-1
1.377655,1.377655,1.37765,1.377655,-1.0,-1.0,-1
1.377655,1.37766,1.37765,1.377655,-1.0,-1.0,-1
1.377655,1.377655,1.377645,1.377655,-1.0,-1.0,-1
1.377655,1.377655,1.37765,1.377655,-1.0,-1.0,-1
1.377655,1.377655,1.377645,1.37765,-1.0,-1.0,-1
1.37765,1.37765,1.377625,1.377625,-1.0,-1.0,-1
1.377625,1.377625,1.37761,1.377615,-1.0,-1.0,-1
1.377615,1.377625,1.37761,1.377625,-1.0,-1.0,-1
1.377625,1.377625,1.377615,1.377625,-1.0,-1.0,-1
1.377625,1.377625,1.37762,1.377625,-1.0,-1.0,-1
1.377625,1.377625,1.377625,1.377625,-1.0,-1.0,-1
1.377625,1.37767,1.377625,1.37767,-1.0,-1.0,-1
1.37767,1.377675,1.37767,1.37767,-1.0,-1.0,-1
1.37767,1.37767,1.37767,1.37767,-1.0,-1.0,-1
1.37767,1.377675,1.37767,1.37767,-1.0,-1.0,-1
1.37767,1.377675,1.37767,1.377675,-1.0,-1.0,-1
1.377675,1.377675,1.37767,1.377675,-1.0,-1.0,-1
1.377675,1.377675,1.37767,1.377675,-1.0,-1.0,-1
1.377675,1.377675,1.377675,1.377675,-1.0,-1.0,-1
1.377675,1.377675,1.377675,1.377675,-1.0,-1.0,-1
1.377675,1.377675,1.377675,1.377675,-1.0,-1.0,-1
1.377675,1.377675,1.377675,1.377675,-1.0,-1.0,-1
1.377675,1.377685,1.377675,1.377675,-1.0,-1.0,-1
1.377675,1.37768,1.377675,1.37768,-1.0,-1.0,-1
1.37768,1.377685,1.37768,1.37768,-1.0,-1.0,-1
1.37768,1.37769,1.37768,1.37769,-1.0,-1.0,-1
1.37769,1.37769,1.377685,1.377685,-1.0,-1.0,-1
1.377685,1.37769,1.377685,1.37769,-1.0,-1.0,-1
1.37769,1.377695,1.37769,1.377695,-1.0,-1.0,-1
1.377695,1.377715,1.37769,1.377715,-1.0,-1.0,-1
1.377715,1.377715,1.377715,1.377715,-1.0,-1.0,-1
1.377715,1.377715,1.377715,1.377715,-1.0,-1.0,-1
1.377715,1.377765,1.377715,1.377765,-1.0,-1.0,-1
1.377765,1.377765,1.377765,1.377765,-1.0,-1.0,-1
1.377765,1.37777,1.37776,1.377765,-1.0,-1.0,-1
1.377765,1.377765,1.37776,1.377765,-1.0,-1.0,-1
1.377765,1.377765,1.377765,1.377765,-1.0,-1.0,-1
1.377765,1.377765,1.37776,1.377765,-1.0,-1.0,-1
1.377765,1.377765,1.377765,1.377765,-1.0,-1.0,-1
1.377765,1.377765,1.377765,1.377765,-1.0,-1.0,-1
1.377765,1.377765,1.377765,1.377765,-1.0,-1.0,-1
1.377765,1.377765,1.377765,1.377765,-1.0,-1.0,-1
1.377765,1.377765,1.37776,1.37776,-1.0,-1.0,-1
1.37776,1.377765,1.37776,1.377765,-1.0,-1.0,-1
1.377765,1.377765,1.377765,1.377765,-1.0,-1.0,-1
1.377765,1.377765,1.37776,1.37776,-1.0,-1.0,-1
1.37776,1.377765,1.37776,1.37776,-1.0,-1.0,-1
1.37776,1.377765,1.37776,1.37776,-1.0,-1.0,-1
1.37776,1.377765,1.37776,1.37776,-1.0,-1.0,-1
1.37776,1.37776,1.37776,1.37776,-1.0,-1.0,-1
1.37776,1.377765,1.37776,1.377765,-1.0,-1.0,-1
1.377765,1.377765,1.377765,1.377765,-1.0,-1.0,-1
1.377765,1.377765,1.37776,1.377765,-1.0,-1.0,-1
1.377765,1.377765,1.37776,1.37776,-1.0,-1.0,-1
1.37776,1.377765,1.37776,1.377765,-1.0,-1.0,-1
1.377765,1.377765,1.377765,1.377765,-1.0,-1.0,-1
1.377765,1.377765,1.377765,1.377765,-1.0,-1.0,-1
1.377765,1.377765,1.377765,1.377765,-1.0,-1.0,-1
1.377765,1.377765,1.377755,1.37776,-1.0,-1.0,-1
1.37776,1.37776,1.377755,1.37776,-1.0,-1.0,-1
1.37776,1.37776,1.37776,1.37776,-1.0,-1.0,-1
1.37776,1.37776,1.37776,1.37776,-1.0,-1.0,-1
1.37776,1.37776,1.377695,1.377695,-1.0,-1.0,-1
1.377695,1.377695,1.377695,1.377695,-1.0,-1.0,-1
1.377695,1.377705,1.37769,1.37769,-1.0,-1.0,-1
1.37769,1.37772,1.377685,1.37772,-1.0,-1.0,-1
1.37772,1.37772,1.37771,1.37771,-1.0,-1.0,-1
1.37771,1.37771,1.377705,1.37771,-1.0,-1.0,-1
1.37771,1.37771,1.377705,1.37771,-1.0,-1.0,-1
1.37771,1.37772,1.377705,1.37771,-1.0,-1.0,-1
1.37771,1.37772,1.37771,1.37772,-1.0,-1.0,-1
1.37772,1.37772,1.37772,1.37772,-1.0,-1.0,-1
1.37772,1.37772,1.37771,1.37771,-1.0,-1.0,-1
1.37771,1.37771,1.377705,1.37771,-1.0,-1.0,-1
1.37771,1.37771,1.37767,1.377675,-1.0,-1.0,-1
1.377675,1.37768,1.377675,1.37768,-1.0,-1.0,-1
1.37768,1.37768,1.37768,1.37768,-1.0,-1.0,-1
1.37768,1.37768,1.37767,1.37767,-1.0,-1.0,-1
1.37767,1.37767,1.37767,1.37767,-1.0,-1.0,-1
1.37767,1.37767,1.37767,1.37767,-1.0,-1.0,-1
1.37767,1.37767,1.37767,1.37767,-1.0,-1.0,-1
1.37767,1.37767,1.37767,1.37767,-1.0,-1.0,-1
1.37767,1.37767,1.37767,1.37767,-1.0,-1.0,-1
1.37767,1.37767,1.37767,1.37767,-1.0,-1.0,-1
1.37767,1.37767,1.37767,1.37767,-1.0,-1.0,-1
1.37767,1.37767,1.37767,1.37767,-1.0,-1.0,-1
1.37767,1.37767,1.37767,1.37767,-1.0,-1.0,-1
1.37767,1.37767,1.37767,1.37767,-1.0,-1.0,-1
1.37767,1.37767,1.37767,1.37767,-1.0,-1.0,-1
1.37767,1.37767,1.37766,1.37766,-1.0,-1.0,-1
1.37766,1.37767,1.37766,1.37767,-1.0,-1.0,-1
1.37767,1.37767,1.377665,1.377665,-1.0,-1.0,-1
1.377665,1.377665,1.37766,1.37766,-1.0,-1.0,-1
1.37766,1.37766,1.37766,1.37766,-1.0,-1.0,-1
1.37766,1.37767,1.377645,1.37766,-1.0,-1.0,-1
1.37766,1.37772,1.37766,1.37772,-1.0,-1.0,-1
1.37772,1.377735,1.377705,1.37772,-1.0,-1.0,-1
1.37772,1.37776,1.37772,1.37776,-1.0,-1.0,-1
1.37776,1.37784,1.37776,1.37784,-1.0,-1.0,-1
1.37784,1.37784,1.37783,1.377835,-1.0,-1.0,-1
1.377835,1.37785,1.377835,1.37785,-1.0,-1.0,-1
1.37785,1.37802,1.37785,1.377975,-1.0,-1.0,-1
1.377975,1.37801,1.37797,1.378005,-1.0,-1.0,-1
1.378005,1.378045,1.378,1.378045,-1.0,-1.0,-1
1.378045,1.37805,1.378045,1.378045,-1.0,-1.0,-1
1.378045,1.378045,1.378025,1.378045,-1.0,-1.0,-1
1.378045,1.378045,1.378045,1.378045,-1.0,-1.0,-1
1.378045,1.378045,1.378035,1.378035,-1.0,-1.0,-1
1.378035,1.37806,1.378035,1.378055,-1.0,-1.0,-1
1.378055,1.378055,1.378045,1.378055,-1.0,-1.0,-1
1.378055,1.378065,1.378055,1.378055,-1.0,-1.0,-1
1.378055,1.378055,1.378035,1.378035,-1.0,-1.0,-1
1.378035,1.37812,1.378035,1.3781,-1.0,-1.0,-1
1.3781,1.37811,1.37808,1.378095,-1.0,-1.0,-1
1.378095,1.378105,1.378095,1.378095,-1.0,-1.0,-1
1.378095,1.378115,1.378095,1.37811,-1.0,-1.0,-1
1.37811,1.37812,1.378105,1.378115,-1.0,-1.0,-1
1.378115,1.37813,1.378105,1.378125,-1.0,-1.0,-1
1.378125,1.37817,1.37812,1.37816,-1.0,-1.0,-1
1.37816,1.37816,1.37815,1.37815,-1.0,-1.0,-1
1.37815,1.378215,1.378125,1.378195,-1.0,-1.0,-1
1.378195,1.3782,1.378185,1.378185,-1.0,-1.0,-1
1.378185,1.378205,1.37818,1.378185,-1.0,-1.0,-1
1.378185,1.378205,1.378185,1.378205,-1.0,-1.0,-1
1.378205,1.378205,1.378145,1.378145,-1.0,-1.0,-1
1.378145,1.378155,1.37814,1.378145,-1.0,-1.0,-1
1.378145,1.378245,1.378145,1.37822,-1.0,-1.0,-1
1.37822,1.37822,1.378185,1.37819,-1.0,-1.0,-1
1.37819,1.378195,1.378135,1.37815,-1.0,-1.0,-1
1.37815,1.378175,1.37814,1.37814,-1.0,-1.0,-1
1.37814,1.378145,1.37814,1.37814,-1.0,-1.0,-1
1.37814,1.378145,1.37814,1.37814,-1.0,-1.0,-1
1.37814,1.378155,1.37814,1.37814,-1.0,-1.0,-1
1.37814,1.37816,1.37814,1.378145,-1.0,-1.0,-1
1.378145,1.37815,1.37814,1.37814,-1.0,-1.0,-1
1.37814,1.378165,1.37814,1.378165,-1.0,-1.0,-1
1.378165,1.37818,1.378165,1.378165,-1.0,-1.0,-1
1.378165,1.378165,1.378145,1.378145,-1.0,-1.0,-1
1.378145,1.37815,1.378145,1.378145,-1.0,-1.0,-1
1.378145,1.37817,1.378145,1.37816,-1.0,-1.0,-1
1.37816,1.37817,1.378155,1.37817,-1.0,-1.0,-1
1.37817,1.378175,1.378165,1.37817,-1.0,-1.0,-1
1.37817,1.37817,1.378155,1.37817,-1.0,-1.0,-1
1.37817,1.37817,1.37815,1.37815,-1.0,-1.0,-1
1.37815,1.37823,1.378145,1.378225,-1.0,-1.0,-1
1.378225,1.378235,1.37816,1.378215,-1.0,-1.0,-1
1.378215,1.378215,1.37821,1.378215,-1.0,-1.0,-1
1.378215,1.378215,1.378195,1.37821,-1.0,-1.0,-1
1.37821,1.37825,1.37821,1.37825,-1.0,-1.0,-1
1.37825,1.37825,1.37823,1.378235,-1.0,-1.0,-1
1.378235,1.37824,1.37823,1.37823,-1.0,-1.0,-1
1.37823,1.37832,1.37823,1.378315,-1.0,-1.0,-1
1.378315,1.37832,1.37831,1.37831,-1.0,-1.0,-1
1.37831,1.37832,1.37831,1.37832,-1.0,-1.0,-1
1.37832,1.37832,1.37828,1.378295,-1.0,-1.0,-1
1.378295,1.37833,1.378295,1.37833,-1.0,-1.0,-1
1.37833,1.37833,1.378305,1.37832,-1.0,-1.0,-1
1.37832,1.378335,1.37832,1.37833,-1.0,-1.0,-1
1.37833,1.37834,1.37833,1.37833,-1.0,-1.0,-1
1.37833,1.37833,1.37833,1.37833,-1.0,-1.0,-1
1.37833,1.37833,1.378325,1.378325,-1.0,-1.0,-1
1.378325,1.37833,1.378295,1.378305,-1.0,-1.0,-1
1.378305,1.37831,1.378305,1.378305,-1.0,-1.0,-1
1.378305,1.378325,1.378295,1.3783,-1.0,-1.0,-1
1.3783,1.378325,1.378295,1.37832,-1.0,-1.0,-1
1.37832,1.378325,1.378285,1.37829,-1.0,-1.0,-1
1.37829,1.378305,1.378285,1.378305,-1.0,-1.0,-1
1.378305,1.37832,1.378305,1.378315,-1.0,-1.0,-1
1.378315,1.37833,1.37829,1.378315,-1.0,-1.0,-1
1.378315,1.37834,1.37831,1.37834,-1.0,-1.0,-1
1.37834,1.37837,1.378335,1.37836,-1.0,-1.0,-1
1.37836,1.37836,1.378315,1.37833,-1.0,-1.0,-1
1.37833,1.37833,1.37831,1.37831,-1.0,-1.0,-1
1.37831,1.37831,1.3783,1.3783,-1.0,-1.0,-1
1.3783,1.37832,1.3783,1.378315,-1.0,-1.0,-1
1.378315,1.37832,1.378305,1.378305,-1.0,-1.0,-1
1.378305,1.378305,1.378305,1.378305,-1.0,-1.0,-1
1.378305,1.37831,1.378305,1.37831,-1.0,-1.0,-1
1.37831,1.378325,1.37831,1.378315,-1.0,-1.0,-1
1.378315,1.378325,1.378305,1.378305,-1.0,-1.0,-1
1.378305,1.378325,1.378305,1.378305,-1.0,-1.0,-1
1.378305,1.37832,1.3783,1.378315,-1.0,-1.0,-1
1.378315,1.37832,1.3783,1.3783,-1.0,-1.0,-1
1.3783,1.37832,1.3783,1.378315,-1.0,-1.0,-1
1.378315,1.378325,1.378315,1.378315,-1.0,-1.0,-1
1.378315,1.37833,1.378315,1.37832,-1.0,-1.0,-1
1.37832,1.378335,1.37832,1.378335,-1.0,-1.0,-1
1.378335,1.378335,1.378335,1.378335,-1.0,-1.0,-1
1.378335,1.378335,1.378335,1.378335,-1.0,-1.0,-1
1.378335,1.37834,1.37833,1.37833,-1.0,-1.0,-1
1.37833,1.378335,1.378315,1.378315,-1.0,-1.0,-1
1.378315,1.378335,1.37831,1.37833,-1.0,-1.0,-1
1.37833,1.378335,1.37828,1.378285,-1.0,-1.0,-1
1.378285,1.378285,1.37827,1.37827,-1.0,-1.0,-1
1.37827,1.37827,1.3782,1.378205,-1.0,-1.0,-1
1.378205,1.37821,1.3782,1.378205,-1.0,-1.0,-1
1.378205,1.378265,1.37818,1.378255,-1.0,-1.0,-1
1.378255,1.37827,1.378255,1.37827,-1.0,-1.0,-1
1.37827,1.37827,1.378255,1.378255,-1.0,-1.0,-1
1.378255,1.378265,1.378255,1.378265,-1.0,-1.0,-1
1.378265,1.37831,1.378265,1.378305,-1.0,-1.0,-1
1.378305,1.378305,1.378285,1.37829,-1.0,-1.0,-1
1.37829,1.378295,1.378285,1.37829,-1.0,-1.0,-1
1.37829,1.37829,1.378245,1.378255,-1.0,-1.0,-1
1.378255,1.37834,1.378245,1.378305,-1.0,-1.0,-1
1.378305,1.378305,1.378305,1.378305,-1.0,-1.0,-1
1.378305,1.378325,1.3783,1.378325,-1.0,-1.0,-1
1.378325,1.37833,1.378325,1.378325,-1.0,-1.0,-1
1.378325,1.378325,1.378305,1.37831,-1.0,-1.0,-1
1.37831,1.37832,1.37831,1.37831,-1.0,-1.0,-1
1.37831,1.378355,1.378305,1.37835,-1.0,-1.0,-1
1.37835,1.37835,1.378335,1.378335,-1.0,-1.0,-1
1.378335,1.3784,1.37833,1.3784,-1.0,-1.0,-1
1.3784,1.3784,1.378395,1.3784,-1.0,-1.0,-1
1.3784,1.378415,1.3784,1.378415,-1.0,-1.0,-1
1.378415,1.378415,1.3784,1.378415,-1.0,-1.0,-1
1.378415,1.378465,1.378405,1.378465,-1.0,-1.0,-1
1.378465,1.3785,1.378465,1.37849,-1.0,-1.0,-1
1.37849,1.37849,1.378485,1.378485,-1.0,-1.0,-1
1.378485,1.37855,1.378485,1.37853,-1.0,-1.0,-1
1.37853,1.37854,1.378525,1.37853,-1.0,-1.0,-1
1.37853,1.378545,1.378515,1.378535,-1.0,-1.0,-1
1.378535,1.378545,1.37853,1.378535,-1.0,-1.0,-1
1.378535,1.378555,1.37853,1.378545,-1.0,-1.0,-1
1.378545,1.378555,1.378535,1.37854,-1.0,-1.0,-1
1.37854,1.37854,1.37853,1.378535,-1.0,-1.0,-1
1.378535,1.378535,1.378515,1.378515,-1.0,-1.0,-1
1.378515,1.378565,1.378515,1.37855,-1.0,-1.0,-1
1.37855,1.378555,1.37853,1.37854,-1.0,-1.0,-1
1.37854,1.378585,1.37854,1.37858,-1.0,-1.0,-1
1.37858,1.378585,1.378575,1.37858,-1.0,-1.0,-1
1.37858,1.378625,1.378575,1.37862,-1.0,-1.0,-1
1.37862,1.378665,1.37862,1.378635,-1.0,-1.0,-1
1.378635,1.378675,1.378635,1.378675,-1.0,-1.0,-1
1.378675,1.378705,1.378675,1.378705,-1.0,-1.0,-1
1.378705,1.378735,1.378705,1.378725,-1.0,-1.0,-1
1.378725,1.378725,1.37872,1.37872,-1.0,-1.0,-1
1.37872,1.378745,1.37872,1.37872,-1.0,-1.0,-1
1.37872,1.378725,1.37872,1.37872,-1.0,-1.0,-1
1.37872,1.378765,1.37871,1.37876,-1.0,-1.0,-1
1.37876,1.378815,1.37876,1.37881,-1.0,-1.0,-1
1.37881,1.37881,1.37881,1.37881,-1.0,-1.0,-1
1.37881,1.37881,1.378735,1.378735,-1.0,-1.0,-1
1.378735,1.378735,1.378715,1.378715,-1.0,-1.0,-1
1.378715,1.378715,1.37871,1.37871,-1.0,-1.0,-1
1.37871,1.37871,1.378705,1.37871,-1.0,-1.0,-1
1.37871,1.37871,1.37871,1.37871,-1.0,-1.0,-1
1.37871,1.37872,1.37871,1.37871,-1.0,-1.0,-1
1.37871,1.37872,1.37871,1.378715,-1.0,-1.0,-1
1.378715,1.378715,1.37871,1.37871,-1.0,-1.0,-1
1.37871,1.37871,1.37869,1.37869,-1.0,-1.0,-1
1.37869,1.378695,1.37868,1.37869,-1.0,-1.0,-1
1.37869,1.378695,1.37868,1.378685,-1.0,-1.0,-1
1.378685,1.378705,1.37868,1.378705,-1.0,-1.0,-1
1.378705,1.378705,1.37862,1.378625,-1.0,-1.0,-1
1.378625,1.378635,1.37862,1.37862,-1.0,-1.0,-1
1.37862,1.37864,1.37862,1.37862,-1.0,-1.0,-1
1.37862,1.37863,1.37862,1.378625,-1.0,-1.0,-1
1.378625,1.378635,1.378625,1.378625,-1.0,-1.0,-1
1.378625,1.378635,1.37862,1.37862,-1.0,-1.0,-1
1.37862,1.37862,1.37862,1.37862,-1.0,-1.0,-1
1.37862,1.37863,1.37862,1.378625,-1.0,-1.0,-1
1.378625,1.378675,1.378625,1.378665,-1.0,-1.0,-1
1.378665,1.378705,1.378665,1.37867,-1.0,-1.0,-1
1.37867,1.37867,1.37862,1.37862,-1.0,-1.0,-1
1.37862,1.37862,1.3786,1.378605,-1.0,-1.0,-1
1.378605,1.378605,1.378595,1.378605,-1.0,-1.0,-1
1.378605,1.378605,1.378575,1.378575,-1.0,-1.0,-1
1.378575,1.378585,1.378575,1.37858,-1.0,-1.0,-1
1.37858,1.378585,1.37857,1.378575,-1.0,-1.0,-1
1.378575,1.37862,1.378575,1.37862,-1.0,-1.0,-1
1.37862,1.37862,1.37862,1.37862,-1.0,-1.0,-1
1.37862,1.37863,1.378595,1.37862,-1.0,-1.0,-1
1.37862,1.37862,1.378605,1.37862,-1.0,-1.0,-1
1.37862,1.37862,1.378595,1.378615,-1.0,-1.0,-1
1.378615,1.37862,1.378565,1.378565,-1.0,-1.0,-1
1.378565,1.37858,1.378565,1.378575,-1.0,-1.0,-1
1.378575,1.37858,1.378525,1.378555,-1.0,-1.0,-1
1.378555,1.37856,1.378555,1.37856,-1.0,-1.0,-1
1.37856,1.37861,1.378555,1.378605,-1.0,-1.0,-1
1.378605,1.378625,1.37858,1.378625,-1.0,-1.0,-1
1.378625,1.378625,1.37861,1.37862,-1.0,-1.0,-1
1.37862,1.37863,1.37862,1.378625,-1.0,-1.0,-1
1.378625,1.378625,1.378625,1.378625,-1.0,-1.0,-1
1.378625,1.378625,1.37862,1.378625,-1.0,-1.0,-1
1.378625,1.378625,1.37862,1.37862,-1.0,-1.0,-1
1.37862,1.378625,1.37862,1.378625,-1.0,-1.0,-1
1.378625,1.378625,1.3786,1.378605,-1.0,-1.0,-1
1.378605,1.378615,1.378605,1.378605,-1.0,-1.0,-1
1.378605,1.378605,1.3786,1.378605,-1.0,-1.0,-1
1.378605,1.37863,1.378605,1.37863,-1.0,-1.0,-1
1.37863,1.378635,1.378615,1.37863,-1.0,-1.0,-1
1.37863,1.378715,1.378625,1.378715,-1.0,-1.0,-1
1.378715,1.37872,1.378715,1.378715,-1.0,-1.0,-1
1.378715,1.378715,1.378715,1.378715,-1.0,-1.0,-1
1.378715,1.37872,1.378715,1.37872,-1.0,-1.0,-1
1.37872,1.378735,1.37872,1.378735,-1.0,-1.0,-1
1.378735,1.37874,1.378725,1.378725,-1.0,-1.0,-1
1.378725,1.37874,1.37868,1.37868,-1.0,-1.0,-1
1.37868,1.37868,1.378655,1.378665,-1.0,-1.0,-1
1.378665,1.378675,1.378655,1.37866,-1.0,-1.0,-1
1.37866,1.37867,1.378655,1.378665,-1.0,-1.0,-1
1.378665,1.378675,1.37866,1.378665,-1.0,-1.0,-1
1.378665,1.37867,1.378655,1.378655,-1.0,-1.0,-1
1.378655,1.37867,1.378655,1.37866,-1.0,-1.0,-1
1.37866,1.378665,1.37862,1.37862,-1.0,-1.0,-1
1.37862,1.37865,1.37862,1.378645,-1.0,-1.0,-1
1.378645,1.37867,1.378645,1.378665,-1.0,-1.0,-1
1.378665,1.37869,1.378665,1.378665,-1.0,-1.0,-1
1.378665,1.37869,1.378665,1.378675,-1.0,-1.0,-1
1.378675,1.378675,1.37865,1.378655,-1.0,-1.0,-1
1.378655,1.37867,1.378635,1.37866,-1.0,-1.0,-1
1.37866,1.378665,1.378655,1.378655,-1.0,-1.0,-1
1.378655,1.378655,1.378635,1.378635,-1.0,-1.0,-1
1.378635,1.378665,1.378635,1.378655,-1.0,-1.0,-1
1.378655,1.37868,1.378655,1.378665,-1.0,-1.0,-1
1.378665,1.37867,1.37866,1.37866,-1.0,-1.0,-1
1.37866,1.378665,1.37865,1.378655,-1.0,-1.0,-1
1.378655,1.378675,1.378635,1.378635,-1.0,-1.0,-1
1.378635,1.378645,1.378635,1.37864,-1.0,-1.0,-1
1.37864,1.378665,1.37864,1.378655,-1.0,-1.0,-1
1.378655,1.378675,1.378625,1.37863,-1.0,-1.0,-1
1.37863,1.378635,1.378625,1.378625,-1.0,-1.0,-1
1.378625,1.378635,1.378625,1.37863,-1.0,-1.0,-1
1.37863,1.37865,1.37862,1.37862,-1.0,-1.0,-1
1.37862,1.37862,1.3786,1.378605,-1.0,-1.0,-1
1.378605,1.37862,1.378605,1.378615,-1.0,-1.0,-1
1.378615,1.37862,1.378605,1.378615,-1.0,-1.0,-1
1.378615,1.37862,1.378605,1.37862,-1.0,-1.0,-1
1.37862,1.378635,1.37862,1.378625,-1.0,-1.0,-1
1.378625,1.378625,1.378625,1.378625,-1.0,-1.0,-1
1.378625,1.37863,1.37862,1.37863,-1.0,-1.0,-1
1.37863,1.37863,1.37862,1.378625,-1.0,-1.0,-1
1.378625,1.37865,1.378625,1.37864,-1.0,-1.0,-1
1.37864,1.37864,1.378625,1.378625,-1.0,-1.0,-1
1.378625,1.378625,1.37862,1.378625,-1.0,-1.0,-1
1.378625,1.378625,1.378625,1.378625,-1.0,-1.0,-1
1.378625,1.378625,1.37862,1.378625,-1.0,-1.0,-1
1.378625,1.378635,1.378625,1.378625,-1.0,-1.0,-1
1.378625,1.378625,1.378615,1.378615,-1.0,-1.0,-1
1.378615,1.37862,1.378615,1.37862,-1.0,-1.0,-1
1.37862,1.378625,1.37862,1.378625,-1.0,-1.0,-1
1.378625,1.378625,1.37862,1.37862,-1.0,-1.0,-1
1.37862,1.37863,1.37862,1.37862,-1.0,-1.0,-1
1.37862,1.378625,1.37862,1.378625,-1.0,-1.0,-1
1.378625,1.378625,1.378605,1.37862,-1.0,-1.0,-1
1.37862,1.37862,1.378605,1.378605,-1.0,-1.0,-1
1.378605,1.378605,1.378595,1.3786,-1.0,-1.0,-1
1.3786,1.378615,1.3786,1.378605,-1.0,-1.0,-1
1.378605,1.378615,1.3786,1.3786,-1.0,-1.0,-1
1.3786,1.378605,1.37858,1.378585,-1.0,-1.0,-1
1.378585,1.3786,1.378585,1.378595,-1.0,-1.0,-1
1.378595,1.378605,1.37858,1.378595,-1.0,-1.0,-1
1.378595,1.378595,1.37859,1.378595,-1.0,-1.0,-1
1.378595,1.378595,1.37857,1.378575,-1.0,-1.0,-1
1.378575,1.37858,1.378515,1.378535,-1.0,-1.0,-1
1.378535,1.378545,1.378525,1.378545,-1.0,-1.0,-1
1.378545,1.378545,1.378525,1.37853,-1.0,-1.0,-1
1.37853,1.378535,1.37852,1.37853,-1.0,-1.0,-1
1.37853,1.378585,1.378525,1.37858,-1.0,-1.0,-1
1.37858,1.378585,1.37858,1.37858,-1.0,-1.0,-1
1.37858,1.378585,1.37858,1.37858,-1.0,-1.0,-1
1.37858,1.37861,1.37858,1.37861,-1.0,-1.0,-1
1.37861,1.37867,1.37861,1.378645,-1.0,-1.0,-1
1.378645,1.37865,1.37864,1.378645,-1.0,-1.0,-1
1.378645,1.37865,1.378645,1.378645,-1.0,-1.0,-1
1.378645,1.378655,1.378645,1.378645,-1.0,-1.0,-1
1.378645,1.378665,1.378645,1.378665,-1.0,-1.0,-1
1.378665,1.37867,1.378655,1.378655,-1.0,-1.0,-1
1.378655,1.37867,1.37865,1.378665,-1.0,-1.0,-1
1.378665,1.37867,1.37865,1.378665,-1.0,-1.0,-1
1.378665,1.37867,1.37866,1.37866,-1.0,-1.0,-1
1.37866,1.37867,1.378635,1.378635,-1.0,-1.0,-1
1.378635,1.378645,1.378635,1.37864,-1.0,-1.0,-1
1.37864,1.37865,1.37863,1.37864,-1.0,-1.0,-1
1.37864,1.37864,1.37862,1.37862,-1.0,-1.0,-1
1.37862,1.378625,1.378615,1.378625,-1.0,-1.0,-1
1.378625,1.378625,1.37862,1.37862,-1.0,-1.0,-1
1.37862,1.37862,1.378615,1.37862,-1.0,-1.0,-1
1.37862,1.37862,1.37858,1.378585,-1.0,-1.0,-1
1.378585,1.378595,1.378585,1.378585,-1.0,-1.0,-1
1.378585,1.378595,1.378585,1.378595,-1.0,-1.0,-1
1.378595,1.378605,1.378595,1.3786,-1.0,-1.0,-1
1.3786,1.37862,1.378595,1.37862,-1.0,-1.0,-1
1.37862,1.37862,1.378605,1.378605,-1.0,-1.0,-1
1.378605,1.37862,1.378605,1.378615,-1.0,-1.0,-1
1.378615,1.378615,1.378605,1.378615,-1.0,-1.0,-1
1.378615,1.378615,1.378605,1.378605,-1.0,-1.0,-1
1.378605,1.378605,1.3786,1.378605,-1.0,-1.0,-1
1.378605,1.37861,1.378605,1.378605,-1.0,-1.0,-1
1.378605,1.378605,1.3786,1.378605,-1.0,-1.0,-1
1.378605,1.378605,1.378605,1.378605,-1.0,-1.0,-1
1.378605,1.378605,1.378605,1.378605,-1.0,-1.0,-1
1.378605,1.378605,1.378605,1.378605,-1.0,-1.0,-1
1.378605,1.378605,1.378605,1.378605,-1.0,-1.0,-1
1.378605,1.37861,1.378605,1.378605,-1.0,-1.0,-1
1.378605,1.378605,1.378605,1.378605,-1.0,-1.0,-1
1.378605,1.378605,1.378605,1.378605,-1.0,-1.0,-1
1.378605,1.37864,1.378605,1.37863,-1.0,-1.0,-1
1.37863,1.37863,1.37862,1.37862,-1.0,-1.0,-1
1.37862,1.378625,1.378605,1.378605,-1.0,-1.0,-1
1.378605,1.37861,1.378605,1.37861,-1.0,-1.0,-1
1.37861,1.37862,1.378605,1.37862,-1.0,-1.0,-1
1.37862,1.37863,1.378605,1.378605,-1.0,-1.0,-1
1.378605,1.37861,1.378605,1.37861,-1.0,-1.0,-1
1.37861,1.37861,1.378605,1.378605,-1.0,-1.0,-1
1.378605,1.37863,1.3786,1.3786,-1.0,-1.0,-1
1.3786,1.3786,1.3786,1.3786,-1.0,-1.0,-1
1.3786,1.3786,1.3786,1.3786,-1.0,-1.0,-1
1.3786,1.37862,1.3786,1.37861,-1.0,-1.0,-1
1.37861,1.37861,1.378605,1.37861,-1.0,-1.0,-1
1.37861,1.37861,1.3786,1.3786,-1.0,-1.0,-1
1.3786,1.3786,1.378565,1.378565,-1.0,-1.0,-1
1.378565,1.378575,1.37855,1.37855,-1.0,-1.0,-1
1.37855,1.37855,1.378535,1.37854,-1.0,-1.0,-1
1.37854,1.37856,1.37853,1.37856,-1.0,-1.0,-1
1.37856,1.37856,1.37856,1.37856,-1.0,-1.0,-1
1.37856,1.37858,1.37856,1.37857,-1.0,-1.0,-1
1.37857,1.378575,1.37856,1.378565,-1.0,-1.0,-1
1.378565,1.378575,1.378565,1.37857,-1.0,-1.0,-1
1.37857,1.378595,1.37857,1.378575,-1.0,-1.0,-1
1.378575,1.37858,1.378565,1.378565,-1.0,-1.0,-1
1.378565,1.378575,1.378565,1.37857,-1.0,-1.0,-1
1.37857,1.378575,1.378565,1.378565,-1.0,-1.0,-1
1.378565,1.378575,1.378565,1.37857,-1.0,-1.0,-1
1.37857,1.378575,1.378565,1.37857,-1.0,-1.0,-1
1.37857,1.378575,1.378565,1.37857,-1.0,-1.0,-1
1.37857,1.378575,1.37852,1.378555,-1.0,-1.0,-1
1.378555,1.378555,1.37852,1.378555,-1.0,-1.0,-1
1.378555,1.37858,1.378555,1.37857,-1.0,-1.0,-1
1.37857,1.37858,1.37857,1.378575,-1.0,-1.0,-1
1.378575,1.37858,1.378565,1.378565,-1.0,-1.0,-1
1.378565,1.37857,1.378555,1.378555,-1.0,-1.0,-1
1.378555,1.378555,1.378515,1.378515,-1.0,-1.0,-1
1.378515,1.378515,1.378505,1.378505,-1.0,-1.0,-1
1.378505,1.378515,1.378505,1.37851,-1.0,-1.0,-1
1.37851,1.37851,1.378505,1.378505,-1.0,-1.0,-1
1.378505,1.378505,1.37849,1.378505,-1.0,-1.0,-1
1.378505,1.378505,1.378465,1.378465,-1.0,-1.0,-1
1.378465,1.37847,1.37846,1.37847,-1.0,-1.0,-1
1.37847,1.37849,1.37847,1.37848,-1.0,-1.0,-1
1.37848,1.378485,1.37848,1.37848,-1.0,-1.0,-1
1.37848,1.37848,1.378465,1.378475,-1.0,-1.0,-1
1.378475,1.378475,1.378465,1.378465,-1.0,-1.0,-1
1.378465,1.378465,1.378465,1.378465,-1.0,-1.0,-1
1.378465,1.37847,1.378465,1.378465,-1.0,-1.0,-1
1.378465,1.378465,1.378465,1.378465,-1.0,-1.0,-1
1.378465,1.37848,1.378465,1.37848,-1.0,-1.0,-1
1.37848,1.37848,1.378475,1.378475,-1.0,-1.0,-1
1.378475,1.378475,1.378475,1.378475,-1.0,-1.0,-1
1.378475,1.378475,1.378475,1.378475,-1.0,-1.0,-1
1.378475,1.37848,1.378475,1.37848,-1.0,-1.0,-1
1.37848,1.37848,1.378475,1.378475,-1.0,-1.0,-1
1.378475,1.378475,1.378475,1.378475,-1.0,-1.0,-1
1.378475,1.378475,1.378455,1.37846,-1.0,-1.0,-1
1.37846,1.37846,1.378455,1.37846,-1.0,-1.0,-1
1.37846,1.37846,1.378455,1.378455,-1.0,-1.0,-1
1.378455,1.378455,1.378455,1.378455,-1.0,-1.0,-1
1.378455,1.378455,1.378455,1.378455,-1.0,-1.0,-1
1.378455,1.378455,1.378455,1.378455,-1.0,-1.0,-1
1.378455,1.378455,1.378455,1.378455,-1.0,-1.0,-1
1.378455,1.378455,1.378455,1.378455,-1.0,-1.0,-1
1.378455,1.378455,1.378455,1.378455,-1.0,-1.0,-1
1.378455,1.378455,1.378455,1.378455,-1.0,-1.0,-1
1.378455,1.378465,1.378455,1.378465,-1.0,-1.0,-1
1.378465,1.37847,1.378465,1.37847,-1.0,-1.0,-1
1.37847,1.378525,1.37847,1.37852,-1.0,-1.0,-1
1.37852,1.37853,1.378515,1.378515,-1.0,-1.0,-1
1.378515,1.37855,1.378515,1.37855,-1.0,-1.0,-1
1.37855,1.37858,1.37855,1.37857,-1.0,-1.0,-1
1.37857,1.37858,1.37857,1.378575,-1.0,-1.0,-1
1.378575,1.37858,1.378565,1.378565,-1.0,-1.0,-1
1.378565,1.37858,1.378565,1.37857,-1.0,-1.0,-1
1.37857,1.37858,1.37857,1.37857,-1.0,-1.0,-1
1.37857,1.37858,1.37857,1.378575,-1.0,-1.0,-1
1.378575,1.37858,1.37857,1.378575,-1.0,-1.0,-1
1.378575,1.37858,1.37857,1.378575,-1.0,-1.0,-1
1.378575,1.378615,1.37857,1.378615,-1.0,-1.0,-1
1.378615,1.378615,1.37861,1.378615,-1.0,-1.0,-1
1.378615,1.378625,1.378615,1.378625,-1.0,-1.0,-1
1.378625,1.378625,1.378625,1.378625,-1.0,-1.0,-1
1.378625,1.378625,1.378615,1.378615,-1.0,-1.0,-1
1.378615,1.378625,1.378615,1.378625,-1.0,-1.0,-1
1.378625,1.378625,1.378625,1.378625,-1.0,-1.0,-1
1.378625,1.378625,1.378625,1.378625,-1.0,-1.0,-1
1.378625,1.378645,1.378615,1.378625,-1.0,-1.0,-1
1.378625,1.378625,1.378565,1.37857,-1.0,-1.0,-1
1.37857,1.378575,1.378535,1.37855,-1.0,-1.0,-1
1.37855,1.37855,1.37852,1.378535,-1.0,-1.0,-1
1.378535,1.37854,1.378525,1.37853,-1.0,-1.0,-1
1.37853,1.378575,1.378525,1.37857,-1.0,-1.0,-1
1.37857,1.378575,1.37857,1.37857,-1.0,-1.0,-1
1.37857,1.37858,1.37857,1.378575,-1.0,-1.0,-1
1.378575,1.37858,1.37857,1.37857,-1.0,-1.0,-1
1.37857,1.378585,1.37857,1.378575,-1.0,-1.0,-1
1.378575,1.378585,1.378575,1.378575,-1.0,-1.0,-1
1.378575,1.378585,1.378575,1.378575,-1.0,-1.0,-1
1.378575,1.378605,1.378575,1.378605,-1.0,-1.0,-1
1.378605,1.378605,1.3786,1.378605,-1.0,-1.0,-1
1.378605,1.378605,1.378575,1.378595,-1.0,-1.0,-1
1.378595,1.378615,1.378585,1.378615,-1.0,-1.0,-1
1.378615,1.378615,1.37857,1.37857,-1.0,-1.0,-1
1.37857,1.37861,1.37855,1.378605,-1.0,-1.0,-1
1.378605,1.378605,1.378605,1.378605,-1.0,-1.0,-1
1.378605,1.378625,1.378605,1.378625,-1.0,-1.0,-1
1.378625,1.378625,1.378625,1.378625,-1.0,-1.0,-1
1.378625,1.378625,1.378625,1.378625,-1.0,-1.0,-1
1.378625,1.378625,1.378625,1.378625,-1.0,-1.0,-1
1.378625,1.378625,1.378625,1.378625,-1.0,-1.0,-1
1.378625,1.378625,1.378625,1.378625,-1.0,-1.0,-1
1.378625,1.378625,1.378625,1.378625,-1.0,-1.0,-1
1.378625,1.378625,1.37857,1.37858,-1.0,-1.0,-1
1.37858,1.378585,1.37858,1.37858,-1.0,-1.0,-1
1.37858,1.378595,1.37858,1.37859,-1.0,-1.0,-1
1.37859,1.378615,1.37859,1.378615,-1.0,-1.0,-1
1.378615,1.37862,1.378615,1.378615,-1.0,-1.0,-1
1.378615,1.378615,1.378615,1.378615,-1.0,-1.0,-1
1.378615,1.378655,1.378615,1.378625,-1.0,-1.0,-1
1.378625,1.378625,1.3786,1.3786,-1.0,-1.0,-1
1.3786,1.3786,1.378575,1.378575,-1.0,-1.0,-1
1.378575,1.378615,1.378575,1.37861,-1.0,-1.0,-1
1.37861,1.378615,1.37859,1.378615,-1.0,-1.0,-1
1.378615,1.378615,1.378615,1.378615,-1.0,-1.0,-1
1.378615,1.37862,1.378615,1.37862,-1.0,-1.0,-1
1.37862,1.37862,1.37858,1.37858,-1.0,-1.0,-1
1.37858,1.378605,1.37858,1.378585,-1.0,-1.0,-1
1.378585,1.378595,1.378585,1.37859,-1.0,-1.0,-1
1.37859,1.378595,1.37859,1.37859,-1.0,-1.0,-1
1.37859,1.37861,1.37858,1.378585,-1.0,-1.0,-1
1.378585,1.37861,1.378585,1.37861,-1.0,-1.0,-1
1.37861,1.37861,1.378605,1.378605,-1.0,-1.0,-1
1.378605,1.378615,1.378605,1.378615,-1.0,-1.0,-1
1.378615,1.378625,1.378615,1.378625,-1.0,-1.0,-1
1.378625,1.378625,1.378625,1.378625,-1.0,-1.0,-1
1.378625,1.378625,1.378625,1.378625,-1.0,-1.0,-1
1.378625,1.378625,1.378625,1.378625,-1.0,-1.0,-1
1.378625,1.378625,1.378625,1.378625,-1.0,-1.0,-1
1.378625,1.378625,1.378625,1.378625,-1.0,-1.0,-1
1.378625,1.378625,1.378625,1.378625,-1.0,-1.0,-1
1.378625,1.378625,1.378625,1.378625,-1.0,-1.0,-1
1.378625,1.378625,1.37861,1.378625,-1.0,-1.0,-1
1.378625,1.378625,1.378625,1.378625,-1.0,-1.0,-1
1.378625,1.378625,1.37861,1.37861,-1.0,-1.0,-1
1.37861,1.37861,1.37861,1.37861,-1.0,-1.0,-1
1.37861,1.37861,1.37861,1.37861,-1.0,-1.0,-1
1.37861,1.37861,1.37861,1.37861,-1.0,-1.0,-1
1.37861,1.37861,1.378565,1.378565,-1.0,-1.0,-1
1.378565,1.378565,1.378565,1.378565,-1.0,-1.0,-1
1.378565,1.378565,1.378525,1.378535,-1.0,-1.0,-1
1.378535,1.378535,1.37853,1.37853,-1.0,-1.0,-1
1.37853,1.37853,1.378515,1.37852,-1.0,-1.0,-1
1.37852,1.37852,1.378515,1.37852,-1.0,-1.0,-1
1.37852,1.378525,1.378515,1.378525,-1.0,-1.0,-1
1.378525,1.378525,1.378515,1.37852,-1.0,-1.0,-1
1.37852,1.378525,1.378515,1.37852,-1.0,-1.0,-1
1.37852,1.378535,1.378505,1.37853,-1.0,-1.0,-1
1.37853,1.37853,1.378515,1.378525,-1.0,-1.0,-1
1.378525,1.378535,1.378515,1.378535,-1.0,-1.0,-1
1.378535,1.378555,1.378535,1.37855,-1.0,-1.0,-1
1.37855,1.37855,1.378525,1.37853,-1.0,-1.0,-1
1.37853,1.37853,1.37852,1.378525,-1.0,-1.0,-1
1.378525,1.37853,1.37852,1.378525,-1.0,-1.0,-1
1.378525,1.37853,1.37852,1.37853,-1.0,-1.0,-1
1.37853,1.37853,1.378525,1.37853,-1.0,-1.0,-1
1.37853,1.37853,1.378525,1.37853,-1.0,-1.0,-1
1.37853,1.37853,1.37852,1.378525,-1.0,-1.0,-1
1.378525,1.37853,1.37852,1.378525,-1.0,-1.0,-1
1.378525,1.37853,1.37852,1.37853,-1.0,-1.0,-1
1.37853,1.37854,1.37852,1.37853,-1.0,-1.0,-1
1.37853,1.37854,1.378525,1.37854,-1.0,-1.0,-1
1.37854,1.37854,1.378525,1.37854,-1.0,-1.0,-1
1.37854,1.37857,1.37854,1.37857,-1.0,-1.0,-1
1.37857,1.378605,1.37857,1.378605,-1.0,-1.0,-1
1.378605,1.378605,1.37857,1.37857,-1.0,-1.0,-1
1.37857,1.378605,1.37856,1.37856,-1.0,-1.0,-1
1.37856,1.378575,1.37856,1.37856,-1.0,-1.0,-1
1.37856,1.378565,1.37854,1.37856,-1.0,-1.0,-1
1.37856,1.378565,1.378555,1.378555,-1.0,-1.0,-1
1.378555,1.378555,1.378525,1.37853,-1.0,-1.0,-1
1.37853,1.378565,1.378525,1.378555,-1.0,-1.0,-1
1.378555,1.378555,1.378555,1.378555,-1.0,-1.0,-1
1.378555,1.378555,1.37845,1.37845,-1.0,-1.0,-1
1.37845,1.37847,1.37845,1.37847,-1.0,-1.0,-1
1.37847,1.37847,1.37847,1.37847,-1.0,-1.0,-1
1.37847,1.37847,1.378465,1.378465,-1.0,-1.0,-1
1.378465,1.378465,1.378465,1.378465,-1.0,-1.0,-1
1.378465,1.378465,1.378455,1.37846,-1.0,-1.0,-1
1.37846,1.37846,1.378455,1.37846,-1.0,-1.0,-1
1.37846,1.37846,1.378455,1.37846,-1.0,-1.0,-1
1.37846,1.37847,1.37842,1.37847,-1.0,-1.0,-1
1.37847,1.37847,1.378465,1.37847,-1.0,-1.0,-1
1.37847,1.37847,1.378465,1.378465,-1.0,-1.0,-1
1.378465,1.378465,1.378465,1.378465,-1.0,-1.0,-1
1.378465,1.378465,1.378465,1.378465,-1.0,-1.0,-1
1.378465,1.378475,1.378465,1.378475,-1.0,-1.0,-1
1.378475,1.378475,1.378475,1.378475,-1.0,-1.0,-1
1.378475,1.378475,1.378475,1.378475,-1.0,-1.0,-1
1.378475,1.378475,1.378475,1.378475,-1.0,-1.0,-1
1.378475,1.37849,1.378475,1.378475,-1.0,-1.0,-1
1.378475,1.378475,1.378475,1.378475,-1.0,-1.0,-1
1.378475,1.378475,1.378475,1.378475,-1.0,-1.0,-1
1.378475,1.378475,1.378475,1.378475,-1.0,-1.0,-1
1.378475,1.378475,1.378475,1.378475,-1.0,-1.0,-1
1.378475,1.378505,1.378475,1.378505,-1.0,-1.0,-1
1.378505,1.378505,1.378505,1.378505,-1.0,-1.0,-1
1.378505,1.378505,1.378505,1.378505,-1.0,-1.0,-1
1.378505,1.378505,1.37847,1.378505,-1.0,-1.0,-1
1.378505,1.378505,1.378505,1.378505,-1.0,-1.0,-1
1.378505,1.378505,1.378505,1.378505,-1.0,-1.0,-1
1.378505,1.378505,1.378505,1.378505,-1.0,-1.0,-1
1.378505,1.378505,1.37846,1.37846,-1.0,-1.0,-1
1.37846,1.37846,1.378435,1.37844,-1.0,-1.0,-1
1.37844,1.37844,1.378435,1.37844,-1.0,-1.0,-1
1.37844,1.37844,1.378435,1.37844,-1.0,-1.0,-1
1.37844,1.37844,1.378435,1.37844,-1.0,-1.0,-1
1.37844,1.378505,1.378435,1.378505,-1.0,-1.0,-1
1.378505,1.378505,1.378505,1.378505,-1.0,-1.0,-1
1.378505,1.378505,1.37847,1.37847,-1.0,-1.0,-1
1.37847,1.37847,1.37847,1.37847,-1.0,-1.0,-1
1.37847,1.378475,1.37847,1.37847,-1.0,-1.0,-1
1.37847,1.37847,1.37847,1.37847,-1.0,-1.0,-1
1.37847,1.37847,1.37847,1.37847,-1.0,-1.0,-1
1.37847,1.37847,1.37847,1.37847,-1.0,-1.0,-1
1.37847,1.37852,1.37847,1.37852,-1.0,-1.0,-1
1.37852,1.37852,1.37852,1.37852,-1.0,-1.0,-1
1.37852,1.37852,1.37852,1.37852,-1.0,-1.0,-1
1.37852,1.37852,1.37852,1.37852,-1.0,-1.0,-1
1.37852,1.37852,1.37852,1.37852,-1.0,-1.0,-1
1.37852,1.37852,1.37852,1.37852,-1.0,-1.0,-1
1.37852,1.37852,1.37852,1.37852,-1.0,-1.0,-1
1.37852,1.37852,1.37852,1.37852,-1.0,-1.0,-1
1.37852,1.37852,1.37852,1.37852,-1.0,-1.0,-1
1.37852,1.37852,1.37847,1.378475,-1.0,-1.0,-1
1.378475,1.37851,1.37847,1.37851,-1.0,-1.0,-1
1.37851,1.37851,1.37846,1.37846,-1.0,-1.0,-1
1.37846,1.37846,1.37845,1.37845,-1.0,-1.0,-1
1.37845,1.37845,1.37837,1.37837,-1.0,-1.0,-1
1.37837,1.37837,1.37837,1.37837,-1.0,-1.0,-1
1.37837,1.37838,1.37836,1.37838,-1.0,-1.0,-1
1.37838,1.378395,1.37838,1.378395,-1.0,-1.0,-1
1.378395,1.378395,1.37839,1.37839,-1.0,-1.0,-1
1.37839,1.378395,1.37839,1.37839,-1.0,-1.0,-1
1.37839,1.378395,1.37839,1.37839,-1.0,-1.0,-1
1.37839,1.37843,1.37839,1.37843,-1.0,-1.0,-1
1.37843,1.37843,1.37842,1.37842,-1.0,-1.0,-1
1.37842,1.37843,1.37842,1.37843,-1.0,-1.0,-1
1.37843,1.37844,1.37843,1.37843,-1.0,-1.0,-1
1.37843,1.37843,1.37843,1.37843,-1.0,-1.0,-1
1.37843,1.378455,1.378415,1.378415,-1.0,-1.0,-1
1.378415,1.37843,1.378415,1.37843,-1.0,-1.0,-1
1.37843,1.37843,1.37843,1.37843,-1.0,-1.0,-1
1.37843,1.37843,1.37843,1.37843,-1.0,-1.0,-1
1.37843,1.37843,1.37843,1.37843,-1.0,-1.0,-1
1.37843,1.37843,1.37842,1.37842,-1.0,-1.0,-1
1.37842,1.378425,1.37842,1.378425,-1.0,-1.0,-1
1.378425,1.378425,1.378425,1.378425,-1.0,-1.0,-1
1.378425,1.378425,1.378425,1.378425,-1.0,-1.0,-1
1.378425,1.37847,1.378425,1.37847,-1.0,-1.0,-1
1.37847,1.37847,1.378435,1.37844,-1.0,-1.0,-1
1.37844,1.37847,1.378435,1.37846,-1.0,-1.0,-1
1.37846,1.378475,1.37845,1.37847,-1.0,-1.0,-1
1.37847,1.378475,1.378465,1.378475,-1.0,-1.0,-1
1.378475,1.37848,1.378475,1.37848,-1.0,-1.0,-1
1.37848,1.37849,1.37848,1.378485,-1.0,-1.0,-1
1.378485,1.37852,1.378485,1.37851,-1.0,-1.0,-1
1.37851,1.37852,1.378505,1.37852,-1.0,-1.0,-1
1.37852,1.37852,1.378515,1.37852,-1.0,-1.0,-1
1.37852,1.37852,1.378505,1.37852,-1.0,-1.0,-1
1.37852,1.37852,1.3785,1.3785,-1.0,-1.0,-1
1.3785,1.3785,1.3785,1.3785,-1.0,-1.0,-1
1.3785,1.3785,1.37848,1.37848,-1.0,-1.0,-1
1.37848,1.37848,1.37848,1.37848,-1.0,-1.0,-1
1.37848,1.37848,1.37848,1.37848,-1.0,-1.0,-1
1.37848,1.37848,1.37848,1.37848,-1.0,-1.0,-1
1.37848,1.378485,1.378465,1.37847,-1.0,-1.0,-1
1.37847,1.37847,1.378465,1.37847,-1.0,-1.0,-1
1.37847,1.378485,1.37847,1.378485,-1.0,-1.0,-1
1.378485,1.378485,1.378485,1.378485,-1.0,-1.0,-1
1.378485,1.378485,1.37848,1.378485,-1.0,-1.0,-1
1.378485,1.37849,1.37848,1.378485,-1.0,-1.0,-1
1.378485,1.37849,1.378485,1.378485,-1.0,-1.0,-1
1.378485,1.378495,1.378485,1.37849,-1.0,-1.0,-1
1.37849,1.37849,1.37849,1.37849,-1.0,-1.0,-1
1.37849,1.37852,1.378485,1.37851,-1.0,-1.0,-1
1.37851,1.378525,1.378505,1.378515,-1.0,-1.0,-1
1.378515,1.378525,1.378515,1.378525,-1.0,-1.0,-1
1.378525,1.378525,1.378505,1.37851,-1.0,-1.0,-1
1.37851,1.37851,1.378505,1.37851,-1.0,-1.0,-1
1.37851,1.37851,1.378505,1.37851,-1.0,-1.0,-1
1.37851,1.37851,1.37848,1.37848,-1.0,-1.0,-1
1.37848,1.378485,1.37848,1.37848,-1.0,-1.0,-1
1.37848,1.37849,1.37848,1.37849,-1.0,-1.0,-1
1.37849,1.37852,1.37849,1.37851,-1.0,-1.0,-1
1.37851,1.37851,1.378505,1.37851,-1.0,-1.0,-1
1.37851,1.37851,1.378505,1.37851,-1.0,-1.0,-1
1.37851,1.37851,1.378505,1.37851,-1.0,-1.0,-1
1.37851,1.37851,1.378505,1.37851,-1.0,-1.0,-1
1.37851,1.37851,1.378505,1.37851,-1.0,-1.0,-1
1.37851,1.37851,1.378505,1.37851,-1.0,-1.0,-1
1.37851,1.37851,1.37848,1.378485,-1.0,-1.0,-1
1.378485,1.378485,1.37848,1.378485,-1.0,-1.0,-1
1.378485,1.378485,1.37848,1.378485,-1.0,-1.0,-1
1.378485,1.378485,1.37848,1.378485,-1.0,-1.0,-1
1.378485,1.378485,1.37848,1.378485,-1.0,-1.0,-1
1.378485,1.378485,1.37848,1.37848,-1.0,-1.0,-1
1.37848,1.378495,1.37848,1.37848,-1.0,-1.0,-1
1.37848,1.378485,1.37848,1.378485,-1.0,-1.0,-1
1.378485,1.378485,1.378485,1.378485,-1.0,-1.0,-1
1.378485,1.37849,1.37848,1.37849,-1.0,-1.0,-1
1.37849,1.3785,1.37849,1.3785,-1.0,-1.0,-1
1.3785,1.37852,1.37849,1.378515,-1.0,-1.0,-1
1.378515,1.378515,1.37851,1.37851,-1.0,-1.0,-1
1.37851,1.378515,1.378505,1.37851,-1.0,-1.0,-1
1.37851,1.378515,1.37851,1.378515,-1.0,-1.0,-1
1.378515,1.378515,1.378455,1.37846,-1.0,-1.0,-1
1.37846,1.378505,1.37846,1.37846,-1.0,-1.0,-1
1.37846,1.378505,1.378455,1.378455,-1.0,-1.0,-1
1.378455,1.37846,1.378455,1.37846,-1.0,-1.0,-1
1.37846,1.37851,1.37846,1.37848,-1.0,-1.0,-1
1.37848,1.37848,1.378475,1.378475,-1.0,-1.0,-1
1.378475,1.37848,1.378475,1.37848,-1.0,-1.0,-1
1.37848,1.378495,1.37848,1.378495,-1.0,-1.0,-1
1.378495,1.378495,1.37849,1.37849,-1.0,-1.0,-1
1.37849,1.37849,1.378475,1.37848,-1.0,-1.0,-1
1.37848,1.378485,1.37848,1.378485,-1.0,-1.0,-1
1.378485,1.37849,1.378485,1.37849,-1.0,-1.0,-1
1.37849,1.378495,1.37849,1.37849,-1.0,-1.0,-1
1.37849,1.37852,1.37849,1.37852,-1.0,-1.0,-1
1.37852,1.37852,1.37852,1.37852,-1.0,-1.0,-1
1.37852,1.37853,1.37852,1.37853,-1.0,-1.0,-1
1.37853,1.37853,1.378505,1.37851,-1.0,-1.0,-1
1.37851,1.37851,1.378505,1.37851,-1.0,-1.0,-1
1.37851,1.37851,1.378505,1.37851,-1.0,-1.0,-1
1.37851,1.37851,1.37845,1.378505,-1.0,-1.0,-1
1.378505,1.378505,1.378505,1.378505,-1.0,-1.0,-1
1.378505,1.378515,1.378505,1.37851,-1.0,-1.0,-1
1.37851,1.378515,1.378505,1.378505,-1.0,-1.0,-1
1.378505,1.378515,1.378505,1.37851,-1.0,-1.0,-1
1.37851,1.37851,1.37848,1.378485,-1.0,-1.0,-1
1.378485,1.378485,1.37848,1.37848,-1.0,-1.0,-1
1.37848,1.37848,1.37847,1.37847,-1.0,-1.0,-1
1.37847,1.378475,1.378465,1.37847,-1.0,-1.0,-1
1.37847,1.37847,1.378455,1.37846,-1.0,-1.0,-1
1.37846,1.378465,1.378455,1.378465,-1.0,-1.0,-1
1.378465,1.37847,1.378465,1.378465,-1.0,-1.0,-1
1.378465,1.37847,1.378455,1.378465,-1.0,-1.0,-1
1.378465,1.378465,1.378425,1.378455,-1.0,-1.0,-1
1.378455,1.37847,1.378455,1.378465,-1.0,-1.0,-1
1.378465,1.37849,1.378465,1.37849,-1.0,-1.0,-1
1.37849,1.37849,1.37847,1.378475,-1.0,-1.0,-1
1.378475,1.378475,1.378455,1.37847,-1.0,-1.0,-1
1.37847,1.37847,1.378465,1.37847,-1.0,-1.0,-1
1.37847,1.37849,1.37847,1.37849,-1.0,-1.0,-1
1.37849,1.37851,1.37847,1.378475,-1.0,-1.0,-1
1.378475,1.378505,1.37847,1.378475,-1.0,-1.0,-1
1.378475,1.378485,1.378465,1.378475,-1.0,-1.0,-1
1.378475,1.378485,1.37847,1.378475,-1.0,-1.0,-1
1.378475,1.37848,1.378475,1.37848,-1.0,-1.0,-1
1.37848,1.378515,1.378475,1.378505,-1.0,-1.0,-1
1.378505,1.378545,1.378505,1.378535,-1.0,-1.0,-1
1.378535,1.378545,1.378525,1.378545,-1.0,-1.0,-1
1.378545,1.378545,1.378525,1.37853,-1.0,-1.0,-1
1.37853,1.378535,1.378525,1.37853,-1.0,-1.0,-1
1.37853,1.37853,1.378525,1.37853,-1.0,-1.0,-1
1.37853,1.378535,1.37852,1.37853,-1.0,-1.0,-1
1.37853,1.378535,1.378525,1.378535,-1.0,-1.0,-1
1.378535,1.378535,1.378525,1.37853,-1.0,-1.0,-1
1.37853,1.37854,1.378525,1.37853,-1.0,-1.0,-1
1.37853,1.37856,1.378525,1.378555,-1.0,-1.0,-1
1.378555,1.37856,1.37853,1.378545,-1.0,-1.0,-1
1.378545,1.37856,1.378545,1.378555,-1.0,-1.0,-1
1.378555,1.37856,1.378555,1.37856,-1.0,-1.0,-1
1.37856,1.37856,1.37853,1.37854,-1.0,-1.0,-1
1.37854,1.37855,1.37854,1.378545,-1.0,-1.0,-1
1.378545,1.378555,1.378525,1.378545,-1.0,-1.0,-1
1.378545,1.378555,1.37854,1.37855,-1.0,-1.0,-1
1.37855,1.378555,1.37855,1.37855,-1.0,-1.0,-1
1.37855,1.37855,1.37855,1.37855,-1.0,-1.0,-1
1.37855,1.37855,1.37853,1.37854,-1.0,-1.0,-1
1.37854,1.378545,1.37853,1.378545,-1.0,-1.0,-1
1.378545,1.378545,1.378525,1.37853,-1.0,-1.0,-1
1.37853,1.378535,1.378515,1.37853,-1.0,-1.0,-1
1.37853,1.37854,1.378525,1.37853,-1.0,-1.0,-1
1.37853,1.378555,1.378525,1.37854,-1.0,-1.0,-1
1.37854,1.37854,1.37851,1.37851,-1.0,-1.0,-1
1.37851,1.37851,1.37851,1.37851,-1.0,-1.0,-1
1.37851,1.37853,1.378505,1.378515,-1.0,-1.0,-1
1.378515,1.37853,1.37851,1.37851,-1.0,-1.0,-1
1.37851,1.37851,1.37851,1.37851,-1.0,-1.0,-1
1.37851,1.37851,1.378505,1.378505,-1.0,-1.0,-1
1.378505,1.378505,1.378505,1.378505,-1.0,-1.0,-1
1.378505,1.37851,1.378505,1.37851,-1.0,-1.0,-1
1.37851,1.378515,1.37849,1.37849,-1.0,-1.0,-1
1.37849,1.378505,1.378485,1.378485,-1.0,-1.0,-1
1.378485,1.378485,1.3784,1.3784,-1.0,-1.0,-1
1.3784,1.378415,1.378395,1.378415,-1.0,-1.0,-1
1.378415,1.378415,1.3784,1.3784,-1.0,-1.0,-1
1.3784,1.3784,1.378395,1.378395,-1.0,-1.0,-1
1.378395,1.3784,1.378395,1.378395,-1.0,-1.0,-1
1.378395,1.378395,1.37839,1.37839,-1.0,-1.0,-1
1.37839,1.378395,1.378325,1.378335,-1.0,-1.0,-1
1.378335,1.37835,1.37833,1.37835,-1.0,-1.0,-1
1.37835,1.37836,1.378345,1.37836,-1.0,-1.0,-1
1.37836,1.378395,1.37835,1.378395,-1.0,-1.0,-1
1.378395,1.378395,1.378385,1.378395,-1.0,-1.0,-1
1.378395,1.378395,1.378385,1.378385,-1.0,-1.0,-1
1.378385,1.378405,1.37838,1.37838,-1.0,-1.0,-1
1.37838,1.378405,1.378375,1.378405,-1.0,-1.0,-1
1.378405,1.378405,1.378375,1.378385,-1.0,-1.0,-1
1.378385,1.378405,1.378375,1.378405,-1.0,-1.0,-1
1.378405,1.378405,1.37838,1.378405,-1.0,-1.0,-1
1.378405,1.378405,1.378375,1.378375,-1.0,-1.0,-1
1.378375,1.378375,1.378345,1.37836,-1.0,-1.0,-1
1.37836,1.378375,1.378335,1.37837,-1.0,-1.0,-1
1.37837,1.378445,1.37837,1.378415,-1.0,-1.0,-1
1.378415,1.37843,1.378415,1.378425,-1.0,-1.0,-1
1.378425,1.37845,1.37842,1.37845,-1.0,-1.0,-1
1.37845,1.378455,1.378415,1.378425,-1.0,-1.0,-1
1.378425,1.37843,1.37842,1.37842,-1.0,-1.0,-1
1.37842,1.37844,1.378415,1.37842,-1.0,-1.0,-1
1.37842,1.37842,1.378415,1.37842,-1.0,-1.0,-1
1.37842,1.37842,1.378415,1.37842,-1.0,-1.0,-1
1.37842,1.37842,1.378395,1.378415,-1.0,-1.0,-1
1.378415,1.378415,1.37839,1.37839,-1.0,-1.0,-1
1.37839,1.37839,1.37836,1.37837,-1.0,-1.0,-1
1.37837,1.37839,1.37836,1.37839,-1.0,-1.0,-1
1.37839,1.378395,1.37839,1.378395,-1.0,-1.0,-1
1.378395,1.378395,1.37839,1.378395,-1.0,-1.0,-1
1.378395,1.3784,1.37839,1.378395,-1.0,-1.0,-1
1.378395,1.3784,1.378395,1.3784,-1.0,-1.0,-1
1.3784,1.37842,1.378385,1.378385,-1.0,-1.0,-1
1.378385,1.378395,1.378385,1.378385,-1.0,-1.0,-1
1.378385,1.378395,1.378385,1.37839,-1.0,-1.0,-1
1.37839,1.378395,1.37839,1.37839,-1.0,-1.0,-1
1.37839,1.3784,1.37839,1.378395,-1.0,-1.0,-1
1.378395,1.3784,1.378385,1.378385,-1.0,-1.0,-1
1.378385,1.3784,1.378385,1.3784,-1.0,-1.0,-1
1.3784,1.3784,1.3784,1.3784,-1.0,-1.0,-1
1.3784,1.3784,1.37836,1.37836,-1.0,-1.0,-1
1.37836,1.37837,1.37836,1.37837,-1.0,-1.0,-1
1.37837,1.378375,1.37837,1.37837,-1.0,-1.0,-1
1.37837,1.3784,1.37837,1.3784,-1.0,-1.0,-1
1.3784,1.378465,1.378395,1.37842,-1.0,-1.0,-1
1.37842,1.37842,1.378405,1.37842,-1.0,-1.0,-1
1.37842,1.37843,1.37842,1.378425,-1.0,-1.0,-1
1.378425,1.378445,1.378415,1.378445,-1.0,-1.0,-1
1.378445,1.37845,1.37844,1.37845,-1.0,-1.0,-1
1.37845,1.37847,1.378435,1.37846,-1.0,-1.0,-1
1.37846,1.37858,1.37846,1.37858,-1.0,-1.0,-1
1.37858,1.378585,1.378525,1.37854,-1.0,-1.0,-1
1.37854,1.37854,1.378515,1.37852,-1.0,-1.0,-1
1.37852,1.378525,1.37851,1.37851,-1.0,-1.0,-1
1.37851,1.37851,1.37851,1.37851,-1.0,-1.0,-1
1.37851,1.378535,1.37851,1.378535,-1.0,-1.0,-1
1.378535,1.378545,1.378525,1.378535,-1.0,-1.0,-1
1.378535,1.378535,1.37852,1.378535,-1.0,-1.0,-1
1.378535,1.378535,1.378495,1.378495,-1.0,-1.0,-1
1.378495,1.378495,1.37849,1.37849,-1.0,-1.0,-1
1.37849,1.37851,1.37849,1.37851,-1.0,-1.0,-1
1.37851,1.37852,1.37851,1.37852,-1.0,-1.0,-1
1.37852,1.378585,1.37852,1.37858,-1.0,-1.0,-1
1.37858,1.3786,1.37858,1.3786,-1.0,-1.0,-1
1.3786,1.3786,1.37858,1.37858,-1.0,-1.0,-1
1.37858,1.378585,1.378545,1.378545,-1.0,-1.0,-1
1.378545,1.378575,1.378545,1.37857,-1.0,-1.0,-1
1.37857,1.378605,1.37857,1.378605,-1.0,-1.0,-1
1.378605,1.378605,1.378605,1.378605,-1.0,-1.0,-1
1.378605,1.378605,1.378605,1.378605,-1.0,-1.0,-1
1.378605,1.37861,1.378605,1.378605,-1.0,-1.0,-1
1.378605,1.37861,1.378605,1.378605,-1.0,-1.0,-1
1.378605,1.37861,1.378605,1.37861,-1.0,-1.0,-1
1.37861,1.37861,1.378565,1.378605,-1.0,-1.0,-1
1.378605,1.37861,1.378605,1.378605,-1.0,-1.0,-1
1.378605,1.37861,1.378575,1.37861,-1.0,-1.0,-1
1.37861,1.378745,1.37861,1.37874,-1.0,-1.0,-1
1.37874,1.378765,1.37874,1.378765,-1.0,-1.0,-1
1.378765,1.37877,1.37876,1.37877,-1.0,-1.0,-1
1.37877,1.37879,1.37877,1.37879,-1.0,-1.0,-1
1.37879,1.378815,1.37879,1.378815,-1.0,-1.0,-1
1.378815,1.378855,1.378815,1.378855,-1.0,-1.0,-1
1.378855,1.378855,1.37881,1.37881,-1.0,-1.0,-1
1.37881,1.378855,1.37881,1.378855,-1.0,-1.0,-1
1.378855,1.378855,1.378745,1.378745,-1.0,-1.0,-1
1.378745,1.378775,1.378745,1.378775,-1.0,-1.0,-1
1.378775,1.37879,1.378775,1.378785,-1.0,-1.0,-1
1.378785,1.378785,1.37872,1.378725,-1.0,-1.0,-1
1.378725,1.378725,1.378685,1.378685,-1.0,-1.0,-1
1.378685,1.378705,1.378685,1.378705,-1.0,-1.0,-1
1.378705,1.378705,1.378695,1.3787,-1.0,-1.0,-1
1.3787,1.378705,1.37866,1.378675,-1.0,-1.0,-1
1.378675,1.37871,1.378675,1.37871,-1.0,-1.0,-1
1.37871,1.37871,1.378635,1.378645,-1.0,-1.0,-1
1.378645,1.37865,1.37864,1.37864,-1.0,-1.0,-1
1.37864,1.37864,1.37864,1.37864,-1.0,-1.0,-1
1.37864,1.37864,1.37864,1.37864,-1.0,-1.0,-1
1.37864,1.37865,1.37864,1.37864,-1.0,-1.0,-1
1.37864,1.37864,1.37864,1.37864,-1.0,-1.0,-1
1.37864,1.378645,1.37864,1.378645,-1.0,-1.0,-1
1.378645,1.378645,1.378615,1.378615,-1.0,-1.0,-1
1.378615,1.37862,1.378615,1.378615,-1.0,-1.0,-1
1.378615,1.378625,1.378615,1.378625,-1.0,-1.0,-1
1.378625,1.378625,1.378625,1.378625,-1.0,-1.0,-1
1.378625,1.378625,1.378625,1.378625,-1.0,-1.0,-1
1.378625,1.378625,1.378625,1.378625,-1.0,-1.0,-1
1.378625,1.378625,1.378625,1.378625,-1.0,-1.0,-1
1.378625,1.378625,1.378615,1.378615,-1.0,-1.0,-1
1.378615,1.378615,1.378615,1.378615,-1.0,-1.0,-1
1.378615,1.378755,1.378615,1.37875,-1.0,-1.0,-1
1.37875,1.378755,1.378745,1.37875,-1.0,-1.0,-1
1.37875,1.37875,1.37875,1.37875,-1.0,-1.0,-1
1.37875,1.37875,1.37873,1.378735,-1.0,-1.0,-1
1.378735,1.378735,1.37873,1.378735,-1.0,-1.0,-1
1.378735,1.378755,1.378705,1.378735,-1.0,-1.0,-1
1.378735,1.37874,1.378735,1.378735,-1.0,-1.0,-1
1.378735,1.378735,1.378735,1.378735,-1.0,-1.0,-1
1.378735,1.378735,1.378735,1.378735,-1.0,-1.0,-1
1.378735,1.378735,1.378735,1.378735,-1.0,-1.0,-1
1.378735,1.378735,1.37873,1.37873,-1.0,-1.0,-1
1.37873,1.37881,1.37873,1.37881,-1.0,-1.0,-1
1.37881,1.37881,1.37878,1.37879,-1.0,-1.0,-1
1.37879,1.37879,1.378775,1.378775,-1.0,-1.0,-1
1.378775,1.37879,1.378775,1.378785,-1.0,-1.0,-1
1.378785,1.378785,1.37878,1.37878,-1.0,-1.0,-1
1.37878,1.37878,1.37877,1.378775,-1.0,-1.0,-1
1.378775,1.378785,1.378775,1.378785,-1.0,-1.0,-1
1.378785,1.378795,1.378785,1.37879,-1.0,-1.0,-1
1.37879,1.37879,1.378775,1.37878,-1.0,-1.0,-1
1.37878,1.378785,1.37878,1.37878,-1.0,-1.0,-1
1.37878,1.378805,1.37878,1.378805,-1.0,-1.0,-1
1.378805,1.37886,1.378805,1.37886,-1.0,-1.0,-1
1.37886,1.37886,1.37882,1.378855,-1.0,-1.0,-1
1.378855,1.37889,1.378855,1.37888,-1.0,-1.0,-1
1.37888,1.37889,1.378875,1.37888,-1.0,-1.0,-1
1.37888,1.37889,1.378875,1.37889,-1.0,-1.0,-1
1.37889,1.37889,1.378875,1.378885,-1.0,-1.0,-1
1.378885,1.378885,1.378845,1.378855,-1.0,-1.0,-1
1.378855,1.378855,1.378785,1.378795,-1.0,-1.0,-1
1.378795,1.37886,1.378785,1.37884,-1.0,-1.0,-1
1.37884,1.37886,1.37882,1.37882,-1.0,-1.0,-1
1.37882,1.378825,1.378815,1.378815,-1.0,-1.0,-1
1.378815,1.37882,1.37881,1.37882,-1.0,-1.0,-1
1.37882,1.378835,1.378815,1.378825,-1.0,-1.0,-1
1.378825,1.378825,1.37879,1.378815,-1.0,-1.0,-1
1.378815,1.378825,1.37881,1.378825,-1.0,-1.0,-1
1.378825,1.378855,1.378825,1.378855,-1.0,-1.0,-1
1.378855,1.378855,1.378825,1.378825,-1.0,-1.0,-1
1.378825,1.378825,1.37882,1.37882,-1.0,-1.0,-1
1.37882,1.378855,1.37882,1.37883,-1.0,-1.0,-1
1.37883,1.37883,1.378815,1.378825,-1.0,-1.0,-1
1.378825,1.378825,1.378815,1.37882,-1.0,-1.0,-1
1.37882,1.378825,1.37879,1.3788,-1.0,-1.0,-1
1.3788,1.378805,1.378785,1.37879,-1.0,-1.0,-1
1.37879,1.378795,1.378785,1.37879,-1.0,-1.0,-1
1.37879,1.378795,1.378785,1.378795,-1.0,-1.0,-1
1.378795,1.378795,1.37873,1.378775,-1.0,-1.0,-1
1.378775,1.378815,1.378775,1.378815,-1.0,-1.0,-1
1.378815,1.378815,1.378815,1.378815,-1.0,-1.0,-1
1.378815,1.378815,1.378815,1.378815,-1.0,-1.0,-1
1.378815,1.378815,1.378805,1.378815,-1.0,-1.0,-1
1.378815,1.378815,1.378805,1.378815,-1.0,-1.0,-1
1.378815,1.378815,1.37876,1.37876,-1.0,-1.0,-1
1.37876,1.37877,1.37871,1.37871,-1.0,-1.0,-1
1.37871,1.378725,1.37871,1.37871,-1.0,-1.0,-1
1.37871,1.37871,1.37869,1.37869,-1.0,-1.0,-1
1.37869,1.3787,1.37869,1.3787,-1.0,-1.0,-1
1.3787,1.378705,1.378695,1.3787,-1.0,-1.0,-1
1.3787,1.378705,1.3787,1.378705,-1.0,-1.0,-1
1.378705,1.378705,1.378705,1.378705,-1.0,-1.0,-1
1.378705,1.378705,1.3787,1.378705,-1.0,-1.0,-1
1.378705,1.378705,1.378705,1.378705,-1.0,-1.0,-1
1.378705,1.378705,1.37868,1.378685,-1.0,-1.0,-1
1.378685,1.378695,1.378665,1.378685,-1.0,-1.0,-1
1.378685,1.378695,1.378685,1.378685,-1.0,-1.0,-1
1.378685,1.378695,1.378685,1.378685,-1.0,-1.0,-1
1.378685,1.378695,1.378685,1.37869,-1.0,-1.0,-1
1.37869,1.37869,1.378685,1.378685,-1.0,-1.0,-1
1.378685,1.378705,1.37868,1.378705,-1.0,-1.0,-1
1.378705,1.378705,1.378705,1.378705,-1.0,-1.0,-1
1.378705,1.37871,1.378705,1.378705,-1.0,-1.0,-1
1.378705,1.37871,1.378705,1.378705,-1.0,-1.0,-1
1.378705,1.378705,1.37863,1.37863,-1.0,-1.0,-1
1.37863,1.378635,1.37863,1.37863,-1.0,-1.0,-1
1.37863,1.378655,1.37862,1.37862,-1.0,-1.0,-1
1.37862,1.37862,1.378595,1.378605,-1.0,-1.0,-1
1.378605,1.378615,1.3786,1.378605,-1.0,-1.0,-1
1.378605,1.378615,1.378605,1.378615,-1.0,-1.0,-1
1.378615,1.378615,1.378595,1.378595,-1.0,-1.0,-1
1.378595,1.378615,1.378595,1.378615,-1.0,-1.0,-1
1.378615,1.378615,1.378615,1.378615,-1.0,-1.0,-1
1.378615,1.378615,1.378615,1.378615,-1.0,-1.0,-1
1.378615,1.378615,1.378615,1.378615,-1.0,-1.0,-1
1.378615,1.378615,1.378615,1.378615,-1.0,-1.0,-1
1.378615,1.378625,1.378615,1.378625,-1.0,-1.0,-1
1.378625,1.378625,1.378625,1.378625,-1.0,-1.0,-1
1.378625,1.378625,1.378625,1.378625,-1.0,-1.0,-1
1.378625,1.378625,1.378625,1.378625,-1.0,-1.0,-1
1.378625,1.378625,1.378535,1.37857,-1.0,-1.0,-1
1.37857,1.37864,1.37857,1.378635,-1.0,-1.0,-1
1.378635,1.37864,1.37863,1.378635,-1.0,-1.0,-1
1.378635,1.37864,1.37863,1.37863,-1.0,-1.0,-1
1.37863,1.37864,1.378625,1.378635,-1.0,-1.0,-1
1.378635,1.37864,1.378625,1.378635,-1.0,-1.0,-1
1.378635,1.378635,1.378625,1.37863,-1.0,-1.0,-1
1.37863,1.37865,1.378625,1.37865,-1.0,-1.0,-1
1.37865,1.37865,1.378645,1.37865,-1.0,-1.0,-1
1.37865,1.37865,1.37864,1.37864,-1.0,-1.0,-1
1.37864,1.378645,1.378635,1.378635,-1.0,-1.0,-1
1.378635,1.378665,1.378625,1.37865,-1.0,-1.0,-1
1.37865,1.37865,1.37864,1.37864,-1.0,-1.0,-1
1.37864,1.37868,1.378635,1.37867,-1.0,-1.0,-1
1.37867,1.378675,1.378665,1.378665,-1.0,-1.0,-1
1.378665,1.37867,1.378665,1.378665,-1.0,-1.0,-1
1.378665,1.37869,1.378655,1.37869,-1.0,-1.0,-1
1.37869,1.37869,1.37869,1.37869,-1.0,-1.0,-1
1.37869,1.37869,1.37869,1.37869,-1.0,-1.0,-1
1.37869,1.378695,1.37869,1.37869,-1.0,-1.0,-1
1.37869,1.378695,1.37869,1.37869,-1.0,-1.0,-1
1.37869,1.378695,1.37868,1.378685,-1.0,-1.0,-1
1.378685,1.378695,1.378685,1.378695,-1.0,-1.0,-1
1.378695,1.378695,1.37869,1.378695,-1.0,-1.0,-1
1.378695,1.378695,1.378695,1.378695,-1.0,-1.0,-1
1.378695,1.37871,1.378695,1.3787,-1.0,-1.0,-1
1.3787,1.3787,1.378685,1.378685,-1.0,-1.0,-1
1.378685,1.378695,1.378685,1.378695,-1.0,-1.0,-1
1.378695,1.378715,1.37869,1.378715,-1.0,-1.0,-1
1.378715,1.378715,1.3787,1.3787,-1.0,-1.0,-1
1.3787,1.37871,1.378685,1.37869,-1.0,-1.0,-1
1.37869,1.378695,1.378685,1.378695,-1.0,-1.0,-1
1.378695,1.378695,1.37869,1.37869,-1.0,-1.0,-1
1.37869,1.378695,1.37869,1.37869,-1.0,-1.0,-1
1.37869,1.378695,1.37868,1.37868,-1.0,-1.0,-1
1.37868,1.37868,1.37864,1.37864,-1.0,-1.0,-1
1.37864,1.37864,1.37864,1.37864,-1.0,-1.0,-1
1.37864,1.378655,1.378625,1.378635,-1.0,-1.0,-1
1.378635,1.37867,1.378635,1.378655,-1.0,-1.0,-1
1.378655,1.37867,1.378655,1.378665,-1.0,-1.0,-1
1.378665,1.37867,1.37864,1.378645,-1.0,-1.0,-1
1.378645,1.378645,1.378635,1.37864,-1.0,-1.0,-1
1.37864,1.378645,1.378625,1.378625,-1.0,-1.0,-1
1.378625,1.378625,1.378615,1.378625,-1.0,-1.0,-1
1.378625,1.378625,1.378615,1.378625,-1.0,-1.0,-1
1.378625,1.378625,1.378615,1.378615,-1.0,-1.0,-1
1.378615,1.378615,1.378615,1.378615,-1.0,-1.0,-1
1.378615,1.378615,1.378615,1.378615,-1.0,-1.0,-1
1.378615,1.378615,1.37861,1.37861,-1.0,-1.0,-1
1.37861,1.37861,1.37861,1.37861,-1.0,-1.0,-1
1.37861,1.378615,1.378545,1.37855,-1.0,-1.0,-1
1.37855,1.378555,1.378545,1.378545,-1.0,-1.0,-1
1.378545,1.378605,1.378545,1.378605,-1.0,-1.0,-1
1.378605,1.37861,1.378605,1.37861,-1.0,-1.0,-1
1.37861,1.37861,1.37861,1.37861,-1.0,-1.0,-1
1.37861,1.37861,1.378565,1.37861,-1.0,-1.0,-1
1.37861,1.37861,1.378575,1.378575,-1.0,-1.0,-1
1.378575,1.37858,1.37857,1.378575,-1.0,-1.0,-1
1.378575,1.37858,1.378545,1.378555,-1.0,-1.0,-1
1.378555,1.378565,1.378545,1.37856,-1.0,-1.0,-1
1.37856,1.37857,1.37856,1.37856,-1.0,-1.0,-1
1.37856,1.37858,1.378555,1.378555,-1.0,-1.0,-1
1.378555,1.378565,1.378555,1.37856,-1.0,-1.0,-1
1.37856,1.378565,1.378515,1.378555,-1.0,-1.0,-1
1.378555,1.378555,1.378555,1.378555,-1.0,-1.0,-1
1.378555,1.378555,1.378555,1.378555,-1.0,-1.0,-1
1.378555,1.378555,1.378555,1.378555,-1.0,-1.0,-1
1.378555,1.378555,1.378555,1.378555,-1.0,-1.0,-1
1.378555,1.378555,1.378495,1.37851,-1.0,-1.0,-1
1.37851,1.37853,1.37851,1.37852,-1.0,-1.0,-1
1.37852,1.37852,1.378515,1.378515,-1.0,-1.0,-1
1.378515,1.37852,1.378515,1.37852,-1.0,-1.0,-1
1.37852,1.37852,1.37852,1.37852,-1.0,-1.0,-1
1.37852,1.37852,1.37852,1.37852,-1.0,-1.0,-1
1.37852,1.37852,1.37852,1.37852,-1.0,-1.0,-1
1.37852,1.37852,1.37852,1.37852,-1.0,-1.0,-1
1.37852,1.37852,1.37852,1.37852,-1.0,-1.0,-1
1.37852,1.37853,1.37852,1.37853,-1.0,-1.0,-1
1.37853,1.378535,1.378525,1.37853,-1.0,-1.0,-1
1.37853,1.37853,1.378525,1.37853,-1.0,-1.0,-1
1.37853,1.37853,1.37851,1.37851,-1.0,-1.0,-1
1.37851,1.37851,1.37851,1.37851,-1.0,-1.0,-1
1.37851,1.378515,1.37851,1.378515,-1.0,-1.0,-1
1.378515,1.37852,1.378515,1.378515,-1.0,-1.0,-1
1.378515,1.37852,1.378515,1.37852,-1.0,-1.0,-1
1.37852,1.37852,1.378515,1.378515,-1.0,-1.0,-1
1.378515,1.378515,1.378515,1.378515,-1.0,-1.0,-1
1.378515,1.378515,1.378515,1.378515,-1.0,-1.0,-1
1.378515,1.378515,1.378515,1.378515,-1.0,-1.0,-1
1.378515,1.378515,1.378515,1.378515,-1.0,-1.0,-1
1.378515,1.378515,1.378515,1.378515,-1.0,-1.0,-1
1.378515,1.37855,1.378515,1.378545,-1.0,-1.0,-1
1.378545,1.378565,1.378535,1.37856,-1.0,-1.0,-1
1.37856,1.37856,1.378555,1.378555,-1.0,-1.0,-1
1.378555,1.378555,1.37855,1.37855,-1.0,-1.0,-1
1.37855,1.37856,1.37855,1.37856,-1.0,-1.0,-1
1.37856,1.37858,1.37856,1.37857,-1.0,-1.0,-1
1.37857,1.378595,1.37857,1.378595,-1.0,-1.0,-1
1.378595,1.37861,1.37858,1.378605,-1.0,-1.0,-1
1.378605,1.378605,1.378605,1.378605,-1.0,-1.0,-1
1.378605,1.378605,1.378605,1.378605,-1.0,-1.0,-1
1.378605,1.378625,1.378605,1.378625,-1.0,-1.0,-1
1.378625,1.378625,1.37862,1.37862,-1.0,-1.0,-1
1.37862,1.378625,1.37862,1.37862,-1.0,-1.0,-1
1.37862,1.378625,1.37862,1.378625,-1.0,-1.0,-1
1.378625,1.378625,1.378615,1.37862,-1.0,-1.0,-1
1.37862,1.378625,1.37862,1.378625,-1.0,-1.0,-1
1.378625,1.37863,1.378625,1.378625,-1.0,-1.0,-1
1.378625,1.37863,1.378625,1.378625,-1.0,-1.0,-1
1.378625,1.378645,1.378625,1.378635,-1.0,-1.0,-1
1.378635,1.378645,1.378635,1.378645,-1.0,-1.0,-1
1.378645,1.378645,1.378625,1.378625,-1.0,-1.0,-1
1.378625,1.378635,1.37862,1.378625,-1.0,-1.0,-1
1.378625,1.37863,1.378625,1.378625,-1.0,-1.0,-1
1.378625,1.378695,1.378625,1.378695,-1.0,-1.0,-1
1.378695,1.3787,1.378695,1.3787,-1.0,-1.0,-1
1.3787,1.378715,1.378695,1.378715,-1.0,-1.0,-1
1.378715,1.37872,1.378715,1.378715,-1.0,-1.0,-1
1.378715,1.378725,1.378715,1.378725,-1.0,-1.0,-1
1.378725,1.37873,1.378715,1.378715,-1.0,-1.0,-1
1.378715,1.378715,1.37871,1.37871,-1.0,-1.0,-1
1.37871,1.378715,1.37871,1.37871,-1.0,-1.0,-1
1.37871,1.37873,1.37871,1.37873,-1.0,-1.0,-1
1.37873,1.37873,1.378715,1.378715,-1.0,-1.0,-1
1.378715,1.37872,1.378715,1.378715,-1.0,-1.0,-1
1.378715,1.378735,1.37871,1.378735,-1.0,-1.0,-1
1.378735,1.378735,1.378725,1.378725,-1.0,-1.0,-1
1.378725,1.37873,1.37871,1.378715,-1.0,-1.0,-1
1.378715,1.378715,1.37871,1.378715,-1.0,-1.0,-1
1.378715,1.378715,1.378665,1.378665,-1.0,-1.0,-1
1.378665,1.37867,1.378635,1.378645,-1.0,-1.0,-1
1.378645,1.378645,1.37862,1.37862,-1.0,-1.0,-1
1.37862,1.378635,1.37862,1.37863,-1.0,-1.0,-1
1.37863,1.378635,1.378625,1.378625,-1.0,-1.0,-1
1.378625,1.37865,1.378625,1.37864,-1.0,-1.0,-1
1.37864,1.37864,1.378625,1.378625,-1.0,-1.0,-1
1.378625,1.378625,1.378545,1.378545,-1.0,-1.0,-1
1.378545,1.378555,1.378545,1.37855,-1.0,-1.0,-1
1.37855,1.37855,1.37855,1.37855,-1.0,-1.0,-1
1.37855,1.37855,1.37855,1.37855,-1.0,-1.0,-1
1.37855,1.37855,1.37852,1.37852,-1.0,-1.0,-1
1.37852,1.37852,1.37852,1.37852,-1.0,-1.0,-1
1.37852,1.37852,1.37852,1.37852,-1.0,-1.0,-1
1.37852,1.378545,1.37852,1.378545,-1.0,-1.0,-1
1.378545,1.378545,1.37854,1.37854,-1.0,-1.0,-1
1.37854,1.378545,1.37854,1.378545,-1.0,-1.0,-1
1.378545,1.37856,1.37854,1.37856,-1.0,-1.0,-1
1.37856,1.37856,1.37856,1.37856,-1.0,-1.0,-1
1.37856,1.378565,1.37856,1.37856,-1.0,-1.0,-1
1.37856,1.37856,1.37856,1.37856,-1.0,-1.0,-1
1.37856,1.37856,1.37856,1.37856,-1.0,-1.0,-1
1.37856,1.37856,1.37856,1.37856,-1.0,-1.0,-1
1.37856,1.37856,1.37856,1.37856,-1.0,-1.0,-1
1.37856,1.37856,1.37856,1.37856,-1.0,-1.0,-1
1.37856,1.378605,1.37856,1.3786,-1.0,-1.0,-1
1.3786,1.378605,1.3786,1.378605,-1.0,-1.0,-1
1.378605,1.378625,1.3786,1.378625,-1.0,-1.0,-1
1.378625,1.378625,1.37862,1.37862,-1.0,-1.0,-1
1.37862,1.37862,1.3786,1.3786,-1.0,-1.0,-1
1.3786,1.3786,1.378595,1.378595,-1.0,-1.0,-1
1.378595,1.378595,1.378595,1.378595,-1.0,-1.0,-1
1.378595,1.378595,1.37855,1.37855,-1.0,-1.0,-1
1.37855,1.378555,1.37855,1.37855,-1.0,-1.0,-1
1.37855,1.37858,1.37855,1.378575,-1.0,-1.0,-1
1.378575,1.37858,1.37856,1.37856,-1.0,-1.0,-1
1.37856,1.378565,1.37856,1.378565,-1.0,-1.0,-1
1.378565,1.378565,1.378555,1.378555,-1.0,-1.0,-1
1.378555,1.37856,1.37855,1.378555,-1.0,-1.0,-1
1.378555,1.37856,1.37855,1.378555,-1.0,-1.0,-1
1.378555,1.378555,1.37855,1.37855,-1.0,-1.0,-1
1.37855,1.378555,1.37855,1.378555,-1.0,-1.0,-1
1.378555,1.37856,1.378555,1.378555,-1.0,-1.0,-1
1.378555,1.378565,1.378555,1.37856,-1.0,-1.0,-1
1.37856,1.378575,1.37856,1.37856,-1.0,-1.0,-1
1.37856,1.37856,1.37856,1.37856,-1.0,-1.0,-1
1.37856,1.378565,1.378525,1.378535,-1.0,-1.0,-1
1.378535,1.37854,1.378525,1.37854,-1.0,-1.0,-1
1.37854,1.378545,1.378535,1.378545,-1.0,-1.0,-1
1.378545,1.378605,1.37853,1.378605,-1.0,-1.0,-1
1.378605,1.378605,1.37858,1.378585,-1.0,-1.0,-1
1.378585,1.37859,1.37855,1.37855,-1.0,-1.0,-1
1.37855,1.37856,1.37855,1.37855,-1.0,-1.0,-1
1.37855,1.378555,1.37854,1.37854,-1.0,-1.0,-1
1.37854,1.37854,1.37853,1.37854,-1.0,-1.0,-1
1.37854,1.37854,1.37853,1.37854,-1.0,-1.0,-1
1.37854,1.37854,1.378525,1.37853,-1.0,-1.0,-1
1.37853,1.37853,1.37852,1.37852,-1.0,-1.0,-1
1.37852,1.37853,1.37852,1.37852,-1.0,-1.0,-1
1.37852,1.37852,1.37852,1.37852,-1.0,-1.0,-1
1.37852,1.37852,1.378515,1.378515,-1.0,-1.0,-1
1.378515,1.37852,1.378515,1.37852,-1.0,-1.0,-1
1.37852,1.37852,1.37852,1.37852,-1.0,-1.0,-1
1.37852,1.37852,1.378515,1.37852,-1.0,-1.0,-1
1.37852,1.37852,1.37846,1.378505,-1.0,-1.0,-1
1.378505,1.378505,1.378465,1.378465,-1.0,-1.0,-1
1.378465,1.37847,1.378465,1.37847,-1.0,-1.0,-1
1.37847,1.37851,1.378465,1.37851,-1.0,-1.0,-1
1.37851,1.37851,1.378465,1.378465,-1.0,-1.0,-1
1.378465,1.378505,1.37846,1.37847,-1.0,-1.0,-1
1.37847,1.378515,1.37846,1.378515,-1.0,-1.0,-1
1.378515,1.378515,1.378475,1.378515,-1.0,-1.0,-1
1.378515,1.378515,1.37851,1.378515,-1.0,-1.0,-1
1.378515,1.378515,1.378515,1.378515,-1.0,-1.0,-1
1.378515,1.37852,1.37851,1.378515,-1.0,-1.0,-1
1.378515,1.37852,1.378515,1.378515,-1.0,-1.0,-1
1.378515,1.378535,1.378515,1.37852,-1.0,-1.0,-1
1.37852,1.37852,1.37851,1.378515,-1.0,-1.0,-1
1.378515,1.37853,1.37851,1.37852,-1.0,-1.0,-1
1.37852,1.37852,1.378475,1.378505,-1.0,-1.0,-1
1.378505,1.378515,1.378505,1.378515,-1.0,-1.0,-1
1.378515,1.378515,1.37851,1.37851,-1.0,-1.0,-1
1.37851,1.37852,1.37851,1.37852,-1.0,-1.0,-1
1.37852,1.37852,1.378515,1.37852,-1.0,-1.0,-1
1.37852,1.37852,1.378515,1.37852,-1.0,-1.0,-1
1.37852,1.37853,1.378515,1.378515,-1.0,-1.0,-1
1.378515,1.37852,1.378515,1.37852,-1.0,-1.0,-1
1.37852,1.37853,1.37852,1.37852,-1.0,-1.0,-1
1.37852,1.37852,1.378515,1.378515,-1.0,-1.0,-1
1.378515,1.37852,1.378465,1.378465,-1.0,-1.0,-1
1.378465,1.378465,1.37845,1.37845,-1.0,-1.0,-1
1.37845,1.378455,1.378445,1.37845,-1.0,-1.0,-1
1.37845,1.37846,1.378405,1.37846,-1.0,-1.0,-1
1.37846,1.37847,1.37845,1.37845,-1.0,-1.0,-1
1.37845,1.37846,1.37845,1.37845,-1.0,-1.0,-1
1.37845,1.378505,1.37845,1.378465,-1.0,-1.0,-1
1.378465,1.37847,1.37844,1.378455,-1.0,-1.0,-1
1.378455,1.378465,1.37844,1.378445,-1.0,-1.0,-1
1.378445,1.378465,1.37844,1.378455,-1.0,-1.0,-1
1.378455,1.378465,1.37844,1.378455,-1.0,-1.0,-1
1.378455,1.378465,1.378435,1.378445,-1.0,-1.0,-1
1.378445,1.378455,1.37843,1.37844,-1.0,-1.0,-1
1.37844,1.378445,1.378425,1.378435,-1.0,-1.0,-1
1.378435,1.378445,1.378425,1.378445,-1.0,-1.0,-1
1.378445,1.378445,1.378435,1.378435,-1.0,-1.0,-1
1.378435,1.378455,1.378435,1.37844,-1.0,-1.0,-1
1.37844,1.378455,1.378435,1.378445,-1.0,-1.0,-1
1.378445,1.378455,1.37844,1.378455,-1.0,-1.0,-1
1.378455,1.378455,1.37844,1.37845,-1.0,-1.0,-1
1.37845,1.378545,1.37845,1.37853,-1.0,-1.0,-1
1.37853,1.378545,1.378525,1.378535,-1.0,-1.0,-1
1.378535,1.37855,1.37853,1.378535,-1.0,-1.0,-1
1.378535,1.378545,1.378525,1.378535,-1.0,-1.0,-1
1.378535,1.37854,1.37852,1.378535,-1.0,-1.0,-1
1.378535,1.37854,1.378525,1.37853,-1.0,-1.0,-1
1.37853,1.37853,1.37852,1.37853,-1.0,-1.0,-1
1.37853,1.378535,1.378505,1.37851,-1.0,-1.0,-1
1.37851,1.37851,1.37851,1.37851,-1.0,-1.0,-1
1.37851,1.378515,1.37851,1.378515,-1.0,-1.0,-1
1.378515,1.378515,1.378475,1.37848,-1.0,-1.0,-1
1.37848,1.378505,1.37848,1.37848,-1.0,-1.0,-1
1.37848,1.37851,1.37848,1.37851,-1.0,-1.0,-1
1.37851,1.37851,1.378475,1.378475,-1.0,-1.0,-1
1.378475,1.37851,1.378475,1.37851,-1.0,-1.0,-1
1.37851,1.378515,1.37851,1.37851,-1.0,-1.0,-1
1.37851,1.37851,1.378485,1.378485,-1.0,-1.0,-1
1.378485,1.37849,1.378475,1.378475,-1.0,-1.0,-1
1.378475,1.37848,1.37844,1.378455,-1.0,-1.0,-1
1.378455,1.378465,1.378455,1.378465,-1.0,-1.0,-1
1.378465,1.37851,1.378455,1.37851,-1.0,-1.0,-1
1.37851,1.37851,1.378505,1.378505,-1.0,-1.0,-1
1.378505,1.378515,1.378505,1.378515,-1.0,-1.0,-1
1.378515,1.378515,1.37846,1.37846,-1.0,-1.0,-1
1.37846,1.378485,1.378455,1.378485,-1.0,-1.0,-1
1.378485,1.37849,1.378485,1.37849,-1.0,-1.0,-1
1.37849,1.378505,1.378475,1.378495,-1.0,-1.0,-1
1.378495,1.378505,1.378495,1.378495,-1.0,-1.0,-1
1.378495,1.378505,1.378495,1.378505,-1.0,-1.0,-1
1.378505,1.37851,1.378505,1.378505,-1.0,-1.0,-1
1.378505,1.378535,1.378505,1.37853,-1.0,-1.0,-1
1.37853,1.378535,1.378525,1.37853,-1.0,-1.0,-1
1.37853,1.37853,1.37851,1.37851,-1.0,-1.0,-1
1.37851,1.37851,1.37851,1.37851,-1.0,-1.0,-1
1.37851,1.37853,1.37851,1.378525,-1.0,-1.0,-1
1.378525,1.378545,1.37851,1.37854,-1.0,-1.0,-1
1.37854,1.37854,1.37852,1.378525,-1.0,-1.0,-1
1.378525,1.378535,1.37852,1.378535,-1.0,-1.0,-1
1.378535,1.378545,1.37853,1.378535,-1.0,-1.0,-1
1.378535,1.37854,1.37853,1.37854,-1.0,-1.0,-1
1.37854,1.37854,1.378525,1.37853,-1.0,-1.0,-1
1.37853,1.378535,1.378525,1.378535,-1.0,-1.0,-1
1.378535,1.378535,1.378525,1.37853,-1.0,-1.0,-1
1.37853,1.37853,1.378525,1.37853,-1.0,-1.0,-1
1.37853,1.378535,1.378525,1.37853,-1.0,-1.0,-1
1.37853,1.37853,1.378525,1.37853,-1.0,-1.0,-1
1.37853,1.37853,1.37851,1.37851,-1.0,-1.0,-1
1.37851,1.37851,1.378505,1.378505,-1.0,-1.0,-1
1.378505,1.378535,1.378505,1.378535,-1.0,-1.0,-1
1.378535,1.378535,1.378525,1.378535,-1.0,-1.0,-1
1.378535,1.378535,1.37853,1.378535,-1.0,-1.0,-1
1.378535,1.378555,1.37853,1.378555,-1.0,-1.0,-1
1.378555,1.378585,1.378545,1.378555,-1.0,-1.0,-1
1.378555,1.378555,1.37855,1.37855,-1.0,-1.0,-1
1.37855,1.378555,1.37855,1.378555,-1.0,-1.0,-1
1.378555,1.378555,1.378525,1.37853,-1.0,-1.0,-1
1.37853,1.37853,1.378525,1.37853,-1.0,-1.0,-1
1.37853,1.37853,1.378505,1.37851,-1.0,-1.0,-1
1.37851,1.378515,1.378505,1.37851,-1.0,-1.0,-1
1.37851,1.37853,1.37851,1.378525,-1.0,-1.0,-1
1.378525,1.378525,1.37851,1.37851,-1.0,-1.0,-1
1.37851,1.378525,1.378505,1.37851,-1.0,-1.0,-1
1.37851,1.37851,1.3785,1.37851,-1.0,-1.0,-1
1.37851,1.378525,1.37851,1.37851,-1.0,-1.0,-1
1.37851,1.37851,1.37851,1.37851,-1.0,-1.0,-1
1.37851,1.378555,1.37851,1.378555,-1.0,-1.0,-1
1.378555,1.378555,1.378555,1.378555,-1.0,-1.0,-1
1.378555,1.378555,1.378555,1.378555,-1.0,-1.0,-1
1.378555,1.37856,1.378555,1.37856,-1.0,-1.0,-1
1.37856,1.37856,1.37856,1.37856,-1.0,-1.0,-1
1.37856,1.378565,1.378545,1.378545,-1.0,-1.0,-1
1.378545,1.37858,1.378545,1.378575,-1.0,-1.0,-1
1.378575,1.3786,1.378575,1.378585,-1.0,-1.0,-1
1.378585,1.3786,1.37858,1.37858,-1.0,-1.0,-1
1.37858,1.378585,1.37858,1.37858,-1.0,-1.0,-1
1.37858,1.378605,1.37858,1.378605,-1.0,-1.0,-1
1.378605,1.378605,1.37858,1.37858,-1.0,-1.0,-1
1.37858,1.378585,1.378545,1.378545,-1.0,-1.0,-1
1.378545,1.37855,1.378545,1.378545,-1.0,-1.0,-1
1.378545,1.37855,1.378545,1.378545,-1.0,-1.0,-1
1.378545,1.37855,1.378545,1.37855,-1.0,-1.0,-1
1.37855,1.378565,1.378545,1.378545,-1.0,-1.0,-1
1.378545,1.378555,1.37854,1.378555,-1.0,-1.0,-1
1.378555,1.378555,1.378545,1.378545,-1.0,-1.0,-1
1.378545,1.37855,1.378535,1.378545,-1.0,-1.0,-1
1.378545,1.378545,1.378515,1.37853,-1.0,-1.0,-1
1.37853,1.37853,1.37849,1.37849,-1.0,-1.0,-1
1.37849,1.37849,1.37846,1.37846,-1.0,-1.0,-1
1.37846,1.378465,1.378455,1.37846,-1.0,-1.0,-1
1.37846,1.378475,1.378455,1.378455,-1.0,-1.0,-1
1.378455,1.378465,1.378455,1.37846,-1.0,-1.0,-1
1.37846,1.378465,1.37846,1.378465,-1.0,-1.0,-1
1.378465,1.378465,1.378455,1.378455,-1.0,-1.0,-1
1.378455,1.378455,1.378455,1.378455,-1.0,-1.0,-1
1.378455,1.378455,1.378435,1.37845,-1.0,-1.0,-1
1.37845,1.37845,1.37844,1.37845,-1.0,-1.0,-1
1.37845,1.37845,1.378425,1.378425,-1.0,-1.0,-1
1.378425,1.37846,1.378425,1.37846,-1.0,-1.0,-1
1.37846,1.37846,1.37845,1.378455,-1.0,-1.0,-1
1.378455,1.37846,1.378455,1.378455,-1.0,-1.0,-1
1.378455,1.37846,1.378425,1.378425,-1.0,-1.0,-1
1.378425,1.378435,1.378425,1.378435,-1.0,-1.0,-1
1.378435,1.37846,1.378435,1.37846,-1.0,-1.0,-1
1.37846,1.37846,1.378455,1.378455,-1.0,-1.0,-1
1.378455,1.37849,1.378455,1.37849,-1.0,-1.0,-1
1.37849,1.37849,1.378485,1.378485,-1.0,-1.0,-1
1.378485,1.378485,1.378455,1.37846,-1.0,-1.0,-1
1.37846,1.37846,1.37844,1.37846,-1.0,-1.0,-1
1.37846,1.37846,1.37845,1.378455,-1.0,-1.0,-1
1.378455,1.37848,1.378455,1.37848,-1.0,-1.0,-1
1.37848,1.378485,1.37846,1.37846,-1.0,-1.0,-1
1.37846,1.378465,1.378455,1.378455,-1.0,-1.0,-1
1.378455,1.378455,1.378455,1.378455,-1.0,-1.0,-1
1.378455,1.37851,1.378455,1.37851,-1.0,-1.0,-1
1.37851,1.378515,1.378505,1.378505,-1.0,-1.0,-1
1.378505,1.37852,1.378505,1.37852,-1.0,-1.0,-1
1.37852,1.37853,1.37851,1.37853,-1.0,-1.0,-1
1.37853,1.378555,1.378515,1.378555,-1.0,-1.0,-1
1.378555,1.378555,1.378545,1.378555,-1.0,-1.0,-1
1.378555,1.378555,1.37853,1.378545,-1.0,-1.0,-1
1.378545,1.378555,1.378545,1.378555,-1.0,-1.0,-1
1.378555,1.378555,1.37854,1.37854,-1.0,-1.0,-1
1.37854,1.37854,1.378525,1.37853,-1.0,-1.0,-1
1.37853,1.37853,1.378515,1.37853,-1.0,-1.0,-1
1.37853,1.37853,1.378525,1.37853,-1.0,-1.0,-1
1.37853,1.37854,1.378525,1.37854,-1.0,-1.0,-1
1.37854,1.378545,1.37853,1.378545,-1.0,-1.0,-1
1.378545,1.37855,1.378525,1.37853,-1.0,-1.0,-1
1.37853,1.37853,1.37852,1.37853,-1.0,-1.0,-1
1.37853,1.37853,1.37849,1.378505,-1.0,-1.0,-1
1.378505,1.378505,1.3785,1.3785,-1.0,-1.0,-1
1.3785,1.378505,1.378445,1.378455,-1.0,-1.0,-1
1.378455,1.37847,1.378455,1.37847,-1.0,-1.0,-1
1.37847,1.378485,1.37847,1.378485,-1.0,-1.0,-1
1.378485,1.378485,1.378485,1.378485,-1.0,-1.0,-1
1.378485,1.378505,1.37848,1.378505,-1.0,-1.0,-1
1.378505,1.378515,1.378505,1.378515,-1.0,-1.0,-1
1.378515,1.378515,1.37851,1.37851,-1.0,-1.0,-1
1.37851,1.37851,1.37851,1.37851,-1.0,-1.0,-1
1.37851,1.37851,1.378485,1.378485,-1.0,-1.0,-1
1.378485,1.378485,1.378455,1.37846,-1.0,-1.0,-1
1.37846,1.37846,1.37844,1.378445,-1.0,-1.0,-1
1.378445,1.378445,1.378425,1.378425,-1.0,-1.0,-1
1.378425,1.378425,1.378425,1.378425,-1.0,-1.0,-1
1.378425,1.378425,1.378425,1.378425,-1.0,-1.0,-1
1.378425,1.378425,1.378425,1.378425,-1.0,-1.0,-1
1.378425,1.378425,1.378425,1.378425,-1.0,-1.0,-1
1.378425,1.378425,1.378405,1.378405,-1.0,-1.0,-1
1.378405,1.378415,1.378405,1.378405,-1.0,-1.0,-1
1.378405,1.378415,1.378405,1.378415,-1.0,-1.0,-1
1.378415,1.378415,1.378405,1.378415,-1.0,-1.0,-1
1.378415,1.378415,1.378405,1.378405,-1.0,-1.0,-1
1.378405,1.37841,1.3784,1.3784,-1.0,-1.0,-1
1.3784,1.378405,1.3784,1.378405,-1.0,-1.0,-1
1.378405,1.378495,1.378405,1.378495,-1.0,-1.0,-1
1.378495,1.378495,1.378495,1.378495,-1.0,-1.0,-1
1.378495,1.378495,1.378495,1.378495,-1.0,-1.0,-1
1.378495,1.378495,1.37849,1.37849,-1.0,-1.0,-1
1.37849,1.378495,1.37849,1.378495,-1.0,-1.0,-1
1.378495,1.378495,1.37849,1.378495,-1.0,-1.0,-1
1.378495,1.378495,1.37849,1.37849,-1.0,-1.0,-1
1.37849,1.378505,1.37849,1.37849,-1.0,-1.0,-1
1.37849,1.378495,1.37849,1.378495,-1.0,-1.0,-1
1.378495,1.378495,1.37849,1.378495,-1.0,-1.0,-1
1.378495,1.37851,1.37849,1.37851,-1.0,-1.0,-1
1.37851,1.37851,1.378495,1.378495,-1.0,-1.0,-1
1.378495,1.378495,1.37849,1.37849,-1.0,-1.0,-1
1.37849,1.37849,1.37848,1.37849,-1.0,-1.0,-1
1.37849,1.378495,1.378485,1.378495,-1.0,-1.0,-1
1.378495,1.3785,1.37849,1.37849,-1.0,-1.0,-1
1.37849,1.378495,1.37849,1.37849,-1.0,-1.0,-1
1.37849,1.378495,1.37848,1.37848,-1.0,-1.0,-1
1.37848,1.37851,1.37848,1.37851,-1.0,-1.0,-1
1.37851,1.37851,1.37851,1.37851,-1.0,-1.0,-1
1.37851,1.37851,1.37849,1.37849,-1.0,-1.0,-1
1.37849,1.37849,1.37848,1.378485,-1.0,-1.0,-1
1.378485,1.378485,1.37848,1.378485,-1.0,-1.0,-1
1.378485,1.378485,1.37848,1.37848,-1.0,-1.0,-1
1.37848,1.37848,1.37846,1.378465,-1.0,-1.0,-1
1.378465,1.37847,1.378465,1.37847,-1.0,-1.0,-1
1.37847,1.37847,1.37844,1.37846,-1.0,-1.0,-1
1.37846,1.37846,1.37844,1.378455,-1.0,-1.0,-1
1.378455,1.37846,1.378425,1.378425,-1.0,-1.0,-1
1.378425,1.378425,1.37842,1.37842,-1.0,-1.0,-1
1.37842,1.378425,1.37842,1.37842,-1.0,-1.0,-1
1.37842,1.37842,1.3784,1.37841,-1.0,-1.0,-1
1.37841,1.378415,1.378405,1.378405,-1.0,-1.0,-1
1.378405,1.378415,1.378405,1.37841,-1.0,-1.0,-1
1.37841,1.37842,1.37841,1.37842,-1.0,-1.0,-1
1.37842,1.37842,1.37842,1.37842,-1.0,-1.0,-1
1.37842,1.37842,1.37842,1.37842,-1.0,-1.0,-1
1.37842,1.37842,1.37842,1.37842,-1.0,-1.0,-1
1.37842,1.37843,1.37842,1.37843,-1.0,-1.0,-1
1.37843,1.378475,1.37843,1.37845,-1.0,-1.0,-1
1.37845,1.37845,1.37842,1.37842,-1.0,-1.0,-1
1.37842,1.37842,1.37842,1.37842,-1.0,-1.0,-1
1.37842,1.37842,1.378405,1.378405,-1.0,-1.0,-1
1.378405,1.37842,1.3784,1.37842,-1.0,-1.0,-1
1.37842,1.37842,1.37838,1.3784,-1.0,-1.0,-1
1.3784,1.378405,1.3784,1.378405,-1.0,-1.0,-1
1.378405,1.378415,1.378405,1.378415,-1.0,-1.0,-1
1.378415,1.37842,1.378415,1.37842,-1.0,-1.0,-1
1.37842,1.37842,1.37842,1.37842,-1.0,-1.0,-1
1.37842,1.37842,1.37842,1.37842,-1.0,-1.0,-1
1.37842,1.37842,1.3784,1.378415,-1.0,-1.0,-1
1.378415,1.37842,1.3784,1.37842,-1.0,-1.0,-1
1.37842,1.37844,1.37842,1.37844,-1.0,-1.0,-1
1.37844,1.378445,1.37843,1.37843,-1.0,-1.0,-1
1.37843,1.37843,1.37843,1.37843,-1.0,-1.0,-1
1.37843,1.37843,1.37842,1.37842,-1.0,-1.0,-1
1.37842,1.37842,1.37842,1.37842,-1.0,-1.0,-1
1.37842,1.37849,1.37842,1.37849,-1.0,-1.0,-1
1.37849,1.37849,1.37849,1.37849,-1.0,-1.0,-1
1.37849,1.37849,1.37849,1.37849,-1.0,-1.0,-1
1.37849,1.3785,1.37849,1.37849,-1.0,-1.0,-1
1.37849,1.37849,1.37849,1.37849,-1.0,-1.0,-1
1.37849,1.37849,1.37849,1.37849,-1.0,-1.0,-1
1.37849,1.37849,1.37849,1.37849,-1.0,-1.0,-1
1.37849,1.378505,1.378485,1.37849,-1.0,-1.0,-1
1.37849,1.37851,1.37849,1.37851,-1.0,-1.0,-1
1.37851,1.37852,1.37851,1.378515,-1.0,-1.0,-1
1.378515,1.378515,1.378515,1.378515,-1.0,-1.0,-1
1.378515,1.37853,1.378515,1.37853,-1.0,-1.0,-1
1.37853,1.378535,1.378525,1.378535,-1.0,-1.0,-1
1.378535,1.378535,1.378525,1.378535,-1.0,-1.0,-1
1.378535,1.378535,1.378525,1.378535,-1.0,-1.0,-1
1.378535,1.378535,1.37853,1.378535,-1.0,-1.0,-1
1.378535,1.378535,1.37852,1.378535,-1.0,-1.0,-1
1.378535,1.378535,1.37851,1.37851,-1.0,-1.0,-1
1.37851,1.378515,1.37851,1.37851,-1.0,-1.0,-1
1.37851,1.378515,1.37851,1.378515,-1.0,-1.0,-1
1.378515,1.378515,1.378505,1.37851,-1.0,-1.0,-1
1.37851,1.37851,1.378495,1.378495,-1.0,-1.0,-1
1.378495,1.378515,1.378495,1.378515,-1.0,-1.0,-1
1.378515,1.378585,1.378515,1.37858,-1.0,-1.0,-1
1.37858,1.37859,1.37858,1.37859,-1.0,-1.0,-1
1.37859,1.3786,1.378585,1.378585,-1.0,-1.0,-1
1.378585,1.378595,1.378585,1.378595,-1.0,-1.0,-1
1.378595,1.37862,1.378595,1.37862,-1.0,-1.0,-1
1.37862,1.37862,1.378605,1.378605,-1.0,-1.0,-1
1.378605,1.37863,1.378605,1.37863,-1.0,-1.0,-1
1.37863,1.37863,1.378625,1.378625,-1.0,-1.0,-1
1.378625,1.378625,1.378625,1.378625,-1.0,-1.0,-1
1.378625,1.37869,1.378625,1.378685,-1.0,-1.0,-1
1.378685,1.378685,1.378685,1.378685,-1.0,-1.0,-1
1.378685,1.378695,1.378675,1.378695,-1.0,-1.0,-1
1.378695,1.37871,1.378695,1.37871,-1.0,-1.0,-1
1.37871,1.37874,1.37871,1.378735,-1.0,-1.0,-1
1.378735,1.37874,1.378735,1.378735,-1.0,-1.0,-1
1.378735,1.378735,1.37872,1.378725,-1.0,-1.0,-1
1.378725,1.378725,1.378725,1.378725,-1.0,-1.0,-1
1.378725,1.378735,1.37872,1.378735,-1.0,-1.0,-1
1.378735,1.378735,1.3787,1.37871,-1.0,-1.0,-1
1.37871,1.37871,1.378695,1.37871,-1.0,-1.0,-1
1.37871,1.37871,1.37871,1.37871,-1.0,-1.0,-1
1.37871,1.378715,1.37871,1.378715,-1.0,-1.0,-1
1.378715,1.37872,1.378715,1.37872,-1.0,-1.0,-1
1.37872,1.378795,1.37872,1.378795,-1.0,-1.0,-1
1.378795,1.378795,1.37878,1.37879,-1.0,-1.0,-1
1.37879,1.378795,1.378785,1.378785,-1.0,-1.0,-1
1.378785,1.378785,1.378785,1.378785,-1.0,-1.0,-1
1.378785,1.378905,1.378785,1.378895,-1.0,-1.0,-1
1.378895,1.378895,1.378825,1.378825,-1.0,-1.0,-1
1.378825,1.378825,1.37881,1.37881,-1.0,-1.0,-1
1.37881,1.37881,1.378795,1.3788,-1.0,-1.0,-1
1.3788,1.378805,1.378785,1.378795,-1.0,-1.0,-1
1.378795,1.378805,1.37879,1.3788,-1.0,-1.0,-1
1.3788,1.378805,1.378795,1.3788,-1.0,-1.0,-1
1.3788,1.378805,1.378795,1.3788,-1.0,-1.0,-1
1.3788,1.378805,1.378795,1.378805,-1.0,-1.0,-1
1.378805,1.378805,1.37878,1.37879,-1.0,-1.0,-1
1.37879,1.378805,1.378785,1.3788,-1.0,-1.0,-1
1.3788,1.378805,1.3788,1.3788,-1.0,-1.0,-1
1.3788,1.378805,1.378795,1.378805,-1.0,-1.0,-1
1.378805,1.37881,1.3788,1.37881,-1.0,-1.0,-1
1.37881,1.37888,1.378805,1.378865,-1.0,-1.0,-1
1.378865,1.378865,1.37882,1.37882,-1.0,-1.0,-1
1.37882,1.378825,1.37882,1.378825,-1.0,-1.0,-1
1.378825,1.378825,1.37882,1.37882,-1.0,-1.0,-1
1.37882,1.37883,1.37881,1.37883,-1.0,-1.0,-1
1.37883,1.378845,1.37883,1.37884,-1.0,-1.0,-1
1.37884,1.37884,1.378825,1.378825,-1.0,-1.0,-1
1.378825,1.378825,1.37882,1.37882,-1.0,-1.0,-1
1.37882,1.378825,1.37882,1.378825,-1.0,-1.0,-1
1.378825,1.378825,1.378825,1.378825,-1.0,-1.0,-1
1.378825,1.378825,1.37882,1.378825,-1.0,-1.0,-1
1.378825,1.378825,1.37882,1.378825,-1.0,-1.0,-1
1.378825,1.37885,1.378825,1.37883,-1.0,-1.0,-1
1.37883,1.37889,1.37883,1.37889,-1.0,-1.0,-1
1.37889,1.37889,1.37889,1.37889,-1.0,-1.0,-1
1.37889,1.37889,1.37889,1.37889,-1.0,-1.0,-1
1.37889,1.378895,1.37889,1.378895,-1.0,-1.0,-1
1.378895,1.378895,1.37889,1.378895,-1.0,-1.0,-1
1.378895,1.37893,1.378895,1.378925,-1.0,-1.0,-1
1.378925,1.37893,1.37892,1.37892,-1.0,-1.0,-1
1.37892,1.37892,1.37892,1.37892,-1.0,-1.0,-1
1.37892,1.378935,1.37892,1.37893,-1.0,-1.0,-1
1.37893,1.378935,1.37893,1.37893,-1.0,-1.0,-1
1.37893,1.378955,1.378925,1.378925,-1.0,-1.0,-1
1.378925,1.37893,1.37892,1.37892,-1.0,-1.0,-1
1.37892,1.37895,1.37892,1.378925,-1.0,-1.0,-1
1.378925,1.37895,1.378925,1.37893,-1.0,-1.0,-1
1.37893,1.37894,1.37893,1.378935,-1.0,-1.0,-1
1.378935,1.37894,1.378875,1.378895,-1.0,-1.0,-1
1.378895,1.3789,1.37889,1.378895,-1.0,-1.0,-1
1.378895,1.378895,1.37889,1.37889,-1.0,-1.0,-1
1.37889,1.37889,1.37889,1.37889,-1.0,-1.0,-1
1.37889,1.3789,1.37889,1.37889,-1.0,-1.0,-1
1.37889,1.378895,1.37889,1.37889,-1.0,-1.0,-1
1.37889,1.37889,1.37889,1.37889,-1.0,-1.0,-1
1.37889,1.37889,1.37889,1.37889,-1.0,-1.0,-1
1.37889,1.378895,1.37889,1.378895,-1.0,-1.0,-1
1.378895,1.3789,1.378895,1.3789,-1.0,-1.0,-1
1.3789,1.3789,1.3789,1.3789,-1.0,-1.0,-1
1.3789,1.3789,1.378875,1.37888,-1.0,-1.0,-1
1.37888,1.378885,1.37886,1.378875,-1.0,-1.0,-1
1.378875,1.37888,1.37886,1.37888,-1.0,-1.0,-1
1.37888,1.378895,1.378875,1.378895,-1.0,-1.0,-1
1.378895,1.378895,1.378885,1.378885,-1.0,-1.0,-1
1.378885,1.37889,1.378885,1.378885,-1.0,-1.0,-1
1.378885,1.37889,1.37887,1.37888,-1.0,-1.0,-1
1.37888,1.37888,1.37886,1.37888,-1.0,-1.0,-1
1.37888,1.37889,1.378875,1.378885,-1.0,-1.0,-1
1.378885,1.378885,1.378845,1.378855,-1.0,-1.0,-1
1.378855,1.378855,1.37883,1.37883,-1.0,-1.0,-1
1.37883,1.378835,1.37883,1.37883,-1.0,-1.0,-1
1.37883,1.37883,1.3788,1.378805,-1.0,-1.0,-1
1.378805,1.378805,1.3788,1.3788,-1.0,-1.0,-1
1.3788,1.3788,1.3788,1.3788,-1.0,-1.0,-1
1.3788,1.3788,1.378795,1.3788,-1.0,-1.0,-1
1.3788,1.3788,1.378785,1.37879,-1.0,-1.0,-1
1.37879,1.378795,1.378785,1.37879,-1.0,-1.0,-1
1.37879,1.378805,1.378785,1.3788,-1.0,-1.0,-1
1.3788,1.378805,1.37879,1.378805,-1.0,-1.0,-1
1.378805,1.37881,1.378805,1.37881,-1.0,-1.0,-1
1.37881,1.37881,1.378805,1.378805,-1.0,-1.0,-1
1.378805,1.378815,1.37879,1.378795,-1.0,-1.0,-1
1.378795,1.3788,1.37879,1.3788,-1.0,-1.0,-1
1.3788,1.3788,1.37879,1.3788,-1.0,-1.0,-1
1.3788,1.3788,1.37879,1.378795,-1.0,-1.0,-1
1.378795,1.3788,1.378785,1.378795,-1.0,-1.0,-1
1.378795,1.378795,1.37879,1.378795,-1.0,-1.0,-1
1.378795,1.378845,1.37879,1.378835,-1.0,-1.0,-1
1.378835,1.378835,1.378835,1.378835,-1.0,-1.0,-1
1.378835,1.378835,1.378835,1.378835,-1.0,-1.0,-1
1.378835,1.378835,1.378835,1.378835,-1.0,-1.0,-1
1.378835,1.378835,1.378835,1.378835,-1.0,-1.0,-1
1.378835,1.378835,1.378835,1.378835,-1.0,-1.0,-1
1.378835,1.378835,1.37881,1.378815,-1.0,-1.0,-1
1.378815,1.378815,1.378805,1.378805,-1.0,-1.0,-1
1.378805,1.37884,1.378805,1.37884,-1.0,-1.0,-1
1.37884,1.37884,1.37884,1.37884,-1.0,-1.0,-1
1.37884,1.37884,1.37884,1.37884,-1.0,-1.0,-1
1.37884,1.37884,1.378825,1.378825,-1.0,-1.0,-1
1.378825,1.378825,1.378815,1.378815,-1.0,-1.0,-1
1.378815,1.378815,1.378805,1.378805,-1.0,-1.0,-1
1.378805,1.378805,1.378805,1.378805,-1.0,-1.0,-1
1.378805,1.37882,1.378805,1.37882,-1.0,-1.0,-1
1.37882,1.37882,1.37881,1.378815,-1.0,-1.0,-1
1.378815,1.37882,1.378815,1.37882,-1.0,-1.0,-1
1.37882,1.37882,1.37881,1.37881,-1.0,-1.0,-1
1.37881,1.37884,1.37881,1.378835,-1.0,-1.0,-1
1.378835,1.37884,1.378835,1.378835,-1.0,-1.0,-1
1.378835,1.378855,1.37883,1.378855,-1.0,-1.0,-1
1.378855,1.378855,1.37884,1.37884,-1.0,-1.0,-1
1.37884,1.37884,1.378835,1.37884,-1.0,-1.0,-1
1.37884,1.37884,1.37884,1.37884,-1.0,-1.0,-1
1.37884,1.378865,1.37884,1.37886,-1.0,-1.0,-1
1.37886,1.37886,1.378855,1.378855,-1.0,-1.0,-1
1.378855,1.37886,1.378855,1.37886,-1.0,-1.0,-1
1.37886,1.37886,1.378855,1.378855,-1.0,-1.0,-1
1.378855,1.378895,1.378855,1.37889,-1.0,-1.0,-1
1.37889,1.378895,1.37888,1.37889,-1.0,-1.0,-1
1.37889,1.378895,1.37888,1.378895,-1.0,-1.0,-1
1.378895,1.378905,1.378895,1.3789,-1.0,-1.0,-1
1.3789,1.3789,1.37888,1.37889,-1.0,-1.0,-1
1.37889,1.378905,1.378885,1.378905,-1.0,-1.0,-1
1.378905,1.378905,1.378895,1.378895,-1.0,-1.0,-1
1.378895,1.378895,1.37889,1.378895,-1.0,-1.0,-1
1.378895,1.378895,1.37889,1.378895,-1.0,-1.0,-1
1.378895,1.378895,1.37889,1.37889,-1.0,-1.0,-1
1.37889,1.37889,1.378875,1.37888,-1.0,-1.0,-1
1.37888,1.378885,1.378875,1.378885,-1.0,-1.0,-1
1.378885,1.378885,1.37888,1.378885,-1.0,-1.0,-1
1.378885,1.378885,1.37884,1.37884,-1.0,-1.0,-1
1.37884,1.378855,1.378835,1.378855,-1.0,-1.0,-1
1.378855,1.37886,1.378835,1.378835,-1.0,-1.0,-1
1.378835,1.37884,1.378835,1.37884,-1.0,-1.0,-1
1.37884,1.37884,1.37884,1.37884,-1.0,-1.0,-1
1.37884,1.37884,1.37884,1.37884,-1.0,-1.0,-1
1.37884,1.37885,1.378835,1.378835,-1.0,-1.0,-1
1.378835,1.378835,1.378835,1.378835,-1.0,-1.0,-1
1.378835,1.37885,1.378835,1.37884,-1.0,-1.0,-1
1.37884,1.378865,1.37884,1.378865,-1.0,-1.0,-1
1.378865,1.37887,1.37886,1.37886,-1.0,-1.0,-1
1.37886,1.378865,1.378855,1.37886,-1.0,-1.0,-1
1.37886,1.378865,1.378855,1.37886,-1.0,-1.0,-1
1.37886,1.37886,1.378855,1.378855,-1.0,-1.0,-1
1.378855,1.378865,1.378855,1.378865,-1.0,-1.0,-1
1.378865,1.378865,1.37886,1.378865,-1.0,-1.0,-1
1.378865,1.378865,1.37886,1.378865,-1.0,-1.0,-1
1.378865,1.378865,1.378835,1.378835,-1.0,-1.0,-1
1.378835,1.37885,1.37883,1.37885,-1.0,-1.0,-1
1.37885,1.378855,1.37884,1.37885,-1.0,-1.0,-1
1.37885,1.37885,1.37884,1.37884,-1.0,-1.0,-1
1.37884,1.378855,1.378835,1.378835,-1.0,-1.0,-1
1.378835,1.378855,1.378835,1.37885,-1.0,-1.0,-1
1.37885,1.378855,1.37884,1.378855,-1.0,-1.0,-1
1.378855,1.378855,1.37885,1.378855,-1.0,-1.0,-1
1.378855,1.378865,1.378855,1.378865,-1.0,-1.0,-1
1.378865,1.378885,1.378855,1.378885,-1.0,-1.0,-1
1.378885,1.378895,1.37888,1.37889,-1.0,-1.0,-1
1.37889,1.37889,1.378855,1.378855,-1.0,-1.0,-1
1.378855,1.378855,1.37884,1.378855,-1.0,-1.0,-1
1.378855,1.378855,1.378855,1.378855,-1.0,-1.0,-1
1.378855,1.378855,1.378855,1.378855,-1.0,-1.0,-1
1.378855,1.378855,1.378855,1.378855,-1.0,-1.0,-1
1.378855,1.37886,1.37885,1.37886,-1.0,-1.0,-1
1.37886,1.37886,1.378855,1.378855,-1.0,-1.0,-1
1.378855,1.378885,1.378855,1.37888,-1.0,-1.0,-1
1.37888,1.378915,1.378855,1.378915,-1.0,-1.0,-1
1.378915,1.37893,1.378915,1.37892,-1.0,-1.0,-1
1.37892,1.378925,1.378915,1.378915,-1.0,-1.0,-1
1.378915,1.378945,1.378915,1.37894,-1.0,-1.0,-1
1.37894,1.37894,1.37892,1.378925,-1.0,-1.0,-1
1.378925,1.37894,1.378925,1.378935,-1.0,-1.0,-1
1.378935,1.378945,1.37893,1.37893,-1.0,-1.0,-1
1.37893,1.378935,1.37893,1.37893,-1.0,-1.0,-1
1.37893,1.378935,1.37892,1.378925,-1.0,-1.0,-1
1.378925,1.37893,1.3789,1.3789,-1.0,-1.0,-1
1.3789,1.378905,1.378895,1.378905,-1.0,-1.0,-1
1.378905,1.378905,1.378905,1.378905,-1.0,-1.0,-1
1.378905,1.378905,1.378905,1.378905,-1.0,-1.0,-1
1.378905,1.37891,1.378905,1.37891,-1.0,-1.0,-1
1.37891,1.37891,1.378895,1.378895,-1.0,-1.0,-1
1.378895,1.378895,1.378895,1.378895,-1.0,-1.0,-1
1.378895,1.378905,1.378895,1.378905,-1.0,-1.0,-1
1.378905,1.378905,1.378895,1.378895,-1.0,-1.0,-1
1.378895,1.378895,1.378895,1.378895,-1.0,-1.0,-1
1.378895,1.3789,1.378895,1.378895,-1.0,-1.0,-1
1.378895,1.3789,1.37889,1.378895,-1.0,-1.0,-1
1.378895,1.378905,1.378895,1.378905,-1.0,-1.0,-1
1.378905,1.378905,1.3789,1.3789,-1.0,-1.0,-1
1.3789,1.378905,1.378895,1.378905,-1.0,-1.0,-1
1.378905,1.37891,1.378905,1.378905,-1.0,-1.0,-1
1.378905,1.378905,1.37888,1.378895,-1.0,-1.0,-1
1.378895,1.3789,1.37889,1.378895,-1.0,-1.0,-1
1.378895,1.378905,1.378895,1.378905,-1.0,-1.0,-1
1.378905,1.378905,1.378895,1.378895,-1.0,-1.0,-1
1.378895,1.378905,1.378895,1.378905,-1.0,-1.0,-1
1.378905,1.378905,1.378905,1.378905,-1.0,-1.0,-1
1.378905,1.378905,1.378905,1.378905,-1.0,-1.0,-1
1.378905,1.378905,1.3789,1.378905,-1.0,-1.0,-1
1.378905,1.378905,1.3789,1.3789,-1.0,-1.0,-1
1.3789,1.378905,1.378895,1.378905,-1.0,-1.0,-1
1.378905,1.37894,1.378905,1.378925,-1.0,-1.0,-1
1.378925,1.37897,1.378925,1.37897,-1.0,-1.0,-1
1.37897,1.378985,1.37895,1.378985,-1.0,-1.0,-1
1.378985,1.37899,1.378945,1.378945,-1.0,-1.0,-1
1.378945,1.378955,1.378935,1.378945,-1.0,-1.0,-1
1.378945,1.378945,1.37893,1.378935,-1.0,-1.0,-1
1.378935,1.37894,1.37893,1.378935,-1.0,-1.0,-1
1.378935,1.37894,1.37893,1.37893,-1.0,-1.0,-1
1.37893,1.378935,1.378925,1.37893,-1.0,-1.0,-1
1.37893,1.378935,1.378925,1.378925,-1.0,-1.0,-1
1.378925,1.378935,1.378925,1.378925,-1.0,-1.0,-1
1.378925,1.378975,1.37892,1.378975,-1.0,-1.0,-1
1.378975,1.378975,1.37897,1.378975,-1.0,-1.0,-1
1.378975,1.378975,1.37892,1.378925,-1.0,-1.0,-1
1.378925,1.378945,1.37892,1.378945,-1.0,-1.0,-1
1.378945,1.378955,1.37893,1.378955,-1.0,-1.0,-1
1.378955,1.37897,1.378945,1.378945,-1.0,-1.0,-1
1.378945,1.37895,1.37893,1.378945,-1.0,-1.0,-1
1.378945,1.378965,1.378945,1.378965,-1.0,-1.0,-1
1.378965,1.378965,1.37895,1.378965,-1.0,-1.0,-1
1.378965,1.378965,1.37895,1.37895,-1.0,-1.0,-1
1.37895,1.378965,1.37895,1.37895,-1.0,-1.0,-1
1.37895,1.37895,1.37895,1.37895,-1.0,-1.0,-1
1.37895,1.378965,1.37895,1.378965,-1.0,-1.0,-1
1.378965,1.37897,1.37896,1.37897,-1.0,-1.0,-1
1.37897,1.37897,1.37894,1.378945,-1.0,-1.0,-1
1.378945,1.378955,1.378935,1.378955,-1.0,-1.0,-1
1.378955,1.37898,1.378955,1.37898,-1.0,-1.0,-1
1.37898,1.37898,1.378945,1.37895,-1.0,-1.0,-1
1.37895,1.37895,1.37891,1.378915,-1.0,-1.0,-1
1.378915,1.37894,1.37891,1.37893,-1.0,-1.0,-1
1.37893,1.37894,1.378925,1.37893,-1.0,-1.0,-1
1.37893,1.378935,1.378915,1.37893,-1.0,-1.0,-1
1.37893,1.378935,1.378915,1.37892,-1.0,-1.0,-1
1.37892,1.37892,1.378915,1.37892,-1.0,-1.0,-1
1.37892,1.37893,1.37892,1.378925,-1.0,-1.0,-1
1.378925,1.378935,1.378925,1.37893,-1.0,-1.0,-1
1.37893,1.378955,1.37893,1.37893,-1.0,-1.0,-1
1.37893,1.378935,1.37893,1.37893,-1.0,-1.0,-1
1.37893,1.378945,1.37893,1.378945,-1.0,-1.0,-1
1.378945,1.378955,1.378945,1.378955,-1.0,-1.0,-1
1.378955,1.37896,1.378955,1.37896,-1.0,-1.0,-1
1.37896,1.37897,1.378955,1.37896,-1.0,-1.0,-1
1.37896,1.37896,1.37895,1.378955,-1.0,-1.0,-1
1.378955,1.378955,1.378955,1.378955,-1.0,-1.0,-1
1.378955,1.378955,1.378945,1.37895,-1.0,-1.0,-1
1.37895,1.37895,1.37894,1.378945,-1.0,-1.0,-1
1.378945,1.378955,1.378945,1.378955,-1.0,-1.0,-1
1.378955,1.378955,1.378945,1.37895,-1.0,-1.0,-1
1.37895,1.37895,1.378925,1.378935,-1.0,-1.0,-1
1.378935,1.378945,1.378925,1.378925,-1.0,-1.0,-1
1.378925,1.378945,1.378925,1.378935,-1.0,-1.0,-1
1.378935,1.378955,1.37893,1.378945,-1.0,-1.0,-1
1.378945,1.37895,1.3789,1.3789,-1.0,-1.0,-1
1.3789,1.3789,1.378895,1.378895,-1.0,-1.0,-1
1.378895,1.378895,1.37888,1.378885,-1.0,-1.0,-1
1.378885,1.378895,1.37888,1.378895,-1.0,-1.0,-1
1.378895,1.378895,1.37888,1.37889,-1.0,-1.0,-1
1.37889,1.37889,1.37888,1.378885,-1.0,-1.0,-1
1.378885,1.378885,1.378875,1.37888,-1.0,-1.0,-1
1.37888,1.378885,1.378875,1.378885,-1.0,-1.0,-1
1.378885,1.37889,1.37884,1.37885,-1.0,-1.0,-1
1.37885,1.378855,1.37884,1.378855,-1.0,-1.0,-1
1.378855,1.37886,1.378855,1.378855,-1.0,-1.0,-1
1.378855,1.378855,1.378855,1.378855,-1.0,-1.0,-1
1.378855,1.378865,1.378845,1.37886,-1.0,-1.0,-1
1.37886,1.37887,1.378855,1.378855,-1.0,-1.0,-1
1.378855,1.378855,1.378855,1.378855,-1.0,-1.0,-1
1.378855,1.378855,1.378835,1.378835,-1.0,-1.0,-1
1.378835,1.37884,1.37883,1.378835,-1.0,-1.0,-1
1.378835,1.378845,1.378835,1.378835,-1.0,-1.0,-1
1.378835,1.378835,1.378835,1.378835,-1.0,-1.0,-1
1.378835,1.378855,1.37883,1.378855,-1.0,-1.0,-1
1.378855,1.378855,1.378845,1.378855,-1.0,-1.0,-1
1.378855,1.37889,1.378855,1.37889,-1.0,-1.0,-1
1.37889,1.378895,1.37889,1.378895,-1.0,-1.0,-1
1.378895,1.378895,1.378895,1.378895,-1.0,-1.0,-1
1.378895,1.378895,1.378885,1.378895,-1.0,-1.0,-1
1.378895,1.3789,1.378895,1.3789,-1.0,-1.0,-1
1.3789,1.3789,1.37888,1.37889,-1.0,-1.0,-1
1.37889,1.37889,1.37889,1.37889,-1.0,-1.0,-1
1.37889,1.37889,1.37888,1.378885,-1.0,-1.0,-1
1.378885,1.37889,1.37888,1.378885,-1.0,-1.0,-1
1.378885,1.378895,1.37888,1.378895,-1.0,-1.0,-1
1.378895,1.378895,1.37889,1.378895,-1.0,-1.0,-1
1.378895,1.378905,1.378895,1.3789,-1.0,-1.0,-1
1.3789,1.378905,1.378895,1.378905,-1.0,-1.0,-1
1.378905,1.378905,1.378895,1.3789,-1.0,-1.0,-1
1.3789,1.37898,1.3789,1.37898,-1.0,-1.0,-1
1.37898,1.378985,1.378975,1.378985,-1.0,-1.0,-1
1.378985,1.378995,1.378985,1.378995,-1.0,-1.0,-1
1.378995,1.378995,1.378985,1.378995,-1.0,-1.0,-1
1.378995,1.379,1.378995,1.378995,-1.0,-1.0,-1
1.378995,1.378995,1.37899,1.37899,-1.0,-1.0,-1
1.37899,1.378995,1.37899,1.378995,-1.0,-1.0,-1
1.378995,1.378995,1.378995,1.378995,-1.0,-1.0,-1
1.378995,1.378995,1.37899,1.378995,-1.0,-1.0,-1
1.378995,1.378995,1.378985,1.378995,-1.0,-1.0,-1
1.378995,1.378995,1.378995,1.378995,-1.0,-1.0,-1
1.378995,1.378995,1.37897,1.378975,-1.0,-1.0,-1
1.378975,1.378975,1.37897,1.378975,-1.0,-1.0,-1
1.378975,1.378975,1.378965,1.378975,-1.0,-1.0,-1
1.378975,1.378985,1.37897,1.378985,-1.0,-1.0,-1
1.378985,1.37899,1.378975,1.378985,-1.0,-1.0,-1
1.378985,1.378995,1.378975,1.378995,-1.0,-1.0,-1
1.378995,1.378995,1.37897,1.378975,-1.0,-1.0,-1
1.378975,1.378985,1.378965,1.378985,-1.0,-1.0,-1
1.378985,1.378985,1.378985,1.378985,-1.0,-1.0,-1
1.378985,1.378995,1.37898,1.378995,-1.0,-1.0,-1
1.378995,1.379025,1.378995,1.379005,-1.0,-1.0,-1
1.379005,1.37902,1.379005,1.379015,-1.0,-1.0,-1
1.379015,1.37902,1.379,1.379005,-1.0,-1.0,-1
1.379005,1.379015,1.378995,1.379005,-1.0,-1.0,-1
1.379005,1.379015,1.379,1.379005,-1.0,-1.0,-1
1.379005,1.379005,1.379005,1.379005,-1.0,-1.0,-1
1.379005,1.37902,1.378995,1.37901,-1.0,-1.0,-1
1.37901,1.37902,1.378925,1.37895,-1.0,-1.0,-1
1.37895,1.37895,1.378945,1.378945,-1.0,-1.0,-1
1.378945,1.378945,1.378935,1.378945,-1.0,-1.0,-1
1.378945,1.378945,1.37893,1.37893,-1.0,-1.0,-1
1.37893,1.378935,1.37881,1.37881,-1.0,-1.0,-1
1.37881,1.37881,1.3788,1.378805,-1.0,-1.0,-1
1.378805,1.378805,1.378805,1.378805,-1.0,-1.0,-1
1.378805,1.378805,1.378785,1.378785,-1.0,-1.0,-1
1.378785,1.3788,1.378785,1.3788,-1.0,-1.0,-1
1.3788,1.3788,1.378795,1.3788,-1.0,-1.0,-1
1.3788,1.378805,1.37879,1.378805,-1.0,-1.0,-1
1.378805,1.378805,1.378805,1.378805,-1.0,-1.0,-1
1.378805,1.378805,1.378785,1.378785,-1.0,-1.0,-1
1.378785,1.3788,1.378785,1.3788,-1.0,-1.0,-1
1.3788,1.378805,1.3788,1.3788,-1.0,-1.0,-1
1.3788,1.3788,1.37879,1.3788,-1.0,-1.0,-1
1.3788,1.3788,1.37879,1.3788,-1.0,-1.0,-1
1.3788,1.378815,1.3788,1.378815,-1.0,-1.0,-1
1.378815,1.378835,1.378815,1.378835,-1.0,-1.0,-1
1.378835,1.37884,1.378835,1.378835,-1.0,-1.0,-1
1.378835,1.37884,1.37883,1.378835,-1.0,-1.0,-1
1.378835,1.378855,1.378835,1.378855,-1.0,-1.0,-1
1.378855,1.378855,1.378855,1.378855,-1.0,-1.0,-1
1.378855,1.378855,1.378855,1.378855,-1.0,-1.0,-1
1.378855,1.378855,1.378855,1.378855,-1.0,-1.0,-1
1.378855,1.378855,1.378855,1.378855,-1.0,-1.0,-1
1.378855,1.378885,1.378855,1.378885,-1.0,-1.0,-1
1.378885,1.378885,1.37888,1.378885,-1.0,-1.0,-1
1.378885,1.378885,1.378855,1.378865,-1.0,-1.0,-1
1.378865,1.378895,1.378865,1.378885,-1.0,-1.0,-1
1.378885,1.378885,1.37886,1.37888,-1.0,-1.0,-1
1.37888,1.37888,1.378875,1.37888,-1.0,-1.0,-1
1.37888,1.378885,1.378875,1.378885,-1.0,-1.0,-1
1.378885,1.378885,1.378875,1.37888,-1.0,-1.0,-1
1.37888,1.378885,1.378875,1.378885,-1.0,-1.0,-1
1.378885,1.378885,1.37888,1.378885,-1.0,-1.0,-1
1.378885,1.378885,1.37888,1.378885,-1.0,-1.0,-1
1.378885,1.378885,1.37888,1.378885,-1.0,-1.0,-1
1.378885,1.378885,1.378835,1.37884,-1.0,-1.0,-1
1.37884,1.37884,1.37884,1.37884,-1.0,-1.0,-1
1.37884,1.37884,1.37884,1.37884,-1.0,-1.0,-1
1.37884,1.378885,1.37884,1.37887,-1.0,-1.0,-1
1.37887,1.37887,1.37883,1.37883,-1.0,-1.0,-1
1.37883,1.378835,1.378825,1.378835,-1.0,-1.0,-1
1.378835,1.37884,1.378835,1.37884,-1.0,-1.0,-1
1.37884,1.37884,1.37883,1.378835,-1.0,-1.0,-1
1.378835,1.37884,1.378835,1.378835,-1.0,-1.0,-1
1.378835,1.378835,1.378835,1.378835,-1.0,-1.0,-1
1.378835,1.378835,1.378795,1.378805,-1.0,-1.0,-1
1.378805,1.378805,1.378795,1.378805,-1.0,-1.0,-1
1.378805,1.378805,1.378805,1.378805,-1.0,-1.0,-1
1.378805,1.378805,1.37879,1.378795,-1.0,-1.0,-1
1.378795,1.378795,1.37879,1.378795,-1.0,-1.0,-1
1.378795,1.378795,1.37879,1.378795,-1.0,-1.0,-1
1.378795,1.3788,1.37879,1.378795,-1.0,-1.0,-1
1.378795,1.3788,1.37879,1.378795,-1.0,-1.0,-1
1.378795,1.3788,1.37879,1.378795,-1.0,-1.0,-1
1.378795,1.378805,1.37879,1.378795,-1.0,-1.0,-1
1.378795,1.378795,1.37879,1.378795,-1.0,-1.0,-1
1.378795,1.378795,1.378775,1.378775,-1.0,-1.0,-1
1.378775,1.378775,1.378775,1.378775,-1.0,-1.0,-1
1.378775,1.378795,1.378775,1.378795,-1.0,-1.0,-1
1.378795,1.3788,1.37879,1.378795,-1.0,-1.0,-1
1.378795,1.378795,1.37879,1.378795,-1.0,-1.0,-1
1.378795,1.378795,1.37878,1.37878,-1.0,-1.0,-1
1.37878,1.37878,1.378775,1.378775,-1.0,-1.0,-1
1.378775,1.378785,1.378775,1.378785,-1.0,-1.0,-1
1.378785,1.378795,1.378785,1.378785,-1.0,-1.0,-1
1.378785,1.378795,1.378785,1.378795,-1.0,-1.0,-1
1.378795,1.378795,1.37879,1.378795,-1.0,-1.0,-1
1.378795,1.378825,1.37879,1.378825,-1.0,-1.0,-1
1.378825,1.378825,1.378805,1.378815,-1.0,-1.0,-1
1.378815,1.378815,1.378815,1.378815,-1.0,-1.0,-1
1.378815,1.378825,1.378815,1.378825,-1.0,-1.0,-1
1.378825,1.378825,1.37881,1.37881,-1.0,-1.0,-1
1.37881,1.37881,1.37879,1.378795,-1.0,-1.0,-1
1.378795,1.378805,1.37879,1.3788,-1.0,-1.0,-1
1.3788,1.3788,1.378785,1.378785,-1.0,-1.0,-1
1.378785,1.378805,1.378785,1.378805,-1.0,-1.0,-1
1.378805,1.378815,1.3788,1.378815,-1.0,-1.0,-1
1.378815,1.378815,1.378815,1.378815,-1.0,-1.0,-1
1.378815,1.378815,1.37881,1.37881,-1.0,-1.0,-1
1.37881,1.378815,1.37881,1.378815,-1.0,-1.0,-1
1.378815,1.378815,1.37879,1.378795,-1.0,-1.0,-1
1.378795,1.378795,1.378785,1.378785,-1.0,-1.0,-1
1.378785,1.378795,1.378785,1.378795,-1.0,-1.0,-1
1.378795,1.378795,1.37879,1.378795,-1.0,-1.0,-1
1.378795,1.378795,1.37879,1.378795,-1.0,-1.0,-1
1.378795,1.378795,1.37879,1.378795,-1.0,-1.0,-1
1.378795,1.378825,1.37879,1.378815,-1.0,-1.0,-1
1.378815,1.378825,1.37879,1.378795,-1.0,-1.0,-1
1.378795,1.378805,1.37879,1.378805,-1.0,-1.0,-1
1.378805,1.378805,1.378795,1.378805,-1.0,-1.0,-1
1.378805,1.378805,1.378775,1.37878,-1.0,-1.0,-1
1.37878,1.378785,1.37875,1.37875,-1.0,-1.0,-1
1.37875,1.37877,1.37875,1.37877,-1.0,-1.0,-1
1.37877,1.37878,1.378765,1.37878,-1.0,-1.0,-1
1.37878,1.378785,1.37877,1.378785,-1.0,-1.0,-1
1.378785,1.378785,1.378765,1.378785,-1.0,-1.0,-1
1.378785,1.378785,1.378785,1.378785,-1.0,-1.0,-1
1.378785,1.37879,1.378785,1.37879,-1.0,-1.0,-1
1.37879,1.3788,1.378785,1.37879,-1.0,-1.0,-1
1.37879,1.378795,1.37876,1.378765,-1.0,-1.0,-1
1.378765,1.378785,1.378755,1.378775,-1.0,-1.0,-1
1.378775,1.378775,1.378755,1.378755,-1.0,-1.0,-1
1.378755,1.378765,1.378755,1.37876,-1.0,-1.0,-1
1.37876,1.37876,1.378755,1.37876,-1.0,-1.0,-1
1.37876,1.37876,1.378735,1.378735,-1.0,-1.0,-1
1.378735,1.378735,1.378735,1.378735,-1.0,-1.0,-1
1.378735,1.378745,1.378735,1.378745,-1.0,-1.0,-1
1.378745,1.37876,1.378745,1.378755,-1.0,-1.0,-1
1.378755,1.37876,1.37875,1.37875,-1.0,-1.0,-1
1.37875,1.37876,1.37875,1.378755,-1.0,-1.0,-1
1.378755,1.37876,1.378745,1.378755,-1.0,-1.0,-1
1.378755,1.37876,1.378735,1.37874,-1.0,-1.0,-1
1.37874,1.378755,1.37874,1.37875,-1.0,-1.0,-1
1.37875,1.37876,1.37874,1.378745,-1.0,-1.0,-1
1.378745,1.378745,1.37874,1.378745,-1.0,-1.0,-1
1.378745,1.378745,1.378735,1.378735,-1.0,-1.0,-1
1.378735,1.378735,1.37873,1.378735,-1.0,-1.0,-1
1.378735,1.378745,1.378735,1.37874,-1.0,-1.0,-1
1.37874,1.378745,1.37874,1.378745,-1.0,-1.0,-1
1.378745,1.37876,1.378745,1.378755,-1.0,-1.0,-1
1.378755,1.37876,1.378745,1.378755,-1.0,-1.0,-1
1.378755,1.378785,1.378755,1.378785,-1.0,-1.0,-1
1.378785,1.3788,1.378785,1.37879,-1.0,-1.0,-1
1.37879,1.378795,1.378785,1.378785,-1.0,-1.0,-1
1.378785,1.378795,1.378785,1.378795,-1.0,-1.0,-1
1.378795,1.378805,1.378785,1.378805,-1.0,-1.0,-1
1.378805,1.37881,1.378795,1.378805,-1.0,-1.0,-1
1.378805,1.37881,1.378805,1.37881,-1.0,-1.0,-1
1.37881,1.37881,1.378805,1.378805,-1.0,-1.0,-1
1.378805,1.37881,1.378795,1.3788,-1.0,-1.0,-1
1.3788,1.378805,1.378795,1.378805,-1.0,-1.0,-1
1.378805,1.378805,1.37879,1.378805,-1.0,-1.0,-1
1.378805,1.37881,1.378795,1.37881,-1.0,-1.0,-1
1.37881,1.37881,1.378805,1.378805,-1.0,-1.0,-1
1.378805,1.378805,1.378785,1.378785,-1.0,-1.0,-1
1.378785,1.378785,1.37876,1.378765,-1.0,-1.0,-1
1.378765,1.37878,1.378765,1.378775,-1.0,-1.0,-1
1.378775,1.378775,1.37876,1.37876,-1.0,-1.0,-1
1.37876,1.378765,1.37876,1.37876,-1.0,-1.0,-1
1.37876,1.37876,1.378745,1.378745,-1.0,-1.0,-1
1.378745,1.378745,1.37874,1.378745,-1.0,-1.0,-1
1.378745,1.378745,1.378735,1.378745,-1.0,-1.0,-1
1.378745,1.378745,1.378735,1.378735,-1.0,-1.0,-1
1.378735,1.37874,1.378735,1.378735,-1.0,-1.0,-1
1.378735,1.378745,1.378735,1.378735,-1.0,-1.0,-1
1.378735,1.378745,1.378725,1.378725,-1.0,-1.0,-1
1.378725,1.378725,1.378715,1.378715,-1.0,-1.0,-1
1.378715,1.378715,1.378715,1.378715,-1.0,-1.0,-1
1.378715,1.37876,1.378715,1.378745,-1.0,-1.0,-1
1.378745,1.378745,1.378725,1.378735,-1.0,-1.0,-1
1.378735,1.378735,1.378735,1.378735,-1.0,-1.0,-1
1.378735,1.378735,1.378725,1.378725,-1.0,-1.0,-1
1.378725,1.378725,1.378725,1.378725,-1.0,-1.0,-1
1.378725,1.378725,1.37872,1.378725,-1.0,-1.0,-1
1.378725,1.378725,1.378725,1.378725,-1.0,-1.0,-1
1.378725,1.37873,1.378725,1.37873,-1.0,-1.0,-1
1.37873,1.378735,1.378725,1.378735,-1.0,-1.0,-1
1.378735,1.378735,1.37873,1.37873,-1.0,-1.0,-1
1.37873,1.37873,1.3787,1.37871,-1.0,-1.0,-1
1.37871,1.378715,1.37871,1.378715,-1.0,-1.0,-1
1.378715,1.378715,1.378715,1.378715,-1.0,-1.0,-1
1.378715,1.378715,1.37871,1.37871,-1.0,-1.0,-1
1.37871,1.378715,1.37871,1.378715,-1.0,-1.0,-1
1.378715,1.378715,1.37871,1.37871,-1.0,-1.0,-1
1.37871,1.37871,1.378625,1.378625,-1.0,-1.0,-1
1.378625,1.378625,1.378625,1.378625,-1.0,-1.0,-1
1.378625,1.378625,1.378625,1.378625,-1.0,-1.0,-1
1.378625,1.378625,1.378625,1.378625,-1.0,-1.0,-1
1.378625,1.378625,1.37862,1.37862,-1.0,-1.0,-1
1.37862,1.37862,1.378605,1.378605,-1.0,-1.0,-1
1.378605,1.378605,1.378595,1.378605,-1.0,-1.0,-1
1.378605,1.378605,1.378605,1.378605,-1.0,-1.0,-1
1.378605,1.37862,1.378605,1.37861,-1.0,-1.0,-1
1.37861,1.37862,1.37861,1.37862,-1.0,-1.0,-1
1.37862,1.37862,1.37861,1.37862,-1.0,-1.0,-1
1.37862,1.37862,1.37862,1.37862,-1.0,-1.0,-1
1.37862,1.378625,1.37862,1.378625,-1.0,-1.0,-1
1.378625,1.378625,1.378625,1.378625,-1.0,-1.0,-1
1.378625,1.378625,1.378625,1.378625,-1.0,-1.0,-1
1.378625,1.378625,1.378625,1.378625,-1.0,-1.0,-1
1.378625,1.37863,1.378625,1.378625,-1.0,-1.0,-1
1.378625,1.378625,1.378625,1.378625,-1.0,-1.0,-1
1.378625,1.37867,1.378625,1.37866,-1.0,-1.0,-1
1.37866,1.37866,1.378655,1.378655,-1.0,-1.0,-1
1.378655,1.378665,1.378655,1.378655,-1.0,-1.0,-1
1.378655,1.378655,1.378655,1.378655,-1.0,-1.0,-1
1.378655,1.378655,1.378655,1.378655,-1.0,-1.0,-1
1.378655,1.37867,1.378655,1.37866,-1.0,-1.0,-1
1.37866,1.37867,1.378655,1.378665,-1.0,-1.0,-1
1.378665,1.378705,1.378665,1.378685,-1.0,-1.0,-1
1.378685,1.37869,1.37865,1.37865,-1.0,-1.0,-1
1.37865,1.37866,1.378645,1.378645,-1.0,-1.0,-1
1.378645,1.378655,1.378645,1.378655,-1.0,-1.0,-1
1.378655,1.378655,1.378655,1.378655,-1.0,-1.0,-1
1.378655,1.37867,1.378645,1.378655,-1.0,-1.0,-1
1.378655,1.378655,1.378655,1.378655,-1.0,-1.0,-1
1.378655,1.378655,1.37865,1.378655,-1.0,-1.0,-1
1.378655,1.378655,1.378655,1.378655,-1.0,-1.0,-1
1.378655,1.378655,1.378655,1.378655,-1.0,-1.0,-1
1.378655,1.378655,1.378655,1.378655,-1.0,-1.0,-1
1.378655,1.37866,1.378655,1.378655,-1.0,-1.0,-1
1.378655,1.378655,1.37865,1.378655,-1.0,-1.0,-1
1.378655,1.378655,1.378645,1.37865,-1.0,-1.0,-1
1.37865,1.378655,1.378645,1.378655,-1.0,-1.0,-1
1.378655,1.37867,1.378655,1.378665,-1.0,-1.0,-1
1.378665,1.378685,1.378655,1.378655,-1.0,-1.0,-1
1.378655,1.378665,1.378655,1.378655,-1.0,-1.0,-1
1.378655,1.378665,1.378655,1.378665,-1.0,-1.0,-1
1.378665,1.378665,1.37865,1.378655,-1.0,-1.0,-1
1.378655,1.378655,1.378655,1.378655,-1.0,-1.0,-1
1.378655,1.37867,1.378655,1.378665,-1.0,-1.0,-1
1.378665,1.37867,1.378665,1.378665,-1.0,-1.0,-1
1.378665,1.37867,1.378645,1.37865,-1.0,-1.0,-1
1.37865,1.378655,1.378645,1.378655,-1.0,-1.0,-1
1.378655,1.37869,1.378655,1.378685,-1.0,-1.0,-1
1.378685,1.378715,1.378685,1.37871,-1.0,-1.0,-1
1.37871,1.378715,1.37871,1.378715,-1.0,-1.0,-1
1.378715,1.378725,1.378715,1.378725,-1.0,-1.0,-1
1.378725,1.378725,1.378725,1.378725,-1.0,-1.0,-1
1.378725,1.378725,1.3787,1.3787,-1.0,-1.0,-1
1.3787,1.37871,1.378695,1.3787,-1.0,-1.0,-1
1.3787,1.37871,1.378695,1.3787,-1.0,-1.0,-1
1.3787,1.37871,1.378695,1.3787,-1.0,-1.0,-1
1.3787,1.37871,1.378695,1.378695,-1.0,-1.0,-1
1.378695,1.378705,1.378695,1.378695,-1.0,-1.0,-1
1.378695,1.378705,1.378695,1.378695,-1.0,-1.0,-1
1.378695,1.378695,1.378685,1.378695,-1.0,-1.0,-1
1.378695,1.378695,1.378695,1.378695,-1.0,-1.0,-1
1.378695,1.378695,1.378685,1.378685,-1.0,-1.0,-1
1.378685,1.37869,1.37868,1.37869,-1.0,-1.0,-1
1.37869,1.37869,1.378685,1.378685,-1.0,-1.0,-1
1.378685,1.378685,1.378675,1.378685,-1.0,-1.0,-1
1.378685,1.378715,1.378685,1.37871,-1.0,-1.0,-1
1.37871,1.37871,1.37871,1.37871,-1.0,-1.0,-1
1.37871,1.37871,1.37871,1.37871,-1.0,-1.0,-1
1.37871,1.37872,1.37871,1.37872,-1.0,-1.0,-1
1.37872,1.37873,1.378715,1.37873,-1.0,-1.0,-1
1.37873,1.378785,1.37873,1.37878,-1.0,-1.0,-1
1.37878,1.378785,1.37878,1.37878,-1.0,-1.0,-1
1.37878,1.378785,1.37878,1.37878,-1.0,-1.0,-1
1.37878,1.37878,1.378745,1.378745,-1.0,-1.0,-1
1.378745,1.378745,1.37874,1.378745,-1.0,-1.0,-1
1.378745,1.378745,1.378735,1.378735,-1.0,-1.0,-1
1.378735,1.378775,1.378735,1.378765,-1.0,-1.0,-1
1.378765,1.378775,1.378765,1.378775,-1.0,-1.0,-1
1.378775,1.378785,1.378775,1.378775,-1.0,-1.0,-1
1.378775,1.378775,1.378765,1.37877,-1.0,-1.0,-1
1.37877,1.378775,1.378765,1.37877,-1.0,-1.0,-1
1.37877,1.378775,1.378765,1.378775,-1.0,-1.0,-1
1.378775,1.378775,1.378755,1.378755,-1.0,-1.0,-1
1.378755,1.37876,1.378735,1.37874,-1.0,-1.0,-1
1.37874,1.378745,1.378735,1.378745,-1.0,-1.0,-1
1.378745,1.37876,1.378745,1.378755,-1.0,-1.0,-1
1.378755,1.37876,1.378755,1.378755,-1.0,-1.0,-1
1.378755,1.37876,1.37875,1.37875,-1.0,-1.0,-1
1.37875,1.37876,1.37875,1.378755,-1.0,-1.0,-1
1.378755,1.37876,1.37875,1.378755,-1.0,-1.0,-1
1.378755,1.378765,1.378755,1.378765,-1.0,-1.0,-1
1.378765,1.37878,1.37876,1.37878,-1.0,-1.0,-1
1.37878,1.37879,1.378745,1.37875,-1.0,-1.0,-1
1.37875,1.37876,1.37875,1.37875,-1.0,-1.0,-1
1.37875,1.37876,1.37875,1.37876,-1.0,-1.0,-1
1.37876,1.378775,1.37876,1.378775,-1.0,-1.0,-1
1.378775,1.378775,1.37877,1.37877,-1.0,-1.0,-1
1.37877,1.37878,1.378765,1.378775,-1.0,-1.0,-1
1.378775,1.378775,1.37876,1.378765,-1.0,-1.0,-1
1.378765,1.37877,1.378755,1.37876,-1.0,-1.0,-1
1.37876,1.378775,1.37875,1.37877,-1.0,-1.0,-1
1.37877,1.378775,1.378765,1.37877,-1.0,-1.0,-1
1.37877,1.37877,1.378765,1.378765,-1.0,-1.0,-1
1.378765,1.37877,1.37876,1.37876,-1.0,-1.0,-1
1.37876,1.37878,1.378755,1.37878,-1.0,-1.0,-1
1.37878,1.378785,1.37878,1.378785,-1.0,-1.0,-1
1.378785,1.378785,1.378785,1.378785,-1.0,-1.0,-1
1.378785,1.378785,1.37878,1.37878,-1.0,-1.0,-1
1.37878,1.378785,1.37878,1.378785,-1.0,-1.0,-1
1.378785,1.378785,1.378785,1.378785,-1.0,-1.0,-1
1.378785,1.378785,1.378785,1.378785,-1.0,-1.0,-1
1.378785,1.37883,1.378785,1.37882,-1.0,-1.0,-1
1.37882,1.378855,1.378815,1.37884,-1.0,-1.0,-1
1.37884,1.37884,1.378825,1.378835,-1.0,-1.0,-1
1.378835,1.378835,1.378825,1.378825,-1.0,-1.0,-1
1.378825,1.378825,1.378815,1.378815,-1.0,-1.0,-1
1.378815,1.378825,1.378815,1.37882,-1.0,-1.0,-1
1.37882,1.37882,1.378815,1.37882,-1.0,-1.0,-1
1.37882,1.37883,1.37882,1.378825,-1.0,-1.0,-1
1.378825,1.378825,1.37882,1.37882,-1.0,-1.0,-1
1.37882,1.37882,1.37882,1.37882,-1.0,-1.0,-1
1.37882,1.37884,1.37882,1.37884,-1.0,-1.0,-1
1.37884,1.37884,1.37884,1.37884,-1.0,-1.0,-1
1.37884,1.37884,1.37884,1.37884,-1.0,-1.0,-1
1.37884,1.37884,1.37884,1.37884,-1.0,-1.0,-1
1.37884,1.37884,1.37884,1.37884,-1.0,-1.0,-1
1.37884,1.37884,1.378835,1.378835,-1.0,-1.0,-1
1.378835,1.37884,1.37883,1.37884,-1.0,-1.0,-1
1.37884,1.37884,1.37884,1.37884,-1.0,-1.0,-1
1.37884,1.37884,1.37884,1.37884,-1.0,-1.0,-1
1.37884,1.37884,1.37884,1.37884,-1.0,-1.0,-1
1.37884,1.37884,1.37882,1.378825,-1.0,-1.0,-1
1.378825,1.378825,1.37882,1.378825,-1.0,-1.0,-1
1.378825,1.378825,1.37881,1.37881,-1.0,-1.0,-1
1.37881,1.37881,1.37881,1.37881,-1.0,-1.0,-1
1.37881,1.378815,1.37881,1.378815,-1.0,-1.0,-1
1.378815,1.378815,1.37881,1.378815,-1.0,-1.0,-1
1.378815,1.378815,1.378805,1.378805,-1.0,-1.0,-1
1.378805,1.378805,1.37879,1.378795,-1.0,-1.0,-1
1.378795,1.3788,1.37879,1.3788,-1.0,-1.0,-1
1.3788,1.3788,1.378785,1.378795,-1.0,-1.0,-1
1.378795,1.378795,1.37879,1.378795,-1.0,-1.0,-1
1.378795,1.378795,1.378785,1.37879,-1.0,-1.0,-1
1.37879,1.37879,1.378785,1.37879,-1.0,-1.0,-1
1.37879,1.3788,1.378775,1.378775,-1.0,-1.0,-1
1.378775,1.37879,1.378765,1.37877,-1.0,-1.0,-1
1.37877,1.378785,1.378765,1.378765,-1.0,-1.0,-1
1.378765,1.378785,1.378765,1.378785,-1.0,-1.0,-1
1.378785,1.378785,1.378715,1.378715,-1.0,-1.0,-1
1.378715,1.378735,1.378715,1.378735,-1.0,-1.0,-1
1.378735,1.37874,1.37873,1.378735,-1.0,-1.0,-1
1.378735,1.37874,1.378725,1.37874,-1.0,-1.0,-1
1.37874,1.37874,1.378725,1.378725,-1.0,-1.0,-1
1.378725,1.378735,1.378725,1.378735,-1.0,-1.0,-1
1.378735,1.378735,1.37873,1.378735,-1.0,-1.0,-1
1.378735,1.378745,1.37873,1.378735,-1.0,-1.0,-1
1.378735,1.378745,1.37873,1.37874,-1.0,-1.0,-1
1.37874,1.378745,1.378735,1.378735,-1.0,-1.0,-1
1.378735,1.378745,1.37872,1.37872,-1.0,-1.0,-1
1.37872,1.378725,1.378715,1.378715,-1.0,-1.0,-1
1.378715,1.378725,1.378715,1.378725,-1.0,-1.0,-1
1.378725,1.378725,1.37871,1.37871,-1.0,-1.0,-1
1.37871,1.37871,1.37871,1.37871,-1.0,-1.0,-1
1.37871,1.378715,1.37871,1.37871,-1.0,-1.0,-1
1.37871,1.378715,1.37871,1.378715,-1.0,-1.0,-1
1.378715,1.378715,1.37871,1.37871,-1.0,-1.0,-1
1.37871,1.378735,1.37871,1.37872,-1.0,-1.0,-1
1.37872,1.37872,1.37871,1.378715,-1.0,-1.0,-1
1.378715,1.378715,1.37871,1.37871,-1.0,-1.0,-1
1.37871,1.37871,1.37871,1.37871,-1.0,-1.0,-1
1.37871,1.378715,1.37871,1.37871,-1.0,-1.0,-1
1.37871,1.37871,1.378695,1.3787,-1.0,-1.0,-1
1.3787,1.3787,1.37869,1.37869,-1.0,-1.0,-1
1.37869,1.3787,1.37869,1.378695,-1.0,-1.0,-1
1.378695,1.378695,1.378685,1.378695,-1.0,-1.0,-1
1.378695,1.378695,1.37869,1.378695,-1.0,-1.0,-1
1.378695,1.37871,1.378695,1.378695,-1.0,-1.0,-1
1.378695,1.37871,1.378695,1.37871,-1.0,-1.0,-1
1.37871,1.378725,1.378695,1.378725,-1.0,-1.0,-1
1.378725,1.37873,1.37872,1.37872,-1.0,-1.0,-1
1.37872,1.37872,1.378715,1.378715,-1.0,-1.0,-1
1.378715,1.37876,1.378715,1.37875,-1.0,-1.0,-1
1.37875,1.378785,1.37875,1.37878,-1.0,-1.0,-1
1.37878,1.378795,1.37876,1.378795,-1.0,-1.0,-1
1.378795,1.378795,1.378785,1.37879,-1.0,-1.0,-1
1.37879,1.378795,1.378785,1.378785,-1.0,-1.0,-1
1.378785,1.378795,1.378785,1.37879,-1.0,-1.0,-1
1.37879,1.378795,1.378785,1.378785,-1.0,-1.0,-1
1.378785,1.378795,1.378785,1.378795,-1.0,-1.0,-1
1.378795,1.378795,1.378785,1.378795,-1.0,-1.0,-1
1.378795,1.378795,1.37879,1.378795,-1.0,-1.0,-1
1.378795,1.378815,1.37879,1.378815,-1.0,-1.0,-1
1.378815,1.378815,1.378815,1.378815,-1.0,-1.0,-1
1.378815,1.378815,1.37879,1.378805,-1.0,-1.0,-1
1.378805,1.378805,1.3788,1.378805,-1.0,-1.0,-1
1.378805,1.378815,1.378805,1.378815,-1.0,-1.0,-1
1.378815,1.378815,1.378815,1.378815,-1.0,-1.0,-1
1.378815,1.37882,1.378815,1.378815,-1.0,-1.0,-1
1.378815,1.378825,1.378815,1.378815,-1.0,-1.0,-1
1.378815,1.378815,1.378815,1.378815,-1.0,-1.0,-1
1.378815,1.378835,1.378815,1.378825,-1.0,-1.0,-1
1.378825,1.378825,1.378815,1.378825,-1.0,-1.0,-1
1.378825,1.378825,1.37882,1.378825,-1.0,-1.0,-1
1.378825,1.378885,1.378825,1.378835,-1.0,-1.0,-1
1.378835,1.378855,1.378835,1.378855,-1.0,-1.0,-1
1.378855,1.378855,1.378835,1.378855,-1.0,-1.0,-1
1.378855,1.37888,1.378855,1.37888,-1.0,-1.0,-1
1.37888,1.378885,1.378865,1.378865,-1.0,-1.0,-1
1.378865,1.378885,1.37886,1.37888,-1.0,-1.0,-1
1.37888,1.378885,1.37886,1.37888,-1.0,-1.0,-1
1.37888,1.37888,1.378875,1.37888,-1.0,-1.0,-1
1.37888,1.37888,1.378875,1.37888,-1.0,-1.0,-1
1.37888,1.378905,1.378875,1.378905,-1.0,-1.0,-1
1.378905,1.378935,1.378895,1.378925,-1.0,-1.0,-1
1.378925,1.37893,1.37892,1.378925,-1.0,-1.0,-1
1.378925,1.37893,1.378915,1.378925,-1.0,-1.0,-1
1.378925,1.37893,1.37892,1.378925,-1.0,-1.0,-1
1.378925,1.378935,1.378925,1.37893,-1.0,-1.0,-1
1.37893,1.378935,1.378925,1.37893,-1.0,-1.0,-1
1.37893,1.378935,1.378925,1.37893,-1.0,-1.0,-1
1.37893,1.37895,1.378925,1.37893,-1.0,-1.0,-1
1.37893,1.37894,1.37893,1.37893,-1.0,-1.0,-1
1.37893,1.378935,1.378925,1.37893,-1.0,-1.0,-1
1.37893,1.378975,1.37893,1.378975,-1.0,-1.0,-1
1.378975,1.378975,1.37897,1.378975,-1.0,-1.0,-1
1.378975,1.378975,1.378965,1.378975,-1.0,-1.0,-1
1.378975,1.378975,1.37897,1.378975,-1.0,-1.0,-1
1.378975,1.378975,1.37895,1.37895,-1.0,-1.0,-1
1.37895,1.37895,1.37893,1.37893,-1.0,-1.0,-1
1.37893,1.378935,1.378925,1.37893,-1.0,-1.0,-1
1.37893,1.378935,1.378925,1.37893,-1.0,-1.0,-1
1.37893,1.37894,1.378925,1.37894,-1.0,-1.0,-1
1.37894,1.37898,1.37893,1.378975,-1.0,-1.0,-1
1.378975,1.37898,1.37897,1.378975,-1.0,-1.0,-1
1.378975,1.378975,1.37896,1.378965,-1.0,-1.0,-1
1.378965,1.378985,1.37896,1.378985,-1.0,-1.0,-1
1.378985,1.378985,1.378985,1.378985,-1.0,-1.0,-1
1.378985,1.378985,1.37897,1.378985,-1.0,-1.0,-1
1.378985,1.378985,1.37897,1.37898,-1.0,-1.0,-1
1.37898,1.378985,1.37898,1.37898,-1.0,-1.0,-1
1.37898,1.37898,1.378965,1.378975,-1.0,-1.0,-1
1.378975,1.378975,1.37897,1.378975,-1.0,-1.0,-1
1.378975,1.37898,1.37897,1.37898,-1.0,-1.0,-1
1.37898,1.37899,1.378975,1.378985,-1.0,-1.0,-1
1.378985,1.378985,1.37898,1.37898,-1.0,-1.0,-1
1.37898,1.37898,1.37898,1.37898,-1.0,-1.0,-1
1.37898,1.37898,1.37898,1.37898,-1.0,-1.0,-1
1.37898,1.37898,1.37897,1.378975,-1.0,-1.0,-1
1.378975,1.379,1.37897,1.379,-1.0,-1.0,-1
1.379,1.379,1.37898,1.37898,-1.0,-1.0,-1
1.37898,1.37898,1.37897,1.378975,-1.0,-1.0,-1
1.378975,1.37898,1.37897,1.37898,-1.0,-1.0,-1
1.37898,1.37898,1.37897,1.378975,-1.0,-1.0,-1
1.378975,1.378985,1.37897,1.378985,-1.0,-1.0,-1
1.378985,1.378985,1.378985,1.378985,-1.0,-1.0,-1
1.378985,1.37899,1.378985,1.378985,-1.0,-1.0,-1
1.378985,1.378985,1.37897,1.378985,-1.0,-1.0,-1
1.378985,1.379015,1.378985,1.379005,-1.0,-1.0,-1
1.379005,1.379005,1.379005,1.379005,-1.0,-1.0,-1
1.379005,1.379005,1.37898,1.37898,-1.0,-1.0,-1
1.37898,1.37898,1.37897,1.378975,-1.0,-1.0,-1
1.378975,1.378975,1.378965,1.37897,-1.0,-1.0,-1
1.37897,1.37897,1.378925,1.378925,-1.0,-1.0,-1
1.378925,1.378935,1.378925,1.378925,-1.0,-1.0,-1
1.378925,1.37894,1.37891,1.37891,-1.0,-1.0,-1
1.37891,1.378915,1.37888,1.37889,-1.0,-1.0,-1
1.37889,1.378895,1.37888,1.378895,-1.0,-1.0,-1
1.378895,1.3789,1.37889,1.3789,-1.0,-1.0,-1
1.3789,1.37891,1.378895,1.378905,-1.0,-1.0,-1
1.378905,1.37891,1.378905,1.378905,-1.0,-1.0,-1
1.378905,1.37891,1.378905,1.378905,-1.0,-1.0,-1
1.378905,1.37891,1.378905,1.378905,-1.0,-1.0,-1
1.378905,1.378905,1.378905,1.378905,-1.0,-1.0,-1
1.378905,1.378905,1.37884,1.37884,-1.0,-1.0,-1
1.37884,1.37884,1.37884,1.37884,-1.0,-1.0,-1
1.37884,1.378855,1.37884,1.378855,-1.0,-1.0,-1
1.378855,1.378855,1.378835,1.37884,-1.0,-1.0,-1
1.37884,1.37884,1.378835,1.378835,-1.0,-1.0,-1
1.378835,1.378855,1.378835,1.378855,-1.0,-1.0,-1
1.378855,1.37886,1.378815,1.37884,-1.0,-1.0,-1
1.37884,1.37884,1.37884,1.37884,-1.0,-1.0,-1
1.37884,1.37884,1.37883,1.378835,-1.0,-1.0,-1
1.378835,1.378835,1.378825,1.37883,-1.0,-1.0,-1
1.37883,1.37883,1.37882,1.378825,-1.0,-1.0,-1
1.378825,1.378825,1.378815,1.378815,-1.0,-1.0,-1
1.378815,1.37882,1.378815,1.37882,-1.0,-1.0,-1
1.37882,1.37883,1.378815,1.378825,-1.0,-1.0,-1
1.378825,1.37883,1.378825,1.378825,-1.0,-1.0,-1
1.378825,1.378825,1.378825,1.378825,-1.0,-1.0,-1
1.378825,1.37883,1.378825,1.37883,-1.0,-1.0,-1
1.37883,1.37883,1.378825,1.378825,-1.0,-1.0,-1
1.378825,1.37883,1.378825,1.378825,-1.0,-1.0,-1
1.378825,1.37883,1.378825,1.378825,-1.0,-1.0,-1
1.378825,1.37884,1.378825,1.37884,-1.0,-1.0,-1
1.37884,1.378855,1.378835,1.37885,-1.0,-1.0,-1
1.37885,1.37888,1.378835,1.37888,-1.0,-1.0,-1
1.37888,1.378885,1.378875,1.378885,-1.0,-1.0,-1
1.378885,1.378885,1.37887,1.37888,-1.0,-1.0,-1
1.37888,1.378885,1.378875,1.378885,-1.0,-1.0,-1
1.378885,1.378885,1.37887,1.37888,-1.0,-1.0,-1
1.37888,1.378885,1.378875,1.37888,-1.0,-1.0,-1
1.37888,1.378885,1.378875,1.378885,-1.0,-1.0,-1
1.378885,1.378885,1.378875,1.378885,-1.0,-1.0,-1
1.378885,1.378885,1.37888,1.378885,-1.0,-1.0,-1
1.378885,1.378885,1.378875,1.37888,-1.0,-1.0,-1
1.37888,1.37888,1.378865,1.378865,-1.0,-1.0,-1
1.378865,1.378865,1.37886,1.378865,-1.0,-1.0,-1
1.378865,1.37888,1.378865,1.37888,-1.0,-1.0,-1
1.37888,1.378885,1.378875,1.378885,-1.0,-1.0,-1
1.378885,1.378885,1.378875,1.378885,-1.0,-1.0,-1
1.378885,1.378885,1.378875,1.37888,-1.0,-1.0,-1
1.37888,1.378905,1.378875,1.378905,-1.0,-1.0,-1
1.378905,1.378905,1.378905,1.378905,-1.0,-1.0,-1
1.378905,1.37891,1.3789,1.378905,-1.0,-1.0,-1
1.378905,1.37891,1.378905,1.37891,-1.0,-1.0,-1
1.37891,1.378915,1.378905,1.378905,-1.0,-1.0,-1
1.378905,1.37891,1.3789,1.378905,-1.0,-1.0,-1
1.378905,1.378905,1.3789,1.378905,-1.0,-1.0,-1
1.378905,1.378915,1.378905,1.378915,-1.0,-1.0,-1
1.378915,1.378915,1.378905,1.378905,-1.0,-1.0,-1
1.378905,1.378905,1.378905,1.378905,-1.0,-1.0,-1
1.378905,1.378905,1.378895,1.378905,-1.0,-1.0,-1
1.378905,1.378905,1.37888,1.378885,-1.0,-1.0,-1
1.378885,1.37889,1.37888,1.37889,-1.0,-1.0,-1
1.37889,1.37889,1.37888,1.378885,-1.0,-1.0,-1
1.378885,1.378885,1.37888,1.378885,-1.0,-1.0,-1
1.378885,1.378885,1.37888,1.378885,-1.0,-1.0,-1
1.378885,1.37889,1.37888,1.378885,-1.0,-1.0,-1
1.378885,1.378885,1.37888,1.378885,-1.0,-1.0,-1
1.378885,1.378895,1.378875,1.378895,-1.0,-1.0,-1
1.378895,1.3789,1.37889,1.37889,-1.0,-1.0,-1
1.37889,1.37891,1.37889,1.37891,-1.0,-1.0,-1
1.37891,1.378915,1.3789,1.37891,-1.0,-1.0,-1
1.37891,1.37892,1.378905,1.37891,-1.0,-1.0,-1
1.37891,1.37891,1.3789,1.3789,-1.0,-1.0,-1
1.3789,1.3789,1.3789,1.3789,-1.0,-1.0,-1
1.3789,1.3789,1.378895,1.3789,-1.0,-1.0,-1
1.3789,1.37891,1.3789,1.3789,-1.0,-1.0,-1
1.3789,1.37891,1.3789,1.378905,-1.0,-1.0,-1
1.378905,1.37891,1.3789,1.378905,-1.0,-1.0,-1
1.378905,1.37896,1.3789,1.378935,-1.0,-1.0,-1
1.378935,1.37895,1.378935,1.37895,-1.0,-1.0,-1
1.37895,1.37896,1.37895,1.37896,-1.0,-1.0,-1
1.37896,1.37896,1.378935,1.378935,-1.0,-1.0,-1
1.378935,1.37897,1.378935,1.37897,-1.0,-1.0,-1
1.37897,1.37897,1.378965,1.37897,-1.0,-1.0,-1
1.37897,1.37898,1.378965,1.37897,-1.0,-1.0,-1
1.37897,1.378975,1.37896,1.37897,-1.0,-1.0,-1
1.37897,1.37897,1.378965,1.37897,-1.0,-1.0,-1
1.37897,1.378985,1.378965,1.37898,-1.0,-1.0,-1
1.37898,1.378985,1.37898,1.378985,-1.0,-1.0,-1
1.378985,1.378985,1.37898,1.378985,-1.0,-1.0,-1
1.378985,1.378985,1.37895,1.378955,-1.0,-1.0,-1
1.378955,1.37897,1.37895,1.37897,-1.0,-1.0,-1
1.37897,1.37897,1.37896,1.37897,-1.0,-1.0,-1
1.37897,1.37898,1.378965,1.37898,-1.0,-1.0,-1
1.37898,1.378985,1.37898,1.378985,-1.0,-1.0,-1
1.378985,1.378985,1.37898,1.37898,-1.0,-1.0,-1
1.37898,1.379,1.37898,1.379,-1.0,-1.0,-1
1.379,1.379,1.378995,1.379,-1.0,-1.0,-1
1.379,1.379,1.378995,1.378995,-1.0,-1.0,-1
1.378995,1.379,1.37899,1.378995,-1.0,-1.0,-1
1.378995,1.378995,1.37899,1.37899,-1.0,-1.0,-1
1.37899,1.378995,1.37899,1.37899,-1.0,-1.0,-1
1.37899,1.379,1.37899,1.378995,-1.0,-1.0,-1
1.378995,1.379,1.37899,1.378995,-1.0,-1.0,-1
1.378995,1.37904,1.37899,1.379015,-1.0,-1.0,-1
1.379015,1.37906,1.379015,1.37906,-1.0,-1.0,-1
1.37906,1.37906,1.379035,1.379035,-1.0,-1.0,-1
1.379035,1.379035,1.379025,1.379025,-1.0,-1.0,-1
1.379025,1.37903,1.379025,1.379025,-1.0,-1.0,-1
1.379025,1.37903,1.379025,1.379025,-1.0,-1.0,-1
1.379025,1.37903,1.37902,1.379025,-1.0,-1.0,-1
1.379025,1.37903,1.379025,1.379025,-1.0,-1.0,-1
1.379025,1.37903,1.379025,1.379025,-1.0,-1.0,-1
1.379025,1.37903,1.379025,1.379025,-1.0,-1.0,-1
1.379025,1.37903,1.379025,1.379025,-1.0,-1.0,-1
1.379025,1.379035,1.379025,1.379025,-1.0,-1.0,-1
1.379025,1.37906,1.37902,1.37906,-1.0,-1.0,-1
1.37906,1.379065,1.379055,1.379055,-1.0,-1.0,-1
1.379055,1.379065,1.379055,1.379065,-1.0,-1.0,-1
1.379065,1.379065,1.379065,1.379065,-1.0,-1.0,-1
1.379065,1.379075,1.37904,1.37904,-1.0,-1.0,-1
1.37904,1.37906,1.37904,1.37906,-1.0,-1.0,-1
1.37906,1.379065,1.379055,1.37906,-1.0,-1.0,-1
1.37906,1.37906,1.37906,1.37906,-1.0,-1.0,-1
1.37906,1.37906,1.37906,1.37906,-1.0,-1.0,-1
1.37906,1.379065,1.37906,1.379065,-1.0,-1.0,-1
1.379065,1.379065,1.379065,1.379065,-1.0,-1.0,-1
1.379065,1.379065,1.37906,1.37906,-1.0,-1.0,-1
1.37906,1.379075,1.37906,1.379075,-1.0,-1.0,-1
1.379075,1.379075,1.379065,1.379065,-1.0,-1.0,-1
1.379065,1.379065,1.379065,1.379065,-1.0,-1.0,-1
1.379065,1.37907,1.37906,1.37907,-1.0,-1.0,-1
1.37907,1.37907,1.37907,1.37907,-1.0,-1.0,-1
1.37907,1.37907,1.379065,1.379065,-1.0,-1.0,-1
1.379065,1.379065,1.379065,1.379065,-1.0,-1.0,-1
1.379065,1.37907,1.379065,1.37907,-1.0,-1.0,-1
1.37907,1.37907,1.37907,1.37907,-1.0,-1.0,-1
1.37907,1.379075,1.37907,1.379075,-1.0,-1.0,-1
1.379075,1.37908,1.37907,1.37908,-1.0,-1.0,-1
1.37908,1.37908,1.379075,1.379075,-1.0,-1.0,-1
1.379075,1.37908,1.37907,1.37907,-1.0,-1.0,-1
1.37907,1.37907,1.379065,1.379065,-1.0,-1.0,-1
1.379065,1.37907,1.379065,1.37907,-1.0,-1.0,-1
1.37907,1.37907,1.379065,1.379065,-1.0,-1.0,-1
1.379065,1.37907,1.379035,1.37905,-1.0,-1.0,-1
1.37905,1.37905,1.379035,1.379035,-1.0,-1.0,-1
1.379035,1.37905,1.379035,1.37905,-1.0,-1.0,-1
1.37905,1.37906,1.37903,1.37903,-1.0,-1.0,-1
1.37903,1.379035,1.37903,1.37903,-1.0,-1.0,-1
1.37903,1.379135,1.37903,1.379135,-1.0,-1.0,-1
1.379135,1.379155,1.37913,1.379155,-1.0,-1.0,-1
1.379155,1.379155,1.37913,1.379135,-1.0,-1.0,-1
1.379135,1.379135,1.379125,1.379125,-1.0,-1.0,-1
1.379125,1.379125,1.379115,1.379115,-1.0,-1.0,-1
1.379115,1.37912,1.379105,1.379105,-1.0,-1.0,-1
1.379105,1.37911,1.3791,1.3791,-1.0,-1.0,-1
1.3791,1.37912,1.3791,1.3791,-1.0,-1.0,-1
1.3791,1.37912,1.3791,1.37912,-1.0,-1.0,-1
1.37912,1.379135,1.37912,1.379135,-1.0,-1.0,-1
1.379135,1.37916,1.37913,1.37916,-1.0,-1.0,-1
1.37916,1.37916,1.37915,1.379155,-1.0,-1.0,-1
1.379155,1.37917,1.379155,1.37917,-1.0,-1.0,-1
1.37917,1.37917,1.379165,1.379165,-1.0,-1.0,-1
1.379165,1.379165,1.379125,1.37913,-1.0,-1.0,-1
1.37913,1.37913,1.37913,1.37913,-1.0,-1.0,-1
1.37913,1.37913,1.37913,1.37913,-1.0,-1.0,-1
1.37913,1.37913,1.37913,1.37913,-1.0,-1.0,-1
1.37913,1.37913,1.37913,1.37913,-1.0,-1.0,-1
1.37913,1.37913,1.37913,1.37913,-1.0,-1.0,-1
1.37913,1.37913,1.37912,1.37912,-1.0,-1.0,-1
1.37912,1.37912,1.379115,1.37912,-1.0,-1.0,-1
1.37912,1.37912,1.37912,1.37912,-1.0,-1.0,-1
1.37912,1.37912,1.37912,1.37912,-1.0,-1.0,-1
1.37912,1.37913,1.379115,1.379115,-1.0,-1.0,-1
1.379115,1.37912,1.37908,1.37908,-1.0,-1.0,-1
1.37908,1.37908,1.37908,1.37908,-1.0,-1.0,-1
1.37908,1.37908,1.37908,1.37908,-1.0,-1.0,-1
1.37908,1.379115,1.37908,1.3791,-1.0,-1.0,-1
1.3791,1.3791,1.37909,1.37909,-1.0,-1.0,-1
1.37909,1.37909,1.37909,1.37909,-1.0,-1.0,-1
1.37909,1.379115,1.37909,1.37911,-1.0,-1.0,-1
1.37911,1.379115,1.3791,1.37911,-1.0,-1.0,-1
1.37911,1.379115,1.37911,1.37911,-1.0,-1.0,-1
1.37911,1.379115,1.37911,1.379115,-1.0,-1.0,-1
1.379115,1.37915,1.379115,1.379135,-1.0,-1.0,-1
1.379135,1.37914,1.37913,1.379135,-1.0,-1.0,-1
1.379135,1.379135,1.37913,1.37913,-1.0,-1.0,-1
1.37913,1.37913,1.37912,1.37912,-1.0,-1.0,-1
1.37912,1.37913,1.37912,1.37913,-1.0,-1.0,-1
1.37913,1.379135,1.37913,1.37913,-1.0,-1.0,-1
1.37913,1.37913,1.37912,1.37912,-1.0,-1.0,-1
1.37912,1.37913,1.37912,1.37913,-1.0,-1.0,-1
1.37913,1.37913,1.379125,1.37913,-1.0,-1.0,-1
1.37913,1.37913,1.37913,1.37913,-1.0,-1.0,-1
1.37913,1.37913,1.379125,1.37913,-1.0,-1.0,-1
1.37913,1.37913,1.37913,1.37913,-1.0,-1.0,-1
1.37913,1.37913,1.37913,1.37913,-1.0,-1.0,-1
1.37913,1.3792,1.37913,1.37917,-1.0,-1.0,-1
1.37917,1.379235,1.37917,1.37923,-1.0,-1.0,-1
1.37923,1.379235,1.379215,1.379215,-1.0,-1.0,-1
1.379215,1.37927,1.379215,1.379255,-1.0,-1.0,-1
1.379255,1.379255,1.37921,1.379215,-1.0,-1.0,-1
1.379215,1.379215,1.379195,1.379205,-1.0,-1.0,-1
1.379205,1.379205,1.379195,1.379195,-1.0,-1.0,-1
1.379195,1.379195,1.37917,1.37917,-1.0,-1.0,-1
1.37917,1.37917,1.37916,1.37916,-1.0,-1.0,-1
1.37916,1.37916,1.37916,1.37916,-1.0,-1.0,-1
1.37916,1.37916,1.37916,1.37916,-1.0,-1.0,-1
1.37916,1.37916,1.37912,1.379135,-1.0,-1.0,-1
1.379135,1.379135,1.37912,1.37913,-1.0,-1.0,-1
1.37913,1.37913,1.37913,1.37913,-1.0,-1.0,-1
1.37913,1.37913,1.37913,1.37913,-1.0,-1.0,-1
1.37913,1.37913,1.37913,1.37913,-1.0,-1.0,-1
1.37913,1.37913,1.37913,1.37913,-1.0,-1.0,-1
1.37913,1.37913,1.37912,1.37912,-1.0,-1.0,-1
1.37912,1.379125,1.379115,1.379125,-1.0,-1.0,-1
1.379125,1.379125,1.379125,1.379125,-1.0,-1.0,-1
1.379125,1.379125,1.37912,1.379125,-1.0,-1.0,-1
1.379125,1.379125,1.379115,1.37912,-1.0,-1.0,-1
1.37912,1.379135,1.37912,1.379125,-1.0,-1.0,-1
1.379125,1.37913,1.37912,1.37913,-1.0,-1.0,-1
1.37913,1.37913,1.379115,1.37912,-1.0,-1.0,-1
1.37912,1.379125,1.37912,1.37912,-1.0,-1.0,-1
1.37912,1.37912,1.37912,1.37912,-1.0,-1.0,-1
1.37912,1.379125,1.37912,1.379125,-1.0,-1.0,-1
1.379125,1.379135,1.37912,1.379135,-1.0,-1.0,-1
1.379135,1.379165,1.37913,1.37916,-1.0,-1.0,-1
1.37916,1.37916,1.37916,1.37916,-1.0,-1.0,-1
1.37916,1.379165,1.37916,1.379165,-1.0,-1.0,-1
1.379165,1.379165,1.37913,1.37913,-1.0,-1.0,-1
1.37913,1.37913,1.379125,1.37913,-1.0,-1.0,-1
1.37913,1.37913,1.37912,1.37912,-1.0,-1.0,-1
1.37912,1.379125,1.37912,1.379125,-1.0,-1.0,-1
1.379125,1.37913,1.3791,1.37911,-1.0,-1.0,-1
1.37911,1.37915,1.37911,1.37915,-1.0,-1.0,-1
1.37915,1.379155,1.37915,1.379155,-1.0,-1.0,-1
1.379155,1.379155,1.379125,1.37913,-1.0,-1.0,-1
1.37913,1.37914,1.37913,1.37913,-1.0,-1.0,-1
1.37913,1.37913,1.37913,1.37913,-1.0,-1.0,-1
1.37913,1.37913,1.37913,1.37913,-1.0,-1.0,-1
1.37913,1.37913,1.37913,1.37913,-1.0,-1.0,-1
1.37913,1.37913,1.379125,1.37913,-1.0,-1.0,-1
1.37913,1.37913,1.37913,1.37913,-1.0,-1.0,-1
1.37913,1.37913,1.37913,1.37913,-1.0,-1.0,-1
1.37913,1.379145,1.37912,1.379125,-1.0,-1.0,-1
1.379125,1.379125,1.379095,1.379095,-1.0,-1.0,-1
1.379095,1.379095,1.37902,1.37902,-1.0,-1.0,-1
1.37902,1.379025,1.37902,1.37902,-1.0,-1.0,-1
1.37902,1.379025,1.37902,1.37902,-1.0,-1.0,-1
1.37902,1.379025,1.37902,1.37902,-1.0,-1.0,-1
1.37902,1.37904,1.37902,1.37904,-1.0,-1.0,-1
1.37904,1.37907,1.37904,1.37907,-1.0,-1.0,-1
1.37907,1.379075,1.37907,1.37907,-1.0,-1.0,-1
1.37907,1.37907,1.37907,1.37907,-1.0,-1.0,-1
1.37907,1.37907,1.37907,1.37907,-1.0,-1.0,-1
1.37907,1.379075,1.37907,1.37907,-1.0,-1.0,-1
1.37907,1.379075,1.37907,1.37907,-1.0,-1.0,-1
1.37907,1.379075,1.379065,1.379075,-1.0,-1.0,-1
1.379075,1.379075,1.379025,1.379025,-1.0,-1.0,-1
1.379025,1.37903,1.37902,1.379025,-1.0,-1.0,-1
1.379025,1.37903,1.379025,1.379025,-1.0,-1.0,-1
1.379025,1.37905,1.379025,1.37904,-1.0,-1.0,-1
1.37904,1.37905,1.37904,1.37904,-1.0,-1.0,-1
1.37904,1.37904,1.37902,1.379025,-1.0,-1.0,-1
1.379025,1.37907,1.379025,1.379045,-1.0,-1.0,-1
1.379045,1.379045,1.379045,1.379045,-1.0,-1.0,-1
1.379045,1.379045,1.37904,1.379045,-1.0,-1.0,-1
1.379045,1.379045,1.379035,1.37904,-1.0,-1.0,-1
1.37904,1.379055,1.37904,1.37905,-1.0,-1.0,-1
1.37905,1.37905,1.379025,1.37904,-1.0,-1.0,-1
1.37904,1.37904,1.37904,1.37904,-1.0,-1.0,-1
1.37904,1.37904,1.37904,1.37904,-1.0,-1.0,-1
1.37904,1.37904,1.37904,1.37904,-1.0,-1.0,-1
1.37904,1.37904,1.37904,1.37904,-1.0,-1.0,-1
1.37904,1.37906,1.37904,1.379055,-1.0,-1.0,-1
1.379055,1.37906,1.37905,1.379055,-1.0,-1.0,-1
1.379055,1.379055,1.37903,1.37903,-1.0,-1.0,-1
1.37903,1.37904,1.37903,1.37903,-1.0,-1.0,-1
1.37903,1.379035,1.37902,1.379025,-1.0,-1.0,-1
1.379025,1.37903,1.379025,1.379025,-1.0,-1.0,-1
1.379025,1.37903,1.37901,1.37902,-1.0,-1.0,-1
1.37902,1.379025,1.37902,1.37902,-1.0,-1.0,-1
1.37902,1.379025,1.37901,1.37901,-1.0,-1.0,-1
1.37901,1.37901,1.37901,1.37901,-1.0,-1.0,-1
1.37901,1.37901,1.37901,1.37901,-1.0,-1.0,-1
1.37901,1.37901,1.379005,1.379005,-1.0,-1.0,-1
1.379005,1.37901,1.379005,1.37901,-1.0,-1.0,-1
1.37901,1.37901,1.37901,1.37901,-1.0,-1.0,-1
1.37901,1.37901,1.379,1.379005,-1.0,-1.0,-1
1.379005,1.37901,1.379005,1.37901,-1.0,-1.0,-1
1.37901,1.37901,1.378995,1.378995,-1.0,-1.0,-1
1.378995,1.379,1.37899,1.379,-1.0,-1.0,-1
1.379,1.379,1.378965,1.37897,-1.0,-1.0,-1
1.37897,1.37897,1.378965,1.37897,-1.0,-1.0,-1
1.37897,1.378975,1.378965,1.37897,-1.0,-1.0,-1
1.37897,1.378975,1.378965,1.378975,-1.0,-1.0,-1
1.378975,1.37899,1.378965,1.37898,-1.0,-1.0,-1
1.37898,1.37898,1.37897,1.37898,-1.0,-1.0,-1
1.37898,1.37901,1.37898,1.37901,-1.0,-1.0,-1
1.37901,1.37901,1.37901,1.37901,-1.0,-1.0,-1
1.37901,1.37901,1.379005,1.379005,-1.0,-1.0,-1
1.379005,1.37901,1.379005,1.37901,-1.0,-1.0,-1
1.37901,1.37901,1.37901,1.37901,-1.0,-1.0,-1
1.37901,1.379065,1.37901,1.37901,-1.0,-1.0,-1
1.37901,1.379025,1.37901,1.37902,-1.0,-1.0,-1
1.37902,1.379025,1.379015,1.379015,-1.0,-1.0,-1
1.379015,1.379025,1.37901,1.37902,-1.0,-1.0,-1
1.37902,1.379025,1.37902,1.37902,-1.0,-1.0,-1
1.37902,1.379025,1.37901,1.37901,-1.0,-1.0,-1
1.37901,1.37901,1.37901,1.37901,-1.0,-1.0,-1
1.37901,1.37901,1.379,1.379,-1.0,-1.0,-1
1.379,1.379,1.379,1.379,-1.0,-1.0,-1
1.379,1.379,1.379,1.379,-1.0,-1.0,-1
1.379,1.379,1.378985,1.378985,-1.0,-1.0,-1
1.378985,1.378985,1.378985,1.378985,-1.0,-1.0,-1
1.378985,1.378985,1.37898,1.37898,-1.0,-1.0,-1
1.37898,1.37898,1.37898,1.37898,-1.0,-1.0,-1
1.37898,1.378985,1.37898,1.37898,-1.0,-1.0,-1
1.37898,1.37898,1.37898,1.37898,-1.0,-1.0,-1
1.37898,1.37898,1.37898,1.37898,-1.0,-1.0,-1
1.37898,1.37898,1.37898,1.37898,-1.0,-1.0,-1
1.37898,1.378995,1.37898,1.378995,-1.0,-1.0,-1
1.378995,1.378995,1.37899,1.378995,-1.0,-1.0,-1
1.378995,1.378995,1.378995,1.378995,-1.0,-1.0,-1
1.378995,1.378995,1.37899,1.378995,-1.0,-1.0,-1
1.378995,1.378995,1.37899,1.37899,-1.0,-1.0,-1
1.37899,1.37899,1.37898,1.37898,-1.0,-1.0,-1
1.37898,1.378985,1.37898,1.378985,-1.0,-1.0,-1
1.378985,1.378985,1.37898,1.37898,-1.0,-1.0,-1
1.37898,1.37899,1.37898,1.37899,-1.0,-1.0,-1
1.37899,1.379,1.37899,1.379,-1.0,-1.0,-1
1.379,1.379,1.37898,1.37898,-1.0,-1.0,-1
1.37898,1.37899,1.37898,1.37899,-1.0,-1.0,-1
1.37899,1.37899,1.378985,1.378985,-1.0,-1.0,-1
1.378985,1.378985,1.378985,1.378985,-1.0,-1.0,-1
1.378985,1.378985,1.37898,1.37898,-1.0,-1.0,-1
1.37898,1.37898,1.37898,1.37898,-1.0,-1.0,-1
1.37898,1.37898,1.37897,1.378975,-1.0,-1.0,-1
1.378975,1.37898,1.37897,1.37898,-1.0,-1.0,-1
1.37898,1.379,1.37898,1.379,-1.0,-1.0,-1
1.379,1.379,1.379,1.379,-1.0,-1.0,-1
1.379,1.379,1.378985,1.378995,-1.0,-1.0,-1
1.378995,1.379,1.37898,1.378995,-1.0,-1.0,-1
1.378995,1.379005,1.37899,1.37899,-1.0,-1.0,-1
1.37899,1.378995,1.37899,1.378995,-1.0,-1.0,-1
1.378995,1.378995,1.37899,1.37899,-1.0,-1.0,-1
1.37899,1.378995,1.37899,1.378995,-1.0,-1.0,-1
1.378995,1.378995,1.378985,1.37899,-1.0,-1.0,-1
1.37899,1.37899,1.37898,1.378985,-1.0,-1.0,-1
1.378985,1.37899,1.378985,1.37899,-1.0,-1.0,-1
1.37899,1.37899,1.37899,1.37899,-1.0,-1.0,-1
1.37899,1.37899,1.37899,1.37899,-1.0,-1.0,-1
1.37899,1.37899,1.37899,1.37899,-1.0,-1.0,-1
1.37899,1.37899,1.378985,1.37899,-1.0,-1.0,-1
1.37899,1.37899,1.378985,1.37899,-1.0,-1.0,-1
1.37899,1.37899,1.37899,1.37899,-1.0,-1.0,-1
1.37899,1.37899,1.378985,1.37899,-1.0,-1.0,-1
1.37899,1.37899,1.378985,1.37899,-1.0,-1.0,-1
1.37899,1.37899,1.37898,1.37898,-1.0,-1.0,-1
1.37898,1.37899,1.37898,1.37899,-1.0,-1.0,-1
1.37899,1.37901,1.378985,1.379005,-1.0,-1.0,-1
1.379005,1.379005,1.37899,1.37899,-1.0,-1.0,-1
1.37899,1.378995,1.37899,1.37899,-1.0,-1.0,-1
1.37899,1.37899,1.37898,1.37899,-1.0,-1.0,-1
1.37899,1.37899,1.378985,1.37899,-1.0,-1.0,-1
1.37899,1.37899,1.378965,1.37898,-1.0,-1.0,-1
1.37898,1.37898,1.37898,1.37898,-1.0,-1.0,-1
1.37898,1.37898,1.378965,1.37897,-1.0,-1.0,-1
1.37897,1.37897,1.378965,1.37897,-1.0,-1.0,-1
1.37897,1.37897,1.378965,1.37897,-1.0,-1.0,-1
1.37897,1.37897,1.378965,1.37897,-1.0,-1.0,-1
1.37897,1.37897,1.378935,1.378935,-1.0,-1.0,-1
1.378935,1.37895,1.378935,1.378935,-1.0,-1.0,-1
1.378935,1.37895,1.378935,1.37894,-1.0,-1.0,-1
1.37894,1.378945,1.378935,1.378935,-1.0,-1.0,-1
1.378935,1.37894,1.378935,1.378935,-1.0,-1.0,-1
1.378935,1.37894,1.378935,1.378935,-1.0,-1.0,-1
1.378935,1.37894,1.3789,1.3789,-1.0,-1.0,-1
1.3789,1.3789,1.37889,1.378895,-1.0,-1.0,-1
1.378895,1.378905,1.378895,1.3789,-1.0,-1.0,-1
1.3789,1.378935,1.3789,1.378925,-1.0,-1.0,-1
1.378925,1.378935,1.37892,1.378925,-1.0,-1.0,-1
1.378925,1.378935,1.37892,1.37892,-1.0,-1.0,-1
1.37892,1.378935,1.37892,1.37893,-1.0,-1.0,-1
1.37893,1.37898,1.37892,1.37897,-1.0,-1.0,-1
1.37897,1.378975,1.37896,1.37897,-1.0,-1.0,-1
1.37897,1.37897,1.37893,1.378935,-1.0,-1.0,-1
1.378935,1.378945,1.378935,1.37894,-1.0,-1.0,-1
1.37894,1.378975,1.37894,1.37897,-1.0,-1.0,-1
1.37897,1.379,1.378965,1.37899,-1.0,-1.0,-1
1.37899,1.379,1.37899,1.379,-1.0,-1.0,-1
1.379,1.379,1.379,1.379,-1.0,-1.0,-1
1.379,1.379,1.378985,1.378985,-1.0,-1.0,-1
1.378985,1.37899,1.37898,1.378985,-1.0,-1.0,-1
1.378985,1.378985,1.37898,1.37898,-1.0,-1.0,-1
1.37898,1.37899,1.37898,1.37899,-1.0,-1.0,-1
1.37899,1.37899,1.378985,1.378985,-1.0,-1.0,-1
1.378985,1.378985,1.37898,1.37898,-1.0,-1.0,-1
1.37898,1.37898,1.378965,1.37897,-1.0,-1.0,-1
1.37897,1.37897,1.37893,1.378935,-1.0,-1.0,-1
1.378935,1.37894,1.378935,1.378935,-1.0,-1.0,-1
1.378935,1.37894,1.378935,1.378935,-1.0,-1.0,-1
1.378935,1.37896,1.378935,1.378935,-1.0,-1.0,-1
1.378935,1.37894,1.37892,1.37893,-1.0,-1.0,-1
1.37893,1.378935,1.378925,1.378925,-1.0,-1.0,-1
1.378925,1.37893,1.37892,1.378925,-1.0,-1.0,-1
1.378925,1.378925,1.37892,1.37892,-1.0,-1.0,-1
1.37892,1.378935,1.37892,1.37893,-1.0,-1.0,-1
1.37893,1.37895,1.378925,1.378935,-1.0,-1.0,-1
1.378935,1.37895,1.378935,1.378935,-1.0,-1.0,-1
1.378935,1.378945,1.378935,1.378935,-1.0,-1.0,-1
1.378935,1.37894,1.378935,1.378935,-1.0,-1.0,-1
1.378935,1.37894,1.378935,1.378935,-1.0,-1.0,-1
1.378935,1.37894,1.37892,1.378925,-1.0,-1.0,-1
1.378925,1.378935,1.378925,1.378925,-1.0,-1.0,-1
1.378925,1.378925,1.378925,1.378925,-1.0,-1.0,-1
1.378925,1.378925,1.378915,1.378915,-1.0,-1.0,-1
1.378915,1.37894,1.37891,1.378935,-1.0,-1.0,-1
1.378935,1.37894,1.378935,1.378935,-1.0,-1.0,-1
1.378935,1.37894,1.378925,1.378925,-1.0,-1.0,-1
1.378925,1.378925,1.37892,1.378925,-1.0,-1.0,-1
1.378925,1.378935,1.378925,1.37893,-1.0,-1.0,-1
1.37893,1.378935,1.37893,1.37893,-1.0,-1.0,-1
1.37893,1.378935,1.37889,1.37889,-1.0,-1.0,-1
1.37889,1.378915,1.37887,1.37891,-1.0,-1.0,-1
1.37891,1.378915,1.37891,1.37891,-1.0,-1.0,-1
1.37891,1.378915,1.37891,1.37891,-1.0,-1.0,-1
1.37891,1.378935,1.37891,1.37893,-1.0,-1.0,-1
1.37893,1.37894,1.37893,1.378935,-1.0,-1.0,-1
1.378935,1.37897,1.378935,1.37895,-1.0,-1.0,-1
1.37895,1.37895,1.378935,1.37895,-1.0,-1.0,-1
1.37895,1.37895,1.37895,1.37895,-1.0,-1.0,-1
1.37895,1.378965,1.37895,1.378965,-1.0,-1.0,-1
1.378965,1.378965,1.378955,1.37896,-1.0,-1.0,-1
1.37896,1.378965,1.378955,1.37896,-1.0,-1.0,-1
1.37896,1.378965,1.378955,1.378965,-1.0,-1.0,-1
1.378965,1.378965,1.378955,1.378965,-1.0,-1.0,-1
1.378965,1.378965,1.378935,1.378935,-1.0,-1.0,-1
1.378935,1.378945,1.378935,1.37894,-1.0,-1.0,-1
1.37894,1.378945,1.37894,1.37894,-1.0,-1.0,-1
1.37894,1.378945,1.378935,1.378935,-1.0,-1.0,-1
1.378935,1.37895,1.378935,1.37894,-1.0,-1.0,-1
1.37894,1.37895,1.378935,1.378935,-1.0,-1.0,-1
1.378935,1.378955,1.378935,1.37895,-1.0,-1.0,-1
1.37895,1.378965,1.37895,1.378965,-1.0,-1.0,-1
1.378965,1.37902,1.37896,1.379005,-1.0,-1.0,-1
1.379005,1.379005,1.378995,1.378995,-1.0,-1.0,-1
1.378995,1.378995,1.378995,1.378995,-1.0,-1.0,-1
1.378995,1.379,1.37899,1.37899,-1.0,-1.0,-1
1.37899,1.37899,1.378965,1.37897,-1.0,-1.0,-1
1.37897,1.37897,1.37893,1.378935,-1.0,-1.0,-1
1.378935,1.37894,1.37893,1.37893,-1.0,-1.0,-1
1.37893,1.378935,1.37893,1.37893,-1.0,-1.0,-1
1.37893,1.378935,1.37893,1.37893,-1.0,-1.0,-1
1.37893,1.378935,1.37893,1.37893,-1.0,-1.0,-1
1.37893,1.378935,1.37893,1.37893,-1.0,-1.0,-1
1.37893,1.378935,1.37893,1.37893,-1.0,-1.0,-1
1.37893,1.378955,1.37893,1.378955,-1.0,-1.0,-1
1.378955,1.378955,1.378955,1.378955,-1.0,-1.0,-1
1.378955,1.378955,1.378955,1.378955,-1.0,-1.0,-1
1.378955,1.378955,1.378955,1.378955,-1.0,-1.0,-1
1.378955,1.37896,1.378955,1.37896,-1.0,-1.0,-1
1.37896,1.37896,1.37896,1.37896,-1.0,-1.0,-1
1.37896,1.37896,1.378955,1.378955,-1.0,-1.0,-1
1.378955,1.378955,1.378905,1.378905,-1.0,-1.0,-1
1.378905,1.378915,1.378905,1.378905,-1.0,-1.0,-1
1.378905,1.378905,1.3789,1.378905,-1.0,-1.0,-1
1.378905,1.37891,1.3789,1.3789,-1.0,-1.0,-1
1.3789,1.37891,1.3789,1.378905,-1.0,-1.0,-1
1.378905,1.37891,1.378905,1.378905,-1.0,-1.0,-1
1.378905,1.378905,1.378905,1.378905,-1.0,-1.0,-1
1.378905,1.378905,1.378905,1.378905,-1.0,-1.0,-1
1.378905,1.378905,1.378905,1.378905,-1.0,-1.0,-1
1.378905,1.378915,1.378905,1.378905,-1.0,-1.0,-1
1.378905,1.378905,1.3789,1.3789,-1.0,-1.0,-1
1.3789,1.3789,1.378895,1.378895,-1.0,-1.0,-1
1.378895,1.378895,1.378895,1.378895,-1.0,-1.0,-1
1.378895,1.378895,1.37888,1.378885,-1.0,-1.0,-1
1.378885,1.378885,1.37888,1.378885,-1.0,-1.0,-1
1.378885,1.378885,1.37888,1.378885,-1.0,-1.0,-1
1.378885,1.378885,1.37888,1.378885,-1.0,-1.0,-1
1.378885,1.378885,1.37888,1.378885,-1.0,-1.0,-1
1.378885,1.378885,1.37888,1.378885,-1.0,-1.0,-1
1.378885,1.378895,1.37888,1.378895,-1.0,-1.0,-1
1.378895,1.378895,1.378895,1.378895,-1.0,-1.0,-1
1.378895,1.378895,1.37888,1.378885,-1.0,-1.0,-1
1.378885,1.37889,1.37888,1.37889,-1.0,-1.0,-1
1.37889,1.378915,1.37889,1.37891,-1.0,-1.0,-1
1.37891,1.37892,1.378905,1.378915,-1.0,-1.0,-1
1.378915,1.378925,1.378915,1.378915,-1.0,-1.0,-1
1.378915,1.378925,1.378915,1.37892,-1.0,-1.0,-1
1.37892,1.378925,1.378915,1.37892,-1.0,-1.0,-1
1.37892,1.378925,1.378915,1.378915,-1.0,-1.0,-1
1.378915,1.378925,1.378915,1.37892,-1.0,-1.0,-1
1.37892,1.378925,1.378915,1.378915,-1.0,-1.0,-1
1.378915,1.37893,1.378915,1.378925,-1.0,-1.0,-1
1.378925,1.37893,1.378925,1.378925,-1.0,-1.0,-1
1.378925,1.37893,1.378925,1.378925,-1.0,-1.0,-1
1.378925,1.37893,1.37892,1.37892,-1.0,-1.0,-1
1.37892,1.378925,1.378915,1.378915,-1.0,-1.0,-1
1.378915,1.378925,1.378915,1.378915,-1.0,-1.0,-1
1.378915,1.37892,1.37891,1.37891,-1.0,-1.0,-1
1.37891,1.378915,1.37891,1.37891,-1.0,-1.0,-1
1.37891,1.37892,1.37891,1.37891,-1.0,-1.0,-1
1.37891,1.37892,1.37891,1.378915,-1.0,-1.0,-1
1.378915,1.37892,1.378915,1.378915,-1.0,-1.0,-1
1.378915,1.37892,1.378915,1.378915,-1.0,-1.0,-1
1.378915,1.37892,1.378915,1.378915,-1.0,-1.0,-1
1.378915,1.37892,1.378915,1.378915,-1.0,-1.0,-1
1.378915,1.37894,1.378915,1.378935,-1.0,-1.0,-1
1.378935,1.37895,1.378935,1.37895,-1.0,-1.0,-1
1.37895,1.37895,1.378935,1.37895,-1.0,-1.0,-1
1.37895,1.37895,1.37894,1.37895,-1.0,-1.0,-1
1.37895,1.37895,1.378935,1.378935,-1.0,-1.0,-1
1.378935,1.37894,1.378935,1.378935,-1.0,-1.0,-1
1.378935,1.37894,1.378935,1.378935,-1.0,-1.0,-1
1.378935,1.37895,1.378935,1.37895,-1.0,-1.0,-1
1.37895,1.37895,1.37893,1.378935,-1.0,-1.0,-1
1.378935,1.378945,1.378935,1.378935,-1.0,-1.0,-1
1.378935,1.37894,1.37893,1.378935,-1.0,-1.0,-1
1.378935,1.37894,1.37893,1.378935,-1.0,-1.0,-1
1.378935,1.378955,1.378935,1.37895,-1.0,-1.0,-1
1.37895,1.37895,1.37893,1.37893,-1.0,-1.0,-1
1.37893,1.378935,1.37893,1.37893,-1.0,-1.0,-1
1.37893,1.378935,1.37893,1.37893,-1.0,-1.0,-1
1.37893,1.37895,1.37893,1.37895,-1.0,-1.0,-1
1.37895,1.37895,1.378935,1.37895,-1.0,-1.0,-1
1.37895,1.37895,1.378935,1.378935,-1.0,-1.0,-1
1.378935,1.37895,1.378935,1.378945,-1.0,-1.0,-1
1.378945,1.37896,1.378945,1.37895,-1.0,-1.0,-1
1.37895,1.378965,1.37894,1.37895,-1.0,-1.0,-1
1.37895,1.378965,1.37895,1.37896,-1.0,-1.0,-1
1.37896,1.37896,1.37895,1.37896,-1.0,-1.0,-1
1.37896,1.37896,1.37895,1.37895,-1.0,-1.0,-1
1.37895,1.37895,1.37893,1.37893,-1.0,-1.0,-1
1.37893,1.37894,1.37893,1.378935,-1.0,-1.0,-1
1.378935,1.37896,1.378935,1.37894,-1.0,-1.0,-1
1.37894,1.37896,1.37894,1.37896,-1.0,-1.0,-1
1.37896,1.37896,1.37895,1.37895,-1.0,-1.0,-1
1.37895,1.37896,1.37894,1.37894,-1.0,-1.0,-1
1.37894,1.37896,1.37894,1.37896,-1.0,-1.0,-1
1.37896,1.37899,1.378955,1.37899,-1.0,-1.0,-1
1.37899,1.37899,1.378985,1.37899,-1.0,-1.0,-1
1.37899,1.37899,1.378985,1.37899,-1.0,-1.0,-1
1.37899,1.37899,1.37898,1.378985,-1.0,-1.0,-1
1.378985,1.378985,1.37898,1.37898,-1.0,-1.0,-1
1.37898,1.37898,1.37898,1.37898,-1.0,-1.0,-1
1.37898,1.37899,1.37898,1.37899,-1.0,-1.0,-1
1.37899,1.37899,1.37899,1.37899,-1.0,-1.0,-1
1.37899,1.37899,1.37899,1.37899,-1.0,-1.0,-1
1.37899,1.37899,1.378985,1.378985,-1.0,-1.0,-1
1.378985,1.37899,1.378985,1.378985,-1.0,-1.0,-1
1.378985,1.37901,1.378985,1.379005,-1.0,-1.0,-1
1.379005,1.37901,1.378995,1.378995,-1.0,-1.0,-1
1.378995,1.379005,1.378995,1.379,-1.0,-1.0,-1
1.379,1.37901,1.379,1.379005,-1.0,-1.0,-1
1.379005,1.37901,1.379,1.379,-1.0,-1.0,-1
1.379,1.37901,1.379,1.379,-1.0,-1.0,-1
1.379,1.37901,1.379,1.379005,-1.0,-1.0,-1
1.379005,1.37901,1.379005,1.379005,-1.0,-1.0,-1
1.379005,1.37901,1.379005,1.379005,-1.0,-1.0,-1
1.379005,1.37901,1.379005,1.379005,-1.0,-1.0,-1
1.379005,1.37901,1.379005,1.379005,-1.0,-1.0,-1
1.379005,1.37901,1.379,1.379,-1.0,-1.0,-1
1.379,1.379005,1.379,1.379,-1.0,-1.0,-1
1.379,1.379005,1.378995,1.378995,-1.0,-1.0,-1
1.378995,1.378995,1.378995,1.378995,-1.0,-1.0,-1
1.378995,1.378995,1.378995,1.378995,-1.0,-1.0,-1
1.378995,1.378995,1.378965,1.378995,-1.0,-1.0,-1
1.378995,1.378995,1.378995,1.378995,-1.0,-1.0,-1
1.378995,1.378995,1.378995,1.378995,-1.0,-1.0,-1
1.378995,1.378995,1.378995,1.378995,-1.0,-1.0,-1
1.378995,1.378995,1.378995,1.378995,-1.0,-1.0,-1
1.378995,1.378995,1.378955,1.378995,-1.0,-1.0,-1
1.378995,1.379005,1.378995,1.379,-1.0,-1.0,-1
1.379,1.379005,1.378995,1.379,-1.0,-1.0,-1
1.379,1.379005,1.379,1.379,-1.0,-1.0,-1
1.379,1.379005,1.379,1.379,-1.0,-1.0,-1
1.379,1.379005,1.378995,1.378995,-1.0,-1.0,-1
1.378995,1.378995,1.378995,1.378995,-1.0,-1.0,-1
1.378995,1.378995,1.378995,1.378995,-1.0,-1.0,-1
1.378995,1.378995,1.37897,1.378975,-1.0,-1.0,-1
1.378975,1.378975,1.37897,1.378975,-1.0,-1.0,-1
1.378975,1.378995,1.37897,1.378995,-1.0,-1.0,-1
1.378995,1.378995,1.378995,1.378995,-1.0,-1.0,-1
1.378995,1.378995,1.378995,1.378995,-1.0,-1.0,-1
1.378995,1.37901,1.378995,1.379005,-1.0,-1.0,-1
1.379005,1.379015,1.379005,1.37901,-1.0,-1.0,-1
1.37901,1.379015,1.379005,1.37901,-1.0,-1.0,-1
1.37901,1.379015,1.379005,1.379005,-1.0,-1.0,-1
1.379005,1.37901,1.379,1.379005,-1.0,-1.0,-1
1.379005,1.37901,1.379005,1.379005,-1.0,-1.0,-1
1.379005,1.37901,1.379,1.379005,-1.0,-1.0,-1
1.379005,1.37901,1.379,1.379,-1.0,-1.0,-1
1.379,1.37901,1.379,1.379005,-1.0,-1.0,-1
1.379005,1.37901,1.378995,1.378995,-1.0,-1.0,-1
1.378995,1.378995,1.378995,1.378995,-1.0,-1.0,-1
1.378995,1.378995,1.378995,1.378995,-1.0,-1.0,-1
1.378995,1.379005,1.378995,1.379,-1.0,-1.0,-1
1.379,1.37901,1.379,1.379005,-1.0,-1.0,-1
1.379005,1.379015,1.379005,1.37901,-1.0,-1.0,-1
1.37901,1.379015,1.379005,1.379005,-1.0,-1.0,-1
1.379005,1.379015,1.379005,1.37901,-1.0,-1.0,-1
1.37901,1.379015,1.37901,1.37901,-1.0,-1.0,-1
1.37901,1.379015,1.379005,1.379005,-1.0,-1.0,-1
1.379005,1.379015,1.379005,1.379005,-1.0,-1.0,-1
1.379005,1.37901,1.379,1.379005,-1.0,-1.0,-1
1.379005,1.37901,1.379005,1.379005,-1.0,-1.0,-1
1.379005,1.37901,1.379005,1.379005,-1.0,-1.0,-1
1.379005,1.37901,1.379005,1.379005,-1.0,-1.0,-1
1.379005,1.37901,1.379005,1.379005,-1.0,-1.0,-1
1.379005,1.37901,1.379005,1.379005,-1.0,-1.0,-1
1.379005,1.37901,1.379005,1.379005,-1.0,-1.0,-1
1.379005,1.37901,1.379005,1.379005,-1.0,-1.0,-1
1.379005,1.37901,1.379005,1.379005,-1.0,-1.0,-1
1.379005,1.379015,1.379005,1.37901,-1.0,-1.0,-1
1.37901,1.379015,1.37901,1.37901,-1.0,-1.0,-1
1.37901,1.379015,1.37901,1.37901,-1.0,-1.0,-1
1.37901,1.379015,1.37901,1.37901,-1.0,-1.0,-1
1.37901,1.37904,1.37901,1.37904,-1.0,-1.0,-1
1.37904,1.379065,1.37903,1.37903,-1.0,-1.0,-1
1.37903,1.379035,1.37903,1.379035,-1.0,-1.0,-1
1.379035,1.379035,1.379015,1.379025,-1.0,-1.0,-1
1.379025,1.37907,1.379025,1.37906,-1.0,-1.0,-1
1.37906,1.37907,1.37906,1.37907,-1.0,-1.0,-1
1.37907,1.37907,1.37907,1.37907,-1.0,-1.0,-1
1.37907,1.37909,1.37907,1.37908,-1.0,-1.0,-1
1.37908,1.37908,1.379075,1.379075,-1.0,-1.0,-1
1.379075,1.379075,1.379075,1.379075,-1.0,-1.0,-1
1.379075,1.37908,1.379075,1.37908,-1.0,-1.0,-1
1.37908,1.37908,1.379075,1.379075,-1.0,-1.0,-1
1.379075,1.379095,1.379075,1.379095,-1.0,-1.0,-1
1.379095,1.379095,1.379085,1.379085,-1.0,-1.0,-1
1.379085,1.37909,1.379085,1.379085,-1.0,-1.0,-1
1.379085,1.37909,1.379085,1.37909,-1.0,-1.0,-1
1.37909,1.379105,1.379085,1.37909,-1.0,-1.0,-1
1.37909,1.37909,1.37909,1.37909,-1.0,-1.0,-1
1.37909,1.37909,1.379085,1.379085,-1.0,-1.0,-1
1.379085,1.379085,1.379085,1.379085,-1.0,-1.0,-1
1.379085,1.379115,1.379085,1.379115,-1.0,-1.0,-1
1.379115,1.37912,1.37909,1.379095,-1.0,-1.0,-1
1.379095,1.379095,1.379085,1.379085,-1.0,-1.0,-1
1.379085,1.37909,1.379085,1.379085,-1.0,-1.0,-1
1.379085,1.379085,1.37908,1.37908,-1.0,-1.0,-1
1.37908,1.37909,1.37908,1.379085,-1.0,-1.0,-1
1.379085,1.379095,1.379085,1.37909,-1.0,-1.0,-1
1.37909,1.37909,1.379085,1.37909,-1.0,-1.0,-1
1.37909,1.37911,1.379085,1.379105,-1.0,-1.0,-1
1.379105,1.37912,1.3791,1.379105,-1.0,-1.0,-1
1.379105,1.37911,1.3791,1.3791,-1.0,-1.0,-1
1.3791,1.37912,1.3791,1.37912,-1.0,-1.0,-1
1.37912,1.37912,1.379095,1.379095,-1.0,-1.0,-1
1.379095,1.379095,1.379095,1.379095,-1.0,-1.0,-1
1.379095,1.37911,1.379095,1.379105,-1.0,-1.0,-1
1.379105,1.37911,1.379095,1.3791,-1.0,-1.0,-1
1.3791,1.37911,1.3791,1.379105,-1.0,-1.0,-1
1.379105,1.37911,1.37909,1.379095,-1.0,-1.0,-1
1.379095,1.379095,1.379095,1.379095,-1.0,-1.0,-1
1.379095,1.3791,1.37909,1.37909,-1.0,-1.0,-1
1.37909,1.379095,1.37909,1.379095,-1.0,-1.0,-1
1.379095,1.379095,1.379095,1.379095,-1.0,-1.0,-1
1.379095,1.37911,1.379095,1.379105,-1.0,-1.0,-1
1.379105,1.37911,1.3791,1.379105,-1.0,-1.0,-1
1.379105,1.37911,1.379105,1.379105,-1.0,-1.0,-1
1.379105,1.37912,1.379105,1.37912,-1.0,-1.0,-1
1.37912,1.37912,1.37909,1.379095,-1.0,-1.0,-1
1.379095,1.379105,1.379095,1.379095,-1.0,-1.0,-1
1.379095,1.379095,1.37909,1.37909,-1.0,-1.0,-1
1.37909,1.37909,1.37909,1.37909,-1.0,-1.0,-1
1.37909,1.37909,1.37909,1.37909,-1.0,-1.0,-1
1.37909,1.37909,1.37908,1.37908,-1.0,-1.0,-1
1.37908,1.379085,1.37908,1.37908,-1.0,-1.0,-1
1.37908,1.37908,1.37908,1.37908,-1.0,-1.0,-1
1.37908,1.379095,1.37908,1.37909,-1.0,-1.0,-1
1.37909,1.37909,1.37909,1.37909,-1.0,-1.0,-1
1.37909,1.37909,1.379085,1.379085,-1.0,-1.0,-1
1.379085,1.379095,1.379085,1.379095,-1.0,-1.0,-1
1.379095,1.379095,1.37909,1.37909,-1.0,-1.0,-1
1.37909,1.37911,1.379085,1.3791,-1.0,-1.0,-1
1.3791,1.379105,1.379095,1.3791,-1.0,-1.0,-1
1.3791,1.37911,1.3791,1.379105,-1.0,-1.0,-1
1.379105,1.37911,1.3791,1.379105,-1.0,-1.0,-1
1.379105,1.37911,1.3791,1.379105,-1.0,-1.0,-1
1.379105,1.37911,1.379105,1.379105,-1.0,-1.0,-1
1.379105,1.37911,1.3791,1.379105,-1.0,-1.0,-1
1.379105,1.37911,1.3791,1.3791,-1.0,-1.0,-1
1.3791,1.37911,1.3791,1.379105,-1.0,-1.0,-1
1.379105,1.37911,1.379105,1.379105,-1.0,-1.0,-1
1.379105,1.37911,1.379105,1.379105,-1.0,-1.0,-1
1.379105,1.37911,1.379085,1.379085,-1.0,-1.0,-1
1.379085,1.379095,1.37908,1.379095,-1.0,-1.0,-1
1.379095,1.379095,1.379095,1.379095,-1.0,-1.0,-1
1.379095,1.379095,1.379095,1.379095,-1.0,-1.0,-1
1.379095,1.379095,1.379095,1.379095,-1.0,-1.0,-1
1.379095,1.379095,1.379095,1.379095,-1.0,-1.0,-1
1.379095,1.379095,1.37909,1.379095,-1.0,-1.0,-1
1.379095,1.379095,1.379095,1.379095,-1.0,-1.0,-1
1.379095,1.379095,1.379095,1.379095,-1.0,-1.0,-1
1.379095,1.379105,1.37909,1.379095,-1.0,-1.0,-1
1.379095,1.379095,1.379085,1.379085,-1.0,-1.0,-1
1.379085,1.379085,1.379085,1.379085,-1.0,-1.0,-1
1.379085,1.379095,1.379085,1.379095,-1.0,-1.0,-1
1.379095,1.3791,1.379095,1.3791,-1.0,-1.0,-1
1.3791,1.3791,1.37909,1.379095,-1.0,-1.0,-1
1.379095,1.379095,1.37909,1.37909,-1.0,-1.0,-1
1.37909,1.37909,1.37909,1.37909,-1.0,-1.0,-1
1.37909,1.379095,1.37909,1.379095,-1.0,-1.0,-1
1.379095,1.37912,1.379095,1.37912,-1.0,-1.0,-1
1.37912,1.379205,1.37912,1.37914,-1.0,-1.0,-1
1.37914,1.37915,1.37913,1.37913,-1.0,-1.0,-1
1.37913,1.37913,1.37912,1.37913,-1.0,-1.0,-1
1.37913,1.37914,1.37913,1.37913,-1.0,-1.0,-1
1.37913,1.37914,1.37913,1.379135,-1.0,-1.0,-1
1.379135,1.37914,1.37913,1.37913,-1.0,-1.0,-1
1.37913,1.37913,1.37912,1.37912,-1.0,-1.0,-1
1.37912,1.37913,1.37907,1.3791,-1.0,-1.0,-1
1.3791,1.379115,1.3791,1.3791,-1.0,-1.0,-1
1.3791,1.3791,1.3791,1.3791,-1.0,-1.0,-1
1.3791,1.37911,1.3791,1.379105,-1.0,-1.0,-1
1.379105,1.379125,1.379105,1.379125,-1.0,-1.0,-1
1.379125,1.379155,1.37912,1.379155,-1.0,-1.0,-1
1.379155,1.379155,1.379155,1.379155,-1.0,-1.0,-1
1.379155,1.379155,1.379135,1.37914,-1.0,-1.0,-1
1.37914,1.37915,1.379135,1.37915,-1.0,-1.0,-1
1.37915,1.37915,1.379135,1.37914,-1.0,-1.0,-1
1.37914,1.379145,1.379135,1.37914,-1.0,-1.0,-1
1.37914,1.37914,1.379135,1.37914,-1.0,-1.0,-1
1.37914,1.37914,1.3791,1.37911,-1.0,-1.0,-1
1.37911,1.37912,1.37911,1.37912,-1.0,-1.0,-1
1.37912,1.37912,1.37911,1.379115,-1.0,-1.0,-1
1.379115,1.37914,1.379115,1.37914,-1.0,-1.0,-1
1.37914,1.37916,1.379135,1.37916,-1.0,-1.0,-1
1.37916,1.37916,1.37914,1.37916,-1.0,-1.0,-1
1.37916,1.37916,1.37916,1.37916,-1.0,-1.0,-1
1.37916,1.379185,1.37916,1.37918,-1.0,-1.0,-1
1.37918,1.37918,1.37918,1.37918,-1.0,-1.0,-1
1.37918,1.379185,1.37918,1.37918,-1.0,-1.0,-1
1.37918,1.37919,1.379175,1.37918,-1.0,-1.0,-1
1.37918,1.37918,1.379125,1.379145,-1.0,-1.0,-1
1.379145,1.379145,1.37913,1.379135,-1.0,-1.0,-1
1.379135,1.379135,1.37913,1.379135,-1.0,-1.0,-1
1.379135,1.379135,1.37913,1.37913,-1.0,-1.0,-1
1.37913,1.37913,1.37913,1.37913,-1.0,-1.0,-1
1.37913,1.37916,1.37913,1.37916,-1.0,-1.0,-1
1.37916,1.37916,1.37916,1.37916,-1.0,-1.0,-1
1.37916,1.37917,1.37916,1.37917,-1.0,-1.0,-1
1.37917,1.37917,1.379155,1.37916,-1.0,-1.0,-1
1.37916,1.37919,1.37915,1.37919,-1.0,-1.0,-1
1.37919,1.37923,1.37919,1.37923,-1.0,-1.0,-1
1.37923,1.37923,1.379225,1.37923,-1.0,-1.0,-1
1.37923,1.37923,1.379195,1.379195,-1.0,-1.0,-1
1.379195,1.379205,1.37919,1.379205,-1.0,-1.0,-1
1.379205,1.379205,1.3792,1.3792,-1.0,-1.0,-1
1.3792,1.379205,1.37919,1.379205,-1.0,-1.0,-1
1.379205,1.379205,1.3792,1.3792,-1.0,-1.0,-1
1.3792,1.379235,1.3792,1.379235,-1.0,-1.0,-1
1.379235,1.379235,1.37923,1.379235,-1.0,-1.0,-1
1.379235,1.37926,1.37923,1.37926,-1.0,-1.0,-1
1.37926,1.37926,1.37923,1.379245,-1.0,-1.0,-1
1.379245,1.379255,1.379245,1.379255,-1.0,-1.0,-1
1.379255,1.379255,1.379245,1.379245,-1.0,-1.0,-1
1.379245,1.379245,1.37923,1.37923,-1.0,-1.0,-1
1.37923,1.37923,1.379225,1.379225,-1.0,-1.0,-1
1.379225,1.379225,1.379225,1.379225,-1.0,-1.0,-1
1.379225,1.379225,1.379225,1.379225,-1.0,-1.0,-1
1.379225,1.37927,1.379225,1.37927,-1.0,-1.0,-1
1.37927,1.37927,1.37926,1.37926,-1.0,-1.0,-1
1.37926,1.379265,1.37926,1.379265,-1.0,-1.0,-1
1.379265,1.379265,1.37926,1.37926,-1.0,-1.0,-1
1.37926,1.37926,1.3792,1.379205,-1.0,-1.0,-1
1.379205,1.379205,1.37919,1.37919,-1.0,-1.0,-1
1.37919,1.37919,1.37917,1.379175,-1.0,-1.0,-1
1.379175,1.379175,1.379175,1.379175,-1.0,-1.0,-1
1.379175,1.379175,1.37917,1.37917,-1.0,-1.0,-1
1.37917,1.379185,1.37917,1.37918,-1.0,-1.0,-1
1.37918,1.37918,1.37918,1.37918,-1.0,-1.0,-1
1.37918,1.37918,1.37918,1.37918,-1.0,-1.0,-1
1.37918,1.37918,1.37918,1.37918,-1.0,-1.0,-1
1.37918,1.37918,1.379165,1.37917,-1.0,-1.0,-1
1.37917,1.37917,1.379165,1.379165,-1.0,-1.0,-1
1.379165,1.379165,1.379165,1.379165,-1.0,-1.0,-1
1.379165,1.379175,1.379165,1.379175,-1.0,-1.0,-1
1.379175,1.37918,1.379175,1.379175,-1.0,-1.0,-1
1.379175,1.379185,1.379175,1.37918,-1.0,-1.0,-1
1.37918,1.37918,1.379175,1.37918,-1.0,-1.0,-1
1.37918,1.379185,1.37918,1.379185,-1.0,-1.0,-1
1.379185,1.379185,1.37918,1.37918,-1.0,-1.0,-1
1.37918,1.379185,1.37918,1.37918,-1.0,-1.0,-1
1.37918,1.37918,1.379175,1.37918,-1.0,-1.0,-1
1.37918,1.37918,1.37918,1.37918,-1.0,-1.0,-1
1.37918,1.37918,1.37918,1.37918,-1.0,-1.0,-1
1.37918,1.379185,1.379175,1.37918,-1.0,-1.0,-1
1.37918,1.37918,1.379175,1.379175,-1.0,-1.0,-1
1.379175,1.379175,1.379175,1.379175,-1.0,-1.0,-1
1.379175,1.37918,1.379175,1.37918,-1.0,-1.0,-1
1.37918,1.37918,1.37918,1.37918,-1.0,-1.0,-1
1.37918,1.37918,1.37918,1.37918,-1.0,-1.0,-1
1.37918,1.37919,1.37918,1.379185,-1.0,-1.0,-1
1.379185,1.37919,1.379175,1.379175,-1.0,-1.0,-1
1.379175,1.379175,1.379175,1.379175,-1.0,-1.0,-1
1.379175,1.379175,1.37916,1.379165,-1.0,-1.0,-1
1.379165,1.379165,1.379165,1.379165,-1.0,-1.0,-1
1.379165,1.379165,1.379115,1.379125,-1.0,-1.0,-1
1.379125,1.379125,1.379115,1.379125,-1.0,-1.0,-1
1.379125,1.379135,1.379125,1.379135,-1.0,-1.0,-1
1.379135,1.379135,1.379115,1.379115,-1.0,-1.0,-1
1.379115,1.379125,1.379115,1.379125,-1.0,-1.0,-1
1.379125,1.379125,1.379105,1.379115,-1.0,-1.0,-1
1.379115,1.379115,1.37908,1.37908,-1.0,-1.0,-1
1.37908,1.37909,1.379075,1.379085,-1.0,-1.0,-1
1.379085,1.379085,1.37908,1.379085,-1.0,-1.0,-1
1.379085,1.379085,1.37904,1.379065,-1.0,-1.0,-1
1.379065,1.37907,1.37904,1.379045,-1.0,-1.0,-1
1.379045,1.379045,1.37902,1.379025,-1.0,-1.0,-1
1.379025,1.379035,1.37902,1.37903,-1.0,-1.0,-1
1.37903,1.37903,1.37903,1.37903,-1.0,-1.0,-1
1.37903,1.379035,1.37903,1.379035,-1.0,-1.0,-1
1.379035,1.379035,1.37902,1.37902,-1.0,-1.0,-1
1.37902,1.379035,1.37901,1.37901,-1.0,-1.0,-1
1.37901,1.37903,1.37901,1.379015,-1.0,-1.0,-1
1.379015,1.37905,1.379015,1.379045,-1.0,-1.0,-1
1.379045,1.379045,1.379035,1.379045,-1.0,-1.0,-1
1.379045,1.379045,1.379035,1.379035,-1.0,-1.0,-1
1.379035,1.379035,1.379035,1.379035,-1.0,-1.0,-1
1.379035,1.379035,1.379035,1.379035,-1.0,-1.0,-1
1.379035,1.37904,1.379035,1.379035,-1.0,-1.0,-1
1.379035,1.37905,1.37903,1.379045,-1.0,-1.0,-1
1.379045,1.379045,1.379045,1.379045,-1.0,-1.0,-1
1.379045,1.379045,1.379035,1.379035,-1.0,-1.0,-1
1.379035,1.379055,1.379035,1.379035,-1.0,-1.0,-1
1.379035,1.37904,1.379035,1.379035,-1.0,-1.0,-1
1.379035,1.379035,1.379035,1.379035,-1.0,-1.0,-1
1.379035,1.379035,1.379035,1.379035,-1.0,-1.0,-1
1.379035,1.379045,1.37903,1.37904,-1.0,-1.0,-1
1.37904,1.37904,1.379035,1.379035,-1.0,-1.0,-1
1.379035,1.37904,1.379035,1.37904,-1.0,-1.0,-1
1.37904,1.37904,1.379035,1.379035,-1.0,-1.0,-1
1.379035,1.379045,1.379035,1.37904,-1.0,-1.0,-1
1.37904,1.379045,1.379035,1.379035,-1.0,-1.0,-1
1.379035,1.37904,1.379035,1.37904,-1.0,-1.0,-1
1.37904,1.37904,1.379035,1.379035,-1.0,-1.0,-1
1.379035,1.379035,1.379035,1.379035,-1.0,-1.0,-1
1.379035,1.379035,1.379035,1.379035,-1.0,-1.0,-1
1.379035,1.37904,1.379035,1.37904,-1.0,-1.0,-1
1.37904,1.37904,1.379035,1.379035,-1.0,-1.0,-1
1.379035,1.379035,1.37902,1.37903,-1.0,-1.0,-1
1.37903,1.379035,1.37903,1.379035,-1.0,-1.0,-1
1.379035,1.379035,1.379035,1.379035,-1.0,-1.0,-1
1.379035,1.37905,1.379035,1.379045,-1.0,-1.0,-1
1.379045,1.379045,1.379045,1.379045,-1.0,-1.0,-1
1.379045,1.379045,1.379035,1.37904,-1.0,-1.0,-1
1.37904,1.37906,1.37904,1.37906,-1.0,-1.0,-1
1.37906,1.37906,1.37904,1.37904,-1.0,-1.0,-1
1.37904,1.379065,1.37904,1.379065,-1.0,-1.0,-1
1.379065,1.37908,1.379065,1.379075,-1.0,-1.0,-1
1.379075,1.379075,1.379075,1.379075,-1.0,-1.0,-1
1.379075,1.379075,1.379075,1.379075,-1.0,-1.0,-1
1.379075,1.379075,1.379065,1.379065,-1.0,-1.0,-1
1.379065,1.379085,1.379065,1.379085,-1.0,-1.0,-1
1.379085,1.379085,1.379075,1.37908,-1.0,-1.0,-1
1.37908,1.379085,1.379075,1.379075,-1.0,-1.0,-1
1.379075,1.379075,1.379075,1.379075,-1.0,-1.0,-1
1.379075,1.379075,1.379075,1.379075,-1.0,-1.0,-1
1.379075,1.379085,1.379075,1.379085,-1.0,-1.0,-1
1.379085,1.37909,1.379085,1.37909,-1.0,-1.0,-1
1.37909,1.37909,1.379085,1.379085,-1.0,-1.0,-1
1.379085,1.379085,1.379085,1.379085,-1.0,-1.0,-1
1.379085,1.379085,1.37908,1.379085,-1.0,-1.0,-1
1.379085,1.379085,1.37908,1.37908,-1.0,-1.0,-1
1.37908,1.37908,1.37908,1.37908,-1.0,-1.0,-1
1.37908,1.37908,1.379075,1.379075,-1.0,-1.0,-1
1.379075,1.379075,1.379075,1.379075,-1.0,-1.0,-1
1.379075,1.37908,1.379075,1.37908,-1.0,-1.0,-1
1.37908,1.379085,1.37908,1.379085,-1.0,-1.0,-1
1.379085,1.379085,1.37908,1.37908,-1.0,-1.0,-1
1.37908,1.37908,1.37908,1.37908,-1.0,-1.0,-1
1.37908,1.379085,1.37908,1.37908,-1.0,-1.0,-1
1.37908,1.379085,1.379075,1.379085,-1.0,-1.0,-1
1.379085,1.379085,1.37908,1.37908,-1.0,-1.0,-1
1.37908,1.379085,1.37908,1.379085,-1.0,-1.0,-1
1.379085,1.379085,1.37908,1.379085,-1.0,-1.0,-1
1.379085,1.379085,1.37908,1.379085,-1.0,-1.0,-1
1.379085,1.379085,1.37908,1.37908,-1.0,-1.0,-1
1.37908,1.37908,1.37907,1.37907,-1.0,-1.0,-1
1.37907,1.37907,1.37907,1.37907,-1.0,-1.0,-1
1.37907,1.37907,1.37907,1.37907,-1.0,-1.0,-1
1.37907,1.37907,1.37907,1.37907,-1.0,-1.0,-1
1.37907,1.37908,1.37907,1.37908,-1.0,-1.0,-1
1.37908,1.37908,1.37908,1.37908,-1.0,-1.0,-1
1.37908,1.37908,1.37908,1.37908,-1.0,-1.0,-1
1.37908,1.37908,1.379015,1.379015,-1.0,-1.0,-1
1.379015,1.379025,1.379015,1.37902,-1.0,-1.0,-1
1.37902,1.37903,1.37902,1.379025,-1.0,-1.0,-1
1.379025,1.37903,1.37902,1.37902,-1.0,-1.0,-1
1.37902,1.379025,1.37902,1.37902,-1.0,-1.0,-1
1.37902,1.379025,1.37898,1.378985,-1.0,-1.0,-1
1.378985,1.378985,1.37898,1.37898,-1.0,-1.0,-1
1.37898,1.37898,1.37898,1.37898,-1.0,-1.0,-1
1.37898,1.378985,1.37898,1.37898,-1.0,-1.0,-1
1.37898,1.37899,1.37898,1.378985,-1.0,-1.0,-1
1.378985,1.378985,1.37898,1.37898,-1.0,-1.0,-1
1.37898,1.37898,1.37898,1.37898,-1.0,-1.0,-1
1.37898,1.378985,1.37898,1.378985,-1.0,-1.0,-1
1.378985,1.378985,1.378985,1.378985,-1.0,-1.0,-1
1.378985,1.37899,1.378985,1.378985,-1.0,-1.0,-1
1.378985,1.378985,1.37898,1.37898,-1.0,-1.0,-1
1.37898,1.37898,1.37898,1.37898,-1.0,-1.0,-1
1.37898,1.378985,1.37898,1.378985,-1.0,-1.0,-1
1.378985,1.378985,1.37898,1.378985,-1.0,-1.0,-1
1.378985,1.378985,1.37898,1.37898,-1.0,-1.0,-1
1.37898,1.378985,1.37898,1.37898,-1.0,-1.0,-1
1.37898,1.37899,1.37898,1.37899,-1.0,-1.0,-1
1.37899,1.378995,1.37899,1.37899,-1.0,-1.0,-1
1.37899,1.37899,1.37899,1.37899,-1.0,-1.0,-1
1.37899,1.37899,1.37897,1.378975,-1.0,-1.0,-1
1.378975,1.37898,1.37897,1.37898,-1.0,-1.0,-1
1.37898,1.37898,1.37898,1.37898,-1.0,-1.0,-1
1.37898,1.37898,1.37898,1.37898,-1.0,-1.0,-1
1.37898,1.37899,1.37898,1.37899,-1.0,-1.0,-1
1.37899,1.379,1.37899,1.379,-1.0,-1.0,-1
1.379,1.379025,1.379,1.37902,-1.0,-1.0,-1
1.37902,1.379025,1.379015,1.379015,-1.0,-1.0,-1
1.379015,1.37902,1.379005,1.379005,-1.0,-1.0,-1
1.379005,1.379025,1.379005,1.37902,-1.0,-1.0,-1
1.37902,1.379025,1.379005,1.37901,-1.0,-1.0,-1
1.37901,1.379015,1.37901,1.379015,-1.0,-1.0,-1
1.379015,1.379015,1.37899,1.37899,-1.0,-1.0,-1
1.37899,1.37899,1.378985,1.378985,-1.0,-1.0,-1
1.378985,1.378985,1.37898,1.37898,-1.0,-1.0,-1
1.37898,1.378985,1.37898,1.378985,-1.0,-1.0,-1
1.378985,1.37899,1.378985,1.37899,-1.0,-1.0,-1
1.37899,1.37899,1.37898,1.37898,-1.0,-1.0,-1
1.37898,1.37898,1.37898,1.37898,-1.0,-1.0,-1
1.37898,1.37898,1.37898,1.37898,-1.0,-1.0,-1
1.37898,1.37898,1.37898,1.37898,-1.0,-1.0,-1
1.37898,1.37898,1.37898,1.37898,-1.0,-1.0,-1
1.37898,1.37898,1.37898,1.37898,-1.0,-1.0,-1
1.37898,1.37898,1.37898,1.37898,-1.0,-1.0,-1
1.37898,1.378985,1.37898,1.378985,-1.0,-1.0,-1
1.378985,1.378985,1.37897,1.37898,-1.0,-1.0,-1
1.37898,1.37898,1.378915,1.378915,-1.0,-1.0,-1
1.378915,1.37892,1.378875,1.37888,-1.0,-1.0,-1
1.37888,1.378885,1.378875,1.378885,-1.0,-1.0,-1
1.378885,1.37889,1.37888,1.378885,-1.0,-1.0,-1
1.378885,1.378885,1.37888,1.378885,-1.0,-1.0,-1
1.378885,1.378885,1.37888,1.378885,-1.0,-1.0,-1
1.378885,1.37889,1.37888,1.37889,-1.0,-1.0,-1
1.37889,1.37889,1.37888,1.378885,-1.0,-1.0,-1
1.378885,1.378885,1.37888,1.378885,-1.0,-1.0,-1
1.378885,1.37889,1.37888,1.378885,-1.0,-1.0,-1
1.378885,1.37889,1.37888,1.378885,-1.0,-1.0,-1
1.378885,1.378885,1.37888,1.378885,-1.0,-1.0,-1
1.378885,1.378885,1.37888,1.378885,-1.0,-1.0,-1
1.378885,1.378885,1.37888,1.378885,-1.0,-1.0,-1
1.378885,1.378885,1.37888,1.378885,-1.0,-1.0,-1
1.378885,1.378885,1.37888,1.378885,-1.0,-1.0,-1
1.378885,1.378885,1.37888,1.378885,-1.0,-1.0,-1
1.378885,1.378885,1.37888,1.378885,-1.0,-1.0,-1
1.378885,1.378885,1.37888,1.378885,-1.0,-1.0,-1
1.378885,1.378885,1.37888,1.378885,-1.0,-1.0,-1
1.378885,1.378885,1.37884,1.37887,-1.0,-1.0,-1
1.37887,1.378885,1.37886,1.37887,-1.0,-1.0,-1
1.37887,1.37888,1.378865,1.37888,-1.0,-1.0,-1
1.37888,1.37888,1.37887,1.37887,-1.0,-1.0,-1
1.37887,1.37887,1.37884,1.37885,-1.0,-1.0,-1
1.37885,1.378855,1.378835,1.37884,-1.0,-1.0,-1
1.37884,1.37885,1.37884,1.37884,-1.0,-1.0,-1
1.37884,1.378885,1.37884,1.378885,-1.0,-1.0,-1
1.378885,1.378885,1.37888,1.378885,-1.0,-1.0,-1
1.378885,1.378885,1.378875,1.378875,-1.0,-1.0,-1
1.378875,1.378885,1.378875,1.378885,-1.0,-1.0,-1
1.378885,1.378885,1.37888,1.378885,-1.0,-1.0,-1
1.378885,1.378885,1.37888,1.378885,-1.0,-1.0,-1
1.378885,1.378885,1.378875,1.378885,-1.0,-1.0,-1
1.378885,1.378885,1.378875,1.37888,-1.0,-1.0,-1
1.37888,1.378885,1.37887,1.37888,-1.0,-1.0,-1
1.37888,1.37888,1.37887,1.37887,-1.0,-1.0,-1
1.37887,1.37887,1.37887,1.37887,-1.0,-1.0,-1
1.37887,1.37887,1.37887,1.37887,-1.0,-1.0,-1
1.37887,1.37887,1.37887,1.37887,-1.0,-1.0,-1
1.37887,1.378885,1.37887,1.378885,-1.0,-1.0,-1
1.378885,1.37889,1.378875,1.37889,-1.0,-1.0,-1
1.37889,1.378895,1.37888,1.378885,-1.0,-1.0,-1
1.378885,1.378885,1.378875,1.37888,-1.0,-1.0,-1
1.37888,1.378885,1.378875,1.378885,-1.0,-1.0,-1
1.378885,1.378885,1.37888,1.378885,-1.0,-1.0,-1
1.378885,1.378885,1.37888,1.378885,-1.0,-1.0,-1
1.378885,1.378885,1.37888,1.378885,-1.0,-1.0,-1
1.378885,1.37889,1.37888,1.378885,-1.0,-1.0,-1
1.378885,1.378885,1.37888,1.378885,-1.0,-1.0,-1
1.378885,1.37889,1.37888,1.378885,-1.0,-1.0,-1
1.378885,1.37889,1.37888,1.378885,-1.0,-1.0,-1
1.378885,1.37889,1.37888,1.378885,-1.0,-1.0,-1
1.378885,1.37889,1.378875,1.378885,-1.0,-1.0,-1
1.378885,1.37889,1.37888,1.378885,-1.0,-1.0,-1
1.378885,1.378885,1.37888,1.378885,-1.0,-1.0,-1
1.378885,1.378885,1.378875,1.37888,-1.0,-1.0,-1
1.37888,1.37888,1.37887,1.37888,-1.0,-1.0,-1
1.37888,1.37888,1.378835,1.37884,-1.0,-1.0,-1
1.37884,1.37884,1.37883,1.37883,-1.0,-1.0,-1
1.37883,1.37883,1.37882,1.378825,-1.0,-1.0,-1
1.378825,1.37883,1.378815,1.37882,-1.0,-1.0,-1
1.37882,1.37883,1.37882,1.37883,-1.0,-1.0,-1
1.37883,1.37883,1.37882,1.37883,-1.0,-1.0,-1
1.37883,1.37883,1.37882,1.37882,-1.0,-1.0,-1
1.37882,1.37882,1.378815,1.37882,-1.0,-1.0,-1
1.37882,1.37882,1.37882,1.37882,-1.0,-1.0,-1
1.37882,1.378825,1.378815,1.37882,-1.0,-1.0,-1
1.37882,1.37882,1.37882,1.37882,-1.0,-1.0,-1
1.37882,1.378825,1.378815,1.378825,-1.0,-1.0,-1
1.378825,1.378825,1.37881,1.37882,-1.0,-1.0,-1
1.37882,1.37882,1.378805,1.37881,-1.0,-1.0,-1
1.37881,1.37881,1.378805,1.37881,-1.0,-1.0,-1
1.37881,1.37881,1.37879,1.37879,-1.0,-1.0,-1
1.37879,1.37879,1.37879,1.37879,-1.0,-1.0,-1
1.37879,1.37879,1.378785,1.37879,-1.0,-1.0,-1
1.37879,1.37879,1.378785,1.378785,-1.0,-1.0,-1
1.378785,1.37879,1.37878,1.37879,-1.0,-1.0,-1
1.37879,1.378795,1.37879,1.37879,-1.0,-1.0,-1
1.37879,1.37881,1.37879,1.378805,-1.0,-1.0,-1
1.378805,1.37881,1.378795,1.37881,-1.0,-1.0,-1
1.37881,1.37882,1.37881,1.37882,-1.0,-1.0,-1
1.37882,1.378825,1.378815,1.378815,-1.0,-1.0,-1
1.378815,1.37882,1.378805,1.378815,-1.0,-1.0,-1
1.378815,1.37882,1.37881,1.37881,-1.0,-1.0,-1
1.37881,1.378815,1.37881,1.37881,-1.0,-1.0,-1
1.37881,1.378815,1.37881,1.378815,-1.0,-1.0,-1
1.378815,1.37882,1.378815,1.37882,-1.0,-1.0,-1
1.37882,1.37882,1.37882,1.37882,-1.0,-1.0,-1
1.37882,1.37882,1.37881,1.37881,-1.0,-1.0,-1
1.37881,1.37882,1.37881,1.37882,-1.0,-1.0,-1
1.37882,1.378825,1.37882,1.37882,-1.0,-1.0,-1
1.37882,1.37882,1.378815,1.37882,-1.0,-1.0,-1
1.37882,1.37882,1.37879,1.3788,-1.0,-1.0,-1
1.3788,1.378805,1.37879,1.378795,-1.0,-1.0,-1
1.378795,1.378795,1.37879,1.378795,-1.0,-1.0,-1
1.378795,1.378795,1.37879,1.378795,-1.0,-1.0,-1
1.378795,1.3788,1.37879,1.3788,-1.0,-1.0,-1
1.3788,1.3788,1.378795,1.3788,-1.0,-1.0,-1
1.3788,1.3788,1.37879,1.37879,-1.0,-1.0,-1
1.37879,1.378795,1.37879,1.378795,-1.0,-1.0,-1
1.378795,1.3788,1.37879,1.37879,-1.0,-1.0,-1
1.37879,1.378795,1.37879,1.378795,-1.0,-1.0,-1
1.378795,1.3788,1.37879,1.378795,-1.0,-1.0,-1
1.378795,1.3788,1.37879,1.37879,-1.0,-1.0,-1
1.37879,1.3788,1.37879,1.3788,-1.0,-1.0,-1
1.3788,1.3788,1.37879,1.3788,-1.0,-1.0,-1
1.3788,1.3788,1.378785,1.378795,-1.0,-1.0,-1
1.378795,1.378795,1.37879,1.37879,-1.0,-1.0,-1
1.37879,1.378795,1.37879,1.378795,-1.0,-1.0,-1
1.378795,1.378835,1.37879,1.37883,-1.0,-1.0,-1
1.37883,1.378835,1.37883,1.378835,-1.0,-1.0,-1
1.378835,1.378835,1.378835,1.378835,-1.0,-1.0,-1
1.378835,1.378835,1.37879,1.37879,-1.0,-1.0,-1
1.37879,1.378795,1.378785,1.378795,-1.0,-1.0,-1
1.378795,1.378795,1.37878,1.378785,-1.0,-1.0,-1
1.378785,1.378785,1.37878,1.37878,-1.0,-1.0,-1
1.37878,1.37879,1.37878,1.37879,-1.0,-1.0,-1
1.37879,1.37879,1.37878,1.378785,-1.0,-1.0,-1
1.378785,1.378795,1.378785,1.378795,-1.0,-1.0,-1
1.378795,1.378795,1.37878,1.378785,-1.0,-1.0,-1
1.378785,1.3788,1.378785,1.3788,-1.0,-1.0,-1
1.3788,1.378805,1.378795,1.378805,-1.0,-1.0,-1
1.378805,1.378805,1.3788,1.378805,-1.0,-1.0,-1
1.378805,1.378805,1.37879,1.378795,-1.0,-1.0,-1
1.378795,1.378795,1.37879,1.37879,-1.0,-1.0,-1
1.37879,1.378795,1.37879,1.378795,-1.0,-1.0,-1
1.378795,1.378795,1.37879,1.378795,-1.0,-1.0,-1
1.378795,1.378795,1.37879,1.378795,-1.0,-1.0,-1
1.378795,1.378795,1.37879,1.378795,-1.0,-1.0,-1
1.378795,1.3788,1.37879,1.3788,-1.0,-1.0,-1
1.3788,1.3788,1.37879,1.378795,-1.0,-1.0,-1
1.378795,1.378795,1.378785,1.378785,-1.0,-1.0,-1
1.378785,1.378785,1.378785,1.378785,-1.0,-1.0,-1
1.378785,1.378805,1.378785,1.378805,-1.0,-1.0,-1
1.378805,1.37882,1.378805,1.378815,-1.0,-1.0,-1
1.378815,1.37882,1.378815,1.378815,-1.0,-1.0,-1
1.378815,1.378815,1.37881,1.37881,-1.0,-1.0,-1
1.37881,1.37881,1.37881,1.37881,-1.0,-1.0,-1
1.37881,1.378815,1.37881,1.378815,-1.0,-1.0,-1
1.378815,1.378815,1.378815,1.378815,-1.0,-1.0,-1
1.378815,1.378815,1.378815,1.378815,-1.0,-1.0,-1
1.378815,1.37882,1.378815,1.37882,-1.0,-1.0,-1
1.37882,1.37882,1.37882,1.37882,-1.0,-1.0,-1
1.37882,1.37882,1.37882,1.37882,-1.0,-1.0,-1
1.37882,1.37882,1.37882,1.37882,-1.0,-1.0,-1
1.37882,1.37882,1.37882,1.37882,-1.0,-1.0,-1
1.37882,1.37882,1.37882,1.37882,-1.0,-1.0,-1
1.37882,1.37882,1.378815,1.378815,-1.0,-1.0,-1
1.378815,1.378815,1.378815,1.378815,-1.0,-1.0,-1
1.378815,1.378815,1.378815,1.378815,-1.0,-1.0,-1
1.378815,1.378815,1.378815,1.378815,-1.0,-1.0,-1
1.378815,1.378815,1.378815,1.378815,-1.0,-1.0,-1
1.378815,1.378815,1.378815,1.378815,-1.0,-1.0,-1
1.378815,1.378815,1.378815,1.378815,-1.0,-1.0,-1
1.378815,1.378885,1.378815,1.37884,-1.0,-1.0,-1
1.37884,1.37884,1.378825,1.378825,-1.0,-1.0,-1
1.378825,1.37885,1.37882,1.37882,-1.0,-1.0,-1
1.37882,1.37886,1.37882,1.37886,-1.0,-1.0,-1
1.37886,1.378865,1.378855,1.37886,-1.0,-1.0,-1
1.37886,1.37887,1.378855,1.378865,-1.0,-1.0,-1
1.378865,1.37888,1.378865,1.37887,-1.0,-1.0,-1
1.37887,1.378875,1.37887,1.378875,-1.0,-1.0,-1
1.378875,1.378875,1.378875,1.378875,-1.0,-1.0,-1
1.378875,1.378875,1.37886,1.37886,-1.0,-1.0,-1
1.37886,1.37886,1.378855,1.378855,-1.0,-1.0,-1
1.378855,1.37886,1.378855,1.378855,-1.0,-1.0,-1
1.378855,1.378875,1.378855,1.37887,-1.0,-1.0,-1
1.37887,1.378875,1.37887,1.37887,-1.0,-1.0,-1
1.37887,1.37887,1.37887,1.37887,-1.0,-1.0,-1
1.37887,1.378875,1.37887,1.378875,-1.0,-1.0,-1
1.378875,1.378875,1.37886,1.37886,-1.0,-1.0,-1
1.37886,1.37886,1.378815,1.37882,-1.0,-1.0,-1
1.37882,1.378825,1.37882,1.378825,-1.0,-1.0,-1
1.378825,1.378825,1.378825,1.378825,-1.0,-1.0,-1
1.378825,1.378825,1.37882,1.378825,-1.0,-1.0,-1
1.378825,1.37885,1.378825,1.37885,-1.0,-1.0,-1
1.37885,1.37887,1.378835,1.378845,-1.0,-1.0,-1
1.378845,1.37885,1.37884,1.37885,-1.0,-1.0,-1
1.37885,1.378855,1.37884,1.378855,-1.0,-1.0,-1
1.378855,1.37888,1.378855,1.37888,-1.0,-1.0,-1
1.37888,1.378885,1.378875,1.378885,-1.0,-1.0,-1
1.378885,1.378885,1.37888,1.378885,-1.0,-1.0,-1
1.378885,1.378885,1.37888,1.378885,-1.0,-1.0,-1
1.378885,1.378885,1.378875,1.378885,-1.0,-1.0,-1
1.378885,1.378885,1.378875,1.37888,-1.0,-1.0,-1
1.37888,1.37888,1.378875,1.37888,-1.0,-1.0,-1
1.37888,1.37888,1.378875,1.37888,-1.0,-1.0,-1
1.37888,1.37888,1.378875,1.37888,-1.0,-1.0,-1
1.37888,1.37888,1.378875,1.37888,-1.0,-1.0,-1
1.37888,1.37888,1.378875,1.37888,-1.0,-1.0,-1
1.37888,1.37888,1.378875,1.37888,-1.0,-1.0,-1
1.37888,1.37888,1.378875,1.37888,-1.0,-1.0,-1
1.37888,1.37888,1.378875,1.37888,-1.0,-1.0,-1
1.37888,1.37888,1.378875,1.37888,-1.0,-1.0,-1
1.37888,1.37888,1.37887,1.37887,-1.0,-1.0,-1
1.37887,1.37888,1.37887,1.37888,-1.0,-1.0,-1
1.37888,1.378935,1.378875,1.378925,-1.0,-1.0,-1
1.378925,1.37893,1.37891,1.37891,-1.0,-1.0,-1
1.37891,1.378915,1.37891,1.378915,-1.0,-1.0,-1
1.378915,1.378915,1.378915,1.378915,-1.0,-1.0,-1
1.378915,1.378925,1.378915,1.37892,-1.0,-1.0,-1
1.37892,1.378925,1.37892,1.37892,-1.0,-1.0,-1
1.37892,1.378925,1.37892,1.37892,-1.0,-1.0,-1
1.37892,1.378925,1.37892,1.37892,-1.0,-1.0,-1
1.37892,1.378935,1.37892,1.378925,-1.0,-1.0,-1
1.378925,1.37893,1.378925,1.378925,-1.0,-1.0,-1
1.378925,1.37893,1.378925,1.378925,-1.0,-1.0,-1
1.378925,1.37893,1.37892,1.378925,-1.0,-1.0,-1
1.378925,1.37893,1.378925,1.378925,-1.0,-1.0,-1
1.378925,1.37893,1.378925,1.378925,-1.0,-1.0,-1
1.378925,1.37893,1.378925,1.378925,-1.0,-1.0,-1
1.378925,1.37893,1.378925,1.378925,-1.0,-1.0,-1
1.378925,1.37893,1.378925,1.378925,-1.0,-1.0,-1
1.378925,1.378935,1.378925,1.378925,-1.0,-1.0,-1
1.378925,1.37893,1.37892,1.37892,-1.0,-1.0,-1
1.37892,1.378935,1.37892,1.378925,-1.0,-1.0,-1
1.378925,1.37894,1.378925,1.37893,-1.0,-1.0,-1
1.37893,1.378935,1.378925,1.378925,-1.0,-1.0,-1
1.378925,1.378935,1.378925,1.37893,-1.0,-1.0,-1
1.37893,1.378935,1.37893,1.37893,-1.0,-1.0,-1
1.37893,1.37896,1.378925,1.37896,-1.0,-1.0,-1
1.37896,1.37897,1.37896,1.37896,-1.0,-1.0,-1
1.37896,1.37896,1.37893,1.37893,-1.0,-1.0,-1
1.37893,1.378935,1.378925,1.378925,-1.0,-1.0,-1
1.378925,1.37893,1.378925,1.378925,-1.0,-1.0,-1
1.378925,1.37893,1.378925,1.378925,-1.0,-1.0,-1
1.378925,1.378935,1.378925,1.378925,-1.0,-1.0,-1
1.378925,1.37893,1.378925,1.378925,-1.0,-1.0,-1
1.378925,1.37893,1.378925,1.378925,-1.0,-1.0,-1
1.378925,1.37893,1.37892,1.378925,-1.0,-1.0,-1
1.378925,1.37894,1.378925,1.37893,-1.0,-1.0,-1
1.37893,1.37894,1.37893,1.37894,-1.0,-1.0,-1
1.37894,1.37894,1.37893,1.37893,-1.0,-1.0,-1
1.37893,1.37894,1.37893,1.37894,-1.0,-1.0,-1
1.37894,1.378945,1.37893,1.37893,-1.0,-1.0,-1
1.37893,1.378935,1.37893,1.37893,-1.0,-1.0,-1
1.37893,1.378935,1.378925,1.378925,-1.0,-1.0,-1
1.378925,1.37897,1.378925,1.37897,-1.0,-1.0,-1
1.37897,1.37897,1.37896,1.37896,-1.0,-1.0,-1
1.37896,1.37896,1.37896,1.37896,-1.0,-1.0,-1
1.37896,1.37898,1.37896,1.378975,-1.0,-1.0,-1
1.378975,1.378975,1.37896,1.37896,-1.0,-1.0,-1
1.37896,1.37896,1.37895,1.37895,-1.0,-1.0,-1
1.37895,1.378955,1.37895,1.378955,-1.0,-1.0,-1
1.378955,1.378965,1.378955,1.37896,-1.0,-1.0,-1
1.37896,1.378965,1.378955,1.37896,-1.0,-1.0,-1
1.37896,1.378965,1.37896,1.378965,-1.0,-1.0,-1
1.378965,1.378965,1.378965,1.378965,-1.0,-1.0,-1
1.378965,1.378965,1.37896,1.37896,-1.0,-1.0,-1
1.37896,1.378965,1.37896,1.378965,-1.0,-1.0,-1
1.378965,1.378965,1.378965,1.378965,-1.0,-1.0,-1
1.378965,1.378965,1.378965,1.378965,-1.0,-1.0,-1
1.378965,1.378965,1.378965,1.378965,-1.0,-1.0,-1
1.378965,1.378965,1.378955,1.378955,-1.0,-1.0,-1
1.378955,1.378975,1.37895,1.378975,-1.0,-1.0,-1
1.378975,1.378975,1.378965,1.378965,-1.0,-1.0,-1
1.378965,1.378965,1.378965,1.378965,-1.0,-1.0,-1
1.378965,1.378965,1.378965,1.378965,-1.0,-1.0,-1
1.378965,1.378965,1.378965,1.378965,-1.0,-1.0,-1
1.378965,1.378965,1.378965,1.378965,-1.0,-1.0,-1
1.378965,1.37899,1.37895,1.378985,-1.0,-1.0,-1
1.378985,1.37899,1.378985,1.378985,-1.0,-1.0,-1
1.378985,1.378985,1.378975,1.37898,-1.0,-1.0,-1
1.37898,1.37898,1.378975,1.37898,-1.0,-1.0,-1
1.37898,1.37899,1.378975,1.378985,-1.0,-1.0,-1
1.378985,1.37899,1.378985,1.378985,-1.0,-1.0,-1
1.378985,1.378985,1.378985,1.378985,-1.0,-1.0,-1
1.378985,1.378985,1.378985,1.378985,-1.0,-1.0,-1
1.378985,1.37899,1.378985,1.37899,-1.0,-1.0,-1
1.37899,1.378995,1.37899,1.378995,-1.0,-1.0,-1
1.378995,1.378995,1.378995,1.378995,-1.0,-1.0,-1
1.378995,1.37903,1.378995,1.37902,-1.0,-1.0,-1
1.37902,1.37903,1.37902,1.37903,-1.0,-1.0,-1
1.37903,1.379035,1.37902,1.37902,-1.0,-1.0,-1
1.37902,1.379025,1.37902,1.37902,-1.0,-1.0,-1
1.37902,1.37903,1.37902,1.37902,-1.0,-1.0,-1
1.37902,1.379025,1.37902,1.37902,-1.0,-1.0,-1
1.37902,1.37903,1.37902,1.37903,-1.0,-1.0,-1
1.37903,1.37903,1.379015,1.379015,-1.0,-1.0,-1
1.379015,1.37902,1.379015,1.379015,-1.0,-1.0,-1
1.379015,1.379025,1.379015,1.379015,-1.0,-1.0,-1
1.379015,1.37902,1.379015,1.379015,-1.0,-1.0,-1
1.379015,1.37902,1.379015,1.379015,-1.0,-1.0,-1
1.379015,1.379025,1.379015,1.37902,-1.0,-1.0,-1
1.37902,1.379025,1.37902,1.37902,-1.0,-1.0,-1
1.37902,1.379025,1.37902,1.37902,-1.0,-1.0,-1
1.37902,1.379035,1.379015,1.379035,-1.0,-1.0,-1
1.379035,1.37904,1.37902,1.37904,-1.0,-1.0,-1
1.37904,1.37905,1.37904,1.379045,-1.0,-1.0,-1
1.379045,1.379065,1.379045,1.379065,-1.0,-1.0,-1
1.379065,1.379065,1.37906,1.379065,-1.0,-1.0,-1
1.379065,1.379065,1.379065,1.379065,-1.0,-1.0,-1
1.379065,1.379065,1.379065,1.379065,-1.0,-1.0,-1
1.379065,1.379065,1.379065,1.379065,-1.0,-1.0,-1
1.379065,1.379065,1.379065,1.379065,-1.0,-1.0,-1
1.379065,1.379065,1.379065,1.379065,-1.0,-1.0,-1
1.379065,1.379065,1.379065,1.379065,-1.0,-1.0,-1
1.379065,1.379065,1.379065,1.379065,-1.0,-1.0,-1
1.379065,1.379065,1.379065,1.379065,-1.0,-1.0,-1
1.379065,1.379065,1.379065,1.379065,-1.0,-1.0,-1
1.379065,1.37916,1.379065,1.37914,-1.0,-1.0,-1
1.37914,1.37914,1.37913,1.37913,-1.0,-1.0,-1
1.37913,1.37913,1.37912,1.37913,-1.0,-1.0,-1
1.37913,1.379135,1.37913,1.37913,-1.0,-1.0,-1
1.37913,1.379135,1.37913,1.37913,-1.0,-1.0,-1
1.37913,1.37913,1.37913,1.37913,-1.0,-1.0,-1
1.37913,1.379135,1.37913,1.379135,-1.0,-1.0,-1
1.379135,1.37914,1.37913,1.37913,-1.0,-1.0,-1
1.37913,1.37913,1.379125,1.37913,-1.0,-1.0,-1
1.37913,1.37913,1.37913,1.37913,-1.0,-1.0,-1
1.37913,1.379135,1.37913,1.37913,-1.0,-1.0,-1
1.37913,1.37913,1.37913,1.37913,-1.0,-1.0,-1
1.37913,1.37913,1.379125,1.37913,-1.0,-1.0,-1
1.37913,1.379135,1.37913,1.37913,-1.0,-1.0,-1
1.37913,1.379135,1.37912,1.37912,-1.0,-1.0,-1
1.37912,1.379125,1.37912,1.37912,-1.0,-1.0,-1
1.37912,1.37912,1.37912,1.37912,-1.0,-1.0,-1
1.37912,1.37912,1.379115,1.379115,-1.0,-1.0,-1
1.379115,1.379115,1.379025,1.37905,-1.0,-1.0,-1
1.37905,1.37905,1.37903,1.37904,-1.0,-1.0,-1
1.37904,1.37904,1.379035,1.379035,-1.0,-1.0,-1
1.379035,1.37904,1.379035,1.379035,-1.0,-1.0,-1
1.379035,1.379035,1.379035,1.379035,-1.0,-1.0,-1
1.379035,1.379035,1.37902,1.37903,-1.0,-1.0,-1
1.37903,1.37904,1.37902,1.379035,-1.0,-1.0,-1
1.379035,1.37904,1.37902,1.37903,-1.0,-1.0,-1
1.37903,1.379045,1.379025,1.379035,-1.0,-1.0,-1
1.379035,1.379035,1.379015,1.379015,-1.0,-1.0,-1
1.379015,1.37902,1.37901,1.379015,-1.0,-1.0,-1
1.379015,1.37902,1.379005,1.379005,-1.0,-1.0,-1
1.379005,1.379015,1.379005,1.37901,-1.0,-1.0,-1
1.37901,1.379015,1.37901,1.37901,-1.0,-1.0,-1
1.37901,1.379015,1.37901,1.37901,-1.0,-1.0,-1
1.37901,1.379045,1.37901,1.37904,-1.0,-1.0,-1
1.37904,1.37906,1.37904,1.37906,-1.0,-1.0,-1
1.37906,1.37906,1.379055,1.37906,-1.0,-1.0,-1
1.37906,1.37906,1.379055,1.379055,-1.0,-1.0,-1
1.379055,1.37906,1.379055,1.37906,-1.0,-1.0,-1
1.37906,1.37908,1.37906,1.379075,-1.0,-1.0,-1
1.379075,1.379075,1.37907,1.379075,-1.0,-1.0,-1
1.379075,1.37908,1.37907,1.379075,-1.0,-1.0,-1
1.379075,1.379075,1.37907,1.379075,-1.0,-1.0,-1
1.379075,1.379075,1.379075,1.379075,-1.0,-1.0,-1
1.379075,1.37908,1.379075,1.37908,-1.0,-1.0,-1
1.37908,1.37908,1.379025,1.379025,-1.0,-1.0,-1
1.379025,1.37903,1.379025,1.379025,-1.0,-1.0,-1
1.379025,1.37903,1.379015,1.379015,-1.0,-1.0,-1
1.379015,1.37902,1.37901,1.37901,-1.0,-1.0,-1
1.37901,1.37902,1.37901,1.379015,-1.0,-1.0,-1
1.379015,1.37902,1.379015,1.379015,-1.0,-1.0,-1
1.379015,1.37902,1.37901,1.37901,-1.0,-1.0,-1
1.37901,1.37902,1.379005,1.379015,-1.0,-1.0,-1
1.379015,1.37902,1.37901,1.37901,-1.0,-1.0,-1
1.37901,1.379025,1.37901,1.37902,-1.0,-1.0,-1
1.37902,1.379025,1.37902,1.37902,-1.0,-1.0,-1
1.37902,1.379025,1.379015,1.379015,-1.0,-1.0,-1
1.379015,1.37902,1.379015,1.379015,-1.0,-1.0,-1
1.379015,1.37902,1.37901,1.37901,-1.0,-1.0,-1
1.37901,1.379015,1.37901,1.37901,-1.0,-1.0,-1
1.37901,1.37902,1.378995,1.379,-1.0,-1.0,-1
1.379,1.379,1.37899,1.37899,-1.0,-1.0,-1
1.37899,1.37899,1.37898,1.378985,-1.0,-1.0,-1
1.378985,1.378985,1.37898,1.37898,-1.0,-1.0,-1
1.37898,1.378985,1.37898,1.378985,-1.0,-1.0,-1
1.378985,1.37899,1.37898,1.37898,-1.0,-1.0,-1
1.37898,1.37899,1.37898,1.378985,-1.0,-1.0,-1
1.378985,1.378995,1.378985,1.378995,-1.0,-1.0,-1
1.378995,1.378995,1.378985,1.37899,-1.0,-1.0,-1
1.37899,1.37899,1.37899,1.37899,-1.0,-1.0,-1
1.37899,1.37899,1.378985,1.37899,-1.0,-1.0,-1
1.37899,1.37899,1.378985,1.37899,-1.0,-1.0,-1
1.37899,1.37899,1.37899,1.37899,-1.0,-1.0,-1
1.37899,1.379,1.37899,1.379,-1.0,-1.0,-1
1.379,1.379,1.37899,1.378995,-1.0,-1.0,-1
1.378995,1.378995,1.37898,1.37898,-1.0,-1.0,-1
1.37898,1.37898,1.37898,1.37898,-1.0,-1.0,-1
1.37898,1.378995,1.37898,1.378995,-1.0,-1.0,-1
1.378995,1.378995,1.37899,1.37899,-1.0,-1.0,-1
1.37899,1.37899,1.378985,1.37899,-1.0,-1.0,-1
1.37899,1.37899,1.378985,1.378985,-1.0,-1.0,-1
1.378985,1.37899,1.378985,1.37899,-1.0,-1.0,-1
1.37899,1.378995,1.37899,1.37899,-1.0,-1.0,-1
1.37899,1.37899,1.378985,1.378985,-1.0,-1.0,-1
1.378985,1.37899,1.378985,1.378985,-1.0,-1.0,-1
1.378985,1.378985,1.37898,1.37898,-1.0,-1.0,-1
1.37898,1.37898,1.37898,1.37898,-1.0,-1.0,-1
1.37898,1.378985,1.37898,1.378985,-1.0,-1.0,-1
1.378985,1.378985,1.378985,1.378985,-1.0,-1.0,-1
1.378985,1.378985,1.37898,1.37898,-1.0,-1.0,-1
1.37898,1.378985,1.37897,1.378975,-1.0,-1.0,-1
1.378975,1.378975,1.37897,1.378975,-1.0,-1.0,-1
1.378975,1.37898,1.37897,1.378975,-1.0,-1.0,-1
1.378975,1.378985,1.37897,1.378975,-1.0,-1.0,-1
1.378975,1.37898,1.37897,1.37898,-1.0,-1.0,-1
1.37898,1.378985,1.37897,1.378975,-1.0,-1.0,-1
1.378975,1.378985,1.37897,1.37898,-1.0,-1.0,-1
1.37898,1.37899,1.378965,1.378975,-1.0,-1.0,-1
1.378975,1.37898,1.378965,1.378975,-1.0,-1.0,-1
1.378975,1.378975,1.37897,1.378975,-1.0,-1.0,-1
1.378975,1.378975,1.378965,1.37897,-1.0,-1.0,-1
1.37897,1.378975,1.378965,1.378975,-1.0,-1.0,-1
1.378975,1.378975,1.37897,1.378975,-1.0,-1.0,-1
1.378975,1.378975,1.37897,1.378975,-1.0,-1.0,-1
1.378975,1.378975,1.37897,1.378975,-1.0,-1.0,-1
1.378975,1.378975,1.37897,1.378975,-1.0,-1.0,-1
1.378975,1.378975,1.37897,1.378975,-1.0,-1.0,-1
1.378975,1.37898,1.378955,1.378975,-1.0,-1.0,-1
1.378975,1.378975,1.37896,1.378965,-1.0,-1.0,-1
1.378965,1.378975,1.378965,1.378975,-1.0,-1.0,-1
1.378975,1.378985,1.37897,1.378975,-1.0,-1.0,-1
1.378975,1.378975,1.378965,1.378975,-1.0,-1.0,-1
1.378975,1.378975,1.37897,1.378975,-1.0,-1.0,-1
1.378975,1.378975,1.37896,1.37897,-1.0,-1.0,-1
1.37897,1.37898,1.37896,1.37896,-1.0,-1.0,-1
1.37896,1.378985,1.37896,1.37898,-1.0,-1.0,-1
1.37898,1.37899,1.37897,1.378985,-1.0,-1.0,-1
1.378985,1.37899,1.378985,1.378985,-1.0,-1.0,-1
1.378985,1.37899,1.378985,1.37899,-1.0,-1.0,-1
1.37899,1.37899,1.378985,1.378985,-1.0,-1.0,-1
1.378985,1.378985,1.37897,1.37898,-1.0,-1.0,-1
1.37898,1.37898,1.37897,1.378975,-1.0,-1.0,-1
1.378975,1.378975,1.37897,1.378975,-1.0,-1.0,-1
1.378975,1.378975,1.37897,1.378975,-1.0,-1.0,-1
1.378975,1.378975,1.37897,1.378975,-1.0,-1.0,-1
1.378975,1.378975,1.37897,1.378975,-1.0,-1.0,-1
1.378975,1.37898,1.37897,1.37898,-1.0,-1.0,-1
1.37898,1.37898,1.37897,1.378975,-1.0,-1.0,-1
1.378975,1.378975,1.37897,1.378975,-1.0,-1.0,-1
1.378975,1.37898,1.37896,1.37897,-1.0,-1.0,-1
1.37897,1.378975,1.378965,1.378975,-1.0,-1.0,-1
1.378975,1.378985,1.378965,1.378985,-1.0,-1.0,-1
1.378985,1.378985,1.37897,1.37898,-1.0,-1.0,-1
1.37898,1.37898,1.378965,1.37897,-1.0,-1.0,-1
1.37897,1.37897,1.378945,1.378945,-1.0,-1.0,-1
1.378945,1.37895,1.378945,1.378945,-1.0,-1.0,-1
1.378945,1.378945,1.378935,1.378935,-1.0,-1.0,-1
1.378935,1.37894,1.37893,1.37893,-1.0,-1.0,-1
1.37893,1.378935,1.37893,1.37893,-1.0,-1.0,-1
1.37893,1.37894,1.37893,1.37893,-1.0,-1.0,-1
1.37893,1.37894,1.37893,1.37894,-1.0,-1.0,-1
1.37894,1.37894,1.37893,1.37893,-1.0,-1.0,-1
1.37893,1.37894,1.37893,1.37893,-1.0,-1.0,-1
1.37893,1.37894,1.37893,1.37894,-1.0,-1.0,-1
1.37894,1.37894,1.37893,1.37893,-1.0,-1.0,-1
1.37893,1.37894,1.37893,1.37894,-1.0,-1.0,-1
1.37894,1.378945,1.378935,1.378935,-1.0,-1.0,-1
1.378935,1.37894,1.378935,1.37894,-1.0,-1.0,-1
1.37894,1.37894,1.37893,1.37894,-1.0,-1.0,-1
1.37894,1.37894,1.37894,1.37894,-1.0,-1.0,-1
1.37894,1.378945,1.37894,1.37894,-1.0,-1.0,-1
1.37894,1.37895,1.37894,1.37894,-1.0,-1.0,-1
1.37894,1.37895,1.37894,1.37895,-1.0,-1.0,-1
1.37895,1.37895,1.37894,1.37895,-1.0,-1.0,-1
1.37895,1.37895,1.378945,1.37895,-1.0,-1.0,-1
1.37895,1.37896,1.37895,1.37895,-1.0,-1.0,-1
1.37895,1.378955,1.37895,1.37895,-1.0,-1.0,-1
1.37895,1.378985,1.37895,1.37897,-1.0,-1.0,-1
1.37897,1.37898,1.37896,1.378965,-1.0,-1.0,-1
1.378965,1.37898,1.378965,1.378965,-1.0,-1.0,-1
1.378965,1.378995,1.378965,1.378985,-1.0,-1.0,-1
1.378985,1.378985,1.378975,1.37898,-1.0,-1.0,-1
1.37898,1.37898,1.37896,1.37896,-1.0,-1.0,-1
1.37896,1.37896,1.37891,1.37891,-1.0,-1.0,-1
1.37891,1.378915,1.37891,1.378915,-1.0,-1.0,-1
1.378915,1.37896,1.37891,1.378935,-1.0,-1.0,-1
1.378935,1.37895,1.378935,1.37894,-1.0,-1.0,-1
1.37894,1.378955,1.37894,1.378955,-1.0,-1.0,-1
1.378955,1.37897,1.378955,1.37896,-1.0,-1.0,-1
1.37896,1.37896,1.378925,1.37893,-1.0,-1.0,-1
1.37893,1.378935,1.378915,1.37892,-1.0,-1.0,-1
1.37892,1.378925,1.37891,1.37892,-1.0,-1.0,-1
1.37892,1.378925,1.37891,1.378915,-1.0,-1.0,-1
1.378915,1.378925,1.378885,1.37889,-1.0,-1.0,-1
1.37889,1.378895,1.37888,1.378885,-1.0,-1.0,-1
1.378885,1.378885,1.37887,1.378885,-1.0,-1.0,-1
1.378885,1.378885,1.378865,1.378885,-1.0,-1.0,-1
1.378885,1.378885,1.378865,1.378885,-1.0,-1.0,-1
1.378885,1.37889,1.378875,1.378875,-1.0,-1.0,-1
1.378875,1.37889,1.378875,1.378885,-1.0,-1.0,-1
1.378885,1.37889,1.378875,1.378885,-1.0,-1.0,-1
1.378885,1.378885,1.37888,1.378885,-1.0,-1.0,-1
1.378885,1.378885,1.37888,1.378885,-1.0,-1.0,-1
1.378885,1.378885,1.37888,1.378885,-1.0,-1.0,-1
1.378885,1.378885,1.37888,1.378885,-1.0,-1.0,-1
1.378885,1.378885,1.37888,1.378885,-1.0,-1.0,-1
1.378885,1.378885,1.37888,1.378885,-1.0,-1.0,-1
1.378885,1.378885,1.37887,1.37888,-1.0,-1.0,-1
1.37888,1.378885,1.37887,1.378885,-1.0,-1.0,-1
1.378885,1.378885,1.378875,1.37888,-1.0,-1.0,-1
1.37888,1.378885,1.37887,1.37887,-1.0,-1.0,-1
1.37887,1.378875,1.37887,1.37887,-1.0,-1.0,-1
1.37887,1.378885,1.37887,1.378885,-1.0,-1.0,-1
1.378885,1.378885,1.378875,1.378875,-1.0,-1.0,-1
1.378875,1.378875,1.378875,1.378875,-1.0,-1.0,-1
1.378875,1.378875,1.378875,1.378875,-1.0,-1.0,-1
1.378875,1.378885,1.37887,1.378875,-1.0,-1.0,-1
1.378875,1.378885,1.378875,1.378885,-1.0,-1.0,-1
1.378885,1.378885,1.37888,1.378885,-1.0,-1.0,-1
1.378885,1.378885,1.37888,1.378885,-1.0,-1.0,-1
1.378885,1.378885,1.37888,1.378885,-1.0,-1.0,-1
1.378885,1.378885,1.378875,1.378885,-1.0,-1.0,-1
1.378885,1.378885,1.37888,1.378885,-1.0,-1.0,-1
1.378885,1.37889,1.37888,1.378885,-1.0,-1.0,-1
1.378885,1.378885,1.37887,1.37887,-1.0,-1.0,-1
1.37887,1.378875,1.37887,1.37887,-1.0,-1.0,-1
1.37887,1.378875,1.37885,1.378865,-1.0,-1.0,-1
1.378865,1.37893,1.37886,1.378915,-1.0,-1.0,-1
1.378915,1.37892,1.378905,1.378905,-1.0,-1.0,-1
1.378905,1.37891,1.378905,1.37891,-1.0,-1.0,-1
1.37891,1.37891,1.37891,1.37891,-1.0,-1.0,-1
1.37891,1.378915,1.37891,1.37891,-1.0,-1.0,-1
1.37891,1.37891,1.37891,1.37891,-1.0,-1.0,-1
1.37891,1.37891,1.37891,1.37891,-1.0,-1.0,-1
1.37891,1.37891,1.37891,1.37891,-1.0,-1.0,-1
1.37891,1.378915,1.37891,1.378915,-1.0,-1.0,-1
1.378915,1.37893,1.378915,1.378925,-1.0,-1.0,-1
1.378925,1.378945,1.37891,1.378915,-1.0,-1.0,-1
1.378915,1.37893,1.378895,1.378895,-1.0,-1.0,-1
1.378895,1.378895,1.378875,1.378885,-1.0,-1.0,-1
1.378885,1.37889,1.378875,1.37888,-1.0,-1.0,-1
1.37888,1.378885,1.378875,1.37888,-1.0,-1.0,-1
1.37888,1.37889,1.378875,1.378885,-1.0,-1.0,-1
1.378885,1.37889,1.37888,1.378885,-1.0,-1.0,-1
1.378885,1.378895,1.378865,1.378875,-1.0,-1.0,-1
1.378875,1.37888,1.37887,1.37888,-1.0,-1.0,-1
1.37888,1.378885,1.378875,1.37888,-1.0,-1.0,-1
1.37888,1.37888,1.378875,1.37888,-1.0,-1.0,-1
1.37888,1.37888,1.378875,1.37888,-1.0,-1.0,-1
1.37888,1.37888,1.378875,1.37888,-1.0,-1.0,-1
1.37888,1.37888,1.37887,1.37888,-1.0,-1.0,-1
1.37888,1.37888,1.378875,1.37888,-1.0,-1.0,-1
1.37888,1.37889,1.378875,1.37889,-1.0,-1.0,-1
1.37889,1.378895,1.37889,1.378895,-1.0,-1.0,-1
1.378895,1.378895,1.37888,1.378885,-1.0,-1.0,-1
1.378885,1.378885,1.37888,1.378885,-1.0,-1.0,-1
1.378885,1.37889,1.37888,1.378885,-1.0,-1.0,-1
1.378885,1.378895,1.37888,1.378895,-1.0,-1.0,-1
1.378895,1.378895,1.378885,1.37889,-1.0,-1.0,-1
1.37889,1.37889,1.37888,1.378885,-1.0,-1.0,-1
1.378885,1.37889,1.37888,1.378885,-1.0,-1.0,-1
1.378885,1.378995,1.37888,1.378995,-1.0,-1.0,-1
1.378995,1.378995,1.37898,1.378995,-1.0,-1.0,-1
1.378995,1.378995,1.37897,1.378985,-1.0,-1.0,-1
1.378985,1.37899,1.378975,1.37899,-1.0,-1.0,-1
1.37899,1.378995,1.37897,1.378975,-1.0,-1.0,-1
1.378975,1.37898,1.37897,1.37898,-1.0,-1.0,-1
1.37898,1.37898,1.378965,1.37898,-1.0,-1.0,-1
1.37898,1.37898,1.37897,1.378975,-1.0,-1.0,-1
1.378975,1.37898,1.378965,1.378965,-1.0,-1.0,-1
1.378965,1.378975,1.378965,1.378975,-1.0,-1.0,-1
1.378975,1.37898,1.378965,1.378965,-1.0,-1.0,-1
1.378965,1.378965,1.378965,1.378965,-1.0,-1.0,-1
1.378965,1.378965,1.37896,1.378965,-1.0,-1.0,-1
1.378965,1.378965,1.37896,1.37896,-1.0,-1.0,-1
1.37896,1.378965,1.37896,1.378965,-1.0,-1.0,-1
1.378965,1.378965,1.37896,1.378965,-1.0,-1.0,-1
1.378965,1.378965,1.37896,1.37896,-1.0,-1.0,-1
1.37896,1.37898,1.37896,1.37898,-1.0,-1.0,-1
1.37898,1.378985,1.37897,1.37898,-1.0,-1.0,-1
1.37898,1.379,1.378975,1.379,-1.0,-1.0,-1
1.379,1.379,1.378995,1.379,-1.0,-1.0,-1
1.379,1.379,1.37899,1.379,-1.0,-1.0,-1
1.379,1.379,1.37899,1.37899,-1.0,-1.0,-1
1.37899,1.37899,1.378985,1.378985,-1.0,-1.0,-1
1.378985,1.378985,1.3789,1.3789,-1.0,-1.0,-1
1.3789,1.378905,1.3789,1.378905,-1.0,-1.0,-1
1.378905,1.378905,1.3789,1.3789,-1.0,-1.0,-1
1.3789,1.378945,1.3789,1.37892,-1.0,-1.0,-1
1.37892,1.378945,1.37892,1.378935,-1.0,-1.0,-1
1.378935,1.378945,1.378935,1.378935,-1.0,-1.0,-1
1.378935,1.378945,1.378935,1.378945,-1.0,-1.0,-1
1.378945,1.378945,1.378935,1.378945,-1.0,-1.0,-1
1.378945,1.378945,1.37893,1.378945,-1.0,-1.0,-1
1.378945,1.37895,1.37893,1.37895,-1.0,-1.0,-1
1.37895,1.37897,1.37895,1.378965,-1.0,-1.0,-1
1.378965,1.37897,1.37895,1.37896,-1.0,-1.0,-1
1.37896,1.37896,1.37889,1.37889,-1.0,-1.0,-1
1.37889,1.37889,1.37886,1.37886,-1.0,-1.0,-1
1.37886,1.37888,1.37886,1.37888,-1.0,-1.0,-1
1.37888,1.378885,1.37887,1.378885,-1.0,-1.0,-1
1.378885,1.378885,1.37888,1.37888,-1.0,-1.0,-1
1.37888,1.378885,1.37888,1.378885,-1.0,-1.0,-1
1.378885,1.378885,1.37887,1.378885,-1.0,-1.0,-1
1.378885,1.378895,1.37888,1.378885,-1.0,-1.0,-1
1.378885,1.37889,1.37888,1.37889,-1.0,-1.0,-1
1.37889,1.37889,1.378875,1.378885,-1.0,-1.0,-1
1.378885,1.378885,1.37888,1.378885,-1.0,-1.0,-1
1.378885,1.37889,1.37888,1.378885,-1.0,-1.0,-1
1.378885,1.37889,1.378865,1.378885,-1.0,-1.0,-1
1.378885,1.37889,1.37888,1.37889,-1.0,-1.0,-1
1.37889,1.37889,1.37883,1.37883,-1.0,-1.0,-1
1.37883,1.37883,1.378825,1.37883,-1.0,-1.0,-1
1.37883,1.37883,1.37881,1.37882,-1.0,-1.0,-1
1.37882,1.37882,1.37881,1.37881,-1.0,-1.0,-1
1.37881,1.37881,1.37881,1.37881,-1.0,-1.0,-1
1.37881,1.37881,1.37881,1.37881,-1.0,-1.0,-1
1.37881,1.37883,1.37881,1.37883,-1.0,-1.0,-1
1.37883,1.37883,1.37881,1.37881,-1.0,-1.0,-1
1.37881,1.378815,1.37881,1.378815,-1.0,-1.0,-1
1.378815,1.378815,1.37881,1.37881,-1.0,-1.0,-1
1.37881,1.378815,1.37879,1.3788,-1.0,-1.0,-1
1.3788,1.378805,1.3788,1.3788,-1.0,-1.0,-1
1.3788,1.3788,1.3788,1.3788,-1.0,-1.0,-1
1.3788,1.378805,1.3788,1.378805,-1.0,-1.0,-1
1.378805,1.378805,1.378805,1.378805,-1.0,-1.0,-1
1.378805,1.37881,1.378805,1.378805,-1.0,-1.0,-1
1.378805,1.378825,1.378805,1.378815,-1.0,-1.0,-1
1.378815,1.378815,1.378805,1.37881,-1.0,-1.0,-1
1.37881,1.37881,1.378805,1.37881,-1.0,-1.0,-1
1.37881,1.37881,1.378805,1.378805,-1.0,-1.0,-1
1.378805,1.37881,1.378805,1.37881,-1.0,-1.0,-1
1.37881,1.37881,1.37881,1.37881,-1.0,-1.0,-1
1.37881,1.37886,1.37881,1.37886,-1.0,-1.0,-1
1.37886,1.37886,1.378855,1.37886,-1.0,-1.0,-1
1.37886,1.37886,1.378855,1.378855,-1.0,-1.0,-1
1.378855,1.378855,1.378855,1.378855,-1.0,-1.0,-1
1.378855,1.37886,1.378855,1.37886,-1.0,-1.0,-1
1.37886,1.378875,1.37886,1.378875,-1.0,-1.0,-1
1.378875,1.378875,1.378855,1.378865,-1.0,-1.0,-1
1.378865,1.378865,1.37886,1.378865,-1.0,-1.0,-1
1.378865,1.37888,1.378865,1.37888,-1.0,-1.0,-1
1.37888,1.378885,1.378875,1.37888,-1.0,-1.0,-1
1.37888,1.37888,1.378875,1.37888,-1.0,-1.0,-1
1.37888,1.3789,1.378875,1.3789,-1.0,-1.0,-1
1.3789,1.378905,1.378895,1.378905,-1.0,-1.0,-1
1.378905,1.378905,1.3789,1.378905,-1.0,-1.0,-1
1.378905,1.378905,1.378895,1.378895,-1.0,-1.0,-1
1.378895,1.378895,1.378875,1.37888,-1.0,-1.0,-1
1.37888,1.37888,1.378875,1.37888,-1.0,-1.0,-1
1.37888,1.37888,1.378875,1.37888,-1.0,-1.0,-1
1.37888,1.37888,1.378875,1.37888,-1.0,-1.0,-1
1.37888,1.378885,1.378875,1.37888,-1.0,-1.0,-1
1.37888,1.378885,1.378875,1.37888,-1.0,-1.0,-1
1.37888,1.37888,1.378875,1.37888,-1.0,-1.0,-1
1.37888,1.37888,1.37887,1.37888,-1.0,-1.0,-1
1.37888,1.37888,1.378875,1.37888,-1.0,-1.0,-1
1.37888,1.378885,1.37884,1.37884,-1.0,-1.0,-1
1.37884,1.378845,1.37884,1.37884,-1.0,-1.0,-1
1.37884,1.378855,1.37884,1.378855,-1.0,-1.0,-1
1.378855,1.378855,1.37884,1.378845,-1.0,-1.0,-1
1.378845,1.378855,1.37884,1.378855,-1.0,-1.0,-1
1.378855,1.378855,1.378845,1.378845,-1.0,-1.0,-1
1.378845,1.378845,1.37884,1.378845,-1.0,-1.0,-1
1.378845,1.378855,1.37884,1.378855,-1.0,-1.0,-1
1.378855,1.378875,1.378855,1.378875,-1.0,-1.0,-1
1.378875,1.37889,1.37887,1.37889,-1.0,-1.0,-1
1.37889,1.378895,1.378875,1.378895,-1.0,-1.0,-1
1.378895,1.378895,1.378875,1.37888,-1.0,-1.0,-1
1.37888,1.378885,1.378875,1.37888,-1.0,-1.0,-1
1.37888,1.37888,1.37886,1.37886,-1.0,-1.0,-1
1.37886,1.37888,1.378855,1.378875,-1.0,-1.0,-1
1.378875,1.378885,1.37887,1.378885,-1.0,-1.0,-1
1.378885,1.378885,1.378875,1.37888,-1.0,-1.0,-1
1.37888,1.378885,1.378855,1.37886,-1.0,-1.0,-1
1.37886,1.37887,1.37886,1.37887,-1.0,-1.0,-1
1.37887,1.37888,1.37887,1.37888,-1.0,-1.0,-1
1.37888,1.37888,1.37887,1.37888,-1.0,-1.0,-1
1.37888,1.37888,1.378875,1.37888,-1.0,-1.0,-1
1.37888,1.378885,1.378875,1.378885,-1.0,-1.0,-1
1.378885,1.378885,1.37887,1.378875,-1.0,-1.0,-1
1.378875,1.378885,1.37887,1.378885,-1.0,-1.0,-1
1.378885,1.378895,1.37888,1.378885,-1.0,-1.0,-1
1.378885,1.378885,1.37888,1.378885,-1.0,-1.0,-1
1.378885,1.37889,1.37888,1.378885,-1.0,-1.0,-1
1.378885,1.37889,1.378875,1.37888,-1.0,-1.0,-1
1.37888,1.37888,1.378875,1.37888,-1.0,-1.0,-1
1.37888,1.37888,1.378875,1.37888,-1.0,-1.0,-1
1.37888,1.378885,1.378875,1.378885,-1.0,-1.0,-1
1.378885,1.378885,1.37888,1.378885,-1.0,-1.0,-1
1.378885,1.378885,1.37888,1.378885,-1.0,-1.0,-1
1.378885,1.378885,1.378875,1.37888,-1.0,-1.0,-1
1.37888,1.378885,1.378875,1.378885,-1.0,-1.0,-1
1.378885,1.378885,1.378875,1.37888,-1.0,-1.0,-1
1.37888,1.378885,1.378875,1.378885,-1.0,-1.0,-1
1.378885,1.378885,1.378875,1.378885,-1.0,-1.0,-1
1.378885,1.378885,1.37888,1.378885,-1.0,-1.0,-1
1.378885,1.378885,1.37888,1.378885,-1.0,-1.0,-1
1.378885,1.378885,1.378875,1.37888,-1.0,-1.0,-1
1.37888,1.37888,1.378875,1.37888,-1.0,-1.0,-1
1.37888,1.378885,1.378875,1.378885,-1.0,-1.0,-1
1.378885,1.37889,1.37888,1.37889,-1.0,-1.0,-1
1.37889,1.37889,1.37889,1.37889,-1.0,-1.0,-1
1.37889,1.37889,1.37888,1.37889,-1.0,-1.0,-1
1.37889,1.37889,1.37889,1.37889,-1.0,-1.0,-1
1.37889,1.3789,1.378885,1.378895,-1.0,-1.0,-1
1.378895,1.37891,1.378895,1.378905,-1.0,-1.0,-1
1.378905,1.378905,1.378885,1.378895,-1.0,-1.0,-1
1.378895,1.3789,1.378895,1.3789,-1.0,-1.0,-1
1.3789,1.3789,1.378895,1.378895,-1.0,-1.0,-1
1.378895,1.378895,1.378895,1.378895,-1.0,-1.0,-1
1.378895,1.378895,1.378895,1.378895,-1.0,-1.0,-1
1.378895,1.378895,1.378895,1.378895,-1.0,-1.0,-1
1.378895,1.378895,1.378895,1.378895,-1.0,-1.0,-1
1.378895,1.378895,1.37888,1.37889,-1.0,-1.0,-1
1.37889,1.378895,1.378885,1.378895,-1.0,-1.0,-1
1.378895,1.378895,1.378885,1.378895,-1.0,-1.0,-1
1.378895,1.378895,1.378875,1.378885,-1.0,-1.0,-1
1.378885,1.378885,1.37888,1.378885,-1.0,-1.0,-1
1.378885,1.378885,1.378875,1.37888,-1.0,-1.0,-1
1.37888,1.378885,1.378875,1.378885,-1.0,-1.0,-1
1.378885,1.378885,1.378875,1.37888,-1.0,-1.0,-1
1.37888,1.37888,1.37887,1.378875,-1.0,-1.0,-1
1.378875,1.37889,1.37887,1.37889,-1.0,-1.0,-1
1.37889,1.37889,1.37889,1.37889,-1.0,-1.0,-1
1.37889,1.37889,1.37889,1.37889,-1.0,-1.0,-1
1.37889,1.37889,1.37889,1.37889,-1.0,-1.0,-1
1.37889,1.378895,1.37889,1.37889,-1.0,-1.0,-1
1.37889,1.37889,1.37889,1.37889,-1.0,-1.0,-1
1.37889,1.37889,1.37889,1.37889,-1.0,-1.0,-1
1.37889,1.37889,1.37889,1.37889,-1.0,-1.0,-1
1.37889,1.37889,1.37887,1.378875,-1.0,-1.0,-1
1.378875,1.37888,1.378865,1.378865,-1.0,-1.0,-1
1.378865,1.37888,1.378865,1.378875,-1.0,-1.0,-1
1.378875,1.37889,1.37887,1.37889,-1.0,-1.0,-1
1.37889,1.37889,1.378885,1.37889,-1.0,-1.0,-1
1.37889,1.37889,1.378875,1.37888,-1.0,-1.0,-1
1.37888,1.37888,1.378875,1.37888,-1.0,-1.0,-1
1.37888,1.37889,1.378875,1.37889,-1.0,-1.0,-1
1.37889,1.378895,1.37889,1.378895,-1.0,-1.0,-1
1.378895,1.3789,1.378895,1.3789,-1.0,-1.0,-1
1.3789,1.37894,1.3789,1.37892,-1.0,-1.0,-1
1.37892,1.37892,1.37892,1.37892,-1.0,-1.0,-1
1.37892,1.37892,1.37892,1.37892,-1.0,-1.0,-1
1.37892,1.378925,1.37892,1.37892,-1.0,-1.0,-1
1.37892,1.37892,1.37892,1.37892,-1.0,-1.0,-1
1.37892,1.378925,1.37892,1.37892,-1.0,-1.0,-1
1.37892,1.37893,1.37892,1.37892,-1.0,-1.0,-1
1.37892,1.37892,1.37891,1.37891,-1.0,-1.0,-1
1.37891,1.37891,1.37888,1.37889,-1.0,-1.0,-1
1.37889,1.37889,1.37889,1.37889,-1.0,-1.0,-1
1.37889,1.37889,1.37889,1.37889,-1.0,-1.0,-1
1.37889,1.37889,1.37889,1.37889,-1.0,-1.0,-1
1.37889,1.37889,1.37889,1.37889,-1.0,-1.0,-1
1.37889,1.37889,1.378875,1.37889,-1.0,-1.0,-1
1.37889,1.37889,1.37889,1.37889,-1.0,-1.0,-1
1.37889,1.37889,1.37889,1.37889,-1.0,-1.0,-1
1.37889,1.3789,1.37889,1.37889,-1.0,-1.0,-1
1.37889,1.37889,1.37889,1.37889,-1.0,-1.0,-1
1.37889,1.37889,1.37889,1.37889,-1.0,-1.0,-1
1.37889,1.3789,1.37889,1.37889,-1.0,-1.0,-1
1.37889,1.378895,1.37889,1.37889,-1.0,-1.0,-1
1.37889,1.37889,1.37889,1.37889,-1.0,-1.0,-1
1.37889,1.3789,1.37889,1.3789,-1.0,-1.0,-1
1.3789,1.3789,1.37889,1.37889,-1.0,-1.0,-1
1.37889,1.3789,1.37889,1.3789,-1.0,-1.0,-1
1.3789,1.3789,1.3789,1.3789,-1.0,-1.0,-1
1.3789,1.3789,1.3789,1.3789,-1.0,-1.0,-1
1.3789,1.37891,1.3789,1.3789,-1.0,-1.0,-1
1.3789,1.378905,1.3789,1.3789,-1.0,-1.0,-1
1.3789,1.378935,1.3789,1.37892,-1.0,-1.0,-1
1.37892,1.378935,1.37892,1.378925,-1.0,-1.0,-1
1.378925,1.378935,1.37892,1.37892,-1.0,-1.0,-1
1.37892,1.378935,1.37892,1.37893,-1.0,-1.0,-1
1.37893,1.378935,1.37892,1.378925,-1.0,-1.0,-1
1.378925,1.378935,1.37892,1.37892,-1.0,-1.0,-1
1.37892,1.37892,1.37892,1.37892,-1.0,-1.0,-1
1.37892,1.37895,1.37892,1.378935,-1.0,-1.0,-1
1.378935,1.37894,1.37893,1.378935,-1.0,-1.0,-1
1.378935,1.37894,1.378935,1.378935,-1.0,-1.0,-1
1.378935,1.37895,1.378935,1.37895,-1.0,-1.0,-1
1.37895,1.378975,1.37895,1.378955,-1.0,-1.0,-1
1.378955,1.37898,1.378955,1.37898,-1.0,-1.0,-1
1.37898,1.37898,1.37898,1.37898,-1.0,-1.0,-1
1.37898,1.37898,1.37898,1.37898,-1.0,-1.0,-1
1.37898,1.37898,1.37898,1.37898,-1.0,-1.0,-1
1.37898,1.379,1.37898,1.379,-1.0,-1.0,-1
1.379,1.379,1.379,1.379,-1.0,-1.0,-1
1.379,1.379005,1.37899,1.378995,-1.0,-1.0,-1
1.378995,1.378995,1.37897,1.378975,-1.0,-1.0,-1
1.378975,1.378975,1.378965,1.378975,-1.0,-1.0,-1
1.378975,1.37898,1.378965,1.37898,-1.0,-1.0,-1
1.37898,1.37898,1.37898,1.37898,-1.0,-1.0,-1
1.37898,1.37898,1.378965,1.37897,-1.0,-1.0,-1
1.37897,1.37897,1.37896,1.37896,-1.0,-1.0,-1
1.37896,1.37896,1.378925,1.37893,-1.0,-1.0,-1
1.37893,1.378935,1.37891,1.37891,-1.0,-1.0,-1
1.37891,1.37891,1.37891,1.37891,-1.0,-1.0,-1
1.37891,1.37891,1.378905,1.37891,-1.0,-1.0,-1
1.37891,1.37891,1.378905,1.378905,-1.0,-1.0,-1
1.378905,1.37891,1.378905,1.37891,-1.0,-1.0,-1
1.37891,1.37891,1.378905,1.378905,-1.0,-1.0,-1
1.378905,1.37894,1.378905,1.378935,-1.0,-1.0,-1
1.378935,1.37895,1.378935,1.378935,-1.0,-1.0,-1
1.378935,1.37895,1.37893,1.37895,-1.0,-1.0,-1
1.37895,1.37897,1.37895,1.37897,-1.0,-1.0,-1
1.37897,1.37897,1.37895,1.37895,-1.0,-1.0,-1
1.37895,1.378955,1.37895,1.378955,-1.0,-1.0,-1
1.378955,1.378955,1.37895,1.378955,-1.0,-1.0,-1
1.378955,1.378965,1.37893,1.37893,-1.0,-1.0,-1
1.37893,1.378935,1.378905,1.378905,-1.0,-1.0,-1
1.378905,1.378905,1.378905,1.378905,-1.0,-1.0,-1
1.378905,1.37894,1.378905,1.37894,-1.0,-1.0,-1
1.37894,1.378965,1.378905,1.37895,-1.0,-1.0,-1
1.37895,1.37895,1.378905,1.378905,-1.0,-1.0,-1
1.378905,1.378905,1.378905,1.378905,-1.0,-1.0,-1
1.378905,1.37893,1.378905,1.378925,-1.0,-1.0,-1
1.378925,1.37893,1.378925,1.378925,-1.0,-1.0,-1
1.378925,1.37893,1.378925,1.378925,-1.0,-1.0,-1
1.378925,1.37893,1.378925,1.378925,-1.0,-1.0,-1
1.378925,1.37893,1.378925,1.378925,-1.0,-1.0,-1
1.378925,1.37893,1.378925,1.378925,-1.0,-1.0,-1
1.378925,1.378935,1.378925,1.378935,-1.0,-1.0,-1
1.378935,1.378935,1.378925,1.378935,-1.0,-1.0,-1
1.378935,1.378975,1.378935,1.378945,-1.0,-1.0,-1
1.378945,1.378975,1.378945,1.378945,-1.0,-1.0,-1
1.378945,1.37898,1.378945,1.37898,-1.0,-1.0,-1
1.37898,1.378985,1.37898,1.378985,-1.0,-1.0,-1
1.378985,1.378985,1.37898,1.378985,-1.0,-1.0,-1
1.378985,1.378985,1.378975,1.37898,-1.0,-1.0,-1
1.37898,1.37898,1.378975,1.37898,-1.0,-1.0,-1
1.37898,1.37898,1.378975,1.37898,-1.0,-1.0,-1
1.37898,1.37898,1.378975,1.37898,-1.0,-1.0,-1
1.37898,1.37898,1.378975,1.37898,-1.0,-1.0,-1
1.37898,1.378985,1.378975,1.37898,-1.0,-1.0,-1
1.37898,1.37898,1.378975,1.37898,-1.0,-1.0,-1
1.37898,1.37898,1.378975,1.37898,-1.0,-1.0,-1
1.37898,1.378985,1.378975,1.378985,-1.0,-1.0,-1
1.378985,1.378985,1.378975,1.37898,-1.0,-1.0,-1
1.37898,1.378985,1.378975,1.378985,-1.0,-1.0,-1
1.378985,1.378985,1.378965,1.37897,-1.0,-1.0,-1
1.37897,1.378975,1.378965,1.378975,-1.0,-1.0,-1
1.378975,1.378975,1.378965,1.37897,-1.0,-1.0,-1
1.37897,1.37897,1.378965,1.37897,-1.0,-1.0,-1
1.37897,1.378975,1.378965,1.37897,-1.0,-1.0,-1
1.37897,1.378975,1.378945,1.378945,-1.0,-1.0,-1
1.378945,1.378975,1.378945,1.378975,-1.0,-1.0,-1
1.378975,1.37898,1.37897,1.37898,-1.0,-1.0,-1
1.37898,1.37898,1.37897,1.378975,-1.0,-1.0,-1
1.378975,1.37898,1.37897,1.37898,-1.0,-1.0,-1
1.37898,1.37898,1.37897,1.378975,-1.0,-1.0,-1
1.378975,1.378975,1.37897,1.378975,-1.0,-1.0,-1
1.378975,1.378975,1.37897,1.378975,-1.0,-1.0,-1
1.378975,1.378975,1.37897,1.378975,-1.0,-1.0,-1
1.378975,1.378975,1.37897,1.378975,-1.0,-1.0,-1
1.378975,1.37898,1.37897,1.37898,-1.0,-1.0,-1
1.37898,1.37898,1.37898,1.37898,-1.0,-1.0,-1
1.37898,1.37898,1.37898,1.37898,-1.0,-1.0,-1
1.37898,1.378985,1.37898,1.378985,-1.0,-1.0,-1
1.378985,1.378985,1.37898,1.37898,-1.0,-1.0,-1
1.37898,1.37898,1.378945,1.378945,-1.0,-1.0,-1
1.378945,1.37899,1.378945,1.378975,-1.0,-1.0,-1
1.378975,1.37898,1.37897,1.37898,-1.0,-1.0,-1
1.37898,1.37898,1.37898,1.37898,-1.0,-1.0,-1
1.37898,1.37898,1.37898,1.37898,-1.0,-1.0,-1
1.37898,1.37898,1.37898,1.37898,-1.0,-1.0,-1
1.37898,1.37899,1.37898,1.37898,-1.0,-1.0,-1
1.37898,1.37899,1.37898,1.37899,-1.0,-1.0,-1
1.37899,1.37899,1.37899,1.37899,-1.0,-1.0,-1
1.37899,1.37899,1.37898,1.37898,-1.0,-1.0,-1
1.37898,1.37899,1.37898,1.37899,-1.0,-1.0,-1
1.37899,1.37899,1.37898,1.37898,-1.0,-1.0,-1
1.37898,1.37899,1.37898,1.378985,-1.0,-1.0,-1
1.378985,1.378985,1.378985,1.378985,-1.0,-1.0,-1
1.378985,1.378995,1.378975,1.378985,-1.0,-1.0,-1
1.378985,1.379005,1.378985,1.379005,-1.0,-1.0,-1
1.379005,1.379005,1.378995,1.378995,-1.0,-1.0,-1
1.378995,1.379,1.378985,1.378985,-1.0,-1.0,-1
1.378985,1.37899,1.378985,1.378985,-1.0,-1.0,-1
1.378985,1.378985,1.378975,1.37898,-1.0,-1.0,-1
1.37898,1.37898,1.37897,1.378975,-1.0,-1.0,-1
1.378975,1.378975,1.37897,1.378975,-1.0,-1.0,-1
1.378975,1.378975,1.378945,1.378945,-1.0,-1.0,-1
1.378945,1.378965,1.378945,1.378945,-1.0,-1.0,-1
1.378945,1.378975,1.378945,1.378975,-1.0,-1.0,-1
1.378975,1.378975,1.378925,1.378935,-1.0,-1.0,-1
1.378935,1.378935,1.378905,1.378905,-1.0,-1.0,-1
1.378905,1.378905,1.378905,1.378905,-1.0,-1.0,-1
1.378905,1.378955,1.378905,1.378945,-1.0,-1.0,-1
1.378945,1.378945,1.378945,1.378945,-1.0,-1.0,-1
1.378945,1.37895,1.378905,1.378945,-1.0,-1.0,-1
1.378945,1.37895,1.378905,1.378905,-1.0,-1.0,-1
1.378905,1.37897,1.378905,1.37897,-1.0,-1.0,-1
1.37897,1.37898,1.378945,1.378975,-1.0,-1.0,-1
1.378975,1.378975,1.37897,1.378975,-1.0,-1.0,-1
1.378975,1.378975,1.37897,1.378975,-1.0,-1.0,-1
1.378975,1.378985,1.378945,1.378985,-1.0,-1.0,-1
1.378985,1.378985,1.37897,1.378975,-1.0,-1.0,-1
1.378975,1.37898,1.37897,1.378975,-1.0,-1.0,-1
1.378975,1.378985,1.37897,1.37898,-1.0,-1.0,-1
1.37898,1.37898,1.378945,1.378945,-1.0,-1.0,-1
1.378945,1.37898,1.37894,1.37894,-1.0,-1.0,-1
1.37894,1.378945,1.378925,1.378925,-1.0,-1.0,-1
1.378925,1.37893,1.378925,1.378925,-1.0,-1.0,-1
1.378925,1.378935,1.378925,1.378935,-1.0,-1.0,-1
1.378935,1.378935,1.37892,1.378935,-1.0,-1.0,-1
1.378935,1.378935,1.378925,1.378925,-1.0,-1.0,-1
1.378925,1.37893,1.37892,1.37892,-1.0,-1.0,-1
1.37892,1.37893,1.37892,1.378925,-1.0,-1.0,-1
1.378925,1.37893,1.378925,1.378925,-1.0,-1.0,-1
1.378925,1.37893,1.37892,1.37892,-1.0,-1.0,-1
1.37892,1.37892,1.378895,1.378895,-1.0,-1.0,-1
1.378895,1.3789,1.378895,1.3789,-1.0,-1.0,-1
1.3789,1.3789,1.378895,1.3789,-1.0,-1.0,-1
1.3789,1.37893,1.378895,1.378925,-1.0,-1.0,-1
1.378925,1.37893,1.37892,1.378925,-1.0,-1.0,-1
1.378925,1.37893,1.37892,1.37892,-1.0,-1.0,-1
1.37892,1.37893,1.37892,1.378925,-1.0,-1.0,-1
1.378925,1.37893,1.37892,1.378925,-1.0,-1.0,-1
1.378925,1.37893,1.378925,1.378925,-1.0,-1.0,-1
1.378925,1.378935,1.378925,1.378935,-1.0,-1.0,-1
1.378935,1.378935,1.378925,1.378925,-1.0,-1.0,-1
1.378925,1.378945,1.378925,1.37894,-1.0,-1.0,-1
1.37894,1.378945,1.37894,1.37894,-1.0,-1.0,-1
1.37894,1.378945,1.37894,1.37894,-1.0,-1.0,-1
1.37894,1.378945,1.37894,1.37894,-1.0,-1.0,-1
1.37894,1.37894,1.378935,1.37894,-1.0,-1.0,-1
1.37894,1.37894,1.37894,1.37894,-1.0,-1.0,-1
1.37894,1.378945,1.37894,1.37894,-1.0,-1.0,-1
1.37894,1.37894,1.378935,1.37894,-1.0,-1.0,-1
1.37894,1.37894,1.37894,1.37894,-1.0,-1.0,-1
1.37894,1.37894,1.37894,1.37894,-1.0,-1.0,-1
1.37894,1.378985,1.37894,1.378985,-1.0,-1.0,-1
1.378985,1.37899,1.378985,1.37899,-1.0,-1.0,-1
1.37899,1.379005,1.37899,1.379,-1.0,-1.0,-1
1.379,1.379005,1.37897,1.378975,-1.0,-1.0,-1
1.378975,1.378975,1.37897,1.378975,-1.0,-1.0,-1
1.378975,1.378975,1.378945,1.378945,-1.0,-1.0,-1
1.378945,1.378945,1.378925,1.378925,-1.0,-1.0,-1
1.378925,1.37894,1.378925,1.378925,-1.0,-1.0,-1
1.378925,1.378935,1.378925,1.378925,-1.0,-1.0,-1
1.378925,1.37894,1.378925,1.378935,-1.0,-1.0,-1
1.378935,1.37894,1.378925,1.378935,-1.0,-1.0,-1
1.378935,1.378935,1.378935,1.378935,-1.0,-1.0,-1
1.378935,1.378935,1.378925,1.378925,-1.0,-1.0,-1
1.378925,1.37893,1.37892,1.37892,-1.0,-1.0,-1
1.37892,1.37893,1.37892,1.37892,-1.0,-1.0,-1
1.37892,1.378935,1.37892,1.378935,-1.0,-1.0,-1
1.378935,1.378945,1.378935,1.378945,-1.0,-1.0,-1
1.378945,1.378945,1.378945,1.378945,-1.0,-1.0,-1
1.378945,1.37899,1.378945,1.37899,-1.0,-1.0,-1
1.37899,1.37899,1.37899,1.37899,-1.0,-1.0,-1
1.37899,1.37899,1.37899,1.37899,-1.0,-1.0,-1
1.37899,1.37899,1.37899,1.37899,-1.0,-1.0,-1
1.37899,1.37899,1.37898,1.37898,-1.0,-1.0,-1
1.37898,1.37898,1.37898,1.37898,-1.0,-1.0,-1
1.37898,1.378985,1.37898,1.378985,-1.0,-1.0,-1
1.378985,1.378985,1.37898,1.378985,-1.0,-1.0,-1
1.378985,1.378985,1.378985,1.378985,-1.0,-1.0,-1
1.378985,1.37899,1.378985,1.37899,-1.0,-1.0,-1
1.37899,1.37899,1.37898,1.378985,-1.0,-1.0,-1
1.378985,1.378985,1.37898,1.378985,-1.0,-1.0,-1
1.378985,1.378985,1.37897,1.37898,-1.0,-1.0,-1
1.37898,1.378985,1.37898,1.378985,-1.0,-1.0,-1
1.378985,1.378985,1.37897,1.37898,-1.0,-1.0,-1
1.37898,1.37898,1.37898,1.37898,-1.0,-1.0,-1
1.37898,1.37898,1.37898,1.37898,-1.0,-1.0,-1
1.37898,1.378985,1.37898,1.37898,-1.0,-1.0,-1
1.37898,1.37898,1.37898,1.37898,-1.0,-1.0,-1
1.37898,1.37898,1.37898,1.37898,-1.0,-1.0,-1
1.37898,1.378995,1.37898,1.378995,-1.0,-1.0,-1
1.378995,1.378995,1.37899,1.37899,-1.0,-1.0,-1
1.37899,1.37899,1.37899,1.37899,-1.0,-1.0,-1
1.37899,1.37899,1.37898,1.378985,-1.0,-1.0,-1
1.378985,1.378985,1.37898,1.37898,-1.0,-1.0,-1
1.37898,1.37898,1.378945,1.378945,-1.0,-1.0,-1
1.378945,1.378975,1.378945,1.378945,-1.0,-1.0,-1
1.378945,1.378945,1.378935,1.37894,-1.0,-1.0,-1
1.37894,1.378945,1.37894,1.378945,-1.0,-1.0,-1
1.378945,1.378945,1.378945,1.378945,-1.0,-1.0,-1
1.378945,1.378985,1.378945,1.37898,-1.0,-1.0,-1
1.37898,1.378985,1.378945,1.37898,-1.0,-1.0,-1
1.37898,1.37898,1.378945,1.37898,-1.0,-1.0,-1
1.37898,1.37898,1.378945,1.378945,-1.0,-1.0,-1
1.378945,1.37899,1.378945,1.37898,-1.0,-1.0,-1
1.37898,1.37898,1.37898,1.37898,-1.0,-1.0,-1
1.37898,1.37898,1.378945,1.378945,-1.0,-1.0,-1
1.378945,1.37898,1.378945,1.37898,-1.0,-1.0,-1
1.37898,1.37899,1.37898,1.378985,-1.0,-1.0,-1
1.378985,1.378995,1.378985,1.37899,-1.0,-1.0,-1
1.37899,1.37899,1.37899,1.37899,-1.0,-1.0,-1
1.37899,1.379025,1.37899,1.37901,-1.0,-1.0,-1
1.37901,1.379015,1.37901,1.37901,-1.0,-1.0,-1
1.37901,1.37901,1.37897,1.378985,-1.0,-1.0,-1
1.378985,1.378985,1.378985,1.378985,-1.0,-1.0,-1
1.378985,1.37899,1.378985,1.378985,-1.0,-1.0,-1
1.378985,1.378985,1.378985,1.378985,-1.0,-1.0,-1
1.378985,1.379025,1.378985,1.37902,-1.0,-1.0,-1
1.37902,1.379065,1.379005,1.379025,-1.0,-1.0,-1
1.379025,1.379035,1.379025,1.37903,-1.0,-1.0,-1
1.37903,1.379035,1.37903,1.37903,-1.0,-1.0,-1
1.37903,1.379035,1.37903,1.37903,-1.0,-1.0,-1
1.37903,1.379035,1.37903,1.37903,-1.0,-1.0,-1
1.37903,1.379035,1.37903,1.37903,-1.0,-1.0,-1
1.37903,1.37905,1.37903,1.37904,-1.0,-1.0,-1
1.37904,1.379065,1.37904,1.37906,-1.0,-1.0,-1
1.37906,1.37906,1.37906,1.37906,-1.0,-1.0,-1
1.37906,1.37906,1.37906,1.37906,-1.0,-1.0,-1
1.37906,1.37906,1.37906,1.37906,-1.0,-1.0,-1
1.37906,1.37906,1.37906,1.37906,-1.0,-1.0,-1
1.37906,1.379075,1.37906,1.379075,-1.0,-1.0,-1
1.379075,1.379075,1.379075,1.379075,-1.0,-1.0,-1
1.379075,1.379075,1.379075,1.379075,-1.0,-1.0,-1
1.379075,1.379075,1.379075,1.379075,-1.0,-1.0,-1
1.379075,1.379075,1.379075,1.379075,-1.0,-1.0,-1
1.379075,1.37908,1.379075,1.37908,-1.0,-1.0,-1
1.37908,1.379085,1.379075,1.379075,-1.0,-1.0,-1
1.379075,1.37908,1.37907,1.37907,-1.0,-1.0,-1
1.37907,1.37907,1.379065,1.379065,-1.0,-1.0,-1
1.379065,1.37907,1.379065,1.37907,-1.0,-1.0,-1
1.37907,1.379085,1.37907,1.37908,-1.0,-1.0,-1
1.37908,1.37908,1.37908,1.37908,-1.0,-1.0,-1
1.37908,1.379095,1.37908,1.379095,-1.0,-1.0,-1
1.379095,1.379095,1.379095,1.379095,-1.0,-1.0,-1
1.379095,1.379095,1.379085,1.379085,-1.0,-1.0,-1
1.379085,1.37909,1.37908,1.37908,-1.0,-1.0,-1
1.37908,1.37912,1.37908,1.37912,-1.0,-1.0,-1
1.37912,1.37912,1.379115,1.379115,-1.0,-1.0,-1
1.379115,1.379125,1.379115,1.37912,-1.0,-1.0,-1
1.37912,1.37912,1.37911,1.37911,-1.0,-1.0,-1
1.37911,1.379125,1.37911,1.379125,-1.0,-1.0,-1
1.379125,1.379125,1.37912,1.37912,-1.0,-1.0,-1
1.37912,1.379125,1.379115,1.37912,-1.0,-1.0,-1
1.37912,1.379125,1.37911,1.379115,-1.0,-1.0,-1
1.379115,1.37916,1.379115,1.379155,-1.0,-1.0,-1
1.379155,1.37916,1.379155,1.379155,-1.0,-1.0,-1
1.379155,1.379165,1.379155,1.37916,-1.0,-1.0,-1
1.37916,1.37916,1.37916,1.37916,-1.0,-1.0,-1
1.37916,1.37917,1.37916,1.37916,-1.0,-1.0,-1
1.37916,1.379165,1.37916,1.379165,-1.0,-1.0,-1
1.379165,1.379165,1.37915,1.379155,-1.0,-1.0,-1
1.379155,1.37918,1.37915,1.37918,-1.0,-1.0,-1
1.37918,1.37919,1.37918,1.37919,-1.0,-1.0,-1
1.37919,1.37919,1.379185,1.379185,-1.0,-1.0,-1
1.379185,1.379185,1.37917,1.37917,-1.0,-1.0,-1
1.37917,1.37918,1.379165,1.37917,-1.0,-1.0,-1
1.37917,1.379175,1.379165,1.379165,-1.0,-1.0,-1
1.379165,1.37917,1.37916,1.37917,-1.0,-1.0,-1
1.37917,1.37917,1.379165,1.379165,-1.0,-1.0,-1
1.379165,1.37918,1.379165,1.37918,-1.0,-1.0,-1
1.37918,1.379185,1.37918,1.379185,-1.0,-1.0,-1
1.379185,1.37919,1.379185,1.37919,-1.0,-1.0,-1
1.37919,1.37919,1.37919,1.37919,-1.0,-1.0,-1
1.37919,1.379195,1.379185,1.37919,-1.0,-1.0,-1
1.37919,1.37919,1.379185,1.379185,-1.0,-1.0,-1
1.379185,1.379185,1.379175,1.37918,-1.0,-1.0,-1
1.37918,1.37918,1.37918,1.37918,-1.0,-1.0,-1
1.37918,1.37918,1.379175,1.37918,-1.0,-1.0,-1
1.37918,1.37918,1.37917,1.37917,-1.0,-1.0,-1
1.37917,1.379175,1.37917,1.379175,-1.0,-1.0,-1
1.379175,1.379195,1.379175,1.379175,-1.0,-1.0,-1
1.379175,1.37918,1.379175,1.37918,-1.0,-1.0,-1
1.37918,1.37918,1.37917,1.379175,-1.0,-1.0,-1
1.379175,1.37918,1.379175,1.37918,-1.0,-1.0,-1
1.37918,1.37918,1.379165,1.379165,-1.0,-1.0,-1
1.379165,1.37917,1.37916,1.37916,-1.0,-1.0,-1
1.37916,1.37918,1.37916,1.37918,-1.0,-1.0,-1
1.37918,1.379185,1.379175,1.379185,-1.0,-1.0,-1
1.379185,1.379185,1.379185,1.379185,-1.0,-1.0,-1
1.379185,1.379185,1.379175,1.37918,-1.0,-1.0,-1
1.37918,1.37918,1.37917,1.379175,-1.0,-1.0,-1
1.379175,1.37918,1.37917,1.37917,-1.0,-1.0,-1
1.37917,1.379175,1.37917,1.379175,-1.0,-1.0,-1
1.379175,1.37918,1.37917,1.37918,-1.0,-1.0,-1
1.37918,1.37918,1.379175,1.379175,-1.0,-1.0,-1
1.379175,1.37918,1.379175,1.37918,-1.0,-1.0,-1
1.37918,1.37918,1.37916,1.37916,-1.0,-1.0,-1
1.37916,1.379175,1.37916,1.379165,-1.0,-1.0,-1
1.379165,1.37918,1.379165,1.37918,-1.0,-1.0,-1
1.37918,1.37919,1.37918,1.37919,-1.0,-1.0,-1
1.37919,1.37919,1.37918,1.37918,-1.0,-1.0,-1
1.37918,1.37918,1.379175,1.37918,-1.0,-1.0,-1
1.37918,1.37918,1.379175,1.37918,-1.0,-1.0,-1
1.37918,1.37918,1.379175,1.379175,-1.0,-1.0,-1
1.379175,1.37918,1.379175,1.37918,-1.0,-1.0,-1
1.37918,1.379185,1.37917,1.37917,-1.0,-1.0,-1
1.37917,1.37918,1.37917,1.37918,-1.0,-1.0,-1
1.37918,1.37918,1.37917,1.37917,-1.0,-1.0,-1
1.37917,1.37918,1.37917,1.379175,-1.0,-1.0,-1
1.379175,1.379175,1.379165,1.379165,-1.0,-1.0,-1
1.379165,1.379165,1.37915,1.37915,-1.0,-1.0,-1
1.37915,1.379165,1.37915,1.379165,-1.0,-1.0,-1
1.379165,1.379165,1.37915,1.37915,-1.0,-1.0,-1
1.37915,1.37916,1.37914,1.379155,-1.0,-1.0,-1
1.379155,1.37916,1.37915,1.37916,-1.0,-1.0,-1
1.37916,1.37916,1.37916,1.37916,-1.0,-1.0,-1
1.37916,1.37916,1.37916,1.37916,-1.0,-1.0,-1
1.37916,1.37916,1.37915,1.37915,-1.0,-1.0,-1
1.37915,1.37916,1.37912,1.37913,-1.0,-1.0,-1
1.37913,1.37913,1.37913,1.37913,-1.0,-1.0,-1
1.37913,1.37913,1.37912,1.37912,-1.0,-1.0,-1
1.37912,1.379135,1.37912,1.37913,-1.0,-1.0,-1
1.37913,1.379135,1.37912,1.379135,-1.0,-1.0,-1
1.379135,1.379135,1.37913,1.37913,-1.0,-1.0,-1
1.37913,1.37913,1.37912,1.379125,-1.0,-1.0,-1
1.379125,1.379135,1.379125,1.37913,-1.0,-1.0,-1
1.37913,1.379135,1.37913,1.379135,-1.0,-1.0,-1
1.379135,1.37914,1.379135,1.37914,-1.0,-1.0,-1
1.37914,1.37914,1.379135,1.37914,-1.0,-1.0,-1
1.37914,1.37914,1.379135,1.379135,-1.0,-1.0,-1
1.379135,1.37914,1.379135,1.37914,-1.0,-1.0,-1
1.37914,1.379155,1.379135,1.379155,-1.0,-1.0,-1
1.379155,1.37916,1.379155,1.379155,-1.0,-1.0,-1
1.379155,1.37916,1.379155,1.37916,-1.0,-1.0,-1
1.37916,1.37918,1.37916,1.37918,-1.0,-1.0,-1
1.37918,1.37918,1.379155,1.379155,-1.0,-1.0,-1
1.379155,1.37916,1.379155,1.37916,-1.0,-1.0,-1
1.37916,1.37917,1.37915,1.37915,-1.0,-1.0,-1
1.37915,1.379165,1.37915,1.37916,-1.0,-1.0,-1
1.37916,1.37916,1.37915,1.37916,-1.0,-1.0,-1
1.37916,1.37916,1.37913,1.37913,-1.0,-1.0,-1
1.37913,1.37913,1.3791,1.379125,-1.0,-1.0,-1
1.379125,1.379125,1.379115,1.379115,-1.0,-1.0,-1
1.379115,1.379135,1.37911,1.379135,-1.0,-1.0,-1
1.379135,1.379145,1.37913,1.379145,-1.0,-1.0,-1
1.379145,1.379155,1.37912,1.37912,-1.0,-1.0,-1
1.37912,1.379135,1.37912,1.379135,-1.0,-1.0,-1
1.379135,1.379135,1.379135,1.379135,-1.0,-1.0,-1
1.379135,1.379135,1.37913,1.37913,-1.0,-1.0,-1
1.37913,1.379145,1.379125,1.37914,-1.0,-1.0,-1
1.37914,1.37914,1.379135,1.379135,-1.0,-1.0,-1
1.379135,1.379145,1.37913,1.379135,-1.0,-1.0,-1
1.379135,1.379145,1.37913,1.37914,-1.0,-1.0,-1
1.37914,1.37914,1.379135,1.37914,-1.0,-1.0,-1
1.37914,1.37914,1.379135,1.379135,-1.0,-1.0,-1
1.379135,1.37915,1.379135,1.37914,-1.0,-1.0,-1
1.37914,1.37917,1.379135,1.379165,-1.0,-1.0,-1
1.379165,1.379165,1.379165,1.379165,-1.0,-1.0,-1
1.379165,1.37919,1.379165,1.379185,-1.0,-1.0,-1
1.379185,1.37919,1.379185,1.37919,-1.0,-1.0,-1
1.37919,1.37919,1.379185,1.37919,-1.0,-1.0,-1
1.37919,1.379215,1.37919,1.379215,-1.0,-1.0,-1
1.379215,1.379215,1.379205,1.379205,-1.0,-1.0,-1
1.379205,1.379205,1.379185,1.379185,-1.0,-1.0,-1
1.379185,1.37919,1.379185,1.37919,-1.0,-1.0,-1
1.37919,1.37919,1.379185,1.379185,-1.0,-1.0,-1
1.379185,1.37919,1.379185,1.37919,-1.0,-1.0,-1
1.37919,1.37919,1.37919,1.37919,-1.0,-1.0,-1
1.37919,1.37919,1.379085,1.379085,-1.0,-1.0,-1
1.379085,1.37909,1.37889,1.37889,-1.0,-1.0,-1
1.37889,1.378925,1.37886,1.37888,-1.0,-1.0,-1
1.37888,1.37888,1.37878,1.37878,-1.0,-1.0,-1
1.37878,1.37879,1.378715,1.37878,-1.0,-1.0,-1
1.37878,1.37887,1.378775,1.37887,-1.0,-1.0,-1
1.37887,1.37893,1.378865,1.37892,-1.0,-1.0,-1
1.37892,1.37892,1.378875,1.378885,-1.0,-1.0,-1
1.378885,1.378885,1.37887,1.378885,-1.0,-1.0,-1
1.378885,1.378895,1.378875,1.378895,-1.0,-1.0,-1
1.378895,1.378895,1.378885,1.37889,-1.0,-1.0,-1
1.37889,1.3789,1.37883,1.378835,-1.0,-1.0,-1
1.378835,1.378835,1.378835,1.378835,-1.0,-1.0,-1
1.378835,1.37886,1.378795,1.3788,-1.0,-1.0,-1
1.3788,1.3788,1.378515,1.378545,-1.0,-1.0,-1
1.378545,1.378545,1.37844,1.378495,-1.0,-1.0,-1
1.378495,1.37856,1.378495,1.37851,-1.0,-1.0,-1
1.37851,1.37853,1.378505,1.378525,-1.0,-1.0,-1
1.378525,1.378585,1.378525,1.378575,-1.0,-1.0,-1
1.378575,1.378595,1.378575,1.37859,-1.0,-1.0,-1
1.37859,1.3786,1.37859,1.3786,-1.0,-1.0,-1
1.3786,1.3786,1.3786,1.3786,-1.0,-1.0,-1
1.3786,1.3786,1.378485,1.378485,-1.0,-1.0,-1
1.378485,1.378495,1.378485,1.378495,-1.0,-1.0,-1
1.378495,1.378495,1.378495,1.378495,-1.0,-1.0,-1
1.378495,1.378495,1.378495,1.378495,-1.0,-1.0,-1
1.378495,1.37851,1.378495,1.378495,-1.0,-1.0,-1
1.378495,1.37852,1.37842,1.378435,-1.0,-1.0,-1
1.378435,1.378455,1.37843,1.37845,-1.0,-1.0,-1
1.37845,1.378485,1.37845,1.378485,-1.0,-1.0,-1
1.378485,1.378485,1.37848,1.378485,-1.0,-1.0,-1
1.378485,1.378485,1.378485,1.378485,-1.0,-1.0,-1
1.378485,1.378485,1.378485,1.378485,-1.0,-1.0,-1
1.378485,1.378485,1.378485,1.378485,-1.0,-1.0,-1
1.378485,1.378485,1.378485,1.378485,-1.0,-1.0,-1
1.378485,1.378485,1.378485,1.378485,-1.0,-1.0,-1
1.378485,1.378525,1.378485,1.378525,-1.0,-1.0,-1
1.378525,1.37853,1.378515,1.378515,-1.0,-1.0,-1
1.378515,1.378645,1.378515,1.378645,-1.0,-1.0,-1
1.378645,1.378645,1.37864,1.37864,-1.0,-1.0,-1
1.37864,1.37864,1.37862,1.378625,-1.0,-1.0,-1
1.378625,1.378665,1.378625,1.37865,-1.0,-1.0,-1
1.37865,1.378655,1.378645,1.378645,-1.0,-1.0,-1
1.378645,1.37865,1.378645,1.378645,-1.0,-1.0,-1
1.378645,1.37865,1.378645,1.378645,-1.0,-1.0,-1
1.378645,1.37867,1.37861,1.37861,-1.0,-1.0,-1
1.37861,1.378665,1.37861,1.37866,-1.0,-1.0,-1
1.37866,1.37867,1.378655,1.378655,-1.0,-1.0,-1
1.378655,1.37867,1.378655,1.37867,-1.0,-1.0,-1
1.37867,1.378675,1.378665,1.37867,-1.0,-1.0,-1
1.37867,1.37879,1.37867,1.378785,-1.0,-1.0,-1
1.378785,1.378785,1.378775,1.378775,-1.0,-1.0,-1
1.378775,1.378795,1.378775,1.378795,-1.0,-1.0,-1
1.378795,1.37887,1.37879,1.37887,-1.0,-1.0,-1
1.37887,1.37889,1.37887,1.37889,-1.0,-1.0,-1
1.37889,1.3789,1.378885,1.37889,-1.0,-1.0,-1
1.37889,1.378895,1.37886,1.37889,-1.0,-1.0,-1
1.37889,1.37889,1.37886,1.378865,-1.0,-1.0,-1
1.378865,1.37887,1.37886,1.37887,-1.0,-1.0,-1
1.37887,1.378935,1.37886,1.378935,-1.0,-1.0,-1
1.378935,1.379025,1.378935,1.379015,-1.0,-1.0,-1
1.379015,1.379025,1.378975,1.37898,-1.0,-1.0,-1
1.37898,1.379,1.378975,1.378995,-1.0,-1.0,-1
1.378995,1.379,1.37897,1.37898,-1.0,-1.0,-1
1.37898,1.37898,1.37894,1.37894,-1.0,-1.0,-1
1.37894,1.37898,1.37894,1.37898,-1.0,-1.0,-1
1.37898,1.379075,1.378975,1.379075,-1.0,-1.0,-1
1.379075,1.37909,1.37905,1.37908,-1.0,-1.0,-1
1.37908,1.37908,1.37907,1.379075,-1.0,-1.0,-1
1.379075,1.379105,1.379075,1.37909,-1.0,-1.0,-1
1.37909,1.379145,1.37909,1.379145,-1.0,-1.0,-1
1.379145,1.37917,1.37914,1.37916,-1.0,-1.0,-1
1.37916,1.37918,1.379145,1.37917,-1.0,-1.0,-1
1.37917,1.37917,1.379145,1.379165,-1.0,-1.0,-1
1.379165,1.37917,1.379135,1.37914,-1.0,-1.0,-1
1.37914,1.37918,1.37914,1.379165,-1.0,-1.0,-1
1.379165,1.37918,1.37916,1.37918,-1.0,-1.0,-1
1.37918,1.379185,1.37918,1.37918,-1.0,-1.0,-1
1.37918,1.37918,1.379125,1.379125,-1.0,-1.0,-1
1.379125,1.37913,1.37912,1.37913,-1.0,-1.0,-1
1.37913,1.37913,1.379125,1.379125,-1.0,-1.0,-1
1.379125,1.379175,1.37912,1.379175,-1.0,-1.0,-1
1.379175,1.37921,1.37917,1.379205,-1.0,-1.0,-1
1.379205,1.37923,1.379185,1.3792,-1.0,-1.0,-1
1.3792,1.379215,1.37918,1.379215,-1.0,-1.0,-1
1.379215,1.37925,1.37921,1.37923,-1.0,-1.0,-1
1.37923,1.37927,1.379225,1.379265,-1.0,-1.0,-1
1.379265,1.37928,1.379255,1.379275,-1.0,-1.0,-1
1.379275,1.37937,1.37925,1.37935,-1.0,-1.0,-1
1.37935,1.37936,1.37934,1.379355,-1.0,-1.0,-1
1.379355,1.379365,1.37929,1.37929,-1.0,-1.0,-1
1.37929,1.37929,1.379235,1.37925,-1.0,-1.0,-1
1.37925,1.37927,1.37925,1.37926,-1.0,-1.0,-1
1.37926,1.379295,1.37925,1.379285,-1.0,-1.0,-1
1.379285,1.379295,1.379285,1.37929,-1.0,-1.0,-1
1.37929,1.37929,1.37921,1.379245,-1.0,-1.0,-1
1.379245,1.37925,1.379225,1.37925,-1.0,-1.0,-1
1.37925,1.37925,1.379225,1.37924,-1.0,-1.0,-1
1.37924,1.379245,1.379225,1.379245,-1.0,-1.0,-1
1.379245,1.379265,1.379245,1.37926,-1.0,-1.0,-1
1.37926,1.37926,1.37926,1.37926,-1.0,-1.0,-1
1.37926,1.379275,1.37926,1.379275,-1.0,-1.0,-1
1.379275,1.379275,1.37927,1.379275,-1.0,-1.0,-1
1.379275,1.379275,1.37927,1.37927,-1.0,-1.0,-1
1.37927,1.379275,1.37927,1.379275,-1.0,-1.0,-1
1.379275,1.379275,1.379265,1.379265,-1.0,-1.0,-1
1.379265,1.37927,1.37926,1.37926,-1.0,-1.0,-1
1.37926,1.37927,1.37926,1.379265,-1.0,-1.0,-1
1.379265,1.379325,1.379265,1.37932,-1.0,-1.0,-1
1.37932,1.379405,1.379315,1.379325,-1.0,-1.0,-1
1.379325,1.379335,1.379315,1.379335,-1.0,-1.0,-1
1.379335,1.37936,1.379325,1.37936,-1.0,-1.0,-1
1.37936,1.37936,1.379305,1.379305,-1.0,-1.0,-1
1.379305,1.379305,1.37928,1.37928,-1.0,-1.0,-1
1.37928,1.379295,1.37928,1.37928,-1.0,-1.0,-1
1.37928,1.379285,1.37928,1.37928,-1.0,-1.0,-1
1.37928,1.37932,1.37928,1.37931,-1.0,-1.0,-1
1.37931,1.379355,1.379305,1.37934,-1.0,-1.0,-1
1.37934,1.379345,1.379285,1.379285,-1.0,-1.0,-1
1.379285,1.379285,1.37922,1.379225,-1.0,-1.0,-1
1.379225,1.379235,1.379205,1.379225,-1.0,-1.0,-1
1.379225,1.379235,1.37919,1.37919,-1.0,-1.0,-1
1.37919,1.379225,1.37919,1.379225,-1.0,-1.0,-1
1.379225,1.379225,1.37922,1.379225,-1.0,-1.0,-1
1.379225,1.37924,1.37919,1.37919,-1.0,-1.0,-1
1.37919,1.37919,1.37919,1.37919,-1.0,-1.0,-1
1.37919,1.37919,1.37906,1.37906,-1.0,-1.0,-1
1.37906,1.37908,1.37906,1.379065,-1.0,-1.0,-1
1.379065,1.37907,1.37906,1.37907,-1.0,-1.0,-1
1.37907,1.37911,1.37907,1.37908,-1.0,-1.0,-1
1.37908,1.37913,1.37908,1.37913,-1.0,-1.0,-1
1.37913,1.37914,1.37913,1.37914,-1.0,-1.0,-1
1.37914,1.37918,1.379135,1.379175,-1.0,-1.0,-1
1.379175,1.37921,1.37917,1.37918,-1.0,-1.0,-1
1.37918,1.37918,1.379125,1.379145,-1.0,-1.0,-1
1.379145,1.37918,1.37914,1.37918,-1.0,-1.0,-1
1.37918,1.37918,1.379115,1.37913,-1.0,-1.0,-1
1.37913,1.379135,1.379105,1.379105,-1.0,-1.0,-1
1.379105,1.37915,1.379095,1.379105,-1.0,-1.0,-1
1.379105,1.379145,1.379095,1.379145,-1.0,-1.0,-1
1.379145,1.379145,1.37912,1.379135,-1.0,-1.0,-1
1.379135,1.379145,1.37913,1.379145,-1.0,-1.0,-1
1.379145,1.37916,1.37914,1.37916,-1.0,-1.0,-1
1.37916,1.379165,1.379145,1.37915,-1.0,-1.0,-1
1.37915,1.37916,1.37915,1.37916,-1.0,-1.0,-1
1.37916,1.37916,1.37916,1.37916,-1.0,-1.0,-1
1.37916,1.37916,1.37916,1.37916,-1.0,-1.0,-1
1.37916,1.37916,1.379135,1.379145,-1.0,-1.0,-1
1.379145,1.379155,1.37914,1.379155,-1.0,-1.0,-1
1.379155,1.379185,1.379155,1.379185,-1.0,-1.0,-1
1.379185,1.379185,1.379165,1.379165,-1.0,-1.0,-1
1.379165,1.37921,1.379165,1.37919,-1.0,-1.0,-1
1.37919,1.37919,1.379165,1.379185,-1.0,-1.0,-1
1.379185,1.379195,1.379185,1.37919,-1.0,-1.0,-1
1.37919,1.37919,1.37919,1.37919,-1.0,-1.0,-1
1.37919,1.37919,1.37919,1.37919,-1.0,-1.0,-1
1.37919,1.379205,1.37919,1.379205,-1.0,-1.0,-1
1.379205,1.379205,1.37917,1.379175,-1.0,-1.0,-1
1.379175,1.37918,1.379175,1.379175,-1.0,-1.0,-1
1.379175,1.379185,1.379175,1.379185,-1.0,-1.0,-1
1.379185,1.37919,1.37918,1.37919,-1.0,-1.0,-1
1.37919,1.379205,1.37919,1.379195,-1.0,-1.0,-1
1.379195,1.379205,1.379195,1.379195,-1.0,-1.0,-1
1.379195,1.379245,1.37919,1.379245,-1.0,-1.0,-1
1.379245,1.379255,1.37923,1.37925,-1.0,-1.0,-1
1.37925,1.37926,1.37925,1.379255,-1.0,-1.0,-1
1.379255,1.379255,1.379205,1.379215,-1.0,-1.0,-1
1.379215,1.37922,1.379215,1.37922,-1.0,-1.0,-1
1.37922,1.37922,1.379185,1.37919,-1.0,-1.0,-1
1.37919,1.379205,1.37919,1.379205,-1.0,-1.0,-1
1.379205,1.379205,1.379175,1.379175,-1.0,-1.0,-1
1.379175,1.379185,1.379175,1.379185,-1.0,-1.0,-1
1.379185,1.379195,1.37914,1.37915,-1.0,-1.0,-1
1.37915,1.37917,1.37915,1.379155,-1.0,-1.0,-1
1.379155,1.37917,1.379135,1.37917,-1.0,-1.0,-1
1.37917,1.379185,1.379165,1.379185,-1.0,-1.0,-1
1.379185,1.37925,1.379185,1.37925,-1.0,-1.0,-1
1.37925,1.37925,1.37925,1.37925,-1.0,-1.0,-1
1.37925,1.379265,1.37925,1.379265,-1.0,-1.0,-1
1.379265,1.3793,1.379265,1.379295,-1.0,-1.0,-1
1.379295,1.379305,1.379285,1.379295,-1.0,-1.0,-1
1.379295,1.379305,1.379285,1.379295,-1.0,-1.0,-1
1.379295,1.37932,1.379285,1.37932,-1.0,-1.0,-1
1.37932,1.37932,1.3793,1.3793,-1.0,-1.0,-1
1.3793,1.379305,1.37927,1.37927,-1.0,-1.0,-1
1.37927,1.379275,1.379255,1.379275,-1.0,-1.0,-1
1.379275,1.379275,1.37925,1.379255,-1.0,-1.0,-1
1.379255,1.37926,1.379255,1.379255,-1.0,-1.0,-1
1.379255,1.379255,1.37925,1.379255,-1.0,-1.0,-1
1.379255,1.379255,1.379205,1.379205,-1.0,-1.0,-1
1.379205,1.379215,1.37917,1.379175,-1.0,-1.0,-1
1.379175,1.379185,1.379175,1.37918,-1.0,-1.0,-1
1.37918,1.37918,1.37917,1.37917,-1.0,-1.0,-1
1.37917,1.37918,1.37917,1.37918,-1.0,-1.0,-1
1.37918,1.379185,1.37918,1.37918,-1.0,-1.0,-1
1.37918,1.379245,1.37918,1.37923,-1.0,-1.0,-1
1.37923,1.379265,1.379225,1.379265,-1.0,-1.0,-1
1.379265,1.37927,1.379255,1.37927,-1.0,-1.0,-1
1.37927,1.37927,1.37923,1.379235,-1.0,-1.0,-1
1.379235,1.37926,1.37923,1.37926,-1.0,-1.0,-1
1.37926,1.37926,1.37925,1.379255,-1.0,-1.0,-1
1.379255,1.379255,1.37923,1.379245,-1.0,-1.0,-1
1.379245,1.37927,1.37923,1.37927,-1.0,-1.0,-1
1.37927,1.37927,1.379225,1.37923,-1.0,-1.0,-1
1.37923,1.37924,1.379225,1.37923,-1.0,-1.0,-1
1.37923,1.379245,1.37919,1.379245,-1.0,-1.0,-1
1.379245,1.379255,1.379245,1.379255,-1.0,-1.0,-1
1.379255,1.379255,1.379245,1.37925,-1.0,-1.0,-1
1.37925,1.379255,1.37925,1.379255,-1.0,-1.0,-1
1.379255,1.379255,1.379255,1.379255,-1.0,-1.0,-1
1.379255,1.37926,1.379215,1.379235,-1.0,-1.0,-1
1.379235,1.37924,1.37923,1.379235,-1.0,-1.0,-1
1.379235,1.379245,1.37923,1.37924,-1.0,-1.0,-1
1.37924,1.37925,1.37924,1.379245,-1.0,-1.0,-1
1.379245,1.379245,1.37923,1.37924,-1.0,-1.0,-1
1.37924,1.379245,1.37924,1.379245,-1.0,-1.0,-1
1.379245,1.379245,1.379245,1.379245,-1.0,-1.0,-1
1.379245,1.379255,1.379245,1.379255,-1.0,-1.0,-1
1.379255,1.379275,1.379255,1.379275,-1.0,-1.0,-1
1.379275,1.379275,1.37927,1.379275,-1.0,-1.0,-1
1.379275,1.37933,1.379275,1.37933,-1.0,-1.0,-1
1.37933,1.37933,1.37932,1.37933,-1.0,-1.0,-1
1.37933,1.37935,1.37933,1.379335,-1.0,-1.0,-1
1.379335,1.379335,1.379335,1.379335,-1.0,-1.0,-1
1.379335,1.379335,1.379335,1.379335,-1.0,-1.0,-1
1.379335,1.379335,1.379315,1.379325,-1.0,-1.0,-1
1.379325,1.379355,1.37932,1.379325,-1.0,-1.0,-1
1.379325,1.379325,1.379305,1.37932,-1.0,-1.0,-1
1.37932,1.37933,1.379315,1.379325,-1.0,-1.0,-1
1.379325,1.37934,1.379315,1.37933,-1.0,-1.0,-1
1.37933,1.379335,1.37932,1.379325,-1.0,-1.0,-1
1.379325,1.379325,1.379285,1.37932,-1.0,-1.0,-1
1.37932,1.379325,1.379315,1.379325,-1.0,-1.0,-1
1.379325,1.379325,1.37931,1.379315,-1.0,-1.0,-1
1.379315,1.379325,1.37931,1.379325,-1.0,-1.0,-1
1.379325,1.379325,1.379315,1.379325,-1.0,-1.0,-1
1.379325,1.37933,1.379315,1.379325,-1.0,-1.0,-1
1.379325,1.37934,1.37932,1.37934,-1.0,-1.0,-1
1.37934,1.37934,1.379315,1.379325,-1.0,-1.0,-1
1.379325,1.379325,1.379325,1.379325,-1.0,-1.0,-1
1.379325,1.37933,1.379315,1.379325,-1.0,-1.0,-1
1.379325,1.37933,1.379325,1.37933,-1.0,-1.0,-1
1.37933,1.37933,1.37933,1.37933,-1.0,-1.0,-1
1.37933,1.37933,1.37933,1.37933,-1.0,-1.0,-1
1.37933,1.37933,1.37933,1.37933,-1.0,-1.0,-1
1.37933,1.37933,1.379285,1.379285,-1.0,-1.0,-1
1.379285,1.379315,1.379275,1.379315,-1.0,-1.0,-1
1.379315,1.37932,1.37931,1.379315,-1.0,-1.0,-1
1.379315,1.37932,1.37931,1.37932,-1.0,-1.0,-1
1.37932,1.37933,1.37931,1.37932,-1.0,-1.0,-1
1.37932,1.379325,1.379315,1.379325,-1.0,-1.0,-1
1.379325,1.379335,1.379325,1.37933,-1.0,-1.0,-1
1.37933,1.37933,1.37931,1.37932,-1.0,-1.0,-1
1.37932,1.37932,1.37927,1.37927,-1.0,-1.0,-1
1.37927,1.37928,1.37927,1.37928,-1.0,-1.0,-1
1.37928,1.37928,1.379275,1.379275,-1.0,-1.0,-1
1.379275,1.37928,1.379275,1.37928,-1.0,-1.0,-1
1.37928,1.37928,1.37928,1.37928,-1.0,-1.0,-1
1.37928,1.3793,1.37927,1.37927,-1.0,-1.0,-1
1.37927,1.37927,1.379225,1.379235,-1.0,-1.0,-1
1.379235,1.37926,1.37923,1.37926,-1.0,-1.0,-1
1.37926,1.37927,1.379255,1.37927,-1.0,-1.0,-1
1.37927,1.37927,1.37927,1.37927,-1.0,-1.0,-1
1.37927,1.37927,1.379265,1.379265,-1.0,-1.0,-1
1.379265,1.37927,1.379255,1.379265,-1.0,-1.0,-1
1.379265,1.379265,1.37926,1.379265,-1.0,-1.0,-1
1.379265,1.379265,1.379265,1.379265,-1.0,-1.0,-1
1.379265,1.379265,1.37926,1.379265,-1.0,-1.0,-1
1.379265,1.379265,1.379265,1.379265,-1.0,-1.0,-1
1.379265,1.37927,1.379265,1.37927,-1.0,-1.0,-1
1.37927,1.379275,1.37927,1.379275,-1.0,-1.0,-1
1.379275,1.379275,1.379275,1.379275,-1.0,-1.0,-1
1.379275,1.379295,1.379275,1.379295,-1.0,-1.0,-1
1.379295,1.379325,1.379295,1.379325,-1.0,-1.0,-1
1.379325,1.379325,1.37932,1.379325,-1.0,-1.0,-1
1.379325,1.37933,1.37932,1.37933,-1.0,-1.0,-1
1.37933,1.37933,1.379325,1.379325,-1.0,-1.0,-1
1.379325,1.379325,1.3793,1.379305,-1.0,-1.0,-1
1.379305,1.379315,1.3793,1.379315,-1.0,-1.0,-1
1.379315,1.379315,1.37931,1.379315,-1.0,-1.0,-1
1.379315,1.379315,1.37931,1.379315,-1.0,-1.0,-1
1.379315,1.379315,1.379305,1.37931,-1.0,-1.0,-1
1.37931,1.379315,1.379305,1.379315,-1.0,-1.0,-1
1.379315,1.379315,1.37931,1.379315,-1.0,-1.0,-1
1.379315,1.379315,1.379305,1.379315,-1.0,-1.0,-1
1.379315,1.379315,1.379305,1.37931,-1.0,-1.0,-1
1.37931,1.379315,1.379305,1.379315,-1.0,-1.0,-1
1.379315,1.37936,1.37931,1.37934,-1.0,-1.0,-1
1.37934,1.379375,1.379335,1.37937,-1.0,-1.0,-1
1.37937,1.379425,1.37937,1.37942,-1.0,-1.0,-1
1.37942,1.37944,1.37942,1.37944,-1.0,-1.0,-1
1.37944,1.37944,1.37944,1.37944,-1.0,-1.0,-1
1.37944,1.37944,1.3794,1.37941,-1.0,-1.0,-1
1.37941,1.379475,1.379405,1.379465,-1.0,-1.0,-1
1.379465,1.37947,1.379465,1.379465,-1.0,-1.0,-1
1.379465,1.3795,1.379465,1.379495,-1.0,-1.0,-1
1.379495,1.379495,1.379465,1.379465,-1.0,-1.0,-1
1.379465,1.37947,1.379455,1.379455,-1.0,-1.0,-1
1.379455,1.379465,1.379455,1.379455,-1.0,-1.0,-1
1.379455,1.37946,1.379455,1.379455,-1.0,-1.0,-1
1.379455,1.37946,1.379455,1.379455,-1.0,-1.0,-1
1.379455,1.379475,1.379455,1.379475,-1.0,-1.0,-1
1.379475,1.379475,1.379465,1.379465,-1.0,-1.0,-1
1.379465,1.37947,1.37942,1.37942,-1.0,-1.0,-1
1.37942,1.379435,1.37942,1.37942,-1.0,-1.0,-1
1.37942,1.37945,1.37942,1.37945,-1.0,-1.0,-1
1.37945,1.37945,1.379445,1.37945,-1.0,-1.0,-1
1.37945,1.37946,1.37945,1.37945,-1.0,-1.0,-1
1.37945,1.37946,1.37945,1.379455,-1.0,-1.0,-1
1.379455,1.37946,1.37944,1.37945,-1.0,-1.0,-1
1.37945,1.37946,1.37944,1.37945,-1.0,-1.0,-1
1.37945,1.37946,1.37945,1.379455,-1.0,-1.0,-1
1.379455,1.379465,1.379455,1.37946,-1.0,-1.0,-1
1.37946,1.37947,1.379455,1.379465,-1.0,-1.0,-1
1.379465,1.379495,1.379465,1.379495,-1.0,-1.0,-1
1.379495,1.379505,1.37947,1.37948,-1.0,-1.0,-1
1.37948,1.37948,1.37948,1.37948,-1.0,-1.0,-1
1.37948,1.37948,1.37948,1.37948,-1.0,-1.0,-1
1.37948,1.37948,1.37948,1.37948,-1.0,-1.0,-1
1.37948,1.379515,1.37948,1.37951,-1.0,-1.0,-1
1.37951,1.37951,1.379465,1.379465,-1.0,-1.0,-1
1.379465,1.37947,1.37941,1.379415,-1.0,-1.0,-1
1.379415,1.37944,1.37939,1.37944,-1.0,-1.0,-1
1.37944,1.379445,1.37944,1.379445,-1.0,-1.0,-1
1.379445,1.379445,1.37944,1.37944,-1.0,-1.0,-1
1.37944,1.37944,1.379435,1.379435,-1.0,-1.0,-1
1.379435,1.379435,1.379425,1.379425,-1.0,-1.0,-1
1.379425,1.379435,1.379405,1.37941,-1.0,-1.0,-1
1.37941,1.37941,1.3794,1.379405,-1.0,-1.0,-1
1.379405,1.379415,1.3794,1.379415,-1.0,-1.0,-1
1.379415,1.379415,1.379405,1.37941,-1.0,-1.0,-1
1.37941,1.37941,1.37939,1.37939,-1.0,-1.0,-1
1.37939,1.379415,1.379385,1.3794,-1.0,-1.0,-1
1.3794,1.379415,1.37939,1.379415,-1.0,-1.0,-1
1.379415,1.37944,1.379405,1.37944,-1.0,-1.0,-1
1.37944,1.37945,1.37944,1.379445,-1.0,-1.0,-1
1.379445,1.37945,1.379435,1.379445,-1.0,-1.0,-1
1.379445,1.37945,1.379435,1.379435,-1.0,-1.0,-1
1.379435,1.37945,1.379435,1.379445,-1.0,-1.0,-1
1.379445,1.37945,1.379415,1.37944,-1.0,-1.0,-1
1.37944,1.379445,1.37944,1.37944,-1.0,-1.0,-1
1.37944,1.379445,1.37943,1.379445,-1.0,-1.0,-1
1.379445,1.379445,1.37944,1.37944,-1.0,-1.0,-1
1.37944,1.37944,1.37944,1.37944,-1.0,-1.0,-1
1.37944,1.379455,1.37944,1.37944,-1.0,-1.0,-1
1.37944,1.37944,1.37944,1.37944,-1.0,-1.0,-1
1.37944,1.37944,1.37943,1.37943,-1.0,-1.0,-1
1.37943,1.37943,1.37943,1.37943,-1.0,-1.0,-1
1.37943,1.37943,1.37943,1.37943,-1.0,-1.0,-1
1.37943,1.37944,1.37943,1.37944,-1.0,-1.0,-1
1.37944,1.379455,1.37943,1.37945,-1.0,-1.0,-1
1.37945,1.379455,1.37945,1.37945,-1.0,-1.0,-1
1.37945,1.379455,1.379445,1.37945,-1.0,-1.0,-1
1.37945,1.379455,1.379435,1.379435,-1.0,-1.0,-1
1.379435,1.379435,1.379385,1.379395,-1.0,-1.0,-1
1.379395,1.3794,1.379395,1.379395,-1.0,-1.0,-1
1.379395,1.379395,1.379365,1.379365,-1.0,-1.0,-1
1.379365,1.37937,1.37936,1.37936,-1.0,-1.0,-1
1.37936,1.37945,1.37936,1.379445,-1.0,-1.0,-1
1.379445,1.379445,1.37944,1.379445,-1.0,-1.0,-1
1.379445,1.379445,1.37943,1.379445,-1.0,-1.0,-1
1.379445,1.379445,1.37944,1.379445,-1.0,-1.0,-1
1.379445,1.379455,1.37943,1.37943,-1.0,-1.0,-1
1.37943,1.37943,1.37939,1.37939,-1.0,-1.0,-1
1.37939,1.3794,1.37939,1.37939,-1.0,-1.0,-1
1.37939,1.37939,1.379365,1.379365,-1.0,-1.0,-1
1.379365,1.379375,1.379365,1.379365,-1.0,-1.0,-1
1.379365,1.379375,1.379355,1.379355,-1.0,-1.0,-1
1.379355,1.379365,1.379355,1.37936,-1.0,-1.0,-1
1.37936,1.37937,1.37936,1.379365,-1.0,-1.0,-1
1.379365,1.379375,1.37936,1.37937,-1.0,-1.0,-1
1.37937,1.379375,1.379365,1.379365,-1.0,-1.0,-1
1.379365,1.37939,1.379365,1.37939,-1.0,-1.0,-1
1.37939,1.379395,1.37939,1.379395,-1.0,-1.0,-1
1.379395,1.3794,1.37939,1.379395,-1.0,-1.0,-1
1.379395,1.379395,1.379395,1.379395,-1.0,-1.0,-1
1.379395,1.37944,1.379395,1.37944,-1.0,-1.0,-1
1.37944,1.379445,1.37943,1.37943,-1.0,-1.0,-1
1.37943,1.37944,1.37939,1.37941,-1.0,-1.0,-1
1.37941,1.37942,1.379405,1.37941,-1.0,-1.0,-1
1.37941,1.379415,1.379405,1.379415,-1.0,-1.0,-1
1.379415,1.379435,1.37941,1.379435,-1.0,-1.0,-1
1.379435,1.37945,1.379435,1.379445,-1.0,-1.0,-1
1.379445,1.37945,1.379445,1.37945,-1.0,-1.0,-1
1.37945,1.37945,1.37945,1.37945,-1.0,-1.0,-1
1.37945,1.37945,1.37945,1.37945,-1.0,-1.0,-1
1.37945,1.37945,1.37944,1.37944,-1.0,-1.0,-1
1.37944,1.37944,1.379435,1.37944,-1.0,-1.0,-1
1.37944,1.379445,1.379435,1.379435,-1.0,-1.0,-1
1.379435,1.37944,1.37939,1.379395,-1.0,-1.0,-1
1.379395,1.379395,1.37939,1.37939,-1.0,-1.0,-1
1.37939,1.37939,1.37936,1.37936,-1.0,-1.0,-1
1.37936,1.379365,1.379355,1.37936,-1.0,-1.0,-1
1.37936,1.379365,1.37935,1.37935,-1.0,-1.0,-1
1.37935,1.37935,1.37935,1.37935,-1.0,-1.0,-1
1.37935,1.37935,1.37935,1.37935,-1.0,-1.0,-1
1.37935,1.37937,1.37935,1.379365,-1.0,-1.0,-1
1.379365,1.379415,1.37936,1.3794,-1.0,-1.0,-1
1.3794,1.37944,1.3794,1.37944,-1.0,-1.0,-1
1.37944,1.37944,1.37939,1.379395,-1.0,-1.0,-1
1.379395,1.379395,1.379375,1.37938,-1.0,-1.0,-1
1.37938,1.379385,1.379375,1.379385,-1.0,-1.0,-1
1.379385,1.37939,1.37938,1.379385,-1.0,-1.0,-1
1.379385,1.379385,1.37938,1.37938,-1.0,-1.0,-1
1.37938,1.37938,1.37936,1.37936,-1.0,-1.0,-1
1.37936,1.379375,1.37936,1.37936,-1.0,-1.0,-1
1.37936,1.379375,1.37936,1.379375,-1.0,-1.0,-1
1.379375,1.37939,1.379375,1.37939,-1.0,-1.0,-1
1.37939,1.37939,1.379375,1.379375,-1.0,-1.0,-1
1.379375,1.379385,1.379295,1.379295,-1.0,-1.0,-1
1.379295,1.379305,1.379295,1.379305,-1.0,-1.0,-1
1.379305,1.37931,1.379295,1.379295,-1.0,-1.0,-1
1.379295,1.379305,1.379295,1.379305,-1.0,-1.0,-1
1.379305,1.379315,1.379305,1.37931,-1.0,-1.0,-1
1.37931,1.379345,1.37931,1.379345,-1.0,-1.0,-1
1.379345,1.379365,1.379345,1.379355,-1.0,-1.0,-1
1.379355,1.37936,1.379355,1.379355,-1.0,-1.0,-1
1.379355,1.37937,1.379355,1.379365,-1.0,-1.0,-1
1.379365,1.379375,1.37935,1.379355,-1.0,-1.0,-1
1.379355,1.379375,1.379355,1.37937,-1.0,-1.0,-1
1.37937,1.379415,1.37937,1.379415,-1.0,-1.0,-1
1.379415,1.379445,1.37941,1.379445,-1.0,-1.0,-1
1.379445,1.379445,1.3794,1.3794,-1.0,-1.0,-1
1.3794,1.37941,1.3794,1.37941,-1.0,-1.0,-1
1.37941,1.379415,1.379405,1.379415,-1.0,-1.0,-1
1.379415,1.379415,1.379405,1.37941,-1.0,-1.0,-1
1.37941,1.379445,1.379375,1.379385,-1.0,-1.0,-1
1.379385,1.379385,1.37935,1.37935,-1.0,-1.0,-1
1.37935,1.37937,1.37935,1.37935,-1.0,-1.0,-1
1.37935,1.37937,1.379345,1.379355,-1.0,-1.0,-1
1.379355,1.379405,1.379355,1.379395,-1.0,-1.0,-1
1.379395,1.379395,1.37936,1.37936,-1.0,-1.0,-1
1.37936,1.37936,1.37935,1.37936,-1.0,-1.0,-1
1.37936,1.37937,1.379355,1.37936,-1.0,-1.0,-1
1.37936,1.37936,1.3793,1.379335,-1.0,-1.0,-1
1.379335,1.37935,1.379315,1.37935,-1.0,-1.0,-1
1.37935,1.379355,1.37935,1.379355,-1.0,-1.0,-1
1.379355,1.379355,1.37935,1.379355,-1.0,-1.0,-1
1.379355,1.379355,1.379345,1.37935,-1.0,-1.0,-1
1.37935,1.379355,1.379345,1.379345,-1.0,-1.0,-1
1.379345,1.379345,1.379305,1.379315,-1.0,-1.0,-1
1.379315,1.37932,1.37931,1.37932,-1.0,-1.0,-1
1.37932,1.379325,1.37931,1.37932,-1.0,-1.0,-1
1.37932,1.37933,1.379315,1.37932,-1.0,-1.0,-1
1.37932,1.379345,1.379315,1.37934,-1.0,-1.0,-1
1.37934,1.379345,1.37934,1.37934,-1.0,-1.0,-1
1.37934,1.37934,1.37934,1.37934,-1.0,-1.0,-1
1.37934,1.379345,1.37927,1.37927,-1.0,-1.0,-1
1.37927,1.37927,1.379255,1.37926,-1.0,-1.0,-1
1.37926,1.37926,1.379255,1.379255,-1.0,-1.0,-1
1.379255,1.37926,1.379255,1.379255,-1.0,-1.0,-1
1.379255,1.37926,1.379255,1.37926,-1.0,-1.0,-1
1.37926,1.37926,1.37925,1.379255,-1.0,-1.0,-1
1.379255,1.379255,1.37925,1.379255,-1.0,-1.0,-1
1.379255,1.379255,1.379245,1.37925,-1.0,-1.0,-1
1.37925,1.379255,1.37924,1.379255,-1.0,-1.0,-1
1.379255,1.379255,1.37925,1.379255,-1.0,-1.0,-1
1.379255,1.379255,1.37919,1.37921,-1.0,-1.0,-1
1.37921,1.37921,1.37919,1.379205,-1.0,-1.0,-1
1.379205,1.379215,1.379195,1.379205,-1.0,-1.0,-1
1.379205,1.379215,1.379205,1.379205,-1.0,-1.0,-1
1.379205,1.379205,1.379205,1.379205,-1.0,-1.0,-1
1.379205,1.379215,1.379195,1.379215,-1.0,-1.0,-1
1.379215,1.379215,1.379205,1.379205,-1.0,-1.0,-1
1.379205,1.379215,1.37918,1.37918,-1.0,-1.0,-1
1.37918,1.37918,1.37917,1.37918,-1.0,-1.0,-1
1.37918,1.37918,1.37917,1.37917,-1.0,-1.0,-1
1.37917,1.37917,1.379165,1.379165,-1.0,-1.0,-1
1.379165,1.379165,1.37915,1.37916,-1.0,-1.0,-1
1.37916,1.37916,1.379135,1.37916,-1.0,-1.0,-1
1.37916,1.37916,1.379155,1.37916,-1.0,-1.0,-1
1.37916,1.37917,1.37916,1.379165,-1.0,-1.0,-1
1.379165,1.379175,1.379165,1.37917,-1.0,-1.0,-1
1.37917,1.37922,1.37917,1.379205,-1.0,-1.0,-1
1.379205,1.37926,1.379205,1.379255,-1.0,-1.0,-1
1.379255,1.37926,1.37925,1.37925,-1.0,-1.0,-1
1.37925,1.379255,1.37925,1.37925,-1.0,-1.0,-1
1.37925,1.379255,1.37925,1.37925,-1.0,-1.0,-1
1.37925,1.379275,1.37925,1.37927,-1.0,-1.0,-1
1.37927,1.37927,1.379265,1.379265,-1.0,-1.0,-1
1.379265,1.379275,1.379265,1.379275,-1.0,-1.0,-1
1.379275,1.379275,1.37926,1.379265,-1.0,-1.0,-1
1.379265,1.379265,1.379255,1.37926,-1.0,-1.0,-1
1.37926,1.37926,1.379255,1.379255,-1.0,-1.0,-1
1.379255,1.379255,1.379255,1.379255,-1.0,-1.0,-1
1.379255,1.379255,1.379255,1.379255,-1.0,-1.0,-1
1.379255,1.379255,1.379255,1.379255,-1.0,-1.0,-1
1.379255,1.379255,1.37921,1.37922,-1.0,-1.0,-1
1.37922,1.37922,1.37921,1.379215,-1.0,-1.0,-1
1.379215,1.37927,1.379215,1.37926,-1.0,-1.0,-1
1.37926,1.37926,1.379245,1.379245,-1.0,-1.0,-1
1.379245,1.379245,1.379245,1.379245,-1.0,-1.0,-1
1.379245,1.379245,1.379195,1.379205,-1.0,-1.0,-1
1.379205,1.379215,1.379195,1.37921,-1.0,-1.0,-1
1.37921,1.37922,1.37921,1.37922,-1.0,-1.0,-1
1.37922,1.379245,1.37921,1.37921,-1.0,-1.0,-1
1.37921,1.37925,1.3792,1.379205,-1.0,-1.0,-1
1.379205,1.37925,1.379195,1.379245,-1.0,-1.0,-1
1.379245,1.37928,1.379245,1.379265,-1.0,-1.0,-1
1.379265,1.379265,1.379265,1.379265,-1.0,-1.0,-1
1.379265,1.379265,1.379225,1.37923,-1.0,-1.0,-1
1.37923,1.379235,1.37919,1.379205,-1.0,-1.0,-1
1.379205,1.379205,1.3792,1.379205,-1.0,-1.0,-1
1.379205,1.37925,1.379205,1.37925,-1.0,-1.0,-1
1.37925,1.37926,1.37925,1.379255,-1.0,-1.0,-1
1.379255,1.37926,1.379255,1.379255,-1.0,-1.0,-1
1.379255,1.379255,1.379245,1.37925,-1.0,-1.0,-1
1.37925,1.379255,1.37924,1.37925,-1.0,-1.0,-1
1.37925,1.379255,1.379245,1.37925,-1.0,-1.0,-1
1.37925,1.379255,1.379235,1.379245,-1.0,-1.0,-1
1.379245,1.379255,1.37924,1.379245,-1.0,-1.0,-1
1.379245,1.379255,1.379235,1.379235,-1.0,-1.0,-1
1.379235,1.379245,1.379235,1.37924,-1.0,-1.0,-1
1.37924,1.37924,1.379205,1.37921,-1.0,-1.0,-1
1.37921,1.37921,1.3792,1.379205,-1.0,-1.0,-1
1.379205,1.37921,1.3792,1.3792,-1.0,-1.0,-1
1.3792,1.379205,1.379195,1.379205,-1.0,-1.0,-1
1.379205,1.379205,1.3792,1.379205,-1.0,-1.0,-1
1.379205,1.379205,1.379165,1.379185,-1.0,-1.0,-1
1.379185,1.379195,1.37918,1.379195,-1.0,-1.0,-1
1.379195,1.3792,1.37919,1.379195,-1.0,-1.0,-1
1.379195,1.3792,1.379195,1.3792,-1.0,-1.0,-1
1.3792,1.379205,1.379195,1.3792,-1.0,-1.0,-1
1.3792,1.379215,1.3792,1.379205,-1.0,-1.0,-1
1.379205,1.37921,1.3792,1.3792,-1.0,-1.0,-1
1.3792,1.3792,1.3792,1.3792,-1.0,-1.0,-1
1.3792,1.3792,1.379165,1.37917,-1.0,-1.0,-1
1.37917,1.37917,1.37917,1.37917,-1.0,-1.0,-1
1.37917,1.37921,1.379165,1.37917,-1.0,-1.0,-1
1.37917,1.37917,1.379145,1.37915,-1.0,-1.0,-1
1.37915,1.37915,1.379145,1.37915,-1.0,-1.0,-1
1.37915,1.37916,1.379145,1.37915,-1.0,-1.0,-1
1.37915,1.379155,1.37914,1.379155,-1.0,-1.0,-1
1.379155,1.379155,1.379135,1.37915,-1.0,-1.0,-1
1.37915,1.379155,1.379145,1.379145,-1.0,-1.0,-1
1.379145,1.37916,1.379145,1.37916,-1.0,-1.0,-1
1.37916,1.37916,1.37915,1.379155,-1.0,-1.0,-1
1.379155,1.379155,1.379145,1.37915,-1.0,-1.0,-1
1.37915,1.379155,1.379145,1.379155,-1.0,-1.0,-1
1.379155,1.37916,1.379145,1.37916,-1.0,-1.0,-1
1.37916,1.37917,1.379155,1.379165,-1.0,-1.0,-1
1.379165,1.379165,1.379165,1.379165,-1.0,-1.0,-1
1.379165,1.379165,1.379165,1.379165,-1.0,-1.0,-1
1.379165,1.379205,1.37916,1.379205,-1.0,-1.0,-1
1.379205,1.37921,1.379195,1.379205,-1.0,-1.0,-1
1.379205,1.379205,1.379205,1.379205,-1.0,-1.0,-1
1.379205,1.37923,1.379205,1.379215,-1.0,-1.0,-1
1.379215,1.37925,1.379215,1.37925,-1.0,-1.0,-1
1.37925,1.37926,1.37924,1.37926,-1.0,-1.0,-1
1.37926,1.37926,1.379235,1.379245,-1.0,-1.0,-1
1.379245,1.37925,1.379245,1.37925,-1.0,-1.0,-1
1.37925,1.379255,1.379245,1.379245,-1.0,-1.0,-1
1.379245,1.37925,1.37924,1.37924,-1.0,-1.0,-1
1.37924,1.37926,1.37923,1.37926,-1.0,-1.0,-1
1.37926,1.37934,1.37926,1.37933,-1.0,-1.0,-1
1.37933,1.37933,1.37932,1.379325,-1.0,-1.0,-1
1.379325,1.37934,1.37932,1.37934,-1.0,-1.0,-1
1.37934,1.37934,1.379335,1.37934,-1.0,-1.0,-1
1.37934,1.37934,1.37933,1.379335,-1.0,-1.0,-1
1.379335,1.37935,1.37933,1.37935,-1.0,-1.0,-1
1.37935,1.37935,1.379345,1.379345,-1.0,-1.0,-1
1.379345,1.379365,1.379345,1.37936,-1.0,-1.0,-1
1.37936,1.379365,1.37936,1.37936,-1.0,-1.0,-1
1.37936,1.379365,1.37936,1.37936,-1.0,-1.0,-1
1.37936,1.379365,1.37936,1.37936,-1.0,-1.0,-1
1.37936,1.379365,1.37936,1.37936,-1.0,-1.0,-1
1.37936,1.379365,1.379345,1.379345,-1.0,-1.0,-1
1.379345,1.379365,1.379325,1.37936,-1.0,-1.0,-1
1.37936,1.37937,1.37936,1.379365,-1.0,-1.0,-1
1.379365,1.37938,1.37936,1.37936,-1.0,-1.0,-1
1.37936,1.379365,1.37936,1.37936,-1.0,-1.0,-1
1.37936,1.3794,1.37936,1.37936,-1.0,-1.0,-1
1.37936,1.37937,1.37936,1.37936,-1.0,-1.0,-1
1.37936,1.37937,1.379355,1.379355,-1.0,-1.0,-1
1.379355,1.379365,1.37935,1.37935,-1.0,-1.0,-1
1.37935,1.379355,1.37934,1.379355,-1.0,-1.0,-1
1.379355,1.379365,1.37935,1.37935,-1.0,-1.0,-1
1.37935,1.37937,1.37935,1.379365,-1.0,-1.0,-1
1.379365,1.379375,1.37936,1.379365,-1.0,-1.0,-1
1.379365,1.37937,1.37936,1.37936,-1.0,-1.0,-1
1.37936,1.37943,1.37936,1.37942,-1.0,-1.0,-1
1.37942,1.379435,1.379415,1.379435,-1.0,-1.0,-1
1.379435,1.379455,1.37943,1.37945,-1.0,-1.0,-1
1.37945,1.37946,1.37945,1.379455,-1.0,-1.0,-1
1.379455,1.37946,1.37945,1.37945,-1.0,-1.0,-1
1.37945,1.379455,1.37945,1.37945,-1.0,-1.0,-1
1.37945,1.379455,1.37945,1.37945,-1.0,-1.0,-1
1.37945,1.379455,1.379445,1.37945,-1.0,-1.0,-1
1.37945,1.379465,1.379445,1.379455,-1.0,-1.0,-1
1.379455,1.37951,1.379455,1.379505,-1.0,-1.0,-1
1.379505,1.37952,1.3795,1.379505,-1.0,-1.0,-1
1.379505,1.37951,1.379505,1.37951,-1.0,-1.0,-1
1.37951,1.37952,1.37951,1.379515,-1.0,-1.0,-1
1.379515,1.37952,1.37951,1.37952,-1.0,-1.0,-1
1.37952,1.37952,1.379515,1.379515,-1.0,-1.0,-1
1.379515,1.379515,1.379515,1.379515,-1.0,-1.0,-1
1.379515,1.379515,1.379515,1.379515,-1.0,-1.0,-1
1.379515,1.379515,1.379515,1.379515,-1.0,-1.0,-1
1.379515,1.379525,1.379515,1.379525,-1.0,-1.0,-1
1.379525,1.379525,1.379525,1.379525,-1.0,-1.0,-1
1.379525,1.379525,1.379515,1.379515,-1.0,-1.0,-1
1.379515,1.379515,1.37951,1.37951,-1.0,-1.0,-1
1.37951,1.37951,1.37951,1.37951,-1.0,-1.0,-1
1.37951,1.379515,1.37951,1.379515,-1.0,-1.0,-1
1.379515,1.37952,1.37951,1.37952,-1.0,-1.0,-1
1.37952,1.37952,1.379515,1.379515,-1.0,-1.0,-1
1.379515,1.379515,1.379515,1.379515,-1.0,-1.0,-1
1.379515,1.37952,1.37951,1.379515,-1.0,-1.0,-1
1.379515,1.379515,1.379515,1.379515,-1.0,-1.0,-1
1.379515,1.37954,1.379515,1.379515,-1.0,-1.0,-1
1.379515,1.379515,1.379515,1.379515,-1.0,-1.0,-1
1.379515,1.379515,1.379515,1.379515,-1.0,-1.0,-1
1.379515,1.379515,1.379445,1.37945,-1.0,-1.0,-1
1.37945,1.3795,1.37945,1.379485,-1.0,-1.0,-1
1.379485,1.37949,1.37948,1.37948,-1.0,-1.0,-1
1.37948,1.37948,1.379465,1.379465,-1.0,-1.0,-1
1.379465,1.37949,1.379465,1.37948,-1.0,-1.0,-1
1.37948,1.37948,1.379455,1.379455,-1.0,-1.0,-1
1.379455,1.379465,1.37945,1.37945,-1.0,-1.0,-1
1.37945,1.379465,1.37945,1.37946,-1.0,-1.0,-1
1.37946,1.379475,1.379455,1.379475,-1.0,-1.0,-1
1.379475,1.379475,1.379465,1.379465,-1.0,-1.0,-1
1.379465,1.379475,1.379465,1.379465,-1.0,-1.0,-1
1.379465,1.37947,1.379465,1.379465,-1.0,-1.0,-1
1.379465,1.37947,1.379455,1.37946,-1.0,-1.0,-1
1.37946,1.379475,1.37946,1.379475,-1.0,-1.0,-1
1.379475,1.379475,1.37946,1.37946,-1.0,-1.0,-1
1.37946,1.379465,1.37946,1.37946,-1.0,-1.0,-1
1.37946,1.379465,1.37946,1.37946,-1.0,-1.0,-1
1.37946,1.379465,1.37946,1.37946,-1.0,-1.0,-1
1.37946,1.379465,1.37946,1.37946,-1.0,-1.0,-1
1.37946,1.379465,1.379455,1.379455,-1.0,-1.0,-1
1.379455,1.37946,1.37944,1.37945,-1.0,-1.0,-1
1.37945,1.379455,1.37945,1.37945,-1.0,-1.0,-1
1.37945,1.379455,1.379445,1.379445,-1.0,-1.0,-1
1.379445,1.37946,1.379445,1.37945,-1.0,-1.0,-1
1.37945,1.379455,1.379445,1.37945,-1.0,-1.0,-1
1.37945,1.379455,1.37945,1.37945,-1.0,-1.0,-1
1.37945,1.379455,1.379445,1.379445,-1.0,-1.0,-1
1.379445,1.379445,1.379395,1.3794,-1.0,-1.0,-1
1.3794,1.3794,1.37939,1.37939,-1.0,-1.0,-1
1.37939,1.3794,1.37939,1.3794,-1.0,-1.0,-1
1.3794,1.379405,1.37939,1.3794,-1.0,-1.0,-1
1.3794,1.3794,1.37939,1.379395,-1.0,-1.0,-1
1.379395,1.379395,1.379395,1.379395,-1.0,-1.0,-1
1.379395,1.379395,1.379355,1.379355,-1.0,-1.0,-1
1.379355,1.379365,1.379355,1.37936,-1.0,-1.0,-1
1.37936,1.379365,1.379335,1.37934,-1.0,-1.0,-1
1.37934,1.379345,1.37933,1.379335,-1.0,-1.0,-1
1.379335,1.379345,1.37933,1.379345,-1.0,-1.0,-1
1.379345,1.37936,1.379345,1.37935,-1.0,-1.0,-1
1.37935,1.379365,1.37935,1.37936,-1.0,-1.0,-1
1.37936,1.37944,1.37936,1.37944,-1.0,-1.0,-1
1.37944,1.37945,1.37944,1.379445,-1.0,-1.0,-1
1.379445,1.37945,1.37944,1.379445,-1.0,-1.0,-1
1.379445,1.379465,1.379445,1.379445,-1.0,-1.0,-1
1.379445,1.37945,1.379445,1.379445,-1.0,-1.0,-1
1.379445,1.379455,1.379445,1.37945,-1.0,-1.0,-1
1.37945,1.379455,1.37945,1.37945,-1.0,-1.0,-1
1.37945,1.379455,1.37945,1.37945,-1.0,-1.0,-1
1.37945,1.379455,1.379445,1.379445,-1.0,-1.0,-1
1.379445,1.379455,1.379445,1.37945,-1.0,-1.0,-1
1.37945,1.379455,1.379435,1.37944,-1.0,-1.0,-1
1.37944,1.37944,1.379425,1.37943,-1.0,-1.0,-1
1.37943,1.37944,1.379365,1.379365,-1.0,-1.0,-1
1.379365,1.379375,1.379345,1.379345,-1.0,-1.0,-1
1.379345,1.37935,1.379255,1.379255,-1.0,-1.0,-1
1.379255,1.379325,1.379255,1.379315,-1.0,-1.0,-1
1.379315,1.379335,1.379315,1.37933,-1.0,-1.0,-1
1.37933,1.37933,1.379325,1.37933,-1.0,-1.0,-1
1.37933,1.37933,1.379315,1.37932,-1.0,-1.0,-1
1.37932,1.37933,1.379315,1.37932,-1.0,-1.0,-1
1.37932,1.37932,1.379315,1.37932,-1.0,-1.0,-1
1.37932,1.37932,1.3793,1.37931,-1.0,-1.0,-1
1.37931,1.37932,1.379305,1.379315,-1.0,-1.0,-1
1.379315,1.379325,1.379305,1.37932,-1.0,-1.0,-1
1.37932,1.379345,1.379315,1.37934,-1.0,-1.0,-1
1.37934,1.379355,1.37934,1.37934,-1.0,-1.0,-1
1.37934,1.37934,1.37934,1.37934,-1.0,-1.0,-1
1.37934,1.37934,1.37931,1.379315,-1.0,-1.0,-1
1.379315,1.37932,1.37931,1.37932,-1.0,-1.0,-1
1.37932,1.37932,1.379315,1.37932,-1.0,-1.0,-1
1.37932,1.37932,1.379315,1.37932,-1.0,-1.0,-1
1.37932,1.37932,1.37931,1.379315,-1.0,-1.0,-1
1.379315,1.37932,1.37931,1.37932,-1.0,-1.0,-1
1.37932,1.379325,1.37931,1.379315,-1.0,-1.0,-1
1.379315,1.379325,1.379285,1.37932,-1.0,-1.0,-1
1.37932,1.379335,1.379315,1.379325,-1.0,-1.0,-1
1.379325,1.37933,1.37932,1.37933,-1.0,-1.0,-1
1.37933,1.37933,1.37932,1.37933,-1.0,-1.0,-1
1.37933,1.37934,1.379285,1.379285,-1.0,-1.0,-1
1.379285,1.379285,1.379285,1.379285,-1.0,-1.0,-1
1.379285,1.379285,1.37928,1.37928,-1.0,-1.0,-1
1.37928,1.37928,1.37928,1.37928,-1.0,-1.0,-1
1.37928,1.379285,1.37928,1.37928,-1.0,-1.0,-1
1.37928,1.379315,1.37928,1.379315,-1.0,-1.0,-1
1.379315,1.37932,1.37931,1.379315,-1.0,-1.0,-1
1.379315,1.37932,1.379305,1.379315,-1.0,-1.0,-1
1.379315,1.37935,1.3793,1.37935,-1.0,-1.0,-1
1.37935,1.37944,1.37935,1.379435,-1.0,-1.0,-1
1.379435,1.37944,1.37943,1.37944,-1.0,-1.0,-1
1.37944,1.37944,1.379395,1.379405,-1.0,-1.0,-1
1.379405,1.37941,1.3794,1.37941,-1.0,-1.0,-1
1.37941,1.379415,1.379405,1.379415,-1.0,-1.0,-1
1.379415,1.379415,1.379405,1.37941,-1.0,-1.0,-1
1.37941,1.379415,1.379405,1.379415,-1.0,-1.0,-1
1.379415,1.37942,1.3794,1.37941,-1.0,-1.0,-1
1.37941,1.37941,1.3794,1.379405,-1.0,-1.0,-1
1.379405,1.37942,1.37937,1.37938,-1.0,-1.0,-1
1.37938,1.379385,1.37936,1.37936,-1.0,-1.0,-1
1.37936,1.379365,1.37936,1.379365,-1.0,-1.0,-1
1.379365,1.379365,1.37936,1.37936,-1.0,-1.0,-1
1.37936,1.37936,1.37936,1.37936,-1.0,-1.0,-1
1.37936,1.379365,1.37936,1.379365,-1.0,-1.0,-1
1.379365,1.379365,1.379365,1.379365,-1.0,-1.0,-1
1.379365,1.37938,1.379365,1.379365,-1.0,-1.0,-1
1.379365,1.379365,1.379365,1.379365,-1.0,-1.0,-1
1.379365,1.379365,1.37934,1.37935,-1.0,-1.0,-1
1.37935,1.37935,1.379345,1.379345,-1.0,-1.0,-1
1.379345,1.37935,1.379345,1.37935,-1.0,-1.0,-1
1.37935,1.379355,1.379345,1.379345,-1.0,-1.0,-1
1.379345,1.37935,1.379345,1.37935,-1.0,-1.0,-1
1.37935,1.37935,1.379345,1.37935,-1.0,-1.0,-1
1.37935,1.37935,1.379345,1.379345,-1.0,-1.0,-1
1.379345,1.37935,1.379345,1.379345,-1.0,-1.0,-1
1.379345,1.379345,1.37927,1.37927,-1.0,-1.0,-1
1.37927,1.379285,1.37927,1.379285,-1.0,-1.0,-1
1.379285,1.379285,1.37928,1.37928,-1.0,-1.0,-1
1.37928,1.379285,1.37928,1.379285,-1.0,-1.0,-1
1.379285,1.379285,1.379285,1.379285,-1.0,-1.0,-1
1.379285,1.379285,1.379285,1.379285,-1.0,-1.0,-1
1.379285,1.37931,1.379285,1.37929,-1.0,-1.0,-1
1.37929,1.3793,1.37929,1.37929,-1.0,-1.0,-1
1.37929,1.37929,1.37927,1.379275,-1.0,-1.0,-1
1.379275,1.379275,1.379275,1.379275,-1.0,-1.0,-1
1.379275,1.37928,1.379275,1.379275,-1.0,-1.0,-1
1.379275,1.37928,1.37927,1.37927,-1.0,-1.0,-1
1.37927,1.37928,1.37927,1.37928,-1.0,-1.0,-1
1.37928,1.37928,1.37927,1.37927,-1.0,-1.0,-1
1.37927,1.37927,1.37927,1.37927,-1.0,-1.0,-1
1.37927,1.37927,1.37927,1.37927,-1.0,-1.0,-1
1.37927,1.37927,1.37927,1.37927,-1.0,-1.0,-1
1.37927,1.37927,1.37927,1.37927,-1.0,-1.0,-1
1.37927,1.37927,1.37925,1.37925,-1.0,-1.0,-1
1.37925,1.37927,1.37925,1.379265,-1.0,-1.0,-1
1.379265,1.37927,1.379265,1.37927,-1.0,-1.0,-1
1.37927,1.37927,1.379185,1.379185,-1.0,-1.0,-1
1.379185,1.379185,1.37917,1.379175,-1.0,-1.0,-1
1.379175,1.37927,1.379175,1.37927,-1.0,-1.0,-1
1.37927,1.37927,1.379255,1.379255,-1.0,-1.0,-1
1.379255,1.379255,1.37925,1.37925,-1.0,-1.0,-1
1.37925,1.37927,1.379245,1.37927,-1.0,-1.0,-1
1.37927,1.37927,1.37927,1.37927,-1.0,-1.0,-1
1.37927,1.37927,1.379265,1.37927,-1.0,-1.0,-1
1.37927,1.37927,1.379265,1.37927,-1.0,-1.0,-1
1.37927,1.37927,1.379225,1.379235,-1.0,-1.0,-1
1.379235,1.37926,1.37921,1.37921,-1.0,-1.0,-1
1.37921,1.379225,1.37921,1.379225,-1.0,-1.0,-1
1.379225,1.37926,1.379225,1.37926,-1.0,-1.0,-1
1.37926,1.37927,1.37926,1.37927,-1.0,-1.0,-1
1.37927,1.37927,1.37926,1.37926,-1.0,-1.0,-1
1.37926,1.37927,1.37926,1.37927,-1.0,-1.0,-1
1.37927,1.37929,1.37927,1.379285,-1.0,-1.0,-1
1.379285,1.37929,1.379285,1.37929,-1.0,-1.0,-1
1.37929,1.37929,1.37927,1.37927,-1.0,-1.0,-1
1.37927,1.37927,1.37927,1.37927,-1.0,-1.0,-1
1.37927,1.37927,1.37926,1.37926,-1.0,-1.0,-1
1.37926,1.379265,1.37926,1.37926,-1.0,-1.0,-1
1.37926,1.37926,1.379245,1.37926,-1.0,-1.0,-1
1.37926,1.37926,1.37924,1.37924,-1.0,-1.0,-1
1.37924,1.379255,1.37924,1.37925,-1.0,-1.0,-1
1.37925,1.37925,1.37924,1.37924,-1.0,-1.0,-1
1.37924,1.37924,1.37917,1.37917,-1.0,-1.0,-1
1.37917,1.37917,1.37916,1.37917,-1.0,-1.0,-1
1.37917,1.37917,1.379145,1.37917,-1.0,-1.0,-1
1.37917,1.37917,1.379155,1.37917,-1.0,-1.0,-1
1.37917,1.37917,1.379165,1.37917,-1.0,-1.0,-1
1.37917,1.37917,1.37917,1.37917,-1.0,-1.0,-1
1.37917,1.37917,1.379165,1.379165,-1.0,-1.0,-1
1.379165,1.379165,1.379145,1.379145,-1.0,-1.0,-1
1.379145,1.379155,1.379145,1.37915,-1.0,-1.0,-1
1.37915,1.379155,1.379145,1.379155,-1.0,-1.0,-1
1.379155,1.379155,1.379145,1.379145,-1.0,-1.0,-1
1.379145,1.379155,1.379145,1.379155,-1.0,-1.0,-1
1.379155,1.37917,1.379155,1.379165,-1.0,-1.0,-1
1.379165,1.379165,1.379145,1.379145,-1.0,-1.0,-1
1.379145,1.37916,1.379145,1.379155,-1.0,-1.0,-1
1.379155,1.37916,1.379155,1.37916,-1.0,-1.0,-1
1.37916,1.37916,1.379155,1.37916,-1.0,-1.0,-1
1.37916,1.37917,1.37916,1.37917,-1.0,-1.0,-1
1.37917,1.379175,1.37917,1.379175,-1.0,-1.0,-1
1.379175,1.379185,1.37917,1.379175,-1.0,-1.0,-1
1.379175,1.379175,1.37917,1.37917,-1.0,-1.0,-1
1.37917,1.37917,1.379145,1.37915,-1.0,-1.0,-1
1.37915,1.37915,1.379095,1.379095,-1.0,-1.0,-1
1.379095,1.379125,1.379095,1.37912,-1.0,-1.0,-1
1.37912,1.379125,1.379115,1.37912,-1.0,-1.0,-1
1.37912,1.379135,1.37912,1.379135,-1.0,-1.0,-1
1.379135,1.379135,1.37913,1.37913,-1.0,-1.0,-1
1.37913,1.37913,1.379115,1.379115,-1.0,-1.0,-1
1.379115,1.37912,1.379115,1.37912,-1.0,-1.0,-1
1.37912,1.379125,1.37911,1.379125,-1.0,-1.0,-1
1.379125,1.379125,1.37912,1.379125,-1.0,-1.0,-1
1.379125,1.379135,1.379125,1.379125,-1.0,-1.0,-1
1.379125,1.379135,1.379125,1.37913,-1.0,-1.0,-1
1.37913,1.379135,1.379115,1.37912,-1.0,-1.0,-1
1.37912,1.37912,1.379115,1.379115,-1.0,-1.0,-1
1.379115,1.37912,1.379115,1.37912,-1.0,-1.0,-1
1.37912,1.37912,1.37907,1.379075,-1.0,-1.0,-1
1.379075,1.379125,1.379075,1.37912,-1.0,-1.0,-1
1.37912,1.379125,1.37912,1.379125,-1.0,-1.0,-1
1.379125,1.379125,1.379125,1.379125,-1.0,-1.0,-1
1.379125,1.379125,1.37909,1.37909,-1.0,-1.0,-1
1.37909,1.37915,1.37909,1.379105,-1.0,-1.0,-1
1.379105,1.379125,1.379105,1.379115,-1.0,-1.0,-1
1.379115,1.379125,1.379115,1.37912,-1.0,-1.0,-1
1.37912,1.379125,1.37912,1.379125,-1.0,-1.0,-1
1.379125,1.379125,1.379115,1.37912,-1.0,-1.0,-1
1.37912,1.379125,1.37907,1.379075,-1.0,-1.0,-1
1.379075,1.379085,1.37907,1.37907,-1.0,-1.0,-1
1.37907,1.37907,1.379015,1.379025,-1.0,-1.0,-1
1.379025,1.37903,1.379005,1.379005,-1.0,-1.0,-1
1.379005,1.379025,1.379005,1.379015,-1.0,-1.0,-1
1.379015,1.379055,1.37901,1.37903,-1.0,-1.0,-1
1.37903,1.379035,1.37902,1.37902,-1.0,-1.0,-1
1.37902,1.379055,1.37902,1.379055,-1.0,-1.0,-1
1.379055,1.379055,1.37902,1.37902,-1.0,-1.0,-1
1.37902,1.379035,1.37902,1.379035,-1.0,-1.0,-1
1.379035,1.379035,1.37902,1.37902,-1.0,-1.0,-1
1.37902,1.37911,1.37902,1.37908,-1.0,-1.0,-1
1.37908,1.37916,1.37908,1.37916,-1.0,-1.0,-1
1.37916,1.37917,1.37916,1.37916,-1.0,-1.0,-1
1.37916,1.379165,1.37916,1.37916,-1.0,-1.0,-1
1.37916,1.37918,1.37916,1.37918,-1.0,-1.0,-1
1.37918,1.37918,1.379145,1.379165,-1.0,-1.0,-1
1.379165,1.379165,1.379155,1.379155,-1.0,-1.0,-1
1.379155,1.37916,1.37915,1.379155,-1.0,-1.0,-1
1.379155,1.37918,1.37915,1.37917,-1.0,-1.0,-1
1.37917,1.37923,1.37917,1.379205,-1.0,-1.0,-1
1.379205,1.379205,1.379195,1.379205,-1.0,-1.0,-1
1.379205,1.379205,1.379165,1.379165,-1.0,-1.0,-1
1.379165,1.37919,1.379165,1.37918,-1.0,-1.0,-1
1.37918,1.37921,1.379175,1.37921,-1.0,-1.0,-1
1.37921,1.37921,1.379205,1.379205,-1.0,-1.0,-1
1.379205,1.37921,1.379205,1.37921,-1.0,-1.0,-1
1.37921,1.37921,1.379205,1.379205,-1.0,-1.0,-1
1.379205,1.379225,1.379205,1.379225,-1.0,-1.0,-1
1.379225,1.379245,1.37919,1.379245,-1.0,-1.0,-1
1.379245,1.379255,1.379245,1.37925,-1.0,-1.0,-1
1.37925,1.37926,1.379225,1.379235,-1.0,-1.0,-1
1.379235,1.379255,1.379225,1.37924,-1.0,-1.0,-1
1.37924,1.379245,1.379215,1.379235,-1.0,-1.0,-1
1.379235,1.37926,1.379215,1.37926,-1.0,-1.0,-1
1.37926,1.379275,1.37924,1.379265,-1.0,-1.0,-1
1.379265,1.379305,1.379265,1.379305,-1.0,-1.0,-1
1.379305,1.37932,1.379305,1.37931,-1.0,-1.0,-1
1.37931,1.379325,1.379305,1.379325,-1.0,-1.0,-1
1.379325,1.379455,1.379315,1.37944,-1.0,-1.0,-1
1.37944,1.37946,1.37944,1.37945,-1.0,-1.0,-1
1.37945,1.379465,1.37945,1.37945,-1.0,-1.0,-1
1.37945,1.379515,1.37945,1.379515,-1.0,-1.0,-1
1.379515,1.379515,1.379495,1.37951,-1.0,-1.0,-1
1.37951,1.379515,1.37945,1.379495,-1.0,-1.0,-1
1.379495,1.379495,1.379475,1.379475,-1.0,-1.0,-1
1.379475,1.379475,1.379445,1.379445,-1.0,-1.0,-1
1.379445,1.37945,1.379435,1.379435,-1.0,-1.0,-1
1.379435,1.37944,1.379435,1.379435,-1.0,-1.0,-1
1.379435,1.379435,1.379345,1.37936,-1.0,-1.0,-1
1.37936,1.379395,1.37936,1.379395,-1.0,-1.0,-1
1.379395,1.3794,1.379395,1.379395,-1.0,-1.0,-1
1.379395,1.379405,1.379375,1.379375,-1.0,-1.0,-1
1.379375,1.379375,1.379365,1.379365,-1.0,-1.0,-1
1.379365,1.379385,1.379365,1.379385,-1.0,-1.0,-1
1.379385,1.379385,1.379355,1.37936,-1.0,-1.0,-1
1.37936,1.37937,1.37936,1.37936,-1.0,-1.0,-1
1.37936,1.379365,1.37936,1.37936,-1.0,-1.0,-1
1.37936,1.37937,1.379355,1.37936,-1.0,-1.0,-1
1.37936,1.379365,1.37934,1.379345,-1.0,-1.0,-1
1.379345,1.379345,1.379285,1.379285,-1.0,-1.0,-1
1.379285,1.379285,1.37927,1.379285,-1.0,-1.0,-1
1.379285,1.379305,1.379285,1.379305,-1.0,-1.0,-1
1.379305,1.379305,1.3793,1.3793,-1.0,-1.0,-1
1.3793,1.3793,1.379295,1.3793,-1.0,-1.0,-1
1.3793,1.37936,1.3793,1.37934,-1.0,-1.0,-1
1.37934,1.379345,1.37933,1.37934,-1.0,-1.0,-1
1.37934,1.379345,1.379285,1.379285,-1.0,-1.0,-1
1.379285,1.37929,1.379265,1.37927,-1.0,-1.0,-1
1.37927,1.37927,1.37927,1.37927,-1.0,-1.0,-1
1.37927,1.37927,1.37927,1.37927,-1.0,-1.0,-1
1.37927,1.379275,1.37926,1.379275,-1.0,-1.0,-1
1.379275,1.379275,1.37926,1.37926,-1.0,-1.0,-1
1.37926,1.37927,1.37926,1.379265,-1.0,-1.0,-1
1.379265,1.379265,1.379265,1.379265,-1.0,-1.0,-1
1.379265,1.379335,1.379265,1.379335,-1.0,-1.0,-1
1.379335,1.379335,1.37932,1.379325,-1.0,-1.0,-1
1.379325,1.379325,1.37928,1.37928,-1.0,-1.0,-1
1.37928,1.3793,1.37928,1.3793,-1.0,-1.0,-1
1.3793,1.3793,1.3793,1.3793,-1.0,-1.0,-1
1.3793,1.379305,1.37928,1.37928,-1.0,-1.0,-1
1.37928,1.379305,1.37928,1.379305,-1.0,-1.0,-1
1.379305,1.379315,1.3793,1.379315,-1.0,-1.0,-1
1.379315,1.379315,1.379305,1.37931,-1.0,-1.0,-1
1.37931,1.379315,1.3793,1.3793,-1.0,-1.0,-1
1.3793,1.379305,1.3793,1.3793,-1.0,-1.0,-1
1.3793,1.379305,1.37929,1.37929,-1.0,-1.0,-1
1.37929,1.37929,1.37929,1.37929,-1.0,-1.0,-1
1.37929,1.37929,1.37929,1.37929,-1.0,-1.0,-1
1.37929,1.379325,1.37928,1.37932,-1.0,-1.0,-1
1.37932,1.379325,1.379315,1.379325,-1.0,-1.0,-1
1.379325,1.37934,1.37932,1.37934,-1.0,-1.0,-1
1.37934,1.37935,1.37934,1.37935,-1.0,-1.0,-1
1.37935,1.37935,1.379345,1.379345,-1.0,-1.0,-1
1.379345,1.37937,1.379345,1.379365,-1.0,-1.0,-1
1.379365,1.37937,1.379355,1.379355,-1.0,-1.0,-1
1.379355,1.37937,1.379355,1.37936,-1.0,-1.0,-1
1.37936,1.37943,1.37936,1.37943,-1.0,-1.0,-1
1.37943,1.379455,1.37943,1.37944,-1.0,-1.0,-1
1.37944,1.379445,1.37944,1.37944,-1.0,-1.0,-1
1.37944,1.379465,1.37944,1.379455,-1.0,-1.0,-1
1.379455,1.37946,1.379435,1.379435,-1.0,-1.0,-1
1.379435,1.37945,1.37938,1.37944,-1.0,-1.0,-1
1.37944,1.379455,1.37944,1.37945,-1.0,-1.0,-1
1.37945,1.379455,1.37945,1.37945,-1.0,-1.0,-1
1.37945,1.37946,1.37945,1.379455,-1.0,-1.0,-1
1.379455,1.37951,1.379455,1.37951,-1.0,-1.0,-1
1.37951,1.37952,1.379505,1.37951,-1.0,-1.0,-1
1.37951,1.37954,1.37947,1.379475,-1.0,-1.0,-1
1.379475,1.379475,1.37945,1.37945,-1.0,-1.0,-1
1.37945,1.37946,1.37945,1.379455,-1.0,-1.0,-1
1.379455,1.37946,1.37945,1.37945,-1.0,-1.0,-1
1.37945,1.37946,1.37944,1.37944,-1.0,-1.0,-1
1.37944,1.37945,1.37943,1.379445,-1.0,-1.0,-1
1.379445,1.37945,1.379445,1.379445,-1.0,-1.0,-1
1.379445,1.379455,1.379445,1.37945,-1.0,-1.0,-1
1.37945,1.379455,1.379445,1.37945,-1.0,-1.0,-1
1.37945,1.379455,1.37945,1.37945,-1.0,-1.0,-1
1.37945,1.379455,1.37945,1.37945,-1.0,-1.0,-1
1.37945,1.379455,1.37945,1.37945,-1.0,-1.0,-1
1.37945,1.379455,1.379435,1.37944,-1.0,-1.0,-1
1.37944,1.379445,1.379435,1.37944,-1.0,-1.0,-1
1.37944,1.379455,1.37944,1.37945,-1.0,-1.0,-1
1.37945,1.37946,1.37945,1.379455,-1.0,-1.0,-1
1.379455,1.37946,1.37945,1.379455,-1.0,-1.0,-1
1.379455,1.37946,1.37945,1.37945,-1.0,-1.0,-1
1.37945,1.37946,1.37945,1.37945,-1.0,-1.0,-1
1.37945,1.379455,1.379435,1.379435,-1.0,-1.0,-1
1.379435,1.379445,1.379435,1.37944,-1.0,-1.0,-1
1.37944,1.37944,1.3794,1.379405,-1.0,-1.0,-1
1.379405,1.37943,1.3794,1.37942,-1.0,-1.0,-1
1.37942,1.37944,1.379415,1.37943,-1.0,-1.0,-1
1.37943,1.37943,1.379415,1.37943,-1.0,-1.0,-1
1.37943,1.37945,1.37943,1.379435,-1.0,-1.0,-1
1.379435,1.379435,1.379435,1.379435,-1.0,-1.0,-1
1.379435,1.379435,1.37942,1.37943,-1.0,-1.0,-1
1.37943,1.37945,1.379415,1.379445,-1.0,-1.0,-1
1.379445,1.379455,1.379445,1.37945,-1.0,-1.0,-1
1.37945,1.37947,1.37945,1.37947,-1.0,-1.0,-1
1.37947,1.37947,1.37947,1.37947,-1.0,-1.0,-1
1.37947,1.379525,1.379465,1.37951,-1.0,-1.0,-1
1.37951,1.379515,1.379505,1.379505,-1.0,-1.0,-1
1.379505,1.37951,1.379495,1.37951,-1.0,-1.0,-1
1.37951,1.37951,1.379465,1.379475,-1.0,-1.0,-1
1.379475,1.37948,1.37945,1.379455,-1.0,-1.0,-1
1.379455,1.37947,1.379455,1.379455,-1.0,-1.0,-1
1.379455,1.37947,1.379455,1.37947,-1.0,-1.0,-1
1.37947,1.379505,1.37947,1.379505,-1.0,-1.0,-1
1.379505,1.37951,1.379505,1.379505,-1.0,-1.0,-1
1.379505,1.37951,1.37949,1.379505,-1.0,-1.0,-1
1.379505,1.37951,1.379495,1.379495,-1.0,-1.0,-1
1.379495,1.379505,1.379495,1.3795,-1.0,-1.0,-1
1.3795,1.3795,1.3795,1.3795,-1.0,-1.0,-1
1.3795,1.379505,1.379495,1.3795,-1.0,-1.0,-1
1.3795,1.3795,1.3795,1.3795,-1.0,-1.0,-1
1.3795,1.37951,1.37949,1.379495,-1.0,-1.0,-1
1.379495,1.37953,1.379495,1.379495,-1.0,-1.0,-1
1.379495,1.37953,1.379495,1.37953,-1.0,-1.0,-1
1.37953,1.379555,1.37953,1.379545,-1.0,-1.0,-1
1.379545,1.379545,1.37954,1.37954,-1.0,-1.0,-1
1.37954,1.37954,1.379535,1.37954,-1.0,-1.0,-1
1.37954,1.37954,1.37954,1.37954,-1.0,-1.0,-1
1.37954,1.37954,1.37954,1.37954,-1.0,-1.0,-1
1.37954,1.37954,1.379525,1.37953,-1.0,-1.0,-1
1.37953,1.379535,1.37953,1.379535,-1.0,-1.0,-1
1.379535,1.379535,1.37953,1.379535,-1.0,-1.0,-1
1.379535,1.379535,1.379465,1.379535,-1.0,-1.0,-1
1.379535,1.37954,1.379535,1.37954,-1.0,-1.0,-1
1.37954,1.37954,1.37954,1.37954,-1.0,-1.0,-1
1.37954,1.37954,1.37954,1.37954,-1.0,-1.0,-1
1.37954,1.37954,1.37954,1.37954,-1.0,-1.0,-1
1.37954,1.37954,1.37954,1.37954,-1.0,-1.0,-1
1.37954,1.37954,1.37954,1.37954,-1.0,-1.0,-1
1.37954,1.37955,1.37954,1.379545,-1.0,-1.0,-1
1.379545,1.37955,1.37954,1.37954,-1.0,-1.0,-1
1.37954,1.37955,1.37954,1.37954,-1.0,-1.0,-1
1.37954,1.37954,1.37954,1.37954,-1.0,-1.0,-1
1.37954,1.37954,1.37954,1.37954,-1.0,-1.0,-1
1.37954,1.379545,1.379515,1.37954,-1.0,-1.0,-1
1.37954,1.379545,1.379535,1.379535,-1.0,-1.0,-1
1.379535,1.379535,1.379525,1.37953,-1.0,-1.0,-1
1.37953,1.37953,1.37953,1.37953,-1.0,-1.0,-1
1.37953,1.379545,1.37948,1.37948,-1.0,-1.0,-1
1.37948,1.379485,1.37948,1.37948,-1.0,-1.0,-1
1.37948,1.37948,1.379455,1.37946,-1.0,-1.0,-1
1.37946,1.379465,1.37946,1.37946,-1.0,-1.0,-1
1.37946,1.379465,1.37946,1.37946,-1.0,-1.0,-1
1.37946,1.379465,1.37946,1.37946,-1.0,-1.0,-1
1.37946,1.37954,1.37946,1.379465,-1.0,-1.0,-1
1.379465,1.37947,1.37944,1.37944,-1.0,-1.0,-1
1.37944,1.37944,1.37944,1.37944,-1.0,-1.0,-1
1.37944,1.37944,1.37944,1.37944,-1.0,-1.0,-1
1.37944,1.37944,1.37944,1.37944,-1.0,-1.0,-1
1.37944,1.37944,1.37944,1.37944,-1.0,-1.0,-1
1.37944,1.37944,1.37944,1.37944,-1.0,-1.0,-1
1.37944,1.37944,1.37944,1.37944,-1.0,-1.0,-1
1.37944,1.37945,1.37944,1.37945,-1.0,-1.0,-1
1.37945,1.37945,1.3794,1.379405,-1.0,-1.0,-1
1.379405,1.37941,1.3794,1.37941,-1.0,-1.0,-1
1.37941,1.37941,1.379405,1.37941,-1.0,-1.0,-1
1.37941,1.37941,1.379365,1.37937,-1.0,-1.0,-1
1.37937,1.379375,1.37935,1.37935,-1.0,-1.0,-1
1.37935,1.37935,1.379335,1.379335,-1.0,-1.0,-1
1.379335,1.37935,1.379335,1.37935,-1.0,-1.0,-1
1.37935,1.379365,1.37934,1.37935,-1.0,-1.0,-1
1.37935,1.379365,1.37935,1.37936,-1.0,-1.0,-1
1.37936,1.37942,1.37935,1.37942,-1.0,-1.0,-1
1.37942,1.37942,1.379415,1.37942,-1.0,-1.0,-1
1.37942,1.37942,1.379415,1.37942,-1.0,-1.0,-1
1.37942,1.37942,1.37936,1.379365,-1.0,-1.0,-1
1.379365,1.37938,1.37936,1.37938,-1.0,-1.0,-1
1.37938,1.37938,1.37938,1.37938,-1.0,-1.0,-1
1.37938,1.37938,1.379355,1.37936,-1.0,-1.0,-1
1.37936,1.379375,1.379355,1.37936,-1.0,-1.0,-1
1.37936,1.379375,1.37929,1.37929,-1.0,-1.0,-1
1.37929,1.379325,1.379275,1.379325,-1.0,-1.0,-1
1.379325,1.37943,1.37932,1.37943,-1.0,-1.0,-1
1.37943,1.37943,1.379395,1.379395,-1.0,-1.0,-1
1.379395,1.37943,1.37939,1.37943,-1.0,-1.0,-1
1.37943,1.37943,1.37943,1.37943,-1.0,-1.0,-1
1.37943,1.37943,1.37943,1.37943,-1.0,-1.0,-1
1.37943,1.379455,1.37943,1.37944,-1.0,-1.0,-1
1.37944,1.37944,1.379365,1.379365,-1.0,-1.0,-1
1.379365,1.37939,1.37936,1.37939,-1.0,-1.0,-1
1.37939,1.37939,1.37939,1.37939,-1.0,-1.0,-1
1.37939,1.37939,1.379385,1.379385,-1.0,-1.0,-1
1.379385,1.379405,1.379345,1.379345,-1.0,-1.0,-1
1.379345,1.37938,1.379345,1.379365,-1.0,-1.0,-1
1.379365,1.37938,1.379355,1.37938,-1.0,-1.0,-1
1.37938,1.37938,1.37935,1.37935,-1.0,-1.0,-1
1.37935,1.37935,1.379345,1.379345,-1.0,-1.0,-1
1.379345,1.37935,1.379345,1.37935,-1.0,-1.0,-1
1.37935,1.37935,1.37935,1.37935,-1.0,-1.0,-1
1.37935,1.37935,1.379345,1.37935,-1.0,-1.0,-1
1.37935,1.37935,1.37935,1.37935,-1.0,-1.0,-1
1.37935,1.379365,1.379345,1.37936,-1.0,-1.0,-1
1.37936,1.37937,1.37936,1.379365,-1.0,-1.0,-1
1.379365,1.379385,1.37936,1.379385,-1.0,-1.0,-1
1.379385,1.379385,1.37937,1.379375,-1.0,-1.0,-1
1.379375,1.37938,1.37937,1.37937,-1.0,-1.0,-1
1.37937,1.379415,1.37937,1.379395,-1.0,-1.0,-1
1.379395,1.3794,1.379395,1.379395,-1.0,-1.0,-1
1.379395,1.3794,1.379395,1.3794,-1.0,-1.0,-1
1.3794,1.37941,1.3794,1.37941,-1.0,-1.0,-1
1.37941,1.379435,1.379405,1.379435,-1.0,-1.0,-1
1.379435,1.379435,1.379435,1.379435,-1.0,-1.0,-1
1.379435,1.379435,1.379435,1.379435,-1.0,-1.0,-1
1.379435,1.379435,1.379435,1.379435,-1.0,-1.0,-1
1.379435,1.37946,1.379435,1.37945,-1.0,-1.0,-1
1.37945,1.379455,1.379445,1.37945,-1.0,-1.0,-1
1.37945,1.37945,1.379445,1.379445,-1.0,-1.0,-1
1.379445,1.379445,1.379445,1.379445,-1.0,-1.0,-1
1.379445,1.379445,1.379445,1.379445,-1.0,-1.0,-1
1.379445,1.379445,1.379445,1.379445,-1.0,-1.0,-1
1.379445,1.379445,1.37944,1.37944,-1.0,-1.0,-1
1.37944,1.379455,1.37944,1.37945,-1.0,-1.0,-1
1.37945,1.379455,1.379445,1.37945,-1.0,-1.0,-1
1.37945,1.379455,1.37944,1.37944,-1.0,-1.0,-1
1.37944,1.379455,1.37944,1.37944,-1.0,-1.0,-1
1.37944,1.37944,1.37944,1.37944,-1.0,-1.0,-1
1.37944,1.37944,1.379435,1.379435,-1.0,-1.0,-1
1.379435,1.379435,1.379435,1.379435,-1.0,-1.0,-1
1.379435,1.37944,1.379435,1.37944,-1.0,-1.0,-1
1.37944,1.37944,1.3794,1.379425,-1.0,-1.0,-1
1.379425,1.379425,1.379425,1.379425,-1.0,-1.0,-1
1.379425,1.37943,1.379425,1.37943,-1.0,-1.0,-1
1.37943,1.37944,1.37943,1.37944,-1.0,-1.0,-1
1.37944,1.37944,1.37944,1.37944,-1.0,-1.0,-1
1.37944,1.37944,1.37944,1.37944,-1.0,-1.0,-1
1.37944,1.37944,1.37939,1.37939,-1.0,-1.0,-1
1.37939,1.37939,1.37936,1.37936,-1.0,-1.0,-1
1.37936,1.379395,1.37936,1.379395,-1.0,-1.0,-1
1.379395,1.379395,1.379395,1.379395,-1.0,-1.0,-1
1.379395,1.379395,1.379395,1.379395,-1.0,-1.0,-1
1.379395,1.379395,1.37939,1.37939,-1.0,-1.0,-1
1.37939,1.379435,1.379385,1.379435,-1.0,-1.0,-1
1.379435,1.379435,1.37939,1.37939,-1.0,-1.0,-1
1.37939,1.37939,1.37937,1.37937,-1.0,-1.0,-1
1.37937,1.37943,1.37937,1.37943,-1.0,-1.0,-1
1.37943,1.37943,1.37939,1.37939,-1.0,-1.0,-1
1.37939,1.37939,1.37939,1.37939,-1.0,-1.0,-1
1.37939,1.37941,1.379385,1.379385,-1.0,-1.0,-1
1.379385,1.379385,1.379385,1.379385,-1.0,-1.0,-1
1.379385,1.379385,1.37936,1.37936,-1.0,-1.0,-1
1.37936,1.37937,1.37936,1.379365,-1.0,-1.0,-1
1.379365,1.37937,1.379365,1.379365,-1.0,-1.0,-1
1.379365,1.37937,1.37935,1.37935,-1.0,-1.0,-1
1.37935,1.37935,1.37934,1.37934,-1.0,-1.0,-1
1.37934,1.37934,1.379285,1.379285,-1.0,-1.0,-1
1.379285,1.379285,1.379285,1.379285,-1.0,-1.0,-1
1.379285,1.379285,1.37927,1.37927,-1.0,-1.0,-1
1.37927,1.379285,1.37927,1.379285,-1.0,-1.0,-1
1.379285,1.379285,1.37919,1.3792,-1.0,-1.0,-1
1.3792,1.379225,1.3792,1.37922,-1.0,-1.0,-1
1.37922,1.37924,1.3792,1.3792,-1.0,-1.0,-1
1.3792,1.37924,1.379185,1.37924,-1.0,-1.0,-1
1.37924,1.37924,1.37922,1.37923,-1.0,-1.0,-1
1.37923,1.379235,1.37922,1.37923,-1.0,-1.0,-1
1.37923,1.379245,1.37922,1.379245,-1.0,-1.0,-1
1.379245,1.379245,1.379245,1.379245,-1.0,-1.0,-1
1.379245,1.379255,1.379245,1.379255,-1.0,-1.0,-1
1.379255,1.37926,1.379255,1.37926,-1.0,-1.0,-1
1.37926,1.37926,1.37925,1.37925,-1.0,-1.0,-1
1.37925,1.37925,1.379245,1.379245,-1.0,-1.0,-1
1.379245,1.379245,1.3792,1.37921,-1.0,-1.0,-1
1.37921,1.379245,1.37921,1.379245,-1.0,-1.0,-1
1.379245,1.379255,1.379245,1.379255,-1.0,-1.0,-1
1.379255,1.379255,1.379255,1.379255,-1.0,-1.0,-1
1.379255,1.37926,1.379255,1.37926,-1.0,-1.0,-1
1.37926,1.37926,1.379255,1.379255,-1.0,-1.0,-1
1.379255,1.379265,1.379255,1.379265,-1.0,-1.0,-1
1.379265,1.37942,1.379265,1.37942,-1.0,-1.0,-1
1.37942,1.37949,1.37942,1.37949,-1.0,-1.0,-1
1.37949,1.37949,1.37949,1.37949,-1.0,-1.0,-1
1.37949,1.379515,1.37948,1.379515,-1.0,-1.0,-1
1.379515,1.379525,1.379515,1.37952,-1.0,-1.0,-1
1.37952,1.37953,1.3795,1.379525,-1.0,-1.0,-1
1.379525,1.379525,1.37952,1.37952,-1.0,-1.0,-1
1.37952,1.37952,1.379515,1.37952,-1.0,-1.0,-1
1.37952,1.37952,1.37952,1.37952,-1.0,-1.0,-1
1.37952,1.37952,1.37947,1.37947,-1.0,-1.0,-1
1.37947,1.379475,1.379415,1.37944,-1.0,-1.0,-1
1.37944,1.37945,1.379435,1.37945,-1.0,-1.0,-1
1.37945,1.379455,1.379445,1.379455,-1.0,-1.0,-1
1.379455,1.37946,1.37944,1.37944,-1.0,-1.0,-1
1.37944,1.37944,1.379435,1.379435,-1.0,-1.0,-1
1.379435,1.37944,1.379435,1.37944,-1.0,-1.0,-1
1.37944,1.37944,1.379435,1.379435,-1.0,-1.0,-1
1.379435,1.379435,1.379435,1.379435,-1.0,-1.0,-1
1.379435,1.379435,1.379425,1.379425,-1.0,-1.0,-1
1.379425,1.379435,1.379375,1.37939,-1.0,-1.0,-1
1.37939,1.379435,1.37939,1.379435,-1.0,-1.0,-1
1.379435,1.379435,1.379435,1.379435,-1.0,-1.0,-1
1.379435,1.37944,1.379435,1.37944,-1.0,-1.0,-1
1.37944,1.37944,1.379435,1.379435,-1.0,-1.0,-1
1.379435,1.379435,1.379425,1.37943,-1.0,-1.0,-1
1.37943,1.37944,1.379425,1.37944,-1.0,-1.0,-1
1.37944,1.37944,1.37944,1.37944,-1.0,-1.0,-1
1.37944,1.37944,1.379435,1.379435,-1.0,-1.0,-1
1.379435,1.379435,1.379435,1.379435,-1.0,-1.0,-1
1.379435,1.379435,1.379435,1.379435,-1.0,-1.0,-1
1.379435,1.379435,1.379435,1.379435,-1.0,-1.0,-1
1.379435,1.37944,1.379435,1.37944,-1.0,-1.0,-1
1.37944,1.37944,1.379435,1.379435,-1.0,-1.0,-1
1.379435,1.37947,1.379435,1.379465,-1.0,-1.0,-1
1.379465,1.37947,1.379465,1.379465,-1.0,-1.0,-1
1.379465,1.37947,1.379375,1.379375,-1.0,-1.0,-1
1.379375,1.379435,1.37936,1.37937,-1.0,-1.0,-1
1.37937,1.37938,1.37937,1.379375,-1.0,-1.0,-1
1.379375,1.37938,1.37937,1.379375,-1.0,-1.0,-1
1.379375,1.37938,1.37937,1.379375,-1.0,-1.0,-1
1.379375,1.37938,1.37937,1.37937,-1.0,-1.0,-1
1.37937,1.37938,1.3793,1.37932,-1.0,-1.0,-1
1.37932,1.37932,1.379285,1.379285,-1.0,-1.0,-1
1.379285,1.379285,1.379265,1.379265,-1.0,-1.0,-1
1.379265,1.37928,1.379265,1.37928,-1.0,-1.0,-1
1.37928,1.37928,1.37927,1.37927,-1.0,-1.0,-1
1.37927,1.37927,1.37927,1.37927,-1.0,-1.0,-1
1.37927,1.37927,1.37927,1.37927,-1.0,-1.0,-1
1.37927,1.379275,1.37927,1.37927,-1.0,-1.0,-1
1.37927,1.37927,1.37927,1.37927,-1.0,-1.0,-1
1.37927,1.379285,1.37927,1.37928,-1.0,-1.0,-1
1.37928,1.37928,1.37927,1.379275,-1.0,-1.0,-1
1.379275,1.379275,1.379275,1.379275,-1.0,-1.0,-1
1.379275,1.37929,1.379265,1.379265,-1.0,-1.0,-1
1.379265,1.379265,1.37926,1.37926,-1.0,-1.0,-1
1.37926,1.37926,1.37926,1.37926,-1.0,-1.0,-1
1.37926,1.37926,1.379245,1.379245,-1.0,-1.0,-1
1.379245,1.379245,1.379245,1.379245,-1.0,-1.0,-1
1.379245,1.379245,1.37924,1.37924,-1.0,-1.0,-1
1.37924,1.37924,1.379185,1.37921,-1.0,-1.0,-1
1.37921,1.379275,1.37921,1.379275,-1.0,-1.0,-1
1.379275,1.379345,1.379275,1.379345,-1.0,-1.0,-1
1.379345,1.37935,1.37934,1.37934,-1.0,-1.0,-1
1.37934,1.379345,1.37934,1.379345,-1.0,-1.0,-1
1.379345,1.379355,1.379335,1.379335,-1.0,-1.0,-1
1.379335,1.379335,1.37933,1.379335,-1.0,-1.0,-1
1.379335,1.37934,1.379335,1.37934,-1.0,-1.0,-1
1.37934,1.37935,1.37934,1.379345,-1.0,-1.0,-1
1.379345,1.379345,1.379345,1.379345,-1.0,-1.0,-1
1.379345,1.379345,1.379345,1.379345,-1.0,-1.0,-1
1.379345,1.379345,1.379345,1.379345,-1.0,-1.0,-1
1.379345,1.37935,1.379345,1.379345,-1.0,-1.0,-1
1.379345,1.37935,1.379335,1.379335,-1.0,-1.0,-1
1.379335,1.379335,1.37933,1.37933,-1.0,-1.0,-1
1.37933,1.37934,1.37933,1.37934,-1.0,-1.0,-1
1.37934,1.37936,1.37934,1.379355,-1.0,-1.0,-1
1.379355,1.379375,1.379355,1.379355,-1.0,-1.0,-1
1.379355,1.379365,1.37935,1.379365,-1.0,-1.0,-1
1.379365,1.37944,1.379365,1.379425,-1.0,-1.0,-1
1.379425,1.37944,1.379425,1.37944,-1.0,-1.0,-1
1.37944,1.37945,1.37943,1.379435,-1.0,-1.0,-1
1.379435,1.379435,1.379365,1.379365,-1.0,-1.0,-1
1.379365,1.379365,1.37935,1.37935,-1.0,-1.0,-1
1.37935,1.379365,1.37935,1.379355,-1.0,-1.0,-1
1.379355,1.379355,1.37934,1.37934,-1.0,-1.0,-1
1.37934,1.37934,1.379335,1.379335,-1.0,-1.0,-1
1.379335,1.37934,1.37933,1.37934,-1.0,-1.0,-1
1.37934,1.379345,1.379335,1.379345,-1.0,-1.0,-1
1.379345,1.379345,1.379275,1.37929,-1.0,-1.0,-1
1.37929,1.37929,1.37927,1.37927,-1.0,-1.0,-1
1.37927,1.379285,1.37927,1.379285,-1.0,-1.0,-1
1.379285,1.379285,1.379275,1.37928,-1.0,-1.0,-1
1.37928,1.37928,1.379275,1.379275,-1.0,-1.0,-1
1.379275,1.379275,1.379275,1.379275,-1.0,-1.0,-1
1.379275,1.37928,1.379275,1.37928,-1.0,-1.0,-1
1.37928,1.379345,1.37928,1.379345,-1.0,-1.0,-1
1.379345,1.379345,1.379345,1.379345,-1.0,-1.0,-1
1.379345,1.379345,1.379345,1.379345,-1.0,-1.0,-1
1.379345,1.37942,1.379345,1.37942,-1.0,-1.0,-1
1.37942,1.37946,1.37941,1.379425,-1.0,-1.0,-1
1.379425,1.37946,1.379425,1.37944,-1.0,-1.0,-1
1.37944,1.37946,1.37944,1.379455,-1.0,-1.0,-1
1.379455,1.37947,1.37943,1.37946,-1.0,-1.0,-1
1.37946,1.379465,1.37946,1.37946,-1.0,-1.0,-1
1.37946,1.379465,1.37946,1.37946,-1.0,-1.0,-1
1.37946,1.379465,1.379395,1.3794,-1.0,-1.0,-1
1.3794,1.379405,1.37939,1.37939,-1.0,-1.0,-1
1.37939,1.379405,1.37936,1.37936,-1.0,-1.0,-1
1.37936,1.37936,1.37936,1.37936,-1.0,-1.0,-1
1.37936,1.379365,1.37936,1.379365,-1.0,-1.0,-1
1.379365,1.379375,1.379365,1.37937,-1.0,-1.0,-1
1.37937,1.379375,1.379365,1.379365,-1.0,-1.0,-1
1.379365,1.37941,1.379365,1.379405,-1.0,-1.0,-1
1.379405,1.379405,1.37939,1.3794,-1.0,-1.0,-1
1.3794,1.37941,1.379395,1.379405,-1.0,-1.0,-1
1.379405,1.379415,1.379375,1.37938,-1.0,-1.0,-1
1.37938,1.37939,1.37938,1.37938,-1.0,-1.0,-1
1.37938,1.37939,1.37938,1.37939,-1.0,-1.0,-1
1.37939,1.3794,1.37939,1.37939,-1.0,-1.0,-1
1.37939,1.37939,1.37936,1.37936,-1.0,-1.0,-1
1.37936,1.3794,1.37936,1.37936,-1.0,-1.0,-1
1.37936,1.37936,1.37936,1.37936,-1.0,-1.0,-1
1.37936,1.37936,1.37935,1.37935,-1.0,-1.0,-1
1.37935,1.37935,1.37935,1.37935,-1.0,-1.0,-1
1.37935,1.37935,1.37933,1.37933,-1.0,-1.0,-1
1.37933,1.37933,1.379305,1.37931,-1.0,-1.0,-1
1.37931,1.379365,1.379305,1.379365,-1.0,-1.0,-1
1.379365,1.37938,1.37936,1.379375,-1.0,-1.0,-1
1.379375,1.37938,1.379355,1.379355,-1.0,-1.0,-1
1.379355,1.379355,1.37934,1.37934,-1.0,-1.0,-1
1.37934,1.37934,1.37933,1.379335,-1.0,-1.0,-1
1.379335,1.379345,1.379335,1.379345,-1.0,-1.0,-1
1.379345,1.37935,1.37928,1.37928,-1.0,-1.0,-1
1.37928,1.37928,1.37928,1.37928,-1.0,-1.0,-1
1.37928,1.37932,1.37928,1.37932,-1.0,-1.0,-1
1.37932,1.379355,1.379315,1.379355,-1.0,-1.0,-1
1.379355,1.379375,1.379355,1.379355,-1.0,-1.0,-1
1.379355,1.37936,1.37935,1.37936,-1.0,-1.0,-1
1.37936,1.379365,1.379355,1.379355,-1.0,-1.0,-1
1.379355,1.379355,1.379345,1.379345,-1.0,-1.0,-1
1.379345,1.379355,1.379345,1.379355,-1.0,-1.0,-1
1.379355,1.379385,1.379355,1.379365,-1.0,-1.0,-1
1.379365,1.379365,1.379355,1.379355,-1.0,-1.0,-1
1.379355,1.379355,1.37935,1.37935,-1.0,-1.0,-1
1.37935,1.37936,1.379345,1.379345,-1.0,-1.0,-1
1.379345,1.379345,1.37934,1.37934,-1.0,-1.0,-1
1.37934,1.37934,1.37927,1.37927,-1.0,-1.0,-1
1.37927,1.37927,1.37927,1.37927,-1.0,-1.0,-1
1.37927,1.37928,1.37927,1.37928,-1.0,-1.0,-1
1.37928,1.37928,1.37927,1.37927,-1.0,-1.0,-1
1.37927,1.37927,1.37926,1.37926,-1.0,-1.0,-1
1.37926,1.379265,1.37925,1.379265,-1.0,-1.0,-1
1.379265,1.37927,1.379265,1.37927,-1.0,-1.0,-1
1.37927,1.37927,1.37927,1.37927,-1.0,-1.0,-1
1.37927,1.37927,1.379255,1.37926,-1.0,-1.0,-1
1.37926,1.37926,1.37926,1.37926,-1.0,-1.0,-1
1.37926,1.37926,1.37926,1.37926,-1.0,-1.0,-1
1.37926,1.379265,1.379255,1.379265,-1.0,-1.0,-1
1.379265,1.379265,1.379255,1.379255,-1.0,-1.0,-1
1.379255,1.379255,1.379225,1.379225,-1.0,-1.0,-1
1.379225,1.37926,1.379225,1.37926,-1.0,-1.0,-1
1.37926,1.37926,1.37926,1.37926,-1.0,-1.0,-1
1.37926,1.37926,1.37926,1.37926,-1.0,-1.0,-1
1.37926,1.37926,1.37926,1.37926,-1.0,-1.0,-1
1.37926,1.37926,1.37926,1.37926,-1.0,-1.0,-1
1.37926,1.37926,1.37926,1.37926,-1.0,-1.0,-1
1.37926,1.37926,1.37926,1.37926,-1.0,-1.0,-1
1.37926,1.379275,1.37926,1.37927,-1.0,-1.0,-1
1.37927,1.379275,1.37927,1.379275,-1.0,-1.0,-1
1.379275,1.379275,1.379275,1.379275,-1.0,-1.0,-1
1.379275,1.37932,1.379275,1.37932,-1.0,-1.0,-1
1.37932,1.37932,1.379275,1.379275,-1.0,-1.0,-1
1.379275,1.379285,1.37927,1.37927,-1.0,-1.0,-1
1.37927,1.3793,1.37927,1.3793,-1.0,-1.0,-1
1.3793,1.37931,1.379285,1.379285,-1.0,-1.0,-1
1.379285,1.379285,1.379265,1.379265,-1.0,-1.0,-1
1.379265,1.379265,1.379265,1.379265,-1.0,-1.0,-1
1.379265,1.379275,1.379265,1.379275,-1.0,-1.0,-1
1.379275,1.37928,1.379275,1.37928,-1.0,-1.0,-1
1.37928,1.37928,1.379275,1.37928,-1.0,-1.0,-1
1.37928,1.37928,1.379275,1.379275,-1.0,-1.0,-1
1.379275,1.37928,1.37927,1.379275,-1.0,-1.0,-1
1.379275,1.37928,1.379275,1.379275,-1.0,-1.0,-1
1.379275,1.379275,1.37927,1.37927,-1.0,-1.0,-1
1.37927,1.37928,1.379265,1.379275,-1.0,-1.0,-1
1.379275,1.37928,1.379275,1.37928,-1.0,-1.0,-1
1.37928,1.37928,1.379275,1.37928,-1.0,-1.0,-1
1.37928,1.37928,1.379275,1.379275,-1.0,-1.0,-1
1.379275,1.379275,1.379265,1.379265,-1.0,-1.0,-1
1.379265,1.379265,1.379255,1.379255,-1.0,-1.0,-1
1.379255,1.379255,1.37925,1.37925,-1.0,-1.0,-1
1.37925,1.379255,1.379195,1.3792,-1.0,-1.0,-1
1.3792,1.37921,1.3792,1.3792,-1.0,-1.0,-1
1.3792,1.37921,1.3792,1.37921,-1.0,-1.0,-1
1.37921,1.379225,1.37921,1.379225,-1.0,-1.0,-1
1.379225,1.379225,1.379195,1.379195,-1.0,-1.0,-1
1.379195,1.3792,1.379195,1.3792,-1.0,-1.0,-1
1.3792,1.37921,1.3792,1.37921,-1.0,-1.0,-1
1.37921,1.37921,1.3792,1.3792,-1.0,-1.0,-1
1.3792,1.3792,1.3792,1.3792,-1.0,-1.0,-1
1.3792,1.379235,1.3792,1.379235,-1.0,-1.0,-1
1.379235,1.379235,1.3792,1.379205,-1.0,-1.0,-1
1.379205,1.379205,1.379185,1.37919,-1.0,-1.0,-1
1.37919,1.37919,1.37919,1.37919,-1.0,-1.0,-1
1.37919,1.37919,1.37918,1.37918,-1.0,-1.0,-1
1.37918,1.37918,1.37918,1.37918,-1.0,-1.0,-1
1.37918,1.37918,1.37918,1.37918,-1.0,-1.0,-1
1.37918,1.37918,1.37917,1.37917,-1.0,-1.0,-1
1.37917,1.37917,1.37917,1.37917,-1.0,-1.0,-1
1.37917,1.37917,1.37917,1.37917,-1.0,-1.0,-1
1.37917,1.379175,1.37917,1.379175,-1.0,-1.0,-1
1.379175,1.37918,1.379175,1.379175,-1.0,-1.0,-1
1.379175,1.37918,1.379175,1.37918,-1.0,-1.0,-1
1.37918,1.37918,1.379175,1.379175,-1.0,-1.0,-1
1.379175,1.379175,1.379175,1.379175,-1.0,-1.0,-1
1.379175,1.379175,1.37916,1.37916,-1.0,-1.0,-1
1.37916,1.37916,1.379145,1.379155,-1.0,-1.0,-1
1.379155,1.379155,1.379155,1.379155,-1.0,-1.0,-1
1.379155,1.37916,1.379155,1.37916,-1.0,-1.0,-1
1.37916,1.379175,1.37916,1.37917,-1.0,-1.0,-1
1.37917,1.379175,1.379165,1.37917,-1.0,-1.0,-1
1.37917,1.379175,1.379165,1.379165,-1.0,-1.0,-1
1.379165,1.379175,1.379165,1.379175,-1.0,-1.0,-1
1.379175,1.379175,1.379165,1.379165,-1.0,-1.0,-1
1.379165,1.379165,1.379165,1.379165,-1.0,-1.0,-1
1.379165,1.379175,1.379165,1.37917,-1.0,-1.0,-1
1.37917,1.37917,1.37917,1.37917,-1.0,-1.0,-1
1.37917,1.37918,1.37917,1.379175,-1.0,-1.0,-1
1.379175,1.37918,1.379175,1.379175,-1.0,-1.0,-1
1.379175,1.379175,1.379175,1.379175,-1.0,-1.0,-1
1.379175,1.379175,1.379165,1.379165,-1.0,-1.0,-1
1.379165,1.37917,1.379165,1.37917,-1.0,-1.0,-1
1.37917,1.379175,1.379165,1.37917,-1.0,-1.0,-1
1.37917,1.379175,1.379165,1.37917,-1.0,-1.0,-1
1.37917,1.379175,1.379165,1.37917,-1.0,-1.0,-1
1.37917,1.37917,1.379165,1.379165,-1.0,-1.0,-1
1.379165,1.379175,1.379165,1.379165,-1.0,-1.0,-1
1.379165,1.379165,1.379165,1.379165,-1.0,-1.0,-1
1.379165,1.379175,1.379165,1.379175,-1.0,-1.0,-1
1.379175,1.379175,1.379165,1.379165,-1.0,-1.0,-1
1.379165,1.379185,1.379165,1.379185,-1.0,-1.0,-1
1.379185,1.379265,1.379185,1.379265,-1.0,-1.0,-1
1.379265,1.379265,1.379255,1.379255,-1.0,-1.0,-1
1.379255,1.379255,1.379175,1.379175,-1.0,-1.0,-1
1.379175,1.37918,1.379175,1.379175,-1.0,-1.0,-1
1.379175,1.37918,1.379165,1.379165,-1.0,-1.0,-1
1.379165,1.37917,1.379165,1.379165,-1.0,-1.0,-1
1.379165,1.379165,1.379165,1.379165,-1.0,-1.0,-1
1.379165,1.379165,1.379165,1.379165,-1.0,-1.0,-1
1.379165,1.379165,1.379165,1.379165,-1.0,-1.0,-1
1.379165,1.379165,1.37916,1.379165,-1.0,-1.0,-1
1.379165,1.37918,1.37916,1.37917,-1.0,-1.0,-1
1.37917,1.379185,1.379165,1.379185,-1.0,-1.0,-1
1.379185,1.379185,1.37918,1.379185,-1.0,-1.0,-1
1.379185,1.379185,1.37918,1.379185,-1.0,-1.0,-1
1.379185,1.37921,1.379175,1.37918,-1.0,-1.0,-1
1.37918,1.37918,1.379175,1.379175,-1.0,-1.0,-1
1.379175,1.379185,1.379175,1.379185,-1.0,-1.0,-1
1.379185,1.379185,1.379175,1.37918,-1.0,-1.0,-1
1.37918,1.37918,1.379165,1.379175,-1.0,-1.0,-1
1.379175,1.379175,1.379165,1.379165,-1.0,-1.0,-1
1.379165,1.37917,1.379165,1.379165,-1.0,-1.0,-1
1.379165,1.37917,1.379165,1.37917,-1.0,-1.0,-1
1.37917,1.379175,1.37917,1.37917,-1.0,-1.0,-1
1.37917,1.37918,1.37917,1.37917,-1.0,-1.0,-1
1.37917,1.37918,1.379165,1.379165,-1.0,-1.0,-1
1.379165,1.37918,1.379165,1.37917,-1.0,-1.0,-1
1.37917,1.37917,1.37916,1.37917,-1.0,-1.0,-1
1.37917,1.37917,1.379165,1.379165,-1.0,-1.0,-1
1.379165,1.379165,1.379165,1.379165,-1.0,-1.0,-1
1.379165,1.37917,1.379165,1.379165,-1.0,-1.0,-1
1.379165,1.379165,1.37915,1.37916,-1.0,-1.0,-1
1.37916,1.379165,1.379085,1.379085,-1.0,-1.0,-1
1.379085,1.379085,1.37908,1.37908,-1.0,-1.0,-1
1.37908,1.379085,1.37908,1.37908,-1.0,-1.0,-1
1.37908,1.379085,1.37907,1.37907,-1.0,-1.0,-1
1.37907,1.379075,1.37907,1.379075,-1.0,-1.0,-1
1.379075,1.37908,1.37907,1.37908,-1.0,-1.0,-1
1.37908,1.37908,1.37908,1.37908,-1.0,-1.0,-1
1.37908,1.379085,1.37908,1.379085,-1.0,-1.0,-1
1.379085,1.379085,1.379065,1.37907,-1.0,-1.0,-1
1.37907,1.379075,1.379065,1.379065,-1.0,-1.0,-1
1.379065,1.37908,1.379065,1.37908,-1.0,-1.0,-1
1.37908,1.37908,1.379075,1.379075,-1.0,-1.0,-1
1.379075,1.37908,1.379075,1.37908,-1.0,-1.0,-1
1.37908,1.37908,1.379075,1.379075,-1.0,-1.0,-1
1.379075,1.379075,1.379075,1.379075,-1.0,-1.0,-1
1.379075,1.37908,1.37907,1.37907,-1.0,-1.0,-1
1.37907,1.379075,1.379065,1.379075,-1.0,-1.0,-1
1.379075,1.37916,1.37907,1.37916,-1.0,-1.0,-1
1.37916,1.37916,1.37915,1.379155,-1.0,-1.0,-1
1.379155,1.37916,1.379155,1.37916,-1.0,-1.0,-1
1.37916,1.37917,1.37916,1.37917,-1.0,-1.0,-1
1.37917,1.379175,1.37917,1.379175,-1.0,-1.0,-1
1.379175,1.379175,1.37911,1.37912,-1.0,-1.0,-1
1.37912,1.37914,1.379115,1.37912,-1.0,-1.0,-1
1.37912,1.379125,1.379115,1.379115,-1.0,-1.0,-1
1.379115,1.379125,1.379115,1.379115,-1.0,-1.0,-1
1.379115,1.37913,1.379115,1.37913,-1.0,-1.0,-1
1.37913,1.37913,1.37911,1.37911,-1.0,-1.0,-1
1.37911,1.37916,1.37911,1.379155,-1.0,-1.0,-1
1.379155,1.379155,1.37911,1.37911,-1.0,-1.0,-1
1.37911,1.37916,1.37911,1.379155,-1.0,-1.0,-1
1.379155,1.379155,1.379115,1.379115,-1.0,-1.0,-1
1.379115,1.379125,1.379115,1.379125,-1.0,-1.0,-1
1.379125,1.379155,1.379125,1.37915,-1.0,-1.0,-1
1.37915,1.37916,1.37914,1.37914,-1.0,-1.0,-1
1.37914,1.37914,1.379135,1.37914,-1.0,-1.0,-1
1.37914,1.379155,1.379135,1.379155,-1.0,-1.0,-1
1.379155,1.37916,1.37914,1.37916,-1.0,-1.0,-1
1.37916,1.37916,1.379155,1.37916,-1.0,-1.0,-1
1.37916,1.37916,1.37915,1.37915,-1.0,-1.0,-1
1.37915,1.37915,1.37913,1.379135,-1.0,-1.0,-1
1.379135,1.379135,1.37913,1.37913,-1.0,-1.0,-1
1.37913,1.37913,1.379125,1.37913,-1.0,-1.0,-1
1.37913,1.37914,1.37913,1.379135,-1.0,-1.0,-1
1.379135,1.379135,1.37913,1.379135,-1.0,-1.0,-1
1.379135,1.379145,1.37913,1.379145,-1.0,-1.0,-1
1.379145,1.379145,1.3791,1.379105,-1.0,-1.0,-1
1.379105,1.37912,1.379105,1.379115,-1.0,-1.0,-1
1.379115,1.37912,1.37911,1.37911,-1.0,-1.0,-1
1.37911,1.37912,1.37911,1.37911,-1.0,-1.0,-1
1.37911,1.37911,1.37911,1.37911,-1.0,-1.0,-1
1.37911,1.37911,1.3791,1.3791,-1.0,-1.0,-1
1.3791,1.379105,1.3791,1.379105,-1.0,-1.0,-1
1.379105,1.379105,1.3791,1.3791,-1.0,-1.0,-1
1.3791,1.379125,1.379085,1.379115,-1.0,-1.0,-1
1.379115,1.37912,1.379115,1.379115,-1.0,-1.0,-1
1.379115,1.37912,1.379075,1.379075,-1.0,-1.0,-1
1.379075,1.37908,1.379075,1.379075,-1.0,-1.0,-1
1.379075,1.37908,1.379075,1.379075,-1.0,-1.0,-1
1.379075,1.379085,1.379075,1.37908,-1.0,-1.0,-1
1.37908,1.379085,1.37908,1.37908,-1.0,-1.0,-1
1.37908,1.37909,1.37908,1.37909,-1.0,-1.0,-1
1.37909,1.37909,1.379085,1.379085,-1.0,-1.0,-1
1.379085,1.379085,1.379055,1.37906,-1.0,-1.0,-1
1.37906,1.37907,1.379055,1.379065,-1.0,-1.0,-1
1.379065,1.379075,1.379065,1.37907,-1.0,-1.0,-1
1.37907,1.37911,1.37907,1.37909,-1.0,-1.0,-1
1.37909,1.37909,1.37907,1.37908,-1.0,-1.0,-1
1.37908,1.37908,1.37908,1.37908,-1.0,-1.0,-1
1.37908,1.37908,1.379075,1.379075,-1.0,-1.0,-1
1.379075,1.379075,1.379075,1.379075,-1.0,-1.0,-1
1.379075,1.379075,1.37906,1.37906,-1.0,-1.0,-1
1.37906,1.37906,1.37906,1.37906,-1.0,-1.0,-1
1.37906,1.37907,1.37906,1.37907,-1.0,-1.0,-1
1.37907,1.379075,1.379065,1.379065,-1.0,-1.0,-1
1.379065,1.379065,1.37906,1.37906,-1.0,-1.0,-1
1.37906,1.37906,1.37906,1.37906,-1.0,-1.0,-1
1.37906,1.37906,1.37906,1.37906,-1.0,-1.0,-1
1.37906,1.37906,1.37905,1.37905,-1.0,-1.0,-1
1.37905,1.37905,1.379045,1.37905,-1.0,-1.0,-1
1.37905,1.37906,1.37905,1.37906,-1.0,-1.0,-1
1.37906,1.37906,1.37905,1.37905,-1.0,-1.0,-1
1.37905,1.37905,1.37905,1.37905,-1.0,-1.0,-1
1.37905,1.379065,1.37905,1.379065,-1.0,-1.0,-1
1.379065,1.37913,1.379065,1.37913,-1.0,-1.0,-1
1.37913,1.37918,1.37913,1.379175,-1.0,-1.0,-1
1.379175,1.3792,1.379175,1.3792,-1.0,-1.0,-1
1.3792,1.37921,1.379185,1.379185,-1.0,-1.0,-1
1.379185,1.37919,1.37917,1.379175,-1.0,-1.0,-1
1.379175,1.379175,1.379175,1.379175,-1.0,-1.0,-1
1.379175,1.379185,1.379165,1.379175,-1.0,-1.0,-1
1.379175,1.379175,1.37917,1.379175,-1.0,-1.0,-1
1.379175,1.37918,1.379175,1.37918,-1.0,-1.0,-1
1.37918,1.3792,1.37918,1.3792,-1.0,-1.0,-1
1.3792,1.3792,1.379185,1.379185,-1.0,-1.0,-1
1.379185,1.379185,1.379105,1.37914,-1.0,-1.0,-1
1.37914,1.37915,1.37914,1.37915,-1.0,-1.0,-1
1.37915,1.37915,1.379145,1.37915,-1.0,-1.0,-1
1.37915,1.37916,1.379145,1.37916,-1.0,-1.0,-1
1.37916,1.37916,1.379135,1.379135,-1.0,-1.0,-1
1.379135,1.379145,1.379135,1.379135,-1.0,-1.0,-1
1.379135,1.379135,1.3791,1.37911,-1.0,-1.0,-1
1.37911,1.379125,1.37911,1.379125,-1.0,-1.0,-1
1.379125,1.379125,1.37912,1.37912,-1.0,-1.0,-1
1.37912,1.37912,1.37908,1.37908,-1.0,-1.0,-1
1.37908,1.37908,1.37907,1.379075,-1.0,-1.0,-1
1.379075,1.379075,1.379065,1.379065,-1.0,-1.0,-1
1.379065,1.379065,1.379065,1.379065,-1.0,-1.0,-1
1.379065,1.379065,1.379065,1.379065,-1.0,-1.0,-1
1.379065,1.379065,1.379055,1.379055,-1.0,-1.0,-1
1.379055,1.37906,1.37905,1.37906,-1.0,-1.0,-1
1.37906,1.37906,1.37905,1.37905,-1.0,-1.0,-1
1.37905,1.37906,1.379045,1.37905,-1.0,-1.0,-1
1.37905,1.379055,1.379005,1.37901,-1.0,-1.0,-1
1.37901,1.37901,1.378995,1.379005,-1.0,-1.0,-1
1.379005,1.379005,1.379005,1.379005,-1.0,-1.0,-1
1.379005,1.379005,1.379005,1.379005,-1.0,-1.0,-1
1.379005,1.379005,1.379005,1.379005,-1.0,-1.0,-1
1.379005,1.37901,1.378995,1.379005,-1.0,-1.0,-1
1.379005,1.37901,1.378985,1.378985,-1.0,-1.0,-1
1.378985,1.378985,1.378965,1.37897,-1.0,-1.0,-1
1.37897,1.37897,1.378965,1.37897,-1.0,-1.0,-1
1.37897,1.378975,1.378965,1.378975,-1.0,-1.0,-1
1.378975,1.378975,1.378965,1.37897,-1.0,-1.0,-1
1.37897,1.37898,1.378965,1.37898,-1.0,-1.0,-1
1.37898,1.37898,1.37898,1.37898,-1.0,-1.0,-1
1.37898,1.37898,1.37898,1.37898,-1.0,-1.0,-1
1.37898,1.37898,1.378975,1.378975,-1.0,-1.0,-1
1.378975,1.37898,1.378975,1.37898,-1.0,-1.0,-1
1.37898,1.37898,1.378965,1.37897,-1.0,-1.0,-1
1.37897,1.37897,1.378965,1.37897,-1.0,-1.0,-1
1.37897,1.37897,1.37896,1.37897,-1.0,-1.0,-1
1.37897,1.378975,1.378965,1.378975,-1.0,-1.0,-1
1.378975,1.378975,1.37897,1.378975,-1.0,-1.0,-1
1.378975,1.378975,1.37897,1.378975,-1.0,-1.0,-1
1.378975,1.378975,1.378965,1.37897,-1.0,-1.0,-1
1.37897,1.37897,1.378965,1.37897,-1.0,-1.0,-1
1.37897,1.378975,1.378965,1.37897,-1.0,-1.0,-1
1.37897,1.378975,1.378965,1.378975,-1.0,-1.0,-1
1.378975,1.37898,1.37897,1.37898,-1.0,-1.0,-1
1.37898,1.37898,1.37896,1.378965,-1.0,-1.0,-1
1.378965,1.379055,1.37896,1.379055,-1.0,-1.0,-1
1.379055,1.379075,1.379055,1.379075,-1.0,-1.0,-1
1.379075,1.379075,1.379075,1.379075,-1.0,-1.0,-1
1.379075,1.379075,1.37907,1.379075,-1.0,-1.0,-1
1.379075,1.379075,1.37907,1.37907,-1.0,-1.0,-1
1.37907,1.37907,1.37907,1.37907,-1.0,-1.0,-1
1.37907,1.37907,1.37907,1.37907,-1.0,-1.0,-1
1.37907,1.37907,1.37897,1.378975,-1.0,-1.0,-1
1.378975,1.379005,1.378965,1.379005,-1.0,-1.0,-1
1.379005,1.379005,1.379005,1.379005,-1.0,-1.0,-1
1.379005,1.379005,1.379,1.379,-1.0,-1.0,-1
1.379,1.379,1.379,1.379,-1.0,-1.0,-1
1.379,1.379,1.37897,1.378975,-1.0,-1.0,-1
1.378975,1.37898,1.378965,1.37897,-1.0,-1.0,-1
1.37897,1.37899,1.378965,1.37899,-1.0,-1.0,-1
1.37899,1.37899,1.37899,1.37899,-1.0,-1.0,-1
1.37899,1.379015,1.37899,1.379005,-1.0,-1.0,-1
1.379005,1.37901,1.379005,1.379005,-1.0,-1.0,-1
1.379005,1.37906,1.379005,1.37906,-1.0,-1.0,-1
1.37906,1.37906,1.37899,1.37899,-1.0,-1.0,-1
1.37899,1.37902,1.37899,1.378995,-1.0,-1.0,-1
1.378995,1.379,1.378995,1.379,-1.0,-1.0,-1
1.379,1.379065,1.379,1.379065,-1.0,-1.0,-1
1.379065,1.379065,1.379065,1.379065,-1.0,-1.0,-1
1.379065,1.37907,1.379065,1.37907,-1.0,-1.0,-1
1.37907,1.37907,1.379065,1.37907,-1.0,-1.0,-1
1.37907,1.37907,1.379015,1.379015,-1.0,-1.0,-1
1.379015,1.37902,1.379005,1.379005,-1.0,-1.0,-1
1.379005,1.379005,1.379005,1.379005,-1.0,-1.0,-1
1.379005,1.379005,1.379005,1.379005,-1.0,-1.0,-1
1.379005,1.37902,1.379005,1.379015,-1.0,-1.0,-1
1.379015,1.37907,1.379015,1.37907,-1.0,-1.0,-1
1.37907,1.37907,1.37907,1.37907,-1.0,-1.0,-1
1.37907,1.37907,1.379015,1.379015,-1.0,-1.0,-1
1.379015,1.37902,1.378985,1.379,-1.0,-1.0,-1
1.379,1.379,1.378985,1.378985,-1.0,-1.0,-1
1.378985,1.379005,1.37897,1.379005,-1.0,-1.0,-1
1.379005,1.379005,1.379,1.379,-1.0,-1.0,-1
1.379,1.37905,1.37899,1.379005,-1.0,-1.0,-1
1.379005,1.379025,1.379005,1.37902,-1.0,-1.0,-1
1.37902,1.37902,1.379015,1.379015,-1.0,-1.0,-1
1.379015,1.379015,1.379015,1.379015,-1.0,-1.0,-1
1.379015,1.379015,1.379015,1.379015,-1.0,-1.0,-1
1.379015,1.37903,1.379015,1.379025,-1.0,-1.0,-1
1.379025,1.37903,1.37899,1.378995,-1.0,-1.0,-1
1.378995,1.379,1.378995,1.379,-1.0,-1.0,-1
1.379,1.379005,1.378995,1.379,-1.0,-1.0,-1
1.379,1.37901,1.379,1.37901,-1.0,-1.0,-1
1.37901,1.379015,1.37901,1.379015,-1.0,-1.0,-1
1.379015,1.379015,1.379,1.379015,-1.0,-1.0,-1
1.379015,1.379015,1.379015,1.379015,-1.0,-1.0,-1
1.379015,1.37903,1.379015,1.379025,-1.0,-1.0,-1
1.379025,1.379035,1.37902,1.379025,-1.0,-1.0,-1
1.379025,1.37903,1.378995,1.37901,-1.0,-1.0,-1
1.37901,1.379015,1.378995,1.379015,-1.0,-1.0,-1
1.379015,1.379015,1.37901,1.379015,-1.0,-1.0,-1
1.379015,1.379055,1.379005,1.379015,-1.0,-1.0,-1
1.379015,1.379015,1.378975,1.378975,-1.0,-1.0,-1
1.378975,1.378975,1.378975,1.378975,-1.0,-1.0,-1
1.378975,1.37898,1.378975,1.378975,-1.0,-1.0,-1
1.378975,1.378985,1.378975,1.378985,-1.0,-1.0,-1
1.378985,1.37899,1.378985,1.378985,-1.0,-1.0,-1
1.378985,1.37906,1.378985,1.37906,-1.0,-1.0,-1
1.37906,1.3791,1.37906,1.3791,-1.0,-1.0,-1
1.3791,1.37912,1.379085,1.37909,-1.0,-1.0,-1
1.37909,1.379095,1.379085,1.379085,-1.0,-1.0,-1
1.379085,1.379095,1.379085,1.379085,-1.0,-1.0,-1
1.379085,1.37909,1.379085,1.379085,-1.0,-1.0,-1
1.379085,1.379105,1.379085,1.379105,-1.0,-1.0,-1
1.379105,1.37913,1.379095,1.37913,-1.0,-1.0,-1
1.37913,1.37913,1.37912,1.379125,-1.0,-1.0,-1
1.379125,1.379125,1.379105,1.37912,-1.0,-1.0,-1
1.37912,1.379125,1.37912,1.37912,-1.0,-1.0,-1
1.37912,1.379125,1.37912,1.379125,-1.0,-1.0,-1
1.379125,1.37913,1.379125,1.37913,-1.0,-1.0,-1
1.37913,1.379135,1.379115,1.37912,-1.0,-1.0,-1
1.37912,1.37912,1.3791,1.3791,-1.0,-1.0,-1
1.3791,1.37912,1.3791,1.37912,-1.0,-1.0,-1
1.37912,1.37912,1.3791,1.379105,-1.0,-1.0,-1
1.379105,1.37912,1.3791,1.37911,-1.0,-1.0,-1
1.37911,1.379115,1.379105,1.379105,-1.0,-1.0,-1
1.379105,1.37911,1.379105,1.379105,-1.0,-1.0,-1
1.379105,1.37911,1.379095,1.379095,-1.0,-1.0,-1
1.379095,1.379095,1.37908,1.37908,-1.0,-1.0,-1
1.37908,1.379085,1.37908,1.379085,-1.0,-1.0,-1
1.379085,1.379085,1.379085,1.379085,-1.0,-1.0,-1
1.379085,1.379085,1.379075,1.379075,-1.0,-1.0,-1
1.379075,1.379075,1.379075,1.379075,-1.0,-1.0,-1
1.379075,1.379085,1.379075,1.379085,-1.0,-1.0,-1
1.379085,1.37909,1.379085,1.379085,-1.0,-1.0,-1
1.379085,1.379085,1.379085,1.379085,-1.0,-1.0,-1
1.379085,1.37909,1.379085,1.379085,-1.0,-1.0,-1
1.379085,1.379085,1.37907,1.37907,-1.0,-1.0,-1
1.37907,1.37907,1.37907,1.37907,-1.0,-1.0,-1
1.37907,1.37907,1.37907,1.37907,-1.0,-1.0,-1
1.37907,1.379075,1.378995,1.378995,-1.0,-1.0,-1
1.378995,1.378995,1.378985,1.378985,-1.0,-1.0,-1
1.378985,1.378985,1.378985,1.378985,-1.0,-1.0,-1
1.378985,1.378985,1.378985,1.378985,-1.0,-1.0,-1
1.378985,1.378995,1.378985,1.378995,-1.0,-1.0,-1
1.378995,1.37902,1.378995,1.379015,-1.0,-1.0,-1
1.379015,1.379025,1.379015,1.379025,-1.0,-1.0,-1
1.379025,1.379025,1.37899,1.37899,-1.0,-1.0,-1
1.37899,1.379025,1.37899,1.37902,-1.0,-1.0,-1
1.37902,1.37903,1.37902,1.379025,-1.0,-1.0,-1
1.379025,1.37903,1.378995,1.378995,-1.0,-1.0,-1
1.378995,1.378995,1.37899,1.37899,-1.0,-1.0,-1
1.37899,1.37899,1.37898,1.37898,-1.0,-1.0,-1
1.37898,1.378985,1.37898,1.378985,-1.0,-1.0,-1
1.378985,1.378985,1.37898,1.37898,-1.0,-1.0,-1
1.37898,1.37898,1.37898,1.37898,-1.0,-1.0,-1
1.37898,1.378985,1.378965,1.37898,-1.0,-1.0,-1
1.37898,1.37902,1.37898,1.379015,-1.0,-1.0,-1
1.379015,1.37902,1.379015,1.379015,-1.0,-1.0,-1
1.379015,1.379075,1.379015,1.379075,-1.0,-1.0,-1
1.379075,1.379075,1.379035,1.379035,-1.0,-1.0,-1
1.379035,1.37906,1.379005,1.379015,-1.0,-1.0,-1
1.379015,1.379065,1.379015,1.379055,-1.0,-1.0,-1
1.379055,1.379065,1.37904,1.379065,-1.0,-1.0,-1
1.379065,1.379065,1.379055,1.379055,-1.0,-1.0,-1
1.379055,1.37908,1.379045,1.37905,-1.0,-1.0,-1
1.37905,1.37907,1.37905,1.37906,-1.0,-1.0,-1
1.37906,1.37909,1.37906,1.37909,-1.0,-1.0,-1
1.37909,1.37909,1.379085,1.379085,-1.0,-1.0,-1
1.379085,1.37909,1.379075,1.379075,-1.0,-1.0,-1
1.379075,1.37908,1.379075,1.37908,-1.0,-1.0,-1
1.37908,1.379155,1.37908,1.379155,-1.0,-1.0,-1
1.379155,1.379155,1.37911,1.379115,-1.0,-1.0,-1
1.379115,1.379135,1.379115,1.37913,-1.0,-1.0,-1
1.37913,1.379175,1.37913,1.379175,-1.0,-1.0,-1
1.379175,1.379175,1.37909,1.37909,-1.0,-1.0,-1
1.37909,1.37909,1.379085,1.379085,-1.0,-1.0,-1
1.379085,1.379085,1.379085,1.379085,-1.0,-1.0,-1
1.379085,1.379085,1.379085,1.379085,-1.0,-1.0,-1
1.379085,1.379085,1.37906,1.379075,-1.0,-1.0,-1
1.379075,1.37908,1.379075,1.37908,-1.0,-1.0,-1
1.37908,1.37908,1.379075,1.379075,-1.0,-1.0,-1
1.379075,1.37908,1.379035,1.379035,-1.0,-1.0,-1
1.379035,1.379035,1.379025,1.379025,-1.0,-1.0,-1
1.379025,1.37904,1.379025,1.379025,-1.0,-1.0,-1
1.379025,1.37903,1.37902,1.379025,-1.0,-1.0,-1
1.379025,1.37904,1.379025,1.379025,-1.0,-1.0,-1
1.379025,1.37904,1.379025,1.37904,-1.0,-1.0,-1
1.37904,1.37904,1.37903,1.37903,-1.0,-1.0,-1
1.37903,1.379035,1.379025,1.379025,-1.0,-1.0,-1
1.379025,1.37903,1.379,1.379,-1.0,-1.0,-1
1.379,1.379005,1.379,1.379005,-1.0,-1.0,-1
1.379005,1.379035,1.379,1.379035,-1.0,-1.0,-1
1.379035,1.379035,1.379035,1.379035,-1.0,-1.0,-1
1.379035,1.379035,1.37902,1.37902,-1.0,-1.0,-1
1.37902,1.379025,1.379015,1.379015,-1.0,-1.0,-1
1.379015,1.379025,1.379015,1.379015,-1.0,-1.0,-1
1.379015,1.379025,1.379015,1.37902,-1.0,-1.0,-1
1.37902,1.37904,1.37902,1.37904,-1.0,-1.0,-1
1.37904,1.37904,1.379035,1.379035,-1.0,-1.0,-1
1.379035,1.37904,1.37902,1.37902,-1.0,-1.0,-1
1.37902,1.379025,1.37902,1.37902,-1.0,-1.0,-1
1.37902,1.379025,1.37902,1.37902,-1.0,-1.0,-1
1.37902,1.379025,1.37902,1.37902,-1.0,-1.0,-1
1.37902,1.37904,1.37902,1.379025,-1.0,-1.0,-1
1.379025,1.379035,1.379025,1.379035,-1.0,-1.0,-1
1.379035,1.379075,1.379035,1.379075,-1.0,-1.0,-1
1.379075,1.379075,1.379075,1.379075,-1.0,-1.0,-1
1.379075,1.37908,1.379075,1.37908,-1.0,-1.0,-1
1.37908,1.37908,1.379075,1.379075,-1.0,-1.0,-1
1.379075,1.37908,1.379075,1.37908,-1.0,-1.0,-1
1.37908,1.37908,1.37908,1.37908,-1.0,-1.0,-1
1.37908,1.37908,1.37908,1.37908,-1.0,-1.0,-1
1.37908,1.37908,1.37908,1.37908,-1.0,-1.0,-1
1.37908,1.379095,1.37908,1.379095,-1.0,-1.0,-1
1.379095,1.379095,1.37909,1.379095,-1.0,-1.0,-1
1.379095,1.379095,1.379075,1.379085,-1.0,-1.0,-1
1.379085,1.379085,1.37899,1.37899,-1.0,-1.0,-1
1.37899,1.378995,1.37899,1.378995,-1.0,-1.0,-1
1.378995,1.378995,1.378995,1.378995,-1.0,-1.0,-1
1.378995,1.378995,1.378995,1.378995,-1.0,-1.0,-1
1.378995,1.37908,1.378995,1.37908,-1.0,-1.0,-1
1.37908,1.37908,1.379075,1.379075,-1.0,-1.0,-1
1.379075,1.379085,1.379075,1.379085,-1.0,-1.0,-1
1.379085,1.379085,1.37908,1.37908,-1.0,-1.0,-1
1.37908,1.37908,1.379075,1.379075,-1.0,-1.0,-1
1.379075,1.37908,1.379075,1.37908,-1.0,-1.0,-1
1.37908,1.37908,1.37908,1.37908,-1.0,-1.0,-1
1.37908,1.379085,1.37908,1.379085,-1.0,-1.0,-1
1.379085,1.379085,1.379085,1.379085,-1.0,-1.0,-1
1.379085,1.379085,1.37908,1.379085,-1.0,-1.0,-1
1.379085,1.379085,1.379085,1.379085,-1.0,-1.0,-1
1.379085,1.379085,1.37908,1.37908,-1.0,-1.0,-1
1.37908,1.37909,1.37908,1.37909,-1.0,-1.0,-1
1.37909,1.37909,1.37909,1.37909,-1.0,-1.0,-1
1.37909,1.37909,1.37901,1.37901,-1.0,-1.0,-1
1.37901,1.37907,1.37901,1.37907,-1.0,-1.0,-1
1.37907,1.37907,1.379055,1.37907,-1.0,-1.0,-1
1.37907,1.37907,1.37907,1.37907,-1.0,-1.0,-1
1.37907,1.37907,1.379045,1.37905,-1.0,-1.0,-1
1.37905,1.37907,1.37905,1.379065,-1.0,-1.0,-1
1.379065,1.37907,1.37906,1.37907,-1.0,-1.0,-1
1.37907,1.37907,1.379025,1.37904,-1.0,-1.0,-1
1.37904,1.37904,1.379015,1.379015,-1.0,-1.0,-1
1.379015,1.37902,1.378985,1.379015,-1.0,-1.0,-1
1.379015,1.37902,1.379005,1.379005,-1.0,-1.0,-1
1.379005,1.379005,1.378985,1.378985,-1.0,-1.0,-1
1.378985,1.378985,1.37897,1.378975,-1.0,-1.0,-1
1.378975,1.378975,1.37897,1.378975,-1.0,-1.0,-1
1.378975,1.37898,1.378885,1.37889,-1.0,-1.0,-1
1.37889,1.37889,1.378885,1.37889,-1.0,-1.0,-1
1.37889,1.37889,1.378885,1.37889,-1.0,-1.0,-1
1.37889,1.37889,1.378875,1.37888,-1.0,-1.0,-1
1.37888,1.37888,1.378875,1.37888,-1.0,-1.0,-1
1.37888,1.37888,1.378865,1.37888,-1.0,-1.0,-1
1.37888,1.37888,1.378875,1.37888,-1.0,-1.0,-1
1.37888,1.378885,1.378875,1.37888,-1.0,-1.0,-1
1.37888,1.37888,1.378865,1.378865,-1.0,-1.0,-1
1.378865,1.378885,1.37886,1.378885,-1.0,-1.0,-1
1.378885,1.378885,1.378875,1.37888,-1.0,-1.0,-1
1.37888,1.378895,1.378875,1.378895,-1.0,-1.0,-1
1.378895,1.378895,1.37888,1.37889,-1.0,-1.0,-1
1.37889,1.37889,1.37888,1.378885,-1.0,-1.0,-1
1.378885,1.378885,1.37888,1.378885,-1.0,-1.0,-1
1.378885,1.378885,1.37888,1.378885,-1.0,-1.0,-1
1.378885,1.378885,1.37882,1.37882,-1.0,-1.0,-1
1.37882,1.37882,1.37882,1.37882,-1.0,-1.0,-1
1.37882,1.37882,1.378805,1.378805,-1.0,-1.0,-1
1.378805,1.378805,1.37874,1.378775,-1.0,-1.0,-1
1.378775,1.378785,1.378775,1.378785,-1.0,-1.0,-1
1.378785,1.378785,1.378775,1.37878,-1.0,-1.0,-1
1.37878,1.37878,1.37875,1.378755,-1.0,-1.0,-1
1.378755,1.378775,1.378735,1.378745,-1.0,-1.0,-1
1.378745,1.37878,1.37874,1.378765,-1.0,-1.0,-1
1.378765,1.37878,1.378765,1.37878,-1.0,-1.0,-1
1.37878,1.37878,1.37872,1.37872,-1.0,-1.0,-1
1.37872,1.37873,1.37868,1.37868,-1.0,-1.0,-1
1.37868,1.37868,1.37861,1.37861,-1.0,-1.0,-1
1.37861,1.378665,1.37861,1.378635,-1.0,-1.0,-1
1.378635,1.37868,1.378635,1.378675,-1.0,-1.0,-1
1.378675,1.37868,1.37865,1.378665,-1.0,-1.0,-1
1.378665,1.378665,1.37863,1.378635,-1.0,-1.0,-1
1.378635,1.378635,1.378635,1.378635,-1.0,-1.0,-1
1.378635,1.378635,1.378605,1.378605,-1.0,-1.0,-1
1.378605,1.37862,1.378605,1.37862,-1.0,-1.0,-1
1.37862,1.37863,1.37862,1.37863,-1.0,-1.0,-1
1.37863,1.37863,1.37863,1.37863,-1.0,-1.0,-1
1.37863,1.37867,1.37863,1.378635,-1.0,-1.0,-1
1.378635,1.378635,1.378625,1.378625,-1.0,-1.0,-1
1.378625,1.378675,1.378625,1.37865,-1.0,-1.0,-1
1.37865,1.378665,1.378635,1.378635,-1.0,-1.0,-1
1.378635,1.378635,1.378605,1.37862,-1.0,-1.0,-1
1.37862,1.37862,1.37862,1.37862,-1.0,-1.0,-1
1.37862,1.37862,1.378545,1.378555,-1.0,-1.0,-1
1.378555,1.37858,1.378555,1.378575,-1.0,-1.0,-1
1.378575,1.37858,1.378545,1.37857,-1.0,-1.0,-1
1.37857,1.37858,1.378515,1.378515,-1.0,-1.0,-1
1.378515,1.37852,1.378485,1.378485,-1.0,-1.0,-1
1.378485,1.378505,1.378485,1.378485,-1.0,-1.0,-1
1.378485,1.378485,1.378485,1.378485,-1.0,-1.0,-1
1.378485,1.37849,1.37844,1.37849,-1.0,-1.0,-1
1.37849,1.378505,1.37844,1.37846,-1.0,-1.0,-1
1.37846,1.378495,1.37846,1.37849,-1.0,-1.0,-1
1.37849,1.378525,1.378465,1.378485,-1.0,-1.0,-1
1.378485,1.3786,1.378465,1.3786,-1.0,-1.0,-1
1.3786,1.378645,1.378585,1.378645,-1.0,-1.0,-1
1.378645,1.378645,1.378635,1.37864,-1.0,-1.0,-1
1.37864,1.378645,1.37859,1.37861,-1.0,-1.0,-1
1.37861,1.378615,1.378585,1.378585,-1.0,-1.0,-1
1.378585,1.37861,1.378585,1.37859,-1.0,-1.0,-1
1.37859,1.378615,1.37859,1.378615,-1.0,-1.0,-1
1.378615,1.378635,1.3786,1.378615,-1.0,-1.0,-1
1.378615,1.378625,1.37854,1.37855,-1.0,-1.0,-1
1.37855,1.378585,1.378545,1.378575,-1.0,-1.0,-1
1.378575,1.37859,1.37857,1.37859,-1.0,-1.0,-1
1.37859,1.378605,1.37859,1.378605,-1.0,-1.0,-1
1.378605,1.37868,1.378605,1.37868,-1.0,-1.0,-1
1.37868,1.378685,1.37868,1.378685,-1.0,-1.0,-1
1.378685,1.378685,1.37868,1.378685,-1.0,-1.0,-1
1.378685,1.378685,1.37868,1.378685,-1.0,-1.0,-1
1.378685,1.3787,1.37868,1.378685,-1.0,-1.0,-1
1.378685,1.378695,1.37868,1.378685,-1.0,-1.0,-1
1.378685,1.37869,1.378665,1.37867,-1.0,-1.0,-1
1.37867,1.37869,1.37867,1.37869,-1.0,-1.0,-1
1.37869,1.37869,1.37869,1.37869,-1.0,-1.0,-1
1.37869,1.37875,1.37869,1.37875,-1.0,-1.0,-1
1.37875,1.378755,1.37872,1.37872,-1.0,-1.0,-1
1.37872,1.378725,1.378715,1.378725,-1.0,-1.0,-1
1.378725,1.37873,1.378725,1.37873,-1.0,-1.0,-1
1.37873,1.37873,1.37872,1.37873,-1.0,-1.0,-1
1.37873,1.37875,1.37872,1.37874,-1.0,-1.0,-1
1.37874,1.378745,1.378715,1.378745,-1.0,-1.0,-1
1.378745,1.378745,1.378745,1.378745,-1.0,-1.0,-1
1.378745,1.378775,1.378745,1.378765,-1.0,-1.0,-1
1.378765,1.378785,1.378765,1.378785,-1.0,-1.0,-1
1.378785,1.378785,1.378785,1.378785,-1.0,-1.0,-1
1.378785,1.378785,1.378785,1.378785,-1.0,-1.0,-1
1.378785,1.378785,1.37876,1.37876,-1.0,-1.0,-1
1.37876,1.37876,1.378755,1.378755,-1.0,-1.0,-1
1.378755,1.37876,1.378755,1.378755,-1.0,-1.0,-1
1.378755,1.37876,1.3787,1.3787,-1.0,-1.0,-1
1.3787,1.3787,1.3787,1.3787,-1.0,-1.0,-1
1.3787,1.3787,1.378695,1.3787,-1.0,-1.0,-1
1.3787,1.3787,1.3787,1.3787,-1.0,-1.0,-1
1.3787,1.3787,1.378695,1.3787,-1.0,-1.0,-1
1.3787,1.3787,1.378685,1.37869,-1.0,-1.0,-1
1.37869,1.37869,1.37869,1.37869,-1.0,-1.0,-1
1.37869,1.37869,1.37869,1.37869,-1.0,-1.0,-1
1.37869,1.378765,1.37869,1.37876,-1.0,-1.0,-1
1.37876,1.378765,1.37876,1.378765,-1.0,-1.0,-1
1.378765,1.37877,1.378765,1.37877,-1.0,-1.0,-1
1.37877,1.37877,1.37871,1.37871,-1.0,-1.0,-1
1.37871,1.378725,1.37871,1.37872,-1.0,-1.0,-1
1.37872,1.378725,1.37872,1.378725,-1.0,-1.0,-1
1.378725,1.378735,1.37872,1.37873,-1.0,-1.0,-1
1.37873,1.37875,1.378695,1.378695,-1.0,-1.0,-1
1.378695,1.378695,1.37868,1.37868,-1.0,-1.0,-1
1.37868,1.37868,1.378625,1.378625,-1.0,-1.0,-1
1.378625,1.378625,1.378625,1.378625,-1.0,-1.0,-1
1.378625,1.378625,1.378625,1.378625,-1.0,-1.0,-1
1.378625,1.378625,1.37855,1.378555,-1.0,-1.0,-1
1.378555,1.378575,1.378545,1.378555,-1.0,-1.0,-1
1.378555,1.378565,1.37853,1.378535,-1.0,-1.0,-1
1.378535,1.378545,1.37853,1.378545,-1.0,-1.0,-1
1.378545,1.378545,1.378545,1.378545,-1.0,-1.0,-1
1.378545,1.378555,1.378535,1.37854,-1.0,-1.0,-1
1.37854,1.37855,1.37853,1.378535,-1.0,-1.0,-1
1.378535,1.378535,1.378505,1.378505,-1.0,-1.0,-1
1.378505,1.378505,1.378425,1.378425,-1.0,-1.0,-1
1.378425,1.378425,1.378425,1.378425,-1.0,-1.0,-1
1.378425,1.37844,1.378425,1.378435,-1.0,-1.0,-1
1.378435,1.378435,1.378435,1.378435,-1.0,-1.0,-1
1.378435,1.378455,1.378435,1.378435,-1.0,-1.0,-1
1.378435,1.378435,1.378395,1.378395,-1.0,-1.0,-1
1.378395,1.3784,1.378395,1.3784,-1.0,-1.0,-1
1.3784,1.378405,1.3784,1.378405,-1.0,-1.0,-1
1.378405,1.37842,1.378405,1.37842,-1.0,-1.0,-1
1.37842,1.37842,1.37842,1.37842,-1.0,-1.0,-1
1.37842,1.37843,1.37842,1.37843,-1.0,-1.0,-1
1.37843,1.37843,1.37843,1.37843,-1.0,-1.0,-1
1.37843,1.378435,1.378425,1.37843,-1.0,-1.0,-1
1.37843,1.378525,1.378425,1.378525,-1.0,-1.0,-1
1.378525,1.378525,1.37843,1.37843,-1.0,-1.0,-1
1.37843,1.37843,1.378415,1.37842,-1.0,-1.0,-1
1.37842,1.378435,1.378415,1.378435,-1.0,-1.0,-1
1.378435,1.37848,1.37843,1.37848,-1.0,-1.0,-1
1.37848,1.37848,1.37848,1.37848,-1.0,-1.0,-1
1.37848,1.378485,1.378475,1.378485,-1.0,-1.0,-1
1.378485,1.378505,1.378485,1.378505,-1.0,-1.0,-1
1.378505,1.378515,1.37848,1.378485,-1.0,-1.0,-1
1.378485,1.378495,1.378485,1.378495,-1.0,-1.0,-1
1.378495,1.378495,1.378485,1.378485,-1.0,-1.0,-1
1.378485,1.3785,1.378485,1.3785,-1.0,-1.0,-1
1.3785,1.3785,1.37849,1.378495,-1.0,-1.0,-1
1.378495,1.3785,1.378495,1.3785,-1.0,-1.0,-1
1.3785,1.3785,1.378485,1.37849,-1.0,-1.0,-1
1.37849,1.37852,1.37849,1.37852,-1.0,-1.0,-1
1.37852,1.37852,1.378515,1.37852,-1.0,-1.0,-1
1.37852,1.37852,1.37851,1.37852,-1.0,-1.0,-1
1.37852,1.37852,1.3785,1.3785,-1.0,-1.0,-1
1.3785,1.378505,1.378495,1.378505,-1.0,-1.0,-1
1.378505,1.378505,1.37849,1.37849,-1.0,-1.0,-1
1.37849,1.3785,1.37849,1.3785,-1.0,-1.0,-1
1.3785,1.3785,1.378495,1.3785,-1.0,-1.0,-1
1.3785,1.3785,1.37849,1.37849,-1.0,-1.0,-1
1.37849,1.378495,1.37849,1.37849,-1.0,-1.0,-1
1.37849,1.37849,1.37848,1.37848,-1.0,-1.0,-1
1.37848,1.378485,1.37848,1.378485,-1.0,-1.0,-1
1.378485,1.378485,1.37848,1.378485,-1.0,-1.0,-1
1.378485,1.378485,1.378485,1.378485,-1.0,-1.0,-1
1.378485,1.37852,1.378485,1.37851,-1.0,-1.0,-1
1.37851,1.378595,1.3785,1.378585,-1.0,-1.0,-1
1.378585,1.37861,1.37858,1.3786,-1.0,-1.0,-1
1.3786,1.3786,1.378515,1.378525,-1.0,-1.0,-1
1.378525,1.378525,1.378495,1.378495,-1.0,-1.0,-1
1.378495,1.378495,1.37838,1.37839,-1.0,-1.0,-1
1.37839,1.37841,1.37839,1.378405,-1.0,-1.0,-1
1.378405,1.37841,1.3784,1.3784,-1.0,-1.0,-1
1.3784,1.3784,1.3784,1.3784,-1.0,-1.0,-1
1.3784,1.3784,1.3784,1.3784,-1.0,-1.0,-1
1.3784,1.3784,1.3784,1.3784,-1.0,-1.0,-1
1.3784,1.3784,1.3784,1.3784,-1.0,-1.0,-1
1.3784,1.3784,1.3784,1.3784,-1.0,-1.0,-1
1.3784,1.378455,1.3784,1.378455,-1.0,-1.0,-1
1.378455,1.378485,1.378455,1.37847,-1.0,-1.0,-1
1.37847,1.37849,1.37847,1.37849,-1.0,-1.0,-1
1.37849,1.37849,1.37849,1.37849,-1.0,-1.0,-1
1.37849,1.37849,1.37849,1.37849,-1.0,-1.0,-1
1.37849,1.37851,1.37849,1.37851,-1.0,-1.0,-1
1.37851,1.37851,1.37851,1.37851,-1.0,-1.0,-1
1.37851,1.37851,1.37851,1.37851,-1.0,-1.0,-1
1.37851,1.378545,1.37851,1.37853,-1.0,-1.0,-1
1.37853,1.378555,1.378525,1.37853,-1.0,-1.0,-1
1.37853,1.37853,1.378525,1.37853,-1.0,-1.0,-1
1.37853,1.37853,1.378495,1.378495,-1.0,-1.0,-1
1.378495,1.378495,1.378495,1.378495,-1.0,-1.0,-1
1.378495,1.378495,1.378495,1.378495,-1.0,-1.0,-1
1.378495,1.378495,1.378495,1.378495,-1.0,-1.0,-1
1.378495,1.378495,1.378495,1.378495,-1.0,-1.0,-1
1.378495,1.378495,1.378495,1.378495,-1.0,-1.0,-1
1.378495,1.378495,1.378495,1.378495,-1.0,-1.0,-1
1.378495,1.3785,1.378495,1.3785,-1.0,-1.0,-1
1.3785,1.378515,1.3785,1.378515,-1.0,-1.0,-1
1.378515,1.378545,1.378515,1.378545,-1.0,-1.0,-1
1.378545,1.378545,1.378545,1.378545,-1.0,-1.0,-1
1.378545,1.378545,1.37854,1.378545,-1.0,-1.0,-1
1.378545,1.378545,1.378545,1.378545,-1.0,-1.0,-1
1.378545,1.378545,1.378545,1.378545,-1.0,-1.0,-1
1.378545,1.378585,1.378545,1.37858,-1.0,-1.0,-1
1.37858,1.3786,1.37858,1.37859,-1.0,-1.0,-1
1.37859,1.37866,1.37859,1.378625,-1.0,-1.0,-1
1.378625,1.378625,1.37861,1.37861,-1.0,-1.0,-1
1.37861,1.378615,1.37861,1.378615,-1.0,-1.0,-1
1.378615,1.378615,1.378605,1.378605,-1.0,-1.0,-1
1.378605,1.378615,1.3786,1.378605,-1.0,-1.0,-1
1.378605,1.37861,1.378605,1.37861,-1.0,-1.0,-1
1.37861,1.37864,1.37861,1.37864,-1.0,-1.0,-1
1.37864,1.378645,1.37864,1.378645,-1.0,-1.0,-1
1.378645,1.378645,1.378635,1.378635,-1.0,-1.0,-1
1.378635,1.37864,1.378625,1.378625,-1.0,-1.0,-1
1.378625,1.37867,1.37862,1.378625,-1.0,-1.0,-1
1.378625,1.378625,1.378625,1.378625,-1.0,-1.0,-1
1.378625,1.37867,1.378625,1.37867,-1.0,-1.0,-1
1.37867,1.37869,1.378665,1.37869,-1.0,-1.0,-1
1.37869,1.37869,1.378685,1.378685,-1.0,-1.0,-1
1.378685,1.378685,1.378685,1.378685,-1.0,-1.0,-1
1.378685,1.378685,1.378685,1.378685,-1.0,-1.0,-1
1.378685,1.378705,1.378685,1.378705,-1.0,-1.0,-1
1.378705,1.378705,1.378705,1.378705,-1.0,-1.0,-1
1.378705,1.37873,1.3787,1.37873,-1.0,-1.0,-1
1.37873,1.378835,1.37873,1.37883,-1.0,-1.0,-1
1.37883,1.37883,1.378775,1.37878,-1.0,-1.0,-1
1.37878,1.37882,1.378775,1.37882,-1.0,-1.0,-1
1.37882,1.378905,1.37882,1.378875,-1.0,-1.0,-1
1.378875,1.378985,1.37887,1.378975,-1.0,-1.0,-1
1.378975,1.37901,1.37895,1.378995,-1.0,-1.0,-1
1.378995,1.37903,1.378975,1.378975,-1.0,-1.0,-1
1.378975,1.378975,1.3789,1.37895,-1.0,-1.0,-1
1.37895,1.37895,1.378905,1.37892,-1.0,-1.0,-1
1.37892,1.37897,1.378915,1.37897,-1.0,-1.0,-1
1.37897,1.37897,1.37895,1.37896,-1.0,-1.0,-1
1.37896,1.37896,1.3789,1.378915,-1.0,-1.0,-1
1.378915,1.378915,1.37886,1.378875,-1.0,-1.0,-1
1.378875,1.37888,1.378845,1.378845,-1.0,-1.0,-1
1.378845,1.378945,1.378845,1.37892,-1.0,-1.0,-1
1.37892,1.37892,1.378885,1.37889,-1.0,-1.0,-1
1.37889,1.37889,1.37888,1.378885,-1.0,-1.0,-1
1.378885,1.3789,1.378885,1.378895,-1.0,-1.0,-1
1.378895,1.378915,1.37889,1.37891,-1.0,-1.0,-1
1.37891,1.378915,1.37888,1.37889,-1.0,-1.0,-1
1.37889,1.378895,1.37888,1.378885,-1.0,-1.0,-1
1.378885,1.37889,1.37888,1.37889,-1.0,-1.0,-1
1.37889,1.378905,1.378865,1.37887,-1.0,-1.0,-1
1.37887,1.37887,1.37887,1.37887,-1.0,-1.0,-1
1.37887,1.37887,1.378855,1.37886,-1.0,-1.0,-1
1.37886,1.37886,1.37885,1.378855,-1.0,-1.0,-1
1.378855,1.37886,1.37879,1.37879,-1.0,-1.0,-1
1.37879,1.37879,1.37879,1.37879,-1.0,-1.0,-1
1.37879,1.37879,1.378775,1.378775,-1.0,-1.0,-1
1.378775,1.378775,1.378675,1.378675,-1.0,-1.0,-1
1.378675,1.378685,1.37863,1.37868,-1.0,-1.0,-1
1.37868,1.37868,1.378675,1.37868,-1.0,-1.0,-1
1.37868,1.37869,1.378675,1.378685,-1.0,-1.0,-1
1.378685,1.378735,1.378685,1.378735,-1.0,-1.0,-1
1.378735,1.378775,1.378735,1.378735,-1.0,-1.0,-1
1.378735,1.378735,1.378735,1.378735,-1.0,-1.0,-1
1.378735,1.378775,1.378735,1.378775,-1.0,-1.0,-1
1.378775,1.37878,1.378775,1.378775,-1.0,-1.0,-1
1.378775,1.378785,1.378775,1.378785,-1.0,-1.0,-1
1.378785,1.378785,1.37872,1.37873,-1.0,-1.0,-1
1.37873,1.378745,1.37873,1.378735,-1.0,-1.0,-1
1.378735,1.37877,1.378735,1.378765,-1.0,-1.0,-1
1.378765,1.378765,1.37869,1.378725,-1.0,-1.0,-1
1.378725,1.378725,1.378725,1.378725,-1.0,-1.0,-1
1.378725,1.37877,1.378725,1.37877,-1.0,-1.0,-1
1.37877,1.37878,1.37877,1.37878,-1.0,-1.0,-1
1.37878,1.378795,1.37878,1.37879,-1.0,-1.0,-1
1.37879,1.37879,1.37866,1.3787,-1.0,-1.0,-1
1.3787,1.37873,1.3787,1.378715,-1.0,-1.0,-1
1.378715,1.378715,1.37863,1.378685,-1.0,-1.0,-1
1.378685,1.378685,1.37865,1.378685,-1.0,-1.0,-1
1.378685,1.37869,1.37868,1.37869,-1.0,-1.0,-1
1.37869,1.37869,1.37869,1.37869,-1.0,-1.0,-1
1.37869,1.37869,1.37869,1.37869,-1.0,-1.0,-1
1.37869,1.37871,1.37867,1.37871,-1.0,-1.0,-1
1.37871,1.378725,1.378705,1.378705,-1.0,-1.0,-1
1.378705,1.378705,1.378685,1.378685,-1.0,-1.0,-1
1.378685,1.378685,1.378685,1.378685,-1.0,-1.0,-1
1.378685,1.378685,1.378665,1.37868,-1.0,-1.0,-1
1.37868,1.37871,1.37868,1.37871,-1.0,-1.0,-1
1.37871,1.37872,1.378685,1.378695,-1.0,-1.0,-1
1.378695,1.378695,1.37868,1.378685,-1.0,-1.0,-1
1.378685,1.378685,1.37868,1.37868,-1.0,-1.0,-1
1.37868,1.378685,1.378665,1.37868,-1.0,-1.0,-1
1.37868,1.37873,1.37868,1.37873,-1.0,-1.0,-1
1.37873,1.37874,1.37873,1.378735,-1.0,-1.0,-1
1.378735,1.378735,1.3787,1.3787,-1.0,-1.0,-1
1.3787,1.3787,1.37869,1.37869,-1.0,-1.0,-1
1.37869,1.37869,1.37868,1.37868,-1.0,-1.0,-1
1.37868,1.37869,1.37868,1.37869,-1.0,-1.0,-1
1.37869,1.378715,1.37869,1.378715,-1.0,-1.0,-1
1.378715,1.37872,1.378715,1.378715,-1.0,-1.0,-1
1.378715,1.378715,1.37869,1.378705,-1.0,-1.0,-1
1.378705,1.378705,1.3787,1.3787,-1.0,-1.0,-1
1.3787,1.3787,1.378685,1.378685,-1.0,-1.0,-1
1.378685,1.378685,1.378675,1.378685,-1.0,-1.0,-1
1.378685,1.378685,1.37868,1.37868,-1.0,-1.0,-1
1.37868,1.378745,1.37868,1.378745,-1.0,-1.0,-1
1.378745,1.378745,1.37874,1.378745,-1.0,-1.0,-1
1.378745,1.378785,1.37874,1.378785,-1.0,-1.0,-1
1.378785,1.378785,1.37878,1.37878,-1.0,-1.0,-1
1.37878,1.37878,1.378775,1.378775,-1.0,-1.0,-1
1.378775,1.378775,1.378745,1.37875,-1.0,-1.0,-1
1.37875,1.37877,1.378745,1.37877,-1.0,-1.0,-1
1.37877,1.37877,1.378755,1.37877,-1.0,-1.0,-1
1.37877,1.37877,1.37877,1.37877,-1.0,-1.0,-1
1.37877,1.378775,1.378745,1.378775,-1.0,-1.0,-1
1.378775,1.378775,1.378745,1.37877,-1.0,-1.0,-1
1.37877,1.37878,1.37877,1.378775,-1.0,-1.0,-1
1.378775,1.37878,1.37873,1.378775,-1.0,-1.0,-1
1.378775,1.37878,1.37877,1.37878,-1.0,-1.0,-1
1.37878,1.37878,1.37878,1.37878,-1.0,-1.0,-1
1.37878,1.37878,1.378775,1.37878,-1.0,-1.0,-1
1.37878,1.378785,1.37878,1.37878,-1.0,-1.0,-1
1.37878,1.378785,1.37878,1.37878,-1.0,-1.0,-1
1.37878,1.37878,1.37877,1.378775,-1.0,-1.0,-1
1.378775,1.37878,1.37877,1.37878,-1.0,-1.0,-1
1.37878,1.378785,1.378765,1.378765,-1.0,-1.0,-1
1.378765,1.37877,1.37869,1.37869,-1.0,-1.0,-1
1.37869,1.37869,1.37861,1.37861,-1.0,-1.0,-1
1.37861,1.378625,1.378605,1.378625,-1.0,-1.0,-1
1.378625,1.378625,1.378585,1.378585,-1.0,-1.0,-1
1.378585,1.378595,1.378585,1.378595,-1.0,-1.0,-1
1.378595,1.378595,1.37855,1.378585,-1.0,-1.0,-1
1.378585,1.37859,1.37858,1.37858,-1.0,-1.0,-1
1.37858,1.378585,1.37856,1.37857,-1.0,-1.0,-1
1.37857,1.37858,1.37857,1.378575,-1.0,-1.0,-1
1.378575,1.378585,1.378575,1.37858,-1.0,-1.0,-1
1.37858,1.378655,1.37858,1.37862,-1.0,-1.0,-1
1.37862,1.37862,1.37862,1.37862,-1.0,-1.0,-1
1.37862,1.378635,1.37862,1.378635,-1.0,-1.0,-1
1.378635,1.378675,1.378635,1.378675,-1.0,-1.0,-1
1.378675,1.37869,1.378675,1.378685,-1.0,-1.0,-1
1.378685,1.378685,1.378685,1.378685,-1.0,-1.0,-1
1.378685,1.3787,1.378685,1.3787,-1.0,-1.0,-1
1.3787,1.37871,1.378695,1.378695,-1.0,-1.0,-1
1.378695,1.37871,1.378695,1.37871,-1.0,-1.0,-1
1.37871,1.37872,1.37869,1.37871,-1.0,-1.0,-1
1.37871,1.37871,1.378695,1.378695,-1.0,-1.0,-1
1.378695,1.378695,1.37869,1.37869,-1.0,-1.0,-1
1.37869,1.37869,1.378685,1.378685,-1.0,-1.0,-1
1.378685,1.378685,1.378685,1.378685,-1.0,-1.0,-1
1.378685,1.37869,1.37867,1.37869,-1.0,-1.0,-1
1.37869,1.378695,1.37869,1.378695,-1.0,-1.0,-1
1.378695,1.378695,1.378685,1.378685,-1.0,-1.0,-1
1.378685,1.378685,1.378685,1.378685,-1.0,-1.0,-1
1.378685,1.37869,1.37868,1.37868,-1.0,-1.0,-1
1.37868,1.378685,1.37867,1.37867,-1.0,-1.0,-1
1.37867,1.378675,1.378645,1.37865,-1.0,-1.0,-1
1.37865,1.378675,1.37865,1.37866,-1.0,-1.0,-1
1.37866,1.37867,1.378635,1.378635,-1.0,-1.0,-1
1.378635,1.378635,1.378625,1.378625,-1.0,-1.0,-1
1.378625,1.378635,1.378625,1.37863,-1.0,-1.0,-1
1.37863,1.37864,1.37863,1.37863,-1.0,-1.0,-1
1.37863,1.37864,1.37863,1.37863,-1.0,-1.0,-1
1.37863,1.378635,1.378625,1.378625,-1.0,-1.0,-1
1.378625,1.378625,1.37862,1.37862,-1.0,-1.0,-1
1.37862,1.378625,1.37862,1.37862,-1.0,-1.0,-1
1.37862,1.37863,1.37862,1.37863,-1.0,-1.0,-1
1.37863,1.37863,1.37863,1.37863,-1.0,-1.0,-1
1.37863,1.37864,1.378625,1.37864,-1.0,-1.0,-1
1.37864,1.37864,1.378635,1.37864,-1.0,-1.0,-1
1.37864,1.37864,1.378625,1.378625,-1.0,-1.0,-1
1.378625,1.378625,1.378625,1.378625,-1.0,-1.0,-1
1.378625,1.378625,1.378625,1.378625,-1.0,-1.0,-1
1.378625,1.37863,1.378625,1.378625,-1.0,-1.0,-1
1.378625,1.378625,1.3786,1.3786,-1.0,-1.0,-1
1.3786,1.3786,1.3786,1.3786,-1.0,-1.0,-1
1.3786,1.3786,1.3786,1.3786,-1.0,-1.0,-1
1.3786,1.3786,1.3786,1.3786,-1.0,-1.0,-1
1.3786,1.3786,1.3786,1.3786,-1.0,-1.0,-1
1.3786,1.378615,1.3786,1.378615,-1.0,-1.0,-1
1.378615,1.378615,1.378615,1.378615,-1.0,-1.0,-1
1.378615,1.378615,1.378615,1.378615,-1.0,-1.0,-1
1.378615,1.378615,1.378615,1.378615,-1.0,-1.0,-1
1.378615,1.378615,1.3786,1.3786,-1.0,-1.0,-1
1.3786,1.378605,1.3786,1.378605,-1.0,-1.0,-1
1.378605,1.378615,1.378585,1.378585,-1.0,-1.0,-1
1.378585,1.37859,1.378585,1.378585,-1.0,-1.0,-1
1.378585,1.37859,1.37856,1.378575,-1.0,-1.0,-1
1.378575,1.37858,1.37856,1.37856,-1.0,-1.0,-1
1.37856,1.378585,1.37856,1.37858,-1.0,-1.0,-1
1.37858,1.378585,1.378535,1.37857,-1.0,-1.0,-1
1.37857,1.37857,1.37857,1.37857,-1.0,-1.0,-1
1.37857,1.378585,1.37857,1.37858,-1.0,-1.0,-1
1.37858,1.378585,1.37858,1.37858,-1.0,-1.0,-1
1.37858,1.378585,1.37858,1.37858,-1.0,-1.0,-1
1.37858,1.378585,1.37853,1.378535,-1.0,-1.0,-1
1.378535,1.378545,1.37853,1.37854,-1.0,-1.0,-1
1.37854,1.37854,1.37849,1.37849,-1.0,-1.0,-1
1.37849,1.378495,1.37849,1.37849,-1.0,-1.0,-1
1.37849,1.37849,1.37849,1.37849,-1.0,-1.0,-1
1.37849,1.378505,1.37849,1.378505,-1.0,-1.0,-1
1.378505,1.378505,1.378505,1.378505,-1.0,-1.0,-1
1.378505,1.378555,1.378505,1.37853,-1.0,-1.0,-1
1.37853,1.37853,1.378525,1.37853,-1.0,-1.0,-1
1.37853,1.37853,1.378495,1.378495,-1.0,-1.0,-1
1.378495,1.378505,1.378495,1.378505,-1.0,-1.0,-1
1.378505,1.378505,1.378495,1.378495,-1.0,-1.0,-1
1.378495,1.378495,1.37849,1.37849,-1.0,-1.0,-1
1.37849,1.37849,1.37849,1.37849,-1.0,-1.0,-1
1.37849,1.37849,1.378465,1.378475,-1.0,-1.0,-1
1.378475,1.378485,1.37847,1.378485,-1.0,-1.0,-1
1.378485,1.378545,1.378485,1.378545,-1.0,-1.0,-1
1.378545,1.378545,1.378525,1.37853,-1.0,-1.0,-1
1.37853,1.378535,1.37851,1.37851,-1.0,-1.0,-1
1.37851,1.37851,1.378495,1.378495,-1.0,-1.0,-1
1.378495,1.378505,1.378495,1.378505,-1.0,-1.0,-1
1.378505,1.37851,1.378505,1.37851,-1.0,-1.0,-1
1.37851,1.378545,1.378505,1.378545,-1.0,-1.0,-1
1.378545,1.378545,1.378545,1.378545,-1.0,-1.0,-1
1.378545,1.37855,1.37854,1.37854,-1.0,-1.0,-1
1.37854,1.378555,1.378535,1.378535,-1.0,-1.0,-1
1.378535,1.378535,1.37849,1.37849,-1.0,-1.0,-1
1.37849,1.37849,1.37849,1.37849,-1.0,-1.0,-1
1.37849,1.378495,1.37849,1.378495,-1.0,-1.0,-1
1.378495,1.378495,1.37849,1.37849,-1.0,-1.0,-1
1.37849,1.378525,1.37849,1.37852,-1.0,-1.0,-1
1.37852,1.378545,1.378515,1.378545,-1.0,-1.0,-1
1.378545,1.378545,1.378545,1.378545,-1.0,-1.0,-1
1.378545,1.378545,1.378545,1.378545,-1.0,-1.0,-1
1.378545,1.378575,1.37853,1.378535,-1.0,-1.0,-1
1.378535,1.378535,1.378525,1.37853,-1.0,-1.0,-1
1.37853,1.378535,1.378525,1.378535,-1.0,-1.0,-1
1.378535,1.378535,1.378525,1.37853,-1.0,-1.0,-1
1.37853,1.378535,1.378525,1.378535,-1.0,-1.0,-1
1.378535,1.378585,1.37853,1.37858,-1.0,-1.0,-1
1.37858,1.37859,1.37858,1.37859,-1.0,-1.0,-1
1.37859,1.37859,1.37859,1.37859,-1.0,-1.0,-1
1.37859,1.37859,1.37853,1.378535,-1.0,-1.0,-1
1.378535,1.378535,1.378515,1.378515,-1.0,-1.0,-1
1.378515,1.378515,1.378495,1.378515,-1.0,-1.0,-1
1.378515,1.378515,1.378515,1.378515,-1.0,-1.0,-1
1.378515,1.378545,1.378515,1.378545,-1.0,-1.0,-1
1.378545,1.37858,1.37854,1.37854,-1.0,-1.0,-1
1.37854,1.37854,1.378535,1.37854,-1.0,-1.0,-1
1.37854,1.37854,1.378535,1.37854,-1.0,-1.0,-1
1.37854,1.378585,1.37849,1.37849,-1.0,-1.0,-1
1.37849,1.378555,1.378485,1.37854,-1.0,-1.0,-1
1.37854,1.378545,1.37853,1.378535,-1.0,-1.0,-1
1.378535,1.37856,1.37853,1.37856,-1.0,-1.0,-1
1.37856,1.37856,1.37854,1.37854,-1.0,-1.0,-1
1.37854,1.378585,1.378535,1.378535,-1.0,-1.0,-1
1.378535,1.37854,1.378525,1.37853,-1.0,-1.0,-1
1.37853,1.37853,1.378515,1.378515,-1.0,-1.0,-1
1.378515,1.37855,1.37851,1.37855,-1.0,-1.0,-1
1.37855,1.37855,1.378545,1.37855,-1.0,-1.0,-1
1.37855,1.37855,1.37855,1.37855,-1.0,-1.0,-1
1.37855,1.378565,1.37855,1.378555,-1.0,-1.0,-1
1.378555,1.378555,1.378535,1.37854,-1.0,-1.0,-1
1.37854,1.37855,1.378535,1.378535,-1.0,-1.0,-1
1.378535,1.378535,1.37849,1.37849,-1.0,-1.0,-1
1.37849,1.37849,1.37849,1.37849,-1.0,-1.0,-1
1.37849,1.37849,1.37849,1.37849,-1.0,-1.0,-1
1.37849,1.37849,1.37849,1.37849,-1.0,-1.0,-1
1.37849,1.3785,1.37849,1.37849,-1.0,-1.0,-1
1.37849,1.3785,1.37849,1.3785,-1.0,-1.0,-1
1.3785,1.3785,1.3785,1.3785,-1.0,-1.0,-1
1.3785,1.37852,1.3785,1.37851,-1.0,-1.0,-1
1.37851,1.37852,1.3785,1.37851,-1.0,-1.0,-1
1.37851,1.37851,1.3785,1.3785,-1.0,-1.0,-1
1.3785,1.3785,1.378495,1.378495,-1.0,-1.0,-1
1.378495,1.378495,1.378495,1.378495,-1.0,-1.0,-1
1.378495,1.378495,1.378495,1.378495,-1.0,-1.0,-1
1.378495,1.378495,1.378495,1.378495,-1.0,-1.0,-1
1.378495,1.378495,1.378495,1.378495,-1.0,-1.0,-1
1.378495,1.378505,1.378495,1.378495,-1.0,-1.0,-1
1.378495,1.378495,1.378495,1.378495,-1.0,-1.0,-1
1.378495,1.378505,1.378495,1.378495,-1.0,-1.0,-1
1.378495,1.378505,1.378495,1.378495,-1.0,-1.0,-1
1.378495,1.378495,1.378495,1.378495,-1.0,-1.0,-1
1.378495,1.378495,1.378495,1.378495,-1.0,-1.0,-1
1.378495,1.378495,1.378495,1.378495,-1.0,-1.0,-1
1.378495,1.378495,1.378495,1.378495,-1.0,-1.0,-1
1.378495,1.378495,1.378495,1.378495,-1.0,-1.0,-1
1.378495,1.378495,1.378495,1.378495,-1.0,-1.0,-1
1.378495,1.378495,1.378495,1.378495,-1.0,-1.0,-1
1.378495,1.378495,1.378495,1.378495,-1.0,-1.0,-1
1.378495,1.378495,1.378495,1.378495,-1.0,-1.0,-1
1.378495,1.378495,1.378495,1.378495,-1.0,-1.0,-1
1.378495,1.378535,1.378495,1.378525,-1.0,-1.0,-1
1.378525,1.37853,1.37852,1.378525,-1.0,-1.0,-1
1.378525,1.378525,1.37852,1.378525,-1.0,-1.0,-1
1.378525,1.378555,1.37852,1.378535,-1.0,-1.0,-1
1.378535,1.378535,1.37852,1.378525,-1.0,-1.0,-1
1.378525,1.37853,1.37852,1.378525,-1.0,-1.0,-1
1.378525,1.378555,1.37852,1.378555,-1.0,-1.0,-1
1.378555,1.378555,1.378535,1.378535,-1.0,-1.0,-1
1.378535,1.378535,1.378535,1.378535,-1.0,-1.0,-1
1.378535,1.378535,1.3785,1.3785,-1.0,-1.0,-1
1.3785,1.3785,1.3785,1.3785,-1.0,-1.0,-1
1.3785,1.3785,1.3785,1.3785,-1.0,-1.0,-1
1.3785,1.378525,1.3785,1.3785,-1.0,-1.0,-1
1.3785,1.37852,1.3785,1.37852,-1.0,-1.0,-1
1.37852,1.37852,1.3785,1.3785,-1.0,-1.0,-1
1.3785,1.3785,1.3785,1.3785,-1.0,-1.0,-1
1.3785,1.3785,1.3785,1.3785,-1.0,-1.0,-1
1.3785,1.3785,1.378495,1.378495,-1.0,-1.0,-1
1.378495,1.378495,1.378495,1.378495,-1.0,-1.0,-1
1.378495,1.378495,1.378495,1.378495,-1.0,-1.0,-1
1.378495,1.378495,1.378495,1.378495,-1.0,-1.0,-1
1.378495,1.378495,1.378495,1.378495,-1.0,-1.0,-1
1.378495,1.3785,1.378495,1.3785,-1.0,-1.0,-1
1.3785,1.3785,1.378405,1.378405,-1.0,-1.0,-1
1.378405,1.37841,1.378395,1.378395,-1.0,-1.0,-1
1.378395,1.378395,1.378395,1.378395,-1.0,-1.0,-1
1.378395,1.378405,1.378395,1.378405,-1.0,-1.0,-1
1.378405,1.378405,1.378405,1.378405,-1.0,-1.0,-1
1.378405,1.378405,1.378405,1.378405,-1.0,-1.0,-1
1.378405,1.378425,1.378405,1.378425,-1.0,-1.0,-1
1.378425,1.37844,1.378425,1.37844,-1.0,-1.0,-1
1.37844,1.37844,1.37843,1.378435,-1.0,-1.0,-1
1.378435,1.37844,1.37843,1.378435,-1.0,-1.0,-1
1.378435,1.378495,1.37843,1.378495,-1.0,-1.0,-1
1.378495,1.378495,1.37849,1.37849,-1.0,-1.0,-1
1.37849,1.37852,1.37849,1.378515,-1.0,-1.0,-1
1.378515,1.378515,1.37851,1.378515,-1.0,-1.0,-1
1.378515,1.37853,1.37849,1.37849,-1.0,-1.0,-1
1.37849,1.37849,1.37849,1.37849,-1.0,-1.0,-1
1.37849,1.37849,1.37849,1.37849,-1.0,-1.0,-1
1.37849,1.378495,1.37849,1.37849,-1.0,-1.0,-1
1.37849,1.378495,1.378485,1.378495,-1.0,-1.0,-1
1.378495,1.378505,1.378495,1.378495,-1.0,-1.0,-1
1.378495,1.378525,1.378495,1.37851,-1.0,-1.0,-1
1.37851,1.37851,1.378485,1.378485,-1.0,-1.0,-1
1.378485,1.378585,1.378485,1.37858,-1.0,-1.0,-1
1.37858,1.378595,1.378575,1.378595,-1.0,-1.0,-1
1.378595,1.3786,1.378595,1.378595,-1.0,-1.0,-1
1.378595,1.37862,1.378595,1.378615,-1.0,-1.0,-1
1.378615,1.378635,1.378615,1.378635,-1.0,-1.0,-1
1.378635,1.378635,1.378595,1.378595,-1.0,-1.0,-1
1.378595,1.378595,1.37853,1.378535,-1.0,-1.0,-1
1.378535,1.378535,1.37853,1.378535,-1.0,-1.0,-1
1.378535,1.37854,1.378505,1.378505,-1.0,-1.0,-1
1.378505,1.378535,1.378505,1.378535,-1.0,-1.0,-1
1.378535,1.37854,1.37853,1.37854,-1.0,-1.0,-1
1.37854,1.37854,1.37851,1.37851,-1.0,-1.0,-1
1.37851,1.378525,1.37851,1.37851,-1.0,-1.0,-1
1.37851,1.378525,1.37851,1.37851,-1.0,-1.0,-1
1.37851,1.37853,1.37851,1.378525,-1.0,-1.0,-1
1.378525,1.378525,1.378445,1.37846,-1.0,-1.0,-1
1.37846,1.37849,1.378445,1.37849,-1.0,-1.0,-1
1.37849,1.37849,1.37849,1.37849,-1.0,-1.0,-1
1.37849,1.37849,1.37842,1.37843,-1.0,-1.0,-1
1.37843,1.378525,1.378425,1.378525,-1.0,-1.0,-1
1.378525,1.378545,1.378515,1.37854,-1.0,-1.0,-1
1.37854,1.378585,1.3785,1.3785,-1.0,-1.0,-1
1.3785,1.3785,1.378495,1.378495,-1.0,-1.0,-1
1.378495,1.378495,1.37847,1.37848,-1.0,-1.0,-1
1.37848,1.378495,1.37848,1.378495,-1.0,-1.0,-1
1.378495,1.378495,1.378495,1.378495,-1.0,-1.0,-1
1.378495,1.37856,1.378495,1.37856,-1.0,-1.0,-1
1.37856,1.3786,1.37856,1.37859,-1.0,-1.0,-1
1.37859,1.3786,1.37859,1.3786,-1.0,-1.0,-1
1.3786,1.3786,1.37857,1.378585,-1.0,-1.0,-1
1.378585,1.378605,1.378585,1.3786,-1.0,-1.0,-1
1.3786,1.37863,1.3786,1.378625,-1.0,-1.0,-1
1.378625,1.37868,1.378625,1.37868,-1.0,-1.0,-1
1.37868,1.3787,1.378655,1.37869,-1.0,-1.0,-1
1.37869,1.378715,1.37869,1.378715,-1.0,-1.0,-1
1.378715,1.378725,1.378715,1.378715,-1.0,-1.0,-1
1.378715,1.378715,1.378705,1.37871,-1.0,-1.0,-1
1.37871,1.37871,1.37871,1.37871,-1.0,-1.0,-1
1.37871,1.378715,1.37871,1.378715,-1.0,-1.0,-1
1.378715,1.378715,1.378705,1.378705,-1.0,-1.0,-1
1.378705,1.37871,1.3787,1.378705,-1.0,-1.0,-1
1.378705,1.37871,1.378705,1.37871,-1.0,-1.0,-1
1.37871,1.37871,1.378695,1.37871,-1.0,-1.0,-1
1.37871,1.37871,1.37869,1.37871,-1.0,-1.0,-1
1.37871,1.37871,1.378695,1.37871,-1.0,-1.0,-1
1.37871,1.37871,1.37869,1.3787,-1.0,-1.0,-1
1.3787,1.37871,1.37869,1.37871,-1.0,-1.0,-1
1.37871,1.37871,1.378705,1.37871,-1.0,-1.0,-1
1.37871,1.37872,1.3787,1.37872,-1.0,-1.0,-1
1.37872,1.378725,1.37872,1.378725,-1.0,-1.0,-1
1.378725,1.378725,1.37872,1.378725,-1.0,-1.0,-1
1.378725,1.378735,1.378725,1.378735,-1.0,-1.0,-1
1.378735,1.378765,1.378735,1.37874,-1.0,-1.0,-1
1.37874,1.37874,1.378725,1.378735,-1.0,-1.0,-1
1.378735,1.378735,1.378735,1.378735,-1.0,-1.0,-1
1.378735,1.378735,1.378705,1.378705,-1.0,-1.0,-1
1.378705,1.378705,1.378655,1.378655,-1.0,-1.0,-1
1.378655,1.378685,1.37865,1.378665,-1.0,-1.0,-1
1.378665,1.378675,1.37866,1.37866,-1.0,-1.0,-1
1.37866,1.37869,1.37866,1.378685,-1.0,-1.0,-1
1.378685,1.378685,1.378675,1.37868,-1.0,-1.0,-1
1.37868,1.37868,1.378655,1.378655,-1.0,-1.0,-1
1.378655,1.378695,1.378655,1.37869,-1.0,-1.0,-1
1.37869,1.37871,1.37869,1.378695,-1.0,-1.0,-1
1.378695,1.37871,1.378685,1.37869,-1.0,-1.0,-1
1.37869,1.3787,1.37869,1.3787,-1.0,-1.0,-1
1.3787,1.3787,1.37869,1.378695,-1.0,-1.0,-1
1.378695,1.3787,1.378695,1.378695,-1.0,-1.0,-1
1.378695,1.378715,1.378695,1.378715,-1.0,-1.0,-1
1.378715,1.378725,1.378705,1.378715,-1.0,-1.0,-1
1.378715,1.37872,1.378715,1.37872,-1.0,-1.0,-1
1.37872,1.37872,1.37872,1.37872,-1.0,-1.0,-1
1.37872,1.37872,1.37871,1.37871,-1.0,-1.0,-1
1.37871,1.37878,1.37871,1.378775,-1.0,-1.0,-1
1.378775,1.37879,1.37876,1.37876,-1.0,-1.0,-1
1.37876,1.378765,1.378735,1.37875,-1.0,-1.0,-1
1.37875,1.378755,1.37874,1.378745,-1.0,-1.0,-1
1.378745,1.37875,1.378745,1.378745,-1.0,-1.0,-1
1.378745,1.37877,1.37874,1.378765,-1.0,-1.0,-1
1.378765,1.378785,1.378765,1.378785,-1.0,-1.0,-1
1.378785,1.378795,1.378785,1.378795,-1.0,-1.0,-1
1.378795,1.378795,1.37878,1.378795,-1.0,-1.0,-1
1.378795,1.37881,1.378785,1.378805,-1.0,-1.0,-1
1.378805,1.378805,1.3788,1.3788,-1.0,-1.0,-1
1.3788,1.3788,1.37873,1.378775,-1.0,-1.0,-1
1.378775,1.37878,1.378775,1.37878,-1.0,-1.0,-1
1.37878,1.37878,1.378775,1.378775,-1.0,-1.0,-1
1.378775,1.37879,1.378775,1.37879,-1.0,-1.0,-1
1.37879,1.37879,1.378765,1.37878,-1.0,-1.0,-1
1.37878,1.37878,1.37878,1.37878,-1.0,-1.0,-1
1.37878,1.378815,1.37878,1.378815,-1.0,-1.0,-1
1.378815,1.378815,1.37878,1.378785,-1.0,-1.0,-1
1.378785,1.378785,1.37878,1.378785,-1.0,-1.0,-1
1.378785,1.378795,1.37878,1.378795,-1.0,-1.0,-1
1.378795,1.378805,1.37878,1.378805,-1.0,-1.0,-1
1.378805,1.378815,1.3788,1.37881,-1.0,-1.0,-1
1.37881,1.378815,1.37881,1.37881,-1.0,-1.0,-1
1.37881,1.37882,1.37881,1.378815,-1.0,-1.0,-1
1.378815,1.37882,1.37881,1.37881,-1.0,-1.0,-1
1.37881,1.37884,1.378805,1.37884,-1.0,-1.0,-1
1.37884,1.378875,1.378825,1.37884,-1.0,-1.0,-1
1.37884,1.378855,1.378835,1.37885,-1.0,-1.0,-1
1.37885,1.37887,1.378845,1.378845,-1.0,-1.0,-1
1.378845,1.378845,1.37883,1.37884,-1.0,-1.0,-1
1.37884,1.37888,1.37884,1.37888,-1.0,-1.0,-1
1.37888,1.378885,1.37887,1.378875,-1.0,-1.0,-1
1.378875,1.378885,1.37887,1.378885,-1.0,-1.0,-1
1.378885,1.37889,1.378885,1.37889,-1.0,-1.0,-1
1.37889,1.378895,1.37889,1.378895,-1.0,-1.0,-1
1.378895,1.378895,1.378895,1.378895,-1.0,-1.0,-1
1.378895,1.378985,1.378895,1.37897,-1.0,-1.0,-1
1.37897,1.37897,1.378915,1.37892,-1.0,-1.0,-1
1.37892,1.378925,1.3789,1.3789,-1.0,-1.0,-1
1.3789,1.378905,1.3789,1.3789,-1.0,-1.0,-1
1.3789,1.378905,1.378895,1.378895,-1.0,-1.0,-1
1.378895,1.378895,1.378885,1.378885,-1.0,-1.0,-1
1.378885,1.378885,1.37887,1.378875,-1.0,-1.0,-1
1.378875,1.378875,1.37887,1.378875,-1.0,-1.0,-1
1.378875,1.378875,1.378845,1.378875,-1.0,-1.0,-1
1.378875,1.37888,1.378835,1.378835,-1.0,-1.0,-1
1.378835,1.37884,1.378835,1.37884,-1.0,-1.0,-1
1.37884,1.37884,1.378835,1.378835,-1.0,-1.0,-1
1.378835,1.378835,1.378835,1.378835,-1.0,-1.0,-1
1.378835,1.37884,1.37883,1.37884,-1.0,-1.0,-1
1.37884,1.37887,1.378825,1.37887,-1.0,-1.0,-1
1.37887,1.378875,1.378865,1.378865,-1.0,-1.0,-1
1.378865,1.37887,1.378865,1.37887,-1.0,-1.0,-1
1.37887,1.378885,1.378815,1.378815,-1.0,-1.0,-1
1.378815,1.378815,1.378805,1.378805,-1.0,-1.0,-1
1.378805,1.378815,1.378805,1.378815,-1.0,-1.0,-1
1.378815,1.378825,1.378815,1.378825,-1.0,-1.0,-1
1.378825,1.378825,1.378825,1.378825,-1.0,-1.0,-1
1.378825,1.378825,1.37879,1.378795,-1.0,-1.0,-1
1.378795,1.378795,1.37879,1.378795,-1.0,-1.0,-1
1.378795,1.378795,1.37879,1.37879,-1.0,-1.0,-1
1.37879,1.37879,1.37878,1.378785,-1.0,-1.0,-1
1.378785,1.37879,1.37878,1.37879,-1.0,-1.0,-1
1.37879,1.37879,1.378785,1.37879,-1.0,-1.0,-1
1.37879,1.378795,1.378785,1.378795,-1.0,-1.0,-1
1.378795,1.37882,1.378795,1.37882,-1.0,-1.0,-1
1.37882,1.37886,1.378815,1.378845,-1.0,-1.0,-1
1.378845,1.37888,1.378845,1.37888,-1.0,-1.0,-1
1.37888,1.37888,1.378875,1.37888,-1.0,-1.0,-1
1.37888,1.37888,1.378875,1.37888,-1.0,-1.0,-1
1.37888,1.378915,1.378875,1.37888,-1.0,-1.0,-1
1.37888,1.3789,1.378875,1.378885,-1.0,-1.0,-1
1.378885,1.378905,1.37888,1.378905,-1.0,-1.0,-1
1.378905,1.37891,1.3789,1.37891,-1.0,-1.0,-1
1.37891,1.37891,1.37891,1.37891,-1.0,-1.0,-1
1.37891,1.378935,1.37891,1.378925,-1.0,-1.0,-1
1.378925,1.37893,1.37892,1.37892,-1.0,-1.0,-1
1.37892,1.378925,1.37892,1.37892,-1.0,-1.0,-1
1.37892,1.378925,1.378915,1.378915,-1.0,-1.0,-1
1.378915,1.37893,1.378905,1.378925,-1.0,-1.0,-1
1.378925,1.378935,1.378925,1.378925,-1.0,-1.0,-1
1.378925,1.378935,1.378925,1.37893,-1.0,-1.0,-1
1.37893,1.378935,1.378925,1.37893,-1.0,-1.0,-1
1.37893,1.378935,1.37893,1.37893,-1.0,-1.0,-1
1.37893,1.378935,1.37892,1.378925,-1.0,-1.0,-1
1.378925,1.37893,1.378925,1.378925,-1.0,-1.0,-1
1.378925,1.378955,1.378925,1.378955,-1.0,-1.0,-1
1.378955,1.37896,1.37894,1.37894,-1.0,-1.0,-1
1.37894,1.378945,1.378935,1.378935,-1.0,-1.0,-1
1.378935,1.37894,1.37893,1.378935,-1.0,-1.0,-1
1.378935,1.37897,1.378935,1.37897,-1.0,-1.0,-1
1.37897,1.37898,1.378965,1.37898,-1.0,-1.0,-1
1.37898,1.37898,1.37898,1.37898,-1.0,-1.0,-1
1.37898,1.37898,1.378975,1.37898,-1.0,-1.0,-1
1.37898,1.37898,1.378975,1.378975,-1.0,-1.0,-1
1.378975,1.378985,1.378945,1.378945,-1.0,-1.0,-1
1.378945,1.378955,1.378945,1.378955,-1.0,-1.0,-1
1.378955,1.378995,1.37894,1.378985,-1.0,-1.0,-1
1.378985,1.378995,1.378985,1.378995,-1.0,-1.0,-1
1.378995,1.378995,1.37899,1.37899,-1.0,-1.0,-1
1.37899,1.379055,1.37899,1.37905,-1.0,-1.0,-1
1.37905,1.37905,1.37904,1.37904,-1.0,-1.0,-1
1.37904,1.379045,1.37904,1.37904,-1.0,-1.0,-1
1.37904,1.379075,1.37904,1.379065,-1.0,-1.0,-1
1.379065,1.37907,1.379065,1.37907,-1.0,-1.0,-1
1.37907,1.379075,1.379065,1.379075,-1.0,-1.0,-1
1.379075,1.379075,1.37907,1.379075,-1.0,-1.0,-1
1.379075,1.379075,1.37907,1.37907,-1.0,-1.0,-1
1.37907,1.37908,1.379065,1.37908,-1.0,-1.0,-1
1.37908,1.37908,1.379075,1.37908,-1.0,-1.0,-1
1.37908,1.379115,1.37908,1.37911,-1.0,-1.0,-1
1.37911,1.379185,1.37911,1.37918,-1.0,-1.0,-1
1.37918,1.379195,1.379175,1.379195,-1.0,-1.0,-1
1.379195,1.37925,1.379195,1.379235,-1.0,-1.0,-1
1.379235,1.379235,1.37923,1.379235,-1.0,-1.0,-1
1.379235,1.37925,1.37923,1.379245,-1.0,-1.0,-1
1.379245,1.379245,1.37922,1.379245,-1.0,-1.0,-1
1.379245,1.379255,1.37924,1.379255,-1.0,-1.0,-1
1.379255,1.379255,1.379235,1.379235,-1.0,-1.0,-1
1.379235,1.37924,1.379235,1.37924,-1.0,-1.0,-1
1.37924,1.37924,1.37923,1.379235,-1.0,-1.0,-1
1.379235,1.37924,1.37923,1.37923,-1.0,-1.0,-1
1.37923,1.379235,1.37923,1.379235,-1.0,-1.0,-1
1.379235,1.379245,1.379235,1.379245,-1.0,-1.0,-1
1.379245,1.379245,1.379235,1.379235,-1.0,-1.0,-1
1.379235,1.379245,1.379235,1.379245,-1.0,-1.0,-1
1.379245,1.379245,1.379215,1.379225,-1.0,-1.0,-1
1.379225,1.379225,1.37919,1.37919,-1.0,-1.0,-1
1.37919,1.379195,1.37919,1.379195,-1.0,-1.0,-1
1.379195,1.379195,1.379195,1.379195,-1.0,-1.0,-1
1.379195,1.379205,1.379195,1.3792,-1.0,-1.0,-1
1.3792,1.3792,1.379185,1.379185,-1.0,-1.0,-1
1.379185,1.379195,1.379185,1.379195,-1.0,-1.0,-1
1.379195,1.37928,1.37919,1.37928,-1.0,-1.0,-1
1.37928,1.379335,1.37928,1.379335,-1.0,-1.0,-1
1.379335,1.37934,1.379325,1.379335,-1.0,-1.0,-1
1.379335,1.379365,1.37933,1.37936,-1.0,-1.0,-1
1.37936,1.37938,1.379355,1.379365,-1.0,-1.0,-1
1.379365,1.37937,1.379335,1.379355,-1.0,-1.0,-1
1.379355,1.379375,1.379355,1.37937,-1.0,-1.0,-1
1.37937,1.37938,1.379365,1.37937,-1.0,-1.0,-1
1.37937,1.37938,1.379365,1.379375,-1.0,-1.0,-1
1.379375,1.37938,1.379345,1.37935,-1.0,-1.0,-1
1.37935,1.37935,1.379345,1.37935,-1.0,-1.0,-1
1.37935,1.379355,1.379345,1.37935,-1.0,-1.0,-1
1.37935,1.379355,1.379335,1.37934,-1.0,-1.0,-1
1.37934,1.379375,1.37934,1.379365,-1.0,-1.0,-1
1.379365,1.379375,1.379365,1.379365,-1.0,-1.0,-1
1.379365,1.379365,1.37933,1.37933,-1.0,-1.0,-1
1.37933,1.37935,1.37933,1.37935,-1.0,-1.0,-1
1.37935,1.379375,1.37935,1.37937,-1.0,-1.0,-1
1.37937,1.379385,1.379345,1.379345,-1.0,-1.0,-1
1.379345,1.379345,1.37934,1.37934,-1.0,-1.0,-1
1.37934,1.37936,1.37934,1.37936,-1.0,-1.0,-1
1.37936,1.37936,1.37935,1.37935,-1.0,-1.0,-1
1.37935,1.37935,1.379325,1.379325,-1.0,-1.0,-1
1.379325,1.379325,1.379295,1.37931,-1.0,-1.0,-1
1.37931,1.37931,1.379265,1.37927,-1.0,-1.0,-1
1.37927,1.37927,1.37927,1.37927,-1.0,-1.0,-1
1.37927,1.37927,1.37927,1.37927,-1.0,-1.0,-1
1.37927,1.37927,1.37926,1.37926,-1.0,-1.0,-1
1.37926,1.37926,1.37926,1.37926,-1.0,-1.0,-1
1.37926,1.37926,1.37926,1.37926,-1.0,-1.0,-1
1.37926,1.37927,1.37925,1.379255,-1.0,-1.0,-1
1.379255,1.379255,1.37925,1.379255,-1.0,-1.0,-1
1.379255,1.379255,1.37925,1.37925,-1.0,-1.0,-1
1.37925,1.379255,1.37925,1.37925,-1.0,-1.0,-1
1.37925,1.37926,1.37925,1.379255,-1.0,-1.0,-1
1.379255,1.379255,1.37925,1.37925,-1.0,-1.0,-1
1.37925,1.37926,1.379195,1.379195,-1.0,-1.0,-1
1.379195,1.379195,1.37919,1.379195,-1.0,-1.0,-1
1.379195,1.3792,1.379195,1.3792,-1.0,-1.0,-1
1.3792,1.37926,1.379195,1.379255,-1.0,-1.0,-1
1.379255,1.379255,1.37925,1.379255,-1.0,-1.0,-1
1.379255,1.37927,1.379255,1.379255,-1.0,-1.0,-1
1.379255,1.379255,1.379255,1.379255,-1.0,-1.0,-1
1.379255,1.379255,1.37925,1.37925,-1.0,-1.0,-1
1.37925,1.37927,1.379245,1.37927,-1.0,-1.0,-1
1.37927,1.37927,1.379265,1.379265,-1.0,-1.0,-1
1.379265,1.37927,1.37926,1.37927,-1.0,-1.0,-1
1.37927,1.37927,1.379265,1.37927,-1.0,-1.0,-1
1.37927,1.37927,1.379255,1.379255,-1.0,-1.0,-1
1.379255,1.379255,1.37924,1.379245,-1.0,-1.0,-1
1.379245,1.37926,1.379245,1.37926,-1.0,-1.0,-1
1.37926,1.37926,1.37924,1.379245,-1.0,-1.0,-1
1.379245,1.37926,1.379245,1.379255,-1.0,-1.0,-1
1.379255,1.379255,1.379195,1.379195,-1.0,-1.0,-1
1.379195,1.379195,1.379185,1.379185,-1.0,-1.0,-1
1.379185,1.379185,1.379175,1.379175,-1.0,-1.0,-1
1.379175,1.379175,1.379175,1.379175,-1.0,-1.0,-1
1.379175,1.379175,1.379175,1.379175,-1.0,-1.0,-1
1.379175,1.379175,1.379175,1.379175,-1.0,-1.0,-1
1.379175,1.379175,1.379175,1.379175,-1.0,-1.0,-1
1.379175,1.379175,1.379175,1.379175,-1.0,-1.0,-1
1.379175,1.379185,1.379175,1.379185,-1.0,-1.0,-1
1.379185,1.37919,1.379185,1.37919,-1.0,-1.0,-1
1.37919,1.379215,1.379185,1.37921,-1.0,-1.0,-1
1.37921,1.379215,1.37921,1.379215,-1.0,-1.0,-1
1.379215,1.379265,1.37921,1.37926,-1.0,-1.0,-1
1.37926,1.37926,1.37925,1.37926,-1.0,-1.0,-1
1.37926,1.379265,1.379255,1.379255,-1.0,-1.0,-1
1.379255,1.379255,1.379255,1.379255,-1.0,-1.0,-1
1.379255,1.37926,1.379255,1.37926,-1.0,-1.0,-1
1.37926,1.37926,1.37925,1.379255,-1.0,-1.0,-1
1.379255,1.379255,1.37925,1.37925,-1.0,-1.0,-1
1.37925,1.379255,1.37925,1.379255,-1.0,-1.0,-1
1.379255,1.379275,1.379255,1.379275,-1.0,-1.0,-1
1.379275,1.37929,1.379275,1.37928,-1.0,-1.0,-1
1.37928,1.37928,1.37928,1.37928,-1.0,-1.0,-1
1.37928,1.37928,1.37927,1.37927,-1.0,-1.0,-1
1.37927,1.37927,1.379255,1.37926,-1.0,-1.0,-1
1.37926,1.37928,1.37926,1.37928,-1.0,-1.0,-1
1.37928,1.37928,1.37928,1.37928,-1.0,-1.0,-1
1.37928,1.37928,1.37927,1.37927,-1.0,-1.0,-1
1.37927,1.37927,1.379265,1.37927,-1.0,-1.0,-1
1.37927,1.37927,1.37925,1.37925,-1.0,-1.0,-1
1.37925,1.37925,1.37925,1.37925,-1.0,-1.0,-1
1.37925,1.37925,1.379245,1.379245,-1.0,-1.0,-1
1.379245,1.379245,1.37924,1.37924,-1.0,-1.0,-1
1.37924,1.37924,1.37924,1.37924,-1.0,-1.0,-1
1.37924,1.379245,1.37924,1.379245,-1.0,-1.0,-1
1.379245,1.37925,1.37924,1.37925,-1.0,-1.0,-1
1.37925,1.37925,1.379245,1.379245,-1.0,-1.0,-1
1.379245,1.379255,1.37924,1.37925,-1.0,-1.0,-1
1.37925,1.37927,1.37925,1.37927,-1.0,-1.0,-1
1.37927,1.37928,1.37927,1.379275,-1.0,-1.0,-1
1.379275,1.379275,1.379275,1.379275,-1.0,-1.0,-1
1.379275,1.379275,1.37922,1.37922,-1.0,-1.0,-1
1.37922,1.37925,1.37922,1.37925,-1.0,-1.0,-1
1.37925,1.37925,1.37925,1.37925,-1.0,-1.0,-1
1.37925,1.37925,1.37925,1.37925,-1.0,-1.0,-1
1.37925,1.379255,1.37925,1.37925,-1.0,-1.0,-1
1.37925,1.379255,1.37925,1.379255,-1.0,-1.0,-1
1.379255,1.379255,1.37925,1.379255,-1.0,-1.0,-1
1.379255,1.379255,1.379195,1.379245,-1.0,-1.0,-1
1.379245,1.379245,1.37922,1.379225,-1.0,-1.0,-1
1.379225,1.37923,1.37922,1.37922,-1.0,-1.0,-1
1.37922,1.37922,1.379195,1.379205,-1.0,-1.0,-1
1.379205,1.37921,1.37919,1.37919,-1.0,-1.0,-1
1.37919,1.37919,1.37919,1.37919,-1.0,-1.0,-1
1.37919,1.37919,1.37918,1.37918,-1.0,-1.0,-1
1.37918,1.37918,1.37918,1.37918,-1.0,-1.0,-1
1.37918,1.37918,1.37917,1.37917,-1.0,-1.0,-1
1.37917,1.379175,1.37917,1.379175,-1.0,-1.0,-1
1.379175,1.379175,1.379175,1.379175,-1.0,-1.0,-1
1.379175,1.379175,1.37917,1.37917,-1.0,-1.0,-1
1.37917,1.379185,1.37917,1.37918,-1.0,-1.0,-1
1.37918,1.37918,1.37918,1.37918,-1.0,-1.0,-1
1.37918,1.37918,1.37917,1.37917,-1.0,-1.0,-1
1.37917,1.37917,1.37916,1.37917,-1.0,-1.0,-1
1.37917,1.379175,1.37917,1.379175,-1.0,-1.0,-1
1.379175,1.379175,1.37914,1.37916,-1.0,-1.0,-1
1.37916,1.37916,1.379105,1.379105,-1.0,-1.0,-1
1.379105,1.37912,1.37909,1.379115,-1.0,-1.0,-1
1.379115,1.379135,1.379115,1.37912,-1.0,-1.0,-1
1.37912,1.37912,1.37912,1.37912,-1.0,-1.0,-1
1.37912,1.37915,1.37912,1.37913,-1.0,-1.0,-1
1.37913,1.379135,1.37912,1.379135,-1.0,-1.0,-1
1.379135,1.379135,1.37913,1.37913,-1.0,-1.0,-1
1.37913,1.379135,1.379125,1.37913,-1.0,-1.0,-1
1.37913,1.37913,1.37912,1.37913,-1.0,-1.0,-1
1.37913,1.37913,1.379125,1.379125,-1.0,-1.0,-1
1.379125,1.37913,1.379125,1.37913,-1.0,-1.0,-1
1.37913,1.37913,1.379125,1.379125,-1.0,-1.0,-1
1.379125,1.379165,1.37912,1.379165,-1.0,-1.0,-1
1.379165,1.37918,1.37913,1.37913,-1.0,-1.0,-1
1.37913,1.379135,1.37913,1.379135,-1.0,-1.0,-1
1.379135,1.379135,1.37912,1.37912,-1.0,-1.0,-1
1.37912,1.37912,1.379095,1.3791,-1.0,-1.0,-1
1.3791,1.379105,1.379095,1.379095,-1.0,-1.0,-1
1.379095,1.37914,1.379095,1.379135,-1.0,-1.0,-1
1.379135,1.379145,1.379095,1.37912,-1.0,-1.0,-1
1.37912,1.379125,1.379115,1.37912,-1.0,-1.0,-1
1.37912,1.37913,1.37912,1.379125,-1.0,-1.0,-1
1.379125,1.379125,1.37912,1.37912,-1.0,-1.0,-1
1.37912,1.379125,1.37912,1.379125,-1.0,-1.0,-1
1.379125,1.379125,1.37912,1.379125,-1.0,-1.0,-1
1.379125,1.379125,1.37912,1.379125,-1.0,-1.0,-1
1.379125,1.379125,1.379095,1.379095,-1.0,-1.0,-1
1.379095,1.379125,1.379095,1.379125,-1.0,-1.0,-1
1.379125,1.37915,1.37912,1.379145,-1.0,-1.0,-1
1.379145,1.37915,1.37913,1.37913,-1.0,-1.0,-1
1.37913,1.37913,1.37911,1.379125,-1.0,-1.0,-1
1.379125,1.379125,1.37912,1.37912,-1.0,-1.0,-1
1.37912,1.379125,1.379115,1.379115,-1.0,-1.0,-1
1.379115,1.37912,1.379115,1.379115,-1.0,-1.0,-1
1.379115,1.379125,1.379105,1.379115,-1.0,-1.0,-1
1.379115,1.379125,1.37911,1.379125,-1.0,-1.0,-1
1.379125,1.379135,1.379115,1.379135,-1.0,-1.0,-1
1.379135,1.379175,1.379135,1.379165,-1.0,-1.0,-1
1.379165,1.379205,1.379165,1.379195,-1.0,-1.0,-1
1.379195,1.379215,1.37919,1.37921,-1.0,-1.0,-1
1.37921,1.37922,1.37921,1.37922,-1.0,-1.0,-1
1.37922,1.379245,1.37922,1.379245,-1.0,-1.0,-1
1.379245,1.379245,1.379215,1.37922,-1.0,-1.0,-1
1.37922,1.379225,1.37922,1.37922,-1.0,-1.0,-1
1.37922,1.37925,1.379205,1.37925,-1.0,-1.0,-1
1.37925,1.37925,1.37925,1.37925,-1.0,-1.0,-1
1.37925,1.37927,1.37925,1.379265,-1.0,-1.0,-1
1.379265,1.379325,1.379265,1.3793,-1.0,-1.0,-1
1.3793,1.379315,1.37929,1.379315,-1.0,-1.0,-1
1.379315,1.37932,1.379305,1.379315,-1.0,-1.0,-1
1.379315,1.379315,1.379265,1.37927,-1.0,-1.0,-1
1.37927,1.37927,1.379265,1.37927,-1.0,-1.0,-1
1.37927,1.379275,1.379265,1.379275,-1.0,-1.0,-1
1.379275,1.379275,1.37925,1.37925,-1.0,-1.0,-1
1.37925,1.379255,1.37925,1.37925,-1.0,-1.0,-1
1.37925,1.379255,1.379225,1.379225,-1.0,-1.0,-1
1.379225,1.379275,1.379225,1.379275,-1.0,-1.0,-1
1.379275,1.379275,1.37927,1.37927,-1.0,-1.0,-1
1.37927,1.37927,1.379215,1.379215,-1.0,-1.0,-1
1.379215,1.37922,1.379215,1.37922,-1.0,-1.0,-1
1.37922,1.37922,1.37922,1.37922,-1.0,-1.0,-1
1.37922,1.379225,1.37922,1.379225,-1.0,-1.0,-1
1.379225,1.37923,1.37922,1.37923,-1.0,-1.0,-1
1.37923,1.379245,1.37921,1.379215,-1.0,-1.0,-1
1.379215,1.37922,1.379215,1.37922,-1.0,-1.0,-1
1.37922,1.379225,1.37922,1.37922,-1.0,-1.0,-1
1.37922,1.379225,1.37922,1.379225,-1.0,-1.0,-1
1.379225,1.37923,1.37922,1.379225,-1.0,-1.0,-1
1.379225,1.379225,1.379225,1.379225,-1.0,-1.0,-1
1.379225,1.379225,1.37922,1.37922,-1.0,-1.0,-1
1.37922,1.379225,1.379215,1.37922,-1.0,-1.0,-1
1.37922,1.379255,1.37922,1.37925,-1.0,-1.0,-1
1.37925,1.37925,1.37925,1.37925,-1.0,-1.0,-1
1.37925,1.379255,1.37925,1.37925,-1.0,-1.0,-1
1.37925,1.37926,1.37925,1.379255,-1.0,-1.0,-1
1.379255,1.379265,1.379255,1.379265,-1.0,-1.0,-1
1.379265,1.379265,1.37925,1.37925,-1.0,-1.0,-1
1.37925,1.379255,1.379245,1.379245,-1.0,-1.0,-1
1.379245,1.37925,1.379245,1.379245,-1.0,-1.0,-1
1.379245,1.379255,1.379245,1.37925,-1.0,-1.0,-1
1.37925,1.37926,1.379245,1.37926,-1.0,-1.0,-1
1.37926,1.379285,1.37926,1.37928,-1.0,-1.0,-1
1.37928,1.379285,1.37927,1.37928,-1.0,-1.0,-1
1.37928,1.37928,1.379275,1.379275,-1.0,-1.0,-1
1.379275,1.379275,1.37927,1.37927,-1.0,-1.0,-1
1.37927,1.37927,1.379245,1.379245,-1.0,-1.0,-1
1.379245,1.37926,1.37922,1.37926,-1.0,-1.0,-1
1.37926,1.379265,1.379255,1.379255,-1.0,-1.0,-1
1.379255,1.379255,1.379245,1.37925,-1.0,-1.0,-1
1.37925,1.37925,1.379245,1.37925,-1.0,-1.0,-1
1.37925,1.37925,1.379245,1.379245,-1.0,-1.0,-1
1.379245,1.37925,1.379245,1.37925,-1.0,-1.0,-1
1.37925,1.379255,1.379245,1.379255,-1.0,-1.0,-1
1.379255,1.37926,1.379255,1.37926,-1.0,-1.0,-1
1.37926,1.37926,1.37923,1.379235,-1.0,-1.0,-1
1.379235,1.379265,1.37923,1.37926,-1.0,-1.0,-1
1.37926,1.37926,1.37926,1.37926,-1.0,-1.0,-1
1.37926,1.379265,1.37926,1.379265,-1.0,-1.0,-1
1.379265,1.37927,1.379265,1.379265,-1.0,-1.0,-1
1.379265,1.37927,1.379265,1.37927,-1.0,-1.0,-1
1.37927,1.37927,1.379255,1.379255,-1.0,-1.0,-1
1.379255,1.37926,1.379255,1.37926,-1.0,-1.0,-1
1.37926,1.37927,1.379255,1.37927,-1.0,-1.0,-1
1.37927,1.37927,1.37927,1.37927,-1.0,-1.0,-1
1.37927,1.37927,1.379265,1.379265,-1.0,-1.0,-1
1.379265,1.379265,1.379255,1.37926,-1.0,-1.0,-1
1.37926,1.37928,1.37926,1.379275,-1.0,-1.0,-1
1.379275,1.379285,1.379275,1.379275,-1.0,-1.0,-1
1.379275,1.379275,1.379275,1.379275,-1.0,-1.0,-1
1.379275,1.379275,1.379255,1.37927,-1.0,-1.0,-1
1.37927,1.37927,1.37927,1.37927,-1.0,-1.0,-1
1.37927,1.37927,1.37925,1.379255,-1.0,-1.0,-1
1.379255,1.379255,1.379255,1.379255,-1.0,-1.0,-1
1.379255,1.379255,1.379255,1.379255,-1.0,-1.0,-1
1.379255,1.379255,1.37925,1.37925,-1.0,-1.0,-1
1.37925,1.379255,1.379245,1.37925,-1.0,-1.0,-1
1.37925,1.379255,1.37925,1.379255,-1.0,-1.0,-1
1.379255,1.379275,1.379255,1.379275,-1.0,-1.0,-1
1.379275,1.379335,1.379275,1.37933,-1.0,-1.0,-1
1.37933,1.379345,1.37933,1.379335,-1.0,-1.0,-1
1.379335,1.379345,1.379335,1.379345,-1.0,-1.0,-1
1.379345,1.379345,1.37934,1.37934,-1.0,-1.0,-1
1.37934,1.37935,1.379335,1.37935,-1.0,-1.0,-1
1.37935,1.37935,1.37935,1.37935,-1.0,-1.0,-1
1.37935,1.37935,1.37933,1.37933,-1.0,-1.0,-1
1.37933,1.37933,1.379315,1.379325,-1.0,-1.0,-1
1.379325,1.37933,1.37932,1.37933,-1.0,-1.0,-1
1.37933,1.37933,1.37932,1.379325,-1.0,-1.0,-1
1.379325,1.37933,1.37932,1.379325,-1.0,-1.0,-1
1.379325,1.379325,1.37932,1.379325,-1.0,-1.0,-1
1.379325,1.379325,1.3793,1.37931,-1.0,-1.0,-1
1.37931,1.379315,1.379295,1.379315,-1.0,-1.0,-1
1.379315,1.379315,1.3793,1.3793,-1.0,-1.0,-1
1.3793,1.3793,1.37928,1.37929,-1.0,-1.0,-1
1.37929,1.37929,1.37929,1.37929,-1.0,-1.0,-1
1.37929,1.37929,1.379235,1.37924,-1.0,-1.0,-1
1.37924,1.379245,1.37924,1.379245,-1.0,-1.0,-1
1.379245,1.37925,1.379245,1.379245,-1.0,-1.0,-1
1.379245,1.379245,1.379245,1.379245,-1.0,-1.0,-1
1.379245,1.379245,1.379195,1.379195,-1.0,-1.0,-1
1.379195,1.3792,1.379195,1.3792,-1.0,-1.0,-1
1.3792,1.3792,1.3792,1.3792,-1.0,-1.0,-1
1.3792,1.3792,1.379175,1.379175,-1.0,-1.0,-1
1.379175,1.379175,1.37916,1.37916,-1.0,-1.0,-1
1.37916,1.379175,1.37916,1.379175,-1.0,-1.0,-1
1.379175,1.379175,1.379155,1.379155,-1.0,-1.0,-1
1.379155,1.37916,1.37912,1.37912,-1.0,-1.0,-1
1.37912,1.37912,1.37911,1.37911,-1.0,-1.0,-1
1.37911,1.379115,1.379095,1.379095,-1.0,-1.0,-1
1.379095,1.3791,1.379085,1.37909,-1.0,-1.0,-1
1.37909,1.379095,1.379085,1.379095,-1.0,-1.0,-1
1.379095,1.379095,1.379095,1.379095,-1.0,-1.0,-1
1.379095,1.37916,1.379095,1.37916,-1.0,-1.0,-1
1.37916,1.37916,1.379155,1.37916,-1.0,-1.0,-1
1.37916,1.37916,1.37913,1.37915,-1.0,-1.0,-1
1.37915,1.379155,1.37913,1.379145,-1.0,-1.0,-1
1.379145,1.37915,1.37913,1.37914,-1.0,-1.0,-1
1.37914,1.37915,1.379135,1.37915,-1.0,-1.0,-1
1.37915,1.379165,1.379145,1.379165,-1.0,-1.0,-1
1.379165,1.37917,1.379165,1.37917,-1.0,-1.0,-1
1.37917,1.37917,1.37916,1.37916,-1.0,-1.0,-1
1.37916,1.37916,1.37916,1.37916,-1.0,-1.0,-1
1.37916,1.37916,1.379155,1.37916,-1.0,-1.0,-1
1.37916,1.37916,1.379155,1.379155,-1.0,-1.0,-1
1.379155,1.379155,1.379135,1.379155,-1.0,-1.0,-1
1.379155,1.379245,1.379155,1.37924,-1.0,-1.0,-1
1.37924,1.379255,1.37923,1.379255,-1.0,-1.0,-1
1.379255,1.379255,1.37925,1.37925,-1.0,-1.0,-1
1.37925,1.37925,1.379225,1.379235,-1.0,-1.0,-1
1.379235,1.379235,1.379205,1.379215,-1.0,-1.0,-1
1.379215,1.379225,1.379215,1.37922,-1.0,-1.0,-1
1.37922,1.379225,1.37922,1.379225,-1.0,-1.0,-1
1.379225,1.379235,1.37922,1.379225,-1.0,-1.0,-1
1.379225,1.37923,1.37922,1.379225,-1.0,-1.0,-1
1.379225,1.37923,1.37921,1.37921,-1.0,-1.0,-1
1.37921,1.379215,1.37921,1.37921,-1.0,-1.0,-1
1.37921,1.37921,1.37921,1.37921,-1.0,-1.0,-1
1.37921,1.379275,1.379205,1.379275,-1.0,-1.0,-1
1.379275,1.379275,1.379275,1.379275,-1.0,-1.0,-1
1.379275,1.379275,1.379275,1.379275,-1.0,-1.0,-1
1.379275,1.379275,1.37927,1.379275,-1.0,-1.0,-1
1.379275,1.379275,1.37927,1.379275,-1.0,-1.0,-1
1.379275,1.379275,1.37927,1.379275,-1.0,-1.0,-1
1.379275,1.379275,1.379275,1.379275,-1.0,-1.0,-1
1.379275,1.379355,1.379275,1.379355,-1.0,-1.0,-1
1.379355,1.37937,1.379355,1.379365,-1.0,-1.0,-1
1.379365,1.37937,1.379355,1.379355,-1.0,-1.0,-1
1.379355,1.379375,1.379355,1.37937,-1.0,-1.0,-1
1.37937,1.379375,1.37937,1.37937,-1.0,-1.0,-1
1.37937,1.379375,1.37937,1.37937,-1.0,-1.0,-1
1.37937,1.379375,1.37936,1.37936,-1.0,-1.0,-1
1.37936,1.379365,1.37936,1.37936,-1.0,-1.0,-1
1.37936,1.379365,1.37936,1.37936,-1.0,-1.0,-1
1.37936,1.379365,1.37936,1.37936,-1.0,-1.0,-1
1.37936,1.379365,1.37936,1.37936,-1.0,-1.0,-1
1.37936,1.379365,1.37936,1.37936,-1.0,-1.0,-1
1.37936,1.379365,1.37936,1.37936,-1.0,-1.0,-1
1.37936,1.379365,1.37936,1.37936,-1.0,-1.0,-1
1.37936,1.37937,1.37936,1.379365,-1.0,-1.0,-1
1.379365,1.37937,1.379365,1.379365,-1.0,-1.0,-1
1.379365,1.37937,1.37932,1.37933,-1.0,-1.0,-1
1.37933,1.379335,1.37933,1.37933,-1.0,-1.0,-1
1.37933,1.37933,1.379325,1.37933,-1.0,-1.0,-1
1.37933,1.379345,1.37933,1.379345,-1.0,-1.0,-1
1.379345,1.37936,1.379345,1.379355,-1.0,-1.0,-1
1.379355,1.37936,1.37935,1.37936,-1.0,-1.0,-1
1.37936,1.379375,1.37936,1.37937,-1.0,-1.0,-1
1.37937,1.379375,1.37937,1.37937,-1.0,-1.0,-1
1.37937,1.379375,1.379365,1.379365,-1.0,-1.0,-1
1.379365,1.37937,1.379365,1.379365,-1.0,-1.0,-1
1.379365,1.37937,1.379365,1.379365,-1.0,-1.0,-1
1.379365,1.37937,1.379345,1.379345,-1.0,-1.0,-1
1.379345,1.379345,1.379345,1.379345,-1.0,-1.0,-1
1.379345,1.379345,1.379345,1.379345,-1.0,-1.0,-1
1.379345,1.379345,1.379255,1.379255,-1.0,-1.0,-1
1.379255,1.379255,1.379245,1.37925,-1.0,-1.0,-1
1.37925,1.379255,1.37925,1.379255,-1.0,-1.0,-1
1.379255,1.37926,1.379255,1.379255,-1.0,-1.0,-1
1.379255,1.37926,1.379255,1.37926,-1.0,-1.0,-1
1.37926,1.37926,1.379255,1.379255,-1.0,-1.0,-1
1.379255,1.379255,1.3792,1.3792,-1.0,-1.0,-1
1.3792,1.3792,1.379175,1.379175,-1.0,-1.0,-1
1.379175,1.379205,1.379175,1.37919,-1.0,-1.0,-1
1.37919,1.37921,1.37919,1.37921,-1.0,-1.0,-1
1.37921,1.37922,1.3792,1.37922,-1.0,-1.0,-1
1.37922,1.379235,1.37922,1.379235,-1.0,-1.0,-1
1.379235,1.379235,1.379225,1.37923,-1.0,-1.0,-1
1.37923,1.37923,1.37922,1.37923,-1.0,-1.0,-1
1.37923,1.37923,1.37922,1.379225,-1.0,-1.0,-1
1.379225,1.379235,1.379225,1.37923,-1.0,-1.0,-1
1.37923,1.379235,1.379225,1.379235,-1.0,-1.0,-1
1.379235,1.379235,1.37922,1.379225,-1.0,-1.0,-1
1.379225,1.379225,1.379225,1.379225,-1.0,-1.0,-1
1.379225,1.379225,1.379225,1.379225,-1.0,-1.0,-1
1.379225,1.379225,1.37922,1.37922,-1.0,-1.0,-1
1.37922,1.379225,1.37922,1.379225,-1.0,-1.0,-1
1.379225,1.379225,1.379225,1.379225,-1.0,-1.0,-1
1.379225,1.379225,1.37922,1.379225,-1.0,-1.0,-1
1.379225,1.379225,1.37922,1.379225,-1.0,-1.0,-1
1.379225,1.379225,1.379215,1.379215,-1.0,-1.0,-1
1.379215,1.379215,1.3792,1.379215,-1.0,-1.0,-1
1.379215,1.379215,1.379215,1.379215,-1.0,-1.0,-1
1.379215,1.379215,1.3792,1.37921,-1.0,-1.0,-1
1.37921,1.37921,1.37919,1.37919,-1.0,-1.0,-1
1.37919,1.37919,1.37919,1.37919,-1.0,-1.0,-1
1.37919,1.37919,1.37917,1.379175,-1.0,-1.0,-1
1.379175,1.379175,1.379175,1.379175,-1.0,-1.0,-1
1.379175,1.379175,1.379175,1.379175,-1.0,-1.0,-1
1.379175,1.37918,1.379175,1.37918,-1.0,-1.0,-1
1.37918,1.3792,1.37916,1.37916,-1.0,-1.0,-1
1.37916,1.379165,1.37916,1.379165,-1.0,-1.0,-1
1.379165,1.379165,1.379165,1.379165,-1.0,-1.0,-1
1.379165,1.379165,1.379155,1.37916,-1.0,-1.0,-1
1.37916,1.37917,1.37916,1.37917,-1.0,-1.0,-1
1.37917,1.379175,1.37917,1.379175,-1.0,-1.0,-1
1.379175,1.3792,1.37917,1.37919,-1.0,-1.0,-1
1.37919,1.37921,1.379165,1.37921,-1.0,-1.0,-1
1.37921,1.379215,1.379205,1.379205,-1.0,-1.0,-1
1.379205,1.379215,1.379205,1.379215,-1.0,-1.0,-1
1.379215,1.37922,1.379215,1.37922,-1.0,-1.0,-1
1.37922,1.37923,1.37922,1.379225,-1.0,-1.0,-1
1.379225,1.379225,1.37921,1.37921,-1.0,-1.0,-1
1.37921,1.379215,1.379185,1.379185,-1.0,-1.0,-1
1.379185,1.379185,1.379185,1.379185,-1.0,-1.0,-1
1.379185,1.379195,1.379185,1.379195,-1.0,-1.0,-1
1.379195,1.379195,1.379185,1.379185,-1.0,-1.0,-1
1.379185,1.379185,1.379175,1.37918,-1.0,-1.0,-1
1.37918,1.37918,1.379175,1.37918,-1.0,-1.0,-1
1.37918,1.37918,1.37918,1.37918,-1.0,-1.0,-1
1.37918,1.37918,1.37917,1.37917,-1.0,-1.0,-1
1.37917,1.379175,1.37917,1.379175,-1.0,-1.0,-1
1.379175,1.37918,1.379175,1.379175,-1.0,-1.0,-1
1.379175,1.379175,1.379145,1.379145,-1.0,-1.0,-1
1.379145,1.379165,1.379145,1.379165,-1.0,-1.0,-1
1.379165,1.379175,1.379165,1.37917,-1.0,-1.0,-1
1.37917,1.37917,1.37908,1.37908,-1.0,-1.0,-1
1.37908,1.37908,1.37908,1.37908,-1.0,-1.0,-1
1.37908,1.37908,1.37908,1.37908,-1.0,-1.0,-1
1.37908,1.37908,1.37905,1.37905,-1.0,-1.0,-1
1.37905,1.379075,1.37905,1.37907,-1.0,-1.0,-1
1.37907,1.37908,1.37907,1.379075,-1.0,-1.0,-1
1.379075,1.37908,1.379065,1.379075,-1.0,-1.0,-1
1.379075,1.37908,1.379075,1.379075,-1.0,-1.0,-1
1.379075,1.379105,1.379075,1.37908,-1.0,-1.0,-1
1.37908,1.37909,1.37908,1.37908,-1.0,-1.0,-1
1.37908,1.37909,1.37908,1.37908,-1.0,-1.0,-1
1.37908,1.379085,1.37908,1.379085,-1.0,-1.0,-1
1.379085,1.379085,1.379065,1.379065,-1.0,-1.0,-1
1.379065,1.379065,1.379065,1.379065,-1.0,-1.0,-1
1.379065,1.37916,1.379065,1.37916,-1.0,-1.0,-1
1.37916,1.37917,1.37916,1.37917,-1.0,-1.0,-1
1.37917,1.379175,1.37913,1.37914,-1.0,-1.0,-1
1.37914,1.379165,1.37914,1.379155,-1.0,-1.0,-1
1.379155,1.37917,1.379135,1.379145,-1.0,-1.0,-1
1.379145,1.379185,1.37913,1.379185,-1.0,-1.0,-1
1.379185,1.379185,1.379185,1.379185,-1.0,-1.0,-1
1.379185,1.379185,1.379185,1.379185,-1.0,-1.0,-1
1.379185,1.379185,1.379175,1.37918,-1.0,-1.0,-1
1.37918,1.37919,1.37918,1.379185,-1.0,-1.0,-1
1.379185,1.379185,1.37917,1.37917,-1.0,-1.0,-1
1.37917,1.37919,1.37917,1.37919,-1.0,-1.0,-1
1.37919,1.379195,1.37919,1.379195,-1.0,-1.0,-1
1.379195,1.379195,1.379195,1.379195,-1.0,-1.0,-1
1.379195,1.37924,1.379195,1.37924,-1.0,-1.0,-1
1.37924,1.379255,1.37924,1.37924,-1.0,-1.0,-1
1.37924,1.37924,1.37924,1.37924,-1.0,-1.0,-1
1.37924,1.37928,1.379235,1.37928,-1.0,-1.0,-1
1.37928,1.37928,1.37927,1.37927,-1.0,-1.0,-1
1.37927,1.37927,1.37926,1.37927,-1.0,-1.0,-1
1.37927,1.37928,1.37927,1.37928,-1.0,-1.0,-1
1.37928,1.37928,1.379275,1.379275,-1.0,-1.0,-1
1.379275,1.37928,1.379225,1.37923,-1.0,-1.0,-1
1.37923,1.37923,1.37922,1.37922,-1.0,-1.0,-1
1.37922,1.379225,1.379195,1.379195,-1.0,-1.0,-1
1.379195,1.379195,1.379195,1.379195,-1.0,-1.0,-1
1.379195,1.379195,1.379195,1.379195,-1.0,-1.0,-1
1.379195,1.37924,1.379195,1.379235,-1.0,-1.0,-1
1.379235,1.379245,1.379225,1.379245,-1.0,-1.0,-1
1.379245,1.379245,1.37924,1.37924,-1.0,-1.0,-1
1.37924,1.379255,1.37924,1.379255,-1.0,-1.0,-1
1.379255,1.37928,1.379255,1.37928,-1.0,-1.0,-1
1.37928,1.37928,1.379275,1.379275,-1.0,-1.0,-1
1.379275,1.379275,1.379255,1.379255,-1.0,-1.0,-1
1.379255,1.379255,1.379225,1.379235,-1.0,-1.0,-1
1.379235,1.37924,1.37923,1.37924,-1.0,-1.0,-1
1.37924,1.37927,1.379235,1.379265,-1.0,-1.0,-1
1.379265,1.379275,1.379265,1.37927,-1.0,-1.0,-1
1.37927,1.37927,1.37927,1.37927,-1.0,-1.0,-1
1.37927,1.379295,1.37927,1.37928,-1.0,-1.0,-1
1.37928,1.37928,1.37928,1.37928,-1.0,-1.0,-1
1.37928,1.37928,1.37928,1.37928,-1.0,-1.0,-1
1.37928,1.379295,1.379275,1.379275,-1.0,-1.0,-1
1.379275,1.37928,1.379275,1.37928,-1.0,-1.0,-1
1.37928,1.37928,1.37926,1.379275,-1.0,-1.0,-1
1.379275,1.379275,1.37927,1.37927,-1.0,-1.0,-1
1.37927,1.379275,1.37927,1.379275,-1.0,-1.0,-1
1.379275,1.379275,1.379265,1.379265,-1.0,-1.0,-1
1.379265,1.37927,1.379205,1.379205,-1.0,-1.0,-1
1.379205,1.379205,1.37917,1.37917,-1.0,-1.0,-1
1.37917,1.3792,1.379165,1.37919,-1.0,-1.0,-1
1.37919,1.37919,1.37919,1.37919,-1.0,-1.0,-1
1.37919,1.37919,1.37919,1.37919,-1.0,-1.0,-1
1.37919,1.37919,1.37919,1.37919,-1.0,-1.0,-1
1.37919,1.379225,1.37919,1.379225,-1.0,-1.0,-1
1.379225,1.37923,1.37922,1.379225,-1.0,-1.0,-1
1.379225,1.379225,1.379215,1.379225,-1.0,-1.0,-1
1.379225,1.37923,1.37922,1.37923,-1.0,-1.0,-1
1.37923,1.37923,1.37922,1.37923,-1.0,-1.0,-1
1.37923,1.379235,1.379225,1.37923,-1.0,-1.0,-1
1.37923,1.37923,1.379225,1.37923,-1.0,-1.0,-1
1.37923,1.379235,1.379225,1.379235,-1.0,-1.0,-1
1.379235,1.37924,1.37923,1.379235,-1.0,-1.0,-1
1.379235,1.379235,1.379225,1.379235,-1.0,-1.0,-1
1.379235,1.37924,1.379235,1.379235,-1.0,-1.0,-1
1.379235,1.37927,1.379235,1.37927,-1.0,-1.0,-1
1.37927,1.37927,1.37927,1.37927,-1.0,-1.0,-1
1.37927,1.37927,1.37927,1.37927,-1.0,-1.0,-1
1.37927,1.37927,1.37927,1.37927,-1.0,-1.0,-1
1.37927,1.37927,1.37927,1.37927,-1.0,-1.0,-1
1.37927,1.37927,1.37927,1.37927,-1.0,-1.0,-1
1.37927,1.37927,1.37922,1.37923,-1.0,-1.0,-1
1.37923,1.37923,1.37922,1.379225,-1.0,-1.0,-1
1.379225,1.379225,1.379205,1.379215,-1.0,-1.0,-1
1.379215,1.379225,1.379215,1.37922,-1.0,-1.0,-1
1.37922,1.379225,1.379215,1.37922,-1.0,-1.0,-1
1.37922,1.37922,1.379215,1.37922,-1.0,-1.0,-1
1.37922,1.379225,1.379215,1.37922,-1.0,-1.0,-1
1.37922,1.37923,1.379215,1.379225,-1.0,-1.0,-1
1.379225,1.37923,1.379215,1.37922,-1.0,-1.0,-1
1.37922,1.379225,1.379215,1.379225,-1.0,-1.0,-1
1.379225,1.379225,1.379215,1.379225,-1.0,-1.0,-1
1.379225,1.379265,1.379215,1.37926,-1.0,-1.0,-1
1.37926,1.37926,1.37925,1.379255,-1.0,-1.0,-1
1.379255,1.379255,1.37925,1.379255,-1.0,-1.0,-1
1.379255,1.379255,1.37924,1.379255,-1.0,-1.0,-1
1.379255,1.379255,1.379235,1.379245,-1.0,-1.0,-1
1.379245,1.379255,1.379235,1.37924,-1.0,-1.0,-1
1.37924,1.379255,1.37923,1.379255,-1.0,-1.0,-1
1.379255,1.379255,1.37923,1.37923,-1.0,-1.0,-1
1.37923,1.379235,1.379165,1.379165,-1.0,-1.0,-1
1.379165,1.379175,1.379165,1.379165,-1.0,-1.0,-1
1.379165,1.379165,1.379165,1.379165,-1.0,-1.0,-1
1.379165,1.379165,1.379165,1.379165,-1.0,-1.0,-1
1.379165,1.37917,1.379165,1.37917,-1.0,-1.0,-1
1.37917,1.37917,1.379165,1.379165,-1.0,-1.0,-1
1.379165,1.37918,1.379165,1.379175,-1.0,-1.0,-1
1.379175,1.379175,1.379155,1.379155,-1.0,-1.0,-1
1.379155,1.379175,1.379155,1.379175,-1.0,-1.0,-1
1.379175,1.379195,1.379175,1.37918,-1.0,-1.0,-1
1.37918,1.37918,1.37918,1.37918,-1.0,-1.0,-1
1.37918,1.37918,1.379175,1.379175,-1.0,-1.0,-1
1.379175,1.37918,1.379135,1.379175,-1.0,-1.0,-1
1.379175,1.379175,1.379175,1.379175,-1.0,-1.0,-1
1.379175,1.379175,1.379175,1.379175,-1.0,-1.0,-1
1.379175,1.379175,1.379125,1.379125,-1.0,-1.0,-1
1.379125,1.379125,1.379095,1.379095,-1.0,-1.0,-1
1.379095,1.37913,1.379095,1.37913,-1.0,-1.0,-1
1.37913,1.37913,1.37912,1.37912,-1.0,-1.0,-1
1.37912,1.379125,1.37912,1.37912,-1.0,-1.0,-1
1.37912,1.379125,1.379115,1.379115,-1.0,-1.0,-1
1.379115,1.37913,1.379105,1.37912,-1.0,-1.0,-1
1.37912,1.379125,1.37912,1.37912,-1.0,-1.0,-1
1.37912,1.379125,1.37912,1.37912,-1.0,-1.0,-1
1.37912,1.379125,1.37912,1.37912,-1.0,-1.0,-1
1.37912,1.379135,1.37911,1.37911,-1.0,-1.0,-1
1.37911,1.379145,1.37911,1.379145,-1.0,-1.0,-1
1.379145,1.379165,1.37914,1.379155,-1.0,-1.0,-1
1.379155,1.379175,1.379155,1.379175,-1.0,-1.0,-1
1.379175,1.379175,1.379175,1.379175,-1.0,-1.0,-1
1.379175,1.37922,1.379175,1.37922,-1.0,-1.0,-1
1.37922,1.379225,1.379205,1.379215,-1.0,-1.0,-1
1.379215,1.37922,1.379205,1.37921,-1.0,-1.0,-1
1.37921,1.37921,1.379205,1.37921,-1.0,-1.0,-1
1.37921,1.37923,1.379205,1.37923,-1.0,-1.0,-1
1.37923,1.379235,1.379215,1.379235,-1.0,-1.0,-1
1.379235,1.379255,1.379235,1.379255,-1.0,-1.0,-1
1.379255,1.379255,1.37925,1.379255,-1.0,-1.0,-1
1.379255,1.37928,1.379255,1.37928,-1.0,-1.0,-1
1.37928,1.379285,1.379265,1.37928,-1.0,-1.0,-1
1.37928,1.37928,1.37927,1.379275,-1.0,-1.0,-1
1.379275,1.379275,1.379275,1.379275,-1.0,-1.0,-1
1.379275,1.379275,1.37922,1.379225,-1.0,-1.0,-1
1.379225,1.37924,1.379195,1.379195,-1.0,-1.0,-1
1.379195,1.379195,1.379185,1.37919,-1.0,-1.0,-1
1.37919,1.379195,1.379175,1.379175,-1.0,-1.0,-1
1.379175,1.379185,1.379175,1.37918,-1.0,-1.0,-1
1.37918,1.37918,1.37917,1.37917,-1.0,-1.0,-1
1.37917,1.37919,1.37917,1.379185,-1.0,-1.0,-1
1.379185,1.37919,1.37918,1.37918,-1.0,-1.0,-1
1.37918,1.379185,1.37918,1.379185,-1.0,-1.0,-1
1.379185,1.379185,1.379185,1.379185,-1.0,-1.0,-1
1.379185,1.379215,1.379185,1.37921,-1.0,-1.0,-1
1.37921,1.37921,1.37919,1.37919,-1.0,-1.0,-1
1.37919,1.37919,1.37918,1.37918,-1.0,-1.0,-1
1.37918,1.379185,1.379175,1.379185,-1.0,-1.0,-1
1.379185,1.379185,1.379185,1.379185,-1.0,-1.0,-1
1.379185,1.379185,1.37918,1.37918,-1.0,-1.0,-1
1.37918,1.37925,1.37918,1.37924,-1.0,-1.0,-1
1.37924,1.379265,1.37922,1.379265,-1.0,-1.0,-1
1.379265,1.379275,1.379265,1.379265,-1.0,-1.0,-1
1.379265,1.379265,1.379265,1.379265,-1.0,-1.0,-1
1.379265,1.37927,1.379265,1.37927,-1.0,-1.0,-1
1.37927,1.379275,1.37927,1.379275,-1.0,-1.0,-1
1.379275,1.37928,1.379275,1.379275,-1.0,-1.0,-1
1.379275,1.379275,1.379275,1.379275,-1.0,-1.0,-1
1.379275,1.37928,1.379275,1.37928,-1.0,-1.0,-1
1.37928,1.37928,1.37927,1.379275,-1.0,-1.0,-1
1.379275,1.37928,1.379275,1.379275,-1.0,-1.0,-1
1.379275,1.37928,1.379265,1.379265,-1.0,-1.0,-1
1.379265,1.379265,1.379265,1.379265,-1.0,-1.0,-1
1.379265,1.379275,1.379265,1.379275,-1.0,-1.0,-1
1.379275,1.379275,1.379255,1.37926,-1.0,-1.0,-1
1.37926,1.37926,1.379255,1.37926,-1.0,-1.0,-1
1.37926,1.379265,1.379255,1.379265,-1.0,-1.0,-1
1.379265,1.379265,1.37926,1.37926,-1.0,-1.0,-1
1.37926,1.37926,1.379255,1.37926,-1.0,-1.0,-1
1.37926,1.37926,1.37925,1.37925,-1.0,-1.0,-1
1.37925,1.379255,1.37925,1.379255,-1.0,-1.0,-1
1.379255,1.379255,1.37925,1.37925,-1.0,-1.0,-1
1.37925,1.37926,1.37925,1.37926,-1.0,-1.0,-1
1.37926,1.37926,1.379255,1.37926,-1.0,-1.0,-1
1.37926,1.37926,1.37925,1.379255,-1.0,-1.0,-1
1.379255,1.379255,1.3792,1.37921,-1.0,-1.0,-1
1.37921,1.37921,1.37915,1.37916,-1.0,-1.0,-1
1.37916,1.37916,1.379145,1.379155,-1.0,-1.0,-1
1.379155,1.379175,1.379145,1.379175,-1.0,-1.0,-1
1.379175,1.37918,1.379175,1.379175,-1.0,-1.0,-1
1.379175,1.37918,1.37917,1.37918,-1.0,-1.0,-1
1.37918,1.379185,1.379175,1.379175,-1.0,-1.0,-1
1.379175,1.379185,1.379175,1.37918,-1.0,-1.0,-1
1.37918,1.37918,1.379175,1.37918,-1.0,-1.0,-1
1.37918,1.379185,1.37917,1.37917,-1.0,-1.0,-1
1.37917,1.37917,1.379165,1.379165,-1.0,-1.0,-1
1.379165,1.37917,1.37916,1.37917,-1.0,-1.0,-1
1.37917,1.37917,1.37917,1.37917,-1.0,-1.0,-1
1.37917,1.37918,1.37916,1.379165,-1.0,-1.0,-1
1.379165,1.379165,1.379165,1.379165,-1.0,-1.0,-1
1.379165,1.379165,1.37916,1.379165,-1.0,-1.0,-1
1.379165,1.379165,1.379165,1.379165,-1.0,-1.0,-1
1.379165,1.379185,1.37916,1.379185,-1.0,-1.0,-1
1.379185,1.37919,1.37918,1.37918,-1.0,-1.0,-1
1.37918,1.37918,1.37918,1.37918,-1.0,-1.0,-1
1.37918,1.37918,1.37918,1.37918,-1.0,-1.0,-1
1.37918,1.379185,1.37918,1.379185,-1.0,-1.0,-1
1.379185,1.379185,1.37918,1.37918,-1.0,-1.0,-1
1.37918,1.37918,1.37917,1.37917,-1.0,-1.0,-1
1.37917,1.37918,1.379165,1.37918,-1.0,-1.0,-1
1.37918,1.37918,1.37918,1.37918,-1.0,-1.0,-1
1.37918,1.379185,1.37918,1.37918,-1.0,-1.0,-1
1.37918,1.37918,1.379175,1.379175,-1.0,-1.0,-1
1.379175,1.379175,1.37917,1.37917,-1.0,-1.0,-1
1.37917,1.37917,1.37917,1.37917,-1.0,-1.0,-1
1.37917,1.37917,1.37916,1.37916,-1.0,-1.0,-1
1.37916,1.379165,1.37916,1.37916,-1.0,-1.0,-1
1.37916,1.37916,1.379155,1.379155,-1.0,-1.0,-1
1.379155,1.37918,1.379155,1.37918,-1.0,-1.0,-1
1.37918,1.379255,1.37918,1.379255,-1.0,-1.0,-1
1.379255,1.379255,1.37925,1.379255,-1.0,-1.0,-1
1.379255,1.37926,1.37925,1.37925,-1.0,-1.0,-1
1.37925,1.379255,1.37925,1.37925,-1.0,-1.0,-1
1.37925,1.379255,1.37925,1.37925,-1.0,-1.0,-1
1.37925,1.37925,1.37925,1.37925,-1.0,-1.0,-1
1.37925,1.37925,1.37925,1.37925,-1.0,-1.0,-1
1.37925,1.379255,1.37925,1.37925,-1.0,-1.0,-1
1.37925,1.37925,1.37925,1.37925,-1.0,-1.0,-1
1.37925,1.37925,1.37925,1.37925,-1.0,-1.0,-1
1.37925,1.379255,1.37925,1.379255,-1.0,-1.0,-1
1.379255,1.379255,1.37923,1.37925,-1.0,-1.0,-1
1.37925,1.37925,1.37925,1.37925,-1.0,-1.0,-1
1.37925,1.37926,1.37925,1.37926,-1.0,-1.0,-1
1.37926,1.37927,1.379255,1.37927,-1.0,-1.0,-1
1.37927,1.37927,1.37925,1.379255,-1.0,-1.0,-1
1.379255,1.37926,1.37925,1.37926,-1.0,-1.0,-1
1.37926,1.379275,1.37926,1.379265,-1.0,-1.0,-1
1.379265,1.379265,1.379255,1.379255,-1.0,-1.0,-1
1.379255,1.379275,1.37925,1.379255,-1.0,-1.0,-1
1.379255,1.379275,1.379255,1.379275,-1.0,-1.0,-1
1.379275,1.379275,1.379275,1.379275,-1.0,-1.0,-1
1.379275,1.379275,1.37927,1.37927,-1.0,-1.0,-1
1.37927,1.37927,1.37926,1.379265,-1.0,-1.0,-1
1.379265,1.379275,1.379265,1.37927,-1.0,-1.0,-1
1.37927,1.379275,1.37927,1.379275,-1.0,-1.0,-1
1.379275,1.379275,1.379275,1.379275,-1.0,-1.0,-1
1.379275,1.379275,1.379275,1.379275,-1.0,-1.0,-1
1.379275,1.379275,1.37927,1.379275,-1.0,-1.0,-1
1.379275,1.37928,1.379275,1.37928,-1.0,-1.0,-1
1.37928,1.37928,1.37928,1.37928,-1.0,-1.0,-1
1.37928,1.37928,1.37928,1.37928,-1.0,-1.0,-1
1.37928,1.37928,1.37928,1.37928,-1.0,-1.0,-1
1.37928,1.37928,1.37928,1.37928,-1.0,-1.0,-1
1.37928,1.37929,1.37928,1.37929,-1.0,-1.0,-1
1.37929,1.37931,1.37929,1.3793,-1.0,-1.0,-1
1.3793,1.3793,1.3793,1.3793,-1.0,-1.0,-1
1.3793,1.3793,1.37929,1.37929,-1.0,-1.0,-1
1.37929,1.3793,1.379285,1.379285,-1.0,-1.0,-1
1.379285,1.379285,1.379265,1.37927,-1.0,-1.0,-1
1.37927,1.37927,1.37927,1.37927,-1.0,-1.0,-1
1.37927,1.37928,1.37927,1.379275,-1.0,-1.0,-1
1.379275,1.379275,1.379265,1.379265,-1.0,-1.0,-1
1.379265,1.379265,1.37923,1.379235,-1.0,-1.0,-1
1.379235,1.379235,1.37923,1.379235,-1.0,-1.0,-1
1.379235,1.379235,1.379235,1.379235,-1.0,-1.0,-1
1.379235,1.379245,1.37923,1.37924,-1.0,-1.0,-1
1.37924,1.37924,1.37923,1.37923,-1.0,-1.0,-1
1.37923,1.37923,1.37923,1.37923,-1.0,-1.0,-1
1.37923,1.37923,1.37923,1.37923,-1.0,-1.0,-1
1.37923,1.37923,1.37919,1.37919,-1.0,-1.0,-1
1.37919,1.37919,1.37919,1.37919,-1.0,-1.0,-1
1.37919,1.37919,1.37919,1.37919,-1.0,-1.0,-1
1.37919,1.37919,1.37919,1.37919,-1.0,-1.0,-1
1.37919,1.37919,1.37918,1.37918,-1.0,-1.0,-1
1.37918,1.37919,1.37918,1.37919,-1.0,-1.0,-1
1.37919,1.379235,1.37919,1.379205,-1.0,-1.0,-1
1.379205,1.379215,1.3792,1.379205,-1.0,-1.0,-1
1.379205,1.379235,1.379205,1.379235,-1.0,-1.0,-1
1.379235,1.379235,1.379235,1.379235,-1.0,-1.0,-1
1.379235,1.379235,1.379235,1.379235,-1.0,-1.0,-1
1.379235,1.379235,1.37918,1.379185,-1.0,-1.0,-1
1.379185,1.379185,1.37918,1.37918,-1.0,-1.0,-1
1.37918,1.379185,1.37918,1.379185,-1.0,-1.0,-1
1.379185,1.379185,1.379185,1.379185,-1.0,-1.0,-1
1.379185,1.379185,1.379185,1.379185,-1.0,-1.0,-1
1.379185,1.379185,1.379185,1.379185,-1.0,-1.0,-1
1.379185,1.37923,1.379185,1.379195,-1.0,-1.0,-1
1.379195,1.37922,1.37919,1.3792,-1.0,-1.0,-1
1.3792,1.379215,1.3792,1.379215,-1.0,-1.0,-1
1.379215,1.379235,1.379195,1.379235,-1.0,-1.0,-1
1.379235,1.379235,1.3792,1.3792,-1.0,-1.0,-1
1.3792,1.3792,1.3792,1.3792,-1.0,-1.0,-1
1.3792,1.379205,1.3792,1.379205,-1.0,-1.0,-1
1.379205,1.37921,1.379195,1.379195,-1.0,-1.0,-1
1.379195,1.379225,1.379195,1.37922,-1.0,-1.0,-1
1.37922,1.37922,1.37922,1.37922,-1.0,-1.0,-1
1.37922,1.379225,1.379215,1.379225,-1.0,-1.0,-1
1.379225,1.379225,1.37922,1.379225,-1.0,-1.0,-1
1.379225,1.37923,1.379215,1.379225,-1.0,-1.0,-1
1.379225,1.37924,1.37922,1.37924,-1.0,-1.0,-1
1.37924,1.37924,1.37922,1.379225,-1.0,-1.0,-1
1.379225,1.379235,1.37922,1.379235,-1.0,-1.0,-1
1.379235,1.379235,1.37923,1.37923,-1.0,-1.0,-1
1.37923,1.379235,1.37923,1.379235,-1.0,-1.0,-1
1.379235,1.379235,1.37923,1.37923,-1.0,-1.0,-1
1.37923,1.37924,1.37922,1.379225,-1.0,-1.0,-1
1.379225,1.37924,1.37922,1.37924,-1.0,-1.0,-1
1.37924,1.37924,1.379235,1.379235,-1.0,-1.0,-1
1.379235,1.379235,1.379235,1.379235,-1.0,-1.0,-1
1.379235,1.379235,1.37922,1.37922,-1.0,-1.0,-1
1.37922,1.379225,1.379215,1.379225,-1.0,-1.0,-1
1.379225,1.379225,1.37922,1.379225,-1.0,-1.0,-1
1.379225,1.379225,1.379215,1.379225,-1.0,-1.0,-1
1.379225,1.379235,1.37922,1.379235,-1.0,-1.0,-1
1.379235,1.379235,1.37922,1.379225,-1.0,-1.0,-1
1.379225,1.379225,1.379215,1.379225,-1.0,-1.0,-1
1.379225,1.379225,1.37922,1.37922,-1.0,-1.0,-1
1.37922,1.37922,1.379215,1.379215,-1.0,-1.0,-1
1.379215,1.37926,1.379195,1.37926,-1.0,-1.0,-1
1.37926,1.379265,1.37926,1.379265,-1.0,-1.0,-1
1.379265,1.379265,1.37926,1.379265,-1.0,-1.0,-1
1.379265,1.37928,1.379265,1.37927,-1.0,-1.0,-1
1.37927,1.37927,1.37927,1.37927,-1.0,-1.0,-1
1.37927,1.379275,1.37927,1.379275,-1.0,-1.0,-1
1.379275,1.379275,1.379265,1.379275,-1.0,-1.0,-1
1.379275,1.379275,1.37927,1.37927,-1.0,-1.0,-1
1.37927,1.37927,1.37926,1.379265,-1.0,-1.0,-1
1.379265,1.379265,1.379265,1.379265,-1.0,-1.0,-1
1.379265,1.379275,1.379265,1.379275,-1.0,-1.0,-1
1.379275,1.379275,1.37927,1.37927,-1.0,-1.0,-1
1.37927,1.37927,1.37927,1.37927,-1.0,-1.0,-1
1.37927,1.37927,1.37926,1.37926,-1.0,-1.0,-1
1.37926,1.37927,1.37926,1.37927,-1.0,-1.0,-1
1.37927,1.37927,1.37926,1.37926,-1.0,-1.0,-1
1.37926,1.37926,1.379245,1.379255,-1.0,-1.0,-1
1.379255,1.37926,1.379205,1.379205,-1.0,-1.0,-1
1.379205,1.37923,1.379195,1.379225,-1.0,-1.0,-1
1.379225,1.379245,1.37922,1.379245,-1.0,-1.0,-1
1.379245,1.379245,1.379245,1.379245,-1.0,-1.0,-1
1.379245,1.37925,1.379245,1.37925,-1.0,-1.0,-1
1.37925,1.37925,1.37925,1.37925,-1.0,-1.0,-1
1.37925,1.379265,1.37925,1.379265,-1.0,-1.0,-1
1.379265,1.37927,1.379265,1.37927,-1.0,-1.0,-1
1.37927,1.379275,1.37927,1.37927,-1.0,-1.0,-1
1.37927,1.379275,1.37927,1.379275,-1.0,-1.0,-1
1.379275,1.379335,1.379275,1.379335,-1.0,-1.0,-1
1.379335,1.37935,1.379335,1.37935,-1.0,-1.0,-1
1.37935,1.379355,1.37935,1.379355,-1.0,-1.0,-1
1.379355,1.379355,1.379355,1.379355,-1.0,-1.0,-1
1.379355,1.379365,1.379355,1.37936,-1.0,-1.0,-1
1.37936,1.379365,1.379355,1.379355,-1.0,-1.0,-1
1.379355,1.379365,1.379355,1.37936,-1.0,-1.0,-1
1.37936,1.379365,1.379355,1.379355,-1.0,-1.0,-1
1.379355,1.379355,1.37935,1.37935,-1.0,-1.0,-1
1.37935,1.379355,1.37935,1.379355,-1.0,-1.0,-1
1.379355,1.379355,1.379355,1.379355,-1.0,-1.0,-1
1.379355,1.379355,1.37935,1.37935,-1.0,-1.0,-1
1.37935,1.379355,1.37935,1.379355,-1.0,-1.0,-1
1.379355,1.379355,1.379355,1.379355,-1.0,-1.0,-1
1.379355,1.379375,1.379355,1.37937,-1.0,-1.0,-1
1.37937,1.379385,1.37937,1.379375,-1.0,-1.0,-1
1.379375,1.37938,1.379375,1.379375,-1.0,-1.0,-1
1.379375,1.37939,1.37937,1.37937,-1.0,-1.0,-1
1.37937,1.379375,1.37937,1.37937,-1.0,-1.0,-1
1.37937,1.379385,1.37937,1.379385,-1.0,-1.0,-1
1.379385,1.379445,1.379385,1.379445,-1.0,-1.0,-1
1.379445,1.379445,1.37939,1.37939,-1.0,-1.0,-1
1.37939,1.37939,1.37938,1.37939,-1.0,-1.0,-1
1.37939,1.37939,1.37937,1.379375,-1.0,-1.0,-1
1.379375,1.37938,1.37937,1.37937,-1.0,-1.0,-1
1.37937,1.37938,1.37937,1.379375,-1.0,-1.0,-1
1.379375,1.37938,1.37937,1.37937,-1.0,-1.0,-1
1.37937,1.37938,1.37937,1.37937,-1.0,-1.0,-1
1.37937,1.37938,1.37937,1.37937,-1.0,-1.0,-1
1.37937,1.37938,1.379365,1.379365,-1.0,-1.0,-1
1.379365,1.37938,1.37935,1.37936,-1.0,-1.0,-1
1.37936,1.37937,1.37936,1.379365,-1.0,-1.0,-1
1.379365,1.37937,1.379345,1.37936,-1.0,-1.0,-1
1.37936,1.37936,1.37935,1.379355,-1.0,-1.0,-1
1.379355,1.37938,1.37935,1.379375,-1.0,-1.0,-1
1.379375,1.379385,1.379375,1.379375,-1.0,-1.0,-1
1.379375,1.37938,1.37937,1.379375,-1.0,-1.0,-1
1.379375,1.37944,1.379375,1.37944,-1.0,-1.0,-1
1.37944,1.37945,1.379435,1.37945,-1.0,-1.0,-1
1.37945,1.379465,1.379445,1.37946,-1.0,-1.0,-1
1.37946,1.379465,1.37945,1.379455,-1.0,-1.0,-1
1.379455,1.37946,1.37945,1.379455,-1.0,-1.0,-1
1.379455,1.379475,1.379455,1.37947,-1.0,-1.0,-1
1.37947,1.379475,1.379465,1.379465,-1.0,-1.0,-1
1.379465,1.379485,1.37945,1.37948,-1.0,-1.0,-1
1.37948,1.37953,1.37947,1.379525,-1.0,-1.0,-1
1.379525,1.379525,1.379525,1.379525,-1.0,-1.0,-1
1.379525,1.379555,1.379525,1.37955,-1.0,-1.0,-1
1.37955,1.37956,1.37955,1.379555,-1.0,-1.0,-1
1.379555,1.379565,1.379555,1.379565,-1.0,-1.0,-1
1.379565,1.379565,1.37956,1.379565,-1.0,-1.0,-1
1.379565,1.379565,1.37954,1.379545,-1.0,-1.0,-1
1.379545,1.379545,1.37954,1.37954,-1.0,-1.0,-1
1.37954,1.37955,1.379535,1.379545,-1.0,-1.0,-1
1.379545,1.37955,1.37953,1.37953,-1.0,-1.0,-1
1.37953,1.37954,1.37953,1.379535,-1.0,-1.0,-1
1.379535,1.379535,1.379525,1.37953,-1.0,-1.0,-1
1.37953,1.379555,1.37951,1.37955,-1.0,-1.0,-1
1.37955,1.37956,1.37955,1.37955,-1.0,-1.0,-1
1.37955,1.379555,1.379545,1.379545,-1.0,-1.0,-1
1.379545,1.37956,1.379545,1.37956,-1.0,-1.0,-1
1.37956,1.37957,1.379555,1.37956,-1.0,-1.0,-1
1.37956,1.379565,1.37956,1.37956,-1.0,-1.0,-1
1.37956,1.379565,1.37956,1.379565,-1.0,-1.0,-1
1.379565,1.379565,1.37956,1.37956,-1.0,-1.0,-1
1.37956,1.379565,1.37955,1.37955,-1.0,-1.0,-1
1.37955,1.379555,1.379495,1.379495,-1.0,-1.0,-1
1.379495,1.379495,1.379465,1.37947,-1.0,-1.0,-1
1.37947,1.379495,1.37947,1.379495,-1.0,-1.0,-1
1.379495,1.379535,1.37949,1.379535,-1.0,-1.0,-1
1.379535,1.379545,1.379535,1.37954,-1.0,-1.0,-1
1.37954,1.379545,1.379535,1.37954,-1.0,-1.0,-1
1.37954,1.379555,1.37954,1.37955,-1.0,-1.0,-1
1.37955,1.37956,1.379535,1.379535,-1.0,-1.0,-1
1.379535,1.37954,1.379535,1.379535,-1.0,-1.0,-1
1.379535,1.379535,1.379535,1.379535,-1.0,-1.0,-1
1.379535,1.37954,1.37953,1.379535,-1.0,-1.0,-1
1.379535,1.37954,1.37953,1.37954,-1.0,-1.0,-1
1.37954,1.37954,1.379535,1.37954,-1.0,-1.0,-1
1.37954,1.37954,1.37954,1.37954,-1.0,-1.0,-1
1.37954,1.379545,1.37954,1.379545,-1.0,-1.0,-1
1.379545,1.379545,1.379545,1.379545,-1.0,-1.0,-1
1.379545,1.379555,1.379545,1.37955,-1.0,-1.0,-1
1.37955,1.379555,1.37954,1.37955,-1.0,-1.0,-1
1.37955,1.379555,1.37954,1.379545,-1.0,-1.0,-1
1.379545,1.379545,1.37954,1.379545,-1.0,-1.0,-1
1.379545,1.379555,1.37954,1.37955,-1.0,-1.0,-1
1.37955,1.379555,1.379545,1.379545,-1.0,-1.0,-1
1.379545,1.379575,1.379545,1.37957,-1.0,-1.0,-1
1.37957,1.37957,1.37955,1.37955,-1.0,-1.0,-1
1.37955,1.37956,1.37955,1.379555,-1.0,-1.0,-1
1.379555,1.379565,1.37955,1.37955,-1.0,-1.0,-1
1.37955,1.37956,1.379545,1.37955,-1.0,-1.0,-1
1.37955,1.37957,1.379545,1.379565,-1.0,-1.0,-1
1.379565,1.37957,1.379565,1.379565,-1.0,-1.0,-1
1.379565,1.379565,1.379565,1.379565,-1.0,-1.0,-1
1.379565,1.379565,1.37956,1.37956,-1.0,-1.0,-1
1.37956,1.379565,1.379545,1.379545,-1.0,-1.0,-1
1.379545,1.37955,1.37954,1.379545,-1.0,-1.0,-1
1.379545,1.379545,1.379535,1.37954,-1.0,-1.0,-1
1.37954,1.37954,1.37953,1.37953,-1.0,-1.0,-1
1.37953,1.37954,1.37953,1.37954,-1.0,-1.0,-1
1.37954,1.37954,1.379535,1.379535,-1.0,-1.0,-1
1.379535,1.37955,1.379525,1.379545,-1.0,-1.0,-1
1.379545,1.379555,1.37954,1.379545,-1.0,-1.0,-1
1.379545,1.37957,1.379545,1.37956,-1.0,-1.0,-1
1.37956,1.379565,1.37956,1.379565,-1.0,-1.0,-1
1.379565,1.37957,1.37956,1.37956,-1.0,-1.0,-1
1.37956,1.37956,1.37956,1.37956,-1.0,-1.0,-1
1.37956,1.37956,1.379555,1.379555,-1.0,-1.0,-1
1.379555,1.37956,1.37955,1.37956,-1.0,-1.0,-1
1.37956,1.37956,1.379555,1.37956,-1.0,-1.0,-1
1.37956,1.379575,1.379555,1.379575,-1.0,-1.0,-1
1.379575,1.37958,1.379565,1.37957,-1.0,-1.0,-1
1.37957,1.37957,1.37957,1.37957,-1.0,-1.0,-1
1.37957,1.37957,1.37957,1.37957,-1.0,-1.0,-1
1.37957,1.37957,1.379565,1.37957,-1.0,-1.0,-1
1.37957,1.37958,1.37956,1.37956,-1.0,-1.0,-1
1.37956,1.379575,1.37956,1.379575,-1.0,-1.0,-1
1.379575,1.3796,1.37957,1.379585,-1.0,-1.0,-1
1.379585,1.379585,1.37957,1.379575,-1.0,-1.0,-1
1.379575,1.37958,1.37957,1.379575,-1.0,-1.0,-1
1.379575,1.379575,1.37957,1.379575,-1.0,-1.0,-1
1.379575,1.37958,1.37957,1.37957,-1.0,-1.0,-1
1.37957,1.37958,1.379565,1.37958,-1.0,-1.0,-1
1.37958,1.3796,1.379575,1.37959,-1.0,-1.0,-1
1.37959,1.37963,1.37959,1.37963,-1.0,-1.0,-1
1.37963,1.37963,1.37963,1.37963,-1.0,-1.0,-1
1.37963,1.37963,1.37963,1.37963,-1.0,-1.0,-1
1.37963,1.379635,1.37963,1.37963,-1.0,-1.0,-1
1.37963,1.379635,1.37963,1.37963,-1.0,-1.0,-1
1.37963,1.37963,1.37962,1.37962,-1.0,-1.0,-1
1.37962,1.37962,1.37962,1.37962,-1.0,-1.0,-1
1.37962,1.37962,1.379615,1.379615,-1.0,-1.0,-1
1.379615,1.379615,1.379565,1.37957,-1.0,-1.0,-1
1.37957,1.37958,1.37956,1.37956,-1.0,-1.0,-1
1.37956,1.37956,1.379545,1.379555,-1.0,-1.0,-1
1.379555,1.379555,1.37955,1.379555,-1.0,-1.0,-1
1.379555,1.379555,1.37954,1.37954,-1.0,-1.0,-1
1.37954,1.37956,1.37954,1.37956,-1.0,-1.0,-1
1.37956,1.379585,1.37956,1.37958,-1.0,-1.0,-1
1.37958,1.37963,1.379575,1.37962,-1.0,-1.0,-1
1.37962,1.37963,1.37962,1.37963,-1.0,-1.0,-1
1.37963,1.37965,1.379625,1.37965,-1.0,-1.0,-1
1.37965,1.379665,1.37965,1.379665,-1.0,-1.0,-1
1.379665,1.379665,1.37965,1.37965,-1.0,-1.0,-1
1.37965,1.37965,1.379635,1.379635,-1.0,-1.0,-1
1.379635,1.379635,1.379635,1.379635,-1.0,-1.0,-1
1.379635,1.379685,1.379635,1.379685,-1.0,-1.0,-1
1.379685,1.37969,1.37967,1.37968,-1.0,-1.0,-1
1.37968,1.379705,1.37967,1.379685,-1.0,-1.0,-1
1.379685,1.379685,1.37967,1.379685,-1.0,-1.0,-1
1.379685,1.379705,1.37968,1.379685,-1.0,-1.0,-1
1.379685,1.379685,1.379685,1.379685,-1.0,-1.0,-1
1.379685,1.37969,1.37967,1.379685,-1.0,-1.0,-1
1.379685,1.379695,1.379685,1.379695,-1.0,-1.0,-1
1.379695,1.3797,1.379695,1.3797,-1.0,-1.0,-1
1.3797,1.37971,1.3797,1.379705,-1.0,-1.0,-1
1.379705,1.37971,1.379705,1.379705,-1.0,-1.0,-1
1.379705,1.37972,1.379705,1.379715,-1.0,-1.0,-1
1.379715,1.37973,1.37971,1.37973,-1.0,-1.0,-1
1.37973,1.37975,1.37973,1.379745,-1.0,-1.0,-1
1.379745,1.37975,1.37974,1.37975,-1.0,-1.0,-1
1.37975,1.37978,1.37975,1.37978,-1.0,-1.0,-1
1.37978,1.37978,1.379725,1.379735,-1.0,-1.0,-1
1.379735,1.379735,1.3797,1.37971,-1.0,-1.0,-1
1.37971,1.37972,1.37971,1.379715,-1.0,-1.0,-1
1.379715,1.37974,1.379715,1.379735,-1.0,-1.0,-1
1.379735,1.37976,1.379735,1.37976,-1.0,-1.0,-1
1.37976,1.37976,1.37975,1.379755,-1.0,-1.0,-1
1.379755,1.37976,1.37975,1.37976,-1.0,-1.0,-1
1.37976,1.37976,1.379735,1.379735,-1.0,-1.0,-1
1.379735,1.379745,1.37973,1.37974,-1.0,-1.0,-1
1.37974,1.379745,1.37972,1.37973,-1.0,-1.0,-1
1.37973,1.37974,1.37972,1.379725,-1.0,-1.0,-1
1.379725,1.379735,1.37972,1.37972,-1.0,-1.0,-1
1.37972,1.379725,1.37972,1.37972,-1.0,-1.0,-1
1.37972,1.379735,1.37972,1.379735,-1.0,-1.0,-1
1.379735,1.379735,1.379725,1.379725,-1.0,-1.0,-1
1.379725,1.379735,1.379725,1.379735,-1.0,-1.0,-1
1.379735,1.379735,1.37972,1.379725,-1.0,-1.0,-1
1.379725,1.37973,1.37972,1.37972,-1.0,-1.0,-1
1.37972,1.37973,1.37972,1.37972,-1.0,-1.0,-1
1.37972,1.37974,1.37972,1.37974,-1.0,-1.0,-1
1.37974,1.37974,1.379735,1.379735,-1.0,-1.0,-1
1.379735,1.37978,1.379735,1.379775,-1.0,-1.0,-1
1.379775,1.37983,1.379775,1.379825,-1.0,-1.0,-1
1.379825,1.37985,1.379825,1.37985,-1.0,-1.0,-1
1.37985,1.37985,1.379825,1.37983,-1.0,-1.0,-1
1.37983,1.37983,1.37977,1.379795,-1.0,-1.0,-1
1.379795,1.379815,1.379795,1.3798,-1.0,-1.0,-1
1.3798,1.37981,1.3798,1.379805,-1.0,-1.0,-1
1.379805,1.379825,1.379805,1.379825,-1.0,-1.0,-1
1.379825,1.37985,1.379815,1.379825,-1.0,-1.0,-1
1.379825,1.379825,1.37982,1.37982,-1.0,-1.0,-1
1.37982,1.37982,1.37981,1.37981,-1.0,-1.0,-1
1.37981,1.37982,1.379755,1.37976,-1.0,-1.0,-1
1.37976,1.37978,1.379755,1.37978,-1.0,-1.0,-1
1.37978,1.37978,1.379765,1.37977,-1.0,-1.0,-1
1.37977,1.37977,1.379765,1.37977,-1.0,-1.0,-1
1.37977,1.37977,1.37977,1.37977,-1.0,-1.0,-1
1.37977,1.379815,1.37977,1.37981,-1.0,-1.0,-1
1.37981,1.379815,1.3798,1.379805,-1.0,-1.0,-1
1.379805,1.37982,1.3798,1.3798,-1.0,-1.0,-1
1.3798,1.37982,1.3798,1.3798,-1.0,-1.0,-1
1.3798,1.379815,1.3798,1.37981,-1.0,-1.0,-1
1.37981,1.379815,1.3798,1.379805,-1.0,-1.0,-1
1.379805,1.37982,1.3798,1.379815,-1.0,-1.0,-1
1.379815,1.379825,1.379815,1.379815,-1.0,-1.0,-1
1.379815,1.379845,1.379815,1.379835,-1.0,-1.0,-1
1.379835,1.37985,1.37983,1.37984,-1.0,-1.0,-1
1.37984,1.37985,1.379835,1.379845,-1.0,-1.0,-1
1.379845,1.379845,1.379835,1.379835,-1.0,-1.0,-1
1.379835,1.379885,1.379835,1.37987,-1.0,-1.0,-1
1.37987,1.37988,1.37987,1.37987,-1.0,-1.0,-1
1.37987,1.37989,1.37987,1.37988,-1.0,-1.0,-1
1.37988,1.37988,1.379865,1.379865,-1.0,-1.0,-1
1.379865,1.379875,1.379865,1.379865,-1.0,-1.0,-1
1.379865,1.379885,1.379845,1.379845,-1.0,-1.0,-1
1.379845,1.379845,1.379815,1.37983,-1.0,-1.0,-1
1.37983,1.37983,1.37983,1.37983,-1.0,-1.0,-1
1.37983,1.37983,1.37983,1.37983,-1.0,-1.0,-1
1.37983,1.37983,1.37982,1.37983,-1.0,-1.0,-1
1.37983,1.37983,1.37983,1.37983,-1.0,-1.0,-1
1.37983,1.37984,1.37982,1.37984,-1.0,-1.0,-1
1.37984,1.37984,1.37984,1.37984,-1.0,-1.0,-1
1.37984,1.37984,1.379815,1.379815,-1.0,-1.0,-1
1.379815,1.37984,1.379815,1.37984,-1.0,-1.0,-1
1.37984,1.37984,1.37984,1.37984,-1.0,-1.0,-1
1.37984,1.37984,1.37984,1.37984,-1.0,-1.0,-1
1.37984,1.379845,1.37984,1.37984,-1.0,-1.0,-1
1.37984,1.37984,1.37983,1.37983,-1.0,-1.0,-1
1.37983,1.379845,1.37983,1.37984,-1.0,-1.0,-1
1.37984,1.37984,1.37982,1.37983,-1.0,-1.0,-1
1.37983,1.379845,1.37983,1.37984,-1.0,-1.0,-1
1.37984,1.37984,1.37984,1.37984,-1.0,-1.0,-1
1.37984,1.379845,1.37984,1.37984,-1.0,-1.0,-1
1.37984,1.37988,1.37984,1.379875,-1.0,-1.0,-1
1.379875,1.379895,1.379865,1.379865,-1.0,-1.0,-1
1.379865,1.379895,1.379865,1.379885,-1.0,-1.0,-1
1.379885,1.379895,1.37986,1.37986,-1.0,-1.0,-1
1.37986,1.37986,1.37984,1.37984,-1.0,-1.0,-1
1.37984,1.37984,1.37984,1.37984,-1.0,-1.0,-1
1.37984,1.37984,1.37984,1.37984,-1.0,-1.0,-1
1.37984,1.379845,1.37984,1.379845,-1.0,-1.0,-1
1.379845,1.379845,1.379835,1.37984,-1.0,-1.0,-1
1.37984,1.379855,1.37984,1.379845,-1.0,-1.0,-1
1.379845,1.379845,1.379835,1.379835,-1.0,-1.0,-1
1.379835,1.379845,1.379835,1.379845,-1.0,-1.0,-1
1.379845,1.37985,1.37983,1.37983,-1.0,-1.0,-1
1.37983,1.37985,1.37983,1.379845,-1.0,-1.0,-1
1.379845,1.37985,1.37983,1.37983,-1.0,-1.0,-1
1.37983,1.37983,1.37982,1.37982,-1.0,-1.0,-1
1.37982,1.37983,1.379815,1.379815,-1.0,-1.0,-1
1.379815,1.37983,1.379815,1.379825,-1.0,-1.0,-1
1.379825,1.37983,1.379815,1.37982,-1.0,-1.0,-1
1.37982,1.379825,1.379815,1.37982,-1.0,-1.0,-1
1.37982,1.37983,1.379815,1.37982,-1.0,-1.0,-1
1.37982,1.37983,1.379815,1.37983,-1.0,-1.0,-1
1.37983,1.37983,1.37983,1.37983,-1.0,-1.0,-1
1.37983,1.37983,1.379815,1.37983,-1.0,-1.0,-1
1.37983,1.37983,1.379815,1.379815,-1.0,-1.0,-1
1.379815,1.37983,1.379815,1.37983,-1.0,-1.0,-1
1.37983,1.37983,1.379815,1.37982,-1.0,-1.0,-1
1.37982,1.379825,1.379815,1.379815,-1.0,-1.0,-1
1.379815,1.37982,1.37981,1.37981,-1.0,-1.0,-1
1.37981,1.37983,1.37981,1.37983,-1.0,-1.0,-1
1.37983,1.379845,1.37983,1.379845,-1.0,-1.0,-1
1.379845,1.379845,1.379845,1.379845,-1.0,-1.0,-1
1.379845,1.379845,1.37983,1.37983,-1.0,-1.0,-1
1.37983,1.37983,1.379825,1.379825,-1.0,-1.0,-1
1.379825,1.37984,1.379815,1.37983,-1.0,-1.0,-1
1.37983,1.37983,1.37982,1.37982,-1.0,-1.0,-1
1.37982,1.37983,1.379815,1.37983,-1.0,-1.0,-1
1.37983,1.37984,1.37983,1.37983,-1.0,-1.0,-1
1.37983,1.37983,1.37981,1.379815,-1.0,-1.0,-1
1.379815,1.37982,1.379805,1.379805,-1.0,-1.0,-1
1.379805,1.37981,1.379805,1.379805,-1.0,-1.0,-1
1.379805,1.37984,1.379805,1.37984,-1.0,-1.0,-1
1.37984,1.37984,1.37984,1.37984,-1.0,-1.0,-1
1.37984,1.37984,1.37984,1.37984,-1.0,-1.0,-1
1.37984,1.379845,1.37984,1.379845,-1.0,-1.0,-1
1.379845,1.379845,1.379845,1.379845,-1.0,-1.0,-1
1.379845,1.379895,1.379845,1.37985,-1.0,-1.0,-1
1.37985,1.37985,1.379845,1.379845,-1.0,-1.0,-1
1.379845,1.37985,1.379835,1.37985,-1.0,-1.0,-1
1.37985,1.37985,1.37985,1.37985,-1.0,-1.0,-1
1.37985,1.37985,1.379845,1.379845,-1.0,-1.0,-1
1.379845,1.379845,1.379845,1.379845,-1.0,-1.0,-1
1.379845,1.379845,1.379835,1.37984,-1.0,-1.0,-1
1.37984,1.379845,1.379835,1.37984,-1.0,-1.0,-1
1.37984,1.379845,1.37983,1.379835,-1.0,-1.0,-1
1.379835,1.379835,1.37983,1.379835,-1.0,-1.0,-1
1.379835,1.379835,1.37983,1.37983,-1.0,-1.0,-1
1.37983,1.37983,1.379825,1.37983,-1.0,-1.0,-1
1.37983,1.37983,1.37983,1.37983,-1.0,-1.0,-1
1.37983,1.37983,1.37982,1.37983,-1.0,-1.0,-1
1.37983,1.379835,1.379825,1.379835,-1.0,-1.0,-1
1.379835,1.37985,1.379835,1.37985,-1.0,-1.0,-1
1.37985,1.37985,1.37985,1.37985,-1.0,-1.0,-1
1.37985,1.37985,1.379835,1.379835,-1.0,-1.0,-1
1.379835,1.37984,1.37983,1.37984,-1.0,-1.0,-1
1.37984,1.379845,1.37984,1.379845,-1.0,-1.0,-1
1.379845,1.37985,1.37984,1.37985,-1.0,-1.0,-1
1.37985,1.37985,1.37984,1.379845,-1.0,-1.0,-1
1.379845,1.37985,1.379845,1.37985,-1.0,-1.0,-1
1.37985,1.37985,1.379835,1.37984,-1.0,-1.0,-1
1.37984,1.37984,1.379835,1.379835,-1.0,-1.0,-1
1.379835,1.379835,1.379835,1.379835,-1.0,-1.0,-1
1.379835,1.379835,1.379835,1.379835,-1.0,-1.0,-1
1.379835,1.379835,1.379835,1.379835,-1.0,-1.0,-1
1.379835,1.379845,1.379835,1.379845,-1.0,-1.0,-1
1.379845,1.379845,1.37984,1.37984,-1.0,-1.0,-1
1.37984,1.379845,1.37984,1.379845,-1.0,-1.0,-1
1.379845,1.379845,1.379825,1.379825,-1.0,-1.0,-1
1.379825,1.37983,1.379825,1.37983,-1.0,-1.0,-1
1.37983,1.379835,1.37983,1.379835,-1.0,-1.0,-1
1.379835,1.379855,1.379835,1.379855,-1.0,-1.0,-1
1.379855,1.379855,1.379845,1.379845,-1.0,-1.0,-1
1.379845,1.379845,1.379835,1.379835,-1.0,-1.0,-1
1.379835,1.379835,1.379825,1.379825,-1.0,-1.0,-1
1.379825,1.379825,1.379815,1.379825,-1.0,-1.0,-1
1.379825,1.37983,1.379825,1.379825,-1.0,-1.0,-1
1.379825,1.37983,1.379825,1.379825,-1.0,-1.0,-1
1.379825,1.37983,1.37981,1.379815,-1.0,-1.0,-1
1.379815,1.37983,1.379815,1.37983,-1.0,-1.0,-1
1.37983,1.37983,1.379825,1.379825,-1.0,-1.0,-1
1.379825,1.37983,1.379825,1.379825,-1.0,-1.0,-1
1.379825,1.379845,1.37982,1.379845,-1.0,-1.0,-1
1.379845,1.379845,1.379835,1.379835,-1.0,-1.0,-1
1.379835,1.379835,1.379825,1.379825,-1.0,-1.0,-1
1.379825,1.379835,1.379825,1.379825,-1.0,-1.0,-1
1.379825,1.37983,1.379825,1.379825,-1.0,-1.0,-1
1.379825,1.379835,1.379825,1.37983,-1.0,-1.0,-1
1.37983,1.379835,1.379825,1.379825,-1.0,-1.0,-1
1.379825,1.37983,1.379825,1.37983,-1.0,-1.0,-1
1.37983,1.379835,1.379825,1.379825,-1.0,-1.0,-1
1.379825,1.379825,1.379825,1.379825,-1.0,-1.0,-1
1.379825,1.379825,1.379805,1.379805,-1.0,-1.0,-1
1.379805,1.37981,1.3798,1.3798,-1.0,-1.0,-1
1.3798,1.379815,1.3798,1.37981,-1.0,-1.0,-1
1.37981,1.379815,1.379805,1.37981,-1.0,-1.0,-1
1.37981,1.37982,1.37981,1.37981,-1.0,-1.0,-1
1.37981,1.379815,1.37981,1.37981,-1.0,-1.0,-1
1.37981,1.37982,1.37981,1.37981,-1.0,-1.0,-1
1.37981,1.379845,1.37981,1.37983,-1.0,-1.0,-1
1.37983,1.379835,1.37983,1.37983,-1.0,-1.0,-1
1.37983,1.37983,1.379815,1.379815,-1.0,-1.0,-1
1.379815,1.379825,1.37981,1.379825,-1.0,-1.0,-1
1.379825,1.379825,1.37981,1.379825,-1.0,-1.0,-1
1.379825,1.379825,1.379825,1.379825,-1.0,-1.0,-1
1.379825,1.37983,1.37981,1.379825,-1.0,-1.0,-1
1.379825,1.37983,1.379825,1.37983,-1.0,-1.0,-1
1.37983,1.37983,1.37982,1.379825,-1.0,-1.0,-1
1.379825,1.379825,1.379815,1.379815,-1.0,-1.0,-1
1.379815,1.379845,1.37981,1.379845,-1.0,-1.0,-1
1.379845,1.379865,1.379845,1.379865,-1.0,-1.0,-1
1.379865,1.3799,1.37986,1.3799,-1.0,-1.0,-1
1.3799,1.3799,1.3799,1.3799,-1.0,-1.0,-1
1.3799,1.379905,1.3799,1.3799,-1.0,-1.0,-1
1.3799,1.379905,1.3799,1.379905,-1.0,-1.0,-1
1.379905,1.37991,1.379905,1.37991,-1.0,-1.0,-1
1.37991,1.37991,1.379845,1.379845,-1.0,-1.0,-1
1.379845,1.37987,1.379845,1.37986,-1.0,-1.0,-1
1.37986,1.37986,1.37986,1.37986,-1.0,-1.0,-1
1.37986,1.37986,1.37986,1.37986,-1.0,-1.0,-1
1.37986,1.37986,1.379845,1.37986,-1.0,-1.0,-1
1.37986,1.37987,1.37985,1.37986,-1.0,-1.0,-1
1.37986,1.37986,1.379845,1.379845,-1.0,-1.0,-1
1.379845,1.37985,1.379845,1.379845,-1.0,-1.0,-1
1.379845,1.379865,1.379845,1.37986,-1.0,-1.0,-1
1.37986,1.379865,1.37986,1.37986,-1.0,-1.0,-1
1.37986,1.379865,1.37986,1.379865,-1.0,-1.0,-1
1.379865,1.379865,1.37986,1.379865,-1.0,-1.0,-1
1.379865,1.379865,1.37986,1.379865,-1.0,-1.0,-1
1.379865,1.379865,1.379835,1.379845,-1.0,-1.0,-1
1.379845,1.379845,1.379835,1.37984,-1.0,-1.0,-1
1.37984,1.379845,1.379835,1.37984,-1.0,-1.0,-1
1.37984,1.379845,1.379835,1.379835,-1.0,-1.0,-1
1.379835,1.37984,1.379835,1.37984,-1.0,-1.0,-1
1.37984,1.37984,1.379835,1.379835,-1.0,-1.0,-1
1.379835,1.379845,1.379835,1.37984,-1.0,-1.0,-1
1.37984,1.37984,1.37983,1.379835,-1.0,-1.0,-1
1.379835,1.379835,1.379835,1.379835,-1.0,-1.0,-1
1.379835,1.379835,1.379835,1.379835,-1.0,-1.0,-1
1.379835,1.379835,1.379835,1.379835,-1.0,-1.0,-1
1.379835,1.379835,1.379835,1.379835,-1.0,-1.0,-1
1.379835,1.379835,1.37983,1.379835,-1.0,-1.0,-1
1.379835,1.379835,1.379835,1.379835,-1.0,-1.0,-1
1.379835,1.379835,1.379835,1.379835,-1.0,-1.0,-1
1.379835,1.379835,1.379835,1.379835,-1.0,-1.0,-1
1.379835,1.379835,1.379835,1.379835,-1.0,-1.0,-1
1.379835,1.379845,1.379835,1.379835,-1.0,-1.0,-1
1.379835,1.379835,1.37983,1.379835,-1.0,-1.0,-1
1.379835,1.379835,1.37977,1.379775,-1.0,-1.0,-1
1.379775,1.379805,1.379765,1.37979,-1.0,-1.0,-1
1.37979,1.379815,1.37979,1.379815,-1.0,-1.0,-1
1.379815,1.379815,1.379805,1.379815,-1.0,-1.0,-1
1.379815,1.37983,1.379815,1.37983,-1.0,-1.0,-1
1.37983,1.37983,1.37982,1.37982,-1.0,-1.0,-1
1.37982,1.37982,1.37982,1.37982,-1.0,-1.0,-1
1.37982,1.37982,1.379815,1.37982,-1.0,-1.0,-1
1.37982,1.379825,1.37982,1.379825,-1.0,-1.0,-1
1.379825,1.379825,1.379825,1.379825,-1.0,-1.0,-1
1.379825,1.379825,1.379825,1.379825,-1.0,-1.0,-1
1.379825,1.37984,1.379825,1.379835,-1.0,-1.0,-1
1.379835,1.379835,1.37983,1.37983,-1.0,-1.0,-1
1.37983,1.379845,1.37983,1.37984,-1.0,-1.0,-1
1.37984,1.379845,1.37984,1.37984,-1.0,-1.0,-1
1.37984,1.379845,1.37984,1.37984,-1.0,-1.0,-1
1.37984,1.379845,1.37984,1.37984,-1.0,-1.0,-1
1.37984,1.379845,1.37984,1.379845,-1.0,-1.0,-1
1.379845,1.379845,1.37984,1.37984,-1.0,-1.0,-1
1.37984,1.379845,1.37984,1.379845,-1.0,-1.0,-1
1.379845,1.379845,1.379835,1.379835,-1.0,-1.0,-1
1.379835,1.379835,1.379835,1.379835,-1.0,-1.0,-1
1.379835,1.37984,1.379835,1.379835,-1.0,-1.0,-1
1.379835,1.37984,1.379835,1.37984,-1.0,-1.0,-1
1.37984,1.37984,1.37984,1.37984,-1.0,-1.0,-1
1.37984,1.379845,1.37984,1.37984,-1.0,-1.0,-1
1.37984,1.379845,1.37984,1.379845,-1.0,-1.0,-1
1.379845,1.379845,1.379845,1.379845,-1.0,-1.0,-1
1.379845,1.379845,1.37984,1.37984,-1.0,-1.0,-1
1.37984,1.379845,1.37984,1.379845,-1.0,-1.0,-1
1.379845,1.379845,1.37984,1.379845,-1.0,-1.0,-1
1.379845,1.379845,1.379835,1.379835,-1.0,-1.0,-1
1.379835,1.379845,1.379835,1.379845,-1.0,-1.0,-1
1.379845,1.379845,1.379835,1.379835,-1.0,-1.0,-1
1.379835,1.379845,1.379835,1.37984,-1.0,-1.0,-1
1.37984,1.379865,1.37984,1.37985,-1.0,-1.0,-1
1.37985,1.37985,1.37984,1.37984,-1.0,-1.0,-1
1.37984,1.37984,1.379835,1.379835,-1.0,-1.0,-1
1.379835,1.379835,1.379825,1.379825,-1.0,-1.0,-1
1.379825,1.379835,1.379825,1.379835,-1.0,-1.0,-1
1.379835,1.379835,1.379835,1.379835,-1.0,-1.0,-1
1.379835,1.37984,1.37983,1.37983,-1.0,-1.0,-1
1.37983,1.37983,1.379825,1.379825,-1.0,-1.0,-1
1.379825,1.379825,1.37978,1.379785,-1.0,-1.0,-1
1.379785,1.379785,1.379775,1.379775,-1.0,-1.0,-1
1.379775,1.379785,1.379775,1.37978,-1.0,-1.0,-1
1.37978,1.37978,1.37976,1.37977,-1.0,-1.0,-1
1.37977,1.37977,1.379755,1.37976,-1.0,-1.0,-1
1.37976,1.379815,1.379755,1.379795,-1.0,-1.0,-1
1.379795,1.37981,1.379795,1.379805,-1.0,-1.0,-1
1.379805,1.37981,1.37979,1.3798,-1.0,-1.0,-1
1.3798,1.379805,1.37978,1.379785,-1.0,-1.0,-1
1.379785,1.379785,1.37978,1.37978,-1.0,-1.0,-1
1.37978,1.37978,1.379775,1.37978,-1.0,-1.0,-1
1.37978,1.379785,1.37978,1.37978,-1.0,-1.0,-1
1.37978,1.37978,1.37977,1.379775,-1.0,-1.0,-1
1.379775,1.379775,1.379775,1.379775,-1.0,-1.0,-1
1.379775,1.379785,1.37977,1.37977,-1.0,-1.0,-1
1.37977,1.379795,1.37977,1.379795,-1.0,-1.0,-1
1.379795,1.379795,1.37979,1.37979,-1.0,-1.0,-1
1.37979,1.379795,1.379775,1.37978,-1.0,-1.0,-1
1.37978,1.379785,1.379775,1.379775,-1.0,-1.0,-1
1.379775,1.379785,1.379775,1.379775,-1.0,-1.0,-1
1.379775,1.379785,1.379775,1.379785,-1.0,-1.0,-1
1.379785,1.37979,1.37978,1.37978,-1.0,-1.0,-1
1.37978,1.37978,1.37974,1.37977,-1.0,-1.0,-1
1.37977,1.37978,1.37977,1.37978,-1.0,-1.0,-1
1.37978,1.37978,1.379775,1.379775,-1.0,-1.0,-1
1.379775,1.37978,1.379775,1.37978,-1.0,-1.0,-1
1.37978,1.379785,1.37978,1.379785,-1.0,-1.0,-1
1.379785,1.37979,1.37977,1.37978,-1.0,-1.0,-1
1.37978,1.379785,1.37978,1.379785,-1.0,-1.0,-1
1.379785,1.379785,1.37978,1.37978,-1.0,-1.0,-1
1.37978,1.37978,1.379775,1.37978,-1.0,-1.0,-1
1.37978,1.37978,1.37978,1.37978,-1.0,-1.0,-1
1.37978,1.379805,1.37978,1.379805,-1.0,-1.0,-1
1.379805,1.379805,1.379775,1.379805,-1.0,-1.0,-1
1.379805,1.37981,1.37978,1.379805,-1.0,-1.0,-1
1.379805,1.379805,1.379805,1.379805,-1.0,-1.0,-1
1.379805,1.379805,1.379805,1.379805,-1.0,-1.0,-1
1.379805,1.379805,1.379805,1.379805,-1.0,-1.0,-1
1.379805,1.379805,1.379775,1.37978,-1.0,-1.0,-1
1.37978,1.37978,1.379765,1.37977,-1.0,-1.0,-1
1.37977,1.379785,1.379765,1.379775,-1.0,-1.0,-1
1.379775,1.379775,1.379765,1.37977,-1.0,-1.0,-1
1.37977,1.379785,1.379765,1.379785,-1.0,-1.0,-1
1.379785,1.379785,1.379775,1.37978,-1.0,-1.0,-1
1.37978,1.37978,1.37977,1.379775,-1.0,-1.0,-1
1.379775,1.379775,1.37975,1.37977,-1.0,-1.0,-1
1.37977,1.37977,1.379765,1.37977,-1.0,-1.0,-1
1.37977,1.379775,1.379765,1.37977,-1.0,-1.0,-1
1.37977,1.37978,1.379765,1.37978,-1.0,-1.0,-1
1.37978,1.379805,1.37978,1.37978,-1.0,-1.0,-1
1.37978,1.379805,1.37977,1.379775,-1.0,-1.0,-1
1.379775,1.37978,1.37977,1.379775,-1.0,-1.0,-1
1.379775,1.379805,1.37976,1.37979,-1.0,-1.0,-1
1.37979,1.37981,1.379785,1.379805,-1.0,-1.0,-1
1.379805,1.379805,1.379785,1.379805,-1.0,-1.0,-1
1.379805,1.37981,1.379805,1.37981,-1.0,-1.0,-1
1.37981,1.379835,1.37981,1.37982,-1.0,-1.0,-1
1.37982,1.37982,1.37982,1.37982,-1.0,-1.0,-1
1.37982,1.37984,1.37982,1.379835,-1.0,-1.0,-1
1.379835,1.379835,1.37983,1.37983,-1.0,-1.0,-1
1.37983,1.37984,1.37983,1.379835,-1.0,-1.0,-1
1.379835,1.379845,1.379835,1.37984,-1.0,-1.0,-1
1.37984,1.37984,1.379825,1.37983,-1.0,-1.0,-1
1.37983,1.37983,1.379825,1.37983,-1.0,-1.0,-1
1.37983,1.379875,1.37983,1.37987,-1.0,-1.0,-1
1.37987,1.37988,1.379865,1.379875,-1.0,-1.0,-1
1.379875,1.37988,1.379865,1.379865,-1.0,-1.0,-1
1.379865,1.37987,1.37986,1.379865,-1.0,-1.0,-1
1.379865,1.37987,1.37986,1.379865,-1.0,-1.0,-1
1.379865,1.37987,1.37986,1.37986,-1.0,-1.0,-1
1.37986,1.37989,1.37986,1.37989,-1.0,-1.0,-1
1.37989,1.379895,1.379885,1.379895,-1.0,-1.0,-1
1.379895,1.3799,1.379885,1.379895,-1.0,-1.0,-1
1.379895,1.379895,1.37988,1.37988,-1.0,-1.0,-1
1.37988,1.379895,1.379875,1.379895,-1.0,-1.0,-1
1.379895,1.3799,1.379895,1.3799,-1.0,-1.0,-1
1.3799,1.37991,1.3799,1.379905,-1.0,-1.0,-1
1.379905,1.379965,1.379905,1.379965,-1.0,-1.0,-1
1.379965,1.379965,1.37994,1.379945,-1.0,-1.0,-1
1.379945,1.379945,1.379925,1.379935,-1.0,-1.0,-1
1.379935,1.37994,1.379935,1.379935,-1.0,-1.0,-1
1.379935,1.37999,1.379935,1.37999,-1.0,-1.0,-1
1.37999,1.37999,1.379965,1.379965,-1.0,-1.0,-1
1.379965,1.37997,1.379965,1.379965,-1.0,-1.0,-1
1.379965,1.37997,1.37996,1.37996,-1.0,-1.0,-1
1.37996,1.37997,1.37996,1.37996,-1.0,-1.0,-1
1.37996,1.379965,1.37994,1.379945,-1.0,-1.0,-1
1.379945,1.379955,1.37994,1.379955,-1.0,-1.0,-1
1.379955,1.379955,1.379955,1.379955,-1.0,-1.0,-1
1.379955,1.379955,1.37995,1.379955,-1.0,-1.0,-1
1.379955,1.379955,1.379955,1.379955,-1.0,-1.0,-1
1.379955,1.379955,1.37994,1.379945,-1.0,-1.0,-1
1.379945,1.379955,1.37994,1.379945,-1.0,-1.0,-1
1.379945,1.379945,1.37994,1.379945,-1.0,-1.0,-1
1.379945,1.37995,1.37994,1.379945,-1.0,-1.0,-1
1.379945,1.37997,1.37994,1.37996,-1.0,-1.0,-1
1.37996,1.37997,1.37996,1.379965,-1.0,-1.0,-1
1.379965,1.37997,1.379965,1.379965,-1.0,-1.0,-1
1.379965,1.37997,1.37995,1.37995,-1.0,-1.0,-1
1.37995,1.37995,1.379945,1.37995,-1.0,-1.0,-1
1.37995,1.37997,1.37995,1.379965,-1.0,-1.0,-1
1.379965,1.379985,1.379965,1.379975,-1.0,-1.0,-1
1.379975,1.379975,1.379965,1.379965,-1.0,-1.0,-1
1.379965,1.379975,1.379965,1.379975,-1.0,-1.0,-1
1.379975,1.37999,1.379975,1.379985,-1.0,-1.0,-1
1.379985,1.37999,1.379975,1.379985,-1.0,-1.0,-1
1.379985,1.37999,1.379985,1.379985,-1.0,-1.0,-1
1.379985,1.379985,1.379975,1.379985,-1.0,-1.0,-1
1.379985,1.379985,1.379985,1.379985,-1.0,-1.0,-1
1.379985,1.379985,1.379975,1.379975,-1.0,-1.0,-1
1.379975,1.379975,1.37997,1.37997,-1.0,-1.0,-1
1.37997,1.37997,1.379955,1.379955,-1.0,-1.0,-1
1.379955,1.379955,1.379945,1.379945,-1.0,-1.0,-1
1.379945,1.37995,1.37994,1.379945,-1.0,-1.0,-1
1.379945,1.379955,1.379935,1.37995,-1.0,-1.0,-1
1.37995,1.37995,1.37994,1.37994,-1.0,-1.0,-1
1.37994,1.379945,1.37994,1.379945,-1.0,-1.0,-1
1.379945,1.379945,1.37993,1.379935,-1.0,-1.0,-1
1.379935,1.37995,1.37993,1.37995,-1.0,-1.0,-1
1.37995,1.37995,1.379945,1.379945,-1.0,-1.0,-1
1.379945,1.379945,1.379925,1.379935,-1.0,-1.0,-1
1.379935,1.37995,1.37993,1.37995,-1.0,-1.0,-1
1.37995,1.37997,1.37993,1.379935,-1.0,-1.0,-1
1.379935,1.379935,1.37993,1.37993,-1.0,-1.0,-1
1.37993,1.379935,1.37993,1.379935,-1.0,-1.0,-1
1.379935,1.379935,1.37993,1.37993,-1.0,-1.0,-1
1.37993,1.37993,1.379915,1.37992,-1.0,-1.0,-1
1.37992,1.37992,1.379915,1.379915,-1.0,-1.0,-1
1.379915,1.37993,1.379915,1.37993,-1.0,-1.0,-1
1.37993,1.379935,1.37993,1.379935,-1.0,-1.0,-1
1.379935,1.379935,1.37993,1.37993,-1.0,-1.0,-1
1.37993,1.379935,1.37991,1.379935,-1.0,-1.0,-1
1.379935,1.379935,1.379935,1.379935,-1.0,-1.0,-1
1.379935,1.379935,1.379935,1.379935,-1.0,-1.0,-1
1.379935,1.37994,1.379925,1.37994,-1.0,-1.0,-1
1.37994,1.37994,1.379935,1.37994,-1.0,-1.0,-1
1.37994,1.37994,1.379935,1.37994,-1.0,-1.0,-1
1.37994,1.379945,1.379935,1.379945,-1.0,-1.0,-1
1.379945,1.37999,1.37994,1.379985,-1.0,-1.0,-1
1.379985,1.379995,1.379985,1.37999,-1.0,-1.0,-1
1.37999,1.379995,1.379985,1.37999,-1.0,-1.0,-1
1.37999,1.379995,1.379985,1.379985,-1.0,-1.0,-1
1.379985,1.37999,1.379985,1.379985,-1.0,-1.0,-1
1.379985,1.38,1.379975,1.379995,-1.0,-1.0,-1
1.379995,1.379995,1.37993,1.379935,-1.0,-1.0,-1
1.379935,1.37994,1.379935,1.379935,-1.0,-1.0,-1
1.379935,1.379945,1.379935,1.379945,-1.0,-1.0,-1
1.379945,1.37996,1.379935,1.37996,-1.0,-1.0,-1
1.37996,1.37996,1.37995,1.379955,-1.0,-1.0,-1
1.379955,1.379965,1.379955,1.379965,-1.0,-1.0,-1
1.379965,1.37997,1.37995,1.37996,-1.0,-1.0,-1
1.37996,1.37996,1.379925,1.37993,-1.0,-1.0,-1
1.37993,1.37993,1.3799,1.37992,-1.0,-1.0,-1
1.37992,1.37992,1.37992,1.37992,-1.0,-1.0,-1
1.37992,1.37993,1.379915,1.37993,-1.0,-1.0,-1
1.37993,1.37993,1.37993,1.37993,-1.0,-1.0,-1
1.37993,1.379945,1.37993,1.379945,-1.0,-1.0,-1
1.379945,1.379945,1.37994,1.379945,-1.0,-1.0,-1
1.379945,1.379995,1.37994,1.37996,-1.0,-1.0,-1
1.37996,1.379965,1.379955,1.379955,-1.0,-1.0,-1
1.379955,1.37997,1.37995,1.37997,-1.0,-1.0,-1
1.37997,1.37997,1.379965,1.379965,-1.0,-1.0,-1
1.379965,1.379965,1.37996,1.37996,-1.0,-1.0,-1
1.37996,1.37996,1.37996,1.37996,-1.0,-1.0,-1
1.37996,1.379965,1.37995,1.37995,-1.0,-1.0,-1
1.37995,1.379955,1.379945,1.37995,-1.0,-1.0,-1
1.37995,1.37996,1.37995,1.37995,-1.0,-1.0,-1
1.37995,1.37995,1.37995,1.37995,-1.0,-1.0,-1
1.37995,1.37995,1.37995,1.37995,-1.0,-1.0,-1
1.37995,1.37995,1.37995,1.37995,-1.0,-1.0,-1
1.37995,1.379975,1.37995,1.379975,-1.0,-1.0,-1
1.379975,1.379975,1.37997,1.37997,-1.0,-1.0,-1
1.37997,1.37998,1.37997,1.37998,-1.0,-1.0,-1
1.37998,1.37999,1.37998,1.37998,-1.0,-1.0,-1
1.37998,1.379985,1.37998,1.379985,-1.0,-1.0,-1
1.379985,1.379995,1.37998,1.379995,-1.0,-1.0,-1
1.379995,1.38,1.37999,1.379995,-1.0,-1.0,-1
1.379995,1.38,1.37999,1.379995,-1.0,-1.0,-1
1.379995,1.38,1.379995,1.38,-1.0,-1.0,-1
1.38,1.38,1.379995,1.379995,-1.0,-1.0,-1
1.379995,1.38001,1.37999,1.38,-1.0,-1.0,-1
1.38,1.38,1.379975,1.379975,-1.0,-1.0,-1
1.379975,1.379975,1.37997,1.37997,-1.0,-1.0,-1
1.37997,1.37997,1.379965,1.379965,-1.0,-1.0,-1
1.379965,1.37997,1.379965,1.37997,-1.0,-1.0,-1
1.37997,1.37997,1.37997,1.37997,-1.0,-1.0,-1
1.37997,1.37997,1.37997,1.37997,-1.0,-1.0,-1
1.37997,1.37997,1.379955,1.379965,-1.0,-1.0,-1
1.379965,1.379965,1.379955,1.37996,-1.0,-1.0,-1
1.37996,1.37997,1.379935,1.37994,-1.0,-1.0,-1
1.37994,1.37994,1.379935,1.37994,-1.0,-1.0,-1
1.37994,1.379945,1.379935,1.379945,-1.0,-1.0,-1
1.379945,1.379945,1.379935,1.37994,-1.0,-1.0,-1
1.37994,1.379945,1.379935,1.37994,-1.0,-1.0,-1
1.37994,1.379945,1.379935,1.379945,-1.0,-1.0,-1
1.379945,1.379945,1.37994,1.379945,-1.0,-1.0,-1
1.379945,1.379945,1.379935,1.379945,-1.0,-1.0,-1
1.379945,1.379945,1.379935,1.37994,-1.0,-1.0,-1
1.37994,1.37994,1.379935,1.37994,-1.0,-1.0,-1
1.37994,1.37995,1.379935,1.37995,-1.0,-1.0,-1
1.37995,1.37996,1.37994,1.379955,-1.0,-1.0,-1
1.379955,1.379965,1.379955,1.379965,-1.0,-1.0,-1
1.379965,1.37997,1.379965,1.37997,-1.0,-1.0,-1
1.37997,1.37997,1.37997,1.37997,-1.0,-1.0,-1
1.37997,1.37997,1.37996,1.37997,-1.0,-1.0,-1
1.37997,1.37997,1.37997,1.37997,-1.0,-1.0,-1
1.37997,1.379975,1.37997,1.37997,-1.0,-1.0,-1
1.37997,1.379975,1.37997,1.379975,-1.0,-1.0,-1
1.379975,1.379975,1.379975,1.379975,-1.0,-1.0,-1
1.379975,1.379975,1.379975,1.379975,-1.0,-1.0,-1
1.379975,1.37998,1.379975,1.37998,-1.0,-1.0,-1
1.37998,1.37998,1.379975,1.379975,-1.0,-1.0,-1
1.379975,1.379975,1.379975,1.379975,-1.0,-1.0,-1
1.379975,1.379975,1.37997,1.37997,-1.0,-1.0,-1
1.37997,1.37997,1.37997,1.37997,-1.0,-1.0,-1
1.37997,1.37997,1.37997,1.37997,-1.0,-1.0,-1
1.37997,1.37997,1.379965,1.379965,-1.0,-1.0,-1
1.379965,1.37997,1.379965,1.37997,-1.0,-1.0,-1
1.37997,1.37997,1.37997,1.37997,-1.0,-1.0,-1
1.37997,1.37997,1.379965,1.379965,-1.0,-1.0,-1
1.379965,1.37997,1.379935,1.37994,-1.0,-1.0,-1
1.37994,1.37994,1.379935,1.37994,-1.0,-1.0,-1
1.37994,1.37994,1.379915,1.379915,-1.0,-1.0,-1
1.379915,1.37992,1.379915,1.37992,-1.0,-1.0,-1
1.37992,1.37993,1.37992,1.37992,-1.0,-1.0,-1
1.37992,1.37994,1.37992,1.37994,-1.0,-1.0,-1
1.37994,1.37994,1.379935,1.379935,-1.0,-1.0,-1
1.379935,1.379935,1.379935,1.379935,-1.0,-1.0,-1
1.379935,1.379935,1.37993,1.37993,-1.0,-1.0,-1
1.37993,1.37993,1.37991,1.37991,-1.0,-1.0,-1
1.37991,1.379915,1.379905,1.379915,-1.0,-1.0,-1
1.379915,1.37992,1.379915,1.379915,-1.0,-1.0,-1
1.379915,1.37993,1.379915,1.379925,-1.0,-1.0,-1
1.379925,1.379925,1.37992,1.37992,-1.0,-1.0,-1
1.37992,1.37992,1.37992,1.37992,-1.0,-1.0,-1
1.37992,1.37992,1.37991,1.37991,-1.0,-1.0,-1
1.37991,1.379915,1.379905,1.37991,-1.0,-1.0,-1
1.37991,1.379915,1.379905,1.37991,-1.0,-1.0,-1
1.37991,1.37992,1.379895,1.379915,-1.0,-1.0,-1
1.379915,1.37992,1.37987,1.37987,-1.0,-1.0,-1
1.37987,1.37987,1.37983,1.37983,-1.0,-1.0,-1
1.37983,1.379835,1.37983,1.37983,-1.0,-1.0,-1
1.37983,1.37983,1.379825,1.379825,-1.0,-1.0,-1
1.379825,1.379895,1.379825,1.379885,-1.0,-1.0,-1
1.379885,1.37989,1.379885,1.379885,-1.0,-1.0,-1
1.379885,1.37989,1.379885,1.379885,-1.0,-1.0,-1
1.379885,1.379895,1.379885,1.37989,-1.0,-1.0,-1
1.37989,1.379895,1.379885,1.379885,-1.0,-1.0,-1
1.379885,1.37989,1.37988,1.37988,-1.0,-1.0,-1
1.37988,1.37989,1.379875,1.37988,-1.0,-1.0,-1
1.37988,1.37988,1.379845,1.37985,-1.0,-1.0,-1
1.37985,1.37985,1.379825,1.379825,-1.0,-1.0,-1
1.379825,1.379825,1.379825,1.379825,-1.0,-1.0,-1
1.379825,1.379825,1.379805,1.379805,-1.0,-1.0,-1
1.379805,1.37981,1.379765,1.379775,-1.0,-1.0,-1
1.379775,1.379805,1.379755,1.379765,-1.0,-1.0,-1
1.379765,1.37977,1.379755,1.379755,-1.0,-1.0,-1
1.379755,1.37977,1.379755,1.379755,-1.0,-1.0,-1
1.379755,1.379755,1.37975,1.379755,-1.0,-1.0,-1
1.379755,1.37976,1.37975,1.37976,-1.0,-1.0,-1
1.37976,1.37976,1.379755,1.37976,-1.0,-1.0,-1
1.37976,1.379765,1.379755,1.379765,-1.0,-1.0,-1
1.379765,1.379765,1.37976,1.379765,-1.0,-1.0,-1
1.379765,1.379765,1.379745,1.379745,-1.0,-1.0,-1
1.379745,1.379745,1.379745,1.379745,-1.0,-1.0,-1
1.379745,1.37975,1.379745,1.37975,-1.0,-1.0,-1
1.37975,1.37975,1.379745,1.379745,-1.0,-1.0,-1
1.379745,1.379745,1.379745,1.379745,-1.0,-1.0,-1
1.379745,1.37975,1.379745,1.37975,-1.0,-1.0,-1
1.37975,1.37975,1.37974,1.37974,-1.0,-1.0,-1
1.37974,1.37975,1.37974,1.37975,-1.0,-1.0,-1
1.37975,1.379765,1.37974,1.379765,-1.0,-1.0,-1
1.379765,1.37977,1.379755,1.379765,-1.0,-1.0,-1
1.379765,1.379765,1.37976,1.379765,-1.0,-1.0,-1
1.379765,1.379765,1.37976,1.379765,-1.0,-1.0,-1
1.379765,1.379805,1.37976,1.379805,-1.0,-1.0,-1
1.379805,1.379805,1.37977,1.37977,-1.0,-1.0,-1
1.37977,1.37977,1.37976,1.379765,-1.0,-1.0,-1
1.379765,1.379775,1.37976,1.379775,-1.0,-1.0,-1
1.379775,1.379775,1.379755,1.37976,-1.0,-1.0,-1
1.37976,1.37976,1.379755,1.37976,-1.0,-1.0,-1
1.37976,1.37976,1.379755,1.37976,-1.0,-1.0,-1
1.37976,1.37976,1.37975,1.37975,-1.0,-1.0,-1
1.37975,1.37975,1.379735,1.37974,-1.0,-1.0,-1
1.37974,1.37974,1.379735,1.379735,-1.0,-1.0,-1
1.379735,1.379735,1.37973,1.379735,-1.0,-1.0,-1
1.379735,1.379745,1.379735,1.379735,-1.0,-1.0,-1
1.379735,1.379735,1.379735,1.379735,-1.0,-1.0,-1
1.379735,1.37974,1.37973,1.37974,-1.0,-1.0,-1
1.37974,1.37974,1.37974,1.37974,-1.0,-1.0,-1
1.37974,1.37974,1.37973,1.379735,-1.0,-1.0,-1
1.379735,1.37974,1.379735,1.379735,-1.0,-1.0,-1
1.379735,1.37974,1.37973,1.37974,-1.0,-1.0,-1
1.37974,1.379745,1.379735,1.37974,-1.0,-1.0,-1
1.37974,1.37975,1.37974,1.37975,-1.0,-1.0,-1
1.37975,1.379755,1.37974,1.379745,-1.0,-1.0,-1
1.379745,1.379745,1.379655,1.379655,-1.0,-1.0,-1
1.379655,1.379655,1.379655,1.379655,-1.0,-1.0,-1
1.379655,1.37966,1.379645,1.379645,-1.0,-1.0,-1
1.379645,1.379645,1.379635,1.379635,-1.0,-1.0,-1
1.379635,1.379635,1.379635,1.379635,-1.0,-1.0,-1
1.379635,1.379635,1.379635,1.379635,-1.0,-1.0,-1
1.379635,1.379635,1.379635,1.379635,-1.0,-1.0,-1
1.379635,1.379655,1.379635,1.379655,-1.0,-1.0,-1
1.379655,1.379655,1.379655,1.379655,-1.0,-1.0,-1
1.379655,1.37966,1.379655,1.379655,-1.0,-1.0,-1
1.379655,1.379715,1.379655,1.379695,-1.0,-1.0,-1
1.379695,1.379695,1.37969,1.37969,-1.0,-1.0,-1
1.37969,1.37969,1.37967,1.379675,-1.0,-1.0,-1
1.379675,1.37968,1.379665,1.379675,-1.0,-1.0,-1
1.379675,1.379675,1.379665,1.379675,-1.0,-1.0,-1
1.379675,1.37968,1.37967,1.37968,-1.0,-1.0,-1
1.37968,1.379685,1.379675,1.379685,-1.0,-1.0,-1
1.379685,1.379685,1.37968,1.379685,-1.0,-1.0,-1
1.379685,1.379685,1.379675,1.37968,-1.0,-1.0,-1
1.37968,1.37968,1.37967,1.379675,-1.0,-1.0,-1
1.379675,1.37968,1.37967,1.379675,-1.0,-1.0,-1
1.379675,1.379675,1.379655,1.379655,-1.0,-1.0,-1
1.379655,1.379655,1.379655,1.379655,-1.0,-1.0,-1
1.379655,1.379675,1.379655,1.37966,-1.0,-1.0,-1
1.37966,1.37966,1.37966,1.37966,-1.0,-1.0,-1
1.37966,1.37968,1.37966,1.37968,-1.0,-1.0,-1
1.37968,1.37971,1.379675,1.379705,-1.0,-1.0,-1
1.379705,1.379715,1.379705,1.37971,-1.0,-1.0,-1
1.37971,1.379715,1.37971,1.37971,-1.0,-1.0,-1
1.37971,1.379715,1.379705,1.379705,-1.0,-1.0,-1
1.379705,1.379715,1.379705,1.37971,-1.0,-1.0,-1
1.37971,1.37978,1.379705,1.379765,-1.0,-1.0,-1
1.379765,1.379765,1.37975,1.379755,-1.0,-1.0,-1
1.379755,1.379755,1.379755,1.379755,-1.0,-1.0,-1
1.379755,1.379755,1.37975,1.379755,-1.0,-1.0,-1
1.379755,1.379755,1.37975,1.379755,-1.0,-1.0,-1
1.379755,1.379755,1.379745,1.379745,-1.0,-1.0,-1
1.379745,1.37975,1.379745,1.37975,-1.0,-1.0,-1
1.37975,1.37975,1.37974,1.37974,-1.0,-1.0,-1
1.37974,1.37974,1.37973,1.37973,-1.0,-1.0,-1
1.37973,1.37973,1.37973,1.37973,-1.0,-1.0,-1
1.37973,1.37974,1.37973,1.37973,-1.0,-1.0,-1
1.37973,1.379735,1.37973,1.379735,-1.0,-1.0,-1
1.379735,1.37974,1.37973,1.37973,-1.0,-1.0,-1
1.37973,1.379735,1.379725,1.37973,-1.0,-1.0,-1
1.37973,1.379735,1.379725,1.379735,-1.0,-1.0,-1
1.379735,1.379735,1.37973,1.37973,-1.0,-1.0,-1
1.37973,1.37973,1.379715,1.379725,-1.0,-1.0,-1
1.379725,1.379725,1.37972,1.37972,-1.0,-1.0,-1
1.37972,1.37972,1.379695,1.379695,-1.0,-1.0,-1
1.379695,1.379695,1.37969,1.37969,-1.0,-1.0,-1
1.37969,1.379695,1.379665,1.37969,-1.0,-1.0,-1
1.37969,1.37969,1.37968,1.37969,-1.0,-1.0,-1
1.37969,1.37969,1.379685,1.37969,-1.0,-1.0,-1
1.37969,1.379695,1.379685,1.37969,-1.0,-1.0,-1
1.37969,1.379695,1.37968,1.379685,-1.0,-1.0,-1
1.379685,1.37969,1.37967,1.379685,-1.0,-1.0,-1
1.379685,1.3797,1.379685,1.379685,-1.0,-1.0,-1
1.379685,1.379685,1.379675,1.37968,-1.0,-1.0,-1
1.37968,1.379685,1.37967,1.379675,-1.0,-1.0,-1
1.379675,1.37969,1.37967,1.379685,-1.0,-1.0,-1
1.379685,1.37969,1.37967,1.379675,-1.0,-1.0,-1
1.379675,1.37968,1.37967,1.379675,-1.0,-1.0,-1
1.379675,1.379675,1.37967,1.379675,-1.0,-1.0,-1
1.379675,1.379675,1.37967,1.379675,-1.0,-1.0,-1
1.379675,1.379675,1.37967,1.379675,-1.0,-1.0,-1
1.379675,1.379675,1.37967,1.379675,-1.0,-1.0,-1
1.379675,1.37969,1.379665,1.37968,-1.0,-1.0,-1
1.37968,1.37968,1.379655,1.37966,-1.0,-1.0,-1
1.37966,1.37966,1.37963,1.379635,-1.0,-1.0,-1
1.379635,1.379635,1.379635,1.379635,-1.0,-1.0,-1
1.379635,1.379635,1.379635,1.379635,-1.0,-1.0,-1
1.379635,1.37965,1.379635,1.379635,-1.0,-1.0,-1
1.379635,1.379635,1.379635,1.379635,-1.0,-1.0,-1
1.379635,1.379635,1.379635,1.379635,-1.0,-1.0,-1
1.379635,1.379635,1.37963,1.37963,-1.0,-1.0,-1
1.37963,1.37963,1.37959,1.37959,-1.0,-1.0,-1
1.37959,1.37964,1.37958,1.37964,-1.0,-1.0,-1
1.37964,1.37965,1.379635,1.37964,-1.0,-1.0,-1
1.37964,1.379645,1.37964,1.37964,-1.0,-1.0,-1
1.37964,1.379655,1.37964,1.37965,-1.0,-1.0,-1
1.37965,1.37965,1.37965,1.37965,-1.0,-1.0,-1
1.37965,1.37965,1.379645,1.379645,-1.0,-1.0,-1
1.379645,1.37965,1.37964,1.37964,-1.0,-1.0,-1
1.37964,1.37964,1.379625,1.379625,-1.0,-1.0,-1
1.379625,1.379625,1.379625,1.379625,-1.0,-1.0,-1
1.379625,1.379625,1.37962,1.379625,-1.0,-1.0,-1
1.379625,1.37964,1.379625,1.37964,-1.0,-1.0,-1
1.37964,1.37966,1.37964,1.379655,-1.0,-1.0,-1
1.379655,1.379655,1.379655,1.379655,-1.0,-1.0,-1
1.379655,1.379665,1.379655,1.37966,-1.0,-1.0,-1
1.37966,1.37968,1.37966,1.37967,-1.0,-1.0,-1
1.37967,1.37967,1.379665,1.37967,-1.0,-1.0,-1
1.37967,1.37967,1.379665,1.37967,-1.0,-1.0,-1
1.37967,1.37971,1.379665,1.3797,-1.0,-1.0,-1
1.3797,1.379715,1.3797,1.379705,-1.0,-1.0,-1
1.379705,1.37972,1.379695,1.379695,-1.0,-1.0,-1
1.379695,1.379735,1.379695,1.379735,-1.0,-1.0,-1
1.379735,1.37974,1.379735,1.37974,-1.0,-1.0,-1
1.37974,1.37974,1.379705,1.37971,-1.0,-1.0,-1
1.37971,1.379725,1.379705,1.37972,-1.0,-1.0,-1
1.37972,1.379725,1.37971,1.379715,-1.0,-1.0,-1
1.379715,1.37972,1.37971,1.37971,-1.0,-1.0,-1
1.37971,1.37972,1.37971,1.379715,-1.0,-1.0,-1
1.379715,1.37972,1.37971,1.379715,-1.0,-1.0,-1
1.379715,1.37972,1.379715,1.379715,-1.0,-1.0,-1
1.379715,1.37972,1.379715,1.379715,-1.0,-1.0,-1
1.379715,1.37972,1.379715,1.379715,-1.0,-1.0,-1
1.379715,1.37972,1.379715,1.379715,-1.0,-1.0,-1
1.379715,1.37974,1.37971,1.37974,-1.0,-1.0,-1
1.37974,1.37974,1.3797,1.379705,-1.0,-1.0,-1
1.379705,1.37972,1.379705,1.379715,-1.0,-1.0,-1
1.379715,1.379725,1.379715,1.379715,-1.0,-1.0,-1
1.379715,1.379725,1.379685,1.37969,-1.0,-1.0,-1
1.37969,1.379695,1.37968,1.379685,-1.0,-1.0,-1
1.379685,1.379685,1.379685,1.379685,-1.0,-1.0,-1
1.379685,1.3797,1.379675,1.37969,-1.0,-1.0,-1
1.37969,1.379725,1.37969,1.37972,-1.0,-1.0,-1
1.37972,1.37974,1.379715,1.37974,-1.0,-1.0,-1
1.37974,1.379815,1.37974,1.379805,-1.0,-1.0,-1
1.379805,1.379805,1.37977,1.379775,-1.0,-1.0,-1
1.379775,1.37978,1.37977,1.37978,-1.0,-1.0,-1
1.37978,1.37978,1.379775,1.37978,-1.0,-1.0,-1
1.37978,1.37978,1.37978,1.37978,-1.0,-1.0,-1
1.37978,1.37981,1.37978,1.37981,-1.0,-1.0,-1
1.37981,1.37981,1.37981,1.37981,-1.0,-1.0,-1
1.37981,1.379855,1.37981,1.379855,-1.0,-1.0,-1
1.379855,1.37986,1.37984,1.37984,-1.0,-1.0,-1
1.37984,1.379845,1.379835,1.37984,-1.0,-1.0,-1
1.37984,1.37985,1.37984,1.379845,-1.0,-1.0,-1
1.379845,1.379885,1.379845,1.379875,-1.0,-1.0,-1
1.379875,1.3799,1.37986,1.379875,-1.0,-1.0,-1
1.379875,1.379875,1.37987,1.37987,-1.0,-1.0,-1
1.37987,1.379875,1.37987,1.379875,-1.0,-1.0,-1
1.379875,1.379945,1.379875,1.379945,-1.0,-1.0,-1
1.379945,1.37995,1.37994,1.37995,-1.0,-1.0,-1
1.37995,1.37995,1.379935,1.379935,-1.0,-1.0,-1
1.379935,1.37994,1.379935,1.379935,-1.0,-1.0,-1
1.379935,1.379935,1.37993,1.37993,-1.0,-1.0,-1
1.37993,1.379935,1.37993,1.37993,-1.0,-1.0,-1
1.37993,1.37993,1.379915,1.379915,-1.0,-1.0,-1
1.379915,1.37992,1.379915,1.37992,-1.0,-1.0,-1
1.37992,1.37992,1.379905,1.37991,-1.0,-1.0,-1
1.37991,1.37992,1.379905,1.379905,-1.0,-1.0,-1
1.379905,1.37991,1.379905,1.379905,-1.0,-1.0,-1
1.379905,1.37991,1.3799,1.3799,-1.0,-1.0,-1
1.3799,1.3799,1.3799,1.3799,-1.0,-1.0,-1
1.3799,1.3799,1.37988,1.379885,-1.0,-1.0,-1
1.379885,1.379895,1.37988,1.379895,-1.0,-1.0,-1
1.379895,1.379905,1.379895,1.379905,-1.0,-1.0,-1
1.379905,1.379905,1.379895,1.3799,-1.0,-1.0,-1
1.3799,1.379905,1.379895,1.3799,-1.0,-1.0,-1
1.3799,1.379905,1.3799,1.379905,-1.0,-1.0,-1
1.379905,1.37991,1.3799,1.379905,-1.0,-1.0,-1
1.379905,1.379905,1.379895,1.379895,-1.0,-1.0,-1
1.379895,1.379905,1.379895,1.379905,-1.0,-1.0,-1
1.379905,1.379905,1.37986,1.3799,-1.0,-1.0,-1
1.3799,1.379905,1.379895,1.379895,-1.0,-1.0,-1
1.379895,1.3799,1.379895,1.3799,-1.0,-1.0,-1
1.3799,1.379905,1.379895,1.3799,-1.0,-1.0,-1
1.3799,1.379925,1.3799,1.379925,-1.0,-1.0,-1
1.379925,1.379935,1.379925,1.379935,-1.0,-1.0,-1
1.379935,1.37994,1.379925,1.379935,-1.0,-1.0,-1
1.379935,1.379935,1.379925,1.379925,-1.0,-1.0,-1
1.379925,1.37993,1.379925,1.37993,-1.0,-1.0,-1
1.37993,1.379935,1.379925,1.379935,-1.0,-1.0,-1
1.379935,1.379935,1.379925,1.379925,-1.0,-1.0,-1
1.379925,1.37993,1.379925,1.37993,-1.0,-1.0,-1
1.37993,1.37994,1.37993,1.379935,-1.0,-1.0,-1
1.379935,1.379935,1.379935,1.379935,-1.0,-1.0,-1
1.379935,1.37994,1.379935,1.37994,-1.0,-1.0,-1
1.37994,1.379945,1.37993,1.37993,-1.0,-1.0,-1
1.37993,1.379935,1.379925,1.37993,-1.0,-1.0,-1
1.37993,1.37993,1.37993,1.37993,-1.0,-1.0,-1
1.37993,1.379935,1.37992,1.37992,-1.0,-1.0,-1
1.37992,1.37993,1.37992,1.37993,-1.0,-1.0,-1
1.37993,1.379935,1.37992,1.379935,-1.0,-1.0,-1
1.379935,1.379935,1.37993,1.37993,-1.0,-1.0,-1
1.37993,1.379935,1.37993,1.379935,-1.0,-1.0,-1
1.379935,1.379935,1.37989,1.37989,-1.0,-1.0,-1
1.37989,1.379895,1.37989,1.379895,-1.0,-1.0,-1
1.379895,1.3799,1.37986,1.379865,-1.0,-1.0,-1
1.379865,1.379915,1.379865,1.379915,-1.0,-1.0,-1
1.379915,1.379925,1.37991,1.37992,-1.0,-1.0,-1
1.37992,1.37992,1.379915,1.37992,-1.0,-1.0,-1
1.37992,1.37992,1.37992,1.37992,-1.0,-1.0,-1
1.37992,1.37992,1.379885,1.379895,-1.0,-1.0,-1
1.379895,1.379895,1.37989,1.37989,-1.0,-1.0,-1
1.37989,1.3799,1.379875,1.379885,-1.0,-1.0,-1
1.379885,1.37989,1.37987,1.379875,-1.0,-1.0,-1
1.379875,1.379875,1.379875,1.379875,-1.0,-1.0,-1
1.379875,1.379895,1.379875,1.379885,-1.0,-1.0,-1
1.379885,1.379895,1.379875,1.37988,-1.0,-1.0,-1
1.37988,1.379885,1.37983,1.37983,-1.0,-1.0,-1
1.37983,1.37983,1.379805,1.379805,-1.0,-1.0,-1
1.379805,1.379805,1.37979,1.37979,-1.0,-1.0,-1
1.37979,1.379805,1.37979,1.379805,-1.0,-1.0,-1
1.379805,1.379805,1.379805,1.379805,-1.0,-1.0,-1
1.379805,1.379825,1.379805,1.37982,-1.0,-1.0,-1
1.37982,1.37983,1.37982,1.37983,-1.0,-1.0,-1
1.37983,1.379835,1.37983,1.37983,-1.0,-1.0,-1
1.37983,1.37983,1.37983,1.37983,-1.0,-1.0,-1
1.37983,1.37983,1.37983,1.37983,-1.0,-1.0,-1
1.37983,1.37983,1.379825,1.37983,-1.0,-1.0,-1
1.37983,1.37983,1.37982,1.37982,-1.0,-1.0,-1
1.37982,1.37982,1.379815,1.37982,-1.0,-1.0,-1
1.37982,1.379845,1.37982,1.379835,-1.0,-1.0,-1
1.379835,1.379845,1.379835,1.37984,-1.0,-1.0,-1
1.37984,1.379915,1.37984,1.379915,-1.0,-1.0,-1
1.379915,1.379925,1.379915,1.379925,-1.0,-1.0,-1
1.379925,1.379925,1.379925,1.379925,-1.0,-1.0,-1
1.379925,1.379925,1.379925,1.379925,-1.0,-1.0,-1
1.379925,1.379925,1.379925,1.379925,-1.0,-1.0,-1
1.379925,1.37993,1.37992,1.37993,-1.0,-1.0,-1
1.37993,1.379935,1.379925,1.37993,-1.0,-1.0,-1
1.37993,1.379935,1.379925,1.37993,-1.0,-1.0,-1
1.37993,1.37993,1.37992,1.379925,-1.0,-1.0,-1
1.379925,1.379925,1.379925,1.379925,-1.0,-1.0,-1
1.379925,1.37993,1.379925,1.379925,-1.0,-1.0,-1
1.379925,1.37994,1.379925,1.379935,-1.0,-1.0,-1
1.379935,1.37994,1.379935,1.37994,-1.0,-1.0,-1
1.37994,1.37994,1.379935,1.379935,-1.0,-1.0,-1
1.379935,1.37994,1.379935,1.379935,-1.0,-1.0,-1
1.379935,1.37994,1.37993,1.37994,-1.0,-1.0,-1
1.37994,1.37994,1.37992,1.37992,-1.0,-1.0,-1
1.37992,1.37992,1.37992,1.37992,-1.0,-1.0,-1
1.37992,1.37992,1.379915,1.37992,-1.0,-1.0,-1
1.37992,1.379925,1.379915,1.379925,-1.0,-1.0,-1
1.379925,1.379925,1.37991,1.379915,-1.0,-1.0,-1
1.379915,1.379915,1.37988,1.37989,-1.0,-1.0,-1
1.37989,1.379895,1.37989,1.37989,-1.0,-1.0,-1
1.37989,1.3799,1.379885,1.37989,-1.0,-1.0,-1
1.37989,1.379895,1.37989,1.379895,-1.0,-1.0,-1
1.379895,1.37991,1.379895,1.37991,-1.0,-1.0,-1
1.37991,1.37992,1.37991,1.37992,-1.0,-1.0,-1
1.37992,1.379925,1.379915,1.379925,-1.0,-1.0,-1
1.379925,1.37994,1.379925,1.379935,-1.0,-1.0,-1
1.379935,1.379935,1.37993,1.379935,-1.0,-1.0,-1
1.379935,1.379935,1.37993,1.379935,-1.0,-1.0,-1
1.379935,1.379935,1.37993,1.379935,-1.0,-1.0,-1
1.379935,1.379945,1.37993,1.37994,-1.0,-1.0,-1
1.37994,1.37994,1.37993,1.37994,-1.0,-1.0,-1
1.37994,1.37994,1.37993,1.379935,-1.0,-1.0,-1
1.379935,1.37999,1.37993,1.37999,-1.0,-1.0,-1
1.37999,1.38,1.379975,1.379975,-1.0,-1.0,-1
1.379975,1.379985,1.379975,1.379975,-1.0,-1.0,-1
1.379975,1.37999,1.379975,1.37998,-1.0,-1.0,-1
1.37998,1.379985,1.37997,1.37998,-1.0,-1.0,-1
1.37998,1.379985,1.37997,1.379985,-1.0,-1.0,-1
1.379985,1.379985,1.37998,1.37998,-1.0,-1.0,-1
1.37998,1.379985,1.37998,1.379985,-1.0,-1.0,-1
1.379985,1.379985,1.37997,1.37997,-1.0,-1.0,-1
1.37997,1.37998,1.37997,1.37998,-1.0,-1.0,-1
1.37998,1.380045,1.37998,1.380025,-1.0,-1.0,-1
1.380025,1.38003,1.379995,1.380005,-1.0,-1.0,-1
1.380005,1.38001,1.38,1.380005,-1.0,-1.0,-1
1.380005,1.380005,1.38,1.38,-1.0,-1.0,-1
1.38,1.380005,1.38,1.380005,-1.0,-1.0,-1
1.380005,1.38005,1.380005,1.380005,-1.0,-1.0,-1
1.380005,1.380005,1.379995,1.379995,-1.0,-1.0,-1
1.379995,1.38,1.379995,1.38,-1.0,-1.0,-1
1.38,1.380005,1.379995,1.379995,-1.0,-1.0,-1
1.379995,1.38003,1.379995,1.379995,-1.0,-1.0,-1
1.379995,1.38,1.379995,1.38,-1.0,-1.0,-1
1.38,1.38,1.37999,1.37999,-1.0,-1.0,-1
1.37999,1.379995,1.37999,1.379995,-1.0,-1.0,-1
1.379995,1.379995,1.379995,1.379995,-1.0,-1.0,-1
1.379995,1.38,1.379995,1.38,-1.0,-1.0,-1
1.38,1.38,1.379995,1.379995,-1.0,-1.0,-1
1.379995,1.38,1.379995,1.379995,-1.0,-1.0,-1
1.379995,1.38,1.379995,1.38,-1.0,-1.0,-1
1.38,1.38,1.379995,1.379995,-1.0,-1.0,-1
1.379995,1.38,1.379995,1.38,-1.0,-1.0,-1
1.38,1.38,1.38,1.38,-1.0,-1.0,-1
1.38,1.38,1.379995,1.379995,-1.0,-1.0,-1
1.379995,1.379995,1.379995,1.379995,-1.0,-1.0,-1
1.379995,1.379995,1.379995,1.379995,-1.0,-1.0,-1
1.379995,1.380005,1.37997,1.379975,-1.0,-1.0,-1
1.379975,1.379975,1.37996,1.379965,-1.0,-1.0,-1
1.379965,1.37997,1.379905,1.37991,-1.0,-1.0,-1
1.37991,1.379935,1.37991,1.37993,-1.0,-1.0,-1
1.37993,1.379935,1.379915,1.37992,-1.0,-1.0,-1
1.37992,1.379925,1.37992,1.379925,-1.0,-1.0,-1
1.379925,1.379925,1.37992,1.37992,-1.0,-1.0,-1
1.37992,1.379925,1.37992,1.379925,-1.0,-1.0,-1
1.379925,1.379925,1.37992,1.37992,-1.0,-1.0,-1
1.37992,1.379925,1.37992,1.379925,-1.0,-1.0,-1
1.379925,1.37993,1.37992,1.37992,-1.0,-1.0,-1
1.37992,1.37992,1.37982,1.37987,-1.0,-1.0,-1
1.37987,1.379875,1.37987,1.37987,-1.0,-1.0,-1
1.37987,1.37987,1.37984,1.379845,-1.0,-1.0,-1
1.379845,1.3799,1.379835,1.3799,-1.0,-1.0,-1
1.3799,1.37991,1.3799,1.37991,-1.0,-1.0,-1
1.37991,1.37992,1.37991,1.37992,-1.0,-1.0,-1
1.37992,1.37993,1.37992,1.37993,-1.0,-1.0,-1
1.37993,1.379955,1.37992,1.379945,-1.0,-1.0,-1
1.379945,1.379945,1.37993,1.37994,-1.0,-1.0,-1
1.37994,1.37995,1.37993,1.37993,-1.0,-1.0,-1
1.37993,1.37998,1.37993,1.37998,-1.0,-1.0,-1
1.37998,1.37999,1.379965,1.379965,-1.0,-1.0,-1
1.379965,1.379965,1.379955,1.37996,-1.0,-1.0,-1
1.37996,1.379965,1.37994,1.379945,-1.0,-1.0,-1
1.379945,1.379955,1.37994,1.37995,-1.0,-1.0,-1
1.37995,1.37997,1.37994,1.37996,-1.0,-1.0,-1
1.37996,1.38,1.379955,1.38,-1.0,-1.0,-1
1.38,1.38004,1.379995,1.38,-1.0,-1.0,-1
1.38,1.380005,1.38,1.38,-1.0,-1.0,-1
1.38,1.38009,1.379995,1.38009,-1.0,-1.0,-1
1.38009,1.38009,1.38003,1.38004,-1.0,-1.0,-1
1.38004,1.38004,1.379955,1.379965,-1.0,-1.0,-1
1.379965,1.379965,1.379965,1.379965,-1.0,-1.0,-1
1.379965,1.379965,1.37996,1.37996,-1.0,-1.0,-1
1.37996,1.37997,1.37996,1.37997,-1.0,-1.0,-1
1.37997,1.37997,1.37996,1.37996,-1.0,-1.0,-1
1.37996,1.37996,1.37992,1.379925,-1.0,-1.0,-1
1.379925,1.379945,1.379925,1.37994,-1.0,-1.0,-1
1.37994,1.37994,1.37992,1.379925,-1.0,-1.0,-1
1.379925,1.379935,1.37992,1.379935,-1.0,-1.0,-1
1.379935,1.37994,1.379935,1.379935,-1.0,-1.0,-1
1.379935,1.379995,1.379935,1.37999,-1.0,-1.0,-1
1.37999,1.37999,1.37998,1.379985,-1.0,-1.0,-1
1.379985,1.37999,1.379975,1.37999,-1.0,-1.0,-1
1.37999,1.380035,1.379985,1.38002,-1.0,-1.0,-1
1.38002,1.380025,1.37992,1.379925,-1.0,-1.0,-1
1.379925,1.37993,1.379905,1.37991,-1.0,-1.0,-1
1.37991,1.37991,1.379905,1.37991,-1.0,-1.0,-1
1.37991,1.37993,1.37991,1.37992,-1.0,-1.0,-1
1.37992,1.379925,1.37981,1.37983,-1.0,-1.0,-1
1.37983,1.37987,1.379815,1.379835,-1.0,-1.0,-1
1.379835,1.37984,1.379805,1.379815,-1.0,-1.0,-1
1.379815,1.379815,1.37969,1.37969,-1.0,-1.0,-1
1.37969,1.37976,1.379675,1.37976,-1.0,-1.0,-1
1.37976,1.37976,1.379725,1.37974,-1.0,-1.0,-1
1.37974,1.37975,1.3797,1.3797,-1.0,-1.0,-1
1.3797,1.37973,1.3797,1.379725,-1.0,-1.0,-1
1.379725,1.37973,1.379695,1.3797,-1.0,-1.0,-1
1.3797,1.379715,1.379615,1.37962,-1.0,-1.0,-1
1.37962,1.37962,1.37959,1.37961,-1.0,-1.0,-1
1.37961,1.37962,1.37961,1.37962,-1.0,-1.0,-1
1.37962,1.379635,1.37962,1.379625,-1.0,-1.0,-1
1.379625,1.379625,1.37962,1.37962,-1.0,-1.0,-1
1.37962,1.379625,1.379565,1.379565,-1.0,-1.0,-1
1.379565,1.37962,1.379565,1.379615,-1.0,-1.0,-1
1.379615,1.37962,1.37959,1.379615,-1.0,-1.0,-1
1.379615,1.37967,1.379615,1.37967,-1.0,-1.0,-1
1.37967,1.37967,1.379655,1.379655,-1.0,-1.0,-1
1.379655,1.379655,1.37961,1.37962,-1.0,-1.0,-1
1.37962,1.37963,1.379615,1.37962,-1.0,-1.0,-1
1.37962,1.379625,1.379615,1.37962,-1.0,-1.0,-1
1.37962,1.37965,1.37962,1.37964,-1.0,-1.0,-1
1.37964,1.37964,1.379635,1.37964,-1.0,-1.0,-1
1.37964,1.379655,1.379635,1.379635,-1.0,-1.0,-1
1.379635,1.379685,1.379635,1.37968,-1.0,-1.0,-1
1.37968,1.37968,1.379645,1.379645,-1.0,-1.0,-1
1.379645,1.379655,1.379645,1.379645,-1.0,-1.0,-1
1.379645,1.379645,1.379625,1.379625,-1.0,-1.0,-1
1.379625,1.37964,1.379625,1.379625,-1.0,-1.0,-1
1.379625,1.379625,1.37954,1.379545,-1.0,-1.0,-1
1.379545,1.37956,1.379545,1.37956,-1.0,-1.0,-1
1.37956,1.379565,1.37955,1.379565,-1.0,-1.0,-1
1.379565,1.379565,1.379535,1.37954,-1.0,-1.0,-1
1.37954,1.379545,1.379525,1.379545,-1.0,-1.0,-1
1.379545,1.37958,1.379545,1.37958,-1.0,-1.0,-1
1.37958,1.37958,1.37955,1.379575,-1.0,-1.0,-1
1.379575,1.37961,1.379575,1.3796,-1.0,-1.0,-1
1.3796,1.3796,1.379585,1.3796,-1.0,-1.0,-1
1.3796,1.3796,1.379585,1.379585,-1.0,-1.0,-1
1.379585,1.37959,1.37957,1.37959,-1.0,-1.0,-1
1.37959,1.3796,1.379585,1.379595,-1.0,-1.0,-1
1.379595,1.3796,1.37959,1.379595,-1.0,-1.0,-1
1.379595,1.379765,1.37959,1.379755,-1.0,-1.0,-1
1.379755,1.37977,1.379755,1.37977,-1.0,-1.0,-1
1.37977,1.37977,1.37976,1.37977,-1.0,-1.0,-1
1.37977,1.37977,1.37973,1.37974,-1.0,-1.0,-1
1.37974,1.37975,1.379725,1.37973,-1.0,-1.0,-1
1.37973,1.379735,1.37973,1.379735,-1.0,-1.0,-1
1.379735,1.379755,1.379725,1.379755,-1.0,-1.0,-1
1.379755,1.379755,1.379745,1.379755,-1.0,-1.0,-1
1.379755,1.379845,1.379755,1.379845,-1.0,-1.0,-1
1.379845,1.379845,1.37984,1.37984,-1.0,-1.0,-1
1.37984,1.379845,1.379805,1.37981,-1.0,-1.0,-1
1.37981,1.37986,1.37979,1.37986,-1.0,-1.0,-1
1.37986,1.37986,1.379835,1.379835,-1.0,-1.0,-1
1.379835,1.37985,1.379835,1.37985,-1.0,-1.0,-1
1.37985,1.37985,1.379805,1.379805,-1.0,-1.0,-1
1.379805,1.379805,1.379805,1.379805,-1.0,-1.0,-1
1.379805,1.379815,1.379805,1.379815,-1.0,-1.0,-1
1.379815,1.379815,1.379805,1.379805,-1.0,-1.0,-1
1.379805,1.37981,1.379805,1.37981,-1.0,-1.0,-1
1.37981,1.379855,1.37981,1.379855,-1.0,-1.0,-1
1.379855,1.3799,1.379855,1.37989,-1.0,-1.0,-1
1.37989,1.3799,1.379885,1.37989,-1.0,-1.0,-1
1.37989,1.3799,1.379885,1.379885,-1.0,-1.0,-1
1.379885,1.379885,1.379875,1.379875,-1.0,-1.0,-1
1.379875,1.379895,1.379875,1.37989,-1.0,-1.0,-1
1.37989,1.379895,1.379865,1.379885,-1.0,-1.0,-1
1.379885,1.379885,1.37988,1.37988,-1.0,-1.0,-1
1.37988,1.379885,1.37988,1.379885,-1.0,-1.0,-1
1.379885,1.379895,1.37987,1.379875,-1.0,-1.0,-1
1.379875,1.379895,1.37987,1.37989,-1.0,-1.0,-1
1.37989,1.379895,1.379885,1.37989,-1.0,-1.0,-1
1.37989,1.37992,1.379885,1.379915,-1.0,-1.0,-1
1.379915,1.37993,1.379915,1.37993,-1.0,-1.0,-1
1.37993,1.379935,1.37993,1.379935,-1.0,-1.0,-1
1.379935,1.37995,1.379925,1.37995,-1.0,-1.0,-1
1.37995,1.37995,1.379945,1.37995,-1.0,-1.0,-1
1.37995,1.379955,1.37995,1.379955,-1.0,-1.0,-1
1.379955,1.379955,1.37995,1.379955,-1.0,-1.0,-1
1.379955,1.379955,1.379955,1.379955,-1.0,-1.0,-1
1.379955,1.379955,1.379955,1.379955,-1.0,-1.0,-1
1.379955,1.379985,1.379955,1.37998,-1.0,-1.0,-1
1.37998,1.380005,1.37998,1.380005,-1.0,-1.0,-1
1.380005,1.38004,1.380005,1.38004,-1.0,-1.0,-1
1.38004,1.38004,1.380035,1.380035,-1.0,-1.0,-1
1.380035,1.38004,1.380035,1.38004,-1.0,-1.0,-1
1.38004,1.38004,1.38004,1.38004,-1.0,-1.0,-1
1.38004,1.380045,1.38003,1.380045,-1.0,-1.0,-1
1.380045,1.380055,1.38003,1.380055,-1.0,-1.0,-1
1.380055,1.380055,1.380045,1.38005,-1.0,-1.0,-1
1.38005,1.38006,1.380045,1.380055,-1.0,-1.0,-1
1.380055,1.38006,1.380055,1.38006,-1.0,-1.0,-1
1.38006,1.380075,1.38002,1.38003,-1.0,-1.0,-1
1.38003,1.380035,1.380025,1.380035,-1.0,-1.0,-1
1.380035,1.380045,1.38003,1.380035,-1.0,-1.0,-1
1.380035,1.380055,1.38003,1.38005,-1.0,-1.0,-1
1.38005,1.380055,1.380045,1.380055,-1.0,-1.0,-1
1.380055,1.380055,1.380045,1.380045,-1.0,-1.0,-1
1.380045,1.38005,1.380045,1.380045,-1.0,-1.0,-1
1.380045,1.38005,1.38004,1.380045,-1.0,-1.0,-1
1.380045,1.380045,1.380035,1.38004,-1.0,-1.0,-1
1.38004,1.38004,1.380015,1.380015,-1.0,-1.0,-1
1.380015,1.38002,1.37997,1.379975,-1.0,-1.0,-1
1.379975,1.379975,1.37997,1.379975,-1.0,-1.0,-1
1.379975,1.37999,1.379965,1.37999,-1.0,-1.0,-1
1.37999,1.38005,1.37999,1.38005,-1.0,-1.0,-1
1.38005,1.38005,1.38004,1.380045,-1.0,-1.0,-1
1.380045,1.380085,1.380045,1.38008,-1.0,-1.0,-1
1.38008,1.38008,1.38008,1.38008,-1.0,-1.0,-1
1.38008,1.380085,1.38007,1.380085,-1.0,-1.0,-1
1.380085,1.380095,1.380085,1.380085,-1.0,-1.0,-1
1.380085,1.380105,1.380085,1.380105,-1.0,-1.0,-1
1.380105,1.380105,1.3801,1.3801,-1.0,-1.0,-1
1.3801,1.380105,1.3801,1.380105,-1.0,-1.0,-1
1.380105,1.380105,1.3801,1.380105,-1.0,-1.0,-1
1.380105,1.380105,1.3801,1.380105,-1.0,-1.0,-1
1.380105,1.380105,1.3801,1.380105,-1.0,-1.0,-1
1.380105,1.380195,1.380105,1.38014,-1.0,-1.0,-1
1.38014,1.38014,1.380055,1.38006,-1.0,-1.0,-1
1.38006,1.38013,1.38006,1.38013,-1.0,-1.0,-1
1.38013,1.38014,1.38012,1.380125,-1.0,-1.0,-1
1.380125,1.38013,1.380105,1.38013,-1.0,-1.0,-1
1.38013,1.38013,1.38012,1.380125,-1.0,-1.0,-1
1.380125,1.380125,1.380115,1.38012,-1.0,-1.0,-1
1.38012,1.38013,1.380115,1.38013,-1.0,-1.0,-1
1.38013,1.38013,1.380115,1.38012,-1.0,-1.0,-1
1.38012,1.380125,1.38011,1.38012,-1.0,-1.0,-1
1.38012,1.38013,1.380115,1.380125,-1.0,-1.0,-1
1.380125,1.380125,1.380115,1.380125,-1.0,-1.0,-1
1.380125,1.38013,1.380115,1.380125,-1.0,-1.0,-1
1.380125,1.38013,1.38011,1.380125,-1.0,-1.0,-1
1.380125,1.380125,1.38012,1.380125,-1.0,-1.0,-1
1.380125,1.38021,1.38012,1.38021,-1.0,-1.0,-1
1.38021,1.38021,1.3802,1.38021,-1.0,-1.0,-1
1.38021,1.380215,1.3802,1.38021,-1.0,-1.0,-1
1.38021,1.380215,1.3802,1.38021,-1.0,-1.0,-1
1.38021,1.380215,1.380205,1.38021,-1.0,-1.0,-1
1.38021,1.380215,1.380205,1.380215,-1.0,-1.0,-1
1.380215,1.380215,1.38019,1.380195,-1.0,-1.0,-1
1.380195,1.38021,1.38019,1.38021,-1.0,-1.0,-1
1.38021,1.38021,1.380195,1.380195,-1.0,-1.0,-1
1.380195,1.380195,1.380195,1.380195,-1.0,-1.0,-1
1.380195,1.380195,1.380195,1.380195,-1.0,-1.0,-1
1.380195,1.380195,1.380195,1.380195,-1.0,-1.0,-1
1.380195,1.380195,1.380145,1.380145,-1.0,-1.0,-1
1.380145,1.38016,1.38011,1.38011,-1.0,-1.0,-1
1.38011,1.38012,1.380095,1.3801,-1.0,-1.0,-1
1.3801,1.38011,1.379895,1.380005,-1.0,-1.0,-1
1.380005,1.380005,1.37997,1.37999,-1.0,-1.0,-1
1.37999,1.380045,1.37998,1.38003,-1.0,-1.0,-1
1.38003,1.380035,1.38002,1.38002,-1.0,-1.0,-1
1.38002,1.38006,1.380015,1.38004,-1.0,-1.0,-1
1.38004,1.38006,1.38003,1.38006,-1.0,-1.0,-1
1.38006,1.38006,1.38004,1.38004,-1.0,-1.0,-1
1.38004,1.38009,1.38004,1.38009,-1.0,-1.0,-1
1.38009,1.3801,1.380065,1.3801,-1.0,-1.0,-1
1.3801,1.3801,1.380085,1.380095,-1.0,-1.0,-1
1.380095,1.380095,1.38006,1.380065,-1.0,-1.0,-1
1.380065,1.380135,1.380065,1.380075,-1.0,-1.0,-1
1.380075,1.380085,1.380065,1.380075,-1.0,-1.0,-1
1.380075,1.380125,1.380075,1.380125,-1.0,-1.0,-1
1.380125,1.380145,1.38012,1.38013,-1.0,-1.0,-1
1.38013,1.38013,1.380115,1.38012,-1.0,-1.0,-1
1.38012,1.380125,1.380115,1.380125,-1.0,-1.0,-1
1.380125,1.380135,1.38012,1.380135,-1.0,-1.0,-1
1.380135,1.380135,1.380115,1.380125,-1.0,-1.0,-1
1.380125,1.380135,1.380115,1.380125,-1.0,-1.0,-1
1.380125,1.38015,1.38012,1.380145,-1.0,-1.0,-1
1.380145,1.38015,1.380135,1.380135,-1.0,-1.0,-1
1.380135,1.380145,1.38012,1.380125,-1.0,-1.0,-1
1.380125,1.38015,1.38012,1.380145,-1.0,-1.0,-1
1.380145,1.38015,1.38012,1.380125,-1.0,-1.0,-1
1.380125,1.380145,1.38012,1.38013,-1.0,-1.0,-1
1.38013,1.38015,1.380125,1.380145,-1.0,-1.0,-1
1.380145,1.380165,1.38011,1.38011,-1.0,-1.0,-1
1.38011,1.38011,1.380075,1.38008,-1.0,-1.0,-1
1.38008,1.38009,1.38007,1.38007,-1.0,-1.0,-1
1.38007,1.380075,1.38007,1.380075,-1.0,-1.0,-1
1.380075,1.380085,1.380075,1.380075,-1.0,-1.0,-1
1.380075,1.380075,1.380055,1.380055,-1.0,-1.0,-1
1.380055,1.38007,1.380055,1.38006,-1.0,-1.0,-1
1.38006,1.38006,1.380005,1.38003,-1.0,-1.0,-1
1.38003,1.380035,1.380025,1.38003,-1.0,-1.0,-1
1.38003,1.38006,1.38003,1.380045,-1.0,-1.0,-1
1.380045,1.380055,1.380045,1.380055,-1.0,-1.0,-1
1.380055,1.38013,1.380055,1.38012,-1.0,-1.0,-1
1.38012,1.380125,1.3801,1.3801,-1.0,-1.0,-1
1.3801,1.380125,1.380095,1.380125,-1.0,-1.0,-1
1.380125,1.380125,1.38005,1.380055,-1.0,-1.0,-1
1.380055,1.380055,1.380055,1.380055,-1.0,-1.0,-1
1.380055,1.38006,1.380055,1.380055,-1.0,-1.0,-1
1.380055,1.38007,1.380055,1.380055,-1.0,-1.0,-1
1.380055,1.380115,1.380055,1.3801,-1.0,-1.0,-1
1.3801,1.38015,1.3801,1.380145,-1.0,-1.0,-1
1.380145,1.38015,1.380145,1.380145,-1.0,-1.0,-1
1.380145,1.38015,1.380135,1.380135,-1.0,-1.0,-1
1.380135,1.380155,1.380135,1.38014,-1.0,-1.0,-1
1.38014,1.38014,1.380125,1.380135,-1.0,-1.0,-1
1.380135,1.38019,1.380125,1.38019,-1.0,-1.0,-1
1.38019,1.38019,1.38016,1.380175,-1.0,-1.0,-1
1.380175,1.38018,1.380175,1.38018,-1.0,-1.0,-1
1.38018,1.380195,1.38018,1.38019,-1.0,-1.0,-1
1.38019,1.38019,1.38018,1.38019,-1.0,-1.0,-1
1.38019,1.380215,1.38019,1.3802,-1.0,-1.0,-1
1.3802,1.3802,1.38019,1.38019,-1.0,-1.0,-1
1.38019,1.3802,1.38019,1.38019,-1.0,-1.0,-1
1.38019,1.380195,1.38019,1.38019,-1.0,-1.0,-1
1.38019,1.380195,1.38019,1.380195,-1.0,-1.0,-1
1.380195,1.3802,1.38019,1.3802,-1.0,-1.0,-1
1.3802,1.38021,1.3802,1.380205,-1.0,-1.0,-1
1.380205,1.380215,1.3802,1.3802,-1.0,-1.0,-1
1.3802,1.3802,1.380195,1.380195,-1.0,-1.0,-1
1.380195,1.380195,1.38019,1.380195,-1.0,-1.0,-1
1.380195,1.380195,1.38012,1.380125,-1.0,-1.0,-1
1.380125,1.38013,1.38012,1.380125,-1.0,-1.0,-1
1.380125,1.380125,1.380095,1.38012,-1.0,-1.0,-1
1.38012,1.38012,1.380105,1.380105,-1.0,-1.0,-1
1.380105,1.380105,1.380095,1.380105,-1.0,-1.0,-1
1.380105,1.380125,1.380105,1.380125,-1.0,-1.0,-1
1.380125,1.38013,1.380115,1.380125,-1.0,-1.0,-1
1.380125,1.38015,1.380115,1.38012,-1.0,-1.0,-1
1.38012,1.380125,1.380115,1.380125,-1.0,-1.0,-1
1.380125,1.38013,1.380115,1.38012,-1.0,-1.0,-1
1.38012,1.38012,1.380115,1.38012,-1.0,-1.0,-1
1.38012,1.38012,1.38011,1.38011,-1.0,-1.0,-1
1.38011,1.38012,1.38011,1.38012,-1.0,-1.0,-1
1.38012,1.38012,1.380115,1.38012,-1.0,-1.0,-1
1.38012,1.38012,1.380115,1.38012,-1.0,-1.0,-1
1.38012,1.38013,1.380115,1.38013,-1.0,-1.0,-1
1.38013,1.38013,1.38012,1.380125,-1.0,-1.0,-1
1.380125,1.380125,1.380115,1.380125,-1.0,-1.0,-1
1.380125,1.380125,1.38011,1.38012,-1.0,-1.0,-1
1.38012,1.380155,1.380115,1.38015,-1.0,-1.0,-1
1.38015,1.380205,1.38015,1.380195,-1.0,-1.0,-1
1.380195,1.380195,1.380175,1.380175,-1.0,-1.0,-1
1.380175,1.380175,1.380175,1.380175,-1.0,-1.0,-1
1.380175,1.380195,1.380175,1.380195,-1.0,-1.0,-1
1.380195,1.380195,1.380185,1.38019,-1.0,-1.0,-1
1.38019,1.380195,1.38018,1.380195,-1.0,-1.0,-1
1.380195,1.380205,1.380195,1.380205,-1.0,-1.0,-1
1.380205,1.38022,1.3802,1.38022,-1.0,-1.0,-1
1.38022,1.38026,1.38022,1.380255,-1.0,-1.0,-1
1.380255,1.380255,1.38025,1.38025,-1.0,-1.0,-1
1.38025,1.380255,1.38024,1.38024,-1.0,-1.0,-1
1.38024,1.380245,1.380225,1.38024,-1.0,-1.0,-1
1.38024,1.380255,1.38024,1.380245,-1.0,-1.0,-1
1.380245,1.380255,1.38021,1.380215,-1.0,-1.0,-1
1.380215,1.380215,1.38018,1.38018,-1.0,-1.0,-1
1.38018,1.38018,1.38018,1.38018,-1.0,-1.0,-1
1.38018,1.380215,1.38018,1.380215,-1.0,-1.0,-1
1.380215,1.380225,1.38021,1.380225,-1.0,-1.0,-1
1.380225,1.38024,1.38022,1.38022,-1.0,-1.0,-1
1.38022,1.38022,1.3802,1.380205,-1.0,-1.0,-1
1.380205,1.38022,1.3802,1.38022,-1.0,-1.0,-1
1.38022,1.380225,1.38021,1.380215,-1.0,-1.0,-1
1.380215,1.380215,1.380125,1.380125,-1.0,-1.0,-1
1.380125,1.380135,1.38011,1.380115,-1.0,-1.0,-1
1.380115,1.380115,1.38011,1.380115,-1.0,-1.0,-1
1.380115,1.380115,1.380085,1.380085,-1.0,-1.0,-1
1.380085,1.380085,1.38004,1.38004,-1.0,-1.0,-1
1.38004,1.380055,1.38004,1.380045,-1.0,-1.0,-1
1.380045,1.380045,1.38003,1.38003,-1.0,-1.0,-1
1.38003,1.380045,1.38003,1.380045,-1.0,-1.0,-1
1.380045,1.380045,1.380035,1.38004,-1.0,-1.0,-1
1.38004,1.38009,1.38004,1.38009,-1.0,-1.0,-1
1.38009,1.38009,1.380075,1.38009,-1.0,-1.0,-1
1.38009,1.38009,1.38007,1.38007,-1.0,-1.0,-1
1.38007,1.38008,1.38007,1.38008,-1.0,-1.0,-1
1.38008,1.380085,1.38007,1.38007,-1.0,-1.0,-1
1.38007,1.3801,1.380055,1.3801,-1.0,-1.0,-1
1.3801,1.38012,1.3801,1.380115,-1.0,-1.0,-1
1.380115,1.38012,1.38011,1.38012,-1.0,-1.0,-1
1.38012,1.38013,1.380115,1.380125,-1.0,-1.0,-1
1.380125,1.38013,1.380115,1.38013,-1.0,-1.0,-1
1.38013,1.380135,1.38012,1.380135,-1.0,-1.0,-1
1.380135,1.380135,1.38013,1.38013,-1.0,-1.0,-1
1.38013,1.38013,1.38012,1.38013,-1.0,-1.0,-1
1.38013,1.38013,1.38013,1.38013,-1.0,-1.0,-1
1.38013,1.38013,1.380115,1.380125,-1.0,-1.0,-1
1.380125,1.38013,1.380115,1.380125,-1.0,-1.0,-1
1.380125,1.380125,1.38011,1.380115,-1.0,-1.0,-1
1.380115,1.38012,1.3801,1.380105,-1.0,-1.0,-1
1.380105,1.38012,1.3801,1.380105,-1.0,-1.0,-1
1.380105,1.38012,1.380105,1.38012,-1.0,-1.0,-1
1.38012,1.38012,1.380105,1.380105,-1.0,-1.0,-1
1.380105,1.380115,1.3801,1.380105,-1.0,-1.0,-1
1.380105,1.38012,1.38008,1.38009,-1.0,-1.0,-1
1.38009,1.3801,1.38005,1.38009,-1.0,-1.0,-1
1.38009,1.380105,1.38008,1.3801,-1.0,-1.0,-1
1.3801,1.380105,1.3801,1.380105,-1.0,-1.0,-1
1.380105,1.380105,1.3801,1.380105,-1.0,-1.0,-1
1.380105,1.380105,1.38009,1.380105,-1.0,-1.0,-1
1.380105,1.380125,1.380105,1.380115,-1.0,-1.0,-1
1.380115,1.38012,1.38011,1.380115,-1.0,-1.0,-1
1.380115,1.380115,1.37984,1.37987,-1.0,-1.0,-1
1.37987,1.37997,1.379855,1.379935,-1.0,-1.0,-1
1.379935,1.37994,1.379865,1.379905,-1.0,-1.0,-1
1.379905,1.37996,1.37987,1.37994,-1.0,-1.0,-1
1.37994,1.37996,1.379925,1.37996,-1.0,-1.0,-1
1.37996,1.37996,1.37975,1.37977,-1.0,-1.0,-1
1.37977,1.379965,1.37977,1.37994,-1.0,-1.0,-1
1.37994,1.37994,1.379905,1.37991,-1.0,-1.0,-1
1.37991,1.379915,1.37986,1.379895,-1.0,-1.0,-1
1.379895,1.37991,1.37989,1.37991,-1.0,-1.0,-1
1.37991,1.379915,1.37982,1.379845,-1.0,-1.0,-1
1.379845,1.379905,1.379755,1.37976,-1.0,-1.0,-1
1.37976,1.37981,1.379715,1.37981,-1.0,-1.0,-1
1.37981,1.379815,1.37978,1.37978,-1.0,-1.0,-1
1.37978,1.379955,1.37977,1.379955,-1.0,-1.0,-1
1.379955,1.379965,1.37988,1.379895,-1.0,-1.0,-1
1.379895,1.379945,1.379885,1.379895,-1.0,-1.0,-1
1.379895,1.379955,1.37989,1.37994,-1.0,-1.0,-1
1.37994,1.379945,1.379865,1.37987,-1.0,-1.0,-1
1.37987,1.37989,1.37985,1.37987,-1.0,-1.0,-1
1.37987,1.379885,1.37983,1.37983,-1.0,-1.0,-1
1.37983,1.37984,1.37974,1.37984,-1.0,-1.0,-1
1.37984,1.379935,1.37984,1.379935,-1.0,-1.0,-1
1.379935,1.379955,1.37993,1.379955,-1.0,-1.0,-1
1.379955,1.37996,1.37995,1.379955,-1.0,-1.0,-1
1.379955,1.379955,1.37992,1.37992,-1.0,-1.0,-1
1.37992,1.379945,1.379845,1.37992,-1.0,-1.0,-1
1.37992,1.37992,1.379895,1.37991,-1.0,-1.0,-1
1.37991,1.37993,1.3799,1.379905,-1.0,-1.0,-1
1.379905,1.379945,1.3799,1.379945,-1.0,-1.0,-1
1.379945,1.380015,1.379945,1.379995,-1.0,-1.0,-1
1.379995,1.379995,1.379965,1.37997,-1.0,-1.0,-1
1.37997,1.37997,1.379955,1.37997,-1.0,-1.0,-1
1.37997,1.380015,1.379925,1.38,-1.0,-1.0,-1
1.38,1.380005,1.379985,1.380005,-1.0,-1.0,-1
1.380005,1.38002,1.38,1.38002,-1.0,-1.0,-1
1.38002,1.380045,1.38002,1.380035,-1.0,-1.0,-1
1.380035,1.38004,1.380015,1.380035,-1.0,-1.0,-1
1.380035,1.380115,1.380025,1.380115,-1.0,-1.0,-1
1.380115,1.380115,1.38007,1.38009,-1.0,-1.0,-1
1.38009,1.380095,1.38007,1.38007,-1.0,-1.0,-1
1.38007,1.380085,1.38005,1.38005,-1.0,-1.0,-1
1.38005,1.380055,1.38003,1.380035,-1.0,-1.0,-1
1.380035,1.38004,1.380025,1.380035,-1.0,-1.0,-1
1.380035,1.38004,1.380025,1.38003,-1.0,-1.0,-1
1.38003,1.38003,1.37996,1.379995,-1.0,-1.0,-1
1.379995,1.380045,1.379985,1.379995,-1.0,-1.0,-1
1.379995,1.379995,1.37996,1.37997,-1.0,-1.0,-1
1.37997,1.37999,1.37996,1.37999,-1.0,-1.0,-1
1.37999,1.38,1.379985,1.37999,-1.0,-1.0,-1
1.37999,1.37999,1.379945,1.379945,-1.0,-1.0,-1
1.379945,1.37997,1.37994,1.379965,-1.0,-1.0,-1
1.379965,1.379965,1.379935,1.379935,-1.0,-1.0,-1
1.379935,1.37994,1.379935,1.379935,-1.0,-1.0,-1
1.379935,1.37994,1.379935,1.37994,-1.0,-1.0,-1
1.37994,1.38,1.37994,1.37999,-1.0,-1.0,-1
1.37999,1.37999,1.379935,1.37994,-1.0,-1.0,-1
1.37994,1.37996,1.37994,1.37994,-1.0,-1.0,-1
1.37994,1.38001,1.37994,1.38001,-1.0,-1.0,-1
1.38001,1.38001,1.37994,1.37994,-1.0,-1.0,-1
1.37994,1.379945,1.37994,1.37994,-1.0,-1.0,-1
1.37994,1.38006,1.37994,1.38006,-1.0,-1.0,-1
1.38006,1.380065,1.380055,1.38006,-1.0,-1.0,-1
1.38006,1.380065,1.380055,1.380065,-1.0,-1.0,-1
1.380065,1.38012,1.38006,1.38011,-1.0,-1.0,-1
1.38011,1.380145,1.38009,1.380145,-1.0,-1.0,-1
1.380145,1.38015,1.38009,1.380135,-1.0,-1.0,-1
1.380135,1.38015,1.38013,1.380145,-1.0,-1.0,-1
1.380145,1.38015,1.380085,1.38009,-1.0,-1.0,-1
1.38009,1.38019,1.380085,1.38017,-1.0,-1.0,-1
1.38017,1.380195,1.38013,1.380135,-1.0,-1.0,-1
1.380135,1.38015,1.38013,1.380145,-1.0,-1.0,-1
1.380145,1.380145,1.38013,1.38013,-1.0,-1.0,-1
1.38013,1.380155,1.38013,1.38015,-1.0,-1.0,-1
1.38015,1.38016,1.380145,1.38015,-1.0,-1.0,-1
1.38015,1.38016,1.380145,1.38015,-1.0,-1.0,-1
1.38015,1.38015,1.380145,1.380145,-1.0,-1.0,-1
1.380145,1.380145,1.380095,1.38014,-1.0,-1.0,-1
1.38014,1.38021,1.38014,1.380205,-1.0,-1.0,-1
1.380205,1.380205,1.38015,1.38015,-1.0,-1.0,-1
1.38015,1.380155,1.380085,1.38009,-1.0,-1.0,-1
1.38009,1.38015,1.38009,1.380145,-1.0,-1.0,-1
1.380145,1.38015,1.38008,1.380095,-1.0,-1.0,-1
1.380095,1.38012,1.38006,1.38009,-1.0,-1.0,-1
1.38009,1.38009,1.380055,1.380065,-1.0,-1.0,-1
1.380065,1.38007,1.380035,1.380055,-1.0,-1.0,-1
1.380055,1.38006,1.380025,1.38005,-1.0,-1.0,-1
1.38005,1.380065,1.380005,1.380005,-1.0,-1.0,-1
1.380005,1.380015,1.37996,1.380015,-1.0,-1.0,-1
1.380015,1.380045,1.38,1.38003,-1.0,-1.0,-1
1.38003,1.380045,1.38002,1.380045,-1.0,-1.0,-1
1.380045,1.380085,1.38004,1.380085,-1.0,-1.0,-1
1.380085,1.380085,1.38007,1.38008,-1.0,-1.0,-1
1.38008,1.38013,1.38008,1.38008,-1.0,-1.0,-1
1.38008,1.380085,1.38008,1.38008,-1.0,-1.0,-1
1.38008,1.380125,1.38008,1.38009,-1.0,-1.0,-1
1.38009,1.380135,1.38008,1.380125,-1.0,-1.0,-1
1.380125,1.380135,1.380125,1.380125,-1.0,-1.0,-1
1.380125,1.38013,1.380095,1.38013,-1.0,-1.0,-1
1.38013,1.380135,1.380125,1.38013,-1.0,-1.0,-1
1.38013,1.38014,1.38013,1.380135,-1.0,-1.0,-1
1.380135,1.380135,1.380115,1.380125,-1.0,-1.0,-1
1.380125,1.380135,1.38012,1.38013,-1.0,-1.0,-1
1.38013,1.380135,1.38013,1.38013,-1.0,-1.0,-1
1.38013,1.380135,1.38013,1.380135,-1.0,-1.0,-1
1.380135,1.380135,1.380105,1.380125,-1.0,-1.0,-1
1.380125,1.38013,1.38011,1.38013,-1.0,-1.0,-1
1.38013,1.380135,1.38012,1.380135,-1.0,-1.0,-1
1.380135,1.380135,1.380125,1.380135,-1.0,-1.0,-1
1.380135,1.380225,1.380135,1.380225,-1.0,-1.0,-1
1.380225,1.380225,1.38021,1.380225,-1.0,-1.0,-1
1.380225,1.380235,1.380215,1.380225,-1.0,-1.0,-1
1.380225,1.38024,1.380215,1.380235,-1.0,-1.0,-1
1.380235,1.380255,1.380235,1.38024,-1.0,-1.0,-1
1.38024,1.380245,1.380235,1.380235,-1.0,-1.0,-1
1.380235,1.38024,1.38016,1.380175,-1.0,-1.0,-1
1.380175,1.38022,1.380175,1.38022,-1.0,-1.0,-1
1.38022,1.380245,1.380215,1.38024,-1.0,-1.0,-1
1.38024,1.380255,1.38023,1.38023,-1.0,-1.0,-1
1.38023,1.380245,1.38022,1.380235,-1.0,-1.0,-1
1.380235,1.380235,1.3802,1.38021,-1.0,-1.0,-1
1.38021,1.38021,1.380205,1.38021,-1.0,-1.0,-1
1.38021,1.380255,1.380205,1.380255,-1.0,-1.0,-1
1.380255,1.380305,1.380255,1.380305,-1.0,-1.0,-1
1.380305,1.3804,1.380295,1.38039,-1.0,-1.0,-1
1.38039,1.38039,1.38037,1.380385,-1.0,-1.0,-1
1.380385,1.38039,1.380385,1.380385,-1.0,-1.0,-1
1.380385,1.380425,1.380385,1.380425,-1.0,-1.0,-1
1.380425,1.38046,1.380425,1.38043,-1.0,-1.0,-1
1.38043,1.38043,1.38034,1.380405,-1.0,-1.0,-1
1.380405,1.38043,1.3804,1.38043,-1.0,-1.0,-1
1.38043,1.380495,1.38043,1.380475,-1.0,-1.0,-1
1.380475,1.380485,1.38044,1.38044,-1.0,-1.0,-1
1.38044,1.38044,1.38042,1.38042,-1.0,-1.0,-1
1.38042,1.380435,1.380415,1.380415,-1.0,-1.0,-1
1.380415,1.380475,1.3804,1.380475,-1.0,-1.0,-1
1.380475,1.380605,1.380445,1.380565,-1.0,-1.0,-1
1.380565,1.380575,1.380485,1.380485,-1.0,-1.0,-1
1.380485,1.380485,1.380435,1.38046,-1.0,-1.0,-1
1.38046,1.380515,1.380455,1.3805,-1.0,-1.0,-1
1.3805,1.38051,1.380485,1.380485,-1.0,-1.0,-1
1.380485,1.380485,1.380455,1.38047,-1.0,-1.0,-1
1.38047,1.3805,1.38047,1.380475,-1.0,-1.0,-1
1.380475,1.380485,1.38044,1.380445,-1.0,-1.0,-1
1.380445,1.380495,1.38044,1.38044,-1.0,-1.0,-1
1.38044,1.38049,1.38044,1.38049,-1.0,-1.0,-1
1.38049,1.380495,1.380475,1.38049,-1.0,-1.0,-1
1.38049,1.380495,1.38048,1.38049,-1.0,-1.0,-1
1.38049,1.380515,1.38049,1.38051,-1.0,-1.0,-1
1.38051,1.380515,1.38051,1.38051,-1.0,-1.0,-1
1.38051,1.380515,1.38051,1.38051,-1.0,-1.0,-1
1.38051,1.380515,1.380495,1.380495,-1.0,-1.0,-1
1.380495,1.380495,1.380475,1.380485,-1.0,-1.0,-1
1.380485,1.380495,1.380485,1.380495,-1.0,-1.0,-1
1.380495,1.3805,1.380495,1.3805,-1.0,-1.0,-1
1.3805,1.3805,1.38042,1.38042,-1.0,-1.0,-1
1.38042,1.380475,1.38042,1.380445,-1.0,-1.0,-1
1.380445,1.38047,1.380445,1.380445,-1.0,-1.0,-1
1.380445,1.380445,1.380445,1.380445,-1.0,-1.0,-1
1.380445,1.380485,1.380445,1.380485,-1.0,-1.0,-1
1.380485,1.380485,1.38042,1.38042,-1.0,-1.0,-1
1.38042,1.38043,1.38042,1.38043,-1.0,-1.0,-1
1.38043,1.38045,1.38039,1.380395,-1.0,-1.0,-1
1.380395,1.380395,1.38038,1.380385,-1.0,-1.0,-1
1.380385,1.38039,1.38038,1.38039,-1.0,-1.0,-1
1.38039,1.38039,1.38033,1.380365,-1.0,-1.0,-1
1.380365,1.380375,1.380365,1.380375,-1.0,-1.0,-1
1.380375,1.38038,1.38037,1.38038,-1.0,-1.0,-1
1.38038,1.38038,1.380365,1.38037,-1.0,-1.0,-1
1.38037,1.38037,1.380365,1.38037,-1.0,-1.0,-1
1.38037,1.380375,1.380365,1.380375,-1.0,-1.0,-1
1.380375,1.38048,1.38037,1.38048,-1.0,-1.0,-1
1.38048,1.380515,1.38048,1.38049,-1.0,-1.0,-1
1.38049,1.380495,1.380485,1.380485,-1.0,-1.0,-1
1.380485,1.380485,1.38048,1.380485,-1.0,-1.0,-1
1.380485,1.380525,1.380485,1.38049,-1.0,-1.0,-1
1.38049,1.38052,1.38049,1.38052,-1.0,-1.0,-1
1.38052,1.38052,1.38049,1.38052,-1.0,-1.0,-1
1.38052,1.38052,1.38052,1.38052,-1.0,-1.0,-1
1.38052,1.380565,1.38052,1.38056,-1.0,-1.0,-1
1.38056,1.380615,1.38056,1.380615,-1.0,-1.0,-1
1.380615,1.380615,1.380605,1.38061,-1.0,-1.0,-1
1.38061,1.380625,1.38061,1.380625,-1.0,-1.0,-1
1.380625,1.380645,1.38062,1.380645,-1.0,-1.0,-1
1.380645,1.38065,1.380635,1.38064,-1.0,-1.0,-1
1.38064,1.38069,1.38064,1.38069,-1.0,-1.0,-1
1.38069,1.380715,1.380685,1.380705,-1.0,-1.0,-1
1.380705,1.380705,1.380645,1.380685,-1.0,-1.0,-1
1.380685,1.38069,1.38068,1.38068,-1.0,-1.0,-1
1.38068,1.38069,1.380645,1.380675,-1.0,-1.0,-1
1.380675,1.380675,1.38063,1.38064,-1.0,-1.0,-1
1.38064,1.380645,1.380635,1.380645,-1.0,-1.0,-1
1.380645,1.380645,1.38064,1.38064,-1.0,-1.0,-1
1.38064,1.38064,1.38063,1.380635,-1.0,-1.0,-1
1.380635,1.38064,1.380635,1.380635,-1.0,-1.0,-1
1.380635,1.380645,1.380635,1.38064,-1.0,-1.0,-1
1.38064,1.38064,1.38063,1.38064,-1.0,-1.0,-1
1.38064,1.38064,1.38064,1.38064,-1.0,-1.0,-1
1.38064,1.380645,1.38064,1.380645,-1.0,-1.0,-1
1.380645,1.38069,1.380645,1.380685,-1.0,-1.0,-1
1.380685,1.38069,1.380685,1.38069,-1.0,-1.0,-1
1.38069,1.38071,1.38068,1.380695,-1.0,-1.0,-1
1.380695,1.380695,1.38069,1.38069,-1.0,-1.0,-1
1.38069,1.380695,1.380685,1.380685,-1.0,-1.0,-1
1.380685,1.38069,1.380675,1.380685,-1.0,-1.0,-1
1.380685,1.38069,1.380685,1.380685,-1.0,-1.0,-1
1.380685,1.380695,1.380685,1.380695,-1.0,-1.0,-1
1.380695,1.380695,1.380645,1.380685,-1.0,-1.0,-1
1.380685,1.380685,1.380685,1.380685,-1.0,-1.0,-1
1.380685,1.380685,1.380645,1.380685,-1.0,-1.0,-1
1.380685,1.380685,1.38064,1.38064,-1.0,-1.0,-1
1.38064,1.38067,1.38064,1.38067,-1.0,-1.0,-1
1.38067,1.380685,1.380635,1.380645,-1.0,-1.0,-1
1.380645,1.380695,1.3805,1.3805,-1.0,-1.0,-1
1.3805,1.380505,1.3804,1.38041,-1.0,-1.0,-1
1.38041,1.380415,1.380405,1.38041,-1.0,-1.0,-1
1.38041,1.38055,1.38041,1.38055,-1.0,-1.0,-1
1.38055,1.380555,1.380525,1.380525,-1.0,-1.0,-1
1.380525,1.380525,1.380515,1.380515,-1.0,-1.0,-1
1.380515,1.38052,1.38051,1.38051,-1.0,-1.0,-1
1.38051,1.38051,1.380485,1.38049,-1.0,-1.0,-1
1.38049,1.380505,1.380485,1.380505,-1.0,-1.0,-1
1.380505,1.380505,1.380405,1.380405,-1.0,-1.0,-1
1.380405,1.38041,1.380405,1.380405,-1.0,-1.0,-1
1.380405,1.380415,1.380405,1.38041,-1.0,-1.0,-1
1.38041,1.38041,1.38038,1.380395,-1.0,-1.0,-1
1.380395,1.380455,1.38039,1.380445,-1.0,-1.0,-1
1.380445,1.380445,1.38044,1.380445,-1.0,-1.0,-1
1.380445,1.380455,1.38039,1.380395,-1.0,-1.0,-1
1.380395,1.380395,1.38039,1.380395,-1.0,-1.0,-1
1.380395,1.380395,1.38039,1.380395,-1.0,-1.0,-1
1.380395,1.380395,1.38039,1.380395,-1.0,-1.0,-1
1.380395,1.38047,1.38039,1.380435,-1.0,-1.0,-1
1.380435,1.38044,1.380435,1.38044,-1.0,-1.0,-1
1.38044,1.380455,1.38044,1.38045,-1.0,-1.0,-1
1.38045,1.38045,1.38044,1.38045,-1.0,-1.0,-1
1.38045,1.38047,1.38044,1.380445,-1.0,-1.0,-1
1.380445,1.38047,1.380445,1.38046,-1.0,-1.0,-1
1.38046,1.38046,1.38039,1.380395,-1.0,-1.0,-1
1.380395,1.380435,1.38039,1.38043,-1.0,-1.0,-1
1.38043,1.38043,1.38043,1.38043,-1.0,-1.0,-1
1.38043,1.38043,1.38039,1.380395,-1.0,-1.0,-1
1.380395,1.38045,1.38039,1.38045,-1.0,-1.0,-1
1.38045,1.380465,1.38045,1.380465,-1.0,-1.0,-1
1.380465,1.380525,1.38046,1.38052,-1.0,-1.0,-1
1.38052,1.380525,1.38052,1.38052,-1.0,-1.0,-1
1.38052,1.38052,1.380435,1.38044,-1.0,-1.0,-1
1.38044,1.380465,1.38042,1.38042,-1.0,-1.0,-1
1.38042,1.380435,1.38039,1.380395,-1.0,-1.0,-1
1.380395,1.38042,1.38039,1.38042,-1.0,-1.0,-1
1.38042,1.380455,1.38039,1.380445,-1.0,-1.0,-1
1.380445,1.380495,1.38044,1.38044,-1.0,-1.0,-1
1.38044,1.380445,1.38044,1.380445,-1.0,-1.0,-1
1.380445,1.380455,1.380445,1.38045,-1.0,-1.0,-1
1.38045,1.38047,1.38038,1.380385,-1.0,-1.0,-1
1.380385,1.380385,1.38029,1.38029,-1.0,-1.0,-1
1.38029,1.38029,1.380285,1.380285,-1.0,-1.0,-1
1.380285,1.38029,1.380285,1.38029,-1.0,-1.0,-1
1.38029,1.38029,1.380285,1.38029,-1.0,-1.0,-1
1.38029,1.38033,1.38029,1.38033,-1.0,-1.0,-1
1.38033,1.38033,1.380295,1.380295,-1.0,-1.0,-1
1.380295,1.380325,1.38029,1.38029,-1.0,-1.0,-1
1.38029,1.380295,1.38029,1.380295,-1.0,-1.0,-1
1.380295,1.38033,1.38029,1.38029,-1.0,-1.0,-1
1.38029,1.380295,1.380225,1.380235,-1.0,-1.0,-1
1.380235,1.38027,1.380235,1.38026,-1.0,-1.0,-1
1.38026,1.380295,1.38025,1.38029,-1.0,-1.0,-1
1.38029,1.38029,1.380285,1.380285,-1.0,-1.0,-1
1.380285,1.380285,1.380285,1.380285,-1.0,-1.0,-1
1.380285,1.380285,1.380245,1.380245,-1.0,-1.0,-1
1.380245,1.380265,1.380245,1.38025,-1.0,-1.0,-1
1.38025,1.38025,1.38021,1.380215,-1.0,-1.0,-1
1.380215,1.380215,1.380135,1.38014,-1.0,-1.0,-1
1.38014,1.380155,1.3801,1.3801,-1.0,-1.0,-1
1.3801,1.380115,1.380035,1.38006,-1.0,-1.0,-1
1.38006,1.38008,1.38003,1.380045,-1.0,-1.0,-1
1.380045,1.380115,1.380045,1.380115,-1.0,-1.0,-1
1.380115,1.380135,1.380105,1.380135,-1.0,-1.0,-1
1.380135,1.38018,1.38011,1.38017,-1.0,-1.0,-1
1.38017,1.38017,1.380075,1.38008,-1.0,-1.0,-1
1.38008,1.38008,1.380075,1.38008,-1.0,-1.0,-1
1.38008,1.3801,1.38008,1.380095,-1.0,-1.0,-1
1.380095,1.380095,1.38008,1.38009,-1.0,-1.0,-1
1.38009,1.38015,1.38009,1.38014,-1.0,-1.0,-1
1.38014,1.380145,1.380115,1.38013,-1.0,-1.0,-1
1.38013,1.380135,1.380105,1.380105,-1.0,-1.0,-1
1.380105,1.38013,1.3801,1.380105,-1.0,-1.0,-1
1.380105,1.380125,1.380095,1.380115,-1.0,-1.0,-1
1.380115,1.380225,1.380115,1.380225,-1.0,-1.0,-1
1.380225,1.380225,1.380105,1.38011,-1.0,-1.0,-1
1.38011,1.380205,1.380105,1.380195,-1.0,-1.0,-1
1.380195,1.38021,1.38016,1.38016,-1.0,-1.0,-1
1.38016,1.38019,1.380155,1.380185,-1.0,-1.0,-1
1.380185,1.380215,1.38018,1.38021,-1.0,-1.0,-1
1.38021,1.380225,1.3802,1.38021,-1.0,-1.0,-1
1.38021,1.380215,1.3802,1.38021,-1.0,-1.0,-1
1.38021,1.380215,1.38014,1.38014,-1.0,-1.0,-1
1.38014,1.38014,1.38011,1.380115,-1.0,-1.0,-1
1.380115,1.38013,1.38011,1.380125,-1.0,-1.0,-1
1.380125,1.380145,1.38012,1.38014,-1.0,-1.0,-1
1.38014,1.38014,1.380125,1.380135,-1.0,-1.0,-1
1.380135,1.38014,1.38013,1.380135,-1.0,-1.0,-1
1.380135,1.380165,1.380135,1.380155,-1.0,-1.0,-1
1.380155,1.38019,1.38015,1.380185,-1.0,-1.0,-1
1.380185,1.380185,1.380175,1.38018,-1.0,-1.0,-1
1.38018,1.38018,1.380175,1.38018,-1.0,-1.0,-1
1.38018,1.380245,1.380175,1.380235,-1.0,-1.0,-1
1.380235,1.38024,1.380235,1.380235,-1.0,-1.0,-1
1.380235,1.38024,1.380235,1.380235,-1.0,-1.0,-1
1.380235,1.38024,1.380225,1.38023,-1.0,-1.0,-1
1.38023,1.38023,1.380225,1.380225,-1.0,-1.0,-1
1.380225,1.38023,1.380215,1.38022,-1.0,-1.0,-1
1.38022,1.38022,1.38019,1.3802,-1.0,-1.0,-1
1.3802,1.380205,1.380195,1.380205,-1.0,-1.0,-1
1.380205,1.38022,1.380205,1.38022,-1.0,-1.0,-1
1.38022,1.380305,1.380215,1.3803,-1.0,-1.0,-1
1.3803,1.380305,1.380275,1.38029,-1.0,-1.0,-1
1.38029,1.38029,1.38026,1.380265,-1.0,-1.0,-1
1.380265,1.38029,1.380265,1.38028,-1.0,-1.0,-1
1.38028,1.38028,1.380275,1.380275,-1.0,-1.0,-1
1.380275,1.38028,1.380275,1.380275,-1.0,-1.0,-1
1.380275,1.380335,1.380275,1.38033,-1.0,-1.0,-1
1.38033,1.380335,1.38032,1.380325,-1.0,-1.0,-1
1.380325,1.38033,1.380315,1.38032,-1.0,-1.0,-1
1.38032,1.380335,1.38032,1.38033,-1.0,-1.0,-1
1.38033,1.380335,1.380245,1.380245,-1.0,-1.0,-1
1.380245,1.380295,1.380195,1.380235,-1.0,-1.0,-1
1.380235,1.38024,1.380225,1.380225,-1.0,-1.0,-1
1.380225,1.380225,1.38021,1.38022,-1.0,-1.0,-1
1.38022,1.38022,1.38014,1.380165,-1.0,-1.0,-1
1.380165,1.380165,1.380125,1.380135,-1.0,-1.0,-1
1.380135,1.38016,1.380125,1.380155,-1.0,-1.0,-1
1.380155,1.380165,1.380095,1.380105,-1.0,-1.0,-1
1.380105,1.380105,1.380055,1.38006,-1.0,-1.0,-1
1.38006,1.380065,1.380005,1.380035,-1.0,-1.0,-1
1.380035,1.38011,1.38002,1.380095,-1.0,-1.0,-1
1.380095,1.38012,1.380095,1.380105,-1.0,-1.0,-1
1.380105,1.38013,1.3801,1.380125,-1.0,-1.0,-1
1.380125,1.38013,1.38011,1.38012,-1.0,-1.0,-1
1.38012,1.38013,1.38011,1.380125,-1.0,-1.0,-1
1.380125,1.38013,1.38001,1.380015,-1.0,-1.0,-1
1.380015,1.38004,1.38001,1.38004,-1.0,-1.0,-1
1.38004,1.38005,1.38003,1.38005,-1.0,-1.0,-1
1.38005,1.38005,1.379955,1.379955,-1.0,-1.0,-1
1.379955,1.379965,1.379955,1.379965,-1.0,-1.0,-1
1.379965,1.379965,1.379955,1.379955,-1.0,-1.0,-1
1.379955,1.38001,1.379955,1.38001,-1.0,-1.0,-1
1.38001,1.38001,1.379995,1.379995,-1.0,-1.0,-1
1.379995,1.38,1.379985,1.379985,-1.0,-1.0,-1
1.379985,1.38,1.379985,1.38,-1.0,-1.0,-1
1.38,1.38003,1.379985,1.38003,-1.0,-1.0,-1
1.38003,1.380035,1.38002,1.38003,-1.0,-1.0,-1
1.38003,1.380075,1.380015,1.38007,-1.0,-1.0,-1
1.38007,1.38008,1.38003,1.380035,-1.0,-1.0,-1
1.380035,1.380075,1.380025,1.38007,-1.0,-1.0,-1
1.38007,1.38008,1.380055,1.38008,-1.0,-1.0,-1
1.38008,1.380085,1.38006,1.38006,-1.0,-1.0,-1
1.38006,1.38006,1.38006,1.38006,-1.0,-1.0,-1
1.38006,1.38006,1.38006,1.38006,-1.0,-1.0,-1
1.38006,1.380065,1.38006,1.380065,-1.0,-1.0,-1
1.380065,1.380065,1.38003,1.380035,-1.0,-1.0,-1
1.380035,1.380035,1.380005,1.38002,-1.0,-1.0,-1
1.38002,1.380145,1.38002,1.380135,-1.0,-1.0,-1
1.380135,1.380155,1.380135,1.380145,-1.0,-1.0,-1
1.380145,1.380185,1.380145,1.380185,-1.0,-1.0,-1
1.380185,1.380185,1.38018,1.380185,-1.0,-1.0,-1
1.380185,1.380225,1.380185,1.38021,-1.0,-1.0,-1
1.38021,1.38022,1.380195,1.38022,-1.0,-1.0,-1
1.38022,1.380245,1.38022,1.380235,-1.0,-1.0,-1
1.380235,1.380285,1.380235,1.380285,-1.0,-1.0,-1
1.380285,1.380285,1.38027,1.38027,-1.0,-1.0,-1
1.38027,1.38031,1.38027,1.38031,-1.0,-1.0,-1
1.38031,1.38032,1.3803,1.38032,-1.0,-1.0,-1
1.38032,1.38033,1.38032,1.380325,-1.0,-1.0,-1
1.380325,1.38033,1.38032,1.380325,-1.0,-1.0,-1
1.380325,1.38033,1.38031,1.380325,-1.0,-1.0,-1
1.380325,1.38033,1.38032,1.38033,-1.0,-1.0,-1
1.38033,1.38033,1.380315,1.38032,-1.0,-1.0,-1
1.38032,1.380325,1.380315,1.380315,-1.0,-1.0,-1
1.380315,1.38033,1.38031,1.38032,-1.0,-1.0,-1
1.38032,1.38033,1.380305,1.38032,-1.0,-1.0,-1
1.38032,1.38033,1.380305,1.380315,-1.0,-1.0,-1
1.380315,1.38033,1.38028,1.380325,-1.0,-1.0,-1
1.380325,1.38033,1.3803,1.3803,-1.0,-1.0,-1
1.3803,1.3803,1.380245,1.38027,-1.0,-1.0,-1
1.38027,1.38027,1.380235,1.380235,-1.0,-1.0,-1
1.380235,1.380245,1.380235,1.380235,-1.0,-1.0,-1
1.380235,1.380245,1.38023,1.380235,-1.0,-1.0,-1
1.380235,1.38026,1.380235,1.380245,-1.0,-1.0,-1
1.380245,1.38035,1.380245,1.38035,-1.0,-1.0,-1
1.38035,1.38035,1.380325,1.38034,-1.0,-1.0,-1
1.38034,1.38034,1.38033,1.380335,-1.0,-1.0,-1
1.380335,1.380345,1.380335,1.380345,-1.0,-1.0,-1
1.380345,1.380355,1.380345,1.38035,-1.0,-1.0,-1
1.38035,1.38035,1.380345,1.380345,-1.0,-1.0,-1
1.380345,1.380435,1.380345,1.380435,-1.0,-1.0,-1
1.380435,1.380435,1.380355,1.38038,-1.0,-1.0,-1
1.38038,1.380405,1.3803,1.38032,-1.0,-1.0,-1
1.38032,1.380325,1.380305,1.380305,-1.0,-1.0,-1
1.380305,1.38031,1.3803,1.380305,-1.0,-1.0,-1
1.380305,1.380305,1.38022,1.38022,-1.0,-1.0,-1
1.38022,1.38022,1.380185,1.38021,-1.0,-1.0,-1
1.38021,1.38021,1.38014,1.380145,-1.0,-1.0,-1
1.380145,1.380175,1.380135,1.380175,-1.0,-1.0,-1
1.380175,1.38018,1.38015,1.38016,-1.0,-1.0,-1
1.38016,1.380205,1.380145,1.38015,-1.0,-1.0,-1
1.38015,1.38016,1.380145,1.38015,-1.0,-1.0,-1
1.38015,1.380205,1.38015,1.3802,-1.0,-1.0,-1
1.3802,1.380205,1.38019,1.38019,-1.0,-1.0,-1
1.38019,1.38021,1.38019,1.38021,-1.0,-1.0,-1
1.38021,1.38021,1.380205,1.38021,-1.0,-1.0,-1
1.38021,1.38024,1.380205,1.38023,-1.0,-1.0,-1
1.38023,1.38023,1.380225,1.38023,-1.0,-1.0,-1
1.38023,1.38023,1.38022,1.38022,-1.0,-1.0,-1
1.38022,1.38022,1.380195,1.380195,-1.0,-1.0,-1
1.380195,1.380205,1.380175,1.380175,-1.0,-1.0,-1
1.380175,1.380175,1.380175,1.380175,-1.0,-1.0,-1
1.380175,1.38021,1.38017,1.380195,-1.0,-1.0,-1
1.380195,1.38021,1.380075,1.38016,-1.0,-1.0,-1
1.38016,1.380225,1.38016,1.38019,-1.0,-1.0,-1
1.38019,1.38019,1.380185,1.38019,-1.0,-1.0,-1
1.38019,1.380195,1.380185,1.38019,-1.0,-1.0,-1
1.38019,1.380195,1.38019,1.380195,-1.0,-1.0,-1
1.380195,1.38024,1.38018,1.38023,-1.0,-1.0,-1
1.38023,1.38024,1.380225,1.380235,-1.0,-1.0,-1
1.380235,1.380245,1.380235,1.380245,-1.0,-1.0,-1
1.380245,1.380245,1.380235,1.380245,-1.0,-1.0,-1
1.380245,1.380305,1.380245,1.380305,-1.0,-1.0,-1
1.380305,1.380315,1.380305,1.380315,-1.0,-1.0,-1
1.380315,1.380315,1.380305,1.380305,-1.0,-1.0,-1
1.380305,1.380335,1.380305,1.38033,-1.0,-1.0,-1
1.38033,1.380335,1.3803,1.380305,-1.0,-1.0,-1
1.380305,1.38032,1.3803,1.38032,-1.0,-1.0,-1
1.38032,1.38033,1.380315,1.380325,-1.0,-1.0,-1
1.380325,1.380335,1.38032,1.38032,-1.0,-1.0,-1
1.38032,1.38034,1.380285,1.38034,-1.0,-1.0,-1
1.38034,1.380395,1.38034,1.380355,-1.0,-1.0,-1
1.380355,1.380355,1.380345,1.380345,-1.0,-1.0,-1
1.380345,1.38038,1.38034,1.380375,-1.0,-1.0,-1
1.380375,1.38038,1.38037,1.38037,-1.0,-1.0,-1
1.38037,1.38037,1.38036,1.38036,-1.0,-1.0,-1
1.38036,1.38037,1.38036,1.38036,-1.0,-1.0,-1
1.38036,1.38037,1.38036,1.38037,-1.0,-1.0,-1
1.38037,1.38038,1.38037,1.38038,-1.0,-1.0,-1
1.38038,1.380455,1.380365,1.380445,-1.0,-1.0,-1
1.380445,1.38046,1.380445,1.38045,-1.0,-1.0,-1
1.38045,1.38046,1.38045,1.380455,-1.0,-1.0,-1
1.380455,1.380525,1.380455,1.38052,-1.0,-1.0,-1
1.38052,1.380525,1.380495,1.3805,-1.0,-1.0,-1
1.3805,1.38052,1.3805,1.38052,-1.0,-1.0,-1
1.38052,1.380525,1.38052,1.38052,-1.0,-1.0,-1
1.38052,1.380525,1.38052,1.38052,-1.0,-1.0,-1
1.38052,1.380595,1.38052,1.38059,-1.0,-1.0,-1
1.38059,1.380615,1.38059,1.38059,-1.0,-1.0,-1
1.38059,1.380615,1.38059,1.380615,-1.0,-1.0,-1
1.380615,1.380625,1.380615,1.380625,-1.0,-1.0,-1
1.380625,1.380625,1.380605,1.380605,-1.0,-1.0,-1
1.380605,1.38061,1.380605,1.380605,-1.0,-1.0,-1
1.380605,1.38061,1.380605,1.38061,-1.0,-1.0,-1
1.38061,1.38062,1.380585,1.3806,-1.0,-1.0,-1
1.3806,1.3806,1.380585,1.380585,-1.0,-1.0,-1
1.380585,1.38061,1.380585,1.380605,-1.0,-1.0,-1
1.380605,1.380615,1.380605,1.380605,-1.0,-1.0,-1
1.380605,1.38061,1.380605,1.38061,-1.0,-1.0,-1
1.38061,1.380625,1.38061,1.380625,-1.0,-1.0,-1
1.380625,1.380685,1.38062,1.38067,-1.0,-1.0,-1
1.38067,1.380675,1.38059,1.380605,-1.0,-1.0,-1
1.380605,1.380605,1.380585,1.38059,-1.0,-1.0,-1
1.38059,1.3806,1.380585,1.380585,-1.0,-1.0,-1
1.380585,1.38059,1.38058,1.38058,-1.0,-1.0,-1
1.38058,1.3806,1.38058,1.380595,-1.0,-1.0,-1
1.380595,1.38062,1.380595,1.38062,-1.0,-1.0,-1
1.38062,1.380625,1.38062,1.380625,-1.0,-1.0,-1
1.380625,1.380645,1.38062,1.380645,-1.0,-1.0,-1
1.380645,1.38065,1.380645,1.380645,-1.0,-1.0,-1
1.380645,1.380655,1.380645,1.380655,-1.0,-1.0,-1
1.380655,1.380655,1.38065,1.38065,-1.0,-1.0,-1
1.38065,1.38065,1.380645,1.380645,-1.0,-1.0,-1
1.380645,1.38065,1.380645,1.380645,-1.0,-1.0,-1
1.380645,1.38065,1.380605,1.380605,-1.0,-1.0,-1
1.380605,1.380605,1.380595,1.380595,-1.0,-1.0,-1
1.380595,1.3806,1.380595,1.380595,-1.0,-1.0,-1
1.380595,1.3806,1.380595,1.380595,-1.0,-1.0,-1
1.380595,1.3806,1.380595,1.380595,-1.0,-1.0,-1
1.380595,1.3806,1.380595,1.380595,-1.0,-1.0,-1
1.380595,1.380645,1.380585,1.38062,-1.0,-1.0,-1
1.38062,1.38062,1.38062,1.38062,-1.0,-1.0,-1
1.38062,1.38062,1.38061,1.38061,-1.0,-1.0,-1
1.38061,1.38061,1.38052,1.38052,-1.0,-1.0,-1
1.38052,1.380555,1.38052,1.38054,-1.0,-1.0,-1
1.38054,1.380555,1.3805,1.3805,-1.0,-1.0,-1
1.3805,1.380505,1.38049,1.380495,-1.0,-1.0,-1
1.380495,1.380505,1.380495,1.380495,-1.0,-1.0,-1
1.380495,1.380525,1.38049,1.38052,-1.0,-1.0,-1
1.38052,1.3806,1.38052,1.38056,-1.0,-1.0,-1
1.38056,1.380565,1.38054,1.380545,-1.0,-1.0,-1
1.380545,1.380545,1.380535,1.38054,-1.0,-1.0,-1
1.38054,1.38054,1.38053,1.38053,-1.0,-1.0,-1
1.38053,1.38054,1.38053,1.38054,-1.0,-1.0,-1
1.38054,1.380555,1.38054,1.380545,-1.0,-1.0,-1
1.380545,1.380545,1.38054,1.380545,-1.0,-1.0,-1
1.380545,1.380615,1.380545,1.380575,-1.0,-1.0,-1
1.380575,1.38058,1.38055,1.38056,-1.0,-1.0,-1
1.38056,1.380565,1.380555,1.38056,-1.0,-1.0,-1
1.38056,1.38058,1.380555,1.380575,-1.0,-1.0,-1
1.380575,1.380575,1.380525,1.380525,-1.0,-1.0,-1
1.380525,1.380525,1.380435,1.380495,-1.0,-1.0,-1
1.380495,1.3805,1.38049,1.380495,-1.0,-1.0,-1
1.380495,1.380505,1.380495,1.380495,-1.0,-1.0,-1
1.380495,1.380505,1.38048,1.38048,-1.0,-1.0,-1
1.38048,1.380485,1.380475,1.380485,-1.0,-1.0,-1
1.380485,1.380485,1.38048,1.380485,-1.0,-1.0,-1
1.380485,1.380485,1.380465,1.38047,-1.0,-1.0,-1
1.38047,1.38056,1.380465,1.38056,-1.0,-1.0,-1
1.38056,1.380565,1.38054,1.380565,-1.0,-1.0,-1
1.380565,1.380565,1.380535,1.380535,-1.0,-1.0,-1
1.380535,1.380565,1.380525,1.380565,-1.0,-1.0,-1
1.380565,1.380565,1.380525,1.38054,-1.0,-1.0,-1
1.38054,1.3806,1.380535,1.380585,-1.0,-1.0,-1
1.380585,1.38059,1.380535,1.380535,-1.0,-1.0,-1
1.380535,1.380535,1.38048,1.3805,-1.0,-1.0,-1
1.3805,1.380505,1.380495,1.380495,-1.0,-1.0,-1
1.380495,1.380505,1.38049,1.38049,-1.0,-1.0,-1
1.38049,1.380505,1.38048,1.3805,-1.0,-1.0,-1
1.3805,1.380515,1.38049,1.38049,-1.0,-1.0,-1
1.38049,1.380525,1.380485,1.380505,-1.0,-1.0,-1
1.380505,1.380535,1.380465,1.38047,-1.0,-1.0,-1
1.38047,1.380495,1.380465,1.38049,-1.0,-1.0,-1
1.38049,1.380525,1.38047,1.38051,-1.0,-1.0,-1
1.38051,1.380525,1.380475,1.380525,-1.0,-1.0,-1
1.380525,1.380525,1.3805,1.3805,-1.0,-1.0,-1
1.3805,1.380515,1.380485,1.38051,-1.0,-1.0,-1
1.38051,1.38052,1.380475,1.38051,-1.0,-1.0,-1
1.38051,1.380525,1.38051,1.380515,-1.0,-1.0,-1
1.380515,1.380545,1.380515,1.380545,-1.0,-1.0,-1
1.380545,1.38055,1.380505,1.380505,-1.0,-1.0,-1
1.380505,1.38052,1.380505,1.380505,-1.0,-1.0,-1
1.380505,1.38051,1.380495,1.3805,-1.0,-1.0,-1
1.3805,1.38051,1.3805,1.380505,-1.0,-1.0,-1
1.380505,1.38051,1.3805,1.3805,-1.0,-1.0,-1
1.3805,1.38051,1.38049,1.3805,-1.0,-1.0,-1
1.3805,1.380575,1.380495,1.380575,-1.0,-1.0,-1
1.380575,1.380575,1.380545,1.380545,-1.0,-1.0,-1
1.380545,1.38055,1.38054,1.380545,-1.0,-1.0,-1
1.380545,1.38056,1.38054,1.380555,-1.0,-1.0,-1
1.380555,1.38056,1.38055,1.380555,-1.0,-1.0,-1
1.380555,1.38056,1.380545,1.38055,-1.0,-1.0,-1
1.38055,1.380555,1.380545,1.380555,-1.0,-1.0,-1
1.380555,1.38056,1.38055,1.38056,-1.0,-1.0,-1
1.38056,1.3806,1.38055,1.380595,-1.0,-1.0,-1
1.380595,1.3806,1.38055,1.38056,-1.0,-1.0,-1
1.38056,1.380575,1.38055,1.380575,-1.0,-1.0,-1
1.380575,1.3806,1.380575,1.380585,-1.0,-1.0,-1
1.380585,1.3806,1.380585,1.380595,-1.0,-1.0,-1
1.380595,1.3806,1.380585,1.38059,-1.0,-1.0,-1
1.38059,1.380595,1.38054,1.38054,-1.0,-1.0,-1
1.38054,1.38055,1.380535,1.380535,-1.0,-1.0,-1
1.380535,1.380535,1.380485,1.380495,-1.0,-1.0,-1
1.380495,1.380505,1.38047,1.380485,-1.0,-1.0,-1
1.380485,1.380485,1.38042,1.38042,-1.0,-1.0,-1
1.38042,1.38042,1.3804,1.3804,-1.0,-1.0,-1
1.3804,1.3804,1.3804,1.3804,-1.0,-1.0,-1
1.3804,1.380405,1.3804,1.3804,-1.0,-1.0,-1
1.3804,1.380405,1.380385,1.3804,-1.0,-1.0,-1
1.3804,1.38042,1.380395,1.38042,-1.0,-1.0,-1
1.38042,1.380465,1.38042,1.38046,-1.0,-1.0,-1
1.38046,1.38049,1.380455,1.38049,-1.0,-1.0,-1
1.38049,1.38051,1.38049,1.380505,-1.0,-1.0,-1
1.380505,1.38051,1.3805,1.380505,-1.0,-1.0,-1
1.380505,1.38051,1.38048,1.38048,-1.0,-1.0,-1
1.38048,1.380485,1.38045,1.38046,-1.0,-1.0,-1
1.38046,1.38046,1.38034,1.380395,-1.0,-1.0,-1
1.380395,1.380395,1.380385,1.380395,-1.0,-1.0,-1
1.380395,1.380395,1.380325,1.380325,-1.0,-1.0,-1
1.380325,1.38038,1.380325,1.38038,-1.0,-1.0,-1
1.38038,1.38041,1.380375,1.38041,-1.0,-1.0,-1
1.38041,1.38041,1.3804,1.380405,-1.0,-1.0,-1
1.380405,1.38042,1.380405,1.38042,-1.0,-1.0,-1
1.38042,1.38043,1.38041,1.38041,-1.0,-1.0,-1
1.38041,1.38044,1.38041,1.38043,-1.0,-1.0,-1
1.38043,1.380445,1.38043,1.380445,-1.0,-1.0,-1
1.380445,1.380465,1.380435,1.380465,-1.0,-1.0,-1
1.380465,1.38047,1.380455,1.38046,-1.0,-1.0,-1
1.38046,1.38046,1.380405,1.380405,-1.0,-1.0,-1
1.380405,1.38041,1.380335,1.38034,-1.0,-1.0,-1
1.38034,1.380345,1.38028,1.38034,-1.0,-1.0,-1
1.38034,1.380345,1.38029,1.38029,-1.0,-1.0,-1
1.38029,1.38034,1.38029,1.38031,-1.0,-1.0,-1
1.38031,1.38031,1.380255,1.38026,-1.0,-1.0,-1
1.38026,1.380265,1.380215,1.380215,-1.0,-1.0,-1
1.380215,1.380215,1.380165,1.38019,-1.0,-1.0,-1
1.38019,1.380225,1.380185,1.380225,-1.0,-1.0,-1
1.380225,1.380265,1.380225,1.38026,-1.0,-1.0,-1
1.38026,1.380265,1.380255,1.38026,-1.0,-1.0,-1
1.38026,1.38028,1.380255,1.380255,-1.0,-1.0,-1
1.380255,1.38026,1.380235,1.380235,-1.0,-1.0,-1
1.380235,1.380235,1.380155,1.380155,-1.0,-1.0,-1
1.380155,1.38016,1.380145,1.380145,-1.0,-1.0,-1
1.380145,1.38022,1.380145,1.380215,-1.0,-1.0,-1
1.380215,1.38023,1.3802,1.38021,-1.0,-1.0,-1
1.38021,1.38021,1.38017,1.38017,-1.0,-1.0,-1
1.38017,1.380175,1.380125,1.380125,-1.0,-1.0,-1
1.380125,1.38013,1.380125,1.38013,-1.0,-1.0,-1
1.38013,1.380135,1.38013,1.380135,-1.0,-1.0,-1
1.380135,1.380135,1.38006,1.38006,-1.0,-1.0,-1
1.38006,1.380075,1.379995,1.38002,-1.0,-1.0,-1
1.38002,1.380025,1.38002,1.38002,-1.0,-1.0,-1
1.38002,1.38002,1.38002,1.38002,-1.0,-1.0,-1
1.38002,1.38002,1.38002,1.38002,-1.0,-1.0,-1
1.38002,1.38002,1.379965,1.37997,-1.0,-1.0,-1
1.37997,1.37997,1.37993,1.37996,-1.0,-1.0,-1
1.37996,1.37998,1.37994,1.37994,-1.0,-1.0,-1
1.37994,1.37994,1.379925,1.379925,-1.0,-1.0,-1
1.379925,1.379935,1.379925,1.37993,-1.0,-1.0,-1
1.37993,1.379935,1.37991,1.37991,-1.0,-1.0,-1
1.37991,1.37993,1.37991,1.379925,-1.0,-1.0,-1
1.379925,1.37993,1.379925,1.379925,-1.0,-1.0,-1
1.379925,1.379925,1.37991,1.37992,-1.0,-1.0,-1
1.37992,1.37992,1.379915,1.37992,-1.0,-1.0,-1
1.37992,1.37992,1.379915,1.37992,-1.0,-1.0,-1
1.37992,1.37992,1.379905,1.37991,-1.0,-1.0,-1
1.37991,1.37992,1.37991,1.37991,-1.0,-1.0,-1
1.37991,1.37992,1.37991,1.37991,-1.0,-1.0,-1
1.37991,1.37991,1.37991,1.37991,-1.0,-1.0,-1
1.37991,1.37993,1.37991,1.37993,-1.0,-1.0,-1
1.37993,1.380025,1.379925,1.380025,-1.0,-1.0,-1
1.380025,1.380025,1.379925,1.37993,-1.0,-1.0,-1
1.37993,1.37993,1.379875,1.37993,-1.0,-1.0,-1
1.37993,1.37999,1.37993,1.37999,-1.0,-1.0,-1
1.37999,1.380025,1.379985,1.380025,-1.0,-1.0,-1
1.380025,1.380025,1.38,1.38,-1.0,-1.0,-1
1.38,1.38,1.379995,1.38,-1.0,-1.0,-1
1.38,1.38001,1.379995,1.379995,-1.0,-1.0,-1
1.379995,1.379995,1.37994,1.379945,-1.0,-1.0,-1
1.379945,1.37995,1.37989,1.3799,-1.0,-1.0,-1
1.3799,1.379915,1.379825,1.379825,-1.0,-1.0,-1
1.379825,1.37985,1.379825,1.37983,-1.0,-1.0,-1
1.37983,1.379845,1.37983,1.379845,-1.0,-1.0,-1
1.379845,1.379845,1.37976,1.379765,-1.0,-1.0,-1
1.379765,1.379825,1.37976,1.379805,-1.0,-1.0,-1
1.379805,1.379835,1.379805,1.37983,-1.0,-1.0,-1
1.37983,1.37986,1.37983,1.37986,-1.0,-1.0,-1
1.37986,1.37987,1.379755,1.37976,-1.0,-1.0,-1
1.37976,1.37976,1.379755,1.37976,-1.0,-1.0,-1
1.37976,1.379815,1.379755,1.379765,-1.0,-1.0,-1
1.379765,1.379765,1.379755,1.37976,-1.0,-1.0,-1
1.37976,1.37976,1.379665,1.37967,-1.0,-1.0,-1
1.37967,1.37971,1.379665,1.37971,-1.0,-1.0,-1
1.37971,1.379725,1.379705,1.37971,-1.0,-1.0,-1
1.37971,1.37972,1.37971,1.379715,-1.0,-1.0,-1
1.379715,1.37973,1.37971,1.379725,-1.0,-1.0,-1
1.379725,1.37973,1.37966,1.379665,-1.0,-1.0,-1
1.379665,1.379665,1.379635,1.37965,-1.0,-1.0,-1
1.37965,1.379665,1.379645,1.379645,-1.0,-1.0,-1
1.379645,1.379645,1.37963,1.37963,-1.0,-1.0,-1
1.37963,1.37973,1.37963,1.37973,-1.0,-1.0,-1
1.37973,1.37986,1.37973,1.379835,-1.0,-1.0,-1
1.379835,1.37984,1.37977,1.379825,-1.0,-1.0,-1
1.379825,1.379835,1.379775,1.379775,-1.0,-1.0,-1
1.379775,1.379785,1.37974,1.37978,-1.0,-1.0,-1
1.37978,1.37979,1.37975,1.379755,-1.0,-1.0,-1
1.379755,1.37976,1.37974,1.37974,-1.0,-1.0,-1
1.37974,1.37975,1.37974,1.37975,-1.0,-1.0,-1
1.37975,1.37975,1.37974,1.37974,-1.0,-1.0,-1
1.37974,1.379765,1.37974,1.379765,-1.0,-1.0,-1
1.379765,1.37983,1.37976,1.37983,-1.0,-1.0,-1
1.37983,1.37983,1.37982,1.37982,-1.0,-1.0,-1
1.37982,1.37983,1.37975,1.379775,-1.0,-1.0,-1
1.379775,1.37978,1.37976,1.379765,-1.0,-1.0,-1
1.379765,1.379765,1.37972,1.37973,-1.0,-1.0,-1
1.37973,1.37974,1.37973,1.37974,-1.0,-1.0,-1
1.37974,1.379745,1.379725,1.37974,-1.0,-1.0,-1
1.37974,1.37974,1.379645,1.37966,-1.0,-1.0,-1
1.37966,1.37967,1.37965,1.379665,-1.0,-1.0,-1
1.379665,1.3797,1.37966,1.3797,-1.0,-1.0,-1
1.3797,1.3797,1.379685,1.379685,-1.0,-1.0,-1
1.379685,1.37971,1.37965,1.379705,-1.0,-1.0,-1
1.379705,1.379715,1.379675,1.37971,-1.0,-1.0,-1
1.37971,1.379715,1.379685,1.379685,-1.0,-1.0,-1
1.379685,1.379685,1.379655,1.379655,-1.0,-1.0,-1
1.379655,1.379675,1.379655,1.37967,-1.0,-1.0,-1
1.37967,1.37971,1.379665,1.3797,-1.0,-1.0,-1
1.3797,1.37974,1.3797,1.37974,-1.0,-1.0,-1
1.37974,1.37974,1.379735,1.37974,-1.0,-1.0,-1
1.37974,1.37974,1.37973,1.379735,-1.0,-1.0,-1
1.379735,1.379735,1.379725,1.379725,-1.0,-1.0,-1
1.379725,1.37973,1.379715,1.379715,-1.0,-1.0,-1
1.379715,1.37972,1.379685,1.379685,-1.0,-1.0,-1
1.379685,1.379685,1.37967,1.379675,-1.0,-1.0,-1
1.379675,1.379675,1.379495,1.379505,-1.0,-1.0,-1
1.379505,1.37954,1.37947,1.37947,-1.0,-1.0,-1
1.37947,1.379495,1.379375,1.37947,-1.0,-1.0,-1
1.37947,1.379505,1.37944,1.379495,-1.0,-1.0,-1
1.379495,1.379565,1.379465,1.37953,-1.0,-1.0,-1
1.37953,1.37965,1.37953,1.37964,-1.0,-1.0,-1
1.37964,1.37965,1.37962,1.37962,-1.0,-1.0,-1
1.37962,1.37963,1.379605,1.37962,-1.0,-1.0,-1
1.37962,1.379635,1.379615,1.37962,-1.0,-1.0,-1
1.37962,1.379645,1.379615,1.37963,-1.0,-1.0,-1
1.37963,1.37964,1.379585,1.379605,-1.0,-1.0,-1
1.379605,1.379615,1.3796,1.379605,-1.0,-1.0,-1
1.379605,1.379625,1.379555,1.37956,-1.0,-1.0,-1
1.37956,1.37961,1.37956,1.379575,-1.0,-1.0,-1
1.379575,1.37958,1.37955,1.37956,-1.0,-1.0,-1
1.37956,1.37956,1.379525,1.37954,-1.0,-1.0,-1
1.37954,1.37957,1.379525,1.379555,-1.0,-1.0,-1
1.379555,1.379575,1.379515,1.37954,-1.0,-1.0,-1
1.37954,1.379545,1.379415,1.379415,-1.0,-1.0,-1
1.379415,1.37943,1.379405,1.37943,-1.0,-1.0,-1
1.37943,1.37943,1.37924,1.379265,-1.0,-1.0,-1
1.379265,1.37927,1.379175,1.379235,-1.0,-1.0,-1
1.379235,1.379275,1.37921,1.379275,-1.0,-1.0,-1
1.379275,1.379285,1.3792,1.37921,-1.0,-1.0,-1
1.37921,1.37921,1.379115,1.37913,-1.0,-1.0,-1
1.37913,1.379135,1.3791,1.37911,-1.0,-1.0,-1
1.37911,1.379155,1.37911,1.37915,-1.0,-1.0,-1
1.37915,1.37916,1.379135,1.379145,-1.0,-1.0,-1
1.379145,1.379255,1.37913,1.37925,-1.0,-1.0,-1
1.37925,1.379295,1.379245,1.379255,-1.0,-1.0,-1
1.379255,1.379345,1.379255,1.379345,-1.0,-1.0,-1
1.379345,1.37935,1.379315,1.37932,-1.0,-1.0,-1
1.37932,1.379335,1.37931,1.379335,-1.0,-1.0,-1
1.379335,1.379345,1.37932,1.379325,-1.0,-1.0,-1
1.379325,1.37944,1.37932,1.37937,-1.0,-1.0,-1
1.37937,1.37938,1.37935,1.37935,-1.0,-1.0,-1
1.37935,1.379445,1.37935,1.379445,-1.0,-1.0,-1
1.379445,1.37946,1.37944,1.379445,-1.0,-1.0,-1
1.379445,1.37947,1.37944,1.379465,-1.0,-1.0,-1
1.379465,1.37958,1.37946,1.37958,-1.0,-1.0,-1
1.37958,1.37958,1.37954,1.37954,-1.0,-1.0,-1
1.37954,1.379545,1.37952,1.379525,-1.0,-1.0,-1
1.379525,1.37954,1.37949,1.37949,-1.0,-1.0,-1
1.37949,1.37956,1.37949,1.37954,-1.0,-1.0,-1
1.37954,1.379555,1.37953,1.37955,-1.0,-1.0,-1
1.37955,1.379555,1.37955,1.379555,-1.0,-1.0,-1
1.379555,1.37956,1.37955,1.37955,-1.0,-1.0,-1
1.37955,1.379555,1.37955,1.37955,-1.0,-1.0,-1
1.37955,1.379555,1.37948,1.37951,-1.0,-1.0,-1
1.37951,1.3796,1.379495,1.379595,-1.0,-1.0,-1
1.379595,1.379615,1.37956,1.37957,-1.0,-1.0,-1
1.37957,1.379605,1.37957,1.379575,-1.0,-1.0,-1
1.379575,1.37958,1.37956,1.379565,-1.0,-1.0,-1
1.379565,1.379565,1.37954,1.379545,-1.0,-1.0,-1
1.379545,1.379555,1.37954,1.37955,-1.0,-1.0,-1
1.37955,1.379555,1.379475,1.37948,-1.0,-1.0,-1
1.37948,1.37955,1.379465,1.37955,-1.0,-1.0,-1
1.37955,1.379555,1.379525,1.379535,-1.0,-1.0,-1
1.379535,1.379545,1.37953,1.37953,-1.0,-1.0,-1
1.37953,1.37955,1.37953,1.37954,-1.0,-1.0,-1
1.37954,1.37954,1.37952,1.379525,-1.0,-1.0,-1
1.379525,1.379535,1.379525,1.37953,-1.0,-1.0,-1
1.37953,1.379545,1.379425,1.37944,-1.0,-1.0,-1
1.37944,1.37944,1.37936,1.37942,-1.0,-1.0,-1
1.37942,1.379495,1.379415,1.379465,-1.0,-1.0,-1
1.379465,1.37949,1.379465,1.379485,-1.0,-1.0,-1
1.379485,1.37955,1.379485,1.379545,-1.0,-1.0,-1
1.379545,1.37955,1.379545,1.379545,-1.0,-1.0,-1
1.379545,1.37955,1.379475,1.37948,-1.0,-1.0,-1
1.37948,1.37948,1.37943,1.379435,-1.0,-1.0,-1
1.379435,1.379455,1.37943,1.37945,-1.0,-1.0,-1
1.37945,1.379465,1.379435,1.37944,-1.0,-1.0,-1
1.37944,1.379465,1.37944,1.379465,-1.0,-1.0,-1
1.379465,1.37947,1.37945,1.37946,-1.0,-1.0,-1
1.37946,1.37955,1.37946,1.37955,-1.0,-1.0,-1
1.37955,1.379555,1.379515,1.37952,-1.0,-1.0,-1
1.37952,1.379525,1.379475,1.3795,-1.0,-1.0,-1
1.3795,1.379505,1.379495,1.379505,-1.0,-1.0,-1
1.379505,1.379525,1.379495,1.37952,-1.0,-1.0,-1
1.37952,1.379555,1.379515,1.37955,-1.0,-1.0,-1
1.37955,1.37957,1.37955,1.37957,-1.0,-1.0,-1
1.37957,1.379585,1.379565,1.379565,-1.0,-1.0,-1
1.379565,1.37958,1.37956,1.37958,-1.0,-1.0,-1
1.37958,1.37958,1.37957,1.37957,-1.0,-1.0,-1
1.37957,1.37957,1.379555,1.379555,-1.0,-1.0,-1
1.379555,1.37956,1.37955,1.37956,-1.0,-1.0,-1
1.37956,1.37956,1.379525,1.379545,-1.0,-1.0,-1
1.379545,1.37956,1.379545,1.37956,-1.0,-1.0,-1
1.37956,1.37956,1.379555,1.37956,-1.0,-1.0,-1
1.37956,1.379565,1.37955,1.379565,-1.0,-1.0,-1
1.379565,1.379565,1.37946,1.37946,-1.0,-1.0,-1
1.37946,1.37948,1.37946,1.37948,-1.0,-1.0,-1
1.37948,1.379555,1.37948,1.379555,-1.0,-1.0,-1
1.379555,1.379555,1.379555,1.379555,-1.0,-1.0,-1
1.379555,1.379555,1.379555,1.379555,-1.0,-1.0,-1
1.379555,1.37956,1.379545,1.379555,-1.0,-1.0,-1
1.379555,1.37965,1.37955,1.37964,-1.0,-1.0,-1
1.37964,1.379645,1.37964,1.379645,-1.0,-1.0,-1
1.379645,1.37965,1.37964,1.37965,-1.0,-1.0,-1
1.37965,1.37965,1.379645,1.379645,-1.0,-1.0,-1
1.379645,1.37965,1.379605,1.379615,-1.0,-1.0,-1
1.379615,1.379625,1.379585,1.379605,-1.0,-1.0,-1
1.379605,1.37961,1.379605,1.379605,-1.0,-1.0,-1
1.379605,1.379605,1.37957,1.37957,-1.0,-1.0,-1
1.37957,1.379575,1.379565,1.379565,-1.0,-1.0,-1
1.379565,1.379565,1.37954,1.37955,-1.0,-1.0,-1
1.37955,1.37955,1.37955,1.37955,-1.0,-1.0,-1
1.37955,1.37955,1.37949,1.379505,-1.0,-1.0,-1
1.379505,1.37955,1.379505,1.37955,-1.0,-1.0,-1
1.37955,1.37956,1.379545,1.37955,-1.0,-1.0,-1
1.37955,1.379555,1.37955,1.37955,-1.0,-1.0,-1
1.37955,1.379625,1.37955,1.379625,-1.0,-1.0,-1
1.379625,1.37963,1.37961,1.37961,-1.0,-1.0,-1
1.37961,1.37969,1.379595,1.37968,-1.0,-1.0,-1
1.37968,1.37971,1.379665,1.379705,-1.0,-1.0,-1
1.379705,1.379725,1.379675,1.3797,-1.0,-1.0,-1
1.3797,1.37971,1.379665,1.379665,-1.0,-1.0,-1
1.379665,1.379705,1.379665,1.3797,-1.0,-1.0,-1
1.3797,1.379745,1.37969,1.37974,-1.0,-1.0,-1
1.37974,1.379775,1.379735,1.379775,-1.0,-1.0,-1
1.379775,1.379775,1.37971,1.379715,-1.0,-1.0,-1
1.379715,1.37973,1.37967,1.37968,-1.0,-1.0,-1
1.37968,1.37969,1.379675,1.37969,-1.0,-1.0,-1
1.37969,1.379725,1.37968,1.379725,-1.0,-1.0,-1
1.379725,1.37977,1.379725,1.37977,-1.0,-1.0,-1
1.37977,1.37977,1.379735,1.379735,-1.0,-1.0,-1
1.379735,1.379755,1.379735,1.379755,-1.0,-1.0,-1
1.379755,1.37984,1.37974,1.379835,-1.0,-1.0,-1
1.379835,1.379845,1.379805,1.37984,-1.0,-1.0,-1
1.37984,1.379855,1.379825,1.379855,-1.0,-1.0,-1
1.379855,1.37986,1.379835,1.37985,-1.0,-1.0,-1
1.37985,1.37985,1.37979,1.3798,-1.0,-1.0,-1
1.3798,1.379805,1.37977,1.379785,-1.0,-1.0,-1
1.379785,1.37983,1.379785,1.37983,-1.0,-1.0,-1
1.37983,1.379855,1.379825,1.37985,-1.0,-1.0,-1
1.37985,1.37988,1.379835,1.37988,-1.0,-1.0,-1
1.37988,1.379955,1.37988,1.379945,-1.0,-1.0,-1
1.379945,1.37995,1.379945,1.37995,-1.0,-1.0,-1
1.37995,1.37995,1.37991,1.37993,-1.0,-1.0,-1
1.37993,1.37993,1.379925,1.37993,-1.0,-1.0,-1
1.37993,1.379945,1.379855,1.37986,-1.0,-1.0,-1
1.37986,1.37986,1.37984,1.37985,-1.0,-1.0,-1
1.37985,1.379865,1.37985,1.37986,-1.0,-1.0,-1
1.37986,1.37986,1.37986,1.37986,-1.0,-1.0,-1
1.37986,1.379915,1.379855,1.379915,-1.0,-1.0,-1
1.379915,1.379945,1.379915,1.37994,-1.0,-1.0,-1
1.37994,1.379945,1.379915,1.37992,-1.0,-1.0,-1
1.37992,1.379935,1.37992,1.379935,-1.0,-1.0,-1
1.379935,1.37994,1.379925,1.37994,-1.0,-1.0,-1
1.37994,1.379965,1.379935,1.379965,-1.0,-1.0,-1
1.379965,1.379965,1.37995,1.37995,-1.0,-1.0,-1
1.37995,1.379955,1.379945,1.37995,-1.0,-1.0,-1
1.37995,1.37995,1.37993,1.379945,-1.0,-1.0,-1
1.379945,1.379965,1.37994,1.379955,-1.0,-1.0,-1
1.379955,1.379955,1.379915,1.379935,-1.0,-1.0,-1
1.379935,1.379935,1.379935,1.379935,-1.0,-1.0,-1
1.379935,1.379945,1.379935,1.37994,-1.0,-1.0,-1
1.37994,1.379955,1.37994,1.379955,-1.0,-1.0,-1
1.379955,1.379955,1.37994,1.379945,-1.0,-1.0,-1
1.379945,1.379945,1.37991,1.379925,-1.0,-1.0,-1
1.379925,1.379945,1.379925,1.379945,-1.0,-1.0,-1
1.379945,1.379975,1.37994,1.379975,-1.0,-1.0,-1
1.379975,1.379975,1.379955,1.37996,-1.0,-1.0,-1
1.37996,1.379965,1.37996,1.37996,-1.0,-1.0,-1
1.37996,1.37996,1.379955,1.379955,-1.0,-1.0,-1
1.379955,1.379955,1.379955,1.379955,-1.0,-1.0,-1
1.379955,1.37996,1.379955,1.379955,-1.0,-1.0,-1
1.379955,1.379965,1.379955,1.379955,-1.0,-1.0,-1
1.379955,1.37996,1.37995,1.37996,-1.0,-1.0,-1
1.37996,1.37996,1.379955,1.379955,-1.0,-1.0,-1
1.379955,1.379955,1.379945,1.379955,-1.0,-1.0,-1
1.379955,1.379955,1.37992,1.37992,-1.0,-1.0,-1
1.37992,1.379945,1.37992,1.37994,-1.0,-1.0,-1
1.37994,1.379945,1.37993,1.379935,-1.0,-1.0,-1
1.379935,1.379955,1.379935,1.379955,-1.0,-1.0,-1
1.379955,1.379955,1.379935,1.37995,-1.0,-1.0,-1
1.37995,1.379955,1.379945,1.37995,-1.0,-1.0,-1
1.37995,1.379955,1.379945,1.379955,-1.0,-1.0,-1
1.379955,1.37996,1.379945,1.379955,-1.0,-1.0,-1
1.379955,1.37996,1.37995,1.379955,-1.0,-1.0,-1
1.379955,1.379955,1.379945,1.37995,-1.0,-1.0,-1
1.37995,1.379965,1.379945,1.379955,-1.0,-1.0,-1
1.379955,1.379955,1.37987,1.37987,-1.0,-1.0,-1
1.37987,1.37987,1.37985,1.37985,-1.0,-1.0,-1
1.37985,1.379905,1.379835,1.379895,-1.0,-1.0,-1
1.379895,1.37993,1.379895,1.37993,-1.0,-1.0,-1
1.37993,1.37994,1.3799,1.3799,-1.0,-1.0,-1
1.3799,1.379905,1.3799,1.3799,-1.0,-1.0,-1
1.3799,1.379905,1.379885,1.379895,-1.0,-1.0,-1
1.379895,1.379905,1.379895,1.379895,-1.0,-1.0,-1
1.379895,1.379905,1.379895,1.3799,-1.0,-1.0,-1
1.3799,1.3799,1.37988,1.37989,-1.0,-1.0,-1
1.37989,1.379895,1.37988,1.37988,-1.0,-1.0,-1
1.37988,1.379915,1.37988,1.379905,-1.0,-1.0,-1
1.379905,1.37994,1.3799,1.37994,-1.0,-1.0,-1
1.37994,1.37994,1.37989,1.379895,-1.0,-1.0,-1
1.379895,1.379905,1.37989,1.379905,-1.0,-1.0,-1
1.379905,1.379915,1.3799,1.3799,-1.0,-1.0,-1
1.3799,1.379905,1.37987,1.37987,-1.0,-1.0,-1
1.37987,1.37988,1.379865,1.37988,-1.0,-1.0,-1
1.37988,1.379885,1.379875,1.379875,-1.0,-1.0,-1
1.379875,1.379875,1.37987,1.37987,-1.0,-1.0,-1
1.37987,1.379925,1.379865,1.379865,-1.0,-1.0,-1
1.379865,1.379885,1.379855,1.379885,-1.0,-1.0,-1
1.379885,1.3799,1.379885,1.3799,-1.0,-1.0,-1
1.3799,1.37991,1.379875,1.379885,-1.0,-1.0,-1
1.379885,1.379895,1.379885,1.379885,-1.0,-1.0,-1
1.379885,1.3799,1.379855,1.379855,-1.0,-1.0,-1
1.379855,1.379945,1.379855,1.379945,-1.0,-1.0,-1
1.379945,1.37995,1.379945,1.379945,-1.0,-1.0,-1
1.379945,1.379945,1.379925,1.37993,-1.0,-1.0,-1
1.37993,1.37994,1.379925,1.37994,-1.0,-1.0,-1
1.37994,1.379945,1.37993,1.37994,-1.0,-1.0,-1
1.37994,1.379945,1.37993,1.37994,-1.0,-1.0,-1
1.37994,1.37994,1.37992,1.37992,-1.0,-1.0,-1
1.37992,1.379935,1.37992,1.379935,-1.0,-1.0,-1
1.379935,1.379955,1.379925,1.37993,-1.0,-1.0,-1
1.37993,1.379945,1.37993,1.379945,-1.0,-1.0,-1
1.379945,1.37995,1.37993,1.379935,-1.0,-1.0,-1
1.379935,1.379965,1.379865,1.37987,-1.0,-1.0,-1
1.37987,1.37993,1.37987,1.379925,-1.0,-1.0,-1
1.379925,1.379925,1.37987,1.37988,-1.0,-1.0,-1
1.37988,1.379905,1.379875,1.3799,-1.0,-1.0,-1
1.3799,1.379905,1.379895,1.379905,-1.0,-1.0,-1
1.379905,1.379905,1.379895,1.379905,-1.0,-1.0,-1
1.379905,1.379905,1.379895,1.3799,-1.0,-1.0,-1
1.3799,1.37993,1.3799,1.37993,-1.0,-1.0,-1
1.37993,1.37993,1.379925,1.379925,-1.0,-1.0,-1
1.379925,1.379955,1.379915,1.379935,-1.0,-1.0,-1
1.379935,1.379935,1.379915,1.37993,-1.0,-1.0,-1
1.37993,1.37993,1.379925,1.379925,-1.0,-1.0,-1
1.379925,1.37995,1.379925,1.379935,-1.0,-1.0,-1
1.379935,1.379975,1.37993,1.379975,-1.0,-1.0,-1
1.379975,1.379975,1.37996,1.37996,-1.0,-1.0,-1
1.37996,1.37997,1.37996,1.37997,-1.0,-1.0,-1
1.37997,1.37997,1.379955,1.37997,-1.0,-1.0,-1
1.37997,1.37997,1.37997,1.37997,-1.0,-1.0,-1
1.37997,1.37997,1.37997,1.37997,-1.0,-1.0,-1
1.37997,1.379975,1.37997,1.37997,-1.0,-1.0,-1
1.37997,1.379975,1.37997,1.379975,-1.0,-1.0,-1
1.379975,1.380015,1.379975,1.38,-1.0,-1.0,-1
1.38,1.380015,1.37999,1.38,-1.0,-1.0,-1
1.38,1.38,1.37999,1.379995,-1.0,-1.0,-1
1.379995,1.379995,1.37996,1.37998,-1.0,-1.0,-1
1.37998,1.380015,1.37998,1.380005,-1.0,-1.0,-1
1.380005,1.38001,1.37998,1.379995,-1.0,-1.0,-1
1.379995,1.380035,1.379995,1.380025,-1.0,-1.0,-1
1.380025,1.38003,1.380005,1.38002,-1.0,-1.0,-1
1.38002,1.38009,1.379955,1.38005,-1.0,-1.0,-1
1.38005,1.380075,1.38,1.380015,-1.0,-1.0,-1
1.380015,1.38002,1.38,1.38002,-1.0,-1.0,-1
1.38002,1.38005,1.38,1.38005,-1.0,-1.0,-1
1.38005,1.38006,1.380025,1.380025,-1.0,-1.0,-1
1.380025,1.380105,1.380025,1.38009,-1.0,-1.0,-1
1.38009,1.38013,1.38009,1.380125,-1.0,-1.0,-1
1.380125,1.380155,1.380045,1.38005,-1.0,-1.0,-1
1.38005,1.38005,1.37997,1.38002,-1.0,-1.0,-1
1.38002,1.38002,1.38001,1.38002,-1.0,-1.0,-1
1.38002,1.380025,1.379955,1.379955,-1.0,-1.0,-1
1.379955,1.379975,1.379925,1.37994,-1.0,-1.0,-1
1.37994,1.37998,1.379935,1.379965,-1.0,-1.0,-1
1.379965,1.37998,1.379935,1.37995,-1.0,-1.0,-1
1.37995,1.379955,1.37992,1.37993,-1.0,-1.0,-1
1.37993,1.37994,1.37986,1.379885,-1.0,-1.0,-1
1.379885,1.37994,1.37988,1.379935,-1.0,-1.0,-1
1.379935,1.379945,1.37993,1.37994,-1.0,-1.0,-1
1.37994,1.37997,1.37993,1.37997,-1.0,-1.0,-1
1.37997,1.37998,1.379945,1.379945,-1.0,-1.0,-1
1.379945,1.37998,1.379945,1.379975,-1.0,-1.0,-1
1.379975,1.380015,1.37997,1.380005,-1.0,-1.0,-1
1.380005,1.380015,1.38,1.38001,-1.0,-1.0,-1
1.38001,1.38001,1.38,1.38,-1.0,-1.0,-1
1.38,1.380005,1.37993,1.379935,-1.0,-1.0,-1
1.379935,1.37997,1.37993,1.379965,-1.0,-1.0,-1
1.379965,1.37997,1.37996,1.37997,-1.0,-1.0,-1
1.37997,1.38,1.37996,1.379995,-1.0,-1.0,-1
1.379995,1.38003,1.379995,1.38003,-1.0,-1.0,-1
1.38003,1.38003,1.38002,1.38003,-1.0,-1.0,-1
1.38003,1.38008,1.38002,1.380055,-1.0,-1.0,-1
1.380055,1.38006,1.38003,1.38006,-1.0,-1.0,-1
1.38006,1.38016,1.38006,1.380145,-1.0,-1.0,-1
1.380145,1.38019,1.380125,1.380155,-1.0,-1.0,-1
1.380155,1.380165,1.38015,1.38015,-1.0,-1.0,-1
1.38015,1.380165,1.38015,1.38016,-1.0,-1.0,-1
1.38016,1.380165,1.38014,1.380145,-1.0,-1.0,-1
1.380145,1.38023,1.380145,1.380225,-1.0,-1.0,-1
1.380225,1.380225,1.3802,1.38021,-1.0,-1.0,-1
1.38021,1.38021,1.380085,1.38011,-1.0,-1.0,-1
1.38011,1.38014,1.380105,1.380125,-1.0,-1.0,-1
1.380125,1.3802,1.380125,1.380145,-1.0,-1.0,-1
1.380145,1.380215,1.38011,1.380125,-1.0,-1.0,-1
1.380125,1.380245,1.38012,1.38024,-1.0,-1.0,-1
1.38024,1.38026,1.38017,1.380185,-1.0,-1.0,-1
1.380185,1.380185,1.380135,1.380135,-1.0,-1.0,-1
1.380135,1.380135,1.38011,1.380125,-1.0,-1.0,-1
1.380125,1.380195,1.380085,1.380145,-1.0,-1.0,-1
1.380145,1.38016,1.38014,1.38014,-1.0,-1.0,-1
1.38014,1.38014,1.380045,1.380075,-1.0,-1.0,-1
1.380075,1.380075,1.380075,1.380075,-1.0,-1.0,-1
1.380075,1.380085,1.38004,1.38004,-1.0,-1.0,-1
1.38004,1.38004,1.38001,1.38003,-1.0,-1.0,-1
1.38003,1.380035,1.380015,1.38002,-1.0,-1.0,-1
1.38002,1.380025,1.380015,1.38002,-1.0,-1.0,-1
1.38002,1.38002,1.379995,1.380005,-1.0,-1.0,-1
1.380005,1.380025,1.37999,1.380005,-1.0,-1.0,-1
1.380005,1.380035,1.380005,1.380035,-1.0,-1.0,-1
1.380035,1.380045,1.38003,1.38004,-1.0,-1.0,-1
1.38004,1.380045,1.38001,1.38003,-1.0,-1.0,-1
1.38003,1.380045,1.38001,1.380045,-1.0,-1.0,-1
1.380045,1.38005,1.38003,1.380035,-1.0,-1.0,-1
1.380035,1.38004,1.379995,1.380025,-1.0,-1.0,-1
1.380025,1.380105,1.380025,1.3801,-1.0,-1.0,-1
1.3801,1.380165,1.3801,1.38016,-1.0,-1.0,-1
1.38016,1.380195,1.380145,1.38015,-1.0,-1.0,-1
1.38015,1.38022,1.38015,1.3802,-1.0,-1.0,-1
1.3802,1.38022,1.380185,1.380185,-1.0,-1.0,-1
1.380185,1.38025,1.380185,1.380245,-1.0,-1.0,-1
1.380245,1.38025,1.380225,1.38023,-1.0,-1.0,-1
1.38023,1.38023,1.380155,1.38018,-1.0,-1.0,-1
1.38018,1.38018,1.38013,1.380135,-1.0,-1.0,-1
1.380135,1.38016,1.380125,1.380135,-1.0,-1.0,-1
1.380135,1.380145,1.380085,1.380095,-1.0,-1.0,-1
1.380095,1.380095,1.380045,1.38006,-1.0,-1.0,-1
1.38006,1.380125,1.38006,1.38012,-1.0,-1.0,-1
1.38012,1.38013,1.380105,1.38012,-1.0,-1.0,-1
1.38012,1.380125,1.380035,1.38008,-1.0,-1.0,-1
1.38008,1.38012,1.38008,1.380095,-1.0,-1.0,-1
1.380095,1.380135,1.38009,1.380135,-1.0,-1.0,-1
1.380135,1.38014,1.38012,1.380135,-1.0,-1.0,-1
1.380135,1.38018,1.380135,1.380175,-1.0,-1.0,-1
1.380175,1.380185,1.38014,1.380155,-1.0,-1.0,-1
1.380155,1.38017,1.38014,1.380165,-1.0,-1.0,-1
1.380165,1.380235,1.380165,1.38023,-1.0,-1.0,-1
1.38023,1.38023,1.38021,1.38022,-1.0,-1.0,-1
1.38022,1.380255,1.38021,1.380245,-1.0,-1.0,-1
1.380245,1.38025,1.380205,1.380235,-1.0,-1.0,-1
1.380235,1.380275,1.38023,1.380245,-1.0,-1.0,-1
1.380245,1.380265,1.38023,1.380235,-1.0,-1.0,-1
1.380235,1.380315,1.380235,1.38031,-1.0,-1.0,-1
1.38031,1.380325,1.38031,1.38032,-1.0,-1.0,-1
1.38032,1.380405,1.38032,1.380395,-1.0,-1.0,-1
1.380395,1.38041,1.380375,1.380375,-1.0,-1.0,-1
1.380375,1.380375,1.38034,1.38034,-1.0,-1.0,-1
1.38034,1.380345,1.380325,1.380325,-1.0,-1.0,-1
1.380325,1.380405,1.38031,1.380405,-1.0,-1.0,-1
1.380405,1.380425,1.380405,1.38041,-1.0,-1.0,-1
1.38041,1.380435,1.380405,1.38042,-1.0,-1.0,-1
1.38042,1.38042,1.380405,1.380405,-1.0,-1.0,-1
1.380405,1.380415,1.380395,1.380405,-1.0,-1.0,-1
1.380405,1.38041,1.38038,1.38041,-1.0,-1.0,-1
1.38041,1.380485,1.380405,1.380475,-1.0,-1.0,-1
1.380475,1.3805,1.380465,1.380475,-1.0,-1.0,-1
1.380475,1.38048,1.38047,1.38048,-1.0,-1.0,-1
1.38048,1.380505,1.38047,1.380495,-1.0,-1.0,-1
1.380495,1.3805,1.38045,1.38045,-1.0,-1.0,-1
1.38045,1.38045,1.380445,1.38045,-1.0,-1.0,-1
1.38045,1.38045,1.38041,1.38042,-1.0,-1.0,-1
1.38042,1.380495,1.38042,1.380425,-1.0,-1.0,-1
1.380425,1.380475,1.380425,1.380475,-1.0,-1.0,-1
1.380475,1.380495,1.380465,1.380495,-1.0,-1.0,-1
1.380495,1.380495,1.380445,1.380445,-1.0,-1.0,-1
1.380445,1.380445,1.38042,1.38042,-1.0,-1.0,-1
1.38042,1.38042,1.380415,1.38042,-1.0,-1.0,-1
1.38042,1.38043,1.380395,1.38042,-1.0,-1.0,-1
1.38042,1.38043,1.38042,1.38042,-1.0,-1.0,-1
1.38042,1.380435,1.380415,1.38042,-1.0,-1.0,-1
1.38042,1.38042,1.380415,1.380415,-1.0,-1.0,-1
1.380415,1.38042,1.380345,1.380355,-1.0,-1.0,-1
1.380355,1.380355,1.380345,1.380345,-1.0,-1.0,-1
1.380345,1.38035,1.38032,1.38035,-1.0,-1.0,-1
1.38035,1.380355,1.38034,1.380345,-1.0,-1.0,-1
1.380345,1.38035,1.38031,1.380315,-1.0,-1.0,-1
1.380315,1.38047,1.380315,1.380445,-1.0,-1.0,-1
1.380445,1.380445,1.3804,1.380405,-1.0,-1.0,-1
1.380405,1.38042,1.38036,1.38037,-1.0,-1.0,-1
1.38037,1.380395,1.38036,1.38038,-1.0,-1.0,-1
1.38038,1.38039,1.380295,1.380305,-1.0,-1.0,-1
1.380305,1.380305,1.380255,1.38029,-1.0,-1.0,-1
1.38029,1.380295,1.38024,1.38024,-1.0,-1.0,-1
1.38024,1.38026,1.380215,1.380225,-1.0,-1.0,-1
1.380225,1.380235,1.380215,1.380215,-1.0,-1.0,-1
1.380215,1.380215,1.3801,1.380105,-1.0,-1.0,-1
1.380105,1.38011,1.3801,1.380105,-1.0,-1.0,-1
1.380105,1.380105,1.38005,1.38006,-1.0,-1.0,-1
1.38006,1.380075,1.380055,1.38007,-1.0,-1.0,-1
1.38007,1.380075,1.38006,1.38007,-1.0,-1.0,-1
1.38007,1.380075,1.380045,1.380045,-1.0,-1.0,-1
1.380045,1.38007,1.380045,1.38007,-1.0,-1.0,-1
1.38007,1.380105,1.380055,1.38009,-1.0,-1.0,-1
1.38009,1.380105,1.380085,1.3801,-1.0,-1.0,-1
1.3801,1.38018,1.38008,1.380165,-1.0,-1.0,-1
1.380165,1.38019,1.380155,1.38019,-1.0,-1.0,-1
1.38019,1.3802,1.380175,1.380175,-1.0,-1.0,-1
1.380175,1.38021,1.38013,1.38013,-1.0,-1.0,-1
1.38013,1.38013,1.380065,1.38007,-1.0,-1.0,-1
1.38007,1.380345,1.38007,1.38021,-1.0,-1.0,-1
1.38021,1.380265,1.38018,1.380195,-1.0,-1.0,-1
1.380195,1.38022,1.380185,1.380205,-1.0,-1.0,-1
1.380205,1.38021,1.38015,1.38016,-1.0,-1.0,-1
1.38016,1.380195,1.38016,1.380185,-1.0,-1.0,-1
1.380185,1.380205,1.38018,1.3802,-1.0,-1.0,-1
1.3802,1.3802,1.38018,1.380185,-1.0,-1.0,-1
1.380185,1.380205,1.380185,1.3802,-1.0,-1.0,-1
1.3802,1.380205,1.380185,1.38019,-1.0,-1.0,-1
1.38019,1.38023,1.380185,1.380215,-1.0,-1.0,-1
1.380215,1.38023,1.38019,1.380195,-1.0,-1.0,-1
1.380195,1.3802,1.38019,1.3802,-1.0,-1.0,-1
1.3802,1.380215,1.380195,1.38021,-1.0,-1.0,-1
1.38021,1.38021,1.380115,1.380115,-1.0,-1.0,-1
1.380115,1.38013,1.380115,1.380115,-1.0,-1.0,-1
1.380115,1.380125,1.380105,1.38012,-1.0,-1.0,-1
1.38012,1.38012,1.380115,1.380115,-1.0,-1.0,-1
1.380115,1.38012,1.380115,1.38012,-1.0,-1.0,-1
1.38012,1.380135,1.38012,1.38013,-1.0,-1.0,-1
1.38013,1.38015,1.38013,1.380135,-1.0,-1.0,-1
1.380135,1.380135,1.38011,1.380115,-1.0,-1.0,-1
1.380115,1.380125,1.38011,1.380125,-1.0,-1.0,-1
1.380125,1.38013,1.380125,1.38013,-1.0,-1.0,-1
1.38013,1.38013,1.380045,1.380055,-1.0,-1.0,-1
1.380055,1.380125,1.38004,1.380125,-1.0,-1.0,-1
1.380125,1.380125,1.380095,1.380105,-1.0,-1.0,-1
1.380105,1.380105,1.380055,1.38006,-1.0,-1.0,-1
1.38006,1.380115,1.38006,1.38011,-1.0,-1.0,-1
1.38011,1.38011,1.38007,1.38007,-1.0,-1.0,-1
1.38007,1.380085,1.38006,1.38007,-1.0,-1.0,-1
1.38007,1.38007,1.380045,1.38006,-1.0,-1.0,-1
1.38006,1.380065,1.380035,1.38004,-1.0,-1.0,-1
1.38004,1.38004,1.38003,1.38003,-1.0,-1.0,-1
1.38003,1.380035,1.38002,1.38003,-1.0,-1.0,-1
1.38003,1.380035,1.38002,1.380035,-1.0,-1.0,-1
1.380035,1.380035,1.380025,1.380035,-1.0,-1.0,-1
1.380035,1.38004,1.380035,1.38004,-1.0,-1.0,-1
1.38004,1.380045,1.379975,1.38002,-1.0,-1.0,-1
1.38002,1.380025,1.379975,1.37999,-1.0,-1.0,-1
1.37999,1.38002,1.379975,1.37998,-1.0,-1.0,-1
1.37998,1.38005,1.37998,1.380005,-1.0,-1.0,-1
1.380005,1.38004,1.379975,1.38004,-1.0,-1.0,-1
1.38004,1.380055,1.380035,1.38005,-1.0,-1.0,-1
1.38005,1.380055,1.38005,1.380055,-1.0,-1.0,-1
1.380055,1.380055,1.38,1.380005,-1.0,-1.0,-1
1.380005,1.38001,1.38,1.38,-1.0,-1.0,-1
1.38,1.38002,1.379995,1.38002,-1.0,-1.0,-1
1.38002,1.38013,1.38002,1.38013,-1.0,-1.0,-1
1.38013,1.38015,1.380115,1.380135,-1.0,-1.0,-1
1.380135,1.380145,1.38011,1.38013,-1.0,-1.0,-1
1.38013,1.38013,1.380045,1.380045,-1.0,-1.0,-1
1.380045,1.380055,1.380045,1.380055,-1.0,-1.0,-1
1.380055,1.38007,1.380045,1.380045,-1.0,-1.0,-1
1.380045,1.38005,1.38003,1.380045,-1.0,-1.0,-1
1.380045,1.380045,1.38002,1.380025,-1.0,-1.0,-1
1.380025,1.38004,1.380025,1.38004,-1.0,-1.0,-1
1.38004,1.380065,1.38003,1.380055,-1.0,-1.0,-1
1.380055,1.380115,1.38005,1.380115,-1.0,-1.0,-1
1.380115,1.380145,1.380115,1.38013,-1.0,-1.0,-1
1.38013,1.380145,1.38013,1.38014,-1.0,-1.0,-1
1.38014,1.380145,1.38014,1.38014,-1.0,-1.0,-1
1.38014,1.380145,1.38014,1.38014,-1.0,-1.0,-1
1.38014,1.38015,1.38014,1.380145,-1.0,-1.0,-1
1.380145,1.38015,1.380125,1.380125,-1.0,-1.0,-1
1.380125,1.38013,1.380125,1.38013,-1.0,-1.0,-1
1.38013,1.38018,1.38013,1.380175,-1.0,-1.0,-1
1.380175,1.380195,1.380145,1.38015,-1.0,-1.0,-1
1.38015,1.38017,1.38015,1.38017,-1.0,-1.0,-1
1.38017,1.380175,1.380145,1.380145,-1.0,-1.0,-1
1.380145,1.380165,1.380145,1.380165,-1.0,-1.0,-1
1.380165,1.380165,1.380165,1.380165,-1.0,-1.0,-1
1.380165,1.38017,1.380165,1.380165,-1.0,-1.0,-1
1.380165,1.380165,1.38015,1.38015,-1.0,-1.0,-1
1.38015,1.38016,1.38014,1.38015,-1.0,-1.0,-1
1.38015,1.3802,1.38015,1.3802,-1.0,-1.0,-1
1.3802,1.380235,1.380165,1.38023,-1.0,-1.0,-1
1.38023,1.380235,1.38014,1.380145,-1.0,-1.0,-1
1.380145,1.38015,1.380135,1.380135,-1.0,-1.0,-1
1.380135,1.380145,1.380135,1.38014,-1.0,-1.0,-1
1.38014,1.38015,1.38013,1.380145,-1.0,-1.0,-1
1.380145,1.38018,1.38012,1.38012,-1.0,-1.0,-1
1.38012,1.38012,1.380105,1.38012,-1.0,-1.0,-1
1.38012,1.380145,1.380115,1.38014,-1.0,-1.0,-1
1.38014,1.380145,1.38011,1.38011,-1.0,-1.0,-1
1.38011,1.38015,1.380105,1.380105,-1.0,-1.0,-1
1.380105,1.38011,1.3801,1.380105,-1.0,-1.0,-1
1.380105,1.38011,1.380095,1.380105,-1.0,-1.0,-1
1.380105,1.380125,1.380105,1.38012,-1.0,-1.0,-1
1.38012,1.38012,1.38011,1.38012,-1.0,-1.0,-1
1.38012,1.38012,1.380095,1.3801,-1.0,-1.0,-1
1.3801,1.380105,1.380095,1.380105,-1.0,-1.0,-1
1.380105,1.38011,1.380095,1.38011,-1.0,-1.0,-1
1.38011,1.380125,1.38011,1.38012,-1.0,-1.0,-1
1.38012,1.38014,1.380105,1.380125,-1.0,-1.0,-1
1.380125,1.380145,1.380125,1.380135,-1.0,-1.0,-1
1.380135,1.380135,1.38011,1.380125,-1.0,-1.0,-1
1.380125,1.380135,1.38011,1.380115,-1.0,-1.0,-1
1.380115,1.380125,1.38004,1.38004,-1.0,-1.0,-1
1.38004,1.38005,1.38001,1.38001,-1.0,-1.0,-1
1.38001,1.38002,1.380005,1.380015,-1.0,-1.0,-1
1.380015,1.38004,1.380005,1.38004,-1.0,-1.0,-1
1.38004,1.38009,1.38003,1.380035,-1.0,-1.0,-1
1.380035,1.38006,1.380025,1.38004,-1.0,-1.0,-1
1.38004,1.38009,1.380035,1.380065,-1.0,-1.0,-1
1.380065,1.380115,1.38004,1.380105,-1.0,-1.0,-1
1.380105,1.380105,1.38006,1.38006,-1.0,-1.0,-1
1.38006,1.380065,1.380055,1.380065,-1.0,-1.0,-1
1.380065,1.38007,1.379985,1.37999,-1.0,-1.0,-1
1.37999,1.379995,1.37997,1.37997,-1.0,-1.0,-1
1.37997,1.37998,1.37996,1.37997,-1.0,-1.0,-1
1.37997,1.379975,1.379925,1.37993,-1.0,-1.0,-1
1.37993,1.37993,1.3799,1.379925,-1.0,-1.0,-1
1.379925,1.37999,1.37992,1.379985,-1.0,-1.0,-1
1.379985,1.380005,1.379975,1.38,-1.0,-1.0,-1
1.38,1.380005,1.37998,1.38,-1.0,-1.0,-1
1.38,1.38002,1.37996,1.37997,-1.0,-1.0,-1
1.37997,1.379975,1.379955,1.379965,-1.0,-1.0,-1
1.379965,1.379975,1.379955,1.379955,-1.0,-1.0,-1
1.379955,1.379975,1.379955,1.379975,-1.0,-1.0,-1
1.379975,1.379975,1.37996,1.37996,-1.0,-1.0,-1
1.37996,1.37997,1.37996,1.37997,-1.0,-1.0,-1
1.37997,1.379975,1.37995,1.37996,-1.0,-1.0,-1
1.37996,1.379965,1.379955,1.379955,-1.0,-1.0,-1
1.379955,1.37996,1.37995,1.379955,-1.0,-1.0,-1
1.379955,1.37996,1.379955,1.37996,-1.0,-1.0,-1
1.37996,1.379965,1.379955,1.37996,-1.0,-1.0,-1
1.37996,1.379965,1.37994,1.379955,-1.0,-1.0,-1
1.379955,1.379955,1.379915,1.37992,-1.0,-1.0,-1
1.37992,1.37992,1.37991,1.379915,-1.0,-1.0,-1
1.379915,1.379915,1.379865,1.37987,-1.0,-1.0,-1
1.37987,1.37987,1.37985,1.37985,-1.0,-1.0,-1
1.37985,1.37987,1.37985,1.37987,-1.0,-1.0,-1
1.37987,1.37991,1.37987,1.37991,-1.0,-1.0,-1
1.37991,1.379915,1.379865,1.37987,-1.0,-1.0,-1
1.37987,1.379905,1.37987,1.379905,-1.0,-1.0,-1
1.379905,1.379935,1.37988,1.379925,-1.0,-1.0,-1
1.379925,1.37994,1.379925,1.37994,-1.0,-1.0,-1
1.37994,1.379945,1.37993,1.37994,-1.0,-1.0,-1
1.37994,1.37994,1.37993,1.379935,-1.0,-1.0,-1
1.379935,1.379935,1.379925,1.379925,-1.0,-1.0,-1
1.379925,1.37994,1.379905,1.37994,-1.0,-1.0,-1
1.37994,1.379965,1.37993,1.379965,-1.0,-1.0,-1
1.379965,1.379965,1.379945,1.37995,-1.0,-1.0,-1
1.37995,1.379965,1.379945,1.379965,-1.0,-1.0,-1
1.379965,1.379965,1.379965,1.379965,-1.0,-1.0,-1
1.379965,1.379965,1.379945,1.379945,-1.0,-1.0,-1
1.379945,1.379965,1.379945,1.37996,-1.0,-1.0,-1
1.37996,1.379965,1.379945,1.379945,-1.0,-1.0,-1
1.379945,1.37995,1.379945,1.379945,-1.0,-1.0,-1
1.379945,1.379945,1.37983,1.379865,-1.0,-1.0,-1
1.379865,1.379865,1.379855,1.37986,-1.0,-1.0,-1
1.37986,1.379865,1.37986,1.37986,-1.0,-1.0,-1
1.37986,1.379875,1.37986,1.379865,-1.0,-1.0,-1
1.379865,1.37989,1.379865,1.379875,-1.0,-1.0,-1
1.379875,1.37989,1.37984,1.37984,-1.0,-1.0,-1
1.37984,1.37986,1.37984,1.37986,-1.0,-1.0,-1
1.37986,1.37987,1.37986,1.37986,-1.0,-1.0,-1
1.37986,1.37986,1.37977,1.37978,-1.0,-1.0,-1
1.37978,1.37986,1.37977,1.37986,-1.0,-1.0,-1
1.37986,1.37986,1.37985,1.37985,-1.0,-1.0,-1
1.37985,1.379855,1.37983,1.379835,-1.0,-1.0,-1
1.379835,1.37984,1.379835,1.379835,-1.0,-1.0,-1
1.379835,1.37984,1.379835,1.37984,-1.0,-1.0,-1
1.37984,1.37984,1.379835,1.37984,-1.0,-1.0,-1
1.37984,1.37984,1.37984,1.37984,-1.0,-1.0,-1
1.37984,1.37985,1.37984,1.37985,-1.0,-1.0,-1
1.37985,1.379865,1.379845,1.37986,-1.0,-1.0,-1
1.37986,1.3799,1.37986,1.37988,-1.0,-1.0,-1
1.37988,1.379895,1.37987,1.379895,-1.0,-1.0,-1
1.379895,1.37994,1.379895,1.379935,-1.0,-1.0,-1
1.379935,1.379935,1.379935,1.379935,-1.0,-1.0,-1
1.379935,1.379935,1.379935,1.379935,-1.0,-1.0,-1
1.379935,1.379935,1.379935,1.379935,-1.0,-1.0,-1
1.379935,1.379965,1.379935,1.37995,-1.0,-1.0,-1
1.37995,1.37995,1.37988,1.37988,-1.0,-1.0,-1
1.37988,1.379885,1.37986,1.379865,-1.0,-1.0,-1
1.379865,1.37988,1.379865,1.37987,-1.0,-1.0,-1
1.37987,1.379935,1.379865,1.379935,-1.0,-1.0,-1
1.379935,1.379945,1.37993,1.379945,-1.0,-1.0,-1
1.379945,1.37995,1.379925,1.379945,-1.0,-1.0,-1
1.379945,1.379985,1.37994,1.379965,-1.0,-1.0,-1
1.379965,1.379965,1.37996,1.379965,-1.0,-1.0,-1
1.379965,1.379965,1.37996,1.379965,-1.0,-1.0,-1
1.379965,1.379965,1.379935,1.37995,-1.0,-1.0,-1
1.37995,1.37996,1.37994,1.37995,-1.0,-1.0,-1
1.37995,1.37995,1.37993,1.379945,-1.0,-1.0,-1
1.379945,1.37995,1.37993,1.379935,-1.0,-1.0,-1
1.379935,1.379935,1.379885,1.379885,-1.0,-1.0,-1
1.379885,1.379915,1.37988,1.379915,-1.0,-1.0,-1
1.379915,1.37992,1.3799,1.3799,-1.0,-1.0,-1
1.3799,1.379905,1.37989,1.379905,-1.0,-1.0,-1
1.379905,1.37991,1.3799,1.379905,-1.0,-1.0,-1
1.379905,1.37991,1.37987,1.37987,-1.0,-1.0,-1
1.37987,1.37987,1.37986,1.37986,-1.0,-1.0,-1
1.37986,1.37986,1.37981,1.37981,-1.0,-1.0,-1
1.37981,1.379815,1.37981,1.37981,-1.0,-1.0,-1
1.37981,1.37982,1.37981,1.37982,-1.0,-1.0,-1
1.37982,1.37984,1.37982,1.379835,-1.0,-1.0,-1
1.379835,1.379845,1.379835,1.379845,-1.0,-1.0,-1
1.379845,1.37991,1.379845,1.37991,-1.0,-1.0,-1
1.37991,1.379925,1.37991,1.37992,-1.0,-1.0,-1
1.37992,1.37993,1.37992,1.379925,-1.0,-1.0,-1
1.379925,1.379945,1.379925,1.37994,-1.0,-1.0,-1
1.37994,1.37994,1.37994,1.37994,-1.0,-1.0,-1
1.37994,1.37994,1.37994,1.37994,-1.0,-1.0,-1
1.37994,1.37994,1.37987,1.37987,-1.0,-1.0,-1
1.37987,1.37989,1.37987,1.37989,-1.0,-1.0,-1
1.37989,1.3799,1.379865,1.3799,-1.0,-1.0,-1
1.3799,1.379915,1.379815,1.379815,-1.0,-1.0,-1
1.379815,1.37985,1.37981,1.379835,-1.0,-1.0,-1
1.379835,1.37989,1.37983,1.37989,-1.0,-1.0,-1
1.37989,1.38002,1.37989,1.38002,-1.0,-1.0,-1
1.38002,1.3802,1.38001,1.3802,-1.0,-1.0,-1
1.3802,1.3802,1.380075,1.38009,-1.0,-1.0,-1
1.38009,1.380145,1.380085,1.380145,-1.0,-1.0,-1
1.380145,1.38019,1.38014,1.38014,-1.0,-1.0,-1
1.38014,1.380155,1.38014,1.380145,-1.0,-1.0,-1
1.380145,1.38017,1.380135,1.38016,-1.0,-1.0,-1
1.38016,1.38023,1.38016,1.38023,-1.0,-1.0,-1
1.38023,1.38033,1.380205,1.38033,-1.0,-1.0,-1
1.38033,1.380355,1.380325,1.38035,-1.0,-1.0,-1
1.38035,1.380425,1.38035,1.38041,-1.0,-1.0,-1
1.38041,1.38041,1.38024,1.38032,-1.0,-1.0,-1
1.38032,1.380345,1.380285,1.38031,-1.0,-1.0,-1
1.38031,1.380325,1.38029,1.38029,-1.0,-1.0,-1
1.38029,1.38029,1.380245,1.38027,-1.0,-1.0,-1
1.38027,1.38033,1.38027,1.38033,-1.0,-1.0,-1
1.38033,1.38033,1.380305,1.380325,-1.0,-1.0,-1
1.380325,1.380345,1.380325,1.38034,-1.0,-1.0,-1
1.38034,1.380425,1.38034,1.380425,-1.0,-1.0,-1
1.380425,1.380515,1.38042,1.380515,-1.0,-1.0,-1
1.380515,1.38052,1.380495,1.38052,-1.0,-1.0,-1
1.38052,1.38052,1.380515,1.38052,-1.0,-1.0,-1
1.38052,1.38053,1.38051,1.38052,-1.0,-1.0,-1
1.38052,1.38063,1.38052,1.38055,-1.0,-1.0,-1
1.38055,1.380575,1.38053,1.38056,-1.0,-1.0,-1
1.38056,1.38063,1.380545,1.38063,-1.0,-1.0,-1
1.38063,1.380645,1.380605,1.38064,-1.0,-1.0,-1
1.38064,1.38069,1.38064,1.38069,-1.0,-1.0,-1
1.38069,1.38071,1.38069,1.380705,-1.0,-1.0,-1
1.380705,1.380705,1.380565,1.38058,-1.0,-1.0,-1
1.38058,1.38058,1.380545,1.380555,-1.0,-1.0,-1
1.380555,1.38065,1.38055,1.38065,-1.0,-1.0,-1
1.38065,1.380695,1.380645,1.38069,-1.0,-1.0,-1
1.38069,1.380715,1.38069,1.3807,-1.0,-1.0,-1
1.3807,1.3807,1.380675,1.380685,-1.0,-1.0,-1
1.380685,1.38069,1.380635,1.380635,-1.0,-1.0,-1
1.380635,1.380645,1.380615,1.380645,-1.0,-1.0,-1
1.380645,1.3807,1.380645,1.3807,-1.0,-1.0,-1
1.3807,1.38071,1.380695,1.380695,-1.0,-1.0,-1
1.380695,1.38071,1.38069,1.380705,-1.0,-1.0,-1
1.380705,1.380705,1.380685,1.380695,-1.0,-1.0,-1
1.380695,1.380705,1.380695,1.380695,-1.0,-1.0,-1
1.380695,1.3807,1.380695,1.380695,-1.0,-1.0,-1
1.380695,1.380695,1.380645,1.380655,-1.0,-1.0,-1
1.380655,1.380655,1.38064,1.38065,-1.0,-1.0,-1
1.38065,1.38071,1.380595,1.3806,-1.0,-1.0,-1
1.3806,1.38061,1.38059,1.38059,-1.0,-1.0,-1
1.38059,1.380625,1.38059,1.380615,-1.0,-1.0,-1
1.380615,1.380615,1.380585,1.3806,-1.0,-1.0,-1
1.3806,1.380605,1.38056,1.380595,-1.0,-1.0,-1
1.380595,1.380605,1.38059,1.3806,-1.0,-1.0,-1
1.3806,1.38069,1.3806,1.38069,-1.0,-1.0,-1
1.38069,1.380695,1.38065,1.38065,-1.0,-1.0,-1
1.38065,1.380655,1.38062,1.380635,-1.0,-1.0,-1
1.380635,1.380635,1.38062,1.38063,-1.0,-1.0,-1
1.38063,1.38069,1.380595,1.38069,-1.0,-1.0,-1
1.38069,1.38069,1.38066,1.38066,-1.0,-1.0,-1
1.38066,1.380665,1.380595,1.38061,-1.0,-1.0,-1
1.38061,1.380645,1.380605,1.380605,-1.0,-1.0,-1
1.380605,1.380675,1.380575,1.380635,-1.0,-1.0,-1
1.380635,1.38066,1.380605,1.38062,-1.0,-1.0,-1
1.38062,1.380705,1.38062,1.380705,-1.0,-1.0,-1
1.380705,1.380705,1.380655,1.380665,-1.0,-1.0,-1
1.380665,1.380665,1.380635,1.380645,-1.0,-1.0,-1
1.380645,1.38065,1.380625,1.380625,-1.0,-1.0,-1
1.380625,1.380685,1.380625,1.380685,-1.0,-1.0,-1
1.380685,1.380715,1.380685,1.38071,-1.0,-1.0,-1
1.38071,1.380715,1.38068,1.38069,-1.0,-1.0,-1
1.38069,1.38072,1.380685,1.38071,-1.0,-1.0,-1
1.38071,1.38071,1.380635,1.38068,-1.0,-1.0,-1
1.38068,1.380685,1.38063,1.38065,-1.0,-1.0,-1
1.38065,1.38071,1.38063,1.380705,-1.0,-1.0,-1
1.380705,1.380705,1.38066,1.38067,-1.0,-1.0,-1
1.38067,1.380715,1.38067,1.380715,-1.0,-1.0,-1
1.380715,1.380715,1.380705,1.38071,-1.0,-1.0,-1
1.38071,1.38072,1.380625,1.380705,-1.0,-1.0,-1
1.380705,1.380705,1.380685,1.380685,-1.0,-1.0,-1
1.380685,1.380705,1.380665,1.38068,-1.0,-1.0,-1
1.38068,1.380685,1.38067,1.38067,-1.0,-1.0,-1
1.38067,1.38071,1.38067,1.38071,-1.0,-1.0,-1
1.38071,1.38071,1.380675,1.380705,-1.0,-1.0,-1
1.380705,1.380705,1.380675,1.380685,-1.0,-1.0,-1
1.380685,1.380685,1.380615,1.380615,-1.0,-1.0,-1
1.380615,1.380615,1.380585,1.380585,-1.0,-1.0,-1
1.380585,1.380605,1.380585,1.380585,-1.0,-1.0,-1
1.380585,1.38059,1.380455,1.380455,-1.0,-1.0,-1
1.380455,1.38047,1.380385,1.3804,-1.0,-1.0,-1
1.3804,1.380435,1.38039,1.380395,-1.0,-1.0,-1
1.380395,1.380455,1.38039,1.38044,-1.0,-1.0,-1
1.38044,1.38045,1.38041,1.38043,-1.0,-1.0,-1
1.38043,1.38047,1.38043,1.38045,-1.0,-1.0,-1
1.38045,1.380475,1.380445,1.380445,-1.0,-1.0,-1
1.380445,1.38047,1.38039,1.3804,-1.0,-1.0,-1
1.3804,1.38042,1.38038,1.38039,-1.0,-1.0,-1
1.38039,1.380405,1.380375,1.38039,-1.0,-1.0,-1
1.38039,1.380415,1.38039,1.38041,-1.0,-1.0,-1
1.38041,1.380425,1.380385,1.38041,-1.0,-1.0,-1
1.38041,1.380435,1.3804,1.3804,-1.0,-1.0,-1
1.3804,1.3804,1.380375,1.380385,-1.0,-1.0,-1
1.380385,1.3805,1.38038,1.380495,-1.0,-1.0,-1
1.380495,1.380575,1.38049,1.380575,-1.0,-1.0,-1
1.380575,1.3806,1.380515,1.380515,-1.0,-1.0,-1
1.380515,1.38052,1.38051,1.380515,-1.0,-1.0,-1
1.380515,1.380565,1.380515,1.38053,-1.0,-1.0,-1
1.38053,1.380585,1.38053,1.380545,-1.0,-1.0,-1
1.380545,1.380545,1.38052,1.38052,-1.0,-1.0,-1
1.38052,1.38057,1.38052,1.38055,-1.0,-1.0,-1
1.38055,1.38056,1.380525,1.380545,-1.0,-1.0,-1
1.380545,1.38056,1.380525,1.38054,-1.0,-1.0,-1
1.38054,1.3806,1.380535,1.38054,-1.0,-1.0,-1
1.38054,1.38056,1.380525,1.380545,-1.0,-1.0,-1
1.380545,1.38055,1.38054,1.38054,-1.0,-1.0,-1
1.38054,1.38054,1.380445,1.38047,-1.0,-1.0,-1
1.38047,1.380485,1.38042,1.380435,-1.0,-1.0,-1
1.380435,1.38045,1.38043,1.38045,-1.0,-1.0,-1
1.38045,1.380465,1.380435,1.380435,-1.0,-1.0,-1
1.380435,1.380475,1.380435,1.380435,-1.0,-1.0,-1
1.380435,1.380435,1.380365,1.380375,-1.0,-1.0,-1
1.380375,1.38038,1.380315,1.380315,-1.0,-1.0,-1
1.380315,1.380335,1.38028,1.38029,-1.0,-1.0,-1
1.38029,1.38032,1.380275,1.38032,-1.0,-1.0,-1
1.38032,1.38032,1.380295,1.38031,-1.0,-1.0,-1
1.38031,1.380315,1.3803,1.38031,-1.0,-1.0,-1
1.38031,1.38038,1.38031,1.38038,-1.0,-1.0,-1
1.38038,1.38038,1.380365,1.38038,-1.0,-1.0,-1
1.38038,1.380405,1.38038,1.3804,-1.0,-1.0,-1
1.3804,1.38043,1.38037,1.38041,-1.0,-1.0,-1
1.38041,1.38043,1.38041,1.380415,-1.0,-1.0,-1
1.380415,1.380425,1.38041,1.380425,-1.0,-1.0,-1
1.380425,1.380445,1.380415,1.38044,-1.0,-1.0,-1
1.38044,1.380485,1.38044,1.38048,-1.0,-1.0,-1
1.38048,1.38051,1.38048,1.380505,-1.0,-1.0,-1
1.380505,1.38051,1.380445,1.380445,-1.0,-1.0,-1
1.380445,1.380505,1.380415,1.380495,-1.0,-1.0,-1
1.380495,1.380505,1.380495,1.3805,-1.0,-1.0,-1
1.3805,1.38052,1.3805,1.38052,-1.0,-1.0,-1
1.38052,1.38052,1.380495,1.380495,-1.0,-1.0,-1
1.380495,1.38053,1.380495,1.38053,-1.0,-1.0,-1
1.38053,1.38054,1.38053,1.380535,-1.0,-1.0,-1
1.380535,1.38054,1.380535,1.380535,-1.0,-1.0,-1
1.380535,1.380535,1.38052,1.380525,-1.0,-1.0,-1
1.380525,1.38053,1.380525,1.380525,-1.0,-1.0,-1
1.380525,1.38053,1.38052,1.38053,-1.0,-1.0,-1
1.38053,1.38053,1.380505,1.380505,-1.0,-1.0,-1
1.380505,1.38051,1.38048,1.38048,-1.0,-1.0,-1
1.38048,1.380485,1.380475,1.380485,-1.0,-1.0,-1
1.380485,1.38054,1.380485,1.38052,-1.0,-1.0,-1
1.38052,1.38053,1.38052,1.38053,-1.0,-1.0,-1
1.38053,1.380535,1.38051,1.38052,-1.0,-1.0,-1
1.38052,1.38052,1.3805,1.3805,-1.0,-1.0,-1
1.3805,1.380525,1.380485,1.380525,-1.0,-1.0,-1
1.380525,1.380525,1.38052,1.38052,-1.0,-1.0,-1
1.38052,1.380535,1.380505,1.380535,-1.0,-1.0,-1
1.380535,1.38054,1.380535,1.38054,-1.0,-1.0,-1
1.38054,1.380585,1.38054,1.380575,-1.0,-1.0,-1
1.380575,1.380595,1.380575,1.38059,-1.0,-1.0,-1
1.38059,1.3806,1.380585,1.38059,-1.0,-1.0,-1
1.38059,1.380645,1.38059,1.380635,-1.0,-1.0,-1
1.380635,1.380685,1.380635,1.38068,-1.0,-1.0,-1
1.38068,1.3807,1.380675,1.380685,-1.0,-1.0,-1
1.380685,1.38069,1.380645,1.380645,-1.0,-1.0,-1
1.380645,1.380685,1.380645,1.38065,-1.0,-1.0,-1
1.38065,1.380685,1.38065,1.38068,-1.0,-1.0,-1
1.38068,1.380685,1.38064,1.380655,-1.0,-1.0,-1
1.380655,1.38067,1.380645,1.380645,-1.0,-1.0,-1
1.380645,1.38065,1.380645,1.380645,-1.0,-1.0,-1
1.380645,1.380645,1.38062,1.38063,-1.0,-1.0,-1
1.38063,1.38066,1.38063,1.38065,-1.0,-1.0,-1
1.38065,1.38069,1.38065,1.380685,-1.0,-1.0,-1
1.380685,1.38069,1.38068,1.380685,-1.0,-1.0,-1
1.380685,1.38069,1.380685,1.380685,-1.0,-1.0,-1
1.380685,1.38069,1.380675,1.380675,-1.0,-1.0,-1
1.380675,1.38069,1.380675,1.38068,-1.0,-1.0,-1
1.38068,1.3807,1.38068,1.380695,-1.0,-1.0,-1
1.380695,1.38071,1.380695,1.38071,-1.0,-1.0,-1
1.38071,1.380765,1.3807,1.380765,-1.0,-1.0,-1
1.380765,1.380855,1.380765,1.38085,-1.0,-1.0,-1
1.38085,1.380855,1.38081,1.380815,-1.0,-1.0,-1
1.380815,1.380835,1.38079,1.380795,-1.0,-1.0,-1
1.380795,1.380795,1.380765,1.380775,-1.0,-1.0,-1
1.380775,1.380895,1.380775,1.380885,-1.0,-1.0,-1
1.380885,1.380885,1.38084,1.380845,-1.0,-1.0,-1
1.380845,1.38091,1.380805,1.3809,-1.0,-1.0,-1
1.3809,1.380985,1.38089,1.38098,-1.0,-1.0,-1
1.38098,1.38098,1.380975,1.380975,-1.0,-1.0,-1
1.380975,1.380985,1.38097,1.38098,-1.0,-1.0,-1
1.38098,1.380985,1.380975,1.38098,-1.0,-1.0,-1
1.38098,1.381065,1.38098,1.38106,-1.0,-1.0,-1
1.38106,1.38109,1.38106,1.38109,-1.0,-1.0,-1
1.38109,1.38109,1.381025,1.38103,-1.0,-1.0,-1
1.38103,1.381065,1.38103,1.381065,-1.0,-1.0,-1
1.381065,1.381065,1.380995,1.381,-1.0,-1.0,-1
1.381,1.381005,1.38098,1.381,-1.0,-1.0,-1
1.381,1.38108,1.380985,1.38108,-1.0,-1.0,-1
1.38108,1.381085,1.381,1.38101,-1.0,-1.0,-1
1.38101,1.38102,1.380985,1.381005,-1.0,-1.0,-1
1.381005,1.38103,1.381,1.381025,-1.0,-1.0,-1
1.381025,1.38107,1.381005,1.381055,-1.0,-1.0,-1
1.381055,1.381075,1.381055,1.381075,-1.0,-1.0,-1
1.381075,1.381095,1.381075,1.381095,-1.0,-1.0,-1
1.381095,1.38115,1.381095,1.3811,-1.0,-1.0,-1
1.3811,1.381175,1.381085,1.381175,-1.0,-1.0,-1
1.381175,1.381175,1.381115,1.381135,-1.0,-1.0,-1
1.381135,1.38114,1.3811,1.38113,-1.0,-1.0,-1
1.38113,1.3812,1.381125,1.381195,-1.0,-1.0,-1
1.381195,1.381195,1.381185,1.381195,-1.0,-1.0,-1
1.381195,1.38121,1.381185,1.381195,-1.0,-1.0,-1
1.381195,1.381195,1.381185,1.381185,-1.0,-1.0,-1
1.381185,1.38119,1.381175,1.38119,-1.0,-1.0,-1
1.38119,1.38129,1.38119,1.381275,-1.0,-1.0,-1
1.381275,1.381275,1.381265,1.381275,-1.0,-1.0,-1
1.381275,1.381275,1.381185,1.381185,-1.0,-1.0,-1
1.381185,1.381185,1.381085,1.381095,-1.0,-1.0,-1
1.381095,1.381105,1.38109,1.381105,-1.0,-1.0,-1
1.381105,1.381145,1.381105,1.381125,-1.0,-1.0,-1
1.381125,1.381125,1.380995,1.38109,-1.0,-1.0,-1
1.38109,1.381135,1.381075,1.38112,-1.0,-1.0,-1
1.38112,1.381175,1.38112,1.381165,-1.0,-1.0,-1
1.381165,1.381195,1.381165,1.381175,-1.0,-1.0,-1
1.381175,1.381195,1.381175,1.381185,-1.0,-1.0,-1
1.381185,1.38119,1.381025,1.381025,-1.0,-1.0,-1
1.381025,1.381035,1.380995,1.381,-1.0,-1.0,-1
1.381,1.381,1.380965,1.38097,-1.0,-1.0,-1
1.38097,1.380985,1.38091,1.380955,-1.0,-1.0,-1
1.380955,1.380965,1.380935,1.380945,-1.0,-1.0,-1
1.380945,1.38095,1.38088,1.380885,-1.0,-1.0,-1
1.380885,1.38095,1.38088,1.380925,-1.0,-1.0,-1
1.380925,1.380995,1.380925,1.38099,-1.0,-1.0,-1
1.38099,1.381,1.38098,1.381,-1.0,-1.0,-1
1.381,1.381065,1.380995,1.381065,-1.0,-1.0,-1
1.381065,1.381075,1.38106,1.38107,-1.0,-1.0,-1
1.38107,1.38107,1.381015,1.38102,-1.0,-1.0,-1
1.38102,1.38106,1.38102,1.381045,-1.0,-1.0,-1
1.381045,1.381065,1.38104,1.381065,-1.0,-1.0,-1
1.381065,1.38107,1.381065,1.38107,-1.0,-1.0,-1
1.38107,1.38108,1.38107,1.38108,-1.0,-1.0,-1
1.38108,1.381085,1.381065,1.381075,-1.0,-1.0,-1
1.381075,1.381075,1.38104,1.381055,-1.0,-1.0,-1
1.381055,1.3811,1.381005,1.381095,-1.0,-1.0,-1
1.381095,1.381105,1.38106,1.381065,-1.0,-1.0,-1
1.381065,1.381085,1.381055,1.381085,-1.0,-1.0,-1
1.381085,1.38109,1.38103,1.38105,-1.0,-1.0,-1
1.38105,1.381055,1.38104,1.38105,-1.0,-1.0,-1
1.38105,1.38105,1.38097,1.380975,-1.0,-1.0,-1
1.380975,1.38098,1.38097,1.38098,-1.0,-1.0,-1
1.38098,1.38107,1.38098,1.38105,-1.0,-1.0,-1
1.38105,1.38107,1.38105,1.38107,-1.0,-1.0,-1
1.38107,1.381095,1.38105,1.381075,-1.0,-1.0,-1
1.381075,1.381095,1.381075,1.381095,-1.0,-1.0,-1
1.381095,1.381095,1.38108,1.38108,-1.0,-1.0,-1
1.38108,1.38116,1.381075,1.381145,-1.0,-1.0,-1
1.381145,1.38116,1.3811,1.3811,-1.0,-1.0,-1
1.3811,1.38111,1.38102,1.381035,-1.0,-1.0,-1
1.381035,1.38109,1.381035,1.38109,-1.0,-1.0,-1
1.38109,1.38115,1.38109,1.38115,-1.0,-1.0,-1
1.38115,1.38115,1.381105,1.38111,-1.0,-1.0,-1
1.38111,1.381125,1.3811,1.381115,-1.0,-1.0,-1
1.381115,1.38113,1.381115,1.38113,-1.0,-1.0,-1
1.38113,1.38113,1.38112,1.381125,-1.0,-1.0,-1
1.381125,1.381145,1.381105,1.38111,-1.0,-1.0,-1
1.38111,1.38123,1.381105,1.3812,-1.0,-1.0,-1
1.3812,1.381265,1.38119,1.38126,-1.0,-1.0,-1
1.38126,1.381275,1.38125,1.38127,-1.0,-1.0,-1
1.38127,1.381275,1.38127,1.381275,-1.0,-1.0,-1
1.381275,1.381275,1.381275,1.381275,-1.0,-1.0,-1
1.381275,1.381275,1.38127,1.381275,-1.0,-1.0,-1
1.381275,1.381275,1.381275,1.381275,-1.0,-1.0,-1
1.381275,1.381275,1.381255,1.381265,-1.0,-1.0,-1
1.381265,1.38129,1.38126,1.38127,-1.0,-1.0,-1
1.38127,1.381275,1.38124,1.381265,-1.0,-1.0,-1
1.381265,1.381275,1.38126,1.38127,-1.0,-1.0,-1
1.38127,1.38127,1.38126,1.381265,-1.0,-1.0,-1
1.381265,1.38127,1.38126,1.38127,-1.0,-1.0,-1
1.38127,1.38127,1.381135,1.381155,-1.0,-1.0,-1
1.381155,1.38118,1.381155,1.38117,-1.0,-1.0,-1
1.38117,1.38119,1.381125,1.38113,-1.0,-1.0,-1
1.38113,1.38115,1.381115,1.381145,-1.0,-1.0,-1
1.381145,1.381155,1.381105,1.38113,-1.0,-1.0,-1
1.38113,1.3812,1.38112,1.381195,-1.0,-1.0,-1
1.381195,1.38121,1.381195,1.381205,-1.0,-1.0,-1
1.381205,1.38121,1.3812,1.3812,-1.0,-1.0,-1
1.3812,1.3812,1.38119,1.38119,-1.0,-1.0,-1
1.38119,1.381255,1.38119,1.38124,-1.0,-1.0,-1
1.38124,1.38124,1.381195,1.381205,-1.0,-1.0,-1
1.381205,1.381205,1.381195,1.3812,-1.0,-1.0,-1
1.3812,1.381235,1.381195,1.381235,-1.0,-1.0,-1
1.381235,1.38127,1.381235,1.38126,-1.0,-1.0,-1
1.38126,1.38127,1.381255,1.381265,-1.0,-1.0,-1
1.381265,1.38127,1.381245,1.381255,-1.0,-1.0,-1
1.381255,1.38126,1.38122,1.38124,-1.0,-1.0,-1
1.38124,1.381315,1.381235,1.38131,-1.0,-1.0,-1
1.38131,1.38131,1.38129,1.38129,-1.0,-1.0,-1
1.38129,1.381335,1.38129,1.381295,-1.0,-1.0,-1
1.381295,1.381305,1.381265,1.38127,-1.0,-1.0,-1
1.38127,1.38127,1.381205,1.38126,-1.0,-1.0,-1
1.38126,1.381265,1.381255,1.38126,-1.0,-1.0,-1
1.38126,1.381265,1.381225,1.38125,-1.0,-1.0,-1
1.38125,1.38125,1.38124,1.38124,-1.0,-1.0,-1
1.38124,1.38124,1.381215,1.38123,-1.0,-1.0,-1
1.38123,1.38127,1.38123,1.381265,-1.0,-1.0,-1
1.381265,1.38128,1.381255,1.38127,-1.0,-1.0,-1
1.38127,1.38127,1.381235,1.381245,-1.0,-1.0,-1
1.381245,1.381265,1.38123,1.38123,-1.0,-1.0,-1
1.38123,1.381235,1.381175,1.381175,-1.0,-1.0,-1
1.381175,1.381255,1.38117,1.381255,-1.0,-1.0,-1
1.381255,1.381255,1.38119,1.381195,-1.0,-1.0,-1
1.381195,1.3812,1.38118,1.38119,-1.0,-1.0,-1
1.38119,1.38119,1.38118,1.381185,-1.0,-1.0,-1
1.381185,1.3812,1.381185,1.38119,-1.0,-1.0,-1
1.38119,1.3812,1.38119,1.3812,-1.0,-1.0,-1
1.3812,1.381255,1.38119,1.38125,-1.0,-1.0,-1
1.38125,1.381255,1.38121,1.38123,-1.0,-1.0,-1
1.38123,1.381235,1.38122,1.381235,-1.0,-1.0,-1
1.381235,1.381235,1.381195,1.381195,-1.0,-1.0,-1
1.381195,1.381195,1.381165,1.38119,-1.0,-1.0,-1
1.38119,1.38119,1.381185,1.381185,-1.0,-1.0,-1
1.381185,1.381185,1.381175,1.381175,-1.0,-1.0,-1
1.381175,1.38125,1.381175,1.38125,-1.0,-1.0,-1
1.38125,1.38125,1.381195,1.381195,-1.0,-1.0,-1
1.381195,1.38123,1.38119,1.38123,-1.0,-1.0,-1
1.38123,1.38123,1.38119,1.38119,-1.0,-1.0,-1
1.38119,1.38123,1.38119,1.38123,-1.0,-1.0,-1
1.38123,1.38123,1.38121,1.38121,-1.0,-1.0,-1
1.38121,1.38121,1.38119,1.38119,-1.0,-1.0,-1
1.38119,1.38121,1.38119,1.3812,-1.0,-1.0,-1
1.3812,1.38124,1.381195,1.381225,-1.0,-1.0,-1
1.381225,1.381225,1.38119,1.38121,-1.0,-1.0,-1
1.38121,1.38123,1.381205,1.381205,-1.0,-1.0,-1
1.381205,1.38123,1.381205,1.38123,-1.0,-1.0,-1
1.38123,1.38124,1.381225,1.381235,-1.0,-1.0,-1
1.381235,1.38124,1.38123,1.381235,-1.0,-1.0,-1
1.381235,1.381255,1.38122,1.381255,-1.0,-1.0,-1
1.381255,1.381255,1.381235,1.381235,-1.0,-1.0,-1
1.381235,1.38124,1.381225,1.38123,-1.0,-1.0,-1
1.38123,1.381235,1.38119,1.38119,-1.0,-1.0,-1
1.38119,1.38122,1.38119,1.38122,-1.0,-1.0,-1
1.38122,1.38123,1.3812,1.3812,-1.0,-1.0,-1
1.3812,1.381235,1.3812,1.38123,-1.0,-1.0,-1
1.38123,1.381265,1.38123,1.38126,-1.0,-1.0,-1
1.38126,1.381265,1.381245,1.38126,-1.0,-1.0,-1
1.38126,1.381275,1.381255,1.381275,-1.0,-1.0,-1
1.381275,1.381285,1.38126,1.381265,-1.0,-1.0,-1
1.381265,1.381265,1.381185,1.38119,-1.0,-1.0,-1
1.38119,1.38119,1.381185,1.381185,-1.0,-1.0,-1
1.381185,1.381185,1.38116,1.381175,-1.0,-1.0,-1
1.381175,1.38118,1.38115,1.38116,-1.0,-1.0,-1
1.38116,1.38117,1.381085,1.381085,-1.0,-1.0,-1
1.381085,1.381085,1.38107,1.381085,-1.0,-1.0,-1
1.381085,1.381085,1.38108,1.381085,-1.0,-1.0,-1
1.381085,1.3811,1.381085,1.38109,-1.0,-1.0,-1
1.38109,1.38109,1.38108,1.381085,-1.0,-1.0,-1
1.381085,1.381085,1.38108,1.38108,-1.0,-1.0,-1
1.38108,1.38111,1.38108,1.38109,-1.0,-1.0,-1
1.38109,1.38109,1.38109,1.38109,-1.0,-1.0,-1
1.38109,1.381145,1.38109,1.381145,-1.0,-1.0,-1
1.381145,1.381165,1.381135,1.381165,-1.0,-1.0,-1
1.381165,1.38117,1.381165,1.381165,-1.0,-1.0,-1
1.381165,1.381165,1.38112,1.381145,-1.0,-1.0,-1
1.381145,1.381145,1.38109,1.381095,-1.0,-1.0,-1
1.381095,1.38113,1.381095,1.381115,-1.0,-1.0,-1
1.381115,1.38118,1.381115,1.381175,-1.0,-1.0,-1
1.381175,1.38118,1.381095,1.381095,-1.0,-1.0,-1
1.381095,1.38114,1.381095,1.38114,-1.0,-1.0,-1
1.38114,1.381165,1.381135,1.381165,-1.0,-1.0,-1
1.381165,1.38118,1.38116,1.381165,-1.0,-1.0,-1
1.381165,1.381165,1.38111,1.38111,-1.0,-1.0,-1
1.38111,1.38111,1.381105,1.38111,-1.0,-1.0,-1
1.38111,1.38114,1.381085,1.38114,-1.0,-1.0,-1
1.38114,1.38114,1.38112,1.381135,-1.0,-1.0,-1
1.381135,1.38114,1.38111,1.38114,-1.0,-1.0,-1
1.38114,1.38114,1.381115,1.381115,-1.0,-1.0,-1
1.381115,1.38112,1.381085,1.38109,-1.0,-1.0,-1
1.38109,1.38111,1.38109,1.381105,-1.0,-1.0,-1
1.381105,1.38111,1.3811,1.3811,-1.0,-1.0,-1
1.3811,1.3811,1.381095,1.381095,-1.0,-1.0,-1
1.381095,1.38111,1.381085,1.38111,-1.0,-1.0,-1
1.38111,1.38111,1.381085,1.3811,-1.0,-1.0,-1
1.3811,1.381215,1.3811,1.381205,-1.0,-1.0,-1
1.381205,1.381205,1.3812,1.3812,-1.0,-1.0,-1
1.3812,1.3812,1.38119,1.381195,-1.0,-1.0,-1
1.381195,1.3812,1.381185,1.3812,-1.0,-1.0,-1
1.3812,1.3812,1.38118,1.38119,-1.0,-1.0,-1
1.38119,1.381195,1.381175,1.38119,-1.0,-1.0,-1
1.38119,1.3812,1.38119,1.3812,-1.0,-1.0,-1
1.3812,1.3812,1.381185,1.38119,-1.0,-1.0,-1
1.38119,1.38119,1.381175,1.381175,-1.0,-1.0,-1
1.381175,1.38119,1.381175,1.38119,-1.0,-1.0,-1
1.38119,1.3812,1.381175,1.38118,-1.0,-1.0,-1
1.38118,1.381185,1.381165,1.381175,-1.0,-1.0,-1
1.381175,1.381185,1.381165,1.38118,-1.0,-1.0,-1
1.38118,1.38119,1.381125,1.381125,-1.0,-1.0,-1
1.381125,1.38113,1.3811,1.381115,-1.0,-1.0,-1
1.381115,1.38113,1.381105,1.381115,-1.0,-1.0,-1
1.381115,1.381175,1.38111,1.381175,-1.0,-1.0,-1
1.381175,1.38118,1.381165,1.38118,-1.0,-1.0,-1
1.38118,1.38118,1.38116,1.38117,-1.0,-1.0,-1
1.38117,1.38118,1.381165,1.38117,-1.0,-1.0,-1
1.38117,1.381185,1.381165,1.38118,-1.0,-1.0,-1
1.38118,1.381185,1.38117,1.381185,-1.0,-1.0,-1
1.381185,1.381205,1.38118,1.381185,-1.0,-1.0,-1
1.381185,1.381195,1.38118,1.38119,-1.0,-1.0,-1
1.38119,1.3812,1.38119,1.381195,-1.0,-1.0,-1
1.381195,1.3812,1.381195,1.381195,-1.0,-1.0,-1
1.381195,1.381195,1.381175,1.381185,-1.0,-1.0,-1
1.381185,1.381195,1.381185,1.381195,-1.0,-1.0,-1
1.381195,1.381205,1.381195,1.381195,-1.0,-1.0,-1
1.381195,1.3812,1.38119,1.38119,-1.0,-1.0,-1
1.38119,1.381195,1.381175,1.381175,-1.0,-1.0,-1
1.381175,1.381205,1.381175,1.3812,-1.0,-1.0,-1
1.3812,1.3812,1.38119,1.38119,-1.0,-1.0,-1
1.38119,1.3812,1.381185,1.38119,-1.0,-1.0,-1
1.38119,1.381295,1.38119,1.38129,-1.0,-1.0,-1
1.38129,1.381355,1.38129,1.381345,-1.0,-1.0,-1
1.381345,1.381355,1.38134,1.381355,-1.0,-1.0,-1
1.381355,1.381355,1.381335,1.381345,-1.0,-1.0,-1
1.381345,1.381355,1.381305,1.38131,-1.0,-1.0,-1
1.38131,1.38135,1.38131,1.38135,-1.0,-1.0,-1
1.38135,1.38135,1.381335,1.38135,-1.0,-1.0,-1
1.38135,1.381355,1.3813,1.381305,-1.0,-1.0,-1
1.381305,1.38131,1.381295,1.381295,-1.0,-1.0,-1
1.381295,1.38131,1.38129,1.3813,-1.0,-1.0,-1
1.3813,1.38131,1.381295,1.381295,-1.0,-1.0,-1
1.381295,1.38131,1.38129,1.381295,-1.0,-1.0,-1
1.381295,1.3813,1.38129,1.38129,-1.0,-1.0,-1
1.38129,1.38131,1.38129,1.381305,-1.0,-1.0,-1
1.381305,1.381305,1.381295,1.381295,-1.0,-1.0,-1
1.381295,1.381305,1.381295,1.381305,-1.0,-1.0,-1
1.381305,1.381305,1.38119,1.381205,-1.0,-1.0,-1
1.381205,1.381205,1.381185,1.38119,-1.0,-1.0,-1
1.38119,1.38121,1.381185,1.3812,-1.0,-1.0,-1
1.3812,1.38124,1.3812,1.38124,-1.0,-1.0,-1
1.38124,1.38132,1.38124,1.38132,-1.0,-1.0,-1
1.38132,1.38133,1.381315,1.381315,-1.0,-1.0,-1
1.381315,1.38133,1.381315,1.38133,-1.0,-1.0,-1
1.38133,1.381335,1.38132,1.38132,-1.0,-1.0,-1
1.38132,1.381355,1.3813,1.381355,-1.0,-1.0,-1
1.381355,1.38139,1.381345,1.38138,-1.0,-1.0,-1
1.38138,1.381385,1.381365,1.381365,-1.0,-1.0,-1
1.381365,1.381385,1.381365,1.38138,-1.0,-1.0,-1
1.38138,1.381385,1.38138,1.38138,-1.0,-1.0,-1
1.38138,1.381385,1.38138,1.38138,-1.0,-1.0,-1
1.38138,1.381395,1.38137,1.38137,-1.0,-1.0,-1
1.38137,1.38138,1.38137,1.381375,-1.0,-1.0,-1
1.381375,1.38138,1.38137,1.381375,-1.0,-1.0,-1
1.381375,1.38138,1.381365,1.381365,-1.0,-1.0,-1
1.381365,1.381365,1.38135,1.381355,-1.0,-1.0,-1
1.381355,1.38137,1.38135,1.38137,-1.0,-1.0,-1
1.38137,1.381395,1.38137,1.38139,-1.0,-1.0,-1
1.38139,1.38139,1.381375,1.381375,-1.0,-1.0,-1
1.381375,1.381385,1.381375,1.38138,-1.0,-1.0,-1
1.38138,1.381385,1.38137,1.381375,-1.0,-1.0,-1
1.381375,1.381385,1.381375,1.38138,-1.0,-1.0,-1
1.38138,1.381385,1.38138,1.38138,-1.0,-1.0,-1
1.38138,1.3814,1.38138,1.38138,-1.0,-1.0,-1
1.38138,1.381385,1.38138,1.38138,-1.0,-1.0,-1
1.38138,1.381385,1.381305,1.38136,-1.0,-1.0,-1
1.38136,1.381385,1.38136,1.381375,-1.0,-1.0,-1
1.381375,1.38148,1.381375,1.381465,-1.0,-1.0,-1
1.381465,1.38147,1.38144,1.38145,-1.0,-1.0,-1
1.38145,1.381475,1.38144,1.38146,-1.0,-1.0,-1
1.38146,1.381475,1.38146,1.381475,-1.0,-1.0,-1
1.381475,1.38148,1.38147,1.38147,-1.0,-1.0,-1
1.38147,1.38148,1.381465,1.38148,-1.0,-1.0,-1
1.38148,1.381485,1.38147,1.381475,-1.0,-1.0,-1
1.381475,1.38148,1.38147,1.38147,-1.0,-1.0,-1
1.38147,1.38147,1.38144,1.38144,-1.0,-1.0,-1
1.38144,1.381475,1.38144,1.381465,-1.0,-1.0,-1
1.381465,1.38147,1.38144,1.38145,-1.0,-1.0,-1
1.38145,1.381475,1.381445,1.381465,-1.0,-1.0,-1
1.381465,1.38147,1.38145,1.38145,-1.0,-1.0,-1
1.38145,1.381455,1.38145,1.38145,-1.0,-1.0,-1
1.38145,1.38152,1.38145,1.3815,-1.0,-1.0,-1
1.3815,1.381575,1.38148,1.381575,-1.0,-1.0,-1
1.381575,1.38163,1.381575,1.38163,-1.0,-1.0,-1
1.38163,1.38165,1.38158,1.381645,-1.0,-1.0,-1
1.381645,1.38165,1.381635,1.38164,-1.0,-1.0,-1
1.38164,1.38164,1.381575,1.381575,-1.0,-1.0,-1
1.381575,1.381575,1.381555,1.38157,-1.0,-1.0,-1
1.38157,1.381585,1.38155,1.38155,-1.0,-1.0,-1
1.38155,1.381555,1.381485,1.381505,-1.0,-1.0,-1
1.381505,1.381515,1.381465,1.381485,-1.0,-1.0,-1
1.381485,1.381485,1.381475,1.381475,-1.0,-1.0,-1
1.381475,1.381475,1.381465,1.38147,-1.0,-1.0,-1
1.38147,1.381485,1.38147,1.38148,-1.0,-1.0,-1
1.38148,1.38148,1.38147,1.38147,-1.0,-1.0,-1
1.38147,1.381475,1.381465,1.381465,-1.0,-1.0,-1
1.381465,1.381475,1.381445,1.38145,-1.0,-1.0,-1
1.38145,1.38151,1.38145,1.38151,-1.0,-1.0,-1
1.38151,1.38151,1.381465,1.38147,-1.0,-1.0,-1
1.38147,1.381475,1.381405,1.38146,-1.0,-1.0,-1
1.38146,1.381465,1.38146,1.38146,-1.0,-1.0,-1
1.38146,1.381465,1.381455,1.38146,-1.0,-1.0,-1
1.38146,1.38147,1.38146,1.38146,-1.0,-1.0,-1
1.38146,1.381465,1.381455,1.381455,-1.0,-1.0,-1
1.381455,1.381465,1.381455,1.38146,-1.0,-1.0,-1
1.38146,1.381465,1.38146,1.38146,-1.0,-1.0,-1
1.38146,1.38147,1.381455,1.381465,-1.0,-1.0,-1
1.381465,1.381475,1.38146,1.381465,-1.0,-1.0,-1
1.381465,1.38147,1.38145,1.381455,-1.0,-1.0,-1
1.381455,1.38147,1.381455,1.381465,-1.0,-1.0,-1
1.381465,1.381475,1.381455,1.38147,-1.0,-1.0,-1
1.38147,1.381575,1.38147,1.381575,-1.0,-1.0,-1
1.381575,1.381575,1.38155,1.381565,-1.0,-1.0,-1
1.381565,1.38158,1.381565,1.381575,-1.0,-1.0,-1
1.381575,1.38158,1.381575,1.381575,-1.0,-1.0,-1
1.381575,1.38158,1.381555,1.381555,-1.0,-1.0,-1
1.381555,1.381565,1.381545,1.38156,-1.0,-1.0,-1
1.38156,1.381575,1.381555,1.381575,-1.0,-1.0,-1
1.381575,1.38158,1.381565,1.381575,-1.0,-1.0,-1
1.381575,1.381575,1.38155,1.381555,-1.0,-1.0,-1
1.381555,1.38157,1.381555,1.38157,-1.0,-1.0,-1
1.38157,1.381575,1.38157,1.381575,-1.0,-1.0,-1
1.381575,1.381575,1.38156,1.38157,-1.0,-1.0,-1
1.38157,1.38157,1.381445,1.381445,-1.0,-1.0,-1
1.381445,1.381445,1.381445,1.381445,-1.0,-1.0,-1
1.381445,1.38145,1.381395,1.381395,-1.0,-1.0,-1
1.381395,1.381405,1.381335,1.38134,-1.0,-1.0,-1
1.38134,1.381345,1.381335,1.381345,-1.0,-1.0,-1
1.381345,1.38135,1.38134,1.38135,-1.0,-1.0,-1
1.38135,1.38136,1.38135,1.38136,-1.0,-1.0,-1
1.38136,1.38137,1.38136,1.38136,-1.0,-1.0,-1
1.38136,1.381375,1.38136,1.381375,-1.0,-1.0,-1
1.381375,1.38148,1.381375,1.38148,-1.0,-1.0,-1
1.38148,1.38153,1.381475,1.38153,-1.0,-1.0,-1
1.38153,1.38155,1.38153,1.38155,-1.0,-1.0,-1
1.38155,1.38155,1.381545,1.381545,-1.0,-1.0,-1
1.381545,1.381545,1.38153,1.381535,-1.0,-1.0,-1
1.381535,1.38154,1.38153,1.38154,-1.0,-1.0,-1
1.38154,1.38154,1.381465,1.381465,-1.0,-1.0,-1
1.381465,1.381465,1.38145,1.381455,-1.0,-1.0,-1
1.381455,1.38146,1.38145,1.38146,-1.0,-1.0,-1
1.38146,1.38146,1.38138,1.38141,-1.0,-1.0,-1
1.38141,1.381445,1.381405,1.381445,-1.0,-1.0,-1
1.381445,1.381445,1.38141,1.381415,-1.0,-1.0,-1
1.381415,1.381445,1.38141,1.381445,-1.0,-1.0,-1
1.381445,1.38145,1.381445,1.381445,-1.0,-1.0,-1
1.381445,1.381455,1.381435,1.381455,-1.0,-1.0,-1
1.381455,1.381455,1.381435,1.381435,-1.0,-1.0,-1
1.381435,1.381435,1.381375,1.38138,-1.0,-1.0,-1
1.38138,1.381415,1.38138,1.381415,-1.0,-1.0,-1
1.381415,1.38145,1.381415,1.381445,-1.0,-1.0,-1
1.381445,1.38145,1.38142,1.38142,-1.0,-1.0,-1
1.38142,1.38145,1.38142,1.38145,-1.0,-1.0,-1
1.38145,1.381455,1.38143,1.38145,-1.0,-1.0,-1
1.38145,1.381455,1.38144,1.38145,-1.0,-1.0,-1
1.38145,1.38145,1.38142,1.381435,-1.0,-1.0,-1
1.381435,1.381455,1.381425,1.381425,-1.0,-1.0,-1
1.381425,1.381425,1.38129,1.38129,-1.0,-1.0,-1
1.38129,1.381365,1.38129,1.381365,-1.0,-1.0,-1
1.381365,1.381375,1.381365,1.381365,-1.0,-1.0,-1
1.381365,1.38137,1.381365,1.38137,-1.0,-1.0,-1
1.38137,1.381395,1.38136,1.38139,-1.0,-1.0,-1
1.38139,1.381415,1.38138,1.38141,-1.0,-1.0,-1
1.38141,1.381445,1.38137,1.38137,-1.0,-1.0,-1
1.38137,1.38138,1.38137,1.38137,-1.0,-1.0,-1
1.38137,1.381395,1.381365,1.381365,-1.0,-1.0,-1
1.381365,1.38144,1.38135,1.38144,-1.0,-1.0,-1
1.38144,1.381445,1.38141,1.38141,-1.0,-1.0,-1
1.38141,1.381415,1.38138,1.38141,-1.0,-1.0,-1
1.38141,1.381425,1.381405,1.381425,-1.0,-1.0,-1
1.381425,1.381455,1.381425,1.381455,-1.0,-1.0,-1
1.381455,1.381495,1.381455,1.381495,-1.0,-1.0,-1
1.381495,1.381495,1.38138,1.38138,-1.0,-1.0,-1
1.38138,1.381385,1.38137,1.381375,-1.0,-1.0,-1
1.381375,1.38139,1.381365,1.38139,-1.0,-1.0,-1
1.38139,1.381445,1.38139,1.381445,-1.0,-1.0,-1
1.381445,1.38145,1.381445,1.381445,-1.0,-1.0,-1
1.381445,1.381445,1.381345,1.381355,-1.0,-1.0,-1
1.381355,1.38136,1.381345,1.381355,-1.0,-1.0,-1
1.381355,1.381395,1.38133,1.38138,-1.0,-1.0,-1
1.38138,1.381405,1.381355,1.38136,-1.0,-1.0,-1
1.38136,1.38136,1.38134,1.381345,-1.0,-1.0,-1
1.381345,1.38138,1.38134,1.381375,-1.0,-1.0,-1
1.381375,1.38138,1.38137,1.38137,-1.0,-1.0,-1
1.38137,1.38137,1.381355,1.38136,-1.0,-1.0,-1
1.38136,1.38136,1.38136,1.38136,-1.0,-1.0,-1
1.38136,1.38136,1.38136,1.38136,-1.0,-1.0,-1
1.38136,1.38136,1.381345,1.38135,-1.0,-1.0,-1
1.38135,1.38136,1.381345,1.38136,-1.0,-1.0,-1
1.38136,1.381365,1.381345,1.38135,-1.0,-1.0,-1
1.38135,1.38135,1.381345,1.38135,-1.0,-1.0,-1
1.38135,1.381355,1.381345,1.38135,-1.0,-1.0,-1
1.38135,1.38136,1.381345,1.381355,-1.0,-1.0,-1
1.381355,1.38136,1.381355,1.38136,-1.0,-1.0,-1
1.38136,1.38146,1.38136,1.38146,-1.0,-1.0,-1
1.38146,1.38149,1.38146,1.38149,-1.0,-1.0,-1
1.38149,1.38149,1.38147,1.38147,-1.0,-1.0,-1
1.38147,1.381475,1.3814,1.38144,-1.0,-1.0,-1
1.38144,1.381445,1.38144,1.381445,-1.0,-1.0,-1
1.381445,1.381445,1.381405,1.38141,-1.0,-1.0,-1
1.38141,1.38142,1.381405,1.381415,-1.0,-1.0,-1
1.381415,1.381455,1.381415,1.38145,-1.0,-1.0,-1
1.38145,1.38147,1.38145,1.381465,-1.0,-1.0,-1
1.381465,1.38153,1.38146,1.3815,-1.0,-1.0,-1
1.3815,1.381545,1.3815,1.38154,-1.0,-1.0,-1
1.38154,1.381545,1.381515,1.381525,-1.0,-1.0,-1
1.381525,1.38162,1.381515,1.38162,-1.0,-1.0,-1
1.38162,1.38167,1.38162,1.38167,-1.0,-1.0,-1
1.38167,1.3817,1.38167,1.3817,-1.0,-1.0,-1
1.3817,1.381735,1.381685,1.381685,-1.0,-1.0,-1
1.381685,1.38169,1.38168,1.381685,-1.0,-1.0,-1
1.381685,1.3817,1.38168,1.381695,-1.0,-1.0,-1
1.381695,1.381765,1.38169,1.38176,-1.0,-1.0,-1
1.38176,1.3818,1.381755,1.3818,-1.0,-1.0,-1
1.3818,1.381835,1.38179,1.381825,-1.0,-1.0,-1
1.381825,1.381835,1.38179,1.381825,-1.0,-1.0,-1
1.381825,1.381835,1.3818,1.38182,-1.0,-1.0,-1
1.38182,1.38183,1.38177,1.38179,-1.0,-1.0,-1
1.38179,1.381805,1.38177,1.38178,-1.0,-1.0,-1
1.38178,1.38179,1.38177,1.38179,-1.0,-1.0,-1
1.38179,1.38179,1.381775,1.381775,-1.0,-1.0,-1
1.381775,1.38182,1.38176,1.381775,-1.0,-1.0,-1
1.381775,1.381805,1.38177,1.381805,-1.0,-1.0,-1
1.381805,1.38183,1.381805,1.381805,-1.0,-1.0,-1
1.381805,1.381805,1.38172,1.38176,-1.0,-1.0,-1
1.38176,1.381865,1.381755,1.38186,-1.0,-1.0,-1
1.38186,1.381895,1.381855,1.381875,-1.0,-1.0,-1
1.381875,1.38188,1.381865,1.381875,-1.0,-1.0,-1
1.381875,1.381895,1.38185,1.381865,-1.0,-1.0,-1
1.381865,1.38196,1.381835,1.381935,-1.0,-1.0,-1
1.381935,1.38198,1.38193,1.38193,-1.0,-1.0,-1
1.38193,1.381955,1.38192,1.38194,-1.0,-1.0,-1
1.38194,1.38194,1.381915,1.38192,-1.0,-1.0,-1
1.38192,1.381945,1.381905,1.381905,-1.0,-1.0,-1
1.381905,1.381935,1.381845,1.381915,-1.0,-1.0,-1
1.381915,1.38197,1.38191,1.381945,-1.0,-1.0,-1
1.381945,1.381975,1.381935,1.38196,-1.0,-1.0,-1
1.38196,1.38198,1.381935,1.381975,-1.0,-1.0,-1
1.381975,1.38198,1.38192,1.38192,-1.0,-1.0,-1
1.38192,1.38195,1.381915,1.38195,-1.0,-1.0,-1
1.38195,1.381975,1.381945,1.381965,-1.0,-1.0,-1
1.381965,1.381965,1.381885,1.381925,-1.0,-1.0,-1
1.381925,1.381955,1.38191,1.381955,-1.0,-1.0,-1
1.381955,1.381955,1.381885,1.381885,-1.0,-1.0,-1
1.381885,1.38193,1.38188,1.38192,-1.0,-1.0,-1
1.38192,1.38197,1.381915,1.38197,-1.0,-1.0,-1
1.38197,1.38197,1.381935,1.381955,-1.0,-1.0,-1
1.381955,1.381965,1.38191,1.38193,-1.0,-1.0,-1
1.38193,1.38196,1.38192,1.38196,-1.0,-1.0,-1
1.38196,1.381965,1.381885,1.381885,-1.0,-1.0,-1
1.381885,1.381895,1.381825,1.38184,-1.0,-1.0,-1
1.38184,1.381865,1.38183,1.381845,-1.0,-1.0,-1
1.381845,1.381875,1.38183,1.381845,-1.0,-1.0,-1
1.381845,1.381865,1.381825,1.38185,-1.0,-1.0,-1
1.38185,1.381865,1.381825,1.38183,-1.0,-1.0,-1
1.38183,1.381835,1.38176,1.38181,-1.0,-1.0,-1
1.38181,1.381835,1.38178,1.381815,-1.0,-1.0,-1
1.381815,1.381835,1.381805,1.381825,-1.0,-1.0,-1
1.381825,1.38184,1.38181,1.38182,-1.0,-1.0,-1
1.38182,1.381835,1.381755,1.381755,-1.0,-1.0,-1
1.381755,1.3818,1.381735,1.38178,-1.0,-1.0,-1
1.38178,1.381815,1.381755,1.381775,-1.0,-1.0,-1
1.381775,1.38184,1.38177,1.38183,-1.0,-1.0,-1
1.38183,1.381835,1.38181,1.381815,-1.0,-1.0,-1
1.381815,1.381815,1.38178,1.3818,-1.0,-1.0,-1
1.3818,1.381835,1.38177,1.38182,-1.0,-1.0,-1
1.38182,1.381835,1.381815,1.38182,-1.0,-1.0,-1
1.38182,1.38183,1.38178,1.381795,-1.0,-1.0,-1
1.381795,1.38182,1.38172,1.38178,-1.0,-1.0,-1
1.38178,1.38182,1.38175,1.381815,-1.0,-1.0,-1
1.381815,1.38183,1.38175,1.38178,-1.0,-1.0,-1
1.38178,1.381835,1.381765,1.38182,-1.0,-1.0,-1
1.38182,1.381845,1.381815,1.38184,-1.0,-1.0,-1
1.38184,1.38185,1.38182,1.381835,-1.0,-1.0,-1
1.381835,1.381915,1.38182,1.381905,-1.0,-1.0,-1
1.381905,1.38191,1.381865,1.38191,-1.0,-1.0,-1
1.38191,1.38196,1.381865,1.38187,-1.0,-1.0,-1
1.38187,1.381885,1.38185,1.38187,-1.0,-1.0,-1
1.38187,1.38192,1.38185,1.381915,-1.0,-1.0,-1
1.381915,1.381925,1.381885,1.381885,-1.0,-1.0,-1
1.381885,1.3819,1.38172,1.38184,-1.0,-1.0,-1
1.38184,1.38184,1.381725,1.38176,-1.0,-1.0,-1
1.38176,1.381785,1.381715,1.38173,-1.0,-1.0,-1
1.38173,1.38174,1.3817,1.381715,-1.0,-1.0,-1
1.381715,1.381745,1.3817,1.381735,-1.0,-1.0,-1
1.381735,1.38174,1.38164,1.381675,-1.0,-1.0,-1
1.381675,1.38169,1.38165,1.38165,-1.0,-1.0,-1
1.38165,1.381675,1.381635,1.38164,-1.0,-1.0,-1
1.38164,1.38167,1.38162,1.38162,-1.0,-1.0,-1
1.38162,1.38165,1.381615,1.38162,-1.0,-1.0,-1
1.38162,1.38162,1.38155,1.38155,-1.0,-1.0,-1
1.38155,1.38155,1.381495,1.381525,-1.0,-1.0,-1
1.381525,1.38154,1.38152,1.38153,-1.0,-1.0,-1
1.38153,1.381535,1.381495,1.381535,-1.0,-1.0,-1
1.381535,1.381545,1.381515,1.381535,-1.0,-1.0,-1
1.381535,1.381545,1.381515,1.381545,-1.0,-1.0,-1
1.381545,1.381645,1.381545,1.38164,-1.0,-1.0,-1
1.38164,1.38165,1.38162,1.38163,-1.0,-1.0,-1
1.38163,1.381815,1.38162,1.381765,-1.0,-1.0,-1
1.381765,1.381845,1.381745,1.381835,-1.0,-1.0,-1
1.381835,1.38184,1.38178,1.381835,-1.0,-1.0,-1
1.381835,1.38184,1.381765,1.38181,-1.0,-1.0,-1
1.38181,1.381835,1.38181,1.38182,-1.0,-1.0,-1
1.38182,1.381915,1.38182,1.381875,-1.0,-1.0,-1
1.381875,1.381885,1.38186,1.38186,-1.0,-1.0,-1
1.38186,1.38188,1.38185,1.38186,-1.0,-1.0,-1
1.38186,1.381865,1.38185,1.381855,-1.0,-1.0,-1
1.381855,1.381855,1.38178,1.3818,-1.0,-1.0,-1
1.3818,1.381855,1.38179,1.381845,-1.0,-1.0,-1
1.381845,1.38185,1.38182,1.381845,-1.0,-1.0,-1
1.381845,1.38187,1.381835,1.38186,-1.0,-1.0,-1
1.38186,1.381865,1.38182,1.38182,-1.0,-1.0,-1
1.38182,1.381825,1.38175,1.381775,-1.0,-1.0,-1
1.381775,1.381795,1.381765,1.381785,-1.0,-1.0,-1
1.381785,1.381845,1.38177,1.38183,-1.0,-1.0,-1
1.38183,1.38185,1.38181,1.38185,-1.0,-1.0,-1
1.38185,1.38189,1.38185,1.38188,-1.0,-1.0,-1
1.38188,1.38189,1.381875,1.381885,-1.0,-1.0,-1
1.381885,1.381885,1.38187,1.381885,-1.0,-1.0,-1
1.381885,1.381885,1.381875,1.381885,-1.0,-1.0,-1
1.381885,1.381885,1.38188,1.381885,-1.0,-1.0,-1
1.381885,1.38189,1.38185,1.381885,-1.0,-1.0,-1
1.381885,1.3819,1.381855,1.381885,-1.0,-1.0,-1
1.381885,1.3819,1.38188,1.38189,-1.0,-1.0,-1
1.38189,1.3819,1.381875,1.381895,-1.0,-1.0,-1
1.381895,1.381895,1.38188,1.38188,-1.0,-1.0,-1
1.38188,1.38191,1.38187,1.381895,-1.0,-1.0,-1
1.381895,1.381935,1.38189,1.381935,-1.0,-1.0,-1
1.381935,1.38198,1.381925,1.38195,-1.0,-1.0,-1
1.38195,1.38197,1.38195,1.38196,-1.0,-1.0,-1
1.38196,1.381985,1.38194,1.381965,-1.0,-1.0,-1
1.381965,1.382,1.38195,1.381985,-1.0,-1.0,-1
1.381985,1.38201,1.38197,1.38201,-1.0,-1.0,-1
1.38201,1.382035,1.38198,1.38202,-1.0,-1.0,-1
1.38202,1.382075,1.38202,1.382065,-1.0,-1.0,-1
1.382065,1.38208,1.382055,1.382075,-1.0,-1.0,-1
1.382075,1.382085,1.38207,1.38207,-1.0,-1.0,-1
1.38207,1.382085,1.38207,1.382075,-1.0,-1.0,-1
1.382075,1.382155,1.382075,1.382115,-1.0,-1.0,-1
1.382115,1.38214,1.382105,1.38214,-1.0,-1.0,-1
1.38214,1.38214,1.382045,1.38206,-1.0,-1.0,-1
1.38206,1.38206,1.382005,1.38202,-1.0,-1.0,-1
1.38202,1.38205,1.38202,1.38204,-1.0,-1.0,-1
1.38204,1.382045,1.38196,1.381975,-1.0,-1.0,-1
1.381975,1.381975,1.381905,1.38193,-1.0,-1.0,-1
1.38193,1.381965,1.381925,1.381965,-1.0,-1.0,-1
1.381965,1.381965,1.381905,1.38195,-1.0,-1.0,-1
1.38195,1.381965,1.38194,1.381965,-1.0,-1.0,-1
1.381965,1.381965,1.38186,1.38188,-1.0,-1.0,-1
1.38188,1.38189,1.381835,1.38186,-1.0,-1.0,-1
1.38186,1.38186,1.381815,1.38184,-1.0,-1.0,-1
1.38184,1.3819,1.38182,1.3819,-1.0,-1.0,-1
1.3819,1.3819,1.38188,1.381885,-1.0,-1.0,-1
1.381885,1.38196,1.381885,1.381955,-1.0,-1.0,-1
1.381955,1.381955,1.381935,1.38194,-1.0,-1.0,-1
1.38194,1.38196,1.38185,1.381885,-1.0,-1.0,-1
1.381885,1.381885,1.381835,1.381855,-1.0,-1.0,-1
1.381855,1.381855,1.381835,1.381855,-1.0,-1.0,-1
1.381855,1.38191,1.381845,1.381845,-1.0,-1.0,-1
1.381845,1.38188,1.381845,1.38188,-1.0,-1.0,-1
1.38188,1.38188,1.38185,1.381865,-1.0,-1.0,-1
1.381865,1.381885,1.38186,1.381885,-1.0,-1.0,-1
1.381885,1.38189,1.381885,1.381885,-1.0,-1.0,-1
1.381885,1.381885,1.38186,1.381865,-1.0,-1.0,-1
1.381865,1.381865,1.38181,1.381835,-1.0,-1.0,-1
1.381835,1.38184,1.381785,1.38181,-1.0,-1.0,-1
1.38181,1.38196,1.381795,1.381895,-1.0,-1.0,-1
1.381895,1.3819,1.381845,1.381845,-1.0,-1.0,-1
1.381845,1.38185,1.38177,1.38185,-1.0,-1.0,-1
1.38185,1.381935,1.38185,1.381935,-1.0,-1.0,-1
1.381935,1.382055,1.381935,1.38204,-1.0,-1.0,-1
1.38204,1.382095,1.38203,1.382095,-1.0,-1.0,-1
1.382095,1.38211,1.382085,1.382105,-1.0,-1.0,-1
1.382105,1.38211,1.382075,1.382095,-1.0,-1.0,-1
1.382095,1.382125,1.382095,1.38212,-1.0,-1.0,-1
1.38212,1.382125,1.382115,1.382125,-1.0,-1.0,-1
1.382125,1.382125,1.38201,1.382015,-1.0,-1.0,-1
1.382015,1.382025,1.381985,1.38202,-1.0,-1.0,-1
1.38202,1.382035,1.38202,1.382035,-1.0,-1.0,-1
1.382035,1.38205,1.38201,1.382035,-1.0,-1.0,-1
1.382035,1.382035,1.382035,1.382035,-1.0,-1.0,-1
1.382035,1.38204,1.38202,1.38204,-1.0,-1.0,-1
1.38204,1.38205,1.382005,1.38201,-1.0,-1.0,-1
1.38201,1.382015,1.381925,1.381935,-1.0,-1.0,-1
1.381935,1.381935,1.38183,1.38183,-1.0,-1.0,-1
1.38183,1.38183,1.381725,1.381725,-1.0,-1.0,-1
1.381725,1.38174,1.38172,1.381725,-1.0,-1.0,-1
1.381725,1.381765,1.381725,1.38176,-1.0,-1.0,-1
1.38176,1.38177,1.381705,1.38171,-1.0,-1.0,-1
1.38171,1.38171,1.381695,1.381705,-1.0,-1.0,-1
1.381705,1.381705,1.381675,1.38168,-1.0,-1.0,-1
1.38168,1.38168,1.381615,1.381625,-1.0,-1.0,-1
1.381625,1.381715,1.381615,1.3817,-1.0,-1.0,-1
1.3817,1.38172,1.3817,1.38171,-1.0,-1.0,-1
1.38171,1.38171,1.38166,1.38166,-1.0,-1.0,-1
1.38166,1.38166,1.381575,1.381585,-1.0,-1.0,-1
1.381585,1.381615,1.381585,1.38161,-1.0,-1.0,-1
1.38161,1.381615,1.381595,1.381605,-1.0,-1.0,-1
1.381605,1.381615,1.38151,1.381525,-1.0,-1.0,-1
1.381525,1.38154,1.381505,1.381525,-1.0,-1.0,-1
1.381525,1.381525,1.381475,1.381515,-1.0,-1.0,-1
1.381515,1.3816,1.381515,1.381585,-1.0,-1.0,-1
1.381585,1.38161,1.381565,1.381565,-1.0,-1.0,-1
1.381565,1.38162,1.38156,1.38162,-1.0,-1.0,-1
1.38162,1.381655,1.381615,1.381655,-1.0,-1.0,-1
1.381655,1.38171,1.38163,1.381695,-1.0,-1.0,-1
1.381695,1.38171,1.381685,1.38171,-1.0,-1.0,-1
1.38171,1.381715,1.381705,1.38171,-1.0,-1.0,-1
1.38171,1.38171,1.381645,1.381645,-1.0,-1.0,-1
1.381645,1.381655,1.381645,1.381655,-1.0,-1.0,-1
1.381655,1.381695,1.381615,1.38167,-1.0,-1.0,-1
1.38167,1.38167,1.381655,1.38166,-1.0,-1.0,-1
1.38166,1.38166,1.381625,1.381625,-1.0,-1.0,-1
1.381625,1.38163,1.38162,1.38163,-1.0,-1.0,-1
1.38163,1.38163,1.38161,1.381615,-1.0,-1.0,-1
1.381615,1.38162,1.38152,1.381525,-1.0,-1.0,-1
1.381525,1.38154,1.381515,1.38152,-1.0,-1.0,-1
1.38152,1.381555,1.381515,1.381555,-1.0,-1.0,-1
1.381555,1.38157,1.38154,1.38157,-1.0,-1.0,-1
1.38157,1.3816,1.381555,1.38159,-1.0,-1.0,-1
1.38159,1.38164,1.38159,1.38164,-1.0,-1.0,-1
1.38164,1.381645,1.38164,1.381645,-1.0,-1.0,-1
1.381645,1.381645,1.38156,1.381605,-1.0,-1.0,-1
1.381605,1.38163,1.3816,1.38161,-1.0,-1.0,-1
1.38161,1.38164,1.3816,1.38164,-1.0,-1.0,-1
1.38164,1.38164,1.38164,1.38164,-1.0,-1.0,-1
1.38164,1.381715,1.38164,1.381715,-1.0,-1.0,-1
1.381715,1.381715,1.381665,1.38167,-1.0,-1.0,-1
1.38167,1.38168,1.38167,1.38167,-1.0,-1.0,-1
1.38167,1.381685,1.38167,1.38168,-1.0,-1.0,-1
1.38168,1.38173,1.381675,1.381725,-1.0,-1.0,-1
1.381725,1.381735,1.3817,1.381705,-1.0,-1.0,-1
1.381705,1.381755,1.381675,1.381755,-1.0,-1.0,-1
1.381755,1.381765,1.381735,1.38175,-1.0,-1.0,-1
1.38175,1.381765,1.38173,1.38175,-1.0,-1.0,-1
1.38175,1.381775,1.38175,1.38177,-1.0,-1.0,-1
1.38177,1.38177,1.381755,1.381765,-1.0,-1.0,-1
1.381765,1.381765,1.38175,1.381755,-1.0,-1.0,-1
1.381755,1.381755,1.38175,1.38175,-1.0,-1.0,-1
1.38175,1.381755,1.381745,1.381755,-1.0,-1.0,-1
1.381755,1.38179,1.381755,1.381785,-1.0,-1.0,-1
1.381785,1.381785,1.381775,1.381775,-1.0,-1.0,-1
1.381775,1.3818,1.38177,1.38177,-1.0,-1.0,-1
1.38177,1.38177,1.381745,1.381745,-1.0,-1.0,-1
1.381745,1.381775,1.38172,1.38172,-1.0,-1.0,-1
1.38172,1.381755,1.381715,1.38173,-1.0,-1.0,-1
1.38173,1.381735,1.38173,1.38173,-1.0,-1.0,-1
1.38173,1.381735,1.381695,1.3817,-1.0,-1.0,-1
1.3817,1.381735,1.38169,1.381705,-1.0,-1.0,-1
1.381705,1.381725,1.381675,1.381675,-1.0,-1.0,-1
1.381675,1.381675,1.38167,1.38167,-1.0,-1.0,-1
1.38167,1.38167,1.38167,1.38167,-1.0,-1.0,-1
1.38167,1.38167,1.38166,1.38166,-1.0,-1.0,-1
1.38166,1.381665,1.38166,1.38166,-1.0,-1.0,-1
1.38166,1.38166,1.381635,1.38164,-1.0,-1.0,-1
1.38164,1.38165,1.381635,1.381645,-1.0,-1.0,-1
1.381645,1.381645,1.381645,1.381645,-1.0,-1.0,-1
1.381645,1.381645,1.381645,1.381645,-1.0,-1.0,-1
1.381645,1.381645,1.381645,1.381645,-1.0,-1.0,-1
1.381645,1.381645,1.381645,1.381645,-1.0,-1.0,-1
1.381645,1.38166,1.381645,1.38165,-1.0,-1.0,-1
1.38165,1.38165,1.381645,1.381645,-1.0,-1.0,-1
1.381645,1.381645,1.381635,1.381635,-1.0,-1.0,-1
1.381635,1.381635,1.381625,1.381625,-1.0,-1.0,-1
1.381625,1.38163,1.381625,1.381625,-1.0,-1.0,-1
1.381625,1.381635,1.381625,1.381635,-1.0,-1.0,-1
1.381635,1.381635,1.381625,1.38163,-1.0,-1.0,-1
1.38163,1.381645,1.38163,1.38163,-1.0,-1.0,-1
1.38163,1.381635,1.381625,1.381625,-1.0,-1.0,-1
1.381625,1.38164,1.381625,1.38164,-1.0,-1.0,-1
1.38164,1.38165,1.38163,1.381645,-1.0,-1.0,-1
1.381645,1.38165,1.38163,1.38165,-1.0,-1.0,-1
1.38165,1.38166,1.38165,1.38166,-1.0,-1.0,-1
1.38166,1.38166,1.381655,1.381655,-1.0,-1.0,-1
1.381655,1.38166,1.381655,1.38166,-1.0,-1.0,-1
1.38166,1.38166,1.381635,1.381635,-1.0,-1.0,-1
1.381635,1.381645,1.381635,1.381645,-1.0,-1.0,-1
1.381645,1.38165,1.381645,1.38165,-1.0,-1.0,-1
1.38165,1.381665,1.38165,1.381665,-1.0,-1.0,-1
1.381665,1.381665,1.381645,1.381665,-1.0,-1.0,-1
1.381665,1.381665,1.38166,1.381665,-1.0,-1.0,-1
1.381665,1.381665,1.381665,1.381665,-1.0,-1.0,-1
1.381665,1.381665,1.381665,1.381665,-1.0,-1.0,-1
1.381665,1.381755,1.381665,1.381755,-1.0,-1.0,-1
1.381755,1.381755,1.38173,1.38173,-1.0,-1.0,-1
1.38173,1.381735,1.38173,1.38173,-1.0,-1.0,-1
1.38173,1.381755,1.38173,1.381755,-1.0,-1.0,-1
1.381755,1.38176,1.381745,1.38176,-1.0,-1.0,-1
1.38176,1.38176,1.381745,1.381755,-1.0,-1.0,-1
1.381755,1.381755,1.38167,1.38167,-1.0,-1.0,-1
1.38167,1.38167,1.381665,1.381665,-1.0,-1.0,-1
1.381665,1.38167,1.381665,1.381665,-1.0,-1.0,-1
1.381665,1.381735,1.381665,1.38172,-1.0,-1.0,-1
1.38172,1.381735,1.38172,1.38173,-1.0,-1.0,-1
1.38173,1.381735,1.38172,1.38172,-1.0,-1.0,-1
1.38172,1.381745,1.381715,1.381745,-1.0,-1.0,-1
1.381745,1.381765,1.381735,1.381745,-1.0,-1.0,-1
1.381745,1.38177,1.381745,1.38177,-1.0,-1.0,-1
1.38177,1.38177,1.38177,1.38177,-1.0,-1.0,-1
1.38177,1.38184,1.381745,1.381805,-1.0,-1.0,-1
1.381805,1.381805,1.381805,1.381805,-1.0,-1.0,-1
1.381805,1.381805,1.381745,1.381745,-1.0,-1.0,-1
1.381745,1.381765,1.381745,1.381765,-1.0,-1.0,-1
1.381765,1.381765,1.38174,1.381745,-1.0,-1.0,-1
1.381745,1.381745,1.38173,1.38173,-1.0,-1.0,-1
1.38173,1.381735,1.381725,1.38173,-1.0,-1.0,-1
1.38173,1.381735,1.381705,1.381705,-1.0,-1.0,-1
1.381705,1.381705,1.381665,1.381665,-1.0,-1.0,-1
1.381665,1.381675,1.38166,1.38166,-1.0,-1.0,-1
1.38166,1.3817,1.38166,1.381665,-1.0,-1.0,-1
1.381665,1.38169,1.381665,1.38167,-1.0,-1.0,-1
1.38167,1.38169,1.38167,1.381685,-1.0,-1.0,-1
1.381685,1.381735,1.381685,1.38172,-1.0,-1.0,-1
1.38172,1.381755,1.38172,1.381735,-1.0,-1.0,-1
1.381735,1.381745,1.38172,1.38172,-1.0,-1.0,-1
1.38172,1.381725,1.38169,1.38171,-1.0,-1.0,-1
1.38171,1.38171,1.381695,1.381705,-1.0,-1.0,-1
1.381705,1.38174,1.381695,1.38173,-1.0,-1.0,-1
1.38173,1.38174,1.38169,1.3817,-1.0,-1.0,-1
1.3817,1.3817,1.38167,1.381675,-1.0,-1.0,-1
1.381675,1.381675,1.38163,1.38163,-1.0,-1.0,-1
1.38163,1.38164,1.381625,1.38163,-1.0,-1.0,-1
1.38163,1.381635,1.38162,1.381625,-1.0,-1.0,-1
1.381625,1.38168,1.38162,1.38166,-1.0,-1.0,-1
1.38166,1.381665,1.381635,1.381665,-1.0,-1.0,-1
1.381665,1.381665,1.38162,1.381635,-1.0,-1.0,-1
1.381635,1.38164,1.381625,1.381635,-1.0,-1.0,-1
1.381635,1.38164,1.381625,1.381625,-1.0,-1.0,-1
1.381625,1.381625,1.38152,1.381525,-1.0,-1.0,-1
1.381525,1.381555,1.38152,1.381555,-1.0,-1.0,-1
1.381555,1.38158,1.381555,1.38158,-1.0,-1.0,-1
1.38158,1.38167,1.38158,1.381665,-1.0,-1.0,-1
1.381665,1.381665,1.38166,1.38166,-1.0,-1.0,-1
1.38166,1.38166,1.38166,1.38166,-1.0,-1.0,-1
1.38166,1.38168,1.38166,1.381665,-1.0,-1.0,-1
1.381665,1.381665,1.381655,1.381655,-1.0,-1.0,-1
1.381655,1.38166,1.381645,1.38166,-1.0,-1.0,-1
1.38166,1.381665,1.38164,1.381645,-1.0,-1.0,-1
1.381645,1.381675,1.381645,1.381665,-1.0,-1.0,-1
1.381665,1.381665,1.38164,1.38165,-1.0,-1.0,-1
1.38165,1.381655,1.38162,1.381645,-1.0,-1.0,-1
1.381645,1.38166,1.38163,1.38165,-1.0,-1.0,-1
1.38165,1.381655,1.381645,1.381655,-1.0,-1.0,-1
1.381655,1.38167,1.38165,1.38167,-1.0,-1.0,-1
1.38167,1.381715,1.38162,1.381635,-1.0,-1.0,-1
1.381635,1.381645,1.381625,1.381645,-1.0,-1.0,-1
1.381645,1.381655,1.381635,1.381635,-1.0,-1.0,-1
1.381635,1.381645,1.381635,1.381635,-1.0,-1.0,-1
1.381635,1.381635,1.381635,1.381635,-1.0,-1.0,-1
1.381635,1.38174,1.381635,1.381735,-1.0,-1.0,-1
1.381735,1.38174,1.381715,1.381715,-1.0,-1.0,-1
1.381715,1.381715,1.381705,1.381715,-1.0,-1.0,-1
1.381715,1.381715,1.381715,1.381715,-1.0,-1.0,-1
1.381715,1.381715,1.381635,1.381645,-1.0,-1.0,-1
1.381645,1.381655,1.381645,1.381655,-1.0,-1.0,-1
1.381655,1.38166,1.38164,1.38164,-1.0,-1.0,-1
1.38164,1.38165,1.381635,1.38164,-1.0,-1.0,-1
1.38164,1.38164,1.38163,1.38163,-1.0,-1.0,-1
1.38163,1.38164,1.38163,1.38164,-1.0,-1.0,-1
1.38164,1.381675,1.38164,1.381675,-1.0,-1.0,-1
1.381675,1.381695,1.381675,1.381675,-1.0,-1.0,-1
1.381675,1.381675,1.381645,1.381645,-1.0,-1.0,-1
1.381645,1.38165,1.381625,1.381625,-1.0,-1.0,-1
1.381625,1.38163,1.38161,1.38162,-1.0,-1.0,-1
1.38162,1.381635,1.38161,1.381635,-1.0,-1.0,-1
1.381635,1.38164,1.381635,1.38164,-1.0,-1.0,-1
1.38164,1.38164,1.381615,1.38162,-1.0,-1.0,-1
1.38162,1.38167,1.38161,1.38166,-1.0,-1.0,-1
1.38166,1.381735,1.381655,1.381735,-1.0,-1.0,-1
1.381735,1.381755,1.381735,1.381755,-1.0,-1.0,-1
1.381755,1.381755,1.38174,1.381745,-1.0,-1.0,-1
1.381745,1.38176,1.38173,1.38173,-1.0,-1.0,-1
1.38173,1.38174,1.38173,1.381735,-1.0,-1.0,-1
1.381735,1.381765,1.381735,1.38176,-1.0,-1.0,-1
1.38176,1.381765,1.381755,1.381765,-1.0,-1.0,-1
1.381765,1.381765,1.381735,1.381735,-1.0,-1.0,-1
1.381735,1.38186,1.381735,1.381855,-1.0,-1.0,-1
1.381855,1.38186,1.38185,1.38185,-1.0,-1.0,-1
1.38185,1.38185,1.38185,1.38185,-1.0,-1.0,-1
1.38185,1.38185,1.381825,1.381825,-1.0,-1.0,-1
1.381825,1.381835,1.381825,1.381825,-1.0,-1.0,-1
1.381825,1.38183,1.38176,1.38176,-1.0,-1.0,-1
1.38176,1.381765,1.38176,1.38176,-1.0,-1.0,-1
1.38176,1.38176,1.38175,1.38175,-1.0,-1.0,-1
1.38175,1.38175,1.381735,1.381745,-1.0,-1.0,-1
1.381745,1.381775,1.381745,1.38176,-1.0,-1.0,-1
1.38176,1.381775,1.381745,1.381745,-1.0,-1.0,-1
1.381745,1.38175,1.381735,1.38174,-1.0,-1.0,-1
1.38174,1.381745,1.381655,1.381655,-1.0,-1.0,-1
1.381655,1.381655,1.38164,1.381645,-1.0,-1.0,-1
1.381645,1.381645,1.381635,1.381645,-1.0,-1.0,-1
1.381645,1.38167,1.381635,1.381635,-1.0,-1.0,-1
1.381635,1.38165,1.381635,1.381645,-1.0,-1.0,-1
1.381645,1.381655,1.381645,1.381655,-1.0,-1.0,-1
1.381655,1.381655,1.38164,1.381645,-1.0,-1.0,-1
1.381645,1.38165,1.381645,1.381645,-1.0,-1.0,-1
1.381645,1.38165,1.38164,1.38165,-1.0,-1.0,-1
1.38165,1.3817,1.38165,1.38169,-1.0,-1.0,-1
1.38169,1.38177,1.381685,1.38177,-1.0,-1.0,-1
1.38177,1.38177,1.381745,1.38175,-1.0,-1.0,-1
1.38175,1.381755,1.381745,1.381745,-1.0,-1.0,-1
1.381745,1.38175,1.381745,1.381745,-1.0,-1.0,-1
1.381745,1.38182,1.38173,1.381805,-1.0,-1.0,-1
1.381805,1.38183,1.381805,1.381825,-1.0,-1.0,-1
1.381825,1.381835,1.381815,1.38183,-1.0,-1.0,-1
1.38183,1.381835,1.381775,1.38178,-1.0,-1.0,-1
1.38178,1.38178,1.38174,1.38174,-1.0,-1.0,-1
1.38174,1.381745,1.381735,1.381735,-1.0,-1.0,-1
1.381735,1.381755,1.381735,1.381755,-1.0,-1.0,-1
1.381755,1.38176,1.381755,1.38176,-1.0,-1.0,-1
1.38176,1.381765,1.381755,1.38176,-1.0,-1.0,-1
1.38176,1.38176,1.38175,1.381755,-1.0,-1.0,-1
1.381755,1.381775,1.38175,1.38177,-1.0,-1.0,-1
1.38177,1.38177,1.38177,1.38177,-1.0,-1.0,-1
1.38177,1.38177,1.381755,1.381755,-1.0,-1.0,-1
1.381755,1.38176,1.38174,1.38174,-1.0,-1.0,-1
1.38174,1.381745,1.38174,1.38174,-1.0,-1.0,-1
1.38174,1.381745,1.38174,1.38174,-1.0,-1.0,-1
1.38174,1.381745,1.381735,1.381735,-1.0,-1.0,-1
1.381735,1.38174,1.381735,1.381735,-1.0,-1.0,-1
1.381735,1.38174,1.38168,1.38169,-1.0,-1.0,-1
1.38169,1.381695,1.381685,1.381695,-1.0,-1.0,-1
1.381695,1.381715,1.381685,1.381715,-1.0,-1.0,-1
1.381715,1.381715,1.381675,1.381675,-1.0,-1.0,-1
1.381675,1.381705,1.381665,1.38169,-1.0,-1.0,-1
1.38169,1.38174,1.38167,1.381735,-1.0,-1.0,-1
1.381735,1.38177,1.381735,1.38177,-1.0,-1.0,-1
1.38177,1.38177,1.381755,1.38176,-1.0,-1.0,-1
1.38176,1.38178,1.38174,1.38174,-1.0,-1.0,-1
1.38174,1.381745,1.38174,1.38174,-1.0,-1.0,-1
1.38174,1.381745,1.381735,1.381735,-1.0,-1.0,-1
1.381735,1.38174,1.381725,1.381725,-1.0,-1.0,-1
1.381725,1.381735,1.38167,1.38167,-1.0,-1.0,-1
1.38167,1.381675,1.381645,1.381645,-1.0,-1.0,-1
1.381645,1.381665,1.381645,1.38166,-1.0,-1.0,-1
1.38166,1.38166,1.38164,1.381645,-1.0,-1.0,-1
1.381645,1.38166,1.38164,1.381655,-1.0,-1.0,-1
1.381655,1.381655,1.381645,1.38165,-1.0,-1.0,-1
1.38165,1.38166,1.38164,1.38164,-1.0,-1.0,-1
1.38164,1.38164,1.381555,1.381555,-1.0,-1.0,-1
1.381555,1.381555,1.381545,1.381545,-1.0,-1.0,-1
1.381545,1.38155,1.38154,1.381545,-1.0,-1.0,-1
1.381545,1.381555,1.38154,1.381555,-1.0,-1.0,-1
1.381555,1.38162,1.381555,1.38161,-1.0,-1.0,-1
1.38161,1.381615,1.3816,1.381605,-1.0,-1.0,-1
1.381605,1.38163,1.3816,1.38163,-1.0,-1.0,-1
1.38163,1.381635,1.381575,1.381575,-1.0,-1.0,-1
1.381575,1.381575,1.38154,1.381575,-1.0,-1.0,-1
1.381575,1.38159,1.38157,1.38159,-1.0,-1.0,-1
1.38159,1.38164,1.38158,1.38164,-1.0,-1.0,-1
1.38164,1.38164,1.38164,1.38164,-1.0,-1.0,-1
1.38164,1.38164,1.381635,1.38164,-1.0,-1.0,-1
1.38164,1.38174,1.38163,1.381735,-1.0,-1.0,-1
1.381735,1.38174,1.381705,1.381735,-1.0,-1.0,-1
1.381735,1.38174,1.381725,1.381735,-1.0,-1.0,-1
1.381735,1.38174,1.381725,1.381735,-1.0,-1.0,-1
1.381735,1.38174,1.381735,1.381735,-1.0,-1.0,-1
1.381735,1.38174,1.38172,1.38173,-1.0,-1.0,-1
1.38173,1.381735,1.381725,1.38173,-1.0,-1.0,-1
1.38173,1.38175,1.38173,1.38174,-1.0,-1.0,-1
1.38174,1.38175,1.381725,1.381725,-1.0,-1.0,-1
1.381725,1.381735,1.381725,1.38173,-1.0,-1.0,-1
1.38173,1.381735,1.38173,1.38173,-1.0,-1.0,-1
1.38173,1.38175,1.381725,1.381735,-1.0,-1.0,-1
1.381735,1.38174,1.38166,1.38166,-1.0,-1.0,-1
1.38166,1.38167,1.38166,1.38167,-1.0,-1.0,-1
1.38167,1.38167,1.381645,1.381645,-1.0,-1.0,-1
1.381645,1.381645,1.38164,1.38164,-1.0,-1.0,-1
1.38164,1.38164,1.38162,1.38162,-1.0,-1.0,-1
1.38162,1.38164,1.38162,1.38164,-1.0,-1.0,-1
1.38164,1.381665,1.38164,1.381665,-1.0,-1.0,-1
1.381665,1.381675,1.381665,1.381675,-1.0,-1.0,-1
1.381675,1.38168,1.381675,1.38168,-1.0,-1.0,-1
1.38168,1.38168,1.38168,1.38168,-1.0,-1.0,-1
1.38168,1.38168,1.38164,1.38164,-1.0,-1.0,-1
1.38164,1.381665,1.38164,1.381655,-1.0,-1.0,-1
1.381655,1.381725,1.381645,1.381725,-1.0,-1.0,-1
1.381725,1.38174,1.381725,1.381735,-1.0,-1.0,-1
1.381735,1.38174,1.38168,1.38168,-1.0,-1.0,-1
1.38168,1.38168,1.381665,1.381665,-1.0,-1.0,-1
1.381665,1.38174,1.381665,1.381735,-1.0,-1.0,-1
1.381735,1.38174,1.381735,1.381735,-1.0,-1.0,-1
1.381735,1.38174,1.381735,1.381735,-1.0,-1.0,-1
1.381735,1.38174,1.381735,1.381735,-1.0,-1.0,-1
1.381735,1.38174,1.381735,1.381735,-1.0,-1.0,-1
1.381735,1.38174,1.381735,1.381735,-1.0,-1.0,-1
1.381735,1.381785,1.381735,1.381785,-1.0,-1.0,-1
1.381785,1.381785,1.381755,1.38176,-1.0,-1.0,-1
1.38176,1.38179,1.38169,1.381765,-1.0,-1.0,-1
1.381765,1.381785,1.38169,1.3817,-1.0,-1.0,-1
1.3817,1.381705,1.38164,1.38164,-1.0,-1.0,-1
1.38164,1.381655,1.381635,1.381645,-1.0,-1.0,-1
1.381645,1.38167,1.381645,1.381645,-1.0,-1.0,-1
1.381645,1.38167,1.381645,1.38165,-1.0,-1.0,-1
1.38165,1.381695,1.38165,1.38166,-1.0,-1.0,-1
1.38166,1.38167,1.381645,1.381665,-1.0,-1.0,-1
1.381665,1.3817,1.38166,1.38168,-1.0,-1.0,-1
1.38168,1.38168,1.381645,1.381645,-1.0,-1.0,-1
1.381645,1.381645,1.38156,1.38158,-1.0,-1.0,-1
1.38158,1.38158,1.381555,1.381555,-1.0,-1.0,-1
1.381555,1.38158,1.38155,1.38156,-1.0,-1.0,-1
1.38156,1.381615,1.38156,1.381605,-1.0,-1.0,-1
1.381605,1.38161,1.381575,1.381575,-1.0,-1.0,-1
1.381575,1.38159,1.381575,1.38159,-1.0,-1.0,-1
1.38159,1.38159,1.381575,1.381575,-1.0,-1.0,-1
1.381575,1.381585,1.38157,1.38157,-1.0,-1.0,-1
1.38157,1.38159,1.38157,1.381585,-1.0,-1.0,-1
1.381585,1.38159,1.38156,1.38156,-1.0,-1.0,-1
1.38156,1.38157,1.38156,1.38157,-1.0,-1.0,-1
1.38157,1.381595,1.38157,1.38159,-1.0,-1.0,-1
1.38159,1.381605,1.38159,1.381595,-1.0,-1.0,-1
1.381595,1.38161,1.38158,1.38158,-1.0,-1.0,-1
1.38158,1.38161,1.38158,1.38161,-1.0,-1.0,-1
1.38161,1.38161,1.38159,1.381595,-1.0,-1.0,-1
1.381595,1.381595,1.38158,1.38158,-1.0,-1.0,-1
1.38158,1.38158,1.38154,1.38154,-1.0,-1.0,-1
1.38154,1.38155,1.38154,1.38154,-1.0,-1.0,-1
1.38154,1.38156,1.38154,1.38156,-1.0,-1.0,-1
1.38156,1.381575,1.381545,1.381545,-1.0,-1.0,-1
1.381545,1.38155,1.38154,1.38155,-1.0,-1.0,-1
1.38155,1.381555,1.38155,1.381555,-1.0,-1.0,-1
1.381555,1.381555,1.38154,1.38154,-1.0,-1.0,-1
1.38154,1.381555,1.38146,1.38146,-1.0,-1.0,-1
1.38146,1.38152,1.38146,1.381505,-1.0,-1.0,-1
1.381505,1.38151,1.381495,1.381495,-1.0,-1.0,-1
1.381495,1.381495,1.38148,1.38149,-1.0,-1.0,-1
1.38149,1.381495,1.38144,1.38144,-1.0,-1.0,-1
1.38144,1.38145,1.381435,1.381445,-1.0,-1.0,-1
1.381445,1.381555,1.381445,1.38155,-1.0,-1.0,-1
1.38155,1.381565,1.38155,1.381555,-1.0,-1.0,-1
1.381555,1.38157,1.381535,1.381535,-1.0,-1.0,-1
1.381535,1.381535,1.38153,1.38153,-1.0,-1.0,-1
1.38153,1.38154,1.38153,1.381535,-1.0,-1.0,-1
1.381535,1.38157,1.381485,1.381495,-1.0,-1.0,-1
1.381495,1.3815,1.381475,1.381475,-1.0,-1.0,-1
1.381475,1.38148,1.381475,1.381475,-1.0,-1.0,-1
1.381475,1.38151,1.381475,1.381485,-1.0,-1.0,-1
1.381485,1.38151,1.38147,1.38149,-1.0,-1.0,-1
1.38149,1.381515,1.38149,1.381505,-1.0,-1.0,-1
1.381505,1.38154,1.3815,1.38154,-1.0,-1.0,-1
1.38154,1.381545,1.381535,1.381545,-1.0,-1.0,-1
1.381545,1.381565,1.381545,1.38156,-1.0,-1.0,-1
1.38156,1.381565,1.381555,1.38156,-1.0,-1.0,-1
1.38156,1.381565,1.38155,1.38155,-1.0,-1.0,-1
1.38155,1.38159,1.38155,1.381585,-1.0,-1.0,-1
1.381585,1.381595,1.38157,1.38159,-1.0,-1.0,-1
1.38159,1.381595,1.38159,1.38159,-1.0,-1.0,-1
1.38159,1.381635,1.38158,1.381605,-1.0,-1.0,-1
1.381605,1.381615,1.38157,1.381575,-1.0,-1.0,-1
1.381575,1.38159,1.381555,1.38159,-1.0,-1.0,-1
1.38159,1.381615,1.381565,1.381615,-1.0,-1.0,-1
1.381615,1.381615,1.38161,1.38161,-1.0,-1.0,-1
1.38161,1.38161,1.381555,1.381575,-1.0,-1.0,-1
1.381575,1.381605,1.381565,1.381585,-1.0,-1.0,-1
1.381585,1.381595,1.38153,1.381545,-1.0,-1.0,-1
1.381545,1.381545,1.38153,1.381545,-1.0,-1.0,-1
1.381545,1.38155,1.38154,1.381545,-1.0,-1.0,-1
1.381545,1.381595,1.38154,1.38154,-1.0,-1.0,-1
1.38154,1.38154,1.38153,1.38154,-1.0,-1.0,-1
1.38154,1.38155,1.38153,1.38154,-1.0,-1.0,-1
1.38154,1.38154,1.381525,1.38154,-1.0,-1.0,-1
1.38154,1.381545,1.38154,1.38154,-1.0,-1.0,-1
1.38154,1.38157,1.38154,1.381555,-1.0,-1.0,-1
1.381555,1.381555,1.381535,1.38154,-1.0,-1.0,-1
1.38154,1.381565,1.38154,1.381555,-1.0,-1.0,-1
1.381555,1.381635,1.381555,1.381635,-1.0,-1.0,-1
1.381635,1.38164,1.38163,1.38163,-1.0,-1.0,-1
1.38163,1.38163,1.38162,1.38163,-1.0,-1.0,-1
1.38163,1.38164,1.38162,1.38163,-1.0,-1.0,-1
1.38163,1.381655,1.38163,1.38165,-1.0,-1.0,-1
1.38165,1.38166,1.38165,1.38166,-1.0,-1.0,-1
1.38166,1.381715,1.381615,1.381625,-1.0,-1.0,-1
1.381625,1.381635,1.381615,1.38163,-1.0,-1.0,-1
1.38163,1.38163,1.381615,1.38163,-1.0,-1.0,-1
1.38163,1.381635,1.381605,1.38162,-1.0,-1.0,-1
1.38162,1.381755,1.38162,1.381755,-1.0,-1.0,-1
1.381755,1.381795,1.38174,1.38179,-1.0,-1.0,-1
1.38179,1.38179,1.381675,1.381685,-1.0,-1.0,-1
1.381685,1.381695,1.38168,1.381685,-1.0,-1.0,-1
1.381685,1.381705,1.38168,1.381705,-1.0,-1.0,-1
1.381705,1.381705,1.381655,1.38166,-1.0,-1.0,-1
1.38166,1.381665,1.381655,1.381665,-1.0,-1.0,-1
1.381665,1.381715,1.381655,1.38171,-1.0,-1.0,-1
1.38171,1.38173,1.381695,1.38171,-1.0,-1.0,-1
1.38171,1.38173,1.38166,1.38168,-1.0,-1.0,-1
1.38168,1.381685,1.38166,1.381675,-1.0,-1.0,-1
1.381675,1.38174,1.381665,1.381735,-1.0,-1.0,-1
1.381735,1.38174,1.38173,1.381735,-1.0,-1.0,-1
1.381735,1.381745,1.381715,1.381735,-1.0,-1.0,-1
1.381735,1.381765,1.381735,1.38176,-1.0,-1.0,-1
1.38176,1.381765,1.38175,1.38176,-1.0,-1.0,-1
1.38176,1.381775,1.381745,1.38176,-1.0,-1.0,-1
1.38176,1.38177,1.38175,1.381765,-1.0,-1.0,-1
1.381765,1.381775,1.381765,1.381765,-1.0,-1.0,-1
1.381765,1.381775,1.381765,1.381775,-1.0,-1.0,-1
1.381775,1.381775,1.38176,1.381775,-1.0,-1.0,-1
1.381775,1.38178,1.381765,1.38178,-1.0,-1.0,-1
1.38178,1.381865,1.381765,1.381835,-1.0,-1.0,-1
1.381835,1.381865,1.38183,1.381845,-1.0,-1.0,-1
1.381845,1.381855,1.381815,1.38185,-1.0,-1.0,-1
1.38185,1.381885,1.381845,1.381885,-1.0,-1.0,-1
1.381885,1.38191,1.381875,1.38189,-1.0,-1.0,-1
1.38189,1.38189,1.381835,1.381835,-1.0,-1.0,-1
1.381835,1.381835,1.381835,1.381835,-1.0,-1.0,-1
1.381835,1.38185,1.381835,1.381835,-1.0,-1.0,-1
1.381835,1.38185,1.381835,1.38185,-1.0,-1.0,-1
1.38185,1.381855,1.38185,1.381855,-1.0,-1.0,-1
1.381855,1.38187,1.381855,1.381865,-1.0,-1.0,-1
1.381865,1.38187,1.381855,1.381865,-1.0,-1.0,-1
1.381865,1.38187,1.381855,1.38186,-1.0,-1.0,-1
1.38186,1.38187,1.38186,1.381865,-1.0,-1.0,-1
1.381865,1.381915,1.381865,1.381915,-1.0,-1.0,-1
1.381915,1.381935,1.38189,1.381915,-1.0,-1.0,-1
1.381915,1.381925,1.381905,1.381925,-1.0,-1.0,-1
1.381925,1.381925,1.38192,1.381925,-1.0,-1.0,-1
1.381925,1.381935,1.381925,1.381925,-1.0,-1.0,-1
1.381925,1.381935,1.381925,1.38193,-1.0,-1.0,-1
1.38193,1.381935,1.381915,1.38193,-1.0,-1.0,-1
1.38193,1.38196,1.38193,1.381955,-1.0,-1.0,-1
1.381955,1.381955,1.381955,1.381955,-1.0,-1.0,-1
1.381955,1.381955,1.381925,1.38193,-1.0,-1.0,-1
1.38193,1.381945,1.381925,1.381945,-1.0,-1.0,-1
1.381945,1.38195,1.38192,1.381945,-1.0,-1.0,-1
1.381945,1.38195,1.38194,1.38194,-1.0,-1.0,-1
1.38194,1.38196,1.381935,1.38196,-1.0,-1.0,-1
1.38196,1.381965,1.381955,1.381955,-1.0,-1.0,-1
1.381955,1.381965,1.381955,1.381965,-1.0,-1.0,-1
1.381965,1.381965,1.38195,1.381955,-1.0,-1.0,-1
1.381955,1.38196,1.381855,1.381865,-1.0,-1.0,-1
1.381865,1.381865,1.381845,1.381855,-1.0,-1.0,-1
1.381855,1.38189,1.38183,1.38189,-1.0,-1.0,-1
1.38189,1.3819,1.381875,1.381895,-1.0,-1.0,-1
1.381895,1.381895,1.38189,1.381895,-1.0,-1.0,-1
1.381895,1.381945,1.381895,1.3819,-1.0,-1.0,-1
1.3819,1.38191,1.3819,1.381905,-1.0,-1.0,-1
1.381905,1.38191,1.38189,1.38189,-1.0,-1.0,-1
1.38189,1.38194,1.38189,1.38193,-1.0,-1.0,-1
1.38193,1.381945,1.38193,1.381945,-1.0,-1.0,-1
1.381945,1.38196,1.381945,1.38196,-1.0,-1.0,-1
1.38196,1.381975,1.381955,1.381955,-1.0,-1.0,-1
1.381955,1.381955,1.38194,1.38194,-1.0,-1.0,-1
1.38194,1.381945,1.38194,1.381945,-1.0,-1.0,-1
1.381945,1.381945,1.38194,1.381945,-1.0,-1.0,-1
1.381945,1.381945,1.38193,1.38193,-1.0,-1.0,-1
1.38193,1.38194,1.38192,1.38194,-1.0,-1.0,-1
1.38194,1.381945,1.381885,1.381945,-1.0,-1.0,-1
1.381945,1.381965,1.381945,1.381955,-1.0,-1.0,-1
1.381955,1.38198,1.381955,1.381965,-1.0,-1.0,-1
1.381965,1.38197,1.38193,1.38193,-1.0,-1.0,-1
1.38193,1.381935,1.3819,1.381915,-1.0,-1.0,-1
1.381915,1.38192,1.381915,1.381915,-1.0,-1.0,-1
1.381915,1.38195,1.381905,1.381945,-1.0,-1.0,-1
1.381945,1.381945,1.381875,1.381885,-1.0,-1.0,-1
1.381885,1.3819,1.381875,1.38188,-1.0,-1.0,-1
1.38188,1.38194,1.38188,1.38194,-1.0,-1.0,-1
1.38194,1.381945,1.381925,1.38194,-1.0,-1.0,-1
1.38194,1.38194,1.381885,1.381905,-1.0,-1.0,-1
1.381905,1.381945,1.381905,1.38193,-1.0,-1.0,-1
1.38193,1.381945,1.38192,1.381945,-1.0,-1.0,-1
1.381945,1.381955,1.381935,1.381955,-1.0,-1.0,-1
1.381955,1.38197,1.38194,1.38194,-1.0,-1.0,-1
1.38194,1.38204,1.38194,1.38204,-1.0,-1.0,-1
1.38204,1.38205,1.38203,1.38205,-1.0,-1.0,-1
1.38205,1.38205,1.382015,1.38203,-1.0,-1.0,-1
1.38203,1.382045,1.38197,1.38197,-1.0,-1.0,-1
1.38197,1.381975,1.38196,1.381965,-1.0,-1.0,-1
1.381965,1.381975,1.381955,1.381965,-1.0,-1.0,-1
1.381965,1.381975,1.381955,1.381965,-1.0,-1.0,-1
1.381965,1.38198,1.38196,1.381975,-1.0,-1.0,-1
1.381975,1.38198,1.38196,1.381965,-1.0,-1.0,-1
1.381965,1.381965,1.38191,1.38194,-1.0,-1.0,-1
1.38194,1.38194,1.38191,1.381925,-1.0,-1.0,-1
1.381925,1.381935,1.381915,1.381935,-1.0,-1.0,-1
1.381935,1.38196,1.38192,1.38195,-1.0,-1.0,-1
1.38195,1.381955,1.381855,1.381855,-1.0,-1.0,-1
1.381855,1.38187,1.38185,1.38185,-1.0,-1.0,-1
1.38185,1.38185,1.381825,1.38184,-1.0,-1.0,-1
1.38184,1.38186,1.381815,1.381825,-1.0,-1.0,-1
1.381825,1.381845,1.381825,1.38184,-1.0,-1.0,-1
1.38184,1.381845,1.38183,1.38183,-1.0,-1.0,-1
1.38183,1.381845,1.38183,1.381835,-1.0,-1.0,-1
1.381835,1.381835,1.38183,1.381835,-1.0,-1.0,-1
1.381835,1.381855,1.38183,1.381835,-1.0,-1.0,-1
1.381835,1.38184,1.381825,1.38183,-1.0,-1.0,-1
1.38183,1.38184,1.381825,1.381825,-1.0,-1.0,-1
1.381825,1.381845,1.381825,1.381845,-1.0,-1.0,-1
1.381845,1.38185,1.38183,1.38183,-1.0,-1.0,-1
1.38183,1.38183,1.38183,1.38183,-1.0,-1.0,-1
1.38183,1.38184,1.38183,1.38184,-1.0,-1.0,-1
1.38184,1.381845,1.381835,1.381835,-1.0,-1.0,-1
1.381835,1.381865,1.381835,1.381865,-1.0,-1.0,-1
1.381865,1.38191,1.381865,1.38188,-1.0,-1.0,-1
1.38188,1.381935,1.38188,1.381935,-1.0,-1.0,-1
1.381935,1.38196,1.381935,1.38196,-1.0,-1.0,-1
1.38196,1.38197,1.381955,1.38197,-1.0,-1.0,-1
1.38197,1.382005,1.381965,1.382005,-1.0,-1.0,-1
1.382005,1.38203,1.382005,1.382025,-1.0,-1.0,-1
1.382025,1.38205,1.382025,1.382045,-1.0,-1.0,-1
1.382045,1.38214,1.38204,1.38214,-1.0,-1.0,-1
1.38214,1.382175,1.382135,1.382165,-1.0,-1.0,-1
1.382165,1.382175,1.38211,1.38211,-1.0,-1.0,-1
1.38211,1.38214,1.38211,1.38214,-1.0,-1.0,-1
1.38214,1.38214,1.38213,1.382135,-1.0,-1.0,-1
1.382135,1.382135,1.38213,1.382135,-1.0,-1.0,-1
1.382135,1.382145,1.38213,1.38214,-1.0,-1.0,-1
1.38214,1.382165,1.38214,1.382165,-1.0,-1.0,-1
1.382165,1.3822,1.38216,1.38219,-1.0,-1.0,-1
1.38219,1.38219,1.382155,1.38217,-1.0,-1.0,-1
1.38217,1.382175,1.382155,1.38216,-1.0,-1.0,-1
1.38216,1.382215,1.38216,1.3822,-1.0,-1.0,-1
1.3822,1.382245,1.3822,1.38224,-1.0,-1.0,-1
1.38224,1.38224,1.38223,1.38223,-1.0,-1.0,-1
1.38223,1.382235,1.382145,1.38215,-1.0,-1.0,-1
1.38215,1.382175,1.382135,1.38215,-1.0,-1.0,-1
1.38215,1.38217,1.38214,1.38216,-1.0,-1.0,-1
1.38216,1.38217,1.382155,1.382155,-1.0,-1.0,-1
1.382155,1.382155,1.382125,1.382135,-1.0,-1.0,-1
1.382135,1.382135,1.38212,1.382125,-1.0,-1.0,-1
1.382125,1.38214,1.38208,1.38208,-1.0,-1.0,-1
1.38208,1.382085,1.38204,1.382045,-1.0,-1.0,-1
1.382045,1.382045,1.382025,1.382025,-1.0,-1.0,-1
1.382025,1.382035,1.38202,1.38203,-1.0,-1.0,-1
1.38203,1.38204,1.382025,1.38203,-1.0,-1.0,-1
1.38203,1.382035,1.38203,1.382035,-1.0,-1.0,-1
1.382035,1.382055,1.382035,1.382055,-1.0,-1.0,-1
1.382055,1.38212,1.382055,1.382085,-1.0,-1.0,-1
1.382085,1.38209,1.38202,1.38202,-1.0,-1.0,-1
1.38202,1.38202,1.382005,1.382015,-1.0,-1.0,-1
1.382015,1.38202,1.382015,1.38202,-1.0,-1.0,-1
1.38202,1.38202,1.38202,1.38202,-1.0,-1.0,-1
1.38202,1.382025,1.38202,1.382025,-1.0,-1.0,-1
1.382025,1.382025,1.382015,1.38202,-1.0,-1.0,-1
1.38202,1.38202,1.38198,1.38198,-1.0,-1.0,-1
1.38198,1.38198,1.381955,1.381955,-1.0,-1.0,-1
1.381955,1.381955,1.381935,1.381935,-1.0,-1.0,-1
1.381935,1.381935,1.381915,1.38192,-1.0,-1.0,-1
1.38192,1.38193,1.38192,1.38192,-1.0,-1.0,-1
1.38192,1.38193,1.3819,1.3819,-1.0,-1.0,-1
1.3819,1.381915,1.381845,1.381845,-1.0,-1.0,-1
1.381845,1.38186,1.381845,1.38186,-1.0,-1.0,-1
1.38186,1.38188,1.38186,1.381865,-1.0,-1.0,-1
1.381865,1.381865,1.38183,1.38184,-1.0,-1.0,-1
1.38184,1.381875,1.38184,1.381845,-1.0,-1.0,-1
1.381845,1.381865,1.381845,1.381855,-1.0,-1.0,-1
1.381855,1.381875,1.381855,1.381875,-1.0,-1.0,-1
1.381875,1.381875,1.38186,1.38186,-1.0,-1.0,-1
1.38186,1.381885,1.38185,1.38187,-1.0,-1.0,-1
1.38187,1.38188,1.38187,1.38188,-1.0,-1.0,-1
1.38188,1.38188,1.381865,1.381865,-1.0,-1.0,-1
1.381865,1.38188,1.381855,1.381865,-1.0,-1.0,-1
1.381865,1.38191,1.381865,1.38189,-1.0,-1.0,-1
1.38189,1.38191,1.381865,1.38189,-1.0,-1.0,-1
1.38189,1.38189,1.38185,1.381855,-1.0,-1.0,-1
1.381855,1.38186,1.381855,1.381855,-1.0,-1.0,-1
1.381855,1.381855,1.381845,1.381845,-1.0,-1.0,-1
1.381845,1.381845,1.38182,1.38182,-1.0,-1.0,-1
1.38182,1.381825,1.38175,1.38175,-1.0,-1.0,-1
1.38175,1.38175,1.381725,1.38173,-1.0,-1.0,-1
1.38173,1.381765,1.381725,1.38176,-1.0,-1.0,-1
1.38176,1.38177,1.381755,1.381765,-1.0,-1.0,-1
1.381765,1.38177,1.38176,1.38176,-1.0,-1.0,-1
1.38176,1.38185,1.38176,1.381835,-1.0,-1.0,-1
1.381835,1.38186,1.381835,1.38186,-1.0,-1.0,-1
1.38186,1.381935,1.38186,1.38193,-1.0,-1.0,-1
1.38193,1.381945,1.38192,1.38193,-1.0,-1.0,-1
1.38193,1.38193,1.38191,1.381915,-1.0,-1.0,-1
1.381915,1.381925,1.381905,1.38191,-1.0,-1.0,-1
1.38191,1.381915,1.38186,1.38186,-1.0,-1.0,-1
1.38186,1.38186,1.38183,1.381855,-1.0,-1.0,-1
1.381855,1.381855,1.381845,1.38185,-1.0,-1.0,-1
1.38185,1.38185,1.381845,1.38185,-1.0,-1.0,-1
1.38185,1.38186,1.38184,1.381845,-1.0,-1.0,-1
1.381845,1.381845,1.381825,1.381825,-1.0,-1.0,-1
1.381825,1.381845,1.381825,1.381845,-1.0,-1.0,-1
1.381845,1.381845,1.381825,1.38184,-1.0,-1.0,-1
1.38184,1.38184,1.3818,1.38181,-1.0,-1.0,-1
1.38181,1.381835,1.38181,1.381825,-1.0,-1.0,-1
1.381825,1.381845,1.381825,1.381845,-1.0,-1.0,-1
1.381845,1.381845,1.381845,1.381845,-1.0,-1.0,-1
1.381845,1.381845,1.38183,1.38184,-1.0,-1.0,-1
1.38184,1.38184,1.381795,1.381795,-1.0,-1.0,-1
1.381795,1.3818,1.381775,1.381785,-1.0,-1.0,-1
1.381785,1.381785,1.381775,1.38178,-1.0,-1.0,-1
1.38178,1.38179,1.381775,1.381785,-1.0,-1.0,-1
1.381785,1.38179,1.38178,1.38179,-1.0,-1.0,-1
1.38179,1.38179,1.381775,1.381785,-1.0,-1.0,-1
1.381785,1.381855,1.381775,1.381855,-1.0,-1.0,-1
1.381855,1.381855,1.38185,1.38185,-1.0,-1.0,-1
1.38185,1.381855,1.38184,1.381845,-1.0,-1.0,-1
1.381845,1.38185,1.381845,1.38185,-1.0,-1.0,-1
1.38185,1.38189,1.38185,1.38188,-1.0,-1.0,-1
1.38188,1.381925,1.38187,1.381875,-1.0,-1.0,-1
1.381875,1.381895,1.381875,1.38189,-1.0,-1.0,-1
1.38189,1.38194,1.381875,1.38189,-1.0,-1.0,-1
1.38189,1.381925,1.38189,1.381895,-1.0,-1.0,-1
1.381895,1.381905,1.381885,1.381885,-1.0,-1.0,-1
1.381885,1.381965,1.381885,1.381965,-1.0,-1.0,-1
1.381965,1.381965,1.38194,1.38194,-1.0,-1.0,-1
1.38194,1.381945,1.381885,1.381895,-1.0,-1.0,-1
1.381895,1.38191,1.38189,1.38189,-1.0,-1.0,-1
1.38189,1.38191,1.38189,1.38189,-1.0,-1.0,-1
1.38189,1.38189,1.38188,1.38188,-1.0,-1.0,-1
1.38188,1.381885,1.38188,1.381885,-1.0,-1.0,-1
1.381885,1.3819,1.38188,1.381895,-1.0,-1.0,-1
1.381895,1.3819,1.38189,1.38189,-1.0,-1.0,-1
1.38189,1.381895,1.38189,1.381895,-1.0,-1.0,-1
1.381895,1.381895,1.38189,1.38189,-1.0,-1.0,-1
1.38189,1.38189,1.38189,1.38189,-1.0,-1.0,-1
1.38189,1.38189,1.38189,1.38189,-1.0,-1.0,-1
1.38189,1.38191,1.38188,1.381905,-1.0,-1.0,-1
1.381905,1.381905,1.381905,1.381905,-1.0,-1.0,-1
1.381905,1.381905,1.381895,1.381895,-1.0,-1.0,-1
1.381895,1.381965,1.381895,1.381965,-1.0,-1.0,-1
1.381965,1.38197,1.38194,1.38194,-1.0,-1.0,-1
1.38194,1.381945,1.38194,1.381945,-1.0,-1.0,-1
1.381945,1.381965,1.38194,1.381965,-1.0,-1.0,-1
1.381965,1.38197,1.381955,1.38196,-1.0,-1.0,-1
1.38196,1.38196,1.38195,1.38195,-1.0,-1.0,-1
1.38195,1.38195,1.381915,1.381915,-1.0,-1.0,-1
1.381915,1.38192,1.381845,1.381845,-1.0,-1.0,-1
1.381845,1.38186,1.38184,1.381855,-1.0,-1.0,-1
1.381855,1.38188,1.381855,1.381875,-1.0,-1.0,-1
1.381875,1.381875,1.38185,1.38187,-1.0,-1.0,-1
1.38187,1.381895,1.38187,1.38189,-1.0,-1.0,-1
1.38189,1.381905,1.38188,1.3819,-1.0,-1.0,-1
1.3819,1.38191,1.381895,1.381895,-1.0,-1.0,-1
1.381895,1.381895,1.38188,1.38189,-1.0,-1.0,-1
1.38189,1.381895,1.381875,1.381885,-1.0,-1.0,-1
1.381885,1.381885,1.38184,1.38188,-1.0,-1.0,-1
1.38188,1.381905,1.381865,1.3819,-1.0,-1.0,-1
1.3819,1.38191,1.38188,1.381895,-1.0,-1.0,-1
1.381895,1.381895,1.38185,1.38188,-1.0,-1.0,-1
1.38188,1.38188,1.381865,1.381865,-1.0,-1.0,-1
1.381865,1.381885,1.38185,1.381885,-1.0,-1.0,-1
1.381885,1.381915,1.38188,1.38189,-1.0,-1.0,-1
1.38189,1.381905,1.381885,1.381885,-1.0,-1.0,-1
1.381885,1.381895,1.381885,1.381895,-1.0,-1.0,-1
1.381895,1.381915,1.381895,1.3819,-1.0,-1.0,-1
1.3819,1.3819,1.381875,1.381875,-1.0,-1.0,-1
1.381875,1.38192,1.38187,1.38189,-1.0,-1.0,-1
1.38189,1.381895,1.381885,1.38189,-1.0,-1.0,-1
1.38189,1.381895,1.381885,1.381885,-1.0,-1.0,-1
1.381885,1.38189,1.381885,1.381885,-1.0,-1.0,-1
1.381885,1.381885,1.38188,1.38188,-1.0,-1.0,-1
1.38188,1.381885,1.38188,1.381885,-1.0,-1.0,-1
1.381885,1.38189,1.38188,1.381885,-1.0,-1.0,-1
1.381885,1.38189,1.381845,1.38186,-1.0,-1.0,-1
1.38186,1.38187,1.38184,1.381845,-1.0,-1.0,-1
1.381845,1.381885,1.381845,1.38188,-1.0,-1.0,-1
1.38188,1.381935,1.38188,1.381915,-1.0,-1.0,-1
1.381915,1.381965,1.381905,1.381955,-1.0,-1.0,-1
1.381955,1.38196,1.38193,1.381935,-1.0,-1.0,-1
1.381935,1.381945,1.381935,1.381935,-1.0,-1.0,-1
1.381935,1.38194,1.38192,1.38192,-1.0,-1.0,-1
1.38192,1.38193,1.38192,1.38193,-1.0,-1.0,-1
1.38193,1.38193,1.38189,1.38191,-1.0,-1.0,-1
1.38191,1.38205,1.38191,1.38202,-1.0,-1.0,-1
1.38202,1.382045,1.38195,1.381965,-1.0,-1.0,-1
1.381965,1.38199,1.38194,1.38198,-1.0,-1.0,-1
1.38198,1.38199,1.381955,1.38198,-1.0,-1.0,-1
1.38198,1.381995,1.38197,1.381985,-1.0,-1.0,-1
1.381985,1.381995,1.381925,1.38198,-1.0,-1.0,-1
1.38198,1.38198,1.38195,1.381955,-1.0,-1.0,-1
1.381955,1.381955,1.381895,1.38191,-1.0,-1.0,-1
1.38191,1.38197,1.38191,1.381965,-1.0,-1.0,-1
1.381965,1.38198,1.38195,1.38195,-1.0,-1.0,-1
1.38195,1.38195,1.38193,1.38193,-1.0,-1.0,-1
1.38193,1.38196,1.38193,1.38194,-1.0,-1.0,-1
1.38194,1.382,1.38194,1.382,-1.0,-1.0,-1
1.382,1.382,1.381985,1.38199,-1.0,-1.0,-1
1.38199,1.38199,1.38194,1.381945,-1.0,-1.0,-1
1.381945,1.381945,1.38192,1.38193,-1.0,-1.0,-1
1.38193,1.381945,1.381915,1.38194,-1.0,-1.0,-1
1.38194,1.38202,1.381935,1.38202,-1.0,-1.0,-1
1.38202,1.38202,1.38198,1.381985,-1.0,-1.0,-1
1.381985,1.38201,1.38198,1.381985,-1.0,-1.0,-1
1.381985,1.38199,1.381975,1.381985,-1.0,-1.0,-1
1.381985,1.381995,1.381915,1.381925,-1.0,-1.0,-1
1.381925,1.381965,1.38192,1.38196,-1.0,-1.0,-1
1.38196,1.38196,1.38192,1.381935,-1.0,-1.0,-1
1.381935,1.381935,1.38192,1.381925,-1.0,-1.0,-1
1.381925,1.38195,1.38192,1.38192,-1.0,-1.0,-1
1.38192,1.38193,1.38192,1.381925,-1.0,-1.0,-1
1.381925,1.38193,1.381915,1.38192,-1.0,-1.0,-1
1.38192,1.38193,1.38192,1.381925,-1.0,-1.0,-1
1.381925,1.38194,1.38192,1.381925,-1.0,-1.0,-1
1.381925,1.381935,1.38192,1.38193,-1.0,-1.0,-1
1.38193,1.38196,1.381925,1.38196,-1.0,-1.0,-1
1.38196,1.38196,1.38192,1.381935,-1.0,-1.0,-1
1.381935,1.38196,1.381925,1.38196,-1.0,-1.0,-1
1.38196,1.381965,1.381955,1.381965,-1.0,-1.0,-1
1.381965,1.381965,1.381935,1.381965,-1.0,-1.0,-1
1.381965,1.38202,1.38196,1.38201,-1.0,-1.0,-1
1.38201,1.38202,1.38196,1.381965,-1.0,-1.0,-1
1.381965,1.38199,1.38196,1.381965,-1.0,-1.0,-1
1.381965,1.382,1.38196,1.382,-1.0,-1.0,-1
1.382,1.382055,1.382,1.382055,-1.0,-1.0,-1
1.382055,1.382055,1.382035,1.38205,-1.0,-1.0,-1
1.38205,1.382065,1.382035,1.38206,-1.0,-1.0,-1
1.38206,1.38214,1.38206,1.38214,-1.0,-1.0,-1
1.38214,1.382145,1.38212,1.38212,-1.0,-1.0,-1
1.38212,1.38215,1.38212,1.382145,-1.0,-1.0,-1
1.382145,1.38217,1.38214,1.382165,-1.0,-1.0,-1
1.382165,1.38217,1.382155,1.382155,-1.0,-1.0,-1
1.382155,1.382165,1.382135,1.38214,-1.0,-1.0,-1
1.38214,1.382145,1.382135,1.382145,-1.0,-1.0,-1
1.382145,1.382255,1.38214,1.38225,-1.0,-1.0,-1
1.38225,1.382255,1.382235,1.382235,-1.0,-1.0,-1
1.382235,1.38224,1.38223,1.38223,-1.0,-1.0,-1
1.38223,1.382245,1.38223,1.382245,-1.0,-1.0,-1
1.382245,1.382255,1.38218,1.382185,-1.0,-1.0,-1
1.382185,1.382185,1.382175,1.382185,-1.0,-1.0,-1
1.382185,1.382185,1.382155,1.38216,-1.0,-1.0,-1
1.38216,1.38219,1.38215,1.38219,-1.0,-1.0,-1
1.38219,1.38219,1.38216,1.382165,-1.0,-1.0,-1
1.382165,1.38217,1.382155,1.382155,-1.0,-1.0,-1
1.382155,1.38217,1.382155,1.382165,-1.0,-1.0,-1
1.382165,1.382215,1.38216,1.382185,-1.0,-1.0,-1
1.382185,1.382185,1.38215,1.382165,-1.0,-1.0,-1
1.382165,1.38217,1.382135,1.382145,-1.0,-1.0,-1
1.382145,1.382165,1.38213,1.38215,-1.0,-1.0,-1
1.38215,1.38215,1.38214,1.382145,-1.0,-1.0,-1
1.382145,1.382145,1.382135,1.382145,-1.0,-1.0,-1
1.382145,1.3822,1.382135,1.382195,-1.0,-1.0,-1
1.382195,1.3822,1.382195,1.3822,-1.0,-1.0,-1
1.3822,1.3822,1.382185,1.382185,-1.0,-1.0,-1
1.382185,1.3822,1.382155,1.382155,-1.0,-1.0,-1
1.382155,1.382165,1.38215,1.382155,-1.0,-1.0,-1
1.382155,1.38218,1.382155,1.382165,-1.0,-1.0,-1
1.382165,1.38217,1.382165,1.382165,-1.0,-1.0,-1
1.382165,1.38217,1.382145,1.38216,-1.0,-1.0,-1
1.38216,1.38216,1.382155,1.38216,-1.0,-1.0,-1
1.38216,1.38216,1.38206,1.382085,-1.0,-1.0,-1
1.382085,1.382115,1.382065,1.382105,-1.0,-1.0,-1
1.382105,1.38211,1.382065,1.382065,-1.0,-1.0,-1
1.382065,1.382065,1.382025,1.382025,-1.0,-1.0,-1
1.382025,1.38203,1.382015,1.38202,-1.0,-1.0,-1
1.38202,1.38203,1.38201,1.382025,-1.0,-1.0,-1
1.382025,1.38206,1.382015,1.382035,-1.0,-1.0,-1
1.382035,1.38205,1.382035,1.382035,-1.0,-1.0,-1
1.382035,1.382045,1.382015,1.382035,-1.0,-1.0,-1
1.382035,1.382035,1.38203,1.38203,-1.0,-1.0,-1
1.38203,1.382035,1.382025,1.382035,-1.0,-1.0,-1
1.382035,1.382055,1.382035,1.38205,-1.0,-1.0,-1
1.38205,1.382055,1.382045,1.38205,-1.0,-1.0,-1
1.38205,1.382055,1.382045,1.382055,-1.0,-1.0,-1
1.382055,1.382055,1.382045,1.38205,-1.0,-1.0,-1
1.38205,1.38205,1.382045,1.38205,-1.0,-1.0,-1
1.38205,1.38205,1.382045,1.38205,-1.0,-1.0,-1
1.38205,1.382055,1.382045,1.382055,-1.0,-1.0,-1
1.382055,1.382055,1.382045,1.38205,-1.0,-1.0,-1
1.38205,1.38205,1.382045,1.38205,-1.0,-1.0,-1
1.38205,1.382055,1.38203,1.38203,-1.0,-1.0,-1
1.38203,1.382055,1.38202,1.382055,-1.0,-1.0,-1
1.382055,1.382055,1.382025,1.382035,-1.0,-1.0,-1
1.382035,1.38213,1.382035,1.382095,-1.0,-1.0,-1
1.382095,1.382125,1.382075,1.38211,-1.0,-1.0,-1
1.38211,1.382135,1.38208,1.382105,-1.0,-1.0,-1
1.382105,1.38211,1.38205,1.382055,-1.0,-1.0,-1
1.382055,1.38206,1.382045,1.38206,-1.0,-1.0,-1
1.38206,1.38206,1.38205,1.382055,-1.0,-1.0,-1
1.382055,1.382055,1.38203,1.38205,-1.0,-1.0,-1
1.38205,1.38205,1.382035,1.382035,-1.0,-1.0,-1
1.382035,1.382035,1.38203,1.38203,-1.0,-1.0,-1
1.38203,1.38204,1.38203,1.38204,-1.0,-1.0,-1
1.38204,1.382075,1.38204,1.382055,-1.0,-1.0,-1
1.382055,1.382065,1.382045,1.382055,-1.0,-1.0,-1
1.382055,1.382055,1.38202,1.382025,-1.0,-1.0,-1
1.382025,1.382035,1.38199,1.38203,-1.0,-1.0,-1
1.38203,1.38203,1.38186,1.38186,-1.0,-1.0,-1
1.38186,1.381865,1.381845,1.381865,-1.0,-1.0,-1
1.381865,1.381865,1.381785,1.38179,-1.0,-1.0,-1
1.38179,1.381795,1.381775,1.381785,-1.0,-1.0,-1
1.381785,1.381805,1.38178,1.38179,-1.0,-1.0,-1
1.38179,1.381795,1.38179,1.38179,-1.0,-1.0,-1
1.38179,1.38179,1.38176,1.381765,-1.0,-1.0,-1
1.381765,1.381765,1.381725,1.381755,-1.0,-1.0,-1
1.381755,1.381755,1.38173,1.381735,-1.0,-1.0,-1
1.381735,1.38174,1.38173,1.381735,-1.0,-1.0,-1
1.381735,1.38177,1.381735,1.38177,-1.0,-1.0,-1
1.38177,1.381775,1.38175,1.38175,-1.0,-1.0,-1
1.38175,1.381775,1.38175,1.38177,-1.0,-1.0,-1
1.38177,1.38178,1.38177,1.381775,-1.0,-1.0,-1
1.381775,1.381775,1.381745,1.381755,-1.0,-1.0,-1
1.381755,1.38177,1.381755,1.381765,-1.0,-1.0,-1
1.381765,1.381825,1.381765,1.381775,-1.0,-1.0,-1
1.381775,1.381785,1.38177,1.381785,-1.0,-1.0,-1
1.381785,1.381785,1.381745,1.381745,-1.0,-1.0,-1
1.381745,1.381745,1.38173,1.381735,-1.0,-1.0,-1
1.381735,1.38174,1.38169,1.381695,-1.0,-1.0,-1
1.381695,1.3817,1.381675,1.38168,-1.0,-1.0,-1
1.38168,1.381685,1.381675,1.381675,-1.0,-1.0,-1
1.381675,1.381675,1.381615,1.38164,-1.0,-1.0,-1
1.38164,1.38164,1.38159,1.38159,-1.0,-1.0,-1
1.38159,1.381595,1.381585,1.381595,-1.0,-1.0,-1
1.381595,1.3816,1.38158,1.3816,-1.0,-1.0,-1
1.3816,1.3816,1.381585,1.3816,-1.0,-1.0,-1
1.3816,1.38163,1.38157,1.38163,-1.0,-1.0,-1
1.38163,1.381635,1.381625,1.38163,-1.0,-1.0,-1
1.38163,1.38163,1.381625,1.38163,-1.0,-1.0,-1
1.38163,1.381635,1.38162,1.38162,-1.0,-1.0,-1
1.38162,1.38163,1.381565,1.381565,-1.0,-1.0,-1
1.381565,1.381595,1.381565,1.38159,-1.0,-1.0,-1
1.38159,1.381605,1.381585,1.38159,-1.0,-1.0,-1
1.38159,1.381595,1.381575,1.381575,-1.0,-1.0,-1
1.381575,1.38158,1.38157,1.381575,-1.0,-1.0,-1
1.381575,1.38158,1.381565,1.381565,-1.0,-1.0,-1
1.381565,1.38157,1.38155,1.38155,-1.0,-1.0,-1
1.38155,1.381565,1.38155,1.381555,-1.0,-1.0,-1
1.381555,1.38157,1.381555,1.381555,-1.0,-1.0,-1
1.381555,1.381555,1.381545,1.38155,-1.0,-1.0,-1
1.38155,1.38155,1.38151,1.38151,-1.0,-1.0,-1
1.38151,1.38151,1.381475,1.381475,-1.0,-1.0,-1
1.381475,1.38151,1.381475,1.381505,-1.0,-1.0,-1
1.381505,1.381515,1.38148,1.38148,-1.0,-1.0,-1
1.38148,1.3815,1.381475,1.381495,-1.0,-1.0,-1
1.381495,1.381505,1.381495,1.381495,-1.0,-1.0,-1
1.381495,1.38152,1.38148,1.381495,-1.0,-1.0,-1
1.381495,1.381495,1.38146,1.38146,-1.0,-1.0,-1
1.38146,1.381465,1.38145,1.38145,-1.0,-1.0,-1
1.38145,1.38147,1.38145,1.38146,-1.0,-1.0,-1
1.38146,1.38147,1.381455,1.381455,-1.0,-1.0,-1
1.381455,1.381465,1.381455,1.381455,-1.0,-1.0,-1
1.381455,1.381465,1.381455,1.38146,-1.0,-1.0,-1
1.38146,1.38147,1.381455,1.381455,-1.0,-1.0,-1
1.381455,1.38146,1.381455,1.381455,-1.0,-1.0,-1
1.381455,1.381475,1.381455,1.38147,-1.0,-1.0,-1
1.38147,1.381525,1.381465,1.381525,-1.0,-1.0,-1
1.381525,1.38157,1.38152,1.38155,-1.0,-1.0,-1
1.38155,1.38155,1.38155,1.38155,-1.0,-1.0,-1
1.38155,1.38155,1.38155,1.38155,-1.0,-1.0,-1
1.38155,1.38155,1.3815,1.3815,-1.0,-1.0,-1
1.3815,1.38151,1.3815,1.38151,-1.0,-1.0,-1
1.38151,1.38151,1.38151,1.38151,-1.0,-1.0,-1
1.38151,1.38151,1.38151,1.38151,-1.0,-1.0,-1
1.38151,1.38151,1.381485,1.381495,-1.0,-1.0,-1
1.381495,1.381495,1.38148,1.38148,-1.0,-1.0,-1
1.38148,1.381485,1.38145,1.381455,-1.0,-1.0,-1
1.381455,1.38157,1.381455,1.381525,-1.0,-1.0,-1
1.381525,1.381545,1.381515,1.381545,-1.0,-1.0,-1
1.381545,1.381545,1.38151,1.381515,-1.0,-1.0,-1
1.381515,1.381515,1.3815,1.3815,-1.0,-1.0,-1
1.3815,1.38152,1.38147,1.38147,-1.0,-1.0,-1
1.38147,1.381485,1.381455,1.381485,-1.0,-1.0,-1
1.381485,1.38156,1.38148,1.381525,-1.0,-1.0,-1
1.381525,1.381525,1.38149,1.381495,-1.0,-1.0,-1
1.381495,1.381495,1.38148,1.381495,-1.0,-1.0,-1
1.381495,1.381505,1.381495,1.381505,-1.0,-1.0,-1
1.381505,1.381505,1.38147,1.38147,-1.0,-1.0,-1
1.38147,1.381475,1.38147,1.38147,-1.0,-1.0,-1
1.38147,1.38147,1.38145,1.381455,-1.0,-1.0,-1
1.381455,1.381455,1.38145,1.38145,-1.0,-1.0,-1
1.38145,1.381455,1.381445,1.38145,-1.0,-1.0,-1
1.38145,1.38147,1.381445,1.38146,-1.0,-1.0,-1
1.38146,1.38147,1.381455,1.38146,-1.0,-1.0,-1
1.38146,1.38147,1.381445,1.381455,-1.0,-1.0,-1
1.381455,1.381475,1.38145,1.38147,-1.0,-1.0,-1
1.38147,1.381475,1.381465,1.381465,-1.0,-1.0,-1
1.381465,1.381475,1.381465,1.38147,-1.0,-1.0,-1
1.38147,1.381475,1.38147,1.38147,-1.0,-1.0,-1
1.38147,1.381475,1.38147,1.38147,-1.0,-1.0,-1
1.38147,1.38148,1.38147,1.38148,-1.0,-1.0,-1
1.38148,1.38148,1.381475,1.38148,-1.0,-1.0,-1
1.38148,1.38148,1.38148,1.38148,-1.0,-1.0,-1
1.38148,1.38148,1.381475,1.381475,-1.0,-1.0,-1
1.381475,1.38149,1.381475,1.38149,-1.0,-1.0,-1
1.38149,1.38149,1.38149,1.38149,-1.0,-1.0,-1
1.38149,1.3815,1.38149,1.3815,-1.0,-1.0,-1
1.3815,1.3815,1.381485,1.381485,-1.0,-1.0,-1
1.381485,1.381485,1.38148,1.38148,-1.0,-1.0,-1
1.38148,1.38153,1.38148,1.381525,-1.0,-1.0,-1
1.381525,1.38153,1.381455,1.381455,-1.0,-1.0,-1
1.381455,1.38146,1.381455,1.38146,-1.0,-1.0,-1
1.38146,1.381475,1.38146,1.38146,-1.0,-1.0,-1
1.38146,1.381475,1.381445,1.381445,-1.0,-1.0,-1
1.381445,1.381445,1.381445,1.381445,-1.0,-1.0,-1
1.381445,1.381445,1.38144,1.38144,-1.0,-1.0,-1
1.38144,1.381445,1.38144,1.38144,-1.0,-1.0,-1
1.38144,1.38145,1.38134,1.381355,-1.0,-1.0,-1
1.381355,1.381365,1.381345,1.381355,-1.0,-1.0,-1
1.381355,1.38136,1.381345,1.381355,-1.0,-1.0,-1
1.381355,1.381365,1.381355,1.38136,-1.0,-1.0,-1
1.38136,1.38136,1.381335,1.381335,-1.0,-1.0,-1
1.381335,1.38135,1.381335,1.381345,-1.0,-1.0,-1
1.381345,1.38135,1.38134,1.38135,-1.0,-1.0,-1
1.38135,1.381355,1.381345,1.381355,-1.0,-1.0,-1
1.381355,1.381385,1.38135,1.381375,-1.0,-1.0,-1
1.381375,1.38138,1.381375,1.381375,-1.0,-1.0,-1
1.381375,1.38139,1.381375,1.381375,-1.0,-1.0,-1
1.381375,1.381395,1.381365,1.38139,-1.0,-1.0,-1
1.38139,1.381395,1.38139,1.38139,-1.0,-1.0,-1
1.38139,1.381395,1.38136,1.38137,-1.0,-1.0,-1
1.38137,1.381395,1.38137,1.381385,-1.0,-1.0,-1
1.381385,1.38139,1.38137,1.38138,-1.0,-1.0,-1
1.38138,1.381385,1.38137,1.381375,-1.0,-1.0,-1
1.381375,1.381385,1.381365,1.38137,-1.0,-1.0,-1
1.38137,1.381375,1.381305,1.381305,-1.0,-1.0,-1
1.381305,1.381355,1.381295,1.38134,-1.0,-1.0,-1
1.38134,1.381345,1.38133,1.38133,-1.0,-1.0,-1
1.38133,1.38138,1.38133,1.38137,-1.0,-1.0,-1
1.38137,1.38138,1.38135,1.381355,-1.0,-1.0,-1
1.381355,1.381355,1.38134,1.381345,-1.0,-1.0,-1
1.381345,1.381345,1.381245,1.381255,-1.0,-1.0,-1
1.381255,1.381255,1.38116,1.381165,-1.0,-1.0,-1
1.381165,1.38119,1.38115,1.381165,-1.0,-1.0,-1
1.381165,1.381245,1.38116,1.381245,-1.0,-1.0,-1
1.381245,1.381245,1.381185,1.381185,-1.0,-1.0,-1
1.381185,1.38119,1.38117,1.381175,-1.0,-1.0,-1
1.381175,1.3812,1.381175,1.38119,-1.0,-1.0,-1
1.38119,1.38119,1.381175,1.381175,-1.0,-1.0,-1
1.381175,1.381185,1.38117,1.38118,-1.0,-1.0,-1
1.38118,1.38124,1.38118,1.38124,-1.0,-1.0,-1
1.38124,1.381265,1.38123,1.381265,-1.0,-1.0,-1
1.381265,1.381285,1.381265,1.381275,-1.0,-1.0,-1
1.381275,1.38129,1.381265,1.38128,-1.0,-1.0,-1
1.38128,1.381385,1.38128,1.38138,-1.0,-1.0,-1
1.38138,1.381385,1.381375,1.38138,-1.0,-1.0,-1
1.38138,1.381385,1.38136,1.381365,-1.0,-1.0,-1
1.381365,1.381365,1.381345,1.38136,-1.0,-1.0,-1
1.38136,1.38136,1.381355,1.38136,-1.0,-1.0,-1
1.38136,1.381395,1.38136,1.38139,-1.0,-1.0,-1
1.38139,1.381395,1.38139,1.38139,-1.0,-1.0,-1
1.38139,1.381435,1.38139,1.381425,-1.0,-1.0,-1
1.381425,1.38145,1.381425,1.38144,-1.0,-1.0,-1
1.38144,1.381465,1.38144,1.38146,-1.0,-1.0,-1
1.38146,1.381485,1.38146,1.38148,-1.0,-1.0,-1
1.38148,1.38149,1.38148,1.38149,-1.0,-1.0,-1
1.38149,1.38149,1.381485,1.381485,-1.0,-1.0,-1
1.381485,1.381525,1.381485,1.381525,-1.0,-1.0,-1
1.381525,1.38154,1.3815,1.38154,-1.0,-1.0,-1
1.38154,1.381545,1.38152,1.381535,-1.0,-1.0,-1
1.381535,1.381535,1.38153,1.381535,-1.0,-1.0,-1
1.381535,1.381545,1.38153,1.38154,-1.0,-1.0,-1
1.38154,1.38154,1.38153,1.38153,-1.0,-1.0,-1
1.38153,1.38154,1.38153,1.38153,-1.0,-1.0,-1
1.38153,1.38154,1.381525,1.38154,-1.0,-1.0,-1
