open,high,low,close,volume,average,barCount
1.370725,1.37077,1.3707,1.3707,-1.0,-1.0,-1
1.3707,1.3707,1.3707,1.3707,-1.0,-1.0,-1
1.3707,1.3707,1.3707,1.3707,-1.0,-1.0,-1
1.3707,1.370745,1.3707,1.370705,-1.0,-1.0,-1
1.370705,1.370705,1.370705,1.370705,-1.0,-1.0,-1
1.370705,1.370705,1.370705,1.370705,-1.0,-1.0,-1
1.370705,1.370705,1.370705,1.370705,-1.0,-1.0,-1
1.370705,1.370705,1.370705,1.370705,-1.0,-1.0,-1
1.370705,1.370705,1.370705,1.370705,-1.0,-1.0,-1
1.370705,1.370705,1.370705,1.370705,-1.0,-1.0,-1
1.370705,1.370705,1.370705,1.370705,-1.0,-1.0,-1
1.370705,1.370705,1.370705,1.370705,-1.0,-1.0,-1
1.370705,1.370705,1.370705,1.370705,-1.0,-1.0,-1
1.370705,1.370705,1.370705,1.370705,-1.0,-1.0,-1
1.370705,1.370705,1.370705,1.370705,-1.0,-1.0,-1
1.370705,1.370705,1.370705,1.370705,-1.0,-1.0,-1
1.370705,1.370705,1.370705,1.370705,-1.0,-1.0,-1
1.370705,1.370705,1.370705,1.370705,-1.0,-1.0,-1
1.370705,1.370705,1.370705,1.370705,-1.0,-1.0,-1
1.370705,1.370705,1.370705,1.370705,-1.0,-1.0,-1
1.370705,1.37071,1.370705,1.37071,-1.0,-1.0,-1
1.37071,1.37071,1.37071,1.37071,-1.0,-1.0,-1
1.37071,1.37071,1.37071,1.37071,-1.0,-1.0,-1
1.37071,1.37071,1.37071,1.37071,-1.0,-1.0,-1
1.37071,1.37071,1.37071,1.37071,-1.0,-1.0,-1
1.37071,1.37071,1.37071,1.37071,-1.0,-1.0,-1
1.37071,1.37071,1.37071,1.37071,-1.0,-1.0,-1
1.37071,1.37071,1.37071,1.37071,-1.0,-1.0,-1
1.37071,1.37071,1.37071,1.37071,-1.0,-1.0,-1
1.37071,1.37071,1.37071,1.37071,-1.0,-1.0,-1
1.37071,1.37071,1.37071,1.37071,-1.0,-1.0,-1
1.37071,1.37071,1.37071,1.37071,-1.0,-1.0,-1
1.37071,1.37071,1.37071,1.37071,-1.0,-1.0,-1
1.37071,1.37071,1.37071,1.37071,-1.0,-1.0,-1
1.37071,1.37071,1.37071,1.37071,-1.0,-1.0,-1
1.37071,1.37071,1.37071,1.37071,-1.0,-1.0,-1
1.37071,1.37071,1.37071,1.37071,-1.0,-1.0,-1
1.37071,1.37071,1.37071,1.37071,-1.0,-1.0,-1
1.37071,1.37071,1.37071,1.37071,-1.0,-1.0,-1
1.37071,1.37071,1.37071,1.37071,-1.0,-1.0,-1
1.37071,1.37071,1.37071,1.37071,-1.0,-1.0,-1
1.37071,1.37071,1.37071,1.37071,-1.0,-1.0,-1
1.37071,1.37071,1.37071,1.37071,-1.0,-1.0,-1
1.37071,1.37071,1.37071,1.37071,-1.0,-1.0,-1
1.37071,1.37071,1.37071,1.37071,-1.0,-1.0,-1
1.37071,1.37071,1.37071,1.37071,-1.0,-1.0,-1
1.37071,1.37071,1.37071,1.37071,-1.0,-1.0,-1
1.37071,1.37071,1.37071,1.37071,-1.0,-1.0,-1
1.37071,1.37071,1.37071,1.37071,-1.0,-1.0,-1
1.37071,1.37071,1.37071,1.37071,-1.0,-1.0,-1
1.37071,1.37071,1.37071,1.37071,-1.0,-1.0,-1
1.37071,1.37071,1.37071,1.37071,-1.0,-1.0,-1
1.37071,1.37071,1.37071,1.37071,-1.0,-1.0,-1
1.37071,1.37071,1.37071,1.37071,-1.0,-1.0,-1
1.37071,1.37071,1.37071,1.37071,-1.0,-1.0,-1
1.37071,1.37071,1.37071,1.37071,-1.0,-1.0,-1
1.37071,1.37071,1.37071,1.37071,-1.0,-1.0,-1
1.37071,1.37071,1.37071,1.37071,-1.0,-1.0,-1
1.37071,1.37071,1.37071,1.37071,-1.0,-1.0,-1
1.37071,1.37071,1.37071,1.37071,-1.0,-1.0,-1
1.37071,1.37071,1.37071,1.37071,-1.0,-1.0,-1
1.37071,1.37071,1.37071,1.37071,-1.0,-1.0,-1
1.37071,1.37071,1.37071,1.37071,-1.0,-1.0,-1
1.37071,1.37071,1.37071,1.37071,-1.0,-1.0,-1
1.37071,1.37071,1.3707,1.3707,-1.0,-1.0,-1
1.3707,1.3707,1.3707,1.3707,-1.0,-1.0,-1
1.3707,1.3707,1.3707,1.3707,-1.0,-1.0,-1
1.3707,1.3707,1.37068,1.370685,-1.0,-1.0,-1
1.370685,1.370685,1.37068,1.370685,-1.0,-1.0,-1
1.370685,1.3707,1.37068,1.3707,-1.0,-1.0,-1
1.3707,1.3707,1.3707,1.3707,-1.0,-1.0,-1
1.3707,1.3707,1.37068,1.370685,-1.0,-1.0,-1
1.370685,1.370685,1.37068,1.370685,-1.0,-1.0,-1
1.370685,1.370685,1.370665,1.370685,-1.0,-1.0,-1
1.370685,1.370685,1.37068,1.370685,-1.0,-1.0,-1
1.370685,1.370685,1.37068,1.370685,-1.0,-1.0,-1
1.370685,1.370695,1.37068,1.370695,-1.0,-1.0,-1
1.370695,1.370695,1.370695,1.370695,-1.0,-1.0,-1
1.370695,1.370695,1.370695,1.370695,-1.0,-1.0,-1
1.370695,1.370695,1.370695,1.370695,-1.0,-1.0,-1
1.370695,1.370695,1.37067,1.37067,-1.0,-1.0,-1
1.37067,1.37067,1.37067,1.37067,-1.0,-1.0,-1
1.37067,1.370695,1.37067,1.370695,-1.0,-1.0,-1
1.370695,1.370695,1.370695,1.370695,-1.0,-1.0,-1
1.370695,1.370695,1.370695,1.370695,-1.0,-1.0,-1
1.370695,1.370695,1.37067,1.37067,-1.0,-1.0,-1
1.37067,1.37067,1.37067,1.37067,-1.0,-1.0,-1
1.37067,1.370695,1.37067,1.370695,-1.0,-1.0,-1
1.370695,1.370695,1.370665,1.370665,-1.0,-1.0,-1
1.370665,1.37067,1.370665,1.370665,-1.0,-1.0,-1
1.370665,1.37067,1.370665,1.370665,-1.0,-1.0,-1
1.370665,1.37067,1.370665,1.370665,-1.0,-1.0,-1
1.370665,1.37067,1.370665,1.370665,-1.0,-1.0,-1
1.370665,1.37067,1.370665,1.370665,-1.0,-1.0,-1
1.370665,1.37067,1.370665,1.370665,-1.0,-1.0,-1
1.370665,1.37067,1.370665,1.370665,-1.0,-1.0,-1
1.370665,1.37067,1.370665,1.370665,-1.0,-1.0,-1
1.370665,1.37067,1.370665,1.370665,-1.0,-1.0,-1
1.370665,1.37067,1.370665,1.370665,-1.0,-1.0,-1
1.370665,1.37067,1.370665,1.370665,-1.0,-1.0,-1
1.370665,1.37067,1.370665,1.370665,-1.0,-1.0,-1
1.370665,1.37067,1.370665,1.370665,-1.0,-1.0,-1
1.370665,1.37067,1.370665,1.370665,-1.0,-1.0,-1
1.370665,1.37067,1.370665,1.370665,-1.0,-1.0,-1
1.370665,1.37067,1.370665,1.370665,-1.0,-1.0,-1
1.370665,1.37067,1.370665,1.370665,-1.0,-1.0,-1
1.370665,1.37067,1.370665,1.370665,-1.0,-1.0,-1
1.370665,1.37067,1.370665,1.370665,-1.0,-1.0,-1
1.370665,1.37067,1.370665,1.370665,-1.0,-1.0,-1
1.370665,1.37067,1.370665,1.370665,-1.0,-1.0,-1
1.370665,1.37067,1.370665,1.370665,-1.0,-1.0,-1
1.370665,1.37067,1.370665,1.370665,-1.0,-1.0,-1
1.370665,1.37067,1.370665,1.370665,-1.0,-1.0,-1
1.370665,1.37067,1.370665,1.370665,-1.0,-1.0,-1
1.370665,1.37067,1.370665,1.370665,-1.0,-1.0,-1
1.370665,1.37067,1.370665,1.370665,-1.0,-1.0,-1
1.370665,1.37067,1.370665,1.370665,-1.0,-1.0,-1
1.370665,1.37067,1.370665,1.370665,-1.0,-1.0,-1
1.370665,1.37067,1.370665,1.370665,-1.0,-1.0,-1
1.370665,1.37067,1.370665,1.370665,-1.0,-1.0,-1
1.370665,1.37067,1.370665,1.370665,-1.0,-1.0,-1
1.370665,1.37067,1.370665,1.370665,-1.0,-1.0,-1
1.370665,1.37067,1.370665,1.370665,-1.0,-1.0,-1
1.370665,1.37067,1.370665,1.370665,-1.0,-1.0,-1
1.370665,1.37067,1.370665,1.370665,-1.0,-1.0,-1
1.370665,1.37067,1.370665,1.370665,-1.0,-1.0,-1
1.370665,1.37067,1.370665,1.370665,-1.0,-1.0,-1
1.370665,1.37067,1.370665,1.370665,-1.0,-1.0,-1
1.370665,1.37067,1.370665,1.370665,-1.0,-1.0,-1
1.370665,1.37067,1.370665,1.370665,-1.0,-1.0,-1
1.370665,1.37067,1.370665,1.370665,-1.0,-1.0,-1
1.370665,1.37067,1.370665,1.370665,-1.0,-1.0,-1
1.370665,1.37067,1.370665,1.370665,-1.0,-1.0,-1
1.370665,1.37067,1.370665,1.370665,-1.0,-1.0,-1
1.370665,1.37067,1.370665,1.370665,-1.0,-1.0,-1
1.370665,1.37067,1.370665,1.370665,-1.0,-1.0,-1
1.370665,1.37067,1.370665,1.370665,-1.0,-1.0,-1
1.370665,1.37067,1.370665,1.370665,-1.0,-1.0,-1
1.370665,1.37067,1.370665,1.370665,-1.0,-1.0,-1
1.370665,1.37067,1.370665,1.370665,-1.0,-1.0,-1
1.370665,1.37067,1.370665,1.370665,-1.0,-1.0,-1
1.370665,1.37067,1.370665,1.370665,-1.0,-1.0,-1
1.370665,1.37067,1.370665,1.370665,-1.0,-1.0,-1
1.370665,1.37067,1.370665,1.370665,-1.0,-1.0,-1
1.370665,1.37067,1.370665,1.370665,-1.0,-1.0,-1
1.370665,1.37067,1.370665,1.370665,-1.0,-1.0,-1
1.370665,1.37067,1.370665,1.370665,-1.0,-1.0,-1
1.370665,1.37067,1.370665,1.370665,-1.0,-1.0,-1
1.370665,1.37067,1.370665,1.370665,-1.0,-1.0,-1
1.370665,1.37067,1.370665,1.370665,-1.0,-1.0,-1
1.370665,1.370905,1.370665,1.370905,-1.0,-1.0,-1
1.370905,1.370915,1.3707,1.3707,-1.0,-1.0,-1
1.3707,1.370705,1.3707,1.3707,-1.0,-1.0,-1
1.3707,1.37072,1.3707,1.37072,-1.0,-1.0,-1
1.37072,1.37072,1.37072,1.37072,-1.0,-1.0,-1
1.37072,1.37072,1.37072,1.37072,-1.0,-1.0,-1
1.37072,1.37072,1.37072,1.37072,-1.0,-1.0,-1
1.37072,1.37072,1.37072,1.37072,-1.0,-1.0,-1
1.37072,1.37072,1.37072,1.37072,-1.0,-1.0,-1
1.37072,1.37072,1.37072,1.37072,-1.0,-1.0,-1
1.37072,1.37072,1.37072,1.37072,-1.0,-1.0,-1
1.37072,1.37072,1.3707,1.3707,-1.0,-1.0,-1
1.3707,1.370705,1.370685,1.370685,-1.0,-1.0,-1
1.370685,1.370705,1.370685,1.370705,-1.0,-1.0,-1
1.370705,1.370705,1.370705,1.370705,-1.0,-1.0,-1
1.370705,1.370705,1.370705,1.370705,-1.0,-1.0,-1
1.370705,1.370705,1.370705,1.370705,-1.0,-1.0,-1
1.370705,1.370705,1.370705,1.370705,-1.0,-1.0,-1
1.370705,1.370705,1.370685,1.370685,-1.0,-1.0,-1
1.370685,1.37069,1.370685,1.370685,-1.0,-1.0,-1
1.370685,1.370705,1.370685,1.370705,-1.0,-1.0,-1
1.370705,1.370705,1.370705,1.370705,-1.0,-1.0,-1
1.370705,1.370705,1.3707,1.3707,-1.0,-1.0,-1
1.3707,1.37071,1.3707,1.37071,-1.0,-1.0,-1
1.37071,1.37071,1.370675,1.370675,-1.0,-1.0,-1
1.370675,1.370675,1.370675,1.370675,-1.0,-1.0,-1
1.370675,1.3707,1.370675,1.3707,-1.0,-1.0,-1
1.3707,1.3707,1.3707,1.3707,-1.0,-1.0,-1
1.3707,1.3707,1.3707,1.3707,-1.0,-1.0,-1
1.3707,1.3707,1.3707,1.3707,-1.0,-1.0,-1
1.3707,1.3707,1.3707,1.3707,-1.0,-1.0,-1
1.3707,1.3707,1.3707,1.3707,-1.0,-1.0,-1
1.3707,1.3707,1.3707,1.3707,-1.0,-1.0,-1
1.3707,1.3707,1.3707,1.3707,-1.0,-1.0,-1
1.3707,1.3707,1.3707,1.3707,-1.0,-1.0,-1
1.3707,1.3707,1.3707,1.3707,-1.0,-1.0,-1
1.3707,1.3707,1.3707,1.3707,-1.0,-1.0,-1
1.3707,1.3707,1.37067,1.3707,-1.0,-1.0,-1
1.3707,1.3707,1.3707,1.3707,-1.0,-1.0,-1
1.3707,1.3707,1.3707,1.3707,-1.0,-1.0,-1
1.3707,1.3707,1.370675,1.370675,-1.0,-1.0,-1
1.370675,1.370675,1.370675,1.370675,-1.0,-1.0,-1
1.370675,1.37071,1.37064,1.3707,-1.0,-1.0,-1
1.3707,1.370715,1.3707,1.370715,-1.0,-1.0,-1
1.370715,1.370725,1.370715,1.37072,-1.0,-1.0,-1
1.37072,1.370725,1.37069,1.37072,-1.0,-1.0,-1
1.37072,1.370735,1.370705,1.370705,-1.0,-1.0,-1
1.370705,1.370705,1.3707,1.3707,-1.0,-1.0,-1
1.3707,1.370705,1.3707,1.3707,-1.0,-1.0,-1
1.3707,1.370705,1.3707,1.370705,-1.0,-1.0,-1
1.370705,1.370705,1.370705,1.370705,-1.0,-1.0,-1
1.370705,1.370705,1.370705,1.370705,-1.0,-1.0,-1
1.370705,1.370705,1.370705,1.370705,-1.0,-1.0,-1
1.370705,1.370705,1.370705,1.370705,-1.0,-1.0,-1
1.370705,1.370705,1.370705,1.370705,-1.0,-1.0,-1
1.370705,1.370705,1.370705,1.370705,-1.0,-1.0,-1
1.370705,1.370705,1.370705,1.370705,-1.0,-1.0,-1
1.370705,1.370705,1.370705,1.370705,-1.0,-1.0,-1
1.370705,1.370705,1.370705,1.370705,-1.0,-1.0,-1
1.370705,1.370705,1.370705,1.370705,-1.0,-1.0,-1
1.370705,1.370705,1.370705,1.370705,-1.0,-1.0,-1
1.370705,1.370705,1.370705,1.370705,-1.0,-1.0,-1
1.370705,1.370705,1.370705,1.370705,-1.0,-1.0,-1
1.370705,1.370705,1.370705,1.370705,-1.0,-1.0,-1
1.370705,1.370705,1.370705,1.370705,-1.0,-1.0,-1
1.370705,1.370775,1.370705,1.37073,-1.0,-1.0,-1
1.37073,1.370735,1.37073,1.370735,-1.0,-1.0,-1
1.370735,1.37074,1.370725,1.37073,-1.0,-1.0,-1
1.37073,1.37073,1.370705,1.37071,-1.0,-1.0,-1
1.37071,1.370715,1.37071,1.370715,-1.0,-1.0,-1
1.370715,1.37074,1.370715,1.37073,-1.0,-1.0,-1
1.37073,1.37073,1.370705,1.37072,-1.0,-1.0,-1
1.37072,1.370725,1.37072,1.370725,-1.0,-1.0,-1
1.370725,1.370725,1.370705,1.37072,-1.0,-1.0,-1
1.37072,1.37074,1.37072,1.37074,-1.0,-1.0,-1
1.37074,1.37074,1.370725,1.37073,-1.0,-1.0,-1
1.37073,1.37073,1.37071,1.37071,-1.0,-1.0,-1
1.37071,1.37082,1.370705,1.370705,-1.0,-1.0,-1
1.370705,1.370715,1.370705,1.370715,-1.0,-1.0,-1
1.370715,1.370715,1.370715,1.370715,-1.0,-1.0,-1
1.370715,1.370715,1.37069,1.370695,-1.0,-1.0,-1
1.370695,1.370695,1.37069,1.370695,-1.0,-1.0,-1
1.370695,1.370695,1.37069,1.370695,-1.0,-1.0,-1
1.370695,1.370695,1.37068,1.370685,-1.0,-1.0,-1
1.370685,1.370705,1.37068,1.370705,-1.0,-1.0,-1
1.370705,1.370785,1.370705,1.37071,-1.0,-1.0,-1
1.37071,1.37071,1.37071,1.37071,-1.0,-1.0,-1
1.37071,1.37071,1.37071,1.37071,-1.0,-1.0,-1
1.37071,1.370715,1.37071,1.37071,-1.0,-1.0,-1
1.37071,1.37071,1.370705,1.370705,-1.0,-1.0,-1
1.370705,1.370705,1.370705,1.370705,-1.0,-1.0,-1
1.370705,1.370705,1.370705,1.370705,-1.0,-1.0,-1
1.370705,1.370705,1.370705,1.370705,-1.0,-1.0,-1
1.370705,1.370705,1.370705,1.370705,-1.0,-1.0,-1
1.370705,1.370705,1.370705,1.370705,-1.0,-1.0,-1
1.370705,1.370705,1.370705,1.370705,-1.0,-1.0,-1
1.370705,1.370705,1.370705,1.370705,-1.0,-1.0,-1
1.370705,1.370715,1.370705,1.370715,-1.0,-1.0,-1
1.370715,1.370715,1.37071,1.37071,-1.0,-1.0,-1
1.37071,1.37071,1.37071,1.37071,-1.0,-1.0,-1
1.37071,1.37071,1.37071,1.37071,-1.0,-1.0,-1
1.37071,1.370715,1.37071,1.370715,-1.0,-1.0,-1
1.370715,1.370715,1.370715,1.370715,-1.0,-1.0,-1
1.370715,1.370715,1.3707,1.3707,-1.0,-1.0,-1
1.3707,1.3707,1.370695,1.370695,-1.0,-1.0,-1
1.370695,1.37072,1.370695,1.37072,-1.0,-1.0,-1
1.37072,1.37072,1.370715,1.370715,-1.0,-1.0,-1
1.370715,1.370715,1.370715,1.370715,-1.0,-1.0,-1
1.370715,1.370715,1.370695,1.37071,-1.0,-1.0,-1
1.37071,1.37071,1.3707,1.370705,-1.0,-1.0,-1
1.370705,1.370705,1.37068,1.37069,-1.0,-1.0,-1
1.37069,1.37069,1.37069,1.37069,-1.0,-1.0,-1
1.37069,1.37069,1.37069,1.37069,-1.0,-1.0,-1
1.37069,1.37069,1.37069,1.37069,-1.0,-1.0,-1
1.37069,1.37069,1.37069,1.37069,-1.0,-1.0,-1
1.37069,1.37071,1.37069,1.37071,-1.0,-1.0,-1
1.37071,1.37071,1.3707,1.37071,-1.0,-1.0,-1
1.37071,1.370735,1.37071,1.370715,-1.0,-1.0,-1
1.370715,1.370715,1.37071,1.37071,-1.0,-1.0,-1
1.37071,1.37071,1.370675,1.37068,-1.0,-1.0,-1
1.37068,1.370685,1.370675,1.370685,-1.0,-1.0,-1
1.370685,1.370685,1.370675,1.370685,-1.0,-1.0,-1
1.370685,1.37071,1.37068,1.37071,-1.0,-1.0,-1
1.37071,1.37071,1.370675,1.37068,-1.0,-1.0,-1
1.37068,1.370695,1.370675,1.370695,-1.0,-1.0,-1
1.370695,1.370695,1.37068,1.370685,-1.0,-1.0,-1
1.370685,1.370685,1.370675,1.370675,-1.0,-1.0,-1
1.370675,1.370675,1.370655,1.370655,-1.0,-1.0,-1
1.370655,1.370655,1.370655,1.370655,-1.0,-1.0,-1
1.370655,1.37066,1.370655,1.37066,-1.0,-1.0,-1
1.37066,1.37066,1.37066,1.37066,-1.0,-1.0,-1
1.37066,1.37066,1.37066,1.37066,-1.0,-1.0,-1
1.37066,1.37066,1.37066,1.37066,-1.0,-1.0,-1
1.37066,1.37066,1.37066,1.37066,-1.0,-1.0,-1
1.37066,1.37066,1.37066,1.37066,-1.0,-1.0,-1
1.37066,1.37066,1.37066,1.37066,-1.0,-1.0,-1
1.37066,1.37066,1.37066,1.37066,-1.0,-1.0,-1
1.37066,1.37066,1.37057,1.370625,-1.0,-1.0,-1
1.370625,1.37065,1.370625,1.37064,-1.0,-1.0,-1
1.37064,1.37065,1.37061,1.37061,-1.0,-1.0,-1
1.37061,1.37066,1.370605,1.370645,-1.0,-1.0,-1
1.370645,1.37065,1.37062,1.37062,-1.0,-1.0,-1
1.37062,1.37065,1.37062,1.37065,-1.0,-1.0,-1
1.37065,1.370655,1.37065,1.370655,-1.0,-1.0,-1
1.370655,1.370655,1.370635,1.370635,-1.0,-1.0,-1
1.370635,1.370655,1.370635,1.370655,-1.0,-1.0,-1
1.370655,1.37066,1.370655,1.37066,-1.0,-1.0,-1
1.37066,1.370695,1.370635,1.370635,-1.0,-1.0,-1
1.370635,1.37069,1.370635,1.37069,-1.0,-1.0,-1
1.37069,1.37069,1.370675,1.37068,-1.0,-1.0,-1
1.37068,1.37068,1.370655,1.370655,-1.0,-1.0,-1
1.370655,1.370705,1.370655,1.370705,-1.0,-1.0,-1
1.370705,1.37074,1.370705,1.370705,-1.0,-1.0,-1
1.370705,1.370705,1.3707,1.3707,-1.0,-1.0,-1
1.3707,1.3707,1.3707,1.3707,-1.0,-1.0,-1
1.3707,1.370705,1.3707,1.370705,-1.0,-1.0,-1
1.370705,1.370715,1.370705,1.370715,-1.0,-1.0,-1
1.370715,1.370715,1.370715,1.370715,-1.0,-1.0,-1
1.370715,1.370715,1.370715,1.370715,-1.0,-1.0,-1
1.370715,1.370715,1.3707,1.370705,-1.0,-1.0,-1
1.370705,1.37071,1.370705,1.37071,-1.0,-1.0,-1
1.37071,1.37071,1.37071,1.37071,-1.0,-1.0,-1
1.37071,1.37071,1.37071,1.37071,-1.0,-1.0,-1
1.37071,1.370715,1.370705,1.370705,-1.0,-1.0,-1
1.370705,1.37071,1.3707,1.37071,-1.0,-1.0,-1
1.37071,1.37071,1.37071,1.37071,-1.0,-1.0,-1
1.37071,1.37071,1.370705,1.37071,-1.0,-1.0,-1
1.37071,1.37071,1.37071,1.37071,-1.0,-1.0,-1
1.37071,1.37071,1.37071,1.37071,-1.0,-1.0,-1
1.37071,1.37071,1.370705,1.370705,-1.0,-1.0,-1
1.370705,1.37071,1.370705,1.37071,-1.0,-1.0,-1
1.37071,1.37071,1.37071,1.37071,-1.0,-1.0,-1
1.37071,1.37071,1.370705,1.370705,-1.0,-1.0,-1
1.370705,1.37071,1.370705,1.37071,-1.0,-1.0,-1
1.37071,1.37072,1.37071,1.37072,-1.0,-1.0,-1
1.37072,1.37072,1.370705,1.37072,-1.0,-1.0,-1
1.37072,1.37073,1.37072,1.370725,-1.0,-1.0,-1
1.370725,1.37073,1.370725,1.370725,-1.0,-1.0,-1
1.370725,1.37073,1.37072,1.370725,-1.0,-1.0,-1
1.370725,1.370735,1.370725,1.37073,-1.0,-1.0,-1
1.37073,1.37074,1.37073,1.370735,-1.0,-1.0,-1
1.370735,1.37074,1.37071,1.370725,-1.0,-1.0,-1
1.370725,1.370735,1.370725,1.37073,-1.0,-1.0,-1
1.37073,1.370735,1.37073,1.37073,-1.0,-1.0,-1
1.37073,1.370735,1.370705,1.37072,-1.0,-1.0,-1
1.37072,1.37072,1.370715,1.37072,-1.0,-1.0,-1
1.37072,1.37072,1.370715,1.370715,-1.0,-1.0,-1
1.370715,1.37073,1.3707,1.3707,-1.0,-1.0,-1
1.3707,1.3707,1.3707,1.3707,-1.0,-1.0,-1
1.3707,1.370705,1.3707,1.370705,-1.0,-1.0,-1
1.370705,1.370715,1.370705,1.370715,-1.0,-1.0,-1
1.370715,1.37072,1.370715,1.37072,-1.0,-1.0,-1
1.37072,1.37073,1.37072,1.370725,-1.0,-1.0,-1
1.370725,1.37073,1.370725,1.370725,-1.0,-1.0,-1
1.370725,1.37073,1.370725,1.370725,-1.0,-1.0,-1
1.370725,1.37073,1.370725,1.370725,-1.0,-1.0,-1
1.370725,1.37073,1.370725,1.370725,-1.0,-1.0,-1
1.370725,1.370735,1.370715,1.37072,-1.0,-1.0,-1
1.37072,1.37078,1.370685,1.37069,-1.0,-1.0,-1
1.37069,1.37069,1.370685,1.37069,-1.0,-1.0,-1
1.37069,1.37069,1.370685,1.37069,-1.0,-1.0,-1
1.37069,1.37069,1.370685,1.37069,-1.0,-1.0,-1
1.37069,1.37069,1.370685,1.37069,-1.0,-1.0,-1
1.37069,1.37069,1.370685,1.37069,-1.0,-1.0,-1
1.37069,1.37069,1.370685,1.37069,-1.0,-1.0,-1
1.37069,1.37071,1.370685,1.37071,-1.0,-1.0,-1
1.37071,1.37074,1.37071,1.370735,-1.0,-1.0,-1
1.370735,1.37074,1.370725,1.370725,-1.0,-1.0,-1
1.370725,1.370735,1.370715,1.37073,-1.0,-1.0,-1
1.37073,1.37074,1.370705,1.370705,-1.0,-1.0,-1
1.370705,1.370735,1.370705,1.37072,-1.0,-1.0,-1
1.37072,1.370865,1.37072,1.37083,-1.0,-1.0,-1
1.37083,1.370855,1.37083,1.37085,-1.0,-1.0,-1
1.37085,1.37088,1.37085,1.37088,-1.0,-1.0,-1
1.37088,1.37088,1.37088,1.37088,-1.0,-1.0,-1
1.37088,1.37088,1.370855,1.370875,-1.0,-1.0,-1
1.370875,1.37088,1.370855,1.37088,-1.0,-1.0,-1
1.37088,1.37088,1.37088,1.37088,-1.0,-1.0,-1
1.37088,1.37088,1.37088,1.37088,-1.0,-1.0,-1
1.37088,1.37088,1.37082,1.370825,-1.0,-1.0,-1
1.370825,1.37086,1.37082,1.37083,-1.0,-1.0,-1
1.37083,1.37088,1.37083,1.370835,-1.0,-1.0,-1
1.370835,1.370835,1.37081,1.37081,-1.0,-1.0,-1
1.37081,1.37082,1.37081,1.370815,-1.0,-1.0,-1
1.370815,1.370835,1.370815,1.370835,-1.0,-1.0,-1
1.370835,1.370855,1.37082,1.37085,-1.0,-1.0,-1
1.37085,1.370855,1.370845,1.370855,-1.0,-1.0,-1
1.370855,1.37088,1.370845,1.37085,-1.0,-1.0,-1
1.37085,1.37086,1.370845,1.37086,-1.0,-1.0,-1
1.37086,1.37086,1.370855,1.37086,-1.0,-1.0,-1
1.37086,1.37086,1.37081,1.37083,-1.0,-1.0,-1
1.37083,1.370835,1.370815,1.370815,-1.0,-1.0,-1
1.370815,1.370835,1.370815,1.370835,-1.0,-1.0,-1
1.370835,1.37085,1.370835,1.37085,-1.0,-1.0,-1
1.37085,1.370875,1.370835,1.37086,-1.0,-1.0,-1
1.37086,1.37086,1.370845,1.37085,-1.0,-1.0,-1
1.37085,1.37085,1.370805,1.370815,-1.0,-1.0,-1
1.370815,1.37082,1.370815,1.370815,-1.0,-1.0,-1
1.370815,1.370845,1.370815,1.370845,-1.0,-1.0,-1
1.370845,1.370845,1.37083,1.37083,-1.0,-1.0,-1
1.37083,1.370845,1.3708,1.370845,-1.0,-1.0,-1
1.370845,1.370845,1.37084,1.370845,-1.0,-1.0,-1
1.370845,1.37086,1.370835,1.370835,-1.0,-1.0,-1
1.370835,1.370835,1.370835,1.370835,-1.0,-1.0,-1
1.370835,1.37087,1.37083,1.370845,-1.0,-1.0,-1
1.370845,1.370845,1.370835,1.370835,-1.0,-1.0,-1
1.370835,1.370845,1.370835,1.370845,-1.0,-1.0,-1
1.370845,1.370845,1.370785,1.370805,-1.0,-1.0,-1
1.370805,1.370825,1.3708,1.370825,-1.0,-1.0,-1
1.370825,1.370845,1.37082,1.370825,-1.0,-1.0,-1
1.370825,1.370855,1.37082,1.370855,-1.0,-1.0,-1
1.370855,1.370855,1.370835,1.370835,-1.0,-1.0,-1
1.370835,1.370835,1.370795,1.370795,-1.0,-1.0,-1
1.370795,1.3708,1.370795,1.370795,-1.0,-1.0,-1
1.370795,1.3708,1.37079,1.37079,-1.0,-1.0,-1
1.37079,1.3708,1.37079,1.370795,-1.0,-1.0,-1
1.370795,1.37082,1.370795,1.3708,-1.0,-1.0,-1
1.3708,1.3708,1.370765,1.370795,-1.0,-1.0,-1
1.370795,1.3708,1.370795,1.370795,-1.0,-1.0,-1
1.370795,1.37082,1.370795,1.37082,-1.0,-1.0,-1
1.37082,1.37082,1.3708,1.3708,-1.0,-1.0,-1
1.3708,1.37082,1.3708,1.37082,-1.0,-1.0,-1
1.37082,1.37082,1.370815,1.37082,-1.0,-1.0,-1
1.37082,1.37082,1.370815,1.370815,-1.0,-1.0,-1
1.370815,1.37083,1.370815,1.37083,-1.0,-1.0,-1
1.37083,1.370855,1.37083,1.370855,-1.0,-1.0,-1
1.370855,1.370855,1.3708,1.3708,-1.0,-1.0,-1
1.3708,1.370825,1.3708,1.370825,-1.0,-1.0,-1
1.370825,1.37083,1.37082,1.37083,-1.0,-1.0,-1
1.37083,1.37083,1.370805,1.370805,-1.0,-1.0,-1
1.370805,1.370805,1.370785,1.37079,-1.0,-1.0,-1
1.37079,1.370815,1.370725,1.37074,-1.0,-1.0,-1
1.37074,1.370765,1.370735,1.37076,-1.0,-1.0,-1
1.37076,1.370765,1.370725,1.37073,-1.0,-1.0,-1
1.37073,1.37073,1.370705,1.370705,-1.0,-1.0,-1
1.370705,1.370705,1.370685,1.370705,-1.0,-1.0,-1
1.370705,1.37085,1.3707,1.37085,-1.0,-1.0,-1
1.37085,1.37087,1.370825,1.37087,-1.0,-1.0,-1
1.37087,1.37087,1.370855,1.370855,-1.0,-1.0,-1
1.370855,1.37086,1.370855,1.370855,-1.0,-1.0,-1
1.370855,1.370895,1.370755,1.370895,-1.0,-1.0,-1
1.370895,1.370895,1.370875,1.370875,-1.0,-1.0,-1
1.370875,1.370915,1.370855,1.370875,-1.0,-1.0,-1
1.370875,1.370875,1.370875,1.370875,-1.0,-1.0,-1
1.370875,1.370875,1.37086,1.370865,-1.0,-1.0,-1
1.370865,1.37087,1.37086,1.37087,-1.0,-1.0,-1
1.37087,1.37087,1.370865,1.37087,-1.0,-1.0,-1
1.37087,1.37087,1.37086,1.37087,-1.0,-1.0,-1
1.37087,1.37087,1.37087,1.37087,-1.0,-1.0,-1
1.37087,1.37096,1.37087,1.370905,-1.0,-1.0,-1
1.370905,1.37091,1.37086,1.370865,-1.0,-1.0,-1
1.370865,1.37088,1.37086,1.37088,-1.0,-1.0,-1
1.37088,1.370915,1.370875,1.3709,-1.0,-1.0,-1
1.3709,1.37091,1.37088,1.37088,-1.0,-1.0,-1
1.37088,1.37091,1.370875,1.37088,-1.0,-1.0,-1
1.37088,1.370885,1.37088,1.370885,-1.0,-1.0,-1
1.370885,1.370895,1.370875,1.37089,-1.0,-1.0,-1
1.37089,1.3709,1.37089,1.3709,-1.0,-1.0,-1
1.3709,1.3709,1.370885,1.370885,-1.0,-1.0,-1
1.370885,1.370895,1.370885,1.370895,-1.0,-1.0,-1
1.370895,1.37092,1.37089,1.37092,-1.0,-1.0,-1
1.37092,1.370925,1.37087,1.3709,-1.0,-1.0,-1
1.3709,1.370905,1.3709,1.3709,-1.0,-1.0,-1
1.3709,1.370915,1.3709,1.37091,-1.0,-1.0,-1
1.37091,1.37095,1.37091,1.37094,-1.0,-1.0,-1
1.37094,1.37094,1.370915,1.370915,-1.0,-1.0,-1
1.370915,1.370925,1.370875,1.37091,-1.0,-1.0,-1
1.37091,1.370945,1.37088,1.370905,-1.0,-1.0,-1
1.370905,1.37091,1.37089,1.37089,-1.0,-1.0,-1
1.37089,1.37091,1.370885,1.370905,-1.0,-1.0,-1
1.370905,1.370915,1.37089,1.3709,-1.0,-1.0,-1
1.3709,1.370905,1.370885,1.370885,-1.0,-1.0,-1
1.370885,1.370895,1.37088,1.370885,-1.0,-1.0,-1
1.370885,1.370895,1.370875,1.370875,-1.0,-1.0,-1
1.370875,1.37091,1.37086,1.37089,-1.0,-1.0,-1
1.37089,1.37094,1.37088,1.37088,-1.0,-1.0,-1
1.37088,1.37088,1.370875,1.370875,-1.0,-1.0,-1
1.370875,1.370875,1.370865,1.37087,-1.0,-1.0,-1
1.37087,1.37091,1.370865,1.37091,-1.0,-1.0,-1
1.37091,1.37096,1.370895,1.37096,-1.0,-1.0,-1
1.37096,1.37096,1.3709,1.3709,-1.0,-1.0,-1
1.3709,1.37094,1.370885,1.370885,-1.0,-1.0,-1
1.370885,1.3709,1.370885,1.370895,-1.0,-1.0,-1
1.370895,1.3709,1.37089,1.37089,-1.0,-1.0,-1
1.37089,1.370895,1.370875,1.370895,-1.0,-1.0,-1
1.370895,1.370905,1.370875,1.370905,-1.0,-1.0,-1
1.370905,1.370905,1.3709,1.370905,-1.0,-1.0,-1
1.370905,1.37092,1.3709,1.37091,-1.0,-1.0,-1
1.37091,1.370955,1.37091,1.37094,-1.0,-1.0,-1
1.37094,1.370945,1.37091,1.370915,-1.0,-1.0,-1
1.370915,1.370925,1.37088,1.370915,-1.0,-1.0,-1
1.370915,1.370915,1.37085,1.37085,-1.0,-1.0,-1
1.37085,1.37085,1.37084,1.37084,-1.0,-1.0,-1
1.37084,1.370845,1.37084,1.370845,-1.0,-1.0,-1
1.370845,1.370865,1.370835,1.370865,-1.0,-1.0,-1
1.370865,1.37088,1.37086,1.37088,-1.0,-1.0,-1
1.37088,1.370895,1.37088,1.37089,-1.0,-1.0,-1
1.37089,1.370905,1.37089,1.37089,-1.0,-1.0,-1
1.37089,1.37091,1.37089,1.370905,-1.0,-1.0,-1
1.370905,1.37091,1.3709,1.3709,-1.0,-1.0,-1
1.3709,1.370905,1.3709,1.3709,-1.0,-1.0,-1
1.3709,1.37091,1.3709,1.370905,-1.0,-1.0,-1
1.370905,1.37091,1.370865,1.37087,-1.0,-1.0,-1
1.37087,1.37087,1.370855,1.37086,-1.0,-1.0,-1
1.37086,1.370865,1.370855,1.370865,-1.0,-1.0,-1
1.370865,1.370865,1.37086,1.370865,-1.0,-1.0,-1
1.370865,1.370865,1.37086,1.370865,-1.0,-1.0,-1
1.370865,1.370865,1.37085,1.370855,-1.0,-1.0,-1
1.370855,1.370855,1.370825,1.370825,-1.0,-1.0,-1
1.370825,1.370835,1.37082,1.370825,-1.0,-1.0,-1
1.370825,1.370845,1.37082,1.37083,-1.0,-1.0,-1
1.37083,1.37086,1.37081,1.37083,-1.0,-1.0,-1
1.37083,1.37086,1.370795,1.370845,-1.0,-1.0,-1
1.370845,1.37085,1.37082,1.37085,-1.0,-1.0,-1
1.37085,1.37086,1.37085,1.37086,-1.0,-1.0,-1
1.37086,1.37086,1.370855,1.37086,-1.0,-1.0,-1
1.37086,1.37086,1.370855,1.37086,-1.0,-1.0,-1
1.37086,1.37086,1.370855,1.37086,-1.0,-1.0,-1
1.37086,1.37086,1.370845,1.370845,-1.0,-1.0,-1
1.370845,1.370845,1.370815,1.37082,-1.0,-1.0,-1
1.37082,1.370825,1.3705,1.3705,-1.0,-1.0,-1
1.3705,1.370515,1.370445,1.37051,-1.0,-1.0,-1
1.37051,1.37054,1.37051,1.37051,-1.0,-1.0,-1
1.37051,1.37051,1.37051,1.37051,-1.0,-1.0,-1
1.37051,1.37056,1.37051,1.37056,-1.0,-1.0,-1
1.37056,1.37058,1.37056,1.370575,-1.0,-1.0,-1
1.370575,1.370575,1.37054,1.370545,-1.0,-1.0,-1
1.370545,1.37059,1.370545,1.37059,-1.0,-1.0,-1
1.37059,1.37059,1.370585,1.370585,-1.0,-1.0,-1
1.370585,1.37059,1.370535,1.37054,-1.0,-1.0,-1
1.37054,1.37054,1.370535,1.370535,-1.0,-1.0,-1
1.370535,1.370545,1.370535,1.370545,-1.0,-1.0,-1
1.370545,1.370545,1.37052,1.37052,-1.0,-1.0,-1
1.37052,1.370605,1.37052,1.37059,-1.0,-1.0,-1
1.37059,1.37059,1.370575,1.37059,-1.0,-1.0,-1
1.37059,1.37061,1.370585,1.3706,-1.0,-1.0,-1
1.3706,1.370605,1.37058,1.37058,-1.0,-1.0,-1
1.37058,1.37058,1.37057,1.370575,-1.0,-1.0,-1
1.370575,1.3706,1.370575,1.3706,-1.0,-1.0,-1
1.3706,1.3706,1.370575,1.370575,-1.0,-1.0,-1
1.370575,1.37061,1.370575,1.37061,-1.0,-1.0,-1
1.37061,1.37061,1.37061,1.37061,-1.0,-1.0,-1
1.37061,1.37061,1.37059,1.37059,-1.0,-1.0,-1
1.37059,1.37059,1.37059,1.37059,-1.0,-1.0,-1
1.37059,1.37059,1.37059,1.37059,-1.0,-1.0,-1
1.37059,1.37059,1.37059,1.37059,-1.0,-1.0,-1
1.37059,1.3706,1.37059,1.370595,-1.0,-1.0,-1
1.370595,1.370605,1.370585,1.370585,-1.0,-1.0,-1
1.370585,1.37059,1.370515,1.370555,-1.0,-1.0,-1
1.370555,1.370555,1.37055,1.370555,-1.0,-1.0,-1
1.370555,1.37064,1.370535,1.37064,-1.0,-1.0,-1
1.37064,1.37064,1.370625,1.370625,-1.0,-1.0,-1
1.370625,1.37064,1.370625,1.37064,-1.0,-1.0,-1
1.37064,1.37064,1.37063,1.37064,-1.0,-1.0,-1
1.37064,1.370645,1.370605,1.370605,-1.0,-1.0,-1
1.370605,1.370605,1.37057,1.37058,-1.0,-1.0,-1
1.37058,1.3706,1.370575,1.3706,-1.0,-1.0,-1
1.3706,1.3706,1.370555,1.370555,-1.0,-1.0,-1
1.370555,1.370555,1.370555,1.370555,-1.0,-1.0,-1
1.370555,1.37056,1.37055,1.370555,-1.0,-1.0,-1
1.370555,1.370555,1.370545,1.370555,-1.0,-1.0,-1
1.370555,1.37056,1.37055,1.37056,-1.0,-1.0,-1
1.37056,1.370565,1.370555,1.37056,-1.0,-1.0,-1
1.37056,1.37056,1.370555,1.370555,-1.0,-1.0,-1
1.370555,1.370555,1.370545,1.37055,-1.0,-1.0,-1
1.37055,1.370555,1.370545,1.370555,-1.0,-1.0,-1
1.370555,1.370555,1.370545,1.37055,-1.0,-1.0,-1
1.37055,1.370555,1.370505,1.370505,-1.0,-1.0,-1
1.370505,1.370515,1.370505,1.370515,-1.0,-1.0,-1
1.370515,1.370515,1.37049,1.37049,-1.0,-1.0,-1
1.37049,1.370495,1.370485,1.370485,-1.0,-1.0,-1
1.370485,1.370505,1.37048,1.370505,-1.0,-1.0,-1
1.370505,1.37055,1.370505,1.37055,-1.0,-1.0,-1
1.37055,1.370555,1.370545,1.370555,-1.0,-1.0,-1
1.370555,1.370555,1.37055,1.370555,-1.0,-1.0,-1
1.370555,1.370555,1.37055,1.370555,-1.0,-1.0,-1
1.370555,1.370555,1.37055,1.370555,-1.0,-1.0,-1
1.370555,1.37056,1.370545,1.37056,-1.0,-1.0,-1
1.37056,1.370565,1.37056,1.37056,-1.0,-1.0,-1
1.37056,1.37056,1.37056,1.37056,-1.0,-1.0,-1
1.37056,1.37056,1.37056,1.37056,-1.0,-1.0,-1
1.37056,1.37056,1.370545,1.37055,-1.0,-1.0,-1
1.37055,1.37055,1.370545,1.37055,-1.0,-1.0,-1
1.37055,1.37055,1.370545,1.37055,-1.0,-1.0,-1
1.37055,1.37055,1.370545,1.37055,-1.0,-1.0,-1
1.37055,1.37055,1.370545,1.37055,-1.0,-1.0,-1
1.37055,1.37055,1.37051,1.37052,-1.0,-1.0,-1
1.37052,1.37052,1.37052,1.37052,-1.0,-1.0,-1
1.37052,1.37052,1.37052,1.37052,-1.0,-1.0,-1
1.37052,1.37053,1.37051,1.37052,-1.0,-1.0,-1
1.37052,1.37052,1.37052,1.37052,-1.0,-1.0,-1
1.37052,1.37052,1.37052,1.37052,-1.0,-1.0,-1
1.37052,1.37055,1.37052,1.370545,-1.0,-1.0,-1
1.370545,1.370555,1.370545,1.370545,-1.0,-1.0,-1
1.370545,1.370545,1.3705,1.370505,-1.0,-1.0,-1
1.370505,1.370505,1.370485,1.370485,-1.0,-1.0,-1
1.370485,1.370485,1.370475,1.370475,-1.0,-1.0,-1
1.370475,1.370475,1.370475,1.370475,-1.0,-1.0,-1
1.370475,1.370475,1.370465,1.37047,-1.0,-1.0,-1
1.37047,1.37047,1.37045,1.370455,-1.0,-1.0,-1
1.370455,1.370475,1.37045,1.370475,-1.0,-1.0,-1
1.370475,1.370475,1.370475,1.370475,-1.0,-1.0,-1
1.370475,1.370475,1.370475,1.370475,-1.0,-1.0,-1
1.370475,1.370475,1.37045,1.370475,-1.0,-1.0,-1
1.370475,1.370475,1.37045,1.37045,-1.0,-1.0,-1
1.37045,1.370495,1.370435,1.370495,-1.0,-1.0,-1
1.370495,1.370505,1.37049,1.370505,-1.0,-1.0,-1
1.370505,1.370505,1.370505,1.370505,-1.0,-1.0,-1
1.370505,1.370505,1.370505,1.370505,-1.0,-1.0,-1
1.370505,1.37051,1.3705,1.370505,-1.0,-1.0,-1
1.370505,1.37054,1.3705,1.370535,-1.0,-1.0,-1
1.370535,1.370555,1.37053,1.37055,-1.0,-1.0,-1
1.37055,1.370555,1.37055,1.37055,-1.0,-1.0,-1
1.37055,1.370555,1.370535,1.370535,-1.0,-1.0,-1
1.370535,1.37054,1.370535,1.370535,-1.0,-1.0,-1
1.370535,1.37054,1.370535,1.370535,-1.0,-1.0,-1
1.370535,1.37054,1.370535,1.370535,-1.0,-1.0,-1
1.370535,1.37054,1.370535,1.370535,-1.0,-1.0,-1
1.370535,1.37054,1.370535,1.37054,-1.0,-1.0,-1
1.37054,1.37054,1.370535,1.370535,-1.0,-1.0,-1
1.370535,1.37054,1.3705,1.370505,-1.0,-1.0,-1
1.370505,1.370605,1.3705,1.3706,-1.0,-1.0,-1
1.3706,1.370605,1.370595,1.370605,-1.0,-1.0,-1
1.370605,1.370605,1.370605,1.370605,-1.0,-1.0,-1
1.370605,1.370605,1.370605,1.370605,-1.0,-1.0,-1
1.370605,1.370605,1.37058,1.37059,-1.0,-1.0,-1
1.37059,1.37059,1.37059,1.37059,-1.0,-1.0,-1
1.37059,1.3706,1.37059,1.3706,-1.0,-1.0,-1
1.3706,1.3706,1.370595,1.3706,-1.0,-1.0,-1
1.3706,1.3706,1.370595,1.3706,-1.0,-1.0,-1
1.3706,1.3706,1.370595,1.3706,-1.0,-1.0,-1
1.3706,1.3706,1.370595,1.3706,-1.0,-1.0,-1
1.3706,1.3706,1.370595,1.3706,-1.0,-1.0,-1
1.3706,1.3706,1.370595,1.3706,-1.0,-1.0,-1
1.3706,1.3706,1.370595,1.3706,-1.0,-1.0,-1
1.3706,1.3706,1.370595,1.3706,-1.0,-1.0,-1
1.3706,1.3706,1.370595,1.3706,-1.0,-1.0,-1
1.3706,1.3706,1.370595,1.3706,-1.0,-1.0,-1
1.3706,1.3706,1.370595,1.3706,-1.0,-1.0,-1
1.3706,1.3706,1.370595,1.3706,-1.0,-1.0,-1
1.3706,1.3706,1.370595,1.3706,-1.0,-1.0,-1
1.3706,1.3706,1.370545,1.370585,-1.0,-1.0,-1
1.370585,1.370595,1.370585,1.370595,-1.0,-1.0,-1
1.370595,1.370595,1.370585,1.370585,-1.0,-1.0,-1
1.370585,1.37059,1.370585,1.370585,-1.0,-1.0,-1
1.370585,1.370595,1.370585,1.370595,-1.0,-1.0,-1
1.370595,1.370595,1.370585,1.370585,-1.0,-1.0,-1
1.370585,1.37059,1.370585,1.370585,-1.0,-1.0,-1
1.370585,1.37059,1.370585,1.370585,-1.0,-1.0,-1
1.370585,1.37059,1.370585,1.370585,-1.0,-1.0,-1
1.370585,1.37059,1.370585,1.370585,-1.0,-1.0,-1
1.370585,1.37059,1.370585,1.370585,-1.0,-1.0,-1
1.370585,1.37059,1.370585,1.370585,-1.0,-1.0,-1
1.370585,1.37059,1.370585,1.370585,-1.0,-1.0,-1
1.370585,1.370595,1.370585,1.370595,-1.0,-1.0,-1
1.370595,1.370595,1.37059,1.370595,-1.0,-1.0,-1
1.370595,1.370595,1.37059,1.370595,-1.0,-1.0,-1
1.370595,1.370595,1.37059,1.370595,-1.0,-1.0,-1
1.370595,1.370595,1.370585,1.370585,-1.0,-1.0,-1
1.370585,1.37059,1.370585,1.370585,-1.0,-1.0,-1
1.370585,1.37059,1.37058,1.37058,-1.0,-1.0,-1
1.37058,1.37058,1.37058,1.37058,-1.0,-1.0,-1
1.37058,1.37058,1.37058,1.37058,-1.0,-1.0,-1
1.37058,1.37058,1.37058,1.37058,-1.0,-1.0,-1
1.37058,1.37058,1.37058,1.37058,-1.0,-1.0,-1
1.37058,1.37059,1.37058,1.370585,-1.0,-1.0,-1
1.370585,1.37059,1.370585,1.370585,-1.0,-1.0,-1
1.370585,1.37059,1.370585,1.370585,-1.0,-1.0,-1
1.370585,1.37059,1.370545,1.37058,-1.0,-1.0,-1
1.37058,1.37059,1.37058,1.370585,-1.0,-1.0,-1
1.370585,1.37059,1.370585,1.370585,-1.0,-1.0,-1
1.370585,1.37059,1.370585,1.370585,-1.0,-1.0,-1
1.370585,1.37059,1.370585,1.370585,-1.0,-1.0,-1
1.370585,1.37059,1.370585,1.370585,-1.0,-1.0,-1
1.370585,1.37059,1.37058,1.37058,-1.0,-1.0,-1
1.37058,1.37058,1.37058,1.37058,-1.0,-1.0,-1
1.37058,1.37058,1.37058,1.37058,-1.0,-1.0,-1
1.37058,1.37058,1.37058,1.37058,-1.0,-1.0,-1
1.37058,1.37058,1.37058,1.37058,-1.0,-1.0,-1
1.37058,1.37058,1.37058,1.37058,-1.0,-1.0,-1
1.37058,1.37058,1.37058,1.37058,-1.0,-1.0,-1
1.37058,1.37058,1.37058,1.37058,-1.0,-1.0,-1
1.37058,1.37058,1.37058,1.37058,-1.0,-1.0,-1
1.37058,1.37058,1.37058,1.37058,-1.0,-1.0,-1
1.37058,1.37058,1.37058,1.37058,-1.0,-1.0,-1
1.37058,1.37058,1.37058,1.37058,-1.0,-1.0,-1
1.37058,1.37058,1.37058,1.37058,-1.0,-1.0,-1
1.37058,1.37058,1.37058,1.37058,-1.0,-1.0,-1
1.37058,1.37058,1.37058,1.37058,-1.0,-1.0,-1
1.37058,1.37058,1.37058,1.37058,-1.0,-1.0,-1
1.37058,1.37058,1.37058,1.37058,-1.0,-1.0,-1
1.37058,1.37058,1.37058,1.37058,-1.0,-1.0,-1
1.37058,1.37058,1.370515,1.370515,-1.0,-1.0,-1
1.370515,1.370515,1.370515,1.370515,-1.0,-1.0,-1
1.370515,1.37057,1.37051,1.37051,-1.0,-1.0,-1
1.37051,1.370525,1.3705,1.37052,-1.0,-1.0,-1
1.37052,1.370525,1.37052,1.37052,-1.0,-1.0,-1
1.37052,1.37053,1.37052,1.37053,-1.0,-1.0,-1
1.37053,1.37053,1.37052,1.370525,-1.0,-1.0,-1
1.370525,1.370525,1.37052,1.37052,-1.0,-1.0,-1
1.37052,1.37052,1.37052,1.37052,-1.0,-1.0,-1
1.37052,1.37052,1.37052,1.37052,-1.0,-1.0,-1
1.37052,1.37052,1.37052,1.37052,-1.0,-1.0,-1
1.37052,1.37052,1.37048,1.370485,-1.0,-1.0,-1
1.370485,1.37049,1.370485,1.37049,-1.0,-1.0,-1
1.37049,1.370495,1.370485,1.370485,-1.0,-1.0,-1
1.370485,1.37051,1.370485,1.37051,-1.0,-1.0,-1
1.37051,1.37051,1.3705,1.3705,-1.0,-1.0,-1
1.3705,1.3705,1.3705,1.3705,-1.0,-1.0,-1
1.3705,1.3705,1.3705,1.3705,-1.0,-1.0,-1
1.3705,1.3705,1.370495,1.370495,-1.0,-1.0,-1
1.370495,1.37052,1.370495,1.37052,-1.0,-1.0,-1
1.37052,1.37052,1.370515,1.37052,-1.0,-1.0,-1
1.37052,1.37052,1.37052,1.37052,-1.0,-1.0,-1
1.37052,1.37052,1.37052,1.37052,-1.0,-1.0,-1
1.37052,1.370525,1.37052,1.370525,-1.0,-1.0,-1
1.370525,1.370525,1.370525,1.370525,-1.0,-1.0,-1
1.370525,1.370525,1.370525,1.370525,-1.0,-1.0,-1
1.370525,1.370525,1.370525,1.370525,-1.0,-1.0,-1
1.370525,1.370525,1.37052,1.37052,-1.0,-1.0,-1
1.37052,1.37052,1.37052,1.37052,-1.0,-1.0,-1
1.37052,1.37052,1.37052,1.37052,-1.0,-1.0,-1
1.37052,1.37052,1.37052,1.37052,-1.0,-1.0,-1
1.37052,1.37052,1.37052,1.37052,-1.0,-1.0,-1
1.37052,1.37052,1.37052,1.37052,-1.0,-1.0,-1
1.37052,1.370525,1.37052,1.370525,-1.0,-1.0,-1
1.370525,1.370525,1.37052,1.37052,-1.0,-1.0,-1
1.37052,1.37052,1.37052,1.37052,-1.0,-1.0,-1
1.37052,1.37052,1.37052,1.37052,-1.0,-1.0,-1
1.37052,1.37052,1.37052,1.37052,-1.0,-1.0,-1
1.37052,1.37052,1.37037,1.37039,-1.0,-1.0,-1
1.37039,1.3704,1.37039,1.3704,-1.0,-1.0,-1
1.3704,1.3704,1.370395,1.370395,-1.0,-1.0,-1
1.370395,1.370395,1.370395,1.370395,-1.0,-1.0,-1
1.370395,1.370395,1.370395,1.370395,-1.0,-1.0,-1
1.370395,1.370395,1.370395,1.370395,-1.0,-1.0,-1
1.370395,1.370395,1.370395,1.370395,-1.0,-1.0,-1
1.370395,1.3704,1.37039,1.37039,-1.0,-1.0,-1
1.37039,1.370395,1.37039,1.370395,-1.0,-1.0,-1
1.370395,1.370395,1.370395,1.370395,-1.0,-1.0,-1
1.370395,1.370395,1.370395,1.370395,-1.0,-1.0,-1
1.370395,1.370395,1.370395,1.370395,-1.0,-1.0,-1
1.370395,1.370395,1.370375,1.370385,-1.0,-1.0,-1
1.370385,1.370385,1.37038,1.37038,-1.0,-1.0,-1
1.37038,1.37038,1.37038,1.37038,-1.0,-1.0,-1
1.37038,1.37038,1.370375,1.370375,-1.0,-1.0,-1
1.370375,1.370395,1.370375,1.370385,-1.0,-1.0,-1
1.370385,1.37039,1.370375,1.370375,-1.0,-1.0,-1
1.370375,1.370385,1.370375,1.370385,-1.0,-1.0,-1
1.370385,1.370385,1.37038,1.37038,-1.0,-1.0,-1
1.37038,1.37038,1.370375,1.370375,-1.0,-1.0,-1
1.370375,1.370375,1.37037,1.37037,-1.0,-1.0,-1
1.37037,1.370375,1.37037,1.370375,-1.0,-1.0,-1
1.370375,1.370375,1.370375,1.370375,-1.0,-1.0,-1
1.370375,1.370375,1.370375,1.370375,-1.0,-1.0,-1
1.370375,1.370375,1.37036,1.37036,-1.0,-1.0,-1
1.37036,1.370365,1.370355,1.370355,-1.0,-1.0,-1
1.370355,1.37037,1.370355,1.37037,-1.0,-1.0,-1
1.37037,1.370375,1.37036,1.370375,-1.0,-1.0,-1
1.370375,1.370375,1.37037,1.37037,-1.0,-1.0,-1
1.37037,1.37037,1.37037,1.37037,-1.0,-1.0,-1
1.37037,1.37038,1.37037,1.370375,-1.0,-1.0,-1
1.370375,1.3704,1.37037,1.370395,-1.0,-1.0,-1
1.370395,1.3704,1.370395,1.370395,-1.0,-1.0,-1
1.370395,1.370395,1.370385,1.370385,-1.0,-1.0,-1
1.370385,1.37039,1.370385,1.370385,-1.0,-1.0,-1
1.370385,1.370395,1.37038,1.37038,-1.0,-1.0,-1
1.37038,1.37038,1.37038,1.37038,-1.0,-1.0,-1
1.37038,1.37038,1.370375,1.37038,-1.0,-1.0,-1
1.37038,1.370395,1.37038,1.370385,-1.0,-1.0,-1
1.370385,1.37039,1.37038,1.37039,-1.0,-1.0,-1
1.37039,1.3704,1.370385,1.370395,-1.0,-1.0,-1
1.370395,1.3704,1.370395,1.3704,-1.0,-1.0,-1
1.3704,1.3704,1.370395,1.370395,-1.0,-1.0,-1
1.370395,1.3704,1.370395,1.3704,-1.0,-1.0,-1
1.3704,1.3704,1.3704,1.3704,-1.0,-1.0,-1
1.3704,1.3704,1.3704,1.3704,-1.0,-1.0,-1
1.3704,1.370405,1.3704,1.370405,-1.0,-1.0,-1
1.370405,1.370405,1.3704,1.3704,-1.0,-1.0,-1
1.3704,1.3704,1.3704,1.3704,-1.0,-1.0,-1
1.3704,1.3704,1.3704,1.3704,-1.0,-1.0,-1
1.3704,1.3704,1.370395,1.370395,-1.0,-1.0,-1
1.370395,1.370395,1.370395,1.370395,-1.0,-1.0,-1
1.370395,1.37043,1.370395,1.370425,-1.0,-1.0,-1
1.370425,1.37043,1.3704,1.370405,-1.0,-1.0,-1
1.370405,1.370405,1.370405,1.370405,-1.0,-1.0,-1
1.370405,1.370405,1.370395,1.370395,-1.0,-1.0,-1
1.370395,1.370395,1.37039,1.37039,-1.0,-1.0,-1
1.37039,1.37039,1.37039,1.37039,-1.0,-1.0,-1
1.37039,1.37039,1.37039,1.37039,-1.0,-1.0,-1
1.37039,1.37039,1.37039,1.37039,-1.0,-1.0,-1
1.37039,1.37039,1.37039,1.37039,-1.0,-1.0,-1
1.37039,1.370395,1.37039,1.37039,-1.0,-1.0,-1
1.37039,1.370395,1.37039,1.370395,-1.0,-1.0,-1
1.370395,1.370395,1.370395,1.370395,-1.0,-1.0,-1
1.370395,1.370395,1.37039,1.37039,-1.0,-1.0,-1
1.37039,1.37039,1.370385,1.37039,-1.0,-1.0,-1
1.37039,1.37039,1.37039,1.37039,-1.0,-1.0,-1
1.37039,1.37039,1.37039,1.37039,-1.0,-1.0,-1
1.37039,1.37039,1.37039,1.37039,-1.0,-1.0,-1
1.37039,1.37039,1.37039,1.37039,-1.0,-1.0,-1
1.37039,1.37039,1.37039,1.37039,-1.0,-1.0,-1
1.37039,1.37039,1.37039,1.37039,-1.0,-1.0,-1
1.37039,1.37039,1.37039,1.37039,-1.0,-1.0,-1
1.37039,1.37039,1.37039,1.37039,-1.0,-1.0,-1
1.37039,1.37039,1.37038,1.37038,-1.0,-1.0,-1
1.37038,1.370385,1.370375,1.370385,-1.0,-1.0,-1
1.370385,1.37039,1.37038,1.37039,-1.0,-1.0,-1
1.37039,1.370395,1.37039,1.370395,-1.0,-1.0,-1
1.370395,1.370395,1.370395,1.370395,-1.0,-1.0,-1
1.370395,1.370395,1.37037,1.37037,-1.0,-1.0,-1
1.37037,1.370375,1.37037,1.370375,-1.0,-1.0,-1
1.370375,1.370375,1.370375,1.370375,-1.0,-1.0,-1
1.370375,1.370375,1.37037,1.37037,-1.0,-1.0,-1
1.37037,1.37037,1.37037,1.37037,-1.0,-1.0,-1
1.37037,1.370375,1.37037,1.370375,-1.0,-1.0,-1
1.370375,1.370375,1.37037,1.37037,-1.0,-1.0,-1
1.37037,1.37037,1.37037,1.37037,-1.0,-1.0,-1
1.37037,1.37037,1.37037,1.37037,-1.0,-1.0,-1
1.37037,1.37037,1.37037,1.37037,-1.0,-1.0,-1
1.37037,1.37037,1.37037,1.37037,-1.0,-1.0,-1
1.37037,1.37037,1.37037,1.37037,-1.0,-1.0,-1
1.37037,1.37037,1.37037,1.37037,-1.0,-1.0,-1
1.37037,1.37037,1.37036,1.370365,-1.0,-1.0,-1
1.370365,1.370365,1.37036,1.370365,-1.0,-1.0,-1
1.370365,1.37037,1.37036,1.37037,-1.0,-1.0,-1
1.37037,1.37037,1.37036,1.37036,-1.0,-1.0,-1
1.37036,1.370365,1.370355,1.370365,-1.0,-1.0,-1
1.370365,1.37037,1.37036,1.37036,-1.0,-1.0,-1
1.37036,1.370365,1.37036,1.37036,-1.0,-1.0,-1
1.37036,1.370365,1.370355,1.370355,-1.0,-1.0,-1
1.370355,1.370355,1.370355,1.370355,-1.0,-1.0,-1
1.370355,1.370355,1.370355,1.370355,-1.0,-1.0,-1
1.370355,1.370365,1.370355,1.37036,-1.0,-1.0,-1
1.37036,1.370365,1.370355,1.370355,-1.0,-1.0,-1
1.370355,1.370355,1.370355,1.370355,-1.0,-1.0,-1
1.370355,1.370355,1.370355,1.370355,-1.0,-1.0,-1
1.370355,1.370355,1.370355,1.370355,-1.0,-1.0,-1
1.370355,1.370355,1.370355,1.370355,-1.0,-1.0,-1
1.370355,1.370355,1.370355,1.370355,-1.0,-1.0,-1
1.370355,1.370355,1.370355,1.370355,-1.0,-1.0,-1
1.370355,1.370355,1.370355,1.370355,-1.0,-1.0,-1
1.370355,1.370355,1.370355,1.370355,-1.0,-1.0,-1
1.370355,1.370355,1.370355,1.370355,-1.0,-1.0,-1
1.370355,1.370355,1.370355,1.370355,-1.0,-1.0,-1
1.370355,1.370355,1.370355,1.370355,-1.0,-1.0,-1
1.370355,1.370355,1.370355,1.370355,-1.0,-1.0,-1
1.370355,1.370355,1.370355,1.370355,-1.0,-1.0,-1
1.370355,1.370355,1.370355,1.370355,-1.0,-1.0,-1
1.370355,1.370355,1.370355,1.370355,-1.0,-1.0,-1
1.370355,1.370355,1.370355,1.370355,-1.0,-1.0,-1
1.370355,1.370355,1.370355,1.370355,-1.0,-1.0,-1
1.370355,1.370365,1.370355,1.37036,-1.0,-1.0,-1
1.37036,1.370365,1.370355,1.370355,-1.0,-1.0,-1
1.370355,1.370355,1.370355,1.370355,-1.0,-1.0,-1
1.370355,1.370355,1.370355,1.370355,-1.0,-1.0,-1
1.370355,1.370355,1.370355,1.370355,-1.0,-1.0,-1
1.370355,1.370355,1.370355,1.370355,-1.0,-1.0,-1
1.370355,1.370355,1.370355,1.370355,-1.0,-1.0,-1
1.370355,1.370355,1.370355,1.370355,-1.0,-1.0,-1
1.370355,1.370355,1.370355,1.370355,-1.0,-1.0,-1
1.370355,1.370355,1.370295,1.3703,-1.0,-1.0,-1
1.3703,1.37034,1.3703,1.37032,-1.0,-1.0,-1
1.37032,1.370345,1.37032,1.37034,-1.0,-1.0,-1
1.37034,1.370345,1.37034,1.37034,-1.0,-1.0,-1
1.37034,1.370345,1.370315,1.370315,-1.0,-1.0,-1
1.370315,1.370315,1.370315,1.370315,-1.0,-1.0,-1
1.370315,1.370315,1.370315,1.370315,-1.0,-1.0,-1
1.370315,1.370315,1.37031,1.37031,-1.0,-1.0,-1
1.37031,1.370315,1.37031,1.37031,-1.0,-1.0,-1
1.37031,1.37031,1.37031,1.37031,-1.0,-1.0,-1
1.37031,1.37031,1.37031,1.37031,-1.0,-1.0,-1
1.37031,1.37031,1.37031,1.37031,-1.0,-1.0,-1
1.37031,1.37031,1.37031,1.37031,-1.0,-1.0,-1
1.37031,1.37031,1.37031,1.37031,-1.0,-1.0,-1
1.37031,1.37031,1.37031,1.37031,-1.0,-1.0,-1
1.37031,1.37031,1.37031,1.37031,-1.0,-1.0,-1
1.37031,1.37032,1.37031,1.370315,-1.0,-1.0,-1
1.370315,1.37032,1.370315,1.370315,-1.0,-1.0,-1
1.370315,1.370335,1.370315,1.37033,-1.0,-1.0,-1
1.37033,1.370335,1.37033,1.37033,-1.0,-1.0,-1
1.37033,1.370335,1.37033,1.37033,-1.0,-1.0,-1
1.37033,1.370335,1.370325,1.370325,-1.0,-1.0,-1
1.370325,1.370335,1.370325,1.37033,-1.0,-1.0,-1
1.37033,1.370335,1.37033,1.37033,-1.0,-1.0,-1
1.37033,1.370335,1.370325,1.370325,-1.0,-1.0,-1
1.370325,1.370335,1.370325,1.370335,-1.0,-1.0,-1
1.370335,1.370335,1.370335,1.370335,-1.0,-1.0,-1
1.370335,1.37034,1.370335,1.37034,-1.0,-1.0,-1
1.37034,1.37034,1.370335,1.370335,-1.0,-1.0,-1
1.370335,1.37034,1.370335,1.37034,-1.0,-1.0,-1
1.37034,1.370345,1.37034,1.37034,-1.0,-1.0,-1
1.37034,1.370345,1.370335,1.37034,-1.0,-1.0,-1
1.37034,1.37034,1.37034,1.37034,-1.0,-1.0,-1
1.37034,1.37034,1.370335,1.370335,-1.0,-1.0,-1
1.370335,1.37034,1.370335,1.37034,-1.0,-1.0,-1
1.37034,1.370345,1.37034,1.37034,-1.0,-1.0,-1
1.37034,1.370345,1.37034,1.37034,-1.0,-1.0,-1
1.37034,1.37034,1.370335,1.37034,-1.0,-1.0,-1
1.37034,1.37034,1.37033,1.37033,-1.0,-1.0,-1
1.37033,1.370335,1.370325,1.370325,-1.0,-1.0,-1
1.370325,1.370325,1.370325,1.370325,-1.0,-1.0,-1
1.370325,1.370325,1.370325,1.370325,-1.0,-1.0,-1
1.370325,1.370325,1.370325,1.370325,-1.0,-1.0,-1
1.370325,1.370325,1.370325,1.370325,-1.0,-1.0,-1
1.370325,1.370325,1.370325,1.370325,-1.0,-1.0,-1
1.370325,1.370325,1.370325,1.370325,-1.0,-1.0,-1
1.370325,1.370325,1.370325,1.370325,-1.0,-1.0,-1
1.370325,1.370325,1.370325,1.370325,-1.0,-1.0,-1
1.370325,1.370325,1.370325,1.370325,-1.0,-1.0,-1
1.370325,1.370325,1.37032,1.37032,-1.0,-1.0,-1
1.37032,1.37032,1.37032,1.37032,-1.0,-1.0,-1
1.37032,1.370325,1.37032,1.370325,-1.0,-1.0,-1
1.370325,1.370335,1.370325,1.37033,-1.0,-1.0,-1
1.37033,1.37034,1.370315,1.37033,-1.0,-1.0,-1
1.37033,1.370345,1.37033,1.370345,-1.0,-1.0,-1
1.370345,1.370345,1.370335,1.370335,-1.0,-1.0,-1
1.370335,1.37034,1.37033,1.37033,-1.0,-1.0,-1
1.37033,1.37034,1.37033,1.37033,-1.0,-1.0,-1
1.37033,1.370335,1.37033,1.37033,-1.0,-1.0,-1
1.37033,1.37034,1.37033,1.370335,-1.0,-1.0,-1
1.370335,1.370345,1.37033,1.370345,-1.0,-1.0,-1
1.370345,1.370345,1.370345,1.370345,-1.0,-1.0,-1
1.370345,1.370345,1.37034,1.37034,-1.0,-1.0,-1
1.37034,1.37035,1.37034,1.370345,-1.0,-1.0,-1
1.370345,1.370345,1.370345,1.370345,-1.0,-1.0,-1
1.370345,1.370345,1.370345,1.370345,-1.0,-1.0,-1
1.370345,1.370345,1.370345,1.370345,-1.0,-1.0,-1
1.370345,1.370345,1.370345,1.370345,-1.0,-1.0,-1
1.370345,1.370345,1.370345,1.370345,-1.0,-1.0,-1
1.370345,1.370345,1.37034,1.37034,-1.0,-1.0,-1
1.37034,1.370345,1.37034,1.37034,-1.0,-1.0,-1
1.37034,1.37034,1.37034,1.37034,-1.0,-1.0,-1
1.37034,1.370345,1.37034,1.370345,-1.0,-1.0,-1
1.370345,1.370345,1.37034,1.37034,-1.0,-1.0,-1
1.37034,1.37034,1.37034,1.37034,-1.0,-1.0,-1
1.37034,1.37034,1.37034,1.37034,-1.0,-1.0,-1
1.37034,1.370345,1.37034,1.370345,-1.0,-1.0,-1
1.370345,1.370345,1.37034,1.37034,-1.0,-1.0,-1
1.37034,1.370345,1.37034,1.370345,-1.0,-1.0,-1
1.370345,1.370345,1.37034,1.37034,-1.0,-1.0,-1
1.37034,1.37034,1.37034,1.37034,-1.0,-1.0,-1
1.37034,1.370345,1.37034,1.370345,-1.0,-1.0,-1
1.370345,1.370345,1.37034,1.370345,-1.0,-1.0,-1
1.370345,1.370345,1.370345,1.370345,-1.0,-1.0,-1
1.370345,1.370345,1.370345,1.370345,-1.0,-1.0,-1
1.370345,1.370345,1.37034,1.370345,-1.0,-1.0,-1
1.370345,1.370345,1.37034,1.37034,-1.0,-1.0,-1
1.37034,1.37034,1.37034,1.37034,-1.0,-1.0,-1
1.37034,1.370345,1.37034,1.37034,-1.0,-1.0,-1
1.37034,1.37034,1.370325,1.370325,-1.0,-1.0,-1
1.370325,1.370335,1.370325,1.370325,-1.0,-1.0,-1
1.370325,1.370325,1.370325,1.370325,-1.0,-1.0,-1
1.370325,1.370325,1.370325,1.370325,-1.0,-1.0,-1
1.370325,1.370335,1.370325,1.37033,-1.0,-1.0,-1
1.37033,1.370335,1.37033,1.37033,-1.0,-1.0,-1
1.37033,1.370335,1.370305,1.370305,-1.0,-1.0,-1
1.370305,1.370305,1.37024,1.370245,-1.0,-1.0,-1
1.370245,1.370255,1.370235,1.370235,-1.0,-1.0,-1
1.370235,1.37025,1.370235,1.370245,-1.0,-1.0,-1
1.370245,1.37025,1.37021,1.37021,-1.0,-1.0,-1
1.37021,1.37021,1.370185,1.370195,-1.0,-1.0,-1
1.370195,1.370195,1.37019,1.370195,-1.0,-1.0,-1
1.370195,1.370195,1.37019,1.370195,-1.0,-1.0,-1
1.370195,1.370195,1.37019,1.370195,-1.0,-1.0,-1
1.370195,1.370195,1.37017,1.37019,-1.0,-1.0,-1
1.37019,1.37019,1.370185,1.37019,-1.0,-1.0,-1
1.37019,1.37019,1.370185,1.37019,-1.0,-1.0,-1
1.37019,1.37019,1.370185,1.37019,-1.0,-1.0,-1
1.37019,1.370195,1.370185,1.370195,-1.0,-1.0,-1
1.370195,1.370195,1.370185,1.370195,-1.0,-1.0,-1
1.370195,1.370195,1.370185,1.37019,-1.0,-1.0,-1
1.37019,1.370195,1.370185,1.370195,-1.0,-1.0,-1
1.370195,1.370195,1.37019,1.370195,-1.0,-1.0,-1
1.370195,1.370195,1.37019,1.370195,-1.0,-1.0,-1
1.370195,1.370195,1.37019,1.370195,-1.0,-1.0,-1
1.370195,1.370195,1.370185,1.37019,-1.0,-1.0,-1
1.37019,1.37019,1.370185,1.37019,-1.0,-1.0,-1
1.37019,1.37019,1.370185,1.37019,-1.0,-1.0,-1
1.37019,1.370195,1.370185,1.370195,-1.0,-1.0,-1
1.370195,1.37028,1.370185,1.37028,-1.0,-1.0,-1
1.37028,1.37029,1.370275,1.37029,-1.0,-1.0,-1
1.37029,1.37029,1.37028,1.37029,-1.0,-1.0,-1
1.37029,1.37029,1.37029,1.37029,-1.0,-1.0,-1
1.37029,1.370295,1.37029,1.370295,-1.0,-1.0,-1
1.370295,1.3703,1.370295,1.3703,-1.0,-1.0,-1
1.3703,1.3703,1.370295,1.370295,-1.0,-1.0,-1
1.370295,1.370295,1.370295,1.370295,-1.0,-1.0,-1
1.370295,1.370295,1.370295,1.370295,-1.0,-1.0,-1
1.370295,1.370295,1.370295,1.370295,-1.0,-1.0,-1
1.370295,1.370295,1.370295,1.370295,-1.0,-1.0,-1
1.370295,1.370295,1.370295,1.370295,-1.0,-1.0,-1
1.370295,1.370295,1.370295,1.370295,-1.0,-1.0,-1
1.370295,1.3703,1.370285,1.370295,-1.0,-1.0,-1
1.370295,1.370295,1.370295,1.370295,-1.0,-1.0,-1
1.370295,1.370295,1.370295,1.370295,-1.0,-1.0,-1
1.370295,1.370305,1.370295,1.370305,-1.0,-1.0,-1
1.370305,1.370305,1.370305,1.370305,-1.0,-1.0,-1
1.370305,1.370305,1.3703,1.370305,-1.0,-1.0,-1
1.370305,1.37035,1.370305,1.37035,-1.0,-1.0,-1
1.37035,1.37035,1.37035,1.37035,-1.0,-1.0,-1
1.37035,1.37035,1.37035,1.37035,-1.0,-1.0,-1
1.37035,1.370395,1.37035,1.370395,-1.0,-1.0,-1
1.370395,1.370395,1.37039,1.37039,-1.0,-1.0,-1
1.37039,1.370395,1.37039,1.370395,-1.0,-1.0,-1
1.370395,1.370395,1.370395,1.370395,-1.0,-1.0,-1
1.370395,1.370395,1.37039,1.37039,-1.0,-1.0,-1
1.37039,1.37039,1.37039,1.37039,-1.0,-1.0,-1
1.37039,1.37039,1.370385,1.370385,-1.0,-1.0,-1
1.370385,1.37039,1.370385,1.37039,-1.0,-1.0,-1
1.37039,1.3704,1.37039,1.3704,-1.0,-1.0,-1
1.3704,1.3704,1.3704,1.3704,-1.0,-1.0,-1
1.3704,1.3704,1.3704,1.3704,-1.0,-1.0,-1
1.3704,1.3704,1.3704,1.3704,-1.0,-1.0,-1
1.3704,1.3704,1.3704,1.3704,-1.0,-1.0,-1
1.3704,1.3704,1.3704,1.3704,-1.0,-1.0,-1
1.3704,1.3704,1.3704,1.3704,-1.0,-1.0,-1
1.3704,1.3704,1.3704,1.3704,-1.0,-1.0,-1
1.3704,1.3704,1.37039,1.37039,-1.0,-1.0,-1
1.37039,1.37039,1.37039,1.37039,-1.0,-1.0,-1
1.37039,1.37039,1.37039,1.37039,-1.0,-1.0,-1
1.37039,1.37039,1.37039,1.37039,-1.0,-1.0,-1
1.37039,1.37039,1.37039,1.37039,-1.0,-1.0,-1
1.37039,1.37039,1.37039,1.37039,-1.0,-1.0,-1
1.37039,1.37039,1.37039,1.37039,-1.0,-1.0,-1
1.37039,1.37039,1.37039,1.37039,-1.0,-1.0,-1
1.37039,1.37039,1.37039,1.37039,-1.0,-1.0,-1
1.37039,1.37039,1.37039,1.37039,-1.0,-1.0,-1
1.37039,1.37039,1.37039,1.37039,-1.0,-1.0,-1
1.37039,1.37039,1.37039,1.37039,-1.0,-1.0,-1
1.37039,1.37039,1.37039,1.37039,-1.0,-1.0,-1
1.37039,1.37039,1.37039,1.37039,-1.0,-1.0,-1
1.37039,1.370395,1.37039,1.37039,-1.0,-1.0,-1
1.37039,1.37039,1.37039,1.37039,-1.0,-1.0,-1
1.37039,1.37039,1.37039,1.37039,-1.0,-1.0,-1
1.37039,1.37039,1.37039,1.37039,-1.0,-1.0,-1
1.37039,1.37039,1.37039,1.37039,-1.0,-1.0,-1
1.37039,1.37039,1.37039,1.37039,-1.0,-1.0,-1
1.37039,1.37039,1.37039,1.37039,-1.0,-1.0,-1
1.37039,1.37039,1.37039,1.37039,-1.0,-1.0,-1
1.37039,1.370395,1.37039,1.37039,-1.0,-1.0,-1
1.37039,1.370395,1.37039,1.370395,-1.0,-1.0,-1
1.370395,1.370395,1.37039,1.37039,-1.0,-1.0,-1
1.37039,1.370395,1.37039,1.370395,-1.0,-1.0,-1
1.370395,1.370395,1.370395,1.370395,-1.0,-1.0,-1
1.370395,1.370395,1.370395,1.370395,-1.0,-1.0,-1
1.370395,1.370395,1.37039,1.37039,-1.0,-1.0,-1
1.37039,1.37039,1.37039,1.37039,-1.0,-1.0,-1
1.37039,1.37039,1.37039,1.37039,-1.0,-1.0,-1
1.37039,1.37039,1.37039,1.37039,-1.0,-1.0,-1
1.37039,1.37039,1.37039,1.37039,-1.0,-1.0,-1
1.37039,1.37039,1.37039,1.37039,-1.0,-1.0,-1
1.37039,1.37039,1.37039,1.37039,-1.0,-1.0,-1
1.37039,1.37039,1.37039,1.37039,-1.0,-1.0,-1
1.37039,1.37039,1.37039,1.37039,-1.0,-1.0,-1
1.37039,1.37039,1.37039,1.37039,-1.0,-1.0,-1
1.37039,1.37039,1.37039,1.37039,-1.0,-1.0,-1
1.37039,1.37039,1.37039,1.37039,-1.0,-1.0,-1
1.37039,1.37039,1.37039,1.37039,-1.0,-1.0,-1
1.37039,1.37039,1.37039,1.37039,-1.0,-1.0,-1
1.37039,1.370395,1.37039,1.370395,-1.0,-1.0,-1
1.370395,1.370395,1.370395,1.370395,-1.0,-1.0,-1
1.370395,1.370395,1.37039,1.370395,-1.0,-1.0,-1
1.370395,1.370395,1.370395,1.370395,-1.0,-1.0,-1
1.370395,1.370395,1.370395,1.370395,-1.0,-1.0,-1
1.370395,1.370395,1.37039,1.370395,-1.0,-1.0,-1
1.370395,1.370395,1.37039,1.37039,-1.0,-1.0,-1
1.37039,1.37039,1.37039,1.37039,-1.0,-1.0,-1
1.37039,1.37039,1.37039,1.37039,-1.0,-1.0,-1
1.37039,1.37039,1.37039,1.37039,-1.0,-1.0,-1
1.37039,1.37039,1.37039,1.37039,-1.0,-1.0,-1
1.37039,1.37039,1.37039,1.37039,-1.0,-1.0,-1
1.37039,1.37039,1.37039,1.37039,-1.0,-1.0,-1
1.37039,1.37039,1.37039,1.37039,-1.0,-1.0,-1
1.37039,1.37039,1.37039,1.37039,-1.0,-1.0,-1
1.37039,1.37039,1.37038,1.37038,-1.0,-1.0,-1
1.37038,1.37038,1.37038,1.37038,-1.0,-1.0,-1
1.37038,1.37038,1.370375,1.370375,-1.0,-1.0,-1
1.370375,1.37038,1.370355,1.37036,-1.0,-1.0,-1
1.37036,1.37036,1.37035,1.37035,-1.0,-1.0,-1
1.37035,1.37035,1.37034,1.37034,-1.0,-1.0,-1
1.37034,1.370345,1.370315,1.370315,-1.0,-1.0,-1
1.370315,1.37032,1.370305,1.37031,-1.0,-1.0,-1
1.37031,1.37031,1.37031,1.37031,-1.0,-1.0,-1
1.37031,1.37032,1.37031,1.37032,-1.0,-1.0,-1
1.37032,1.37034,1.37032,1.370335,-1.0,-1.0,-1
1.370335,1.37034,1.37033,1.37033,-1.0,-1.0,-1
1.37033,1.370345,1.37033,1.37034,-1.0,-1.0,-1
1.37034,1.370365,1.37034,1.370365,-1.0,-1.0,-1
1.370365,1.37037,1.37036,1.37037,-1.0,-1.0,-1
1.37037,1.37037,1.37037,1.37037,-1.0,-1.0,-1
1.37037,1.37037,1.37037,1.37037,-1.0,-1.0,-1
1.37037,1.37037,1.37037,1.37037,-1.0,-1.0,-1
1.37037,1.37037,1.37037,1.37037,-1.0,-1.0,-1
1.37037,1.37038,1.37037,1.370375,-1.0,-1.0,-1
1.370375,1.370375,1.37037,1.37037,-1.0,-1.0,-1
1.37037,1.370375,1.37037,1.370375,-1.0,-1.0,-1
1.370375,1.370375,1.37037,1.37037,-1.0,-1.0,-1
1.37037,1.37037,1.37037,1.37037,-1.0,-1.0,-1
1.37037,1.37037,1.37037,1.37037,-1.0,-1.0,-1
1.37037,1.37037,1.37037,1.37037,-1.0,-1.0,-1
1.37037,1.37037,1.37036,1.370365,-1.0,-1.0,-1
1.370365,1.370365,1.37036,1.370365,-1.0,-1.0,-1
1.370365,1.37037,1.37036,1.37037,-1.0,-1.0,-1
1.37037,1.37037,1.37036,1.370365,-1.0,-1.0,-1
1.370365,1.370365,1.37036,1.370365,-1.0,-1.0,-1
1.370365,1.370365,1.37036,1.370365,-1.0,-1.0,-1
1.370365,1.3704,1.37036,1.3704,-1.0,-1.0,-1
1.3704,1.3704,1.3704,1.3704,-1.0,-1.0,-1
1.3704,1.370405,1.3704,1.370405,-1.0,-1.0,-1
1.370405,1.370405,1.370405,1.370405,-1.0,-1.0,-1
1.370405,1.370405,1.370405,1.370405,-1.0,-1.0,-1
1.370405,1.370405,1.370405,1.370405,-1.0,-1.0,-1
1.370405,1.370405,1.370405,1.370405,-1.0,-1.0,-1
1.370405,1.370405,1.370405,1.370405,-1.0,-1.0,-1
1.370405,1.370415,1.370405,1.370415,-1.0,-1.0,-1
1.370415,1.370415,1.370415,1.370415,-1.0,-1.0,-1
1.370415,1.370415,1.370415,1.370415,-1.0,-1.0,-1
1.370415,1.370415,1.370405,1.370405,-1.0,-1.0,-1
1.370405,1.370425,1.370405,1.370415,-1.0,-1.0,-1
1.370415,1.37042,1.370415,1.370415,-1.0,-1.0,-1
1.370415,1.37042,1.370405,1.370405,-1.0,-1.0,-1
1.370405,1.370405,1.370405,1.370405,-1.0,-1.0,-1
1.370405,1.370405,1.370405,1.370405,-1.0,-1.0,-1
1.370405,1.370405,1.370395,1.370395,-1.0,-1.0,-1
1.370395,1.370395,1.370395,1.370395,-1.0,-1.0,-1
1.370395,1.370395,1.370395,1.370395,-1.0,-1.0,-1
1.370395,1.370395,1.370395,1.370395,-1.0,-1.0,-1
1.370395,1.3704,1.370395,1.3704,-1.0,-1.0,-1
1.3704,1.3704,1.3704,1.3704,-1.0,-1.0,-1
1.3704,1.3704,1.3704,1.3704,-1.0,-1.0,-1
1.3704,1.3704,1.3704,1.3704,-1.0,-1.0,-1
1.3704,1.3704,1.3704,1.3704,-1.0,-1.0,-1
1.3704,1.3704,1.3704,1.3704,-1.0,-1.0,-1
1.3704,1.3704,1.3704,1.3704,-1.0,-1.0,-1
1.3704,1.3704,1.3704,1.3704,-1.0,-1.0,-1
1.3704,1.3704,1.3704,1.3704,-1.0,-1.0,-1
1.3704,1.370405,1.3704,1.370405,-1.0,-1.0,-1
1.370405,1.370405,1.3704,1.3704,-1.0,-1.0,-1
1.3704,1.3704,1.3704,1.3704,-1.0,-1.0,-1
1.3704,1.3704,1.3704,1.3704,-1.0,-1.0,-1
1.3704,1.3704,1.3704,1.3704,-1.0,-1.0,-1
1.3704,1.3704,1.3704,1.3704,-1.0,-1.0,-1
1.3704,1.37042,1.3704,1.370415,-1.0,-1.0,-1
1.370415,1.37042,1.3704,1.3704,-1.0,-1.0,-1
1.3704,1.3704,1.3704,1.3704,-1.0,-1.0,-1
1.3704,1.370405,1.3704,1.370405,-1.0,-1.0,-1
1.370405,1.370405,1.370405,1.370405,-1.0,-1.0,-1
1.370405,1.370405,1.3704,1.3704,-1.0,-1.0,-1
1.3704,1.3704,1.3704,1.3704,-1.0,-1.0,-1
1.3704,1.370405,1.3704,1.370405,-1.0,-1.0,-1
1.370405,1.370405,1.370405,1.370405,-1.0,-1.0,-1
1.370405,1.370405,1.370405,1.370405,-1.0,-1.0,-1
1.370405,1.370405,1.370405,1.370405,-1.0,-1.0,-1
1.370405,1.370405,1.370405,1.370405,-1.0,-1.0,-1
1.370405,1.370405,1.370405,1.370405,-1.0,-1.0,-1
1.370405,1.370405,1.3704,1.3704,-1.0,-1.0,-1
1.3704,1.370405,1.3704,1.370405,-1.0,-1.0,-1
1.370405,1.370405,1.3704,1.3704,-1.0,-1.0,-1
1.3704,1.3704,1.3704,1.3704,-1.0,-1.0,-1
1.3704,1.3704,1.3704,1.3704,-1.0,-1.0,-1
1.3704,1.3704,1.3704,1.3704,-1.0,-1.0,-1
1.3704,1.3704,1.3704,1.3704,-1.0,-1.0,-1
1.3704,1.3704,1.3704,1.3704,-1.0,-1.0,-1
1.3704,1.3704,1.370395,1.370395,-1.0,-1.0,-1
1.370395,1.3704,1.370395,1.3704,-1.0,-1.0,-1
1.3704,1.3704,1.3704,1.3704,-1.0,-1.0,-1
1.3704,1.3704,1.370385,1.37039,-1.0,-1.0,-1
1.37039,1.37039,1.37039,1.37039,-1.0,-1.0,-1
1.37039,1.37039,1.37039,1.37039,-1.0,-1.0,-1
1.37039,1.37039,1.37039,1.37039,-1.0,-1.0,-1
1.37039,1.37039,1.370385,1.370385,-1.0,-1.0,-1
1.370385,1.370395,1.370385,1.37039,-1.0,-1.0,-1
1.37039,1.3704,1.37039,1.37039,-1.0,-1.0,-1
1.37039,1.37039,1.37037,1.37037,-1.0,-1.0,-1
1.37037,1.37038,1.37037,1.37038,-1.0,-1.0,-1
1.37038,1.37038,1.37038,1.37038,-1.0,-1.0,-1
1.37038,1.37038,1.37038,1.37038,-1.0,-1.0,-1
1.37038,1.37039,1.37038,1.37039,-1.0,-1.0,-1
1.37039,1.37039,1.37039,1.37039,-1.0,-1.0,-1
1.37039,1.37039,1.37039,1.37039,-1.0,-1.0,-1
1.37039,1.37039,1.37038,1.370385,-1.0,-1.0,-1
1.370385,1.370385,1.37038,1.37038,-1.0,-1.0,-1
1.37038,1.37039,1.37038,1.37039,-1.0,-1.0,-1
1.37039,1.37039,1.37039,1.37039,-1.0,-1.0,-1
1.37039,1.370395,1.37039,1.370395,-1.0,-1.0,-1
1.370395,1.370395,1.370395,1.370395,-1.0,-1.0,-1
1.370395,1.370395,1.370395,1.370395,-1.0,-1.0,-1
1.370395,1.370395,1.370395,1.370395,-1.0,-1.0,-1
1.370395,1.370395,1.370395,1.370395,-1.0,-1.0,-1
1.370395,1.370395,1.370395,1.370395,-1.0,-1.0,-1
1.370395,1.370395,1.370395,1.370395,-1.0,-1.0,-1
1.370395,1.370395,1.370395,1.370395,-1.0,-1.0,-1
1.370395,1.370395,1.370395,1.370395,-1.0,-1.0,-1
1.370395,1.370395,1.370395,1.370395,-1.0,-1.0,-1
1.370395,1.370395,1.370395,1.370395,-1.0,-1.0,-1
1.370395,1.370395,1.370395,1.370395,-1.0,-1.0,-1
1.370395,1.370405,1.370395,1.370405,-1.0,-1.0,-1
1.370405,1.370405,1.370405,1.370405,-1.0,-1.0,-1
1.370405,1.370405,1.370405,1.370405,-1.0,-1.0,-1
1.370405,1.370405,1.370405,1.370405,-1.0,-1.0,-1
1.370405,1.370405,1.370395,1.370395,-1.0,-1.0,-1
1.370395,1.3704,1.370395,1.3704,-1.0,-1.0,-1
1.3704,1.3704,1.3704,1.3704,-1.0,-1.0,-1
1.3704,1.3704,1.3704,1.3704,-1.0,-1.0,-1
1.3704,1.3704,1.3704,1.3704,-1.0,-1.0,-1
1.3704,1.3704,1.3704,1.3704,-1.0,-1.0,-1
1.3704,1.3704,1.3704,1.3704,-1.0,-1.0,-1
1.3704,1.370405,1.3704,1.370405,-1.0,-1.0,-1
1.370405,1.370405,1.370405,1.370405,-1.0,-1.0,-1
1.370405,1.370405,1.370405,1.370405,-1.0,-1.0,-1
1.370405,1.370405,1.370405,1.370405,-1.0,-1.0,-1
1.370405,1.370405,1.370405,1.370405,-1.0,-1.0,-1
1.370405,1.370405,1.370405,1.370405,-1.0,-1.0,-1
1.370405,1.370405,1.370405,1.370405,-1.0,-1.0,-1
1.370405,1.370405,1.3704,1.3704,-1.0,-1.0,-1
1.3704,1.3704,1.370395,1.370395,-1.0,-1.0,-1
1.370395,1.370405,1.370395,1.3704,-1.0,-1.0,-1
1.3704,1.370405,1.3704,1.370405,-1.0,-1.0,-1
1.370405,1.370405,1.370405,1.370405,-1.0,-1.0,-1
1.370405,1.370405,1.3704,1.370405,-1.0,-1.0,-1
1.370405,1.370415,1.370405,1.370415,-1.0,-1.0,-1
1.370415,1.370415,1.370415,1.370415,-1.0,-1.0,-1
1.370415,1.370415,1.370415,1.370415,-1.0,-1.0,-1
1.370415,1.370415,1.370415,1.370415,-1.0,-1.0,-1
1.370415,1.370415,1.370415,1.370415,-1.0,-1.0,-1
1.370415,1.370415,1.370415,1.370415,-1.0,-1.0,-1
1.370415,1.370415,1.370415,1.370415,-1.0,-1.0,-1
1.370415,1.370415,1.370415,1.370415,-1.0,-1.0,-1
1.370415,1.370415,1.370415,1.370415,-1.0,-1.0,-1
1.370415,1.370415,1.370415,1.370415,-1.0,-1.0,-1
1.370415,1.370415,1.370415,1.370415,-1.0,-1.0,-1
1.370415,1.370415,1.370415,1.370415,-1.0,-1.0,-1
1.370415,1.370415,1.370415,1.370415,-1.0,-1.0,-1
1.370415,1.370415,1.37041,1.37041,-1.0,-1.0,-1
1.37041,1.37041,1.37041,1.37041,-1.0,-1.0,-1
1.37041,1.370485,1.37041,1.37048,-1.0,-1.0,-1
1.37048,1.37049,1.370475,1.370485,-1.0,-1.0,-1
1.370485,1.370485,1.370465,1.37047,-1.0,-1.0,-1
1.37047,1.37047,1.370465,1.37047,-1.0,-1.0,-1
1.37047,1.370475,1.370465,1.37047,-1.0,-1.0,-1
1.37047,1.370475,1.370465,1.370475,-1.0,-1.0,-1
1.370475,1.370475,1.37046,1.370465,-1.0,-1.0,-1
1.370465,1.370465,1.37046,1.370465,-1.0,-1.0,-1
1.370465,1.370465,1.37046,1.370465,-1.0,-1.0,-1
1.370465,1.370465,1.37046,1.370465,-1.0,-1.0,-1
1.370465,1.370465,1.370455,1.37046,-1.0,-1.0,-1
1.37046,1.37046,1.370455,1.37046,-1.0,-1.0,-1
1.37046,1.37048,1.370455,1.37048,-1.0,-1.0,-1
1.37048,1.370485,1.37048,1.37048,-1.0,-1.0,-1
1.37048,1.37048,1.37048,1.37048,-1.0,-1.0,-1
1.37048,1.37048,1.37048,1.37048,-1.0,-1.0,-1
1.37048,1.37048,1.37046,1.370465,-1.0,-1.0,-1
1.370465,1.370465,1.37046,1.370465,-1.0,-1.0,-1
1.370465,1.370475,1.37046,1.370475,-1.0,-1.0,-1
1.370475,1.37048,1.370475,1.37048,-1.0,-1.0,-1
1.37048,1.37048,1.37048,1.37048,-1.0,-1.0,-1
1.37048,1.37048,1.37045,1.37046,-1.0,-1.0,-1
1.37046,1.37046,1.37045,1.370455,-1.0,-1.0,-1
1.370455,1.370455,1.37045,1.370455,-1.0,-1.0,-1
1.370455,1.370455,1.37045,1.370455,-1.0,-1.0,-1
1.370455,1.370455,1.37045,1.370455,-1.0,-1.0,-1
1.370455,1.370465,1.37045,1.370465,-1.0,-1.0,-1
1.370465,1.370465,1.37045,1.370455,-1.0,-1.0,-1
1.370455,1.370455,1.37045,1.370455,-1.0,-1.0,-1
1.370455,1.370455,1.37045,1.370455,-1.0,-1.0,-1
1.370455,1.370455,1.37045,1.370455,-1.0,-1.0,-1
1.370455,1.37046,1.37045,1.37046,-1.0,-1.0,-1
1.37046,1.37046,1.370455,1.37046,-1.0,-1.0,-1
1.37046,1.37046,1.370455,1.37046,-1.0,-1.0,-1
1.37046,1.37047,1.37045,1.370465,-1.0,-1.0,-1
1.370465,1.37047,1.37046,1.37047,-1.0,-1.0,-1
1.37047,1.370495,1.370465,1.37049,-1.0,-1.0,-1
1.37049,1.370495,1.37049,1.370495,-1.0,-1.0,-1
1.370495,1.370495,1.37049,1.37049,-1.0,-1.0,-1
1.37049,1.37049,1.37049,1.37049,-1.0,-1.0,-1
1.37049,1.37049,1.37049,1.37049,-1.0,-1.0,-1
1.37049,1.37049,1.37049,1.37049,-1.0,-1.0,-1
1.37049,1.37049,1.37049,1.37049,-1.0,-1.0,-1
1.37049,1.37049,1.37048,1.37048,-1.0,-1.0,-1
1.37048,1.37048,1.37047,1.37047,-1.0,-1.0,-1
1.37047,1.370475,1.37047,1.370475,-1.0,-1.0,-1
1.370475,1.370475,1.370465,1.37047,-1.0,-1.0,-1
1.37047,1.370475,1.370465,1.370475,-1.0,-1.0,-1
1.370475,1.370475,1.370465,1.37047,-1.0,-1.0,-1
1.37047,1.37047,1.37046,1.370465,-1.0,-1.0,-1
1.370465,1.37047,1.370455,1.37046,-1.0,-1.0,-1
1.37046,1.37046,1.37045,1.370455,-1.0,-1.0,-1
1.370455,1.370455,1.37045,1.370455,-1.0,-1.0,-1
1.370455,1.370465,1.37045,1.370465,-1.0,-1.0,-1
1.370465,1.370465,1.37046,1.370465,-1.0,-1.0,-1
1.370465,1.370465,1.37046,1.370465,-1.0,-1.0,-1
1.370465,1.370465,1.37046,1.370465,-1.0,-1.0,-1
1.370465,1.370465,1.370455,1.37046,-1.0,-1.0,-1
1.37046,1.37046,1.370455,1.37046,-1.0,-1.0,-1
1.37046,1.37046,1.37045,1.370455,-1.0,-1.0,-1
1.370455,1.370455,1.37045,1.370455,-1.0,-1.0,-1
1.370455,1.37046,1.37045,1.37046,-1.0,-1.0,-1
1.37046,1.37046,1.370435,1.370435,-1.0,-1.0,-1
1.370435,1.370455,1.370435,1.37044,-1.0,-1.0,-1
1.37044,1.37044,1.370435,1.37044,-1.0,-1.0,-1
1.37044,1.37044,1.37044,1.37044,-1.0,-1.0,-1
1.37044,1.37044,1.37037,1.37037,-1.0,-1.0,-1
1.37037,1.37037,1.37036,1.370365,-1.0,-1.0,-1
1.370365,1.37037,1.37036,1.37037,-1.0,-1.0,-1
1.37037,1.370375,1.37037,1.370375,-1.0,-1.0,-1
1.370375,1.37038,1.37037,1.37038,-1.0,-1.0,-1
1.37038,1.37038,1.37038,1.37038,-1.0,-1.0,-1
1.37038,1.370405,1.37038,1.370405,-1.0,-1.0,-1
1.370405,1.370405,1.3704,1.370405,-1.0,-1.0,-1
1.370405,1.370405,1.370405,1.370405,-1.0,-1.0,-1
1.370405,1.37041,1.370405,1.37041,-1.0,-1.0,-1
1.37041,1.37041,1.370405,1.370405,-1.0,-1.0,-1
1.370405,1.37041,1.370405,1.37041,-1.0,-1.0,-1
1.37041,1.37041,1.370405,1.370405,-1.0,-1.0,-1
1.370405,1.370405,1.3704,1.3704,-1.0,-1.0,-1
1.3704,1.3704,1.3704,1.3704,-1.0,-1.0,-1
1.3704,1.3704,1.3704,1.3704,-1.0,-1.0,-1
1.3704,1.3704,1.3704,1.3704,-1.0,-1.0,-1
1.3704,1.3704,1.370395,1.3704,-1.0,-1.0,-1
1.3704,1.3704,1.370395,1.370395,-1.0,-1.0,-1
1.370395,1.3704,1.370395,1.3704,-1.0,-1.0,-1
1.3704,1.3704,1.370395,1.370395,-1.0,-1.0,-1
1.370395,1.3704,1.370395,1.3704,-1.0,-1.0,-1
1.3704,1.3704,1.370395,1.3704,-1.0,-1.0,-1
1.3704,1.3704,1.3704,1.3704,-1.0,-1.0,-1
1.3704,1.3704,1.3704,1.3704,-1.0,-1.0,-1
1.3704,1.37041,1.3704,1.3704,-1.0,-1.0,-1
1.3704,1.3704,1.3704,1.3704,-1.0,-1.0,-1
1.3704,1.370405,1.3704,1.3704,-1.0,-1.0,-1
1.3704,1.3704,1.3704,1.3704,-1.0,-1.0,-1
1.3704,1.3704,1.3704,1.3704,-1.0,-1.0,-1
1.3704,1.3704,1.370395,1.3704,-1.0,-1.0,-1
1.3704,1.3704,1.370395,1.3704,-1.0,-1.0,-1
1.3704,1.370405,1.370395,1.370395,-1.0,-1.0,-1
1.370395,1.3704,1.370395,1.370395,-1.0,-1.0,-1
1.370395,1.3704,1.37039,1.37039,-1.0,-1.0,-1
1.37039,1.37039,1.37039,1.37039,-1.0,-1.0,-1
1.37039,1.37039,1.37039,1.37039,-1.0,-1.0,-1
1.37039,1.37039,1.37039,1.37039,-1.0,-1.0,-1
1.37039,1.37041,1.37039,1.370405,-1.0,-1.0,-1
1.370405,1.37041,1.370405,1.37041,-1.0,-1.0,-1
1.37041,1.37041,1.37041,1.37041,-1.0,-1.0,-1
1.37041,1.37041,1.3704,1.37041,-1.0,-1.0,-1
1.37041,1.37041,1.3704,1.3704,-1.0,-1.0,-1
1.3704,1.3704,1.3704,1.3704,-1.0,-1.0,-1
1.3704,1.3704,1.3704,1.3704,-1.0,-1.0,-1
1.3704,1.3704,1.370395,1.3704,-1.0,-1.0,-1
1.3704,1.3704,1.3704,1.3704,-1.0,-1.0,-1
1.3704,1.370405,1.3704,1.3704,-1.0,-1.0,-1
1.3704,1.3704,1.3704,1.3704,-1.0,-1.0,-1
1.3704,1.3704,1.3704,1.3704,-1.0,-1.0,-1
1.3704,1.3704,1.370395,1.3704,-1.0,-1.0,-1
1.3704,1.3704,1.3704,1.3704,-1.0,-1.0,-1
1.3704,1.3704,1.3704,1.3704,-1.0,-1.0,-1
1.3704,1.370405,1.3704,1.3704,-1.0,-1.0,-1
1.3704,1.370405,1.3704,1.370405,-1.0,-1.0,-1
1.370405,1.370405,1.370405,1.370405,-1.0,-1.0,-1
1.370405,1.37043,1.370405,1.370425,-1.0,-1.0,-1
1.370425,1.37043,1.370415,1.370415,-1.0,-1.0,-1
1.370415,1.370425,1.370395,1.370395,-1.0,-1.0,-1
1.370395,1.3704,1.370395,1.3704,-1.0,-1.0,-1
1.3704,1.3704,1.370395,1.370395,-1.0,-1.0,-1
1.370395,1.3704,1.370395,1.370395,-1.0,-1.0,-1
1.370395,1.3704,1.370395,1.3704,-1.0,-1.0,-1
1.3704,1.3704,1.3704,1.3704,-1.0,-1.0,-1
1.3704,1.37041,1.3704,1.37041,-1.0,-1.0,-1
1.37041,1.37041,1.3704,1.3704,-1.0,-1.0,-1
1.3704,1.3704,1.3704,1.3704,-1.0,-1.0,-1
1.3704,1.3704,1.370395,1.3704,-1.0,-1.0,-1
1.3704,1.3704,1.37039,1.37039,-1.0,-1.0,-1
1.37039,1.37039,1.37039,1.37039,-1.0,-1.0,-1
1.37039,1.3704,1.37039,1.3704,-1.0,-1.0,-1
1.3704,1.370455,1.370395,1.370435,-1.0,-1.0,-1
1.370435,1.370435,1.370435,1.370435,-1.0,-1.0,-1
1.370435,1.370435,1.370435,1.370435,-1.0,-1.0,-1
1.370435,1.370445,1.370435,1.370445,-1.0,-1.0,-1
1.370445,1.37045,1.37044,1.37045,-1.0,-1.0,-1
1.37045,1.370455,1.37045,1.37045,-1.0,-1.0,-1
1.37045,1.37045,1.37045,1.37045,-1.0,-1.0,-1
1.37045,1.37045,1.37045,1.37045,-1.0,-1.0,-1
1.37045,1.37045,1.37045,1.37045,-1.0,-1.0,-1
1.37045,1.37045,1.37045,1.37045,-1.0,-1.0,-1
1.37045,1.370455,1.37045,1.370455,-1.0,-1.0,-1
1.370455,1.370455,1.37045,1.37045,-1.0,-1.0,-1
1.37045,1.37045,1.37045,1.37045,-1.0,-1.0,-1
1.37045,1.37045,1.37045,1.37045,-1.0,-1.0,-1
1.37045,1.37045,1.37044,1.37045,-1.0,-1.0,-1
1.37045,1.37045,1.37045,1.37045,-1.0,-1.0,-1
1.37045,1.370465,1.37045,1.37046,-1.0,-1.0,-1
1.37046,1.37047,1.370455,1.37047,-1.0,-1.0,-1
1.37047,1.37047,1.37046,1.370465,-1.0,-1.0,-1
1.370465,1.370465,1.37046,1.370465,-1.0,-1.0,-1
1.370465,1.370475,1.37046,1.370475,-1.0,-1.0,-1
1.370475,1.370495,1.370465,1.37048,-1.0,-1.0,-1
1.37048,1.370495,1.37048,1.370485,-1.0,-1.0,-1
1.370485,1.370485,1.370485,1.370485,-1.0,-1.0,-1
1.370485,1.370495,1.370485,1.37049,-1.0,-1.0,-1
1.37049,1.370495,1.370485,1.370485,-1.0,-1.0,-1
1.370485,1.370495,1.370485,1.37049,-1.0,-1.0,-1
1.37049,1.370495,1.37049,1.37049,-1.0,-1.0,-1
1.37049,1.370495,1.370485,1.370485,-1.0,-1.0,-1
1.370485,1.370495,1.370485,1.37049,-1.0,-1.0,-1
1.37049,1.370495,1.370485,1.370485,-1.0,-1.0,-1
1.370485,1.370495,1.370485,1.37049,-1.0,-1.0,-1
1.37049,1.370495,1.37049,1.37049,-1.0,-1.0,-1
1.37049,1.370495,1.37049,1.370495,-1.0,-1.0,-1
1.370495,1.370505,1.370495,1.3705,-1.0,-1.0,-1
1.3705,1.370505,1.3705,1.3705,-1.0,-1.0,-1
1.3705,1.370505,1.3705,1.3705,-1.0,-1.0,-1
1.3705,1.370505,1.370495,1.3705,-1.0,-1.0,-1
1.3705,1.370505,1.370495,1.370495,-1.0,-1.0,-1
1.370495,1.370505,1.370495,1.370495,-1.0,-1.0,-1
1.370495,1.370505,1.370495,1.3705,-1.0,-1.0,-1
1.3705,1.370505,1.370495,1.370495,-1.0,-1.0,-1
1.370495,1.370505,1.370495,1.370495,-1.0,-1.0,-1
1.370495,1.370495,1.370495,1.370495,-1.0,-1.0,-1
1.370495,1.370505,1.37049,1.3705,-1.0,-1.0,-1
1.3705,1.370505,1.370495,1.3705,-1.0,-1.0,-1
1.3705,1.370505,1.370495,1.3705,-1.0,-1.0,-1
1.3705,1.370505,1.370495,1.370495,-1.0,-1.0,-1
1.370495,1.370495,1.370495,1.370495,-1.0,-1.0,-1
1.370495,1.370495,1.37048,1.37048,-1.0,-1.0,-1
1.37048,1.37048,1.37048,1.37048,-1.0,-1.0,-1
1.37048,1.37048,1.3704,1.370405,-1.0,-1.0,-1
1.370405,1.370405,1.370405,1.370405,-1.0,-1.0,-1
1.370405,1.370415,1.370405,1.370415,-1.0,-1.0,-1
1.370415,1.370415,1.370415,1.370415,-1.0,-1.0,-1
1.370415,1.37043,1.37041,1.37042,-1.0,-1.0,-1
1.37042,1.37043,1.37042,1.37042,-1.0,-1.0,-1
1.37042,1.370425,1.370415,1.370415,-1.0,-1.0,-1
1.370415,1.370425,1.370415,1.37042,-1.0,-1.0,-1
1.37042,1.370425,1.370415,1.370415,-1.0,-1.0,-1
1.370415,1.370415,1.370405,1.37041,-1.0,-1.0,-1
1.37041,1.37041,1.370405,1.37041,-1.0,-1.0,-1
1.37041,1.37041,1.37041,1.37041,-1.0,-1.0,-1
1.37041,1.370415,1.370405,1.370405,-1.0,-1.0,-1
1.370405,1.370405,1.370405,1.370405,-1.0,-1.0,-1
1.370405,1.370405,1.370405,1.370405,-1.0,-1.0,-1
1.370405,1.370405,1.370405,1.370405,-1.0,-1.0,-1
1.370405,1.370405,1.370405,1.370405,-1.0,-1.0,-1
1.370405,1.370405,1.370405,1.370405,-1.0,-1.0,-1
1.370405,1.370405,1.370405,1.370405,-1.0,-1.0,-1
1.370405,1.370405,1.370405,1.370405,-1.0,-1.0,-1
1.370405,1.370405,1.370405,1.370405,-1.0,-1.0,-1
1.370405,1.370405,1.370405,1.370405,-1.0,-1.0,-1
1.370405,1.370405,1.370405,1.370405,-1.0,-1.0,-1
1.370405,1.370405,1.370405,1.370405,-1.0,-1.0,-1
1.370405,1.370405,1.370405,1.370405,-1.0,-1.0,-1
1.370405,1.37041,1.370405,1.370405,-1.0,-1.0,-1
1.370405,1.37043,1.370405,1.370425,-1.0,-1.0,-1
1.370425,1.37043,1.37042,1.370425,-1.0,-1.0,-1
1.370425,1.37043,1.370415,1.370425,-1.0,-1.0,-1
1.370425,1.37043,1.37042,1.37042,-1.0,-1.0,-1
1.37042,1.370425,1.37042,1.37042,-1.0,-1.0,-1
1.37042,1.370425,1.37042,1.37042,-1.0,-1.0,-1
1.37042,1.37048,1.37042,1.37047,-1.0,-1.0,-1
1.37047,1.370485,1.37047,1.37048,-1.0,-1.0,-1
1.37048,1.370485,1.370475,1.370475,-1.0,-1.0,-1
1.370475,1.370475,1.370475,1.370475,-1.0,-1.0,-1
1.370475,1.37049,1.370475,1.37049,-1.0,-1.0,-1
1.37049,1.370495,1.37049,1.370495,-1.0,-1.0,-1
1.370495,1.370505,1.370495,1.370495,-1.0,-1.0,-1
1.370495,1.370495,1.370495,1.370495,-1.0,-1.0,-1
1.370495,1.370495,1.370485,1.370485,-1.0,-1.0,-1
1.370485,1.370495,1.37048,1.37049,-1.0,-1.0,-1
1.37049,1.370495,1.37049,1.37049,-1.0,-1.0,-1
1.37049,1.370495,1.37049,1.37049,-1.0,-1.0,-1
1.37049,1.370495,1.37049,1.37049,-1.0,-1.0,-1
1.37049,1.370495,1.37049,1.37049,-1.0,-1.0,-1
1.37049,1.370495,1.37049,1.37049,-1.0,-1.0,-1
1.37049,1.370495,1.37049,1.37049,-1.0,-1.0,-1
1.37049,1.370495,1.370455,1.370465,-1.0,-1.0,-1
1.370465,1.370465,1.37046,1.370465,-1.0,-1.0,-1
1.370465,1.370465,1.37045,1.37046,-1.0,-1.0,-1
1.37046,1.37046,1.370455,1.37046,-1.0,-1.0,-1
1.37046,1.37048,1.37044,1.37046,-1.0,-1.0,-1
1.37046,1.37046,1.370455,1.37046,-1.0,-1.0,-1
1.37046,1.37047,1.370455,1.37047,-1.0,-1.0,-1
1.37047,1.37047,1.37046,1.370465,-1.0,-1.0,-1
1.370465,1.370465,1.37046,1.370465,-1.0,-1.0,-1
1.370465,1.37047,1.37046,1.37047,-1.0,-1.0,-1
1.37047,1.37047,1.370465,1.37047,-1.0,-1.0,-1
1.37047,1.37047,1.370465,1.37047,-1.0,-1.0,-1
1.37047,1.37047,1.370465,1.37047,-1.0,-1.0,-1
1.37047,1.37047,1.370465,1.37047,-1.0,-1.0,-1
1.37047,1.37047,1.37046,1.370465,-1.0,-1.0,-1
1.370465,1.37047,1.37046,1.370465,-1.0,-1.0,-1
1.370465,1.370465,1.37046,1.370465,-1.0,-1.0,-1
1.370465,1.37047,1.37046,1.37047,-1.0,-1.0,-1
1.37047,1.37047,1.37047,1.37047,-1.0,-1.0,-1
1.37047,1.37047,1.37047,1.37047,-1.0,-1.0,-1
1.37047,1.370495,1.37046,1.37049,-1.0,-1.0,-1
1.37049,1.370495,1.37049,1.37049,-1.0,-1.0,-1
1.37049,1.370495,1.37048,1.370485,-1.0,-1.0,-1
1.370485,1.370485,1.370435,1.370445,-1.0,-1.0,-1
1.370445,1.37046,1.370435,1.37046,-1.0,-1.0,-1
1.37046,1.37046,1.370435,1.37044,-1.0,-1.0,-1
1.37044,1.37044,1.370435,1.37044,-1.0,-1.0,-1
1.37044,1.37044,1.370435,1.37044,-1.0,-1.0,-1
1.37044,1.37044,1.370435,1.370435,-1.0,-1.0,-1
1.370435,1.370435,1.370435,1.370435,-1.0,-1.0,-1
1.370435,1.37044,1.370425,1.37044,-1.0,-1.0,-1
1.37044,1.370445,1.370435,1.370445,-1.0,-1.0,-1
1.370445,1.370445,1.370435,1.370445,-1.0,-1.0,-1
1.370445,1.370445,1.370435,1.37044,-1.0,-1.0,-1
1.37044,1.37044,1.370435,1.37044,-1.0,-1.0,-1
1.37044,1.370445,1.370435,1.370445,-1.0,-1.0,-1
1.370445,1.37045,1.37044,1.370445,-1.0,-1.0,-1
1.370445,1.37045,1.37044,1.370445,-1.0,-1.0,-1
1.370445,1.37045,1.37044,1.37045,-1.0,-1.0,-1
1.37045,1.37045,1.37045,1.37045,-1.0,-1.0,-1
1.37045,1.37045,1.37045,1.37045,-1.0,-1.0,-1
1.37045,1.37045,1.37045,1.37045,-1.0,-1.0,-1
1.37045,1.37045,1.37045,1.37045,-1.0,-1.0,-1
1.37045,1.37045,1.37044,1.370445,-1.0,-1.0,-1
1.370445,1.370445,1.37044,1.370445,-1.0,-1.0,-1
1.370445,1.370445,1.37044,1.370445,-1.0,-1.0,-1
1.370445,1.370445,1.37044,1.370445,-1.0,-1.0,-1
1.370445,1.37046,1.37044,1.37046,-1.0,-1.0,-1
1.37046,1.37046,1.370455,1.37046,-1.0,-1.0,-1
1.37046,1.37046,1.370455,1.37046,-1.0,-1.0,-1
1.37046,1.37046,1.370455,1.37046,-1.0,-1.0,-1
1.37046,1.37046,1.37045,1.370455,-1.0,-1.0,-1
1.370455,1.37046,1.37045,1.37046,-1.0,-1.0,-1
1.37046,1.37046,1.37045,1.37046,-1.0,-1.0,-1
1.37046,1.37046,1.37043,1.370435,-1.0,-1.0,-1
1.370435,1.370435,1.370435,1.370435,-1.0,-1.0,-1
1.370435,1.37044,1.37043,1.37043,-1.0,-1.0,-1
1.37043,1.370445,1.37043,1.37044,-1.0,-1.0,-1
1.37044,1.37044,1.370405,1.370405,-1.0,-1.0,-1
1.370405,1.37044,1.370405,1.37044,-1.0,-1.0,-1
1.37044,1.37044,1.370435,1.37044,-1.0,-1.0,-1
1.37044,1.37044,1.370415,1.37044,-1.0,-1.0,-1
1.37044,1.37044,1.37043,1.370435,-1.0,-1.0,-1
1.370435,1.370435,1.370435,1.370435,-1.0,-1.0,-1
1.370435,1.37044,1.370435,1.37044,-1.0,-1.0,-1
1.37044,1.37044,1.370435,1.37044,-1.0,-1.0,-1
1.37044,1.37045,1.370435,1.37045,-1.0,-1.0,-1
1.37045,1.37045,1.37044,1.37044,-1.0,-1.0,-1
1.37044,1.370455,1.37044,1.370445,-1.0,-1.0,-1
1.370445,1.370445,1.370445,1.370445,-1.0,-1.0,-1
1.370445,1.370445,1.370445,1.370445,-1.0,-1.0,-1
1.370445,1.370445,1.370445,1.370445,-1.0,-1.0,-1
1.370445,1.370445,1.370445,1.370445,-1.0,-1.0,-1
1.370445,1.370445,1.370445,1.370445,-1.0,-1.0,-1
1.370445,1.370455,1.370445,1.370445,-1.0,-1.0,-1
1.370445,1.370445,1.370445,1.370445,-1.0,-1.0,-1
1.370445,1.370445,1.370445,1.370445,-1.0,-1.0,-1
1.370445,1.370445,1.370445,1.370445,-1.0,-1.0,-1
1.370445,1.370445,1.370445,1.370445,-1.0,-1.0,-1
1.370445,1.370445,1.370445,1.370445,-1.0,-1.0,-1
1.370445,1.370445,1.370445,1.370445,-1.0,-1.0,-1
1.370445,1.370455,1.370445,1.37045,-1.0,-1.0,-1
1.37045,1.370455,1.370445,1.370445,-1.0,-1.0,-1
1.370445,1.370455,1.370445,1.37045,-1.0,-1.0,-1
1.37045,1.370455,1.370445,1.37045,-1.0,-1.0,-1
1.37045,1.370455,1.37045,1.370455,-1.0,-1.0,-1
1.370455,1.37046,1.37045,1.37046,-1.0,-1.0,-1
1.37046,1.37046,1.37045,1.370455,-1.0,-1.0,-1
1.370455,1.370455,1.37045,1.370455,-1.0,-1.0,-1
1.370455,1.370455,1.37045,1.370455,-1.0,-1.0,-1
1.370455,1.370455,1.37045,1.370455,-1.0,-1.0,-1
1.370455,1.370455,1.37045,1.370455,-1.0,-1.0,-1
1.370455,1.370455,1.370445,1.370445,-1.0,-1.0,-1
1.370445,1.37045,1.370445,1.37045,-1.0,-1.0,-1
1.37045,1.37045,1.370445,1.370445,-1.0,-1.0,-1
1.370445,1.37045,1.370445,1.370445,-1.0,-1.0,-1
1.370445,1.370445,1.370445,1.370445,-1.0,-1.0,-1
1.370445,1.370445,1.37041,1.37041,-1.0,-1.0,-1
1.37041,1.37041,1.3704,1.3704,-1.0,-1.0,-1
1.3704,1.370405,1.3704,1.370405,-1.0,-1.0,-1
1.370405,1.370405,1.370405,1.370405,-1.0,-1.0,-1
1.370405,1.37045,1.370405,1.37045,-1.0,-1.0,-1
1.37045,1.370455,1.370445,1.37045,-1.0,-1.0,-1
1.37045,1.37045,1.370415,1.370415,-1.0,-1.0,-1
1.370415,1.370425,1.37041,1.370425,-1.0,-1.0,-1
1.370425,1.370425,1.370415,1.370415,-1.0,-1.0,-1
1.370415,1.370425,1.370415,1.37042,-1.0,-1.0,-1
1.37042,1.370425,1.37041,1.37042,-1.0,-1.0,-1
1.37042,1.370425,1.37041,1.370415,-1.0,-1.0,-1
1.370415,1.370415,1.370415,1.370415,-1.0,-1.0,-1
1.370415,1.370415,1.3704,1.370405,-1.0,-1.0,-1
1.370405,1.370405,1.3704,1.3704,-1.0,-1.0,-1
1.3704,1.3704,1.370395,1.370395,-1.0,-1.0,-1
1.370395,1.370405,1.370395,1.3704,-1.0,-1.0,-1
1.3704,1.37041,1.3704,1.37041,-1.0,-1.0,-1
1.37041,1.37044,1.37041,1.37044,-1.0,-1.0,-1
1.37044,1.370445,1.37044,1.370445,-1.0,-1.0,-1
1.370445,1.370445,1.37044,1.37044,-1.0,-1.0,-1
1.37044,1.37044,1.37044,1.37044,-1.0,-1.0,-1
1.37044,1.370445,1.37044,1.370445,-1.0,-1.0,-1
1.370445,1.370455,1.370445,1.370455,-1.0,-1.0,-1
1.370455,1.370465,1.37045,1.370455,-1.0,-1.0,-1
1.370455,1.370455,1.37045,1.370455,-1.0,-1.0,-1
1.370455,1.370455,1.37045,1.370455,-1.0,-1.0,-1
1.370455,1.370455,1.37045,1.370455,-1.0,-1.0,-1
1.370455,1.370455,1.37045,1.370455,-1.0,-1.0,-1
1.370455,1.370455,1.37045,1.370455,-1.0,-1.0,-1
1.370455,1.370465,1.37045,1.370455,-1.0,-1.0,-1
1.370455,1.370455,1.37045,1.370455,-1.0,-1.0,-1
1.370455,1.37048,1.37045,1.37048,-1.0,-1.0,-1
1.37048,1.37048,1.37045,1.37045,-1.0,-1.0,-1
1.37045,1.37045,1.37044,1.370445,-1.0,-1.0,-1
1.370445,1.370445,1.37044,1.370445,-1.0,-1.0,-1
1.370445,1.37045,1.37044,1.37045,-1.0,-1.0,-1
1.37045,1.37045,1.37045,1.37045,-1.0,-1.0,-1
1.37045,1.37045,1.37044,1.370445,-1.0,-1.0,-1
1.370445,1.37045,1.37044,1.370445,-1.0,-1.0,-1
1.370445,1.37045,1.370445,1.37045,-1.0,-1.0,-1
1.37045,1.37045,1.370445,1.37045,-1.0,-1.0,-1
1.37045,1.37045,1.370435,1.370445,-1.0,-1.0,-1
1.370445,1.37045,1.37044,1.370445,-1.0,-1.0,-1
1.370445,1.370445,1.370445,1.370445,-1.0,-1.0,-1
1.370445,1.37045,1.37044,1.370445,-1.0,-1.0,-1
1.370445,1.370445,1.37044,1.37044,-1.0,-1.0,-1
1.37044,1.370445,1.37044,1.37044,-1.0,-1.0,-1
1.37044,1.37045,1.37044,1.37045,-1.0,-1.0,-1
1.37045,1.37045,1.37044,1.370445,-1.0,-1.0,-1
1.370445,1.370445,1.37044,1.370445,-1.0,-1.0,-1
1.370445,1.370445,1.37044,1.370445,-1.0,-1.0,-1
1.370445,1.370445,1.37044,1.37044,-1.0,-1.0,-1
1.37044,1.370445,1.37044,1.370445,-1.0,-1.0,-1
1.370445,1.370445,1.37044,1.370445,-1.0,-1.0,-1
1.370445,1.370445,1.37044,1.370445,-1.0,-1.0,-1
1.370445,1.370455,1.37044,1.37045,-1.0,-1.0,-1
1.37045,1.37045,1.37045,1.37045,-1.0,-1.0,-1
1.37045,1.37045,1.37045,1.37045,-1.0,-1.0,-1
1.37045,1.370455,1.37045,1.370455,-1.0,-1.0,-1
1.370455,1.37046,1.37045,1.37046,-1.0,-1.0,-1
1.37046,1.37046,1.37045,1.37046,-1.0,-1.0,-1
1.37046,1.37046,1.37045,1.370455,-1.0,-1.0,-1
1.370455,1.370455,1.37045,1.37045,-1.0,-1.0,-1
1.37045,1.370455,1.370445,1.370445,-1.0,-1.0,-1
1.370445,1.370455,1.370445,1.370455,-1.0,-1.0,-1
1.370455,1.370455,1.37045,1.370455,-1.0,-1.0,-1
1.370455,1.37046,1.37045,1.37046,-1.0,-1.0,-1
1.37046,1.370505,1.37045,1.3705,-1.0,-1.0,-1
1.3705,1.370505,1.3705,1.3705,-1.0,-1.0,-1
1.3705,1.370505,1.3705,1.3705,-1.0,-1.0,-1
1.3705,1.370505,1.3705,1.3705,-1.0,-1.0,-1
1.3705,1.370505,1.3705,1.3705,-1.0,-1.0,-1
1.3705,1.370505,1.370495,1.370495,-1.0,-1.0,-1
1.370495,1.370505,1.370495,1.370495,-1.0,-1.0,-1
1.370495,1.370495,1.370495,1.370495,-1.0,-1.0,-1
1.370495,1.370495,1.370495,1.370495,-1.0,-1.0,-1
1.370495,1.370495,1.370495,1.370495,-1.0,-1.0,-1
1.370495,1.370495,1.370495,1.370495,-1.0,-1.0,-1
1.370495,1.370505,1.370495,1.3705,-1.0,-1.0,-1
1.3705,1.370505,1.370495,1.370495,-1.0,-1.0,-1
1.370495,1.370495,1.370495,1.370495,-1.0,-1.0,-1
1.370495,1.370505,1.370495,1.3705,-1.0,-1.0,-1
1.3705,1.37054,1.370495,1.37054,-1.0,-1.0,-1
1.37054,1.370545,1.370535,1.37054,-1.0,-1.0,-1
1.37054,1.370575,1.370535,1.37054,-1.0,-1.0,-1
1.37054,1.37054,1.370495,1.370495,-1.0,-1.0,-1
1.370495,1.370505,1.370495,1.3705,-1.0,-1.0,-1
1.3705,1.370505,1.370495,1.3705,-1.0,-1.0,-1
1.3705,1.370505,1.3705,1.370505,-1.0,-1.0,-1
1.370505,1.370505,1.370495,1.3705,-1.0,-1.0,-1
1.3705,1.370505,1.370495,1.3705,-1.0,-1.0,-1
1.3705,1.370505,1.3705,1.370505,-1.0,-1.0,-1
1.370505,1.370515,1.3705,1.370505,-1.0,-1.0,-1
1.370505,1.370505,1.370505,1.370505,-1.0,-1.0,-1
1.370505,1.370535,1.370505,1.370535,-1.0,-1.0,-1
1.370535,1.370535,1.3705,1.3705,-1.0,-1.0,-1
1.3705,1.370515,1.3705,1.370505,-1.0,-1.0,-1
1.370505,1.370515,1.370505,1.370505,-1.0,-1.0,-1
1.370505,1.37054,1.370505,1.37054,-1.0,-1.0,-1
1.37054,1.37054,1.370535,1.37054,-1.0,-1.0,-1
1.37054,1.370545,1.37053,1.370545,-1.0,-1.0,-1
1.370545,1.37056,1.370545,1.37055,-1.0,-1.0,-1
1.37055,1.37055,1.370545,1.37055,-1.0,-1.0,-1
1.37055,1.37056,1.370545,1.37055,-1.0,-1.0,-1
1.37055,1.37055,1.3705,1.3705,-1.0,-1.0,-1
1.3705,1.370505,1.3705,1.3705,-1.0,-1.0,-1
1.3705,1.370505,1.3705,1.3705,-1.0,-1.0,-1
1.3705,1.370505,1.3705,1.370505,-1.0,-1.0,-1
1.370505,1.370505,1.370505,1.370505,-1.0,-1.0,-1
1.370505,1.370525,1.370505,1.37052,-1.0,-1.0,-1
1.37052,1.370525,1.3705,1.370505,-1.0,-1.0,-1
1.370505,1.370505,1.370495,1.370495,-1.0,-1.0,-1
1.370495,1.370505,1.370495,1.3705,-1.0,-1.0,-1
1.3705,1.370505,1.3705,1.3705,-1.0,-1.0,-1
1.3705,1.370505,1.3705,1.3705,-1.0,-1.0,-1
1.3705,1.370505,1.3705,1.3705,-1.0,-1.0,-1
1.3705,1.370505,1.3705,1.3705,-1.0,-1.0,-1
1.3705,1.370505,1.3705,1.3705,-1.0,-1.0,-1
1.3705,1.370505,1.3705,1.3705,-1.0,-1.0,-1
1.3705,1.370505,1.370495,1.3705,-1.0,-1.0,-1
1.3705,1.370505,1.3705,1.3705,-1.0,-1.0,-1
1.3705,1.370505,1.370495,1.370495,-1.0,-1.0,-1
1.370495,1.370505,1.370495,1.3705,-1.0,-1.0,-1
1.3705,1.370515,1.37049,1.3705,-1.0,-1.0,-1
1.3705,1.370505,1.3705,1.3705,-1.0,-1.0,-1
1.3705,1.370505,1.3705,1.370505,-1.0,-1.0,-1
1.370505,1.370505,1.370505,1.370505,-1.0,-1.0,-1
1.370505,1.370505,1.37048,1.37048,-1.0,-1.0,-1
1.37048,1.370495,1.37048,1.370495,-1.0,-1.0,-1
1.370495,1.370505,1.370495,1.3705,-1.0,-1.0,-1
1.3705,1.370505,1.3705,1.3705,-1.0,-1.0,-1
1.3705,1.370505,1.370495,1.3705,-1.0,-1.0,-1
1.3705,1.370505,1.370495,1.370495,-1.0,-1.0,-1
1.370495,1.370495,1.37049,1.37049,-1.0,-1.0,-1
1.37049,1.370505,1.37049,1.3705,-1.0,-1.0,-1
1.3705,1.370505,1.3705,1.3705,-1.0,-1.0,-1
1.3705,1.370505,1.37049,1.37049,-1.0,-1.0,-1
1.37049,1.370495,1.37046,1.37047,-1.0,-1.0,-1
1.37047,1.370495,1.370465,1.37049,-1.0,-1.0,-1
1.37049,1.370495,1.37049,1.370495,-1.0,-1.0,-1
1.370495,1.370505,1.370495,1.370495,-1.0,-1.0,-1
1.370495,1.370495,1.37049,1.37049,-1.0,-1.0,-1
1.37049,1.370495,1.37049,1.37049,-1.0,-1.0,-1
1.37049,1.370495,1.37049,1.37049,-1.0,-1.0,-1
1.37049,1.370495,1.37049,1.370495,-1.0,-1.0,-1
1.370495,1.370495,1.370495,1.370495,-1.0,-1.0,-1
1.370495,1.370495,1.37049,1.370495,-1.0,-1.0,-1
1.370495,1.370495,1.37049,1.370495,-1.0,-1.0,-1
1.370495,1.370495,1.37049,1.370495,-1.0,-1.0,-1
1.370495,1.370495,1.370495,1.370495,-1.0,-1.0,-1
1.370495,1.370495,1.37049,1.370495,-1.0,-1.0,-1
1.370495,1.370495,1.370495,1.370495,-1.0,-1.0,-1
1.370495,1.370495,1.370495,1.370495,-1.0,-1.0,-1
1.370495,1.370495,1.37048,1.370485,-1.0,-1.0,-1
1.370485,1.370485,1.370485,1.370485,-1.0,-1.0,-1
1.370485,1.370505,1.370485,1.370495,-1.0,-1.0,-1
1.370495,1.370495,1.37049,1.37049,-1.0,-1.0,-1
1.37049,1.370495,1.37049,1.370495,-1.0,-1.0,-1
1.370495,1.370495,1.370495,1.370495,-1.0,-1.0,-1
1.370495,1.370495,1.37049,1.37049,-1.0,-1.0,-1
1.37049,1.370495,1.37048,1.370485,-1.0,-1.0,-1
1.370485,1.370485,1.370485,1.370485,-1.0,-1.0,-1
1.370485,1.370485,1.370485,1.370485,-1.0,-1.0,-1
1.370485,1.370485,1.37048,1.370485,-1.0,-1.0,-1
1.370485,1.370485,1.37048,1.370485,-1.0,-1.0,-1
1.370485,1.370485,1.37048,1.37048,-1.0,-1.0,-1
1.37048,1.370495,1.37048,1.370495,-1.0,-1.0,-1
1.370495,1.370495,1.370485,1.370485,-1.0,-1.0,-1
1.370485,1.370495,1.370485,1.370485,-1.0,-1.0,-1
1.370485,1.370495,1.370485,1.37049,-1.0,-1.0,-1
1.37049,1.370495,1.37049,1.370495,-1.0,-1.0,-1
1.370495,1.370495,1.370495,1.370495,-1.0,-1.0,-1
1.370495,1.370495,1.37049,1.37049,-1.0,-1.0,-1
1.37049,1.370505,1.37049,1.370495,-1.0,-1.0,-1
1.370495,1.370505,1.370495,1.3705,-1.0,-1.0,-1
1.3705,1.370505,1.3705,1.3705,-1.0,-1.0,-1
1.3705,1.370505,1.3705,1.3705,-1.0,-1.0,-1
1.3705,1.370505,1.3705,1.3705,-1.0,-1.0,-1
1.3705,1.370505,1.370495,1.370495,-1.0,-1.0,-1
1.370495,1.370505,1.370495,1.3705,-1.0,-1.0,-1
1.3705,1.370505,1.3705,1.3705,-1.0,-1.0,-1
1.3705,1.370505,1.3705,1.370505,-1.0,-1.0,-1
1.370505,1.370575,1.370505,1.37057,-1.0,-1.0,-1
1.37057,1.37057,1.370565,1.370565,-1.0,-1.0,-1
1.370565,1.370575,1.370565,1.370565,-1.0,-1.0,-1
1.370565,1.37057,1.370555,1.370565,-1.0,-1.0,-1
1.370565,1.37057,1.370555,1.37056,-1.0,-1.0,-1
1.37056,1.370565,1.370555,1.370565,-1.0,-1.0,-1
1.370565,1.370565,1.370565,1.370565,-1.0,-1.0,-1
1.370565,1.370565,1.370565,1.370565,-1.0,-1.0,-1
1.370565,1.370565,1.370565,1.370565,-1.0,-1.0,-1
1.370565,1.370565,1.370565,1.370565,-1.0,-1.0,-1
1.370565,1.370565,1.370565,1.370565,-1.0,-1.0,-1
1.370565,1.370565,1.370555,1.37056,-1.0,-1.0,-1
1.37056,1.370565,1.370555,1.370565,-1.0,-1.0,-1
1.370565,1.370565,1.370555,1.37056,-1.0,-1.0,-1
1.37056,1.37056,1.37055,1.37056,-1.0,-1.0,-1
1.37056,1.37058,1.370555,1.37058,-1.0,-1.0,-1
1.37058,1.37058,1.37057,1.370575,-1.0,-1.0,-1
1.370575,1.37058,1.370575,1.37058,-1.0,-1.0,-1
1.37058,1.37058,1.37053,1.370535,-1.0,-1.0,-1
1.370535,1.370535,1.37053,1.370535,-1.0,-1.0,-1
1.370535,1.370535,1.37053,1.370535,-1.0,-1.0,-1
1.370535,1.37054,1.37053,1.37054,-1.0,-1.0,-1
1.37054,1.37054,1.370535,1.37054,-1.0,-1.0,-1
1.37054,1.370545,1.370535,1.37054,-1.0,-1.0,-1
1.37054,1.37054,1.370535,1.37054,-1.0,-1.0,-1
1.37054,1.370575,1.370535,1.370575,-1.0,-1.0,-1
1.370575,1.370575,1.370575,1.370575,-1.0,-1.0,-1
1.370575,1.370575,1.370575,1.370575,-1.0,-1.0,-1
1.370575,1.37059,1.370575,1.370585,-1.0,-1.0,-1
1.370585,1.37059,1.370585,1.370585,-1.0,-1.0,-1
1.370585,1.37059,1.370585,1.370585,-1.0,-1.0,-1
1.370585,1.37059,1.370585,1.370585,-1.0,-1.0,-1
1.370585,1.37059,1.370585,1.370585,-1.0,-1.0,-1
1.370585,1.37059,1.370585,1.370585,-1.0,-1.0,-1
1.370585,1.37059,1.370585,1.370585,-1.0,-1.0,-1
1.370585,1.37059,1.370585,1.370585,-1.0,-1.0,-1
1.370585,1.37059,1.370585,1.37059,-1.0,-1.0,-1
1.37059,1.37059,1.370585,1.370585,-1.0,-1.0,-1
1.370585,1.37059,1.370585,1.370585,-1.0,-1.0,-1
1.370585,1.37059,1.370585,1.370585,-1.0,-1.0,-1
1.370585,1.370595,1.370585,1.37059,-1.0,-1.0,-1
1.37059,1.370595,1.37058,1.37058,-1.0,-1.0,-1
1.37058,1.37058,1.37058,1.37058,-1.0,-1.0,-1
1.37058,1.37059,1.37058,1.370585,-1.0,-1.0,-1
1.370585,1.37059,1.370585,1.370585,-1.0,-1.0,-1
1.370585,1.37059,1.37053,1.370545,-1.0,-1.0,-1
1.370545,1.370545,1.370535,1.37054,-1.0,-1.0,-1
1.37054,1.37054,1.370535,1.37054,-1.0,-1.0,-1
1.37054,1.37054,1.370535,1.37054,-1.0,-1.0,-1
1.37054,1.370545,1.370535,1.37054,-1.0,-1.0,-1
1.37054,1.37054,1.370535,1.37054,-1.0,-1.0,-1
1.37054,1.37054,1.37053,1.370535,-1.0,-1.0,-1
1.370535,1.370555,1.37053,1.370555,-1.0,-1.0,-1
1.370555,1.370555,1.37055,1.370555,-1.0,-1.0,-1
1.370555,1.37057,1.37055,1.370555,-1.0,-1.0,-1
1.370555,1.37057,1.37055,1.370555,-1.0,-1.0,-1
1.370555,1.370555,1.370545,1.370555,-1.0,-1.0,-1
1.370555,1.370555,1.370545,1.37055,-1.0,-1.0,-1
1.37055,1.37055,1.370545,1.37055,-1.0,-1.0,-1
1.37055,1.370555,1.370545,1.370555,-1.0,-1.0,-1
1.370555,1.370555,1.370545,1.370545,-1.0,-1.0,-1
1.370545,1.370545,1.37052,1.37053,-1.0,-1.0,-1
1.37053,1.370535,1.370485,1.370485,-1.0,-1.0,-1
1.370485,1.370485,1.370485,1.370485,-1.0,-1.0,-1
1.370485,1.370485,1.370485,1.370485,-1.0,-1.0,-1
1.370485,1.370495,1.370485,1.370495,-1.0,-1.0,-1
1.370495,1.370495,1.37049,1.370495,-1.0,-1.0,-1
1.370495,1.370495,1.370495,1.370495,-1.0,-1.0,-1
1.370495,1.370505,1.370495,1.370505,-1.0,-1.0,-1
1.370505,1.37052,1.370505,1.37052,-1.0,-1.0,-1
1.37052,1.37054,1.37051,1.37054,-1.0,-1.0,-1
1.37054,1.37054,1.37053,1.370535,-1.0,-1.0,-1
1.370535,1.37054,1.3705,1.370515,-1.0,-1.0,-1
1.370515,1.37052,1.3705,1.370505,-1.0,-1.0,-1
1.370505,1.370515,1.3705,1.3705,-1.0,-1.0,-1
1.3705,1.370505,1.3705,1.3705,-1.0,-1.0,-1
1.3705,1.370505,1.3705,1.3705,-1.0,-1.0,-1
1.3705,1.370505,1.3705,1.3705,-1.0,-1.0,-1
1.3705,1.370505,1.3705,1.3705,-1.0,-1.0,-1
1.3705,1.370525,1.3705,1.370525,-1.0,-1.0,-1
1.370525,1.37056,1.370525,1.37056,-1.0,-1.0,-1
1.37056,1.37056,1.370555,1.37056,-1.0,-1.0,-1
1.37056,1.37056,1.370555,1.37056,-1.0,-1.0,-1
1.37056,1.37056,1.370555,1.37056,-1.0,-1.0,-1
1.37056,1.37056,1.370555,1.37056,-1.0,-1.0,-1
1.37056,1.37056,1.370555,1.37056,-1.0,-1.0,-1
1.37056,1.37056,1.370555,1.37056,-1.0,-1.0,-1
1.37056,1.37056,1.370545,1.37055,-1.0,-1.0,-1
1.37055,1.37055,1.370545,1.37055,-1.0,-1.0,-1
1.37055,1.37055,1.370535,1.37055,-1.0,-1.0,-1
1.37055,1.37055,1.370535,1.37054,-1.0,-1.0,-1
1.37054,1.370565,1.370535,1.37055,-1.0,-1.0,-1
1.37055,1.370555,1.370545,1.37055,-1.0,-1.0,-1
1.37055,1.37057,1.370545,1.37056,-1.0,-1.0,-1
1.37056,1.37056,1.37055,1.370555,-1.0,-1.0,-1
1.370555,1.37056,1.37055,1.37056,-1.0,-1.0,-1
1.37056,1.37056,1.37055,1.37056,-1.0,-1.0,-1
1.37056,1.37056,1.370545,1.37056,-1.0,-1.0,-1
1.37056,1.37056,1.370545,1.370555,-1.0,-1.0,-1
1.370555,1.37056,1.37055,1.37056,-1.0,-1.0,-1
1.37056,1.37059,1.37055,1.370585,-1.0,-1.0,-1
1.370585,1.37059,1.37058,1.37058,-1.0,-1.0,-1
1.37058,1.37059,1.37058,1.370585,-1.0,-1.0,-1
1.370585,1.37059,1.370585,1.37059,-1.0,-1.0,-1
1.37059,1.37059,1.37059,1.37059,-1.0,-1.0,-1
1.37059,1.37059,1.37059,1.37059,-1.0,-1.0,-1
1.37059,1.37059,1.37059,1.37059,-1.0,-1.0,-1
1.37059,1.37059,1.37059,1.37059,-1.0,-1.0,-1
1.37059,1.37059,1.37059,1.37059,-1.0,-1.0,-1
1.37059,1.37059,1.37059,1.37059,-1.0,-1.0,-1
1.37059,1.37059,1.37059,1.37059,-1.0,-1.0,-1
1.37059,1.37059,1.37059,1.37059,-1.0,-1.0,-1
1.37059,1.37059,1.37059,1.37059,-1.0,-1.0,-1
1.37059,1.37059,1.37059,1.37059,-1.0,-1.0,-1
1.37059,1.37059,1.37059,1.37059,-1.0,-1.0,-1
1.37059,1.3706,1.37059,1.370595,-1.0,-1.0,-1
1.370595,1.3706,1.37059,1.37059,-1.0,-1.0,-1
1.37059,1.37059,1.37059,1.37059,-1.0,-1.0,-1
1.37059,1.3706,1.37059,1.370595,-1.0,-1.0,-1
1.370595,1.3706,1.37059,1.37059,-1.0,-1.0,-1
1.37059,1.37059,1.37059,1.37059,-1.0,-1.0,-1
1.37059,1.37059,1.37059,1.37059,-1.0,-1.0,-1
1.37059,1.3706,1.37059,1.37059,-1.0,-1.0,-1
1.37059,1.37059,1.37059,1.37059,-1.0,-1.0,-1
1.37059,1.37059,1.37059,1.37059,-1.0,-1.0,-1
1.37059,1.37059,1.37058,1.37058,-1.0,-1.0,-1
1.37058,1.37058,1.37058,1.37058,-1.0,-1.0,-1
1.37058,1.37059,1.37058,1.370585,-1.0,-1.0,-1
1.370585,1.37059,1.37058,1.37058,-1.0,-1.0,-1
1.37058,1.37058,1.37058,1.37058,-1.0,-1.0,-1
1.37058,1.37058,1.37058,1.37058,-1.0,-1.0,-1
1.37058,1.37059,1.37058,1.37058,-1.0,-1.0,-1
1.37058,1.37058,1.37058,1.37058,-1.0,-1.0,-1
1.37058,1.37059,1.37058,1.370585,-1.0,-1.0,-1
1.370585,1.37059,1.370585,1.370585,-1.0,-1.0,-1
1.370585,1.37059,1.370585,1.370585,-1.0,-1.0,-1
1.370585,1.37059,1.37058,1.37058,-1.0,-1.0,-1
1.37058,1.37059,1.37058,1.37059,-1.0,-1.0,-1
1.37059,1.37059,1.37058,1.37058,-1.0,-1.0,-1
1.37058,1.37059,1.37058,1.370585,-1.0,-1.0,-1
1.370585,1.37059,1.370585,1.370585,-1.0,-1.0,-1
1.370585,1.37059,1.370585,1.370585,-1.0,-1.0,-1
1.370585,1.37059,1.370585,1.37059,-1.0,-1.0,-1
1.37059,1.37059,1.370585,1.370585,-1.0,-1.0,-1
1.370585,1.37059,1.370585,1.37059,-1.0,-1.0,-1
1.37059,1.37059,1.370585,1.37059,-1.0,-1.0,-1
1.37059,1.37059,1.37059,1.37059,-1.0,-1.0,-1
1.37059,1.37059,1.37059,1.37059,-1.0,-1.0,-1
1.37059,1.37059,1.370585,1.370585,-1.0,-1.0,-1
1.370585,1.37059,1.370585,1.37059,-1.0,-1.0,-1
1.37059,1.3706,1.37059,1.370595,-1.0,-1.0,-1
1.370595,1.3706,1.37059,1.37059,-1.0,-1.0,-1
1.37059,1.37059,1.37059,1.37059,-1.0,-1.0,-1
1.37059,1.37059,1.370585,1.37059,-1.0,-1.0,-1
1.37059,1.37059,1.37058,1.370585,-1.0,-1.0,-1
1.370585,1.37059,1.370575,1.37058,-1.0,-1.0,-1
1.37058,1.37058,1.37058,1.37058,-1.0,-1.0,-1
1.37058,1.37058,1.37058,1.37058,-1.0,-1.0,-1
1.37058,1.37059,1.37058,1.37058,-1.0,-1.0,-1
1.37058,1.37058,1.37058,1.37058,-1.0,-1.0,-1
1.37058,1.37058,1.370525,1.370525,-1.0,-1.0,-1
1.370525,1.370535,1.370525,1.370535,-1.0,-1.0,-1
1.370535,1.370535,1.37053,1.370535,-1.0,-1.0,-1
1.370535,1.370535,1.370525,1.370525,-1.0,-1.0,-1
1.370525,1.370525,1.370525,1.370525,-1.0,-1.0,-1
1.370525,1.370525,1.370525,1.370525,-1.0,-1.0,-1
1.370525,1.370525,1.370525,1.370525,-1.0,-1.0,-1
1.370525,1.370525,1.370525,1.370525,-1.0,-1.0,-1
1.370525,1.370525,1.370525,1.370525,-1.0,-1.0,-1
1.370525,1.370525,1.370525,1.370525,-1.0,-1.0,-1
1.370525,1.370525,1.370525,1.370525,-1.0,-1.0,-1
1.370525,1.370525,1.37052,1.37052,-1.0,-1.0,-1
1.37052,1.370525,1.37052,1.370525,-1.0,-1.0,-1
1.370525,1.370525,1.370525,1.370525,-1.0,-1.0,-1
1.370525,1.370525,1.370525,1.370525,-1.0,-1.0,-1
1.370525,1.370525,1.370525,1.370525,-1.0,-1.0,-1
1.370525,1.370525,1.370525,1.370525,-1.0,-1.0,-1
1.370525,1.370525,1.370525,1.370525,-1.0,-1.0,-1
1.370525,1.370525,1.370525,1.370525,-1.0,-1.0,-1
1.370525,1.370525,1.370525,1.370525,-1.0,-1.0,-1
1.370525,1.370525,1.370525,1.370525,-1.0,-1.0,-1
1.370525,1.370525,1.370525,1.370525,-1.0,-1.0,-1
1.370525,1.370575,1.370525,1.37055,-1.0,-1.0,-1
1.37055,1.37058,1.370545,1.370575,-1.0,-1.0,-1
1.370575,1.37059,1.370575,1.370585,-1.0,-1.0,-1
1.370585,1.37059,1.370585,1.370585,-1.0,-1.0,-1
1.370585,1.37059,1.370585,1.370585,-1.0,-1.0,-1
1.370585,1.37059,1.37058,1.370585,-1.0,-1.0,-1
1.370585,1.37059,1.370545,1.370545,-1.0,-1.0,-1
1.370545,1.370555,1.370545,1.37055,-1.0,-1.0,-1
1.37055,1.37058,1.370545,1.37058,-1.0,-1.0,-1
1.37058,1.37058,1.37058,1.37058,-1.0,-1.0,-1
1.37058,1.37058,1.37058,1.37058,-1.0,-1.0,-1
1.37058,1.37059,1.37058,1.370585,-1.0,-1.0,-1
1.370585,1.37059,1.370585,1.370585,-1.0,-1.0,-1
1.370585,1.3706,1.370585,1.37059,-1.0,-1.0,-1
1.37059,1.370605,1.37059,1.370605,-1.0,-1.0,-1
1.370605,1.37061,1.370605,1.37061,-1.0,-1.0,-1
1.37061,1.37061,1.370545,1.37055,-1.0,-1.0,-1
1.37055,1.37055,1.370545,1.370545,-1.0,-1.0,-1
1.370545,1.37055,1.370535,1.370545,-1.0,-1.0,-1
1.370545,1.37056,1.370545,1.37056,-1.0,-1.0,-1
1.37056,1.37056,1.37055,1.37056,-1.0,-1.0,-1
1.37056,1.37056,1.370535,1.37054,-1.0,-1.0,-1
1.37054,1.370545,1.370535,1.370545,-1.0,-1.0,-1
1.370545,1.370545,1.370545,1.370545,-1.0,-1.0,-1
1.370545,1.370555,1.370545,1.370555,-1.0,-1.0,-1
1.370555,1.370555,1.37055,1.370555,-1.0,-1.0,-1
1.370555,1.370575,1.37055,1.370575,-1.0,-1.0,-1
1.370575,1.370575,1.370555,1.37056,-1.0,-1.0,-1
1.37056,1.370565,1.370555,1.37056,-1.0,-1.0,-1
1.37056,1.37057,1.370555,1.37056,-1.0,-1.0,-1
1.37056,1.370565,1.370555,1.37056,-1.0,-1.0,-1
1.37056,1.37056,1.370545,1.370545,-1.0,-1.0,-1
1.370545,1.370545,1.370525,1.370535,-1.0,-1.0,-1
1.370535,1.370535,1.37052,1.37052,-1.0,-1.0,-1
1.37052,1.37052,1.37052,1.37052,-1.0,-1.0,-1
1.37052,1.37053,1.37052,1.37052,-1.0,-1.0,-1
1.37052,1.370525,1.37052,1.370525,-1.0,-1.0,-1
1.370525,1.370535,1.370525,1.370525,-1.0,-1.0,-1
1.370525,1.370535,1.370525,1.370525,-1.0,-1.0,-1
1.370525,1.370525,1.370525,1.370525,-1.0,-1.0,-1
1.370525,1.370525,1.37052,1.370525,-1.0,-1.0,-1
1.370525,1.370525,1.370525,1.370525,-1.0,-1.0,-1
1.370525,1.370525,1.370525,1.370525,-1.0,-1.0,-1
1.370525,1.370525,1.37052,1.370525,-1.0,-1.0,-1
1.370525,1.370555,1.370515,1.37054,-1.0,-1.0,-1
1.37054,1.370545,1.370535,1.370545,-1.0,-1.0,-1
1.370545,1.370545,1.370535,1.37054,-1.0,-1.0,-1
1.37054,1.37054,1.370535,1.37054,-1.0,-1.0,-1
1.37054,1.37054,1.37053,1.37053,-1.0,-1.0,-1
1.37053,1.37054,1.37053,1.37053,-1.0,-1.0,-1
1.37053,1.37054,1.37053,1.37054,-1.0,-1.0,-1
1.37054,1.37054,1.370525,1.370525,-1.0,-1.0,-1
1.370525,1.37054,1.370525,1.370525,-1.0,-1.0,-1
1.370525,1.370525,1.370525,1.370525,-1.0,-1.0,-1
1.370525,1.37054,1.370515,1.37053,-1.0,-1.0,-1
1.37053,1.37054,1.370525,1.37053,-1.0,-1.0,-1
1.37053,1.37054,1.370485,1.37052,-1.0,-1.0,-1
1.37052,1.37056,1.370515,1.370545,-1.0,-1.0,-1
1.370545,1.37056,1.370545,1.37055,-1.0,-1.0,-1
1.37055,1.37059,1.370545,1.37058,-1.0,-1.0,-1
1.37058,1.37064,1.37058,1.37063,-1.0,-1.0,-1
1.37063,1.370635,1.370625,1.370635,-1.0,-1.0,-1
1.370635,1.37065,1.370625,1.370635,-1.0,-1.0,-1
1.370635,1.370635,1.370605,1.37061,-1.0,-1.0,-1
1.37061,1.37063,1.37059,1.37059,-1.0,-1.0,-1
1.37059,1.3706,1.370585,1.370595,-1.0,-1.0,-1
1.370595,1.37061,1.370595,1.3706,-1.0,-1.0,-1
1.3706,1.3706,1.370585,1.370585,-1.0,-1.0,-1
1.370585,1.37061,1.37058,1.37058,-1.0,-1.0,-1
1.37058,1.37059,1.37058,1.370585,-1.0,-1.0,-1
1.370585,1.37059,1.37058,1.37058,-1.0,-1.0,-1
1.37058,1.3706,1.37058,1.3706,-1.0,-1.0,-1
1.3706,1.3706,1.370585,1.37059,-1.0,-1.0,-1
1.37059,1.37059,1.370585,1.370585,-1.0,-1.0,-1
1.370585,1.3706,1.370585,1.37059,-1.0,-1.0,-1
1.37059,1.3706,1.370585,1.370585,-1.0,-1.0,-1
1.370585,1.37059,1.370585,1.370585,-1.0,-1.0,-1
1.370585,1.37059,1.37058,1.37059,-1.0,-1.0,-1
1.37059,1.370605,1.37059,1.37059,-1.0,-1.0,-1
1.37059,1.37059,1.370455,1.37046,-1.0,-1.0,-1
1.37046,1.37048,1.370455,1.370475,-1.0,-1.0,-1
1.370475,1.370475,1.370465,1.37047,-1.0,-1.0,-1
1.37047,1.370475,1.370465,1.370475,-1.0,-1.0,-1
1.370475,1.370485,1.370465,1.37048,-1.0,-1.0,-1
1.37048,1.370485,1.370465,1.370475,-1.0,-1.0,-1
1.370475,1.370475,1.370465,1.370475,-1.0,-1.0,-1
1.370475,1.370495,1.370475,1.37049,-1.0,-1.0,-1
1.37049,1.370505,1.37049,1.3705,-1.0,-1.0,-1
1.3705,1.37051,1.3705,1.3705,-1.0,-1.0,-1
1.3705,1.370515,1.3705,1.37051,-1.0,-1.0,-1
1.37051,1.370515,1.37051,1.370515,-1.0,-1.0,-1
1.370515,1.37052,1.37051,1.370515,-1.0,-1.0,-1
1.370515,1.370565,1.37051,1.37056,-1.0,-1.0,-1
1.37056,1.37057,1.370555,1.370565,-1.0,-1.0,-1
1.370565,1.370575,1.370555,1.37057,-1.0,-1.0,-1
1.37057,1.37061,1.37057,1.37059,-1.0,-1.0,-1
1.37059,1.37061,1.37059,1.37061,-1.0,-1.0,-1
1.37061,1.37066,1.37059,1.37066,-1.0,-1.0,-1
1.37066,1.37067,1.370655,1.370665,-1.0,-1.0,-1
1.370665,1.37067,1.370665,1.370665,-1.0,-1.0,-1
1.370665,1.370715,1.370665,1.370715,-1.0,-1.0,-1
1.370715,1.37075,1.370705,1.37074,-1.0,-1.0,-1
1.37074,1.37075,1.37074,1.370745,-1.0,-1.0,-1
1.370745,1.370745,1.37071,1.370715,-1.0,-1.0,-1
1.370715,1.37072,1.37071,1.37072,-1.0,-1.0,-1
1.37072,1.37072,1.370705,1.370705,-1.0,-1.0,-1
1.370705,1.37072,1.370705,1.37072,-1.0,-1.0,-1
1.37072,1.370765,1.37071,1.370765,-1.0,-1.0,-1
1.370765,1.370765,1.370745,1.370745,-1.0,-1.0,-1
1.370745,1.370745,1.37074,1.370745,-1.0,-1.0,-1
1.370745,1.370765,1.37074,1.370755,-1.0,-1.0,-1
1.370755,1.370755,1.37074,1.37075,-1.0,-1.0,-1
1.37075,1.37075,1.37074,1.37074,-1.0,-1.0,-1
1.37074,1.37075,1.37073,1.37075,-1.0,-1.0,-1
1.37075,1.37075,1.37073,1.37074,-1.0,-1.0,-1
1.37074,1.370755,1.37074,1.370755,-1.0,-1.0,-1
1.370755,1.37077,1.37071,1.37071,-1.0,-1.0,-1
1.37071,1.37071,1.370695,1.370695,-1.0,-1.0,-1
1.370695,1.370705,1.370685,1.37069,-1.0,-1.0,-1
1.37069,1.3707,1.370685,1.3707,-1.0,-1.0,-1
1.3707,1.370705,1.3707,1.3707,-1.0,-1.0,-1
1.3707,1.3707,1.37064,1.37065,-1.0,-1.0,-1
1.37065,1.370695,1.37065,1.370695,-1.0,-1.0,-1
1.370695,1.37072,1.370695,1.37072,-1.0,-1.0,-1
1.37072,1.370755,1.37072,1.370755,-1.0,-1.0,-1
1.370755,1.370765,1.370725,1.37073,-1.0,-1.0,-1
1.37073,1.370745,1.370725,1.370735,-1.0,-1.0,-1
1.370735,1.370735,1.37072,1.37072,-1.0,-1.0,-1
1.37072,1.37072,1.3707,1.370705,-1.0,-1.0,-1
1.370705,1.370705,1.3707,1.3707,-1.0,-1.0,-1
1.3707,1.37071,1.3707,1.370705,-1.0,-1.0,-1
1.370705,1.370705,1.370695,1.3707,-1.0,-1.0,-1
1.3707,1.37072,1.3707,1.3707,-1.0,-1.0,-1
1.3707,1.3707,1.370675,1.370675,-1.0,-1.0,-1
1.370675,1.37068,1.370665,1.37068,-1.0,-1.0,-1
1.37068,1.370705,1.37068,1.370705,-1.0,-1.0,-1
1.370705,1.370705,1.37068,1.37068,-1.0,-1.0,-1
1.37068,1.37068,1.37065,1.370655,-1.0,-1.0,-1
1.370655,1.370675,1.370655,1.370675,-1.0,-1.0,-1
1.370675,1.370675,1.37066,1.37066,-1.0,-1.0,-1
1.37066,1.370675,1.37066,1.37067,-1.0,-1.0,-1
1.37067,1.37067,1.370665,1.370665,-1.0,-1.0,-1
1.370665,1.370675,1.370665,1.370675,-1.0,-1.0,-1
1.370675,1.3707,1.37067,1.370695,-1.0,-1.0,-1
1.370695,1.3707,1.370695,1.3707,-1.0,-1.0,-1
1.3707,1.3707,1.370695,1.370695,-1.0,-1.0,-1
1.370695,1.3707,1.370695,1.3707,-1.0,-1.0,-1
1.3707,1.3707,1.3707,1.3707,-1.0,-1.0,-1
1.3707,1.3707,1.370695,1.370695,-1.0,-1.0,-1
1.370695,1.3707,1.370695,1.3707,-1.0,-1.0,-1
1.3707,1.3707,1.370675,1.370675,-1.0,-1.0,-1
1.370675,1.37069,1.370675,1.37068,-1.0,-1.0,-1
1.37068,1.370695,1.37068,1.370695,-1.0,-1.0,-1
1.370695,1.370695,1.37068,1.37068,-1.0,-1.0,-1
1.37068,1.370695,1.37068,1.370685,-1.0,-1.0,-1
1.370685,1.37069,1.370685,1.370685,-1.0,-1.0,-1
1.370685,1.37069,1.370675,1.370675,-1.0,-1.0,-1
1.370675,1.37069,1.370675,1.37068,-1.0,-1.0,-1
1.37068,1.37068,1.370675,1.370675,-1.0,-1.0,-1
1.370675,1.370675,1.370675,1.370675,-1.0,-1.0,-1
1.370675,1.37068,1.370675,1.37068,-1.0,-1.0,-1
1.37068,1.37068,1.370675,1.370675,-1.0,-1.0,-1
1.370675,1.370695,1.370675,1.37068,-1.0,-1.0,-1
1.37068,1.37068,1.370675,1.370675,-1.0,-1.0,-1
1.370675,1.370675,1.370675,1.370675,-1.0,-1.0,-1
1.370675,1.37068,1.370675,1.37068,-1.0,-1.0,-1
1.37068,1.37068,1.370675,1.370675,-1.0,-1.0,-1
1.370675,1.37068,1.370665,1.37067,-1.0,-1.0,-1
1.37067,1.37068,1.37067,1.37068,-1.0,-1.0,-1
1.37068,1.370695,1.37068,1.37068,-1.0,-1.0,-1
1.37068,1.37068,1.37068,1.37068,-1.0,-1.0,-1
1.37068,1.37068,1.37068,1.37068,-1.0,-1.0,-1
1.37068,1.37068,1.37068,1.37068,-1.0,-1.0,-1
1.37068,1.37068,1.37068,1.37068,-1.0,-1.0,-1
1.37068,1.37068,1.37067,1.37068,-1.0,-1.0,-1
1.37068,1.37068,1.37068,1.37068,-1.0,-1.0,-1
1.37068,1.37068,1.37066,1.370675,-1.0,-1.0,-1
1.370675,1.37068,1.37067,1.37068,-1.0,-1.0,-1
1.37068,1.370695,1.370675,1.370695,-1.0,-1.0,-1
1.370695,1.370705,1.370695,1.3707,-1.0,-1.0,-1
1.3707,1.3707,1.370695,1.370695,-1.0,-1.0,-1
1.370695,1.3707,1.370695,1.370695,-1.0,-1.0,-1
1.370695,1.3707,1.370685,1.370695,-1.0,-1.0,-1
1.370695,1.3707,1.37068,1.37068,-1.0,-1.0,-1
1.37068,1.370715,1.37068,1.370715,-1.0,-1.0,-1
1.370715,1.37072,1.37071,1.37071,-1.0,-1.0,-1
1.37071,1.37071,1.37071,1.37071,-1.0,-1.0,-1
1.37071,1.37072,1.37071,1.37071,-1.0,-1.0,-1
1.37071,1.370765,1.37071,1.37076,-1.0,-1.0,-1
1.37076,1.370765,1.37076,1.37076,-1.0,-1.0,-1
1.37076,1.370765,1.37074,1.370745,-1.0,-1.0,-1
1.370745,1.370745,1.370705,1.370725,-1.0,-1.0,-1
1.370725,1.370725,1.37072,1.37072,-1.0,-1.0,-1
1.37072,1.37072,1.37072,1.37072,-1.0,-1.0,-1
1.37072,1.370735,1.37072,1.37072,-1.0,-1.0,-1
1.37072,1.37072,1.37072,1.37072,-1.0,-1.0,-1
1.37072,1.370745,1.37072,1.370745,-1.0,-1.0,-1
1.370745,1.370765,1.370745,1.370755,-1.0,-1.0,-1
1.370755,1.370755,1.370755,1.370755,-1.0,-1.0,-1
1.370755,1.370755,1.37073,1.370735,-1.0,-1.0,-1
1.370735,1.37075,1.37073,1.37075,-1.0,-1.0,-1
1.37075,1.370755,1.37075,1.37075,-1.0,-1.0,-1
1.37075,1.37075,1.37072,1.37072,-1.0,-1.0,-1
1.37072,1.370725,1.37072,1.37072,-1.0,-1.0,-1
1.37072,1.37072,1.37071,1.37072,-1.0,-1.0,-1
1.37072,1.37075,1.37072,1.37072,-1.0,-1.0,-1
1.37072,1.37072,1.3707,1.3707,-1.0,-1.0,-1
1.3707,1.370705,1.3707,1.370705,-1.0,-1.0,-1
1.370705,1.370705,1.370695,1.370695,-1.0,-1.0,-1
1.370695,1.3707,1.370695,1.3707,-1.0,-1.0,-1
1.3707,1.370705,1.37068,1.37068,-1.0,-1.0,-1
1.37068,1.37069,1.37068,1.37068,-1.0,-1.0,-1
1.37068,1.37068,1.37067,1.370675,-1.0,-1.0,-1
1.370675,1.370675,1.370665,1.37067,-1.0,-1.0,-1
1.37067,1.370675,1.370665,1.37067,-1.0,-1.0,-1
1.37067,1.370675,1.370665,1.370665,-1.0,-1.0,-1
1.370665,1.37067,1.37065,1.370655,-1.0,-1.0,-1
1.370655,1.370655,1.37065,1.370655,-1.0,-1.0,-1
1.370655,1.370655,1.370615,1.37063,-1.0,-1.0,-1
1.37063,1.37063,1.370615,1.370625,-1.0,-1.0,-1
1.370625,1.37063,1.370615,1.370615,-1.0,-1.0,-1
1.370615,1.370625,1.370615,1.37062,-1.0,-1.0,-1
1.37062,1.37063,1.37062,1.37063,-1.0,-1.0,-1
1.37063,1.37063,1.370615,1.37063,-1.0,-1.0,-1
1.37063,1.37063,1.37062,1.37063,-1.0,-1.0,-1
1.37063,1.37063,1.37062,1.370625,-1.0,-1.0,-1
1.370625,1.37063,1.37059,1.37059,-1.0,-1.0,-1
1.37059,1.37059,1.37059,1.37059,-1.0,-1.0,-1
1.37059,1.370605,1.37059,1.370595,-1.0,-1.0,-1
1.370595,1.370605,1.370585,1.370585,-1.0,-1.0,-1
1.370585,1.37059,1.370585,1.37059,-1.0,-1.0,-1
1.37059,1.370605,1.37059,1.370595,-1.0,-1.0,-1
1.370595,1.37061,1.370595,1.37061,-1.0,-1.0,-1
1.37061,1.370615,1.370605,1.370605,-1.0,-1.0,-1
1.370605,1.370605,1.370595,1.370595,-1.0,-1.0,-1
1.370595,1.3706,1.37059,1.37059,-1.0,-1.0,-1
1.37059,1.37059,1.37056,1.370565,-1.0,-1.0,-1
1.370565,1.370565,1.370535,1.37054,-1.0,-1.0,-1
1.37054,1.370545,1.37053,1.37054,-1.0,-1.0,-1
1.37054,1.370545,1.37052,1.370545,-1.0,-1.0,-1
1.370545,1.37056,1.370545,1.37056,-1.0,-1.0,-1
1.37056,1.370565,1.370555,1.370565,-1.0,-1.0,-1
1.370565,1.37057,1.37056,1.370565,-1.0,-1.0,-1
1.370565,1.37057,1.37056,1.37057,-1.0,-1.0,-1
1.37057,1.37057,1.37056,1.370565,-1.0,-1.0,-1
1.370565,1.370575,1.37056,1.370575,-1.0,-1.0,-1
1.370575,1.370575,1.37056,1.37057,-1.0,-1.0,-1
1.37057,1.370575,1.37057,1.370575,-1.0,-1.0,-1
1.370575,1.37058,1.37056,1.370565,-1.0,-1.0,-1
1.370565,1.37057,1.37056,1.37057,-1.0,-1.0,-1
1.37057,1.37057,1.37056,1.370565,-1.0,-1.0,-1
1.370565,1.370575,1.37056,1.37057,-1.0,-1.0,-1
1.37057,1.37057,1.37056,1.370565,-1.0,-1.0,-1
1.370565,1.370565,1.370555,1.37056,-1.0,-1.0,-1
1.37056,1.370565,1.370545,1.370545,-1.0,-1.0,-1
1.370545,1.37055,1.370535,1.370545,-1.0,-1.0,-1
1.370545,1.370545,1.370525,1.370525,-1.0,-1.0,-1
1.370525,1.37053,1.370525,1.37053,-1.0,-1.0,-1
1.37053,1.37054,1.37053,1.37054,-1.0,-1.0,-1
1.37054,1.370545,1.370535,1.37054,-1.0,-1.0,-1
1.37054,1.37054,1.37053,1.37054,-1.0,-1.0,-1
1.37054,1.37054,1.37046,1.37051,-1.0,-1.0,-1
1.37051,1.370515,1.370495,1.3705,-1.0,-1.0,-1
1.3705,1.37052,1.3705,1.370515,-1.0,-1.0,-1
1.370515,1.370515,1.3705,1.3705,-1.0,-1.0,-1
1.3705,1.370515,1.3705,1.37051,-1.0,-1.0,-1
1.37051,1.37052,1.3705,1.370515,-1.0,-1.0,-1
1.370515,1.37052,1.37051,1.37051,-1.0,-1.0,-1
1.37051,1.370515,1.370495,1.370495,-1.0,-1.0,-1
1.370495,1.370515,1.370495,1.370515,-1.0,-1.0,-1
1.370515,1.370525,1.37051,1.370525,-1.0,-1.0,-1
1.370525,1.37053,1.370515,1.37053,-1.0,-1.0,-1
1.37053,1.37053,1.37053,1.37053,-1.0,-1.0,-1
1.37053,1.37054,1.37053,1.37054,-1.0,-1.0,-1
1.37054,1.370545,1.37053,1.370545,-1.0,-1.0,-1
1.370545,1.37059,1.370545,1.37058,-1.0,-1.0,-1
1.37058,1.37059,1.37058,1.370585,-1.0,-1.0,-1
1.370585,1.37059,1.370585,1.370585,-1.0,-1.0,-1
1.370585,1.37059,1.37056,1.37057,-1.0,-1.0,-1
1.37057,1.37057,1.37056,1.37057,-1.0,-1.0,-1
1.37057,1.37057,1.37056,1.37057,-1.0,-1.0,-1
1.37057,1.37059,1.37057,1.370585,-1.0,-1.0,-1
1.370585,1.37061,1.370585,1.3706,-1.0,-1.0,-1
1.3706,1.37061,1.370595,1.3706,-1.0,-1.0,-1
1.3706,1.370615,1.370595,1.37061,-1.0,-1.0,-1
1.37061,1.37064,1.370585,1.37064,-1.0,-1.0,-1
1.37064,1.37067,1.37064,1.37065,-1.0,-1.0,-1
1.37065,1.370655,1.37064,1.370645,-1.0,-1.0,-1
1.370645,1.370655,1.37064,1.37065,-1.0,-1.0,-1
1.37065,1.37066,1.37064,1.370655,-1.0,-1.0,-1
1.370655,1.370655,1.37065,1.370655,-1.0,-1.0,-1
1.370655,1.37066,1.37064,1.370645,-1.0,-1.0,-1
1.370645,1.370655,1.370625,1.370655,-1.0,-1.0,-1
1.370655,1.370655,1.37064,1.370655,-1.0,-1.0,-1
1.370655,1.370655,1.37064,1.370655,-1.0,-1.0,-1
1.370655,1.370655,1.37065,1.37065,-1.0,-1.0,-1
1.37065,1.37066,1.37064,1.370645,-1.0,-1.0,-1
1.370645,1.370645,1.370605,1.370605,-1.0,-1.0,-1
1.370605,1.370605,1.37057,1.370575,-1.0,-1.0,-1
1.370575,1.37058,1.37057,1.37058,-1.0,-1.0,-1
1.37058,1.370625,1.370575,1.370625,-1.0,-1.0,-1
1.370625,1.370625,1.370615,1.370615,-1.0,-1.0,-1
1.370615,1.370645,1.370615,1.370645,-1.0,-1.0,-1
1.370645,1.370655,1.370645,1.370655,-1.0,-1.0,-1
1.370655,1.37067,1.370625,1.370665,-1.0,-1.0,-1
1.370665,1.370675,1.37066,1.370675,-1.0,-1.0,-1
1.370675,1.370675,1.370665,1.37067,-1.0,-1.0,-1
1.37067,1.370675,1.37067,1.37067,-1.0,-1.0,-1
1.37067,1.37067,1.370665,1.37067,-1.0,-1.0,-1
1.37067,1.37068,1.37067,1.37068,-1.0,-1.0,-1
1.37068,1.37069,1.37068,1.37068,-1.0,-1.0,-1
1.37068,1.370705,1.37068,1.370705,-1.0,-1.0,-1
1.370705,1.370705,1.370685,1.370685,-1.0,-1.0,-1
1.370685,1.370705,1.370685,1.3707,-1.0,-1.0,-1
1.3707,1.370725,1.370695,1.37072,-1.0,-1.0,-1
1.37072,1.370725,1.37072,1.370725,-1.0,-1.0,-1
1.370725,1.370725,1.37072,1.370725,-1.0,-1.0,-1
1.370725,1.370725,1.370705,1.370705,-1.0,-1.0,-1
1.370705,1.37071,1.370705,1.37071,-1.0,-1.0,-1
1.37071,1.370725,1.370705,1.37072,-1.0,-1.0,-1
1.37072,1.370725,1.3707,1.370715,-1.0,-1.0,-1
1.370715,1.37072,1.370705,1.37072,-1.0,-1.0,-1
1.37072,1.37072,1.37071,1.37072,-1.0,-1.0,-1
1.37072,1.37072,1.3707,1.3707,-1.0,-1.0,-1
1.3707,1.3707,1.370685,1.370695,-1.0,-1.0,-1
1.370695,1.370695,1.370625,1.370635,-1.0,-1.0,-1
1.370635,1.37064,1.37062,1.370635,-1.0,-1.0,-1
1.370635,1.370635,1.37062,1.37062,-1.0,-1.0,-1
1.37062,1.37063,1.37062,1.37063,-1.0,-1.0,-1
1.37063,1.37063,1.370625,1.37063,-1.0,-1.0,-1
1.37063,1.370635,1.37061,1.370635,-1.0,-1.0,-1
1.370635,1.370655,1.37062,1.370625,-1.0,-1.0,-1
1.370625,1.370645,1.37062,1.370645,-1.0,-1.0,-1
1.370645,1.370645,1.37062,1.37063,-1.0,-1.0,-1
1.37063,1.37063,1.370615,1.370615,-1.0,-1.0,-1
1.370615,1.37063,1.370615,1.37063,-1.0,-1.0,-1
1.37063,1.37063,1.37062,1.37063,-1.0,-1.0,-1
1.37063,1.37064,1.37062,1.37064,-1.0,-1.0,-1
1.37064,1.37065,1.37063,1.370645,-1.0,-1.0,-1
1.370645,1.370655,1.370625,1.37065,-1.0,-1.0,-1
1.37065,1.37067,1.37065,1.370665,-1.0,-1.0,-1
1.370665,1.37067,1.37064,1.37065,-1.0,-1.0,-1
1.37065,1.37065,1.37063,1.370635,-1.0,-1.0,-1
1.370635,1.370655,1.37063,1.370655,-1.0,-1.0,-1
1.370655,1.37066,1.37064,1.370645,-1.0,-1.0,-1
1.370645,1.370645,1.370625,1.37064,-1.0,-1.0,-1
1.37064,1.370645,1.37063,1.37064,-1.0,-1.0,-1
1.37064,1.370645,1.37063,1.370645,-1.0,-1.0,-1
1.370645,1.37065,1.37064,1.370645,-1.0,-1.0,-1
1.370645,1.37065,1.37063,1.370645,-1.0,-1.0,-1
1.370645,1.370645,1.370625,1.37064,-1.0,-1.0,-1
1.37064,1.37064,1.37063,1.370635,-1.0,-1.0,-1
1.370635,1.37064,1.37063,1.370635,-1.0,-1.0,-1
1.370635,1.370645,1.370625,1.37063,-1.0,-1.0,-1
1.37063,1.37063,1.37059,1.370615,-1.0,-1.0,-1
1.370615,1.370615,1.37061,1.37061,-1.0,-1.0,-1
1.37061,1.37061,1.37059,1.37061,-1.0,-1.0,-1
1.37061,1.37061,1.370595,1.3706,-1.0,-1.0,-1
1.3706,1.37061,1.370595,1.370605,-1.0,-1.0,-1
1.370605,1.37061,1.370595,1.370605,-1.0,-1.0,-1
1.370605,1.37061,1.37059,1.37061,-1.0,-1.0,-1
1.37061,1.37061,1.37061,1.37061,-1.0,-1.0,-1
1.37061,1.37063,1.37061,1.37063,-1.0,-1.0,-1
1.37063,1.37065,1.37062,1.37063,-1.0,-1.0,-1
1.37063,1.370635,1.370595,1.3706,-1.0,-1.0,-1
1.3706,1.3706,1.370585,1.370585,-1.0,-1.0,-1
1.370585,1.3706,1.37058,1.370595,-1.0,-1.0,-1
1.370595,1.370595,1.370585,1.370585,-1.0,-1.0,-1
1.370585,1.37061,1.370585,1.37061,-1.0,-1.0,-1
1.37061,1.37061,1.37061,1.37061,-1.0,-1.0,-1
1.37061,1.370625,1.37061,1.370615,-1.0,-1.0,-1
1.370615,1.370615,1.370595,1.3706,-1.0,-1.0,-1
1.3706,1.37061,1.370595,1.37061,-1.0,-1.0,-1
1.37061,1.37061,1.370595,1.3706,-1.0,-1.0,-1
1.3706,1.3706,1.370595,1.3706,-1.0,-1.0,-1
1.3706,1.370615,1.370595,1.370605,-1.0,-1.0,-1
1.370605,1.370625,1.370595,1.37061,-1.0,-1.0,-1
1.37061,1.370625,1.37061,1.37062,-1.0,-1.0,-1
1.37062,1.370625,1.37061,1.37062,-1.0,-1.0,-1
1.37062,1.370635,1.37061,1.37062,-1.0,-1.0,-1
1.37062,1.370625,1.370605,1.370615,-1.0,-1.0,-1
1.370615,1.370625,1.370595,1.370605,-1.0,-1.0,-1
1.370605,1.37061,1.370595,1.3706,-1.0,-1.0,-1
1.3706,1.37061,1.370595,1.3706,-1.0,-1.0,-1
1.3706,1.37061,1.37059,1.37059,-1.0,-1.0,-1
1.37059,1.3706,1.37058,1.37058,-1.0,-1.0,-1
1.37058,1.37059,1.37058,1.370585,-1.0,-1.0,-1
1.370585,1.37059,1.37058,1.370585,-1.0,-1.0,-1
1.370585,1.37061,1.370585,1.3706,-1.0,-1.0,-1
1.3706,1.37061,1.370595,1.37061,-1.0,-1.0,-1
1.37061,1.37061,1.370595,1.3706,-1.0,-1.0,-1
1.3706,1.3706,1.37058,1.37058,-1.0,-1.0,-1
1.37058,1.370595,1.37058,1.370585,-1.0,-1.0,-1
1.370585,1.37059,1.37058,1.370585,-1.0,-1.0,-1
1.370585,1.370605,1.370585,1.3706,-1.0,-1.0,-1
1.3706,1.3706,1.37059,1.370595,-1.0,-1.0,-1
1.370595,1.370625,1.37059,1.37062,-1.0,-1.0,-1
1.37062,1.37063,1.370605,1.370605,-1.0,-1.0,-1
1.370605,1.37061,1.370605,1.37061,-1.0,-1.0,-1
1.37061,1.37063,1.37061,1.37062,-1.0,-1.0,-1
1.37062,1.370625,1.37061,1.370615,-1.0,-1.0,-1
1.370615,1.370615,1.37061,1.37061,-1.0,-1.0,-1
1.37061,1.370625,1.37061,1.37062,-1.0,-1.0,-1
1.37062,1.370625,1.37061,1.37061,-1.0,-1.0,-1
1.37061,1.370625,1.37061,1.37062,-1.0,-1.0,-1
1.37062,1.370625,1.37061,1.37061,-1.0,-1.0,-1
1.37061,1.37061,1.370595,1.3706,-1.0,-1.0,-1
1.3706,1.3706,1.370595,1.3706,-1.0,-1.0,-1
1.3706,1.370625,1.370595,1.370615,-1.0,-1.0,-1
1.370615,1.370625,1.37061,1.37062,-1.0,-1.0,-1
1.37062,1.370625,1.370595,1.370605,-1.0,-1.0,-1
1.370605,1.370625,1.370605,1.37061,-1.0,-1.0,-1
1.37061,1.370615,1.37061,1.37061,-1.0,-1.0,-1
1.37061,1.37061,1.370595,1.3706,-1.0,-1.0,-1
1.3706,1.370605,1.370595,1.3706,-1.0,-1.0,-1
1.3706,1.3706,1.37058,1.370585,-1.0,-1.0,-1
1.370585,1.37059,1.370555,1.370555,-1.0,-1.0,-1
1.370555,1.37056,1.370545,1.370555,-1.0,-1.0,-1
1.370555,1.370555,1.370545,1.370555,-1.0,-1.0,-1
1.370555,1.370555,1.37053,1.37054,-1.0,-1.0,-1
1.37054,1.37054,1.37053,1.37053,-1.0,-1.0,-1
1.37053,1.37053,1.370525,1.37053,-1.0,-1.0,-1
1.37053,1.37054,1.37053,1.37053,-1.0,-1.0,-1
1.37053,1.37053,1.37053,1.37053,-1.0,-1.0,-1
1.37053,1.37053,1.370525,1.37053,-1.0,-1.0,-1
1.37053,1.37053,1.37051,1.37052,-1.0,-1.0,-1
1.37052,1.37052,1.370515,1.37052,-1.0,-1.0,-1
1.37052,1.37053,1.370515,1.37053,-1.0,-1.0,-1
1.37053,1.37053,1.370525,1.370525,-1.0,-1.0,-1
1.370525,1.37053,1.370525,1.37053,-1.0,-1.0,-1
1.37053,1.37053,1.37051,1.37051,-1.0,-1.0,-1
1.37051,1.37051,1.370455,1.37049,-1.0,-1.0,-1
1.37049,1.370495,1.370485,1.37049,-1.0,-1.0,-1
1.37049,1.370495,1.37049,1.37049,-1.0,-1.0,-1
1.37049,1.370505,1.37049,1.370495,-1.0,-1.0,-1
1.370495,1.370495,1.370455,1.370465,-1.0,-1.0,-1
1.370465,1.370485,1.370455,1.37048,-1.0,-1.0,-1
1.37048,1.370495,1.37048,1.370495,-1.0,-1.0,-1
1.370495,1.370505,1.37049,1.370495,-1.0,-1.0,-1
1.370495,1.370505,1.370495,1.370495,-1.0,-1.0,-1
1.370495,1.370495,1.370455,1.370465,-1.0,-1.0,-1
1.370465,1.370465,1.37045,1.370455,-1.0,-1.0,-1
1.370455,1.370465,1.37045,1.37046,-1.0,-1.0,-1
1.37046,1.37046,1.37045,1.37046,-1.0,-1.0,-1
1.37046,1.370475,1.370455,1.37046,-1.0,-1.0,-1
1.37046,1.370475,1.370455,1.37047,-1.0,-1.0,-1
1.37047,1.37048,1.37046,1.37047,-1.0,-1.0,-1
1.37047,1.370495,1.37045,1.37046,-1.0,-1.0,-1
1.37046,1.37046,1.37045,1.37046,-1.0,-1.0,-1
1.37046,1.37046,1.370455,1.37046,-1.0,-1.0,-1
1.37046,1.370485,1.370455,1.370485,-1.0,-1.0,-1
1.370485,1.370525,1.370485,1.370525,-1.0,-1.0,-1
1.370525,1.37053,1.3705,1.3705,-1.0,-1.0,-1
1.3705,1.370505,1.370495,1.3705,-1.0,-1.0,-1
1.3705,1.370515,1.3705,1.370505,-1.0,-1.0,-1
1.370505,1.370515,1.370495,1.370495,-1.0,-1.0,-1
1.370495,1.370495,1.370495,1.370495,-1.0,-1.0,-1
1.370495,1.370505,1.370495,1.370495,-1.0,-1.0,-1
1.370495,1.37051,1.370495,1.37051,-1.0,-1.0,-1
1.37051,1.37051,1.3705,1.3705,-1.0,-1.0,-1
1.3705,1.370515,1.3705,1.3705,-1.0,-1.0,-1
1.3705,1.370515,1.370495,1.370495,-1.0,-1.0,-1
1.370495,1.370495,1.37049,1.37049,-1.0,-1.0,-1
1.37049,1.370505,1.37049,1.3705,-1.0,-1.0,-1
1.3705,1.370505,1.3705,1.3705,-1.0,-1.0,-1
1.3705,1.370505,1.3705,1.3705,-1.0,-1.0,-1
1.3705,1.370505,1.3705,1.3705,-1.0,-1.0,-1
1.3705,1.370515,1.3705,1.370515,-1.0,-1.0,-1
1.370515,1.370515,1.3705,1.370505,-1.0,-1.0,-1
1.370505,1.370515,1.370505,1.370515,-1.0,-1.0,-1
1.370515,1.37052,1.37051,1.370515,-1.0,-1.0,-1
1.370515,1.37052,1.37049,1.37049,-1.0,-1.0,-1
1.37049,1.370495,1.37049,1.370495,-1.0,-1.0,-1
1.370495,1.370495,1.370495,1.370495,-1.0,-1.0,-1
1.370495,1.370495,1.370495,1.370495,-1.0,-1.0,-1
1.370495,1.370495,1.370495,1.370495,-1.0,-1.0,-1
1.370495,1.370515,1.370495,1.370515,-1.0,-1.0,-1
1.370515,1.37058,1.37051,1.370575,-1.0,-1.0,-1
1.370575,1.370575,1.370575,1.370575,-1.0,-1.0,-1
1.370575,1.370575,1.370575,1.370575,-1.0,-1.0,-1
1.370575,1.370575,1.370575,1.370575,-1.0,-1.0,-1
1.370575,1.370575,1.370535,1.37054,-1.0,-1.0,-1
1.37054,1.370555,1.370535,1.370555,-1.0,-1.0,-1
1.370555,1.370565,1.370555,1.37056,-1.0,-1.0,-1
1.37056,1.370575,1.370555,1.370575,-1.0,-1.0,-1
1.370575,1.370575,1.37056,1.370565,-1.0,-1.0,-1
1.370565,1.370565,1.37056,1.370565,-1.0,-1.0,-1
1.370565,1.370565,1.37056,1.370565,-1.0,-1.0,-1
1.370565,1.37059,1.37056,1.370585,-1.0,-1.0,-1
1.370585,1.37059,1.370585,1.37059,-1.0,-1.0,-1
1.37059,1.37059,1.370585,1.370585,-1.0,-1.0,-1
1.370585,1.37059,1.37058,1.370585,-1.0,-1.0,-1
1.370585,1.37059,1.370535,1.37054,-1.0,-1.0,-1
1.37054,1.370545,1.370535,1.370545,-1.0,-1.0,-1
1.370545,1.370545,1.370545,1.370545,-1.0,-1.0,-1
1.370545,1.370545,1.370515,1.370525,-1.0,-1.0,-1
1.370525,1.37054,1.370525,1.37054,-1.0,-1.0,-1
1.37054,1.370545,1.370535,1.370545,-1.0,-1.0,-1
1.370545,1.370545,1.370545,1.370545,-1.0,-1.0,-1
1.370545,1.370545,1.370545,1.370545,-1.0,-1.0,-1
1.370545,1.370545,1.370545,1.370545,-1.0,-1.0,-1
1.370545,1.370545,1.370535,1.37054,-1.0,-1.0,-1
1.37054,1.370565,1.370535,1.37056,-1.0,-1.0,-1
1.37056,1.37057,1.370555,1.370565,-1.0,-1.0,-1
1.370565,1.370565,1.37056,1.370565,-1.0,-1.0,-1
1.370565,1.370565,1.37056,1.370565,-1.0,-1.0,-1
1.370565,1.370565,1.370555,1.370555,-1.0,-1.0,-1
1.370555,1.370565,1.370555,1.370565,-1.0,-1.0,-1
1.370565,1.370565,1.370555,1.370555,-1.0,-1.0,-1
1.370555,1.37057,1.37055,1.37057,-1.0,-1.0,-1
1.37057,1.370575,1.37056,1.370575,-1.0,-1.0,-1
1.370575,1.37058,1.37057,1.370575,-1.0,-1.0,-1
1.370575,1.370575,1.370555,1.37056,-1.0,-1.0,-1
1.37056,1.37056,1.370545,1.370555,-1.0,-1.0,-1
1.370555,1.370555,1.370555,1.370555,-1.0,-1.0,-1
1.370555,1.37056,1.370545,1.370545,-1.0,-1.0,-1
1.370545,1.370545,1.370535,1.37054,-1.0,-1.0,-1
1.37054,1.37054,1.370525,1.370525,-1.0,-1.0,-1
1.370525,1.370525,1.37051,1.370515,-1.0,-1.0,-1
1.370515,1.370515,1.37051,1.37051,-1.0,-1.0,-1
1.37051,1.370515,1.37051,1.370515,-1.0,-1.0,-1
1.370515,1.37052,1.37051,1.370515,-1.0,-1.0,-1
1.370515,1.370515,1.37051,1.37051,-1.0,-1.0,-1
1.37051,1.370515,1.37051,1.370515,-1.0,-1.0,-1
1.370515,1.370515,1.37051,1.370515,-1.0,-1.0,-1
1.370515,1.370515,1.37051,1.370515,-1.0,-1.0,-1
1.370515,1.370515,1.37051,1.370515,-1.0,-1.0,-1
1.370515,1.370515,1.37051,1.37051,-1.0,-1.0,-1
1.37051,1.370525,1.37051,1.370525,-1.0,-1.0,-1
1.370525,1.370525,1.37051,1.370515,-1.0,-1.0,-1
1.370515,1.370525,1.37051,1.370525,-1.0,-1.0,-1
1.370525,1.370525,1.370525,1.370525,-1.0,-1.0,-1
1.370525,1.370525,1.37051,1.370515,-1.0,-1.0,-1
1.370515,1.370515,1.37051,1.370515,-1.0,-1.0,-1
1.370515,1.370515,1.370505,1.370505,-1.0,-1.0,-1
1.370505,1.370515,1.3705,1.370515,-1.0,-1.0,-1
1.370515,1.37053,1.37051,1.37053,-1.0,-1.0,-1
1.37053,1.37056,1.37053,1.37055,-1.0,-1.0,-1
1.37055,1.37055,1.370545,1.37055,-1.0,-1.0,-1
1.37055,1.370555,1.370545,1.370545,-1.0,-1.0,-1
1.370545,1.370545,1.370535,1.370545,-1.0,-1.0,-1
1.370545,1.370555,1.370545,1.370555,-1.0,-1.0,-1
1.370555,1.37056,1.370545,1.37056,-1.0,-1.0,-1
1.37056,1.370565,1.370555,1.37056,-1.0,-1.0,-1
1.37056,1.37056,1.370555,1.370555,-1.0,-1.0,-1
1.370555,1.370565,1.370555,1.370565,-1.0,-1.0,-1
1.370565,1.370575,1.370555,1.370575,-1.0,-1.0,-1
1.370575,1.370575,1.37056,1.370565,-1.0,-1.0,-1
1.370565,1.370565,1.370545,1.370545,-1.0,-1.0,-1
1.370545,1.37055,1.370545,1.370545,-1.0,-1.0,-1
1.370545,1.370565,1.370545,1.370565,-1.0,-1.0,-1
1.370565,1.37059,1.370555,1.37059,-1.0,-1.0,-1
1.37059,1.37059,1.37059,1.37059,-1.0,-1.0,-1
1.37059,1.37059,1.37059,1.37059,-1.0,-1.0,-1
1.37059,1.370605,1.37059,1.370605,-1.0,-1.0,-1
1.370605,1.370605,1.370605,1.370605,-1.0,-1.0,-1
1.370605,1.37061,1.370605,1.37061,-1.0,-1.0,-1
1.37061,1.37061,1.370605,1.370605,-1.0,-1.0,-1
1.370605,1.37061,1.370605,1.37061,-1.0,-1.0,-1
1.37061,1.37061,1.37061,1.37061,-1.0,-1.0,-1
1.37061,1.370615,1.37061,1.370615,-1.0,-1.0,-1
1.370615,1.37067,1.370615,1.370655,-1.0,-1.0,-1
1.370655,1.370655,1.37065,1.37065,-1.0,-1.0,-1
1.37065,1.370655,1.37064,1.37065,-1.0,-1.0,-1
1.37065,1.37067,1.37065,1.37066,-1.0,-1.0,-1
1.37066,1.37067,1.37066,1.370665,-1.0,-1.0,-1
1.370665,1.37067,1.37064,1.370645,-1.0,-1.0,-1
1.370645,1.370655,1.37064,1.370645,-1.0,-1.0,-1
1.370645,1.370655,1.37064,1.370645,-1.0,-1.0,-1
1.370645,1.37065,1.37064,1.37065,-1.0,-1.0,-1
1.37065,1.37065,1.37063,1.37065,-1.0,-1.0,-1
1.37065,1.37065,1.37064,1.37065,-1.0,-1.0,-1
1.37065,1.37067,1.37064,1.37066,-1.0,-1.0,-1
1.37066,1.370675,1.37066,1.370675,-1.0,-1.0,-1
1.370675,1.37068,1.37067,1.37068,-1.0,-1.0,-1
1.37068,1.37068,1.370675,1.370675,-1.0,-1.0,-1
1.370675,1.370675,1.37067,1.370675,-1.0,-1.0,-1
1.370675,1.370675,1.37067,1.370675,-1.0,-1.0,-1
1.370675,1.370675,1.370675,1.370675,-1.0,-1.0,-1
1.370675,1.37068,1.370675,1.37068,-1.0,-1.0,-1
1.37068,1.37068,1.370675,1.37068,-1.0,-1.0,-1
1.37068,1.37069,1.370675,1.37069,-1.0,-1.0,-1
1.37069,1.370705,1.370685,1.3707,-1.0,-1.0,-1
1.3707,1.370705,1.370685,1.370705,-1.0,-1.0,-1
1.370705,1.370705,1.37068,1.37069,-1.0,-1.0,-1
1.37069,1.37069,1.37064,1.37064,-1.0,-1.0,-1
1.37064,1.37064,1.37063,1.37064,-1.0,-1.0,-1
1.37064,1.370645,1.37064,1.370645,-1.0,-1.0,-1
1.370645,1.37066,1.37064,1.37066,-1.0,-1.0,-1
1.37066,1.37067,1.37066,1.37066,-1.0,-1.0,-1
1.37066,1.37067,1.37066,1.37066,-1.0,-1.0,-1
1.37066,1.37067,1.370655,1.370665,-1.0,-1.0,-1
1.370665,1.37067,1.370655,1.370655,-1.0,-1.0,-1
1.370655,1.370655,1.37065,1.370655,-1.0,-1.0,-1
1.370655,1.370655,1.37065,1.37065,-1.0,-1.0,-1
1.37065,1.37066,1.37065,1.370655,-1.0,-1.0,-1
1.370655,1.370655,1.37064,1.370645,-1.0,-1.0,-1
1.370645,1.37065,1.37064,1.37064,-1.0,-1.0,-1
1.37064,1.370645,1.37063,1.370645,-1.0,-1.0,-1
1.370645,1.370645,1.37064,1.37064,-1.0,-1.0,-1
1.37064,1.370645,1.37064,1.370645,-1.0,-1.0,-1
1.370645,1.37065,1.37064,1.370645,-1.0,-1.0,-1
1.370645,1.37065,1.37064,1.370645,-1.0,-1.0,-1
1.370645,1.370645,1.37064,1.37064,-1.0,-1.0,-1
1.37064,1.37065,1.37064,1.37065,-1.0,-1.0,-1
1.37065,1.37065,1.37064,1.370645,-1.0,-1.0,-1
1.370645,1.370645,1.37061,1.37062,-1.0,-1.0,-1
1.37062,1.370625,1.37061,1.37061,-1.0,-1.0,-1
1.37061,1.37063,1.370585,1.37062,-1.0,-1.0,-1
1.37062,1.370625,1.37061,1.37062,-1.0,-1.0,-1
1.37062,1.370635,1.370605,1.370635,-1.0,-1.0,-1
1.370635,1.370675,1.37063,1.370675,-1.0,-1.0,-1
1.370675,1.37068,1.370675,1.37068,-1.0,-1.0,-1
1.37068,1.37068,1.37067,1.370675,-1.0,-1.0,-1
1.370675,1.370675,1.37067,1.370675,-1.0,-1.0,-1
1.370675,1.370675,1.370675,1.370675,-1.0,-1.0,-1
1.370675,1.370675,1.370665,1.370675,-1.0,-1.0,-1
1.370675,1.370675,1.370665,1.37067,-1.0,-1.0,-1
1.37067,1.37067,1.37066,1.37066,-1.0,-1.0,-1
1.37066,1.37067,1.37066,1.370665,-1.0,-1.0,-1
1.370665,1.370695,1.370665,1.370685,-1.0,-1.0,-1
1.370685,1.370695,1.370685,1.370695,-1.0,-1.0,-1
1.370695,1.370695,1.370685,1.370695,-1.0,-1.0,-1
1.370695,1.370695,1.370675,1.370675,-1.0,-1.0,-1
1.370675,1.370675,1.37067,1.370675,-1.0,-1.0,-1
1.370675,1.370675,1.37067,1.370675,-1.0,-1.0,-1
1.370675,1.370675,1.370675,1.370675,-1.0,-1.0,-1
1.370675,1.370675,1.37066,1.37067,-1.0,-1.0,-1
1.37067,1.37067,1.370665,1.370665,-1.0,-1.0,-1
1.370665,1.37067,1.370665,1.37067,-1.0,-1.0,-1
1.37067,1.370675,1.37067,1.370675,-1.0,-1.0,-1
1.370675,1.370675,1.37067,1.37067,-1.0,-1.0,-1
1.37067,1.370675,1.370655,1.370655,-1.0,-1.0,-1
1.370655,1.37067,1.370655,1.370665,-1.0,-1.0,-1
1.370665,1.37067,1.370655,1.37066,-1.0,-1.0,-1
1.37066,1.37067,1.37066,1.370665,-1.0,-1.0,-1
1.370665,1.37067,1.37066,1.370665,-1.0,-1.0,-1
1.370665,1.37067,1.370665,1.370665,-1.0,-1.0,-1
1.370665,1.370675,1.370665,1.370675,-1.0,-1.0,-1
1.370675,1.370675,1.370655,1.370655,-1.0,-1.0,-1
1.370655,1.370655,1.370655,1.370655,-1.0,-1.0,-1
1.370655,1.370655,1.37064,1.37065,-1.0,-1.0,-1
1.37065,1.37067,1.37063,1.37067,-1.0,-1.0,-1
1.37067,1.370675,1.37067,1.37067,-1.0,-1.0,-1
1.37067,1.37067,1.37067,1.37067,-1.0,-1.0,-1
1.37067,1.370675,1.37067,1.37067,-1.0,-1.0,-1
1.37067,1.370675,1.37067,1.370675,-1.0,-1.0,-1
1.370675,1.370675,1.370655,1.370655,-1.0,-1.0,-1
1.370655,1.37066,1.370655,1.37066,-1.0,-1.0,-1
1.37066,1.37066,1.37066,1.37066,-1.0,-1.0,-1
1.37066,1.37066,1.370655,1.370655,-1.0,-1.0,-1
1.370655,1.37066,1.370655,1.37066,-1.0,-1.0,-1
1.37066,1.37069,1.37066,1.37069,-1.0,-1.0,-1
1.37069,1.370695,1.37068,1.370695,-1.0,-1.0,-1
1.370695,1.3707,1.370685,1.37069,-1.0,-1.0,-1
1.37069,1.370695,1.370685,1.370695,-1.0,-1.0,-1
1.370695,1.370695,1.370685,1.370695,-1.0,-1.0,-1
1.370695,1.370695,1.370675,1.37069,-1.0,-1.0,-1
1.37069,1.37073,1.370685,1.37073,-1.0,-1.0,-1
1.37073,1.37075,1.37072,1.370725,-1.0,-1.0,-1
1.370725,1.370725,1.370705,1.37071,-1.0,-1.0,-1
1.37071,1.370725,1.37071,1.37072,-1.0,-1.0,-1
1.37072,1.37072,1.37072,1.37072,-1.0,-1.0,-1
1.37072,1.370725,1.37072,1.37072,-1.0,-1.0,-1
1.37072,1.37073,1.37072,1.370725,-1.0,-1.0,-1
1.370725,1.370735,1.37072,1.370735,-1.0,-1.0,-1
1.370735,1.370735,1.370725,1.370735,-1.0,-1.0,-1
1.370735,1.370735,1.37073,1.370735,-1.0,-1.0,-1
1.370735,1.370735,1.370695,1.3707,-1.0,-1.0,-1
1.3707,1.37073,1.370695,1.37073,-1.0,-1.0,-1
1.37073,1.370735,1.370705,1.370725,-1.0,-1.0,-1
1.370725,1.37073,1.37072,1.370725,-1.0,-1.0,-1
1.370725,1.370725,1.37072,1.37072,-1.0,-1.0,-1
1.37072,1.37072,1.3707,1.370705,-1.0,-1.0,-1
1.370705,1.370705,1.370705,1.370705,-1.0,-1.0,-1
1.370705,1.370725,1.370705,1.370725,-1.0,-1.0,-1
1.370725,1.37075,1.37072,1.37075,-1.0,-1.0,-1
1.37075,1.37075,1.370745,1.370745,-1.0,-1.0,-1
1.370745,1.370765,1.370745,1.370755,-1.0,-1.0,-1
1.370755,1.370755,1.37075,1.370755,-1.0,-1.0,-1
1.370755,1.370765,1.370755,1.37076,-1.0,-1.0,-1
1.37076,1.370765,1.37076,1.37076,-1.0,-1.0,-1
1.37076,1.370765,1.37075,1.370755,-1.0,-1.0,-1
1.370755,1.370765,1.370755,1.370755,-1.0,-1.0,-1
1.370755,1.370765,1.370755,1.370755,-1.0,-1.0,-1
1.370755,1.370765,1.370755,1.370755,-1.0,-1.0,-1
1.370755,1.370765,1.37075,1.37075,-1.0,-1.0,-1
1.37075,1.37075,1.370745,1.370745,-1.0,-1.0,-1
1.370745,1.370745,1.37073,1.370735,-1.0,-1.0,-1
1.370735,1.370735,1.37073,1.370735,-1.0,-1.0,-1
1.370735,1.37074,1.37073,1.370735,-1.0,-1.0,-1
1.370735,1.370735,1.37073,1.370735,-1.0,-1.0,-1
1.370735,1.370735,1.370685,1.370695,-1.0,-1.0,-1
1.370695,1.370725,1.370695,1.370725,-1.0,-1.0,-1
1.370725,1.370725,1.370705,1.370705,-1.0,-1.0,-1
1.370705,1.370705,1.370705,1.370705,-1.0,-1.0,-1
1.370705,1.370705,1.370705,1.370705,-1.0,-1.0,-1
1.370705,1.370725,1.370705,1.37071,-1.0,-1.0,-1
1.37071,1.37071,1.37071,1.37071,-1.0,-1.0,-1
1.37071,1.37077,1.37071,1.37077,-1.0,-1.0,-1
1.37077,1.37078,1.370745,1.370745,-1.0,-1.0,-1
1.370745,1.370745,1.37072,1.37073,-1.0,-1.0,-1
1.37073,1.370755,1.370725,1.370755,-1.0,-1.0,-1
1.370755,1.370755,1.37073,1.370735,-1.0,-1.0,-1
1.370735,1.370745,1.3707,1.370705,-1.0,-1.0,-1
1.370705,1.37074,1.370705,1.37074,-1.0,-1.0,-1
1.37074,1.37074,1.370735,1.370735,-1.0,-1.0,-1
1.370735,1.370735,1.370725,1.37073,-1.0,-1.0,-1
1.37073,1.37073,1.37071,1.37072,-1.0,-1.0,-1
1.37072,1.370725,1.37072,1.370725,-1.0,-1.0,-1
1.370725,1.370725,1.37072,1.37072,-1.0,-1.0,-1
1.37072,1.37072,1.3707,1.37071,-1.0,-1.0,-1
1.37071,1.370725,1.37071,1.37071,-1.0,-1.0,-1
1.37071,1.37071,1.3707,1.370705,-1.0,-1.0,-1
1.370705,1.370705,1.370705,1.370705,-1.0,-1.0,-1
1.370705,1.37071,1.370705,1.37071,-1.0,-1.0,-1
1.37071,1.370775,1.370675,1.37074,-1.0,-1.0,-1
1.37074,1.370745,1.3707,1.370705,-1.0,-1.0,-1
1.370705,1.370705,1.3707,1.370705,-1.0,-1.0,-1
1.370705,1.370725,1.370705,1.370705,-1.0,-1.0,-1
1.370705,1.37073,1.370705,1.370725,-1.0,-1.0,-1
1.370725,1.370725,1.37071,1.37071,-1.0,-1.0,-1
1.37071,1.370725,1.37071,1.370725,-1.0,-1.0,-1
1.370725,1.37073,1.37071,1.37073,-1.0,-1.0,-1
1.37073,1.37073,1.37072,1.37073,-1.0,-1.0,-1
1.37073,1.37073,1.37071,1.370715,-1.0,-1.0,-1
1.370715,1.370715,1.370685,1.37069,-1.0,-1.0,-1
1.37069,1.37069,1.370685,1.37069,-1.0,-1.0,-1
1.37069,1.3707,1.370685,1.370695,-1.0,-1.0,-1
1.370695,1.370695,1.37067,1.37067,-1.0,-1.0,-1
1.37067,1.37069,1.37067,1.37068,-1.0,-1.0,-1
1.37068,1.37068,1.370655,1.370655,-1.0,-1.0,-1
1.370655,1.370665,1.370655,1.37066,-1.0,-1.0,-1
1.37066,1.37066,1.37066,1.37066,-1.0,-1.0,-1
1.37066,1.37066,1.37064,1.37066,-1.0,-1.0,-1
1.37066,1.37066,1.37063,1.370645,-1.0,-1.0,-1
1.370645,1.37065,1.37063,1.37064,-1.0,-1.0,-1
1.37064,1.370655,1.37064,1.370655,-1.0,-1.0,-1
1.370655,1.37066,1.37065,1.37065,-1.0,-1.0,-1
1.37065,1.370655,1.37065,1.370655,-1.0,-1.0,-1
1.370655,1.370665,1.370655,1.37066,-1.0,-1.0,-1
1.37066,1.370665,1.37066,1.37066,-1.0,-1.0,-1
1.37066,1.37066,1.370655,1.37066,-1.0,-1.0,-1
1.37066,1.37066,1.370655,1.37066,-1.0,-1.0,-1
1.37066,1.37067,1.37066,1.370665,-1.0,-1.0,-1
1.370665,1.370675,1.370665,1.370675,-1.0,-1.0,-1
1.370675,1.370675,1.37062,1.37062,-1.0,-1.0,-1
1.37062,1.370625,1.37061,1.37061,-1.0,-1.0,-1
1.37061,1.370635,1.37061,1.37063,-1.0,-1.0,-1
1.37063,1.37064,1.37062,1.37064,-1.0,-1.0,-1
1.37064,1.37064,1.37063,1.37064,-1.0,-1.0,-1
1.37064,1.37064,1.37062,1.37062,-1.0,-1.0,-1
1.37062,1.370625,1.37061,1.370615,-1.0,-1.0,-1
1.370615,1.37063,1.37061,1.370625,-1.0,-1.0,-1
1.370625,1.37064,1.370615,1.37064,-1.0,-1.0,-1
1.37064,1.37064,1.37064,1.37064,-1.0,-1.0,-1
1.37064,1.370655,1.37063,1.370655,-1.0,-1.0,-1
1.370655,1.370655,1.37065,1.37065,-1.0,-1.0,-1
1.37065,1.37065,1.37064,1.37064,-1.0,-1.0,-1
1.37064,1.370645,1.37064,1.37064,-1.0,-1.0,-1
1.37064,1.37064,1.37063,1.37064,-1.0,-1.0,-1
1.37064,1.37064,1.370605,1.370605,-1.0,-1.0,-1
1.370605,1.370605,1.37058,1.37058,-1.0,-1.0,-1
1.37058,1.37058,1.37057,1.37057,-1.0,-1.0,-1
1.37057,1.370575,1.37057,1.37057,-1.0,-1.0,-1
1.37057,1.37057,1.37056,1.37057,-1.0,-1.0,-1
1.37057,1.37057,1.37057,1.37057,-1.0,-1.0,-1
1.37057,1.370575,1.37057,1.37057,-1.0,-1.0,-1
1.37057,1.37057,1.370555,1.37057,-1.0,-1.0,-1
1.37057,1.37058,1.37057,1.37058,-1.0,-1.0,-1
1.37058,1.37058,1.37058,1.37058,-1.0,-1.0,-1
1.37058,1.37058,1.37057,1.37057,-1.0,-1.0,-1
1.37057,1.370605,1.37057,1.3706,-1.0,-1.0,-1
1.3706,1.370605,1.37058,1.37058,-1.0,-1.0,-1
1.37058,1.37058,1.370575,1.37058,-1.0,-1.0,-1
1.37058,1.37058,1.370575,1.37058,-1.0,-1.0,-1
1.37058,1.37058,1.37051,1.37057,-1.0,-1.0,-1
1.37057,1.37058,1.37057,1.37058,-1.0,-1.0,-1
1.37058,1.37059,1.37058,1.370585,-1.0,-1.0,-1
1.370585,1.37059,1.37058,1.37058,-1.0,-1.0,-1
1.37058,1.370595,1.37058,1.37058,-1.0,-1.0,-1
1.37058,1.37058,1.370575,1.37058,-1.0,-1.0,-1
1.37058,1.37059,1.37058,1.37058,-1.0,-1.0,-1
1.37058,1.370595,1.37058,1.370595,-1.0,-1.0,-1
1.370595,1.370595,1.370585,1.370595,-1.0,-1.0,-1
1.370595,1.370595,1.37058,1.37058,-1.0,-1.0,-1
1.37058,1.37067,1.37058,1.370665,-1.0,-1.0,-1
1.370665,1.37067,1.370665,1.37067,-1.0,-1.0,-1
1.37067,1.37067,1.370665,1.37067,-1.0,-1.0,-1
1.37067,1.370675,1.37067,1.37067,-1.0,-1.0,-1
1.37067,1.370675,1.37067,1.370675,-1.0,-1.0,-1
1.370675,1.37069,1.37067,1.370675,-1.0,-1.0,-1
1.370675,1.370705,1.370675,1.37069,-1.0,-1.0,-1
1.37069,1.37071,1.37068,1.37071,-1.0,-1.0,-1
1.37071,1.37072,1.37069,1.37071,-1.0,-1.0,-1
1.37071,1.37072,1.37068,1.370705,-1.0,-1.0,-1
1.370705,1.370705,1.370695,1.3707,-1.0,-1.0,-1
1.3707,1.370705,1.3707,1.370705,-1.0,-1.0,-1
1.370705,1.370705,1.37067,1.370675,-1.0,-1.0,-1
1.370675,1.370675,1.370675,1.370675,-1.0,-1.0,-1
1.370675,1.37068,1.370665,1.37067,-1.0,-1.0,-1
1.37067,1.37067,1.37061,1.370635,-1.0,-1.0,-1
1.370635,1.370635,1.370585,1.370585,-1.0,-1.0,-1
1.370585,1.3706,1.370585,1.37059,-1.0,-1.0,-1
1.37059,1.370635,1.37059,1.370615,-1.0,-1.0,-1
1.370615,1.37063,1.370615,1.37063,-1.0,-1.0,-1
1.37063,1.37064,1.370625,1.370635,-1.0,-1.0,-1
1.370635,1.37064,1.37062,1.37064,-1.0,-1.0,-1
1.37064,1.37064,1.37064,1.37064,-1.0,-1.0,-1
1.37064,1.37066,1.370625,1.37063,-1.0,-1.0,-1
1.37063,1.370645,1.370625,1.370635,-1.0,-1.0,-1
1.370635,1.37064,1.37061,1.37061,-1.0,-1.0,-1
1.37061,1.37064,1.370605,1.37064,-1.0,-1.0,-1
1.37064,1.370645,1.37063,1.370635,-1.0,-1.0,-1
1.370635,1.37064,1.37063,1.37064,-1.0,-1.0,-1
1.37064,1.370645,1.37063,1.370645,-1.0,-1.0,-1
1.370645,1.370675,1.37064,1.370665,-1.0,-1.0,-1
1.370665,1.370675,1.37065,1.370675,-1.0,-1.0,-1
1.370675,1.370675,1.37063,1.37064,-1.0,-1.0,-1
1.37064,1.370655,1.37063,1.370655,-1.0,-1.0,-1
1.370655,1.370655,1.37063,1.370645,-1.0,-1.0,-1
1.370645,1.370655,1.37064,1.37065,-1.0,-1.0,-1
1.37065,1.37067,1.37063,1.370645,-1.0,-1.0,-1
1.370645,1.370655,1.37064,1.370655,-1.0,-1.0,-1
1.370655,1.37067,1.37065,1.37067,-1.0,-1.0,-1
1.37067,1.37068,1.37067,1.37068,-1.0,-1.0,-1
1.37068,1.37068,1.370665,1.370665,-1.0,-1.0,-1
1.370665,1.370675,1.370665,1.37067,-1.0,-1.0,-1
1.37067,1.370705,1.37066,1.3707,-1.0,-1.0,-1
1.3707,1.370715,1.370685,1.370695,-1.0,-1.0,-1
1.370695,1.37071,1.370675,1.370675,-1.0,-1.0,-1
1.370675,1.370705,1.370675,1.370675,-1.0,-1.0,-1
1.370675,1.370715,1.370675,1.370715,-1.0,-1.0,-1
1.370715,1.370715,1.37071,1.37071,-1.0,-1.0,-1
1.37071,1.37071,1.37067,1.37067,-1.0,-1.0,-1
1.37067,1.370675,1.37066,1.37066,-1.0,-1.0,-1
1.37066,1.37067,1.37063,1.37066,-1.0,-1.0,-1
1.37066,1.370705,1.37066,1.370705,-1.0,-1.0,-1
1.370705,1.370705,1.37066,1.37066,-1.0,-1.0,-1
1.37066,1.370705,1.37066,1.370675,-1.0,-1.0,-1
1.370675,1.370675,1.370675,1.370675,-1.0,-1.0,-1
1.370675,1.370675,1.370605,1.370605,-1.0,-1.0,-1
1.370605,1.37064,1.370605,1.370635,-1.0,-1.0,-1
1.370635,1.370635,1.37062,1.37063,-1.0,-1.0,-1
1.37063,1.37063,1.37062,1.37062,-1.0,-1.0,-1
1.37062,1.370655,1.37062,1.370655,-1.0,-1.0,-1
1.370655,1.370655,1.37062,1.37062,-1.0,-1.0,-1
1.37062,1.370655,1.37062,1.370655,-1.0,-1.0,-1
1.370655,1.370655,1.370615,1.370615,-1.0,-1.0,-1
1.370615,1.370625,1.370605,1.37061,-1.0,-1.0,-1
1.37061,1.37061,1.3705,1.37056,-1.0,-1.0,-1
1.37056,1.37056,1.370525,1.370525,-1.0,-1.0,-1
1.370525,1.37056,1.370525,1.37056,-1.0,-1.0,-1
1.37056,1.37056,1.37056,1.37056,-1.0,-1.0,-1
1.37056,1.37058,1.37056,1.37058,-1.0,-1.0,-1
1.37058,1.37058,1.37058,1.37058,-1.0,-1.0,-1
1.37058,1.37059,1.37058,1.37058,-1.0,-1.0,-1
1.37058,1.37059,1.37057,1.37057,-1.0,-1.0,-1
1.37057,1.370575,1.37056,1.37057,-1.0,-1.0,-1
1.37057,1.37057,1.37051,1.37053,-1.0,-1.0,-1
1.37053,1.37056,1.37053,1.37056,-1.0,-1.0,-1
1.37056,1.37056,1.370515,1.370525,-1.0,-1.0,-1
1.370525,1.370525,1.3705,1.37052,-1.0,-1.0,-1
1.37052,1.370525,1.370515,1.37052,-1.0,-1.0,-1
1.37052,1.37052,1.370495,1.370495,-1.0,-1.0,-1
1.370495,1.370495,1.370485,1.37049,-1.0,-1.0,-1
1.37049,1.370495,1.370485,1.370485,-1.0,-1.0,-1
1.370485,1.370495,1.370475,1.370485,-1.0,-1.0,-1
1.370485,1.370505,1.370475,1.370505,-1.0,-1.0,-1
1.370505,1.370505,1.37048,1.37048,-1.0,-1.0,-1
1.37048,1.37048,1.37046,1.37047,-1.0,-1.0,-1
1.37047,1.370475,1.37044,1.37045,-1.0,-1.0,-1
1.37045,1.370475,1.37045,1.37047,-1.0,-1.0,-1
1.37047,1.37048,1.370465,1.37047,-1.0,-1.0,-1
1.37047,1.37048,1.370465,1.37048,-1.0,-1.0,-1
1.37048,1.37048,1.370445,1.370455,-1.0,-1.0,-1
1.370455,1.37046,1.370425,1.370445,-1.0,-1.0,-1
1.370445,1.370445,1.370425,1.37044,-1.0,-1.0,-1
1.37044,1.37044,1.370415,1.370415,-1.0,-1.0,-1
1.370415,1.370465,1.370415,1.370465,-1.0,-1.0,-1
1.370465,1.370475,1.37046,1.370475,-1.0,-1.0,-1
1.370475,1.370495,1.37046,1.37049,-1.0,-1.0,-1
1.37049,1.370495,1.37048,1.37048,-1.0,-1.0,-1
1.37048,1.370485,1.37048,1.37048,-1.0,-1.0,-1
1.37048,1.370485,1.37046,1.370475,-1.0,-1.0,-1
1.370475,1.370475,1.370465,1.37047,-1.0,-1.0,-1
1.37047,1.37047,1.370465,1.37047,-1.0,-1.0,-1
1.37047,1.370475,1.370465,1.37047,-1.0,-1.0,-1
1.37047,1.370475,1.370465,1.370475,-1.0,-1.0,-1
1.370475,1.37048,1.370465,1.370475,-1.0,-1.0,-1
1.370475,1.370475,1.370475,1.370475,-1.0,-1.0,-1
1.370475,1.37048,1.37046,1.370465,-1.0,-1.0,-1
1.370465,1.370505,1.37046,1.370505,-1.0,-1.0,-1
1.370505,1.37051,1.37048,1.37051,-1.0,-1.0,-1
1.37051,1.37057,1.37051,1.37057,-1.0,-1.0,-1
1.37057,1.37059,1.37057,1.370575,-1.0,-1.0,-1
1.370575,1.370575,1.370535,1.370545,-1.0,-1.0,-1
1.370545,1.370545,1.370535,1.37054,-1.0,-1.0,-1
1.37054,1.37056,1.37053,1.37056,-1.0,-1.0,-1
1.37056,1.370575,1.37056,1.370575,-1.0,-1.0,-1
1.370575,1.370605,1.37052,1.370555,-1.0,-1.0,-1
1.370555,1.37057,1.370535,1.37057,-1.0,-1.0,-1
1.37057,1.37057,1.37057,1.37057,-1.0,-1.0,-1
1.37057,1.37057,1.37057,1.37057,-1.0,-1.0,-1
1.37057,1.37057,1.37057,1.37057,-1.0,-1.0,-1
1.37057,1.370575,1.37057,1.37057,-1.0,-1.0,-1
1.37057,1.37057,1.37057,1.37057,-1.0,-1.0,-1
1.37057,1.370575,1.37057,1.370575,-1.0,-1.0,-1
1.370575,1.370575,1.37056,1.370565,-1.0,-1.0,-1
1.370565,1.370575,1.370555,1.370575,-1.0,-1.0,-1
1.370575,1.370575,1.370545,1.37057,-1.0,-1.0,-1
1.37057,1.370575,1.370545,1.370555,-1.0,-1.0,-1
1.370555,1.370565,1.370545,1.370565,-1.0,-1.0,-1
1.370565,1.370565,1.37056,1.370565,-1.0,-1.0,-1
1.370565,1.370565,1.370555,1.37056,-1.0,-1.0,-1
1.37056,1.370565,1.370555,1.370565,-1.0,-1.0,-1
1.370565,1.370575,1.37056,1.37057,-1.0,-1.0,-1
1.37057,1.370575,1.370555,1.370565,-1.0,-1.0,-1
1.370565,1.37057,1.37056,1.37057,-1.0,-1.0,-1
1.37057,1.370605,1.370545,1.370565,-1.0,-1.0,-1
1.370565,1.37057,1.37056,1.370565,-1.0,-1.0,-1
1.370565,1.370565,1.37056,1.370565,-1.0,-1.0,-1
1.370565,1.370565,1.37056,1.370565,-1.0,-1.0,-1
1.370565,1.37057,1.37056,1.37057,-1.0,-1.0,-1
1.37057,1.37057,1.37057,1.37057,-1.0,-1.0,-1
1.37057,1.37057,1.37057,1.37057,-1.0,-1.0,-1
1.37057,1.37059,1.37057,1.370585,-1.0,-1.0,-1
1.370585,1.37059,1.370585,1.37059,-1.0,-1.0,-1
1.37059,1.370605,1.370585,1.370585,-1.0,-1.0,-1
1.370585,1.37059,1.370585,1.370585,-1.0,-1.0,-1
1.370585,1.37059,1.370585,1.370585,-1.0,-1.0,-1
1.370585,1.37059,1.370585,1.370585,-1.0,-1.0,-1
1.370585,1.37061,1.370585,1.370605,-1.0,-1.0,-1
1.370605,1.370615,1.37059,1.370615,-1.0,-1.0,-1
1.370615,1.370615,1.370605,1.370615,-1.0,-1.0,-1
1.370615,1.37065,1.37061,1.370645,-1.0,-1.0,-1
1.370645,1.370655,1.37064,1.370645,-1.0,-1.0,-1
1.370645,1.370665,1.37064,1.370665,-1.0,-1.0,-1
1.370665,1.370665,1.37066,1.370665,-1.0,-1.0,-1
1.370665,1.370665,1.37066,1.370665,-1.0,-1.0,-1
1.370665,1.37067,1.37061,1.370665,-1.0,-1.0,-1
1.370665,1.370665,1.370655,1.370665,-1.0,-1.0,-1
1.370665,1.37067,1.370665,1.370665,-1.0,-1.0,-1
1.370665,1.37067,1.370665,1.370665,-1.0,-1.0,-1
1.370665,1.37067,1.37066,1.37066,-1.0,-1.0,-1
1.37066,1.37066,1.370655,1.370655,-1.0,-1.0,-1
1.370655,1.370655,1.370615,1.370655,-1.0,-1.0,-1
1.370655,1.370655,1.37059,1.37061,-1.0,-1.0,-1
1.37061,1.37061,1.37058,1.370585,-1.0,-1.0,-1
1.370585,1.37059,1.370585,1.370585,-1.0,-1.0,-1
1.370585,1.370605,1.370585,1.370605,-1.0,-1.0,-1
1.370605,1.37061,1.370605,1.370605,-1.0,-1.0,-1
1.370605,1.370625,1.370605,1.37062,-1.0,-1.0,-1
1.37062,1.370635,1.37062,1.37063,-1.0,-1.0,-1
1.37063,1.370645,1.370625,1.370645,-1.0,-1.0,-1
1.370645,1.370645,1.370625,1.37064,-1.0,-1.0,-1
1.37064,1.37065,1.370615,1.370615,-1.0,-1.0,-1
1.370615,1.370625,1.37061,1.370615,-1.0,-1.0,-1
1.370615,1.37068,1.370615,1.37065,-1.0,-1.0,-1
1.37065,1.370655,1.37064,1.370655,-1.0,-1.0,-1
1.370655,1.37066,1.370625,1.37063,-1.0,-1.0,-1
1.37063,1.37065,1.370625,1.37065,-1.0,-1.0,-1
1.37065,1.370655,1.370625,1.370635,-1.0,-1.0,-1
1.370635,1.370665,1.370625,1.370665,-1.0,-1.0,-1
1.370665,1.370665,1.370655,1.370655,-1.0,-1.0,-1
1.370655,1.370655,1.370655,1.370655,-1.0,-1.0,-1
1.370655,1.370665,1.370655,1.37066,-1.0,-1.0,-1
1.37066,1.370665,1.370655,1.370655,-1.0,-1.0,-1
1.370655,1.370655,1.370605,1.37061,-1.0,-1.0,-1
1.37061,1.370655,1.370605,1.370605,-1.0,-1.0,-1
1.370605,1.370615,1.370595,1.37061,-1.0,-1.0,-1
1.37061,1.37061,1.37058,1.37058,-1.0,-1.0,-1
1.37058,1.37059,1.37058,1.370585,-1.0,-1.0,-1
1.370585,1.37059,1.37058,1.37058,-1.0,-1.0,-1
1.37058,1.37059,1.37058,1.37058,-1.0,-1.0,-1
1.37058,1.37059,1.370575,1.37058,-1.0,-1.0,-1
1.37058,1.37058,1.370575,1.37058,-1.0,-1.0,-1
1.37058,1.37058,1.37057,1.37058,-1.0,-1.0,-1
1.37058,1.37059,1.37057,1.37058,-1.0,-1.0,-1
1.37058,1.37059,1.370575,1.370585,-1.0,-1.0,-1
1.370585,1.370605,1.37058,1.37059,-1.0,-1.0,-1
1.37059,1.3706,1.37058,1.370585,-1.0,-1.0,-1
1.370585,1.37059,1.370585,1.370585,-1.0,-1.0,-1
1.370585,1.37059,1.37056,1.370565,-1.0,-1.0,-1
1.370565,1.37059,1.37056,1.370585,-1.0,-1.0,-1
1.370585,1.37059,1.370585,1.37059,-1.0,-1.0,-1
1.37059,1.370655,1.37059,1.37062,-1.0,-1.0,-1
1.37062,1.370665,1.37062,1.370655,-1.0,-1.0,-1
1.370655,1.370655,1.370655,1.370655,-1.0,-1.0,-1
1.370655,1.370655,1.370605,1.370615,-1.0,-1.0,-1
1.370615,1.37066,1.370595,1.370655,-1.0,-1.0,-1
1.370655,1.370655,1.370655,1.370655,-1.0,-1.0,-1
1.370655,1.370655,1.37062,1.370655,-1.0,-1.0,-1
1.370655,1.370655,1.370595,1.370605,-1.0,-1.0,-1
1.370605,1.370655,1.370605,1.370655,-1.0,-1.0,-1
1.370655,1.370655,1.37062,1.37062,-1.0,-1.0,-1
1.37062,1.370655,1.37059,1.370605,-1.0,-1.0,-1
1.370605,1.370615,1.370605,1.37061,-1.0,-1.0,-1
1.37061,1.370655,1.370605,1.370605,-1.0,-1.0,-1
1.370605,1.370615,1.370605,1.370615,-1.0,-1.0,-1
1.370615,1.370615,1.370615,1.370615,-1.0,-1.0,-1
1.370615,1.370655,1.370615,1.370655,-1.0,-1.0,-1
1.370655,1.370655,1.370615,1.370615,-1.0,-1.0,-1
1.370615,1.370625,1.370615,1.370615,-1.0,-1.0,-1
1.370615,1.37067,1.37061,1.37066,-1.0,-1.0,-1
1.37066,1.37067,1.370655,1.37067,-1.0,-1.0,-1
1.37067,1.37067,1.370665,1.370665,-1.0,-1.0,-1
1.370665,1.370675,1.370665,1.37067,-1.0,-1.0,-1
1.37067,1.37067,1.37067,1.37067,-1.0,-1.0,-1
1.37067,1.370675,1.370665,1.370665,-1.0,-1.0,-1
1.370665,1.37067,1.370665,1.37067,-1.0,-1.0,-1
1.37067,1.37067,1.37066,1.370665,-1.0,-1.0,-1
1.370665,1.370675,1.37066,1.37067,-1.0,-1.0,-1
1.37067,1.37067,1.37066,1.370665,-1.0,-1.0,-1
1.370665,1.370665,1.37066,1.37066,-1.0,-1.0,-1
1.37066,1.370665,1.37062,1.370655,-1.0,-1.0,-1
1.370655,1.370655,1.37056,1.370575,-1.0,-1.0,-1
1.370575,1.37059,1.37057,1.37058,-1.0,-1.0,-1
1.37058,1.37059,1.37057,1.370585,-1.0,-1.0,-1
1.370585,1.37059,1.370585,1.370585,-1.0,-1.0,-1
1.370585,1.370655,1.370585,1.370615,-1.0,-1.0,-1
1.370615,1.370655,1.37061,1.37061,-1.0,-1.0,-1
1.37061,1.370635,1.370605,1.370615,-1.0,-1.0,-1
1.370615,1.370615,1.37059,1.37059,-1.0,-1.0,-1
1.37059,1.37059,1.37058,1.370585,-1.0,-1.0,-1
1.370585,1.37059,1.370585,1.370585,-1.0,-1.0,-1
1.370585,1.37059,1.370585,1.370585,-1.0,-1.0,-1
1.370585,1.37059,1.370585,1.370585,-1.0,-1.0,-1
1.370585,1.37059,1.370585,1.37059,-1.0,-1.0,-1
1.37059,1.37059,1.37058,1.37059,-1.0,-1.0,-1
1.37059,1.3706,1.370585,1.37059,-1.0,-1.0,-1
1.37059,1.37059,1.370585,1.370585,-1.0,-1.0,-1
1.370585,1.37059,1.370585,1.370585,-1.0,-1.0,-1
1.370585,1.37059,1.370585,1.37059,-1.0,-1.0,-1
1.37059,1.37059,1.370575,1.370575,-1.0,-1.0,-1
1.370575,1.37059,1.370575,1.37059,-1.0,-1.0,-1
1.37059,1.37059,1.37057,1.37058,-1.0,-1.0,-1
1.37058,1.37059,1.37058,1.370585,-1.0,-1.0,-1
1.370585,1.37059,1.370575,1.37058,-1.0,-1.0,-1
1.37058,1.37058,1.37057,1.370575,-1.0,-1.0,-1
1.370575,1.370615,1.370575,1.370615,-1.0,-1.0,-1
1.370615,1.370635,1.37061,1.370635,-1.0,-1.0,-1
1.370635,1.37064,1.370625,1.37063,-1.0,-1.0,-1
1.37063,1.370635,1.37062,1.37063,-1.0,-1.0,-1
1.37063,1.370635,1.370625,1.37063,-1.0,-1.0,-1
1.37063,1.370655,1.370625,1.37065,-1.0,-1.0,-1
1.37065,1.37066,1.370625,1.37063,-1.0,-1.0,-1
1.37063,1.37064,1.370625,1.370635,-1.0,-1.0,-1
1.370635,1.370635,1.37061,1.37063,-1.0,-1.0,-1
1.37063,1.37063,1.370615,1.370615,-1.0,-1.0,-1
1.370615,1.370655,1.370615,1.370655,-1.0,-1.0,-1
1.370655,1.37066,1.370655,1.37066,-1.0,-1.0,-1
1.37066,1.37067,1.37066,1.370665,-1.0,-1.0,-1
1.370665,1.370675,1.370655,1.37066,-1.0,-1.0,-1
1.37066,1.37067,1.37064,1.37066,-1.0,-1.0,-1
1.37066,1.37067,1.37065,1.370655,-1.0,-1.0,-1
1.370655,1.37067,1.370655,1.37067,-1.0,-1.0,-1
1.37067,1.37067,1.37063,1.370635,-1.0,-1.0,-1
1.370635,1.370635,1.370625,1.37063,-1.0,-1.0,-1
1.37063,1.370635,1.370625,1.37063,-1.0,-1.0,-1
1.37063,1.370645,1.370625,1.37064,-1.0,-1.0,-1
1.37064,1.370645,1.37064,1.37064,-1.0,-1.0,-1
1.37064,1.370645,1.37063,1.37064,-1.0,-1.0,-1
1.37064,1.37066,1.37064,1.370655,-1.0,-1.0,-1
1.370655,1.37066,1.37063,1.370635,-1.0,-1.0,-1
1.370635,1.370635,1.37063,1.370635,-1.0,-1.0,-1
1.370635,1.37066,1.37063,1.37065,-1.0,-1.0,-1
1.37065,1.370655,1.37065,1.37065,-1.0,-1.0,-1
1.37065,1.370655,1.37065,1.37065,-1.0,-1.0,-1
1.37065,1.37066,1.37065,1.370655,-1.0,-1.0,-1
1.370655,1.37067,1.37064,1.37064,-1.0,-1.0,-1
1.37064,1.37065,1.37063,1.37065,-1.0,-1.0,-1
1.37065,1.37065,1.37064,1.37064,-1.0,-1.0,-1
1.37064,1.370645,1.37064,1.37064,-1.0,-1.0,-1
1.37064,1.370665,1.37064,1.37066,-1.0,-1.0,-1
1.37066,1.370675,1.370655,1.370675,-1.0,-1.0,-1
1.370675,1.370675,1.37065,1.37065,-1.0,-1.0,-1
1.37065,1.37065,1.37065,1.37065,-1.0,-1.0,-1
1.37065,1.37066,1.37064,1.37065,-1.0,-1.0,-1
1.37065,1.37067,1.37064,1.37066,-1.0,-1.0,-1
1.37066,1.37067,1.370655,1.370665,-1.0,-1.0,-1
1.370665,1.37067,1.370665,1.37067,-1.0,-1.0,-1
1.37067,1.37067,1.37067,1.37067,-1.0,-1.0,-1
1.37067,1.37067,1.37067,1.37067,-1.0,-1.0,-1
1.37067,1.37067,1.37067,1.37067,-1.0,-1.0,-1
1.37067,1.370675,1.37065,1.37065,-1.0,-1.0,-1
1.37065,1.37066,1.370645,1.370655,-1.0,-1.0,-1
1.370655,1.37066,1.37065,1.370655,-1.0,-1.0,-1
1.370655,1.37066,1.37065,1.37065,-1.0,-1.0,-1
1.37065,1.37065,1.37065,1.37065,-1.0,-1.0,-1
1.37065,1.37065,1.37065,1.37065,-1.0,-1.0,-1
1.37065,1.370655,1.37061,1.37062,-1.0,-1.0,-1
1.37062,1.370625,1.37061,1.37062,-1.0,-1.0,-1
1.37062,1.370625,1.37061,1.37062,-1.0,-1.0,-1
1.37062,1.370625,1.370615,1.370615,-1.0,-1.0,-1
1.370615,1.370615,1.370595,1.370605,-1.0,-1.0,-1
1.370605,1.37061,1.370605,1.37061,-1.0,-1.0,-1
1.37061,1.37061,1.370605,1.370605,-1.0,-1.0,-1
1.370605,1.370605,1.370585,1.37059,-1.0,-1.0,-1
1.37059,1.3706,1.37059,1.37059,-1.0,-1.0,-1
1.37059,1.37059,1.370585,1.370585,-1.0,-1.0,-1
1.370585,1.37059,1.370585,1.37059,-1.0,-1.0,-1
1.37059,1.37059,1.37059,1.37059,-1.0,-1.0,-1
1.37059,1.37059,1.370585,1.370585,-1.0,-1.0,-1
1.370585,1.37059,1.370585,1.370585,-1.0,-1.0,-1
1.370585,1.37059,1.370585,1.370585,-1.0,-1.0,-1
1.370585,1.37059,1.370585,1.37059,-1.0,-1.0,-1
1.37059,1.37059,1.370585,1.370585,-1.0,-1.0,-1
1.370585,1.37059,1.370585,1.370585,-1.0,-1.0,-1
1.370585,1.37059,1.370585,1.370585,-1.0,-1.0,-1
1.370585,1.37059,1.370585,1.37059,-1.0,-1.0,-1
1.37059,1.37059,1.37059,1.37059,-1.0,-1.0,-1
1.37059,1.37059,1.37059,1.37059,-1.0,-1.0,-1
1.37059,1.37067,1.37059,1.370665,-1.0,-1.0,-1
1.370665,1.37067,1.370665,1.370665,-1.0,-1.0,-1
1.370665,1.37067,1.370645,1.370645,-1.0,-1.0,-1
1.370645,1.370655,1.370625,1.37063,-1.0,-1.0,-1
1.37063,1.37063,1.370615,1.370615,-1.0,-1.0,-1
1.370615,1.370615,1.37061,1.370615,-1.0,-1.0,-1
1.370615,1.370615,1.370605,1.37061,-1.0,-1.0,-1
1.37061,1.370615,1.37061,1.370615,-1.0,-1.0,-1
1.370615,1.370615,1.370615,1.370615,-1.0,-1.0,-1
1.370615,1.37065,1.370615,1.37064,-1.0,-1.0,-1
1.37064,1.370645,1.37064,1.370645,-1.0,-1.0,-1
1.370645,1.370645,1.37061,1.370615,-1.0,-1.0,-1
1.370615,1.37065,1.370615,1.370645,-1.0,-1.0,-1
1.370645,1.370655,1.37064,1.370655,-1.0,-1.0,-1
1.370655,1.370655,1.37065,1.37065,-1.0,-1.0,-1
1.37065,1.37066,1.37064,1.37066,-1.0,-1.0,-1
1.37066,1.37066,1.37065,1.37065,-1.0,-1.0,-1
1.37065,1.37066,1.37065,1.37066,-1.0,-1.0,-1
1.37066,1.37066,1.37065,1.37065,-1.0,-1.0,-1
1.37065,1.37067,1.37065,1.37067,-1.0,-1.0,-1
1.37067,1.37068,1.37067,1.37068,-1.0,-1.0,-1
1.37068,1.37068,1.37068,1.37068,-1.0,-1.0,-1
1.37068,1.37068,1.370655,1.370655,-1.0,-1.0,-1
1.370655,1.370675,1.37065,1.37066,-1.0,-1.0,-1
1.37066,1.370675,1.37066,1.370675,-1.0,-1.0,-1
1.370675,1.370685,1.37067,1.370675,-1.0,-1.0,-1
1.370675,1.370675,1.37064,1.37064,-1.0,-1.0,-1
1.37064,1.37066,1.37064,1.37065,-1.0,-1.0,-1
1.37065,1.37067,1.37065,1.37066,-1.0,-1.0,-1
1.37066,1.37071,1.37066,1.370695,-1.0,-1.0,-1
1.370695,1.370695,1.370675,1.370675,-1.0,-1.0,-1
1.370675,1.370675,1.370675,1.370675,-1.0,-1.0,-1
1.370675,1.370675,1.37064,1.370655,-1.0,-1.0,-1
1.370655,1.370655,1.37064,1.37065,-1.0,-1.0,-1
1.37065,1.370655,1.37063,1.370645,-1.0,-1.0,-1
1.370645,1.370645,1.37062,1.37062,-1.0,-1.0,-1
1.37062,1.370625,1.370615,1.37062,-1.0,-1.0,-1
1.37062,1.370625,1.37061,1.37062,-1.0,-1.0,-1
1.37062,1.37063,1.37062,1.37063,-1.0,-1.0,-1
1.37063,1.37063,1.370615,1.370625,-1.0,-1.0,-1
1.370625,1.370655,1.37062,1.370655,-1.0,-1.0,-1
1.370655,1.370655,1.37063,1.370645,-1.0,-1.0,-1
1.370645,1.370655,1.37063,1.37064,-1.0,-1.0,-1
1.37064,1.370645,1.37064,1.370645,-1.0,-1.0,-1
1.370645,1.37065,1.37064,1.37065,-1.0,-1.0,-1
1.37065,1.37065,1.37064,1.370645,-1.0,-1.0,-1
1.370645,1.370655,1.37064,1.370645,-1.0,-1.0,-1
1.370645,1.37067,1.37064,1.370655,-1.0,-1.0,-1
1.370655,1.370675,1.37064,1.370645,-1.0,-1.0,-1
1.370645,1.370645,1.370605,1.370605,-1.0,-1.0,-1
1.370605,1.370615,1.370605,1.37061,-1.0,-1.0,-1
1.37061,1.370615,1.370605,1.370605,-1.0,-1.0,-1
1.370605,1.370615,1.370585,1.370585,-1.0,-1.0,-1
1.370585,1.37059,1.370575,1.37058,-1.0,-1.0,-1
1.37058,1.37059,1.37058,1.37059,-1.0,-1.0,-1
1.37059,1.37059,1.37057,1.370575,-1.0,-1.0,-1
1.370575,1.37059,1.370575,1.37059,-1.0,-1.0,-1
1.37059,1.37059,1.370585,1.370585,-1.0,-1.0,-1
1.370585,1.37059,1.370575,1.37058,-1.0,-1.0,-1
1.37058,1.37058,1.37058,1.37058,-1.0,-1.0,-1
1.37058,1.37059,1.370575,1.37059,-1.0,-1.0,-1
1.37059,1.37059,1.370585,1.37059,-1.0,-1.0,-1
1.37059,1.37059,1.37059,1.37059,-1.0,-1.0,-1
1.37059,1.37059,1.370585,1.37059,-1.0,-1.0,-1
1.37059,1.37059,1.37058,1.37058,-1.0,-1.0,-1
1.37058,1.37059,1.37058,1.37059,-1.0,-1.0,-1
1.37059,1.37059,1.370585,1.37059,-1.0,-1.0,-1
1.37059,1.37059,1.370585,1.370585,-1.0,-1.0,-1
1.370585,1.37059,1.370575,1.370575,-1.0,-1.0,-1
1.370575,1.37059,1.370575,1.37059,-1.0,-1.0,-1
1.37059,1.37059,1.37059,1.37059,-1.0,-1.0,-1
1.37059,1.37061,1.370585,1.3706,-1.0,-1.0,-1
1.3706,1.37066,1.370595,1.370615,-1.0,-1.0,-1
1.370615,1.370615,1.370605,1.370615,-1.0,-1.0,-1
1.370615,1.370625,1.370605,1.370605,-1.0,-1.0,-1
1.370605,1.370605,1.370595,1.370605,-1.0,-1.0,-1
1.370605,1.370605,1.370605,1.370605,-1.0,-1.0,-1
1.370605,1.370605,1.370555,1.37056,-1.0,-1.0,-1
1.37056,1.37056,1.37051,1.370515,-1.0,-1.0,-1
1.370515,1.370515,1.3705,1.370505,-1.0,-1.0,-1
1.370505,1.370515,1.3705,1.370505,-1.0,-1.0,-1
1.370505,1.370515,1.370495,1.3705,-1.0,-1.0,-1
1.3705,1.37051,1.3705,1.37051,-1.0,-1.0,-1
1.37051,1.370515,1.37051,1.370515,-1.0,-1.0,-1
1.370515,1.370515,1.3705,1.37051,-1.0,-1.0,-1
1.37051,1.37051,1.370495,1.3705,-1.0,-1.0,-1
1.3705,1.37051,1.3705,1.37051,-1.0,-1.0,-1
1.37051,1.37051,1.370495,1.370495,-1.0,-1.0,-1
1.370495,1.370495,1.370475,1.370485,-1.0,-1.0,-1
1.370485,1.370485,1.370485,1.370485,-1.0,-1.0,-1
1.370485,1.370495,1.37045,1.37045,-1.0,-1.0,-1
1.37045,1.37046,1.370445,1.37046,-1.0,-1.0,-1
1.37046,1.370475,1.370455,1.370475,-1.0,-1.0,-1
1.370475,1.37048,1.37045,1.37045,-1.0,-1.0,-1
1.37045,1.370455,1.370445,1.370445,-1.0,-1.0,-1
1.370445,1.37047,1.370445,1.37046,-1.0,-1.0,-1
1.37046,1.37047,1.370455,1.37046,-1.0,-1.0,-1
1.37046,1.370475,1.370455,1.37047,-1.0,-1.0,-1
1.37047,1.370475,1.37044,1.37044,-1.0,-1.0,-1
1.37044,1.370445,1.37044,1.37044,-1.0,-1.0,-1
1.37044,1.370445,1.370435,1.37044,-1.0,-1.0,-1
1.37044,1.37047,1.37044,1.37047,-1.0,-1.0,-1
1.37047,1.37047,1.37045,1.37045,-1.0,-1.0,-1
1.37045,1.370455,1.37044,1.37044,-1.0,-1.0,-1
1.37044,1.370455,1.370435,1.37045,-1.0,-1.0,-1
1.37045,1.370455,1.370445,1.370445,-1.0,-1.0,-1
1.370445,1.37046,1.37044,1.37046,-1.0,-1.0,-1
1.37046,1.37046,1.37044,1.370445,-1.0,-1.0,-1
1.370445,1.370455,1.37044,1.37045,-1.0,-1.0,-1
1.37045,1.370455,1.37044,1.370445,-1.0,-1.0,-1
1.370445,1.37048,1.37044,1.37048,-1.0,-1.0,-1
1.37048,1.370495,1.37048,1.370485,-1.0,-1.0,-1
1.370485,1.370505,1.370485,1.3705,-1.0,-1.0,-1
1.3705,1.370505,1.370495,1.370495,-1.0,-1.0,-1
1.370495,1.370495,1.37049,1.37049,-1.0,-1.0,-1
1.37049,1.370495,1.37049,1.370495,-1.0,-1.0,-1
1.370495,1.370495,1.37046,1.370475,-1.0,-1.0,-1
1.370475,1.370475,1.370465,1.37047,-1.0,-1.0,-1
1.37047,1.370485,1.370465,1.370475,-1.0,-1.0,-1
1.370475,1.370485,1.370465,1.370475,-1.0,-1.0,-1
1.370475,1.37048,1.370475,1.370475,-1.0,-1.0,-1
1.370475,1.370495,1.37046,1.370475,-1.0,-1.0,-1
1.370475,1.370505,1.370475,1.3705,-1.0,-1.0,-1
1.3705,1.370515,1.3705,1.370515,-1.0,-1.0,-1
1.370515,1.370525,1.370505,1.370525,-1.0,-1.0,-1
1.370525,1.370525,1.370505,1.370505,-1.0,-1.0,-1
1.370505,1.37051,1.3705,1.370505,-1.0,-1.0,-1
1.370505,1.370515,1.370505,1.370515,-1.0,-1.0,-1
1.370515,1.370515,1.37051,1.370515,-1.0,-1.0,-1
1.370515,1.370515,1.370505,1.370505,-1.0,-1.0,-1
1.370505,1.370515,1.370505,1.370505,-1.0,-1.0,-1
1.370505,1.370515,1.370505,1.370515,-1.0,-1.0,-1
1.370515,1.370515,1.370465,1.370475,-1.0,-1.0,-1
1.370475,1.37048,1.37046,1.37047,-1.0,-1.0,-1
1.37047,1.370475,1.37046,1.37047,-1.0,-1.0,-1
1.37047,1.370475,1.370465,1.370475,-1.0,-1.0,-1
1.370475,1.370475,1.370465,1.37047,-1.0,-1.0,-1
1.37047,1.370475,1.370455,1.370465,-1.0,-1.0,-1
1.370465,1.370465,1.37045,1.37046,-1.0,-1.0,-1
1.37046,1.370465,1.37045,1.370455,-1.0,-1.0,-1
1.370455,1.37048,1.37045,1.370475,-1.0,-1.0,-1
1.370475,1.370475,1.370455,1.37047,-1.0,-1.0,-1
1.37047,1.37048,1.370465,1.37048,-1.0,-1.0,-1
1.37048,1.370485,1.37046,1.37047,-1.0,-1.0,-1
1.37047,1.370495,1.370455,1.370495,-1.0,-1.0,-1
1.370495,1.370505,1.370495,1.3705,-1.0,-1.0,-1
1.3705,1.370505,1.3705,1.3705,-1.0,-1.0,-1
1.3705,1.370505,1.3705,1.3705,-1.0,-1.0,-1
1.3705,1.370505,1.37049,1.37049,-1.0,-1.0,-1
1.37049,1.370495,1.37049,1.370495,-1.0,-1.0,-1
1.370495,1.370495,1.37049,1.370495,-1.0,-1.0,-1
1.370495,1.370505,1.370495,1.3705,-1.0,-1.0,-1
1.3705,1.370505,1.3705,1.3705,-1.0,-1.0,-1
1.3705,1.37051,1.3705,1.37051,-1.0,-1.0,-1
1.37051,1.370515,1.3705,1.370515,-1.0,-1.0,-1
1.370515,1.37054,1.37051,1.37054,-1.0,-1.0,-1
1.37054,1.370555,1.370535,1.370555,-1.0,-1.0,-1
1.370555,1.370575,1.370555,1.37057,-1.0,-1.0,-1
1.37057,1.370575,1.370545,1.370555,-1.0,-1.0,-1
1.370555,1.370555,1.370545,1.37055,-1.0,-1.0,-1
1.37055,1.370565,1.370545,1.370555,-1.0,-1.0,-1
1.370555,1.370555,1.370535,1.370535,-1.0,-1.0,-1
1.370535,1.37055,1.37053,1.37055,-1.0,-1.0,-1
1.37055,1.370565,1.370545,1.370545,-1.0,-1.0,-1
1.370545,1.37057,1.370545,1.37057,-1.0,-1.0,-1
1.37057,1.370575,1.37057,1.370575,-1.0,-1.0,-1
1.370575,1.370575,1.37057,1.37057,-1.0,-1.0,-1
1.37057,1.37061,1.37057,1.37061,-1.0,-1.0,-1
1.37061,1.370615,1.370605,1.37061,-1.0,-1.0,-1
1.37061,1.370675,1.37061,1.370675,-1.0,-1.0,-1
1.370675,1.37068,1.370655,1.37067,-1.0,-1.0,-1
1.37067,1.37067,1.37067,1.37067,-1.0,-1.0,-1
1.37067,1.370675,1.37067,1.370675,-1.0,-1.0,-1
1.370675,1.370675,1.370675,1.370675,-1.0,-1.0,-1
1.370675,1.37068,1.370655,1.37066,-1.0,-1.0,-1
1.37066,1.37066,1.37065,1.37065,-1.0,-1.0,-1
1.37065,1.37065,1.37061,1.370615,-1.0,-1.0,-1
1.370615,1.370655,1.37061,1.370655,-1.0,-1.0,-1
1.370655,1.37066,1.370655,1.370655,-1.0,-1.0,-1
1.370655,1.37068,1.370655,1.370675,-1.0,-1.0,-1
1.370675,1.37068,1.370675,1.370675,-1.0,-1.0,-1
1.370675,1.370695,1.37067,1.37067,-1.0,-1.0,-1
1.37067,1.370675,1.370655,1.370655,-1.0,-1.0,-1
1.370655,1.370675,1.370655,1.370665,-1.0,-1.0,-1
1.370665,1.370675,1.370665,1.37067,-1.0,-1.0,-1
1.37067,1.37067,1.37065,1.37065,-1.0,-1.0,-1
1.37065,1.37066,1.37065,1.37065,-1.0,-1.0,-1
1.37065,1.370655,1.370645,1.370645,-1.0,-1.0,-1
1.370645,1.37065,1.370645,1.37065,-1.0,-1.0,-1
1.37065,1.370655,1.37065,1.370655,-1.0,-1.0,-1
1.370655,1.370655,1.37062,1.37062,-1.0,-1.0,-1
1.37062,1.37067,1.370615,1.370665,-1.0,-1.0,-1
1.370665,1.370675,1.37066,1.370675,-1.0,-1.0,-1
1.370675,1.37068,1.37067,1.37068,-1.0,-1.0,-1
1.37068,1.37068,1.37068,1.37068,-1.0,-1.0,-1
1.37068,1.37068,1.37068,1.37068,-1.0,-1.0,-1
1.37068,1.37069,1.37068,1.37068,-1.0,-1.0,-1
1.37068,1.37069,1.37068,1.37068,-1.0,-1.0,-1
1.37068,1.37069,1.37068,1.37069,-1.0,-1.0,-1
1.37069,1.370695,1.370685,1.370695,-1.0,-1.0,-1
1.370695,1.370695,1.370695,1.370695,-1.0,-1.0,-1
1.370695,1.370695,1.370695,1.370695,-1.0,-1.0,-1
1.370695,1.370695,1.370695,1.370695,-1.0,-1.0,-1
1.370695,1.3707,1.370685,1.3707,-1.0,-1.0,-1
1.3707,1.37071,1.370665,1.37068,-1.0,-1.0,-1
1.37068,1.37068,1.370665,1.37068,-1.0,-1.0,-1
1.37068,1.37068,1.370665,1.37067,-1.0,-1.0,-1
1.37067,1.37068,1.37067,1.37068,-1.0,-1.0,-1
1.37068,1.37068,1.37067,1.37067,-1.0,-1.0,-1
1.37067,1.37067,1.370665,1.37067,-1.0,-1.0,-1
1.37067,1.370675,1.370665,1.370675,-1.0,-1.0,-1
1.370675,1.370705,1.37067,1.370695,-1.0,-1.0,-1
1.370695,1.370695,1.370675,1.370675,-1.0,-1.0,-1
1.370675,1.370675,1.370675,1.370675,-1.0,-1.0,-1
1.370675,1.370675,1.370675,1.370675,-1.0,-1.0,-1
1.370675,1.37069,1.370675,1.37069,-1.0,-1.0,-1
1.37069,1.37072,1.370685,1.37072,-1.0,-1.0,-1
1.37072,1.370745,1.37071,1.37073,-1.0,-1.0,-1
1.37073,1.37073,1.370695,1.370695,-1.0,-1.0,-1
1.370695,1.3707,1.370695,1.370695,-1.0,-1.0,-1
1.370695,1.3707,1.370695,1.3707,-1.0,-1.0,-1
1.3707,1.3707,1.370685,1.37069,-1.0,-1.0,-1
1.37069,1.37071,1.370685,1.370705,-1.0,-1.0,-1
1.370705,1.37072,1.370705,1.37072,-1.0,-1.0,-1
1.37072,1.37072,1.370695,1.370695,-1.0,-1.0,-1
1.370695,1.3707,1.370695,1.3707,-1.0,-1.0,-1
1.3707,1.3707,1.37068,1.37068,-1.0,-1.0,-1
1.37068,1.37069,1.370675,1.37068,-1.0,-1.0,-1
1.37068,1.37068,1.37066,1.37066,-1.0,-1.0,-1
1.37066,1.37066,1.370655,1.370655,-1.0,-1.0,-1
1.370655,1.37067,1.370645,1.37065,-1.0,-1.0,-1
1.37065,1.37065,1.37063,1.370635,-1.0,-1.0,-1
1.370635,1.37064,1.370615,1.37062,-1.0,-1.0,-1
1.37062,1.370625,1.370605,1.37061,-1.0,-1.0,-1
1.37061,1.370625,1.370595,1.370615,-1.0,-1.0,-1
1.370615,1.37065,1.370615,1.37065,-1.0,-1.0,-1
1.37065,1.37065,1.37064,1.370645,-1.0,-1.0,-1
1.370645,1.370645,1.37062,1.37062,-1.0,-1.0,-1
1.37062,1.370625,1.370615,1.37062,-1.0,-1.0,-1
1.37062,1.37063,1.370615,1.370615,-1.0,-1.0,-1
1.370615,1.37063,1.370615,1.370615,-1.0,-1.0,-1
1.370615,1.370615,1.370595,1.3706,-1.0,-1.0,-1
1.3706,1.370615,1.370595,1.370605,-1.0,-1.0,-1
1.370605,1.370615,1.370595,1.370615,-1.0,-1.0,-1
1.370615,1.370615,1.370615,1.370615,-1.0,-1.0,-1
1.370615,1.370615,1.370605,1.370615,-1.0,-1.0,-1
1.370615,1.370615,1.370615,1.370615,-1.0,-1.0,-1
1.370615,1.370615,1.370595,1.370615,-1.0,-1.0,-1
1.370615,1.37063,1.370615,1.37062,-1.0,-1.0,-1
1.37062,1.37063,1.370615,1.37063,-1.0,-1.0,-1
1.37063,1.37063,1.370625,1.37063,-1.0,-1.0,-1
1.37063,1.370635,1.370615,1.370615,-1.0,-1.0,-1
1.370615,1.37063,1.370605,1.37063,-1.0,-1.0,-1
1.37063,1.37063,1.37062,1.37062,-1.0,-1.0,-1
1.37062,1.37066,1.37062,1.370655,-1.0,-1.0,-1
1.370655,1.370655,1.37063,1.370635,-1.0,-1.0,-1
1.370635,1.37064,1.37063,1.370635,-1.0,-1.0,-1
1.370635,1.37064,1.37063,1.37064,-1.0,-1.0,-1
1.37064,1.37064,1.37063,1.370635,-1.0,-1.0,-1
1.370635,1.370635,1.37062,1.37062,-1.0,-1.0,-1
1.37062,1.370635,1.37062,1.370635,-1.0,-1.0,-1
1.370635,1.370635,1.370625,1.37063,-1.0,-1.0,-1
1.37063,1.37063,1.37062,1.37062,-1.0,-1.0,-1
1.37062,1.37063,1.37062,1.37062,-1.0,-1.0,-1
1.37062,1.37063,1.37062,1.37063,-1.0,-1.0,-1
1.37063,1.37064,1.370625,1.37064,-1.0,-1.0,-1
1.37064,1.37064,1.37062,1.37062,-1.0,-1.0,-1
1.37062,1.370645,1.37062,1.370645,-1.0,-1.0,-1
1.370645,1.370645,1.370625,1.37063,-1.0,-1.0,-1
1.37063,1.37064,1.370625,1.370635,-1.0,-1.0,-1
1.370635,1.37064,1.37063,1.370635,-1.0,-1.0,-1
1.370635,1.37064,1.370625,1.37064,-1.0,-1.0,-1
1.37064,1.370655,1.37064,1.370655,-1.0,-1.0,-1
1.370655,1.370655,1.37065,1.370655,-1.0,-1.0,-1
1.370655,1.37067,1.37064,1.37067,-1.0,-1.0,-1
1.37067,1.37067,1.37067,1.37067,-1.0,-1.0,-1
1.37067,1.370695,1.37067,1.370685,-1.0,-1.0,-1
1.370685,1.370705,1.37068,1.370705,-1.0,-1.0,-1
1.370705,1.37072,1.370705,1.37072,-1.0,-1.0,-1
1.37072,1.370725,1.37071,1.370725,-1.0,-1.0,-1
1.370725,1.370725,1.37072,1.37072,-1.0,-1.0,-1
1.37072,1.37072,1.37071,1.37071,-1.0,-1.0,-1
1.37071,1.37072,1.370705,1.37072,-1.0,-1.0,-1
1.37072,1.37072,1.370705,1.370705,-1.0,-1.0,-1
1.370705,1.370705,1.370695,1.3707,-1.0,-1.0,-1
1.3707,1.370725,1.370695,1.370725,-1.0,-1.0,-1
1.370725,1.370725,1.37072,1.370725,-1.0,-1.0,-1
1.370725,1.370745,1.37072,1.370745,-1.0,-1.0,-1
1.370745,1.370755,1.370745,1.37075,-1.0,-1.0,-1
1.37075,1.370765,1.37074,1.37076,-1.0,-1.0,-1
1.37076,1.370765,1.370755,1.37076,-1.0,-1.0,-1
1.37076,1.3708,1.370755,1.37078,-1.0,-1.0,-1
1.37078,1.370785,1.37077,1.37078,-1.0,-1.0,-1
1.37078,1.370785,1.37078,1.370785,-1.0,-1.0,-1
1.370785,1.370845,1.370785,1.370845,-1.0,-1.0,-1
1.370845,1.370845,1.370845,1.370845,-1.0,-1.0,-1
1.370845,1.370845,1.370825,1.370825,-1.0,-1.0,-1
1.370825,1.370835,1.370825,1.370835,-1.0,-1.0,-1
1.370835,1.37084,1.370805,1.37081,-1.0,-1.0,-1
1.37081,1.370815,1.370795,1.370795,-1.0,-1.0,-1
1.370795,1.3708,1.370775,1.37078,-1.0,-1.0,-1
1.37078,1.370785,1.37076,1.370775,-1.0,-1.0,-1
1.370775,1.370785,1.370775,1.370785,-1.0,-1.0,-1
1.370785,1.3708,1.370785,1.370795,-1.0,-1.0,-1
1.370795,1.3708,1.370785,1.370785,-1.0,-1.0,-1
1.370785,1.370795,1.370775,1.37079,-1.0,-1.0,-1
1.37079,1.370795,1.370775,1.370775,-1.0,-1.0,-1
1.370775,1.370775,1.37073,1.370735,-1.0,-1.0,-1
1.370735,1.370745,1.37073,1.370735,-1.0,-1.0,-1
1.370735,1.37074,1.37072,1.370725,-1.0,-1.0,-1
1.370725,1.370765,1.37072,1.370755,-1.0,-1.0,-1
1.370755,1.37077,1.370755,1.370755,-1.0,-1.0,-1
1.370755,1.370765,1.370755,1.37076,-1.0,-1.0,-1
1.37076,1.370765,1.370755,1.37076,-1.0,-1.0,-1
1.37076,1.370765,1.370755,1.370755,-1.0,-1.0,-1
1.370755,1.370765,1.370755,1.370755,-1.0,-1.0,-1
1.370755,1.370765,1.370755,1.370755,-1.0,-1.0,-1
1.370755,1.370765,1.370755,1.37076,-1.0,-1.0,-1
1.37076,1.370775,1.37076,1.370765,-1.0,-1.0,-1
1.370765,1.370775,1.370765,1.37077,-1.0,-1.0,-1
1.37077,1.370775,1.370765,1.370765,-1.0,-1.0,-1
1.370765,1.370785,1.370765,1.37078,-1.0,-1.0,-1
1.37078,1.37078,1.37078,1.37078,-1.0,-1.0,-1
1.37078,1.370805,1.370775,1.370785,-1.0,-1.0,-1
1.370785,1.3708,1.370785,1.37079,-1.0,-1.0,-1
1.37079,1.370795,1.37075,1.370765,-1.0,-1.0,-1
1.370765,1.370765,1.37076,1.370765,-1.0,-1.0,-1
1.370765,1.370765,1.37075,1.370755,-1.0,-1.0,-1
1.370755,1.370765,1.370755,1.370755,-1.0,-1.0,-1
1.370755,1.370755,1.370755,1.370755,-1.0,-1.0,-1
1.370755,1.370755,1.370745,1.370745,-1.0,-1.0,-1
1.370745,1.370755,1.370745,1.370755,-1.0,-1.0,-1
1.370755,1.370755,1.370745,1.370745,-1.0,-1.0,-1
1.370745,1.37075,1.37074,1.370745,-1.0,-1.0,-1
1.370745,1.370745,1.37074,1.370745,-1.0,-1.0,-1
1.370745,1.370755,1.370745,1.370755,-1.0,-1.0,-1
1.370755,1.370755,1.37075,1.370755,-1.0,-1.0,-1
1.370755,1.370765,1.370755,1.370755,-1.0,-1.0,-1
1.370755,1.370775,1.370755,1.370775,-1.0,-1.0,-1
1.370775,1.370785,1.370775,1.370785,-1.0,-1.0,-1
1.370785,1.370795,1.37078,1.37079,-1.0,-1.0,-1
1.37079,1.370795,1.370785,1.370785,-1.0,-1.0,-1
1.370785,1.37079,1.37078,1.370785,-1.0,-1.0,-1
1.370785,1.370785,1.37078,1.370785,-1.0,-1.0,-1
1.370785,1.370785,1.370785,1.370785,-1.0,-1.0,-1
1.370785,1.370785,1.37078,1.370785,-1.0,-1.0,-1
1.370785,1.370795,1.37078,1.370785,-1.0,-1.0,-1
1.370785,1.370785,1.37078,1.370785,-1.0,-1.0,-1
1.370785,1.370785,1.370785,1.370785,-1.0,-1.0,-1
1.370785,1.370785,1.37077,1.37077,-1.0,-1.0,-1
1.37077,1.370775,1.37077,1.370775,-1.0,-1.0,-1
1.370775,1.370785,1.370775,1.370785,-1.0,-1.0,-1
1.370785,1.3708,1.370785,1.370795,-1.0,-1.0,-1
1.370795,1.370845,1.370795,1.370845,-1.0,-1.0,-1
1.370845,1.37086,1.370825,1.370825,-1.0,-1.0,-1
1.370825,1.370825,1.370815,1.370815,-1.0,-1.0,-1
1.370815,1.370835,1.370815,1.370835,-1.0,-1.0,-1
1.370835,1.37085,1.370835,1.370845,-1.0,-1.0,-1
1.370845,1.370845,1.370845,1.370845,-1.0,-1.0,-1
1.370845,1.37086,1.370845,1.37085,-1.0,-1.0,-1
1.37085,1.37085,1.37085,1.37085,-1.0,-1.0,-1
1.37085,1.37085,1.370845,1.37085,-1.0,-1.0,-1
1.37085,1.370875,1.37085,1.37087,-1.0,-1.0,-1
1.37087,1.37087,1.37086,1.37087,-1.0,-1.0,-1
1.37087,1.37087,1.370855,1.37086,-1.0,-1.0,-1
1.37086,1.370865,1.370855,1.370855,-1.0,-1.0,-1
1.370855,1.37087,1.370855,1.37087,-1.0,-1.0,-1
1.37087,1.370895,1.37086,1.37089,-1.0,-1.0,-1
1.37089,1.370895,1.370885,1.37089,-1.0,-1.0,-1
1.37089,1.37091,1.37089,1.37091,-1.0,-1.0,-1
1.37091,1.370915,1.37091,1.370915,-1.0,-1.0,-1
1.370915,1.37092,1.370895,1.37091,-1.0,-1.0,-1
1.37091,1.37091,1.370895,1.3709,-1.0,-1.0,-1
1.3709,1.3709,1.370895,1.370895,-1.0,-1.0,-1
1.370895,1.3709,1.370895,1.370895,-1.0,-1.0,-1
1.370895,1.370895,1.370875,1.370875,-1.0,-1.0,-1
1.370875,1.370875,1.37083,1.370845,-1.0,-1.0,-1
1.370845,1.37085,1.370835,1.37085,-1.0,-1.0,-1
1.37085,1.37086,1.37084,1.37084,-1.0,-1.0,-1
1.37084,1.370845,1.37083,1.37084,-1.0,-1.0,-1
1.37084,1.370845,1.37083,1.37083,-1.0,-1.0,-1
1.37083,1.370835,1.37083,1.370835,-1.0,-1.0,-1
1.370835,1.370835,1.370825,1.370835,-1.0,-1.0,-1
1.370835,1.370875,1.370835,1.37087,-1.0,-1.0,-1
1.37087,1.370875,1.37087,1.370875,-1.0,-1.0,-1
1.370875,1.370885,1.37086,1.370865,-1.0,-1.0,-1
1.370865,1.37087,1.370855,1.370865,-1.0,-1.0,-1
1.370865,1.370865,1.370855,1.37086,-1.0,-1.0,-1
1.37086,1.37086,1.370855,1.370855,-1.0,-1.0,-1
1.370855,1.37086,1.370855,1.37086,-1.0,-1.0,-1
1.37086,1.370865,1.37086,1.370865,-1.0,-1.0,-1
1.370865,1.370875,1.37086,1.37087,-1.0,-1.0,-1
1.37087,1.3709,1.37087,1.370885,-1.0,-1.0,-1
1.370885,1.370885,1.370875,1.370875,-1.0,-1.0,-1
1.370875,1.370885,1.370875,1.37088,-1.0,-1.0,-1
1.37088,1.37089,1.37088,1.370885,-1.0,-1.0,-1
1.370885,1.370885,1.37086,1.370865,-1.0,-1.0,-1
1.370865,1.370865,1.370855,1.370855,-1.0,-1.0,-1
1.370855,1.370865,1.37085,1.370865,-1.0,-1.0,-1
1.370865,1.370865,1.370855,1.370865,-1.0,-1.0,-1
1.370865,1.370885,1.37086,1.370885,-1.0,-1.0,-1
1.370885,1.370885,1.370875,1.37088,-1.0,-1.0,-1
1.37088,1.370885,1.37086,1.370875,-1.0,-1.0,-1
1.370875,1.370875,1.37085,1.370865,-1.0,-1.0,-1
1.370865,1.37087,1.37084,1.37085,-1.0,-1.0,-1
1.37085,1.37086,1.370845,1.370845,-1.0,-1.0,-1
1.370845,1.370845,1.37084,1.370845,-1.0,-1.0,-1
1.370845,1.37086,1.370835,1.370835,-1.0,-1.0,-1
1.370835,1.37086,1.370825,1.370855,-1.0,-1.0,-1
1.370855,1.37086,1.37085,1.370855,-1.0,-1.0,-1
1.370855,1.37086,1.370845,1.370855,-1.0,-1.0,-1
1.370855,1.370865,1.370855,1.370855,-1.0,-1.0,-1
1.370855,1.37086,1.370855,1.37086,-1.0,-1.0,-1
1.37086,1.37087,1.37086,1.370865,-1.0,-1.0,-1
1.370865,1.37087,1.370855,1.370855,-1.0,-1.0,-1
1.370855,1.370865,1.370855,1.370865,-1.0,-1.0,-1
1.370865,1.37087,1.37086,1.37087,-1.0,-1.0,-1
1.37087,1.37087,1.370805,1.370815,-1.0,-1.0,-1
1.370815,1.370815,1.370755,1.370765,-1.0,-1.0,-1
1.370765,1.370765,1.37075,1.370755,-1.0,-1.0,-1
1.370755,1.370765,1.37073,1.370735,-1.0,-1.0,-1
1.370735,1.370735,1.37072,1.37072,-1.0,-1.0,-1
1.37072,1.370725,1.37072,1.37072,-1.0,-1.0,-1
1.37072,1.37072,1.37068,1.370685,-1.0,-1.0,-1
1.370685,1.37069,1.37068,1.37068,-1.0,-1.0,-1
1.37068,1.37069,1.37068,1.370685,-1.0,-1.0,-1
1.370685,1.370695,1.370665,1.37069,-1.0,-1.0,-1
1.37069,1.37069,1.370675,1.370685,-1.0,-1.0,-1
1.370685,1.37073,1.37068,1.37072,-1.0,-1.0,-1
1.37072,1.37072,1.37071,1.37072,-1.0,-1.0,-1
1.37072,1.370735,1.37072,1.370735,-1.0,-1.0,-1
1.370735,1.37074,1.37072,1.37072,-1.0,-1.0,-1
1.37072,1.37072,1.37072,1.37072,-1.0,-1.0,-1
1.37072,1.37072,1.37072,1.37072,-1.0,-1.0,-1
1.37072,1.37074,1.37072,1.37073,-1.0,-1.0,-1
1.37073,1.370735,1.37072,1.370725,-1.0,-1.0,-1
1.370725,1.37073,1.37072,1.370725,-1.0,-1.0,-1
1.370725,1.370735,1.37072,1.370725,-1.0,-1.0,-1
1.370725,1.37073,1.37072,1.37072,-1.0,-1.0,-1
1.37072,1.37072,1.37071,1.37071,-1.0,-1.0,-1
1.37071,1.37072,1.37071,1.37071,-1.0,-1.0,-1
1.37071,1.37071,1.3707,1.3707,-1.0,-1.0,-1
1.3707,1.3707,1.37068,1.37069,-1.0,-1.0,-1
1.37069,1.37069,1.37068,1.37068,-1.0,-1.0,-1
1.37068,1.370695,1.370675,1.37068,-1.0,-1.0,-1
1.37068,1.37069,1.37068,1.370685,-1.0,-1.0,-1
1.370685,1.37069,1.37068,1.37068,-1.0,-1.0,-1
1.37068,1.37069,1.37068,1.370685,-1.0,-1.0,-1
1.370685,1.370695,1.37068,1.37068,-1.0,-1.0,-1
1.37068,1.37068,1.37068,1.37068,-1.0,-1.0,-1
1.37068,1.37068,1.37068,1.37068,-1.0,-1.0,-1
1.37068,1.37069,1.370665,1.370675,-1.0,-1.0,-1
1.370675,1.370695,1.370675,1.370685,-1.0,-1.0,-1
1.370685,1.370695,1.370685,1.370695,-1.0,-1.0,-1
1.370695,1.370695,1.370685,1.370695,-1.0,-1.0,-1
1.370695,1.370695,1.370695,1.370695,-1.0,-1.0,-1
1.370695,1.370725,1.370695,1.370725,-1.0,-1.0,-1
1.370725,1.370725,1.370705,1.37072,-1.0,-1.0,-1
1.37072,1.37072,1.37072,1.37072,-1.0,-1.0,-1
1.37072,1.370755,1.37072,1.370755,-1.0,-1.0,-1
1.370755,1.370775,1.370755,1.37077,-1.0,-1.0,-1
1.37077,1.37077,1.37075,1.37075,-1.0,-1.0,-1
1.37075,1.370765,1.370745,1.37075,-1.0,-1.0,-1
1.37075,1.37076,1.37075,1.370755,-1.0,-1.0,-1
1.370755,1.37077,1.370755,1.37077,-1.0,-1.0,-1
1.37077,1.37078,1.370765,1.370775,-1.0,-1.0,-1
1.370775,1.370775,1.370765,1.37077,-1.0,-1.0,-1
1.37077,1.370775,1.370765,1.37077,-1.0,-1.0,-1
1.37077,1.370775,1.370765,1.370765,-1.0,-1.0,-1
1.370765,1.37078,1.370765,1.37078,-1.0,-1.0,-1
1.37078,1.37078,1.370765,1.370765,-1.0,-1.0,-1
1.370765,1.370775,1.370765,1.370765,-1.0,-1.0,-1
1.370765,1.370775,1.370765,1.370775,-1.0,-1.0,-1
1.370775,1.370785,1.370755,1.370785,-1.0,-1.0,-1
1.370785,1.370785,1.370785,1.370785,-1.0,-1.0,-1
1.370785,1.37081,1.370785,1.370805,-1.0,-1.0,-1
1.370805,1.37081,1.3708,1.37081,-1.0,-1.0,-1
1.37081,1.37081,1.370805,1.37081,-1.0,-1.0,-1
1.37081,1.37081,1.370805,1.37081,-1.0,-1.0,-1
1.37081,1.370815,1.3708,1.370815,-1.0,-1.0,-1
1.370815,1.370815,1.370805,1.37081,-1.0,-1.0,-1
1.37081,1.37081,1.37079,1.370795,-1.0,-1.0,-1
1.370795,1.3708,1.370785,1.370785,-1.0,-1.0,-1
1.370785,1.370785,1.370775,1.370785,-1.0,-1.0,-1
1.370785,1.370795,1.370785,1.370785,-1.0,-1.0,-1
1.370785,1.370785,1.37078,1.370785,-1.0,-1.0,-1
1.370785,1.3708,1.370785,1.370795,-1.0,-1.0,-1
1.370795,1.37081,1.370795,1.370795,-1.0,-1.0,-1
1.370795,1.3708,1.370795,1.370795,-1.0,-1.0,-1
1.370795,1.3708,1.370785,1.370785,-1.0,-1.0,-1
1.370785,1.370785,1.370785,1.370785,-1.0,-1.0,-1
1.370785,1.3708,1.370785,1.370795,-1.0,-1.0,-1
1.370795,1.3708,1.370795,1.370795,-1.0,-1.0,-1
1.370795,1.370825,1.370795,1.370825,-1.0,-1.0,-1
1.370825,1.370825,1.370815,1.370825,-1.0,-1.0,-1
1.370825,1.370825,1.370815,1.370815,-1.0,-1.0,-1
1.370815,1.370815,1.370805,1.37081,-1.0,-1.0,-1
1.37081,1.370815,1.370805,1.37081,-1.0,-1.0,-1
1.37081,1.37081,1.3708,1.37081,-1.0,-1.0,-1
1.37081,1.37081,1.3708,1.3708,-1.0,-1.0,-1
1.3708,1.370805,1.370795,1.370795,-1.0,-1.0,-1
1.370795,1.37081,1.370785,1.37081,-1.0,-1.0,-1
1.37081,1.37081,1.3708,1.370805,-1.0,-1.0,-1
1.370805,1.37081,1.3708,1.37081,-1.0,-1.0,-1
1.37081,1.370815,1.370805,1.370815,-1.0,-1.0,-1
1.370815,1.370815,1.370805,1.37081,-1.0,-1.0,-1
1.37081,1.37081,1.370805,1.37081,-1.0,-1.0,-1
1.37081,1.370825,1.370805,1.37082,-1.0,-1.0,-1
1.37082,1.37082,1.370815,1.37082,-1.0,-1.0,-1
1.37082,1.37083,1.370815,1.37082,-1.0,-1.0,-1
1.37082,1.37082,1.370815,1.37082,-1.0,-1.0,-1
1.37082,1.370825,1.370815,1.37082,-1.0,-1.0,-1
1.37082,1.37082,1.370815,1.37082,-1.0,-1.0,-1
1.37082,1.37082,1.370815,1.370815,-1.0,-1.0,-1
1.370815,1.37082,1.370815,1.370815,-1.0,-1.0,-1
1.370815,1.370815,1.370805,1.370815,-1.0,-1.0,-1
1.370815,1.370815,1.370815,1.370815,-1.0,-1.0,-1
1.370815,1.37082,1.3708,1.3708,-1.0,-1.0,-1
1.3708,1.3708,1.37078,1.37079,-1.0,-1.0,-1
1.37079,1.3708,1.37079,1.370795,-1.0,-1.0,-1
1.370795,1.3708,1.370795,1.370795,-1.0,-1.0,-1
1.370795,1.3708,1.370755,1.370755,-1.0,-1.0,-1
1.370755,1.370765,1.37074,1.37075,-1.0,-1.0,-1
1.37075,1.370765,1.37075,1.37076,-1.0,-1.0,-1
1.37076,1.370765,1.37076,1.370765,-1.0,-1.0,-1
1.370765,1.370765,1.37072,1.37072,-1.0,-1.0,-1
1.37072,1.370725,1.37072,1.370725,-1.0,-1.0,-1
1.370725,1.370725,1.37072,1.370725,-1.0,-1.0,-1
1.370725,1.370725,1.37072,1.370725,-1.0,-1.0,-1
1.370725,1.37077,1.37072,1.37077,-1.0,-1.0,-1
1.37077,1.370785,1.370765,1.370785,-1.0,-1.0,-1
1.370785,1.3708,1.37078,1.370795,-1.0,-1.0,-1
1.370795,1.3708,1.370785,1.370785,-1.0,-1.0,-1
1.370785,1.370795,1.370775,1.370785,-1.0,-1.0,-1
1.370785,1.370785,1.37078,1.37078,-1.0,-1.0,-1
1.37078,1.370795,1.37078,1.37079,-1.0,-1.0,-1
1.37079,1.370795,1.370775,1.37078,-1.0,-1.0,-1
1.37078,1.37078,1.370765,1.370775,-1.0,-1.0,-1
1.370775,1.37078,1.370775,1.37078,-1.0,-1.0,-1
1.37078,1.370795,1.370775,1.37078,-1.0,-1.0,-1
1.37078,1.37078,1.37076,1.370775,-1.0,-1.0,-1
1.370775,1.370775,1.370765,1.370775,-1.0,-1.0,-1
1.370775,1.370775,1.370775,1.370775,-1.0,-1.0,-1
1.370775,1.370785,1.370775,1.370775,-1.0,-1.0,-1
1.370775,1.370795,1.370775,1.370785,-1.0,-1.0,-1
1.370785,1.370795,1.370775,1.370785,-1.0,-1.0,-1
1.370785,1.3708,1.370775,1.370795,-1.0,-1.0,-1
1.370795,1.3708,1.370795,1.370795,-1.0,-1.0,-1
1.370795,1.3708,1.370795,1.370795,-1.0,-1.0,-1
1.370795,1.3708,1.370785,1.370785,-1.0,-1.0,-1
1.370785,1.370785,1.37078,1.370785,-1.0,-1.0,-1
1.370785,1.370795,1.370785,1.37079,-1.0,-1.0,-1
1.37079,1.370795,1.37078,1.370785,-1.0,-1.0,-1
1.370785,1.3708,1.370785,1.37079,-1.0,-1.0,-1
1.37079,1.3708,1.37079,1.37079,-1.0,-1.0,-1
1.37079,1.3708,1.37078,1.37079,-1.0,-1.0,-1
1.37079,1.3708,1.37079,1.370795,-1.0,-1.0,-1
1.370795,1.3708,1.37078,1.370785,-1.0,-1.0,-1
1.370785,1.370795,1.370785,1.37079,-1.0,-1.0,-1
1.37079,1.370795,1.37077,1.37078,-1.0,-1.0,-1
1.37078,1.370795,1.37076,1.370765,-1.0,-1.0,-1
1.370765,1.370765,1.370755,1.37076,-1.0,-1.0,-1
1.37076,1.370795,1.37076,1.37079,-1.0,-1.0,-1
1.37079,1.3708,1.370765,1.3708,-1.0,-1.0,-1
1.3708,1.37081,1.370795,1.37081,-1.0,-1.0,-1
1.37081,1.37081,1.3708,1.3708,-1.0,-1.0,-1
1.3708,1.370815,1.3708,1.370815,-1.0,-1.0,-1
1.370815,1.370815,1.370815,1.370815,-1.0,-1.0,-1
1.370815,1.370815,1.370815,1.370815,-1.0,-1.0,-1
1.370815,1.370815,1.370805,1.37081,-1.0,-1.0,-1
1.37081,1.370835,1.370805,1.370835,-1.0,-1.0,-1
1.370835,1.37086,1.370835,1.370855,-1.0,-1.0,-1
1.370855,1.37086,1.37084,1.370845,-1.0,-1.0,-1
1.370845,1.37086,1.37084,1.37085,-1.0,-1.0,-1
1.37085,1.37086,1.370845,1.370845,-1.0,-1.0,-1
1.370845,1.37086,1.37084,1.370845,-1.0,-1.0,-1
1.370845,1.37085,1.370845,1.370845,-1.0,-1.0,-1
1.370845,1.37086,1.370845,1.370855,-1.0,-1.0,-1
1.370855,1.37086,1.370815,1.370845,-1.0,-1.0,-1
1.370845,1.37085,1.370845,1.37085,-1.0,-1.0,-1
1.37085,1.37085,1.370845,1.37085,-1.0,-1.0,-1
1.37085,1.37086,1.37085,1.37085,-1.0,-1.0,-1
1.37085,1.370875,1.370845,1.370875,-1.0,-1.0,-1
1.370875,1.370885,1.37087,1.370885,-1.0,-1.0,-1
1.370885,1.370895,1.370875,1.370885,-1.0,-1.0,-1
1.370885,1.370885,1.37086,1.370865,-1.0,-1.0,-1
1.370865,1.370885,1.37086,1.370885,-1.0,-1.0,-1
1.370885,1.37091,1.370885,1.37091,-1.0,-1.0,-1
1.37091,1.37091,1.3709,1.370905,-1.0,-1.0,-1
1.370905,1.370905,1.3709,1.370905,-1.0,-1.0,-1
1.370905,1.370905,1.3709,1.370905,-1.0,-1.0,-1
1.370905,1.37091,1.3709,1.37091,-1.0,-1.0,-1
1.37091,1.370915,1.37091,1.370915,-1.0,-1.0,-1
1.370915,1.370915,1.37091,1.370915,-1.0,-1.0,-1
1.370915,1.370915,1.37091,1.370915,-1.0,-1.0,-1
1.370915,1.370915,1.3709,1.370905,-1.0,-1.0,-1
1.370905,1.370905,1.370895,1.370895,-1.0,-1.0,-1
1.370895,1.370895,1.37088,1.370885,-1.0,-1.0,-1
1.370885,1.370885,1.37088,1.37088,-1.0,-1.0,-1
1.37088,1.37088,1.370875,1.37088,-1.0,-1.0,-1
1.37088,1.3709,1.37088,1.3709,-1.0,-1.0,-1
1.3709,1.370905,1.370895,1.370895,-1.0,-1.0,-1
1.370895,1.370905,1.370895,1.370905,-1.0,-1.0,-1
1.370905,1.370905,1.370895,1.370895,-1.0,-1.0,-1
1.370895,1.370895,1.37088,1.370885,-1.0,-1.0,-1
1.370885,1.370885,1.370875,1.370875,-1.0,-1.0,-1
1.370875,1.37088,1.370875,1.37088,-1.0,-1.0,-1
1.37088,1.370885,1.370875,1.370885,-1.0,-1.0,-1
1.370885,1.37089,1.370885,1.37089,-1.0,-1.0,-1
1.37089,1.37089,1.370885,1.37089,-1.0,-1.0,-1
1.37089,1.37089,1.370885,1.37089,-1.0,-1.0,-1
1.37089,1.37089,1.370885,1.37089,-1.0,-1.0,-1
1.37089,1.370895,1.370885,1.370895,-1.0,-1.0,-1
1.370895,1.370895,1.370885,1.37089,-1.0,-1.0,-1
1.37089,1.37089,1.37088,1.370885,-1.0,-1.0,-1
1.370885,1.370885,1.37088,1.370885,-1.0,-1.0,-1
1.370885,1.370885,1.37088,1.37088,-1.0,-1.0,-1
1.37088,1.37089,1.37088,1.370885,-1.0,-1.0,-1
1.370885,1.370885,1.370885,1.370885,-1.0,-1.0,-1
1.370885,1.370885,1.370885,1.370885,-1.0,-1.0,-1
1.370885,1.370885,1.370885,1.370885,-1.0,-1.0,-1
1.370885,1.370885,1.370885,1.370885,-1.0,-1.0,-1
1.370885,1.370885,1.370885,1.370885,-1.0,-1.0,-1
1.370885,1.370895,1.370865,1.370875,-1.0,-1.0,-1
1.370875,1.370885,1.370875,1.37088,-1.0,-1.0,-1
1.37088,1.37088,1.37087,1.370875,-1.0,-1.0,-1
1.370875,1.370875,1.370865,1.37087,-1.0,-1.0,-1
1.37087,1.37087,1.37087,1.37087,-1.0,-1.0,-1
1.37087,1.37089,1.37087,1.37089,-1.0,-1.0,-1
1.37089,1.370895,1.37088,1.37088,-1.0,-1.0,-1
1.37088,1.37088,1.370855,1.370875,-1.0,-1.0,-1
1.370875,1.370875,1.37086,1.370865,-1.0,-1.0,-1
1.370865,1.370875,1.37086,1.370865,-1.0,-1.0,-1
1.370865,1.370865,1.37086,1.370865,-1.0,-1.0,-1
1.370865,1.37087,1.37086,1.370865,-1.0,-1.0,-1
1.370865,1.370875,1.37086,1.370875,-1.0,-1.0,-1
1.370875,1.370875,1.370875,1.370875,-1.0,-1.0,-1
1.370875,1.370895,1.370875,1.370895,-1.0,-1.0,-1
1.370895,1.370905,1.370895,1.370905,-1.0,-1.0,-1
1.370905,1.370905,1.3709,1.370905,-1.0,-1.0,-1
1.370905,1.370905,1.370895,1.3709,-1.0,-1.0,-1
1.3709,1.370905,1.370895,1.3709,-1.0,-1.0,-1
1.3709,1.370905,1.370885,1.370885,-1.0,-1.0,-1
1.370885,1.370895,1.370885,1.370895,-1.0,-1.0,-1
1.370895,1.370895,1.370895,1.370895,-1.0,-1.0,-1
1.370895,1.370895,1.370895,1.370895,-1.0,-1.0,-1
1.370895,1.3709,1.370895,1.370895,-1.0,-1.0,-1
1.370895,1.370905,1.370895,1.370905,-1.0,-1.0,-1
1.370905,1.370905,1.3709,1.370905,-1.0,-1.0,-1
1.370905,1.370905,1.370895,1.370895,-1.0,-1.0,-1
1.370895,1.370895,1.37088,1.37089,-1.0,-1.0,-1
1.37089,1.370895,1.37089,1.370895,-1.0,-1.0,-1
1.370895,1.370895,1.370885,1.370885,-1.0,-1.0,-1
1.370885,1.370885,1.37088,1.37088,-1.0,-1.0,-1
1.37088,1.370885,1.37088,1.370885,-1.0,-1.0,-1
1.370885,1.370885,1.370885,1.370885,-1.0,-1.0,-1
1.370885,1.370895,1.370885,1.370895,-1.0,-1.0,-1
1.370895,1.370895,1.37089,1.37089,-1.0,-1.0,-1
1.37089,1.370895,1.37089,1.37089,-1.0,-1.0,-1
1.37089,1.370895,1.370885,1.370885,-1.0,-1.0,-1
1.370885,1.3709,1.370885,1.3709,-1.0,-1.0,-1
1.3709,1.370905,1.370895,1.3709,-1.0,-1.0,-1
1.3709,1.370905,1.370895,1.370905,-1.0,-1.0,-1
1.370905,1.370905,1.3709,1.370905,-1.0,-1.0,-1
1.370905,1.370905,1.3709,1.370905,-1.0,-1.0,-1
1.370905,1.370905,1.3709,1.370905,-1.0,-1.0,-1
1.370905,1.370905,1.370895,1.370895,-1.0,-1.0,-1
1.370895,1.370895,1.370895,1.370895,-1.0,-1.0,-1
1.370895,1.3709,1.370895,1.370895,-1.0,-1.0,-1
1.370895,1.370895,1.370875,1.370875,-1.0,-1.0,-1
1.370875,1.370875,1.370875,1.370875,-1.0,-1.0,-1
1.370875,1.37088,1.370875,1.370875,-1.0,-1.0,-1
1.370875,1.370875,1.370835,1.370845,-1.0,-1.0,-1
1.370845,1.37086,1.370845,1.37085,-1.0,-1.0,-1
1.37085,1.37086,1.37085,1.370855,-1.0,-1.0,-1
1.370855,1.37086,1.370855,1.370855,-1.0,-1.0,-1
1.370855,1.37086,1.370855,1.370855,-1.0,-1.0,-1
1.370855,1.37086,1.370815,1.370825,-1.0,-1.0,-1
1.370825,1.370825,1.370825,1.370825,-1.0,-1.0,-1
1.370825,1.370865,1.370815,1.370855,-1.0,-1.0,-1
1.370855,1.370865,1.370855,1.370865,-1.0,-1.0,-1
1.370865,1.370865,1.37086,1.370865,-1.0,-1.0,-1
1.370865,1.370865,1.37086,1.370865,-1.0,-1.0,-1
1.370865,1.370865,1.37085,1.37085,-1.0,-1.0,-1
1.37085,1.37085,1.37085,1.37085,-1.0,-1.0,-1
1.37085,1.37085,1.37084,1.37084,-1.0,-1.0,-1
1.37084,1.37085,1.370835,1.370845,-1.0,-1.0,-1
1.370845,1.370845,1.370845,1.370845,-1.0,-1.0,-1
1.370845,1.37087,1.370845,1.370865,-1.0,-1.0,-1
1.370865,1.370865,1.370855,1.370855,-1.0,-1.0,-1
1.370855,1.37086,1.37084,1.370845,-1.0,-1.0,-1
1.370845,1.370845,1.370835,1.37084,-1.0,-1.0,-1
1.37084,1.370845,1.37083,1.37084,-1.0,-1.0,-1
1.37084,1.37086,1.37084,1.370855,-1.0,-1.0,-1
1.370855,1.37086,1.370835,1.37084,-1.0,-1.0,-1
1.37084,1.37086,1.37084,1.370855,-1.0,-1.0,-1
1.370855,1.370885,1.37085,1.370885,-1.0,-1.0,-1
1.370885,1.370885,1.37088,1.37088,-1.0,-1.0,-1
1.37088,1.370885,1.370875,1.370875,-1.0,-1.0,-1
1.370875,1.370875,1.370865,1.37087,-1.0,-1.0,-1
1.37087,1.37087,1.37085,1.37085,-1.0,-1.0,-1
1.37085,1.37086,1.37085,1.370855,-1.0,-1.0,-1
1.370855,1.37086,1.37085,1.37085,-1.0,-1.0,-1
1.37085,1.37086,1.37085,1.37086,-1.0,-1.0,-1
1.37086,1.370865,1.37085,1.37085,-1.0,-1.0,-1
1.37085,1.37085,1.37084,1.37084,-1.0,-1.0,-1
1.37084,1.37085,1.37084,1.370845,-1.0,-1.0,-1
1.370845,1.37086,1.370845,1.37086,-1.0,-1.0,-1
1.37086,1.37086,1.370845,1.370845,-1.0,-1.0,-1
1.370845,1.37087,1.370845,1.370865,-1.0,-1.0,-1
1.370865,1.37087,1.37084,1.370845,-1.0,-1.0,-1
1.370845,1.370845,1.37084,1.370845,-1.0,-1.0,-1
1.370845,1.37085,1.370845,1.37085,-1.0,-1.0,-1
1.37085,1.37085,1.37083,1.37084,-1.0,-1.0,-1
1.37084,1.37085,1.37084,1.37085,-1.0,-1.0,-1
1.37085,1.37085,1.3708,1.3708,-1.0,-1.0,-1
1.3708,1.3708,1.37078,1.37079,-1.0,-1.0,-1
1.37079,1.3708,1.37079,1.370795,-1.0,-1.0,-1
1.370795,1.3708,1.37078,1.37079,-1.0,-1.0,-1
1.37079,1.3708,1.37077,1.370775,-1.0,-1.0,-1
1.370775,1.370795,1.370765,1.370785,-1.0,-1.0,-1
1.370785,1.370805,1.370785,1.370795,-1.0,-1.0,-1
1.370795,1.3708,1.370795,1.370795,-1.0,-1.0,-1
1.370795,1.3708,1.370795,1.370795,-1.0,-1.0,-1
1.370795,1.3708,1.370795,1.370795,-1.0,-1.0,-1
1.370795,1.3708,1.370795,1.370795,-1.0,-1.0,-1
1.370795,1.370805,1.370795,1.3708,-1.0,-1.0,-1
1.3708,1.370815,1.3708,1.37081,-1.0,-1.0,-1
1.37081,1.37081,1.3708,1.3708,-1.0,-1.0,-1
1.3708,1.3708,1.370775,1.370785,-1.0,-1.0,-1
1.370785,1.3708,1.370785,1.370795,-1.0,-1.0,-1
1.370795,1.3708,1.370795,1.370795,-1.0,-1.0,-1
1.370795,1.37081,1.370795,1.37081,-1.0,-1.0,-1
1.37081,1.37081,1.370805,1.37081,-1.0,-1.0,-1
1.37081,1.37081,1.370785,1.370785,-1.0,-1.0,-1
1.370785,1.370795,1.370785,1.37079,-1.0,-1.0,-1
1.37079,1.3708,1.370785,1.37079,-1.0,-1.0,-1
1.37079,1.370795,1.37079,1.37079,-1.0,-1.0,-1
1.37079,1.370795,1.370785,1.37079,-1.0,-1.0,-1
1.37079,1.370795,1.370785,1.37079,-1.0,-1.0,-1
1.37079,1.370795,1.370785,1.370785,-1.0,-1.0,-1
1.370785,1.370795,1.37078,1.370785,-1.0,-1.0,-1
1.370785,1.370785,1.370765,1.370775,-1.0,-1.0,-1
1.370775,1.3708,1.370775,1.370795,-1.0,-1.0,-1
1.370795,1.3708,1.37078,1.370785,-1.0,-1.0,-1
1.370785,1.370785,1.370765,1.370775,-1.0,-1.0,-1
1.370775,1.37078,1.370765,1.37078,-1.0,-1.0,-1
1.37078,1.37078,1.370765,1.370775,-1.0,-1.0,-1
1.370775,1.370785,1.370765,1.37078,-1.0,-1.0,-1
1.37078,1.370785,1.370775,1.370785,-1.0,-1.0,-1
1.370785,1.370785,1.370775,1.37078,-1.0,-1.0,-1
1.37078,1.370785,1.370775,1.37078,-1.0,-1.0,-1
1.37078,1.37078,1.370775,1.370775,-1.0,-1.0,-1
1.370775,1.37078,1.37077,1.37077,-1.0,-1.0,-1
1.37077,1.370775,1.370755,1.37076,-1.0,-1.0,-1
1.37076,1.370765,1.37073,1.370735,-1.0,-1.0,-1
1.370735,1.370765,1.37073,1.370765,-1.0,-1.0,-1
1.370765,1.370765,1.370755,1.370755,-1.0,-1.0,-1
1.370755,1.370755,1.37072,1.37072,-1.0,-1.0,-1
1.37072,1.37072,1.37071,1.37072,-1.0,-1.0,-1
1.37072,1.37072,1.370705,1.370705,-1.0,-1.0,-1
1.370705,1.370705,1.370705,1.370705,-1.0,-1.0,-1
1.370705,1.37071,1.370705,1.37071,-1.0,-1.0,-1
1.37071,1.37071,1.37071,1.37071,-1.0,-1.0,-1
1.37071,1.37071,1.370685,1.37069,-1.0,-1.0,-1
1.37069,1.370705,1.370685,1.3707,-1.0,-1.0,-1
1.3707,1.37071,1.370685,1.3707,-1.0,-1.0,-1
1.3707,1.370705,1.370695,1.370705,-1.0,-1.0,-1
1.370705,1.370705,1.370705,1.370705,-1.0,-1.0,-1
1.370705,1.37071,1.3707,1.37071,-1.0,-1.0,-1
1.37071,1.37072,1.37071,1.37071,-1.0,-1.0,-1
1.37071,1.370725,1.37071,1.370725,-1.0,-1.0,-1
1.370725,1.37074,1.37072,1.370725,-1.0,-1.0,-1
1.370725,1.370725,1.37071,1.37071,-1.0,-1.0,-1
1.37071,1.37071,1.37071,1.37071,-1.0,-1.0,-1
1.37071,1.37071,1.37071,1.37071,-1.0,-1.0,-1
1.37071,1.37071,1.37071,1.37071,-1.0,-1.0,-1
1.37071,1.37071,1.37071,1.37071,-1.0,-1.0,-1
1.37071,1.37071,1.370705,1.37071,-1.0,-1.0,-1
1.37071,1.370775,1.37071,1.370775,-1.0,-1.0,-1
1.370775,1.370775,1.37074,1.37074,-1.0,-1.0,-1
1.37074,1.37075,1.370725,1.370745,-1.0,-1.0,-1
1.370745,1.37075,1.37074,1.37074,-1.0,-1.0,-1
1.37074,1.37076,1.37074,1.370745,-1.0,-1.0,-1
1.370745,1.370755,1.370745,1.37075,-1.0,-1.0,-1
1.37075,1.37075,1.37075,1.37075,-1.0,-1.0,-1
1.37075,1.37075,1.370725,1.37074,-1.0,-1.0,-1
1.37074,1.37074,1.37074,1.37074,-1.0,-1.0,-1
1.37074,1.37074,1.37074,1.37074,-1.0,-1.0,-1
1.37074,1.37075,1.37074,1.37074,-1.0,-1.0,-1
1.37074,1.370745,1.37073,1.370745,-1.0,-1.0,-1
1.370745,1.370745,1.37071,1.37074,-1.0,-1.0,-1
1.37074,1.37075,1.37074,1.370745,-1.0,-1.0,-1
1.370745,1.37075,1.370745,1.37075,-1.0,-1.0,-1
1.37075,1.37075,1.37075,1.37075,-1.0,-1.0,-1
1.37075,1.37075,1.37075,1.37075,-1.0,-1.0,-1
1.37075,1.37075,1.370745,1.370745,-1.0,-1.0,-1
1.370745,1.37076,1.370745,1.37075,-1.0,-1.0,-1
1.37075,1.37075,1.370745,1.37075,-1.0,-1.0,-1
1.37075,1.37075,1.37075,1.37075,-1.0,-1.0,-1
1.37075,1.370765,1.370745,1.370755,-1.0,-1.0,-1
1.370755,1.370765,1.370755,1.370755,-1.0,-1.0,-1
1.370755,1.370765,1.370745,1.37075,-1.0,-1.0,-1
1.37075,1.370755,1.370745,1.370745,-1.0,-1.0,-1
1.370745,1.370745,1.37071,1.37071,-1.0,-1.0,-1
1.37071,1.370725,1.37071,1.370725,-1.0,-1.0,-1
1.370725,1.370765,1.37072,1.37076,-1.0,-1.0,-1
1.37076,1.370765,1.370725,1.37074,-1.0,-1.0,-1
1.37074,1.37075,1.37074,1.37075,-1.0,-1.0,-1
1.37075,1.370755,1.370745,1.37075,-1.0,-1.0,-1
1.37075,1.370755,1.37075,1.370755,-1.0,-1.0,-1
1.370755,1.370765,1.370755,1.370755,-1.0,-1.0,-1
1.370755,1.370765,1.370755,1.370755,-1.0,-1.0,-1
1.370755,1.370755,1.370755,1.370755,-1.0,-1.0,-1
1.370755,1.370765,1.370755,1.37076,-1.0,-1.0,-1
1.37076,1.370765,1.370755,1.370765,-1.0,-1.0,-1
1.370765,1.370765,1.370755,1.37076,-1.0,-1.0,-1
1.37076,1.370765,1.37075,1.370755,-1.0,-1.0,-1
1.370755,1.370765,1.37075,1.37075,-1.0,-1.0,-1
1.37075,1.370765,1.37075,1.37076,-1.0,-1.0,-1
1.37076,1.370765,1.37076,1.37076,-1.0,-1.0,-1
1.37076,1.370765,1.370755,1.370755,-1.0,-1.0,-1
1.370755,1.370755,1.37075,1.370755,-1.0,-1.0,-1
1.370755,1.370755,1.370745,1.37075,-1.0,-1.0,-1
1.37075,1.370755,1.37075,1.370755,-1.0,-1.0,-1
1.370755,1.370765,1.37075,1.37076,-1.0,-1.0,-1
1.37076,1.370765,1.370755,1.370755,-1.0,-1.0,-1
1.370755,1.370755,1.37075,1.37075,-1.0,-1.0,-1
1.37075,1.370765,1.37075,1.370755,-1.0,-1.0,-1
1.370755,1.370755,1.370745,1.370755,-1.0,-1.0,-1
1.370755,1.370755,1.370755,1.370755,-1.0,-1.0,-1
1.370755,1.370755,1.37075,1.37075,-1.0,-1.0,-1
1.37075,1.370765,1.37075,1.370755,-1.0,-1.0,-1
1.370755,1.370755,1.37075,1.37075,-1.0,-1.0,-1
1.37075,1.370755,1.37075,1.37075,-1.0,-1.0,-1
1.37075,1.37075,1.370745,1.370745,-1.0,-1.0,-1
1.370745,1.37075,1.370725,1.37073,-1.0,-1.0,-1
1.37073,1.37073,1.37072,1.370725,-1.0,-1.0,-1
1.370725,1.37073,1.370705,1.370705,-1.0,-1.0,-1
1.370705,1.370715,1.370705,1.370705,-1.0,-1.0,-1
1.370705,1.370705,1.37068,1.370695,-1.0,-1.0,-1
1.370695,1.3707,1.370695,1.3707,-1.0,-1.0,-1
1.3707,1.370705,1.3707,1.370705,-1.0,-1.0,-1
1.370705,1.370705,1.370705,1.370705,-1.0,-1.0,-1
1.370705,1.370705,1.3707,1.370705,-1.0,-1.0,-1
1.370705,1.37072,1.370705,1.37072,-1.0,-1.0,-1
1.37072,1.37072,1.37072,1.37072,-1.0,-1.0,-1
1.37072,1.37072,1.37072,1.37072,-1.0,-1.0,-1
1.37072,1.370755,1.37072,1.370755,-1.0,-1.0,-1
1.370755,1.370755,1.370755,1.370755,-1.0,-1.0,-1
1.370755,1.370755,1.370755,1.370755,-1.0,-1.0,-1
1.370755,1.370755,1.370745,1.370755,-1.0,-1.0,-1
1.370755,1.370765,1.37075,1.370755,-1.0,-1.0,-1
1.370755,1.370765,1.370755,1.37076,-1.0,-1.0,-1
1.37076,1.37077,1.37076,1.37077,-1.0,-1.0,-1
1.37077,1.37078,1.370765,1.370775,-1.0,-1.0,-1
1.370775,1.370775,1.370765,1.37077,-1.0,-1.0,-1
1.37077,1.370775,1.370765,1.370765,-1.0,-1.0,-1
1.370765,1.370775,1.370765,1.370775,-1.0,-1.0,-1
1.370775,1.370775,1.370765,1.370765,-1.0,-1.0,-1
1.370765,1.370765,1.37075,1.37075,-1.0,-1.0,-1
1.37075,1.370755,1.37075,1.370755,-1.0,-1.0,-1
1.370755,1.370765,1.370755,1.370755,-1.0,-1.0,-1
1.370755,1.370755,1.370745,1.37075,-1.0,-1.0,-1
1.37075,1.370755,1.37074,1.370745,-1.0,-1.0,-1
1.370745,1.37075,1.370745,1.37075,-1.0,-1.0,-1
1.37075,1.370755,1.370745,1.370755,-1.0,-1.0,-1
1.370755,1.370765,1.37074,1.370755,-1.0,-1.0,-1
1.370755,1.370765,1.370755,1.370765,-1.0,-1.0,-1
1.370765,1.37077,1.370765,1.37077,-1.0,-1.0,-1
1.37077,1.37078,1.370765,1.37078,-1.0,-1.0,-1
1.37078,1.370785,1.37078,1.370785,-1.0,-1.0,-1
1.370785,1.370785,1.370785,1.370785,-1.0,-1.0,-1
1.370785,1.370785,1.37078,1.370785,-1.0,-1.0,-1
1.370785,1.3708,1.370785,1.37079,-1.0,-1.0,-1
1.37079,1.3708,1.370785,1.370785,-1.0,-1.0,-1
1.370785,1.370785,1.370785,1.370785,-1.0,-1.0,-1
1.370785,1.3708,1.37078,1.370795,-1.0,-1.0,-1
1.370795,1.3708,1.370795,1.370795,-1.0,-1.0,-1
1.370795,1.3708,1.370795,1.370795,-1.0,-1.0,-1
1.370795,1.3708,1.370795,1.370795,-1.0,-1.0,-1
1.370795,1.3708,1.370795,1.370795,-1.0,-1.0,-1
1.370795,1.3708,1.370795,1.370795,-1.0,-1.0,-1
1.370795,1.3708,1.370795,1.370795,-1.0,-1.0,-1
1.370795,1.3708,1.370795,1.370795,-1.0,-1.0,-1
1.370795,1.3708,1.370795,1.370795,-1.0,-1.0,-1
1.370795,1.3708,1.370795,1.370795,-1.0,-1.0,-1
1.370795,1.3708,1.370795,1.370795,-1.0,-1.0,-1
1.370795,1.3708,1.370795,1.370795,-1.0,-1.0,-1
1.370795,1.3708,1.370765,1.370775,-1.0,-1.0,-1
1.370775,1.370785,1.370775,1.370785,-1.0,-1.0,-1
1.370785,1.3708,1.370785,1.37079,-1.0,-1.0,-1
1.37079,1.370795,1.370785,1.370785,-1.0,-1.0,-1
1.370785,1.370785,1.370785,1.370785,-1.0,-1.0,-1
1.370785,1.370795,1.370785,1.37079,-1.0,-1.0,-1
1.37079,1.370795,1.37079,1.37079,-1.0,-1.0,-1
1.37079,1.3708,1.37079,1.370795,-1.0,-1.0,-1
1.370795,1.3708,1.370795,1.370795,-1.0,-1.0,-1
1.370795,1.3708,1.37079,1.370795,-1.0,-1.0,-1
1.370795,1.3708,1.37079,1.370795,-1.0,-1.0,-1
1.370795,1.37082,1.370795,1.37081,-1.0,-1.0,-1
1.37081,1.37081,1.370785,1.370785,-1.0,-1.0,-1
1.370785,1.370785,1.37076,1.37076,-1.0,-1.0,-1
1.37076,1.370765,1.37076,1.37076,-1.0,-1.0,-1
1.37076,1.370765,1.37074,1.370745,-1.0,-1.0,-1
1.370745,1.370745,1.370745,1.370745,-1.0,-1.0,-1
1.370745,1.370775,1.370745,1.370775,-1.0,-1.0,-1
1.370775,1.37079,1.370775,1.370785,-1.0,-1.0,-1
1.370785,1.37079,1.37076,1.37077,-1.0,-1.0,-1
1.37077,1.37078,1.37077,1.37077,-1.0,-1.0,-1
1.37077,1.37079,1.37077,1.370785,-1.0,-1.0,-1
1.370785,1.37079,1.370745,1.370745,-1.0,-1.0,-1
1.370745,1.37075,1.370745,1.370745,-1.0,-1.0,-1
1.370745,1.370755,1.37074,1.370755,-1.0,-1.0,-1
1.370755,1.370755,1.370745,1.370755,-1.0,-1.0,-1
1.370755,1.370755,1.370745,1.370745,-1.0,-1.0,-1
1.370745,1.370745,1.370725,1.370735,-1.0,-1.0,-1
1.370735,1.370735,1.37072,1.370735,-1.0,-1.0,-1
1.370735,1.370745,1.370725,1.370735,-1.0,-1.0,-1
1.370735,1.370735,1.370725,1.370735,-1.0,-1.0,-1
1.370735,1.370735,1.37072,1.37073,-1.0,-1.0,-1
1.37073,1.370735,1.37072,1.370725,-1.0,-1.0,-1
1.370725,1.370725,1.370705,1.370705,-1.0,-1.0,-1
1.370705,1.370715,1.370695,1.370715,-1.0,-1.0,-1
1.370715,1.370715,1.370705,1.370705,-1.0,-1.0,-1
1.370705,1.370715,1.370705,1.370715,-1.0,-1.0,-1
1.370715,1.37072,1.37071,1.370715,-1.0,-1.0,-1
1.370715,1.370715,1.370705,1.370705,-1.0,-1.0,-1
1.370705,1.370735,1.3707,1.370735,-1.0,-1.0,-1
1.370735,1.37074,1.37073,1.370735,-1.0,-1.0,-1
1.370735,1.37074,1.37073,1.370735,-1.0,-1.0,-1
1.370735,1.370735,1.37073,1.370735,-1.0,-1.0,-1
1.370735,1.370735,1.37073,1.370735,-1.0,-1.0,-1
1.370735,1.37074,1.370725,1.37073,-1.0,-1.0,-1
1.37073,1.37074,1.370705,1.370705,-1.0,-1.0,-1
1.370705,1.370705,1.370705,1.370705,-1.0,-1.0,-1
1.370705,1.37073,1.370705,1.37073,-1.0,-1.0,-1
1.37073,1.37073,1.370725,1.37073,-1.0,-1.0,-1
1.37073,1.370735,1.37072,1.370725,-1.0,-1.0,-1
1.370725,1.37074,1.37072,1.370735,-1.0,-1.0,-1
1.370735,1.37074,1.37073,1.37074,-1.0,-1.0,-1
1.37074,1.37078,1.370725,1.37078,-1.0,-1.0,-1
1.37078,1.370785,1.37078,1.370785,-1.0,-1.0,-1
1.370785,1.370785,1.37078,1.37078,-1.0,-1.0,-1
1.37078,1.370785,1.37078,1.370785,-1.0,-1.0,-1
1.370785,1.37081,1.370785,1.37081,-1.0,-1.0,-1
1.37081,1.37081,1.370805,1.37081,-1.0,-1.0,-1
1.37081,1.37081,1.3708,1.3708,-1.0,-1.0,-1
1.3708,1.3708,1.3708,1.3708,-1.0,-1.0,-1
1.3708,1.370815,1.3708,1.37081,-1.0,-1.0,-1
1.37081,1.370815,1.370805,1.37081,-1.0,-1.0,-1
1.37081,1.37081,1.370805,1.37081,-1.0,-1.0,-1
1.37081,1.37081,1.370805,1.37081,-1.0,-1.0,-1
1.37081,1.37085,1.370805,1.370815,-1.0,-1.0,-1
1.370815,1.370815,1.370815,1.370815,-1.0,-1.0,-1
1.370815,1.370815,1.3708,1.37081,-1.0,-1.0,-1
1.37081,1.37081,1.370785,1.37079,-1.0,-1.0,-1
1.37079,1.3708,1.37079,1.370795,-1.0,-1.0,-1
1.370795,1.3708,1.370775,1.370775,-1.0,-1.0,-1
1.370775,1.370785,1.370765,1.370785,-1.0,-1.0,-1
1.370785,1.370795,1.370775,1.37079,-1.0,-1.0,-1
1.37079,1.3708,1.370785,1.370785,-1.0,-1.0,-1
1.370785,1.3708,1.370785,1.370785,-1.0,-1.0,-1
1.370785,1.370785,1.370775,1.370775,-1.0,-1.0,-1
1.370775,1.37078,1.370775,1.37078,-1.0,-1.0,-1
1.37078,1.37078,1.37077,1.370775,-1.0,-1.0,-1
1.370775,1.370775,1.370775,1.370775,-1.0,-1.0,-1
1.370775,1.37078,1.370775,1.370775,-1.0,-1.0,-1
1.370775,1.370785,1.370775,1.37078,-1.0,-1.0,-1
1.37078,1.370795,1.37078,1.370785,-1.0,-1.0,-1
1.370785,1.3708,1.370785,1.370795,-1.0,-1.0,-1
1.370795,1.37081,1.370795,1.3708,-1.0,-1.0,-1
1.3708,1.37081,1.3708,1.3708,-1.0,-1.0,-1
1.3708,1.3708,1.370785,1.37079,-1.0,-1.0,-1
1.37079,1.3708,1.37079,1.370795,-1.0,-1.0,-1
1.370795,1.37081,1.370795,1.37081,-1.0,-1.0,-1
1.37081,1.37081,1.370795,1.370795,-1.0,-1.0,-1
1.370795,1.37081,1.370795,1.370795,-1.0,-1.0,-1
1.370795,1.370815,1.370795,1.37081,-1.0,-1.0,-1
1.37081,1.37081,1.370775,1.37078,-1.0,-1.0,-1
1.37078,1.3708,1.37078,1.37079,-1.0,-1.0,-1
1.37079,1.3708,1.37079,1.370795,-1.0,-1.0,-1
1.370795,1.3708,1.370765,1.370765,-1.0,-1.0,-1
1.370765,1.370775,1.370765,1.37077,-1.0,-1.0,-1
1.37077,1.370785,1.37075,1.370785,-1.0,-1.0,-1
1.370785,1.370785,1.370765,1.37077,-1.0,-1.0,-1
1.37077,1.37079,1.370765,1.370785,-1.0,-1.0,-1
1.370785,1.3708,1.37078,1.370795,-1.0,-1.0,-1
1.370795,1.37081,1.370795,1.370795,-1.0,-1.0,-1
1.370795,1.3708,1.37079,1.37079,-1.0,-1.0,-1
1.37079,1.37079,1.370775,1.37078,-1.0,-1.0,-1
1.37078,1.37078,1.370775,1.370775,-1.0,-1.0,-1
1.370775,1.370775,1.370765,1.370765,-1.0,-1.0,-1
1.370765,1.370765,1.370755,1.370755,-1.0,-1.0,-1
1.370755,1.370765,1.370755,1.370765,-1.0,-1.0,-1
1.370765,1.37077,1.37076,1.37077,-1.0,-1.0,-1
1.37077,1.37077,1.370765,1.37077,-1.0,-1.0,-1
1.37077,1.370775,1.370765,1.370775,-1.0,-1.0,-1
1.370775,1.370775,1.370765,1.370775,-1.0,-1.0,-1
1.370775,1.370775,1.370775,1.370775,-1.0,-1.0,-1
1.370775,1.370785,1.37076,1.370775,-1.0,-1.0,-1
1.370775,1.370785,1.370775,1.37078,-1.0,-1.0,-1
1.37078,1.37078,1.370775,1.370775,-1.0,-1.0,-1
1.370775,1.370775,1.370775,1.370775,-1.0,-1.0,-1
1.370775,1.370775,1.37077,1.370775,-1.0,-1.0,-1
1.370775,1.37078,1.370765,1.370765,-1.0,-1.0,-1
1.370765,1.370765,1.37076,1.37076,-1.0,-1.0,-1
1.37076,1.370765,1.370755,1.370755,-1.0,-1.0,-1
1.370755,1.37078,1.370755,1.370775,-1.0,-1.0,-1
1.370775,1.370775,1.370765,1.370765,-1.0,-1.0,-1
1.370765,1.370765,1.370765,1.370765,-1.0,-1.0,-1
1.370765,1.370765,1.37076,1.37076,-1.0,-1.0,-1
1.37076,1.370765,1.37076,1.37076,-1.0,-1.0,-1
1.37076,1.370765,1.370755,1.37076,-1.0,-1.0,-1
1.37076,1.370765,1.37076,1.37076,-1.0,-1.0,-1
1.37076,1.370765,1.37076,1.37076,-1.0,-1.0,-1
1.37076,1.370765,1.37076,1.37076,-1.0,-1.0,-1
1.37076,1.370765,1.37076,1.37076,-1.0,-1.0,-1
1.37076,1.370765,1.370755,1.37076,-1.0,-1.0,-1
1.37076,1.37077,1.37076,1.370765,-1.0,-1.0,-1
1.370765,1.370765,1.370765,1.370765,-1.0,-1.0,-1
1.370765,1.370765,1.37076,1.37076,-1.0,-1.0,-1
1.37076,1.370765,1.370725,1.370745,-1.0,-1.0,-1
1.370745,1.37077,1.370745,1.370765,-1.0,-1.0,-1
1.370765,1.370775,1.370765,1.370765,-1.0,-1.0,-1
1.370765,1.370775,1.370765,1.370775,-1.0,-1.0,-1
1.370775,1.37078,1.370765,1.37077,-1.0,-1.0,-1
1.37077,1.370775,1.370765,1.37077,-1.0,-1.0,-1
1.37077,1.37078,1.370765,1.37078,-1.0,-1.0,-1
1.37078,1.37078,1.37078,1.37078,-1.0,-1.0,-1
1.37078,1.37078,1.370775,1.370775,-1.0,-1.0,-1
1.370775,1.370775,1.37076,1.37077,-1.0,-1.0,-1
1.37077,1.37077,1.370765,1.37077,-1.0,-1.0,-1
1.37077,1.370775,1.370765,1.370775,-1.0,-1.0,-1
1.370775,1.370775,1.37076,1.370765,-1.0,-1.0,-1
1.370765,1.370765,1.37072,1.370735,-1.0,-1.0,-1
1.370735,1.370735,1.37072,1.370725,-1.0,-1.0,-1
1.370725,1.37073,1.37072,1.370725,-1.0,-1.0,-1
1.370725,1.370725,1.37071,1.37072,-1.0,-1.0,-1
1.37072,1.370725,1.37072,1.370725,-1.0,-1.0,-1
1.370725,1.370725,1.37072,1.37072,-1.0,-1.0,-1
1.37072,1.37072,1.37072,1.37072,-1.0,-1.0,-1
1.37072,1.37072,1.37072,1.37072,-1.0,-1.0,-1
1.37072,1.37072,1.370705,1.37072,-1.0,-1.0,-1
1.37072,1.370725,1.37072,1.370725,-1.0,-1.0,-1
1.370725,1.37074,1.37072,1.370735,-1.0,-1.0,-1
1.370735,1.370735,1.37072,1.37072,-1.0,-1.0,-1
1.37072,1.37072,1.37072,1.37072,-1.0,-1.0,-1
1.37072,1.37075,1.37072,1.37073,-1.0,-1.0,-1
1.37073,1.370735,1.370725,1.37073,-1.0,-1.0,-1
1.37073,1.370735,1.37072,1.370735,-1.0,-1.0,-1
1.370735,1.370745,1.37073,1.37074,-1.0,-1.0,-1
1.37074,1.37074,1.37072,1.370725,-1.0,-1.0,-1
1.370725,1.370725,1.37072,1.370725,-1.0,-1.0,-1
1.370725,1.370725,1.37072,1.370725,-1.0,-1.0,-1
1.370725,1.37074,1.37072,1.37074,-1.0,-1.0,-1
1.37074,1.37074,1.37073,1.37074,-1.0,-1.0,-1
1.37074,1.37074,1.37073,1.370735,-1.0,-1.0,-1
1.370735,1.37074,1.37072,1.370725,-1.0,-1.0,-1
1.370725,1.370725,1.37072,1.37072,-1.0,-1.0,-1
1.37072,1.370725,1.37071,1.370725,-1.0,-1.0,-1
1.370725,1.370725,1.37068,1.37068,-1.0,-1.0,-1
1.37068,1.37069,1.37068,1.370685,-1.0,-1.0,-1
1.370685,1.37069,1.370675,1.370675,-1.0,-1.0,-1
1.370675,1.370675,1.370675,1.370675,-1.0,-1.0,-1
1.370675,1.37069,1.370675,1.370685,-1.0,-1.0,-1
1.370685,1.37069,1.37068,1.37068,-1.0,-1.0,-1
1.37068,1.37068,1.370665,1.370665,-1.0,-1.0,-1
1.370665,1.370675,1.370665,1.370675,-1.0,-1.0,-1
1.370675,1.370675,1.370675,1.370675,-1.0,-1.0,-1
1.370675,1.370675,1.370665,1.370665,-1.0,-1.0,-1
1.370665,1.370675,1.370665,1.370675,-1.0,-1.0,-1
1.370675,1.370675,1.370665,1.370665,-1.0,-1.0,-1
1.370665,1.37067,1.370665,1.370665,-1.0,-1.0,-1
1.370665,1.37067,1.370665,1.370665,-1.0,-1.0,-1
1.370665,1.37067,1.37065,1.37065,-1.0,-1.0,-1
1.37065,1.37065,1.37063,1.37064,-1.0,-1.0,-1
1.37064,1.370645,1.37063,1.370635,-1.0,-1.0,-1
1.370635,1.370635,1.370625,1.370635,-1.0,-1.0,-1
1.370635,1.370645,1.37063,1.370645,-1.0,-1.0,-1
1.370645,1.370655,1.37064,1.370655,-1.0,-1.0,-1
1.370655,1.370655,1.370655,1.370655,-1.0,-1.0,-1
1.370655,1.370655,1.370655,1.370655,-1.0,-1.0,-1
1.370655,1.370655,1.37065,1.370655,-1.0,-1.0,-1
1.370655,1.370655,1.370655,1.370655,-1.0,-1.0,-1
1.370655,1.37068,1.370655,1.37068,-1.0,-1.0,-1
1.37068,1.37068,1.37068,1.37068,-1.0,-1.0,-1
1.37068,1.37068,1.37068,1.37068,-1.0,-1.0,-1
1.37068,1.37068,1.37068,1.37068,-1.0,-1.0,-1
1.37068,1.37068,1.370675,1.37068,-1.0,-1.0,-1
1.37068,1.37068,1.37068,1.37068,-1.0,-1.0,-1
1.37068,1.37068,1.37068,1.37068,-1.0,-1.0,-1
1.37068,1.37069,1.37068,1.37068,-1.0,-1.0,-1
1.37068,1.37068,1.37068,1.37068,-1.0,-1.0,-1
1.37068,1.370695,1.37068,1.37068,-1.0,-1.0,-1
1.37068,1.37068,1.370675,1.370675,-1.0,-1.0,-1
1.370675,1.370705,1.370665,1.370705,-1.0,-1.0,-1
1.370705,1.370705,1.3707,1.3707,-1.0,-1.0,-1
1.3707,1.370705,1.370695,1.3707,-1.0,-1.0,-1
1.3707,1.370705,1.370685,1.37069,-1.0,-1.0,-1
1.37069,1.37072,1.370685,1.37072,-1.0,-1.0,-1
1.37072,1.37072,1.370695,1.370705,-1.0,-1.0,-1
1.370705,1.370705,1.370695,1.370695,-1.0,-1.0,-1
1.370695,1.37072,1.370695,1.3707,-1.0,-1.0,-1
1.3707,1.3707,1.370695,1.370695,-1.0,-1.0,-1
1.370695,1.370705,1.370695,1.370695,-1.0,-1.0,-1
1.370695,1.370695,1.370695,1.370695,-1.0,-1.0,-1
1.370695,1.370695,1.370695,1.370695,-1.0,-1.0,-1
1.370695,1.370695,1.370695,1.370695,-1.0,-1.0,-1
1.370695,1.370705,1.370695,1.370705,-1.0,-1.0,-1
1.370705,1.370705,1.370695,1.370705,-1.0,-1.0,-1
1.370705,1.370705,1.3707,1.370705,-1.0,-1.0,-1
1.370705,1.37072,1.370705,1.37072,-1.0,-1.0,-1
1.37072,1.37072,1.370705,1.370705,-1.0,-1.0,-1
1.370705,1.370715,1.370695,1.370695,-1.0,-1.0,-1
1.370695,1.370695,1.370695,1.370695,-1.0,-1.0,-1
1.370695,1.370695,1.370685,1.37069,-1.0,-1.0,-1
1.37069,1.37069,1.37068,1.37068,-1.0,-1.0,-1
1.37068,1.37068,1.370675,1.370675,-1.0,-1.0,-1
1.370675,1.37068,1.370675,1.37068,-1.0,-1.0,-1
1.37068,1.37068,1.37067,1.37067,-1.0,-1.0,-1
1.37067,1.370675,1.37067,1.370675,-1.0,-1.0,-1
1.370675,1.37068,1.370675,1.37068,-1.0,-1.0,-1
1.37068,1.37068,1.370675,1.370675,-1.0,-1.0,-1
1.370675,1.370675,1.37066,1.37066,-1.0,-1.0,-1
1.37066,1.37067,1.37066,1.370665,-1.0,-1.0,-1
1.370665,1.37067,1.370665,1.370665,-1.0,-1.0,-1
1.370665,1.37069,1.370665,1.37069,-1.0,-1.0,-1
1.37069,1.370695,1.37068,1.370695,-1.0,-1.0,-1
1.370695,1.370715,1.37068,1.370705,-1.0,-1.0,-1
1.370705,1.370705,1.370695,1.370695,-1.0,-1.0,-1
1.370695,1.370725,1.370695,1.37072,-1.0,-1.0,-1
1.37072,1.370755,1.3707,1.370755,-1.0,-1.0,-1
1.370755,1.370755,1.37075,1.37075,-1.0,-1.0,-1
1.37075,1.370755,1.370745,1.370755,-1.0,-1.0,-1
1.370755,1.370765,1.37075,1.370755,-1.0,-1.0,-1
1.370755,1.370765,1.37075,1.37075,-1.0,-1.0,-1
1.37075,1.370755,1.37073,1.37074,-1.0,-1.0,-1
1.37074,1.37074,1.370725,1.370735,-1.0,-1.0,-1
1.370735,1.37074,1.370725,1.37074,-1.0,-1.0,-1
1.37074,1.37074,1.37072,1.370735,-1.0,-1.0,-1
1.370735,1.370735,1.370725,1.37073,-1.0,-1.0,-1
1.37073,1.370735,1.37072,1.370735,-1.0,-1.0,-1
1.370735,1.370735,1.37072,1.37073,-1.0,-1.0,-1
1.37073,1.37073,1.37072,1.37073,-1.0,-1.0,-1
1.37073,1.370735,1.370725,1.37073,-1.0,-1.0,-1
1.37073,1.370735,1.370725,1.37073,-1.0,-1.0,-1
1.37073,1.37073,1.370725,1.37073,-1.0,-1.0,-1
1.37073,1.370745,1.370725,1.370745,-1.0,-1.0,-1
1.370745,1.37075,1.370745,1.37075,-1.0,-1.0,-1
1.37075,1.37075,1.37074,1.37074,-1.0,-1.0,-1
1.37074,1.370755,1.37074,1.37075,-1.0,-1.0,-1
1.37075,1.370785,1.370745,1.370785,-1.0,-1.0,-1
1.370785,1.3708,1.370785,1.370795,-1.0,-1.0,-1
1.370795,1.3708,1.370775,1.37078,-1.0,-1.0,-1
1.37078,1.370785,1.370765,1.370775,-1.0,-1.0,-1
1.370775,1.370785,1.370775,1.370785,-1.0,-1.0,-1
1.370785,1.370795,1.370775,1.37079,-1.0,-1.0,-1
1.37079,1.370795,1.370765,1.370775,-1.0,-1.0,-1
1.370775,1.370775,1.370755,1.37076,-1.0,-1.0,-1
1.37076,1.370765,1.370755,1.370755,-1.0,-1.0,-1
1.370755,1.37076,1.370745,1.370745,-1.0,-1.0,-1
1.370745,1.37076,1.37074,1.370755,-1.0,-1.0,-1
1.370755,1.370765,1.37074,1.370755,-1.0,-1.0,-1
1.370755,1.37076,1.37074,1.37074,-1.0,-1.0,-1
1.37074,1.370745,1.37074,1.370745,-1.0,-1.0,-1
1.370745,1.37075,1.370745,1.37075,-1.0,-1.0,-1
1.37075,1.37075,1.37075,1.37075,-1.0,-1.0,-1
1.37075,1.370755,1.37075,1.37075,-1.0,-1.0,-1
1.37075,1.370755,1.37075,1.370755,-1.0,-1.0,-1
1.370755,1.37076,1.37075,1.37075,-1.0,-1.0,-1
1.37075,1.37075,1.370745,1.370745,-1.0,-1.0,-1
1.370745,1.370745,1.37074,1.37074,-1.0,-1.0,-1
1.37074,1.370745,1.370725,1.37073,-1.0,-1.0,-1
1.37073,1.37075,1.370725,1.370745,-1.0,-1.0,-1
1.370745,1.37075,1.37073,1.37075,-1.0,-1.0,-1
1.37075,1.37075,1.370745,1.370745,-1.0,-1.0,-1
1.370745,1.370765,1.370745,1.370755,-1.0,-1.0,-1
1.370755,1.370755,1.37075,1.370755,-1.0,-1.0,-1
1.370755,1.370765,1.37075,1.37076,-1.0,-1.0,-1
1.37076,1.370765,1.370745,1.370745,-1.0,-1.0,-1
1.370745,1.370745,1.37073,1.370745,-1.0,-1.0,-1
1.370745,1.370745,1.37073,1.370745,-1.0,-1.0,-1
1.370745,1.370745,1.37073,1.370745,-1.0,-1.0,-1
1.370745,1.370745,1.37073,1.370745,-1.0,-1.0,-1
1.370745,1.37075,1.370745,1.37075,-1.0,-1.0,-1
1.37075,1.37075,1.370745,1.37075,-1.0,-1.0,-1
1.37075,1.37075,1.37074,1.37075,-1.0,-1.0,-1
1.37075,1.370765,1.37075,1.370765,-1.0,-1.0,-1
1.370765,1.370765,1.370765,1.370765,-1.0,-1.0,-1
1.370765,1.370785,1.370765,1.370785,-1.0,-1.0,-1
1.370785,1.3708,1.370785,1.370795,-1.0,-1.0,-1
1.370795,1.3708,1.37079,1.37079,-1.0,-1.0,-1
1.37079,1.3708,1.370785,1.370795,-1.0,-1.0,-1
1.370795,1.3708,1.370795,1.370795,-1.0,-1.0,-1
1.370795,1.370815,1.37079,1.37081,-1.0,-1.0,-1
1.37081,1.370815,1.370805,1.370815,-1.0,-1.0,-1
1.370815,1.370815,1.3708,1.37081,-1.0,-1.0,-1
1.37081,1.370815,1.370805,1.370815,-1.0,-1.0,-1
1.370815,1.370815,1.370815,1.370815,-1.0,-1.0,-1
1.370815,1.370815,1.370805,1.37081,-1.0,-1.0,-1
1.37081,1.370815,1.370795,1.370815,-1.0,-1.0,-1
1.370815,1.370815,1.370805,1.370815,-1.0,-1.0,-1
1.370815,1.370845,1.370815,1.370835,-1.0,-1.0,-1
1.370835,1.37084,1.370835,1.37084,-1.0,-1.0,-1
1.37084,1.37084,1.37083,1.37084,-1.0,-1.0,-1
1.37084,1.37085,1.370835,1.370845,-1.0,-1.0,-1
1.370845,1.37085,1.370845,1.37085,-1.0,-1.0,-1
1.37085,1.37085,1.370845,1.37085,-1.0,-1.0,-1
1.37085,1.37085,1.370845,1.370845,-1.0,-1.0,-1
1.370845,1.37086,1.370845,1.37086,-1.0,-1.0,-1
1.37086,1.370875,1.370855,1.370875,-1.0,-1.0,-1
1.370875,1.370875,1.370875,1.370875,-1.0,-1.0,-1
1.370875,1.370885,1.37086,1.370865,-1.0,-1.0,-1
1.370865,1.370885,1.37086,1.37088,-1.0,-1.0,-1
1.37088,1.370885,1.370875,1.370885,-1.0,-1.0,-1
1.370885,1.370885,1.370875,1.37088,-1.0,-1.0,-1
1.37088,1.37088,1.370875,1.37088,-1.0,-1.0,-1
1.37088,1.37088,1.370875,1.370875,-1.0,-1.0,-1
1.370875,1.37088,1.370875,1.370875,-1.0,-1.0,-1
1.370875,1.370875,1.37086,1.37087,-1.0,-1.0,-1
1.37087,1.370875,1.370865,1.370875,-1.0,-1.0,-1
1.370875,1.370875,1.370875,1.370875,-1.0,-1.0,-1
1.370875,1.37088,1.370875,1.370875,-1.0,-1.0,-1
1.370875,1.37088,1.370865,1.37087,-1.0,-1.0,-1
1.37087,1.370875,1.370865,1.370875,-1.0,-1.0,-1
1.370875,1.37088,1.370865,1.37087,-1.0,-1.0,-1
1.37087,1.37087,1.370865,1.37087,-1.0,-1.0,-1
1.37087,1.37087,1.37086,1.37087,-1.0,-1.0,-1
1.37087,1.37087,1.37086,1.37087,-1.0,-1.0,-1
1.37087,1.37087,1.370865,1.37087,-1.0,-1.0,-1
1.37087,1.37088,1.37086,1.370875,-1.0,-1.0,-1
1.370875,1.37088,1.37086,1.370865,-1.0,-1.0,-1
1.370865,1.370865,1.370845,1.370845,-1.0,-1.0,-1
1.370845,1.370845,1.370845,1.370845,-1.0,-1.0,-1
1.370845,1.370845,1.37084,1.37084,-1.0,-1.0,-1
1.37084,1.37084,1.370825,1.37083,-1.0,-1.0,-1
1.37083,1.370835,1.37083,1.370835,-1.0,-1.0,-1
1.370835,1.37084,1.370795,1.37081,-1.0,-1.0,-1
1.37081,1.37081,1.370795,1.37081,-1.0,-1.0,-1
1.37081,1.370815,1.370805,1.370815,-1.0,-1.0,-1
1.370815,1.370815,1.370815,1.370815,-1.0,-1.0,-1
1.370815,1.370815,1.3708,1.37081,-1.0,-1.0,-1
1.37081,1.37081,1.370785,1.370785,-1.0,-1.0,-1
1.370785,1.370785,1.370785,1.370785,-1.0,-1.0,-1
1.370785,1.370795,1.370785,1.370785,-1.0,-1.0,-1
1.370785,1.3708,1.370785,1.370795,-1.0,-1.0,-1
1.370795,1.37081,1.37079,1.37081,-1.0,-1.0,-1
1.37081,1.37081,1.370805,1.37081,-1.0,-1.0,-1
1.37081,1.37081,1.370805,1.37081,-1.0,-1.0,-1
1.37081,1.370815,1.370805,1.37081,-1.0,-1.0,-1
1.37081,1.37081,1.370795,1.370795,-1.0,-1.0,-1
1.370795,1.3708,1.370795,1.370795,-1.0,-1.0,-1
1.370795,1.3708,1.370795,1.370795,-1.0,-1.0,-1
1.370795,1.3708,1.370795,1.370795,-1.0,-1.0,-1
1.370795,1.3708,1.370795,1.370795,-1.0,-1.0,-1
1.370795,1.3708,1.370795,1.370795,-1.0,-1.0,-1
1.370795,1.3708,1.370795,1.370795,-1.0,-1.0,-1
1.370795,1.3708,1.370785,1.370785,-1.0,-1.0,-1
1.370785,1.370785,1.370785,1.370785,-1.0,-1.0,-1
1.370785,1.370785,1.370775,1.370785,-1.0,-1.0,-1
1.370785,1.370785,1.370775,1.37078,-1.0,-1.0,-1
1.37078,1.370785,1.370775,1.370785,-1.0,-1.0,-1
1.370785,1.370785,1.370785,1.370785,-1.0,-1.0,-1
1.370785,1.3708,1.370785,1.370795,-1.0,-1.0,-1
1.370795,1.3708,1.370795,1.370795,-1.0,-1.0,-1
1.370795,1.3708,1.370795,1.3708,-1.0,-1.0,-1
1.3708,1.37081,1.370795,1.3708,-1.0,-1.0,-1
1.3708,1.3708,1.370795,1.3708,-1.0,-1.0,-1
1.3708,1.3708,1.3708,1.3708,-1.0,-1.0,-1
1.3708,1.3708,1.370795,1.3708,-1.0,-1.0,-1
1.3708,1.37081,1.3708,1.37081,-1.0,-1.0,-1
1.37081,1.37081,1.370805,1.37081,-1.0,-1.0,-1
1.37081,1.37081,1.370805,1.37081,-1.0,-1.0,-1
1.37081,1.37081,1.370805,1.37081,-1.0,-1.0,-1
1.37081,1.37081,1.370805,1.37081,-1.0,-1.0,-1
1.37081,1.37081,1.370805,1.37081,-1.0,-1.0,-1
1.37081,1.37081,1.370805,1.37081,-1.0,-1.0,-1
1.37081,1.37081,1.370805,1.37081,-1.0,-1.0,-1
1.37081,1.37081,1.3708,1.37081,-1.0,-1.0,-1
1.37081,1.37081,1.370805,1.37081,-1.0,-1.0,-1
1.37081,1.37081,1.370805,1.37081,-1.0,-1.0,-1
1.37081,1.37081,1.370795,1.37081,-1.0,-1.0,-1
1.37081,1.37081,1.370805,1.37081,-1.0,-1.0,-1
1.37081,1.37081,1.37078,1.370785,-1.0,-1.0,-1
1.370785,1.3708,1.370785,1.370795,-1.0,-1.0,-1
1.370795,1.3708,1.37079,1.370795,-1.0,-1.0,-1
1.370795,1.3708,1.370795,1.370795,-1.0,-1.0,-1
1.370795,1.3708,1.370795,1.370795,-1.0,-1.0,-1
1.370795,1.3708,1.370795,1.370795,-1.0,-1.0,-1
1.370795,1.3708,1.370785,1.370785,-1.0,-1.0,-1
1.370785,1.3708,1.370775,1.37078,-1.0,-1.0,-1
1.37078,1.37078,1.370775,1.370775,-1.0,-1.0,-1
1.370775,1.370775,1.370765,1.37077,-1.0,-1.0,-1
1.37077,1.37077,1.370765,1.370765,-1.0,-1.0,-1
1.370765,1.370765,1.37072,1.37072,-1.0,-1.0,-1
1.37072,1.37073,1.37072,1.37073,-1.0,-1.0,-1
1.37073,1.37074,1.370725,1.37074,-1.0,-1.0,-1
1.37074,1.370745,1.37074,1.37074,-1.0,-1.0,-1
1.37074,1.370745,1.37074,1.370745,-1.0,-1.0,-1
1.370745,1.370745,1.37074,1.370745,-1.0,-1.0,-1
1.370745,1.370745,1.370725,1.37073,-1.0,-1.0,-1
1.37073,1.370735,1.37072,1.370725,-1.0,-1.0,-1
1.370725,1.37073,1.37072,1.37073,-1.0,-1.0,-1
1.37073,1.37073,1.37072,1.37073,-1.0,-1.0,-1
1.37073,1.37073,1.37072,1.37073,-1.0,-1.0,-1
1.37073,1.37073,1.37072,1.370725,-1.0,-1.0,-1
1.370725,1.370735,1.37072,1.370725,-1.0,-1.0,-1
1.370725,1.37073,1.37072,1.370725,-1.0,-1.0,-1
1.370725,1.37073,1.37072,1.37073,-1.0,-1.0,-1
1.37073,1.370755,1.370725,1.37075,-1.0,-1.0,-1
1.37075,1.370755,1.37075,1.37075,-1.0,-1.0,-1
1.37075,1.37075,1.37075,1.37075,-1.0,-1.0,-1
1.37075,1.37075,1.37075,1.37075,-1.0,-1.0,-1
1.37075,1.370755,1.37075,1.37075,-1.0,-1.0,-1
1.37075,1.37077,1.37075,1.37075,-1.0,-1.0,-1
1.37075,1.370755,1.37074,1.370745,-1.0,-1.0,-1
1.370745,1.370755,1.370745,1.37075,-1.0,-1.0,-1
1.37075,1.37075,1.37074,1.37074,-1.0,-1.0,-1
1.37074,1.370745,1.37074,1.370745,-1.0,-1.0,-1
1.370745,1.370745,1.370745,1.370745,-1.0,-1.0,-1
1.370745,1.370745,1.37071,1.370725,-1.0,-1.0,-1
1.370725,1.37073,1.37072,1.370725,-1.0,-1.0,-1
1.370725,1.37073,1.37072,1.37073,-1.0,-1.0,-1
1.37073,1.37073,1.37072,1.370725,-1.0,-1.0,-1
1.370725,1.370735,1.37072,1.370735,-1.0,-1.0,-1
1.370735,1.370735,1.37072,1.370725,-1.0,-1.0,-1
1.370725,1.370725,1.37072,1.370725,-1.0,-1.0,-1
1.370725,1.37075,1.37072,1.370745,-1.0,-1.0,-1
1.370745,1.370755,1.37073,1.370745,-1.0,-1.0,-1
1.370745,1.37075,1.370745,1.37075,-1.0,-1.0,-1
1.37075,1.37075,1.370745,1.370745,-1.0,-1.0,-1
1.370745,1.370755,1.370745,1.370755,-1.0,-1.0,-1
1.370755,1.370755,1.370745,1.370745,-1.0,-1.0,-1
1.370745,1.37075,1.370745,1.370745,-1.0,-1.0,-1
1.370745,1.37075,1.370745,1.370745,-1.0,-1.0,-1
1.370745,1.370745,1.370745,1.370745,-1.0,-1.0,-1
1.370745,1.370745,1.37074,1.37074,-1.0,-1.0,-1
1.37074,1.37075,1.37074,1.37075,-1.0,-1.0,-1
1.37075,1.370765,1.37075,1.370765,-1.0,-1.0,-1
1.370765,1.370765,1.370765,1.370765,-1.0,-1.0,-1
1.370765,1.37077,1.370765,1.37077,-1.0,-1.0,-1
1.37077,1.37077,1.370745,1.37075,-1.0,-1.0,-1
1.37075,1.37079,1.37075,1.370785,-1.0,-1.0,-1
1.370785,1.370785,1.370775,1.37078,-1.0,-1.0,-1
1.37078,1.37078,1.37078,1.37078,-1.0,-1.0,-1
1.37078,1.37078,1.37078,1.37078,-1.0,-1.0,-1
1.37078,1.37078,1.37078,1.37078,-1.0,-1.0,-1
1.37078,1.37078,1.370775,1.370775,-1.0,-1.0,-1
1.370775,1.37078,1.370775,1.37078,-1.0,-1.0,-1
1.37078,1.37078,1.37078,1.37078,-1.0,-1.0,-1
1.37078,1.3708,1.37078,1.37079,-1.0,-1.0,-1
1.37079,1.370795,1.370785,1.370785,-1.0,-1.0,-1
1.370785,1.370785,1.370785,1.370785,-1.0,-1.0,-1
1.370785,1.370785,1.370785,1.370785,-1.0,-1.0,-1
1.370785,1.3708,1.370785,1.3708,-1.0,-1.0,-1
1.3708,1.3708,1.37079,1.370795,-1.0,-1.0,-1
1.370795,1.3708,1.370795,1.370795,-1.0,-1.0,-1
1.370795,1.3708,1.370785,1.370785,-1.0,-1.0,-1
1.370785,1.370795,1.370785,1.37079,-1.0,-1.0,-1
1.37079,1.370795,1.370785,1.370785,-1.0,-1.0,-1
1.370785,1.3708,1.370785,1.37079,-1.0,-1.0,-1
1.37079,1.3708,1.37079,1.370795,-1.0,-1.0,-1
1.370795,1.3708,1.370765,1.37077,-1.0,-1.0,-1
1.37077,1.37077,1.370765,1.37077,-1.0,-1.0,-1
1.37077,1.370785,1.370765,1.37078,-1.0,-1.0,-1
1.37078,1.370795,1.37078,1.370785,-1.0,-1.0,-1
1.370785,1.370785,1.370775,1.370785,-1.0,-1.0,-1
1.370785,1.370785,1.370765,1.370775,-1.0,-1.0,-1
1.370775,1.370785,1.370765,1.370785,-1.0,-1.0,-1
1.370785,1.370785,1.370785,1.370785,-1.0,-1.0,-1
1.370785,1.370785,1.37077,1.37077,-1.0,-1.0,-1
1.37077,1.370775,1.37077,1.370775,-1.0,-1.0,-1
1.370775,1.37078,1.370775,1.37078,-1.0,-1.0,-1
1.37078,1.37078,1.370775,1.370775,-1.0,-1.0,-1
1.370775,1.370775,1.370775,1.370775,-1.0,-1.0,-1
1.370775,1.370775,1.370775,1.370775,-1.0,-1.0,-1
1.370775,1.370775,1.370775,1.370775,-1.0,-1.0,-1
1.370775,1.370775,1.37077,1.37077,-1.0,-1.0,-1
1.37077,1.370775,1.370765,1.370765,-1.0,-1.0,-1
1.370765,1.37079,1.370765,1.370785,-1.0,-1.0,-1
1.370785,1.370785,1.370775,1.370775,-1.0,-1.0,-1
1.370775,1.370775,1.370765,1.37077,-1.0,-1.0,-1
1.37077,1.370775,1.370765,1.37077,-1.0,-1.0,-1
1.37077,1.370785,1.370765,1.37078,-1.0,-1.0,-1
1.37078,1.3708,1.37078,1.3708,-1.0,-1.0,-1
1.3708,1.3708,1.370785,1.370785,-1.0,-1.0,-1
1.370785,1.370785,1.370765,1.370775,-1.0,-1.0,-1
1.370775,1.37078,1.370775,1.37078,-1.0,-1.0,-1
1.37078,1.370785,1.370775,1.37078,-1.0,-1.0,-1
1.37078,1.370785,1.370775,1.37078,-1.0,-1.0,-1
1.37078,1.37078,1.37077,1.370775,-1.0,-1.0,-1
1.370775,1.370785,1.370775,1.37078,-1.0,-1.0,-1
1.37078,1.37078,1.370775,1.370775,-1.0,-1.0,-1
1.370775,1.370785,1.370775,1.370785,-1.0,-1.0,-1
1.370785,1.370785,1.370765,1.370775,-1.0,-1.0,-1
1.370775,1.370775,1.370775,1.370775,-1.0,-1.0,-1
1.370775,1.370775,1.370755,1.370755,-1.0,-1.0,-1
1.370755,1.370765,1.370755,1.370765,-1.0,-1.0,-1
1.370765,1.370765,1.370755,1.370755,-1.0,-1.0,-1
1.370755,1.37078,1.370755,1.37078,-1.0,-1.0,-1
1.37078,1.37078,1.370775,1.370775,-1.0,-1.0,-1
1.370775,1.370775,1.370775,1.370775,-1.0,-1.0,-1
1.370775,1.37078,1.37076,1.37076,-1.0,-1.0,-1
1.37076,1.370765,1.37074,1.370745,-1.0,-1.0,-1
1.370745,1.370745,1.37074,1.370745,-1.0,-1.0,-1
1.370745,1.370745,1.37074,1.37074,-1.0,-1.0,-1
1.37074,1.37075,1.37074,1.37075,-1.0,-1.0,-1
1.37075,1.37075,1.37073,1.370735,-1.0,-1.0,-1
1.370735,1.370745,1.37073,1.370745,-1.0,-1.0,-1
1.370745,1.370745,1.370745,1.370745,-1.0,-1.0,-1
1.370745,1.370745,1.370745,1.370745,-1.0,-1.0,-1
1.370745,1.370745,1.37073,1.37074,-1.0,-1.0,-1
1.37074,1.37074,1.37073,1.370735,-1.0,-1.0,-1
1.370735,1.37074,1.37073,1.370735,-1.0,-1.0,-1
1.370735,1.370745,1.370725,1.37073,-1.0,-1.0,-1
1.37073,1.370745,1.37072,1.370745,-1.0,-1.0,-1
1.370745,1.370745,1.370745,1.370745,-1.0,-1.0,-1
1.370745,1.370745,1.370745,1.370745,-1.0,-1.0,-1
1.370745,1.370745,1.37074,1.370745,-1.0,-1.0,-1
1.370745,1.370745,1.370745,1.370745,-1.0,-1.0,-1
1.370745,1.370745,1.37072,1.37074,-1.0,-1.0,-1
1.37074,1.37074,1.37074,1.37074,-1.0,-1.0,-1
1.37074,1.37074,1.370725,1.370735,-1.0,-1.0,-1
1.370735,1.370745,1.370735,1.370745,-1.0,-1.0,-1
1.370745,1.370745,1.37073,1.37074,-1.0,-1.0,-1
1.37074,1.370745,1.37074,1.370745,-1.0,-1.0,-1
1.370745,1.370745,1.37073,1.370745,-1.0,-1.0,-1
1.370745,1.370745,1.37072,1.37072,-1.0,-1.0,-1
1.37072,1.370735,1.37072,1.370725,-1.0,-1.0,-1
1.370725,1.370725,1.37072,1.370725,-1.0,-1.0,-1
1.370725,1.370745,1.37072,1.37074,-1.0,-1.0,-1
1.37074,1.370745,1.37074,1.370745,-1.0,-1.0,-1
1.370745,1.370745,1.37073,1.370735,-1.0,-1.0,-1
1.370735,1.370745,1.37072,1.370725,-1.0,-1.0,-1
1.370725,1.370735,1.37072,1.370735,-1.0,-1.0,-1
1.370735,1.370735,1.370725,1.370735,-1.0,-1.0,-1
1.370735,1.370735,1.37072,1.370735,-1.0,-1.0,-1
1.370735,1.370735,1.37072,1.37073,-1.0,-1.0,-1
1.37073,1.370735,1.370725,1.370735,-1.0,-1.0,-1
1.370735,1.370745,1.37073,1.370735,-1.0,-1.0,-1
1.370735,1.37074,1.37072,1.37073,-1.0,-1.0,-1
1.37073,1.370735,1.370725,1.370735,-1.0,-1.0,-1
1.370735,1.370735,1.370725,1.370735,-1.0,-1.0,-1
1.370735,1.37074,1.37073,1.37074,-1.0,-1.0,-1
1.37074,1.370745,1.37073,1.370745,-1.0,-1.0,-1
1.370745,1.370745,1.37068,1.37068,-1.0,-1.0,-1
1.37068,1.370695,1.37068,1.37068,-1.0,-1.0,-1
1.37068,1.37068,1.37068,1.37068,-1.0,-1.0,-1
1.37068,1.37068,1.370675,1.370675,-1.0,-1.0,-1
1.370675,1.370675,1.37067,1.370675,-1.0,-1.0,-1
1.370675,1.370675,1.37066,1.37066,-1.0,-1.0,-1
1.37066,1.37067,1.37066,1.370665,-1.0,-1.0,-1
1.370665,1.37067,1.370665,1.370665,-1.0,-1.0,-1
1.370665,1.370675,1.370665,1.370675,-1.0,-1.0,-1
1.370675,1.370675,1.370675,1.370675,-1.0,-1.0,-1
1.370675,1.370675,1.370655,1.37066,-1.0,-1.0,-1
1.37066,1.37066,1.370645,1.370655,-1.0,-1.0,-1
1.370655,1.370655,1.37065,1.370655,-1.0,-1.0,-1
1.370655,1.370655,1.370655,1.370655,-1.0,-1.0,-1
1.370655,1.370655,1.37065,1.37065,-1.0,-1.0,-1
1.37065,1.37065,1.37064,1.37064,-1.0,-1.0,-1
1.37064,1.370645,1.37064,1.37064,-1.0,-1.0,-1
1.37064,1.370645,1.370625,1.37063,-1.0,-1.0,-1
1.37063,1.37065,1.370625,1.37065,-1.0,-1.0,-1
1.37065,1.370655,1.37065,1.37065,-1.0,-1.0,-1
1.37065,1.37065,1.37065,1.37065,-1.0,-1.0,-1
1.37065,1.37067,1.37065,1.370665,-1.0,-1.0,-1
1.370665,1.37068,1.370655,1.37068,-1.0,-1.0,-1
1.37068,1.37069,1.37067,1.37067,-1.0,-1.0,-1
1.37067,1.37068,1.37067,1.370675,-1.0,-1.0,-1
1.370675,1.370675,1.370675,1.370675,-1.0,-1.0,-1
1.370675,1.37068,1.37067,1.37067,-1.0,-1.0,-1
1.37067,1.37067,1.37064,1.370645,-1.0,-1.0,-1
1.370645,1.370675,1.37064,1.370675,-1.0,-1.0,-1
1.370675,1.370675,1.37064,1.370645,-1.0,-1.0,-1
1.370645,1.370655,1.37064,1.37065,-1.0,-1.0,-1
1.37065,1.370655,1.37064,1.370655,-1.0,-1.0,-1
1.370655,1.370655,1.37065,1.37065,-1.0,-1.0,-1
1.37065,1.370655,1.37064,1.370655,-1.0,-1.0,-1
1.370655,1.370655,1.37064,1.370655,-1.0,-1.0,-1
1.370655,1.37067,1.37065,1.370665,-1.0,-1.0,-1
1.370665,1.37067,1.37065,1.370655,-1.0,-1.0,-1
1.370655,1.370655,1.37064,1.370655,-1.0,-1.0,-1
1.370655,1.37067,1.370655,1.370665,-1.0,-1.0,-1
1.370665,1.37067,1.37066,1.37066,-1.0,-1.0,-1
1.37066,1.370675,1.37066,1.37067,-1.0,-1.0,-1
1.37067,1.37068,1.37067,1.37068,-1.0,-1.0,-1
1.37068,1.37069,1.37068,1.370685,-1.0,-1.0,-1
1.370685,1.37069,1.37068,1.37068,-1.0,-1.0,-1
1.37068,1.37068,1.37068,1.37068,-1.0,-1.0,-1
1.37068,1.37069,1.37068,1.370685,-1.0,-1.0,-1
1.370685,1.370705,1.37068,1.370705,-1.0,-1.0,-1
1.370705,1.370705,1.370675,1.370695,-1.0,-1.0,-1
1.370695,1.370705,1.370695,1.370695,-1.0,-1.0,-1
1.370695,1.370705,1.370695,1.370695,-1.0,-1.0,-1
1.370695,1.3707,1.370695,1.370695,-1.0,-1.0,-1
1.370695,1.370695,1.37068,1.37068,-1.0,-1.0,-1
1.37068,1.37069,1.37068,1.37068,-1.0,-1.0,-1
1.37068,1.37068,1.37068,1.37068,-1.0,-1.0,-1
1.37068,1.37068,1.37068,1.37068,-1.0,-1.0,-1
1.37068,1.37068,1.37068,1.37068,-1.0,-1.0,-1
1.37068,1.37068,1.37068,1.37068,-1.0,-1.0,-1
1.37068,1.37068,1.370665,1.370665,-1.0,-1.0,-1
1.370665,1.37067,1.370655,1.37066,-1.0,-1.0,-1
1.37066,1.370675,1.37066,1.370665,-1.0,-1.0,-1
1.370665,1.37067,1.370665,1.37067,-1.0,-1.0,-1
1.37067,1.37067,1.370665,1.37067,-1.0,-1.0,-1
1.37067,1.37067,1.370665,1.370665,-1.0,-1.0,-1
1.370665,1.370675,1.370665,1.37067,-1.0,-1.0,-1
1.37067,1.37068,1.37067,1.37068,-1.0,-1.0,-1
1.37068,1.370695,1.37068,1.370685,-1.0,-1.0,-1
1.370685,1.37069,1.37068,1.37068,-1.0,-1.0,-1
1.37068,1.37068,1.37068,1.37068,-1.0,-1.0,-1
1.37068,1.37069,1.37068,1.37069,-1.0,-1.0,-1
1.37069,1.3707,1.37068,1.370695,-1.0,-1.0,-1
1.370695,1.370695,1.370695,1.370695,-1.0,-1.0,-1
1.370695,1.370695,1.37068,1.370685,-1.0,-1.0,-1
1.370685,1.37069,1.37068,1.37069,-1.0,-1.0,-1
1.37069,1.37069,1.37068,1.37068,-1.0,-1.0,-1
1.37068,1.37068,1.370675,1.370675,-1.0,-1.0,-1
1.370675,1.370675,1.37067,1.37067,-1.0,-1.0,-1
1.37067,1.37067,1.370665,1.37067,-1.0,-1.0,-1
1.37067,1.37067,1.370665,1.370665,-1.0,-1.0,-1
1.370665,1.37068,1.370665,1.37068,-1.0,-1.0,-1
1.37068,1.37068,1.37067,1.370675,-1.0,-1.0,-1
1.370675,1.370695,1.370675,1.370695,-1.0,-1.0,-1
1.370695,1.370695,1.370695,1.370695,-1.0,-1.0,-1
1.370695,1.37071,1.370695,1.370705,-1.0,-1.0,-1
1.370705,1.37071,1.370705,1.37071,-1.0,-1.0,-1
1.37071,1.37071,1.370685,1.370695,-1.0,-1.0,-1
1.370695,1.370695,1.37066,1.37066,-1.0,-1.0,-1
1.37066,1.37067,1.37066,1.370665,-1.0,-1.0,-1
1.370665,1.370695,1.370665,1.370685,-1.0,-1.0,-1
1.370685,1.370695,1.37068,1.37069,-1.0,-1.0,-1
1.37069,1.370695,1.370675,1.370675,-1.0,-1.0,-1
1.370675,1.370675,1.370675,1.370675,-1.0,-1.0,-1
1.370675,1.370675,1.37066,1.370675,-1.0,-1.0,-1
1.370675,1.37068,1.370675,1.37068,-1.0,-1.0,-1
1.37068,1.37068,1.37068,1.37068,-1.0,-1.0,-1
1.37068,1.37068,1.37068,1.37068,-1.0,-1.0,-1
1.37068,1.37068,1.37067,1.37067,-1.0,-1.0,-1
1.37067,1.370675,1.37067,1.37067,-1.0,-1.0,-1
1.37067,1.370675,1.37067,1.37067,-1.0,-1.0,-1
1.37067,1.37067,1.37067,1.37067,-1.0,-1.0,-1
1.37067,1.37067,1.37067,1.37067,-1.0,-1.0,-1
1.37067,1.370675,1.370655,1.370655,-1.0,-1.0,-1
1.370655,1.370655,1.37065,1.37065,-1.0,-1.0,-1
1.37065,1.370655,1.37064,1.370645,-1.0,-1.0,-1
1.370645,1.370645,1.37064,1.370645,-1.0,-1.0,-1
1.370645,1.37067,1.37064,1.370665,-1.0,-1.0,-1
1.370665,1.370675,1.37066,1.370675,-1.0,-1.0,-1
1.370675,1.37068,1.370675,1.37068,-1.0,-1.0,-1
1.37068,1.37068,1.37067,1.37067,-1.0,-1.0,-1
1.37067,1.370675,1.37067,1.370675,-1.0,-1.0,-1
1.370675,1.370675,1.37067,1.37067,-1.0,-1.0,-1
1.37067,1.37067,1.37067,1.37067,-1.0,-1.0,-1
1.37067,1.370675,1.37067,1.37067,-1.0,-1.0,-1
1.37067,1.370675,1.37067,1.370675,-1.0,-1.0,-1
1.370675,1.37068,1.370675,1.37068,-1.0,-1.0,-1
1.37068,1.37068,1.370675,1.370675,-1.0,-1.0,-1
1.370675,1.370675,1.370665,1.370665,-1.0,-1.0,-1
1.370665,1.37067,1.370665,1.370665,-1.0,-1.0,-1
1.370665,1.370675,1.370665,1.370675,-1.0,-1.0,-1
1.370675,1.370675,1.370675,1.370675,-1.0,-1.0,-1
1.370675,1.370675,1.370675,1.370675,-1.0,-1.0,-1
1.370675,1.370675,1.370675,1.370675,-1.0,-1.0,-1
1.370675,1.370695,1.370675,1.370695,-1.0,-1.0,-1
1.370695,1.370695,1.370695,1.370695,-1.0,-1.0,-1
1.370695,1.3707,1.370695,1.370695,-1.0,-1.0,-1
1.370695,1.370725,1.370695,1.37071,-1.0,-1.0,-1
1.37071,1.37076,1.37071,1.37076,-1.0,-1.0,-1
1.37076,1.370765,1.370755,1.37076,-1.0,-1.0,-1
1.37076,1.37076,1.370755,1.37076,-1.0,-1.0,-1
1.37076,1.370775,1.370755,1.370775,-1.0,-1.0,-1
1.370775,1.37078,1.370775,1.37078,-1.0,-1.0,-1
1.37078,1.37078,1.370765,1.370775,-1.0,-1.0,-1
1.370775,1.370775,1.370765,1.370775,-1.0,-1.0,-1
1.370775,1.370775,1.370775,1.370775,-1.0,-1.0,-1
1.370775,1.370775,1.370765,1.370775,-1.0,-1.0,-1
1.370775,1.37078,1.370775,1.37078,-1.0,-1.0,-1
1.37078,1.37078,1.370775,1.370775,-1.0,-1.0,-1
1.370775,1.3708,1.370775,1.370795,-1.0,-1.0,-1
1.370795,1.3708,1.370785,1.370785,-1.0,-1.0,-1
1.370785,1.370785,1.37078,1.37078,-1.0,-1.0,-1
1.37078,1.3708,1.37078,1.370785,-1.0,-1.0,-1
1.370785,1.370785,1.370785,1.370785,-1.0,-1.0,-1
1.370785,1.370785,1.370785,1.370785,-1.0,-1.0,-1
1.370785,1.370785,1.37078,1.370785,-1.0,-1.0,-1
1.370785,1.370785,1.370775,1.37078,-1.0,-1.0,-1
1.37078,1.37079,1.37078,1.370785,-1.0,-1.0,-1
1.370785,1.370785,1.37078,1.37078,-1.0,-1.0,-1
1.37078,1.37078,1.370765,1.37077,-1.0,-1.0,-1
1.37077,1.370775,1.370765,1.37077,-1.0,-1.0,-1
1.37077,1.370775,1.370765,1.370775,-1.0,-1.0,-1
1.370775,1.370775,1.370765,1.37077,-1.0,-1.0,-1
1.37077,1.37078,1.370765,1.37078,-1.0,-1.0,-1
1.37078,1.37078,1.370775,1.370775,-1.0,-1.0,-1
1.370775,1.37078,1.370775,1.37078,-1.0,-1.0,-1
1.37078,1.37081,1.370775,1.37081,-1.0,-1.0,-1
1.37081,1.37081,1.370805,1.37081,-1.0,-1.0,-1
1.37081,1.37081,1.37079,1.370795,-1.0,-1.0,-1
1.370795,1.3708,1.370795,1.370795,-1.0,-1.0,-1
1.370795,1.370815,1.370795,1.37081,-1.0,-1.0,-1
1.37081,1.37081,1.3708,1.37081,-1.0,-1.0,-1
1.37081,1.37081,1.3708,1.3708,-1.0,-1.0,-1
1.3708,1.37081,1.3708,1.37081,-1.0,-1.0,-1
1.37081,1.37081,1.370785,1.3708,-1.0,-1.0,-1
1.3708,1.3708,1.37078,1.370785,-1.0,-1.0,-1
1.370785,1.370785,1.37078,1.370785,-1.0,-1.0,-1
1.370785,1.370785,1.370785,1.370785,-1.0,-1.0,-1
1.370785,1.370785,1.370775,1.370785,-1.0,-1.0,-1
1.370785,1.370785,1.370785,1.370785,-1.0,-1.0,-1
1.370785,1.370785,1.37078,1.370785,-1.0,-1.0,-1
1.370785,1.370785,1.370785,1.370785,-1.0,-1.0,-1
1.370785,1.370785,1.370785,1.370785,-1.0,-1.0,-1
1.370785,1.370785,1.370785,1.370785,-1.0,-1.0,-1
1.370785,1.370795,1.370785,1.370785,-1.0,-1.0,-1
1.370785,1.370795,1.370785,1.37079,-1.0,-1.0,-1
1.37079,1.3708,1.370785,1.370785,-1.0,-1.0,-1
1.370785,1.370785,1.370785,1.370785,-1.0,-1.0,-1
1.370785,1.3708,1.370785,1.370795,-1.0,-1.0,-1
1.370795,1.370815,1.370795,1.3708,-1.0,-1.0,-1
1.3708,1.370815,1.3708,1.37081,-1.0,-1.0,-1
1.37081,1.37081,1.37079,1.370795,-1.0,-1.0,-1
1.370795,1.37081,1.370795,1.37081,-1.0,-1.0,-1
1.37081,1.37081,1.3708,1.3708,-1.0,-1.0,-1
1.3708,1.3708,1.37076,1.37078,-1.0,-1.0,-1
1.37078,1.370815,1.37078,1.37081,-1.0,-1.0,-1
1.37081,1.37081,1.3708,1.3708,-1.0,-1.0,-1
1.3708,1.37081,1.3708,1.37081,-1.0,-1.0,-1
1.37081,1.37082,1.3708,1.37082,-1.0,-1.0,-1
1.37082,1.37082,1.370805,1.37081,-1.0,-1.0,-1
1.37081,1.37081,1.3708,1.3708,-1.0,-1.0,-1
1.3708,1.3708,1.370795,1.3708,-1.0,-1.0,-1
1.3708,1.3708,1.370795,1.3708,-1.0,-1.0,-1
1.3708,1.3708,1.3708,1.3708,-1.0,-1.0,-1
1.3708,1.3708,1.3708,1.3708,-1.0,-1.0,-1
1.3708,1.3708,1.370795,1.370795,-1.0,-1.0,-1
1.370795,1.370815,1.370795,1.37081,-1.0,-1.0,-1
1.37081,1.37081,1.370805,1.37081,-1.0,-1.0,-1
1.37081,1.37081,1.3708,1.37081,-1.0,-1.0,-1
1.37081,1.37081,1.370805,1.37081,-1.0,-1.0,-1
1.37081,1.37082,1.370805,1.37082,-1.0,-1.0,-1
1.37082,1.37082,1.370815,1.37082,-1.0,-1.0,-1
1.37082,1.37082,1.370815,1.37082,-1.0,-1.0,-1
1.37082,1.37082,1.370805,1.370815,-1.0,-1.0,-1
1.370815,1.370815,1.370805,1.37081,-1.0,-1.0,-1
1.37081,1.37081,1.370805,1.37081,-1.0,-1.0,-1
1.37081,1.370815,1.37079,1.37079,-1.0,-1.0,-1
1.37079,1.3708,1.37076,1.37076,-1.0,-1.0,-1
1.37076,1.37077,1.37076,1.370765,-1.0,-1.0,-1
1.370765,1.370775,1.370765,1.370775,-1.0,-1.0,-1
1.370775,1.37078,1.370765,1.37077,-1.0,-1.0,-1
1.37077,1.37077,1.370765,1.370765,-1.0,-1.0,-1
1.370765,1.37078,1.370765,1.370775,-1.0,-1.0,-1
1.370775,1.370785,1.370775,1.370775,-1.0,-1.0,-1
1.370775,1.37081,1.370775,1.3708,-1.0,-1.0,-1
1.3708,1.37081,1.3708,1.37081,-1.0,-1.0,-1
1.37081,1.37081,1.370805,1.37081,-1.0,-1.0,-1
1.37081,1.37081,1.3708,1.3708,-1.0,-1.0,-1
1.3708,1.3708,1.370795,1.370795,-1.0,-1.0,-1
1.370795,1.3708,1.370795,1.370795,-1.0,-1.0,-1
1.370795,1.3708,1.370795,1.370795,-1.0,-1.0,-1
1.370795,1.3708,1.370795,1.370795,-1.0,-1.0,-1
1.370795,1.3708,1.370795,1.370795,-1.0,-1.0,-1
1.370795,1.370815,1.370795,1.37081,-1.0,-1.0,-1
1.37081,1.370815,1.3708,1.370815,-1.0,-1.0,-1
1.370815,1.370815,1.370815,1.370815,-1.0,-1.0,-1
1.370815,1.370815,1.370815,1.370815,-1.0,-1.0,-1
1.370815,1.370815,1.370805,1.37081,-1.0,-1.0,-1
1.37081,1.37081,1.3708,1.370805,-1.0,-1.0,-1
1.370805,1.370815,1.3708,1.370815,-1.0,-1.0,-1
1.370815,1.370815,1.370815,1.370815,-1.0,-1.0,-1
1.370815,1.370815,1.370815,1.370815,-1.0,-1.0,-1
1.370815,1.37082,1.370815,1.37082,-1.0,-1.0,-1
1.37082,1.37082,1.370815,1.37082,-1.0,-1.0,-1
1.37082,1.370855,1.370815,1.370855,-1.0,-1.0,-1
1.370855,1.37086,1.37085,1.370855,-1.0,-1.0,-1
1.370855,1.37086,1.37085,1.37086,-1.0,-1.0,-1
1.37086,1.37086,1.37086,1.37086,-1.0,-1.0,-1
1.37086,1.37086,1.37086,1.37086,-1.0,-1.0,-1
1.37086,1.37086,1.37085,1.37086,-1.0,-1.0,-1
1.37086,1.37086,1.37086,1.37086,-1.0,-1.0,-1
1.37086,1.37086,1.370845,1.370845,-1.0,-1.0,-1
1.370845,1.37085,1.370845,1.370845,-1.0,-1.0,-1
1.370845,1.37085,1.37083,1.370835,-1.0,-1.0,-1
1.370835,1.37084,1.370835,1.370835,-1.0,-1.0,-1
1.370835,1.370845,1.370835,1.370845,-1.0,-1.0,-1
1.370845,1.37086,1.37084,1.37085,-1.0,-1.0,-1
1.37085,1.37085,1.370835,1.37084,-1.0,-1.0,-1
1.37084,1.370845,1.370835,1.370835,-1.0,-1.0,-1
1.370835,1.370835,1.370835,1.370835,-1.0,-1.0,-1
1.370835,1.37086,1.370835,1.370855,-1.0,-1.0,-1
1.370855,1.37086,1.37084,1.37084,-1.0,-1.0,-1
1.37084,1.370845,1.370835,1.370835,-1.0,-1.0,-1
1.370835,1.370835,1.370835,1.370835,-1.0,-1.0,-1
1.370835,1.370835,1.370825,1.370825,-1.0,-1.0,-1
1.370825,1.370825,1.370825,1.370825,-1.0,-1.0,-1
1.370825,1.370825,1.370785,1.370785,-1.0,-1.0,-1
1.370785,1.370795,1.370785,1.37079,-1.0,-1.0,-1
1.37079,1.370795,1.370785,1.370785,-1.0,-1.0,-1
1.370785,1.370795,1.370785,1.370785,-1.0,-1.0,-1
1.370785,1.370785,1.370775,1.370775,-1.0,-1.0,-1
1.370775,1.37078,1.370775,1.370775,-1.0,-1.0,-1
1.370775,1.37078,1.370775,1.370775,-1.0,-1.0,-1
1.370775,1.370785,1.370775,1.370785,-1.0,-1.0,-1
1.370785,1.370785,1.37078,1.370785,-1.0,-1.0,-1
1.370785,1.370795,1.370785,1.370785,-1.0,-1.0,-1
1.370785,1.3708,1.370785,1.370795,-1.0,-1.0,-1
1.370795,1.3708,1.370785,1.370785,-1.0,-1.0,-1
1.370785,1.3708,1.370785,1.370785,-1.0,-1.0,-1
1.370785,1.3708,1.370785,1.370795,-1.0,-1.0,-1
1.370795,1.370805,1.370795,1.370795,-1.0,-1.0,-1
1.370795,1.3708,1.370795,1.370795,-1.0,-1.0,-1
1.370795,1.370815,1.370795,1.37081,-1.0,-1.0,-1
1.37081,1.37081,1.370805,1.37081,-1.0,-1.0,-1
1.37081,1.37081,1.370805,1.37081,-1.0,-1.0,-1
1.37081,1.37081,1.370795,1.370795,-1.0,-1.0,-1
1.370795,1.3708,1.370795,1.370795,-1.0,-1.0,-1
1.370795,1.370815,1.370795,1.370815,-1.0,-1.0,-1
1.370815,1.370815,1.370805,1.370815,-1.0,-1.0,-1
1.370815,1.370815,1.370805,1.37081,-1.0,-1.0,-1
1.37081,1.370815,1.3708,1.37081,-1.0,-1.0,-1
1.37081,1.370865,1.370805,1.37086,-1.0,-1.0,-1
1.37086,1.37086,1.37086,1.37086,-1.0,-1.0,-1
1.37086,1.37086,1.370835,1.37086,-1.0,-1.0,-1
1.37086,1.37086,1.37086,1.37086,-1.0,-1.0,-1
1.37086,1.37086,1.37086,1.37086,-1.0,-1.0,-1
1.37086,1.370865,1.37086,1.37086,-1.0,-1.0,-1
1.37086,1.370865,1.370845,1.370865,-1.0,-1.0,-1
1.370865,1.370865,1.37086,1.370865,-1.0,-1.0,-1
1.370865,1.370865,1.37086,1.370865,-1.0,-1.0,-1
1.370865,1.370865,1.37086,1.370865,-1.0,-1.0,-1
1.370865,1.370865,1.37086,1.370865,-1.0,-1.0,-1
1.370865,1.37087,1.37086,1.37087,-1.0,-1.0,-1
1.37087,1.37087,1.370865,1.37087,-1.0,-1.0,-1
1.37087,1.37087,1.370865,1.37087,-1.0,-1.0,-1
1.37087,1.37087,1.37084,1.37084,-1.0,-1.0,-1
1.37084,1.37084,1.370825,1.370825,-1.0,-1.0,-1
1.370825,1.37083,1.370825,1.37083,-1.0,-1.0,-1
1.37083,1.37083,1.370825,1.370825,-1.0,-1.0,-1
1.370825,1.370825,1.370825,1.370825,-1.0,-1.0,-1
1.370825,1.370835,1.370825,1.370835,-1.0,-1.0,-1
1.370835,1.370835,1.370835,1.370835,-1.0,-1.0,-1
1.370835,1.37085,1.370825,1.37085,-1.0,-1.0,-1
1.37085,1.37086,1.37085,1.370855,-1.0,-1.0,-1
1.370855,1.370865,1.370855,1.370855,-1.0,-1.0,-1
1.370855,1.370865,1.370855,1.370855,-1.0,-1.0,-1
1.370855,1.37086,1.370855,1.37086,-1.0,-1.0,-1
1.37086,1.37086,1.370855,1.37086,-1.0,-1.0,-1
1.37086,1.37086,1.37084,1.370845,-1.0,-1.0,-1
1.370845,1.370845,1.37084,1.37084,-1.0,-1.0,-1
1.37084,1.37084,1.37084,1.37084,-1.0,-1.0,-1
1.37084,1.37084,1.370835,1.37084,-1.0,-1.0,-1
1.37084,1.37084,1.370835,1.370835,-1.0,-1.0,-1
1.370835,1.37084,1.370835,1.370835,-1.0,-1.0,-1
1.370835,1.37084,1.370835,1.370835,-1.0,-1.0,-1
1.370835,1.370835,1.370835,1.370835,-1.0,-1.0,-1
1.370835,1.370835,1.370835,1.370835,-1.0,-1.0,-1
1.370835,1.370835,1.370835,1.370835,-1.0,-1.0,-1
1.370835,1.37084,1.370835,1.37084,-1.0,-1.0,-1
1.37084,1.37084,1.370835,1.370835,-1.0,-1.0,-1
1.370835,1.37085,1.370835,1.370845,-1.0,-1.0,-1
1.370845,1.370875,1.370845,1.370875,-1.0,-1.0,-1
1.370875,1.37088,1.370875,1.370875,-1.0,-1.0,-1
1.370875,1.370875,1.37086,1.370865,-1.0,-1.0,-1
1.370865,1.37087,1.37086,1.370865,-1.0,-1.0,-1
1.370865,1.370865,1.370855,1.370855,-1.0,-1.0,-1
1.370855,1.37086,1.370855,1.370855,-1.0,-1.0,-1
1.370855,1.37086,1.370815,1.370815,-1.0,-1.0,-1
1.370815,1.370815,1.370815,1.370815,-1.0,-1.0,-1
1.370815,1.370815,1.370815,1.370815,-1.0,-1.0,-1
1.370815,1.370815,1.3708,1.3708,-1.0,-1.0,-1
1.3708,1.37081,1.3708,1.3708,-1.0,-1.0,-1
1.3708,1.370855,1.3708,1.370855,-1.0,-1.0,-1
1.370855,1.370855,1.37085,1.370855,-1.0,-1.0,-1
1.370855,1.370855,1.37085,1.370855,-1.0,-1.0,-1
1.370855,1.370855,1.370825,1.370855,-1.0,-1.0,-1
1.370855,1.370855,1.37084,1.370845,-1.0,-1.0,-1
1.370845,1.370845,1.37083,1.37083,-1.0,-1.0,-1
1.37083,1.370835,1.370815,1.370825,-1.0,-1.0,-1
1.370825,1.370825,1.370825,1.370825,-1.0,-1.0,-1
1.370825,1.37083,1.370825,1.37083,-1.0,-1.0,-1
1.37083,1.37083,1.370825,1.370825,-1.0,-1.0,-1
1.370825,1.370825,1.370815,1.37082,-1.0,-1.0,-1
1.37082,1.37082,1.370815,1.37082,-1.0,-1.0,-1
1.37082,1.37083,1.370815,1.370825,-1.0,-1.0,-1
1.370825,1.370835,1.370825,1.37083,-1.0,-1.0,-1
1.37083,1.370835,1.37083,1.370835,-1.0,-1.0,-1
1.370835,1.370835,1.37083,1.37083,-1.0,-1.0,-1
1.37083,1.370835,1.37083,1.370835,-1.0,-1.0,-1
1.370835,1.370835,1.37083,1.37083,-1.0,-1.0,-1
1.37083,1.370835,1.370815,1.370815,-1.0,-1.0,-1
1.370815,1.37086,1.370805,1.370855,-1.0,-1.0,-1
1.370855,1.37086,1.37085,1.37086,-1.0,-1.0,-1
1.37086,1.37086,1.370815,1.370815,-1.0,-1.0,-1
1.370815,1.37082,1.370805,1.37081,-1.0,-1.0,-1
1.37081,1.37081,1.370805,1.37081,-1.0,-1.0,-1
1.37081,1.37082,1.370785,1.37079,-1.0,-1.0,-1
1.37079,1.3708,1.37079,1.3708,-1.0,-1.0,-1
1.3708,1.37081,1.3708,1.37081,-1.0,-1.0,-1
1.37081,1.370815,1.370805,1.370815,-1.0,-1.0,-1
1.370815,1.370815,1.370805,1.370815,-1.0,-1.0,-1
1.370815,1.370815,1.370805,1.37081,-1.0,-1.0,-1
1.37081,1.37082,1.370805,1.37082,-1.0,-1.0,-1
1.37082,1.370855,1.370815,1.370855,-1.0,-1.0,-1
1.370855,1.37087,1.37085,1.370865,-1.0,-1.0,-1
1.370865,1.370865,1.37086,1.370865,-1.0,-1.0,-1
1.370865,1.37087,1.37086,1.37087,-1.0,-1.0,-1
1.37087,1.37087,1.37086,1.370865,-1.0,-1.0,-1
1.370865,1.370865,1.37086,1.37086,-1.0,-1.0,-1
1.37086,1.370865,1.37086,1.370865,-1.0,-1.0,-1
1.370865,1.370865,1.37086,1.370865,-1.0,-1.0,-1
1.370865,1.370865,1.37086,1.370865,-1.0,-1.0,-1
1.370865,1.370865,1.37086,1.370865,-1.0,-1.0,-1
1.370865,1.37088,1.370855,1.37088,-1.0,-1.0,-1
1.37088,1.37088,1.370875,1.370875,-1.0,-1.0,-1
1.370875,1.370875,1.37087,1.37087,-1.0,-1.0,-1
1.37087,1.370875,1.37087,1.37087,-1.0,-1.0,-1
1.37087,1.370875,1.37086,1.37087,-1.0,-1.0,-1
1.37087,1.37087,1.37086,1.370865,-1.0,-1.0,-1
1.370865,1.37087,1.37086,1.37087,-1.0,-1.0,-1
1.37087,1.370875,1.37086,1.370865,-1.0,-1.0,-1
1.370865,1.370875,1.37086,1.370875,-1.0,-1.0,-1
1.370875,1.37088,1.370875,1.37088,-1.0,-1.0,-1
1.37088,1.370895,1.37086,1.370865,-1.0,-1.0,-1
1.370865,1.37087,1.37085,1.370855,-1.0,-1.0,-1
1.370855,1.370875,1.37085,1.37087,-1.0,-1.0,-1
1.37087,1.370875,1.37086,1.370875,-1.0,-1.0,-1
1.370875,1.370875,1.37087,1.37087,-1.0,-1.0,-1
1.37087,1.370875,1.37087,1.370875,-1.0,-1.0,-1
1.370875,1.37091,1.37087,1.37087,-1.0,-1.0,-1
1.37087,1.370875,1.37087,1.37087,-1.0,-1.0,-1
1.37087,1.37091,1.37087,1.37091,-1.0,-1.0,-1
1.37091,1.37091,1.37091,1.37091,-1.0,-1.0,-1
1.37091,1.37091,1.37091,1.37091,-1.0,-1.0,-1
1.37091,1.370915,1.37091,1.370915,-1.0,-1.0,-1
1.370915,1.37093,1.370915,1.370925,-1.0,-1.0,-1
1.370925,1.37093,1.37092,1.370925,-1.0,-1.0,-1
1.370925,1.37093,1.370925,1.370925,-1.0,-1.0,-1
1.370925,1.37093,1.370925,1.37093,-1.0,-1.0,-1
1.37093,1.37093,1.3709,1.37091,-1.0,-1.0,-1
1.37091,1.37091,1.37087,1.37087,-1.0,-1.0,-1
1.37087,1.37087,1.37086,1.37087,-1.0,-1.0,-1
1.37087,1.37087,1.370815,1.370815,-1.0,-1.0,-1
1.370815,1.37082,1.370805,1.37081,-1.0,-1.0,-1
1.37081,1.37083,1.370805,1.37083,-1.0,-1.0,-1
1.37083,1.37083,1.370825,1.37083,-1.0,-1.0,-1
1.37083,1.37083,1.370815,1.37082,-1.0,-1.0,-1
1.37082,1.370825,1.370815,1.370825,-1.0,-1.0,-1
1.370825,1.37086,1.370815,1.370855,-1.0,-1.0,-1
1.370855,1.37086,1.370845,1.37086,-1.0,-1.0,-1
1.37086,1.370865,1.370855,1.370865,-1.0,-1.0,-1
1.370865,1.370865,1.370825,1.37083,-1.0,-1.0,-1
1.37083,1.370845,1.370825,1.37083,-1.0,-1.0,-1
1.37083,1.370835,1.37083,1.370835,-1.0,-1.0,-1
1.370835,1.370845,1.37083,1.37083,-1.0,-1.0,-1
1.37083,1.370865,1.37083,1.370865,-1.0,-1.0,-1
1.370865,1.370865,1.37086,1.370865,-1.0,-1.0,-1
1.370865,1.37087,1.37084,1.370845,-1.0,-1.0,-1
1.370845,1.370845,1.370815,1.370825,-1.0,-1.0,-1
1.370825,1.370825,1.370825,1.370825,-1.0,-1.0,-1
1.370825,1.370825,1.370815,1.370815,-1.0,-1.0,-1
1.370815,1.370815,1.370815,1.370815,-1.0,-1.0,-1
1.370815,1.370815,1.370815,1.370815,-1.0,-1.0,-1
1.370815,1.370815,1.370815,1.370815,-1.0,-1.0,-1
1.370815,1.370815,1.370815,1.370815,-1.0,-1.0,-1
1.370815,1.37082,1.370815,1.370815,-1.0,-1.0,-1
1.370815,1.37082,1.370815,1.370815,-1.0,-1.0,-1
1.370815,1.37082,1.370815,1.37082,-1.0,-1.0,-1
1.37082,1.370865,1.370815,1.370865,-1.0,-1.0,-1
1.370865,1.370865,1.370855,1.37086,-1.0,-1.0,-1
1.37086,1.370875,1.370855,1.370875,-1.0,-1.0,-1
1.370875,1.370885,1.370875,1.370885,-1.0,-1.0,-1
1.370885,1.370885,1.37088,1.370885,-1.0,-1.0,-1
1.370885,1.370895,1.370875,1.370875,-1.0,-1.0,-1
1.370875,1.370875,1.37086,1.370865,-1.0,-1.0,-1
1.370865,1.370875,1.37086,1.370875,-1.0,-1.0,-1
1.370875,1.370895,1.370875,1.370885,-1.0,-1.0,-1
1.370885,1.370895,1.37088,1.37088,-1.0,-1.0,-1
1.37088,1.37088,1.370805,1.370835,-1.0,-1.0,-1
1.370835,1.37085,1.37083,1.370835,-1.0,-1.0,-1
1.370835,1.370845,1.370835,1.37084,-1.0,-1.0,-1
1.37084,1.370845,1.370825,1.370825,-1.0,-1.0,-1
1.370825,1.370825,1.370765,1.370765,-1.0,-1.0,-1
1.370765,1.37077,1.370765,1.37077,-1.0,-1.0,-1
1.37077,1.37077,1.370765,1.37077,-1.0,-1.0,-1
1.37077,1.370775,1.370765,1.370775,-1.0,-1.0,-1
1.370775,1.370775,1.37073,1.37076,-1.0,-1.0,-1
1.37076,1.370765,1.370655,1.370655,-1.0,-1.0,-1
1.370655,1.37067,1.370555,1.370615,-1.0,-1.0,-1
1.370615,1.370675,1.3706,1.370675,-1.0,-1.0,-1
1.370675,1.37068,1.37067,1.370675,-1.0,-1.0,-1
1.370675,1.370675,1.370665,1.370665,-1.0,-1.0,-1
1.370665,1.37067,1.37066,1.37067,-1.0,-1.0,-1
1.37067,1.37067,1.370605,1.370655,-1.0,-1.0,-1
1.370655,1.370655,1.37062,1.37062,-1.0,-1.0,-1
1.37062,1.37066,1.370615,1.37066,-1.0,-1.0,-1
1.37066,1.370665,1.37066,1.37066,-1.0,-1.0,-1
1.37066,1.370665,1.370655,1.370655,-1.0,-1.0,-1
1.370655,1.370665,1.370655,1.370665,-1.0,-1.0,-1
1.370665,1.370665,1.370595,1.37066,-1.0,-1.0,-1
1.37066,1.37066,1.370655,1.370655,-1.0,-1.0,-1
1.370655,1.37066,1.37061,1.370655,-1.0,-1.0,-1
1.370655,1.370655,1.370625,1.370655,-1.0,-1.0,-1
1.370655,1.37066,1.370655,1.37066,-1.0,-1.0,-1
1.37066,1.37066,1.370655,1.370655,-1.0,-1.0,-1
1.370655,1.370655,1.37063,1.370635,-1.0,-1.0,-1
1.370635,1.37064,1.37063,1.37064,-1.0,-1.0,-1
1.37064,1.37065,1.37063,1.37064,-1.0,-1.0,-1
1.37064,1.37064,1.370615,1.370635,-1.0,-1.0,-1
1.370635,1.37064,1.370625,1.370625,-1.0,-1.0,-1
1.370625,1.370625,1.37061,1.37061,-1.0,-1.0,-1
1.37061,1.370615,1.37061,1.37061,-1.0,-1.0,-1
1.37061,1.37061,1.370595,1.3706,-1.0,-1.0,-1
1.3706,1.3706,1.370525,1.37053,-1.0,-1.0,-1
1.37053,1.37053,1.370515,1.37052,-1.0,-1.0,-1
1.37052,1.37053,1.37051,1.370515,-1.0,-1.0,-1
1.370515,1.370535,1.37051,1.370525,-1.0,-1.0,-1
1.370525,1.370525,1.370515,1.370525,-1.0,-1.0,-1
1.370525,1.370525,1.370515,1.370525,-1.0,-1.0,-1
1.370525,1.37053,1.370515,1.37053,-1.0,-1.0,-1
1.37053,1.37053,1.37053,1.37053,-1.0,-1.0,-1
1.37053,1.37053,1.37053,1.37053,-1.0,-1.0,-1
1.37053,1.37053,1.37053,1.37053,-1.0,-1.0,-1
1.37053,1.37053,1.37053,1.37053,-1.0,-1.0,-1
1.37053,1.37053,1.37053,1.37053,-1.0,-1.0,-1
1.37053,1.37056,1.37053,1.37054,-1.0,-1.0,-1
1.37054,1.370545,1.370535,1.370545,-1.0,-1.0,-1
1.370545,1.370545,1.370545,1.370545,-1.0,-1.0,-1
1.370545,1.370545,1.370545,1.370545,-1.0,-1.0,-1
1.370545,1.370545,1.370535,1.370545,-1.0,-1.0,-1
1.370545,1.370545,1.370525,1.370535,-1.0,-1.0,-1
1.370535,1.370535,1.370515,1.37053,-1.0,-1.0,-1
1.37053,1.37054,1.370515,1.37052,-1.0,-1.0,-1
1.37052,1.370525,1.3705,1.3705,-1.0,-1.0,-1
1.3705,1.370535,1.3705,1.370535,-1.0,-1.0,-1
1.370535,1.370535,1.37053,1.370535,-1.0,-1.0,-1
1.370535,1.370535,1.37053,1.370535,-1.0,-1.0,-1
1.370535,1.37054,1.37053,1.370535,-1.0,-1.0,-1
1.370535,1.37054,1.37053,1.37054,-1.0,-1.0,-1
1.37054,1.370615,1.370535,1.37061,-1.0,-1.0,-1
1.37061,1.370645,1.37061,1.370635,-1.0,-1.0,-1
1.370635,1.37064,1.37063,1.370635,-1.0,-1.0,-1
1.370635,1.370635,1.370625,1.37063,-1.0,-1.0,-1
1.37063,1.370635,1.370485,1.370485,-1.0,-1.0,-1
1.370485,1.370485,1.37048,1.370485,-1.0,-1.0,-1
1.370485,1.370495,1.37048,1.370495,-1.0,-1.0,-1
1.370495,1.370505,1.37046,1.37047,-1.0,-1.0,-1
1.37047,1.370475,1.37042,1.370425,-1.0,-1.0,-1
1.370425,1.37043,1.37042,1.37043,-1.0,-1.0,-1
1.37043,1.37043,1.37042,1.370425,-1.0,-1.0,-1
1.370425,1.370425,1.37042,1.370425,-1.0,-1.0,-1
1.370425,1.37043,1.37042,1.37043,-1.0,-1.0,-1
1.37043,1.37043,1.3704,1.3704,-1.0,-1.0,-1
1.3704,1.370405,1.3704,1.370405,-1.0,-1.0,-1
1.370405,1.370405,1.3704,1.370405,-1.0,-1.0,-1
1.370405,1.37041,1.3704,1.37041,-1.0,-1.0,-1
1.37041,1.37043,1.37041,1.370425,-1.0,-1.0,-1
1.370425,1.37043,1.37042,1.370425,-1.0,-1.0,-1
1.370425,1.37043,1.37042,1.37043,-1.0,-1.0,-1
1.37043,1.37043,1.370425,1.37043,-1.0,-1.0,-1
1.37043,1.37043,1.37043,1.37043,-1.0,-1.0,-1
1.37043,1.370465,1.37042,1.370465,-1.0,-1.0,-1
1.370465,1.370475,1.37046,1.370475,-1.0,-1.0,-1
1.370475,1.37052,1.370475,1.37051,-1.0,-1.0,-1
1.37051,1.370515,1.37051,1.370515,-1.0,-1.0,-1
1.370515,1.370515,1.37051,1.370515,-1.0,-1.0,-1
1.370515,1.370515,1.37051,1.37051,-1.0,-1.0,-1
1.37051,1.370515,1.37051,1.37051,-1.0,-1.0,-1
1.37051,1.370515,1.37051,1.370515,-1.0,-1.0,-1
1.370515,1.370515,1.37051,1.370515,-1.0,-1.0,-1
1.370515,1.370515,1.370495,1.370495,-1.0,-1.0,-1
1.370495,1.37056,1.370495,1.37056,-1.0,-1.0,-1
1.37056,1.37056,1.3705,1.3705,-1.0,-1.0,-1
1.3705,1.370525,1.3705,1.370525,-1.0,-1.0,-1
1.370525,1.370525,1.370525,1.370525,-1.0,-1.0,-1
1.370525,1.37056,1.37051,1.370515,-1.0,-1.0,-1
1.370515,1.370525,1.37051,1.370515,-1.0,-1.0,-1
1.370515,1.37052,1.37051,1.37052,-1.0,-1.0,-1
1.37052,1.370525,1.37051,1.370515,-1.0,-1.0,-1
1.370515,1.370545,1.37051,1.370535,-1.0,-1.0,-1
1.370535,1.37054,1.37053,1.37054,-1.0,-1.0,-1
1.37054,1.370545,1.370535,1.37054,-1.0,-1.0,-1
1.37054,1.37054,1.370535,1.37054,-1.0,-1.0,-1
1.37054,1.37054,1.370515,1.37054,-1.0,-1.0,-1
1.37054,1.370545,1.37051,1.370545,-1.0,-1.0,-1
1.370545,1.370555,1.370535,1.370555,-1.0,-1.0,-1
1.370555,1.370565,1.370545,1.370565,-1.0,-1.0,-1
1.370565,1.370575,1.370555,1.370575,-1.0,-1.0,-1
1.370575,1.370615,1.370575,1.37058,-1.0,-1.0,-1
1.37058,1.370605,1.37058,1.370605,-1.0,-1.0,-1
1.370605,1.370605,1.370575,1.370605,-1.0,-1.0,-1
1.370605,1.37061,1.37056,1.370575,-1.0,-1.0,-1
1.370575,1.37058,1.37056,1.370565,-1.0,-1.0,-1
1.370565,1.370575,1.37056,1.370575,-1.0,-1.0,-1
1.370575,1.370575,1.37051,1.370515,-1.0,-1.0,-1
1.370515,1.370515,1.3705,1.3705,-1.0,-1.0,-1
1.3705,1.370505,1.370495,1.370495,-1.0,-1.0,-1
1.370495,1.370495,1.370485,1.370485,-1.0,-1.0,-1
1.370485,1.370495,1.370485,1.370485,-1.0,-1.0,-1
1.370485,1.370495,1.37048,1.370485,-1.0,-1.0,-1
1.370485,1.370485,1.37048,1.370485,-1.0,-1.0,-1
1.370485,1.370485,1.37048,1.370485,-1.0,-1.0,-1
1.370485,1.370495,1.37048,1.37049,-1.0,-1.0,-1
1.37049,1.370495,1.370485,1.370485,-1.0,-1.0,-1
1.370485,1.370515,1.370485,1.370515,-1.0,-1.0,-1
1.370515,1.370515,1.370495,1.370495,-1.0,-1.0,-1
1.370495,1.370505,1.370495,1.370495,-1.0,-1.0,-1
1.370495,1.37056,1.370495,1.370525,-1.0,-1.0,-1
1.370525,1.370525,1.37049,1.370495,-1.0,-1.0,-1
1.370495,1.370505,1.37049,1.370495,-1.0,-1.0,-1
1.370495,1.370495,1.370475,1.370475,-1.0,-1.0,-1
1.370475,1.370495,1.370475,1.37049,-1.0,-1.0,-1
1.37049,1.370495,1.37048,1.370485,-1.0,-1.0,-1
1.370485,1.370485,1.37048,1.37048,-1.0,-1.0,-1
1.37048,1.370495,1.37048,1.370485,-1.0,-1.0,-1
1.370485,1.370485,1.37048,1.370485,-1.0,-1.0,-1
1.370485,1.370485,1.37048,1.370485,-1.0,-1.0,-1
1.370485,1.370485,1.370475,1.370475,-1.0,-1.0,-1
1.370475,1.37048,1.370465,1.37047,-1.0,-1.0,-1
1.37047,1.370485,1.370465,1.37048,-1.0,-1.0,-1
1.37048,1.37048,1.370475,1.370475,-1.0,-1.0,-1
1.370475,1.370475,1.37042,1.37042,-1.0,-1.0,-1
1.37042,1.370425,1.370415,1.370415,-1.0,-1.0,-1
1.370415,1.370435,1.370415,1.370435,-1.0,-1.0,-1
1.370435,1.370435,1.370425,1.37043,-1.0,-1.0,-1
1.37043,1.37043,1.37038,1.37042,-1.0,-1.0,-1
1.37042,1.370425,1.370415,1.370425,-1.0,-1.0,-1
1.370425,1.370425,1.370405,1.370415,-1.0,-1.0,-1
1.370415,1.37042,1.37041,1.370415,-1.0,-1.0,-1
1.370415,1.370425,1.37039,1.370395,-1.0,-1.0,-1
1.370395,1.3704,1.37038,1.370385,-1.0,-1.0,-1
1.370385,1.370385,1.37038,1.370385,-1.0,-1.0,-1
1.370385,1.37039,1.37038,1.37039,-1.0,-1.0,-1
1.37039,1.37039,1.370325,1.37033,-1.0,-1.0,-1
1.37033,1.370385,1.370325,1.37038,-1.0,-1.0,-1
1.37038,1.370385,1.37038,1.370385,-1.0,-1.0,-1
1.370385,1.370385,1.37038,1.37038,-1.0,-1.0,-1
1.37038,1.37038,1.370345,1.37037,-1.0,-1.0,-1
1.37037,1.370375,1.37037,1.370375,-1.0,-1.0,-1
1.370375,1.37041,1.37037,1.370405,-1.0,-1.0,-1
1.370405,1.370405,1.3704,1.370405,-1.0,-1.0,-1
1.370405,1.370405,1.3704,1.370405,-1.0,-1.0,-1
1.370405,1.370405,1.3704,1.370405,-1.0,-1.0,-1
1.370405,1.370405,1.37039,1.37039,-1.0,-1.0,-1
1.37039,1.37039,1.37039,1.37039,-1.0,-1.0,-1
1.37039,1.37039,1.37038,1.37039,-1.0,-1.0,-1
1.37039,1.37039,1.37038,1.370385,-1.0,-1.0,-1
1.370385,1.370385,1.37038,1.370385,-1.0,-1.0,-1
1.370385,1.37039,1.37037,1.370385,-1.0,-1.0,-1
1.370385,1.370385,1.37038,1.370385,-1.0,-1.0,-1
1.370385,1.37039,1.37038,1.37039,-1.0,-1.0,-1
1.37039,1.3704,1.37039,1.37039,-1.0,-1.0,-1
1.37039,1.3704,1.37039,1.370395,-1.0,-1.0,-1
1.370395,1.3704,1.37037,1.370375,-1.0,-1.0,-1
1.370375,1.370375,1.37037,1.370375,-1.0,-1.0,-1
1.370375,1.370375,1.37037,1.370375,-1.0,-1.0,-1
1.370375,1.370375,1.37037,1.370375,-1.0,-1.0,-1
1.370375,1.370375,1.37037,1.370375,-1.0,-1.0,-1
1.370375,1.370375,1.37037,1.370375,-1.0,-1.0,-1
1.370375,1.370375,1.370355,1.370375,-1.0,-1.0,-1
1.370375,1.370385,1.37037,1.370385,-1.0,-1.0,-1
1.370385,1.37039,1.37038,1.37039,-1.0,-1.0,-1
1.37039,1.37039,1.37038,1.370385,-1.0,-1.0,-1
1.370385,1.3704,1.37038,1.370385,-1.0,-1.0,-1
1.370385,1.3704,1.37038,1.370395,-1.0,-1.0,-1
1.370395,1.370415,1.370395,1.37041,-1.0,-1.0,-1
1.37041,1.370415,1.37041,1.370415,-1.0,-1.0,-1
1.370415,1.370415,1.3704,1.370405,-1.0,-1.0,-1
1.370405,1.370415,1.370405,1.37041,-1.0,-1.0,-1
1.37041,1.370415,1.370395,1.370395,-1.0,-1.0,-1
1.370395,1.3704,1.370395,1.370395,-1.0,-1.0,-1
1.370395,1.3704,1.37039,1.37039,-1.0,-1.0,-1
1.37039,1.37043,1.37039,1.37043,-1.0,-1.0,-1
1.37043,1.37043,1.370415,1.37042,-1.0,-1.0,-1
1.37042,1.370475,1.370415,1.370475,-1.0,-1.0,-1
1.370475,1.370475,1.370465,1.370475,-1.0,-1.0,-1
1.370475,1.37048,1.370475,1.37048,-1.0,-1.0,-1
1.37048,1.37048,1.370455,1.370455,-1.0,-1.0,-1
1.370455,1.37046,1.370455,1.370455,-1.0,-1.0,-1
1.370455,1.37046,1.370455,1.370455,-1.0,-1.0,-1
1.370455,1.37046,1.37042,1.370425,-1.0,-1.0,-1
1.370425,1.37046,1.370415,1.37043,-1.0,-1.0,-1
1.37043,1.37046,1.370415,1.370425,-1.0,-1.0,-1
1.370425,1.370425,1.370415,1.370425,-1.0,-1.0,-1
1.370425,1.37043,1.370415,1.370425,-1.0,-1.0,-1
1.370425,1.370425,1.37041,1.37042,-1.0,-1.0,-1
1.37042,1.37046,1.37041,1.370455,-1.0,-1.0,-1
1.370455,1.37046,1.370455,1.37046,-1.0,-1.0,-1
1.37046,1.37046,1.370455,1.370455,-1.0,-1.0,-1
1.370455,1.37046,1.370425,1.370455,-1.0,-1.0,-1
1.370455,1.37046,1.370455,1.37046,-1.0,-1.0,-1
1.37046,1.37046,1.37046,1.37046,-1.0,-1.0,-1
1.37046,1.37046,1.37046,1.37046,-1.0,-1.0,-1
1.37046,1.37046,1.37046,1.37046,-1.0,-1.0,-1
1.37046,1.37046,1.37046,1.37046,-1.0,-1.0,-1
1.37046,1.370475,1.37046,1.370475,-1.0,-1.0,-1
1.370475,1.370475,1.370475,1.370475,-1.0,-1.0,-1
1.370475,1.370475,1.370475,1.370475,-1.0,-1.0,-1
1.370475,1.37048,1.370475,1.370475,-1.0,-1.0,-1
1.370475,1.370485,1.370475,1.37048,-1.0,-1.0,-1
1.37048,1.370485,1.37048,1.370485,-1.0,-1.0,-1
1.370485,1.370485,1.370475,1.37048,-1.0,-1.0,-1
1.37048,1.370485,1.370475,1.370475,-1.0,-1.0,-1
1.370475,1.370475,1.370475,1.370475,-1.0,-1.0,-1
1.370475,1.370475,1.370475,1.370475,-1.0,-1.0,-1
1.370475,1.37048,1.370475,1.370475,-1.0,-1.0,-1
1.370475,1.37048,1.370475,1.370475,-1.0,-1.0,-1
1.370475,1.370485,1.370475,1.37048,-1.0,-1.0,-1
1.37048,1.370485,1.37048,1.37048,-1.0,-1.0,-1
1.37048,1.37048,1.370475,1.370475,-1.0,-1.0,-1
1.370475,1.370475,1.370475,1.370475,-1.0,-1.0,-1
1.370475,1.37048,1.370475,1.37048,-1.0,-1.0,-1
1.37048,1.370485,1.370475,1.370485,-1.0,-1.0,-1
1.370485,1.370485,1.370475,1.370485,-1.0,-1.0,-1
1.370485,1.370485,1.370475,1.370475,-1.0,-1.0,-1
1.370475,1.37048,1.370475,1.37048,-1.0,-1.0,-1
1.37048,1.37048,1.37048,1.37048,-1.0,-1.0,-1
1.37048,1.37048,1.37048,1.37048,-1.0,-1.0,-1
1.37048,1.37048,1.370475,1.370475,-1.0,-1.0,-1
1.370475,1.37048,1.370475,1.370475,-1.0,-1.0,-1
1.370475,1.370485,1.370475,1.370485,-1.0,-1.0,-1
1.370485,1.370485,1.370485,1.370485,-1.0,-1.0,-1
1.370485,1.370485,1.370475,1.370475,-1.0,-1.0,-1
1.370475,1.370485,1.370465,1.370475,-1.0,-1.0,-1
1.370475,1.37048,1.370475,1.37048,-1.0,-1.0,-1
1.37048,1.370485,1.37048,1.370485,-1.0,-1.0,-1
1.370485,1.370485,1.370425,1.37043,-1.0,-1.0,-1
1.37043,1.37043,1.37042,1.370425,-1.0,-1.0,-1
1.370425,1.370425,1.37042,1.370425,-1.0,-1.0,-1
1.370425,1.370425,1.37042,1.370425,-1.0,-1.0,-1
1.370425,1.370435,1.37041,1.370435,-1.0,-1.0,-1
1.370435,1.370455,1.37042,1.370445,-1.0,-1.0,-1
1.370445,1.370445,1.370425,1.37044,-1.0,-1.0,-1
1.37044,1.37044,1.370435,1.37044,-1.0,-1.0,-1
1.37044,1.37044,1.370435,1.370435,-1.0,-1.0,-1
1.370435,1.370445,1.370435,1.37044,-1.0,-1.0,-1
1.37044,1.37044,1.370425,1.37044,-1.0,-1.0,-1
1.37044,1.37044,1.37043,1.370435,-1.0,-1.0,-1
1.370435,1.37044,1.370425,1.370435,-1.0,-1.0,-1
1.370435,1.37044,1.370435,1.37044,-1.0,-1.0,-1
1.37044,1.370445,1.370435,1.37044,-1.0,-1.0,-1
1.37044,1.37044,1.370415,1.370425,-1.0,-1.0,-1
1.370425,1.37044,1.37042,1.370435,-1.0,-1.0,-1
1.370435,1.370435,1.370415,1.37043,-1.0,-1.0,-1
1.37043,1.370435,1.370415,1.370435,-1.0,-1.0,-1
1.370435,1.37044,1.370415,1.37043,-1.0,-1.0,-1
1.37043,1.37044,1.370415,1.370435,-1.0,-1.0,-1
1.370435,1.370435,1.370415,1.370425,-1.0,-1.0,-1
1.370425,1.37043,1.37041,1.370415,-1.0,-1.0,-1
1.370415,1.370425,1.370415,1.370425,-1.0,-1.0,-1
1.370425,1.37043,1.370415,1.370425,-1.0,-1.0,-1
1.370425,1.37043,1.370415,1.370425,-1.0,-1.0,-1
1.370425,1.370435,1.370415,1.370425,-1.0,-1.0,-1
1.370425,1.370435,1.370415,1.370425,-1.0,-1.0,-1
1.370425,1.37043,1.37042,1.370425,-1.0,-1.0,-1
1.370425,1.37046,1.37042,1.370455,-1.0,-1.0,-1
1.370455,1.37046,1.37045,1.370455,-1.0,-1.0,-1
1.370455,1.37046,1.37045,1.370455,-1.0,-1.0,-1
1.370455,1.37046,1.370455,1.370455,-1.0,-1.0,-1
1.370455,1.37046,1.370455,1.370455,-1.0,-1.0,-1
1.370455,1.37046,1.370455,1.370455,-1.0,-1.0,-1
1.370455,1.37046,1.370445,1.37045,-1.0,-1.0,-1
1.37045,1.37046,1.37044,1.370455,-1.0,-1.0,-1
1.370455,1.37046,1.370455,1.37046,-1.0,-1.0,-1
1.37046,1.37046,1.370455,1.37046,-1.0,-1.0,-1
1.37046,1.370475,1.370455,1.370475,-1.0,-1.0,-1
1.370475,1.37048,1.370475,1.370475,-1.0,-1.0,-1
1.370475,1.370505,1.370475,1.370505,-1.0,-1.0,-1
1.370505,1.370505,1.370485,1.370505,-1.0,-1.0,-1
1.370505,1.37051,1.3705,1.37051,-1.0,-1.0,-1
1.37051,1.37051,1.3705,1.37051,-1.0,-1.0,-1
1.37051,1.37051,1.3705,1.370505,-1.0,-1.0,-1
1.370505,1.37051,1.3705,1.37051,-1.0,-1.0,-1
1.37051,1.37051,1.3705,1.37051,-1.0,-1.0,-1
1.37051,1.37051,1.3705,1.37051,-1.0,-1.0,-1
1.37051,1.37051,1.37048,1.370505,-1.0,-1.0,-1
1.370505,1.370505,1.37048,1.370505,-1.0,-1.0,-1
1.370505,1.370505,1.370475,1.37048,-1.0,-1.0,-1
1.37048,1.37048,1.370475,1.37048,-1.0,-1.0,-1
1.37048,1.37048,1.370475,1.37048,-1.0,-1.0,-1
1.37048,1.37051,1.37048,1.370505,-1.0,-1.0,-1
1.370505,1.37051,1.3705,1.37051,-1.0,-1.0,-1
1.37051,1.370515,1.37051,1.37051,-1.0,-1.0,-1
1.37051,1.37051,1.37051,1.37051,-1.0,-1.0,-1
1.37051,1.37051,1.37051,1.37051,-1.0,-1.0,-1
1.37051,1.37051,1.37051,1.37051,-1.0,-1.0,-1
1.37051,1.370515,1.3705,1.37051,-1.0,-1.0,-1
1.37051,1.37057,1.37051,1.37057,-1.0,-1.0,-1
1.37057,1.370575,1.37057,1.370575,-1.0,-1.0,-1
1.370575,1.370575,1.370575,1.370575,-1.0,-1.0,-1
1.370575,1.37058,1.370575,1.37058,-1.0,-1.0,-1
1.37058,1.37058,1.37058,1.37058,-1.0,-1.0,-1
1.37058,1.37058,1.37058,1.37058,-1.0,-1.0,-1
1.37058,1.37058,1.37057,1.370575,-1.0,-1.0,-1
1.370575,1.370575,1.37056,1.370575,-1.0,-1.0,-1
1.370575,1.370575,1.37057,1.370575,-1.0,-1.0,-1
1.370575,1.37058,1.370575,1.37058,-1.0,-1.0,-1
1.37058,1.37058,1.370575,1.37058,-1.0,-1.0,-1
1.37058,1.37058,1.370575,1.370575,-1.0,-1.0,-1
1.370575,1.370575,1.37057,1.37057,-1.0,-1.0,-1
1.37057,1.37058,1.37057,1.37058,-1.0,-1.0,-1
1.37058,1.37059,1.37057,1.37057,-1.0,-1.0,-1
1.37057,1.370575,1.37057,1.370575,-1.0,-1.0,-1
1.370575,1.370575,1.370575,1.370575,-1.0,-1.0,-1
1.370575,1.37059,1.370575,1.370575,-1.0,-1.0,-1
1.370575,1.37058,1.370575,1.370575,-1.0,-1.0,-1
1.370575,1.370575,1.370575,1.370575,-1.0,-1.0,-1
1.370575,1.37058,1.370575,1.37058,-1.0,-1.0,-1
1.37058,1.37058,1.37058,1.37058,-1.0,-1.0,-1
1.37058,1.37058,1.370575,1.370575,-1.0,-1.0,-1
1.370575,1.370575,1.370575,1.370575,-1.0,-1.0,-1
1.370575,1.37058,1.370535,1.37055,-1.0,-1.0,-1
1.37055,1.37055,1.370545,1.37055,-1.0,-1.0,-1
1.37055,1.37055,1.370535,1.370545,-1.0,-1.0,-1
1.370545,1.370545,1.370535,1.370545,-1.0,-1.0,-1
1.370545,1.37055,1.370535,1.370545,-1.0,-1.0,-1
1.370545,1.370545,1.370535,1.370545,-1.0,-1.0,-1
1.370545,1.37055,1.370545,1.370545,-1.0,-1.0,-1
1.370545,1.37055,1.370545,1.37055,-1.0,-1.0,-1
1.37055,1.37055,1.370545,1.37055,-1.0,-1.0,-1
1.37055,1.370555,1.370545,1.37055,-1.0,-1.0,-1
1.37055,1.370555,1.370545,1.370555,-1.0,-1.0,-1
1.370555,1.370555,1.370545,1.37055,-1.0,-1.0,-1
1.37055,1.370555,1.370545,1.37055,-1.0,-1.0,-1
1.37055,1.37055,1.370535,1.37055,-1.0,-1.0,-1
1.37055,1.37055,1.370535,1.370545,-1.0,-1.0,-1
1.370545,1.370545,1.370545,1.370545,-1.0,-1.0,-1
1.370545,1.370555,1.370545,1.37055,-1.0,-1.0,-1
1.37055,1.37055,1.370525,1.370545,-1.0,-1.0,-1
1.370545,1.370545,1.370545,1.370545,-1.0,-1.0,-1
1.370545,1.370545,1.370545,1.370545,-1.0,-1.0,-1
1.370545,1.37055,1.370545,1.37055,-1.0,-1.0,-1
1.37055,1.37055,1.37053,1.370545,-1.0,-1.0,-1
1.370545,1.37055,1.37053,1.37055,-1.0,-1.0,-1
1.37055,1.37055,1.370545,1.37055,-1.0,-1.0,-1
1.37055,1.37055,1.370545,1.37055,-1.0,-1.0,-1
1.37055,1.37055,1.370545,1.37055,-1.0,-1.0,-1
1.37055,1.37055,1.370545,1.37055,-1.0,-1.0,-1
1.37055,1.37055,1.370535,1.37054,-1.0,-1.0,-1
1.37054,1.370545,1.370525,1.37053,-1.0,-1.0,-1
1.37053,1.37053,1.370515,1.37052,-1.0,-1.0,-1
1.37052,1.37052,1.370495,1.3705,-1.0,-1.0,-1
1.3705,1.370505,1.37049,1.37049,-1.0,-1.0,-1
1.37049,1.370495,1.370485,1.37049,-1.0,-1.0,-1
1.37049,1.370495,1.37049,1.370495,-1.0,-1.0,-1
1.370495,1.370505,1.370495,1.3705,-1.0,-1.0,-1
1.3705,1.370505,1.37049,1.37049,-1.0,-1.0,-1
1.37049,1.370495,1.37049,1.370495,-1.0,-1.0,-1
1.370495,1.370495,1.37049,1.37049,-1.0,-1.0,-1
1.37049,1.370495,1.37049,1.370495,-1.0,-1.0,-1
1.370495,1.370495,1.370495,1.370495,-1.0,-1.0,-1
1.370495,1.370495,1.370495,1.370495,-1.0,-1.0,-1
1.370495,1.37053,1.37049,1.37049,-1.0,-1.0,-1
1.37049,1.370495,1.37049,1.370495,-1.0,-1.0,-1
1.370495,1.370495,1.37049,1.370495,-1.0,-1.0,-1
1.370495,1.370505,1.37049,1.3705,-1.0,-1.0,-1
1.3705,1.370505,1.3705,1.3705,-1.0,-1.0,-1
1.3705,1.370505,1.3705,1.3705,-1.0,-1.0,-1
1.3705,1.370505,1.37049,1.3705,-1.0,-1.0,-1
1.3705,1.370505,1.3705,1.3705,-1.0,-1.0,-1
1.3705,1.370505,1.3705,1.3705,-1.0,-1.0,-1
1.3705,1.370505,1.370495,1.3705,-1.0,-1.0,-1
1.3705,1.370515,1.370495,1.370515,-1.0,-1.0,-1
1.370515,1.370515,1.3705,1.370515,-1.0,-1.0,-1
1.370515,1.37056,1.37051,1.37056,-1.0,-1.0,-1
1.37056,1.37056,1.37053,1.37053,-1.0,-1.0,-1
1.37053,1.37056,1.37053,1.37056,-1.0,-1.0,-1
1.37056,1.37056,1.37053,1.37056,-1.0,-1.0,-1
1.37056,1.37057,1.370525,1.37053,-1.0,-1.0,-1
1.37053,1.37053,1.370515,1.370525,-1.0,-1.0,-1
1.370525,1.37056,1.370525,1.37053,-1.0,-1.0,-1
1.37053,1.37056,1.370525,1.37053,-1.0,-1.0,-1
1.37053,1.37056,1.370525,1.37053,-1.0,-1.0,-1
1.37053,1.37053,1.370525,1.37053,-1.0,-1.0,-1
1.37053,1.37053,1.37051,1.37052,-1.0,-1.0,-1
1.37052,1.370525,1.37051,1.37052,-1.0,-1.0,-1
1.37052,1.37052,1.370485,1.370485,-1.0,-1.0,-1
1.370485,1.370485,1.37048,1.37048,-1.0,-1.0,-1
1.37048,1.37048,1.370475,1.37048,-1.0,-1.0,-1
1.37048,1.37048,1.37048,1.37048,-1.0,-1.0,-1
1.37048,1.37048,1.370465,1.37047,-1.0,-1.0,-1
1.37047,1.37047,1.370435,1.37044,-1.0,-1.0,-1
1.37044,1.37044,1.370425,1.370435,-1.0,-1.0,-1
1.370435,1.37044,1.370425,1.370435,-1.0,-1.0,-1
1.370435,1.370435,1.370415,1.370425,-1.0,-1.0,-1
1.370425,1.370435,1.370415,1.370415,-1.0,-1.0,-1
1.370415,1.370425,1.370415,1.37042,-1.0,-1.0,-1
1.37042,1.37043,1.370415,1.37043,-1.0,-1.0,-1
1.37043,1.37043,1.370415,1.37042,-1.0,-1.0,-1
1.37042,1.370425,1.370415,1.370425,-1.0,-1.0,-1
1.370425,1.370425,1.370415,1.370425,-1.0,-1.0,-1
1.370425,1.370435,1.370415,1.370425,-1.0,-1.0,-1
1.370425,1.37043,1.370415,1.37043,-1.0,-1.0,-1
1.37043,1.37043,1.370405,1.37041,-1.0,-1.0,-1
1.37041,1.37041,1.37038,1.370385,-1.0,-1.0,-1
1.370385,1.3704,1.37038,1.370395,-1.0,-1.0,-1
1.370395,1.3704,1.37037,1.37037,-1.0,-1.0,-1
1.37037,1.370375,1.37037,1.370375,-1.0,-1.0,-1
1.370375,1.370375,1.3703,1.3703,-1.0,-1.0,-1
1.3703,1.370305,1.37029,1.3703,-1.0,-1.0,-1
1.3703,1.370305,1.3703,1.370305,-1.0,-1.0,-1
1.370305,1.370305,1.3703,1.3703,-1.0,-1.0,-1
1.3703,1.37033,1.3703,1.370325,-1.0,-1.0,-1
1.370325,1.37033,1.37032,1.370325,-1.0,-1.0,-1
1.370325,1.37033,1.37032,1.370325,-1.0,-1.0,-1
1.370325,1.37033,1.370325,1.370325,-1.0,-1.0,-1
1.370325,1.37034,1.37032,1.37033,-1.0,-1.0,-1
1.37033,1.37033,1.370325,1.37033,-1.0,-1.0,-1
1.37033,1.37033,1.37033,1.37033,-1.0,-1.0,-1
1.37033,1.37033,1.37032,1.370325,-1.0,-1.0,-1
1.370325,1.37033,1.370325,1.370325,-1.0,-1.0,-1
1.370325,1.370335,1.37032,1.370325,-1.0,-1.0,-1
1.370325,1.37033,1.370315,1.370325,-1.0,-1.0,-1
1.370325,1.37033,1.370305,1.370305,-1.0,-1.0,-1
1.370305,1.37033,1.370305,1.37032,-1.0,-1.0,-1
1.37032,1.37032,1.370315,1.37032,-1.0,-1.0,-1
1.37032,1.37032,1.370315,1.370315,-1.0,-1.0,-1
1.370315,1.37032,1.370315,1.370315,-1.0,-1.0,-1
1.370315,1.37032,1.370305,1.370315,-1.0,-1.0,-1
1.370315,1.37032,1.370305,1.37031,-1.0,-1.0,-1
1.37031,1.37031,1.37031,1.37031,-1.0,-1.0,-1
1.37031,1.37033,1.37031,1.370325,-1.0,-1.0,-1
1.370325,1.37033,1.370315,1.37032,-1.0,-1.0,-1
1.37032,1.37032,1.370315,1.370315,-1.0,-1.0,-1
1.370315,1.37033,1.370315,1.370325,-1.0,-1.0,-1
1.370325,1.37033,1.370325,1.370325,-1.0,-1.0,-1
1.370325,1.37033,1.370325,1.370325,-1.0,-1.0,-1
1.370325,1.37033,1.370325,1.37033,-1.0,-1.0,-1
1.37033,1.37033,1.370325,1.37033,-1.0,-1.0,-1
1.37033,1.37033,1.370325,1.370325,-1.0,-1.0,-1
1.370325,1.37033,1.370325,1.370325,-1.0,-1.0,-1
1.370325,1.37033,1.370325,1.37033,-1.0,-1.0,-1
1.37033,1.37033,1.370325,1.37033,-1.0,-1.0,-1
1.37033,1.37034,1.37033,1.37033,-1.0,-1.0,-1
1.37033,1.37033,1.370325,1.37033,-1.0,-1.0,-1
1.37033,1.370375,1.37033,1.370375,-1.0,-1.0,-1
1.370375,1.370375,1.37037,1.370375,-1.0,-1.0,-1
1.370375,1.370375,1.37037,1.370375,-1.0,-1.0,-1
1.370375,1.370375,1.37037,1.370375,-1.0,-1.0,-1
1.370375,1.37038,1.37037,1.37038,-1.0,-1.0,-1
1.37038,1.370385,1.37037,1.37038,-1.0,-1.0,-1
1.37038,1.370385,1.37037,1.370385,-1.0,-1.0,-1
1.370385,1.370385,1.37038,1.370385,-1.0,-1.0,-1
1.370385,1.3704,1.37038,1.370395,-1.0,-1.0,-1
1.370395,1.3704,1.37039,1.37039,-1.0,-1.0,-1
1.37039,1.37039,1.37039,1.37039,-1.0,-1.0,-1
1.37039,1.3704,1.37039,1.37039,-1.0,-1.0,-1
1.37039,1.3704,1.370385,1.37039,-1.0,-1.0,-1
1.37039,1.37039,1.37038,1.37039,-1.0,-1.0,-1
1.37039,1.37039,1.370385,1.37039,-1.0,-1.0,-1
1.37039,1.3704,1.37039,1.370395,-1.0,-1.0,-1
1.370395,1.3704,1.37039,1.37039,-1.0,-1.0,-1
1.37039,1.37039,1.37039,1.37039,-1.0,-1.0,-1
1.37039,1.37039,1.37039,1.37039,-1.0,-1.0,-1
1.37039,1.37039,1.37039,1.37039,-1.0,-1.0,-1
1.37039,1.3704,1.37039,1.37039,-1.0,-1.0,-1
1.37039,1.37039,1.37038,1.370385,-1.0,-1.0,-1
1.370385,1.37039,1.37038,1.370385,-1.0,-1.0,-1
1.370385,1.370385,1.37038,1.370385,-1.0,-1.0,-1
1.370385,1.370385,1.37038,1.370385,-1.0,-1.0,-1
1.370385,1.370385,1.37037,1.370375,-1.0,-1.0,-1
1.370375,1.370385,1.37037,1.370385,-1.0,-1.0,-1
1.370385,1.370385,1.37038,1.370385,-1.0,-1.0,-1
1.370385,1.370385,1.37037,1.370375,-1.0,-1.0,-1
1.370375,1.37038,1.37037,1.37037,-1.0,-1.0,-1
1.37037,1.37037,1.37037,1.37037,-1.0,-1.0,-1
1.37037,1.37039,1.37037,1.370385,-1.0,-1.0,-1
1.370385,1.37039,1.37037,1.370375,-1.0,-1.0,-1
1.370375,1.37038,1.37036,1.37038,-1.0,-1.0,-1
1.37038,1.37038,1.37037,1.370375,-1.0,-1.0,-1
1.370375,1.37038,1.37037,1.37038,-1.0,-1.0,-1
1.37038,1.37038,1.37037,1.370375,-1.0,-1.0,-1
1.370375,1.370375,1.37037,1.370375,-1.0,-1.0,-1
1.370375,1.37038,1.37037,1.37038,-1.0,-1.0,-1
1.37038,1.370385,1.37038,1.37038,-1.0,-1.0,-1
1.37038,1.37038,1.37038,1.37038,-1.0,-1.0,-1
1.37038,1.370385,1.37038,1.370385,-1.0,-1.0,-1
1.370385,1.370385,1.37038,1.370385,-1.0,-1.0,-1
1.370385,1.370385,1.37038,1.370385,-1.0,-1.0,-1
1.370385,1.370385,1.37038,1.370385,-1.0,-1.0,-1
1.370385,1.37039,1.37038,1.37039,-1.0,-1.0,-1
1.37039,1.37039,1.370365,1.370365,-1.0,-1.0,-1
1.370365,1.37038,1.370365,1.37038,-1.0,-1.0,-1
1.37038,1.37038,1.37038,1.37038,-1.0,-1.0,-1
1.37038,1.37038,1.370335,1.37034,-1.0,-1.0,-1
1.37034,1.37034,1.37032,1.370325,-1.0,-1.0,-1
1.370325,1.37033,1.370325,1.370325,-1.0,-1.0,-1
1.370325,1.37033,1.37032,1.37032,-1.0,-1.0,-1
1.37032,1.37032,1.370285,1.370285,-1.0,-1.0,-1
1.370285,1.37029,1.370285,1.370285,-1.0,-1.0,-1
1.370285,1.370295,1.370285,1.370295,-1.0,-1.0,-1
1.370295,1.370295,1.370285,1.370295,-1.0,-1.0,-1
1.370295,1.37032,1.37029,1.370315,-1.0,-1.0,-1
1.370315,1.37032,1.3703,1.3703,-1.0,-1.0,-1
1.3703,1.3703,1.3703,1.3703,-1.0,-1.0,-1
1.3703,1.3703,1.37029,1.370295,-1.0,-1.0,-1
1.370295,1.370295,1.37024,1.37024,-1.0,-1.0,-1
1.37024,1.370255,1.370235,1.37025,-1.0,-1.0,-1
1.37025,1.370255,1.370245,1.370255,-1.0,-1.0,-1
1.370255,1.37026,1.370245,1.37026,-1.0,-1.0,-1
1.37026,1.37026,1.37025,1.37026,-1.0,-1.0,-1
1.37026,1.370265,1.37026,1.37026,-1.0,-1.0,-1
1.37026,1.370265,1.370255,1.37026,-1.0,-1.0,-1
1.37026,1.37031,1.37025,1.37031,-1.0,-1.0,-1
1.37031,1.37032,1.37031,1.370315,-1.0,-1.0,-1
1.370315,1.37032,1.370305,1.370305,-1.0,-1.0,-1
1.370305,1.370305,1.370285,1.370305,-1.0,-1.0,-1
1.370305,1.370305,1.37029,1.3703,-1.0,-1.0,-1
1.3703,1.37031,1.3703,1.370305,-1.0,-1.0,-1
1.370305,1.370305,1.3703,1.3703,-1.0,-1.0,-1
1.3703,1.370305,1.37029,1.3703,-1.0,-1.0,-1
1.3703,1.3703,1.37029,1.370295,-1.0,-1.0,-1
1.370295,1.3703,1.37029,1.3703,-1.0,-1.0,-1
1.3703,1.3703,1.3703,1.3703,-1.0,-1.0,-1
1.3703,1.37033,1.3703,1.37032,-1.0,-1.0,-1
1.37032,1.37033,1.370315,1.370315,-1.0,-1.0,-1
1.370315,1.37033,1.370315,1.37032,-1.0,-1.0,-1
1.37032,1.37033,1.370315,1.37032,-1.0,-1.0,-1
1.37032,1.37033,1.370315,1.370325,-1.0,-1.0,-1
1.370325,1.37033,1.37032,1.370325,-1.0,-1.0,-1
1.370325,1.370355,1.37032,1.370355,-1.0,-1.0,-1
1.370355,1.370355,1.370355,1.370355,-1.0,-1.0,-1
1.370355,1.370375,1.370355,1.370375,-1.0,-1.0,-1
1.370375,1.370375,1.370365,1.370375,-1.0,-1.0,-1
1.370375,1.370405,1.370365,1.370405,-1.0,-1.0,-1
1.370405,1.370405,1.370395,1.370395,-1.0,-1.0,-1
1.370395,1.3704,1.370395,1.370395,-1.0,-1.0,-1
1.370395,1.3704,1.37039,1.37039,-1.0,-1.0,-1
1.37039,1.37041,1.37039,1.3704,-1.0,-1.0,-1
1.3704,1.3704,1.370395,1.370395,-1.0,-1.0,-1
1.370395,1.3704,1.370395,1.370395,-1.0,-1.0,-1
1.370395,1.3704,1.370395,1.370395,-1.0,-1.0,-1
1.370395,1.3704,1.370395,1.370395,-1.0,-1.0,-1
1.370395,1.3704,1.370395,1.3704,-1.0,-1.0,-1
1.3704,1.3704,1.370395,1.370395,-1.0,-1.0,-1
1.370395,1.3704,1.370395,1.3704,-1.0,-1.0,-1
1.3704,1.3704,1.3704,1.3704,-1.0,-1.0,-1
1.3704,1.37046,1.370395,1.370455,-1.0,-1.0,-1
1.370455,1.370455,1.37044,1.370445,-1.0,-1.0,-1
1.370445,1.37045,1.370445,1.370445,-1.0,-1.0,-1
1.370445,1.370445,1.370425,1.37043,-1.0,-1.0,-1
1.37043,1.370435,1.370415,1.370435,-1.0,-1.0,-1
1.370435,1.370435,1.37042,1.370425,-1.0,-1.0,-1
1.370425,1.370435,1.37042,1.370435,-1.0,-1.0,-1
1.370435,1.37044,1.370425,1.370435,-1.0,-1.0,-1
1.370435,1.370435,1.370415,1.370435,-1.0,-1.0,-1
1.370435,1.370445,1.370435,1.370445,-1.0,-1.0,-1
1.370445,1.370455,1.37042,1.37043,-1.0,-1.0,-1
1.37043,1.37044,1.370425,1.37044,-1.0,-1.0,-1
1.37044,1.37044,1.370435,1.370435,-1.0,-1.0,-1
1.370435,1.370435,1.370425,1.370435,-1.0,-1.0,-1
1.370435,1.370435,1.370425,1.370435,-1.0,-1.0,-1
1.370435,1.37044,1.370435,1.37044,-1.0,-1.0,-1
1.37044,1.370445,1.37044,1.370445,-1.0,-1.0,-1
1.370445,1.370455,1.37044,1.37044,-1.0,-1.0,-1
1.37044,1.37044,1.37044,1.37044,-1.0,-1.0,-1
1.37044,1.370455,1.370435,1.37044,-1.0,-1.0,-1
1.37044,1.370445,1.370435,1.37044,-1.0,-1.0,-1
1.37044,1.370455,1.37044,1.370445,-1.0,-1.0,-1
1.370445,1.370455,1.370445,1.37045,-1.0,-1.0,-1
1.37045,1.370455,1.37045,1.37045,-1.0,-1.0,-1
1.37045,1.370455,1.37044,1.370445,-1.0,-1.0,-1
1.370445,1.370445,1.370445,1.370445,-1.0,-1.0,-1
1.370445,1.370445,1.370445,1.370445,-1.0,-1.0,-1
1.370445,1.370445,1.37044,1.37044,-1.0,-1.0,-1
1.37044,1.370445,1.37044,1.37044,-1.0,-1.0,-1
1.37044,1.370445,1.37044,1.370445,-1.0,-1.0,-1
1.370445,1.370455,1.370445,1.37045,-1.0,-1.0,-1
1.37045,1.37046,1.37045,1.37045,-1.0,-1.0,-1
1.37045,1.370465,1.370445,1.37045,-1.0,-1.0,-1
1.37045,1.37047,1.370445,1.37047,-1.0,-1.0,-1
1.37047,1.37048,1.370465,1.370475,-1.0,-1.0,-1
1.370475,1.37048,1.370475,1.37048,-1.0,-1.0,-1
1.37048,1.37048,1.370465,1.37047,-1.0,-1.0,-1
1.37047,1.37047,1.370465,1.37047,-1.0,-1.0,-1
1.37047,1.370485,1.370455,1.37046,-1.0,-1.0,-1
1.37046,1.37046,1.370455,1.37046,-1.0,-1.0,-1
1.37046,1.37046,1.370455,1.370455,-1.0,-1.0,-1
1.370455,1.370465,1.370455,1.37046,-1.0,-1.0,-1
1.37046,1.37047,1.370455,1.37046,-1.0,-1.0,-1
1.37046,1.37046,1.370455,1.37046,-1.0,-1.0,-1
1.37046,1.37048,1.370455,1.37048,-1.0,-1.0,-1
1.37048,1.37048,1.370455,1.37046,-1.0,-1.0,-1
1.37046,1.37046,1.370455,1.37046,-1.0,-1.0,-1
1.37046,1.370465,1.370455,1.37046,-1.0,-1.0,-1
1.37046,1.370465,1.37045,1.370455,-1.0,-1.0,-1
1.370455,1.370485,1.370445,1.370485,-1.0,-1.0,-1
1.370485,1.370485,1.370485,1.370485,-1.0,-1.0,-1
1.370485,1.370485,1.370485,1.370485,-1.0,-1.0,-1
1.370485,1.370485,1.370485,1.370485,-1.0,-1.0,-1
1.370485,1.370485,1.370485,1.370485,-1.0,-1.0,-1
1.370485,1.370485,1.370485,1.370485,-1.0,-1.0,-1
1.370485,1.370495,1.370485,1.37049,-1.0,-1.0,-1
1.37049,1.370495,1.37049,1.370495,-1.0,-1.0,-1
1.370495,1.370495,1.37049,1.37049,-1.0,-1.0,-1
1.37049,1.370495,1.37049,1.37049,-1.0,-1.0,-1
1.37049,1.370495,1.37049,1.370495,-1.0,-1.0,-1
1.370495,1.370495,1.370495,1.370495,-1.0,-1.0,-1
1.370495,1.370505,1.370495,1.370495,-1.0,-1.0,-1
1.370495,1.370505,1.370495,1.370495,-1.0,-1.0,-1
1.370495,1.370505,1.370495,1.370495,-1.0,-1.0,-1
1.370495,1.370505,1.37049,1.37049,-1.0,-1.0,-1
1.37049,1.370495,1.37049,1.37049,-1.0,-1.0,-1
1.37049,1.370495,1.37048,1.37049,-1.0,-1.0,-1
1.37049,1.370495,1.37048,1.370485,-1.0,-1.0,-1
1.370485,1.370505,1.37048,1.3705,-1.0,-1.0,-1
1.3705,1.370505,1.3705,1.3705,-1.0,-1.0,-1
1.3705,1.370505,1.3705,1.3705,-1.0,-1.0,-1
1.3705,1.370505,1.370485,1.370485,-1.0,-1.0,-1
1.370485,1.370495,1.37048,1.370485,-1.0,-1.0,-1
1.370485,1.370505,1.370485,1.370495,-1.0,-1.0,-1
1.370495,1.370495,1.37049,1.370495,-1.0,-1.0,-1
1.370495,1.370505,1.370495,1.370495,-1.0,-1.0,-1
1.370495,1.37051,1.370495,1.37051,-1.0,-1.0,-1
1.37051,1.37052,1.37051,1.37052,-1.0,-1.0,-1
1.37052,1.37052,1.37049,1.370495,-1.0,-1.0,-1
1.370495,1.370495,1.370495,1.370495,-1.0,-1.0,-1
1.370495,1.370505,1.370495,1.3705,-1.0,-1.0,-1
1.3705,1.370505,1.37049,1.370495,-1.0,-1.0,-1
1.370495,1.370495,1.37049,1.370495,-1.0,-1.0,-1
1.370495,1.370495,1.37049,1.37049,-1.0,-1.0,-1
1.37049,1.370495,1.370475,1.370475,-1.0,-1.0,-1
1.370475,1.37048,1.370475,1.370475,-1.0,-1.0,-1
1.370475,1.37048,1.370475,1.370475,-1.0,-1.0,-1
1.370475,1.370475,1.37045,1.37045,-1.0,-1.0,-1
1.37045,1.370455,1.37044,1.37045,-1.0,-1.0,-1
1.37045,1.37046,1.37045,1.37045,-1.0,-1.0,-1
1.37045,1.370455,1.37045,1.37045,-1.0,-1.0,-1
1.37045,1.37046,1.37045,1.37046,-1.0,-1.0,-1
1.37046,1.370465,1.370455,1.370465,-1.0,-1.0,-1
1.370465,1.37048,1.370455,1.370475,-1.0,-1.0,-1
1.370475,1.37048,1.370465,1.37048,-1.0,-1.0,-1
1.37048,1.37048,1.37046,1.370465,-1.0,-1.0,-1
1.370465,1.37047,1.37046,1.37047,-1.0,-1.0,-1
1.37047,1.37047,1.370455,1.37047,-1.0,-1.0,-1
1.37047,1.37048,1.370465,1.37048,-1.0,-1.0,-1
1.37048,1.37048,1.37048,1.37048,-1.0,-1.0,-1
1.37048,1.370495,1.37048,1.370485,-1.0,-1.0,-1
1.370485,1.370495,1.37048,1.370485,-1.0,-1.0,-1
1.370485,1.370495,1.370485,1.37049,-1.0,-1.0,-1
1.37049,1.37051,1.370465,1.37051,-1.0,-1.0,-1
1.37051,1.37051,1.3705,1.3705,-1.0,-1.0,-1
1.3705,1.370515,1.370485,1.370515,-1.0,-1.0,-1
1.370515,1.370515,1.370485,1.370485,-1.0,-1.0,-1
1.370485,1.370505,1.37048,1.370505,-1.0,-1.0,-1
1.370505,1.370505,1.37049,1.370495,-1.0,-1.0,-1
1.370495,1.370505,1.370495,1.370495,-1.0,-1.0,-1
1.370495,1.370495,1.370485,1.37049,-1.0,-1.0,-1
1.37049,1.370495,1.370485,1.370485,-1.0,-1.0,-1
1.370485,1.370505,1.370485,1.370495,-1.0,-1.0,-1
1.370495,1.370515,1.370495,1.370515,-1.0,-1.0,-1
1.370515,1.37052,1.370505,1.370515,-1.0,-1.0,-1
1.370515,1.37054,1.3705,1.37054,-1.0,-1.0,-1
1.37054,1.370575,1.370535,1.37056,-1.0,-1.0,-1
1.37056,1.37057,1.370555,1.37057,-1.0,-1.0,-1
1.37057,1.370575,1.370555,1.37057,-1.0,-1.0,-1
1.37057,1.370605,1.370545,1.370545,-1.0,-1.0,-1
1.370545,1.37056,1.370545,1.370555,-1.0,-1.0,-1
1.370555,1.370605,1.370545,1.370575,-1.0,-1.0,-1
1.370575,1.370575,1.370545,1.37055,-1.0,-1.0,-1
1.37055,1.37057,1.370545,1.37057,-1.0,-1.0,-1
1.37057,1.37057,1.370545,1.37055,-1.0,-1.0,-1
1.37055,1.37055,1.370545,1.370545,-1.0,-1.0,-1
1.370545,1.370545,1.370545,1.370545,-1.0,-1.0,-1
1.370545,1.37055,1.370545,1.370545,-1.0,-1.0,-1
1.370545,1.37056,1.370545,1.370545,-1.0,-1.0,-1
1.370545,1.37055,1.370515,1.37053,-1.0,-1.0,-1
1.37053,1.37055,1.37053,1.370545,-1.0,-1.0,-1
1.370545,1.37058,1.370545,1.37058,-1.0,-1.0,-1
1.37058,1.370605,1.37058,1.370605,-1.0,-1.0,-1
1.370605,1.37063,1.370605,1.37063,-1.0,-1.0,-1
1.37063,1.37063,1.370605,1.370605,-1.0,-1.0,-1
1.370605,1.37061,1.370605,1.37061,-1.0,-1.0,-1
1.37061,1.370615,1.370605,1.370615,-1.0,-1.0,-1
1.370615,1.370625,1.370615,1.37062,-1.0,-1.0,-1
1.37062,1.370625,1.37062,1.37062,-1.0,-1.0,-1
1.37062,1.37063,1.370605,1.370605,-1.0,-1.0,-1
1.370605,1.370615,1.370605,1.37061,-1.0,-1.0,-1
1.37061,1.370615,1.37059,1.37059,-1.0,-1.0,-1
1.37059,1.37063,1.37059,1.370625,-1.0,-1.0,-1
1.370625,1.37063,1.370615,1.37062,-1.0,-1.0,-1
1.37062,1.370625,1.370615,1.370615,-1.0,-1.0,-1
1.370615,1.37063,1.37061,1.37062,-1.0,-1.0,-1
1.37062,1.370625,1.370615,1.37062,-1.0,-1.0,-1
1.37062,1.37063,1.37062,1.37063,-1.0,-1.0,-1
1.37063,1.37063,1.37062,1.37063,-1.0,-1.0,-1
1.37063,1.370645,1.370625,1.370635,-1.0,-1.0,-1
1.370635,1.37064,1.370625,1.370635,-1.0,-1.0,-1
1.370635,1.37064,1.37061,1.370625,-1.0,-1.0,-1
1.370625,1.37063,1.370585,1.370585,-1.0,-1.0,-1
1.370585,1.3706,1.370585,1.37059,-1.0,-1.0,-1
1.37059,1.3706,1.370545,1.37055,-1.0,-1.0,-1
1.37055,1.370555,1.370545,1.370555,-1.0,-1.0,-1
1.370555,1.37057,1.370555,1.370555,-1.0,-1.0,-1
1.370555,1.370555,1.370545,1.37055,-1.0,-1.0,-1
1.37055,1.37057,1.370545,1.37057,-1.0,-1.0,-1
1.37057,1.370575,1.370555,1.370555,-1.0,-1.0,-1
1.370555,1.370565,1.370545,1.370555,-1.0,-1.0,-1
1.370555,1.37056,1.370545,1.37055,-1.0,-1.0,-1
1.37055,1.370555,1.370545,1.37055,-1.0,-1.0,-1
1.37055,1.37055,1.370545,1.37055,-1.0,-1.0,-1
1.37055,1.37055,1.370545,1.37055,-1.0,-1.0,-1
1.37055,1.370555,1.370545,1.370555,-1.0,-1.0,-1
1.370555,1.370555,1.370555,1.370555,-1.0,-1.0,-1
1.370555,1.37056,1.370555,1.37056,-1.0,-1.0,-1
1.37056,1.37067,1.370555,1.37066,-1.0,-1.0,-1
1.37066,1.37066,1.37063,1.370645,-1.0,-1.0,-1
1.370645,1.37065,1.37064,1.370645,-1.0,-1.0,-1
1.370645,1.370645,1.37063,1.370645,-1.0,-1.0,-1
1.370645,1.370645,1.37063,1.37064,-1.0,-1.0,-1
1.37064,1.370645,1.37063,1.37064,-1.0,-1.0,-1
1.37064,1.37067,1.37064,1.370655,-1.0,-1.0,-1
1.370655,1.37067,1.370655,1.370665,-1.0,-1.0,-1
1.370665,1.37067,1.37064,1.370645,-1.0,-1.0,-1
1.370645,1.37065,1.37064,1.37065,-1.0,-1.0,-1
1.37065,1.370675,1.37064,1.370675,-1.0,-1.0,-1
1.370675,1.37068,1.370675,1.37068,-1.0,-1.0,-1
1.37068,1.37068,1.37068,1.37068,-1.0,-1.0,-1
1.37068,1.37069,1.37068,1.370685,-1.0,-1.0,-1
1.370685,1.370705,1.370675,1.370695,-1.0,-1.0,-1
1.370695,1.370725,1.37068,1.370725,-1.0,-1.0,-1
1.370725,1.370725,1.370695,1.370695,-1.0,-1.0,-1
1.370695,1.3707,1.370695,1.3707,-1.0,-1.0,-1
1.3707,1.3707,1.3707,1.3707,-1.0,-1.0,-1
1.3707,1.370705,1.370685,1.370705,-1.0,-1.0,-1
1.370705,1.370715,1.3707,1.3707,-1.0,-1.0,-1
1.3707,1.37071,1.3707,1.37071,-1.0,-1.0,-1
1.37071,1.37071,1.370695,1.370695,-1.0,-1.0,-1
1.370695,1.3707,1.370675,1.37068,-1.0,-1.0,-1
1.37068,1.370695,1.37068,1.37069,-1.0,-1.0,-1
1.37069,1.37069,1.370685,1.37069,-1.0,-1.0,-1
1.37069,1.370715,1.370685,1.370705,-1.0,-1.0,-1
1.370705,1.370715,1.370705,1.37071,-1.0,-1.0,-1
1.37071,1.37072,1.370705,1.370705,-1.0,-1.0,-1
1.370705,1.370705,1.370685,1.370695,-1.0,-1.0,-1
1.370695,1.370705,1.370695,1.370705,-1.0,-1.0,-1
1.370705,1.37072,1.3707,1.37071,-1.0,-1.0,-1
1.37071,1.370725,1.37071,1.37071,-1.0,-1.0,-1
1.37071,1.370725,1.370705,1.370725,-1.0,-1.0,-1
1.370725,1.37073,1.37072,1.370725,-1.0,-1.0,-1
1.370725,1.37075,1.370715,1.37075,-1.0,-1.0,-1
1.37075,1.370775,1.37075,1.370775,-1.0,-1.0,-1
1.370775,1.370775,1.370755,1.37076,-1.0,-1.0,-1
1.37076,1.370765,1.370745,1.370755,-1.0,-1.0,-1
1.370755,1.370765,1.370745,1.37075,-1.0,-1.0,-1
1.37075,1.37077,1.37075,1.37077,-1.0,-1.0,-1
1.37077,1.37077,1.370745,1.37075,-1.0,-1.0,-1
1.37075,1.370755,1.370735,1.37074,-1.0,-1.0,-1
1.37074,1.37076,1.37073,1.370735,-1.0,-1.0,-1
1.370735,1.370745,1.370725,1.370745,-1.0,-1.0,-1
1.370745,1.37075,1.3707,1.3707,-1.0,-1.0,-1
1.3707,1.3707,1.37068,1.37069,-1.0,-1.0,-1
1.37069,1.37072,1.370685,1.37072,-1.0,-1.0,-1
1.37072,1.370745,1.37072,1.370745,-1.0,-1.0,-1
1.370745,1.370745,1.37072,1.37072,-1.0,-1.0,-1
1.37072,1.370725,1.37072,1.37072,-1.0,-1.0,-1
1.37072,1.37072,1.37072,1.37072,-1.0,-1.0,-1
1.37072,1.370725,1.3707,1.3707,-1.0,-1.0,-1
1.3707,1.37071,1.37068,1.37068,-1.0,-1.0,-1
1.37068,1.37068,1.37068,1.37068,-1.0,-1.0,-1
1.37068,1.370725,1.37068,1.370725,-1.0,-1.0,-1
1.370725,1.370735,1.37072,1.37072,-1.0,-1.0,-1
1.37072,1.37073,1.37072,1.370725,-1.0,-1.0,-1
1.370725,1.370725,1.370705,1.370705,-1.0,-1.0,-1
1.370705,1.370705,1.3707,1.3707,-1.0,-1.0,-1
1.3707,1.370705,1.370685,1.3707,-1.0,-1.0,-1
1.3707,1.3707,1.370695,1.3707,-1.0,-1.0,-1
1.3707,1.370705,1.370695,1.370705,-1.0,-1.0,-1
1.370705,1.370705,1.370695,1.370695,-1.0,-1.0,-1
1.370695,1.370705,1.370695,1.370705,-1.0,-1.0,-1
1.370705,1.37072,1.370705,1.370715,-1.0,-1.0,-1
1.370715,1.37072,1.37068,1.37068,-1.0,-1.0,-1
1.37068,1.37068,1.37064,1.370645,-1.0,-1.0,-1
1.370645,1.37066,1.37064,1.37065,-1.0,-1.0,-1
1.37065,1.370655,1.37064,1.370655,-1.0,-1.0,-1
1.370655,1.370655,1.37064,1.37065,-1.0,-1.0,-1
1.37065,1.37065,1.37064,1.370645,-1.0,-1.0,-1
1.370645,1.370655,1.37064,1.370655,-1.0,-1.0,-1
1.370655,1.37067,1.37064,1.37064,-1.0,-1.0,-1
1.37064,1.37064,1.370625,1.37063,-1.0,-1.0,-1
1.37063,1.370635,1.370625,1.370635,-1.0,-1.0,-1
1.370635,1.370635,1.370615,1.37063,-1.0,-1.0,-1
1.37063,1.370635,1.37062,1.37063,-1.0,-1.0,-1
1.37063,1.370635,1.37062,1.370635,-1.0,-1.0,-1
1.370635,1.370675,1.37062,1.370675,-1.0,-1.0,-1
1.370675,1.370675,1.370675,1.370675,-1.0,-1.0,-1
1.370675,1.37068,1.370675,1.37068,-1.0,-1.0,-1
1.37068,1.37068,1.37068,1.37068,-1.0,-1.0,-1
1.37068,1.3707,1.37068,1.370695,-1.0,-1.0,-1
1.370695,1.370695,1.370695,1.370695,-1.0,-1.0,-1
1.370695,1.370705,1.370695,1.370695,-1.0,-1.0,-1
1.370695,1.370705,1.370695,1.370705,-1.0,-1.0,-1
1.370705,1.370705,1.370695,1.370695,-1.0,-1.0,-1
1.370695,1.370705,1.370695,1.370695,-1.0,-1.0,-1
1.370695,1.370695,1.370685,1.370695,-1.0,-1.0,-1
1.370695,1.3707,1.370685,1.370695,-1.0,-1.0,-1
1.370695,1.3707,1.370685,1.37069,-1.0,-1.0,-1
1.37069,1.37069,1.370595,1.37062,-1.0,-1.0,-1
1.37062,1.37065,1.37061,1.370645,-1.0,-1.0,-1
1.370645,1.37067,1.37064,1.370665,-1.0,-1.0,-1
1.370665,1.370695,1.370665,1.37068,-1.0,-1.0,-1
1.37068,1.37068,1.370625,1.37063,-1.0,-1.0,-1
1.37063,1.370635,1.37062,1.370635,-1.0,-1.0,-1
1.370635,1.370645,1.37063,1.37064,-1.0,-1.0,-1
1.37064,1.37067,1.37064,1.370655,-1.0,-1.0,-1
1.370655,1.370655,1.370655,1.370655,-1.0,-1.0,-1
1.370655,1.370655,1.370655,1.370655,-1.0,-1.0,-1
1.370655,1.370675,1.370655,1.370665,-1.0,-1.0,-1
1.370665,1.370675,1.37066,1.370665,-1.0,-1.0,-1
1.370665,1.370695,1.37066,1.37067,-1.0,-1.0,-1
1.37067,1.370675,1.370665,1.370665,-1.0,-1.0,-1
1.370665,1.37068,1.37066,1.37067,-1.0,-1.0,-1
1.37067,1.37067,1.370665,1.37067,-1.0,-1.0,-1
1.37067,1.3707,1.37067,1.3707,-1.0,-1.0,-1
1.3707,1.3707,1.370695,1.370695,-1.0,-1.0,-1
1.370695,1.370705,1.370695,1.370705,-1.0,-1.0,-1
1.370705,1.370705,1.3707,1.3707,-1.0,-1.0,-1
1.3707,1.3707,1.37068,1.37069,-1.0,-1.0,-1
1.37069,1.370705,1.370685,1.370705,-1.0,-1.0,-1
1.370705,1.370705,1.370705,1.370705,-1.0,-1.0,-1
1.370705,1.370705,1.37068,1.37069,-1.0,-1.0,-1
1.37069,1.370725,1.370665,1.370725,-1.0,-1.0,-1
1.370725,1.370725,1.370705,1.370705,-1.0,-1.0,-1
1.370705,1.370705,1.37068,1.37068,-1.0,-1.0,-1
1.37068,1.370695,1.37068,1.37069,-1.0,-1.0,-1
1.37069,1.3707,1.370685,1.3707,-1.0,-1.0,-1
1.3707,1.37072,1.3707,1.37072,-1.0,-1.0,-1
1.37072,1.37072,1.37068,1.370685,-1.0,-1.0,-1
1.370685,1.370695,1.37068,1.37068,-1.0,-1.0,-1
1.37068,1.37069,1.37068,1.37068,-1.0,-1.0,-1
1.37068,1.37069,1.37068,1.37068,-1.0,-1.0,-1
1.37068,1.37069,1.370675,1.37068,-1.0,-1.0,-1
1.37068,1.37068,1.37068,1.37068,-1.0,-1.0,-1
1.37068,1.370695,1.37068,1.370695,-1.0,-1.0,-1
1.370695,1.370695,1.370695,1.370695,-1.0,-1.0,-1
1.370695,1.370695,1.37067,1.37069,-1.0,-1.0,-1
1.37069,1.37069,1.37068,1.37069,-1.0,-1.0,-1
1.37069,1.37069,1.37068,1.37068,-1.0,-1.0,-1
1.37068,1.37068,1.370615,1.370625,-1.0,-1.0,-1
1.370625,1.370635,1.37061,1.370615,-1.0,-1.0,-1
1.370615,1.370615,1.370595,1.3706,-1.0,-1.0,-1
1.3706,1.370605,1.370595,1.3706,-1.0,-1.0,-1
1.3706,1.37061,1.370595,1.37061,-1.0,-1.0,-1
1.37061,1.370635,1.37061,1.37062,-1.0,-1.0,-1
1.37062,1.370635,1.370615,1.37062,-1.0,-1.0,-1
1.37062,1.37063,1.37062,1.37063,-1.0,-1.0,-1
1.37063,1.370635,1.37062,1.370635,-1.0,-1.0,-1
1.370635,1.370635,1.37061,1.37062,-1.0,-1.0,-1
1.37062,1.370635,1.37062,1.37062,-1.0,-1.0,-1
1.37062,1.370635,1.370615,1.37062,-1.0,-1.0,-1
1.37062,1.370625,1.37061,1.37062,-1.0,-1.0,-1
1.37062,1.370625,1.37061,1.370615,-1.0,-1.0,-1
1.370615,1.370625,1.370605,1.370615,-1.0,-1.0,-1
1.370615,1.370625,1.37061,1.37062,-1.0,-1.0,-1
1.37062,1.370625,1.37061,1.37061,-1.0,-1.0,-1
1.37061,1.370615,1.37061,1.370615,-1.0,-1.0,-1
1.370615,1.370625,1.370615,1.37062,-1.0,-1.0,-1
1.37062,1.37063,1.37061,1.37062,-1.0,-1.0,-1
1.37062,1.370625,1.370615,1.37062,-1.0,-1.0,-1
1.37062,1.370625,1.37061,1.370615,-1.0,-1.0,-1
1.370615,1.370635,1.370615,1.37063,-1.0,-1.0,-1
1.37063,1.370635,1.37061,1.370615,-1.0,-1.0,-1
1.370615,1.370635,1.370615,1.37062,-1.0,-1.0,-1
1.37062,1.37063,1.370615,1.37063,-1.0,-1.0,-1
1.37063,1.370655,1.37062,1.37064,-1.0,-1.0,-1
1.37064,1.37064,1.37064,1.37064,-1.0,-1.0,-1
1.37064,1.370645,1.37064,1.370645,-1.0,-1.0,-1
1.370645,1.37065,1.37063,1.370645,-1.0,-1.0,-1
1.370645,1.37065,1.37063,1.370635,-1.0,-1.0,-1
1.370635,1.370675,1.37063,1.370675,-1.0,-1.0,-1
1.370675,1.37068,1.37067,1.37068,-1.0,-1.0,-1
1.37068,1.37068,1.37067,1.37068,-1.0,-1.0,-1
1.37068,1.37068,1.370655,1.370655,-1.0,-1.0,-1
1.370655,1.37067,1.370655,1.37066,-1.0,-1.0,-1
1.37066,1.37067,1.370625,1.37063,-1.0,-1.0,-1
1.37063,1.37063,1.370605,1.370605,-1.0,-1.0,-1
1.370605,1.370605,1.370595,1.3706,-1.0,-1.0,-1
1.3706,1.370615,1.370595,1.370615,-1.0,-1.0,-1
1.370615,1.370615,1.370615,1.370615,-1.0,-1.0,-1
1.370615,1.370615,1.37061,1.37061,-1.0,-1.0,-1
1.37061,1.370635,1.37061,1.370635,-1.0,-1.0,-1
1.370635,1.370635,1.37063,1.370635,-1.0,-1.0,-1
1.370635,1.370635,1.370625,1.37063,-1.0,-1.0,-1
1.37063,1.37064,1.370615,1.370625,-1.0,-1.0,-1
1.370625,1.37064,1.370615,1.37062,-1.0,-1.0,-1
1.37062,1.37063,1.37062,1.37063,-1.0,-1.0,-1
1.37063,1.37063,1.37062,1.37062,-1.0,-1.0,-1
1.37062,1.370625,1.370615,1.37062,-1.0,-1.0,-1
1.37062,1.370625,1.37062,1.37062,-1.0,-1.0,-1
1.37062,1.37063,1.370615,1.370615,-1.0,-1.0,-1
1.370615,1.370625,1.370615,1.37062,-1.0,-1.0,-1
1.37062,1.370625,1.37062,1.37062,-1.0,-1.0,-1
1.37062,1.370625,1.370615,1.37062,-1.0,-1.0,-1
1.37062,1.370635,1.37062,1.37063,-1.0,-1.0,-1
1.37063,1.370635,1.370625,1.37063,-1.0,-1.0,-1
1.37063,1.370635,1.370625,1.370635,-1.0,-1.0,-1
1.370635,1.370635,1.370625,1.37063,-1.0,-1.0,-1
1.37063,1.370635,1.370625,1.370635,-1.0,-1.0,-1
1.370635,1.370635,1.370625,1.370635,-1.0,-1.0,-1
1.370635,1.370635,1.37063,1.370635,-1.0,-1.0,-1
1.370635,1.370635,1.37063,1.370635,-1.0,-1.0,-1
1.370635,1.370635,1.370625,1.370625,-1.0,-1.0,-1
1.370625,1.37063,1.37062,1.37062,-1.0,-1.0,-1
1.37062,1.370625,1.37062,1.370625,-1.0,-1.0,-1
1.370625,1.370675,1.370625,1.37067,-1.0,-1.0,-1
1.37067,1.370675,1.370665,1.370665,-1.0,-1.0,-1
1.370665,1.37067,1.370665,1.370665,-1.0,-1.0,-1
1.370665,1.37067,1.37066,1.37066,-1.0,-1.0,-1
1.37066,1.37067,1.37066,1.37067,-1.0,-1.0,-1
1.37067,1.370675,1.37066,1.370665,-1.0,-1.0,-1
1.370665,1.370675,1.370665,1.370665,-1.0,-1.0,-1
1.370665,1.37067,1.37064,1.370645,-1.0,-1.0,-1
1.370645,1.370645,1.370625,1.37063,-1.0,-1.0,-1
1.37063,1.37063,1.370625,1.37063,-1.0,-1.0,-1
1.37063,1.370635,1.37061,1.37062,-1.0,-1.0,-1
1.37062,1.37063,1.37061,1.37061,-1.0,-1.0,-1
1.37061,1.37061,1.370605,1.370605,-1.0,-1.0,-1
1.370605,1.370625,1.370605,1.37062,-1.0,-1.0,-1
1.37062,1.37063,1.370605,1.370615,-1.0,-1.0,-1
1.370615,1.370625,1.370605,1.370615,-1.0,-1.0,-1
1.370615,1.370615,1.370605,1.37061,-1.0,-1.0,-1
1.37061,1.370615,1.370605,1.370615,-1.0,-1.0,-1
1.370615,1.370615,1.370605,1.37061,-1.0,-1.0,-1
1.37061,1.37061,1.370595,1.370605,-1.0,-1.0,-1
1.370605,1.370605,1.370605,1.370605,-1.0,-1.0,-1
1.370605,1.37061,1.370595,1.37061,-1.0,-1.0,-1
1.37061,1.37061,1.37059,1.370605,-1.0,-1.0,-1
1.370605,1.37061,1.370595,1.370605,-1.0,-1.0,-1
1.370605,1.370615,1.370585,1.3706,-1.0,-1.0,-1
1.3706,1.3706,1.370585,1.37059,-1.0,-1.0,-1
1.37059,1.3706,1.370585,1.3706,-1.0,-1.0,-1
1.3706,1.3706,1.370585,1.37059,-1.0,-1.0,-1
1.37059,1.3706,1.370585,1.37059,-1.0,-1.0,-1
1.37059,1.3706,1.37059,1.37059,-1.0,-1.0,-1
1.37059,1.3706,1.370585,1.370595,-1.0,-1.0,-1
1.370595,1.37065,1.37059,1.37065,-1.0,-1.0,-1
1.37065,1.37065,1.37064,1.37064,-1.0,-1.0,-1
1.37064,1.37064,1.37062,1.370625,-1.0,-1.0,-1
1.370625,1.370635,1.370625,1.370635,-1.0,-1.0,-1
1.370635,1.370635,1.370625,1.370625,-1.0,-1.0,-1
1.370625,1.370635,1.370615,1.370625,-1.0,-1.0,-1
1.370625,1.370635,1.370595,1.370605,-1.0,-1.0,-1
1.370605,1.37061,1.37059,1.3706,-1.0,-1.0,-1
1.3706,1.37061,1.370595,1.370605,-1.0,-1.0,-1
1.370605,1.37061,1.370595,1.37061,-1.0,-1.0,-1
1.37061,1.37061,1.370605,1.370605,-1.0,-1.0,-1
1.370605,1.37061,1.370595,1.3706,-1.0,-1.0,-1
1.3706,1.37061,1.370595,1.37061,-1.0,-1.0,-1
1.37061,1.370615,1.370605,1.37061,-1.0,-1.0,-1
1.37061,1.37061,1.370595,1.3706,-1.0,-1.0,-1
1.3706,1.370605,1.37059,1.37059,-1.0,-1.0,-1
1.37059,1.3706,1.370585,1.37059,-1.0,-1.0,-1
1.37059,1.37063,1.37059,1.37063,-1.0,-1.0,-1
1.37063,1.37064,1.370625,1.37064,-1.0,-1.0,-1
1.37064,1.37064,1.37064,1.37064,-1.0,-1.0,-1
1.37064,1.37065,1.37064,1.37065,-1.0,-1.0,-1
1.37065,1.37067,1.37065,1.37066,-1.0,-1.0,-1
1.37066,1.37066,1.37063,1.370635,-1.0,-1.0,-1
1.370635,1.37064,1.370625,1.37064,-1.0,-1.0,-1
1.37064,1.370655,1.37064,1.37065,-1.0,-1.0,-1
1.37065,1.370675,1.37064,1.37067,-1.0,-1.0,-1
1.37067,1.37067,1.37065,1.37065,-1.0,-1.0,-1
1.37065,1.37067,1.37065,1.37067,-1.0,-1.0,-1
1.37067,1.37067,1.370655,1.37066,-1.0,-1.0,-1
1.37066,1.37066,1.37065,1.37065,-1.0,-1.0,-1
1.37065,1.370655,1.37065,1.370655,-1.0,-1.0,-1
1.370655,1.37067,1.370655,1.370665,-1.0,-1.0,-1
1.370665,1.37067,1.37066,1.37066,-1.0,-1.0,-1
1.37066,1.370675,1.37066,1.37067,-1.0,-1.0,-1
1.37067,1.37067,1.370665,1.370665,-1.0,-1.0,-1
1.370665,1.37067,1.37066,1.37066,-1.0,-1.0,-1
1.37066,1.37066,1.370655,1.370655,-1.0,-1.0,-1
1.370655,1.37066,1.370655,1.37066,-1.0,-1.0,-1
1.37066,1.37066,1.37066,1.37066,-1.0,-1.0,-1
1.37066,1.37066,1.370655,1.370655,-1.0,-1.0,-1
1.370655,1.37066,1.370655,1.37066,-1.0,-1.0,-1
1.37066,1.37067,1.37066,1.37066,-1.0,-1.0,-1
1.37066,1.37067,1.37066,1.370665,-1.0,-1.0,-1
1.370665,1.37067,1.370665,1.37067,-1.0,-1.0,-1
1.37067,1.37068,1.37065,1.37065,-1.0,-1.0,-1
1.37065,1.37067,1.37064,1.370665,-1.0,-1.0,-1
1.370665,1.37067,1.37066,1.370665,-1.0,-1.0,-1
1.370665,1.37067,1.370665,1.370665,-1.0,-1.0,-1
1.370665,1.37067,1.37064,1.37065,-1.0,-1.0,-1
1.37065,1.37067,1.37064,1.370665,-1.0,-1.0,-1
1.370665,1.37067,1.370665,1.370665,-1.0,-1.0,-1
1.370665,1.37067,1.37066,1.37066,-1.0,-1.0,-1
1.37066,1.37067,1.370655,1.37067,-1.0,-1.0,-1
1.37067,1.37068,1.37065,1.370655,-1.0,-1.0,-1
1.370655,1.37066,1.37065,1.370655,-1.0,-1.0,-1
1.370655,1.370655,1.37064,1.37064,-1.0,-1.0,-1
1.37064,1.370645,1.37064,1.370645,-1.0,-1.0,-1
1.370645,1.370645,1.37063,1.370635,-1.0,-1.0,-1
1.370635,1.370635,1.37063,1.370635,-1.0,-1.0,-1
1.370635,1.37064,1.37063,1.370635,-1.0,-1.0,-1
1.370635,1.370635,1.37063,1.370635,-1.0,-1.0,-1
1.370635,1.370635,1.370625,1.370635,-1.0,-1.0,-1
1.370635,1.370635,1.370625,1.37063,-1.0,-1.0,-1
1.37063,1.37063,1.370625,1.37063,-1.0,-1.0,-1
1.37063,1.37063,1.370625,1.37063,-1.0,-1.0,-1
1.37063,1.37063,1.370605,1.37061,-1.0,-1.0,-1
1.37061,1.37061,1.37059,1.37059,-1.0,-1.0,-1
1.37059,1.370605,1.37059,1.37059,-1.0,-1.0,-1
1.37059,1.37059,1.37059,1.37059,-1.0,-1.0,-1
1.37059,1.37059,1.37059,1.37059,-1.0,-1.0,-1
1.37059,1.370605,1.37059,1.370595,-1.0,-1.0,-1
1.370595,1.3706,1.37059,1.37059,-1.0,-1.0,-1
1.37059,1.37061,1.37059,1.37061,-1.0,-1.0,-1
1.37061,1.370615,1.37061,1.370615,-1.0,-1.0,-1
1.370615,1.370625,1.37061,1.370615,-1.0,-1.0,-1
1.370615,1.370615,1.37061,1.37061,-1.0,-1.0,-1
1.37061,1.370615,1.37059,1.37059,-1.0,-1.0,-1
1.37059,1.37061,1.37059,1.37061,-1.0,-1.0,-1
1.37061,1.370625,1.37061,1.370625,-1.0,-1.0,-1
1.370625,1.37063,1.370615,1.370615,-1.0,-1.0,-1
1.370615,1.370625,1.370615,1.370615,-1.0,-1.0,-1
1.370615,1.37063,1.370615,1.37063,-1.0,-1.0,-1
1.37063,1.37063,1.37062,1.37063,-1.0,-1.0,-1
1.37063,1.37063,1.37062,1.370625,-1.0,-1.0,-1
1.370625,1.370635,1.37062,1.370635,-1.0,-1.0,-1
1.370635,1.370635,1.37061,1.37061,-1.0,-1.0,-1
1.37061,1.37061,1.370605,1.37061,-1.0,-1.0,-1
1.37061,1.37061,1.37061,1.37061,-1.0,-1.0,-1
1.37061,1.37061,1.37061,1.37061,-1.0,-1.0,-1
1.37061,1.37063,1.37061,1.37063,-1.0,-1.0,-1
1.37063,1.37063,1.370615,1.370625,-1.0,-1.0,-1
1.370625,1.370625,1.370615,1.370615,-1.0,-1.0,-1
1.370615,1.370625,1.370595,1.370595,-1.0,-1.0,-1
1.370595,1.37061,1.370595,1.37061,-1.0,-1.0,-1
1.37061,1.37061,1.37061,1.37061,-1.0,-1.0,-1
1.37061,1.370615,1.37061,1.37061,-1.0,-1.0,-1
1.37061,1.370615,1.37061,1.370615,-1.0,-1.0,-1
1.370615,1.370615,1.37061,1.37061,-1.0,-1.0,-1
1.37061,1.37061,1.37059,1.37059,-1.0,-1.0,-1
1.37059,1.370605,1.37059,1.37059,-1.0,-1.0,-1
1.37059,1.37059,1.370585,1.37059,-1.0,-1.0,-1
1.37059,1.37059,1.37058,1.370585,-1.0,-1.0,-1
1.370585,1.37059,1.370585,1.37059,-1.0,-1.0,-1
1.37059,1.37059,1.370585,1.370585,-1.0,-1.0,-1
1.370585,1.37059,1.370585,1.37059,-1.0,-1.0,-1
1.37059,1.37059,1.37059,1.37059,-1.0,-1.0,-1
1.37059,1.37061,1.37059,1.37061,-1.0,-1.0,-1
1.37061,1.37061,1.37059,1.37059,-1.0,-1.0,-1
1.37059,1.37059,1.37059,1.37059,-1.0,-1.0,-1
1.37059,1.37059,1.37058,1.37059,-1.0,-1.0,-1
1.37059,1.37059,1.37058,1.37058,-1.0,-1.0,-1
1.37058,1.37059,1.37058,1.37058,-1.0,-1.0,-1
1.37058,1.37058,1.37058,1.37058,-1.0,-1.0,-1
1.37058,1.37058,1.37058,1.37058,-1.0,-1.0,-1
1.37058,1.37058,1.37058,1.37058,-1.0,-1.0,-1
1.37058,1.37059,1.37058,1.37058,-1.0,-1.0,-1
1.37058,1.37059,1.37058,1.37058,-1.0,-1.0,-1
1.37058,1.37058,1.370565,1.37058,-1.0,-1.0,-1
1.37058,1.37058,1.37053,1.370535,-1.0,-1.0,-1
1.370535,1.370535,1.37052,1.37052,-1.0,-1.0,-1
1.37052,1.370525,1.37052,1.370525,-1.0,-1.0,-1
1.370525,1.370525,1.37052,1.370525,-1.0,-1.0,-1
1.370525,1.37059,1.370525,1.37059,-1.0,-1.0,-1
1.37059,1.37061,1.37059,1.37061,-1.0,-1.0,-1
1.37061,1.37061,1.37059,1.37059,-1.0,-1.0,-1
1.37059,1.3706,1.37059,1.370595,-1.0,-1.0,-1
1.370595,1.370615,1.370595,1.37061,-1.0,-1.0,-1
1.37061,1.37061,1.37061,1.37061,-1.0,-1.0,-1
1.37061,1.37061,1.370595,1.370595,-1.0,-1.0,-1
1.370595,1.370605,1.370595,1.370605,-1.0,-1.0,-1
1.370605,1.370655,1.370605,1.370655,-1.0,-1.0,-1
1.370655,1.370655,1.370655,1.370655,-1.0,-1.0,-1
1.370655,1.370655,1.37062,1.370625,-1.0,-1.0,-1
1.370625,1.370625,1.37062,1.370625,-1.0,-1.0,-1
1.370625,1.370625,1.37061,1.37061,-1.0,-1.0,-1
1.37061,1.370615,1.37061,1.37061,-1.0,-1.0,-1
1.37061,1.37061,1.370595,1.3706,-1.0,-1.0,-1
1.3706,1.3706,1.37059,1.37059,-1.0,-1.0,-1
1.37059,1.37061,1.37059,1.3706,-1.0,-1.0,-1
1.3706,1.37061,1.370595,1.37061,-1.0,-1.0,-1
1.37061,1.37061,1.37061,1.37061,-1.0,-1.0,-1
1.37061,1.37061,1.37061,1.37061,-1.0,-1.0,-1
1.37061,1.37061,1.37059,1.370605,-1.0,-1.0,-1
1.370605,1.37061,1.370605,1.37061,-1.0,-1.0,-1
1.37061,1.37061,1.37061,1.37061,-1.0,-1.0,-1
1.37061,1.37061,1.37061,1.37061,-1.0,-1.0,-1
1.37061,1.37061,1.37061,1.37061,-1.0,-1.0,-1
1.37061,1.37061,1.37061,1.37061,-1.0,-1.0,-1
1.37061,1.37061,1.37061,1.37061,-1.0,-1.0,-1
1.37061,1.37061,1.37059,1.370595,-1.0,-1.0,-1
1.370595,1.37063,1.370595,1.37063,-1.0,-1.0,-1
1.37063,1.37063,1.370625,1.37063,-1.0,-1.0,-1
1.37063,1.37063,1.370625,1.37063,-1.0,-1.0,-1
1.37063,1.37063,1.370625,1.37063,-1.0,-1.0,-1
1.37063,1.37063,1.370595,1.37061,-1.0,-1.0,-1
1.37061,1.37061,1.370595,1.370605,-1.0,-1.0,-1
1.370605,1.37061,1.370605,1.37061,-1.0,-1.0,-1
1.37061,1.37061,1.37061,1.37061,-1.0,-1.0,-1
1.37061,1.37061,1.37061,1.37061,-1.0,-1.0,-1
1.37061,1.37061,1.37061,1.37061,-1.0,-1.0,-1
1.37061,1.37061,1.37061,1.37061,-1.0,-1.0,-1
1.37061,1.37061,1.37061,1.37061,-1.0,-1.0,-1
1.37061,1.37061,1.37061,1.37061,-1.0,-1.0,-1
1.37061,1.370615,1.37061,1.370615,-1.0,-1.0,-1
1.370615,1.370615,1.37061,1.370615,-1.0,-1.0,-1
1.370615,1.370615,1.370615,1.370615,-1.0,-1.0,-1
1.370615,1.37063,1.370615,1.370625,-1.0,-1.0,-1
1.370625,1.370675,1.37062,1.37067,-1.0,-1.0,-1
1.37067,1.37067,1.37061,1.37061,-1.0,-1.0,-1
1.37061,1.37061,1.37061,1.37061,-1.0,-1.0,-1
1.37061,1.37061,1.37061,1.37061,-1.0,-1.0,-1
1.37061,1.37061,1.37061,1.37061,-1.0,-1.0,-1
1.37061,1.37061,1.37061,1.37061,-1.0,-1.0,-1
1.37061,1.37061,1.370605,1.37061,-1.0,-1.0,-1
1.37061,1.370655,1.37061,1.370655,-1.0,-1.0,-1
1.370655,1.370655,1.370655,1.370655,-1.0,-1.0,-1
1.370655,1.370655,1.370655,1.370655,-1.0,-1.0,-1
1.370655,1.370655,1.370555,1.37058,-1.0,-1.0,-1
1.37058,1.37059,1.37058,1.370585,-1.0,-1.0,-1
1.370585,1.37059,1.370585,1.370585,-1.0,-1.0,-1
1.370585,1.37059,1.370585,1.37059,-1.0,-1.0,-1
1.37059,1.37059,1.370585,1.370585,-1.0,-1.0,-1
1.370585,1.37059,1.370585,1.370585,-1.0,-1.0,-1
1.370585,1.37059,1.37058,1.37058,-1.0,-1.0,-1
1.37058,1.37059,1.37058,1.370585,-1.0,-1.0,-1
1.370585,1.37059,1.370575,1.370575,-1.0,-1.0,-1
1.370575,1.37058,1.370575,1.37058,-1.0,-1.0,-1
1.37058,1.37059,1.37058,1.370585,-1.0,-1.0,-1
1.370585,1.37059,1.37058,1.37058,-1.0,-1.0,-1
1.37058,1.37059,1.37058,1.370585,-1.0,-1.0,-1
1.370585,1.37059,1.370575,1.370585,-1.0,-1.0,-1
1.370585,1.37059,1.37058,1.37058,-1.0,-1.0,-1
1.37058,1.37059,1.37058,1.37058,-1.0,-1.0,-1
1.37058,1.37059,1.37058,1.37058,-1.0,-1.0,-1
1.37058,1.37058,1.37056,1.37057,-1.0,-1.0,-1
1.37057,1.37057,1.370545,1.37055,-1.0,-1.0,-1
1.37055,1.37056,1.370545,1.37056,-1.0,-1.0,-1
1.37056,1.37056,1.370545,1.37055,-1.0,-1.0,-1
1.37055,1.37056,1.370545,1.37056,-1.0,-1.0,-1
1.37056,1.37056,1.370555,1.370555,-1.0,-1.0,-1
1.370555,1.37057,1.370555,1.370565,-1.0,-1.0,-1
1.370565,1.37057,1.370555,1.37056,-1.0,-1.0,-1
1.37056,1.370565,1.370555,1.37056,-1.0,-1.0,-1
1.37056,1.3706,1.370555,1.370595,-1.0,-1.0,-1
1.370595,1.3706,1.37058,1.37058,-1.0,-1.0,-1
1.37058,1.37058,1.370575,1.37058,-1.0,-1.0,-1
1.37058,1.37059,1.37058,1.370585,-1.0,-1.0,-1
1.370585,1.37059,1.37058,1.370585,-1.0,-1.0,-1
1.370585,1.3706,1.370585,1.37059,-1.0,-1.0,-1
1.37059,1.370605,1.370585,1.370585,-1.0,-1.0,-1
1.370585,1.37059,1.370585,1.37059,-1.0,-1.0,-1
1.37059,1.37059,1.37059,1.37059,-1.0,-1.0,-1
1.37059,1.37059,1.370555,1.370575,-1.0,-1.0,-1
1.370575,1.37058,1.370555,1.370555,-1.0,-1.0,-1
1.370555,1.37056,1.370555,1.37056,-1.0,-1.0,-1
1.37056,1.370565,1.370555,1.370555,-1.0,-1.0,-1
1.370555,1.370555,1.370555,1.370555,-1.0,-1.0,-1
1.370555,1.370565,1.370555,1.370565,-1.0,-1.0,-1
1.370565,1.370565,1.370555,1.370565,-1.0,-1.0,-1
1.370565,1.370565,1.370555,1.37056,-1.0,-1.0,-1
1.37056,1.37056,1.370555,1.370555,-1.0,-1.0,-1
1.370555,1.370555,1.370555,1.370555,-1.0,-1.0,-1
1.370555,1.370555,1.370555,1.370555,-1.0,-1.0,-1
1.370555,1.370555,1.370555,1.370555,-1.0,-1.0,-1
1.370555,1.37057,1.370555,1.37057,-1.0,-1.0,-1
1.37057,1.370575,1.37057,1.370575,-1.0,-1.0,-1
1.370575,1.370575,1.370555,1.37056,-1.0,-1.0,-1
1.37056,1.37056,1.370545,1.370545,-1.0,-1.0,-1
1.370545,1.37055,1.370535,1.37054,-1.0,-1.0,-1
1.37054,1.37055,1.370535,1.370545,-1.0,-1.0,-1
1.370545,1.370555,1.370535,1.370555,-1.0,-1.0,-1
1.370555,1.37056,1.370555,1.37056,-1.0,-1.0,-1
1.37056,1.37056,1.370555,1.370555,-1.0,-1.0,-1
1.370555,1.37056,1.370555,1.37056,-1.0,-1.0,-1
1.37056,1.37057,1.370555,1.370565,-1.0,-1.0,-1
1.370565,1.370565,1.370545,1.37055,-1.0,-1.0,-1
1.37055,1.37061,1.370545,1.370605,-1.0,-1.0,-1
1.370605,1.37061,1.370605,1.370605,-1.0,-1.0,-1
1.370605,1.370605,1.370545,1.37055,-1.0,-1.0,-1
1.37055,1.37055,1.370545,1.37055,-1.0,-1.0,-1
1.37055,1.37056,1.370545,1.37056,-1.0,-1.0,-1
1.37056,1.37056,1.370555,1.37056,-1.0,-1.0,-1
1.37056,1.370565,1.370555,1.37056,-1.0,-1.0,-1
1.37056,1.370565,1.370555,1.37056,-1.0,-1.0,-1
1.37056,1.370565,1.370555,1.37056,-1.0,-1.0,-1
1.37056,1.37056,1.370545,1.37056,-1.0,-1.0,-1
1.37056,1.37056,1.370465,1.370505,-1.0,-1.0,-1
1.370505,1.37052,1.37043,1.37047,-1.0,-1.0,-1
1.37047,1.370475,1.37045,1.370475,-1.0,-1.0,-1
1.370475,1.370485,1.370455,1.370465,-1.0,-1.0,-1
1.370465,1.37047,1.37045,1.37046,-1.0,-1.0,-1
1.37046,1.37047,1.370405,1.37042,-1.0,-1.0,-1
1.37042,1.37046,1.3704,1.37046,-1.0,-1.0,-1
1.37046,1.370465,1.370455,1.370465,-1.0,-1.0,-1
1.370465,1.370465,1.370435,1.37045,-1.0,-1.0,-1
1.37045,1.37046,1.370445,1.37045,-1.0,-1.0,-1
1.37045,1.37045,1.37044,1.37044,-1.0,-1.0,-1
1.37044,1.37051,1.37043,1.37051,-1.0,-1.0,-1
1.37051,1.370515,1.370465,1.370505,-1.0,-1.0,-1
1.370505,1.370505,1.370475,1.370475,-1.0,-1.0,-1
1.370475,1.370515,1.370465,1.37051,-1.0,-1.0,-1
1.37051,1.37051,1.37051,1.37051,-1.0,-1.0,-1
1.37051,1.370525,1.37051,1.37052,-1.0,-1.0,-1
1.37052,1.37052,1.37051,1.370515,-1.0,-1.0,-1
1.370515,1.370515,1.37051,1.370515,-1.0,-1.0,-1
1.370515,1.370515,1.370465,1.37051,-1.0,-1.0,-1
1.37051,1.37051,1.370455,1.370465,-1.0,-1.0,-1
1.370465,1.370505,1.37046,1.370475,-1.0,-1.0,-1
1.370475,1.370505,1.370445,1.370445,-1.0,-1.0,-1
1.370445,1.370445,1.37042,1.370425,-1.0,-1.0,-1
1.370425,1.37043,1.37042,1.37042,-1.0,-1.0,-1
1.37042,1.370425,1.37042,1.370425,-1.0,-1.0,-1
1.370425,1.37043,1.370415,1.370425,-1.0,-1.0,-1
1.370425,1.370425,1.3704,1.370405,-1.0,-1.0,-1
1.370405,1.37041,1.370405,1.37041,-1.0,-1.0,-1
1.37041,1.37041,1.370405,1.37041,-1.0,-1.0,-1
1.37041,1.37041,1.3704,1.3704,-1.0,-1.0,-1
1.3704,1.3704,1.370395,1.3704,-1.0,-1.0,-1
1.3704,1.3704,1.370395,1.3704,-1.0,-1.0,-1
1.3704,1.3704,1.37037,1.370375,-1.0,-1.0,-1
1.370375,1.370375,1.37033,1.37033,-1.0,-1.0,-1
1.37033,1.37033,1.37032,1.37032,-1.0,-1.0,-1
1.37032,1.37032,1.370305,1.370315,-1.0,-1.0,-1
1.370315,1.37032,1.370315,1.37032,-1.0,-1.0,-1
1.37032,1.37033,1.37032,1.37033,-1.0,-1.0,-1
1.37033,1.370385,1.37033,1.370385,-1.0,-1.0,-1
1.370385,1.3704,1.37038,1.370395,-1.0,-1.0,-1
1.370395,1.3704,1.37039,1.3704,-1.0,-1.0,-1
1.3704,1.3704,1.370395,1.370395,-1.0,-1.0,-1
1.370395,1.3704,1.370395,1.370395,-1.0,-1.0,-1
1.370395,1.3704,1.370395,1.370395,-1.0,-1.0,-1
1.370395,1.37041,1.370395,1.3704,-1.0,-1.0,-1
1.3704,1.3704,1.37038,1.37038,-1.0,-1.0,-1
1.37038,1.37038,1.37038,1.37038,-1.0,-1.0,-1
1.37038,1.370405,1.37038,1.3704,-1.0,-1.0,-1
1.3704,1.370405,1.3704,1.3704,-1.0,-1.0,-1
1.3704,1.370405,1.370395,1.3704,-1.0,-1.0,-1
1.3704,1.370405,1.370395,1.370395,-1.0,-1.0,-1
1.370395,1.3704,1.370395,1.370395,-1.0,-1.0,-1
1.370395,1.3704,1.37039,1.370395,-1.0,-1.0,-1
1.370395,1.3704,1.370395,1.3704,-1.0,-1.0,-1
1.3704,1.37041,1.3704,1.370405,-1.0,-1.0,-1
1.370405,1.370405,1.3704,1.3704,-1.0,-1.0,-1
1.3704,1.3704,1.370395,1.370395,-1.0,-1.0,-1
1.370395,1.3704,1.370395,1.370395,-1.0,-1.0,-1
1.370395,1.3704,1.37037,1.37037,-1.0,-1.0,-1
1.37037,1.370375,1.37036,1.370365,-1.0,-1.0,-1
1.370365,1.37037,1.37036,1.37037,-1.0,-1.0,-1
1.37037,1.37037,1.37036,1.370365,-1.0,-1.0,-1
1.370365,1.37037,1.37036,1.37037,-1.0,-1.0,-1
1.37037,1.370375,1.370335,1.370335,-1.0,-1.0,-1
1.370335,1.370355,1.37032,1.37032,-1.0,-1.0,-1
1.37032,1.37033,1.37032,1.37033,-1.0,-1.0,-1
1.37033,1.37033,1.37032,1.370325,-1.0,-1.0,-1
1.370325,1.37033,1.370325,1.37033,-1.0,-1.0,-1
1.37033,1.37033,1.37033,1.37033,-1.0,-1.0,-1
1.37033,1.37037,1.37033,1.37037,-1.0,-1.0,-1
1.37037,1.37038,1.37035,1.37035,-1.0,-1.0,-1
1.37035,1.37039,1.37035,1.37038,-1.0,-1.0,-1
1.37038,1.37038,1.37038,1.37038,-1.0,-1.0,-1
1.37038,1.37041,1.37038,1.3704,-1.0,-1.0,-1
1.3704,1.3704,1.37039,1.3704,-1.0,-1.0,-1
1.3704,1.370425,1.37039,1.3704,-1.0,-1.0,-1
1.3704,1.3704,1.37037,1.37038,-1.0,-1.0,-1
1.37038,1.370385,1.37038,1.370385,-1.0,-1.0,-1
1.370385,1.370405,1.37038,1.3704,-1.0,-1.0,-1
1.3704,1.3704,1.3704,1.3704,-1.0,-1.0,-1
1.3704,1.37041,1.3704,1.3704,-1.0,-1.0,-1
1.3704,1.37041,1.3704,1.370405,-1.0,-1.0,-1
1.370405,1.370405,1.37038,1.37038,-1.0,-1.0,-1
1.37038,1.37038,1.37037,1.37037,-1.0,-1.0,-1
1.37037,1.37037,1.370345,1.370365,-1.0,-1.0,-1
1.370365,1.37037,1.37036,1.370365,-1.0,-1.0,-1
1.370365,1.37037,1.37036,1.37037,-1.0,-1.0,-1
1.37037,1.37037,1.37037,1.37037,-1.0,-1.0,-1
1.37037,1.37037,1.37037,1.37037,-1.0,-1.0,-1
1.37037,1.37037,1.37036,1.370365,-1.0,-1.0,-1
1.370365,1.37037,1.37036,1.370365,-1.0,-1.0,-1
1.370365,1.37037,1.370335,1.37036,-1.0,-1.0,-1
1.37036,1.37036,1.37035,1.37036,-1.0,-1.0,-1
1.37036,1.37037,1.370355,1.370365,-1.0,-1.0,-1
1.370365,1.370365,1.370335,1.370335,-1.0,-1.0,-1
1.370335,1.370345,1.37033,1.37033,-1.0,-1.0,-1
1.37033,1.37035,1.37033,1.370335,-1.0,-1.0,-1
1.370335,1.37037,1.370335,1.37037,-1.0,-1.0,-1
1.37037,1.37037,1.37037,1.37037,-1.0,-1.0,-1
1.37037,1.370405,1.37036,1.370365,-1.0,-1.0,-1
1.370365,1.370365,1.37035,1.37035,-1.0,-1.0,-1
1.37035,1.370365,1.37033,1.370365,-1.0,-1.0,-1
1.370365,1.370365,1.370345,1.370345,-1.0,-1.0,-1
1.370345,1.370345,1.37033,1.37033,-1.0,-1.0,-1
1.37033,1.37033,1.37033,1.37033,-1.0,-1.0,-1
1.37033,1.37033,1.37032,1.370325,-1.0,-1.0,-1
1.370325,1.37033,1.370325,1.37033,-1.0,-1.0,-1
1.37033,1.37034,1.37033,1.370335,-1.0,-1.0,-1
1.370335,1.370405,1.37033,1.370405,-1.0,-1.0,-1
1.370405,1.37041,1.37036,1.370375,-1.0,-1.0,-1
1.370375,1.370405,1.37037,1.370375,-1.0,-1.0,-1
1.370375,1.370375,1.37037,1.37037,-1.0,-1.0,-1
1.37037,1.370375,1.37037,1.37037,-1.0,-1.0,-1
1.37037,1.370405,1.37037,1.370405,-1.0,-1.0,-1
1.370405,1.370405,1.370355,1.370365,-1.0,-1.0,-1
1.370365,1.37037,1.37036,1.370365,-1.0,-1.0,-1
1.370365,1.370415,1.37036,1.370405,-1.0,-1.0,-1
1.370405,1.37041,1.37038,1.370395,-1.0,-1.0,-1
1.370395,1.370415,1.37037,1.370415,-1.0,-1.0,-1
1.370415,1.37042,1.370405,1.37041,-1.0,-1.0,-1
1.37041,1.37041,1.370405,1.37041,-1.0,-1.0,-1
1.37041,1.370415,1.370405,1.37041,-1.0,-1.0,-1
1.37041,1.370445,1.370405,1.370445,-1.0,-1.0,-1
1.370445,1.37045,1.370445,1.37045,-1.0,-1.0,-1
1.37045,1.370525,1.37044,1.370525,-1.0,-1.0,-1
1.370525,1.370605,1.370525,1.370605,-1.0,-1.0,-1
1.370605,1.37061,1.370545,1.370555,-1.0,-1.0,-1
1.370555,1.370605,1.37055,1.37056,-1.0,-1.0,-1
1.37056,1.37063,1.370555,1.37063,-1.0,-1.0,-1
1.37063,1.37063,1.37061,1.37061,-1.0,-1.0,-1
1.37061,1.370615,1.37061,1.370615,-1.0,-1.0,-1
1.370615,1.370615,1.370595,1.370595,-1.0,-1.0,-1
1.370595,1.3706,1.370585,1.37059,-1.0,-1.0,-1
1.37059,1.37059,1.37059,1.37059,-1.0,-1.0,-1
1.37059,1.3706,1.37059,1.370595,-1.0,-1.0,-1
1.370595,1.3706,1.370585,1.37059,-1.0,-1.0,-1
1.37059,1.37059,1.37048,1.370495,-1.0,-1.0,-1
1.370495,1.370495,1.37044,1.37045,-1.0,-1.0,-1
1.37045,1.37045,1.37044,1.37044,-1.0,-1.0,-1
1.37044,1.37045,1.37044,1.37045,-1.0,-1.0,-1
1.37045,1.37045,1.370435,1.37045,-1.0,-1.0,-1
1.37045,1.37045,1.370445,1.37045,-1.0,-1.0,-1
1.37045,1.37045,1.37044,1.370445,-1.0,-1.0,-1
1.370445,1.370445,1.37044,1.37044,-1.0,-1.0,-1
1.37044,1.370445,1.37044,1.37044,-1.0,-1.0,-1
1.37044,1.370465,1.37044,1.370465,-1.0,-1.0,-1
1.370465,1.37047,1.37045,1.37046,-1.0,-1.0,-1
1.37046,1.37047,1.370455,1.37047,-1.0,-1.0,-1
1.37047,1.370475,1.37046,1.37047,-1.0,-1.0,-1
1.37047,1.37047,1.37044,1.370445,-1.0,-1.0,-1
1.370445,1.37045,1.37044,1.37045,-1.0,-1.0,-1
1.37045,1.37045,1.370435,1.370435,-1.0,-1.0,-1
1.370435,1.370445,1.370425,1.370425,-1.0,-1.0,-1
1.370425,1.37043,1.37041,1.37043,-1.0,-1.0,-1
1.37043,1.37043,1.370425,1.37043,-1.0,-1.0,-1
1.37043,1.370435,1.370425,1.370425,-1.0,-1.0,-1
1.370425,1.370435,1.370425,1.37043,-1.0,-1.0,-1
1.37043,1.37043,1.370405,1.37041,-1.0,-1.0,-1
1.37041,1.370455,1.37041,1.370455,-1.0,-1.0,-1
1.370455,1.370465,1.37045,1.37046,-1.0,-1.0,-1
1.37046,1.37048,1.370455,1.370475,-1.0,-1.0,-1
1.370475,1.370495,1.370465,1.37049,-1.0,-1.0,-1
1.37049,1.370505,1.37049,1.3705,-1.0,-1.0,-1
1.3705,1.370505,1.37049,1.37049,-1.0,-1.0,-1
1.37049,1.370495,1.370485,1.370485,-1.0,-1.0,-1
1.370485,1.370495,1.370485,1.370495,-1.0,-1.0,-1
1.370495,1.370505,1.37049,1.370495,-1.0,-1.0,-1
1.370495,1.3705,1.370495,1.370495,-1.0,-1.0,-1
1.370495,1.370495,1.370495,1.370495,-1.0,-1.0,-1
1.370495,1.370535,1.370495,1.37053,-1.0,-1.0,-1
1.37053,1.37057,1.370525,1.37057,-1.0,-1.0,-1
1.37057,1.37059,1.370565,1.370585,-1.0,-1.0,-1
1.370585,1.37059,1.37057,1.37058,-1.0,-1.0,-1
1.37058,1.3706,1.370575,1.370595,-1.0,-1.0,-1
1.370595,1.370605,1.37059,1.3706,-1.0,-1.0,-1
1.3706,1.370605,1.370595,1.370595,-1.0,-1.0,-1
1.370595,1.37061,1.370595,1.3706,-1.0,-1.0,-1
1.3706,1.370655,1.3706,1.370655,-1.0,-1.0,-1
1.370655,1.370655,1.37048,1.37054,-1.0,-1.0,-1
1.37054,1.370575,1.370535,1.370575,-1.0,-1.0,-1
1.370575,1.37059,1.370575,1.37059,-1.0,-1.0,-1
1.37059,1.370605,1.370585,1.37059,-1.0,-1.0,-1
1.37059,1.3706,1.37059,1.370595,-1.0,-1.0,-1
1.370595,1.37066,1.370595,1.37066,-1.0,-1.0,-1
1.37066,1.370665,1.37066,1.37066,-1.0,-1.0,-1
1.37066,1.37066,1.37061,1.37061,-1.0,-1.0,-1
1.37061,1.370665,1.37061,1.37066,-1.0,-1.0,-1
1.37066,1.37066,1.370655,1.37066,-1.0,-1.0,-1
1.37066,1.37066,1.370655,1.37066,-1.0,-1.0,-1
1.37066,1.37066,1.370655,1.37066,-1.0,-1.0,-1
1.37066,1.370665,1.37066,1.37066,-1.0,-1.0,-1
1.37066,1.37068,1.37066,1.370675,-1.0,-1.0,-1
1.370675,1.37068,1.370675,1.370675,-1.0,-1.0,-1
1.370675,1.370675,1.370625,1.370665,-1.0,-1.0,-1
1.370665,1.370675,1.370665,1.370675,-1.0,-1.0,-1
1.370675,1.370675,1.37067,1.37067,-1.0,-1.0,-1
1.37067,1.370675,1.37067,1.37067,-1.0,-1.0,-1
1.37067,1.370675,1.37067,1.370675,-1.0,-1.0,-1
1.370675,1.37068,1.370675,1.37068,-1.0,-1.0,-1
1.37068,1.37068,1.37068,1.37068,-1.0,-1.0,-1
1.37068,1.37068,1.37068,1.37068,-1.0,-1.0,-1
1.37068,1.37068,1.370675,1.370675,-1.0,-1.0,-1
1.370675,1.37068,1.370675,1.370675,-1.0,-1.0,-1
1.370675,1.37068,1.370675,1.37068,-1.0,-1.0,-1
1.37068,1.37068,1.370675,1.37068,-1.0,-1.0,-1
1.37068,1.37068,1.37068,1.37068,-1.0,-1.0,-1
1.37068,1.37068,1.370655,1.37067,-1.0,-1.0,-1
1.37067,1.37067,1.37067,1.37067,-1.0,-1.0,-1
1.37067,1.37068,1.37067,1.37068,-1.0,-1.0,-1
1.37068,1.37068,1.370675,1.370675,-1.0,-1.0,-1
1.370675,1.370675,1.37067,1.37067,-1.0,-1.0,-1
1.37067,1.370675,1.37067,1.37067,-1.0,-1.0,-1
1.37067,1.37067,1.37067,1.37067,-1.0,-1.0,-1
1.37067,1.37067,1.37067,1.37067,-1.0,-1.0,-1
1.37067,1.370675,1.370615,1.370615,-1.0,-1.0,-1
1.370615,1.370615,1.37059,1.37059,-1.0,-1.0,-1
1.37059,1.3706,1.37059,1.370595,-1.0,-1.0,-1
1.370595,1.3706,1.370585,1.370585,-1.0,-1.0,-1
1.370585,1.370605,1.37058,1.3706,-1.0,-1.0,-1
1.3706,1.370605,1.370595,1.370595,-1.0,-1.0,-1
1.370595,1.370655,1.370595,1.37061,-1.0,-1.0,-1
1.37061,1.370665,1.37061,1.370655,-1.0,-1.0,-1
1.370655,1.370655,1.370595,1.370595,-1.0,-1.0,-1
1.370595,1.3706,1.370535,1.37055,-1.0,-1.0,-1
1.37055,1.370555,1.370545,1.37055,-1.0,-1.0,-1
1.37055,1.37056,1.370505,1.37056,-1.0,-1.0,-1
1.37056,1.37056,1.37055,1.37056,-1.0,-1.0,-1
1.37056,1.37056,1.370545,1.37055,-1.0,-1.0,-1
1.37055,1.37059,1.370545,1.370575,-1.0,-1.0,-1
1.370575,1.37058,1.37057,1.37058,-1.0,-1.0,-1
1.37058,1.37058,1.37057,1.37057,-1.0,-1.0,-1
1.37057,1.37058,1.370565,1.37058,-1.0,-1.0,-1
1.37058,1.37058,1.37057,1.37058,-1.0,-1.0,-1
1.37058,1.37058,1.370565,1.370565,-1.0,-1.0,-1
1.370565,1.37058,1.370545,1.370575,-1.0,-1.0,-1
1.370575,1.370575,1.370565,1.37057,-1.0,-1.0,-1
1.37057,1.370575,1.370525,1.370525,-1.0,-1.0,-1
1.370525,1.370535,1.370505,1.37052,-1.0,-1.0,-1
1.37052,1.370535,1.370505,1.370535,-1.0,-1.0,-1
1.370535,1.370535,1.37052,1.37052,-1.0,-1.0,-1
1.37052,1.370575,1.37052,1.37057,-1.0,-1.0,-1
1.37057,1.37057,1.37057,1.37057,-1.0,-1.0,-1
1.37057,1.37058,1.37057,1.370575,-1.0,-1.0,-1
1.370575,1.370575,1.37057,1.37057,-1.0,-1.0,-1
1.37057,1.370575,1.370535,1.37054,-1.0,-1.0,-1
1.37054,1.37055,1.37053,1.37055,-1.0,-1.0,-1
1.37055,1.37055,1.370535,1.37054,-1.0,-1.0,-1
1.37054,1.37055,1.370535,1.37055,-1.0,-1.0,-1
1.37055,1.370555,1.370505,1.370515,-1.0,-1.0,-1
1.370515,1.37052,1.37051,1.37052,-1.0,-1.0,-1
1.37052,1.370555,1.37052,1.370555,-1.0,-1.0,-1
1.370555,1.370555,1.370545,1.37055,-1.0,-1.0,-1
1.37055,1.370555,1.370535,1.370555,-1.0,-1.0,-1
1.370555,1.370555,1.370535,1.37054,-1.0,-1.0,-1
1.37054,1.370545,1.370455,1.37046,-1.0,-1.0,-1
1.37046,1.37047,1.37045,1.370455,-1.0,-1.0,-1
1.370455,1.37047,1.37045,1.37047,-1.0,-1.0,-1
1.37047,1.37048,1.370465,1.37048,-1.0,-1.0,-1
1.37048,1.37055,1.37048,1.37055,-1.0,-1.0,-1
1.37055,1.37055,1.37053,1.370535,-1.0,-1.0,-1
1.370535,1.370535,1.370525,1.370525,-1.0,-1.0,-1
1.370525,1.37054,1.370525,1.370535,-1.0,-1.0,-1
1.370535,1.37055,1.37052,1.37052,-1.0,-1.0,-1
1.37052,1.37054,1.37052,1.37054,-1.0,-1.0,-1
1.37054,1.370655,1.370535,1.370655,-1.0,-1.0,-1
1.370655,1.37066,1.370655,1.37066,-1.0,-1.0,-1
1.37066,1.37066,1.370655,1.370655,-1.0,-1.0,-1
1.370655,1.37067,1.370655,1.37067,-1.0,-1.0,-1
1.37067,1.37067,1.37067,1.37067,-1.0,-1.0,-1
1.37067,1.37067,1.370665,1.370665,-1.0,-1.0,-1
1.370665,1.370665,1.37066,1.370665,-1.0,-1.0,-1
1.370665,1.370665,1.37066,1.370665,-1.0,-1.0,-1
1.370665,1.370665,1.37066,1.370665,-1.0,-1.0,-1
1.370665,1.370665,1.370665,1.370665,-1.0,-1.0,-1
1.370665,1.370665,1.37066,1.370665,-1.0,-1.0,-1
1.370665,1.370665,1.370665,1.370665,-1.0,-1.0,-1
1.370665,1.370665,1.370665,1.370665,-1.0,-1.0,-1
1.370665,1.370665,1.37066,1.37066,-1.0,-1.0,-1
1.37066,1.370665,1.37066,1.37066,-1.0,-1.0,-1
1.37066,1.370675,1.37066,1.370665,-1.0,-1.0,-1
1.370665,1.370665,1.37066,1.37066,-1.0,-1.0,-1
1.37066,1.37066,1.37066,1.37066,-1.0,-1.0,-1
1.37066,1.370665,1.37066,1.370665,-1.0,-1.0,-1
1.370665,1.370665,1.37066,1.370665,-1.0,-1.0,-1
1.370665,1.370665,1.370655,1.370665,-1.0,-1.0,-1
1.370665,1.37068,1.370665,1.37068,-1.0,-1.0,-1
1.37068,1.37069,1.37061,1.37061,-1.0,-1.0,-1
1.37061,1.37061,1.370595,1.37061,-1.0,-1.0,-1
1.37061,1.370615,1.370605,1.37061,-1.0,-1.0,-1
1.37061,1.370665,1.370605,1.370665,-1.0,-1.0,-1
1.370665,1.37067,1.370665,1.37067,-1.0,-1.0,-1
1.37067,1.37067,1.370655,1.370655,-1.0,-1.0,-1
1.370655,1.37066,1.37061,1.37061,-1.0,-1.0,-1
1.37061,1.370665,1.37061,1.370665,-1.0,-1.0,-1
1.370665,1.370675,1.370665,1.370675,-1.0,-1.0,-1
1.370675,1.370675,1.370665,1.370665,-1.0,-1.0,-1
1.370665,1.370665,1.370665,1.370665,-1.0,-1.0,-1
1.370665,1.370665,1.370655,1.370655,-1.0,-1.0,-1
1.370655,1.370665,1.370655,1.370665,-1.0,-1.0,-1
1.370665,1.370665,1.370595,1.37061,-1.0,-1.0,-1
1.37061,1.37066,1.37061,1.37066,-1.0,-1.0,-1
1.37066,1.37068,1.37066,1.37068,-1.0,-1.0,-1
1.37068,1.37068,1.370675,1.37068,-1.0,-1.0,-1
1.37068,1.37072,1.370675,1.370685,-1.0,-1.0,-1
1.370685,1.37069,1.370685,1.370685,-1.0,-1.0,-1
1.370685,1.37069,1.370685,1.370685,-1.0,-1.0,-1
1.370685,1.37069,1.370685,1.370685,-1.0,-1.0,-1
1.370685,1.37069,1.370685,1.370685,-1.0,-1.0,-1
1.370685,1.37069,1.370685,1.370685,-1.0,-1.0,-1
1.370685,1.37069,1.370675,1.370675,-1.0,-1.0,-1
1.370675,1.370695,1.370675,1.370695,-1.0,-1.0,-1
1.370695,1.3707,1.370695,1.3707,-1.0,-1.0,-1
1.3707,1.3707,1.370695,1.3707,-1.0,-1.0,-1
1.3707,1.3707,1.370695,1.370695,-1.0,-1.0,-1
1.370695,1.370695,1.370695,1.370695,-1.0,-1.0,-1
1.370695,1.3707,1.370695,1.370695,-1.0,-1.0,-1
1.370695,1.370695,1.370685,1.370685,-1.0,-1.0,-1
1.370685,1.370695,1.370685,1.370685,-1.0,-1.0,-1
1.370685,1.370705,1.370685,1.370705,-1.0,-1.0,-1
1.370705,1.37072,1.370705,1.37072,-1.0,-1.0,-1
1.37072,1.370725,1.370705,1.37072,-1.0,-1.0,-1
1.37072,1.37072,1.370695,1.3707,-1.0,-1.0,-1
1.3707,1.3707,1.3707,1.3707,-1.0,-1.0,-1
1.3707,1.37071,1.3707,1.3707,-1.0,-1.0,-1
1.3707,1.370705,1.3707,1.3707,-1.0,-1.0,-1
1.3707,1.370705,1.3707,1.3707,-1.0,-1.0,-1
1.3707,1.370755,1.3707,1.37075,-1.0,-1.0,-1
1.37075,1.370765,1.370745,1.370745,-1.0,-1.0,-1
1.370745,1.37075,1.370745,1.370745,-1.0,-1.0,-1
1.370745,1.37075,1.37074,1.370745,-1.0,-1.0,-1
1.370745,1.370755,1.370745,1.370745,-1.0,-1.0,-1
1.370745,1.370755,1.370745,1.370755,-1.0,-1.0,-1
1.370755,1.370765,1.37075,1.370765,-1.0,-1.0,-1
1.370765,1.370765,1.370745,1.370745,-1.0,-1.0,-1
1.370745,1.37075,1.37073,1.370735,-1.0,-1.0,-1
1.370735,1.37074,1.37073,1.37074,-1.0,-1.0,-1
1.37074,1.37075,1.37074,1.37075,-1.0,-1.0,-1
1.37075,1.37075,1.370745,1.37075,-1.0,-1.0,-1
1.37075,1.37075,1.37074,1.37074,-1.0,-1.0,-1
1.37074,1.370745,1.37074,1.37074,-1.0,-1.0,-1
1.37074,1.37074,1.37074,1.37074,-1.0,-1.0,-1
1.37074,1.370755,1.37074,1.370755,-1.0,-1.0,-1
1.370755,1.370755,1.370745,1.37075,-1.0,-1.0,-1
1.37075,1.37075,1.37074,1.37074,-1.0,-1.0,-1
1.37074,1.37075,1.37074,1.37075,-1.0,-1.0,-1
1.37075,1.37075,1.37074,1.370745,-1.0,-1.0,-1
1.370745,1.37078,1.37074,1.37077,-1.0,-1.0,-1
1.37077,1.370775,1.370765,1.370775,-1.0,-1.0,-1
1.370775,1.370775,1.370765,1.37077,-1.0,-1.0,-1
1.37077,1.37077,1.370765,1.37077,-1.0,-1.0,-1
1.37077,1.37077,1.370765,1.37077,-1.0,-1.0,-1
1.37077,1.370795,1.370765,1.370775,-1.0,-1.0,-1
1.370775,1.370775,1.370765,1.370765,-1.0,-1.0,-1
1.370765,1.37077,1.37076,1.37077,-1.0,-1.0,-1
1.37077,1.370785,1.370765,1.37078,-1.0,-1.0,-1
1.37078,1.37078,1.37078,1.37078,-1.0,-1.0,-1
1.37078,1.37078,1.37078,1.37078,-1.0,-1.0,-1
1.37078,1.37078,1.37078,1.37078,-1.0,-1.0,-1
1.37078,1.370815,1.37078,1.37079,-1.0,-1.0,-1
1.37079,1.370815,1.370785,1.37081,-1.0,-1.0,-1
1.37081,1.370865,1.370805,1.370865,-1.0,-1.0,-1
1.370865,1.370865,1.370825,1.37083,-1.0,-1.0,-1
1.37083,1.370835,1.370825,1.370835,-1.0,-1.0,-1
1.370835,1.370865,1.370835,1.370865,-1.0,-1.0,-1
1.370865,1.37087,1.37086,1.37087,-1.0,-1.0,-1
1.37087,1.37088,1.37086,1.37087,-1.0,-1.0,-1
1.37087,1.37087,1.370845,1.370845,-1.0,-1.0,-1
1.370845,1.37085,1.370845,1.370845,-1.0,-1.0,-1
1.370845,1.37085,1.370815,1.37085,-1.0,-1.0,-1
1.37085,1.37086,1.37085,1.370855,-1.0,-1.0,-1
1.370855,1.37086,1.37085,1.37085,-1.0,-1.0,-1
1.37085,1.370875,1.37085,1.370875,-1.0,-1.0,-1
1.370875,1.370875,1.370855,1.370865,-1.0,-1.0,-1
1.370865,1.370865,1.37085,1.37085,-1.0,-1.0,-1
1.37085,1.37085,1.37085,1.37085,-1.0,-1.0,-1
1.37085,1.37088,1.37085,1.370875,-1.0,-1.0,-1
1.370875,1.37088,1.370875,1.37088,-1.0,-1.0,-1
1.37088,1.370895,1.370875,1.37089,-1.0,-1.0,-1
1.37089,1.370895,1.370885,1.37089,-1.0,-1.0,-1
1.37089,1.370895,1.370885,1.37089,-1.0,-1.0,-1
1.37089,1.37089,1.370885,1.370885,-1.0,-1.0,-1
1.370885,1.37089,1.370885,1.37089,-1.0,-1.0,-1
1.37089,1.37089,1.37088,1.370885,-1.0,-1.0,-1
1.370885,1.370885,1.37085,1.37086,-1.0,-1.0,-1
1.37086,1.370895,1.370855,1.370885,-1.0,-1.0,-1
1.370885,1.370885,1.370885,1.370885,-1.0,-1.0,-1
1.370885,1.370885,1.37088,1.370885,-1.0,-1.0,-1
1.370885,1.370895,1.370885,1.370885,-1.0,-1.0,-1
1.370885,1.37089,1.370885,1.370885,-1.0,-1.0,-1
1.370885,1.37089,1.37088,1.37088,-1.0,-1.0,-1
1.37088,1.37088,1.370875,1.370875,-1.0,-1.0,-1
1.370875,1.37088,1.370875,1.37088,-1.0,-1.0,-1
1.37088,1.37088,1.370875,1.370875,-1.0,-1.0,-1
1.370875,1.370875,1.37085,1.370855,-1.0,-1.0,-1
1.370855,1.370855,1.370785,1.37079,-1.0,-1.0,-1
1.37079,1.370795,1.370785,1.370785,-1.0,-1.0,-1
1.370785,1.370785,1.370785,1.370785,-1.0,-1.0,-1
1.370785,1.370785,1.37078,1.370785,-1.0,-1.0,-1
1.370785,1.370785,1.370785,1.370785,-1.0,-1.0,-1
1.370785,1.37081,1.370785,1.37081,-1.0,-1.0,-1
1.37081,1.37081,1.370795,1.370805,-1.0,-1.0,-1
1.370805,1.370805,1.370795,1.370795,-1.0,-1.0,-1
1.370795,1.3708,1.370795,1.370795,-1.0,-1.0,-1
1.370795,1.3708,1.37074,1.37075,-1.0,-1.0,-1
1.37075,1.37075,1.370745,1.370745,-1.0,-1.0,-1
1.370745,1.370785,1.37072,1.370765,-1.0,-1.0,-1
1.370765,1.370765,1.370755,1.370755,-1.0,-1.0,-1
1.370755,1.370775,1.370755,1.37077,-1.0,-1.0,-1
1.37077,1.370785,1.370765,1.37078,-1.0,-1.0,-1
1.37078,1.370785,1.370775,1.370785,-1.0,-1.0,-1
1.370785,1.370785,1.370775,1.370785,-1.0,-1.0,-1
1.370785,1.370785,1.370745,1.370745,-1.0,-1.0,-1
1.370745,1.37075,1.37074,1.370745,-1.0,-1.0,-1
1.370745,1.370745,1.370745,1.370745,-1.0,-1.0,-1
1.370745,1.370765,1.370745,1.37076,-1.0,-1.0,-1
1.37076,1.370765,1.370755,1.370755,-1.0,-1.0,-1
1.370755,1.37077,1.370745,1.370765,-1.0,-1.0,-1
1.370765,1.37077,1.370765,1.37077,-1.0,-1.0,-1
1.37077,1.37077,1.370765,1.370765,-1.0,-1.0,-1
1.370765,1.370785,1.370765,1.37078,-1.0,-1.0,-1
1.37078,1.370785,1.370705,1.370705,-1.0,-1.0,-1
1.370705,1.37072,1.3707,1.3707,-1.0,-1.0,-1
1.3707,1.37071,1.3707,1.370705,-1.0,-1.0,-1
1.370705,1.370705,1.370705,1.370705,-1.0,-1.0,-1
1.370705,1.370705,1.370705,1.370705,-1.0,-1.0,-1
1.370705,1.370705,1.370695,1.370695,-1.0,-1.0,-1
1.370695,1.3707,1.37068,1.370695,-1.0,-1.0,-1
1.370695,1.3707,1.37068,1.370695,-1.0,-1.0,-1
1.370695,1.3707,1.370695,1.370695,-1.0,-1.0,-1
1.370695,1.3707,1.37068,1.37068,-1.0,-1.0,-1
1.37068,1.370705,1.37067,1.370685,-1.0,-1.0,-1
1.370685,1.370695,1.370675,1.370675,-1.0,-1.0,-1
1.370675,1.370675,1.370665,1.370665,-1.0,-1.0,-1
1.370665,1.37067,1.370665,1.37067,-1.0,-1.0,-1
1.37067,1.37067,1.370665,1.37067,-1.0,-1.0,-1
1.37067,1.3707,1.370665,1.370685,-1.0,-1.0,-1
1.370685,1.370695,1.370685,1.370685,-1.0,-1.0,-1
1.370685,1.370695,1.370675,1.370675,-1.0,-1.0,-1
1.370675,1.3707,1.370675,1.37068,-1.0,-1.0,-1
1.37068,1.37068,1.37067,1.37067,-1.0,-1.0,-1
1.37067,1.37067,1.37067,1.37067,-1.0,-1.0,-1
1.37067,1.37067,1.37067,1.37067,-1.0,-1.0,-1
1.37067,1.37067,1.37067,1.37067,-1.0,-1.0,-1
1.37067,1.370675,1.37067,1.37067,-1.0,-1.0,-1
1.37067,1.37069,1.37067,1.370685,-1.0,-1.0,-1
1.370685,1.370695,1.37068,1.37069,-1.0,-1.0,-1
1.37069,1.370695,1.37068,1.37069,-1.0,-1.0,-1
1.37069,1.3707,1.37069,1.3707,-1.0,-1.0,-1
1.3707,1.3707,1.37069,1.37069,-1.0,-1.0,-1
1.37069,1.370695,1.37069,1.37069,-1.0,-1.0,-1
1.37069,1.370705,1.37069,1.3707,-1.0,-1.0,-1
1.3707,1.370715,1.370695,1.370695,-1.0,-1.0,-1
1.370695,1.370695,1.37068,1.37068,-1.0,-1.0,-1
1.37068,1.3707,1.37068,1.37069,-1.0,-1.0,-1
1.37069,1.370695,1.370685,1.37069,-1.0,-1.0,-1
1.37069,1.3707,1.370685,1.3707,-1.0,-1.0,-1
1.3707,1.3707,1.37068,1.37068,-1.0,-1.0,-1
1.37068,1.3707,1.37068,1.37068,-1.0,-1.0,-1
1.37068,1.370695,1.37068,1.37068,-1.0,-1.0,-1
1.37068,1.37069,1.37066,1.37066,-1.0,-1.0,-1
1.37066,1.370665,1.37066,1.370665,-1.0,-1.0,-1
1.370665,1.370665,1.370665,1.370665,-1.0,-1.0,-1
1.370665,1.370665,1.370665,1.370665,-1.0,-1.0,-1
1.370665,1.37067,1.37066,1.37067,-1.0,-1.0,-1
1.37067,1.37067,1.370665,1.370665,-1.0,-1.0,-1
1.370665,1.370665,1.370665,1.370665,-1.0,-1.0,-1
1.370665,1.370665,1.370665,1.370665,-1.0,-1.0,-1
1.370665,1.370665,1.370665,1.370665,-1.0,-1.0,-1
1.370665,1.37069,1.370665,1.37068,-1.0,-1.0,-1
1.37068,1.370695,1.37068,1.370685,-1.0,-1.0,-1
1.370685,1.37069,1.370685,1.370685,-1.0,-1.0,-1
1.370685,1.370705,1.370685,1.370685,-1.0,-1.0,-1
1.370685,1.37069,1.370685,1.370685,-1.0,-1.0,-1
1.370685,1.37069,1.37068,1.370685,-1.0,-1.0,-1
1.370685,1.37073,1.370685,1.370705,-1.0,-1.0,-1
1.370705,1.370705,1.370705,1.370705,-1.0,-1.0,-1
1.370705,1.370705,1.3707,1.3707,-1.0,-1.0,-1
1.3707,1.3707,1.3707,1.3707,-1.0,-1.0,-1
1.3707,1.370715,1.37068,1.37068,-1.0,-1.0,-1
1.37068,1.370695,1.37068,1.37069,-1.0,-1.0,-1
1.37069,1.370695,1.370685,1.370685,-1.0,-1.0,-1
1.370685,1.37069,1.370685,1.370685,-1.0,-1.0,-1
1.370685,1.37069,1.370685,1.370685,-1.0,-1.0,-1
1.370685,1.37069,1.370685,1.370685,-1.0,-1.0,-1
1.370685,1.37069,1.37068,1.37068,-1.0,-1.0,-1
1.37068,1.37069,1.37068,1.37068,-1.0,-1.0,-1
1.37068,1.37069,1.37068,1.37068,-1.0,-1.0,-1
1.37068,1.37068,1.37067,1.370675,-1.0,-1.0,-1
1.370675,1.370685,1.37067,1.370675,-1.0,-1.0,-1
1.370675,1.370675,1.370665,1.370665,-1.0,-1.0,-1
1.370665,1.37067,1.3706,1.3706,-1.0,-1.0,-1
1.3706,1.370605,1.370585,1.370595,-1.0,-1.0,-1
1.370595,1.3706,1.37059,1.37059,-1.0,-1.0,-1
1.37059,1.3706,1.37058,1.37058,-1.0,-1.0,-1
1.37058,1.37058,1.370575,1.37058,-1.0,-1.0,-1
1.37058,1.37058,1.370575,1.37058,-1.0,-1.0,-1
1.37058,1.370605,1.37058,1.37059,-1.0,-1.0,-1
1.37059,1.37059,1.37059,1.37059,-1.0,-1.0,-1
1.37059,1.37059,1.37059,1.37059,-1.0,-1.0,-1
1.37059,1.37059,1.370585,1.37059,-1.0,-1.0,-1
1.37059,1.37059,1.37055,1.37056,-1.0,-1.0,-1
1.37056,1.370565,1.3705,1.3705,-1.0,-1.0,-1
1.3705,1.370505,1.37049,1.37049,-1.0,-1.0,-1
1.37049,1.370495,1.37049,1.370495,-1.0,-1.0,-1
1.370495,1.370505,1.370495,1.3705,-1.0,-1.0,-1
1.3705,1.370505,1.3705,1.3705,-1.0,-1.0,-1
1.3705,1.370505,1.370455,1.37046,-1.0,-1.0,-1
1.37046,1.370475,1.370455,1.370465,-1.0,-1.0,-1
1.370465,1.370495,1.37046,1.370485,-1.0,-1.0,-1
1.370485,1.370485,1.370485,1.370485,-1.0,-1.0,-1
1.370485,1.370485,1.37046,1.370465,-1.0,-1.0,-1
1.370465,1.370465,1.370405,1.370405,-1.0,-1.0,-1
1.370405,1.37044,1.3704,1.37042,-1.0,-1.0,-1
1.37042,1.370435,1.370415,1.37043,-1.0,-1.0,-1
1.37043,1.37043,1.37043,1.37043,-1.0,-1.0,-1
1.37043,1.370455,1.37043,1.370435,-1.0,-1.0,-1
1.370435,1.370435,1.37043,1.370435,-1.0,-1.0,-1
1.370435,1.37046,1.370435,1.37044,-1.0,-1.0,-1
1.37044,1.37044,1.37043,1.37043,-1.0,-1.0,-1
1.37043,1.370445,1.37043,1.37043,-1.0,-1.0,-1
1.37043,1.37044,1.37042,1.370425,-1.0,-1.0,-1
1.370425,1.370435,1.370425,1.370425,-1.0,-1.0,-1
1.370425,1.370455,1.370425,1.370435,-1.0,-1.0,-1
1.370435,1.37048,1.370425,1.37047,-1.0,-1.0,-1
1.37047,1.370485,1.370425,1.37044,-1.0,-1.0,-1
1.37044,1.37044,1.370435,1.37044,-1.0,-1.0,-1
1.37044,1.37046,1.37043,1.37046,-1.0,-1.0,-1
1.37046,1.37048,1.370455,1.370475,-1.0,-1.0,-1
1.370475,1.37056,1.370465,1.37054,-1.0,-1.0,-1
1.37054,1.37054,1.37052,1.37053,-1.0,-1.0,-1
1.37053,1.370535,1.370525,1.370535,-1.0,-1.0,-1
1.370535,1.370535,1.37053,1.370535,-1.0,-1.0,-1
1.370535,1.37054,1.37052,1.37052,-1.0,-1.0,-1
1.37052,1.37054,1.37051,1.37054,-1.0,-1.0,-1
1.37054,1.370545,1.37053,1.37054,-1.0,-1.0,-1
1.37054,1.37054,1.370535,1.37054,-1.0,-1.0,-1
1.37054,1.37058,1.370535,1.37057,-1.0,-1.0,-1
1.37057,1.37059,1.370555,1.37059,-1.0,-1.0,-1
1.37059,1.37061,1.37059,1.37059,-1.0,-1.0,-1
1.37059,1.3706,1.37059,1.370595,-1.0,-1.0,-1
1.370595,1.370605,1.370595,1.370595,-1.0,-1.0,-1
1.370595,1.370655,1.370595,1.370605,-1.0,-1.0,-1
1.370605,1.37061,1.370595,1.370595,-1.0,-1.0,-1
1.370595,1.370605,1.370595,1.370595,-1.0,-1.0,-1
1.370595,1.370655,1.370595,1.370655,-1.0,-1.0,-1
1.370655,1.370655,1.37061,1.370655,-1.0,-1.0,-1
1.370655,1.370655,1.370595,1.370595,-1.0,-1.0,-1
1.370595,1.3706,1.37052,1.37052,-1.0,-1.0,-1
1.37052,1.37053,1.37052,1.370525,-1.0,-1.0,-1
1.370525,1.370525,1.370525,1.370525,-1.0,-1.0,-1
1.370525,1.370525,1.37052,1.37052,-1.0,-1.0,-1
1.37052,1.37052,1.370505,1.370505,-1.0,-1.0,-1
1.370505,1.37052,1.370505,1.37052,-1.0,-1.0,-1
1.37052,1.37052,1.37052,1.37052,-1.0,-1.0,-1
1.37052,1.370525,1.37052,1.37052,-1.0,-1.0,-1
1.37052,1.370525,1.37052,1.37052,-1.0,-1.0,-1
1.37052,1.370525,1.370505,1.370505,-1.0,-1.0,-1
1.370505,1.370525,1.370505,1.37052,-1.0,-1.0,-1
1.37052,1.37052,1.37051,1.370515,-1.0,-1.0,-1
1.370515,1.37053,1.370505,1.37053,-1.0,-1.0,-1
1.37053,1.37053,1.370525,1.37053,-1.0,-1.0,-1
1.37053,1.37053,1.37051,1.370515,-1.0,-1.0,-1
1.370515,1.370515,1.370505,1.370505,-1.0,-1.0,-1
1.370505,1.370515,1.370505,1.37051,-1.0,-1.0,-1
1.37051,1.370515,1.37051,1.37051,-1.0,-1.0,-1
1.37051,1.370535,1.37051,1.37053,-1.0,-1.0,-1
1.37053,1.37053,1.37051,1.37051,-1.0,-1.0,-1
1.37051,1.370515,1.370495,1.3705,-1.0,-1.0,-1
1.3705,1.370505,1.370495,1.370495,-1.0,-1.0,-1
1.370495,1.370495,1.370495,1.370495,-1.0,-1.0,-1
1.370495,1.370505,1.370495,1.370505,-1.0,-1.0,-1
1.370505,1.370505,1.3705,1.3705,-1.0,-1.0,-1
1.3705,1.370505,1.3705,1.3705,-1.0,-1.0,-1
1.3705,1.370505,1.37049,1.37049,-1.0,-1.0,-1
1.37049,1.370495,1.37049,1.370495,-1.0,-1.0,-1
1.370495,1.370505,1.370495,1.370505,-1.0,-1.0,-1
1.370505,1.370505,1.370505,1.370505,-1.0,-1.0,-1
1.370505,1.37052,1.370505,1.37052,-1.0,-1.0,-1
1.37052,1.37052,1.370505,1.370505,-1.0,-1.0,-1
1.370505,1.370505,1.370505,1.370505,-1.0,-1.0,-1
1.370505,1.370505,1.370505,1.370505,-1.0,-1.0,-1
1.370505,1.370505,1.370505,1.370505,-1.0,-1.0,-1
1.370505,1.370505,1.370505,1.370505,-1.0,-1.0,-1
1.370505,1.370505,1.370495,1.370495,-1.0,-1.0,-1
1.370495,1.370505,1.370475,1.3705,-1.0,-1.0,-1
1.3705,1.370505,1.3705,1.3705,-1.0,-1.0,-1
1.3705,1.370505,1.370465,1.37048,-1.0,-1.0,-1
1.37048,1.370485,1.37048,1.370485,-1.0,-1.0,-1
1.370485,1.370495,1.370485,1.37049,-1.0,-1.0,-1
1.37049,1.370495,1.370485,1.37049,-1.0,-1.0,-1
1.37049,1.370505,1.37049,1.3705,-1.0,-1.0,-1
1.3705,1.370505,1.370485,1.370485,-1.0,-1.0,-1
1.370485,1.370485,1.37048,1.37048,-1.0,-1.0,-1
1.37048,1.370495,1.370465,1.37047,-1.0,-1.0,-1
1.37047,1.370495,1.370465,1.37048,-1.0,-1.0,-1
1.37048,1.370495,1.370475,1.370485,-1.0,-1.0,-1
1.370485,1.370485,1.370475,1.370475,-1.0,-1.0,-1
1.370475,1.37048,1.370465,1.37047,-1.0,-1.0,-1
1.37047,1.37047,1.370465,1.37047,-1.0,-1.0,-1
1.37047,1.37047,1.37045,1.37045,-1.0,-1.0,-1
1.37045,1.37045,1.37044,1.37045,-1.0,-1.0,-1
1.37045,1.37045,1.37045,1.37045,-1.0,-1.0,-1
1.37045,1.370455,1.37045,1.37045,-1.0,-1.0,-1
1.37045,1.370455,1.370415,1.37042,-1.0,-1.0,-1
1.37042,1.370425,1.370415,1.370415,-1.0,-1.0,-1
1.370415,1.370425,1.370415,1.37042,-1.0,-1.0,-1
1.37042,1.370425,1.37041,1.37041,-1.0,-1.0,-1
1.37041,1.370435,1.37041,1.37042,-1.0,-1.0,-1
1.37042,1.370435,1.37041,1.37041,-1.0,-1.0,-1
1.37041,1.37043,1.37041,1.370415,-1.0,-1.0,-1
1.370415,1.370415,1.3704,1.3704,-1.0,-1.0,-1
1.3704,1.37042,1.3704,1.370405,-1.0,-1.0,-1
1.370405,1.37042,1.370405,1.370415,-1.0,-1.0,-1
1.370415,1.37059,1.370415,1.37054,-1.0,-1.0,-1
1.37054,1.370545,1.370535,1.37054,-1.0,-1.0,-1
1.37054,1.370565,1.370525,1.370555,-1.0,-1.0,-1
1.370555,1.370575,1.37055,1.370555,-1.0,-1.0,-1
1.370555,1.370565,1.370545,1.370545,-1.0,-1.0,-1
1.370545,1.370545,1.370545,1.370545,-1.0,-1.0,-1
1.370545,1.37056,1.370535,1.37054,-1.0,-1.0,-1
1.37054,1.37056,1.370525,1.37053,-1.0,-1.0,-1
1.37053,1.37055,1.370525,1.370535,-1.0,-1.0,-1
1.370535,1.370545,1.37053,1.370535,-1.0,-1.0,-1
1.370535,1.370545,1.37051,1.37051,-1.0,-1.0,-1
1.37051,1.37053,1.370505,1.37051,-1.0,-1.0,-1
1.37051,1.370515,1.37051,1.37051,-1.0,-1.0,-1
1.37051,1.370575,1.37051,1.370555,-1.0,-1.0,-1
1.370555,1.370575,1.370545,1.37056,-1.0,-1.0,-1
1.37056,1.37057,1.370555,1.370565,-1.0,-1.0,-1
1.370565,1.37058,1.370535,1.370545,-1.0,-1.0,-1
1.370545,1.370545,1.370525,1.37053,-1.0,-1.0,-1
1.37053,1.37054,1.370525,1.370535,-1.0,-1.0,-1
1.370535,1.370545,1.370525,1.370535,-1.0,-1.0,-1
1.370535,1.37054,1.37053,1.37054,-1.0,-1.0,-1
1.37054,1.370555,1.37048,1.37049,-1.0,-1.0,-1
1.37049,1.370555,1.37049,1.370535,-1.0,-1.0,-1
1.370535,1.370555,1.37053,1.37054,-1.0,-1.0,-1
1.37054,1.370555,1.370535,1.37054,-1.0,-1.0,-1
1.37054,1.370555,1.37053,1.37054,-1.0,-1.0,-1
1.37054,1.37054,1.370525,1.370525,-1.0,-1.0,-1
1.370525,1.370535,1.370525,1.370535,-1.0,-1.0,-1
1.370535,1.370545,1.37053,1.37054,-1.0,-1.0,-1
1.37054,1.37054,1.37053,1.370535,-1.0,-1.0,-1
1.370535,1.37058,1.37053,1.370575,-1.0,-1.0,-1
1.370575,1.370575,1.370525,1.370535,-1.0,-1.0,-1
1.370535,1.37054,1.37053,1.370535,-1.0,-1.0,-1
1.370535,1.37054,1.37053,1.370535,-1.0,-1.0,-1
1.370535,1.370535,1.370495,1.370495,-1.0,-1.0,-1
1.370495,1.370495,1.370475,1.370475,-1.0,-1.0,-1
1.370475,1.370475,1.37044,1.37044,-1.0,-1.0,-1
1.37044,1.37044,1.370435,1.37044,-1.0,-1.0,-1
1.37044,1.37044,1.37044,1.37044,-1.0,-1.0,-1
1.37044,1.37045,1.37044,1.37045,-1.0,-1.0,-1
1.37045,1.37045,1.37043,1.37044,-1.0,-1.0,-1
1.37044,1.37044,1.370415,1.37042,-1.0,-1.0,-1
1.37042,1.370425,1.37041,1.370415,-1.0,-1.0,-1
1.370415,1.37042,1.37041,1.370415,-1.0,-1.0,-1
1.370415,1.370415,1.37038,1.3704,-1.0,-1.0,-1
1.3704,1.3704,1.37039,1.37039,-1.0,-1.0,-1
1.37039,1.3704,1.37038,1.3704,-1.0,-1.0,-1
1.3704,1.3704,1.37037,1.370375,-1.0,-1.0,-1
1.370375,1.370385,1.37037,1.37038,-1.0,-1.0,-1
1.37038,1.37038,1.37037,1.370375,-1.0,-1.0,-1
1.370375,1.370375,1.37037,1.370375,-1.0,-1.0,-1
1.370375,1.37038,1.37037,1.370375,-1.0,-1.0,-1
1.370375,1.370375,1.37037,1.370375,-1.0,-1.0,-1
1.370375,1.37038,1.37037,1.370375,-1.0,-1.0,-1
1.370375,1.370375,1.37037,1.370375,-1.0,-1.0,-1
1.370375,1.370375,1.37037,1.370375,-1.0,-1.0,-1
1.370375,1.370415,1.37037,1.370405,-1.0,-1.0,-1
1.370405,1.370435,1.370405,1.370415,-1.0,-1.0,-1
1.370415,1.37043,1.370415,1.37043,-1.0,-1.0,-1
1.37043,1.370435,1.37042,1.370435,-1.0,-1.0,-1
1.370435,1.37044,1.370425,1.37043,-1.0,-1.0,-1
1.37043,1.37043,1.370425,1.37043,-1.0,-1.0,-1
1.37043,1.37043,1.370425,1.37043,-1.0,-1.0,-1
1.37043,1.37044,1.370425,1.370435,-1.0,-1.0,-1
1.370435,1.370435,1.370435,1.370435,-1.0,-1.0,-1
1.370435,1.37044,1.370425,1.37043,-1.0,-1.0,-1
1.37043,1.37044,1.37042,1.37043,-1.0,-1.0,-1
1.37043,1.370455,1.37042,1.370425,-1.0,-1.0,-1
1.370425,1.370435,1.37042,1.370425,-1.0,-1.0,-1
1.370425,1.370425,1.37039,1.37039,-1.0,-1.0,-1
1.37039,1.37039,1.370385,1.370385,-1.0,-1.0,-1
1.370385,1.370385,1.37038,1.370385,-1.0,-1.0,-1
1.370385,1.370385,1.37038,1.37038,-1.0,-1.0,-1
1.37038,1.370385,1.37038,1.370385,-1.0,-1.0,-1
1.370385,1.37039,1.37038,1.370385,-1.0,-1.0,-1
1.370385,1.37039,1.37038,1.37039,-1.0,-1.0,-1
1.37039,1.370415,1.37039,1.370415,-1.0,-1.0,-1
1.370415,1.370415,1.3704,1.370405,-1.0,-1.0,-1
1.370405,1.370405,1.370395,1.3704,-1.0,-1.0,-1
1.3704,1.370405,1.3704,1.3704,-1.0,-1.0,-1
1.3704,1.3704,1.37038,1.370395,-1.0,-1.0,-1
1.370395,1.370425,1.37039,1.37041,-1.0,-1.0,-1
1.37041,1.370415,1.3704,1.370405,-1.0,-1.0,-1
1.370405,1.37043,1.370405,1.37043,-1.0,-1.0,-1
1.37043,1.37044,1.370425,1.37044,-1.0,-1.0,-1
1.37044,1.370455,1.370435,1.37044,-1.0,-1.0,-1
1.37044,1.370445,1.370415,1.370415,-1.0,-1.0,-1
1.370415,1.370415,1.37041,1.370415,-1.0,-1.0,-1
1.370415,1.37043,1.37041,1.37043,-1.0,-1.0,-1
1.37043,1.37043,1.370415,1.37042,-1.0,-1.0,-1
1.37042,1.370425,1.37041,1.37041,-1.0,-1.0,-1
1.37041,1.37043,1.370405,1.37043,-1.0,-1.0,-1
1.37043,1.37043,1.370425,1.37043,-1.0,-1.0,-1
1.37043,1.37043,1.37041,1.370415,-1.0,-1.0,-1
1.370415,1.37043,1.370415,1.37042,-1.0,-1.0,-1
1.37042,1.37044,1.370415,1.37044,-1.0,-1.0,-1
1.37044,1.37046,1.37044,1.370455,-1.0,-1.0,-1
1.370455,1.37046,1.37044,1.37044,-1.0,-1.0,-1
1.37044,1.370455,1.37044,1.37045,-1.0,-1.0,-1
1.37045,1.37046,1.37045,1.370455,-1.0,-1.0,-1
1.370455,1.370505,1.37045,1.37048,-1.0,-1.0,-1
1.37048,1.37048,1.370435,1.370435,-1.0,-1.0,-1
1.370435,1.370445,1.370435,1.370445,-1.0,-1.0,-1
1.370445,1.370475,1.37044,1.370475,-1.0,-1.0,-1
1.370475,1.370475,1.37046,1.37047,-1.0,-1.0,-1
1.37047,1.37048,1.370435,1.37048,-1.0,-1.0,-1
1.37048,1.370485,1.370465,1.370475,-1.0,-1.0,-1
1.370475,1.37048,1.370405,1.370405,-1.0,-1.0,-1
1.370405,1.37044,1.3704,1.37041,-1.0,-1.0,-1
1.37041,1.37041,1.37036,1.370385,-1.0,-1.0,-1
1.370385,1.370385,1.37038,1.37038,-1.0,-1.0,-1
1.37038,1.37038,1.37038,1.37038,-1.0,-1.0,-1
1.37038,1.37038,1.37038,1.37038,-1.0,-1.0,-1
1.37038,1.37038,1.37029,1.370295,-1.0,-1.0,-1
1.370295,1.3703,1.370285,1.37029,-1.0,-1.0,-1
1.37029,1.37032,1.370285,1.370305,-1.0,-1.0,-1
1.370305,1.37031,1.370285,1.370285,-1.0,-1.0,-1
1.370285,1.370285,1.370285,1.370285,-1.0,-1.0,-1
1.370285,1.370285,1.370275,1.370285,-1.0,-1.0,-1
1.370285,1.3703,1.370285,1.370295,-1.0,-1.0,-1
1.370295,1.370295,1.370285,1.370285,-1.0,-1.0,-1
1.370285,1.370285,1.37024,1.37024,-1.0,-1.0,-1
1.37024,1.37028,1.37024,1.37027,-1.0,-1.0,-1
1.37027,1.370295,1.370245,1.370295,-1.0,-1.0,-1
1.370295,1.370295,1.370285,1.370295,-1.0,-1.0,-1
1.370295,1.370295,1.37027,1.370285,-1.0,-1.0,-1
1.370285,1.37029,1.370245,1.370255,-1.0,-1.0,-1
1.370255,1.37028,1.370245,1.37028,-1.0,-1.0,-1
1.37028,1.370285,1.370245,1.370255,-1.0,-1.0,-1
1.370255,1.370255,1.370245,1.370255,-1.0,-1.0,-1
1.370255,1.370255,1.370245,1.37025,-1.0,-1.0,-1
1.37025,1.37028,1.370245,1.37028,-1.0,-1.0,-1
1.37028,1.370295,1.370275,1.370295,-1.0,-1.0,-1
1.370295,1.370295,1.370285,1.370285,-1.0,-1.0,-1
1.370285,1.37029,1.370285,1.370285,-1.0,-1.0,-1
1.370285,1.37029,1.370285,1.370285,-1.0,-1.0,-1
1.370285,1.370285,1.370275,1.37028,-1.0,-1.0,-1
1.37028,1.37028,1.37023,1.37026,-1.0,-1.0,-1
1.37026,1.370285,1.37026,1.370285,-1.0,-1.0,-1
1.370285,1.370285,1.37027,1.370285,-1.0,-1.0,-1
1.370285,1.370285,1.370285,1.370285,-1.0,-1.0,-1
1.370285,1.370295,1.370285,1.370285,-1.0,-1.0,-1
1.370285,1.370285,1.370285,1.370285,-1.0,-1.0,-1
1.370285,1.370285,1.370265,1.37028,-1.0,-1.0,-1
1.37028,1.370285,1.370275,1.370285,-1.0,-1.0,-1
1.370285,1.370285,1.370285,1.370285,-1.0,-1.0,-1
1.370285,1.37029,1.370285,1.37029,-1.0,-1.0,-1
1.37029,1.37029,1.370255,1.370265,-1.0,-1.0,-1
1.370265,1.370265,1.370235,1.370235,-1.0,-1.0,-1
1.370235,1.370235,1.370165,1.3702,-1.0,-1.0,-1
1.3702,1.3702,1.370195,1.3702,-1.0,-1.0,-1
1.3702,1.370205,1.370195,1.370205,-1.0,-1.0,-1
1.370205,1.370205,1.370195,1.3702,-1.0,-1.0,-1
1.3702,1.3702,1.37018,1.370195,-1.0,-1.0,-1
1.370195,1.370205,1.37019,1.370195,-1.0,-1.0,-1
1.370195,1.370195,1.37019,1.370195,-1.0,-1.0,-1
1.370195,1.370195,1.37019,1.370195,-1.0,-1.0,-1
1.370195,1.370205,1.37019,1.3702,-1.0,-1.0,-1
1.3702,1.37022,1.370195,1.370215,-1.0,-1.0,-1
1.370215,1.37022,1.370205,1.37021,-1.0,-1.0,-1
1.37021,1.37022,1.370205,1.370215,-1.0,-1.0,-1
1.370215,1.37035,1.370215,1.370335,-1.0,-1.0,-1
1.370335,1.37035,1.370335,1.370335,-1.0,-1.0,-1
1.370335,1.370375,1.370335,1.37037,-1.0,-1.0,-1
1.37037,1.370375,1.370335,1.37034,-1.0,-1.0,-1
1.37034,1.370345,1.370325,1.37033,-1.0,-1.0,-1
1.37033,1.37034,1.37033,1.370335,-1.0,-1.0,-1
1.370335,1.37034,1.37033,1.37033,-1.0,-1.0,-1
1.37033,1.37034,1.37033,1.370335,-1.0,-1.0,-1
1.370335,1.37034,1.370325,1.370325,-1.0,-1.0,-1
1.370325,1.37034,1.370325,1.370335,-1.0,-1.0,-1
1.370335,1.370345,1.37033,1.370345,-1.0,-1.0,-1
1.370345,1.370395,1.37033,1.370375,-1.0,-1.0,-1
1.370375,1.37038,1.370335,1.370335,-1.0,-1.0,-1
1.370335,1.37034,1.37033,1.37033,-1.0,-1.0,-1
1.37033,1.37033,1.37033,1.37033,-1.0,-1.0,-1
1.37033,1.37034,1.37033,1.370335,-1.0,-1.0,-1
1.370335,1.37038,1.37033,1.370375,-1.0,-1.0,-1
1.370375,1.370385,1.37037,1.37038,-1.0,-1.0,-1
1.37038,1.37038,1.37037,1.37038,-1.0,-1.0,-1
1.37038,1.370425,1.37037,1.370395,-1.0,-1.0,-1
1.370395,1.3704,1.37039,1.37039,-1.0,-1.0,-1
1.37039,1.3704,1.37037,1.370385,-1.0,-1.0,-1
1.370385,1.370405,1.37038,1.370405,-1.0,-1.0,-1
1.370405,1.37041,1.370405,1.370405,-1.0,-1.0,-1
1.370405,1.37041,1.37038,1.37038,-1.0,-1.0,-1
1.37038,1.37039,1.37038,1.370385,-1.0,-1.0,-1
1.370385,1.370385,1.370355,1.370385,-1.0,-1.0,-1
1.370385,1.370385,1.37038,1.370385,-1.0,-1.0,-1
1.370385,1.37039,1.37037,1.370385,-1.0,-1.0,-1
1.370385,1.370385,1.37038,1.370385,-1.0,-1.0,-1
1.370385,1.370385,1.37037,1.370375,-1.0,-1.0,-1
1.370375,1.37038,1.37037,1.37038,-1.0,-1.0,-1
1.37038,1.370385,1.37038,1.370385,-1.0,-1.0,-1
1.370385,1.370385,1.37038,1.370385,-1.0,-1.0,-1
1.370385,1.370385,1.37029,1.370295,-1.0,-1.0,-1
1.370295,1.370295,1.37029,1.370295,-1.0,-1.0,-1
1.370295,1.37033,1.37029,1.370315,-1.0,-1.0,-1
1.370315,1.37032,1.370285,1.370295,-1.0,-1.0,-1
1.370295,1.370295,1.370265,1.370265,-1.0,-1.0,-1
1.370265,1.370265,1.37024,1.37026,-1.0,-1.0,-1
1.37026,1.370295,1.370255,1.37026,-1.0,-1.0,-1
1.37026,1.37029,1.37026,1.37029,-1.0,-1.0,-1
1.37029,1.37031,1.370285,1.3703,-1.0,-1.0,-1
1.3703,1.37032,1.370285,1.37029,-1.0,-1.0,-1
1.37029,1.37029,1.37024,1.370255,-1.0,-1.0,-1
1.370255,1.370255,1.370245,1.370255,-1.0,-1.0,-1
1.370255,1.37026,1.37024,1.37024,-1.0,-1.0,-1
1.37024,1.37024,1.370235,1.370235,-1.0,-1.0,-1
1.370235,1.37028,1.370235,1.37028,-1.0,-1.0,-1
1.37028,1.370285,1.370275,1.370285,-1.0,-1.0,-1
1.370285,1.370295,1.370285,1.370295,-1.0,-1.0,-1
1.370295,1.370305,1.370285,1.3703,-1.0,-1.0,-1
1.3703,1.3703,1.370285,1.37029,-1.0,-1.0,-1
1.37029,1.370295,1.370285,1.370295,-1.0,-1.0,-1
1.370295,1.370295,1.370235,1.370235,-1.0,-1.0,-1
1.370235,1.37024,1.370235,1.370235,-1.0,-1.0,-1
1.370235,1.370235,1.37023,1.37023,-1.0,-1.0,-1
1.37023,1.37023,1.37023,1.37023,-1.0,-1.0,-1
1.37023,1.37023,1.37023,1.37023,-1.0,-1.0,-1
1.37023,1.37023,1.37022,1.370225,-1.0,-1.0,-1
1.370225,1.370235,1.370225,1.370235,-1.0,-1.0,-1
1.370235,1.370235,1.370225,1.370225,-1.0,-1.0,-1
1.370225,1.370235,1.370195,1.370205,-1.0,-1.0,-1
1.370205,1.37023,1.370195,1.37023,-1.0,-1.0,-1
1.37023,1.370235,1.37023,1.370235,-1.0,-1.0,-1
1.370235,1.370235,1.37023,1.37023,-1.0,-1.0,-1
1.37023,1.37023,1.37022,1.37022,-1.0,-1.0,-1
1.37022,1.370235,1.37022,1.370225,-1.0,-1.0,-1
1.370225,1.370235,1.37022,1.370225,-1.0,-1.0,-1
1.370225,1.37027,1.370225,1.37027,-1.0,-1.0,-1
1.37027,1.3703,1.370265,1.3703,-1.0,-1.0,-1
1.3703,1.3703,1.3703,1.3703,-1.0,-1.0,-1
1.3703,1.37033,1.3703,1.37033,-1.0,-1.0,-1
1.37033,1.37033,1.370325,1.370325,-1.0,-1.0,-1
1.370325,1.37034,1.370325,1.37034,-1.0,-1.0,-1
1.37034,1.370385,1.370335,1.370375,-1.0,-1.0,-1
1.370375,1.370385,1.37035,1.37038,-1.0,-1.0,-1
1.37038,1.37038,1.370345,1.37035,-1.0,-1.0,-1
1.37035,1.370355,1.37035,1.37035,-1.0,-1.0,-1
1.37035,1.370355,1.37035,1.37035,-1.0,-1.0,-1
1.37035,1.37037,1.370325,1.37033,-1.0,-1.0,-1
1.37033,1.37033,1.370325,1.370325,-1.0,-1.0,-1
1.370325,1.37033,1.370325,1.370325,-1.0,-1.0,-1
1.370325,1.37033,1.370315,1.37033,-1.0,-1.0,-1
1.37033,1.37038,1.370325,1.37038,-1.0,-1.0,-1
1.37038,1.370385,1.37038,1.370385,-1.0,-1.0,-1
1.370385,1.370385,1.37032,1.37032,-1.0,-1.0,-1
1.37032,1.37032,1.370315,1.37032,-1.0,-1.0,-1
1.37032,1.37032,1.3703,1.3703,-1.0,-1.0,-1
1.3703,1.3703,1.370285,1.370295,-1.0,-1.0,-1
1.370295,1.37032,1.37029,1.37032,-1.0,-1.0,-1
1.37032,1.37032,1.37031,1.370315,-1.0,-1.0,-1
1.370315,1.37032,1.37031,1.37031,-1.0,-1.0,-1
1.37031,1.37033,1.37031,1.37033,-1.0,-1.0,-1
1.37033,1.370355,1.37033,1.370335,-1.0,-1.0,-1
1.370335,1.37037,1.370335,1.37037,-1.0,-1.0,-1
1.37037,1.37037,1.370355,1.370355,-1.0,-1.0,-1
1.370355,1.370355,1.370335,1.370335,-1.0,-1.0,-1
1.370335,1.37034,1.37033,1.37033,-1.0,-1.0,-1
1.37033,1.37034,1.370315,1.37033,-1.0,-1.0,-1
1.37033,1.37035,1.37033,1.37035,-1.0,-1.0,-1
1.37035,1.370385,1.37035,1.37038,-1.0,-1.0,-1
1.37038,1.370385,1.37037,1.370385,-1.0,-1.0,-1
1.370385,1.370385,1.37037,1.370375,-1.0,-1.0,-1
1.370375,1.370375,1.37037,1.370375,-1.0,-1.0,-1
1.370375,1.370375,1.37037,1.370375,-1.0,-1.0,-1
1.370375,1.370375,1.37033,1.37033,-1.0,-1.0,-1
1.37033,1.37034,1.37033,1.37033,-1.0,-1.0,-1
1.37033,1.37033,1.37033,1.37033,-1.0,-1.0,-1
1.37033,1.37033,1.37033,1.37033,-1.0,-1.0,-1
1.37033,1.37033,1.370325,1.37033,-1.0,-1.0,-1
1.37033,1.37033,1.37033,1.37033,-1.0,-1.0,-1
1.37033,1.370355,1.37033,1.370335,-1.0,-1.0,-1
1.370335,1.37034,1.37033,1.37033,-1.0,-1.0,-1
1.37033,1.370345,1.37033,1.37033,-1.0,-1.0,-1
1.37033,1.370345,1.37033,1.370345,-1.0,-1.0,-1
1.370345,1.370355,1.370335,1.37035,-1.0,-1.0,-1
1.37035,1.370355,1.370345,1.370345,-1.0,-1.0,-1
1.370345,1.370345,1.370335,1.370335,-1.0,-1.0,-1
1.370335,1.37034,1.37033,1.37033,-1.0,-1.0,-1
1.37033,1.37034,1.37033,1.370335,-1.0,-1.0,-1
1.370335,1.37034,1.37033,1.37033,-1.0,-1.0,-1
1.37033,1.37033,1.37033,1.37033,-1.0,-1.0,-1
1.37033,1.37033,1.370325,1.370325,-1.0,-1.0,-1
1.370325,1.370345,1.370325,1.370335,-1.0,-1.0,-1
1.370335,1.370375,1.370315,1.370315,-1.0,-1.0,-1
1.370315,1.37033,1.370315,1.37032,-1.0,-1.0,-1
1.37032,1.37034,1.37032,1.37034,-1.0,-1.0,-1
1.37034,1.37034,1.37033,1.37034,-1.0,-1.0,-1
1.37034,1.370375,1.370335,1.370375,-1.0,-1.0,-1
1.370375,1.370375,1.37037,1.370375,-1.0,-1.0,-1
1.370375,1.37038,1.370335,1.37034,-1.0,-1.0,-1
1.37034,1.37036,1.370335,1.370355,-1.0,-1.0,-1
1.370355,1.37036,1.370355,1.37036,-1.0,-1.0,-1
1.37036,1.37036,1.37036,1.37036,-1.0,-1.0,-1
1.37036,1.37036,1.370325,1.370325,-1.0,-1.0,-1
1.370325,1.3704,1.370325,1.370365,-1.0,-1.0,-1
1.370365,1.37039,1.370365,1.370385,-1.0,-1.0,-1
1.370385,1.37041,1.37037,1.370405,-1.0,-1.0,-1
1.370405,1.37041,1.3704,1.37041,-1.0,-1.0,-1
1.37041,1.37046,1.370405,1.37044,-1.0,-1.0,-1
1.37044,1.370445,1.370435,1.370435,-1.0,-1.0,-1
1.370435,1.37044,1.370435,1.37044,-1.0,-1.0,-1
1.37044,1.37044,1.370435,1.37044,-1.0,-1.0,-1
1.37044,1.37044,1.37043,1.37043,-1.0,-1.0,-1
1.37043,1.37043,1.370415,1.37043,-1.0,-1.0,-1
1.37043,1.37045,1.370415,1.370435,-1.0,-1.0,-1
1.370435,1.370435,1.37042,1.37043,-1.0,-1.0,-1
1.37043,1.37043,1.37041,1.37042,-1.0,-1.0,-1
1.37042,1.37042,1.37038,1.3704,-1.0,-1.0,-1
1.3704,1.3704,1.370395,1.3704,-1.0,-1.0,-1
1.3704,1.370405,1.3704,1.370405,-1.0,-1.0,-1
1.370405,1.370405,1.370405,1.370405,-1.0,-1.0,-1
1.370405,1.37044,1.370405,1.370435,-1.0,-1.0,-1
1.370435,1.370445,1.370435,1.37044,-1.0,-1.0,-1
1.37044,1.370445,1.370435,1.37044,-1.0,-1.0,-1
1.37044,1.370445,1.37041,1.37043,-1.0,-1.0,-1
1.37043,1.37044,1.370415,1.37044,-1.0,-1.0,-1
1.37044,1.370445,1.370435,1.370445,-1.0,-1.0,-1
1.370445,1.370505,1.370445,1.370485,-1.0,-1.0,-1
1.370485,1.370505,1.370445,1.37047,-1.0,-1.0,-1
1.37047,1.37047,1.37047,1.37047,-1.0,-1.0,-1
1.37047,1.370485,1.37047,1.37048,-1.0,-1.0,-1
1.37048,1.370485,1.370475,1.37048,-1.0,-1.0,-1
1.37048,1.37048,1.37044,1.370455,-1.0,-1.0,-1
1.370455,1.37046,1.370445,1.370445,-1.0,-1.0,-1
1.370445,1.37052,1.370445,1.37052,-1.0,-1.0,-1
1.37052,1.370555,1.37052,1.37054,-1.0,-1.0,-1
1.37054,1.37054,1.370515,1.37052,-1.0,-1.0,-1
1.37052,1.37054,1.370515,1.37054,-1.0,-1.0,-1
1.37054,1.370545,1.370525,1.370535,-1.0,-1.0,-1
1.370535,1.370535,1.37049,1.370495,-1.0,-1.0,-1
1.370495,1.370525,1.370415,1.370415,-1.0,-1.0,-1
1.370415,1.37044,1.3704,1.370415,-1.0,-1.0,-1
1.370415,1.37045,1.370415,1.37045,-1.0,-1.0,-1
1.37045,1.37045,1.370435,1.37044,-1.0,-1.0,-1
1.37044,1.37044,1.370425,1.370435,-1.0,-1.0,-1
1.370435,1.370435,1.370345,1.370365,-1.0,-1.0,-1
1.370365,1.370365,1.37032,1.37032,-1.0,-1.0,-1
1.37032,1.370355,1.37032,1.370335,-1.0,-1.0,-1
1.370335,1.370385,1.370335,1.37038,-1.0,-1.0,-1
1.37038,1.370415,1.370365,1.370395,-1.0,-1.0,-1
1.370395,1.370415,1.370395,1.37041,-1.0,-1.0,-1
1.37041,1.370415,1.370395,1.370415,-1.0,-1.0,-1
1.370415,1.370415,1.370355,1.37036,-1.0,-1.0,-1
1.37036,1.37038,1.37035,1.37036,-1.0,-1.0,-1
1.37036,1.37037,1.370355,1.37036,-1.0,-1.0,-1
1.37036,1.370375,1.370355,1.370365,-1.0,-1.0,-1
1.370365,1.370375,1.370345,1.37036,-1.0,-1.0,-1
1.37036,1.37036,1.37036,1.37036,-1.0,-1.0,-1
1.37036,1.37039,1.37036,1.370385,-1.0,-1.0,-1
1.370385,1.37039,1.370385,1.370385,-1.0,-1.0,-1
1.370385,1.37041,1.37037,1.3704,-1.0,-1.0,-1
1.3704,1.370505,1.37039,1.370505,-1.0,-1.0,-1
1.370505,1.370505,1.370455,1.370465,-1.0,-1.0,-1
1.370465,1.37051,1.37045,1.37051,-1.0,-1.0,-1
1.37051,1.370515,1.37048,1.37048,-1.0,-1.0,-1
1.37048,1.37048,1.370475,1.37048,-1.0,-1.0,-1
1.37048,1.370515,1.370475,1.370515,-1.0,-1.0,-1
1.370515,1.370555,1.3705,1.37052,-1.0,-1.0,-1
1.37052,1.37053,1.370485,1.370485,-1.0,-1.0,-1
1.370485,1.370485,1.37038,1.37038,-1.0,-1.0,-1
1.37038,1.37039,1.370355,1.37039,-1.0,-1.0,-1
1.37039,1.370425,1.37039,1.370425,-1.0,-1.0,-1
1.370425,1.370435,1.370415,1.370415,-1.0,-1.0,-1
1.370415,1.37051,1.370415,1.37051,-1.0,-1.0,-1
1.37051,1.37051,1.37049,1.37051,-1.0,-1.0,-1
1.37051,1.37052,1.3705,1.370515,-1.0,-1.0,-1
1.370515,1.370515,1.370465,1.37047,-1.0,-1.0,-1
1.37047,1.37051,1.370465,1.37048,-1.0,-1.0,-1
1.37048,1.37048,1.370475,1.37048,-1.0,-1.0,-1
1.37048,1.370505,1.370475,1.370485,-1.0,-1.0,-1
1.370485,1.37052,1.370485,1.37051,-1.0,-1.0,-1
1.37051,1.370515,1.37051,1.37051,-1.0,-1.0,-1
1.37051,1.370515,1.37051,1.37051,-1.0,-1.0,-1
1.37051,1.37051,1.37051,1.37051,-1.0,-1.0,-1
1.37051,1.37051,1.3705,1.37051,-1.0,-1.0,-1
1.37051,1.37051,1.37051,1.37051,-1.0,-1.0,-1
1.37051,1.37051,1.3705,1.370505,-1.0,-1.0,-1
1.370505,1.370505,1.370415,1.37042,-1.0,-1.0,-1
1.37042,1.370425,1.37041,1.37042,-1.0,-1.0,-1
1.37042,1.370425,1.370415,1.370415,-1.0,-1.0,-1
1.370415,1.37043,1.37041,1.370425,-1.0,-1.0,-1
1.370425,1.37043,1.37042,1.37042,-1.0,-1.0,-1
1.37042,1.370505,1.37042,1.370505,-1.0,-1.0,-1
1.370505,1.370505,1.37042,1.37043,-1.0,-1.0,-1
1.37043,1.37043,1.37042,1.370425,-1.0,-1.0,-1
1.370425,1.37043,1.37042,1.370425,-1.0,-1.0,-1
1.370425,1.370425,1.37042,1.370425,-1.0,-1.0,-1
1.370425,1.370425,1.3704,1.3704,-1.0,-1.0,-1
1.3704,1.370405,1.3704,1.370405,-1.0,-1.0,-1
1.370405,1.370445,1.370405,1.370445,-1.0,-1.0,-1
1.370445,1.37047,1.37044,1.37044,-1.0,-1.0,-1
1.37044,1.370455,1.37042,1.37042,-1.0,-1.0,-1
1.37042,1.37043,1.37042,1.370425,-1.0,-1.0,-1
1.370425,1.37043,1.37042,1.37042,-1.0,-1.0,-1
1.37042,1.37043,1.37042,1.37042,-1.0,-1.0,-1
1.37042,1.37044,1.37042,1.370435,-1.0,-1.0,-1
1.370435,1.37044,1.370425,1.37043,-1.0,-1.0,-1
1.37043,1.370455,1.370425,1.37045,-1.0,-1.0,-1
1.37045,1.37045,1.370435,1.370435,-1.0,-1.0,-1
1.370435,1.37044,1.370435,1.370435,-1.0,-1.0,-1
1.370435,1.370435,1.37042,1.37042,-1.0,-1.0,-1
1.37042,1.37043,1.37042,1.370425,-1.0,-1.0,-1
1.370425,1.370515,1.37042,1.370515,-1.0,-1.0,-1
1.370515,1.370515,1.37051,1.370515,-1.0,-1.0,-1
1.370515,1.370515,1.37051,1.370515,-1.0,-1.0,-1
1.370515,1.37052,1.37051,1.37052,-1.0,-1.0,-1
1.37052,1.37052,1.370515,1.37052,-1.0,-1.0,-1
1.37052,1.37052,1.370515,1.37052,-1.0,-1.0,-1
1.37052,1.37052,1.37051,1.37052,-1.0,-1.0,-1
1.37052,1.37052,1.37042,1.370425,-1.0,-1.0,-1
1.370425,1.370425,1.37032,1.37033,-1.0,-1.0,-1
1.37033,1.370345,1.37033,1.37033,-1.0,-1.0,-1
1.37033,1.37038,1.37033,1.370355,-1.0,-1.0,-1
1.370355,1.370385,1.37035,1.370385,-1.0,-1.0,-1
1.370385,1.3704,1.37038,1.37038,-1.0,-1.0,-1
1.37038,1.37038,1.37038,1.37038,-1.0,-1.0,-1
1.37038,1.37038,1.37036,1.37036,-1.0,-1.0,-1
1.37036,1.37036,1.370345,1.370355,-1.0,-1.0,-1
1.370355,1.370355,1.37035,1.37035,-1.0,-1.0,-1
1.37035,1.370435,1.37035,1.370415,-1.0,-1.0,-1
1.370415,1.370425,1.370405,1.370405,-1.0,-1.0,-1
1.370405,1.37041,1.370405,1.37041,-1.0,-1.0,-1
1.37041,1.370425,1.370405,1.370425,-1.0,-1.0,-1
1.370425,1.37043,1.37042,1.37043,-1.0,-1.0,-1
1.37043,1.370505,1.370425,1.370505,-1.0,-1.0,-1
1.370505,1.370505,1.370445,1.37045,-1.0,-1.0,-1
1.37045,1.370455,1.37045,1.37045,-1.0,-1.0,-1
1.37045,1.370455,1.37045,1.37045,-1.0,-1.0,-1
1.37045,1.370455,1.37045,1.37045,-1.0,-1.0,-1
1.37045,1.370455,1.37045,1.37045,-1.0,-1.0,-1
1.37045,1.370505,1.37045,1.370505,-1.0,-1.0,-1
1.370505,1.370515,1.3705,1.370515,-1.0,-1.0,-1
1.370515,1.370515,1.3705,1.370505,-1.0,-1.0,-1
1.370505,1.370505,1.370455,1.370455,-1.0,-1.0,-1
1.370455,1.370505,1.370455,1.370505,-1.0,-1.0,-1
1.370505,1.370505,1.3705,1.370505,-1.0,-1.0,-1
1.370505,1.370505,1.3705,1.370505,-1.0,-1.0,-1
1.370505,1.370505,1.3705,1.370505,-1.0,-1.0,-1
1.370505,1.370505,1.370425,1.370435,-1.0,-1.0,-1
1.370435,1.37051,1.370435,1.37051,-1.0,-1.0,-1
1.37051,1.370515,1.37051,1.370515,-1.0,-1.0,-1
1.370515,1.370515,1.37051,1.370515,-1.0,-1.0,-1
1.370515,1.37052,1.37051,1.37052,-1.0,-1.0,-1
1.37052,1.37052,1.37051,1.370515,-1.0,-1.0,-1
1.370515,1.37052,1.37051,1.37052,-1.0,-1.0,-1
1.37052,1.370525,1.370515,1.370525,-1.0,-1.0,-1
1.370525,1.370545,1.370515,1.370545,-1.0,-1.0,-1
1.370545,1.37055,1.370545,1.37055,-1.0,-1.0,-1
1.37055,1.37055,1.370545,1.37055,-1.0,-1.0,-1
1.37055,1.37055,1.370535,1.37054,-1.0,-1.0,-1
1.37054,1.37054,1.37053,1.37054,-1.0,-1.0,-1
1.37054,1.37054,1.37053,1.37054,-1.0,-1.0,-1
1.37054,1.370565,1.370535,1.37056,-1.0,-1.0,-1
1.37056,1.370565,1.370545,1.370545,-1.0,-1.0,-1
1.370545,1.37055,1.370545,1.370545,-1.0,-1.0,-1
1.370545,1.370545,1.370545,1.370545,-1.0,-1.0,-1
1.370545,1.370545,1.370545,1.370545,-1.0,-1.0,-1
1.370545,1.370545,1.370545,1.370545,-1.0,-1.0,-1
1.370545,1.37055,1.370545,1.370545,-1.0,-1.0,-1
1.370545,1.370555,1.370545,1.37055,-1.0,-1.0,-1
1.37055,1.370555,1.370545,1.37055,-1.0,-1.0,-1
1.37055,1.37056,1.370545,1.370555,-1.0,-1.0,-1
1.370555,1.37059,1.370545,1.370585,-1.0,-1.0,-1
1.370585,1.37059,1.37058,1.37059,-1.0,-1.0,-1
1.37059,1.370615,1.37059,1.370605,-1.0,-1.0,-1
1.370605,1.370615,1.370585,1.370585,-1.0,-1.0,-1
1.370585,1.370605,1.370585,1.370605,-1.0,-1.0,-1
1.370605,1.37061,1.370605,1.37061,-1.0,-1.0,-1
1.37061,1.37061,1.370595,1.370605,-1.0,-1.0,-1
1.370605,1.370605,1.37058,1.3706,-1.0,-1.0,-1
1.3706,1.3706,1.37059,1.37059,-1.0,-1.0,-1
1.37059,1.37059,1.370585,1.37059,-1.0,-1.0,-1
1.37059,1.37061,1.37059,1.370605,-1.0,-1.0,-1
1.370605,1.370615,1.370605,1.370605,-1.0,-1.0,-1
1.370605,1.370615,1.37059,1.370615,-1.0,-1.0,-1
1.370615,1.370625,1.370615,1.37062,-1.0,-1.0,-1
1.37062,1.370625,1.37062,1.37062,-1.0,-1.0,-1
1.37062,1.370625,1.37062,1.37062,-1.0,-1.0,-1
1.37062,1.370625,1.37061,1.37061,-1.0,-1.0,-1
1.37061,1.37061,1.370595,1.3706,-1.0,-1.0,-1
1.3706,1.3706,1.370595,1.3706,-1.0,-1.0,-1
1.3706,1.3706,1.370595,1.3706,-1.0,-1.0,-1
1.3706,1.3706,1.370595,1.3706,-1.0,-1.0,-1
1.3706,1.3706,1.370595,1.3706,-1.0,-1.0,-1
1.3706,1.3706,1.370585,1.37059,-1.0,-1.0,-1
1.37059,1.3706,1.37059,1.3706,-1.0,-1.0,-1
1.3706,1.3706,1.370595,1.3706,-1.0,-1.0,-1
1.3706,1.3706,1.370595,1.3706,-1.0,-1.0,-1
1.3706,1.3706,1.370595,1.3706,-1.0,-1.0,-1
1.3706,1.370635,1.37059,1.370635,-1.0,-1.0,-1
1.370635,1.370645,1.37063,1.370645,-1.0,-1.0,-1
1.370645,1.370645,1.370625,1.37063,-1.0,-1.0,-1
1.37063,1.37063,1.370625,1.37063,-1.0,-1.0,-1
1.37063,1.37063,1.37062,1.370625,-1.0,-1.0,-1
1.370625,1.37066,1.37062,1.370655,-1.0,-1.0,-1
1.370655,1.37066,1.370625,1.37066,-1.0,-1.0,-1
1.37066,1.370665,1.37065,1.370655,-1.0,-1.0,-1
1.370655,1.37068,1.370655,1.37068,-1.0,-1.0,-1
1.37068,1.37068,1.37068,1.37068,-1.0,-1.0,-1
1.37068,1.37068,1.37068,1.37068,-1.0,-1.0,-1
1.37068,1.37071,1.37068,1.37071,-1.0,-1.0,-1
1.37071,1.37071,1.37071,1.37071,-1.0,-1.0,-1
1.37071,1.370795,1.37071,1.370785,-1.0,-1.0,-1
1.370785,1.3708,1.370785,1.370795,-1.0,-1.0,-1
1.370795,1.3708,1.37074,1.37074,-1.0,-1.0,-1
1.37074,1.37074,1.370715,1.370725,-1.0,-1.0,-1
1.370725,1.370725,1.37072,1.37072,-1.0,-1.0,-1
1.37072,1.370725,1.370705,1.37071,-1.0,-1.0,-1
1.37071,1.37074,1.37071,1.37074,-1.0,-1.0,-1
1.37074,1.37075,1.37073,1.37074,-1.0,-1.0,-1
1.37074,1.370765,1.37074,1.370765,-1.0,-1.0,-1
1.370765,1.370775,1.37076,1.370765,-1.0,-1.0,-1
1.370765,1.370765,1.37076,1.37076,-1.0,-1.0,-1
1.37076,1.3708,1.37076,1.370795,-1.0,-1.0,-1
1.370795,1.3708,1.37078,1.37078,-1.0,-1.0,-1
1.37078,1.370785,1.370775,1.37078,-1.0,-1.0,-1
1.37078,1.370785,1.37075,1.37078,-1.0,-1.0,-1
1.37078,1.370795,1.37078,1.37079,-1.0,-1.0,-1
1.37079,1.370795,1.37079,1.37079,-1.0,-1.0,-1
1.37079,1.370795,1.37079,1.37079,-1.0,-1.0,-1
1.37079,1.3708,1.37079,1.370795,-1.0,-1.0,-1
1.370795,1.37082,1.370795,1.37082,-1.0,-1.0,-1
1.37082,1.37082,1.3708,1.3708,-1.0,-1.0,-1
1.3708,1.370815,1.3708,1.370815,-1.0,-1.0,-1
1.370815,1.370815,1.370815,1.370815,-1.0,-1.0,-1
1.370815,1.37083,1.370805,1.37083,-1.0,-1.0,-1
1.37083,1.37085,1.37083,1.37085,-1.0,-1.0,-1
1.37085,1.37085,1.37085,1.37085,-1.0,-1.0,-1
1.37085,1.37085,1.37085,1.37085,-1.0,-1.0,-1
1.37085,1.37085,1.370825,1.370825,-1.0,-1.0,-1
1.370825,1.370845,1.370825,1.370835,-1.0,-1.0,-1
1.370835,1.370845,1.370815,1.370835,-1.0,-1.0,-1
1.370835,1.37085,1.370835,1.37084,-1.0,-1.0,-1
1.37084,1.370855,1.37084,1.37085,-1.0,-1.0,-1
1.37085,1.37085,1.37085,1.37085,-1.0,-1.0,-1
1.37085,1.37085,1.370845,1.370845,-1.0,-1.0,-1
1.370845,1.370845,1.370825,1.37083,-1.0,-1.0,-1
1.37083,1.37085,1.37083,1.37085,-1.0,-1.0,-1
1.37085,1.370865,1.37085,1.370865,-1.0,-1.0,-1
1.370865,1.370865,1.37079,1.370795,-1.0,-1.0,-1
1.370795,1.3708,1.370795,1.370795,-1.0,-1.0,-1
1.370795,1.3708,1.37077,1.370785,-1.0,-1.0,-1
1.370785,1.370785,1.370785,1.370785,-1.0,-1.0,-1
1.370785,1.370785,1.37077,1.370775,-1.0,-1.0,-1
1.370775,1.370805,1.37077,1.3708,-1.0,-1.0,-1
1.3708,1.3708,1.37078,1.37078,-1.0,-1.0,-1
1.37078,1.37078,1.37077,1.370775,-1.0,-1.0,-1
1.370775,1.37078,1.37077,1.37078,-1.0,-1.0,-1
1.37078,1.370785,1.37077,1.370775,-1.0,-1.0,-1
1.370775,1.370785,1.37077,1.370775,-1.0,-1.0,-1
1.370775,1.370775,1.37077,1.370775,-1.0,-1.0,-1
1.370775,1.3708,1.370765,1.37079,-1.0,-1.0,-1
1.37079,1.37079,1.37077,1.370775,-1.0,-1.0,-1
1.370775,1.370775,1.370755,1.370775,-1.0,-1.0,-1
1.370775,1.370775,1.370755,1.37076,-1.0,-1.0,-1
1.37076,1.370765,1.37076,1.37076,-1.0,-1.0,-1
1.37076,1.370765,1.370755,1.37076,-1.0,-1.0,-1
1.37076,1.370765,1.37076,1.370765,-1.0,-1.0,-1
1.370765,1.370765,1.370755,1.370755,-1.0,-1.0,-1
1.370755,1.37076,1.370755,1.370755,-1.0,-1.0,-1
1.370755,1.37076,1.370755,1.37076,-1.0,-1.0,-1
1.37076,1.370765,1.370755,1.37076,-1.0,-1.0,-1
1.37076,1.370765,1.370685,1.370695,-1.0,-1.0,-1
1.370695,1.3707,1.37069,1.370695,-1.0,-1.0,-1
1.370695,1.370705,1.37069,1.370695,-1.0,-1.0,-1
1.370695,1.370695,1.370675,1.370685,-1.0,-1.0,-1
1.370685,1.370685,1.370655,1.37067,-1.0,-1.0,-1
1.37067,1.37067,1.37067,1.37067,-1.0,-1.0,-1
1.37067,1.37067,1.370665,1.370665,-1.0,-1.0,-1
1.370665,1.37067,1.370665,1.37067,-1.0,-1.0,-1
1.37067,1.370675,1.37067,1.37067,-1.0,-1.0,-1
1.37067,1.37067,1.37067,1.37067,-1.0,-1.0,-1
1.37067,1.370675,1.370665,1.37067,-1.0,-1.0,-1
1.37067,1.37067,1.37066,1.37066,-1.0,-1.0,-1
1.37066,1.37066,1.370645,1.37065,-1.0,-1.0,-1
1.37065,1.370675,1.37065,1.370675,-1.0,-1.0,-1
1.370675,1.370695,1.370675,1.370695,-1.0,-1.0,-1
1.370695,1.37071,1.37069,1.3707,-1.0,-1.0,-1
1.3707,1.3707,1.37069,1.3707,-1.0,-1.0,-1
1.3707,1.3707,1.37067,1.37067,-1.0,-1.0,-1
1.37067,1.37069,1.37067,1.370685,-1.0,-1.0,-1
1.370685,1.37069,1.370685,1.370685,-1.0,-1.0,-1
1.370685,1.370705,1.370685,1.37069,-1.0,-1.0,-1
1.37069,1.37072,1.370685,1.37072,-1.0,-1.0,-1
1.37072,1.370735,1.370715,1.370735,-1.0,-1.0,-1
1.370735,1.370735,1.370715,1.370715,-1.0,-1.0,-1
1.370715,1.370715,1.370715,1.370715,-1.0,-1.0,-1
1.370715,1.370735,1.370715,1.37072,-1.0,-1.0,-1
1.37072,1.370735,1.37072,1.370725,-1.0,-1.0,-1
1.370725,1.37073,1.37072,1.37072,-1.0,-1.0,-1
1.37072,1.37072,1.37071,1.37071,-1.0,-1.0,-1
1.37071,1.37071,1.37071,1.37071,-1.0,-1.0,-1
1.37071,1.37076,1.37071,1.37076,-1.0,-1.0,-1
1.37076,1.37076,1.370755,1.370755,-1.0,-1.0,-1
1.370755,1.37076,1.370755,1.370755,-1.0,-1.0,-1
1.370755,1.37076,1.370735,1.370735,-1.0,-1.0,-1
1.370735,1.370755,1.370735,1.370755,-1.0,-1.0,-1
1.370755,1.370755,1.37075,1.37075,-1.0,-1.0,-1
1.37075,1.370755,1.37075,1.370755,-1.0,-1.0,-1
1.370755,1.370755,1.37075,1.37075,-1.0,-1.0,-1
1.37075,1.37075,1.37075,1.37075,-1.0,-1.0,-1
1.37075,1.37075,1.37075,1.37075,-1.0,-1.0,-1
1.37075,1.37076,1.37075,1.37075,-1.0,-1.0,-1
1.37075,1.37075,1.37074,1.37074,-1.0,-1.0,-1
1.37074,1.370755,1.370735,1.370755,-1.0,-1.0,-1
1.370755,1.370755,1.37075,1.370755,-1.0,-1.0,-1
1.370755,1.370755,1.37075,1.370755,-1.0,-1.0,-1
1.370755,1.37078,1.37075,1.37078,-1.0,-1.0,-1
1.37078,1.370785,1.37077,1.370785,-1.0,-1.0,-1
1.370785,1.370795,1.37078,1.370785,-1.0,-1.0,-1
1.370785,1.370785,1.37078,1.37078,-1.0,-1.0,-1
1.37078,1.37078,1.37075,1.370755,-1.0,-1.0,-1
1.370755,1.370775,1.37075,1.37077,-1.0,-1.0,-1
1.37077,1.370785,1.37076,1.37078,-1.0,-1.0,-1
1.37078,1.370785,1.370775,1.37078,-1.0,-1.0,-1
1.37078,1.370785,1.37078,1.37078,-1.0,-1.0,-1
1.37078,1.37078,1.370775,1.370775,-1.0,-1.0,-1
1.370775,1.37078,1.370765,1.37078,-1.0,-1.0,-1
1.37078,1.37078,1.370745,1.370745,-1.0,-1.0,-1
1.370745,1.37077,1.370745,1.37077,-1.0,-1.0,-1
1.37077,1.37079,1.37076,1.370785,-1.0,-1.0,-1
1.370785,1.370785,1.37078,1.370785,-1.0,-1.0,-1
1.370785,1.370785,1.37077,1.37077,-1.0,-1.0,-1
1.37077,1.370795,1.37077,1.37079,-1.0,-1.0,-1
1.37079,1.370795,1.37078,1.37079,-1.0,-1.0,-1
1.37079,1.370795,1.37079,1.37079,-1.0,-1.0,-1
1.37079,1.370795,1.370765,1.37077,-1.0,-1.0,-1
1.37077,1.37077,1.370765,1.370765,-1.0,-1.0,-1
1.370765,1.370765,1.37072,1.370725,-1.0,-1.0,-1
1.370725,1.370745,1.37072,1.370745,-1.0,-1.0,-1
1.370745,1.37075,1.37074,1.37074,-1.0,-1.0,-1
1.37074,1.37075,1.37074,1.37075,-1.0,-1.0,-1
1.37075,1.370775,1.37075,1.370775,-1.0,-1.0,-1
1.370775,1.370785,1.370775,1.370785,-1.0,-1.0,-1
1.370785,1.370785,1.37078,1.37078,-1.0,-1.0,-1
1.37078,1.37078,1.37078,1.37078,-1.0,-1.0,-1
1.37078,1.37078,1.370775,1.370775,-1.0,-1.0,-1
1.370775,1.370775,1.370775,1.370775,-1.0,-1.0,-1
1.370775,1.370775,1.370775,1.370775,-1.0,-1.0,-1
1.370775,1.370785,1.370775,1.370785,-1.0,-1.0,-1
1.370785,1.37079,1.37078,1.370785,-1.0,-1.0,-1
1.370785,1.370785,1.370775,1.370775,-1.0,-1.0,-1
1.370775,1.370785,1.370765,1.37077,-1.0,-1.0,-1
1.37077,1.370775,1.370765,1.370775,-1.0,-1.0,-1
1.370775,1.370775,1.370765,1.370775,-1.0,-1.0,-1
1.370775,1.37078,1.370775,1.370775,-1.0,-1.0,-1
1.370775,1.37078,1.370765,1.37077,-1.0,-1.0,-1
1.37077,1.370785,1.37077,1.370785,-1.0,-1.0,-1
1.370785,1.3708,1.370775,1.370795,-1.0,-1.0,-1
1.370795,1.3708,1.370795,1.370795,-1.0,-1.0,-1
1.370795,1.3708,1.370785,1.37079,-1.0,-1.0,-1
1.37079,1.3708,1.370785,1.370795,-1.0,-1.0,-1
1.370795,1.37081,1.370795,1.37081,-1.0,-1.0,-1
1.37081,1.370815,1.370805,1.37081,-1.0,-1.0,-1
1.37081,1.37081,1.370805,1.37081,-1.0,-1.0,-1
1.37081,1.370815,1.370805,1.370815,-1.0,-1.0,-1
1.370815,1.370835,1.370815,1.37083,-1.0,-1.0,-1
1.37083,1.370835,1.370815,1.370815,-1.0,-1.0,-1
1.370815,1.37084,1.370815,1.37084,-1.0,-1.0,-1
1.37084,1.37084,1.370835,1.370835,-1.0,-1.0,-1
1.370835,1.370835,1.37083,1.370835,-1.0,-1.0,-1
1.370835,1.370835,1.370825,1.370835,-1.0,-1.0,-1
1.370835,1.37084,1.370835,1.37084,-1.0,-1.0,-1
1.37084,1.37084,1.37084,1.37084,-1.0,-1.0,-1
1.37084,1.37085,1.37084,1.370845,-1.0,-1.0,-1
1.370845,1.370845,1.37084,1.37084,-1.0,-1.0,-1
1.37084,1.370865,1.37084,1.370845,-1.0,-1.0,-1
1.370845,1.37085,1.37083,1.37083,-1.0,-1.0,-1
1.37083,1.37083,1.37078,1.370785,-1.0,-1.0,-1
1.370785,1.370795,1.37078,1.37079,-1.0,-1.0,-1
1.37079,1.3708,1.37079,1.370795,-1.0,-1.0,-1
1.370795,1.3708,1.370795,1.370795,-1.0,-1.0,-1
1.370795,1.370805,1.370795,1.3708,-1.0,-1.0,-1
1.3708,1.370825,1.3708,1.37082,-1.0,-1.0,-1
1.37082,1.37082,1.370765,1.37078,-1.0,-1.0,-1
1.37078,1.3708,1.370775,1.37079,-1.0,-1.0,-1
1.37079,1.3708,1.37079,1.37079,-1.0,-1.0,-1
1.37079,1.37081,1.37079,1.37081,-1.0,-1.0,-1
1.37081,1.37081,1.3708,1.3708,-1.0,-1.0,-1
1.3708,1.370815,1.370755,1.37078,-1.0,-1.0,-1
1.37078,1.370785,1.37078,1.37078,-1.0,-1.0,-1
1.37078,1.370785,1.37078,1.370785,-1.0,-1.0,-1
1.370785,1.370795,1.370785,1.370785,-1.0,-1.0,-1
1.370785,1.370785,1.370775,1.370775,-1.0,-1.0,-1
1.370775,1.370775,1.370685,1.3707,-1.0,-1.0,-1
1.3707,1.3707,1.37068,1.37068,-1.0,-1.0,-1
1.37068,1.37068,1.37068,1.37068,-1.0,-1.0,-1
1.37068,1.370695,1.370675,1.370695,-1.0,-1.0,-1
1.370695,1.37072,1.37068,1.37072,-1.0,-1.0,-1
1.37072,1.370725,1.37071,1.370715,-1.0,-1.0,-1
1.370715,1.370715,1.370675,1.370675,-1.0,-1.0,-1
1.370675,1.37072,1.370675,1.37072,-1.0,-1.0,-1
1.37072,1.37073,1.37071,1.37072,-1.0,-1.0,-1
1.37072,1.370725,1.37071,1.370725,-1.0,-1.0,-1
1.370725,1.37073,1.37071,1.37073,-1.0,-1.0,-1
1.37073,1.370755,1.37072,1.370755,-1.0,-1.0,-1
1.370755,1.370755,1.370735,1.370755,-1.0,-1.0,-1
1.370755,1.370755,1.37075,1.370755,-1.0,-1.0,-1
1.370755,1.370755,1.37075,1.370755,-1.0,-1.0,-1
1.370755,1.370755,1.370715,1.370735,-1.0,-1.0,-1
1.370735,1.370745,1.370735,1.370745,-1.0,-1.0,-1
1.370745,1.370745,1.370745,1.370745,-1.0,-1.0,-1
1.370745,1.370745,1.370705,1.370735,-1.0,-1.0,-1
1.370735,1.37075,1.37072,1.37073,-1.0,-1.0,-1
1.37073,1.37073,1.370705,1.370725,-1.0,-1.0,-1
1.370725,1.370775,1.37072,1.37077,-1.0,-1.0,-1
1.37077,1.370775,1.37075,1.370755,-1.0,-1.0,-1
1.370755,1.370765,1.37075,1.370755,-1.0,-1.0,-1
1.370755,1.370765,1.370745,1.370745,-1.0,-1.0,-1
1.370745,1.37075,1.37074,1.370745,-1.0,-1.0,-1
1.370745,1.37077,1.370745,1.37077,-1.0,-1.0,-1
1.37077,1.37078,1.370765,1.370775,-1.0,-1.0,-1
1.370775,1.370775,1.370775,1.370775,-1.0,-1.0,-1
1.370775,1.370775,1.37074,1.37074,-1.0,-1.0,-1
1.37074,1.37074,1.37071,1.370725,-1.0,-1.0,-1
1.370725,1.370725,1.37072,1.370725,-1.0,-1.0,-1
1.370725,1.370725,1.370715,1.370725,-1.0,-1.0,-1
1.370725,1.37073,1.37072,1.370725,-1.0,-1.0,-1
1.370725,1.37077,1.37072,1.37074,-1.0,-1.0,-1
1.37074,1.37074,1.370715,1.370725,-1.0,-1.0,-1
1.370725,1.370725,1.370685,1.370695,-1.0,-1.0,-1
1.370695,1.370695,1.370695,1.370695,-1.0,-1.0,-1
1.370695,1.370695,1.370695,1.370695,-1.0,-1.0,-1
1.370695,1.3707,1.370695,1.370695,-1.0,-1.0,-1
1.370695,1.370695,1.370675,1.37069,-1.0,-1.0,-1
1.37069,1.370695,1.370685,1.370695,-1.0,-1.0,-1
1.370695,1.370695,1.37065,1.37067,-1.0,-1.0,-1
1.37067,1.370675,1.370665,1.370675,-1.0,-1.0,-1
1.370675,1.37071,1.370675,1.37071,-1.0,-1.0,-1
1.37071,1.37071,1.370705,1.37071,-1.0,-1.0,-1
1.37071,1.370715,1.370705,1.370715,-1.0,-1.0,-1
1.370715,1.370715,1.370705,1.370715,-1.0,-1.0,-1
1.370715,1.370715,1.3707,1.370705,-1.0,-1.0,-1
1.370705,1.370715,1.370695,1.3707,-1.0,-1.0,-1
1.3707,1.370775,1.37069,1.370775,-1.0,-1.0,-1
1.370775,1.370775,1.37076,1.370775,-1.0,-1.0,-1
1.370775,1.370775,1.37076,1.370775,-1.0,-1.0,-1
1.370775,1.370775,1.37075,1.370755,-1.0,-1.0,-1
1.370755,1.37076,1.37075,1.37076,-1.0,-1.0,-1
1.37076,1.37076,1.370755,1.37076,-1.0,-1.0,-1
1.37076,1.37076,1.37072,1.370735,-1.0,-1.0,-1
1.370735,1.37074,1.37072,1.370725,-1.0,-1.0,-1
1.370725,1.37074,1.37072,1.37073,-1.0,-1.0,-1
1.37073,1.37074,1.37072,1.37073,-1.0,-1.0,-1
1.37073,1.37073,1.37072,1.37073,-1.0,-1.0,-1
1.37073,1.37073,1.370715,1.370725,-1.0,-1.0,-1
1.370725,1.370725,1.37068,1.37068,-1.0,-1.0,-1
1.37068,1.3707,1.370675,1.3707,-1.0,-1.0,-1
1.3707,1.370715,1.37069,1.370705,-1.0,-1.0,-1
1.370705,1.370705,1.370685,1.3707,-1.0,-1.0,-1
1.3707,1.3707,1.370685,1.37069,-1.0,-1.0,-1
1.37069,1.370705,1.370685,1.370705,-1.0,-1.0,-1
1.370705,1.370715,1.3707,1.370715,-1.0,-1.0,-1
1.370715,1.370715,1.3707,1.370705,-1.0,-1.0,-1
1.370705,1.370705,1.3707,1.3707,-1.0,-1.0,-1
1.3707,1.3707,1.370665,1.370675,-1.0,-1.0,-1
1.370675,1.370675,1.370665,1.370675,-1.0,-1.0,-1
1.370675,1.370675,1.370665,1.370675,-1.0,-1.0,-1
1.370675,1.370675,1.370665,1.370675,-1.0,-1.0,-1
1.370675,1.37069,1.370665,1.370685,-1.0,-1.0,-1
1.370685,1.3707,1.370685,1.3707,-1.0,-1.0,-1
1.3707,1.3707,1.3707,1.3707,-1.0,-1.0,-1
1.3707,1.3707,1.3707,1.3707,-1.0,-1.0,-1
1.3707,1.370715,1.370695,1.370715,-1.0,-1.0,-1
1.370715,1.370715,1.3707,1.3707,-1.0,-1.0,-1
1.3707,1.37071,1.3707,1.3707,-1.0,-1.0,-1
1.3707,1.37073,1.3707,1.37073,-1.0,-1.0,-1
1.37073,1.370765,1.370725,1.370765,-1.0,-1.0,-1
1.370765,1.37077,1.37076,1.370765,-1.0,-1.0,-1
1.370765,1.37077,1.37076,1.370765,-1.0,-1.0,-1
1.370765,1.370765,1.37075,1.37076,-1.0,-1.0,-1
1.37076,1.370765,1.370755,1.37076,-1.0,-1.0,-1
1.37076,1.370765,1.370755,1.370755,-1.0,-1.0,-1
1.370755,1.370755,1.37073,1.370745,-1.0,-1.0,-1
1.370745,1.370755,1.370745,1.37075,-1.0,-1.0,-1
1.37075,1.37081,1.37075,1.37081,-1.0,-1.0,-1
1.37081,1.37082,1.370805,1.37081,-1.0,-1.0,-1
1.37081,1.37082,1.37081,1.37082,-1.0,-1.0,-1
1.37082,1.37082,1.370815,1.37082,-1.0,-1.0,-1
1.37082,1.37083,1.370815,1.370825,-1.0,-1.0,-1
1.370825,1.370845,1.370825,1.370835,-1.0,-1.0,-1
1.370835,1.370845,1.370835,1.370835,-1.0,-1.0,-1
1.370835,1.370835,1.37083,1.37083,-1.0,-1.0,-1
1.37083,1.370835,1.37077,1.37077,-1.0,-1.0,-1
1.37077,1.37081,1.370765,1.370805,-1.0,-1.0,-1
1.370805,1.37082,1.370805,1.37082,-1.0,-1.0,-1
1.37082,1.37082,1.37078,1.370785,-1.0,-1.0,-1
1.370785,1.370785,1.37078,1.370785,-1.0,-1.0,-1
1.370785,1.370785,1.37078,1.370785,-1.0,-1.0,-1
1.370785,1.370785,1.37078,1.370785,-1.0,-1.0,-1
1.370785,1.370795,1.37078,1.37078,-1.0,-1.0,-1
1.37078,1.370785,1.37078,1.37078,-1.0,-1.0,-1
1.37078,1.37078,1.37068,1.37068,-1.0,-1.0,-1
1.37068,1.37069,1.37068,1.370685,-1.0,-1.0,-1
1.370685,1.37069,1.37066,1.370665,-1.0,-1.0,-1
1.370665,1.37068,1.370665,1.37068,-1.0,-1.0,-1
1.37068,1.37068,1.37068,1.37068,-1.0,-1.0,-1
1.37068,1.37068,1.37068,1.37068,-1.0,-1.0,-1
1.37068,1.37069,1.370675,1.370675,-1.0,-1.0,-1
1.370675,1.370675,1.370675,1.370675,-1.0,-1.0,-1
1.370675,1.37069,1.370675,1.370685,-1.0,-1.0,-1
1.370685,1.37069,1.370685,1.370685,-1.0,-1.0,-1
1.370685,1.3707,1.370685,1.3707,-1.0,-1.0,-1
1.3707,1.3707,1.3707,1.3707,-1.0,-1.0,-1
1.3707,1.3707,1.3707,1.3707,-1.0,-1.0,-1
1.3707,1.3707,1.3707,1.3707,-1.0,-1.0,-1
1.3707,1.370705,1.3707,1.3707,-1.0,-1.0,-1
1.3707,1.370715,1.3707,1.37071,-1.0,-1.0,-1
1.37071,1.370805,1.370705,1.370805,-1.0,-1.0,-1
1.370805,1.37082,1.3708,1.370815,-1.0,-1.0,-1
1.370815,1.37082,1.370805,1.37081,-1.0,-1.0,-1
1.37081,1.37082,1.370795,1.3708,-1.0,-1.0,-1
1.3708,1.370805,1.370795,1.370805,-1.0,-1.0,-1
1.370805,1.37085,1.37079,1.370835,-1.0,-1.0,-1
1.370835,1.370835,1.370815,1.370815,-1.0,-1.0,-1
1.370815,1.370835,1.3708,1.37081,-1.0,-1.0,-1
1.37081,1.37081,1.3708,1.370805,-1.0,-1.0,-1
1.370805,1.37082,1.3708,1.37081,-1.0,-1.0,-1
1.37081,1.37082,1.370805,1.370815,-1.0,-1.0,-1
1.370815,1.37083,1.370805,1.37083,-1.0,-1.0,-1
1.37083,1.370865,1.37083,1.37086,-1.0,-1.0,-1
1.37086,1.370875,1.37086,1.370875,-1.0,-1.0,-1
1.370875,1.370875,1.37086,1.370865,-1.0,-1.0,-1
1.370865,1.37088,1.37086,1.37088,-1.0,-1.0,-1
1.37088,1.370885,1.37086,1.37087,-1.0,-1.0,-1
1.37087,1.370875,1.370865,1.370875,-1.0,-1.0,-1
1.370875,1.370875,1.37086,1.37087,-1.0,-1.0,-1
1.37087,1.370875,1.370865,1.370875,-1.0,-1.0,-1
1.370875,1.370875,1.370875,1.370875,-1.0,-1.0,-1
1.370875,1.37088,1.370875,1.370875,-1.0,-1.0,-1
1.370875,1.370875,1.370865,1.37087,-1.0,-1.0,-1
1.37087,1.370875,1.37086,1.37087,-1.0,-1.0,-1
1.37087,1.37088,1.370865,1.37088,-1.0,-1.0,-1
1.37088,1.37088,1.37088,1.37088,-1.0,-1.0,-1
1.37088,1.3709,1.37088,1.370895,-1.0,-1.0,-1
1.370895,1.370895,1.370885,1.37089,-1.0,-1.0,-1
1.37089,1.370895,1.37089,1.37089,-1.0,-1.0,-1
1.37089,1.370895,1.37089,1.370895,-1.0,-1.0,-1
1.370895,1.370955,1.370895,1.370955,-1.0,-1.0,-1
1.370955,1.370955,1.370935,1.370935,-1.0,-1.0,-1
1.370935,1.37094,1.37092,1.37092,-1.0,-1.0,-1
1.37092,1.37092,1.370895,1.3709,-1.0,-1.0,-1
1.3709,1.370905,1.370895,1.3709,-1.0,-1.0,-1
1.3709,1.3709,1.370895,1.370895,-1.0,-1.0,-1
1.370895,1.370895,1.37089,1.37089,-1.0,-1.0,-1
1.37089,1.370895,1.37088,1.37089,-1.0,-1.0,-1
1.37089,1.370895,1.37089,1.37089,-1.0,-1.0,-1
1.37089,1.37096,1.37089,1.370955,-1.0,-1.0,-1
1.370955,1.370955,1.370945,1.370955,-1.0,-1.0,-1
1.370955,1.37096,1.37095,1.370955,-1.0,-1.0,-1
1.370955,1.370955,1.37093,1.37093,-1.0,-1.0,-1
1.37093,1.37093,1.37093,1.37093,-1.0,-1.0,-1
1.37093,1.37093,1.37092,1.370925,-1.0,-1.0,-1
1.370925,1.37093,1.37092,1.37093,-1.0,-1.0,-1
1.37093,1.37093,1.37093,1.37093,-1.0,-1.0,-1
1.37093,1.37095,1.37093,1.37095,-1.0,-1.0,-1
1.37095,1.37095,1.370935,1.370945,-1.0,-1.0,-1
1.370945,1.370945,1.370935,1.37094,-1.0,-1.0,-1
1.37094,1.37094,1.370895,1.37091,-1.0,-1.0,-1
1.37091,1.370915,1.3709,1.370905,-1.0,-1.0,-1
1.370905,1.37091,1.370895,1.370905,-1.0,-1.0,-1
1.370905,1.37094,1.370895,1.37093,-1.0,-1.0,-1
1.37093,1.37094,1.37093,1.37094,-1.0,-1.0,-1
1.37094,1.370955,1.37094,1.370955,-1.0,-1.0,-1
1.370955,1.37096,1.37095,1.37096,-1.0,-1.0,-1
1.37096,1.370975,1.370955,1.370975,-1.0,-1.0,-1
1.370975,1.370975,1.370965,1.37097,-1.0,-1.0,-1
1.37097,1.370975,1.37097,1.370975,-1.0,-1.0,-1
1.370975,1.370975,1.370935,1.37094,-1.0,-1.0,-1
1.37094,1.37096,1.370935,1.370945,-1.0,-1.0,-1
1.370945,1.370955,1.370935,1.370955,-1.0,-1.0,-1
1.370955,1.370975,1.370955,1.37097,-1.0,-1.0,-1
1.37097,1.37098,1.37097,1.37098,-1.0,-1.0,-1
1.37098,1.37099,1.37098,1.37098,-1.0,-1.0,-1
1.37098,1.371,1.370975,1.371,-1.0,-1.0,-1
1.371,1.371,1.371,1.371,-1.0,-1.0,-1
1.371,1.371,1.371,1.371,-1.0,-1.0,-1
1.371,1.371,1.371,1.371,-1.0,-1.0,-1
1.371,1.371005,1.371,1.371,-1.0,-1.0,-1
1.371,1.37101,1.371,1.371005,-1.0,-1.0,-1
1.371005,1.37101,1.371005,1.371005,-1.0,-1.0,-1
1.371005,1.371005,1.370965,1.370975,-1.0,-1.0,-1
1.370975,1.371,1.370975,1.371,-1.0,-1.0,-1
1.371,1.371,1.37099,1.370995,-1.0,-1.0,-1
1.370995,1.371,1.37099,1.371,-1.0,-1.0,-1
1.371,1.371,1.371,1.371,-1.0,-1.0,-1
1.371,1.371,1.371,1.371,-1.0,-1.0,-1
1.371,1.371005,1.371,1.371005,-1.0,-1.0,-1
1.371005,1.371005,1.371,1.371,-1.0,-1.0,-1
1.371,1.371,1.37099,1.371,-1.0,-1.0,-1
1.371,1.371,1.371,1.371,-1.0,-1.0,-1
1.371,1.371,1.371,1.371,-1.0,-1.0,-1
1.371,1.371,1.371,1.371,-1.0,-1.0,-1
1.371,1.371005,1.371,1.371,-1.0,-1.0,-1
1.371,1.371005,1.371,1.371005,-1.0,-1.0,-1
1.371005,1.371005,1.371,1.371,-1.0,-1.0,-1
1.371,1.37106,1.371,1.37106,-1.0,-1.0,-1
1.37106,1.37106,1.37106,1.37106,-1.0,-1.0,-1
1.37106,1.37106,1.37101,1.37101,-1.0,-1.0,-1
1.37101,1.37101,1.371005,1.37101,-1.0,-1.0,-1
1.37101,1.371025,1.37101,1.371025,-1.0,-1.0,-1
1.371025,1.371025,1.371005,1.371015,-1.0,-1.0,-1
1.371015,1.371015,1.371005,1.37101,-1.0,-1.0,-1
1.37101,1.37101,1.37099,1.370995,-1.0,-1.0,-1
1.370995,1.370995,1.37099,1.370995,-1.0,-1.0,-1
1.370995,1.371,1.37098,1.37098,-1.0,-1.0,-1
1.37098,1.370985,1.37098,1.370985,-1.0,-1.0,-1
1.370985,1.370995,1.37098,1.370995,-1.0,-1.0,-1
1.370995,1.370995,1.370985,1.370995,-1.0,-1.0,-1
1.370995,1.371,1.37098,1.37098,-1.0,-1.0,-1
1.37098,1.37099,1.370975,1.37098,-1.0,-1.0,-1
1.37098,1.37098,1.370915,1.37092,-1.0,-1.0,-1
1.37092,1.37092,1.370915,1.37092,-1.0,-1.0,-1
1.37092,1.37092,1.37092,1.37092,-1.0,-1.0,-1
1.37092,1.37092,1.37087,1.370875,-1.0,-1.0,-1
1.370875,1.370885,1.370875,1.370885,-1.0,-1.0,-1
1.370885,1.370885,1.37088,1.37088,-1.0,-1.0,-1
1.37088,1.37088,1.37087,1.37087,-1.0,-1.0,-1
1.37087,1.37087,1.370815,1.370825,-1.0,-1.0,-1
1.370825,1.370825,1.370805,1.370805,-1.0,-1.0,-1
1.370805,1.37086,1.370805,1.370835,-1.0,-1.0,-1
1.370835,1.37084,1.370835,1.37084,-1.0,-1.0,-1
1.37084,1.37084,1.37083,1.370835,-1.0,-1.0,-1
1.370835,1.370855,1.370835,1.37084,-1.0,-1.0,-1
1.37084,1.37084,1.370825,1.370825,-1.0,-1.0,-1
1.370825,1.370825,1.370815,1.37082,-1.0,-1.0,-1
1.37082,1.370885,1.370815,1.370875,-1.0,-1.0,-1
1.370875,1.370875,1.37087,1.37087,-1.0,-1.0,-1
1.37087,1.370875,1.37087,1.370875,-1.0,-1.0,-1
1.370875,1.370875,1.370875,1.370875,-1.0,-1.0,-1
1.370875,1.370875,1.370875,1.370875,-1.0,-1.0,-1
1.370875,1.370875,1.370875,1.370875,-1.0,-1.0,-1
1.370875,1.370875,1.37086,1.370865,-1.0,-1.0,-1
1.370865,1.37087,1.37084,1.37084,-1.0,-1.0,-1
1.37084,1.37084,1.37084,1.37084,-1.0,-1.0,-1
1.37084,1.370855,1.37084,1.370855,-1.0,-1.0,-1
1.370855,1.370885,1.37085,1.37088,-1.0,-1.0,-1
1.37088,1.370895,1.37088,1.37089,-1.0,-1.0,-1
1.37089,1.370895,1.370865,1.370865,-1.0,-1.0,-1
1.370865,1.370885,1.370865,1.37088,-1.0,-1.0,-1
1.37088,1.37091,1.37087,1.37089,-1.0,-1.0,-1
1.37089,1.370895,1.370885,1.370885,-1.0,-1.0,-1
1.370885,1.370895,1.370885,1.370885,-1.0,-1.0,-1
1.370885,1.370885,1.370875,1.370885,-1.0,-1.0,-1
1.370885,1.370885,1.37088,1.370885,-1.0,-1.0,-1
1.370885,1.37091,1.370885,1.37091,-1.0,-1.0,-1
1.37091,1.37092,1.37091,1.370915,-1.0,-1.0,-1
1.370915,1.370915,1.3709,1.370905,-1.0,-1.0,-1
1.370905,1.37091,1.3709,1.370905,-1.0,-1.0,-1
1.370905,1.37092,1.3709,1.37091,-1.0,-1.0,-1
1.37091,1.370915,1.3709,1.37091,-1.0,-1.0,-1
1.37091,1.370925,1.37091,1.370925,-1.0,-1.0,-1
1.370925,1.37093,1.370925,1.37093,-1.0,-1.0,-1
1.37093,1.37096,1.37093,1.37096,-1.0,-1.0,-1
1.37096,1.370965,1.37096,1.370965,-1.0,-1.0,-1
1.370965,1.371015,1.370965,1.371015,-1.0,-1.0,-1
1.371015,1.37108,1.37101,1.37107,-1.0,-1.0,-1
1.37107,1.371085,1.37107,1.371075,-1.0,-1.0,-1
1.371075,1.37109,1.37107,1.37109,-1.0,-1.0,-1
1.37109,1.371125,1.37109,1.371115,-1.0,-1.0,-1
1.371115,1.371125,1.371105,1.37111,-1.0,-1.0,-1
1.37111,1.37114,1.371105,1.37114,-1.0,-1.0,-1
1.37114,1.3712,1.37114,1.3712,-1.0,-1.0,-1
1.3712,1.371205,1.371195,1.371205,-1.0,-1.0,-1
1.371205,1.37125,1.3712,1.37125,-1.0,-1.0,-1
1.37125,1.37125,1.3712,1.37121,-1.0,-1.0,-1
1.37121,1.371235,1.371205,1.37123,-1.0,-1.0,-1
1.37123,1.371245,1.3712,1.37124,-1.0,-1.0,-1
1.37124,1.371255,1.371215,1.371215,-1.0,-1.0,-1
1.371215,1.37126,1.371215,1.37126,-1.0,-1.0,-1
1.37126,1.371265,1.37126,1.371265,-1.0,-1.0,-1
1.371265,1.371265,1.37125,1.37125,-1.0,-1.0,-1
1.37125,1.37125,1.3712,1.37122,-1.0,-1.0,-1
1.37122,1.37125,1.371215,1.371245,-1.0,-1.0,-1
1.371245,1.37126,1.37124,1.371255,-1.0,-1.0,-1
1.371255,1.37126,1.371255,1.37126,-1.0,-1.0,-1
1.37126,1.37126,1.371255,1.37126,-1.0,-1.0,-1
1.37126,1.37126,1.37126,1.37126,-1.0,-1.0,-1
1.37126,1.371265,1.37126,1.37126,-1.0,-1.0,-1
1.37126,1.371265,1.37126,1.371265,-1.0,-1.0,-1
1.371265,1.37132,1.371265,1.371295,-1.0,-1.0,-1
1.371295,1.371305,1.37129,1.371295,-1.0,-1.0,-1
1.371295,1.371315,1.37127,1.37127,-1.0,-1.0,-1
1.37127,1.37129,1.37127,1.37129,-1.0,-1.0,-1
1.37129,1.371355,1.37129,1.371355,-1.0,-1.0,-1
1.371355,1.371375,1.37134,1.371375,-1.0,-1.0,-1
1.371375,1.371375,1.371345,1.37135,-1.0,-1.0,-1
1.37135,1.371355,1.371335,1.371355,-1.0,-1.0,-1
1.371355,1.371395,1.371355,1.371395,-1.0,-1.0,-1
1.371395,1.371455,1.371395,1.37145,-1.0,-1.0,-1
1.37145,1.37148,1.37144,1.37147,-1.0,-1.0,-1
1.37147,1.37155,1.37147,1.371545,-1.0,-1.0,-1
1.371545,1.37155,1.37151,1.37153,-1.0,-1.0,-1
1.37153,1.371555,1.371525,1.371545,-1.0,-1.0,-1
1.371545,1.371575,1.37154,1.371555,-1.0,-1.0,-1
1.371555,1.371565,1.371525,1.371535,-1.0,-1.0,-1
1.371535,1.371575,1.371535,1.371565,-1.0,-1.0,-1
1.371565,1.3716,1.37156,1.371565,-1.0,-1.0,-1
1.371565,1.371585,1.371545,1.37155,-1.0,-1.0,-1
1.37155,1.37155,1.37153,1.371535,-1.0,-1.0,-1
1.371535,1.371535,1.37151,1.371515,-1.0,-1.0,-1
1.371515,1.37153,1.37151,1.37153,-1.0,-1.0,-1
1.37153,1.371555,1.37152,1.371525,-1.0,-1.0,-1
1.371525,1.37153,1.37151,1.371525,-1.0,-1.0,-1
1.371525,1.37153,1.37152,1.37152,-1.0,-1.0,-1
1.37152,1.37153,1.37152,1.371525,-1.0,-1.0,-1
1.371525,1.37153,1.371505,1.37151,-1.0,-1.0,-1
1.37151,1.37151,1.37138,1.371415,-1.0,-1.0,-1
1.371415,1.371415,1.371375,1.37138,-1.0,-1.0,-1
1.37138,1.371385,1.37137,1.37138,-1.0,-1.0,-1
1.37138,1.371385,1.37133,1.371335,-1.0,-1.0,-1
1.371335,1.371335,1.371275,1.371275,-1.0,-1.0,-1
1.371275,1.37128,1.371235,1.37125,-1.0,-1.0,-1
1.37125,1.371255,1.371235,1.37125,-1.0,-1.0,-1
1.37125,1.37128,1.37125,1.37127,-1.0,-1.0,-1
1.37127,1.37127,1.371235,1.371245,-1.0,-1.0,-1
1.371245,1.37127,1.371235,1.37126,-1.0,-1.0,-1
1.37126,1.37126,1.371235,1.371255,-1.0,-1.0,-1
1.371255,1.371255,1.371165,1.371175,-1.0,-1.0,-1
1.371175,1.3712,1.371175,1.37118,-1.0,-1.0,-1
1.37118,1.37118,1.371165,1.37117,-1.0,-1.0,-1
1.37117,1.371185,1.37114,1.37114,-1.0,-1.0,-1
1.37114,1.37114,1.37113,1.37114,-1.0,-1.0,-1
1.37114,1.371145,1.37112,1.37114,-1.0,-1.0,-1
1.37114,1.37114,1.37113,1.37114,-1.0,-1.0,-1
1.37114,1.37121,1.37114,1.3712,-1.0,-1.0,-1
1.3712,1.371265,1.3712,1.37126,-1.0,-1.0,-1
1.37126,1.37126,1.37124,1.371245,-1.0,-1.0,-1
1.371245,1.371245,1.371235,1.37124,-1.0,-1.0,-1
1.37124,1.37126,1.371235,1.37126,-1.0,-1.0,-1
1.37126,1.37127,1.37124,1.37127,-1.0,-1.0,-1
1.37127,1.37128,1.37125,1.37125,-1.0,-1.0,-1
1.37125,1.37125,1.371235,1.371235,-1.0,-1.0,-1
1.371235,1.371235,1.371185,1.371185,-1.0,-1.0,-1
1.371185,1.3712,1.371165,1.37117,-1.0,-1.0,-1
1.37117,1.37117,1.37114,1.371155,-1.0,-1.0,-1
1.371155,1.37116,1.371155,1.371155,-1.0,-1.0,-1
1.371155,1.371155,1.371155,1.371155,-1.0,-1.0,-1
1.371155,1.371155,1.371145,1.371145,-1.0,-1.0,-1
1.371145,1.37116,1.37114,1.371155,-1.0,-1.0,-1
1.371155,1.371155,1.371145,1.371145,-1.0,-1.0,-1
1.371145,1.37115,1.371145,1.371145,-1.0,-1.0,-1
1.371145,1.37116,1.371145,1.37116,-1.0,-1.0,-1
1.37116,1.37116,1.371155,1.37116,-1.0,-1.0,-1
1.37116,1.37116,1.371155,1.371155,-1.0,-1.0,-1
1.371155,1.371165,1.371155,1.37116,-1.0,-1.0,-1
1.37116,1.37116,1.371155,1.371155,-1.0,-1.0,-1
1.371155,1.37116,1.37112,1.371135,-1.0,-1.0,-1
1.371135,1.371135,1.371125,1.371135,-1.0,-1.0,-1
1.371135,1.37114,1.371125,1.371135,-1.0,-1.0,-1
1.371135,1.37118,1.371135,1.37118,-1.0,-1.0,-1
1.37118,1.3712,1.37118,1.37119,-1.0,-1.0,-1
1.37119,1.37128,1.37119,1.371275,-1.0,-1.0,-1
1.371275,1.37128,1.37125,1.371255,-1.0,-1.0,-1
1.371255,1.37133,1.37125,1.37133,-1.0,-1.0,-1
1.37133,1.371335,1.37133,1.371335,-1.0,-1.0,-1
1.371335,1.371335,1.37125,1.371255,-1.0,-1.0,-1
1.371255,1.371255,1.37124,1.371245,-1.0,-1.0,-1
1.371245,1.371245,1.371235,1.37124,-1.0,-1.0,-1
1.37124,1.371255,1.371235,1.371255,-1.0,-1.0,-1
1.371255,1.371295,1.37125,1.371295,-1.0,-1.0,-1
1.371295,1.371345,1.37129,1.371335,-1.0,-1.0,-1
1.371335,1.371345,1.371315,1.37134,-1.0,-1.0,-1
1.37134,1.37134,1.371315,1.371325,-1.0,-1.0,-1
1.371325,1.371325,1.37126,1.37127,-1.0,-1.0,-1
1.37127,1.37129,1.371235,1.37124,-1.0,-1.0,-1
1.37124,1.371255,1.3712,1.371205,-1.0,-1.0,-1
1.371205,1.37121,1.371185,1.371195,-1.0,-1.0,-1
1.371195,1.3712,1.37119,1.37119,-1.0,-1.0,-1
1.37119,1.371235,1.37119,1.371235,-1.0,-1.0,-1
1.371235,1.37124,1.37123,1.371235,-1.0,-1.0,-1
1.371235,1.371235,1.37122,1.37122,-1.0,-1.0,-1
1.37122,1.37122,1.37122,1.37122,-1.0,-1.0,-1
1.37122,1.37123,1.37122,1.371225,-1.0,-1.0,-1
1.371225,1.371225,1.37122,1.371225,-1.0,-1.0,-1
1.371225,1.371235,1.37119,1.3712,-1.0,-1.0,-1
1.3712,1.37121,1.37119,1.371195,-1.0,-1.0,-1
1.371195,1.37121,1.37119,1.37121,-1.0,-1.0,-1
1.37121,1.37122,1.3712,1.371205,-1.0,-1.0,-1
1.371205,1.37121,1.37119,1.371205,-1.0,-1.0,-1
1.371205,1.371225,1.371165,1.37117,-1.0,-1.0,-1
1.37117,1.37118,1.371165,1.37118,-1.0,-1.0,-1
1.37118,1.37118,1.371165,1.37117,-1.0,-1.0,-1
1.37117,1.37117,1.371155,1.37116,-1.0,-1.0,-1
1.37116,1.37116,1.37114,1.37114,-1.0,-1.0,-1
1.37114,1.37115,1.37114,1.37115,-1.0,-1.0,-1
1.37115,1.37115,1.371125,1.371125,-1.0,-1.0,-1
1.371125,1.371135,1.371125,1.37113,-1.0,-1.0,-1
1.37113,1.371135,1.371065,1.37109,-1.0,-1.0,-1
1.37109,1.37113,1.37109,1.371125,-1.0,-1.0,-1
1.371125,1.371155,1.371125,1.371155,-1.0,-1.0,-1
1.371155,1.371155,1.371065,1.37108,-1.0,-1.0,-1
1.37108,1.371115,1.37107,1.3711,-1.0,-1.0,-1
1.3711,1.371105,1.371095,1.371095,-1.0,-1.0,-1
1.371095,1.371095,1.371065,1.371075,-1.0,-1.0,-1
1.371075,1.371075,1.371065,1.37107,-1.0,-1.0,-1
1.37107,1.37107,1.37106,1.37107,-1.0,-1.0,-1
1.37107,1.37107,1.37104,1.37104,-1.0,-1.0,-1
1.37104,1.37106,1.37104,1.37106,-1.0,-1.0,-1
1.37106,1.37107,1.37105,1.37105,-1.0,-1.0,-1
1.37105,1.37105,1.37103,1.371035,-1.0,-1.0,-1
1.371035,1.371045,1.37103,1.371035,-1.0,-1.0,-1
1.371035,1.37104,1.370965,1.370975,-1.0,-1.0,-1
1.370975,1.370975,1.37094,1.37094,-1.0,-1.0,-1
1.37094,1.370945,1.37094,1.370945,-1.0,-1.0,-1
1.370945,1.370945,1.37092,1.37093,-1.0,-1.0,-1
1.37093,1.37094,1.37092,1.37092,-1.0,-1.0,-1
1.37092,1.37094,1.37092,1.37094,-1.0,-1.0,-1
1.37094,1.37099,1.370935,1.370965,-1.0,-1.0,-1
1.370965,1.370965,1.370945,1.370945,-1.0,-1.0,-1
1.370945,1.370955,1.37094,1.370945,-1.0,-1.0,-1
1.370945,1.370955,1.370945,1.370955,-1.0,-1.0,-1
1.370955,1.370955,1.370945,1.370955,-1.0,-1.0,-1
1.370955,1.370955,1.37095,1.370955,-1.0,-1.0,-1
1.370955,1.370955,1.370945,1.370955,-1.0,-1.0,-1
1.370955,1.370955,1.37095,1.370955,-1.0,-1.0,-1
1.370955,1.370955,1.370945,1.37095,-1.0,-1.0,-1
1.37095,1.37095,1.370945,1.37095,-1.0,-1.0,-1
1.37095,1.37095,1.370945,1.37095,-1.0,-1.0,-1
1.37095,1.370995,1.370945,1.370975,-1.0,-1.0,-1
1.370975,1.371015,1.37097,1.37101,-1.0,-1.0,-1
1.37101,1.37101,1.370925,1.370925,-1.0,-1.0,-1
1.370925,1.37093,1.370885,1.37092,-1.0,-1.0,-1
1.37092,1.37092,1.37088,1.37088,-1.0,-1.0,-1
1.37088,1.37088,1.370875,1.370875,-1.0,-1.0,-1
1.370875,1.370905,1.370875,1.370905,-1.0,-1.0,-1
1.370905,1.370905,1.3709,1.370905,-1.0,-1.0,-1
1.370905,1.37094,1.370895,1.37093,-1.0,-1.0,-1
1.37093,1.37093,1.370895,1.37091,-1.0,-1.0,-1
1.37091,1.37093,1.37091,1.37093,-1.0,-1.0,-1
1.37093,1.37093,1.370895,1.370905,-1.0,-1.0,-1
1.370905,1.37091,1.370895,1.370905,-1.0,-1.0,-1
1.370905,1.370905,1.37088,1.37088,-1.0,-1.0,-1
1.37088,1.37089,1.37086,1.37087,-1.0,-1.0,-1
1.37087,1.370875,1.37087,1.37087,-1.0,-1.0,-1
1.37087,1.37094,1.37087,1.37092,-1.0,-1.0,-1
1.37092,1.37093,1.370915,1.370915,-1.0,-1.0,-1
1.370915,1.370915,1.370915,1.370915,-1.0,-1.0,-1
1.370915,1.370915,1.370915,1.370915,-1.0,-1.0,-1
1.370915,1.370915,1.370895,1.370905,-1.0,-1.0,-1
1.370905,1.370905,1.370895,1.3709,-1.0,-1.0,-1
1.3709,1.3709,1.37086,1.37087,-1.0,-1.0,-1
1.37087,1.37087,1.370865,1.37087,-1.0,-1.0,-1
1.37087,1.37089,1.370865,1.37089,-1.0,-1.0,-1
1.37089,1.3709,1.370885,1.370895,-1.0,-1.0,-1
1.370895,1.370895,1.370895,1.370895,-1.0,-1.0,-1
1.370895,1.370895,1.370885,1.37089,-1.0,-1.0,-1
1.37089,1.370895,1.370875,1.370875,-1.0,-1.0,-1
1.370875,1.370875,1.370855,1.37086,-1.0,-1.0,-1
1.37086,1.37086,1.37084,1.370845,-1.0,-1.0,-1
1.370845,1.37086,1.370845,1.37086,-1.0,-1.0,-1
1.37086,1.37086,1.370845,1.37085,-1.0,-1.0,-1
1.37085,1.37086,1.370845,1.370845,-1.0,-1.0,-1
1.370845,1.37085,1.370845,1.37085,-1.0,-1.0,-1
1.37085,1.37085,1.37084,1.37084,-1.0,-1.0,-1
1.37084,1.37084,1.37084,1.37084,-1.0,-1.0,-1
1.37084,1.370845,1.37084,1.370845,-1.0,-1.0,-1
1.370845,1.370845,1.37083,1.37083,-1.0,-1.0,-1
1.37083,1.37083,1.370825,1.37083,-1.0,-1.0,-1
1.37083,1.370835,1.37073,1.370745,-1.0,-1.0,-1
1.370745,1.370745,1.37074,1.370745,-1.0,-1.0,-1
1.370745,1.370765,1.370745,1.370765,-1.0,-1.0,-1
1.370765,1.3708,1.37075,1.37076,-1.0,-1.0,-1
1.37076,1.37076,1.37075,1.370755,-1.0,-1.0,-1
1.370755,1.37076,1.37074,1.37075,-1.0,-1.0,-1
1.37075,1.37075,1.37074,1.37074,-1.0,-1.0,-1
1.37074,1.37074,1.37074,1.37074,-1.0,-1.0,-1
1.37074,1.37076,1.37073,1.370755,-1.0,-1.0,-1
1.370755,1.37076,1.370745,1.370745,-1.0,-1.0,-1
1.370745,1.370765,1.37074,1.370745,-1.0,-1.0,-1
1.370745,1.370755,1.370745,1.370755,-1.0,-1.0,-1
1.370755,1.370775,1.37075,1.37077,-1.0,-1.0,-1
1.37077,1.37077,1.37076,1.37076,-1.0,-1.0,-1
1.37076,1.370765,1.370755,1.370755,-1.0,-1.0,-1
1.370755,1.370765,1.37075,1.37075,-1.0,-1.0,-1
1.37075,1.37086,1.37075,1.37085,-1.0,-1.0,-1
1.37085,1.370855,1.37085,1.370855,-1.0,-1.0,-1
1.370855,1.370855,1.370845,1.370845,-1.0,-1.0,-1
1.370845,1.370845,1.37077,1.370775,-1.0,-1.0,-1
1.370775,1.37078,1.37077,1.37078,-1.0,-1.0,-1
1.37078,1.370825,1.37078,1.37079,-1.0,-1.0,-1
1.37079,1.3708,1.370765,1.37077,-1.0,-1.0,-1
1.37077,1.37077,1.37068,1.3707,-1.0,-1.0,-1
1.3707,1.370725,1.37068,1.370715,-1.0,-1.0,-1
1.370715,1.370715,1.370665,1.37068,-1.0,-1.0,-1
1.37068,1.370695,1.370675,1.37069,-1.0,-1.0,-1
1.37069,1.37071,1.370685,1.3707,-1.0,-1.0,-1
1.3707,1.3707,1.37068,1.37068,-1.0,-1.0,-1
1.37068,1.370695,1.370675,1.37068,-1.0,-1.0,-1
1.37068,1.37069,1.370675,1.370675,-1.0,-1.0,-1
1.370675,1.37068,1.37067,1.37067,-1.0,-1.0,-1
1.37067,1.37068,1.37067,1.370675,-1.0,-1.0,-1
1.370675,1.370675,1.370675,1.370675,-1.0,-1.0,-1
1.370675,1.37068,1.37067,1.37068,-1.0,-1.0,-1
1.37068,1.370735,1.37068,1.37069,-1.0,-1.0,-1
1.37069,1.370735,1.37069,1.370735,-1.0,-1.0,-1
1.370735,1.37078,1.370735,1.370775,-1.0,-1.0,-1
1.370775,1.370875,1.370755,1.37087,-1.0,-1.0,-1
1.37087,1.370875,1.37086,1.370875,-1.0,-1.0,-1
1.370875,1.370875,1.370875,1.370875,-1.0,-1.0,-1
1.370875,1.370875,1.370875,1.370875,-1.0,-1.0,-1
1.370875,1.370875,1.370875,1.370875,-1.0,-1.0,-1
1.370875,1.37088,1.37085,1.37085,-1.0,-1.0,-1
1.37085,1.370865,1.37085,1.37085,-1.0,-1.0,-1
1.37085,1.37088,1.37085,1.370875,-1.0,-1.0,-1
1.370875,1.370885,1.37087,1.370885,-1.0,-1.0,-1
1.370885,1.370885,1.370875,1.370875,-1.0,-1.0,-1
1.370875,1.37091,1.370875,1.370905,-1.0,-1.0,-1
1.370905,1.37091,1.37089,1.37091,-1.0,-1.0,-1
1.37091,1.37091,1.37089,1.3709,-1.0,-1.0,-1
1.3709,1.3709,1.37086,1.37086,-1.0,-1.0,-1
1.37086,1.37086,1.37077,1.37077,-1.0,-1.0,-1
1.37077,1.370785,1.37077,1.370785,-1.0,-1.0,-1
1.370785,1.37079,1.37078,1.37078,-1.0,-1.0,-1
1.37078,1.370785,1.37078,1.37078,-1.0,-1.0,-1
1.37078,1.37079,1.37077,1.370775,-1.0,-1.0,-1
1.370775,1.37078,1.37076,1.37078,-1.0,-1.0,-1
1.37078,1.37079,1.37077,1.370775,-1.0,-1.0,-1
1.370775,1.37079,1.370765,1.37078,-1.0,-1.0,-1
1.37078,1.37078,1.370765,1.370765,-1.0,-1.0,-1
1.370765,1.37077,1.37071,1.370715,-1.0,-1.0,-1
1.370715,1.370735,1.370705,1.37073,-1.0,-1.0,-1
1.37073,1.37073,1.37071,1.37073,-1.0,-1.0,-1
1.37073,1.37078,1.37071,1.370775,-1.0,-1.0,-1
1.370775,1.370785,1.370775,1.37078,-1.0,-1.0,-1
1.37078,1.37078,1.370775,1.37078,-1.0,-1.0,-1
1.37078,1.37078,1.37077,1.370775,-1.0,-1.0,-1
1.370775,1.37078,1.370765,1.370765,-1.0,-1.0,-1
1.370765,1.37078,1.370765,1.370775,-1.0,-1.0,-1
1.370775,1.370775,1.370765,1.370775,-1.0,-1.0,-1
1.370775,1.370775,1.370775,1.370775,-1.0,-1.0,-1
1.370775,1.370775,1.370755,1.370755,-1.0,-1.0,-1
1.370755,1.370765,1.370755,1.370765,-1.0,-1.0,-1
1.370765,1.37078,1.370765,1.37078,-1.0,-1.0,-1
1.37078,1.37078,1.370755,1.370765,-1.0,-1.0,-1
1.370765,1.370775,1.370765,1.370765,-1.0,-1.0,-1
1.370765,1.37078,1.370765,1.370775,-1.0,-1.0,-1
1.370775,1.37078,1.37077,1.370775,-1.0,-1.0,-1
1.370775,1.37078,1.370765,1.370765,-1.0,-1.0,-1
1.370765,1.370785,1.370765,1.370785,-1.0,-1.0,-1
1.370785,1.37079,1.37078,1.37078,-1.0,-1.0,-1
1.37078,1.37078,1.37078,1.37078,-1.0,-1.0,-1
1.37078,1.37078,1.370765,1.370775,-1.0,-1.0,-1
1.370775,1.370795,1.37077,1.37079,-1.0,-1.0,-1
1.37079,1.370795,1.370765,1.37078,-1.0,-1.0,-1
1.37078,1.37078,1.370765,1.370775,-1.0,-1.0,-1
1.370775,1.370795,1.37077,1.370785,-1.0,-1.0,-1
1.370785,1.370785,1.37076,1.37076,-1.0,-1.0,-1
1.37076,1.370765,1.370715,1.37073,-1.0,-1.0,-1
1.37073,1.37073,1.370715,1.37073,-1.0,-1.0,-1
1.37073,1.370755,1.370705,1.37075,-1.0,-1.0,-1
1.37075,1.370755,1.37072,1.370735,-1.0,-1.0,-1
1.370735,1.37074,1.37072,1.37072,-1.0,-1.0,-1
1.37072,1.37074,1.37072,1.370735,-1.0,-1.0,-1
1.370735,1.37074,1.370725,1.370735,-1.0,-1.0,-1
1.370735,1.370785,1.370735,1.37078,-1.0,-1.0,-1
1.37078,1.370785,1.370765,1.37078,-1.0,-1.0,-1
1.37078,1.37078,1.370775,1.37078,-1.0,-1.0,-1
1.37078,1.370785,1.37078,1.37078,-1.0,-1.0,-1
1.37078,1.370785,1.370775,1.37078,-1.0,-1.0,-1
1.37078,1.370785,1.37078,1.370785,-1.0,-1.0,-1
1.370785,1.370785,1.37078,1.370785,-1.0,-1.0,-1
1.370785,1.37081,1.370785,1.37081,-1.0,-1.0,-1
1.37081,1.37082,1.3708,1.3708,-1.0,-1.0,-1
1.3708,1.3708,1.37079,1.3708,-1.0,-1.0,-1
1.3708,1.37081,1.3708,1.3708,-1.0,-1.0,-1
1.3708,1.370845,1.3708,1.370845,-1.0,-1.0,-1
1.370845,1.370845,1.37084,1.370845,-1.0,-1.0,-1
1.370845,1.37085,1.370845,1.37085,-1.0,-1.0,-1
1.37085,1.37086,1.37085,1.37085,-1.0,-1.0,-1
1.37085,1.37085,1.37085,1.37085,-1.0,-1.0,-1
1.37085,1.370895,1.37085,1.370875,-1.0,-1.0,-1
1.370875,1.370885,1.370875,1.37088,-1.0,-1.0,-1
1.37088,1.370885,1.37088,1.37088,-1.0,-1.0,-1
1.37088,1.370885,1.370855,1.370865,-1.0,-1.0,-1
1.370865,1.370885,1.37086,1.370875,-1.0,-1.0,-1
1.370875,1.370875,1.37086,1.37087,-1.0,-1.0,-1
1.37087,1.370875,1.370835,1.370845,-1.0,-1.0,-1
1.370845,1.37087,1.370845,1.37086,-1.0,-1.0,-1
1.37086,1.37086,1.370845,1.370855,-1.0,-1.0,-1
1.370855,1.37086,1.37084,1.37085,-1.0,-1.0,-1
1.37085,1.370865,1.370845,1.370865,-1.0,-1.0,-1
1.370865,1.370865,1.37085,1.370865,-1.0,-1.0,-1
1.370865,1.370885,1.37086,1.37088,-1.0,-1.0,-1
1.37088,1.370885,1.370875,1.37088,-1.0,-1.0,-1
1.37088,1.370885,1.370875,1.37088,-1.0,-1.0,-1
1.37088,1.370885,1.37085,1.37085,-1.0,-1.0,-1
1.37085,1.37086,1.37085,1.37086,-1.0,-1.0,-1
1.37086,1.37086,1.37085,1.370855,-1.0,-1.0,-1
1.370855,1.37086,1.37085,1.37086,-1.0,-1.0,-1
1.37086,1.37088,1.370855,1.37088,-1.0,-1.0,-1
1.37088,1.370885,1.37088,1.370885,-1.0,-1.0,-1
1.370885,1.370885,1.370855,1.370865,-1.0,-1.0,-1
1.370865,1.370865,1.37079,1.37079,-1.0,-1.0,-1
1.37079,1.3708,1.370785,1.370795,-1.0,-1.0,-1
1.370795,1.3708,1.37078,1.37078,-1.0,-1.0,-1
1.37078,1.370845,1.37078,1.370845,-1.0,-1.0,-1
1.370845,1.370865,1.37084,1.37085,-1.0,-1.0,-1
1.37085,1.370855,1.37085,1.370855,-1.0,-1.0,-1
1.370855,1.370855,1.37085,1.37085,-1.0,-1.0,-1
1.37085,1.37085,1.37084,1.37084,-1.0,-1.0,-1
1.37084,1.37085,1.37084,1.37085,-1.0,-1.0,-1
1.37085,1.37085,1.370815,1.370815,-1.0,-1.0,-1
1.370815,1.370835,1.370815,1.370835,-1.0,-1.0,-1
1.370835,1.370835,1.37083,1.37083,-1.0,-1.0,-1
1.37083,1.370835,1.37083,1.370835,-1.0,-1.0,-1
1.370835,1.370835,1.370805,1.37081,-1.0,-1.0,-1
1.37081,1.370815,1.370805,1.370815,-1.0,-1.0,-1
1.370815,1.370825,1.370815,1.37082,-1.0,-1.0,-1
1.37082,1.37083,1.37077,1.370775,-1.0,-1.0,-1
1.370775,1.370775,1.37076,1.370775,-1.0,-1.0,-1
1.370775,1.37078,1.370765,1.37078,-1.0,-1.0,-1
1.37078,1.370785,1.37077,1.370775,-1.0,-1.0,-1
1.370775,1.37078,1.370775,1.37078,-1.0,-1.0,-1
1.37078,1.37078,1.37072,1.37073,-1.0,-1.0,-1
1.37073,1.37073,1.37072,1.37073,-1.0,-1.0,-1
1.37073,1.370765,1.370715,1.370755,-1.0,-1.0,-1
1.370755,1.370755,1.37074,1.37075,-1.0,-1.0,-1
1.37075,1.370765,1.37075,1.370755,-1.0,-1.0,-1
1.370755,1.370755,1.370755,1.370755,-1.0,-1.0,-1
1.370755,1.37077,1.37075,1.37077,-1.0,-1.0,-1
1.37077,1.37077,1.370765,1.37077,-1.0,-1.0,-1
1.37077,1.37077,1.37076,1.37076,-1.0,-1.0,-1
1.37076,1.370765,1.37073,1.370745,-1.0,-1.0,-1
1.370745,1.37076,1.370725,1.370735,-1.0,-1.0,-1
1.370735,1.370735,1.370725,1.370735,-1.0,-1.0,-1
1.370735,1.370765,1.37073,1.370735,-1.0,-1.0,-1
1.370735,1.370745,1.37073,1.370735,-1.0,-1.0,-1
1.370735,1.370735,1.37072,1.370725,-1.0,-1.0,-1
1.370725,1.370735,1.37072,1.37073,-1.0,-1.0,-1
1.37073,1.370745,1.37072,1.370735,-1.0,-1.0,-1
1.370735,1.370735,1.37072,1.370725,-1.0,-1.0,-1
1.370725,1.370725,1.37072,1.370725,-1.0,-1.0,-1
1.370725,1.370735,1.37072,1.370735,-1.0,-1.0,-1
1.370735,1.370735,1.37073,1.370735,-1.0,-1.0,-1
1.370735,1.370735,1.37072,1.370725,-1.0,-1.0,-1
1.370725,1.370725,1.37072,1.370725,-1.0,-1.0,-1
1.370725,1.370725,1.37072,1.370725,-1.0,-1.0,-1
1.370725,1.370735,1.37072,1.370725,-1.0,-1.0,-1
1.370725,1.370725,1.37072,1.370725,-1.0,-1.0,-1
1.370725,1.370725,1.37072,1.370725,-1.0,-1.0,-1
1.370725,1.37074,1.37072,1.370735,-1.0,-1.0,-1
1.370735,1.37074,1.37073,1.37074,-1.0,-1.0,-1
1.37074,1.370755,1.37073,1.370755,-1.0,-1.0,-1
1.370755,1.370755,1.370745,1.370755,-1.0,-1.0,-1
1.370755,1.370775,1.370755,1.370755,-1.0,-1.0,-1
1.370755,1.370755,1.37072,1.37073,-1.0,-1.0,-1
1.37073,1.37073,1.370725,1.37073,-1.0,-1.0,-1
1.37073,1.370765,1.370725,1.37076,-1.0,-1.0,-1
1.37076,1.370765,1.370745,1.370745,-1.0,-1.0,-1
1.370745,1.37077,1.370745,1.370755,-1.0,-1.0,-1
1.370755,1.370755,1.370745,1.370745,-1.0,-1.0,-1
1.370745,1.370745,1.370745,1.370745,-1.0,-1.0,-1
1.370745,1.370745,1.370725,1.37073,-1.0,-1.0,-1
1.37073,1.37073,1.370705,1.370705,-1.0,-1.0,-1
1.370705,1.370705,1.37066,1.370695,-1.0,-1.0,-1
1.370695,1.370695,1.37065,1.370675,-1.0,-1.0,-1
1.370675,1.37068,1.370675,1.37068,-1.0,-1.0,-1
1.37068,1.37071,1.37068,1.370705,-1.0,-1.0,-1
1.370705,1.370705,1.37068,1.370695,-1.0,-1.0,-1
1.370695,1.370715,1.370685,1.370715,-1.0,-1.0,-1
1.370715,1.370715,1.370665,1.37068,-1.0,-1.0,-1
1.37068,1.37068,1.370675,1.37068,-1.0,-1.0,-1
1.37068,1.37068,1.370675,1.37068,-1.0,-1.0,-1
1.37068,1.37068,1.370625,1.37063,-1.0,-1.0,-1
1.37063,1.37064,1.370625,1.37064,-1.0,-1.0,-1
1.37064,1.37064,1.370585,1.370585,-1.0,-1.0,-1
1.370585,1.37059,1.37049,1.370545,-1.0,-1.0,-1
1.370545,1.370545,1.370525,1.370545,-1.0,-1.0,-1
1.370545,1.37055,1.370535,1.370545,-1.0,-1.0,-1
1.370545,1.370545,1.37052,1.37052,-1.0,-1.0,-1
1.37052,1.37052,1.37046,1.3705,-1.0,-1.0,-1
1.3705,1.370515,1.3705,1.3705,-1.0,-1.0,-1
1.3705,1.370545,1.3705,1.370545,-1.0,-1.0,-1
1.370545,1.370615,1.370545,1.370615,-1.0,-1.0,-1
1.370615,1.37065,1.370615,1.370635,-1.0,-1.0,-1
1.370635,1.37068,1.37063,1.37068,-1.0,-1.0,-1
1.37068,1.3707,1.37068,1.370685,-1.0,-1.0,-1
1.370685,1.370695,1.370685,1.370685,-1.0,-1.0,-1
1.370685,1.370695,1.370685,1.370685,-1.0,-1.0,-1
1.370685,1.370705,1.370685,1.370695,-1.0,-1.0,-1
1.370695,1.37072,1.370685,1.370715,-1.0,-1.0,-1
1.370715,1.370715,1.370685,1.370695,-1.0,-1.0,-1
1.370695,1.370695,1.370625,1.370635,-1.0,-1.0,-1
1.370635,1.37064,1.37063,1.370635,-1.0,-1.0,-1
1.370635,1.37066,1.37063,1.370635,-1.0,-1.0,-1
1.370635,1.370635,1.370625,1.37063,-1.0,-1.0,-1
1.37063,1.37064,1.370625,1.37063,-1.0,-1.0,-1
1.37063,1.37063,1.370615,1.370615,-1.0,-1.0,-1
1.370615,1.370635,1.37061,1.37061,-1.0,-1.0,-1
1.37061,1.37063,1.37061,1.37063,-1.0,-1.0,-1
1.37063,1.370635,1.370615,1.370635,-1.0,-1.0,-1
1.370635,1.37064,1.370625,1.370635,-1.0,-1.0,-1
1.370635,1.370635,1.370605,1.37063,-1.0,-1.0,-1
1.37063,1.370635,1.37062,1.37062,-1.0,-1.0,-1
1.37062,1.370625,1.37061,1.370615,-1.0,-1.0,-1
1.370615,1.370615,1.370585,1.370585,-1.0,-1.0,-1
1.370585,1.37059,1.370585,1.370585,-1.0,-1.0,-1
1.370585,1.37059,1.370545,1.37056,-1.0,-1.0,-1
1.37056,1.370575,1.37051,1.370575,-1.0,-1.0,-1
1.370575,1.37058,1.37056,1.370565,-1.0,-1.0,-1
1.370565,1.37058,1.37056,1.370575,-1.0,-1.0,-1
1.370575,1.37058,1.370575,1.37058,-1.0,-1.0,-1
1.37058,1.37059,1.370545,1.370545,-1.0,-1.0,-1
1.370545,1.370555,1.370545,1.370545,-1.0,-1.0,-1
1.370545,1.370555,1.370545,1.370555,-1.0,-1.0,-1
1.370555,1.37063,1.370555,1.37063,-1.0,-1.0,-1
1.37063,1.37063,1.37058,1.37058,-1.0,-1.0,-1
1.37058,1.37059,1.37058,1.37058,-1.0,-1.0,-1
1.37058,1.37059,1.370575,1.370585,-1.0,-1.0,-1
1.370585,1.37059,1.37058,1.370585,-1.0,-1.0,-1
1.370585,1.37059,1.370585,1.370585,-1.0,-1.0,-1
1.370585,1.37059,1.370585,1.370585,-1.0,-1.0,-1
1.370585,1.37059,1.370585,1.37059,-1.0,-1.0,-1
1.37059,1.37059,1.370575,1.370575,-1.0,-1.0,-1
1.370575,1.37058,1.370575,1.370575,-1.0,-1.0,-1
1.370575,1.37058,1.370575,1.370575,-1.0,-1.0,-1
1.370575,1.37059,1.370575,1.370585,-1.0,-1.0,-1
1.370585,1.37059,1.37057,1.370575,-1.0,-1.0,-1
1.370575,1.37059,1.370575,1.370585,-1.0,-1.0,-1
1.370585,1.37059,1.370585,1.370585,-1.0,-1.0,-1
1.370585,1.37059,1.370585,1.370585,-1.0,-1.0,-1
1.370585,1.370605,1.370585,1.370595,-1.0,-1.0,-1
1.370595,1.37066,1.370595,1.37066,-1.0,-1.0,-1
1.37066,1.37066,1.37063,1.370635,-1.0,-1.0,-1
1.370635,1.370635,1.370515,1.370525,-1.0,-1.0,-1
1.370525,1.37054,1.370515,1.370525,-1.0,-1.0,-1
1.370525,1.37055,1.370515,1.37055,-1.0,-1.0,-1
1.37055,1.37055,1.37051,1.37052,-1.0,-1.0,-1
1.37052,1.37053,1.37051,1.370525,-1.0,-1.0,-1
1.370525,1.37053,1.370515,1.37052,-1.0,-1.0,-1
1.37052,1.37052,1.370495,1.3705,-1.0,-1.0,-1
1.3705,1.370505,1.37049,1.370495,-1.0,-1.0,-1
1.370495,1.370495,1.37049,1.37049,-1.0,-1.0,-1
1.37049,1.370495,1.37049,1.37049,-1.0,-1.0,-1
1.37049,1.370505,1.37049,1.3705,-1.0,-1.0,-1
1.3705,1.370505,1.370495,1.370495,-1.0,-1.0,-1
1.370495,1.370505,1.370495,1.370495,-1.0,-1.0,-1
1.370495,1.370495,1.37048,1.37048,-1.0,-1.0,-1
1.37048,1.370495,1.37048,1.37049,-1.0,-1.0,-1
1.37049,1.370495,1.37049,1.370495,-1.0,-1.0,-1
1.370495,1.370495,1.370495,1.370495,-1.0,-1.0,-1
1.370495,1.370495,1.370485,1.370485,-1.0,-1.0,-1
1.370485,1.370485,1.370485,1.370485,-1.0,-1.0,-1
1.370485,1.370485,1.370485,1.370485,-1.0,-1.0,-1
1.370485,1.370575,1.370485,1.37055,-1.0,-1.0,-1
1.37055,1.37057,1.370545,1.37056,-1.0,-1.0,-1
1.37056,1.37057,1.370545,1.370565,-1.0,-1.0,-1
1.370565,1.370575,1.370555,1.37057,-1.0,-1.0,-1
1.37057,1.370575,1.37056,1.370565,-1.0,-1.0,-1
1.370565,1.370565,1.370545,1.370555,-1.0,-1.0,-1
1.370555,1.37057,1.370535,1.37057,-1.0,-1.0,-1
1.37057,1.370575,1.370545,1.370565,-1.0,-1.0,-1
1.370565,1.37057,1.37056,1.37057,-1.0,-1.0,-1
1.37057,1.37057,1.37057,1.37057,-1.0,-1.0,-1
1.37057,1.37058,1.37057,1.37058,-1.0,-1.0,-1
1.37058,1.37059,1.370575,1.370585,-1.0,-1.0,-1
1.370585,1.370605,1.370585,1.370605,-1.0,-1.0,-1
1.370605,1.370605,1.37058,1.37059,-1.0,-1.0,-1
1.37059,1.370605,1.37059,1.370605,-1.0,-1.0,-1
1.370605,1.370605,1.370595,1.370605,-1.0,-1.0,-1
1.370605,1.370605,1.370575,1.37058,-1.0,-1.0,-1
1.37058,1.37059,1.37058,1.37059,-1.0,-1.0,-1
1.37059,1.370605,1.37059,1.370605,-1.0,-1.0,-1
1.370605,1.370605,1.370595,1.370595,-1.0,-1.0,-1
1.370595,1.370645,1.370595,1.370645,-1.0,-1.0,-1
1.370645,1.370675,1.370645,1.370675,-1.0,-1.0,-1
1.370675,1.370685,1.370675,1.370685,-1.0,-1.0,-1
1.370685,1.3707,1.370675,1.37069,-1.0,-1.0,-1
1.37069,1.37072,1.370685,1.37069,-1.0,-1.0,-1
1.37069,1.37069,1.370675,1.37068,-1.0,-1.0,-1
1.37068,1.37069,1.37068,1.370685,-1.0,-1.0,-1
1.370685,1.3707,1.37068,1.370695,-1.0,-1.0,-1
1.370695,1.370775,1.370695,1.37077,-1.0,-1.0,-1
1.37077,1.37082,1.370765,1.37081,-1.0,-1.0,-1
1.37081,1.370835,1.370805,1.370815,-1.0,-1.0,-1
1.370815,1.37082,1.370805,1.37081,-1.0,-1.0,-1
1.37081,1.37081,1.3708,1.37081,-1.0,-1.0,-1
1.37081,1.37081,1.3708,1.37081,-1.0,-1.0,-1
1.37081,1.37081,1.3708,1.3708,-1.0,-1.0,-1
1.3708,1.37081,1.37078,1.37078,-1.0,-1.0,-1
1.37078,1.37079,1.37078,1.37078,-1.0,-1.0,-1
1.37078,1.37079,1.37078,1.37078,-1.0,-1.0,-1
1.37078,1.37078,1.370745,1.370765,-1.0,-1.0,-1
1.370765,1.370775,1.37076,1.370775,-1.0,-1.0,-1
1.370775,1.37078,1.370775,1.37078,-1.0,-1.0,-1
1.37078,1.370785,1.37078,1.37078,-1.0,-1.0,-1
1.37078,1.370785,1.37078,1.370785,-1.0,-1.0,-1
1.370785,1.3708,1.370785,1.370795,-1.0,-1.0,-1
1.370795,1.3708,1.370785,1.370795,-1.0,-1.0,-1
1.370795,1.3708,1.370785,1.370785,-1.0,-1.0,-1
1.370785,1.3708,1.370785,1.370795,-1.0,-1.0,-1
1.370795,1.3708,1.370785,1.370785,-1.0,-1.0,-1
1.370785,1.370795,1.370785,1.37079,-1.0,-1.0,-1
1.37079,1.370855,1.370785,1.370855,-1.0,-1.0,-1
1.370855,1.37088,1.37085,1.37088,-1.0,-1.0,-1
1.37088,1.3709,1.37088,1.3709,-1.0,-1.0,-1
1.3709,1.370905,1.370895,1.3709,-1.0,-1.0,-1
1.3709,1.370905,1.370895,1.3709,-1.0,-1.0,-1
1.3709,1.3709,1.370895,1.370895,-1.0,-1.0,-1
1.370895,1.370895,1.370885,1.370885,-1.0,-1.0,-1
1.370885,1.370885,1.370885,1.370885,-1.0,-1.0,-1
1.370885,1.37091,1.370885,1.370905,-1.0,-1.0,-1
1.370905,1.370955,1.3709,1.37095,-1.0,-1.0,-1
1.37095,1.37097,1.370895,1.370895,-1.0,-1.0,-1
1.370895,1.37091,1.370895,1.37091,-1.0,-1.0,-1
1.37091,1.37091,1.370895,1.3709,-1.0,-1.0,-1
1.3709,1.3709,1.370875,1.370885,-1.0,-1.0,-1
1.370885,1.370885,1.370885,1.370885,-1.0,-1.0,-1
1.370885,1.370885,1.370885,1.370885,-1.0,-1.0,-1
1.370885,1.370885,1.37088,1.37088,-1.0,-1.0,-1
1.37088,1.37088,1.37088,1.37088,-1.0,-1.0,-1
1.37088,1.370885,1.37088,1.370885,-1.0,-1.0,-1
1.370885,1.370895,1.370885,1.370885,-1.0,-1.0,-1
1.370885,1.370895,1.370885,1.370885,-1.0,-1.0,-1
1.370885,1.370885,1.370885,1.370885,-1.0,-1.0,-1
1.370885,1.370895,1.37088,1.37089,-1.0,-1.0,-1
1.37089,1.370895,1.370865,1.370875,-1.0,-1.0,-1
1.370875,1.370895,1.370875,1.370895,-1.0,-1.0,-1
1.370895,1.370895,1.37089,1.370895,-1.0,-1.0,-1
1.370895,1.370895,1.37088,1.37088,-1.0,-1.0,-1
1.37088,1.370885,1.37088,1.37088,-1.0,-1.0,-1
1.37088,1.370885,1.37088,1.370885,-1.0,-1.0,-1
1.370885,1.370885,1.370865,1.37087,-1.0,-1.0,-1
1.37087,1.37088,1.370865,1.37088,-1.0,-1.0,-1
1.37088,1.370885,1.37078,1.37078,-1.0,-1.0,-1
1.37078,1.370795,1.37078,1.37079,-1.0,-1.0,-1
1.37079,1.370865,1.37079,1.370855,-1.0,-1.0,-1
1.370855,1.370855,1.370845,1.370845,-1.0,-1.0,-1
1.370845,1.370845,1.370825,1.37084,-1.0,-1.0,-1
1.37084,1.37085,1.37084,1.370845,-1.0,-1.0,-1
1.370845,1.370845,1.370825,1.37083,-1.0,-1.0,-1
1.37083,1.37083,1.370825,1.370825,-1.0,-1.0,-1
1.370825,1.370825,1.370825,1.370825,-1.0,-1.0,-1
1.370825,1.37083,1.370825,1.37083,-1.0,-1.0,-1
1.37083,1.37083,1.370825,1.370825,-1.0,-1.0,-1
1.370825,1.37083,1.370825,1.370825,-1.0,-1.0,-1
1.370825,1.37085,1.370825,1.37085,-1.0,-1.0,-1
1.37085,1.37085,1.37083,1.370835,-1.0,-1.0,-1
1.370835,1.370835,1.37083,1.37083,-1.0,-1.0,-1
1.37083,1.37084,1.37083,1.370835,-1.0,-1.0,-1
1.370835,1.37084,1.370815,1.370815,-1.0,-1.0,-1
1.370815,1.37082,1.370815,1.37082,-1.0,-1.0,-1
1.37082,1.37082,1.370755,1.37076,-1.0,-1.0,-1
1.37076,1.370775,1.370755,1.370775,-1.0,-1.0,-1
1.370775,1.370775,1.370755,1.370775,-1.0,-1.0,-1
1.370775,1.370785,1.37077,1.370785,-1.0,-1.0,-1
1.370785,1.370785,1.37078,1.37078,-1.0,-1.0,-1
1.37078,1.37078,1.370735,1.370735,-1.0,-1.0,-1
1.370735,1.370735,1.37072,1.37072,-1.0,-1.0,-1
1.37072,1.370735,1.37072,1.37073,-1.0,-1.0,-1
1.37073,1.37073,1.37071,1.37071,-1.0,-1.0,-1
1.37071,1.37072,1.370705,1.37071,-1.0,-1.0,-1
1.37071,1.37071,1.37069,1.3707,-1.0,-1.0,-1
1.3707,1.37073,1.370685,1.37073,-1.0,-1.0,-1
1.37073,1.370735,1.370725,1.37073,-1.0,-1.0,-1
1.37073,1.370735,1.370725,1.37073,-1.0,-1.0,-1
1.37073,1.370735,1.370725,1.370735,-1.0,-1.0,-1
1.370735,1.37078,1.370725,1.37078,-1.0,-1.0,-1
1.37078,1.37078,1.370775,1.370775,-1.0,-1.0,-1
1.370775,1.370775,1.370715,1.370715,-1.0,-1.0,-1
1.370715,1.370715,1.37071,1.370715,-1.0,-1.0,-1
1.370715,1.37072,1.37071,1.37072,-1.0,-1.0,-1
1.37072,1.37073,1.37072,1.37073,-1.0,-1.0,-1
1.37073,1.370785,1.370725,1.37078,-1.0,-1.0,-1
1.37078,1.37078,1.37076,1.37076,-1.0,-1.0,-1
1.37076,1.37077,1.370755,1.37077,-1.0,-1.0,-1
1.37077,1.370775,1.370735,1.37074,-1.0,-1.0,-1
1.37074,1.370765,1.370725,1.370755,-1.0,-1.0,-1
1.370755,1.370765,1.37075,1.37075,-1.0,-1.0,-1
1.37075,1.37076,1.37075,1.370755,-1.0,-1.0,-1
1.370755,1.37076,1.370755,1.370755,-1.0,-1.0,-1
1.370755,1.37078,1.370755,1.37078,-1.0,-1.0,-1
1.37078,1.37078,1.37078,1.37078,-1.0,-1.0,-1
1.37078,1.37078,1.37078,1.37078,-1.0,-1.0,-1
1.37078,1.370795,1.37076,1.37077,-1.0,-1.0,-1
1.37077,1.370775,1.370765,1.370775,-1.0,-1.0,-1
1.370775,1.37078,1.37074,1.370755,-1.0,-1.0,-1
1.370755,1.370775,1.37075,1.37077,-1.0,-1.0,-1
1.37077,1.37077,1.370765,1.37077,-1.0,-1.0,-1
1.37077,1.37077,1.370765,1.37077,-1.0,-1.0,-1
1.37077,1.37078,1.37074,1.37074,-1.0,-1.0,-1
1.37074,1.37078,1.370735,1.37078,-1.0,-1.0,-1
1.37078,1.37078,1.37078,1.37078,-1.0,-1.0,-1
1.37078,1.370785,1.37078,1.37078,-1.0,-1.0,-1
1.37078,1.370795,1.37078,1.37079,-1.0,-1.0,-1
1.37079,1.370795,1.37079,1.37079,-1.0,-1.0,-1
1.37079,1.370795,1.37079,1.37079,-1.0,-1.0,-1
1.37079,1.370795,1.37079,1.37079,-1.0,-1.0,-1
1.37079,1.370815,1.37079,1.37081,-1.0,-1.0,-1
1.37081,1.370815,1.3708,1.3708,-1.0,-1.0,-1
1.3708,1.3708,1.3708,1.3708,-1.0,-1.0,-1
1.3708,1.3708,1.370755,1.370755,-1.0,-1.0,-1
1.370755,1.370755,1.37071,1.37071,-1.0,-1.0,-1
1.37071,1.37071,1.3707,1.37071,-1.0,-1.0,-1
1.37071,1.37071,1.370695,1.3707,-1.0,-1.0,-1
1.3707,1.37072,1.370695,1.370705,-1.0,-1.0,-1
1.370705,1.37072,1.3707,1.3707,-1.0,-1.0,-1
1.3707,1.370735,1.3707,1.370735,-1.0,-1.0,-1
1.370735,1.370735,1.370735,1.370735,-1.0,-1.0,-1
1.370735,1.37074,1.37071,1.37071,-1.0,-1.0,-1
1.37071,1.370725,1.370705,1.370725,-1.0,-1.0,-1
1.370725,1.370745,1.37072,1.37074,-1.0,-1.0,-1
1.37074,1.37074,1.370735,1.37074,-1.0,-1.0,-1
1.37074,1.37074,1.37074,1.37074,-1.0,-1.0,-1
1.37074,1.37074,1.3707,1.37071,-1.0,-1.0,-1
1.37071,1.370715,1.37071,1.37071,-1.0,-1.0,-1
1.37071,1.370715,1.37071,1.37071,-1.0,-1.0,-1
1.37071,1.37074,1.37071,1.37074,-1.0,-1.0,-1
1.37074,1.37074,1.37072,1.37073,-1.0,-1.0,-1
1.37073,1.37073,1.370725,1.37073,-1.0,-1.0,-1
1.37073,1.37073,1.370715,1.370715,-1.0,-1.0,-1
1.370715,1.37072,1.370705,1.370705,-1.0,-1.0,-1
1.370705,1.370715,1.370705,1.37071,-1.0,-1.0,-1
1.37071,1.370715,1.37071,1.370715,-1.0,-1.0,-1
1.370715,1.370715,1.37071,1.37071,-1.0,-1.0,-1
1.37071,1.370715,1.370685,1.37069,-1.0,-1.0,-1
1.37069,1.370695,1.370685,1.370695,-1.0,-1.0,-1
1.370695,1.370695,1.370685,1.37069,-1.0,-1.0,-1
1.37069,1.370695,1.370685,1.37069,-1.0,-1.0,-1
1.37069,1.370695,1.37068,1.37068,-1.0,-1.0,-1
1.37068,1.37069,1.37067,1.370675,-1.0,-1.0,-1
1.370675,1.37068,1.370675,1.37068,-1.0,-1.0,-1
1.37068,1.37068,1.370675,1.370675,-1.0,-1.0,-1
1.370675,1.370675,1.370675,1.370675,-1.0,-1.0,-1
1.370675,1.370675,1.370675,1.370675,-1.0,-1.0,-1
1.370675,1.37068,1.37064,1.370645,-1.0,-1.0,-1
1.370645,1.37067,1.370645,1.37067,-1.0,-1.0,-1
1.37067,1.370675,1.370665,1.37067,-1.0,-1.0,-1
1.37067,1.370675,1.37067,1.370675,-1.0,-1.0,-1
1.370675,1.370675,1.370675,1.370675,-1.0,-1.0,-1
1.370675,1.370675,1.370675,1.370675,-1.0,-1.0,-1
1.370675,1.370715,1.370675,1.3707,-1.0,-1.0,-1
1.3707,1.370725,1.3707,1.37071,-1.0,-1.0,-1
1.37071,1.37071,1.3707,1.3707,-1.0,-1.0,-1
1.3707,1.3707,1.370685,1.3707,-1.0,-1.0,-1
1.3707,1.3707,1.370685,1.37069,-1.0,-1.0,-1
1.37069,1.3707,1.370685,1.37069,-1.0,-1.0,-1
1.37069,1.3707,1.37068,1.370695,-1.0,-1.0,-1
1.370695,1.370695,1.370685,1.37069,-1.0,-1.0,-1
1.37069,1.37069,1.37065,1.37065,-1.0,-1.0,-1
1.37065,1.370675,1.37065,1.37067,-1.0,-1.0,-1
1.37067,1.37067,1.370645,1.370645,-1.0,-1.0,-1
1.370645,1.37067,1.370645,1.37067,-1.0,-1.0,-1
1.37067,1.3707,1.37067,1.370695,-1.0,-1.0,-1
1.370695,1.37071,1.370695,1.370705,-1.0,-1.0,-1
1.370705,1.370705,1.3707,1.3707,-1.0,-1.0,-1
1.3707,1.370705,1.3707,1.370705,-1.0,-1.0,-1
1.370705,1.370705,1.37068,1.37068,-1.0,-1.0,-1
1.37068,1.37068,1.37068,1.37068,-1.0,-1.0,-1
1.37068,1.370695,1.37068,1.370695,-1.0,-1.0,-1
1.370695,1.3707,1.370695,1.370695,-1.0,-1.0,-1
1.370695,1.3707,1.370695,1.3707,-1.0,-1.0,-1
1.3707,1.3707,1.370695,1.370695,-1.0,-1.0,-1
1.370695,1.3707,1.370695,1.3707,-1.0,-1.0,-1
1.3707,1.37071,1.370685,1.37071,-1.0,-1.0,-1
1.37071,1.370715,1.37071,1.370715,-1.0,-1.0,-1
1.370715,1.370715,1.370715,1.370715,-1.0,-1.0,-1
1.370715,1.370715,1.370695,1.3707,-1.0,-1.0,-1
1.3707,1.3707,1.37068,1.37069,-1.0,-1.0,-1
1.37069,1.37069,1.370665,1.370665,-1.0,-1.0,-1
1.370665,1.370685,1.370655,1.370685,-1.0,-1.0,-1
1.370685,1.370685,1.370675,1.370675,-1.0,-1.0,-1
1.370675,1.370675,1.370675,1.370675,-1.0,-1.0,-1
1.370675,1.370675,1.37067,1.370675,-1.0,-1.0,-1
1.370675,1.370675,1.37067,1.370675,-1.0,-1.0,-1
1.370675,1.37069,1.370675,1.37069,-1.0,-1.0,-1
1.37069,1.37072,1.370685,1.37071,-1.0,-1.0,-1
1.37071,1.37071,1.3707,1.370705,-1.0,-1.0,-1
1.370705,1.37071,1.3707,1.3707,-1.0,-1.0,-1
1.3707,1.370705,1.370665,1.37067,-1.0,-1.0,-1
1.37067,1.37067,1.370625,1.37063,-1.0,-1.0,-1
1.37063,1.37063,1.37062,1.37062,-1.0,-1.0,-1
1.37062,1.370625,1.37062,1.37062,-1.0,-1.0,-1
1.37062,1.370645,1.37062,1.370645,-1.0,-1.0,-1
1.370645,1.370645,1.370625,1.37064,-1.0,-1.0,-1
1.37064,1.37064,1.37064,1.37064,-1.0,-1.0,-1
1.37064,1.370645,1.37064,1.370645,-1.0,-1.0,-1
1.370645,1.370645,1.37064,1.37064,-1.0,-1.0,-1
1.37064,1.37065,1.37064,1.37065,-1.0,-1.0,-1
1.37065,1.37065,1.37065,1.37065,-1.0,-1.0,-1
1.37065,1.37065,1.370625,1.370635,-1.0,-1.0,-1
1.370635,1.37064,1.37062,1.37064,-1.0,-1.0,-1
1.37064,1.37064,1.370615,1.37062,-1.0,-1.0,-1
1.37062,1.370665,1.37062,1.37066,-1.0,-1.0,-1
1.37066,1.37066,1.37063,1.370635,-1.0,-1.0,-1
1.370635,1.37064,1.37063,1.370635,-1.0,-1.0,-1
1.370635,1.37064,1.37063,1.37064,-1.0,-1.0,-1
1.37064,1.37064,1.37063,1.37064,-1.0,-1.0,-1
1.37064,1.37064,1.37064,1.37064,-1.0,-1.0,-1
1.37064,1.37066,1.37064,1.37066,-1.0,-1.0,-1
1.37066,1.37066,1.370655,1.370655,-1.0,-1.0,-1
1.370655,1.370655,1.37063,1.37064,-1.0,-1.0,-1
1.37064,1.37064,1.37061,1.37061,-1.0,-1.0,-1
1.37061,1.370625,1.37061,1.37061,-1.0,-1.0,-1
1.37061,1.37061,1.37061,1.37061,-1.0,-1.0,-1
1.37061,1.370615,1.370595,1.3706,-1.0,-1.0,-1
1.3706,1.37061,1.370595,1.370605,-1.0,-1.0,-1
1.370605,1.370605,1.370575,1.37058,-1.0,-1.0,-1
1.37058,1.37058,1.37058,1.37058,-1.0,-1.0,-1
1.37058,1.37058,1.370575,1.370575,-1.0,-1.0,-1
1.370575,1.370575,1.370525,1.37053,-1.0,-1.0,-1
1.37053,1.370535,1.370525,1.370525,-1.0,-1.0,-1
1.370525,1.370525,1.370525,1.370525,-1.0,-1.0,-1
1.370525,1.37054,1.37051,1.370535,-1.0,-1.0,-1
1.370535,1.370535,1.37051,1.37052,-1.0,-1.0,-1
1.37052,1.37052,1.37051,1.370515,-1.0,-1.0,-1
1.370515,1.370525,1.37051,1.370515,-1.0,-1.0,-1
1.370515,1.37053,1.37049,1.37049,-1.0,-1.0,-1
1.37049,1.37051,1.370485,1.37049,-1.0,-1.0,-1
1.37049,1.3705,1.37049,1.37049,-1.0,-1.0,-1
1.37049,1.370495,1.37048,1.37048,-1.0,-1.0,-1
1.37048,1.370485,1.37048,1.370485,-1.0,-1.0,-1
1.370485,1.370485,1.37048,1.37048,-1.0,-1.0,-1
1.37048,1.370485,1.370475,1.370475,-1.0,-1.0,-1
1.370475,1.37048,1.370475,1.370475,-1.0,-1.0,-1
1.370475,1.37048,1.37046,1.37046,-1.0,-1.0,-1
1.37046,1.370475,1.370445,1.370465,-1.0,-1.0,-1
1.370465,1.370475,1.37046,1.370475,-1.0,-1.0,-1
1.370475,1.370495,1.370475,1.37049,-1.0,-1.0,-1
1.37049,1.370535,1.37049,1.37053,-1.0,-1.0,-1
1.37053,1.37057,1.370525,1.37057,-1.0,-1.0,-1
1.37057,1.370575,1.370535,1.37056,-1.0,-1.0,-1
1.37056,1.370575,1.370545,1.370575,-1.0,-1.0,-1
1.370575,1.370595,1.370565,1.370565,-1.0,-1.0,-1
1.370565,1.37057,1.370565,1.370565,-1.0,-1.0,-1
1.370565,1.3706,1.370565,1.370575,-1.0,-1.0,-1
1.370575,1.37058,1.370565,1.370575,-1.0,-1.0,-1
1.370575,1.37058,1.370565,1.37057,-1.0,-1.0,-1
1.37057,1.37057,1.370565,1.370565,-1.0,-1.0,-1
1.370565,1.37058,1.370495,1.370495,-1.0,-1.0,-1
1.370495,1.37053,1.37049,1.370515,-1.0,-1.0,-1
1.370515,1.370515,1.370495,1.370495,-1.0,-1.0,-1
1.370495,1.370495,1.37045,1.37046,-1.0,-1.0,-1
1.37046,1.37047,1.37045,1.370455,-1.0,-1.0,-1
1.370455,1.37051,1.37045,1.37051,-1.0,-1.0,-1
1.37051,1.370525,1.370495,1.370525,-1.0,-1.0,-1
1.370525,1.37053,1.37051,1.37052,-1.0,-1.0,-1
1.37052,1.37052,1.37051,1.37052,-1.0,-1.0,-1
1.37052,1.37052,1.3705,1.370505,-1.0,-1.0,-1
1.370505,1.37051,1.3705,1.37051,-1.0,-1.0,-1
1.37051,1.370545,1.3705,1.37053,-1.0,-1.0,-1
1.37053,1.370545,1.370515,1.37052,-1.0,-1.0,-1
1.37052,1.37053,1.37051,1.37051,-1.0,-1.0,-1
1.37051,1.370515,1.37048,1.37049,-1.0,-1.0,-1
1.37049,1.3705,1.37049,1.37049,-1.0,-1.0,-1
1.37049,1.3705,1.370485,1.370485,-1.0,-1.0,-1
1.370485,1.370485,1.370445,1.370455,-1.0,-1.0,-1
1.370455,1.370465,1.370455,1.370455,-1.0,-1.0,-1
1.370455,1.37047,1.370455,1.370465,-1.0,-1.0,-1
1.370465,1.37048,1.37046,1.370475,-1.0,-1.0,-1
1.370475,1.370475,1.37047,1.370475,-1.0,-1.0,-1
1.370475,1.370475,1.370475,1.370475,-1.0,-1.0,-1
1.370475,1.370475,1.37047,1.370475,-1.0,-1.0,-1
1.370475,1.370515,1.370475,1.370515,-1.0,-1.0,-1
1.370515,1.37053,1.37051,1.37052,-1.0,-1.0,-1
1.37052,1.37052,1.37051,1.37052,-1.0,-1.0,-1
1.37052,1.37052,1.3705,1.370505,-1.0,-1.0,-1
1.370505,1.37052,1.370495,1.370515,-1.0,-1.0,-1
1.370515,1.37052,1.37051,1.370515,-1.0,-1.0,-1
1.370515,1.370525,1.37051,1.370525,-1.0,-1.0,-1
1.370525,1.370525,1.37051,1.37052,-1.0,-1.0,-1
1.37052,1.37052,1.37051,1.370515,-1.0,-1.0,-1
1.370515,1.37052,1.37051,1.37052,-1.0,-1.0,-1
1.37052,1.37052,1.37051,1.37052,-1.0,-1.0,-1
1.37052,1.37052,1.37051,1.37052,-1.0,-1.0,-1
1.37052,1.37052,1.370515,1.37052,-1.0,-1.0,-1
1.37052,1.370525,1.37051,1.37052,-1.0,-1.0,-1
1.37052,1.370575,1.370515,1.370575,-1.0,-1.0,-1
1.370575,1.370575,1.37057,1.37057,-1.0,-1.0,-1
1.37057,1.37057,1.370545,1.370555,-1.0,-1.0,-1
1.370555,1.37056,1.370545,1.37056,-1.0,-1.0,-1
1.37056,1.37057,1.370555,1.37057,-1.0,-1.0,-1
1.37057,1.37059,1.37057,1.370585,-1.0,-1.0,-1
1.370585,1.37059,1.370545,1.37056,-1.0,-1.0,-1
1.37056,1.37056,1.37051,1.37051,-1.0,-1.0,-1
1.37051,1.37052,1.37051,1.37051,-1.0,-1.0,-1
1.37051,1.37052,1.37051,1.37051,-1.0,-1.0,-1
1.37051,1.370515,1.37048,1.37049,-1.0,-1.0,-1
1.37049,1.370495,1.37048,1.37048,-1.0,-1.0,-1
1.37048,1.37051,1.37048,1.3705,-1.0,-1.0,-1
1.3705,1.370515,1.3705,1.37051,-1.0,-1.0,-1
1.37051,1.37052,1.37051,1.37052,-1.0,-1.0,-1
1.37052,1.370535,1.370515,1.370525,-1.0,-1.0,-1
1.370525,1.370535,1.370525,1.370525,-1.0,-1.0,-1
1.370525,1.37053,1.370525,1.370525,-1.0,-1.0,-1
1.370525,1.370565,1.370525,1.370555,-1.0,-1.0,-1
1.370555,1.370565,1.370545,1.37055,-1.0,-1.0,-1
1.37055,1.370565,1.37053,1.370565,-1.0,-1.0,-1
1.370565,1.370625,1.370565,1.37062,-1.0,-1.0,-1
1.37062,1.370625,1.37061,1.37061,-1.0,-1.0,-1
1.37061,1.37061,1.37059,1.370595,-1.0,-1.0,-1
1.370595,1.370615,1.37059,1.3706,-1.0,-1.0,-1
1.3706,1.3706,1.370585,1.37059,-1.0,-1.0,-1
1.37059,1.37061,1.370585,1.370605,-1.0,-1.0,-1
1.370605,1.37061,1.370595,1.3706,-1.0,-1.0,-1
1.3706,1.370605,1.37059,1.3706,-1.0,-1.0,-1
1.3706,1.3706,1.370585,1.37059,-1.0,-1.0,-1
1.37059,1.37061,1.37059,1.37061,-1.0,-1.0,-1
1.37061,1.370615,1.37061,1.370615,-1.0,-1.0,-1
1.370615,1.37064,1.370615,1.37062,-1.0,-1.0,-1
1.37062,1.37064,1.37062,1.370635,-1.0,-1.0,-1
1.370635,1.370635,1.37062,1.37063,-1.0,-1.0,-1
1.37063,1.37063,1.37061,1.37062,-1.0,-1.0,-1
1.37062,1.37063,1.37061,1.37062,-1.0,-1.0,-1
1.37062,1.370625,1.37059,1.370595,-1.0,-1.0,-1
1.370595,1.370595,1.37058,1.37058,-1.0,-1.0,-1
1.37058,1.37058,1.37053,1.37053,-1.0,-1.0,-1
1.37053,1.37054,1.37053,1.37054,-1.0,-1.0,-1
1.37054,1.37058,1.370535,1.37058,-1.0,-1.0,-1
1.37058,1.37058,1.37055,1.370555,-1.0,-1.0,-1
1.370555,1.370555,1.370525,1.370525,-1.0,-1.0,-1
1.370525,1.37055,1.370525,1.37054,-1.0,-1.0,-1
1.37054,1.37054,1.37053,1.37054,-1.0,-1.0,-1
1.37054,1.37054,1.370535,1.37054,-1.0,-1.0,-1
1.37054,1.37055,1.37053,1.37055,-1.0,-1.0,-1
1.37055,1.37058,1.370535,1.37057,-1.0,-1.0,-1
1.37057,1.37057,1.37057,1.37057,-1.0,-1.0,-1
1.37057,1.37057,1.370545,1.370545,-1.0,-1.0,-1
1.370545,1.37057,1.370545,1.37057,-1.0,-1.0,-1
1.37057,1.370575,1.37056,1.370575,-1.0,-1.0,-1
1.370575,1.37058,1.37057,1.37057,-1.0,-1.0,-1
1.37057,1.37057,1.370565,1.370565,-1.0,-1.0,-1
1.370565,1.37058,1.370565,1.37058,-1.0,-1.0,-1
1.37058,1.37058,1.370545,1.370545,-1.0,-1.0,-1
1.370545,1.370555,1.370545,1.370545,-1.0,-1.0,-1
1.370545,1.370545,1.370535,1.37054,-1.0,-1.0,-1
1.37054,1.37054,1.37053,1.37053,-1.0,-1.0,-1
1.37053,1.37054,1.37053,1.37053,-1.0,-1.0,-1
1.37053,1.37053,1.3705,1.3705,-1.0,-1.0,-1
1.3705,1.370505,1.3705,1.3705,-1.0,-1.0,-1
1.3705,1.370505,1.3705,1.3705,-1.0,-1.0,-1
1.3705,1.37054,1.3705,1.370535,-1.0,-1.0,-1
1.370535,1.370545,1.37053,1.370535,-1.0,-1.0,-1
1.370535,1.37054,1.37053,1.370535,-1.0,-1.0,-1
1.370535,1.370535,1.37053,1.370535,-1.0,-1.0,-1
1.370535,1.370535,1.37051,1.37052,-1.0,-1.0,-1
1.37052,1.37053,1.37052,1.37053,-1.0,-1.0,-1
1.37053,1.37053,1.37052,1.37052,-1.0,-1.0,-1
1.37052,1.37052,1.37052,1.37052,-1.0,-1.0,-1
1.37052,1.37053,1.37052,1.370525,-1.0,-1.0,-1
1.370525,1.370525,1.3705,1.370515,-1.0,-1.0,-1
1.370515,1.370515,1.370435,1.370455,-1.0,-1.0,-1
1.370455,1.370455,1.37044,1.37044,-1.0,-1.0,-1
1.37044,1.37059,1.37044,1.37056,-1.0,-1.0,-1
1.37056,1.37062,1.370545,1.3706,-1.0,-1.0,-1
1.3706,1.37063,1.370585,1.37059,-1.0,-1.0,-1
1.37059,1.37063,1.37058,1.37063,-1.0,-1.0,-1
1.37063,1.37063,1.37059,1.37059,-1.0,-1.0,-1
1.37059,1.37059,1.37059,1.37059,-1.0,-1.0,-1
1.37059,1.3706,1.37056,1.370565,-1.0,-1.0,-1
1.370565,1.370575,1.370555,1.370575,-1.0,-1.0,-1
1.370575,1.370575,1.370575,1.370575,-1.0,-1.0,-1
1.370575,1.37059,1.37055,1.370585,-1.0,-1.0,-1
1.370585,1.37059,1.37058,1.37058,-1.0,-1.0,-1
1.37058,1.37058,1.37057,1.37057,-1.0,-1.0,-1
1.37057,1.370575,1.37051,1.37051,-1.0,-1.0,-1
1.37051,1.370515,1.37051,1.37051,-1.0,-1.0,-1
1.37051,1.37052,1.37051,1.37052,-1.0,-1.0,-1
1.37052,1.370555,1.37051,1.37055,-1.0,-1.0,-1
1.37055,1.370575,1.370545,1.370575,-1.0,-1.0,-1
1.370575,1.37058,1.37056,1.370575,-1.0,-1.0,-1
1.370575,1.370575,1.370545,1.370575,-1.0,-1.0,-1
1.370575,1.37058,1.370575,1.37058,-1.0,-1.0,-1
1.37058,1.37059,1.37058,1.370585,-1.0,-1.0,-1
1.370585,1.370605,1.370585,1.370605,-1.0,-1.0,-1
1.370605,1.37065,1.370605,1.37065,-1.0,-1.0,-1
1.37065,1.37065,1.370645,1.37065,-1.0,-1.0,-1
1.37065,1.37067,1.37065,1.37066,-1.0,-1.0,-1
1.37066,1.37067,1.37066,1.37067,-1.0,-1.0,-1
1.37067,1.37067,1.37066,1.37066,-1.0,-1.0,-1
1.37066,1.37066,1.37064,1.370645,-1.0,-1.0,-1
1.370645,1.37065,1.37061,1.37061,-1.0,-1.0,-1
1.37061,1.370635,1.37061,1.370625,-1.0,-1.0,-1
1.370625,1.370625,1.37061,1.37061,-1.0,-1.0,-1
1.37061,1.37061,1.37061,1.37061,-1.0,-1.0,-1
1.37061,1.37061,1.370535,1.370535,-1.0,-1.0,-1
1.370535,1.370535,1.370515,1.37052,-1.0,-1.0,-1
1.37052,1.370525,1.37051,1.37052,-1.0,-1.0,-1
1.37052,1.370525,1.37051,1.37052,-1.0,-1.0,-1
1.37052,1.370525,1.37051,1.370515,-1.0,-1.0,-1
1.370515,1.370545,1.37051,1.370545,-1.0,-1.0,-1
1.370545,1.370545,1.370545,1.370545,-1.0,-1.0,-1
1.370545,1.370545,1.370515,1.37052,-1.0,-1.0,-1
1.37052,1.37052,1.37051,1.370515,-1.0,-1.0,-1
1.370515,1.370515,1.37051,1.37051,-1.0,-1.0,-1
1.37051,1.370545,1.37051,1.370545,-1.0,-1.0,-1
1.370545,1.37056,1.370545,1.37055,-1.0,-1.0,-1
1.37055,1.37055,1.370545,1.37055,-1.0,-1.0,-1
1.37055,1.37055,1.37051,1.370515,-1.0,-1.0,-1
1.370515,1.370535,1.37051,1.370535,-1.0,-1.0,-1
1.370535,1.370535,1.370525,1.37053,-1.0,-1.0,-1
1.37053,1.37055,1.37053,1.37055,-1.0,-1.0,-1
1.37055,1.37055,1.370535,1.37054,-1.0,-1.0,-1
1.37054,1.370545,1.370525,1.37053,-1.0,-1.0,-1
1.37053,1.370545,1.37053,1.37054,-1.0,-1.0,-1
1.37054,1.37054,1.37051,1.37051,-1.0,-1.0,-1
1.37051,1.37051,1.3705,1.370505,-1.0,-1.0,-1
1.370505,1.370505,1.370495,1.370495,-1.0,-1.0,-1
1.370495,1.370495,1.370495,1.370495,-1.0,-1.0,-1
1.370495,1.370505,1.370495,1.370505,-1.0,-1.0,-1
1.370505,1.370505,1.3705,1.370505,-1.0,-1.0,-1
1.370505,1.370565,1.3705,1.370565,-1.0,-1.0,-1
1.370565,1.370595,1.370565,1.370595,-1.0,-1.0,-1
1.370595,1.3706,1.37059,1.3706,-1.0,-1.0,-1
1.3706,1.3706,1.370595,1.3706,-1.0,-1.0,-1
1.3706,1.3706,1.370595,1.3706,-1.0,-1.0,-1
1.3706,1.370605,1.370595,1.3706,-1.0,-1.0,-1
1.3706,1.3706,1.370595,1.3706,-1.0,-1.0,-1
1.3706,1.3706,1.37059,1.37059,-1.0,-1.0,-1
1.37059,1.3706,1.37059,1.3706,-1.0,-1.0,-1
1.3706,1.3706,1.370595,1.3706,-1.0,-1.0,-1
1.3706,1.370605,1.370595,1.3706,-1.0,-1.0,-1
1.3706,1.3706,1.37059,1.3706,-1.0,-1.0,-1
1.3706,1.370605,1.370595,1.370605,-1.0,-1.0,-1
1.370605,1.370645,1.370595,1.370645,-1.0,-1.0,-1
1.370645,1.370645,1.37061,1.370615,-1.0,-1.0,-1
1.370615,1.370645,1.37061,1.370625,-1.0,-1.0,-1
1.370625,1.370625,1.370625,1.370625,-1.0,-1.0,-1
1.370625,1.370625,1.370625,1.370625,-1.0,-1.0,-1
1.370625,1.370625,1.370615,1.370615,-1.0,-1.0,-1
1.370615,1.370615,1.370605,1.370605,-1.0,-1.0,-1
1.370605,1.370645,1.370605,1.370645,-1.0,-1.0,-1
1.370645,1.370705,1.370635,1.370705,-1.0,-1.0,-1
1.370705,1.370705,1.37067,1.37067,-1.0,-1.0,-1
1.37067,1.370675,1.370665,1.370675,-1.0,-1.0,-1
1.370675,1.370675,1.370675,1.370675,-1.0,-1.0,-1
1.370675,1.370675,1.370675,1.370675,-1.0,-1.0,-1
1.370675,1.37071,1.370675,1.37071,-1.0,-1.0,-1
1.37071,1.37071,1.370685,1.370685,-1.0,-1.0,-1
1.370685,1.370685,1.370675,1.370685,-1.0,-1.0,-1
1.370685,1.370685,1.370685,1.370685,-1.0,-1.0,-1
1.370685,1.370685,1.370675,1.370675,-1.0,-1.0,-1
1.370675,1.37072,1.370675,1.37071,-1.0,-1.0,-1
1.37071,1.37071,1.37071,1.37071,-1.0,-1.0,-1
1.37071,1.37071,1.37071,1.37071,-1.0,-1.0,-1
1.37071,1.37071,1.370705,1.370705,-1.0,-1.0,-1
1.370705,1.370705,1.370685,1.370685,-1.0,-1.0,-1
1.370685,1.370695,1.370685,1.37069,-1.0,-1.0,-1
1.37069,1.370695,1.370685,1.370695,-1.0,-1.0,-1
1.370695,1.3707,1.370685,1.370695,-1.0,-1.0,-1
1.370695,1.3707,1.37069,1.370695,-1.0,-1.0,-1
1.370695,1.3707,1.37069,1.370695,-1.0,-1.0,-1
1.370695,1.3707,1.370685,1.370695,-1.0,-1.0,-1
1.370695,1.370695,1.37068,1.370685,-1.0,-1.0,-1
1.370685,1.370695,1.370685,1.37069,-1.0,-1.0,-1
1.37069,1.37072,1.370685,1.37071,-1.0,-1.0,-1
1.37071,1.37071,1.37071,1.37071,-1.0,-1.0,-1
1.37071,1.37071,1.37069,1.370695,-1.0,-1.0,-1
1.370695,1.370705,1.370685,1.37069,-1.0,-1.0,-1
1.37069,1.3707,1.370675,1.3707,-1.0,-1.0,-1
1.3707,1.370705,1.37069,1.370705,-1.0,-1.0,-1
1.370705,1.37071,1.37069,1.37071,-1.0,-1.0,-1
1.37071,1.37071,1.3707,1.370705,-1.0,-1.0,-1
1.370705,1.370705,1.37062,1.37062,-1.0,-1.0,-1
1.37062,1.370645,1.37062,1.370645,-1.0,-1.0,-1
1.370645,1.370645,1.37064,1.370645,-1.0,-1.0,-1
1.370645,1.37065,1.37064,1.370645,-1.0,-1.0,-1
1.370645,1.370685,1.370645,1.370675,-1.0,-1.0,-1
1.370675,1.370675,1.37067,1.37067,-1.0,-1.0,-1
1.37067,1.37067,1.37066,1.370665,-1.0,-1.0,-1
1.370665,1.370665,1.370655,1.37066,-1.0,-1.0,-1
1.37066,1.370665,1.37064,1.37066,-1.0,-1.0,-1
1.37066,1.37066,1.370645,1.370645,-1.0,-1.0,-1
1.370645,1.370645,1.37064,1.37064,-1.0,-1.0,-1
1.37064,1.37064,1.37063,1.370635,-1.0,-1.0,-1
1.370635,1.370655,1.370615,1.370655,-1.0,-1.0,-1
1.370655,1.370655,1.37063,1.370635,-1.0,-1.0,-1
1.370635,1.37067,1.37063,1.370665,-1.0,-1.0,-1
1.370665,1.37067,1.370665,1.370665,-1.0,-1.0,-1
1.370665,1.37067,1.370665,1.370665,-1.0,-1.0,-1
1.370665,1.37067,1.370665,1.37067,-1.0,-1.0,-1
1.37067,1.37067,1.37066,1.370665,-1.0,-1.0,-1
1.370665,1.370665,1.37066,1.37066,-1.0,-1.0,-1
1.37066,1.37067,1.37066,1.37067,-1.0,-1.0,-1
1.37067,1.37069,1.370665,1.370685,-1.0,-1.0,-1
1.370685,1.370685,1.370675,1.37068,-1.0,-1.0,-1
1.37068,1.37068,1.370675,1.37068,-1.0,-1.0,-1
1.37068,1.370705,1.37067,1.3707,-1.0,-1.0,-1
1.3707,1.3707,1.37069,1.370695,-1.0,-1.0,-1
1.370695,1.370705,1.37069,1.370695,-1.0,-1.0,-1
1.370695,1.370695,1.37069,1.370695,-1.0,-1.0,-1
1.370695,1.370695,1.370685,1.370685,-1.0,-1.0,-1
1.370685,1.370685,1.370675,1.370675,-1.0,-1.0,-1
1.370675,1.370675,1.370675,1.370675,-1.0,-1.0,-1
1.370675,1.370685,1.370675,1.370675,-1.0,-1.0,-1
1.370675,1.37069,1.370675,1.37069,-1.0,-1.0,-1
1.37069,1.370695,1.37067,1.37069,-1.0,-1.0,-1
1.37069,1.37069,1.370685,1.37069,-1.0,-1.0,-1
1.37069,1.37069,1.370685,1.37069,-1.0,-1.0,-1
1.37069,1.370695,1.370685,1.37069,-1.0,-1.0,-1
1.37069,1.37069,1.370685,1.37069,-1.0,-1.0,-1
1.37069,1.37072,1.370685,1.37071,-1.0,-1.0,-1
1.37071,1.37072,1.37071,1.37072,-1.0,-1.0,-1
1.37072,1.37072,1.3707,1.370705,-1.0,-1.0,-1
1.370705,1.370715,1.370705,1.370715,-1.0,-1.0,-1
1.370715,1.370715,1.3707,1.3707,-1.0,-1.0,-1
1.3707,1.370735,1.3707,1.37073,-1.0,-1.0,-1
1.37073,1.37073,1.370715,1.370715,-1.0,-1.0,-1
1.370715,1.37073,1.370715,1.370725,-1.0,-1.0,-1
1.370725,1.37073,1.37072,1.37073,-1.0,-1.0,-1
1.37073,1.37073,1.370725,1.37073,-1.0,-1.0,-1
1.37073,1.37073,1.37071,1.370725,-1.0,-1.0,-1
1.370725,1.370725,1.37072,1.370725,-1.0,-1.0,-1
1.370725,1.37074,1.37072,1.37074,-1.0,-1.0,-1
1.37074,1.37075,1.370725,1.37073,-1.0,-1.0,-1
1.37073,1.37075,1.37072,1.37075,-1.0,-1.0,-1
1.37075,1.37075,1.370745,1.37075,-1.0,-1.0,-1
1.37075,1.370755,1.37075,1.370755,-1.0,-1.0,-1
1.370755,1.370755,1.370745,1.370755,-1.0,-1.0,-1
1.370755,1.370755,1.37074,1.37074,-1.0,-1.0,-1
1.37074,1.37074,1.37074,1.37074,-1.0,-1.0,-1
1.37074,1.370745,1.37074,1.370745,-1.0,-1.0,-1
1.370745,1.37075,1.37074,1.370745,-1.0,-1.0,-1
1.370745,1.37075,1.37074,1.370745,-1.0,-1.0,-1
1.370745,1.37075,1.37074,1.37074,-1.0,-1.0,-1
1.37074,1.37075,1.37074,1.37074,-1.0,-1.0,-1
1.37074,1.370755,1.37074,1.370755,-1.0,-1.0,-1
1.370755,1.37076,1.37075,1.37075,-1.0,-1.0,-1
1.37075,1.37075,1.370745,1.370745,-1.0,-1.0,-1
1.370745,1.37075,1.370745,1.37075,-1.0,-1.0,-1
1.37075,1.37075,1.37074,1.370745,-1.0,-1.0,-1
1.370745,1.370745,1.370745,1.370745,-1.0,-1.0,-1
1.370745,1.370745,1.37074,1.37074,-1.0,-1.0,-1
1.37074,1.37074,1.37074,1.37074,-1.0,-1.0,-1
1.37074,1.37074,1.37068,1.37069,-1.0,-1.0,-1
1.37069,1.370695,1.370685,1.370695,-1.0,-1.0,-1
1.370695,1.370695,1.370685,1.37069,-1.0,-1.0,-1
1.37069,1.370695,1.370685,1.37069,-1.0,-1.0,-1
1.37069,1.37069,1.370675,1.370675,-1.0,-1.0,-1
1.370675,1.370675,1.37066,1.37066,-1.0,-1.0,-1
1.37066,1.37067,1.37066,1.37067,-1.0,-1.0,-1
1.37067,1.370675,1.37067,1.370675,-1.0,-1.0,-1
1.370675,1.370675,1.370675,1.370675,-1.0,-1.0,-1
1.370675,1.370675,1.37067,1.370675,-1.0,-1.0,-1
1.370675,1.370675,1.370675,1.370675,-1.0,-1.0,-1
1.370675,1.370675,1.370675,1.370675,-1.0,-1.0,-1
1.370675,1.370675,1.370655,1.37066,-1.0,-1.0,-1
1.37066,1.37066,1.37065,1.37065,-1.0,-1.0,-1
1.37065,1.37066,1.37065,1.37065,-1.0,-1.0,-1
1.37065,1.37067,1.37065,1.37067,-1.0,-1.0,-1
1.37067,1.37068,1.37067,1.37067,-1.0,-1.0,-1
1.37067,1.37067,1.370665,1.37067,-1.0,-1.0,-1
1.37067,1.37067,1.37067,1.37067,-1.0,-1.0,-1
1.37067,1.37067,1.37067,1.37067,-1.0,-1.0,-1
1.37067,1.37067,1.370645,1.37065,-1.0,-1.0,-1
1.37065,1.370685,1.37065,1.370685,-1.0,-1.0,-1
1.370685,1.37069,1.370675,1.37068,-1.0,-1.0,-1
1.37068,1.37069,1.370675,1.37069,-1.0,-1.0,-1
1.37069,1.37069,1.370665,1.370665,-1.0,-1.0,-1
1.370665,1.37067,1.37066,1.37066,-1.0,-1.0,-1
1.37066,1.37067,1.37066,1.370665,-1.0,-1.0,-1
1.370665,1.37067,1.37066,1.370665,-1.0,-1.0,-1
1.370665,1.37067,1.37066,1.370665,-1.0,-1.0,-1
1.370665,1.37067,1.370605,1.370605,-1.0,-1.0,-1
1.370605,1.370605,1.370605,1.370605,-1.0,-1.0,-1
1.370605,1.370615,1.370605,1.37061,-1.0,-1.0,-1
1.37061,1.37061,1.37061,1.37061,-1.0,-1.0,-1
1.37061,1.37061,1.37059,1.37059,-1.0,-1.0,-1
1.37059,1.37059,1.37059,1.37059,-1.0,-1.0,-1
1.37059,1.37059,1.370585,1.37059,-1.0,-1.0,-1
1.37059,1.37059,1.370585,1.37059,-1.0,-1.0,-1
1.37059,1.37059,1.370575,1.370585,-1.0,-1.0,-1
1.370585,1.370615,1.370585,1.370595,-1.0,-1.0,-1
1.370595,1.3706,1.37059,1.3706,-1.0,-1.0,-1
1.3706,1.37061,1.370595,1.370605,-1.0,-1.0,-1
1.370605,1.37061,1.370605,1.370605,-1.0,-1.0,-1
1.370605,1.370615,1.370595,1.370615,-1.0,-1.0,-1
1.370615,1.370645,1.370615,1.37064,-1.0,-1.0,-1
1.37064,1.37064,1.37063,1.370635,-1.0,-1.0,-1
1.370635,1.370635,1.37063,1.370635,-1.0,-1.0,-1
1.370635,1.370635,1.37063,1.370635,-1.0,-1.0,-1
1.370635,1.370635,1.370605,1.370605,-1.0,-1.0,-1
1.370605,1.370605,1.370585,1.370585,-1.0,-1.0,-1
1.370585,1.37059,1.370585,1.370585,-1.0,-1.0,-1
1.370585,1.37059,1.370585,1.370585,-1.0,-1.0,-1
1.370585,1.37059,1.37058,1.370585,-1.0,-1.0,-1
1.370585,1.37059,1.37058,1.37058,-1.0,-1.0,-1
1.37058,1.37059,1.37058,1.370585,-1.0,-1.0,-1
1.370585,1.37059,1.37058,1.370585,-1.0,-1.0,-1
1.370585,1.37059,1.370585,1.370585,-1.0,-1.0,-1
1.370585,1.37059,1.370585,1.37059,-1.0,-1.0,-1
1.37059,1.370605,1.37059,1.370605,-1.0,-1.0,-1
1.370605,1.37064,1.370605,1.370625,-1.0,-1.0,-1
1.370625,1.37064,1.37062,1.37062,-1.0,-1.0,-1
1.37062,1.370625,1.37062,1.37062,-1.0,-1.0,-1
1.37062,1.370625,1.370615,1.37062,-1.0,-1.0,-1
1.37062,1.370625,1.370615,1.370625,-1.0,-1.0,-1
1.370625,1.37064,1.370625,1.370625,-1.0,-1.0,-1
1.370625,1.370625,1.370585,1.370595,-1.0,-1.0,-1
1.370595,1.370595,1.370585,1.370595,-1.0,-1.0,-1
1.370595,1.370595,1.37058,1.37058,-1.0,-1.0,-1
1.37058,1.37059,1.37058,1.37059,-1.0,-1.0,-1
1.37059,1.370595,1.37058,1.370585,-1.0,-1.0,-1
1.370585,1.370595,1.37058,1.37059,-1.0,-1.0,-1
1.37059,1.37059,1.370575,1.37058,-1.0,-1.0,-1
1.37058,1.37058,1.370575,1.37058,-1.0,-1.0,-1
1.37058,1.370595,1.37058,1.370595,-1.0,-1.0,-1
1.370595,1.3706,1.37059,1.370595,-1.0,-1.0,-1
1.370595,1.370615,1.37059,1.370615,-1.0,-1.0,-1
1.370615,1.370615,1.370615,1.370615,-1.0,-1.0,-1
1.370615,1.370615,1.370615,1.370615,-1.0,-1.0,-1
1.370615,1.370615,1.370615,1.370615,-1.0,-1.0,-1
1.370615,1.370615,1.370615,1.370615,-1.0,-1.0,-1
1.370615,1.370615,1.370615,1.370615,-1.0,-1.0,-1
1.370615,1.370615,1.370615,1.370615,-1.0,-1.0,-1
1.370615,1.370625,1.37061,1.370615,-1.0,-1.0,-1
1.370615,1.370625,1.370615,1.37062,-1.0,-1.0,-1
1.37062,1.37064,1.370615,1.37064,-1.0,-1.0,-1
1.37064,1.370645,1.370625,1.370645,-1.0,-1.0,-1
1.370645,1.370665,1.370645,1.37066,-1.0,-1.0,-1
1.37066,1.370665,1.37066,1.370665,-1.0,-1.0,-1
1.370665,1.37067,1.37066,1.37066,-1.0,-1.0,-1
1.37066,1.370665,1.37066,1.37066,-1.0,-1.0,-1
1.37066,1.37066,1.37066,1.37066,-1.0,-1.0,-1
1.37066,1.37066,1.370655,1.370655,-1.0,-1.0,-1
1.370655,1.37066,1.370655,1.37066,-1.0,-1.0,-1
1.37066,1.37066,1.37064,1.37064,-1.0,-1.0,-1
1.37064,1.37064,1.37063,1.37064,-1.0,-1.0,-1
1.37064,1.37067,1.37064,1.370665,-1.0,-1.0,-1
1.370665,1.37067,1.370665,1.370665,-1.0,-1.0,-1
1.370665,1.37067,1.37063,1.37066,-1.0,-1.0,-1
1.37066,1.37067,1.37064,1.370665,-1.0,-1.0,-1
1.370665,1.37067,1.370655,1.370665,-1.0,-1.0,-1
1.370665,1.37067,1.37065,1.37065,-1.0,-1.0,-1
1.37065,1.370655,1.37064,1.370655,-1.0,-1.0,-1
1.370655,1.37066,1.37065,1.37066,-1.0,-1.0,-1
1.37066,1.37066,1.37063,1.370635,-1.0,-1.0,-1
1.370635,1.37064,1.37062,1.37064,-1.0,-1.0,-1
1.37064,1.37067,1.37064,1.37067,-1.0,-1.0,-1
1.37067,1.37067,1.370655,1.370655,-1.0,-1.0,-1
1.370655,1.370655,1.37064,1.37064,-1.0,-1.0,-1
1.37064,1.37064,1.37063,1.37064,-1.0,-1.0,-1
1.37064,1.37064,1.37064,1.37064,-1.0,-1.0,-1
1.37064,1.37067,1.37064,1.37066,-1.0,-1.0,-1
1.37066,1.37067,1.37066,1.370665,-1.0,-1.0,-1
1.370665,1.37067,1.37066,1.37066,-1.0,-1.0,-1
1.37066,1.37066,1.370655,1.370655,-1.0,-1.0,-1
1.370655,1.37066,1.370655,1.370655,-1.0,-1.0,-1
1.370655,1.37067,1.370655,1.37067,-1.0,-1.0,-1
1.37067,1.37067,1.370665,1.370665,-1.0,-1.0,-1
1.370665,1.370665,1.370665,1.370665,-1.0,-1.0,-1
1.370665,1.37069,1.370655,1.37068,-1.0,-1.0,-1
1.37068,1.37069,1.37068,1.370685,-1.0,-1.0,-1
1.370685,1.370695,1.37067,1.370685,-1.0,-1.0,-1
1.370685,1.37069,1.370685,1.370685,-1.0,-1.0,-1
1.370685,1.370685,1.370685,1.370685,-1.0,-1.0,-1
1.370685,1.370685,1.370675,1.37068,-1.0,-1.0,-1
1.37068,1.37068,1.370675,1.37068,-1.0,-1.0,-1
1.37068,1.370685,1.37067,1.37068,-1.0,-1.0,-1
1.37068,1.370685,1.370675,1.37068,-1.0,-1.0,-1
1.37068,1.37069,1.370675,1.370685,-1.0,-1.0,-1
1.370685,1.37071,1.370685,1.37071,-1.0,-1.0,-1
1.37071,1.37074,1.37071,1.370725,-1.0,-1.0,-1
1.370725,1.370785,1.370715,1.37078,-1.0,-1.0,-1
1.37078,1.370825,1.37078,1.370805,-1.0,-1.0,-1
1.370805,1.37086,1.370805,1.370835,-1.0,-1.0,-1
1.370835,1.37087,1.37083,1.370865,-1.0,-1.0,-1
1.370865,1.370865,1.37085,1.370865,-1.0,-1.0,-1
1.370865,1.37093,1.37086,1.370925,-1.0,-1.0,-1
1.370925,1.370925,1.37083,1.370855,-1.0,-1.0,-1
1.370855,1.370865,1.370835,1.370835,-1.0,-1.0,-1
1.370835,1.370855,1.370815,1.370855,-1.0,-1.0,-1
1.370855,1.370855,1.37083,1.37085,-1.0,-1.0,-1
1.37085,1.37087,1.3708,1.370805,-1.0,-1.0,-1
1.370805,1.37083,1.370805,1.37083,-1.0,-1.0,-1
1.37083,1.3709,1.370825,1.37089,-1.0,-1.0,-1
1.37089,1.370895,1.370885,1.37089,-1.0,-1.0,-1
1.37089,1.370915,1.37089,1.370915,-1.0,-1.0,-1
1.370915,1.37098,1.37091,1.37098,-1.0,-1.0,-1
1.37098,1.37098,1.37093,1.37093,-1.0,-1.0,-1
1.37093,1.37094,1.370895,1.370905,-1.0,-1.0,-1
1.370905,1.37093,1.370875,1.370875,-1.0,-1.0,-1
1.370875,1.370875,1.37083,1.37083,-1.0,-1.0,-1
1.37083,1.37083,1.370815,1.370815,-1.0,-1.0,-1
1.370815,1.370815,1.3708,1.3708,-1.0,-1.0,-1
1.3708,1.37083,1.37077,1.370805,-1.0,-1.0,-1
1.370805,1.370825,1.3708,1.370825,-1.0,-1.0,-1
1.370825,1.370845,1.370815,1.37082,-1.0,-1.0,-1
1.37082,1.370835,1.370805,1.37083,-1.0,-1.0,-1
1.37083,1.370845,1.370815,1.37084,-1.0,-1.0,-1
1.37084,1.370845,1.37084,1.37084,-1.0,-1.0,-1
1.37084,1.370845,1.37083,1.370835,-1.0,-1.0,-1
1.370835,1.370835,1.370805,1.370815,-1.0,-1.0,-1
1.370815,1.370835,1.370805,1.370815,-1.0,-1.0,-1
1.370815,1.370825,1.3708,1.370805,-1.0,-1.0,-1
1.370805,1.370805,1.370795,1.370805,-1.0,-1.0,-1
1.370805,1.370805,1.37079,1.37079,-1.0,-1.0,-1
1.37079,1.370825,1.37079,1.37082,-1.0,-1.0,-1
1.37082,1.37086,1.370815,1.37086,-1.0,-1.0,-1
1.37086,1.37086,1.370835,1.370835,-1.0,-1.0,-1
1.370835,1.37085,1.370835,1.37084,-1.0,-1.0,-1
1.37084,1.370845,1.37084,1.37084,-1.0,-1.0,-1
1.37084,1.37093,1.37084,1.37091,-1.0,-1.0,-1
1.37091,1.370915,1.37091,1.370915,-1.0,-1.0,-1
1.370915,1.370915,1.37091,1.37091,-1.0,-1.0,-1
1.37091,1.37091,1.370855,1.370855,-1.0,-1.0,-1
1.370855,1.37087,1.370855,1.37087,-1.0,-1.0,-1
1.37087,1.37088,1.370865,1.37088,-1.0,-1.0,-1
1.37088,1.37088,1.370855,1.370855,-1.0,-1.0,-1
1.370855,1.37086,1.370855,1.370855,-1.0,-1.0,-1
1.370855,1.37086,1.37083,1.37083,-1.0,-1.0,-1
1.37083,1.37084,1.370825,1.370825,-1.0,-1.0,-1
1.370825,1.370835,1.370815,1.37083,-1.0,-1.0,-1
1.37083,1.37084,1.37083,1.370835,-1.0,-1.0,-1
1.370835,1.37084,1.37083,1.37084,-1.0,-1.0,-1
1.37084,1.37084,1.370815,1.37083,-1.0,-1.0,-1
1.37083,1.37083,1.370815,1.370825,-1.0,-1.0,-1
1.370825,1.370825,1.370795,1.370795,-1.0,-1.0,-1
1.370795,1.3708,1.37079,1.370795,-1.0,-1.0,-1
1.370795,1.3708,1.37079,1.370795,-1.0,-1.0,-1
1.370795,1.3708,1.37078,1.370785,-1.0,-1.0,-1
1.370785,1.370785,1.37078,1.37078,-1.0,-1.0,-1
1.37078,1.370785,1.37078,1.37078,-1.0,-1.0,-1
1.37078,1.37079,1.37078,1.370785,-1.0,-1.0,-1
1.370785,1.370785,1.37077,1.370775,-1.0,-1.0,-1
1.370775,1.370785,1.37077,1.37078,-1.0,-1.0,-1
1.37078,1.370785,1.37078,1.370785,-1.0,-1.0,-1
1.370785,1.370805,1.370785,1.370805,-1.0,-1.0,-1
1.370805,1.37084,1.370795,1.3708,-1.0,-1.0,-1
1.3708,1.3708,1.370795,1.3708,-1.0,-1.0,-1
1.3708,1.370815,1.3708,1.370815,-1.0,-1.0,-1
1.370815,1.370825,1.370815,1.370815,-1.0,-1.0,-1
1.370815,1.370815,1.370805,1.370805,-1.0,-1.0,-1
1.370805,1.370805,1.370725,1.370735,-1.0,-1.0,-1
1.370735,1.370745,1.3707,1.370705,-1.0,-1.0,-1
1.370705,1.370705,1.37067,1.37067,-1.0,-1.0,-1
1.37067,1.37069,1.37067,1.370675,-1.0,-1.0,-1
1.370675,1.37069,1.37067,1.37067,-1.0,-1.0,-1
1.37067,1.370675,1.370655,1.37066,-1.0,-1.0,-1
1.37066,1.370675,1.37065,1.370675,-1.0,-1.0,-1
1.370675,1.370675,1.370665,1.37067,-1.0,-1.0,-1
1.37067,1.370675,1.370665,1.370665,-1.0,-1.0,-1
1.370665,1.370665,1.370655,1.37066,-1.0,-1.0,-1
1.37066,1.37067,1.37065,1.370655,-1.0,-1.0,-1
1.370655,1.37066,1.370655,1.37066,-1.0,-1.0,-1
1.37066,1.370665,1.37066,1.370665,-1.0,-1.0,-1
1.370665,1.370665,1.370665,1.370665,-1.0,-1.0,-1
1.370665,1.370665,1.37066,1.370665,-1.0,-1.0,-1
1.370665,1.37067,1.370665,1.37067,-1.0,-1.0,-1
1.37067,1.370695,1.37067,1.37069,-1.0,-1.0,-1
1.37069,1.37073,1.370685,1.37073,-1.0,-1.0,-1
1.37073,1.37073,1.370725,1.37073,-1.0,-1.0,-1
1.37073,1.37073,1.37067,1.370675,-1.0,-1.0,-1
1.370675,1.37069,1.37066,1.370675,-1.0,-1.0,-1
1.370675,1.37069,1.370675,1.37069,-1.0,-1.0,-1
1.37069,1.37069,1.370665,1.37067,-1.0,-1.0,-1
1.37067,1.37067,1.370655,1.37066,-1.0,-1.0,-1
1.37066,1.37066,1.37062,1.370645,-1.0,-1.0,-1
1.370645,1.370645,1.37064,1.37064,-1.0,-1.0,-1
1.37064,1.370645,1.37063,1.37064,-1.0,-1.0,-1
1.37064,1.370645,1.37063,1.370645,-1.0,-1.0,-1
1.370645,1.370645,1.37063,1.37064,-1.0,-1.0,-1
1.37064,1.370645,1.37063,1.37064,-1.0,-1.0,-1
1.37064,1.37064,1.37063,1.37064,-1.0,-1.0,-1
1.37064,1.370655,1.37064,1.37065,-1.0,-1.0,-1
1.37065,1.370655,1.37064,1.370655,-1.0,-1.0,-1
1.370655,1.37069,1.370655,1.37069,-1.0,-1.0,-1
1.37069,1.3707,1.370685,1.37069,-1.0,-1.0,-1
1.37069,1.3707,1.370685,1.3707,-1.0,-1.0,-1
1.3707,1.3707,1.370675,1.370675,-1.0,-1.0,-1
1.370675,1.370675,1.37066,1.370665,-1.0,-1.0,-1
1.370665,1.37067,1.37059,1.37059,-1.0,-1.0,-1
1.37059,1.3706,1.37059,1.37059,-1.0,-1.0,-1
1.37059,1.3706,1.37059,1.37059,-1.0,-1.0,-1
1.37059,1.370615,1.37059,1.370615,-1.0,-1.0,-1
1.370615,1.37067,1.37061,1.37067,-1.0,-1.0,-1
1.37067,1.37067,1.37067,1.37067,-1.0,-1.0,-1
1.37067,1.37067,1.37067,1.37067,-1.0,-1.0,-1
1.37067,1.37067,1.370655,1.370655,-1.0,-1.0,-1
1.370655,1.370655,1.37065,1.370655,-1.0,-1.0,-1
1.370655,1.370675,1.370655,1.37066,-1.0,-1.0,-1
1.37066,1.37066,1.370645,1.370645,-1.0,-1.0,-1
1.370645,1.370645,1.37063,1.370635,-1.0,-1.0,-1
1.370635,1.37064,1.37063,1.370635,-1.0,-1.0,-1
1.370635,1.37064,1.37063,1.370635,-1.0,-1.0,-1
1.370635,1.370635,1.370625,1.370625,-1.0,-1.0,-1
1.370625,1.37065,1.37062,1.370645,-1.0,-1.0,-1
1.370645,1.370645,1.37064,1.37064,-1.0,-1.0,-1
1.37064,1.370645,1.37062,1.37062,-1.0,-1.0,-1
1.37062,1.370665,1.37062,1.370665,-1.0,-1.0,-1
1.370665,1.370665,1.37063,1.370635,-1.0,-1.0,-1
1.370635,1.370655,1.37063,1.370655,-1.0,-1.0,-1
1.370655,1.370655,1.370615,1.37062,-1.0,-1.0,-1
1.37062,1.370625,1.37062,1.37062,-1.0,-1.0,-1
1.37062,1.370625,1.37061,1.37061,-1.0,-1.0,-1
1.37061,1.370615,1.370605,1.37061,-1.0,-1.0,-1
1.37061,1.370625,1.37061,1.37062,-1.0,-1.0,-1
1.37062,1.370645,1.37062,1.370625,-1.0,-1.0,-1
1.370625,1.37064,1.37062,1.370635,-1.0,-1.0,-1
1.370635,1.37064,1.37063,1.370635,-1.0,-1.0,-1
1.370635,1.370645,1.37063,1.37064,-1.0,-1.0,-1
1.37064,1.370645,1.37064,1.370645,-1.0,-1.0,-1
1.370645,1.370655,1.37063,1.37064,-1.0,-1.0,-1
1.37064,1.37064,1.37061,1.370615,-1.0,-1.0,-1
1.370615,1.370615,1.370615,1.370615,-1.0,-1.0,-1
1.370615,1.370625,1.37061,1.37062,-1.0,-1.0,-1
1.37062,1.370635,1.370615,1.370625,-1.0,-1.0,-1
1.370625,1.370625,1.370625,1.370625,-1.0,-1.0,-1
1.370625,1.370625,1.370605,1.370605,-1.0,-1.0,-1
1.370605,1.370605,1.370585,1.370585,-1.0,-1.0,-1
1.370585,1.3706,1.370585,1.3706,-1.0,-1.0,-1
1.3706,1.37064,1.370595,1.370635,-1.0,-1.0,-1
1.370635,1.3707,1.37063,1.370695,-1.0,-1.0,-1
1.370695,1.3707,1.37068,1.370695,-1.0,-1.0,-1
1.370695,1.370695,1.370695,1.370695,-1.0,-1.0,-1
1.370695,1.370695,1.370695,1.370695,-1.0,-1.0,-1
1.370695,1.370695,1.370695,1.370695,-1.0,-1.0,-1
1.370695,1.370695,1.370695,1.370695,-1.0,-1.0,-1
1.370695,1.370695,1.370695,1.370695,-1.0,-1.0,-1
1.370695,1.370695,1.370685,1.37069,-1.0,-1.0,-1
1.37069,1.370695,1.370685,1.370695,-1.0,-1.0,-1
1.370695,1.370695,1.370695,1.370695,-1.0,-1.0,-1
1.370695,1.370695,1.370695,1.370695,-1.0,-1.0,-1
1.370695,1.370695,1.370675,1.370675,-1.0,-1.0,-1
1.370675,1.370685,1.370675,1.370675,-1.0,-1.0,-1
1.370675,1.370675,1.370675,1.370675,-1.0,-1.0,-1
1.370675,1.370675,1.370675,1.370675,-1.0,-1.0,-1
1.370675,1.370685,1.370675,1.370685,-1.0,-1.0,-1
1.370685,1.370685,1.370685,1.370685,-1.0,-1.0,-1
1.370685,1.370685,1.370645,1.370645,-1.0,-1.0,-1
1.370645,1.370645,1.370645,1.370645,-1.0,-1.0,-1
1.370645,1.370645,1.370615,1.370615,-1.0,-1.0,-1
1.370615,1.370615,1.370615,1.370615,-1.0,-1.0,-1
1.370615,1.370615,1.370595,1.370615,-1.0,-1.0,-1
1.370615,1.37064,1.37061,1.37064,-1.0,-1.0,-1
1.37064,1.37064,1.37061,1.37061,-1.0,-1.0,-1
1.37061,1.370615,1.370595,1.370605,-1.0,-1.0,-1
1.370605,1.370605,1.370595,1.370605,-1.0,-1.0,-1
1.370605,1.370605,1.370605,1.370605,-1.0,-1.0,-1
1.370605,1.370605,1.37058,1.37058,-1.0,-1.0,-1
1.37058,1.37058,1.37057,1.370575,-1.0,-1.0,-1
1.370575,1.370575,1.37057,1.37057,-1.0,-1.0,-1
1.37057,1.370605,1.37057,1.3706,-1.0,-1.0,-1
1.3706,1.370655,1.370595,1.370645,-1.0,-1.0,-1
1.370645,1.370645,1.37064,1.37064,-1.0,-1.0,-1
1.37064,1.37064,1.37064,1.37064,-1.0,-1.0,-1
1.37064,1.370675,1.37064,1.370675,-1.0,-1.0,-1
1.370675,1.370675,1.370675,1.370675,-1.0,-1.0,-1
1.370675,1.370695,1.370675,1.370695,-1.0,-1.0,-1
1.370695,1.370715,1.37069,1.370705,-1.0,-1.0,-1
1.370705,1.370735,1.370705,1.37073,-1.0,-1.0,-1
1.37073,1.37073,1.37072,1.370725,-1.0,-1.0,-1
1.370725,1.370725,1.370715,1.370725,-1.0,-1.0,-1
1.370725,1.370735,1.370715,1.370735,-1.0,-1.0,-1
1.370735,1.370745,1.370735,1.370745,-1.0,-1.0,-1
1.370745,1.370775,1.37074,1.370755,-1.0,-1.0,-1
1.370755,1.370765,1.370725,1.37073,-1.0,-1.0,-1
1.37073,1.37073,1.37072,1.37073,-1.0,-1.0,-1
1.37073,1.370745,1.370725,1.37074,-1.0,-1.0,-1
1.37074,1.37074,1.370725,1.370735,-1.0,-1.0,-1
1.370735,1.370745,1.370735,1.37074,-1.0,-1.0,-1
1.37074,1.370765,1.37074,1.370765,-1.0,-1.0,-1
1.370765,1.37078,1.37076,1.37078,-1.0,-1.0,-1
1.37078,1.37078,1.37078,1.37078,-1.0,-1.0,-1
1.37078,1.370785,1.37078,1.37078,-1.0,-1.0,-1
1.37078,1.370785,1.37077,1.37078,-1.0,-1.0,-1
1.37078,1.3708,1.37077,1.370795,-1.0,-1.0,-1
1.370795,1.3708,1.370785,1.37079,-1.0,-1.0,-1
1.37079,1.370795,1.37078,1.370785,-1.0,-1.0,-1
1.370785,1.370795,1.370785,1.37079,-1.0,-1.0,-1
1.37079,1.370795,1.37079,1.37079,-1.0,-1.0,-1
1.37079,1.370795,1.37079,1.37079,-1.0,-1.0,-1
1.37079,1.370795,1.37079,1.37079,-1.0,-1.0,-1
1.37079,1.370795,1.370785,1.37079,-1.0,-1.0,-1
1.37079,1.370795,1.370785,1.37079,-1.0,-1.0,-1
1.37079,1.370795,1.37072,1.37073,-1.0,-1.0,-1
1.37073,1.37074,1.370725,1.37074,-1.0,-1.0,-1
1.37074,1.37077,1.37074,1.37077,-1.0,-1.0,-1
1.37077,1.37077,1.370765,1.37077,-1.0,-1.0,-1
1.37077,1.37077,1.37072,1.37073,-1.0,-1.0,-1
1.37073,1.37073,1.370715,1.370715,-1.0,-1.0,-1
1.370715,1.370735,1.370705,1.37073,-1.0,-1.0,-1
1.37073,1.37073,1.37071,1.370715,-1.0,-1.0,-1
1.370715,1.37074,1.370715,1.370735,-1.0,-1.0,-1
1.370735,1.370735,1.370735,1.370735,-1.0,-1.0,-1
1.370735,1.370735,1.370725,1.370735,-1.0,-1.0,-1
1.370735,1.370735,1.370725,1.37073,-1.0,-1.0,-1
1.37073,1.370735,1.37072,1.37073,-1.0,-1.0,-1
1.37073,1.370735,1.370725,1.370735,-1.0,-1.0,-1
1.370735,1.37074,1.37071,1.37071,-1.0,-1.0,-1
1.37071,1.37071,1.3707,1.3707,-1.0,-1.0,-1
1.3707,1.370705,1.3707,1.370705,-1.0,-1.0,-1
1.370705,1.370705,1.370695,1.370695,-1.0,-1.0,-1
1.370695,1.3707,1.370685,1.370695,-1.0,-1.0,-1
1.370695,1.3707,1.370675,1.370685,-1.0,-1.0,-1
1.370685,1.37069,1.370675,1.37069,-1.0,-1.0,-1
1.37069,1.370695,1.370675,1.370675,-1.0,-1.0,-1
1.370675,1.370675,1.370675,1.370675,-1.0,-1.0,-1
1.370675,1.370675,1.370665,1.37067,-1.0,-1.0,-1
1.37067,1.37067,1.37067,1.37067,-1.0,-1.0,-1
1.37067,1.37067,1.370655,1.37067,-1.0,-1.0,-1
1.37067,1.37067,1.37066,1.370665,-1.0,-1.0,-1
1.370665,1.370675,1.370665,1.370675,-1.0,-1.0,-1
1.370675,1.370815,1.370675,1.37081,-1.0,-1.0,-1
1.37081,1.370815,1.37078,1.370785,-1.0,-1.0,-1
1.370785,1.370815,1.370785,1.370805,-1.0,-1.0,-1
1.370805,1.370805,1.370795,1.370795,-1.0,-1.0,-1
1.370795,1.3708,1.37079,1.37079,-1.0,-1.0,-1
1.37079,1.370795,1.370785,1.370785,-1.0,-1.0,-1
1.370785,1.3708,1.370785,1.3708,-1.0,-1.0,-1
1.3708,1.370865,1.3708,1.370865,-1.0,-1.0,-1
1.370865,1.37087,1.37086,1.370865,-1.0,-1.0,-1
1.370865,1.370865,1.370815,1.37082,-1.0,-1.0,-1
1.37082,1.37082,1.370815,1.370815,-1.0,-1.0,-1
1.370815,1.370815,1.370805,1.370815,-1.0,-1.0,-1
1.370815,1.370815,1.370785,1.37079,-1.0,-1.0,-1
1.37079,1.370795,1.37079,1.37079,-1.0,-1.0,-1
1.37079,1.3708,1.37079,1.370795,-1.0,-1.0,-1
1.370795,1.3708,1.37079,1.37079,-1.0,-1.0,-1
1.37079,1.370795,1.370765,1.37077,-1.0,-1.0,-1
1.37077,1.370775,1.370765,1.370765,-1.0,-1.0,-1
1.370765,1.370765,1.37075,1.37075,-1.0,-1.0,-1
1.37075,1.370795,1.37075,1.37079,-1.0,-1.0,-1
1.37079,1.370805,1.370785,1.37079,-1.0,-1.0,-1
1.37079,1.37079,1.37078,1.37078,-1.0,-1.0,-1
1.37078,1.37079,1.37077,1.37077,-1.0,-1.0,-1
1.37077,1.370775,1.370765,1.370765,-1.0,-1.0,-1
1.370765,1.370765,1.37074,1.37075,-1.0,-1.0,-1
1.37075,1.370765,1.37075,1.37076,-1.0,-1.0,-1
1.37076,1.370765,1.37074,1.37074,-1.0,-1.0,-1
1.37074,1.37074,1.370725,1.37074,-1.0,-1.0,-1
1.37074,1.37074,1.370725,1.370735,-1.0,-1.0,-1
1.370735,1.37075,1.370725,1.37075,-1.0,-1.0,-1
1.37075,1.370755,1.37075,1.37075,-1.0,-1.0,-1
1.37075,1.370775,1.37075,1.37077,-1.0,-1.0,-1
1.37077,1.370775,1.37077,1.370775,-1.0,-1.0,-1
1.370775,1.370775,1.37077,1.37077,-1.0,-1.0,-1
1.37077,1.370775,1.37077,1.370775,-1.0,-1.0,-1
1.370775,1.370775,1.370725,1.37073,-1.0,-1.0,-1
1.37073,1.370735,1.37072,1.370735,-1.0,-1.0,-1
1.370735,1.370735,1.370725,1.37073,-1.0,-1.0,-1
1.37073,1.370745,1.370725,1.370745,-1.0,-1.0,-1
1.370745,1.37075,1.370745,1.370745,-1.0,-1.0,-1
1.370745,1.370765,1.370705,1.37076,-1.0,-1.0,-1
1.37076,1.370835,1.37076,1.370815,-1.0,-1.0,-1
1.370815,1.370825,1.370805,1.370825,-1.0,-1.0,-1
1.370825,1.370825,1.370805,1.37081,-1.0,-1.0,-1
1.37081,1.37082,1.370805,1.37081,-1.0,-1.0,-1
1.37081,1.370855,1.370805,1.37083,-1.0,-1.0,-1
1.37083,1.37087,1.370815,1.37086,-1.0,-1.0,-1
1.37086,1.37087,1.37085,1.37085,-1.0,-1.0,-1
1.37085,1.37087,1.370845,1.370865,-1.0,-1.0,-1
1.370865,1.37087,1.37086,1.370865,-1.0,-1.0,-1
1.370865,1.370865,1.370855,1.37086,-1.0,-1.0,-1
1.37086,1.370895,1.370855,1.370895,-1.0,-1.0,-1
1.370895,1.370895,1.37083,1.370865,-1.0,-1.0,-1
1.370865,1.370865,1.37084,1.37086,-1.0,-1.0,-1
1.37086,1.37086,1.370835,1.370845,-1.0,-1.0,-1
1.370845,1.37086,1.37084,1.37085,-1.0,-1.0,-1
1.37085,1.37085,1.370815,1.370815,-1.0,-1.0,-1
1.370815,1.370815,1.3708,1.37081,-1.0,-1.0,-1
1.37081,1.37081,1.37079,1.37081,-1.0,-1.0,-1
1.37081,1.37081,1.370795,1.370795,-1.0,-1.0,-1
1.370795,1.3708,1.370745,1.37075,-1.0,-1.0,-1
1.37075,1.37075,1.37074,1.37075,-1.0,-1.0,-1
1.37075,1.370765,1.370745,1.37076,-1.0,-1.0,-1
1.37076,1.37077,1.370755,1.37076,-1.0,-1.0,-1
1.37076,1.370765,1.37075,1.37076,-1.0,-1.0,-1
1.37076,1.3708,1.370755,1.37077,-1.0,-1.0,-1
1.37077,1.370775,1.370755,1.370775,-1.0,-1.0,-1
1.370775,1.370775,1.37076,1.37077,-1.0,-1.0,-1
1.37077,1.370785,1.370765,1.370775,-1.0,-1.0,-1
1.370775,1.370775,1.370775,1.370775,-1.0,-1.0,-1
1.370775,1.370775,1.37076,1.37077,-1.0,-1.0,-1
1.37077,1.37077,1.37076,1.37077,-1.0,-1.0,-1
1.37077,1.3708,1.370765,1.370785,-1.0,-1.0,-1
1.370785,1.370795,1.37078,1.37078,-1.0,-1.0,-1
1.37078,1.370785,1.37078,1.37078,-1.0,-1.0,-1
1.37078,1.370785,1.37078,1.370785,-1.0,-1.0,-1
1.370785,1.3708,1.370785,1.370795,-1.0,-1.0,-1
1.370795,1.370855,1.37079,1.37085,-1.0,-1.0,-1
1.37085,1.370855,1.37085,1.370855,-1.0,-1.0,-1
1.370855,1.370855,1.37085,1.37085,-1.0,-1.0,-1
1.37085,1.370855,1.370815,1.370815,-1.0,-1.0,-1
1.370815,1.370825,1.3708,1.370825,-1.0,-1.0,-1
1.370825,1.370825,1.370825,1.370825,-1.0,-1.0,-1
1.370825,1.37083,1.370825,1.37083,-1.0,-1.0,-1
1.37083,1.37083,1.37083,1.37083,-1.0,-1.0,-1
1.37083,1.37083,1.37083,1.37083,-1.0,-1.0,-1
1.37083,1.370835,1.37083,1.370835,-1.0,-1.0,-1
1.370835,1.370855,1.370835,1.370835,-1.0,-1.0,-1
1.370835,1.37087,1.37083,1.370865,-1.0,-1.0,-1
1.370865,1.370865,1.37085,1.370855,-1.0,-1.0,-1
1.370855,1.370855,1.37085,1.370855,-1.0,-1.0,-1
1.370855,1.370865,1.37085,1.370865,-1.0,-1.0,-1
1.370865,1.370865,1.37084,1.37084,-1.0,-1.0,-1
1.37084,1.370845,1.37084,1.370845,-1.0,-1.0,-1
1.370845,1.370845,1.37081,1.37081,-1.0,-1.0,-1
1.37081,1.37081,1.37073,1.37074,-1.0,-1.0,-1
1.37074,1.370765,1.37074,1.370755,-1.0,-1.0,-1
1.370755,1.370765,1.370755,1.370755,-1.0,-1.0,-1
1.370755,1.370765,1.370755,1.37076,-1.0,-1.0,-1
1.37076,1.370765,1.370755,1.370755,-1.0,-1.0,-1
1.370755,1.37083,1.370755,1.37083,-1.0,-1.0,-1
1.37083,1.370845,1.37083,1.37084,-1.0,-1.0,-1
1.37084,1.370845,1.37084,1.370845,-1.0,-1.0,-1
1.370845,1.370845,1.370845,1.370845,-1.0,-1.0,-1
1.370845,1.370845,1.370845,1.370845,-1.0,-1.0,-1
1.370845,1.370845,1.370845,1.370845,-1.0,-1.0,-1
1.370845,1.370845,1.37084,1.37084,-1.0,-1.0,-1
1.37084,1.37084,1.370835,1.370835,-1.0,-1.0,-1
1.370835,1.370835,1.370815,1.370835,-1.0,-1.0,-1
1.370835,1.37084,1.370835,1.370835,-1.0,-1.0,-1
1.370835,1.37086,1.370835,1.37086,-1.0,-1.0,-1
1.37086,1.37086,1.37085,1.37086,-1.0,-1.0,-1
1.37086,1.37086,1.370835,1.370835,-1.0,-1.0,-1
1.370835,1.370845,1.37083,1.370835,-1.0,-1.0,-1
1.370835,1.370835,1.37083,1.370835,-1.0,-1.0,-1
1.370835,1.37085,1.370835,1.370845,-1.0,-1.0,-1
1.370845,1.370845,1.370845,1.370845,-1.0,-1.0,-1
1.370845,1.37085,1.37084,1.370845,-1.0,-1.0,-1
1.370845,1.37085,1.37083,1.370835,-1.0,-1.0,-1
1.370835,1.370835,1.370835,1.370835,-1.0,-1.0,-1
1.370835,1.370835,1.370825,1.370825,-1.0,-1.0,-1
1.370825,1.370835,1.370825,1.370835,-1.0,-1.0,-1
1.370835,1.370835,1.37083,1.370835,-1.0,-1.0,-1
1.370835,1.370835,1.37083,1.37083,-1.0,-1.0,-1
1.37083,1.370835,1.37083,1.37083,-1.0,-1.0,-1
1.37083,1.370835,1.370825,1.370825,-1.0,-1.0,-1
1.370825,1.370825,1.370825,1.370825,-1.0,-1.0,-1
1.370825,1.370835,1.370825,1.37083,-1.0,-1.0,-1
1.37083,1.37083,1.37083,1.37083,-1.0,-1.0,-1
1.37083,1.370865,1.37083,1.37086,-1.0,-1.0,-1
1.37086,1.37087,1.370855,1.370865,-1.0,-1.0,-1
1.370865,1.370865,1.37086,1.370865,-1.0,-1.0,-1
1.370865,1.370875,1.37086,1.370875,-1.0,-1.0,-1
1.370875,1.370875,1.370875,1.370875,-1.0,-1.0,-1
1.370875,1.37094,1.370875,1.370935,-1.0,-1.0,-1
1.370935,1.37094,1.37093,1.37093,-1.0,-1.0,-1
1.37093,1.37093,1.37093,1.37093,-1.0,-1.0,-1
1.37093,1.37093,1.370925,1.370925,-1.0,-1.0,-1
1.370925,1.37094,1.370925,1.37093,-1.0,-1.0,-1
1.37093,1.37094,1.37093,1.37094,-1.0,-1.0,-1
1.37094,1.370965,1.37094,1.370965,-1.0,-1.0,-1
1.370965,1.370965,1.370945,1.370945,-1.0,-1.0,-1
1.370945,1.37096,1.370935,1.370935,-1.0,-1.0,-1
1.370935,1.37096,1.370935,1.370935,-1.0,-1.0,-1
1.370935,1.37096,1.370935,1.370955,-1.0,-1.0,-1
1.370955,1.37096,1.37095,1.370955,-1.0,-1.0,-1
1.370955,1.37096,1.37095,1.37096,-1.0,-1.0,-1
1.37096,1.370985,1.370955,1.370975,-1.0,-1.0,-1
1.370975,1.370975,1.370955,1.37096,-1.0,-1.0,-1
1.37096,1.370985,1.370955,1.370975,-1.0,-1.0,-1
1.370975,1.37099,1.370975,1.370985,-1.0,-1.0,-1
1.370985,1.37099,1.37098,1.370985,-1.0,-1.0,-1
1.370985,1.370985,1.37098,1.370985,-1.0,-1.0,-1
1.370985,1.37099,1.370965,1.370965,-1.0,-1.0,-1
1.370965,1.370975,1.370965,1.370975,-1.0,-1.0,-1
1.370975,1.370975,1.370975,1.370975,-1.0,-1.0,-1
1.370975,1.370985,1.370975,1.370975,-1.0,-1.0,-1
1.370975,1.370985,1.370975,1.370975,-1.0,-1.0,-1
1.370975,1.370975,1.370975,1.370975,-1.0,-1.0,-1
1.370975,1.37099,1.370975,1.37099,-1.0,-1.0,-1
1.37099,1.37099,1.37097,1.370975,-1.0,-1.0,-1
1.370975,1.370985,1.37096,1.37098,-1.0,-1.0,-1
1.37098,1.37098,1.370965,1.370965,-1.0,-1.0,-1
1.370965,1.370975,1.370965,1.370975,-1.0,-1.0,-1
1.370975,1.370975,1.370965,1.37097,-1.0,-1.0,-1
1.37097,1.370975,1.370965,1.370975,-1.0,-1.0,-1
1.370975,1.370985,1.37097,1.370985,-1.0,-1.0,-1
1.370985,1.370985,1.37098,1.37098,-1.0,-1.0,-1
1.37098,1.370985,1.37097,1.37098,-1.0,-1.0,-1
1.37098,1.37098,1.37098,1.37098,-1.0,-1.0,-1
1.37098,1.370985,1.37098,1.370985,-1.0,-1.0,-1
1.370985,1.370985,1.37098,1.370985,-1.0,-1.0,-1
1.370985,1.370985,1.37098,1.370985,-1.0,-1.0,-1
1.370985,1.370985,1.37098,1.370985,-1.0,-1.0,-1
1.370985,1.371,1.37098,1.370995,-1.0,-1.0,-1
1.370995,1.371,1.37099,1.371,-1.0,-1.0,-1
1.371,1.371,1.37099,1.37099,-1.0,-1.0,-1
1.37099,1.371,1.37099,1.37099,-1.0,-1.0,-1
1.37099,1.37099,1.37098,1.37098,-1.0,-1.0,-1
1.37098,1.370985,1.37086,1.37088,-1.0,-1.0,-1
1.37088,1.37094,1.37088,1.37093,-1.0,-1.0,-1
1.37093,1.37094,1.370885,1.37093,-1.0,-1.0,-1
1.37093,1.37094,1.37093,1.37093,-1.0,-1.0,-1
1.37093,1.370975,1.37093,1.370975,-1.0,-1.0,-1
1.370975,1.370975,1.37092,1.370975,-1.0,-1.0,-1
1.370975,1.37099,1.37097,1.37099,-1.0,-1.0,-1
1.37099,1.370995,1.37099,1.370995,-1.0,-1.0,-1
1.370995,1.370995,1.37097,1.370975,-1.0,-1.0,-1
1.370975,1.37098,1.370965,1.370975,-1.0,-1.0,-1
1.370975,1.370975,1.37087,1.370875,-1.0,-1.0,-1
1.370875,1.37088,1.37086,1.37087,-1.0,-1.0,-1
1.37087,1.370885,1.37087,1.370885,-1.0,-1.0,-1
1.370885,1.3709,1.37088,1.370895,-1.0,-1.0,-1
1.370895,1.37096,1.370885,1.37096,-1.0,-1.0,-1
1.37096,1.37098,1.37095,1.37098,-1.0,-1.0,-1
1.37098,1.37099,1.37097,1.37099,-1.0,-1.0,-1
1.37099,1.371045,1.37099,1.37104,-1.0,-1.0,-1
1.37104,1.37106,1.37104,1.37106,-1.0,-1.0,-1
1.37106,1.37106,1.37101,1.371025,-1.0,-1.0,-1
1.371025,1.37104,1.37102,1.371025,-1.0,-1.0,-1
1.371025,1.37112,1.371025,1.371045,-1.0,-1.0,-1
1.371045,1.371055,1.371005,1.37102,-1.0,-1.0,-1
1.37102,1.37107,1.371015,1.371055,-1.0,-1.0,-1
1.371055,1.37106,1.37104,1.37106,-1.0,-1.0,-1
1.37106,1.37106,1.37104,1.37105,-1.0,-1.0,-1
1.37105,1.371065,1.37104,1.371065,-1.0,-1.0,-1
1.371065,1.371065,1.37101,1.37102,-1.0,-1.0,-1
1.37102,1.37106,1.37102,1.37106,-1.0,-1.0,-1
1.37106,1.37106,1.37102,1.37106,-1.0,-1.0,-1
1.37106,1.37106,1.371015,1.37102,-1.0,-1.0,-1
1.37102,1.37102,1.371005,1.37101,-1.0,-1.0,-1
1.37101,1.37102,1.37099,1.370995,-1.0,-1.0,-1
1.370995,1.37101,1.37099,1.37101,-1.0,-1.0,-1
1.37101,1.37105,1.37101,1.371035,-1.0,-1.0,-1
1.371035,1.37104,1.37103,1.371035,-1.0,-1.0,-1
1.371035,1.37107,1.37103,1.37107,-1.0,-1.0,-1
1.37107,1.37109,1.371065,1.371085,-1.0,-1.0,-1
1.371085,1.371085,1.371075,1.37108,-1.0,-1.0,-1
1.37108,1.371155,1.371075,1.37115,-1.0,-1.0,-1
1.37115,1.37118,1.371145,1.37118,-1.0,-1.0,-1
1.37118,1.37118,1.37115,1.371155,-1.0,-1.0,-1
1.371155,1.371165,1.371145,1.37115,-1.0,-1.0,-1
1.37115,1.371165,1.371145,1.37116,-1.0,-1.0,-1
1.37116,1.371175,1.371155,1.371165,-1.0,-1.0,-1
1.371165,1.37117,1.37116,1.371165,-1.0,-1.0,-1
1.371165,1.3712,1.37116,1.37119,-1.0,-1.0,-1
1.37119,1.371225,1.37119,1.371195,-1.0,-1.0,-1
1.371195,1.3712,1.371155,1.371165,-1.0,-1.0,-1
1.371165,1.371175,1.37116,1.37117,-1.0,-1.0,-1
1.37117,1.371175,1.371165,1.371175,-1.0,-1.0,-1
1.371175,1.371175,1.371165,1.37117,-1.0,-1.0,-1
1.37117,1.37117,1.371165,1.37117,-1.0,-1.0,-1
1.37117,1.37118,1.371165,1.371175,-1.0,-1.0,-1
1.371175,1.371175,1.37116,1.371165,-1.0,-1.0,-1
1.371165,1.371175,1.37116,1.371175,-1.0,-1.0,-1
1.371175,1.371175,1.371175,1.371175,-1.0,-1.0,-1
1.371175,1.371175,1.371175,1.371175,-1.0,-1.0,-1
1.371175,1.371175,1.371175,1.371175,-1.0,-1.0,-1
1.371175,1.37118,1.371165,1.37117,-1.0,-1.0,-1
1.37117,1.37117,1.371165,1.37117,-1.0,-1.0,-1
1.37117,1.37117,1.371165,1.371165,-1.0,-1.0,-1
1.371165,1.37117,1.371165,1.37117,-1.0,-1.0,-1
1.37117,1.37117,1.371165,1.37117,-1.0,-1.0,-1
1.37117,1.37117,1.371165,1.371165,-1.0,-1.0,-1
1.371165,1.371165,1.371165,1.371165,-1.0,-1.0,-1
1.371165,1.371235,1.371165,1.371235,-1.0,-1.0,-1
1.371235,1.37124,1.371225,1.37124,-1.0,-1.0,-1
1.37124,1.37125,1.371235,1.37125,-1.0,-1.0,-1
1.37125,1.371295,1.37125,1.371295,-1.0,-1.0,-1
1.371295,1.371305,1.37126,1.37128,-1.0,-1.0,-1
1.37128,1.37129,1.37128,1.37128,-1.0,-1.0,-1
1.37128,1.371285,1.371275,1.37128,-1.0,-1.0,-1
1.37128,1.371315,1.37128,1.371285,-1.0,-1.0,-1
1.371285,1.371285,1.37128,1.37128,-1.0,-1.0,-1
1.37128,1.37129,1.37128,1.37128,-1.0,-1.0,-1
1.37128,1.37129,1.371275,1.371275,-1.0,-1.0,-1
1.371275,1.37128,1.371275,1.37128,-1.0,-1.0,-1
1.37128,1.371325,1.37128,1.37131,-1.0,-1.0,-1
1.37131,1.37134,1.37131,1.371335,-1.0,-1.0,-1
1.371335,1.37134,1.371335,1.37134,-1.0,-1.0,-1
1.37134,1.371355,1.371335,1.37135,-1.0,-1.0,-1
1.37135,1.371375,1.371345,1.371355,-1.0,-1.0,-1
1.371355,1.371375,1.37132,1.371335,-1.0,-1.0,-1
1.371335,1.37134,1.371325,1.37134,-1.0,-1.0,-1
1.37134,1.37134,1.371265,1.371275,-1.0,-1.0,-1
1.371275,1.37128,1.37126,1.371265,-1.0,-1.0,-1
1.371265,1.371305,1.37126,1.371305,-1.0,-1.0,-1
1.371305,1.37135,1.371295,1.371345,-1.0,-1.0,-1
1.371345,1.371345,1.371315,1.371335,-1.0,-1.0,-1
1.371335,1.371345,1.371295,1.3713,-1.0,-1.0,-1
1.3713,1.3713,1.371245,1.37126,-1.0,-1.0,-1
1.37126,1.37128,1.37126,1.37128,-1.0,-1.0,-1
1.37128,1.371325,1.37128,1.371325,-1.0,-1.0,-1
1.371325,1.37134,1.371325,1.371335,-1.0,-1.0,-1
1.371335,1.37134,1.37133,1.37134,-1.0,-1.0,-1
1.37134,1.37134,1.37132,1.371325,-1.0,-1.0,-1
1.371325,1.37134,1.37132,1.371335,-1.0,-1.0,-1
1.371335,1.37134,1.37133,1.371335,-1.0,-1.0,-1
1.371335,1.37134,1.37133,1.371335,-1.0,-1.0,-1
1.371335,1.37134,1.37133,1.37134,-1.0,-1.0,-1
1.37134,1.37134,1.371315,1.37134,-1.0,-1.0,-1
1.37134,1.37134,1.371335,1.37134,-1.0,-1.0,-1
1.37134,1.37134,1.371335,1.37134,-1.0,-1.0,-1
1.37134,1.37134,1.371335,1.371335,-1.0,-1.0,-1
1.371335,1.37134,1.371325,1.371325,-1.0,-1.0,-1
1.371325,1.37134,1.37132,1.37134,-1.0,-1.0,-1
1.37134,1.37134,1.371335,1.37134,-1.0,-1.0,-1
1.37134,1.37134,1.37133,1.37134,-1.0,-1.0,-1
1.37134,1.371375,1.371335,1.371365,-1.0,-1.0,-1
1.371365,1.371375,1.371355,1.371375,-1.0,-1.0,-1
1.371375,1.371415,1.371375,1.371405,-1.0,-1.0,-1
1.371405,1.371425,1.371395,1.37142,-1.0,-1.0,-1
1.37142,1.37142,1.371395,1.371405,-1.0,-1.0,-1
1.371405,1.37141,1.3714,1.37141,-1.0,-1.0,-1
1.37141,1.37141,1.371405,1.37141,-1.0,-1.0,-1
1.37141,1.37141,1.371405,1.37141,-1.0,-1.0,-1
1.37141,1.37141,1.371405,1.371405,-1.0,-1.0,-1
1.371405,1.371405,1.371405,1.371405,-1.0,-1.0,-1
1.371405,1.371425,1.371405,1.371405,-1.0,-1.0,-1
1.371405,1.371405,1.371405,1.371405,-1.0,-1.0,-1
1.371405,1.371405,1.37132,1.371325,-1.0,-1.0,-1
1.371325,1.37133,1.371325,1.371325,-1.0,-1.0,-1
1.371325,1.371325,1.37124,1.371275,-1.0,-1.0,-1
1.371275,1.371295,1.37126,1.37129,-1.0,-1.0,-1
1.37129,1.371305,1.37128,1.3713,-1.0,-1.0,-1
1.3713,1.37134,1.371295,1.37134,-1.0,-1.0,-1
1.37134,1.37134,1.37133,1.371335,-1.0,-1.0,-1
1.371335,1.37134,1.37133,1.371335,-1.0,-1.0,-1
1.371335,1.371335,1.37133,1.371335,-1.0,-1.0,-1
1.371335,1.37134,1.37133,1.37133,-1.0,-1.0,-1
1.37133,1.37134,1.37133,1.37134,-1.0,-1.0,-1
1.37134,1.37134,1.37133,1.371335,-1.0,-1.0,-1
1.371335,1.37134,1.37133,1.37134,-1.0,-1.0,-1
1.37134,1.37134,1.371335,1.37134,-1.0,-1.0,-1
1.37134,1.371345,1.371335,1.371345,-1.0,-1.0,-1
1.371345,1.371345,1.37133,1.37134,-1.0,-1.0,-1
1.37134,1.37134,1.37133,1.37133,-1.0,-1.0,-1
1.37133,1.371335,1.371325,1.37133,-1.0,-1.0,-1
1.37133,1.37134,1.37132,1.37132,-1.0,-1.0,-1
1.37132,1.371335,1.371315,1.37133,-1.0,-1.0,-1
1.37133,1.371335,1.37129,1.371315,-1.0,-1.0,-1
1.371315,1.371315,1.371295,1.371305,-1.0,-1.0,-1
1.371305,1.371335,1.371295,1.37133,-1.0,-1.0,-1
1.37133,1.371335,1.371325,1.37133,-1.0,-1.0,-1
1.37133,1.37134,1.37133,1.371335,-1.0,-1.0,-1
1.371335,1.371335,1.37133,1.371335,-1.0,-1.0,-1
1.371335,1.371335,1.371325,1.371325,-1.0,-1.0,-1
1.371325,1.371325,1.371325,1.371325,-1.0,-1.0,-1
1.371325,1.371325,1.371295,1.37131,-1.0,-1.0,-1
1.37131,1.37132,1.3713,1.371315,-1.0,-1.0,-1
1.371315,1.37132,1.371305,1.371315,-1.0,-1.0,-1
1.371315,1.371315,1.371295,1.371305,-1.0,-1.0,-1
1.371305,1.371315,1.371285,1.371285,-1.0,-1.0,-1
1.371285,1.37129,1.371285,1.371285,-1.0,-1.0,-1
1.371285,1.371285,1.371275,1.371275,-1.0,-1.0,-1
1.371275,1.37129,1.371275,1.37129,-1.0,-1.0,-1
1.37129,1.37129,1.371285,1.371285,-1.0,-1.0,-1
1.371285,1.37129,1.371285,1.37129,-1.0,-1.0,-1
1.37129,1.37129,1.37126,1.37126,-1.0,-1.0,-1
1.37126,1.371265,1.37125,1.371255,-1.0,-1.0,-1
1.371255,1.371265,1.37125,1.37126,-1.0,-1.0,-1
1.37126,1.371265,1.37126,1.37126,-1.0,-1.0,-1
1.37126,1.37131,1.37126,1.37131,-1.0,-1.0,-1
1.37131,1.371315,1.371285,1.37129,-1.0,-1.0,-1
1.37129,1.371315,1.37129,1.37131,-1.0,-1.0,-1
1.37131,1.37131,1.37129,1.371295,-1.0,-1.0,-1
1.371295,1.37132,1.37129,1.37132,-1.0,-1.0,-1
1.37132,1.371335,1.37131,1.371335,-1.0,-1.0,-1
1.371335,1.371335,1.37132,1.371325,-1.0,-1.0,-1
1.371325,1.371325,1.371285,1.371285,-1.0,-1.0,-1
1.371285,1.371285,1.371275,1.371285,-1.0,-1.0,-1
1.371285,1.371305,1.37128,1.371285,-1.0,-1.0,-1
1.371285,1.371325,1.371285,1.37132,-1.0,-1.0,-1
1.37132,1.371325,1.37132,1.37132,-1.0,-1.0,-1
1.37132,1.371325,1.37132,1.37132,-1.0,-1.0,-1
1.37132,1.371325,1.371275,1.371285,-1.0,-1.0,-1
1.371285,1.371305,1.37128,1.37129,-1.0,-1.0,-1
1.37129,1.3713,1.371285,1.371285,-1.0,-1.0,-1
1.371285,1.37132,1.371285,1.371315,-1.0,-1.0,-1
1.371315,1.371315,1.37129,1.3713,-1.0,-1.0,-1
1.3713,1.3713,1.371285,1.37129,-1.0,-1.0,-1
1.37129,1.37129,1.37128,1.37128,-1.0,-1.0,-1
1.37128,1.371285,1.37127,1.37128,-1.0,-1.0,-1
1.37128,1.37128,1.371275,1.371275,-1.0,-1.0,-1
1.371275,1.371285,1.37127,1.371285,-1.0,-1.0,-1
1.371285,1.37129,1.371285,1.371285,-1.0,-1.0,-1
1.371285,1.371285,1.37128,1.37128,-1.0,-1.0,-1
1.37128,1.37129,1.37128,1.371285,-1.0,-1.0,-1
1.371285,1.37129,1.371285,1.371285,-1.0,-1.0,-1
1.371285,1.37129,1.371285,1.371285,-1.0,-1.0,-1
1.371285,1.371285,1.371285,1.371285,-1.0,-1.0,-1
1.371285,1.371285,1.371285,1.371285,-1.0,-1.0,-1
1.371285,1.371305,1.371285,1.371285,-1.0,-1.0,-1
1.371285,1.371285,1.371285,1.371285,-1.0,-1.0,-1
1.371285,1.37132,1.371285,1.37132,-1.0,-1.0,-1
1.37132,1.37132,1.371315,1.37132,-1.0,-1.0,-1
1.37132,1.371325,1.37132,1.37132,-1.0,-1.0,-1
1.37132,1.371325,1.371285,1.37129,-1.0,-1.0,-1
1.37129,1.371305,1.37128,1.37128,-1.0,-1.0,-1
1.37128,1.371295,1.37128,1.37129,-1.0,-1.0,-1
1.37129,1.371325,1.371275,1.371325,-1.0,-1.0,-1
1.371325,1.371325,1.37128,1.37128,-1.0,-1.0,-1
1.37128,1.371285,1.37126,1.37127,-1.0,-1.0,-1
1.37127,1.37127,1.37126,1.371265,-1.0,-1.0,-1
1.371265,1.37128,1.37126,1.37128,-1.0,-1.0,-1
1.37128,1.37128,1.37128,1.37128,-1.0,-1.0,-1
1.37128,1.37128,1.37128,1.37128,-1.0,-1.0,-1
1.37128,1.37128,1.37128,1.37128,-1.0,-1.0,-1
1.37128,1.37129,1.37128,1.37129,-1.0,-1.0,-1
1.37129,1.3713,1.37129,1.37129,-1.0,-1.0,-1
1.37129,1.37129,1.371285,1.371285,-1.0,-1.0,-1
1.371285,1.371315,1.371285,1.37131,-1.0,-1.0,-1
1.37131,1.37131,1.371295,1.3713,-1.0,-1.0,-1
1.3713,1.371305,1.371295,1.3713,-1.0,-1.0,-1
1.3713,1.3713,1.371295,1.3713,-1.0,-1.0,-1
1.3713,1.371305,1.371295,1.371305,-1.0,-1.0,-1
1.371305,1.37131,1.371295,1.37131,-1.0,-1.0,-1
1.37131,1.37131,1.371295,1.3713,-1.0,-1.0,-1
1.3713,1.371305,1.371295,1.3713,-1.0,-1.0,-1
1.3713,1.37131,1.37128,1.37128,-1.0,-1.0,-1
1.37128,1.371305,1.37126,1.371305,-1.0,-1.0,-1
1.371305,1.371305,1.371295,1.371305,-1.0,-1.0,-1
1.371305,1.371335,1.371295,1.37133,-1.0,-1.0,-1
1.37133,1.371335,1.371315,1.37132,-1.0,-1.0,-1
1.37132,1.37132,1.37131,1.37131,-1.0,-1.0,-1
1.37131,1.37131,1.371285,1.37129,-1.0,-1.0,-1
1.37129,1.3713,1.37129,1.37129,-1.0,-1.0,-1
1.37129,1.37132,1.37129,1.37132,-1.0,-1.0,-1
1.37132,1.37132,1.371315,1.37132,-1.0,-1.0,-1
1.37132,1.37133,1.371315,1.371315,-1.0,-1.0,-1
1.371315,1.37132,1.371295,1.3713,-1.0,-1.0,-1
1.3713,1.3713,1.37129,1.37129,-1.0,-1.0,-1
1.37129,1.371325,1.37129,1.371325,-1.0,-1.0,-1
1.371325,1.371325,1.371315,1.37132,-1.0,-1.0,-1
1.37132,1.37132,1.371305,1.37132,-1.0,-1.0,-1
1.37132,1.371335,1.37132,1.371335,-1.0,-1.0,-1
1.371335,1.371335,1.37129,1.3713,-1.0,-1.0,-1
1.3713,1.3713,1.37126,1.371275,-1.0,-1.0,-1
1.371275,1.37128,1.37125,1.37126,-1.0,-1.0,-1
1.37126,1.37126,1.37125,1.37125,-1.0,-1.0,-1
1.37125,1.37126,1.37124,1.371245,-1.0,-1.0,-1
1.371245,1.371255,1.371215,1.37122,-1.0,-1.0,-1
1.37122,1.371235,1.371215,1.37122,-1.0,-1.0,-1
1.37122,1.37122,1.371205,1.371215,-1.0,-1.0,-1
1.371215,1.371215,1.371185,1.371185,-1.0,-1.0,-1
1.371185,1.371235,1.371185,1.371235,-1.0,-1.0,-1
1.371235,1.37128,1.371235,1.37127,-1.0,-1.0,-1
1.37127,1.37128,1.37126,1.37127,-1.0,-1.0,-1
1.37127,1.37127,1.37127,1.37127,-1.0,-1.0,-1
1.37127,1.37127,1.37127,1.37127,-1.0,-1.0,-1
1.37127,1.37127,1.371205,1.371205,-1.0,-1.0,-1
1.371205,1.37121,1.371195,1.371195,-1.0,-1.0,-1
1.371195,1.3712,1.371185,1.3712,-1.0,-1.0,-1
1.3712,1.371215,1.371195,1.371205,-1.0,-1.0,-1
1.371205,1.37123,1.37119,1.37123,-1.0,-1.0,-1
1.37123,1.371245,1.37123,1.371245,-1.0,-1.0,-1
1.371245,1.371245,1.371235,1.37124,-1.0,-1.0,-1
1.37124,1.37124,1.37123,1.371235,-1.0,-1.0,-1
1.371235,1.371235,1.37123,1.371235,-1.0,-1.0,-1
1.371235,1.371245,1.371235,1.371245,-1.0,-1.0,-1
1.371245,1.371245,1.371205,1.371205,-1.0,-1.0,-1
1.371205,1.37121,1.371195,1.371195,-1.0,-1.0,-1
1.371195,1.3712,1.37119,1.37119,-1.0,-1.0,-1
1.37119,1.37119,1.37119,1.37119,-1.0,-1.0,-1
1.37119,1.37121,1.37119,1.3712,-1.0,-1.0,-1
1.3712,1.371235,1.3712,1.371225,-1.0,-1.0,-1
1.371225,1.371225,1.371225,1.371225,-1.0,-1.0,-1
1.371225,1.371235,1.371225,1.37123,-1.0,-1.0,-1
1.37123,1.371235,1.371225,1.371225,-1.0,-1.0,-1
1.371225,1.37125,1.371225,1.37125,-1.0,-1.0,-1
1.37125,1.37132,1.37125,1.371315,-1.0,-1.0,-1
1.371315,1.37133,1.371315,1.371325,-1.0,-1.0,-1
1.371325,1.371335,1.371325,1.371335,-1.0,-1.0,-1
1.371335,1.371335,1.37133,1.37133,-1.0,-1.0,-1
1.37133,1.371335,1.37132,1.37132,-1.0,-1.0,-1
1.37132,1.371335,1.371295,1.3713,-1.0,-1.0,-1
1.3713,1.371305,1.371285,1.371285,-1.0,-1.0,-1
1.371285,1.371285,1.371275,1.371285,-1.0,-1.0,-1
1.371285,1.371285,1.371275,1.37128,-1.0,-1.0,-1
1.37128,1.371325,1.37128,1.371325,-1.0,-1.0,-1
1.371325,1.371335,1.371295,1.371305,-1.0,-1.0,-1
1.371305,1.371305,1.37129,1.37129,-1.0,-1.0,-1
1.37129,1.3713,1.37129,1.37129,-1.0,-1.0,-1
1.37129,1.3713,1.37129,1.3713,-1.0,-1.0,-1
1.3713,1.3713,1.371285,1.371295,-1.0,-1.0,-1
1.371295,1.371325,1.371295,1.371305,-1.0,-1.0,-1
1.371305,1.371335,1.3713,1.37132,-1.0,-1.0,-1
1.37132,1.37132,1.37129,1.37129,-1.0,-1.0,-1
1.37129,1.37129,1.371285,1.371285,-1.0,-1.0,-1
1.371285,1.371305,1.371285,1.371295,-1.0,-1.0,-1
1.371295,1.371305,1.371295,1.371295,-1.0,-1.0,-1
1.371295,1.371305,1.371295,1.371295,-1.0,-1.0,-1
1.371295,1.37131,1.37129,1.37129,-1.0,-1.0,-1
1.37129,1.371295,1.371285,1.37129,-1.0,-1.0,-1
1.37129,1.37129,1.371285,1.371285,-1.0,-1.0,-1
1.371285,1.371305,1.371285,1.371295,-1.0,-1.0,-1
1.371295,1.371335,1.371295,1.37133,-1.0,-1.0,-1
1.37133,1.37135,1.37133,1.371345,-1.0,-1.0,-1
1.371345,1.371345,1.37134,1.371345,-1.0,-1.0,-1
1.371345,1.371345,1.37133,1.371335,-1.0,-1.0,-1
1.371335,1.37135,1.37133,1.371345,-1.0,-1.0,-1
1.371345,1.371355,1.371335,1.37135,-1.0,-1.0,-1
1.37135,1.37135,1.37134,1.371345,-1.0,-1.0,-1
1.371345,1.371345,1.371325,1.371325,-1.0,-1.0,-1
1.371325,1.371325,1.371315,1.371325,-1.0,-1.0,-1
1.371325,1.371335,1.37132,1.371325,-1.0,-1.0,-1
1.371325,1.37136,1.371325,1.37136,-1.0,-1.0,-1
1.37136,1.371425,1.371355,1.37142,-1.0,-1.0,-1
1.37142,1.37142,1.37141,1.37142,-1.0,-1.0,-1
1.37142,1.371425,1.371405,1.371405,-1.0,-1.0,-1
1.371405,1.371405,1.371405,1.371405,-1.0,-1.0,-1
1.371405,1.371415,1.37139,1.3714,-1.0,-1.0,-1
1.3714,1.37141,1.3714,1.37141,-1.0,-1.0,-1
1.37141,1.371415,1.371405,1.37141,-1.0,-1.0,-1
1.37141,1.37142,1.371405,1.371405,-1.0,-1.0,-1
1.371405,1.37142,1.371405,1.371415,-1.0,-1.0,-1
1.371415,1.371415,1.37141,1.371415,-1.0,-1.0,-1
1.371415,1.371415,1.371405,1.371405,-1.0,-1.0,-1
1.371405,1.371415,1.3714,1.371415,-1.0,-1.0,-1
1.371415,1.371415,1.371405,1.371415,-1.0,-1.0,-1
1.371415,1.371415,1.371395,1.371395,-1.0,-1.0,-1
1.371395,1.371395,1.371395,1.371395,-1.0,-1.0,-1
1.371395,1.37142,1.371395,1.37142,-1.0,-1.0,-1
1.37142,1.37142,1.37141,1.371415,-1.0,-1.0,-1
1.371415,1.37144,1.371405,1.37144,-1.0,-1.0,-1
1.37144,1.37146,1.371425,1.37143,-1.0,-1.0,-1
1.37143,1.37143,1.371415,1.37143,-1.0,-1.0,-1
1.37143,1.371435,1.371425,1.371425,-1.0,-1.0,-1
1.371425,1.37143,1.371425,1.371425,-1.0,-1.0,-1
1.371425,1.37143,1.371425,1.37143,-1.0,-1.0,-1
1.37143,1.37143,1.371425,1.37143,-1.0,-1.0,-1
1.37143,1.37143,1.371425,1.37143,-1.0,-1.0,-1
1.37143,1.37149,1.371425,1.371485,-1.0,-1.0,-1
1.371485,1.37149,1.371445,1.37147,-1.0,-1.0,-1
1.37147,1.37148,1.371465,1.37147,-1.0,-1.0,-1
1.37147,1.37148,1.371465,1.371465,-1.0,-1.0,-1
1.371465,1.37147,1.37146,1.371465,-1.0,-1.0,-1
1.371465,1.37147,1.371455,1.371455,-1.0,-1.0,-1
1.371455,1.37146,1.371455,1.37146,-1.0,-1.0,-1
1.37146,1.37146,1.371455,1.371455,-1.0,-1.0,-1
1.371455,1.37146,1.371435,1.371435,-1.0,-1.0,-1
1.371435,1.371435,1.371415,1.371435,-1.0,-1.0,-1
1.371435,1.371435,1.371425,1.37143,-1.0,-1.0,-1
1.37143,1.37143,1.371425,1.37143,-1.0,-1.0,-1
1.37143,1.37143,1.371425,1.37143,-1.0,-1.0,-1
1.37143,1.37143,1.37141,1.371425,-1.0,-1.0,-1
1.371425,1.37143,1.371425,1.371425,-1.0,-1.0,-1
1.371425,1.37143,1.371425,1.37143,-1.0,-1.0,-1
1.37143,1.37143,1.371425,1.37143,-1.0,-1.0,-1
1.37143,1.371435,1.371425,1.371435,-1.0,-1.0,-1
1.371435,1.371445,1.371415,1.37142,-1.0,-1.0,-1
1.37142,1.371425,1.371415,1.371425,-1.0,-1.0,-1
1.371425,1.37143,1.371425,1.371425,-1.0,-1.0,-1
1.371425,1.371455,1.371425,1.37145,-1.0,-1.0,-1
1.37145,1.37146,1.371435,1.371455,-1.0,-1.0,-1
1.371455,1.371455,1.371445,1.371445,-1.0,-1.0,-1
1.371445,1.371445,1.371435,1.371435,-1.0,-1.0,-1
1.371435,1.371445,1.371435,1.371445,-1.0,-1.0,-1
1.371445,1.37147,1.371445,1.37146,-1.0,-1.0,-1
1.37146,1.37155,1.37146,1.37153,-1.0,-1.0,-1
1.37153,1.37153,1.37152,1.371525,-1.0,-1.0,-1
1.371525,1.371525,1.37152,1.371525,-1.0,-1.0,-1
1.371525,1.37153,1.37152,1.371525,-1.0,-1.0,-1
1.371525,1.37155,1.37152,1.371545,-1.0,-1.0,-1
1.371545,1.37155,1.37153,1.37153,-1.0,-1.0,-1
1.37153,1.37155,1.37153,1.37154,-1.0,-1.0,-1
1.37154,1.37154,1.37152,1.371535,-1.0,-1.0,-1
1.371535,1.37154,1.371535,1.37154,-1.0,-1.0,-1
1.37154,1.37154,1.37154,1.37154,-1.0,-1.0,-1
1.37154,1.371545,1.371535,1.371535,-1.0,-1.0,-1
1.371535,1.371535,1.37152,1.371525,-1.0,-1.0,-1
1.371525,1.371535,1.37152,1.371535,-1.0,-1.0,-1
1.371535,1.37155,1.37152,1.37153,-1.0,-1.0,-1
1.37153,1.37153,1.37147,1.37151,-1.0,-1.0,-1
1.37151,1.371515,1.37149,1.37149,-1.0,-1.0,-1
1.37149,1.371495,1.37146,1.37147,-1.0,-1.0,-1
1.37147,1.371485,1.37147,1.37147,-1.0,-1.0,-1
1.37147,1.37147,1.371445,1.371445,-1.0,-1.0,-1
1.371445,1.371445,1.371445,1.371445,-1.0,-1.0,-1
1.371445,1.371455,1.37144,1.37144,-1.0,-1.0,-1
1.37144,1.37144,1.37144,1.37144,-1.0,-1.0,-1
1.37144,1.371505,1.37144,1.37149,-1.0,-1.0,-1
1.37149,1.37152,1.37149,1.37152,-1.0,-1.0,-1
1.37152,1.37153,1.37152,1.37153,-1.0,-1.0,-1
1.37153,1.37154,1.37153,1.37153,-1.0,-1.0,-1
1.37153,1.37153,1.37152,1.371525,-1.0,-1.0,-1
1.371525,1.37154,1.371525,1.37153,-1.0,-1.0,-1
1.37153,1.37155,1.37153,1.371545,-1.0,-1.0,-1
1.371545,1.37157,1.371545,1.37157,-1.0,-1.0,-1
1.37157,1.37159,1.371565,1.37159,-1.0,-1.0,-1
1.37159,1.371645,1.37158,1.371645,-1.0,-1.0,-1
1.371645,1.371655,1.371635,1.371645,-1.0,-1.0,-1
1.371645,1.371655,1.371635,1.371655,-1.0,-1.0,-1
1.371655,1.37171,1.37165,1.371705,-1.0,-1.0,-1
1.371705,1.37172,1.371705,1.37172,-1.0,-1.0,-1
1.37172,1.37172,1.37172,1.37172,-1.0,-1.0,-1
1.37172,1.37172,1.371665,1.371675,-1.0,-1.0,-1
1.371675,1.37168,1.371675,1.371675,-1.0,-1.0,-1
1.371675,1.37172,1.37166,1.37166,-1.0,-1.0,-1
1.37166,1.37166,1.371645,1.371655,-1.0,-1.0,-1
1.371655,1.371675,1.371645,1.37167,-1.0,-1.0,-1
1.37167,1.37168,1.371665,1.37167,-1.0,-1.0,-1
1.37167,1.371675,1.37167,1.37167,-1.0,-1.0,-1
1.37167,1.37168,1.37167,1.371675,-1.0,-1.0,-1
1.371675,1.37168,1.371665,1.371665,-1.0,-1.0,-1
1.371665,1.37167,1.371665,1.37167,-1.0,-1.0,-1
1.37167,1.37167,1.371625,1.371625,-1.0,-1.0,-1
1.371625,1.371635,1.371625,1.371635,-1.0,-1.0,-1
1.371635,1.371645,1.37162,1.37163,-1.0,-1.0,-1
1.37163,1.37163,1.37156,1.37157,-1.0,-1.0,-1
1.37157,1.37157,1.37156,1.37156,-1.0,-1.0,-1
1.37156,1.37156,1.37153,1.371535,-1.0,-1.0,-1
1.371535,1.37155,1.37153,1.371545,-1.0,-1.0,-1
1.371545,1.37155,1.37154,1.37154,-1.0,-1.0,-1
1.37154,1.37154,1.37154,1.37154,-1.0,-1.0,-1
1.37154,1.37154,1.37154,1.37154,-1.0,-1.0,-1
1.37154,1.37154,1.37154,1.37154,-1.0,-1.0,-1
1.37154,1.37156,1.37154,1.37155,-1.0,-1.0,-1
1.37155,1.37155,1.37155,1.37155,-1.0,-1.0,-1
1.37155,1.37155,1.37154,1.371545,-1.0,-1.0,-1
1.371545,1.371575,1.37154,1.37157,-1.0,-1.0,-1
1.37157,1.37157,1.37156,1.37157,-1.0,-1.0,-1
1.37157,1.37157,1.37156,1.371565,-1.0,-1.0,-1
1.371565,1.371565,1.37155,1.37155,-1.0,-1.0,-1
1.37155,1.37155,1.37155,1.37155,-1.0,-1.0,-1
1.37155,1.37155,1.37154,1.37154,-1.0,-1.0,-1
1.37154,1.37154,1.37152,1.371525,-1.0,-1.0,-1
1.371525,1.37153,1.37152,1.37152,-1.0,-1.0,-1
1.37152,1.37152,1.3715,1.37151,-1.0,-1.0,-1
1.37151,1.371525,1.371505,1.37152,-1.0,-1.0,-1
1.37152,1.37152,1.37152,1.37152,-1.0,-1.0,-1
1.37152,1.37152,1.37152,1.37152,-1.0,-1.0,-1
1.37152,1.37156,1.37152,1.37156,-1.0,-1.0,-1
1.37156,1.37156,1.371555,1.371555,-1.0,-1.0,-1
1.371555,1.371555,1.37155,1.371555,-1.0,-1.0,-1
1.371555,1.37157,1.371545,1.37157,-1.0,-1.0,-1
1.37157,1.37157,1.37156,1.37157,-1.0,-1.0,-1
1.37157,1.37157,1.371555,1.371555,-1.0,-1.0,-1
1.371555,1.371555,1.37155,1.37155,-1.0,-1.0,-1
1.37155,1.371555,1.37154,1.37155,-1.0,-1.0,-1
1.37155,1.37155,1.37153,1.37153,-1.0,-1.0,-1
1.37153,1.37155,1.37153,1.37154,-1.0,-1.0,-1
1.37154,1.37155,1.37154,1.37154,-1.0,-1.0,-1
1.37154,1.37154,1.37152,1.371525,-1.0,-1.0,-1
1.371525,1.37154,1.37151,1.37153,-1.0,-1.0,-1
1.37153,1.37155,1.37153,1.371545,-1.0,-1.0,-1
1.371545,1.371565,1.371545,1.37155,-1.0,-1.0,-1
1.37155,1.37155,1.371545,1.37155,-1.0,-1.0,-1
1.37155,1.371555,1.37155,1.371555,-1.0,-1.0,-1
1.371555,1.371555,1.37155,1.37155,-1.0,-1.0,-1
1.37155,1.3716,1.37155,1.3716,-1.0,-1.0,-1
1.3716,1.371615,1.3716,1.37161,-1.0,-1.0,-1
1.37161,1.37161,1.37156,1.37156,-1.0,-1.0,-1
1.37156,1.37156,1.37156,1.37156,-1.0,-1.0,-1
1.37156,1.37163,1.37156,1.37163,-1.0,-1.0,-1
1.37163,1.371655,1.37163,1.37165,-1.0,-1.0,-1
1.37165,1.37166,1.37165,1.371655,-1.0,-1.0,-1
1.371655,1.37166,1.371655,1.371655,-1.0,-1.0,-1
1.371655,1.37166,1.371655,1.371655,-1.0,-1.0,-1
1.371655,1.37166,1.371645,1.37165,-1.0,-1.0,-1
1.37165,1.371665,1.37165,1.37165,-1.0,-1.0,-1
1.37165,1.371655,1.37165,1.37165,-1.0,-1.0,-1
1.37165,1.37166,1.37165,1.37166,-1.0,-1.0,-1
1.37166,1.3717,1.37166,1.37169,-1.0,-1.0,-1
1.37169,1.371695,1.37168,1.371685,-1.0,-1.0,-1
1.371685,1.37169,1.37168,1.371685,-1.0,-1.0,-1
1.371685,1.371685,1.37165,1.37165,-1.0,-1.0,-1
1.37165,1.371655,1.37164,1.37165,-1.0,-1.0,-1
1.37165,1.371655,1.37165,1.37165,-1.0,-1.0,-1
1.37165,1.37166,1.37165,1.371655,-1.0,-1.0,-1
1.371655,1.37166,1.371655,1.371655,-1.0,-1.0,-1
1.371655,1.37166,1.37165,1.37165,-1.0,-1.0,-1
1.37165,1.371655,1.371645,1.37165,-1.0,-1.0,-1
1.37165,1.371655,1.371645,1.37165,-1.0,-1.0,-1
1.37165,1.371655,1.37165,1.37165,-1.0,-1.0,-1
1.37165,1.371655,1.37165,1.371655,-1.0,-1.0,-1
1.371655,1.371655,1.37164,1.37164,-1.0,-1.0,-1
1.37164,1.371645,1.371635,1.371635,-1.0,-1.0,-1
1.371635,1.371675,1.371625,1.37163,-1.0,-1.0,-1
1.37163,1.371675,1.37163,1.37164,-1.0,-1.0,-1
1.37164,1.37166,1.37164,1.371655,-1.0,-1.0,-1
1.371655,1.37166,1.37165,1.371655,-1.0,-1.0,-1
1.371655,1.371655,1.37165,1.371655,-1.0,-1.0,-1
1.371655,1.37168,1.371645,1.371655,-1.0,-1.0,-1
1.371655,1.371675,1.371645,1.37167,-1.0,-1.0,-1
1.37167,1.3717,1.371665,1.37167,-1.0,-1.0,-1
1.37167,1.371675,1.371665,1.371665,-1.0,-1.0,-1
1.371665,1.371765,1.371665,1.37173,-1.0,-1.0,-1
1.37173,1.37176,1.37173,1.371745,-1.0,-1.0,-1
1.371745,1.37179,1.37174,1.371755,-1.0,-1.0,-1
1.371755,1.371755,1.37175,1.371755,-1.0,-1.0,-1
1.371755,1.371765,1.37175,1.371755,-1.0,-1.0,-1
1.371755,1.371795,1.371755,1.371765,-1.0,-1.0,-1
1.371765,1.371795,1.37176,1.37177,-1.0,-1.0,-1
1.37177,1.37177,1.371755,1.371755,-1.0,-1.0,-1
1.371755,1.371785,1.371745,1.371765,-1.0,-1.0,-1
1.371765,1.371785,1.371755,1.37176,-1.0,-1.0,-1
1.37176,1.371785,1.371755,1.37176,-1.0,-1.0,-1
1.37176,1.371785,1.371755,1.37176,-1.0,-1.0,-1
1.37176,1.371795,1.371755,1.37176,-1.0,-1.0,-1
1.37176,1.371795,1.37175,1.37175,-1.0,-1.0,-1
1.37175,1.37179,1.37175,1.37175,-1.0,-1.0,-1
1.37175,1.3718,1.37175,1.37175,-1.0,-1.0,-1
1.37175,1.37176,1.371695,1.371695,-1.0,-1.0,-1
1.371695,1.371705,1.371685,1.371705,-1.0,-1.0,-1
1.371705,1.371715,1.3717,1.37171,-1.0,-1.0,-1
1.37171,1.37171,1.37171,1.37171,-1.0,-1.0,-1
1.37171,1.371735,1.371705,1.371735,-1.0,-1.0,-1
1.371735,1.371735,1.37173,1.37173,-1.0,-1.0,-1
1.37173,1.371735,1.37173,1.37173,-1.0,-1.0,-1
1.37173,1.37173,1.37171,1.37173,-1.0,-1.0,-1
1.37173,1.37173,1.37173,1.37173,-1.0,-1.0,-1
1.37173,1.37173,1.37173,1.37173,-1.0,-1.0,-1
1.37173,1.37173,1.37167,1.37173,-1.0,-1.0,-1
1.37173,1.37173,1.371675,1.37168,-1.0,-1.0,-1
1.37168,1.371695,1.37167,1.371685,-1.0,-1.0,-1
1.371685,1.371725,1.371665,1.371715,-1.0,-1.0,-1
1.371715,1.37173,1.37171,1.371715,-1.0,-1.0,-1
1.371715,1.37173,1.371715,1.37172,-1.0,-1.0,-1
1.37172,1.37173,1.37164,1.371655,-1.0,-1.0,-1
1.371655,1.371655,1.37163,1.371645,-1.0,-1.0,-1
1.371645,1.371695,1.371645,1.37169,-1.0,-1.0,-1
1.37169,1.371705,1.371685,1.371705,-1.0,-1.0,-1
1.371705,1.371715,1.371705,1.371715,-1.0,-1.0,-1
1.371715,1.371725,1.37171,1.371715,-1.0,-1.0,-1
1.371715,1.371725,1.37167,1.37169,-1.0,-1.0,-1
1.37169,1.3717,1.371675,1.371695,-1.0,-1.0,-1
1.371695,1.371715,1.371685,1.37171,-1.0,-1.0,-1
1.37171,1.371715,1.371705,1.37171,-1.0,-1.0,-1
1.37171,1.371725,1.37171,1.371715,-1.0,-1.0,-1
1.371715,1.371715,1.371705,1.371705,-1.0,-1.0,-1
1.371705,1.371745,1.371705,1.371735,-1.0,-1.0,-1
1.371735,1.371745,1.37173,1.37173,-1.0,-1.0,-1
1.37173,1.37177,1.37173,1.371765,-1.0,-1.0,-1
1.371765,1.37177,1.371755,1.371755,-1.0,-1.0,-1
1.371755,1.371765,1.371755,1.371765,-1.0,-1.0,-1
1.371765,1.37177,1.37176,1.37177,-1.0,-1.0,-1
1.37177,1.371785,1.371765,1.371785,-1.0,-1.0,-1
1.371785,1.371785,1.37178,1.371785,-1.0,-1.0,-1
1.371785,1.371785,1.371775,1.37178,-1.0,-1.0,-1
1.37178,1.371785,1.37176,1.371765,-1.0,-1.0,-1
1.371765,1.371785,1.371755,1.371785,-1.0,-1.0,-1
1.371785,1.37179,1.37178,1.371785,-1.0,-1.0,-1
1.371785,1.371785,1.371775,1.371775,-1.0,-1.0,-1
1.371775,1.371785,1.371775,1.371775,-1.0,-1.0,-1
1.371775,1.371775,1.37176,1.37176,-1.0,-1.0,-1
1.37176,1.37176,1.37172,1.37172,-1.0,-1.0,-1
1.37172,1.371725,1.371715,1.371725,-1.0,-1.0,-1
1.371725,1.37173,1.371725,1.37173,-1.0,-1.0,-1
1.37173,1.371745,1.371725,1.371745,-1.0,-1.0,-1
1.371745,1.371745,1.371735,1.37174,-1.0,-1.0,-1
1.37174,1.37174,1.371725,1.371725,-1.0,-1.0,-1
1.371725,1.371725,1.37172,1.37172,-1.0,-1.0,-1
1.37172,1.37172,1.37172,1.37172,-1.0,-1.0,-1
1.37172,1.37172,1.37165,1.371655,-1.0,-1.0,-1
1.371655,1.371655,1.371645,1.37165,-1.0,-1.0,-1
1.37165,1.37166,1.371645,1.37166,-1.0,-1.0,-1
1.37166,1.371665,1.37166,1.371665,-1.0,-1.0,-1
1.371665,1.371665,1.371625,1.371635,-1.0,-1.0,-1
1.371635,1.371645,1.37163,1.371645,-1.0,-1.0,-1
1.371645,1.371645,1.37163,1.37163,-1.0,-1.0,-1
1.37163,1.371635,1.37162,1.37162,-1.0,-1.0,-1
1.37162,1.37163,1.37162,1.37163,-1.0,-1.0,-1
1.37163,1.371685,1.37163,1.371685,-1.0,-1.0,-1
1.371685,1.3717,1.37168,1.3717,-1.0,-1.0,-1
1.3717,1.3717,1.37168,1.37168,-1.0,-1.0,-1
1.37168,1.37169,1.37168,1.371685,-1.0,-1.0,-1
1.371685,1.371685,1.37168,1.37168,-1.0,-1.0,-1
1.37168,1.37169,1.37168,1.37168,-1.0,-1.0,-1
1.37168,1.371685,1.37168,1.371685,-1.0,-1.0,-1
1.371685,1.371685,1.37168,1.371685,-1.0,-1.0,-1
1.371685,1.37172,1.37168,1.371695,-1.0,-1.0,-1
1.371695,1.371705,1.371695,1.371705,-1.0,-1.0,-1
1.371705,1.371705,1.37167,1.37167,-1.0,-1.0,-1
1.37167,1.371685,1.37167,1.371685,-1.0,-1.0,-1
1.371685,1.37169,1.37168,1.37169,-1.0,-1.0,-1
1.37169,1.37169,1.371675,1.37168,-1.0,-1.0,-1
1.37168,1.371685,1.371675,1.37168,-1.0,-1.0,-1
1.37168,1.37169,1.371675,1.37168,-1.0,-1.0,-1
1.37168,1.37168,1.37166,1.371675,-1.0,-1.0,-1
1.371675,1.37168,1.371675,1.371675,-1.0,-1.0,-1
1.371675,1.37168,1.37166,1.371665,-1.0,-1.0,-1
1.371665,1.37168,1.371665,1.37168,-1.0,-1.0,-1
1.37168,1.371685,1.371675,1.371685,-1.0,-1.0,-1
1.371685,1.371745,1.37168,1.371745,-1.0,-1.0,-1
1.371745,1.371745,1.371725,1.37173,-1.0,-1.0,-1
1.37173,1.37177,1.37173,1.37177,-1.0,-1.0,-1
1.37177,1.37177,1.37174,1.37174,-1.0,-1.0,-1
1.37174,1.371745,1.371715,1.371725,-1.0,-1.0,-1
1.371725,1.371725,1.37172,1.371725,-1.0,-1.0,-1
1.371725,1.371775,1.37172,1.371775,-1.0,-1.0,-1
1.371775,1.371845,1.37176,1.371845,-1.0,-1.0,-1
1.371845,1.371865,1.371845,1.371855,-1.0,-1.0,-1
1.371855,1.371895,1.37185,1.371865,-1.0,-1.0,-1
1.371865,1.371865,1.37185,1.371865,-1.0,-1.0,-1
1.371865,1.37189,1.37186,1.371875,-1.0,-1.0,-1
1.371875,1.371875,1.371875,1.371875,-1.0,-1.0,-1
1.371875,1.371945,1.371875,1.371935,-1.0,-1.0,-1
1.371935,1.371935,1.371905,1.371905,-1.0,-1.0,-1
1.371905,1.371905,1.371825,1.37184,-1.0,-1.0,-1
1.37184,1.37184,1.37182,1.37183,-1.0,-1.0,-1
1.37183,1.37184,1.371805,1.37183,-1.0,-1.0,-1
1.37183,1.371845,1.371825,1.37184,-1.0,-1.0,-1
1.37184,1.371865,1.37184,1.37184,-1.0,-1.0,-1
1.37184,1.371845,1.371835,1.371845,-1.0,-1.0,-1
1.371845,1.371845,1.371815,1.37184,-1.0,-1.0,-1
1.37184,1.37184,1.37181,1.371825,-1.0,-1.0,-1
1.371825,1.37184,1.371815,1.37184,-1.0,-1.0,-1
1.37184,1.37184,1.371835,1.371835,-1.0,-1.0,-1
1.371835,1.37189,1.371835,1.37187,-1.0,-1.0,-1
1.37187,1.37187,1.37186,1.37186,-1.0,-1.0,-1
1.37186,1.371895,1.37186,1.37188,-1.0,-1.0,-1
1.37188,1.3719,1.37188,1.3719,-1.0,-1.0,-1
1.3719,1.37193,1.3719,1.371925,-1.0,-1.0,-1
1.371925,1.371925,1.37186,1.37188,-1.0,-1.0,-1
1.37188,1.37188,1.371855,1.371865,-1.0,-1.0,-1
1.371865,1.37187,1.37185,1.371865,-1.0,-1.0,-1
1.371865,1.3719,1.37186,1.3719,-1.0,-1.0,-1
1.3719,1.3719,1.371895,1.3719,-1.0,-1.0,-1
1.3719,1.371905,1.3719,1.3719,-1.0,-1.0,-1
1.3719,1.371935,1.371895,1.37192,-1.0,-1.0,-1
1.37192,1.37192,1.371905,1.37191,-1.0,-1.0,-1
1.37191,1.371945,1.371905,1.371935,-1.0,-1.0,-1
1.371935,1.371935,1.371925,1.371925,-1.0,-1.0,-1
1.371925,1.37193,1.371925,1.371925,-1.0,-1.0,-1
1.371925,1.371925,1.371925,1.371925,-1.0,-1.0,-1
1.371925,1.37193,1.371925,1.371925,-1.0,-1.0,-1
1.371925,1.371945,1.371885,1.3719,-1.0,-1.0,-1
1.3719,1.37193,1.371885,1.371925,-1.0,-1.0,-1
1.371925,1.371925,1.3719,1.3719,-1.0,-1.0,-1
1.3719,1.371905,1.3719,1.371905,-1.0,-1.0,-1
1.371905,1.371905,1.3719,1.3719,-1.0,-1.0,-1
1.3719,1.37191,1.3719,1.3719,-1.0,-1.0,-1
1.3719,1.37191,1.3719,1.371905,-1.0,-1.0,-1
1.371905,1.37193,1.371905,1.37192,-1.0,-1.0,-1
1.37192,1.371925,1.371915,1.37192,-1.0,-1.0,-1
1.37192,1.37193,1.371915,1.371925,-1.0,-1.0,-1
1.371925,1.37193,1.3719,1.37191,-1.0,-1.0,-1
1.37191,1.37191,1.3719,1.37191,-1.0,-1.0,-1
1.37191,1.37191,1.371905,1.37191,-1.0,-1.0,-1
1.37191,1.371985,1.371905,1.37198,-1.0,-1.0,-1
1.37198,1.371985,1.371975,1.371975,-1.0,-1.0,-1
1.371975,1.371985,1.37197,1.37198,-1.0,-1.0,-1
1.37198,1.371985,1.37197,1.37198,-1.0,-1.0,-1
1.37198,1.371985,1.371975,1.37198,-1.0,-1.0,-1
1.37198,1.371985,1.37198,1.371985,-1.0,-1.0,-1
1.371985,1.372085,1.37198,1.372075,-1.0,-1.0,-1
1.372075,1.37208,1.372005,1.37202,-1.0,-1.0,-1
1.37202,1.37202,1.372015,1.37202,-1.0,-1.0,-1
1.37202,1.37202,1.372015,1.37202,-1.0,-1.0,-1
1.37202,1.37202,1.372015,1.37202,-1.0,-1.0,-1
1.37202,1.37202,1.372015,1.372015,-1.0,-1.0,-1
1.372015,1.372015,1.37199,1.372,-1.0,-1.0,-1
1.372,1.372005,1.372,1.372,-1.0,-1.0,-1
1.372,1.372,1.37199,1.372,-1.0,-1.0,-1
1.372,1.372,1.371985,1.37199,-1.0,-1.0,-1
1.37199,1.372,1.37193,1.37194,-1.0,-1.0,-1
1.37194,1.371955,1.371925,1.371925,-1.0,-1.0,-1
1.371925,1.37195,1.371925,1.37194,-1.0,-1.0,-1
1.37194,1.37196,1.37194,1.37196,-1.0,-1.0,-1
1.37196,1.37197,1.371955,1.371965,-1.0,-1.0,-1
1.371965,1.372,1.371965,1.37199,-1.0,-1.0,-1
1.37199,1.372,1.37199,1.372,-1.0,-1.0,-1
1.372,1.37201,1.37199,1.37201,-1.0,-1.0,-1
1.37201,1.37202,1.372005,1.37202,-1.0,-1.0,-1
1.37202,1.37203,1.372005,1.37201,-1.0,-1.0,-1
1.37201,1.37201,1.372005,1.37201,-1.0,-1.0,-1
1.37201,1.37201,1.372,1.372005,-1.0,-1.0,-1
1.372005,1.37202,1.372,1.37202,-1.0,-1.0,-1
1.37202,1.37202,1.37202,1.37202,-1.0,-1.0,-1
1.37202,1.372055,1.372,1.372055,-1.0,-1.0,-1
1.372055,1.37208,1.37205,1.372075,-1.0,-1.0,-1
1.372075,1.37208,1.37207,1.372075,-1.0,-1.0,-1
1.372075,1.37208,1.372075,1.372075,-1.0,-1.0,-1
1.372075,1.37208,1.372075,1.372075,-1.0,-1.0,-1
1.372075,1.37208,1.372075,1.372075,-1.0,-1.0,-1
1.372075,1.37208,1.372075,1.372075,-1.0,-1.0,-1
1.372075,1.37208,1.37206,1.37207,-1.0,-1.0,-1
1.37207,1.37207,1.372,1.372005,-1.0,-1.0,-1
1.372005,1.372005,1.372,1.372,-1.0,-1.0,-1
1.372,1.372025,1.372,1.37202,-1.0,-1.0,-1
1.37202,1.372035,1.372005,1.372035,-1.0,-1.0,-1
1.372035,1.372035,1.372005,1.37201,-1.0,-1.0,-1
1.37201,1.37201,1.371885,1.371895,-1.0,-1.0,-1
1.371895,1.371895,1.371895,1.371895,-1.0,-1.0,-1
1.371895,1.371895,1.371895,1.371895,-1.0,-1.0,-1
1.371895,1.3719,1.371895,1.371895,-1.0,-1.0,-1
1.371895,1.3719,1.371895,1.371895,-1.0,-1.0,-1
1.371895,1.3719,1.371895,1.3719,-1.0,-1.0,-1
1.3719,1.3719,1.371895,1.371895,-1.0,-1.0,-1
1.371895,1.3719,1.371895,1.3719,-1.0,-1.0,-1
1.3719,1.3719,1.37189,1.371895,-1.0,-1.0,-1
1.371895,1.371895,1.37189,1.37189,-1.0,-1.0,-1
1.37189,1.371945,1.37189,1.37194,-1.0,-1.0,-1
1.37194,1.371955,1.371905,1.371905,-1.0,-1.0,-1
1.371905,1.371905,1.37188,1.371885,-1.0,-1.0,-1
1.371885,1.37189,1.37187,1.37188,-1.0,-1.0,-1
1.37188,1.37188,1.37188,1.37188,-1.0,-1.0,-1
1.37188,1.37188,1.371825,1.371835,-1.0,-1.0,-1
1.371835,1.37184,1.37181,1.37181,-1.0,-1.0,-1
1.37181,1.37187,1.37181,1.37187,-1.0,-1.0,-1
1.37187,1.37187,1.371855,1.371855,-1.0,-1.0,-1
1.371855,1.371865,1.371855,1.371865,-1.0,-1.0,-1
1.371865,1.371865,1.37185,1.371865,-1.0,-1.0,-1
1.371865,1.37187,1.37185,1.37185,-1.0,-1.0,-1
1.37185,1.371865,1.37184,1.371845,-1.0,-1.0,-1
1.371845,1.371865,1.371845,1.371865,-1.0,-1.0,-1
1.371865,1.37187,1.37185,1.37187,-1.0,-1.0,-1
1.37187,1.37187,1.371855,1.371865,-1.0,-1.0,-1
1.371865,1.371865,1.371815,1.37183,-1.0,-1.0,-1
1.37183,1.37187,1.371825,1.37187,-1.0,-1.0,-1
1.37187,1.37187,1.371855,1.37187,-1.0,-1.0,-1
1.37187,1.3719,1.37186,1.3719,-1.0,-1.0,-1
1.3719,1.3719,1.37189,1.37189,-1.0,-1.0,-1
1.37189,1.3719,1.37189,1.371895,-1.0,-1.0,-1
1.371895,1.3719,1.37189,1.37189,-1.0,-1.0,-1
1.37189,1.3719,1.371885,1.37189,-1.0,-1.0,-1
1.37189,1.371905,1.37189,1.3719,-1.0,-1.0,-1
1.3719,1.371905,1.3719,1.371905,-1.0,-1.0,-1
1.371905,1.371905,1.37189,1.37189,-1.0,-1.0,-1
1.37189,1.37189,1.37187,1.371875,-1.0,-1.0,-1
1.371875,1.3719,1.37187,1.371895,-1.0,-1.0,-1
1.371895,1.371895,1.37189,1.37189,-1.0,-1.0,-1
1.37189,1.3719,1.37187,1.37188,-1.0,-1.0,-1
1.37188,1.37188,1.371825,1.37183,-1.0,-1.0,-1
1.37183,1.371895,1.371825,1.37189,-1.0,-1.0,-1
1.37189,1.37192,1.37189,1.371905,-1.0,-1.0,-1
1.371905,1.371905,1.371905,1.371905,-1.0,-1.0,-1
1.371905,1.37192,1.371905,1.37192,-1.0,-1.0,-1
1.37192,1.37196,1.37191,1.37192,-1.0,-1.0,-1
1.37192,1.37193,1.371915,1.37193,-1.0,-1.0,-1
1.37193,1.37193,1.3719,1.3719,-1.0,-1.0,-1
1.3719,1.371905,1.3719,1.371905,-1.0,-1.0,-1
1.371905,1.371915,1.371905,1.371905,-1.0,-1.0,-1
1.371905,1.371905,1.371905,1.371905,-1.0,-1.0,-1
1.371905,1.37192,1.371905,1.371905,-1.0,-1.0,-1
1.371905,1.371905,1.3719,1.3719,-1.0,-1.0,-1
1.3719,1.3719,1.37189,1.37189,-1.0,-1.0,-1
1.37189,1.3719,1.37189,1.3719,-1.0,-1.0,-1
1.3719,1.3719,1.3719,1.3719,-1.0,-1.0,-1
1.3719,1.3719,1.37189,1.3719,-1.0,-1.0,-1
1.3719,1.371905,1.3719,1.3719,-1.0,-1.0,-1
1.3719,1.3719,1.3719,1.3719,-1.0,-1.0,-1
1.3719,1.3719,1.3719,1.3719,-1.0,-1.0,-1
1.3719,1.3719,1.371895,1.371895,-1.0,-1.0,-1
1.371895,1.3719,1.371895,1.3719,-1.0,-1.0,-1
1.3719,1.3719,1.3719,1.3719,-1.0,-1.0,-1
1.3719,1.3719,1.3719,1.3719,-1.0,-1.0,-1
1.3719,1.3719,1.37189,1.37189,-1.0,-1.0,-1
1.37189,1.3719,1.37189,1.3719,-1.0,-1.0,-1
1.3719,1.3719,1.37189,1.37189,-1.0,-1.0,-1
1.37189,1.37189,1.37189,1.37189,-1.0,-1.0,-1
1.37189,1.3719,1.371885,1.3719,-1.0,-1.0,-1
1.3719,1.3719,1.3719,1.3719,-1.0,-1.0,-1
1.3719,1.371905,1.3719,1.3719,-1.0,-1.0,-1
1.3719,1.3719,1.3719,1.3719,-1.0,-1.0,-1
1.3719,1.3719,1.3719,1.3719,-1.0,-1.0,-1
1.3719,1.371905,1.3719,1.371905,-1.0,-1.0,-1
1.371905,1.371905,1.3719,1.3719,-1.0,-1.0,-1
1.3719,1.371905,1.3719,1.3719,-1.0,-1.0,-1
1.3719,1.3719,1.3719,1.3719,-1.0,-1.0,-1
1.3719,1.3719,1.371895,1.3719,-1.0,-1.0,-1
1.3719,1.3719,1.3719,1.3719,-1.0,-1.0,-1
1.3719,1.3719,1.3719,1.3719,-1.0,-1.0,-1
1.3719,1.371905,1.3719,1.3719,-1.0,-1.0,-1
1.3719,1.3719,1.371895,1.3719,-1.0,-1.0,-1
1.3719,1.3719,1.371895,1.371895,-1.0,-1.0,-1
1.371895,1.371895,1.371885,1.371885,-1.0,-1.0,-1
1.371885,1.371895,1.371885,1.371895,-1.0,-1.0,-1
1.371895,1.371905,1.37188,1.371905,-1.0,-1.0,-1
1.371905,1.371905,1.3719,1.3719,-1.0,-1.0,-1
1.3719,1.37192,1.3719,1.37192,-1.0,-1.0,-1
1.37192,1.37192,1.37191,1.37191,-1.0,-1.0,-1
1.37191,1.37192,1.37191,1.37192,-1.0,-1.0,-1
1.37192,1.371965,1.3719,1.37194,-1.0,-1.0,-1
1.37194,1.371945,1.37193,1.37194,-1.0,-1.0,-1
1.37194,1.371945,1.37193,1.37193,-1.0,-1.0,-1
1.37193,1.37193,1.37189,1.371895,-1.0,-1.0,-1
1.371895,1.3719,1.37189,1.37189,-1.0,-1.0,-1
1.37189,1.37189,1.37188,1.37189,-1.0,-1.0,-1
1.37189,1.371895,1.37189,1.371895,-1.0,-1.0,-1
1.371895,1.3719,1.371895,1.3719,-1.0,-1.0,-1
1.3719,1.3719,1.3719,1.3719,-1.0,-1.0,-1
1.3719,1.3719,1.371895,1.3719,-1.0,-1.0,-1
1.3719,1.3719,1.371895,1.371895,-1.0,-1.0,-1
1.371895,1.371895,1.371895,1.371895,-1.0,-1.0,-1
1.371895,1.3719,1.371895,1.3719,-1.0,-1.0,-1
1.3719,1.3719,1.3719,1.3719,-1.0,-1.0,-1
1.3719,1.3719,1.3719,1.3719,-1.0,-1.0,-1
1.3719,1.3719,1.3719,1.3719,-1.0,-1.0,-1
1.3719,1.3719,1.3719,1.3719,-1.0,-1.0,-1
1.3719,1.37193,1.3719,1.371925,-1.0,-1.0,-1
1.371925,1.371925,1.371915,1.37192,-1.0,-1.0,-1
1.37192,1.37192,1.3719,1.3719,-1.0,-1.0,-1
1.3719,1.371905,1.3719,1.371905,-1.0,-1.0,-1
1.371905,1.371905,1.3719,1.3719,-1.0,-1.0,-1
1.3719,1.3719,1.371885,1.371885,-1.0,-1.0,-1
1.371885,1.37189,1.371785,1.37181,-1.0,-1.0,-1
1.37181,1.37181,1.3718,1.3718,-1.0,-1.0,-1
1.3718,1.3718,1.3718,1.3718,-1.0,-1.0,-1
1.3718,1.37189,1.3718,1.371885,-1.0,-1.0,-1
1.371885,1.37189,1.371845,1.371845,-1.0,-1.0,-1
1.371845,1.37185,1.371835,1.37185,-1.0,-1.0,-1
1.37185,1.37188,1.37185,1.37188,-1.0,-1.0,-1
1.37188,1.37189,1.37187,1.37189,-1.0,-1.0,-1
1.37189,1.37189,1.371855,1.371855,-1.0,-1.0,-1
1.371855,1.371865,1.37185,1.37185,-1.0,-1.0,-1
1.37185,1.37185,1.37184,1.37185,-1.0,-1.0,-1
1.37185,1.37185,1.37181,1.371815,-1.0,-1.0,-1
1.371815,1.37182,1.37181,1.37181,-1.0,-1.0,-1
1.37181,1.37181,1.371785,1.371805,-1.0,-1.0,-1
1.371805,1.371805,1.3718,1.3718,-1.0,-1.0,-1
1.3718,1.3718,1.371775,1.3718,-1.0,-1.0,-1
1.3718,1.3718,1.3718,1.3718,-1.0,-1.0,-1
1.3718,1.3718,1.3718,1.3718,-1.0,-1.0,-1
1.3718,1.3718,1.371785,1.3718,-1.0,-1.0,-1
1.3718,1.371805,1.3718,1.371805,-1.0,-1.0,-1
1.371805,1.371805,1.371795,1.371795,-1.0,-1.0,-1
1.371795,1.371795,1.371785,1.37179,-1.0,-1.0,-1
1.37179,1.371795,1.371785,1.37179,-1.0,-1.0,-1
1.37179,1.37179,1.37178,1.37179,-1.0,-1.0,-1
1.37179,1.37179,1.371785,1.37179,-1.0,-1.0,-1
1.37179,1.37181,1.371785,1.371795,-1.0,-1.0,-1
1.371795,1.371795,1.371785,1.37179,-1.0,-1.0,-1
1.37179,1.3718,1.371785,1.371795,-1.0,-1.0,-1
1.371795,1.371795,1.37179,1.371795,-1.0,-1.0,-1
1.371795,1.371795,1.37179,1.371795,-1.0,-1.0,-1
1.371795,1.3718,1.37179,1.3718,-1.0,-1.0,-1
1.3718,1.3718,1.37179,1.371795,-1.0,-1.0,-1
1.371795,1.3718,1.37179,1.371795,-1.0,-1.0,-1
1.371795,1.371795,1.371705,1.37176,-1.0,-1.0,-1
1.37176,1.371765,1.37176,1.37176,-1.0,-1.0,-1
1.37176,1.37176,1.37173,1.371735,-1.0,-1.0,-1
1.371735,1.371755,1.37173,1.371735,-1.0,-1.0,-1
1.371735,1.37176,1.371725,1.371725,-1.0,-1.0,-1
1.371725,1.371735,1.371725,1.371735,-1.0,-1.0,-1
1.371735,1.371735,1.371725,1.371735,-1.0,-1.0,-1
1.371735,1.371755,1.371725,1.371755,-1.0,-1.0,-1
1.371755,1.371765,1.37173,1.371765,-1.0,-1.0,-1
1.371765,1.371765,1.371755,1.37176,-1.0,-1.0,-1
1.37176,1.37176,1.37173,1.371735,-1.0,-1.0,-1
1.371735,1.37176,1.37173,1.37176,-1.0,-1.0,-1
1.37176,1.371765,1.37176,1.371765,-1.0,-1.0,-1
1.371765,1.37179,1.371755,1.37179,-1.0,-1.0,-1
1.37179,1.37179,1.371775,1.37178,-1.0,-1.0,-1
1.37178,1.37178,1.371775,1.37178,-1.0,-1.0,-1
1.37178,1.37179,1.371775,1.37178,-1.0,-1.0,-1
1.37178,1.37178,1.37172,1.37172,-1.0,-1.0,-1
1.37172,1.37172,1.371695,1.37171,-1.0,-1.0,-1
1.37171,1.37171,1.371695,1.3717,-1.0,-1.0,-1
1.3717,1.37171,1.371695,1.37171,-1.0,-1.0,-1
1.37171,1.37171,1.37171,1.37171,-1.0,-1.0,-1
1.37171,1.37172,1.371695,1.37172,-1.0,-1.0,-1
1.37172,1.37179,1.37172,1.37179,-1.0,-1.0,-1
1.37179,1.37179,1.371785,1.37179,-1.0,-1.0,-1
1.37179,1.37182,1.37178,1.37181,-1.0,-1.0,-1
1.37181,1.371825,1.37181,1.37181,-1.0,-1.0,-1
1.37181,1.37182,1.37181,1.37181,-1.0,-1.0,-1
1.37181,1.37182,1.37181,1.371815,-1.0,-1.0,-1
1.371815,1.37182,1.371815,1.371815,-1.0,-1.0,-1
1.371815,1.37183,1.371815,1.371815,-1.0,-1.0,-1
1.371815,1.37182,1.3718,1.37181,-1.0,-1.0,-1
1.37181,1.37181,1.37181,1.37181,-1.0,-1.0,-1
1.37181,1.37182,1.37181,1.371815,-1.0,-1.0,-1
1.371815,1.37182,1.371815,1.371815,-1.0,-1.0,-1
1.371815,1.37182,1.37181,1.37181,-1.0,-1.0,-1
1.37181,1.37182,1.37181,1.37181,-1.0,-1.0,-1
1.37181,1.37181,1.3718,1.37181,-1.0,-1.0,-1
1.37181,1.37181,1.3718,1.371805,-1.0,-1.0,-1
1.371805,1.371805,1.371805,1.371805,-1.0,-1.0,-1
1.371805,1.371805,1.371795,1.3718,-1.0,-1.0,-1
1.3718,1.3718,1.371795,1.371795,-1.0,-1.0,-1
1.371795,1.3718,1.371735,1.3718,-1.0,-1.0,-1
1.3718,1.371805,1.371765,1.371805,-1.0,-1.0,-1
1.371805,1.37181,1.371805,1.371805,-1.0,-1.0,-1
1.371805,1.37182,1.371805,1.37181,-1.0,-1.0,-1
1.37181,1.37182,1.37181,1.371815,-1.0,-1.0,-1
1.371815,1.37182,1.371815,1.371815,-1.0,-1.0,-1
1.371815,1.37182,1.37181,1.37181,-1.0,-1.0,-1
1.37181,1.37181,1.371805,1.37181,-1.0,-1.0,-1
1.37181,1.37181,1.37181,1.37181,-1.0,-1.0,-1
1.37181,1.37181,1.3718,1.3718,-1.0,-1.0,-1
1.3718,1.3718,1.3718,1.3718,-1.0,-1.0,-1
1.3718,1.3718,1.3718,1.3718,-1.0,-1.0,-1
1.3718,1.371805,1.3718,1.371805,-1.0,-1.0,-1
1.371805,1.371805,1.371805,1.371805,-1.0,-1.0,-1
1.371805,1.371805,1.371805,1.371805,-1.0,-1.0,-1
1.371805,1.371805,1.3718,1.371805,-1.0,-1.0,-1
1.371805,1.371805,1.371795,1.3718,-1.0,-1.0,-1
1.3718,1.37182,1.3718,1.37181,-1.0,-1.0,-1
1.37181,1.37185,1.37181,1.37185,-1.0,-1.0,-1
1.37185,1.37185,1.371845,1.37185,-1.0,-1.0,-1
1.37185,1.37185,1.3718,1.3718,-1.0,-1.0,-1
1.3718,1.371805,1.3718,1.371805,-1.0,-1.0,-1
1.371805,1.37183,1.3718,1.371815,-1.0,-1.0,-1
1.371815,1.37187,1.371815,1.371865,-1.0,-1.0,-1
1.371865,1.371865,1.37185,1.37185,-1.0,-1.0,-1
1.37185,1.37189,1.37185,1.37189,-1.0,-1.0,-1
1.37189,1.37189,1.37189,1.37189,-1.0,-1.0,-1
1.37189,1.371895,1.37188,1.37189,-1.0,-1.0,-1
1.37189,1.37196,1.37189,1.37196,-1.0,-1.0,-1
1.37196,1.37196,1.371955,1.37196,-1.0,-1.0,-1
1.37196,1.37196,1.371955,1.37196,-1.0,-1.0,-1
1.37196,1.37196,1.371955,1.37196,-1.0,-1.0,-1
1.37196,1.371985,1.371955,1.37198,-1.0,-1.0,-1
1.37198,1.371985,1.371975,1.371975,-1.0,-1.0,-1
1.371975,1.371975,1.371935,1.371935,-1.0,-1.0,-1
1.371935,1.371955,1.37193,1.37193,-1.0,-1.0,-1
1.37193,1.371955,1.37193,1.371955,-1.0,-1.0,-1
1.371955,1.371955,1.37191,1.37192,-1.0,-1.0,-1
1.37192,1.371965,1.371915,1.37196,-1.0,-1.0,-1
1.37196,1.37196,1.37195,1.371955,-1.0,-1.0,-1
1.371955,1.37196,1.37195,1.371955,-1.0,-1.0,-1
1.371955,1.371955,1.371935,1.37194,-1.0,-1.0,-1
1.37194,1.37196,1.37194,1.37196,-1.0,-1.0,-1
1.37196,1.37196,1.37195,1.371955,-1.0,-1.0,-1
1.371955,1.371955,1.37193,1.37193,-1.0,-1.0,-1
1.37193,1.371945,1.37193,1.37194,-1.0,-1.0,-1
1.37194,1.371945,1.371925,1.37193,-1.0,-1.0,-1
1.37193,1.371945,1.37193,1.371935,-1.0,-1.0,-1
1.371935,1.371985,1.371935,1.37198,-1.0,-1.0,-1
1.37198,1.371985,1.371975,1.371975,-1.0,-1.0,-1
1.371975,1.371985,1.371975,1.371975,-1.0,-1.0,-1
1.371975,1.371985,1.37194,1.37194,-1.0,-1.0,-1
1.37194,1.371955,1.37194,1.371955,-1.0,-1.0,-1
1.371955,1.371955,1.37194,1.37194,-1.0,-1.0,-1
1.37194,1.371955,1.37194,1.371945,-1.0,-1.0,-1
1.371945,1.37195,1.371945,1.371945,-1.0,-1.0,-1
1.371945,1.371955,1.371945,1.371945,-1.0,-1.0,-1
1.371945,1.37195,1.371945,1.371945,-1.0,-1.0,-1
1.371945,1.371955,1.371915,1.37192,-1.0,-1.0,-1
1.37192,1.37193,1.371915,1.37193,-1.0,-1.0,-1
1.37193,1.37197,1.37193,1.371965,-1.0,-1.0,-1
1.371965,1.37197,1.371955,1.37196,-1.0,-1.0,-1
1.37196,1.37196,1.371915,1.37192,-1.0,-1.0,-1
1.37192,1.37192,1.371915,1.37192,-1.0,-1.0,-1
1.37192,1.371925,1.37191,1.371925,-1.0,-1.0,-1
1.371925,1.371975,1.371915,1.37197,-1.0,-1.0,-1
1.37197,1.371985,1.37197,1.37198,-1.0,-1.0,-1
1.37198,1.372025,1.37198,1.37201,-1.0,-1.0,-1
1.37201,1.37202,1.372,1.372005,-1.0,-1.0,-1
1.372005,1.37201,1.372,1.372005,-1.0,-1.0,-1
1.372005,1.37207,1.372,1.37207,-1.0,-1.0,-1
1.37207,1.372105,1.37207,1.372095,-1.0,-1.0,-1
1.372095,1.3721,1.372085,1.37209,-1.0,-1.0,-1
1.37209,1.37209,1.37208,1.37209,-1.0,-1.0,-1
1.37209,1.3721,1.372085,1.3721,-1.0,-1.0,-1
1.3721,1.37211,1.37208,1.37208,-1.0,-1.0,-1
1.37208,1.372085,1.372065,1.37207,-1.0,-1.0,-1
1.37207,1.37208,1.37207,1.372075,-1.0,-1.0,-1
1.372075,1.37208,1.37207,1.37207,-1.0,-1.0,-1
1.37207,1.37208,1.37207,1.37207,-1.0,-1.0,-1
1.37207,1.37208,1.372035,1.37204,-1.0,-1.0,-1
1.37204,1.37204,1.37203,1.37204,-1.0,-1.0,-1
1.37204,1.372045,1.372035,1.37204,-1.0,-1.0,-1
1.37204,1.37204,1.372035,1.37204,-1.0,-1.0,-1
1.37204,1.37204,1.37203,1.37203,-1.0,-1.0,-1
1.37203,1.37204,1.37203,1.372035,-1.0,-1.0,-1
1.372035,1.37208,1.372035,1.372075,-1.0,-1.0,-1
1.372075,1.37208,1.372075,1.372075,-1.0,-1.0,-1
1.372075,1.37208,1.37207,1.37207,-1.0,-1.0,-1
1.37207,1.37209,1.37207,1.37209,-1.0,-1.0,-1
1.37209,1.3721,1.372085,1.3721,-1.0,-1.0,-1
1.3721,1.3721,1.37206,1.37207,-1.0,-1.0,-1
1.37207,1.37207,1.372055,1.37207,-1.0,-1.0,-1
1.37207,1.37207,1.372045,1.37205,-1.0,-1.0,-1
1.37205,1.37206,1.372045,1.37206,-1.0,-1.0,-1
1.37206,1.37207,1.37206,1.37207,-1.0,-1.0,-1
1.37207,1.37207,1.37206,1.37206,-1.0,-1.0,-1
1.37206,1.37206,1.372055,1.37206,-1.0,-1.0,-1
1.37206,1.372065,1.37206,1.37206,-1.0,-1.0,-1
1.37206,1.37206,1.372055,1.37206,-1.0,-1.0,-1
1.37206,1.372095,1.37206,1.37209,-1.0,-1.0,-1
1.37209,1.37209,1.372055,1.372055,-1.0,-1.0,-1
1.372055,1.372065,1.372055,1.372065,-1.0,-1.0,-1
1.372065,1.372065,1.37206,1.37206,-1.0,-1.0,-1
1.37206,1.37206,1.37206,1.37206,-1.0,-1.0,-1
1.37206,1.37207,1.37206,1.37206,-1.0,-1.0,-1
1.37206,1.372065,1.37206,1.37206,-1.0,-1.0,-1
1.37206,1.37207,1.37206,1.37207,-1.0,-1.0,-1
1.37207,1.37207,1.372065,1.372065,-1.0,-1.0,-1
1.372065,1.37209,1.372065,1.37209,-1.0,-1.0,-1
1.37209,1.3721,1.372075,1.372095,-1.0,-1.0,-1
1.372095,1.372095,1.372075,1.372085,-1.0,-1.0,-1
1.372085,1.372095,1.37208,1.372095,-1.0,-1.0,-1
1.372095,1.3721,1.372055,1.37207,-1.0,-1.0,-1
1.37207,1.372085,1.37207,1.372075,-1.0,-1.0,-1
1.372075,1.37208,1.372065,1.37207,-1.0,-1.0,-1
1.37207,1.37207,1.372065,1.372065,-1.0,-1.0,-1
1.372065,1.37207,1.37206,1.37206,-1.0,-1.0,-1
1.37206,1.372065,1.372055,1.37206,-1.0,-1.0,-1
1.37206,1.37206,1.37206,1.37206,-1.0,-1.0,-1
1.37206,1.37206,1.37206,1.37206,-1.0,-1.0,-1
1.37206,1.37206,1.372055,1.372055,-1.0,-1.0,-1
1.372055,1.372055,1.37204,1.372045,-1.0,-1.0,-1
1.372045,1.37205,1.37204,1.37205,-1.0,-1.0,-1
1.37205,1.37205,1.372045,1.37205,-1.0,-1.0,-1
1.37205,1.37208,1.372045,1.37207,-1.0,-1.0,-1
1.37207,1.37207,1.372065,1.37207,-1.0,-1.0,-1
1.37207,1.37207,1.37207,1.37207,-1.0,-1.0,-1
1.37207,1.37207,1.372065,1.372065,-1.0,-1.0,-1
1.372065,1.37207,1.372065,1.37207,-1.0,-1.0,-1
1.37207,1.37207,1.37207,1.37207,-1.0,-1.0,-1
1.37207,1.37209,1.37207,1.37209,-1.0,-1.0,-1
1.37209,1.37209,1.372085,1.37209,-1.0,-1.0,-1
1.37209,1.3721,1.372085,1.3721,-1.0,-1.0,-1
1.3721,1.3721,1.372085,1.372095,-1.0,-1.0,-1
1.372095,1.3721,1.372085,1.37209,-1.0,-1.0,-1
1.37209,1.3721,1.372085,1.3721,-1.0,-1.0,-1
1.3721,1.37212,1.371985,1.372,-1.0,-1.0,-1
1.372,1.372,1.37198,1.37198,-1.0,-1.0,-1
1.37198,1.371985,1.37197,1.37197,-1.0,-1.0,-1
1.37197,1.37197,1.371955,1.371965,-1.0,-1.0,-1
1.371965,1.371965,1.37188,1.371895,-1.0,-1.0,-1
1.371895,1.371925,1.37189,1.371895,-1.0,-1.0,-1
1.371895,1.371915,1.37189,1.371895,-1.0,-1.0,-1
1.371895,1.371895,1.37189,1.37189,-1.0,-1.0,-1
1.37189,1.3719,1.37189,1.3719,-1.0,-1.0,-1
1.3719,1.371965,1.371895,1.371965,-1.0,-1.0,-1
1.371965,1.371975,1.37191,1.37195,-1.0,-1.0,-1
1.37195,1.37197,1.371945,1.37197,-1.0,-1.0,-1
1.37197,1.371985,1.37197,1.37198,-1.0,-1.0,-1
1.37198,1.37201,1.37197,1.371995,-1.0,-1.0,-1
1.371995,1.371995,1.37199,1.371995,-1.0,-1.0,-1
1.371995,1.371995,1.37199,1.37199,-1.0,-1.0,-1
1.37199,1.37199,1.371935,1.371945,-1.0,-1.0,-1
1.371945,1.37195,1.371945,1.371945,-1.0,-1.0,-1
1.371945,1.37195,1.37194,1.371945,-1.0,-1.0,-1
1.371945,1.37196,1.371945,1.37196,-1.0,-1.0,-1
1.37196,1.371985,1.371955,1.371985,-1.0,-1.0,-1
1.371985,1.371985,1.37195,1.371965,-1.0,-1.0,-1
1.371965,1.37197,1.371955,1.37197,-1.0,-1.0,-1
1.37197,1.371975,1.37197,1.371975,-1.0,-1.0,-1
1.371975,1.371975,1.37197,1.371975,-1.0,-1.0,-1
1.371975,1.371975,1.371955,1.37196,-1.0,-1.0,-1
1.37196,1.371965,1.371955,1.371965,-1.0,-1.0,-1
1.371965,1.371975,1.371935,1.371935,-1.0,-1.0,-1
1.371935,1.37195,1.371935,1.371935,-1.0,-1.0,-1
1.371935,1.37195,1.37193,1.37194,-1.0,-1.0,-1
1.37194,1.37195,1.37194,1.371945,-1.0,-1.0,-1
1.371945,1.37195,1.37194,1.37194,-1.0,-1.0,-1
1.37194,1.371965,1.37194,1.371965,-1.0,-1.0,-1
1.371965,1.371985,1.371955,1.37198,-1.0,-1.0,-1
1.37198,1.37207,1.37198,1.372065,-1.0,-1.0,-1
1.372065,1.372065,1.37203,1.37206,-1.0,-1.0,-1
1.37206,1.37208,1.37206,1.372075,-1.0,-1.0,-1
1.372075,1.372105,1.372075,1.372075,-1.0,-1.0,-1
1.372075,1.37208,1.37207,1.372075,-1.0,-1.0,-1
1.372075,1.37208,1.37206,1.37206,-1.0,-1.0,-1
1.37206,1.37207,1.372055,1.37207,-1.0,-1.0,-1
1.37207,1.37207,1.37207,1.37207,-1.0,-1.0,-1
1.37207,1.37207,1.372065,1.37207,-1.0,-1.0,-1
1.37207,1.37208,1.37207,1.372075,-1.0,-1.0,-1
1.372075,1.37208,1.37207,1.37207,-1.0,-1.0,-1
1.37207,1.372085,1.37207,1.372085,-1.0,-1.0,-1
1.372085,1.372085,1.372075,1.372075,-1.0,-1.0,-1
1.372075,1.372125,1.37207,1.372125,-1.0,-1.0,-1
1.372125,1.372125,1.3721,1.37211,-1.0,-1.0,-1
1.37211,1.37213,1.37211,1.37212,-1.0,-1.0,-1
1.37212,1.372135,1.372085,1.3721,-1.0,-1.0,-1
1.3721,1.37212,1.3721,1.37212,-1.0,-1.0,-1
1.37212,1.372125,1.3721,1.3721,-1.0,-1.0,-1
1.3721,1.37216,1.3721,1.372155,-1.0,-1.0,-1
1.372155,1.372155,1.372145,1.372145,-1.0,-1.0,-1
1.372145,1.372145,1.37213,1.372135,-1.0,-1.0,-1
1.372135,1.372135,1.372125,1.372125,-1.0,-1.0,-1
1.372125,1.372125,1.372115,1.372115,-1.0,-1.0,-1
1.372115,1.372155,1.372115,1.372155,-1.0,-1.0,-1
1.372155,1.372155,1.37215,1.372155,-1.0,-1.0,-1
1.372155,1.37216,1.37214,1.37216,-1.0,-1.0,-1
1.37216,1.372185,1.37216,1.37217,-1.0,-1.0,-1
1.37217,1.37217,1.372165,1.37217,-1.0,-1.0,-1
1.37217,1.37218,1.372165,1.372175,-1.0,-1.0,-1
1.372175,1.372175,1.37216,1.37216,-1.0,-1.0,-1
1.37216,1.372205,1.37216,1.37218,-1.0,-1.0,-1
1.37218,1.37218,1.372155,1.372155,-1.0,-1.0,-1
1.372155,1.37216,1.37212,1.372135,-1.0,-1.0,-1
1.372135,1.37214,1.372135,1.372135,-1.0,-1.0,-1
1.372135,1.37214,1.372135,1.372135,-1.0,-1.0,-1
1.372135,1.37214,1.372135,1.372135,-1.0,-1.0,-1
1.372135,1.37214,1.3721,1.3721,-1.0,-1.0,-1
1.3721,1.3721,1.3721,1.3721,-1.0,-1.0,-1
1.3721,1.372115,1.3721,1.372105,-1.0,-1.0,-1
1.372105,1.372105,1.372105,1.372105,-1.0,-1.0,-1
1.372105,1.372105,1.37208,1.37209,-1.0,-1.0,-1
1.37209,1.372105,1.372085,1.372105,-1.0,-1.0,-1
1.372105,1.372105,1.372105,1.372105,-1.0,-1.0,-1
1.372105,1.37211,1.372105,1.37211,-1.0,-1.0,-1
1.37211,1.37211,1.3721,1.372105,-1.0,-1.0,-1
1.372105,1.372105,1.3721,1.372105,-1.0,-1.0,-1
1.372105,1.372105,1.37209,1.3721,-1.0,-1.0,-1
1.3721,1.372105,1.37209,1.372105,-1.0,-1.0,-1
1.372105,1.372105,1.372075,1.372075,-1.0,-1.0,-1
1.372075,1.37208,1.37207,1.372075,-1.0,-1.0,-1
1.372075,1.372085,1.37207,1.37208,-1.0,-1.0,-1
1.37208,1.37209,1.37207,1.37207,-1.0,-1.0,-1
1.37207,1.37208,1.37207,1.372075,-1.0,-1.0,-1
1.372075,1.37209,1.372075,1.37209,-1.0,-1.0,-1
1.37209,1.37209,1.372085,1.37209,-1.0,-1.0,-1
1.37209,1.3721,1.372085,1.37209,-1.0,-1.0,-1
1.37209,1.37209,1.37208,1.372085,-1.0,-1.0,-1
1.372085,1.372095,1.37208,1.372095,-1.0,-1.0,-1
1.372095,1.3721,1.372085,1.3721,-1.0,-1.0,-1
1.3721,1.372135,1.3721,1.372125,-1.0,-1.0,-1
1.372125,1.372125,1.372115,1.372125,-1.0,-1.0,-1
1.372125,1.37213,1.372125,1.37213,-1.0,-1.0,-1
1.37213,1.37215,1.37213,1.37215,-1.0,-1.0,-1
1.37215,1.37215,1.37212,1.37212,-1.0,-1.0,-1
1.37212,1.37213,1.37212,1.37213,-1.0,-1.0,-1
1.37213,1.37213,1.37212,1.37212,-1.0,-1.0,-1
1.37212,1.37213,1.37212,1.37213,-1.0,-1.0,-1
1.37213,1.37213,1.37211,1.37212,-1.0,-1.0,-1
1.37212,1.372135,1.37212,1.37212,-1.0,-1.0,-1
1.37212,1.37213,1.37212,1.372125,-1.0,-1.0,-1
1.372125,1.372125,1.372115,1.37212,-1.0,-1.0,-1
1.37212,1.37218,1.37212,1.37218,-1.0,-1.0,-1
1.37218,1.37218,1.372165,1.37217,-1.0,-1.0,-1
1.37217,1.37217,1.37216,1.37216,-1.0,-1.0,-1
1.37216,1.372165,1.37216,1.372165,-1.0,-1.0,-1
1.372165,1.372165,1.37216,1.37216,-1.0,-1.0,-1
1.37216,1.37216,1.37216,1.37216,-1.0,-1.0,-1
1.37216,1.37216,1.37216,1.37216,-1.0,-1.0,-1
1.37216,1.37216,1.372155,1.372155,-1.0,-1.0,-1
1.372155,1.372155,1.372155,1.372155,-1.0,-1.0,-1
1.372155,1.372155,1.372155,1.372155,-1.0,-1.0,-1
1.372155,1.372155,1.372155,1.372155,-1.0,-1.0,-1
1.372155,1.37216,1.372155,1.37216,-1.0,-1.0,-1
1.37216,1.37216,1.372155,1.372155,-1.0,-1.0,-1
1.372155,1.372155,1.372155,1.372155,-1.0,-1.0,-1
1.372155,1.37216,1.372155,1.37216,-1.0,-1.0,-1
1.37216,1.37216,1.372155,1.372155,-1.0,-1.0,-1
1.372155,1.372155,1.372155,1.372155,-1.0,-1.0,-1
1.372155,1.372155,1.372155,1.372155,-1.0,-1.0,-1
1.372155,1.372165,1.372155,1.372165,-1.0,-1.0,-1
1.372165,1.372165,1.37216,1.372165,-1.0,-1.0,-1
1.372165,1.372165,1.372165,1.372165,-1.0,-1.0,-1
1.372165,1.372165,1.37216,1.372165,-1.0,-1.0,-1
1.372165,1.372165,1.37216,1.37216,-1.0,-1.0,-1
1.37216,1.372165,1.372155,1.372155,-1.0,-1.0,-1
1.372155,1.372155,1.37215,1.372155,-1.0,-1.0,-1
1.372155,1.37216,1.372155,1.37216,-1.0,-1.0,-1
1.37216,1.37216,1.37216,1.37216,-1.0,-1.0,-1
1.37216,1.37216,1.37216,1.37216,-1.0,-1.0,-1
1.37216,1.372165,1.37216,1.37216,-1.0,-1.0,-1
1.37216,1.372165,1.37216,1.37216,-1.0,-1.0,-1
1.37216,1.372185,1.37216,1.37218,-1.0,-1.0,-1
1.37218,1.37218,1.37216,1.37218,-1.0,-1.0,-1
1.37218,1.37219,1.372165,1.37219,-1.0,-1.0,-1
1.37219,1.37219,1.37218,1.372185,-1.0,-1.0,-1
1.372185,1.37219,1.37218,1.37219,-1.0,-1.0,-1
1.37219,1.372195,1.37219,1.372195,-1.0,-1.0,-1
1.372195,1.3722,1.37219,1.37219,-1.0,-1.0,-1
1.37219,1.37219,1.37219,1.37219,-1.0,-1.0,-1
1.37219,1.37219,1.37219,1.37219,-1.0,-1.0,-1
1.37219,1.372195,1.372165,1.37219,-1.0,-1.0,-1
1.37219,1.37219,1.372175,1.37219,-1.0,-1.0,-1
1.37219,1.37219,1.372165,1.37218,-1.0,-1.0,-1
1.37218,1.37218,1.372165,1.37218,-1.0,-1.0,-1
1.37218,1.37218,1.372165,1.372165,-1.0,-1.0,-1
1.372165,1.372175,1.372165,1.372175,-1.0,-1.0,-1
1.372175,1.37218,1.372175,1.372175,-1.0,-1.0,-1
1.372175,1.372175,1.372165,1.372165,-1.0,-1.0,-1
1.372165,1.372165,1.37216,1.37216,-1.0,-1.0,-1
1.37216,1.372165,1.37213,1.372155,-1.0,-1.0,-1
1.372155,1.37216,1.372155,1.37216,-1.0,-1.0,-1
1.37216,1.37216,1.37216,1.37216,-1.0,-1.0,-1
1.37216,1.37218,1.37216,1.37218,-1.0,-1.0,-1
1.37218,1.372185,1.372175,1.37218,-1.0,-1.0,-1
1.37218,1.37218,1.37217,1.37218,-1.0,-1.0,-1
1.37218,1.37218,1.372175,1.372175,-1.0,-1.0,-1
1.372175,1.372175,1.372175,1.372175,-1.0,-1.0,-1
1.372175,1.372175,1.372165,1.37217,-1.0,-1.0,-1
1.37217,1.37217,1.37216,1.372165,-1.0,-1.0,-1
1.372165,1.37217,1.37216,1.37217,-1.0,-1.0,-1
1.37217,1.37217,1.372165,1.37217,-1.0,-1.0,-1
1.37217,1.37217,1.37216,1.37217,-1.0,-1.0,-1
1.37217,1.372175,1.372165,1.372175,-1.0,-1.0,-1
1.372175,1.372175,1.372175,1.372175,-1.0,-1.0,-1
1.372175,1.372175,1.372165,1.372175,-1.0,-1.0,-1
1.372175,1.37218,1.372175,1.37218,-1.0,-1.0,-1
1.37218,1.37218,1.37217,1.37217,-1.0,-1.0,-1
1.37217,1.37218,1.37217,1.37218,-1.0,-1.0,-1
1.37218,1.37218,1.372175,1.372175,-1.0,-1.0,-1
1.372175,1.372175,1.37216,1.37216,-1.0,-1.0,-1
1.37216,1.372175,1.37216,1.372175,-1.0,-1.0,-1
1.372175,1.37218,1.372165,1.37218,-1.0,-1.0,-1
1.37218,1.37218,1.37213,1.37213,-1.0,-1.0,-1
1.37213,1.37215,1.37212,1.37215,-1.0,-1.0,-1
1.37215,1.37215,1.37213,1.372135,-1.0,-1.0,-1
1.372135,1.372135,1.37213,1.372135,-1.0,-1.0,-1
1.372135,1.37216,1.37213,1.37215,-1.0,-1.0,-1
1.37215,1.37218,1.37215,1.37218,-1.0,-1.0,-1
1.37218,1.37218,1.37217,1.37217,-1.0,-1.0,-1
1.37217,1.37217,1.37215,1.37215,-1.0,-1.0,-1
1.37215,1.37215,1.37214,1.37214,-1.0,-1.0,-1
1.37214,1.37215,1.37214,1.37214,-1.0,-1.0,-1
1.37214,1.37216,1.37214,1.37215,-1.0,-1.0,-1
1.37215,1.37215,1.37213,1.372135,-1.0,-1.0,-1
1.372135,1.372135,1.372125,1.37213,-1.0,-1.0,-1
1.37213,1.372135,1.37213,1.372135,-1.0,-1.0,-1
1.372135,1.372145,1.372125,1.372135,-1.0,-1.0,-1
1.372135,1.372135,1.372125,1.372125,-1.0,-1.0,-1
1.372125,1.372125,1.372125,1.372125,-1.0,-1.0,-1
1.372125,1.372125,1.37209,1.372095,-1.0,-1.0,-1
1.372095,1.372105,1.37209,1.3721,-1.0,-1.0,-1
1.3721,1.372115,1.3721,1.37211,-1.0,-1.0,-1
1.37211,1.372115,1.372105,1.37211,-1.0,-1.0,-1
1.37211,1.372115,1.372105,1.372105,-1.0,-1.0,-1
1.372105,1.37215,1.372105,1.37215,-1.0,-1.0,-1
1.37215,1.37215,1.37214,1.37214,-1.0,-1.0,-1
1.37214,1.37214,1.37213,1.372135,-1.0,-1.0,-1
1.372135,1.372135,1.37213,1.372135,-1.0,-1.0,-1
1.372135,1.37214,1.37213,1.37214,-1.0,-1.0,-1
1.37214,1.37214,1.372125,1.372135,-1.0,-1.0,-1
1.372135,1.37214,1.37213,1.372135,-1.0,-1.0,-1
1.372135,1.372135,1.37213,1.37213,-1.0,-1.0,-1
1.37213,1.372135,1.37209,1.372105,-1.0,-1.0,-1
1.372105,1.372105,1.37209,1.3721,-1.0,-1.0,-1
1.3721,1.372105,1.37209,1.372095,-1.0,-1.0,-1
1.372095,1.372095,1.37207,1.372075,-1.0,-1.0,-1
1.372075,1.37208,1.372075,1.372075,-1.0,-1.0,-1
1.372075,1.37208,1.37207,1.37207,-1.0,-1.0,-1
1.37207,1.37207,1.37207,1.37207,-1.0,-1.0,-1
1.37207,1.372095,1.37207,1.37209,-1.0,-1.0,-1
1.37209,1.37209,1.37207,1.37209,-1.0,-1.0,-1
1.37209,1.37209,1.372075,1.372075,-1.0,-1.0,-1
1.372075,1.37208,1.37207,1.37207,-1.0,-1.0,-1
1.37207,1.372085,1.372065,1.372075,-1.0,-1.0,-1
1.372075,1.37208,1.37207,1.37207,-1.0,-1.0,-1
1.37207,1.37208,1.37207,1.37207,-1.0,-1.0,-1
1.37207,1.37207,1.37206,1.37206,-1.0,-1.0,-1
1.37206,1.37208,1.37206,1.37207,-1.0,-1.0,-1
1.37207,1.37207,1.372065,1.37207,-1.0,-1.0,-1
1.37207,1.37209,1.37207,1.37209,-1.0,-1.0,-1
1.37209,1.372105,1.372075,1.3721,-1.0,-1.0,-1
1.3721,1.3721,1.37207,1.37207,-1.0,-1.0,-1
1.37207,1.37208,1.37207,1.37207,-1.0,-1.0,-1
1.37207,1.37208,1.372065,1.37207,-1.0,-1.0,-1
1.37207,1.372085,1.372065,1.372085,-1.0,-1.0,-1
1.372085,1.37209,1.37208,1.37208,-1.0,-1.0,-1
1.37208,1.37209,1.37208,1.37208,-1.0,-1.0,-1
1.37208,1.37208,1.37208,1.37208,-1.0,-1.0,-1
1.37208,1.3721,1.372075,1.3721,-1.0,-1.0,-1
1.3721,1.372105,1.37207,1.37207,-1.0,-1.0,-1
1.37207,1.37207,1.37207,1.37207,-1.0,-1.0,-1
1.37207,1.37207,1.37207,1.37207,-1.0,-1.0,-1
1.37207,1.37207,1.372065,1.37207,-1.0,-1.0,-1
1.37207,1.37208,1.37207,1.37207,-1.0,-1.0,-1
1.37207,1.37207,1.372065,1.372065,-1.0,-1.0,-1
1.372065,1.372065,1.37206,1.37206,-1.0,-1.0,-1
1.37206,1.372065,1.37206,1.37206,-1.0,-1.0,-1
1.37206,1.372065,1.372055,1.372065,-1.0,-1.0,-1
1.372065,1.37207,1.372065,1.37207,-1.0,-1.0,-1
1.37207,1.37207,1.37206,1.37206,-1.0,-1.0,-1
1.37206,1.372065,1.37206,1.372065,-1.0,-1.0,-1
1.372065,1.37208,1.372065,1.37208,-1.0,-1.0,-1
1.37208,1.37208,1.37208,1.37208,-1.0,-1.0,-1
1.37208,1.372175,1.37208,1.37217,-1.0,-1.0,-1
1.37217,1.37217,1.372155,1.372165,-1.0,-1.0,-1
1.372165,1.37217,1.372155,1.37217,-1.0,-1.0,-1
1.37217,1.37217,1.372155,1.37217,-1.0,-1.0,-1
1.37217,1.372175,1.372155,1.37217,-1.0,-1.0,-1
1.37217,1.372175,1.37216,1.37216,-1.0,-1.0,-1
1.37216,1.37216,1.372155,1.372155,-1.0,-1.0,-1
1.372155,1.372155,1.372155,1.372155,-1.0,-1.0,-1
1.372155,1.37218,1.372155,1.372165,-1.0,-1.0,-1
1.372165,1.372165,1.37216,1.37216,-1.0,-1.0,-1
1.37216,1.37216,1.372155,1.372155,-1.0,-1.0,-1
1.372155,1.37216,1.372155,1.37216,-1.0,-1.0,-1
1.37216,1.372165,1.37216,1.372165,-1.0,-1.0,-1
1.372165,1.372175,1.37211,1.37211,-1.0,-1.0,-1
1.37211,1.372125,1.37211,1.372125,-1.0,-1.0,-1
1.372125,1.372165,1.372125,1.372155,-1.0,-1.0,-1
1.372155,1.372155,1.372155,1.372155,-1.0,-1.0,-1
1.372155,1.372155,1.372155,1.372155,-1.0,-1.0,-1
1.372155,1.37216,1.37214,1.372145,-1.0,-1.0,-1
1.372145,1.372145,1.37214,1.37214,-1.0,-1.0,-1
1.37214,1.372145,1.37211,1.37214,-1.0,-1.0,-1
1.37214,1.372155,1.37214,1.372155,-1.0,-1.0,-1
1.372155,1.372185,1.372155,1.372175,-1.0,-1.0,-1
1.372175,1.37219,1.372165,1.372165,-1.0,-1.0,-1
1.372165,1.372175,1.37216,1.37216,-1.0,-1.0,-1
1.37216,1.37217,1.37216,1.372165,-1.0,-1.0,-1
1.372165,1.372165,1.37216,1.37216,-1.0,-1.0,-1
1.37216,1.372165,1.372125,1.372125,-1.0,-1.0,-1
1.372125,1.372145,1.37212,1.372135,-1.0,-1.0,-1
1.372135,1.372155,1.37213,1.372155,-1.0,-1.0,-1
1.372155,1.37217,1.372155,1.372165,-1.0,-1.0,-1
1.372165,1.37217,1.37215,1.37215,-1.0,-1.0,-1
1.37215,1.372155,1.37215,1.372155,-1.0,-1.0,-1
1.372155,1.372155,1.372155,1.372155,-1.0,-1.0,-1
1.372155,1.372155,1.37215,1.372155,-1.0,-1.0,-1
1.372155,1.37216,1.372155,1.37216,-1.0,-1.0,-1
1.37216,1.37216,1.372155,1.372155,-1.0,-1.0,-1
1.372155,1.372165,1.372155,1.37216,-1.0,-1.0,-1
1.37216,1.37216,1.37213,1.37214,-1.0,-1.0,-1
1.37214,1.37214,1.372125,1.372125,-1.0,-1.0,-1
1.372125,1.37214,1.37212,1.37212,-1.0,-1.0,-1
1.37212,1.372125,1.37212,1.372125,-1.0,-1.0,-1
1.372125,1.37215,1.372125,1.37215,-1.0,-1.0,-1
1.37215,1.37215,1.37213,1.372135,-1.0,-1.0,-1
1.372135,1.372215,1.37213,1.372155,-1.0,-1.0,-1
1.372155,1.37216,1.372155,1.37216,-1.0,-1.0,-1
1.37216,1.372185,1.372155,1.37216,-1.0,-1.0,-1
1.37216,1.372175,1.372155,1.372155,-1.0,-1.0,-1
1.372155,1.372155,1.372105,1.37212,-1.0,-1.0,-1
1.37212,1.372165,1.372115,1.37216,-1.0,-1.0,-1
1.37216,1.37216,1.372155,1.37216,-1.0,-1.0,-1
1.37216,1.372225,1.37213,1.37213,-1.0,-1.0,-1
1.37213,1.372135,1.37202,1.37206,-1.0,-1.0,-1
1.37206,1.37207,1.372045,1.372065,-1.0,-1.0,-1
1.372065,1.372065,1.372035,1.372035,-1.0,-1.0,-1
1.372035,1.37207,1.372035,1.372065,-1.0,-1.0,-1
1.372065,1.37208,1.37206,1.372075,-1.0,-1.0,-1
1.372075,1.37208,1.37206,1.37207,-1.0,-1.0,-1
1.37207,1.37208,1.37207,1.372075,-1.0,-1.0,-1
1.372075,1.372135,1.372075,1.372135,-1.0,-1.0,-1
1.372135,1.372135,1.37211,1.372135,-1.0,-1.0,-1
1.372135,1.372135,1.372075,1.37208,-1.0,-1.0,-1
1.37208,1.3721,1.372075,1.372075,-1.0,-1.0,-1
1.372075,1.372085,1.37207,1.37207,-1.0,-1.0,-1
1.37207,1.37208,1.37207,1.37207,-1.0,-1.0,-1
1.37207,1.37209,1.37207,1.37209,-1.0,-1.0,-1
1.37209,1.372095,1.372075,1.372085,-1.0,-1.0,-1
1.372085,1.372085,1.37207,1.37207,-1.0,-1.0,-1
1.37207,1.37207,1.372015,1.372025,-1.0,-1.0,-1
1.372025,1.372055,1.37202,1.372035,-1.0,-1.0,-1
1.372035,1.372035,1.37197,1.37197,-1.0,-1.0,-1
1.37197,1.371985,1.371965,1.371975,-1.0,-1.0,-1
1.371975,1.371985,1.371975,1.371985,-1.0,-1.0,-1
1.371985,1.371985,1.371985,1.371985,-1.0,-1.0,-1
1.371985,1.37203,1.37198,1.37203,-1.0,-1.0,-1
1.37203,1.372035,1.372025,1.37203,-1.0,-1.0,-1
1.37203,1.37203,1.372005,1.372015,-1.0,-1.0,-1
1.372015,1.372065,1.372015,1.372065,-1.0,-1.0,-1
1.372065,1.372125,1.37206,1.37209,-1.0,-1.0,-1
1.37209,1.37209,1.372065,1.37207,-1.0,-1.0,-1
1.37207,1.37208,1.37206,1.372075,-1.0,-1.0,-1
1.372075,1.37208,1.37207,1.37207,-1.0,-1.0,-1
1.37207,1.372135,1.37207,1.372125,-1.0,-1.0,-1
1.372125,1.372125,1.37208,1.372095,-1.0,-1.0,-1
1.372095,1.372115,1.37207,1.372095,-1.0,-1.0,-1
1.372095,1.3721,1.372085,1.37209,-1.0,-1.0,-1
1.37209,1.37209,1.372085,1.37209,-1.0,-1.0,-1
1.37209,1.37212,1.372085,1.3721,-1.0,-1.0,-1
1.3721,1.372155,1.3721,1.372155,-1.0,-1.0,-1
1.372155,1.372175,1.372155,1.372175,-1.0,-1.0,-1
1.372175,1.372175,1.372165,1.37217,-1.0,-1.0,-1
1.37217,1.372175,1.37216,1.372175,-1.0,-1.0,-1
1.372175,1.372175,1.37216,1.372175,-1.0,-1.0,-1
1.372175,1.372235,1.372165,1.372235,-1.0,-1.0,-1
1.372235,1.372375,1.37223,1.372375,-1.0,-1.0,-1
1.372375,1.372395,1.372375,1.37239,-1.0,-1.0,-1
1.37239,1.3724,1.372375,1.372375,-1.0,-1.0,-1
1.372375,1.372395,1.37237,1.372385,-1.0,-1.0,-1
1.372385,1.372395,1.37238,1.372385,-1.0,-1.0,-1
1.372385,1.372385,1.37235,1.37236,-1.0,-1.0,-1
1.37236,1.37236,1.37232,1.372325,-1.0,-1.0,-1
1.372325,1.37234,1.372325,1.37234,-1.0,-1.0,-1
1.37234,1.37234,1.3723,1.3723,-1.0,-1.0,-1
1.3723,1.372375,1.3723,1.372375,-1.0,-1.0,-1
1.372375,1.372375,1.37237,1.37237,-1.0,-1.0,-1
1.37237,1.372385,1.37234,1.37238,-1.0,-1.0,-1
1.37238,1.372385,1.372375,1.37238,-1.0,-1.0,-1
1.37238,1.372395,1.37238,1.372385,-1.0,-1.0,-1
1.372385,1.372395,1.372385,1.372395,-1.0,-1.0,-1
1.372395,1.372395,1.372365,1.372365,-1.0,-1.0,-1
1.372365,1.37237,1.37234,1.37235,-1.0,-1.0,-1
1.37235,1.372365,1.37235,1.372355,-1.0,-1.0,-1
1.372355,1.372375,1.37235,1.372375,-1.0,-1.0,-1
1.372375,1.372375,1.37235,1.372355,-1.0,-1.0,-1
1.372355,1.372355,1.37228,1.37228,-1.0,-1.0,-1
1.37228,1.37229,1.372215,1.372225,-1.0,-1.0,-1
1.372225,1.372265,1.3722,1.372265,-1.0,-1.0,-1
1.372265,1.37227,1.37225,1.372255,-1.0,-1.0,-1
1.372255,1.372255,1.372105,1.372105,-1.0,-1.0,-1
1.372105,1.37211,1.37208,1.372085,-1.0,-1.0,-1
1.372085,1.37214,1.372085,1.3721,-1.0,-1.0,-1
1.3721,1.372105,1.3721,1.3721,-1.0,-1.0,-1
1.3721,1.372165,1.3721,1.372165,-1.0,-1.0,-1
1.372165,1.37217,1.37216,1.37217,-1.0,-1.0,-1
1.37217,1.37217,1.37212,1.372125,-1.0,-1.0,-1
1.372125,1.372125,1.372115,1.372125,-1.0,-1.0,-1
1.372125,1.372125,1.372115,1.372115,-1.0,-1.0,-1
1.372115,1.37214,1.37209,1.372125,-1.0,-1.0,-1
1.372125,1.372165,1.372115,1.37216,-1.0,-1.0,-1
1.37216,1.37216,1.37214,1.37214,-1.0,-1.0,-1
1.37214,1.372145,1.37207,1.37207,-1.0,-1.0,-1
1.37207,1.37212,1.37206,1.372115,-1.0,-1.0,-1
1.372115,1.372165,1.37209,1.37216,-1.0,-1.0,-1
1.37216,1.372175,1.37216,1.37216,-1.0,-1.0,-1
1.37216,1.372175,1.372155,1.372165,-1.0,-1.0,-1
1.372165,1.372185,1.37216,1.372175,-1.0,-1.0,-1
1.372175,1.372195,1.372175,1.372185,-1.0,-1.0,-1
1.372185,1.372185,1.372155,1.372155,-1.0,-1.0,-1
1.372155,1.372175,1.372145,1.372175,-1.0,-1.0,-1
1.372175,1.372175,1.372155,1.37217,-1.0,-1.0,-1
1.37217,1.37224,1.372165,1.37224,-1.0,-1.0,-1
1.37224,1.372265,1.37224,1.372265,-1.0,-1.0,-1
1.372265,1.372265,1.37226,1.372265,-1.0,-1.0,-1
1.372265,1.372265,1.37226,1.372265,-1.0,-1.0,-1
1.372265,1.37229,1.37226,1.372285,-1.0,-1.0,-1
1.372285,1.37229,1.37226,1.372265,-1.0,-1.0,-1
1.372265,1.372265,1.372175,1.37222,-1.0,-1.0,-1
1.37222,1.37223,1.372215,1.37223,-1.0,-1.0,-1
1.37223,1.372265,1.372225,1.37226,-1.0,-1.0,-1
1.37226,1.372275,1.372255,1.372275,-1.0,-1.0,-1
1.372275,1.372315,1.37227,1.37231,-1.0,-1.0,-1
1.37231,1.372315,1.3723,1.372315,-1.0,-1.0,-1
1.372315,1.372315,1.372285,1.372285,-1.0,-1.0,-1
1.372285,1.37229,1.372285,1.37229,-1.0,-1.0,-1
1.37229,1.3723,1.372285,1.37229,-1.0,-1.0,-1
1.37229,1.372345,1.37229,1.372345,-1.0,-1.0,-1
1.372345,1.37235,1.37234,1.37235,-1.0,-1.0,-1
1.37235,1.372355,1.37235,1.372355,-1.0,-1.0,-1
1.372355,1.37236,1.37234,1.37236,-1.0,-1.0,-1
1.37236,1.372365,1.37235,1.372355,-1.0,-1.0,-1
1.372355,1.37236,1.37235,1.37236,-1.0,-1.0,-1
1.37236,1.372365,1.37236,1.372365,-1.0,-1.0,-1
1.372365,1.372365,1.37235,1.372355,-1.0,-1.0,-1
1.372355,1.37237,1.37235,1.37237,-1.0,-1.0,-1
1.37237,1.372375,1.37237,1.37237,-1.0,-1.0,-1
1.37237,1.37242,1.37236,1.37237,-1.0,-1.0,-1
1.37237,1.372405,1.37237,1.372405,-1.0,-1.0,-1
1.372405,1.37242,1.3724,1.372405,-1.0,-1.0,-1
1.372405,1.372405,1.372385,1.3724,-1.0,-1.0,-1
1.3724,1.3724,1.372385,1.372395,-1.0,-1.0,-1
1.372395,1.3724,1.372385,1.3724,-1.0,-1.0,-1
1.3724,1.3724,1.37237,1.372375,-1.0,-1.0,-1
1.372375,1.372385,1.37234,1.372345,-1.0,-1.0,-1
1.372345,1.37236,1.37234,1.372345,-1.0,-1.0,-1
1.372345,1.37235,1.37234,1.372345,-1.0,-1.0,-1
1.372345,1.372345,1.37234,1.372345,-1.0,-1.0,-1
1.372345,1.372375,1.37234,1.372365,-1.0,-1.0,-1
1.372365,1.3724,1.372365,1.37237,-1.0,-1.0,-1
1.37237,1.37242,1.37236,1.372405,-1.0,-1.0,-1
1.372405,1.37244,1.37239,1.372395,-1.0,-1.0,-1
1.372395,1.372395,1.37237,1.372375,-1.0,-1.0,-1
1.372375,1.372375,1.372365,1.372365,-1.0,-1.0,-1
1.372365,1.372385,1.37235,1.37238,-1.0,-1.0,-1
1.37238,1.372385,1.37238,1.37238,-1.0,-1.0,-1
1.37238,1.372385,1.37237,1.37238,-1.0,-1.0,-1
1.37238,1.37243,1.37237,1.37237,-1.0,-1.0,-1
1.37237,1.37237,1.37236,1.37236,-1.0,-1.0,-1
1.37236,1.37237,1.37236,1.372365,-1.0,-1.0,-1
1.372365,1.372365,1.372355,1.372365,-1.0,-1.0,-1
1.372365,1.372405,1.372365,1.3724,-1.0,-1.0,-1
1.3724,1.3724,1.37238,1.37238,-1.0,-1.0,-1
1.37238,1.37242,1.37238,1.372415,-1.0,-1.0,-1
1.372415,1.37243,1.372385,1.37239,-1.0,-1.0,-1
1.37239,1.3724,1.372385,1.3724,-1.0,-1.0,-1
1.3724,1.3724,1.372385,1.372385,-1.0,-1.0,-1
1.372385,1.3724,1.37238,1.3724,-1.0,-1.0,-1
1.3724,1.3724,1.37239,1.3724,-1.0,-1.0,-1
1.3724,1.3724,1.372395,1.3724,-1.0,-1.0,-1
1.3724,1.37244,1.372395,1.372425,-1.0,-1.0,-1
1.372425,1.37243,1.372415,1.37243,-1.0,-1.0,-1
1.37243,1.37243,1.372415,1.372415,-1.0,-1.0,-1
1.372415,1.372415,1.372415,1.372415,-1.0,-1.0,-1
1.372415,1.37243,1.372415,1.37242,-1.0,-1.0,-1
1.37242,1.37243,1.372415,1.372415,-1.0,-1.0,-1
1.372415,1.372415,1.372405,1.37241,-1.0,-1.0,-1
1.37241,1.372415,1.37235,1.372355,-1.0,-1.0,-1
1.372355,1.372355,1.37234,1.37235,-1.0,-1.0,-1
1.37235,1.37236,1.37226,1.37227,-1.0,-1.0,-1
1.37227,1.372315,1.37226,1.37231,-1.0,-1.0,-1
1.37231,1.372335,1.372295,1.372295,-1.0,-1.0,-1
1.372295,1.372315,1.37227,1.372275,-1.0,-1.0,-1
1.372275,1.37228,1.37227,1.372275,-1.0,-1.0,-1
1.372275,1.372275,1.37225,1.37226,-1.0,-1.0,-1
1.37226,1.37226,1.37225,1.37225,-1.0,-1.0,-1
1.37225,1.372255,1.37225,1.37225,-1.0,-1.0,-1
1.37225,1.372265,1.37225,1.37226,-1.0,-1.0,-1
1.37226,1.372265,1.37225,1.37225,-1.0,-1.0,-1
1.37225,1.372275,1.37225,1.372275,-1.0,-1.0,-1
1.372275,1.372285,1.37219,1.37228,-1.0,-1.0,-1
1.37228,1.37228,1.37226,1.372275,-1.0,-1.0,-1
1.372275,1.37228,1.37221,1.37225,-1.0,-1.0,-1
1.37225,1.372255,1.372245,1.37225,-1.0,-1.0,-1
1.37225,1.37226,1.372245,1.372255,-1.0,-1.0,-1
1.372255,1.372265,1.37225,1.372255,-1.0,-1.0,-1
1.372255,1.372265,1.372255,1.372265,-1.0,-1.0,-1
1.372265,1.372265,1.3722,1.372225,-1.0,-1.0,-1
1.372225,1.372255,1.372215,1.37222,-1.0,-1.0,-1
1.37222,1.37222,1.372195,1.372195,-1.0,-1.0,-1
1.372195,1.37226,1.372195,1.37226,-1.0,-1.0,-1
1.37226,1.37226,1.372215,1.37222,-1.0,-1.0,-1
1.37222,1.37222,1.37221,1.37221,-1.0,-1.0,-1
1.37221,1.372225,1.37221,1.372215,-1.0,-1.0,-1
1.372215,1.372225,1.37221,1.37221,-1.0,-1.0,-1
1.37221,1.37223,1.37221,1.37223,-1.0,-1.0,-1
1.37223,1.372245,1.372225,1.372245,-1.0,-1.0,-1
1.372245,1.372245,1.372225,1.372225,-1.0,-1.0,-1
1.372225,1.372225,1.372225,1.372225,-1.0,-1.0,-1
1.372225,1.372235,1.37221,1.37222,-1.0,-1.0,-1
1.37222,1.372225,1.372165,1.37218,-1.0,-1.0,-1
1.37218,1.372185,1.372165,1.372175,-1.0,-1.0,-1
1.372175,1.37218,1.372165,1.37218,-1.0,-1.0,-1
1.37218,1.37222,1.372175,1.3722,-1.0,-1.0,-1
1.3722,1.3722,1.37218,1.372185,-1.0,-1.0,-1
1.372185,1.372195,1.372175,1.372195,-1.0,-1.0,-1
1.372195,1.37221,1.372195,1.372195,-1.0,-1.0,-1
1.372195,1.372215,1.37218,1.372195,-1.0,-1.0,-1
1.372195,1.3722,1.37218,1.372195,-1.0,-1.0,-1
1.372195,1.372195,1.372175,1.372175,-1.0,-1.0,-1
1.372175,1.372175,1.37211,1.372115,-1.0,-1.0,-1
1.372115,1.372125,1.3721,1.372125,-1.0,-1.0,-1
1.372125,1.372195,1.37212,1.372155,-1.0,-1.0,-1
1.372155,1.37217,1.372155,1.372155,-1.0,-1.0,-1
1.372155,1.37217,1.372155,1.37217,-1.0,-1.0,-1
1.37217,1.37219,1.37217,1.37218,-1.0,-1.0,-1
1.37218,1.372185,1.372175,1.372185,-1.0,-1.0,-1
1.372185,1.3722,1.372175,1.3722,-1.0,-1.0,-1
1.3722,1.3722,1.37218,1.37219,-1.0,-1.0,-1
1.37219,1.372195,1.37218,1.37219,-1.0,-1.0,-1
1.37219,1.37219,1.37218,1.372185,-1.0,-1.0,-1
1.372185,1.37219,1.372175,1.37218,-1.0,-1.0,-1
1.37218,1.3722,1.372175,1.3722,-1.0,-1.0,-1
1.3722,1.37221,1.3722,1.37221,-1.0,-1.0,-1
1.37221,1.37221,1.3722,1.3722,-1.0,-1.0,-1
1.3722,1.3722,1.37219,1.372195,-1.0,-1.0,-1
1.372195,1.372195,1.37218,1.372195,-1.0,-1.0,-1
1.372195,1.372195,1.37216,1.372165,-1.0,-1.0,-1
1.372165,1.372165,1.372165,1.372165,-1.0,-1.0,-1
1.372165,1.372225,1.372165,1.37221,-1.0,-1.0,-1
1.37221,1.372215,1.3722,1.3722,-1.0,-1.0,-1
1.3722,1.372255,1.37219,1.37225,-1.0,-1.0,-1
1.37225,1.37228,1.372205,1.372215,-1.0,-1.0,-1
1.372215,1.372215,1.372195,1.37221,-1.0,-1.0,-1
1.37221,1.37223,1.3722,1.372225,-1.0,-1.0,-1
1.372225,1.372255,1.372215,1.37223,-1.0,-1.0,-1
1.37223,1.37223,1.37223,1.37223,-1.0,-1.0,-1
1.37223,1.37228,1.37223,1.372275,-1.0,-1.0,-1
1.372275,1.372295,1.37227,1.372295,-1.0,-1.0,-1
1.372295,1.37231,1.37229,1.372295,-1.0,-1.0,-1
1.372295,1.372295,1.372285,1.372285,-1.0,-1.0,-1
1.372285,1.372385,1.372285,1.372385,-1.0,-1.0,-1
1.372385,1.372405,1.37238,1.372395,-1.0,-1.0,-1
1.372395,1.372405,1.372385,1.372395,-1.0,-1.0,-1
1.372395,1.37241,1.372395,1.372405,-1.0,-1.0,-1
1.372405,1.372405,1.37239,1.372405,-1.0,-1.0,-1
1.372405,1.372405,1.37239,1.37239,-1.0,-1.0,-1
1.37239,1.37241,1.372385,1.3724,-1.0,-1.0,-1
1.3724,1.3724,1.372385,1.372385,-1.0,-1.0,-1
1.372385,1.372395,1.372375,1.372375,-1.0,-1.0,-1
1.372375,1.372385,1.372375,1.372385,-1.0,-1.0,-1
1.372385,1.3724,1.37238,1.3724,-1.0,-1.0,-1
1.3724,1.3724,1.372305,1.37235,-1.0,-1.0,-1
1.37235,1.37241,1.372345,1.37241,-1.0,-1.0,-1
1.37241,1.37241,1.372395,1.37241,-1.0,-1.0,-1
1.37241,1.37245,1.37241,1.37244,-1.0,-1.0,-1
1.37244,1.372445,1.372435,1.372445,-1.0,-1.0,-1
1.372445,1.372455,1.372445,1.37245,-1.0,-1.0,-1
1.37245,1.37248,1.372445,1.37247,-1.0,-1.0,-1
1.37247,1.372485,1.372445,1.372465,-1.0,-1.0,-1
1.372465,1.372475,1.372445,1.372475,-1.0,-1.0,-1
1.372475,1.372475,1.372445,1.37246,-1.0,-1.0,-1
1.37246,1.372475,1.37246,1.37247,-1.0,-1.0,-1
1.37247,1.37247,1.37246,1.37246,-1.0,-1.0,-1
1.37246,1.37247,1.37246,1.37246,-1.0,-1.0,-1
1.37246,1.37247,1.372445,1.37247,-1.0,-1.0,-1
1.37247,1.37247,1.372445,1.372445,-1.0,-1.0,-1
1.372445,1.372455,1.372445,1.37245,-1.0,-1.0,-1
1.37245,1.372455,1.372445,1.372455,-1.0,-1.0,-1
1.372455,1.372485,1.372445,1.37248,-1.0,-1.0,-1
1.37248,1.372495,1.37248,1.37249,-1.0,-1.0,-1
1.37249,1.372495,1.372485,1.37249,-1.0,-1.0,-1
1.37249,1.37249,1.37247,1.372485,-1.0,-1.0,-1
1.372485,1.37249,1.37248,1.37248,-1.0,-1.0,-1
1.37248,1.372605,1.37248,1.37259,-1.0,-1.0,-1
1.37259,1.37264,1.372575,1.37259,-1.0,-1.0,-1
1.37259,1.37264,1.37258,1.37261,-1.0,-1.0,-1
1.37261,1.37261,1.372575,1.372585,-1.0,-1.0,-1
1.372585,1.372585,1.37256,1.372575,-1.0,-1.0,-1
1.372575,1.37259,1.372575,1.372575,-1.0,-1.0,-1
1.372575,1.372575,1.372555,1.372555,-1.0,-1.0,-1
1.372555,1.37256,1.372555,1.372555,-1.0,-1.0,-1
1.372555,1.372565,1.372505,1.37254,-1.0,-1.0,-1
1.37254,1.372555,1.372525,1.37255,-1.0,-1.0,-1
1.37255,1.372555,1.37254,1.37254,-1.0,-1.0,-1
1.37254,1.372555,1.37254,1.372545,-1.0,-1.0,-1
1.372545,1.372555,1.37254,1.37255,-1.0,-1.0,-1
1.37255,1.372555,1.37252,1.37253,-1.0,-1.0,-1
1.37253,1.372545,1.372525,1.372545,-1.0,-1.0,-1
1.372545,1.37256,1.37253,1.372545,-1.0,-1.0,-1
1.372545,1.372545,1.37254,1.372545,-1.0,-1.0,-1
1.372545,1.372545,1.37253,1.372535,-1.0,-1.0,-1
1.372535,1.372545,1.37253,1.372535,-1.0,-1.0,-1
1.372535,1.372545,1.37252,1.372535,-1.0,-1.0,-1
1.372535,1.37257,1.37253,1.372555,-1.0,-1.0,-1
1.372555,1.37258,1.372545,1.37258,-1.0,-1.0,-1
1.37258,1.37259,1.372575,1.37258,-1.0,-1.0,-1
1.37258,1.372585,1.372575,1.372585,-1.0,-1.0,-1
1.372585,1.372585,1.372565,1.37258,-1.0,-1.0,-1
1.37258,1.372585,1.372575,1.37258,-1.0,-1.0,-1
1.37258,1.37258,1.372565,1.37257,-1.0,-1.0,-1
1.37257,1.37257,1.372525,1.37254,-1.0,-1.0,-1
1.37254,1.37256,1.37247,1.37256,-1.0,-1.0,-1
1.37256,1.37256,1.372545,1.37256,-1.0,-1.0,-1
1.37256,1.37256,1.372555,1.372555,-1.0,-1.0,-1
1.372555,1.372585,1.372555,1.37258,-1.0,-1.0,-1
1.37258,1.372665,1.372575,1.372625,-1.0,-1.0,-1
1.372625,1.372655,1.372595,1.372645,-1.0,-1.0,-1
1.372645,1.3727,1.372645,1.37269,-1.0,-1.0,-1
1.37269,1.372715,1.37268,1.37271,-1.0,-1.0,-1
1.37271,1.37271,1.372695,1.372695,-1.0,-1.0,-1
1.372695,1.3727,1.37267,1.37267,-1.0,-1.0,-1
1.37267,1.37267,1.372655,1.372655,-1.0,-1.0,-1
1.372655,1.37271,1.372655,1.37267,-1.0,-1.0,-1
1.37267,1.37273,1.37267,1.37273,-1.0,-1.0,-1
1.37273,1.37275,1.372695,1.372695,-1.0,-1.0,-1
1.372695,1.37271,1.372685,1.37269,-1.0,-1.0,-1
1.37269,1.37269,1.37269,1.37269,-1.0,-1.0,-1
1.37269,1.37269,1.372675,1.372675,-1.0,-1.0,-1
1.372675,1.372745,1.372675,1.372745,-1.0,-1.0,-1
1.372745,1.37276,1.37272,1.37273,-1.0,-1.0,-1
1.37273,1.372735,1.37273,1.372735,-1.0,-1.0,-1
1.372735,1.37275,1.372735,1.37275,-1.0,-1.0,-1
1.37275,1.37275,1.37267,1.37269,-1.0,-1.0,-1
1.37269,1.37269,1.37264,1.37266,-1.0,-1.0,-1
1.37266,1.37269,1.372655,1.372685,-1.0,-1.0,-1
1.372685,1.37269,1.37268,1.37268,-1.0,-1.0,-1
1.37268,1.37268,1.37267,1.372675,-1.0,-1.0,-1
1.372675,1.372675,1.372655,1.37266,-1.0,-1.0,-1
1.37266,1.37266,1.372655,1.37266,-1.0,-1.0,-1
1.37266,1.37266,1.372655,1.37266,-1.0,-1.0,-1
1.37266,1.37266,1.372655,1.37266,-1.0,-1.0,-1
1.37266,1.37268,1.372655,1.37267,-1.0,-1.0,-1
1.37267,1.37267,1.372655,1.37266,-1.0,-1.0,-1
1.37266,1.372675,1.372655,1.372675,-1.0,-1.0,-1
1.372675,1.372675,1.372665,1.372675,-1.0,-1.0,-1
1.372675,1.37268,1.372665,1.372665,-1.0,-1.0,-1
1.372665,1.37268,1.372655,1.37266,-1.0,-1.0,-1
1.37266,1.372665,1.372655,1.372655,-1.0,-1.0,-1
1.372655,1.37266,1.372655,1.372655,-1.0,-1.0,-1
1.372655,1.37266,1.372655,1.372655,-1.0,-1.0,-1
1.372655,1.37266,1.372655,1.372655,-1.0,-1.0,-1
1.372655,1.372655,1.372655,1.372655,-1.0,-1.0,-1
1.372655,1.37266,1.372655,1.372655,-1.0,-1.0,-1
1.372655,1.372655,1.372655,1.372655,-1.0,-1.0,-1
1.372655,1.372655,1.372655,1.372655,-1.0,-1.0,-1
1.372655,1.372655,1.372655,1.372655,-1.0,-1.0,-1
1.372655,1.372655,1.372655,1.372655,-1.0,-1.0,-1
1.372655,1.37266,1.372655,1.37266,-1.0,-1.0,-1
1.37266,1.372665,1.372655,1.37266,-1.0,-1.0,-1
1.37266,1.37266,1.372655,1.372655,-1.0,-1.0,-1
1.372655,1.372675,1.372655,1.372675,-1.0,-1.0,-1
1.372675,1.372675,1.372655,1.37266,-1.0,-1.0,-1
1.37266,1.372675,1.372655,1.37267,-1.0,-1.0,-1
1.37267,1.372715,1.37267,1.37271,-1.0,-1.0,-1
1.37271,1.37271,1.372675,1.37268,-1.0,-1.0,-1
1.37268,1.37268,1.37268,1.37268,-1.0,-1.0,-1
1.37268,1.37269,1.372675,1.37268,-1.0,-1.0,-1
1.37268,1.37269,1.372675,1.37269,-1.0,-1.0,-1
1.37269,1.37269,1.372675,1.37268,-1.0,-1.0,-1
1.37268,1.372705,1.37268,1.372685,-1.0,-1.0,-1
1.372685,1.37269,1.37267,1.37268,-1.0,-1.0,-1
1.37268,1.37268,1.372675,1.372675,-1.0,-1.0,-1
1.372675,1.372675,1.37267,1.37267,-1.0,-1.0,-1
1.37267,1.37268,1.37267,1.372675,-1.0,-1.0,-1
1.372675,1.372675,1.37267,1.37267,-1.0,-1.0,-1
1.37267,1.37267,1.372665,1.372665,-1.0,-1.0,-1
1.372665,1.37269,1.372665,1.372685,-1.0,-1.0,-1
1.372685,1.37269,1.372675,1.372675,-1.0,-1.0,-1
1.372675,1.372675,1.372655,1.372655,-1.0,-1.0,-1
1.372655,1.372655,1.372655,1.372655,-1.0,-1.0,-1
1.372655,1.37267,1.372635,1.37267,-1.0,-1.0,-1
1.37267,1.3727,1.37265,1.37266,-1.0,-1.0,-1
1.37266,1.372665,1.37251,1.372585,-1.0,-1.0,-1
1.372585,1.372585,1.37255,1.372555,-1.0,-1.0,-1
1.372555,1.37256,1.372545,1.37255,-1.0,-1.0,-1
1.37255,1.372565,1.37253,1.372545,-1.0,-1.0,-1
1.372545,1.372545,1.37254,1.372545,-1.0,-1.0,-1
1.372545,1.372595,1.37247,1.372565,-1.0,-1.0,-1
1.372565,1.37257,1.37255,1.372565,-1.0,-1.0,-1
1.372565,1.372575,1.372555,1.372575,-1.0,-1.0,-1
1.372575,1.372575,1.372565,1.37257,-1.0,-1.0,-1
1.37257,1.372575,1.37256,1.372575,-1.0,-1.0,-1
1.372575,1.372575,1.372565,1.37257,-1.0,-1.0,-1
1.37257,1.37257,1.37248,1.37249,-1.0,-1.0,-1
1.37249,1.3725,1.37248,1.372485,-1.0,-1.0,-1
1.372485,1.37249,1.37248,1.37249,-1.0,-1.0,-1
1.37249,1.372565,1.372485,1.372565,-1.0,-1.0,-1
1.372565,1.372565,1.37256,1.372565,-1.0,-1.0,-1
1.372565,1.37257,1.37255,1.37257,-1.0,-1.0,-1
1.37257,1.372585,1.37256,1.37257,-1.0,-1.0,-1
1.37257,1.37257,1.372565,1.37257,-1.0,-1.0,-1
1.37257,1.37257,1.372565,1.37257,-1.0,-1.0,-1
1.37257,1.37257,1.37256,1.372565,-1.0,-1.0,-1
1.372565,1.37257,1.37256,1.372565,-1.0,-1.0,-1
1.372565,1.372565,1.37249,1.37249,-1.0,-1.0,-1
1.37249,1.37249,1.37249,1.37249,-1.0,-1.0,-1
1.37249,1.37249,1.372435,1.37246,-1.0,-1.0,-1
1.37246,1.37246,1.372455,1.372455,-1.0,-1.0,-1
1.372455,1.372455,1.372345,1.37235,-1.0,-1.0,-1
1.37235,1.372355,1.37235,1.37235,-1.0,-1.0,-1
1.37235,1.372355,1.372345,1.372345,-1.0,-1.0,-1
1.372345,1.372355,1.372345,1.372345,-1.0,-1.0,-1
1.372345,1.372345,1.372345,1.372345,-1.0,-1.0,-1
1.372345,1.372355,1.372345,1.37235,-1.0,-1.0,-1
1.37235,1.372355,1.372345,1.372345,-1.0,-1.0,-1
1.372345,1.372345,1.372345,1.372345,-1.0,-1.0,-1
1.372345,1.37236,1.372345,1.372355,-1.0,-1.0,-1
1.372355,1.37236,1.372345,1.37235,-1.0,-1.0,-1
1.37235,1.372355,1.37234,1.37235,-1.0,-1.0,-1
1.37235,1.37235,1.37225,1.37225,-1.0,-1.0,-1
1.37225,1.37227,1.37225,1.372265,-1.0,-1.0,-1
1.372265,1.372265,1.37224,1.372245,-1.0,-1.0,-1
1.372245,1.37235,1.372245,1.372345,-1.0,-1.0,-1
1.372345,1.372345,1.37223,1.37223,-1.0,-1.0,-1
1.37223,1.37223,1.372155,1.372155,-1.0,-1.0,-1
1.372155,1.372235,1.372155,1.372235,-1.0,-1.0,-1
1.372235,1.372265,1.372225,1.37225,-1.0,-1.0,-1
1.37225,1.372265,1.37222,1.372265,-1.0,-1.0,-1
1.372265,1.37235,1.372245,1.372335,-1.0,-1.0,-1
1.372335,1.372335,1.37228,1.37231,-1.0,-1.0,-1
1.37231,1.372315,1.3723,1.3723,-1.0,-1.0,-1
1.3723,1.37236,1.37229,1.37231,-1.0,-1.0,-1
1.37231,1.37231,1.37216,1.372225,-1.0,-1.0,-1
1.372225,1.372225,1.372195,1.372195,-1.0,-1.0,-1
1.372195,1.372215,1.372165,1.372175,-1.0,-1.0,-1
1.372175,1.37222,1.372165,1.37221,-1.0,-1.0,-1
1.37221,1.372255,1.3722,1.37225,-1.0,-1.0,-1
1.37225,1.37226,1.37225,1.372255,-1.0,-1.0,-1
1.372255,1.372265,1.372175,1.372215,-1.0,-1.0,-1
1.372215,1.37222,1.372195,1.37222,-1.0,-1.0,-1
1.37222,1.372255,1.372215,1.372245,-1.0,-1.0,-1
1.372245,1.372255,1.37221,1.372215,-1.0,-1.0,-1
1.372215,1.372215,1.37216,1.37218,-1.0,-1.0,-1
1.37218,1.37219,1.372175,1.37219,-1.0,-1.0,-1
1.37219,1.37219,1.372175,1.372175,-1.0,-1.0,-1
1.372175,1.372175,1.372165,1.37217,-1.0,-1.0,-1
1.37217,1.37219,1.372165,1.37218,-1.0,-1.0,-1
1.37218,1.372185,1.37216,1.372175,-1.0,-1.0,-1
1.372175,1.372175,1.372155,1.37217,-1.0,-1.0,-1
1.37217,1.37218,1.37216,1.372165,-1.0,-1.0,-1
1.372165,1.372165,1.37216,1.372165,-1.0,-1.0,-1
1.372165,1.372165,1.372165,1.372165,-1.0,-1.0,-1
1.372165,1.37227,1.372165,1.37227,-1.0,-1.0,-1
1.37227,1.37229,1.37227,1.372285,-1.0,-1.0,-1
1.372285,1.372385,1.37228,1.37238,-1.0,-1.0,-1
1.37238,1.372465,1.37238,1.372465,-1.0,-1.0,-1
1.372465,1.372465,1.372445,1.37245,-1.0,-1.0,-1
1.37245,1.37246,1.372445,1.372455,-1.0,-1.0,-1
1.372455,1.372455,1.372445,1.37245,-1.0,-1.0,-1
1.37245,1.37245,1.37244,1.372445,-1.0,-1.0,-1
1.372445,1.372475,1.37244,1.372475,-1.0,-1.0,-1
1.372475,1.372525,1.372465,1.372525,-1.0,-1.0,-1
1.372525,1.37254,1.372515,1.37252,-1.0,-1.0,-1
1.37252,1.372535,1.372515,1.37253,-1.0,-1.0,-1
1.37253,1.37253,1.37252,1.372525,-1.0,-1.0,-1
1.372525,1.37254,1.37252,1.37253,-1.0,-1.0,-1
1.37253,1.37253,1.372465,1.37247,-1.0,-1.0,-1
1.37247,1.37248,1.372465,1.37247,-1.0,-1.0,-1
1.37247,1.372475,1.372465,1.372475,-1.0,-1.0,-1
1.372475,1.37256,1.372475,1.37251,-1.0,-1.0,-1
1.37251,1.372515,1.372505,1.372515,-1.0,-1.0,-1
1.372515,1.372525,1.37251,1.37251,-1.0,-1.0,-1
1.37251,1.372525,1.372495,1.372495,-1.0,-1.0,-1
1.372495,1.372505,1.37249,1.372505,-1.0,-1.0,-1
1.372505,1.37254,1.3725,1.372535,-1.0,-1.0,-1
1.372535,1.372535,1.37248,1.37248,-1.0,-1.0,-1
1.37248,1.37256,1.37248,1.372525,-1.0,-1.0,-1
1.372525,1.37257,1.37252,1.37256,-1.0,-1.0,-1
1.37256,1.37258,1.37256,1.37258,-1.0,-1.0,-1
1.37258,1.37258,1.37245,1.372455,-1.0,-1.0,-1
1.372455,1.372455,1.37244,1.372445,-1.0,-1.0,-1
1.372445,1.372445,1.37242,1.37242,-1.0,-1.0,-1
1.37242,1.37243,1.37242,1.37242,-1.0,-1.0,-1
1.37242,1.37244,1.372415,1.372435,-1.0,-1.0,-1
1.372435,1.372445,1.372435,1.372445,-1.0,-1.0,-1
1.372445,1.372455,1.372445,1.372455,-1.0,-1.0,-1
1.372455,1.372455,1.372435,1.37244,-1.0,-1.0,-1
1.37244,1.372445,1.3724,1.37241,-1.0,-1.0,-1
1.37241,1.372445,1.37239,1.372445,-1.0,-1.0,-1
1.372445,1.37246,1.37244,1.37245,-1.0,-1.0,-1
1.37245,1.372455,1.372395,1.372405,-1.0,-1.0,-1
1.372405,1.37241,1.372395,1.37241,-1.0,-1.0,-1
1.37241,1.372415,1.372405,1.372415,-1.0,-1.0,-1
1.372415,1.372415,1.372395,1.3724,-1.0,-1.0,-1
1.3724,1.37243,1.372395,1.37241,-1.0,-1.0,-1
1.37241,1.372415,1.37241,1.37241,-1.0,-1.0,-1
1.37241,1.372435,1.372405,1.372425,-1.0,-1.0,-1
1.372425,1.37243,1.372425,1.37243,-1.0,-1.0,-1
1.37243,1.37245,1.37243,1.37245,-1.0,-1.0,-1
1.37245,1.372455,1.372435,1.372435,-1.0,-1.0,-1
1.372435,1.372435,1.372435,1.372435,-1.0,-1.0,-1
1.372435,1.372465,1.372435,1.372465,-1.0,-1.0,-1
1.372465,1.37247,1.372435,1.37245,-1.0,-1.0,-1
1.37245,1.372455,1.372435,1.372455,-1.0,-1.0,-1
1.372455,1.372455,1.37242,1.372455,-1.0,-1.0,-1
1.372455,1.37246,1.372445,1.37245,-1.0,-1.0,-1
1.37245,1.372455,1.372435,1.37244,-1.0,-1.0,-1
1.37244,1.37244,1.372435,1.372435,-1.0,-1.0,-1
1.372435,1.37244,1.372415,1.37242,-1.0,-1.0,-1
1.37242,1.37244,1.37242,1.37243,-1.0,-1.0,-1
1.37243,1.37247,1.372425,1.372465,-1.0,-1.0,-1
1.372465,1.372465,1.372425,1.372445,-1.0,-1.0,-1
1.372445,1.372465,1.372445,1.372455,-1.0,-1.0,-1
1.372455,1.37247,1.372455,1.37246,-1.0,-1.0,-1
1.37246,1.37246,1.372435,1.372445,-1.0,-1.0,-1
1.372445,1.372455,1.372445,1.372455,-1.0,-1.0,-1
1.372455,1.372455,1.372445,1.372455,-1.0,-1.0,-1
1.372455,1.372455,1.37244,1.372445,-1.0,-1.0,-1
1.372445,1.37245,1.372435,1.37245,-1.0,-1.0,-1
1.37245,1.37246,1.372445,1.372455,-1.0,-1.0,-1
1.372455,1.372465,1.372455,1.37246,-1.0,-1.0,-1
1.37246,1.37246,1.372445,1.372455,-1.0,-1.0,-1
1.372455,1.372455,1.372445,1.372445,-1.0,-1.0,-1
1.372445,1.372445,1.372435,1.372445,-1.0,-1.0,-1
1.372445,1.372445,1.372445,1.372445,-1.0,-1.0,-1
1.372445,1.372455,1.372445,1.372455,-1.0,-1.0,-1
1.372455,1.37248,1.372445,1.37248,-1.0,-1.0,-1
1.37248,1.37248,1.372465,1.372475,-1.0,-1.0,-1
1.372475,1.37248,1.37247,1.37247,-1.0,-1.0,-1
1.37247,1.372485,1.37247,1.372485,-1.0,-1.0,-1
1.372485,1.37249,1.37248,1.37248,-1.0,-1.0,-1
1.37248,1.37254,1.372475,1.37254,-1.0,-1.0,-1
1.37254,1.37256,1.37254,1.37255,-1.0,-1.0,-1
1.37255,1.37256,1.37255,1.37256,-1.0,-1.0,-1
1.37256,1.37256,1.37254,1.37254,-1.0,-1.0,-1
1.37254,1.37255,1.37254,1.372545,-1.0,-1.0,-1
1.372545,1.37257,1.372545,1.37256,-1.0,-1.0,-1
1.37256,1.37257,1.372555,1.37256,-1.0,-1.0,-1
1.37256,1.37257,1.372555,1.372565,-1.0,-1.0,-1
1.372565,1.372565,1.37253,1.372545,-1.0,-1.0,-1
1.372545,1.372545,1.37254,1.37254,-1.0,-1.0,-1
1.37254,1.372545,1.37253,1.37254,-1.0,-1.0,-1
1.37254,1.372555,1.37254,1.37255,-1.0,-1.0,-1
1.37255,1.372555,1.372545,1.372545,-1.0,-1.0,-1
1.372545,1.372565,1.372545,1.372555,-1.0,-1.0,-1
1.372555,1.37256,1.37255,1.372555,-1.0,-1.0,-1
1.372555,1.37256,1.37255,1.37256,-1.0,-1.0,-1
1.37256,1.372575,1.37256,1.372575,-1.0,-1.0,-1
1.372575,1.372575,1.372565,1.37257,-1.0,-1.0,-1
1.37257,1.37257,1.372555,1.372555,-1.0,-1.0,-1
1.372555,1.37263,1.372555,1.37263,-1.0,-1.0,-1
1.37263,1.37263,1.372565,1.37257,-1.0,-1.0,-1
1.37257,1.372615,1.372565,1.3726,-1.0,-1.0,-1
1.3726,1.372605,1.37259,1.3726,-1.0,-1.0,-1
1.3726,1.372635,1.3726,1.372635,-1.0,-1.0,-1
1.372635,1.372655,1.37263,1.372635,-1.0,-1.0,-1
1.372635,1.372635,1.372635,1.372635,-1.0,-1.0,-1
1.372635,1.372635,1.372635,1.372635,-1.0,-1.0,-1
1.372635,1.37265,1.37263,1.372645,-1.0,-1.0,-1
1.372645,1.37266,1.37263,1.37266,-1.0,-1.0,-1
1.37266,1.37267,1.372655,1.37267,-1.0,-1.0,-1
1.37267,1.37269,1.37267,1.372675,-1.0,-1.0,-1
1.372675,1.372705,1.372665,1.3727,-1.0,-1.0,-1
1.3727,1.3727,1.372655,1.372655,-1.0,-1.0,-1
1.372655,1.37266,1.372655,1.37266,-1.0,-1.0,-1
1.37266,1.37267,1.372655,1.37267,-1.0,-1.0,-1
1.37267,1.37267,1.372655,1.372655,-1.0,-1.0,-1
1.372655,1.37266,1.372655,1.37266,-1.0,-1.0,-1
1.37266,1.37266,1.372655,1.372655,-1.0,-1.0,-1
1.372655,1.37266,1.37264,1.37266,-1.0,-1.0,-1
1.37266,1.37266,1.372655,1.37266,-1.0,-1.0,-1
1.37266,1.37266,1.372575,1.372605,-1.0,-1.0,-1
1.372605,1.372605,1.37259,1.372595,-1.0,-1.0,-1
1.372595,1.3726,1.372585,1.372585,-1.0,-1.0,-1
1.372585,1.372585,1.372575,1.372585,-1.0,-1.0,-1
1.372585,1.372635,1.372585,1.372635,-1.0,-1.0,-1
1.372635,1.372675,1.372635,1.372675,-1.0,-1.0,-1
1.372675,1.37268,1.372675,1.372675,-1.0,-1.0,-1
1.372675,1.372675,1.37267,1.372675,-1.0,-1.0,-1
1.372675,1.372675,1.37267,1.372675,-1.0,-1.0,-1
1.372675,1.372675,1.372655,1.372655,-1.0,-1.0,-1
1.372655,1.37269,1.37265,1.37268,-1.0,-1.0,-1
1.37268,1.37269,1.37268,1.372685,-1.0,-1.0,-1
1.372685,1.37272,1.372685,1.372715,-1.0,-1.0,-1
1.372715,1.372725,1.37268,1.37268,-1.0,-1.0,-1
1.37268,1.37268,1.372675,1.372675,-1.0,-1.0,-1
1.372675,1.372725,1.372675,1.372715,-1.0,-1.0,-1
1.372715,1.372715,1.372685,1.372685,-1.0,-1.0,-1
1.372685,1.37269,1.37267,1.37267,-1.0,-1.0,-1
1.37267,1.37267,1.37267,1.37267,-1.0,-1.0,-1
1.37267,1.372735,1.37267,1.37271,-1.0,-1.0,-1
1.37271,1.37271,1.37269,1.37271,-1.0,-1.0,-1
1.37271,1.372725,1.372685,1.372685,-1.0,-1.0,-1
1.372685,1.37269,1.37266,1.37267,-1.0,-1.0,-1
1.37267,1.37267,1.372655,1.372665,-1.0,-1.0,-1
1.372665,1.372665,1.372655,1.37266,-1.0,-1.0,-1
1.37266,1.37266,1.37264,1.372645,-1.0,-1.0,-1
1.372645,1.37266,1.372645,1.37266,-1.0,-1.0,-1
1.37266,1.37266,1.372655,1.372655,-1.0,-1.0,-1
1.372655,1.372655,1.372645,1.372645,-1.0,-1.0,-1
1.372645,1.372645,1.372595,1.372595,-1.0,-1.0,-1
1.372595,1.372615,1.372585,1.372615,-1.0,-1.0,-1
1.372615,1.372625,1.37261,1.372615,-1.0,-1.0,-1
1.372615,1.37262,1.37261,1.37262,-1.0,-1.0,-1
1.37262,1.37262,1.372575,1.37258,-1.0,-1.0,-1
1.37258,1.37259,1.372575,1.372585,-1.0,-1.0,-1
1.372585,1.37259,1.372575,1.372585,-1.0,-1.0,-1
1.372585,1.372585,1.372575,1.37258,-1.0,-1.0,-1
1.37258,1.37262,1.372575,1.37262,-1.0,-1.0,-1
1.37262,1.37263,1.372605,1.37263,-1.0,-1.0,-1
1.37263,1.37264,1.37263,1.37264,-1.0,-1.0,-1
1.37264,1.37264,1.372605,1.372615,-1.0,-1.0,-1
1.372615,1.372625,1.37261,1.37262,-1.0,-1.0,-1
1.37262,1.37262,1.372585,1.37259,-1.0,-1.0,-1
1.37259,1.37259,1.372575,1.37258,-1.0,-1.0,-1
1.37258,1.372585,1.372575,1.37258,-1.0,-1.0,-1
1.37258,1.37258,1.372575,1.37258,-1.0,-1.0,-1
1.37258,1.37258,1.372575,1.37258,-1.0,-1.0,-1
1.37258,1.37258,1.37253,1.372535,-1.0,-1.0,-1
1.372535,1.37257,1.37253,1.37257,-1.0,-1.0,-1
1.37257,1.37257,1.37256,1.37257,-1.0,-1.0,-1
1.37257,1.37258,1.37256,1.37257,-1.0,-1.0,-1
1.37257,1.37257,1.372555,1.372555,-1.0,-1.0,-1
1.372555,1.37258,1.372555,1.37258,-1.0,-1.0,-1
1.37258,1.37259,1.372575,1.37258,-1.0,-1.0,-1
1.37258,1.37259,1.372575,1.372585,-1.0,-1.0,-1
1.372585,1.37259,1.372575,1.37258,-1.0,-1.0,-1
1.37258,1.37258,1.372575,1.372575,-1.0,-1.0,-1
1.372575,1.372575,1.372555,1.37257,-1.0,-1.0,-1
1.37257,1.37258,1.372565,1.372575,-1.0,-1.0,-1
1.372575,1.37258,1.372575,1.372575,-1.0,-1.0,-1
1.372575,1.37259,1.372575,1.37259,-1.0,-1.0,-1
1.37259,1.372595,1.372575,1.37258,-1.0,-1.0,-1
1.37258,1.37258,1.372565,1.37258,-1.0,-1.0,-1
1.37258,1.372585,1.372565,1.37257,-1.0,-1.0,-1
1.37257,1.37258,1.372565,1.372575,-1.0,-1.0,-1
1.372575,1.37258,1.372565,1.37257,-1.0,-1.0,-1
1.37257,1.37259,1.372565,1.37259,-1.0,-1.0,-1
1.37259,1.37259,1.372585,1.37259,-1.0,-1.0,-1
1.37259,1.37259,1.372585,1.372585,-1.0,-1.0,-1
1.372585,1.372585,1.37253,1.37255,-1.0,-1.0,-1
1.37255,1.372555,1.372545,1.37255,-1.0,-1.0,-1
1.37255,1.372555,1.37255,1.37255,-1.0,-1.0,-1
1.37255,1.372585,1.37255,1.372585,-1.0,-1.0,-1
1.372585,1.372605,1.372585,1.372585,-1.0,-1.0,-1
1.372585,1.372585,1.372575,1.37258,-1.0,-1.0,-1
1.37258,1.3726,1.372575,1.372585,-1.0,-1.0,-1
1.372585,1.372585,1.372555,1.37256,-1.0,-1.0,-1
1.37256,1.37256,1.37255,1.37255,-1.0,-1.0,-1
1.37255,1.372555,1.372545,1.372545,-1.0,-1.0,-1
1.372545,1.372545,1.37254,1.372545,-1.0,-1.0,-1
1.372545,1.372545,1.372545,1.372545,-1.0,-1.0,-1
1.372545,1.37256,1.372545,1.372545,-1.0,-1.0,-1
1.372545,1.372545,1.372515,1.372515,-1.0,-1.0,-1
1.372515,1.372515,1.37249,1.372495,-1.0,-1.0,-1
1.372495,1.3725,1.37248,1.37248,-1.0,-1.0,-1
1.37248,1.372495,1.37248,1.372495,-1.0,-1.0,-1
1.372495,1.372495,1.37249,1.372495,-1.0,-1.0,-1
1.372495,1.372495,1.37248,1.372485,-1.0,-1.0,-1
1.372485,1.372485,1.37248,1.372485,-1.0,-1.0,-1
1.372485,1.372495,1.37248,1.37249,-1.0,-1.0,-1
1.37249,1.37249,1.37248,1.37249,-1.0,-1.0,-1
1.37249,1.37249,1.372455,1.37247,-1.0,-1.0,-1
1.37247,1.372485,1.372455,1.372455,-1.0,-1.0,-1
1.372455,1.37248,1.372455,1.37248,-1.0,-1.0,-1
1.37248,1.37248,1.372445,1.37245,-1.0,-1.0,-1
1.37245,1.37245,1.372445,1.37245,-1.0,-1.0,-1
1.37245,1.37245,1.372445,1.37245,-1.0,-1.0,-1
1.37245,1.37245,1.372445,1.37245,-1.0,-1.0,-1
1.37245,1.372455,1.372445,1.372455,-1.0,-1.0,-1
1.372455,1.372455,1.372385,1.37239,-1.0,-1.0,-1
1.37239,1.37239,1.372385,1.37239,-1.0,-1.0,-1
1.37239,1.37239,1.372385,1.37239,-1.0,-1.0,-1
1.37239,1.372395,1.372385,1.37239,-1.0,-1.0,-1
1.37239,1.372395,1.37237,1.37237,-1.0,-1.0,-1
1.37237,1.372375,1.37235,1.372355,-1.0,-1.0,-1
1.372355,1.372355,1.37235,1.372355,-1.0,-1.0,-1
1.372355,1.37237,1.37235,1.37237,-1.0,-1.0,-1
1.37237,1.37244,1.37237,1.37244,-1.0,-1.0,-1
1.37244,1.372455,1.372435,1.37245,-1.0,-1.0,-1
1.37245,1.37246,1.372445,1.37246,-1.0,-1.0,-1
1.37246,1.37246,1.372455,1.37246,-1.0,-1.0,-1
1.37246,1.37246,1.37246,1.37246,-1.0,-1.0,-1
1.37246,1.37247,1.37246,1.372465,-1.0,-1.0,-1
1.372465,1.372465,1.372455,1.37246,-1.0,-1.0,-1
1.37246,1.372475,1.37246,1.37247,-1.0,-1.0,-1
1.37247,1.37251,1.37247,1.372505,-1.0,-1.0,-1
1.372505,1.37256,1.372505,1.372545,-1.0,-1.0,-1
1.372545,1.37256,1.372525,1.37253,-1.0,-1.0,-1
1.37253,1.37254,1.372505,1.37254,-1.0,-1.0,-1
1.37254,1.372555,1.37254,1.37255,-1.0,-1.0,-1
1.37255,1.372555,1.37254,1.37255,-1.0,-1.0,-1
1.37255,1.372555,1.372525,1.372525,-1.0,-1.0,-1
1.372525,1.37254,1.372525,1.37254,-1.0,-1.0,-1
1.37254,1.37254,1.372525,1.37254,-1.0,-1.0,-1
1.37254,1.37254,1.37253,1.372535,-1.0,-1.0,-1
1.372535,1.37254,1.37253,1.37254,-1.0,-1.0,-1
1.37254,1.37254,1.37253,1.372535,-1.0,-1.0,-1
1.372535,1.372545,1.372525,1.37254,-1.0,-1.0,-1
1.37254,1.372555,1.37254,1.37255,-1.0,-1.0,-1
1.37255,1.372555,1.37255,1.37255,-1.0,-1.0,-1
1.37255,1.372565,1.37254,1.372545,-1.0,-1.0,-1
1.372545,1.372565,1.372545,1.372545,-1.0,-1.0,-1
1.372545,1.372565,1.372545,1.372565,-1.0,-1.0,-1
1.372565,1.372605,1.37256,1.372575,-1.0,-1.0,-1
1.372575,1.372655,1.372575,1.372655,-1.0,-1.0,-1
1.372655,1.372655,1.372645,1.372655,-1.0,-1.0,-1
1.372655,1.37269,1.372655,1.372685,-1.0,-1.0,-1
1.372685,1.37269,1.37266,1.372665,-1.0,-1.0,-1
1.372665,1.372665,1.372645,1.37265,-1.0,-1.0,-1
1.37265,1.372655,1.37264,1.37264,-1.0,-1.0,-1
1.37264,1.37264,1.372585,1.372585,-1.0,-1.0,-1
1.372585,1.37259,1.372575,1.372575,-1.0,-1.0,-1
1.372575,1.372635,1.37256,1.372635,-1.0,-1.0,-1
1.372635,1.37264,1.3726,1.3726,-1.0,-1.0,-1
1.3726,1.3726,1.37259,1.37259,-1.0,-1.0,-1
1.37259,1.372595,1.372585,1.37259,-1.0,-1.0,-1
1.37259,1.372645,1.37259,1.372635,-1.0,-1.0,-1
1.372635,1.37264,1.372635,1.37264,-1.0,-1.0,-1
1.37264,1.37265,1.37264,1.37265,-1.0,-1.0,-1
1.37265,1.372655,1.372645,1.372655,-1.0,-1.0,-1
1.372655,1.372655,1.372635,1.372635,-1.0,-1.0,-1
1.372635,1.372635,1.372625,1.37263,-1.0,-1.0,-1
1.37263,1.372635,1.37263,1.372635,-1.0,-1.0,-1
1.372635,1.37266,1.372635,1.372655,-1.0,-1.0,-1
1.372655,1.37266,1.372655,1.37266,-1.0,-1.0,-1
1.37266,1.37266,1.372645,1.37265,-1.0,-1.0,-1
1.37265,1.37265,1.37256,1.372575,-1.0,-1.0,-1
1.372575,1.37258,1.372575,1.37258,-1.0,-1.0,-1
1.37258,1.372585,1.37256,1.372565,-1.0,-1.0,-1
1.372565,1.372565,1.372545,1.372545,-1.0,-1.0,-1
1.372545,1.372565,1.37251,1.37251,-1.0,-1.0,-1
1.37251,1.37254,1.37251,1.37254,-1.0,-1.0,-1
1.37254,1.37257,1.37254,1.37257,-1.0,-1.0,-1
1.37257,1.37257,1.37255,1.37255,-1.0,-1.0,-1
1.37255,1.37258,1.37255,1.372575,-1.0,-1.0,-1
1.372575,1.372575,1.3725,1.372515,-1.0,-1.0,-1
1.372515,1.37253,1.372505,1.37253,-1.0,-1.0,-1
1.37253,1.37253,1.37252,1.372525,-1.0,-1.0,-1
1.372525,1.372525,1.372505,1.372515,-1.0,-1.0,-1
1.372515,1.372515,1.37251,1.37251,-1.0,-1.0,-1
1.37251,1.372525,1.37248,1.372495,-1.0,-1.0,-1
1.372495,1.372515,1.372455,1.372455,-1.0,-1.0,-1
1.372455,1.372455,1.372445,1.37245,-1.0,-1.0,-1
1.37245,1.37245,1.37238,1.37238,-1.0,-1.0,-1
1.37238,1.37241,1.37237,1.37237,-1.0,-1.0,-1
1.37237,1.37237,1.372345,1.37235,-1.0,-1.0,-1
1.37235,1.3724,1.372345,1.37238,-1.0,-1.0,-1
1.37238,1.372405,1.37238,1.3724,-1.0,-1.0,-1
1.3724,1.37243,1.372395,1.37243,-1.0,-1.0,-1
1.37243,1.372475,1.372425,1.37247,-1.0,-1.0,-1
1.37247,1.37247,1.372465,1.37247,-1.0,-1.0,-1
1.37247,1.37247,1.372465,1.372465,-1.0,-1.0,-1
1.372465,1.37247,1.372465,1.37247,-1.0,-1.0,-1
1.37247,1.372475,1.372465,1.372465,-1.0,-1.0,-1
1.372465,1.37256,1.372455,1.37254,-1.0,-1.0,-1
1.37254,1.37257,1.372525,1.37257,-1.0,-1.0,-1
1.37257,1.37257,1.37254,1.372565,-1.0,-1.0,-1
1.372565,1.372565,1.372525,1.37253,-1.0,-1.0,-1
1.37253,1.37256,1.372525,1.37255,-1.0,-1.0,-1
1.37255,1.372555,1.372495,1.372495,-1.0,-1.0,-1
1.372495,1.372535,1.37248,1.372535,-1.0,-1.0,-1
1.372535,1.372535,1.372525,1.37253,-1.0,-1.0,-1
1.37253,1.37253,1.372515,1.372515,-1.0,-1.0,-1
1.372515,1.37253,1.372515,1.372525,-1.0,-1.0,-1
1.372525,1.372525,1.372515,1.372515,-1.0,-1.0,-1
1.372515,1.37253,1.372495,1.37251,-1.0,-1.0,-1
1.37251,1.372535,1.37251,1.37253,-1.0,-1.0,-1
1.37253,1.372535,1.372525,1.37253,-1.0,-1.0,-1
1.37253,1.372535,1.37252,1.37253,-1.0,-1.0,-1
1.37253,1.372535,1.372515,1.372535,-1.0,-1.0,-1
1.372535,1.372535,1.37252,1.372535,-1.0,-1.0,-1
1.372535,1.372545,1.372525,1.372535,-1.0,-1.0,-1
1.372535,1.37257,1.37253,1.372555,-1.0,-1.0,-1
1.372555,1.37257,1.372545,1.37256,-1.0,-1.0,-1
1.37256,1.372635,1.372555,1.37263,-1.0,-1.0,-1
1.37263,1.37263,1.37256,1.37258,-1.0,-1.0,-1
1.37258,1.372635,1.372575,1.372585,-1.0,-1.0,-1
1.372585,1.372595,1.372575,1.372575,-1.0,-1.0,-1
1.372575,1.372585,1.372575,1.372585,-1.0,-1.0,-1
1.372585,1.37261,1.372545,1.372575,-1.0,-1.0,-1
1.372575,1.372585,1.37254,1.37254,-1.0,-1.0,-1
1.37254,1.372545,1.372485,1.372535,-1.0,-1.0,-1
1.372535,1.37258,1.37253,1.37256,-1.0,-1.0,-1
1.37256,1.37258,1.37255,1.372555,-1.0,-1.0,-1
1.372555,1.372585,1.37255,1.372575,-1.0,-1.0,-1
1.372575,1.372575,1.372575,1.372575,-1.0,-1.0,-1
1.372575,1.372575,1.37253,1.37254,-1.0,-1.0,-1
1.37254,1.37257,1.37254,1.37256,-1.0,-1.0,-1
1.37256,1.372595,1.37256,1.37258,-1.0,-1.0,-1
1.37258,1.37258,1.372565,1.37257,-1.0,-1.0,-1
1.37257,1.37257,1.372545,1.37255,-1.0,-1.0,-1
1.37255,1.37256,1.372545,1.372555,-1.0,-1.0,-1
1.372555,1.37259,1.372555,1.37258,-1.0,-1.0,-1
1.37258,1.37259,1.372575,1.372585,-1.0,-1.0,-1
1.372585,1.372585,1.372565,1.372575,-1.0,-1.0,-1
1.372575,1.372625,1.372565,1.372625,-1.0,-1.0,-1
1.372625,1.37263,1.37262,1.37263,-1.0,-1.0,-1
1.37263,1.37263,1.372585,1.372585,-1.0,-1.0,-1
1.372585,1.3726,1.372575,1.372585,-1.0,-1.0,-1
1.372585,1.3726,1.372585,1.372595,-1.0,-1.0,-1
1.372595,1.37263,1.372595,1.372625,-1.0,-1.0,-1
1.372625,1.372625,1.372585,1.37259,-1.0,-1.0,-1
1.37259,1.372625,1.372585,1.37261,-1.0,-1.0,-1
1.37261,1.37262,1.372605,1.37262,-1.0,-1.0,-1
1.37262,1.37263,1.37262,1.37263,-1.0,-1.0,-1
1.37263,1.37263,1.37262,1.372625,-1.0,-1.0,-1
1.372625,1.372625,1.37259,1.372595,-1.0,-1.0,-1
1.372595,1.372595,1.37259,1.372595,-1.0,-1.0,-1
1.372595,1.372595,1.37253,1.372535,-1.0,-1.0,-1
1.372535,1.372555,1.37253,1.37255,-1.0,-1.0,-1
1.37255,1.37257,1.37255,1.372555,-1.0,-1.0,-1
1.372555,1.37256,1.37252,1.372525,-1.0,-1.0,-1
1.372525,1.372525,1.37248,1.372525,-1.0,-1.0,-1
1.372525,1.372525,1.37251,1.372525,-1.0,-1.0,-1
1.372525,1.372525,1.37248,1.372505,-1.0,-1.0,-1
1.372505,1.37253,1.372495,1.372525,-1.0,-1.0,-1
1.372525,1.372535,1.37252,1.372535,-1.0,-1.0,-1
1.372535,1.37254,1.37252,1.372525,-1.0,-1.0,-1
1.372525,1.372525,1.372455,1.372455,-1.0,-1.0,-1
1.372455,1.372465,1.37245,1.37245,-1.0,-1.0,-1
1.37245,1.372465,1.37245,1.372465,-1.0,-1.0,-1
1.372465,1.372465,1.372425,1.372425,-1.0,-1.0,-1
1.372425,1.37243,1.372425,1.37243,-1.0,-1.0,-1
1.37243,1.372435,1.372425,1.37243,-1.0,-1.0,-1
1.37243,1.37243,1.372425,1.37243,-1.0,-1.0,-1
1.37243,1.37243,1.372425,1.37243,-1.0,-1.0,-1
1.37243,1.37243,1.372405,1.372405,-1.0,-1.0,-1
1.372405,1.372405,1.372405,1.372405,-1.0,-1.0,-1
1.372405,1.37243,1.372405,1.37242,-1.0,-1.0,-1
1.37242,1.37244,1.37242,1.37243,-1.0,-1.0,-1
1.37243,1.37243,1.37239,1.3724,-1.0,-1.0,-1
1.3724,1.3724,1.372365,1.372375,-1.0,-1.0,-1
1.372375,1.372385,1.372375,1.372375,-1.0,-1.0,-1
1.372375,1.372375,1.372355,1.37236,-1.0,-1.0,-1
1.37236,1.372365,1.372335,1.37234,-1.0,-1.0,-1
1.37234,1.37234,1.37227,1.372275,-1.0,-1.0,-1
1.372275,1.372275,1.37225,1.372255,-1.0,-1.0,-1
1.372255,1.372275,1.37225,1.372275,-1.0,-1.0,-1
1.372275,1.372345,1.37227,1.372315,-1.0,-1.0,-1
1.372315,1.372315,1.37227,1.372275,-1.0,-1.0,-1
1.372275,1.37232,1.37227,1.37232,-1.0,-1.0,-1
1.37232,1.372365,1.372255,1.372365,-1.0,-1.0,-1
1.372365,1.372375,1.372345,1.372355,-1.0,-1.0,-1
1.372355,1.37236,1.37235,1.372355,-1.0,-1.0,-1
1.372355,1.372375,1.37235,1.372365,-1.0,-1.0,-1
1.372365,1.37243,1.372365,1.37242,-1.0,-1.0,-1
1.37242,1.37244,1.37241,1.372415,-1.0,-1.0,-1
1.372415,1.37243,1.372415,1.372425,-1.0,-1.0,-1
1.372425,1.37243,1.37239,1.372405,-1.0,-1.0,-1
1.372405,1.37244,1.3724,1.37241,-1.0,-1.0,-1
1.37241,1.372435,1.37241,1.37243,-1.0,-1.0,-1
1.37243,1.372435,1.372425,1.37243,-1.0,-1.0,-1
1.37243,1.372445,1.37243,1.372435,-1.0,-1.0,-1
1.372435,1.37244,1.372435,1.372435,-1.0,-1.0,-1
1.372435,1.372435,1.372395,1.3724,-1.0,-1.0,-1
1.3724,1.372415,1.372395,1.372405,-1.0,-1.0,-1
1.372405,1.372415,1.372405,1.372405,-1.0,-1.0,-1
1.372405,1.37241,1.372375,1.372375,-1.0,-1.0,-1
1.372375,1.372385,1.372375,1.372385,-1.0,-1.0,-1
1.372385,1.372385,1.37234,1.372365,-1.0,-1.0,-1
1.372365,1.372375,1.372365,1.372365,-1.0,-1.0,-1
1.372365,1.372385,1.372345,1.37235,-1.0,-1.0,-1
1.37235,1.37235,1.37234,1.372345,-1.0,-1.0,-1
1.372345,1.372365,1.37234,1.372365,-1.0,-1.0,-1
1.372365,1.37237,1.37234,1.37237,-1.0,-1.0,-1
1.37237,1.37243,1.372365,1.372425,-1.0,-1.0,-1
1.372425,1.372495,1.372425,1.37249,-1.0,-1.0,-1
1.37249,1.37256,1.372485,1.372535,-1.0,-1.0,-1
1.372535,1.37254,1.37248,1.372485,-1.0,-1.0,-1
1.372485,1.372485,1.37247,1.37248,-1.0,-1.0,-1
1.37248,1.372485,1.37247,1.37248,-1.0,-1.0,-1
1.37248,1.372485,1.372475,1.37248,-1.0,-1.0,-1
1.37248,1.37249,1.37247,1.37249,-1.0,-1.0,-1
1.37249,1.37253,1.37247,1.37247,-1.0,-1.0,-1
1.37247,1.37247,1.37247,1.37247,-1.0,-1.0,-1
1.37247,1.37248,1.372465,1.37248,-1.0,-1.0,-1
1.37248,1.37248,1.37247,1.37247,-1.0,-1.0,-1
1.37247,1.3725,1.37247,1.372495,-1.0,-1.0,-1
1.372495,1.372495,1.37247,1.37247,-1.0,-1.0,-1
1.37247,1.37247,1.37246,1.37246,-1.0,-1.0,-1
1.37246,1.372475,1.37246,1.372475,-1.0,-1.0,-1
1.372475,1.372475,1.372465,1.372465,-1.0,-1.0,-1
1.372465,1.372475,1.37246,1.372475,-1.0,-1.0,-1
1.372475,1.37248,1.372475,1.37248,-1.0,-1.0,-1
1.37248,1.37248,1.372375,1.372375,-1.0,-1.0,-1
1.372375,1.372375,1.37235,1.372365,-1.0,-1.0,-1
1.372365,1.372385,1.37235,1.37238,-1.0,-1.0,-1
1.37238,1.37244,1.372365,1.372415,-1.0,-1.0,-1
1.372415,1.37244,1.37241,1.37244,-1.0,-1.0,-1
1.37244,1.372445,1.372435,1.372445,-1.0,-1.0,-1
1.372445,1.37245,1.372435,1.37245,-1.0,-1.0,-1
1.37245,1.37245,1.372435,1.372435,-1.0,-1.0,-1
1.372435,1.37245,1.372435,1.37245,-1.0,-1.0,-1
1.37245,1.37245,1.372445,1.37245,-1.0,-1.0,-1
1.37245,1.372455,1.372445,1.372445,-1.0,-1.0,-1
1.372445,1.37247,1.372445,1.37247,-1.0,-1.0,-1
1.37247,1.37248,1.372465,1.37247,-1.0,-1.0,-1
1.37247,1.372485,1.372455,1.37246,-1.0,-1.0,-1
1.37246,1.372475,1.37246,1.372475,-1.0,-1.0,-1
1.372475,1.372475,1.372455,1.372475,-1.0,-1.0,-1
1.372475,1.37249,1.372475,1.372485,-1.0,-1.0,-1
1.372485,1.372485,1.37247,1.37248,-1.0,-1.0,-1
1.37248,1.372495,1.372475,1.37249,-1.0,-1.0,-1
1.37249,1.372505,1.37246,1.37246,-1.0,-1.0,-1
1.37246,1.37247,1.37246,1.372465,-1.0,-1.0,-1
1.372465,1.37247,1.372465,1.37247,-1.0,-1.0,-1
1.37247,1.37247,1.37246,1.372465,-1.0,-1.0,-1
1.372465,1.37247,1.372455,1.372465,-1.0,-1.0,-1
1.372465,1.372475,1.372455,1.372475,-1.0,-1.0,-1
1.372475,1.372475,1.372465,1.372475,-1.0,-1.0,-1
1.372475,1.372485,1.372465,1.37248,-1.0,-1.0,-1
1.37248,1.372505,1.37247,1.372485,-1.0,-1.0,-1
1.372485,1.372495,1.372475,1.372475,-1.0,-1.0,-1
1.372475,1.372485,1.372475,1.372485,-1.0,-1.0,-1
1.372485,1.372485,1.372475,1.372475,-1.0,-1.0,-1
1.372475,1.372475,1.37246,1.37246,-1.0,-1.0,-1
1.37246,1.37246,1.372385,1.372385,-1.0,-1.0,-1
1.372385,1.372385,1.37238,1.37238,-1.0,-1.0,-1
1.37238,1.372385,1.37238,1.37238,-1.0,-1.0,-1
1.37238,1.37241,1.37238,1.37241,-1.0,-1.0,-1
1.37241,1.37242,1.372395,1.372415,-1.0,-1.0,-1
1.372415,1.37242,1.372395,1.3724,-1.0,-1.0,-1
1.3724,1.372405,1.372395,1.372405,-1.0,-1.0,-1
1.372405,1.37242,1.372395,1.3724,-1.0,-1.0,-1
1.3724,1.3724,1.37239,1.372395,-1.0,-1.0,-1
1.372395,1.3724,1.372355,1.372365,-1.0,-1.0,-1
1.372365,1.372365,1.37228,1.372285,-1.0,-1.0,-1
1.372285,1.372325,1.37228,1.37232,-1.0,-1.0,-1
1.37232,1.372375,1.37232,1.37236,-1.0,-1.0,-1
1.37236,1.372375,1.372355,1.372365,-1.0,-1.0,-1
1.372365,1.372375,1.372365,1.372375,-1.0,-1.0,-1
1.372375,1.372375,1.372365,1.372365,-1.0,-1.0,-1
1.372365,1.372365,1.372355,1.372365,-1.0,-1.0,-1
1.372365,1.37237,1.37232,1.37232,-1.0,-1.0,-1
1.37232,1.372335,1.372315,1.372315,-1.0,-1.0,-1
1.372315,1.372335,1.372305,1.372325,-1.0,-1.0,-1
1.372325,1.372365,1.372315,1.37236,-1.0,-1.0,-1
1.37236,1.37236,1.37235,1.372355,-1.0,-1.0,-1
1.372355,1.372365,1.37235,1.37236,-1.0,-1.0,-1
1.37236,1.37236,1.37235,1.37235,-1.0,-1.0,-1
1.37235,1.37235,1.372285,1.3723,-1.0,-1.0,-1
1.3723,1.37231,1.37228,1.37228,-1.0,-1.0,-1
1.37228,1.372285,1.37228,1.37228,-1.0,-1.0,-1
1.37228,1.372305,1.37228,1.372295,-1.0,-1.0,-1
1.372295,1.3723,1.372275,1.372275,-1.0,-1.0,-1
1.372275,1.37228,1.37227,1.37227,-1.0,-1.0,-1
1.37227,1.37228,1.37227,1.37228,-1.0,-1.0,-1
1.37228,1.37236,1.372275,1.37232,-1.0,-1.0,-1
1.37232,1.372335,1.372305,1.372335,-1.0,-1.0,-1
1.372335,1.372335,1.372285,1.372285,-1.0,-1.0,-1
1.372285,1.37229,1.37228,1.37228,-1.0,-1.0,-1
1.37228,1.372285,1.37227,1.37228,-1.0,-1.0,-1
1.37228,1.372325,1.37228,1.37231,-1.0,-1.0,-1
1.37231,1.37231,1.37227,1.37228,-1.0,-1.0,-1
1.37228,1.372335,1.37228,1.372335,-1.0,-1.0,-1
1.372335,1.372355,1.372325,1.372345,-1.0,-1.0,-1
1.372345,1.37236,1.37234,1.372355,-1.0,-1.0,-1
1.372355,1.372355,1.372325,1.37235,-1.0,-1.0,-1
1.37235,1.37235,1.372315,1.372315,-1.0,-1.0,-1
1.372315,1.37232,1.372315,1.37232,-1.0,-1.0,-1
1.37232,1.37232,1.372315,1.372315,-1.0,-1.0,-1
1.372315,1.372315,1.372305,1.372315,-1.0,-1.0,-1
1.372315,1.372355,1.372315,1.372325,-1.0,-1.0,-1
1.372325,1.37234,1.372315,1.37232,-1.0,-1.0,-1
1.37232,1.37232,1.372305,1.37231,-1.0,-1.0,-1
1.37231,1.37231,1.372305,1.372305,-1.0,-1.0,-1
1.372305,1.37236,1.372305,1.372355,-1.0,-1.0,-1
1.372355,1.372385,1.37235,1.37237,-1.0,-1.0,-1
1.37237,1.37237,1.372365,1.37237,-1.0,-1.0,-1
1.37237,1.372455,1.37237,1.372455,-1.0,-1.0,-1
1.372455,1.37247,1.372455,1.37247,-1.0,-1.0,-1
1.37247,1.37247,1.372415,1.372425,-1.0,-1.0,-1
1.372425,1.37243,1.372415,1.372415,-1.0,-1.0,-1
1.372415,1.37244,1.37239,1.372395,-1.0,-1.0,-1
1.372395,1.37243,1.372385,1.37243,-1.0,-1.0,-1
1.37243,1.37247,1.37242,1.37246,-1.0,-1.0,-1
1.37246,1.37247,1.37246,1.37246,-1.0,-1.0,-1
1.37246,1.372465,1.37241,1.372415,-1.0,-1.0,-1
1.372415,1.37243,1.3724,1.372425,-1.0,-1.0,-1
1.372425,1.37244,1.372415,1.372415,-1.0,-1.0,-1
1.372415,1.37245,1.372415,1.37244,-1.0,-1.0,-1
1.37244,1.372465,1.37242,1.37246,-1.0,-1.0,-1
1.37246,1.37247,1.372455,1.372455,-1.0,-1.0,-1
1.372455,1.372455,1.3724,1.372405,-1.0,-1.0,-1
1.372405,1.372485,1.37239,1.37248,-1.0,-1.0,-1
1.37248,1.372485,1.372445,1.37245,-1.0,-1.0,-1
1.37245,1.37245,1.37242,1.37242,-1.0,-1.0,-1
1.37242,1.37242,1.372385,1.3724,-1.0,-1.0,-1
1.3724,1.37245,1.372385,1.37245,-1.0,-1.0,-1
1.37245,1.37245,1.3724,1.37241,-1.0,-1.0,-1
1.37241,1.372445,1.37241,1.372435,-1.0,-1.0,-1
1.372435,1.37249,1.37242,1.37249,-1.0,-1.0,-1
1.37249,1.37256,1.37248,1.372555,-1.0,-1.0,-1
1.372555,1.37256,1.37254,1.37254,-1.0,-1.0,-1
1.37254,1.37255,1.372525,1.37255,-1.0,-1.0,-1
1.37255,1.372605,1.37255,1.372595,-1.0,-1.0,-1
1.372595,1.3726,1.372595,1.372595,-1.0,-1.0,-1
1.372595,1.3726,1.37259,1.37259,-1.0,-1.0,-1
1.37259,1.37259,1.37254,1.37254,-1.0,-1.0,-1
1.37254,1.372565,1.37253,1.372565,-1.0,-1.0,-1
1.372565,1.372565,1.37255,1.372555,-1.0,-1.0,-1
1.372555,1.372565,1.37255,1.372555,-1.0,-1.0,-1
1.372555,1.372575,1.372555,1.372555,-1.0,-1.0,-1
1.372555,1.37256,1.37255,1.37255,-1.0,-1.0,-1
1.37255,1.37256,1.372545,1.372545,-1.0,-1.0,-1
1.372545,1.372565,1.37254,1.37255,-1.0,-1.0,-1
1.37255,1.37256,1.37255,1.372555,-1.0,-1.0,-1
1.372555,1.372565,1.372545,1.37255,-1.0,-1.0,-1
1.37255,1.372555,1.37254,1.37254,-1.0,-1.0,-1
1.37254,1.372545,1.37254,1.372545,-1.0,-1.0,-1
1.372545,1.372555,1.372545,1.37255,-1.0,-1.0,-1
1.37255,1.37257,1.37254,1.37257,-1.0,-1.0,-1
1.37257,1.37259,1.372565,1.37257,-1.0,-1.0,-1
1.37257,1.37257,1.372545,1.372545,-1.0,-1.0,-1
1.372545,1.37255,1.37254,1.372545,-1.0,-1.0,-1
1.372545,1.372545,1.37253,1.37254,-1.0,-1.0,-1
1.37254,1.37254,1.37253,1.37254,-1.0,-1.0,-1
1.37254,1.372555,1.372485,1.37249,-1.0,-1.0,-1
1.37249,1.37249,1.37248,1.372485,-1.0,-1.0,-1
1.372485,1.37249,1.37247,1.37247,-1.0,-1.0,-1
1.37247,1.37248,1.37247,1.37247,-1.0,-1.0,-1
1.37247,1.37247,1.372455,1.372455,-1.0,-1.0,-1
1.372455,1.372455,1.372445,1.37245,-1.0,-1.0,-1
1.37245,1.372455,1.372445,1.37245,-1.0,-1.0,-1
1.37245,1.37245,1.372435,1.37244,-1.0,-1.0,-1
1.37244,1.37244,1.372385,1.37239,-1.0,-1.0,-1
1.37239,1.37239,1.372365,1.372365,-1.0,-1.0,-1
1.372365,1.372445,1.372365,1.37244,-1.0,-1.0,-1
1.37244,1.372445,1.37243,1.37243,-1.0,-1.0,-1
1.37243,1.372445,1.372425,1.372435,-1.0,-1.0,-1
1.372435,1.37244,1.37243,1.37243,-1.0,-1.0,-1
1.37243,1.37243,1.372425,1.372425,-1.0,-1.0,-1
1.372425,1.372455,1.3724,1.372455,-1.0,-1.0,-1
1.372455,1.372455,1.372395,1.3724,-1.0,-1.0,-1
1.3724,1.372445,1.372395,1.372445,-1.0,-1.0,-1
1.372445,1.37245,1.37244,1.37245,-1.0,-1.0,-1
1.37245,1.37245,1.372435,1.372445,-1.0,-1.0,-1
1.372445,1.372455,1.372435,1.372435,-1.0,-1.0,-1
1.372435,1.37245,1.372435,1.372435,-1.0,-1.0,-1
1.372435,1.372445,1.37243,1.372445,-1.0,-1.0,-1
1.372445,1.372445,1.372425,1.37244,-1.0,-1.0,-1
1.37244,1.372445,1.372415,1.37244,-1.0,-1.0,-1
1.37244,1.37244,1.37239,1.372405,-1.0,-1.0,-1
1.372405,1.37245,1.372395,1.37245,-1.0,-1.0,-1
1.37245,1.37245,1.372445,1.372445,-1.0,-1.0,-1
1.372445,1.37245,1.372425,1.37243,-1.0,-1.0,-1
1.37243,1.37243,1.372395,1.372405,-1.0,-1.0,-1
1.372405,1.37241,1.372395,1.3724,-1.0,-1.0,-1
1.3724,1.37243,1.372395,1.37243,-1.0,-1.0,-1
1.37243,1.372465,1.37242,1.372465,-1.0,-1.0,-1
1.372465,1.372465,1.37245,1.37245,-1.0,-1.0,-1
1.37245,1.372455,1.372445,1.37245,-1.0,-1.0,-1
1.37245,1.372465,1.372445,1.37246,-1.0,-1.0,-1
1.37246,1.372465,1.372455,1.372455,-1.0,-1.0,-1
1.372455,1.37246,1.372385,1.372385,-1.0,-1.0,-1
1.372385,1.372385,1.37237,1.37237,-1.0,-1.0,-1
1.37237,1.37237,1.372365,1.372365,-1.0,-1.0,-1
1.372365,1.37237,1.37234,1.372345,-1.0,-1.0,-1
1.372345,1.372355,1.37233,1.372355,-1.0,-1.0,-1
1.372355,1.372355,1.372285,1.372345,-1.0,-1.0,-1
1.372345,1.372355,1.37234,1.37235,-1.0,-1.0,-1
1.37235,1.37235,1.37228,1.37229,-1.0,-1.0,-1
1.37229,1.37234,1.372285,1.37233,-1.0,-1.0,-1
1.37233,1.37233,1.372325,1.37233,-1.0,-1.0,-1
1.37233,1.372365,1.37233,1.372365,-1.0,-1.0,-1
1.372365,1.372365,1.372345,1.37236,-1.0,-1.0,-1
1.37236,1.37236,1.37229,1.37236,-1.0,-1.0,-1
1.37236,1.372455,1.372355,1.37245,-1.0,-1.0,-1
1.37245,1.37246,1.372445,1.37246,-1.0,-1.0,-1
1.37246,1.37247,1.37246,1.372465,-1.0,-1.0,-1
1.372465,1.37247,1.372465,1.372465,-1.0,-1.0,-1
1.372465,1.37247,1.37243,1.37243,-1.0,-1.0,-1
1.37243,1.372465,1.37243,1.372455,-1.0,-1.0,-1
1.372455,1.37247,1.372455,1.37247,-1.0,-1.0,-1
1.37247,1.372475,1.372465,1.37247,-1.0,-1.0,-1
1.37247,1.37249,1.372465,1.372465,-1.0,-1.0,-1
1.372465,1.372485,1.372465,1.372485,-1.0,-1.0,-1
1.372485,1.372485,1.37247,1.37248,-1.0,-1.0,-1
1.37248,1.37248,1.37247,1.372475,-1.0,-1.0,-1
1.372475,1.3725,1.37247,1.37249,-1.0,-1.0,-1
1.37249,1.37249,1.372465,1.372475,-1.0,-1.0,-1
1.372475,1.37248,1.37247,1.372475,-1.0,-1.0,-1
1.372475,1.372495,1.372475,1.372495,-1.0,-1.0,-1
1.372495,1.372495,1.372435,1.372445,-1.0,-1.0,-1
1.372445,1.372445,1.37241,1.37244,-1.0,-1.0,-1
1.37244,1.372445,1.372415,1.372415,-1.0,-1.0,-1
1.372415,1.372415,1.37239,1.3724,-1.0,-1.0,-1
1.3724,1.372405,1.37235,1.37236,-1.0,-1.0,-1
1.37236,1.372365,1.372345,1.372355,-1.0,-1.0,-1
1.372355,1.37236,1.372345,1.372355,-1.0,-1.0,-1
1.372355,1.372365,1.37234,1.372365,-1.0,-1.0,-1
1.372365,1.37237,1.37235,1.37237,-1.0,-1.0,-1
1.37237,1.37237,1.37235,1.372365,-1.0,-1.0,-1
1.372365,1.37237,1.37235,1.37237,-1.0,-1.0,-1
1.37237,1.37237,1.372365,1.372365,-1.0,-1.0,-1
1.372365,1.37239,1.37235,1.372355,-1.0,-1.0,-1
1.372355,1.372365,1.37235,1.372355,-1.0,-1.0,-1
1.372355,1.37237,1.37235,1.372355,-1.0,-1.0,-1
1.372355,1.372375,1.37235,1.372365,-1.0,-1.0,-1
1.372365,1.37237,1.37235,1.372355,-1.0,-1.0,-1
1.372355,1.37236,1.372305,1.372345,-1.0,-1.0,-1
1.372345,1.372385,1.37234,1.372365,-1.0,-1.0,-1
1.372365,1.372385,1.372365,1.372365,-1.0,-1.0,-1
1.372365,1.372385,1.372365,1.372375,-1.0,-1.0,-1
1.372375,1.372375,1.372365,1.372365,-1.0,-1.0,-1
1.372365,1.372365,1.372305,1.372305,-1.0,-1.0,-1
1.372305,1.372365,1.372295,1.372365,-1.0,-1.0,-1
1.372365,1.3724,1.372365,1.372385,-1.0,-1.0,-1
1.372385,1.37239,1.37229,1.372295,-1.0,-1.0,-1
1.372295,1.372305,1.37228,1.37228,-1.0,-1.0,-1
1.37228,1.3723,1.37228,1.37229,-1.0,-1.0,-1
1.37229,1.37229,1.372285,1.372285,-1.0,-1.0,-1
1.372285,1.3723,1.372285,1.37229,-1.0,-1.0,-1
1.37229,1.372335,1.37229,1.37232,-1.0,-1.0,-1
1.37232,1.37237,1.37232,1.372365,-1.0,-1.0,-1
1.372365,1.37237,1.37236,1.37237,-1.0,-1.0,-1
1.37237,1.372375,1.37237,1.372375,-1.0,-1.0,-1
1.372375,1.372385,1.37237,1.372385,-1.0,-1.0,-1
1.372385,1.372445,1.372385,1.372395,-1.0,-1.0,-1
1.372395,1.37243,1.37239,1.37242,-1.0,-1.0,-1
1.37242,1.37242,1.372325,1.372325,-1.0,-1.0,-1
1.372325,1.372325,1.37228,1.372305,-1.0,-1.0,-1
1.372305,1.37234,1.37227,1.372285,-1.0,-1.0,-1
1.372285,1.37229,1.37227,1.372275,-1.0,-1.0,-1
1.372275,1.372305,1.37227,1.37229,-1.0,-1.0,-1
1.37229,1.372295,1.372285,1.372285,-1.0,-1.0,-1
1.372285,1.37229,1.372215,1.372225,-1.0,-1.0,-1
1.372225,1.372255,1.372175,1.372255,-1.0,-1.0,-1
1.372255,1.37228,1.372245,1.37228,-1.0,-1.0,-1
1.37228,1.37228,1.372265,1.372275,-1.0,-1.0,-1
1.372275,1.37228,1.372235,1.372245,-1.0,-1.0,-1
1.372245,1.372325,1.37224,1.372295,-1.0,-1.0,-1
1.372295,1.372345,1.37228,1.372295,-1.0,-1.0,-1
1.372295,1.37232,1.372295,1.37232,-1.0,-1.0,-1
1.37232,1.372395,1.37232,1.372375,-1.0,-1.0,-1
1.372375,1.372395,1.37237,1.37239,-1.0,-1.0,-1
1.37239,1.372395,1.37234,1.372375,-1.0,-1.0,-1
1.372375,1.3724,1.37233,1.37234,-1.0,-1.0,-1
1.37234,1.372375,1.372335,1.372375,-1.0,-1.0,-1
1.372375,1.37241,1.372375,1.372385,-1.0,-1.0,-1
1.372385,1.372385,1.37237,1.37237,-1.0,-1.0,-1
1.37237,1.372385,1.37234,1.372365,-1.0,-1.0,-1
1.372365,1.37237,1.37234,1.372345,-1.0,-1.0,-1
1.372345,1.37236,1.37224,1.372255,-1.0,-1.0,-1
1.372255,1.372265,1.37224,1.372265,-1.0,-1.0,-1
1.372265,1.372265,1.37224,1.37226,-1.0,-1.0,-1
1.37226,1.37229,1.37224,1.372275,-1.0,-1.0,-1
1.372275,1.37229,1.37226,1.37227,-1.0,-1.0,-1
1.37227,1.37228,1.372255,1.37226,-1.0,-1.0,-1
1.37226,1.37228,1.37225,1.372265,-1.0,-1.0,-1
1.372265,1.372275,1.37226,1.372265,-1.0,-1.0,-1
1.372265,1.37242,1.37226,1.372415,-1.0,-1.0,-1
1.372415,1.37242,1.372385,1.372385,-1.0,-1.0,-1
1.372385,1.3724,1.37238,1.372395,-1.0,-1.0,-1
1.372395,1.372415,1.372395,1.372415,-1.0,-1.0,-1
1.372415,1.372435,1.372395,1.372435,-1.0,-1.0,-1
1.372435,1.372445,1.372435,1.37244,-1.0,-1.0,-1
1.37244,1.372445,1.37237,1.37241,-1.0,-1.0,-1
1.37241,1.372465,1.372395,1.372445,-1.0,-1.0,-1
1.372445,1.372445,1.372435,1.372435,-1.0,-1.0,-1
1.372435,1.372445,1.37242,1.372445,-1.0,-1.0,-1
1.372445,1.372445,1.372435,1.372435,-1.0,-1.0,-1
1.372435,1.37244,1.37239,1.372415,-1.0,-1.0,-1
1.372415,1.372415,1.372395,1.372415,-1.0,-1.0,-1
1.372415,1.372415,1.372355,1.37238,-1.0,-1.0,-1
1.37238,1.372395,1.372375,1.37239,-1.0,-1.0,-1
1.37239,1.372395,1.372375,1.37238,-1.0,-1.0,-1
1.37238,1.372385,1.37238,1.372385,-1.0,-1.0,-1
1.372385,1.37242,1.372375,1.37242,-1.0,-1.0,-1
1.37242,1.37247,1.372395,1.372445,-1.0,-1.0,-1
1.372445,1.372475,1.372445,1.372465,-1.0,-1.0,-1
1.372465,1.37257,1.372465,1.372545,-1.0,-1.0,-1
1.372545,1.37262,1.372545,1.372585,-1.0,-1.0,-1
1.372585,1.37262,1.37254,1.372615,-1.0,-1.0,-1
1.372615,1.372635,1.37259,1.37262,-1.0,-1.0,-1
1.37262,1.37265,1.372615,1.37264,-1.0,-1.0,-1
1.37264,1.37265,1.37264,1.37264,-1.0,-1.0,-1
1.37264,1.37265,1.37264,1.37265,-1.0,-1.0,-1
1.37265,1.372655,1.37261,1.372625,-1.0,-1.0,-1
1.372625,1.37268,1.372625,1.372635,-1.0,-1.0,-1
1.372635,1.372645,1.372635,1.37264,-1.0,-1.0,-1
1.37264,1.37267,1.37264,1.372645,-1.0,-1.0,-1
1.372645,1.372645,1.37264,1.372645,-1.0,-1.0,-1
1.372645,1.372645,1.37262,1.37263,-1.0,-1.0,-1
1.37263,1.37266,1.37263,1.372645,-1.0,-1.0,-1
1.372645,1.372665,1.37262,1.372645,-1.0,-1.0,-1
1.372645,1.372675,1.372645,1.372675,-1.0,-1.0,-1
1.372675,1.3727,1.372645,1.372695,-1.0,-1.0,-1
1.372695,1.37273,1.37269,1.37272,-1.0,-1.0,-1
1.37272,1.372735,1.37271,1.372715,-1.0,-1.0,-1
1.372715,1.372725,1.37271,1.372725,-1.0,-1.0,-1
1.372725,1.372725,1.37269,1.372725,-1.0,-1.0,-1
1.372725,1.372725,1.37264,1.372645,-1.0,-1.0,-1
1.372645,1.372645,1.37262,1.372635,-1.0,-1.0,-1
1.372635,1.37264,1.37263,1.37264,-1.0,-1.0,-1
1.37264,1.37264,1.372635,1.37264,-1.0,-1.0,-1
1.37264,1.372675,1.37264,1.372675,-1.0,-1.0,-1
1.372675,1.372695,1.372645,1.372675,-1.0,-1.0,-1
1.372675,1.37269,1.372645,1.372665,-1.0,-1.0,-1
1.372665,1.372665,1.37264,1.37264,-1.0,-1.0,-1
1.37264,1.372645,1.37264,1.372645,-1.0,-1.0,-1
1.372645,1.372645,1.37261,1.372635,-1.0,-1.0,-1
1.372635,1.372645,1.372635,1.372645,-1.0,-1.0,-1
1.372645,1.372645,1.37263,1.372635,-1.0,-1.0,-1
1.372635,1.37264,1.372635,1.37264,-1.0,-1.0,-1
1.37264,1.37269,1.37264,1.372685,-1.0,-1.0,-1
1.372685,1.37269,1.372665,1.372685,-1.0,-1.0,-1
1.372685,1.37269,1.37267,1.37267,-1.0,-1.0,-1
1.37267,1.37274,1.372665,1.37273,-1.0,-1.0,-1
1.37273,1.37273,1.372685,1.372685,-1.0,-1.0,-1
1.372685,1.37269,1.372635,1.372635,-1.0,-1.0,-1
1.372635,1.372645,1.372635,1.372645,-1.0,-1.0,-1
1.372645,1.3727,1.372645,1.37269,-1.0,-1.0,-1
1.37269,1.37269,1.37268,1.372685,-1.0,-1.0,-1
1.372685,1.37269,1.372665,1.372675,-1.0,-1.0,-1
1.372675,1.3727,1.372665,1.372665,-1.0,-1.0,-1
1.372665,1.37272,1.372645,1.372715,-1.0,-1.0,-1
1.372715,1.372735,1.372715,1.37273,-1.0,-1.0,-1
1.37273,1.372735,1.37268,1.37268,-1.0,-1.0,-1
1.37268,1.37268,1.372665,1.372675,-1.0,-1.0,-1
1.372675,1.372675,1.372665,1.37267,-1.0,-1.0,-1
1.37267,1.372675,1.37264,1.372645,-1.0,-1.0,-1
1.372645,1.372665,1.372575,1.372585,-1.0,-1.0,-1
1.372585,1.37259,1.372585,1.372585,-1.0,-1.0,-1
1.372585,1.37259,1.372585,1.37259,-1.0,-1.0,-1
1.37259,1.37259,1.372585,1.372585,-1.0,-1.0,-1
1.372585,1.37264,1.372585,1.372635,-1.0,-1.0,-1
1.372635,1.372645,1.372635,1.37264,-1.0,-1.0,-1
1.37264,1.37264,1.37264,1.37264,-1.0,-1.0,-1
1.37264,1.37269,1.37264,1.37268,-1.0,-1.0,-1
1.37268,1.37269,1.37268,1.372685,-1.0,-1.0,-1
1.372685,1.37277,1.372685,1.37274,-1.0,-1.0,-1
1.37274,1.37282,1.37274,1.372775,-1.0,-1.0,-1
1.372775,1.3728,1.372775,1.372785,-1.0,-1.0,-1
1.372785,1.37282,1.37278,1.372805,-1.0,-1.0,-1
1.372805,1.372805,1.372725,1.372745,-1.0,-1.0,-1
1.372745,1.372745,1.37273,1.37273,-1.0,-1.0,-1
1.37273,1.372785,1.372725,1.37277,-1.0,-1.0,-1
1.37277,1.372805,1.37277,1.37278,-1.0,-1.0,-1
1.37278,1.37279,1.37276,1.372765,-1.0,-1.0,-1
1.372765,1.37277,1.372665,1.37269,-1.0,-1.0,-1
1.37269,1.372715,1.37267,1.37269,-1.0,-1.0,-1
1.37269,1.372705,1.37263,1.37263,-1.0,-1.0,-1
1.37263,1.37266,1.37263,1.372645,-1.0,-1.0,-1
1.372645,1.372645,1.37259,1.37259,-1.0,-1.0,-1
1.37259,1.372625,1.372585,1.372625,-1.0,-1.0,-1
1.372625,1.37264,1.37261,1.372625,-1.0,-1.0,-1
1.372625,1.37269,1.37262,1.37269,-1.0,-1.0,-1
1.37269,1.372715,1.372675,1.37268,-1.0,-1.0,-1
1.37268,1.37269,1.37262,1.372665,-1.0,-1.0,-1
1.372665,1.372665,1.372605,1.37264,-1.0,-1.0,-1
1.37264,1.372655,1.372575,1.372575,-1.0,-1.0,-1
1.372575,1.372595,1.372565,1.372595,-1.0,-1.0,-1
1.372595,1.372645,1.372595,1.372645,-1.0,-1.0,-1
1.372645,1.372665,1.37262,1.37263,-1.0,-1.0,-1
1.37263,1.37269,1.37263,1.372675,-1.0,-1.0,-1
1.372675,1.372675,1.372635,1.372675,-1.0,-1.0,-1
1.372675,1.37268,1.372645,1.372645,-1.0,-1.0,-1
1.372645,1.372645,1.372595,1.372595,-1.0,-1.0,-1
1.372595,1.372635,1.372595,1.37263,-1.0,-1.0,-1
1.37263,1.37263,1.372475,1.372475,-1.0,-1.0,-1
1.372475,1.372525,1.372475,1.37252,-1.0,-1.0,-1
1.37252,1.37253,1.372475,1.372495,-1.0,-1.0,-1
1.372495,1.37254,1.37246,1.37246,-1.0,-1.0,-1
1.37246,1.37247,1.372425,1.37247,-1.0,-1.0,-1
1.37247,1.372495,1.372465,1.372485,-1.0,-1.0,-1
1.372485,1.37253,1.37248,1.37249,-1.0,-1.0,-1
1.37249,1.37249,1.372465,1.37247,-1.0,-1.0,-1
1.37247,1.37251,1.37247,1.37249,-1.0,-1.0,-1
1.37249,1.372525,1.372465,1.37249,-1.0,-1.0,-1
1.37249,1.372495,1.372435,1.37244,-1.0,-1.0,-1
1.37244,1.372445,1.37234,1.37236,-1.0,-1.0,-1
1.37236,1.37246,1.37235,1.37245,-1.0,-1.0,-1
1.37245,1.372455,1.37229,1.3723,-1.0,-1.0,-1
1.3723,1.37235,1.37224,1.37235,-1.0,-1.0,-1
1.37235,1.372355,1.372245,1.372255,-1.0,-1.0,-1
1.372255,1.37231,1.37218,1.37226,-1.0,-1.0,-1
1.37226,1.372265,1.372145,1.372165,-1.0,-1.0,-1
1.372165,1.3722,1.37216,1.372175,-1.0,-1.0,-1
1.372175,1.37218,1.37211,1.372135,-1.0,-1.0,-1
1.372135,1.37218,1.372115,1.372155,-1.0,-1.0,-1
1.372155,1.37218,1.372065,1.37207,-1.0,-1.0,-1
1.37207,1.37207,1.37192,1.371955,-1.0,-1.0,-1
1.371955,1.37196,1.371805,1.3719,-1.0,-1.0,-1
1.3719,1.371925,1.371805,1.37191,-1.0,-1.0,-1
1.37191,1.37206,1.371895,1.372045,-1.0,-1.0,-1
1.372045,1.37212,1.37204,1.372095,-1.0,-1.0,-1
1.372095,1.37216,1.372085,1.372145,-1.0,-1.0,-1
1.372145,1.372265,1.37212,1.37226,-1.0,-1.0,-1
1.37226,1.37232,1.37226,1.372295,-1.0,-1.0,-1
1.372295,1.37234,1.37228,1.37229,-1.0,-1.0,-1
1.37229,1.37229,1.372275,1.372285,-1.0,-1.0,-1
1.372285,1.372375,1.372275,1.372345,-1.0,-1.0,-1
1.372345,1.3724,1.37234,1.372345,-1.0,-1.0,-1
1.372345,1.372345,1.37229,1.372295,-1.0,-1.0,-1
1.372295,1.3723,1.37223,1.372235,-1.0,-1.0,-1
1.372235,1.372275,1.37221,1.37221,-1.0,-1.0,-1
1.37221,1.37228,1.372195,1.372275,-1.0,-1.0,-1
1.372275,1.372295,1.37224,1.37224,-1.0,-1.0,-1
1.37224,1.37227,1.37217,1.37217,-1.0,-1.0,-1
1.37217,1.37219,1.372145,1.372145,-1.0,-1.0,-1
1.372145,1.372145,1.37214,1.372145,-1.0,-1.0,-1
1.372145,1.37218,1.37212,1.372125,-1.0,-1.0,-1
1.372125,1.372155,1.37208,1.37214,-1.0,-1.0,-1
1.37214,1.37214,1.37208,1.372085,-1.0,-1.0,-1
1.372085,1.372085,1.372025,1.372075,-1.0,-1.0,-1
1.372075,1.37212,1.372045,1.372045,-1.0,-1.0,-1
1.372045,1.372135,1.372045,1.372125,-1.0,-1.0,-1
1.372125,1.372125,1.372085,1.372095,-1.0,-1.0,-1
1.372095,1.372095,1.37197,1.37198,-1.0,-1.0,-1
1.37198,1.372035,1.37194,1.371975,-1.0,-1.0,-1
1.371975,1.372015,1.371965,1.371985,-1.0,-1.0,-1
1.371985,1.372,1.371965,1.37199,-1.0,-1.0,-1
1.37199,1.37205,1.371985,1.37204,-1.0,-1.0,-1
1.37204,1.37208,1.37204,1.372075,-1.0,-1.0,-1
1.372075,1.37208,1.372045,1.37208,-1.0,-1.0,-1
1.37208,1.37209,1.372,1.372,-1.0,-1.0,-1
1.372,1.372025,1.37198,1.37198,-1.0,-1.0,-1
1.37198,1.37202,1.37198,1.371985,-1.0,-1.0,-1
1.371985,1.371985,1.37189,1.371925,-1.0,-1.0,-1
1.371925,1.37195,1.37189,1.37193,-1.0,-1.0,-1
1.37193,1.371985,1.37193,1.37198,-1.0,-1.0,-1
1.37198,1.37202,1.37197,1.37202,-1.0,-1.0,-1
1.37202,1.37207,1.372005,1.372065,-1.0,-1.0,-1
1.372065,1.37208,1.37198,1.37198,-1.0,-1.0,-1
1.37198,1.372,1.371965,1.372,-1.0,-1.0,-1
1.372,1.37201,1.371955,1.37199,-1.0,-1.0,-1
1.37199,1.37199,1.37189,1.371965,-1.0,-1.0,-1
1.371965,1.371985,1.371935,1.37198,-1.0,-1.0,-1
1.37198,1.37208,1.371965,1.37207,-1.0,-1.0,-1
1.37207,1.37207,1.371945,1.37197,-1.0,-1.0,-1
1.37197,1.371985,1.37197,1.371975,-1.0,-1.0,-1
1.371975,1.372005,1.371945,1.371985,-1.0,-1.0,-1
1.371985,1.371985,1.37198,1.371985,-1.0,-1.0,-1
1.371985,1.371985,1.37198,1.37198,-1.0,-1.0,-1
1.37198,1.371985,1.37187,1.37193,-1.0,-1.0,-1
1.37193,1.37195,1.37188,1.37195,-1.0,-1.0,-1
1.37195,1.371985,1.37188,1.37194,-1.0,-1.0,-1
1.37194,1.371985,1.371925,1.371925,-1.0,-1.0,-1
1.371925,1.37199,1.371915,1.37192,-1.0,-1.0,-1
1.37192,1.371935,1.371915,1.37193,-1.0,-1.0,-1
1.37193,1.37194,1.37193,1.37194,-1.0,-1.0,-1
1.37194,1.37207,1.37194,1.372055,-1.0,-1.0,-1
1.372055,1.3721,1.37203,1.37203,-1.0,-1.0,-1
1.37203,1.37206,1.37203,1.372035,-1.0,-1.0,-1
1.372035,1.372095,1.37203,1.37209,-1.0,-1.0,-1
1.37209,1.37215,1.372085,1.37214,-1.0,-1.0,-1
1.37214,1.372165,1.37214,1.37216,-1.0,-1.0,-1
1.37216,1.37217,1.37215,1.372155,-1.0,-1.0,-1
1.372155,1.37217,1.37212,1.372135,-1.0,-1.0,-1
1.372135,1.37218,1.37213,1.372175,-1.0,-1.0,-1
1.372175,1.372195,1.372145,1.37219,-1.0,-1.0,-1
1.37219,1.372265,1.37218,1.372195,-1.0,-1.0,-1
1.372195,1.372215,1.372165,1.372165,-1.0,-1.0,-1
1.372165,1.37218,1.372155,1.372175,-1.0,-1.0,-1
1.372175,1.372175,1.37213,1.372165,-1.0,-1.0,-1
1.372165,1.372215,1.372165,1.37219,-1.0,-1.0,-1
1.37219,1.372255,1.37218,1.37222,-1.0,-1.0,-1
1.37222,1.372235,1.37219,1.372235,-1.0,-1.0,-1
1.372235,1.372235,1.372215,1.372225,-1.0,-1.0,-1
1.372225,1.372225,1.372205,1.372205,-1.0,-1.0,-1
1.372205,1.372215,1.37216,1.372165,-1.0,-1.0,-1
1.372165,1.372175,1.37213,1.37214,-1.0,-1.0,-1
1.37214,1.372185,1.37213,1.372185,-1.0,-1.0,-1
1.372185,1.372185,1.37216,1.37217,-1.0,-1.0,-1
1.37217,1.372255,1.372165,1.37225,-1.0,-1.0,-1
1.37225,1.372255,1.37221,1.37225,-1.0,-1.0,-1
1.37225,1.37231,1.37224,1.37231,-1.0,-1.0,-1
1.37231,1.37231,1.37228,1.37229,-1.0,-1.0,-1
1.37229,1.372305,1.37227,1.372305,-1.0,-1.0,-1
1.372305,1.37231,1.372255,1.372275,-1.0,-1.0,-1
1.372275,1.372305,1.37226,1.372295,-1.0,-1.0,-1
1.372295,1.372315,1.37229,1.372295,-1.0,-1.0,-1
1.372295,1.3723,1.372285,1.372285,-1.0,-1.0,-1
1.372285,1.37229,1.372255,1.372265,-1.0,-1.0,-1
1.372265,1.372345,1.37226,1.372345,-1.0,-1.0,-1
1.372345,1.37237,1.37234,1.372345,-1.0,-1.0,-1
1.372345,1.372395,1.372315,1.37234,-1.0,-1.0,-1
1.37234,1.37236,1.372325,1.37234,-1.0,-1.0,-1
1.37234,1.37234,1.37229,1.3723,-1.0,-1.0,-1
1.3723,1.372315,1.37227,1.37229,-1.0,-1.0,-1
1.37229,1.372315,1.37225,1.372315,-1.0,-1.0,-1
1.372315,1.372335,1.372315,1.372335,-1.0,-1.0,-1
1.372335,1.37237,1.37233,1.37237,-1.0,-1.0,-1
1.37237,1.37237,1.37234,1.372355,-1.0,-1.0,-1
1.372355,1.372365,1.37232,1.372365,-1.0,-1.0,-1
1.372365,1.372385,1.37235,1.372355,-1.0,-1.0,-1
1.372355,1.372385,1.37235,1.372375,-1.0,-1.0,-1
1.372375,1.372375,1.37233,1.37233,-1.0,-1.0,-1
1.37233,1.37235,1.372315,1.37235,-1.0,-1.0,-1
1.37235,1.372385,1.372345,1.37237,-1.0,-1.0,-1
1.37237,1.372405,1.372365,1.37239,-1.0,-1.0,-1
1.37239,1.372405,1.37238,1.3724,-1.0,-1.0,-1
1.3724,1.372405,1.372385,1.372385,-1.0,-1.0,-1
1.372385,1.3724,1.372375,1.372395,-1.0,-1.0,-1
1.372395,1.37243,1.37239,1.372425,-1.0,-1.0,-1
1.372425,1.372435,1.372415,1.372435,-1.0,-1.0,-1
1.372435,1.37244,1.37241,1.37241,-1.0,-1.0,-1
1.37241,1.37243,1.372385,1.372385,-1.0,-1.0,-1
1.372385,1.3724,1.372385,1.372395,-1.0,-1.0,-1
1.372395,1.372395,1.372375,1.372385,-1.0,-1.0,-1
1.372385,1.372385,1.372325,1.37233,-1.0,-1.0,-1
1.37233,1.37235,1.37233,1.37234,-1.0,-1.0,-1
1.37234,1.37234,1.372315,1.372315,-1.0,-1.0,-1
1.372315,1.3724,1.372315,1.37239,-1.0,-1.0,-1
1.37239,1.3724,1.37238,1.3724,-1.0,-1.0,-1
1.3724,1.3724,1.372385,1.372395,-1.0,-1.0,-1
1.372395,1.3724,1.372325,1.37236,-1.0,-1.0,-1
1.37236,1.372385,1.372355,1.372365,-1.0,-1.0,-1
1.372365,1.372385,1.37236,1.372375,-1.0,-1.0,-1
1.372375,1.372385,1.372365,1.37237,-1.0,-1.0,-1
1.37237,1.37237,1.37236,1.37236,-1.0,-1.0,-1
1.37236,1.372365,1.37235,1.37236,-1.0,-1.0,-1
1.37236,1.3724,1.37235,1.372395,-1.0,-1.0,-1
1.372395,1.372395,1.372365,1.372375,-1.0,-1.0,-1
1.372375,1.372375,1.372365,1.372365,-1.0,-1.0,-1
1.372365,1.37245,1.37235,1.37244,-1.0,-1.0,-1
1.37244,1.372445,1.372395,1.372405,-1.0,-1.0,-1
1.372405,1.372405,1.372395,1.3724,-1.0,-1.0,-1
1.3724,1.372405,1.37237,1.372375,-1.0,-1.0,-1
1.372375,1.372385,1.372325,1.372325,-1.0,-1.0,-1
1.372325,1.372385,1.372325,1.37238,-1.0,-1.0,-1
1.37238,1.372385,1.372365,1.37237,-1.0,-1.0,-1
1.37237,1.372395,1.372355,1.372395,-1.0,-1.0,-1
1.372395,1.372405,1.37238,1.37238,-1.0,-1.0,-1
1.37238,1.372395,1.37227,1.372285,-1.0,-1.0,-1
1.372285,1.37229,1.37227,1.372285,-1.0,-1.0,-1
1.372285,1.372295,1.37227,1.37228,-1.0,-1.0,-1
1.37228,1.372285,1.37228,1.37228,-1.0,-1.0,-1
1.37228,1.37231,1.37228,1.37231,-1.0,-1.0,-1
1.37231,1.372385,1.372305,1.37238,-1.0,-1.0,-1
1.37238,1.372385,1.37234,1.372345,-1.0,-1.0,-1
1.372345,1.37237,1.37234,1.372365,-1.0,-1.0,-1
1.372365,1.372375,1.372345,1.37235,-1.0,-1.0,-1
1.37235,1.372385,1.372345,1.37238,-1.0,-1.0,-1
1.37238,1.372385,1.37235,1.372355,-1.0,-1.0,-1
1.372355,1.372355,1.372315,1.372355,-1.0,-1.0,-1
1.372355,1.372385,1.37234,1.37235,-1.0,-1.0,-1
1.37235,1.372365,1.372345,1.372355,-1.0,-1.0,-1
1.372355,1.37243,1.37235,1.37243,-1.0,-1.0,-1
1.37243,1.372465,1.37243,1.372465,-1.0,-1.0,-1
1.372465,1.3725,1.372465,1.372485,-1.0,-1.0,-1
1.372485,1.37254,1.37248,1.37253,-1.0,-1.0,-1
1.37253,1.37254,1.37251,1.37251,-1.0,-1.0,-1
1.37251,1.37251,1.37248,1.372495,-1.0,-1.0,-1
1.372495,1.372505,1.372495,1.3725,-1.0,-1.0,-1
1.3725,1.37259,1.372495,1.37259,-1.0,-1.0,-1
1.37259,1.372595,1.372565,1.372585,-1.0,-1.0,-1
1.372585,1.372605,1.372575,1.37258,-1.0,-1.0,-1
1.37258,1.372605,1.372555,1.3726,-1.0,-1.0,-1
1.3726,1.37261,1.37259,1.37261,-1.0,-1.0,-1
1.37261,1.372615,1.3726,1.372615,-1.0,-1.0,-1
1.372615,1.37268,1.37261,1.37267,-1.0,-1.0,-1
1.37267,1.372725,1.37266,1.37269,-1.0,-1.0,-1
1.37269,1.372705,1.372675,1.37269,-1.0,-1.0,-1
1.37269,1.3727,1.37269,1.372695,-1.0,-1.0,-1
1.372695,1.3727,1.37267,1.372675,-1.0,-1.0,-1
1.372675,1.372775,1.372675,1.37276,-1.0,-1.0,-1
1.37276,1.37277,1.37275,1.37276,-1.0,-1.0,-1
1.37276,1.372765,1.37275,1.37275,-1.0,-1.0,-1
1.37275,1.37277,1.37275,1.37276,-1.0,-1.0,-1
1.37276,1.372865,1.37276,1.372855,-1.0,-1.0,-1
1.372855,1.372875,1.372845,1.372855,-1.0,-1.0,-1
1.372855,1.372855,1.37282,1.37285,-1.0,-1.0,-1
1.37285,1.372915,1.37285,1.37291,-1.0,-1.0,-1
1.37291,1.372925,1.37291,1.372915,-1.0,-1.0,-1
1.372915,1.37292,1.37287,1.372875,-1.0,-1.0,-1
1.372875,1.37288,1.37283,1.372855,-1.0,-1.0,-1
1.372855,1.372855,1.372795,1.3728,-1.0,-1.0,-1
1.3728,1.372815,1.37274,1.372775,-1.0,-1.0,-1
1.372775,1.372775,1.37274,1.372765,-1.0,-1.0,-1
1.372765,1.37277,1.37273,1.37275,-1.0,-1.0,-1
1.37275,1.37275,1.37274,1.37274,-1.0,-1.0,-1
1.37274,1.37275,1.37273,1.372745,-1.0,-1.0,-1
1.372745,1.372745,1.37274,1.372745,-1.0,-1.0,-1
1.372745,1.37275,1.37273,1.37274,-1.0,-1.0,-1
1.37274,1.37274,1.372685,1.372685,-1.0,-1.0,-1
1.372685,1.37269,1.372655,1.37266,-1.0,-1.0,-1
1.37266,1.372665,1.372655,1.372655,-1.0,-1.0,-1
1.372655,1.372655,1.372645,1.372645,-1.0,-1.0,-1
1.372645,1.37265,1.372575,1.372575,-1.0,-1.0,-1
1.372575,1.37258,1.372565,1.37258,-1.0,-1.0,-1
1.37258,1.37258,1.372575,1.372575,-1.0,-1.0,-1
1.372575,1.372575,1.372565,1.37257,-1.0,-1.0,-1
1.37257,1.37257,1.372525,1.37254,-1.0,-1.0,-1
1.37254,1.372575,1.372535,1.37257,-1.0,-1.0,-1
1.37257,1.372605,1.372565,1.3726,-1.0,-1.0,-1
1.3726,1.3726,1.372565,1.37257,-1.0,-1.0,-1
1.37257,1.372575,1.37247,1.372475,-1.0,-1.0,-1
1.372475,1.37249,1.372465,1.372475,-1.0,-1.0,-1
1.372475,1.372545,1.372465,1.37254,-1.0,-1.0,-1
1.37254,1.37256,1.372525,1.37253,-1.0,-1.0,-1
1.37253,1.37254,1.37248,1.37248,-1.0,-1.0,-1
1.37248,1.372555,1.37248,1.37254,-1.0,-1.0,-1
1.37254,1.37256,1.37254,1.372545,-1.0,-1.0,-1
1.372545,1.372555,1.37251,1.372535,-1.0,-1.0,-1
1.372535,1.372545,1.37252,1.37253,-1.0,-1.0,-1
1.37253,1.372545,1.372505,1.372545,-1.0,-1.0,-1
1.372545,1.37257,1.372545,1.372555,-1.0,-1.0,-1
1.372555,1.37256,1.37254,1.372545,-1.0,-1.0,-1
1.372545,1.372545,1.372455,1.372455,-1.0,-1.0,-1
1.372455,1.372525,1.372455,1.372505,-1.0,-1.0,-1
1.372505,1.372535,1.372505,1.37251,-1.0,-1.0,-1
1.37251,1.372525,1.37248,1.37248,-1.0,-1.0,-1
1.37248,1.3725,1.372445,1.372445,-1.0,-1.0,-1
1.372445,1.37245,1.372415,1.37242,-1.0,-1.0,-1
1.37242,1.372455,1.372415,1.372455,-1.0,-1.0,-1
1.372455,1.372455,1.372405,1.37241,-1.0,-1.0,-1
1.37241,1.372415,1.37238,1.372385,-1.0,-1.0,-1
1.372385,1.372415,1.372385,1.372415,-1.0,-1.0,-1
1.372415,1.372415,1.37237,1.372375,-1.0,-1.0,-1
1.372375,1.37243,1.372375,1.37242,-1.0,-1.0,-1
1.37242,1.372455,1.37241,1.37245,-1.0,-1.0,-1
1.37245,1.372455,1.372395,1.372405,-1.0,-1.0,-1
1.372405,1.37242,1.37238,1.372415,-1.0,-1.0,-1
1.372415,1.372415,1.372405,1.372405,-1.0,-1.0,-1
1.372405,1.37242,1.37239,1.372415,-1.0,-1.0,-1
1.372415,1.37242,1.372375,1.37238,-1.0,-1.0,-1
1.37238,1.37247,1.372375,1.37247,-1.0,-1.0,-1
1.37247,1.37247,1.372405,1.372435,-1.0,-1.0,-1
1.372435,1.372435,1.37242,1.37242,-1.0,-1.0,-1
1.37242,1.372455,1.372395,1.37245,-1.0,-1.0,-1
1.37245,1.37246,1.37242,1.37242,-1.0,-1.0,-1
1.37242,1.37243,1.372395,1.3724,-1.0,-1.0,-1
1.3724,1.37243,1.37239,1.37242,-1.0,-1.0,-1
1.37242,1.37242,1.37239,1.3724,-1.0,-1.0,-1
1.3724,1.372445,1.37238,1.372385,-1.0,-1.0,-1
1.372385,1.37243,1.37238,1.37242,-1.0,-1.0,-1
1.37242,1.37243,1.37239,1.3724,-1.0,-1.0,-1
1.3724,1.372405,1.372375,1.3724,-1.0,-1.0,-1
1.3724,1.3724,1.37235,1.37236,-1.0,-1.0,-1
1.37236,1.372385,1.37235,1.372385,-1.0,-1.0,-1
1.372385,1.372395,1.37238,1.37238,-1.0,-1.0,-1
1.37238,1.372405,1.372355,1.372375,-1.0,-1.0,-1
1.372375,1.372385,1.372365,1.37238,-1.0,-1.0,-1
1.37238,1.372435,1.37238,1.37242,-1.0,-1.0,-1
1.37242,1.37243,1.37241,1.37242,-1.0,-1.0,-1
1.37242,1.37243,1.372375,1.372375,-1.0,-1.0,-1
1.372375,1.372385,1.372375,1.372375,-1.0,-1.0,-1
1.372375,1.372385,1.372375,1.37238,-1.0,-1.0,-1
1.37238,1.372385,1.372375,1.37238,-1.0,-1.0,-1
1.37238,1.372465,1.372375,1.372455,-1.0,-1.0,-1
1.372455,1.372455,1.372445,1.372455,-1.0,-1.0,-1
1.372455,1.372465,1.372445,1.37246,-1.0,-1.0,-1
1.37246,1.37246,1.372445,1.372455,-1.0,-1.0,-1
1.372455,1.372455,1.37241,1.372415,-1.0,-1.0,-1
1.372415,1.37242,1.372365,1.372365,-1.0,-1.0,-1
1.372365,1.372405,1.372355,1.372375,-1.0,-1.0,-1
1.372375,1.372395,1.372365,1.372375,-1.0,-1.0,-1
1.372375,1.372465,1.372375,1.37244,-1.0,-1.0,-1
1.37244,1.37244,1.372395,1.37242,-1.0,-1.0,-1
1.37242,1.372435,1.372415,1.37242,-1.0,-1.0,-1
1.37242,1.37243,1.372415,1.37242,-1.0,-1.0,-1
1.37242,1.37243,1.37241,1.37243,-1.0,-1.0,-1
1.37243,1.372455,1.372415,1.372455,-1.0,-1.0,-1
1.372455,1.372455,1.372415,1.37242,-1.0,-1.0,-1
1.37242,1.37243,1.37242,1.372425,-1.0,-1.0,-1
1.372425,1.37246,1.372425,1.37245,-1.0,-1.0,-1
1.37245,1.372455,1.372445,1.372455,-1.0,-1.0,-1
1.372455,1.372455,1.37243,1.37244,-1.0,-1.0,-1
1.37244,1.37244,1.372415,1.37242,-1.0,-1.0,-1
1.37242,1.37242,1.37241,1.37241,-1.0,-1.0,-1
1.37241,1.37242,1.37241,1.372415,-1.0,-1.0,-1
1.372415,1.37246,1.372415,1.37245,-1.0,-1.0,-1
1.37245,1.37245,1.372365,1.372375,-1.0,-1.0,-1
1.372375,1.372385,1.37235,1.372355,-1.0,-1.0,-1
1.372355,1.372365,1.37228,1.37228,-1.0,-1.0,-1
1.37228,1.37228,1.37221,1.37222,-1.0,-1.0,-1
1.37222,1.372255,1.372215,1.372245,-1.0,-1.0,-1
1.372245,1.372245,1.372125,1.37213,-1.0,-1.0,-1
1.37213,1.37213,1.37207,1.372075,-1.0,-1.0,-1
1.372075,1.372095,1.372075,1.37209,-1.0,-1.0,-1
1.37209,1.372135,1.372085,1.372125,-1.0,-1.0,-1
1.372125,1.372125,1.372085,1.3721,-1.0,-1.0,-1
1.3721,1.3721,1.372085,1.372095,-1.0,-1.0,-1
1.372095,1.3721,1.37206,1.37208,-1.0,-1.0,-1
1.37208,1.372085,1.372055,1.37207,-1.0,-1.0,-1
1.37207,1.37208,1.372065,1.37208,-1.0,-1.0,-1
1.37208,1.37208,1.372035,1.372035,-1.0,-1.0,-1
1.372035,1.372095,1.372035,1.372095,-1.0,-1.0,-1
1.372095,1.372095,1.372075,1.372075,-1.0,-1.0,-1
1.372075,1.372085,1.372005,1.37203,-1.0,-1.0,-1
1.37203,1.372045,1.37203,1.37204,-1.0,-1.0,-1
1.37204,1.372045,1.37202,1.372035,-1.0,-1.0,-1
1.372035,1.372035,1.372,1.372,-1.0,-1.0,-1
1.372,1.37201,1.37199,1.372005,-1.0,-1.0,-1
1.372005,1.37202,1.372,1.372,-1.0,-1.0,-1
1.372,1.372,1.371985,1.37199,-1.0,-1.0,-1
1.37199,1.37201,1.371985,1.371995,-1.0,-1.0,-1
1.371995,1.372005,1.37199,1.372005,-1.0,-1.0,-1
1.372005,1.372005,1.37199,1.372,-1.0,-1.0,-1
1.372,1.372,1.37199,1.371995,-1.0,-1.0,-1
1.371995,1.372,1.37198,1.371995,-1.0,-1.0,-1
1.371995,1.372015,1.37199,1.372005,-1.0,-1.0,-1
1.372005,1.37201,1.372,1.372,-1.0,-1.0,-1
1.372,1.372005,1.37198,1.372,-1.0,-1.0,-1
1.372,1.372005,1.371975,1.371995,-1.0,-1.0,-1
1.371995,1.37202,1.37199,1.372005,-1.0,-1.0,-1
1.372005,1.372015,1.372,1.372015,-1.0,-1.0,-1
1.372015,1.37202,1.372005,1.372015,-1.0,-1.0,-1
1.372015,1.372035,1.372,1.372,-1.0,-1.0,-1
1.372,1.372025,1.37199,1.37202,-1.0,-1.0,-1
1.37202,1.372025,1.372,1.37202,-1.0,-1.0,-1
1.37202,1.372025,1.372,1.372015,-1.0,-1.0,-1
1.372015,1.372015,1.37198,1.37198,-1.0,-1.0,-1
1.37198,1.372005,1.37197,1.372,-1.0,-1.0,-1
1.372,1.372,1.37198,1.371985,-1.0,-1.0,-1
1.371985,1.372,1.371985,1.37199,-1.0,-1.0,-1
1.37199,1.371995,1.371965,1.371965,-1.0,-1.0,-1
1.371965,1.37198,1.371905,1.371915,-1.0,-1.0,-1
1.371915,1.371915,1.37188,1.37188,-1.0,-1.0,-1
1.37188,1.37189,1.37188,1.37188,-1.0,-1.0,-1
1.37188,1.371925,1.37188,1.3719,-1.0,-1.0,-1
1.3719,1.3719,1.371895,1.371895,-1.0,-1.0,-1
1.371895,1.3719,1.37189,1.3719,-1.0,-1.0,-1
1.3719,1.3719,1.371895,1.3719,-1.0,-1.0,-1
1.3719,1.3719,1.371755,1.371765,-1.0,-1.0,-1
1.371765,1.37178,1.37176,1.371765,-1.0,-1.0,-1
1.371765,1.371785,1.37176,1.37178,-1.0,-1.0,-1
1.37178,1.37179,1.371765,1.37178,-1.0,-1.0,-1
1.37178,1.371805,1.371775,1.3718,-1.0,-1.0,-1
1.3718,1.37181,1.37178,1.3718,-1.0,-1.0,-1
1.3718,1.3718,1.37178,1.371785,-1.0,-1.0,-1
1.371785,1.371805,1.37178,1.371795,-1.0,-1.0,-1
1.371795,1.371805,1.371705,1.37171,-1.0,-1.0,-1
1.37171,1.371715,1.3716,1.37161,-1.0,-1.0,-1
1.37161,1.371695,1.3716,1.371625,-1.0,-1.0,-1
1.371625,1.37163,1.371555,1.371575,-1.0,-1.0,-1
1.371575,1.37161,1.37154,1.371605,-1.0,-1.0,-1
1.371605,1.37161,1.371555,1.37157,-1.0,-1.0,-1
1.37157,1.371575,1.37154,1.37154,-1.0,-1.0,-1
1.37154,1.37155,1.37153,1.37153,-1.0,-1.0,-1
1.37153,1.37154,1.371525,1.371535,-1.0,-1.0,-1
1.371535,1.37159,1.37153,1.371585,-1.0,-1.0,-1
1.371585,1.37162,1.37158,1.37162,-1.0,-1.0,-1
1.37162,1.371625,1.371555,1.37156,-1.0,-1.0,-1
1.37156,1.371585,1.371545,1.371555,-1.0,-1.0,-1
1.371555,1.37156,1.37154,1.37154,-1.0,-1.0,-1
1.37154,1.37155,1.371535,1.371545,-1.0,-1.0,-1
1.371545,1.371545,1.37152,1.37153,-1.0,-1.0,-1
1.37153,1.371545,1.37152,1.371535,-1.0,-1.0,-1
1.371535,1.371585,1.37153,1.371535,-1.0,-1.0,-1
1.371535,1.371545,1.37153,1.371535,-1.0,-1.0,-1
1.371535,1.371575,1.371535,1.371565,-1.0,-1.0,-1
1.371565,1.371565,1.371525,1.37153,-1.0,-1.0,-1
1.37153,1.371615,1.37153,1.37161,-1.0,-1.0,-1
1.37161,1.371615,1.371605,1.37161,-1.0,-1.0,-1
1.37161,1.37161,1.37153,1.37153,-1.0,-1.0,-1
1.37153,1.371535,1.371525,1.37153,-1.0,-1.0,-1
1.37153,1.371595,1.37153,1.371585,-1.0,-1.0,-1
1.371585,1.371615,1.371585,1.371615,-1.0,-1.0,-1
1.371615,1.371615,1.371525,1.37153,-1.0,-1.0,-1
1.37153,1.37153,1.37152,1.37152,-1.0,-1.0,-1
1.37152,1.371525,1.37152,1.37152,-1.0,-1.0,-1
1.37152,1.371525,1.371505,1.37152,-1.0,-1.0,-1
1.37152,1.37152,1.371445,1.371485,-1.0,-1.0,-1
1.371485,1.371485,1.37146,1.371475,-1.0,-1.0,-1
1.371475,1.371505,1.37147,1.371485,-1.0,-1.0,-1
1.371485,1.371585,1.37148,1.37158,-1.0,-1.0,-1
1.37158,1.371585,1.371565,1.371565,-1.0,-1.0,-1
1.371565,1.37158,1.371545,1.37156,-1.0,-1.0,-1
1.37156,1.371585,1.371555,1.37156,-1.0,-1.0,-1
1.37156,1.371565,1.371545,1.371555,-1.0,-1.0,-1
1.371555,1.371555,1.37148,1.37149,-1.0,-1.0,-1
1.37149,1.37152,1.37148,1.371495,-1.0,-1.0,-1
1.371495,1.371515,1.371495,1.371505,-1.0,-1.0,-1
1.371505,1.371515,1.371505,1.371515,-1.0,-1.0,-1
1.371515,1.371515,1.37149,1.37149,-1.0,-1.0,-1
1.37149,1.371505,1.37149,1.371495,-1.0,-1.0,-1
1.371495,1.371505,1.37148,1.37149,-1.0,-1.0,-1
1.37149,1.371495,1.37139,1.371395,-1.0,-1.0,-1
1.371395,1.37141,1.37139,1.371405,-1.0,-1.0,-1
1.371405,1.37141,1.37137,1.37139,-1.0,-1.0,-1
1.37139,1.37141,1.371355,1.371365,-1.0,-1.0,-1
1.371365,1.37142,1.371365,1.371375,-1.0,-1.0,-1
1.371375,1.37141,1.371375,1.371405,-1.0,-1.0,-1
1.371405,1.37153,1.371405,1.37152,-1.0,-1.0,-1
1.37152,1.371525,1.3715,1.37152,-1.0,-1.0,-1
1.37152,1.37152,1.371495,1.3715,-1.0,-1.0,-1
1.3715,1.371505,1.37146,1.371465,-1.0,-1.0,-1
1.371465,1.37148,1.371465,1.371465,-1.0,-1.0,-1
1.371465,1.37147,1.371445,1.371445,-1.0,-1.0,-1
1.371445,1.371485,1.371445,1.371485,-1.0,-1.0,-1
1.371485,1.371505,1.37147,1.371505,-1.0,-1.0,-1
1.371505,1.37161,1.371505,1.371595,-1.0,-1.0,-1
1.371595,1.371595,1.371565,1.37157,-1.0,-1.0,-1
1.37157,1.37161,1.371565,1.371605,-1.0,-1.0,-1
1.371605,1.37162,1.3716,1.37162,-1.0,-1.0,-1
1.37162,1.371625,1.37162,1.371625,-1.0,-1.0,-1
1.371625,1.37164,1.371605,1.37161,-1.0,-1.0,-1
1.37161,1.37162,1.3716,1.37161,-1.0,-1.0,-1
1.37161,1.371625,1.371605,1.371625,-1.0,-1.0,-1
1.371625,1.37172,1.37162,1.371695,-1.0,-1.0,-1
1.371695,1.371705,1.371685,1.37169,-1.0,-1.0,-1
1.37169,1.371705,1.371685,1.371705,-1.0,-1.0,-1
1.371705,1.371775,1.371705,1.371765,-1.0,-1.0,-1
1.371765,1.37178,1.37176,1.371775,-1.0,-1.0,-1
1.371775,1.371775,1.371755,1.371765,-1.0,-1.0,-1
1.371765,1.371835,1.371765,1.371825,-1.0,-1.0,-1
1.371825,1.37183,1.37181,1.37183,-1.0,-1.0,-1
1.37183,1.371835,1.371815,1.371835,-1.0,-1.0,-1
1.371835,1.371845,1.371815,1.37183,-1.0,-1.0,-1
1.37183,1.37184,1.37182,1.37182,-1.0,-1.0,-1
1.37182,1.371885,1.371815,1.37187,-1.0,-1.0,-1
1.37187,1.37187,1.37182,1.371835,-1.0,-1.0,-1
1.371835,1.37184,1.37181,1.37181,-1.0,-1.0,-1
1.37181,1.37187,1.37181,1.371865,-1.0,-1.0,-1
1.371865,1.371865,1.37178,1.371785,-1.0,-1.0,-1
1.371785,1.3718,1.37178,1.37179,-1.0,-1.0,-1
1.37179,1.371845,1.37179,1.371845,-1.0,-1.0,-1
1.371845,1.371895,1.371825,1.37183,-1.0,-1.0,-1
1.37183,1.371835,1.3718,1.37182,-1.0,-1.0,-1
1.37182,1.371835,1.37181,1.371835,-1.0,-1.0,-1
1.371835,1.371835,1.371825,1.371835,-1.0,-1.0,-1
1.371835,1.371895,1.371835,1.371885,-1.0,-1.0,-1
1.371885,1.371895,1.37188,1.37189,-1.0,-1.0,-1
1.37189,1.371895,1.371825,1.37184,-1.0,-1.0,-1
1.37184,1.371845,1.371835,1.371845,-1.0,-1.0,-1
1.371845,1.371855,1.37184,1.371845,-1.0,-1.0,-1
1.371845,1.371845,1.37184,1.37184,-1.0,-1.0,-1
1.37184,1.371865,1.371825,1.371865,-1.0,-1.0,-1
1.371865,1.371935,1.37186,1.371925,-1.0,-1.0,-1
1.371925,1.371925,1.3718,1.3718,-1.0,-1.0,-1
1.3718,1.371805,1.37176,1.37178,-1.0,-1.0,-1
1.37178,1.37178,1.37173,1.37174,-1.0,-1.0,-1
1.37174,1.371745,1.37169,1.37169,-1.0,-1.0,-1
1.37169,1.3717,1.371645,1.37166,-1.0,-1.0,-1
1.37166,1.37168,1.37165,1.371655,-1.0,-1.0,-1
1.371655,1.371715,1.37165,1.371715,-1.0,-1.0,-1
1.371715,1.371715,1.371705,1.37171,-1.0,-1.0,-1
1.37171,1.371715,1.371705,1.37171,-1.0,-1.0,-1
1.37171,1.371715,1.371705,1.371705,-1.0,-1.0,-1
1.371705,1.37171,1.371705,1.371705,-1.0,-1.0,-1
1.371705,1.37182,1.371675,1.371815,-1.0,-1.0,-1
1.371815,1.37182,1.371775,1.37178,-1.0,-1.0,-1
1.37178,1.371805,1.371775,1.371805,-1.0,-1.0,-1
1.371805,1.37181,1.371775,1.37179,-1.0,-1.0,-1
1.37179,1.37181,1.37172,1.37172,-1.0,-1.0,-1
1.37172,1.371755,1.371715,1.371715,-1.0,-1.0,-1
1.371715,1.37173,1.371695,1.37173,-1.0,-1.0,-1
1.37173,1.371745,1.37172,1.371735,-1.0,-1.0,-1
1.371735,1.371795,1.37173,1.37177,-1.0,-1.0,-1
1.37177,1.371775,1.371765,1.371765,-1.0,-1.0,-1
1.371765,1.37178,1.371765,1.371765,-1.0,-1.0,-1
1.371765,1.37178,1.37176,1.371765,-1.0,-1.0,-1
1.371765,1.37178,1.37176,1.37176,-1.0,-1.0,-1
1.37176,1.37179,1.371755,1.37179,-1.0,-1.0,-1
1.37179,1.3718,1.37178,1.37179,-1.0,-1.0,-1
1.37179,1.371805,1.371785,1.371805,-1.0,-1.0,-1
1.371805,1.37181,1.371795,1.371805,-1.0,-1.0,-1
1.371805,1.37181,1.371805,1.37181,-1.0,-1.0,-1
1.37181,1.37181,1.371805,1.37181,-1.0,-1.0,-1
1.37181,1.371885,1.37181,1.371885,-1.0,-1.0,-1
1.371885,1.371895,1.37187,1.37188,-1.0,-1.0,-1
1.37188,1.371885,1.37187,1.371875,-1.0,-1.0,-1
1.371875,1.371885,1.37186,1.371865,-1.0,-1.0,-1
1.371865,1.371875,1.371855,1.37186,-1.0,-1.0,-1
1.37186,1.371975,1.37186,1.37196,-1.0,-1.0,-1
1.37196,1.371965,1.37194,1.371965,-1.0,-1.0,-1
1.371965,1.37197,1.37191,1.371915,-1.0,-1.0,-1
1.371915,1.371915,1.3719,1.3719,-1.0,-1.0,-1
1.3719,1.371975,1.3719,1.37196,-1.0,-1.0,-1
1.37196,1.37201,1.37195,1.372,-1.0,-1.0,-1
1.372,1.372015,1.372,1.37201,-1.0,-1.0,-1
1.37201,1.37202,1.372005,1.372015,-1.0,-1.0,-1
1.372015,1.372025,1.372015,1.37202,-1.0,-1.0,-1
1.37202,1.372065,1.37202,1.37205,-1.0,-1.0,-1
1.37205,1.37206,1.37203,1.37203,-1.0,-1.0,-1
1.37203,1.372065,1.372025,1.37206,-1.0,-1.0,-1
1.37206,1.37215,1.37206,1.372145,-1.0,-1.0,-1
1.372145,1.372145,1.37211,1.372145,-1.0,-1.0,-1
1.372145,1.372145,1.37208,1.37212,-1.0,-1.0,-1
1.37212,1.37218,1.372115,1.37217,-1.0,-1.0,-1
1.37217,1.37219,1.372115,1.372115,-1.0,-1.0,-1
1.372115,1.372115,1.372065,1.37207,-1.0,-1.0,-1
1.37207,1.37207,1.37204,1.37205,-1.0,-1.0,-1
1.37205,1.372055,1.372045,1.372055,-1.0,-1.0,-1
1.372055,1.372115,1.371985,1.37211,-1.0,-1.0,-1
1.37211,1.372115,1.372085,1.372105,-1.0,-1.0,-1
1.372105,1.372115,1.372065,1.37211,-1.0,-1.0,-1
1.37211,1.37212,1.3721,1.372105,-1.0,-1.0,-1
1.372105,1.372115,1.37203,1.372035,-1.0,-1.0,-1
1.372035,1.37208,1.37202,1.372045,-1.0,-1.0,-1
1.372045,1.37205,1.372035,1.372035,-1.0,-1.0,-1
1.372035,1.37207,1.372025,1.372065,-1.0,-1.0,-1
1.372065,1.372065,1.372035,1.372035,-1.0,-1.0,-1
1.372035,1.37204,1.372015,1.37202,-1.0,-1.0,-1
1.37202,1.37208,1.37202,1.372075,-1.0,-1.0,-1
1.372075,1.37209,1.37207,1.37207,-1.0,-1.0,-1
1.37207,1.3721,1.37207,1.372085,-1.0,-1.0,-1
1.372085,1.372115,1.37208,1.372105,-1.0,-1.0,-1
1.372105,1.372125,1.37209,1.372095,-1.0,-1.0,-1
1.372095,1.372115,1.372085,1.372105,-1.0,-1.0,-1
1.372105,1.372105,1.37209,1.3721,-1.0,-1.0,-1
1.3721,1.3721,1.372065,1.372065,-1.0,-1.0,-1
1.372065,1.37208,1.372065,1.37208,-1.0,-1.0,-1
1.37208,1.37211,1.37207,1.372095,-1.0,-1.0,-1
1.372095,1.372095,1.372065,1.372065,-1.0,-1.0,-1
1.372065,1.372125,1.37205,1.37212,-1.0,-1.0,-1
1.37212,1.372125,1.372085,1.372095,-1.0,-1.0,-1
1.372095,1.372125,1.372095,1.372105,-1.0,-1.0,-1
1.372105,1.372115,1.3721,1.37211,-1.0,-1.0,-1
1.37211,1.372115,1.372105,1.37211,-1.0,-1.0,-1
1.37211,1.372115,1.3721,1.3721,-1.0,-1.0,-1
1.3721,1.37212,1.3721,1.372105,-1.0,-1.0,-1
1.372105,1.372105,1.372085,1.372105,-1.0,-1.0,-1
1.372105,1.372105,1.37208,1.372085,-1.0,-1.0,-1
1.372085,1.37209,1.37208,1.372085,-1.0,-1.0,-1
1.372085,1.372105,1.37208,1.372105,-1.0,-1.0,-1
1.372105,1.372125,1.3721,1.37211,-1.0,-1.0,-1
1.37211,1.372125,1.37209,1.372105,-1.0,-1.0,-1
1.372105,1.372145,1.37209,1.372145,-1.0,-1.0,-1
1.372145,1.372155,1.372115,1.372125,-1.0,-1.0,-1
1.372125,1.372175,1.37212,1.372165,-1.0,-1.0,-1
1.372165,1.372185,1.372165,1.372175,-1.0,-1.0,-1
1.372175,1.372185,1.372165,1.372175,-1.0,-1.0,-1
1.372175,1.37219,1.37216,1.37219,-1.0,-1.0,-1
1.37219,1.37219,1.372175,1.37219,-1.0,-1.0,-1
1.37219,1.37219,1.37216,1.37219,-1.0,-1.0,-1
1.37219,1.37219,1.372165,1.372185,-1.0,-1.0,-1
1.372185,1.372185,1.372165,1.372175,-1.0,-1.0,-1
1.372175,1.37223,1.372165,1.37223,-1.0,-1.0,-1
1.37223,1.372235,1.372215,1.37222,-1.0,-1.0,-1
1.37222,1.37223,1.372155,1.37216,-1.0,-1.0,-1
1.37216,1.372175,1.37216,1.37217,-1.0,-1.0,-1
1.37217,1.372175,1.372155,1.37216,-1.0,-1.0,-1
1.37216,1.3722,1.37216,1.372185,-1.0,-1.0,-1
1.372185,1.372205,1.372175,1.372205,-1.0,-1.0,-1
1.372205,1.37224,1.372165,1.372225,-1.0,-1.0,-1
1.372225,1.37223,1.3722,1.37223,-1.0,-1.0,-1
1.37223,1.37228,1.372225,1.37228,-1.0,-1.0,-1
1.37228,1.37229,1.37224,1.37229,-1.0,-1.0,-1
1.37229,1.37229,1.372275,1.37228,-1.0,-1.0,-1
1.37228,1.37228,1.372245,1.37225,-1.0,-1.0,-1
1.37225,1.372255,1.372235,1.372255,-1.0,-1.0,-1
1.372255,1.37229,1.37225,1.37229,-1.0,-1.0,-1
1.37229,1.37229,1.372285,1.372285,-1.0,-1.0,-1
1.372285,1.372295,1.372245,1.37225,-1.0,-1.0,-1
1.37225,1.37226,1.37225,1.37225,-1.0,-1.0,-1
1.37225,1.372275,1.37225,1.372275,-1.0,-1.0,-1
1.372275,1.372355,1.37227,1.37234,-1.0,-1.0,-1
1.37234,1.372345,1.37234,1.372345,-1.0,-1.0,-1
1.372345,1.372345,1.372335,1.37234,-1.0,-1.0,-1
1.37234,1.37236,1.372335,1.37235,-1.0,-1.0,-1
1.37235,1.372375,1.37234,1.37237,-1.0,-1.0,-1
1.37237,1.37237,1.37235,1.37235,-1.0,-1.0,-1
1.37235,1.37235,1.37234,1.372345,-1.0,-1.0,-1
1.372345,1.372345,1.37227,1.37228,-1.0,-1.0,-1
1.37228,1.37229,1.37226,1.372285,-1.0,-1.0,-1
1.372285,1.37229,1.372255,1.37227,-1.0,-1.0,-1
1.37227,1.37228,1.37227,1.37228,-1.0,-1.0,-1
1.37228,1.372315,1.37227,1.372315,-1.0,-1.0,-1
1.372315,1.37232,1.372295,1.3723,-1.0,-1.0,-1
1.3723,1.3723,1.37226,1.37227,-1.0,-1.0,-1
1.37227,1.372275,1.37226,1.372265,-1.0,-1.0,-1
1.372265,1.372275,1.37225,1.37225,-1.0,-1.0,-1
1.37225,1.37227,1.372245,1.37227,-1.0,-1.0,-1
1.37227,1.372275,1.37226,1.372265,-1.0,-1.0,-1
1.372265,1.372275,1.372245,1.372245,-1.0,-1.0,-1
1.372245,1.372245,1.37219,1.37219,-1.0,-1.0,-1
1.37219,1.372235,1.37218,1.372225,-1.0,-1.0,-1
1.372225,1.37223,1.372225,1.372225,-1.0,-1.0,-1
1.372225,1.372225,1.372175,1.372185,-1.0,-1.0,-1
1.372185,1.372185,1.372175,1.37218,-1.0,-1.0,-1
1.37218,1.372185,1.37216,1.372175,-1.0,-1.0,-1
1.372175,1.372175,1.372165,1.372165,-1.0,-1.0,-1
1.372165,1.37218,1.37216,1.372175,-1.0,-1.0,-1
1.372175,1.372185,1.37216,1.37216,-1.0,-1.0,-1
1.37216,1.37226,1.37216,1.37226,-1.0,-1.0,-1
1.37226,1.372275,1.372225,1.372275,-1.0,-1.0,-1
1.372275,1.37233,1.37227,1.372315,-1.0,-1.0,-1
1.372315,1.372315,1.37227,1.372275,-1.0,-1.0,-1
1.372275,1.37228,1.37226,1.372275,-1.0,-1.0,-1
1.372275,1.372275,1.372255,1.372265,-1.0,-1.0,-1
1.372265,1.372265,1.37223,1.37223,-1.0,-1.0,-1
1.37223,1.372235,1.372215,1.37223,-1.0,-1.0,-1
1.37223,1.37223,1.372215,1.37222,-1.0,-1.0,-1
1.37222,1.372255,1.37221,1.37225,-1.0,-1.0,-1
1.37225,1.372265,1.372235,1.372235,-1.0,-1.0,-1
1.372235,1.372235,1.372215,1.372225,-1.0,-1.0,-1
1.372225,1.372265,1.372205,1.37225,-1.0,-1.0,-1
1.37225,1.372265,1.372245,1.372265,-1.0,-1.0,-1
1.372265,1.372265,1.372245,1.372245,-1.0,-1.0,-1
1.372245,1.372315,1.37224,1.372315,-1.0,-1.0,-1
1.372315,1.372325,1.37228,1.372315,-1.0,-1.0,-1
1.372315,1.37232,1.372285,1.372315,-1.0,-1.0,-1
1.372315,1.372315,1.372295,1.372295,-1.0,-1.0,-1
1.372295,1.37231,1.372255,1.37226,-1.0,-1.0,-1
1.37226,1.372275,1.372245,1.372275,-1.0,-1.0,-1
1.372275,1.372275,1.372245,1.37227,-1.0,-1.0,-1
1.37227,1.37227,1.37225,1.372265,-1.0,-1.0,-1
1.372265,1.372275,1.372255,1.37226,-1.0,-1.0,-1
1.37226,1.37226,1.372245,1.372255,-1.0,-1.0,-1
1.372255,1.37229,1.372245,1.372285,-1.0,-1.0,-1
1.372285,1.37229,1.37226,1.372275,-1.0,-1.0,-1
1.372275,1.372365,1.37224,1.37236,-1.0,-1.0,-1
1.37236,1.372375,1.37236,1.372375,-1.0,-1.0,-1
1.372375,1.37242,1.37237,1.372385,-1.0,-1.0,-1
1.372385,1.372405,1.37238,1.372405,-1.0,-1.0,-1
1.372405,1.372405,1.372395,1.3724,-1.0,-1.0,-1
1.3724,1.37241,1.37238,1.37238,-1.0,-1.0,-1
1.37238,1.372385,1.37237,1.37237,-1.0,-1.0,-1
1.37237,1.372385,1.37237,1.372375,-1.0,-1.0,-1
1.372375,1.372385,1.372375,1.372375,-1.0,-1.0,-1
1.372375,1.372385,1.372375,1.37238,-1.0,-1.0,-1
1.37238,1.372385,1.37233,1.372335,-1.0,-1.0,-1
1.372335,1.37234,1.372325,1.37234,-1.0,-1.0,-1
1.37234,1.372395,1.37233,1.37239,-1.0,-1.0,-1
1.37239,1.37245,1.37239,1.372435,-1.0,-1.0,-1
1.372435,1.372465,1.372435,1.372455,-1.0,-1.0,-1
1.372455,1.372455,1.37245,1.37245,-1.0,-1.0,-1
1.37245,1.372455,1.37245,1.372455,-1.0,-1.0,-1
1.372455,1.372455,1.372445,1.37245,-1.0,-1.0,-1
1.37245,1.37245,1.372445,1.37245,-1.0,-1.0,-1
1.37245,1.37247,1.372445,1.372465,-1.0,-1.0,-1
1.372465,1.37253,1.37246,1.37253,-1.0,-1.0,-1
1.37253,1.372545,1.37252,1.37254,-1.0,-1.0,-1
1.37254,1.372555,1.37253,1.37254,-1.0,-1.0,-1
1.37254,1.37254,1.372445,1.37245,-1.0,-1.0,-1
1.37245,1.372465,1.372435,1.372465,-1.0,-1.0,-1
1.372465,1.372465,1.372435,1.372445,-1.0,-1.0,-1
1.372445,1.372455,1.372445,1.372455,-1.0,-1.0,-1
1.372455,1.372455,1.372435,1.37245,-1.0,-1.0,-1
1.37245,1.37245,1.372365,1.372395,-1.0,-1.0,-1
1.372395,1.372405,1.37238,1.37238,-1.0,-1.0,-1
1.37238,1.372395,1.372365,1.37238,-1.0,-1.0,-1
1.37238,1.372395,1.37237,1.37238,-1.0,-1.0,-1
1.37238,1.37246,1.37238,1.37245,-1.0,-1.0,-1
1.37245,1.37246,1.372445,1.37245,-1.0,-1.0,-1
1.37245,1.372475,1.372445,1.37246,-1.0,-1.0,-1
1.37246,1.37247,1.372385,1.372385,-1.0,-1.0,-1
1.372385,1.372395,1.372375,1.37238,-1.0,-1.0,-1
1.37238,1.372385,1.372375,1.372375,-1.0,-1.0,-1
1.372375,1.372375,1.372375,1.372375,-1.0,-1.0,-1
1.372375,1.37243,1.37237,1.372415,-1.0,-1.0,-1
1.372415,1.37243,1.37241,1.37242,-1.0,-1.0,-1
1.37242,1.37243,1.37241,1.372415,-1.0,-1.0,-1
1.372415,1.37243,1.37241,1.372415,-1.0,-1.0,-1
1.372415,1.37242,1.37239,1.37239,-1.0,-1.0,-1
1.37239,1.372395,1.37239,1.37239,-1.0,-1.0,-1
1.37239,1.372395,1.372385,1.372385,-1.0,-1.0,-1
1.372385,1.372385,1.372375,1.372375,-1.0,-1.0,-1
1.372375,1.372385,1.372355,1.37236,-1.0,-1.0,-1
1.37236,1.37236,1.372295,1.372295,-1.0,-1.0,-1
1.372295,1.372305,1.37227,1.372275,-1.0,-1.0,-1
1.372275,1.37229,1.37226,1.37227,-1.0,-1.0,-1
1.37227,1.372275,1.37226,1.37227,-1.0,-1.0,-1
1.37227,1.37228,1.372255,1.372275,-1.0,-1.0,-1
1.372275,1.372275,1.37218,1.37221,-1.0,-1.0,-1
1.37221,1.372235,1.372195,1.372235,-1.0,-1.0,-1
1.372235,1.372305,1.372235,1.37229,-1.0,-1.0,-1
1.37229,1.37229,1.372285,1.372285,-1.0,-1.0,-1
1.372285,1.37229,1.37226,1.372275,-1.0,-1.0,-1
1.372275,1.37234,1.37227,1.37234,-1.0,-1.0,-1
1.37234,1.372375,1.372325,1.372375,-1.0,-1.0,-1
1.372375,1.372375,1.372365,1.372375,-1.0,-1.0,-1
1.372375,1.372375,1.372375,1.372375,-1.0,-1.0,-1
1.372375,1.372375,1.37233,1.372345,-1.0,-1.0,-1
1.372345,1.37235,1.37234,1.37235,-1.0,-1.0,-1
1.37235,1.372355,1.3723,1.37233,-1.0,-1.0,-1
1.37233,1.372335,1.372325,1.372325,-1.0,-1.0,-1
1.372325,1.372365,1.372325,1.37236,-1.0,-1.0,-1
1.37236,1.37237,1.372355,1.372365,-1.0,-1.0,-1
1.372365,1.372365,1.372365,1.372365,-1.0,-1.0,-1
1.372365,1.372465,1.372365,1.372455,-1.0,-1.0,-1
1.372455,1.37254,1.372455,1.372515,-1.0,-1.0,-1
1.372515,1.37253,1.372515,1.37253,-1.0,-1.0,-1
1.37253,1.37253,1.37251,1.37251,-1.0,-1.0,-1
1.37251,1.37251,1.3725,1.3725,-1.0,-1.0,-1
1.3725,1.372515,1.372485,1.37251,-1.0,-1.0,-1
1.37251,1.37253,1.37251,1.372515,-1.0,-1.0,-1
1.372515,1.372525,1.372515,1.372515,-1.0,-1.0,-1
1.372515,1.372525,1.372515,1.372515,-1.0,-1.0,-1
1.372515,1.372515,1.37251,1.372515,-1.0,-1.0,-1
1.372515,1.372515,1.372485,1.3725,-1.0,-1.0,-1
1.3725,1.372535,1.3725,1.37253,-1.0,-1.0,-1
1.37253,1.372535,1.372505,1.372505,-1.0,-1.0,-1
1.372505,1.37253,1.3725,1.372515,-1.0,-1.0,-1
1.372515,1.372525,1.372505,1.37252,-1.0,-1.0,-1
1.37252,1.37252,1.372515,1.37252,-1.0,-1.0,-1
1.37252,1.372525,1.372455,1.372455,-1.0,-1.0,-1
1.372455,1.372495,1.372445,1.372495,-1.0,-1.0,-1
1.372495,1.372565,1.37248,1.372495,-1.0,-1.0,-1
1.372495,1.372495,1.372425,1.372425,-1.0,-1.0,-1
1.372425,1.372435,1.372405,1.372405,-1.0,-1.0,-1
1.372405,1.372405,1.372315,1.37233,-1.0,-1.0,-1
1.37233,1.37234,1.372325,1.37233,-1.0,-1.0,-1
1.37233,1.37236,1.37232,1.37235,-1.0,-1.0,-1
1.37235,1.372355,1.37234,1.372355,-1.0,-1.0,-1
1.372355,1.37236,1.37234,1.37236,-1.0,-1.0,-1
1.37236,1.3724,1.37235,1.372385,-1.0,-1.0,-1
1.372385,1.372395,1.37238,1.372395,-1.0,-1.0,-1
1.372395,1.372405,1.37239,1.372395,-1.0,-1.0,-1
1.372395,1.3724,1.372355,1.37236,-1.0,-1.0,-1
1.37236,1.372365,1.372345,1.372365,-1.0,-1.0,-1
1.372365,1.37244,1.372365,1.372435,-1.0,-1.0,-1
1.372435,1.372445,1.372425,1.372435,-1.0,-1.0,-1
1.372435,1.372445,1.372435,1.372435,-1.0,-1.0,-1
1.372435,1.372435,1.37243,1.372435,-1.0,-1.0,-1
1.372435,1.372435,1.37243,1.372435,-1.0,-1.0,-1
1.372435,1.372435,1.372425,1.372435,-1.0,-1.0,-1
1.372435,1.372435,1.372375,1.372405,-1.0,-1.0,-1
1.372405,1.37243,1.37239,1.37243,-1.0,-1.0,-1
1.37243,1.37243,1.37242,1.372425,-1.0,-1.0,-1
1.372425,1.37247,1.372425,1.37247,-1.0,-1.0,-1
1.37247,1.37247,1.372455,1.37246,-1.0,-1.0,-1
1.37246,1.372475,1.37246,1.372475,-1.0,-1.0,-1
1.372475,1.372485,1.372475,1.372475,-1.0,-1.0,-1
1.372475,1.372505,1.372475,1.37249,-1.0,-1.0,-1
1.37249,1.37253,1.37248,1.37253,-1.0,-1.0,-1
1.37253,1.372535,1.37251,1.37251,-1.0,-1.0,-1
1.37251,1.372535,1.3725,1.372535,-1.0,-1.0,-1
1.372535,1.372625,1.372525,1.372625,-1.0,-1.0,-1
1.372625,1.37263,1.372605,1.372605,-1.0,-1.0,-1
1.372605,1.372635,1.3726,1.372635,-1.0,-1.0,-1
1.372635,1.372655,1.372635,1.372635,-1.0,-1.0,-1
1.372635,1.372645,1.37263,1.37264,-1.0,-1.0,-1
1.37264,1.37264,1.3726,1.372605,-1.0,-1.0,-1
1.372605,1.372725,1.3726,1.37272,-1.0,-1.0,-1
1.37272,1.372735,1.372695,1.37273,-1.0,-1.0,-1
1.37273,1.372745,1.372715,1.37274,-1.0,-1.0,-1
1.37274,1.37275,1.37273,1.37275,-1.0,-1.0,-1
1.37275,1.37275,1.37269,1.37274,-1.0,-1.0,-1
1.37274,1.372745,1.37273,1.37274,-1.0,-1.0,-1
1.37274,1.372775,1.37273,1.372765,-1.0,-1.0,-1
1.372765,1.372765,1.37273,1.37273,-1.0,-1.0,-1
1.37273,1.372745,1.37272,1.37273,-1.0,-1.0,-1
1.37273,1.37278,1.37273,1.37278,-1.0,-1.0,-1
1.37278,1.372785,1.372755,1.372775,-1.0,-1.0,-1
1.372775,1.372775,1.372775,1.372775,-1.0,-1.0,-1
1.372775,1.37278,1.372775,1.37278,-1.0,-1.0,-1
1.37278,1.37284,1.37278,1.37284,-1.0,-1.0,-1
1.37284,1.37284,1.372765,1.372775,-1.0,-1.0,-1
1.372775,1.372785,1.37277,1.37278,-1.0,-1.0,-1
1.37278,1.37279,1.372775,1.37278,-1.0,-1.0,-1
1.37278,1.37281,1.372775,1.372785,-1.0,-1.0,-1
1.372785,1.37279,1.37275,1.37275,-1.0,-1.0,-1
1.37275,1.37275,1.372735,1.37274,-1.0,-1.0,-1
1.37274,1.372755,1.37274,1.372745,-1.0,-1.0,-1
1.372745,1.372755,1.37273,1.372735,-1.0,-1.0,-1
1.372735,1.372735,1.372655,1.37266,-1.0,-1.0,-1
1.37266,1.372755,1.372655,1.37275,-1.0,-1.0,-1
1.37275,1.372755,1.37273,1.37273,-1.0,-1.0,-1
1.37273,1.37275,1.37273,1.37275,-1.0,-1.0,-1
1.37275,1.372755,1.37274,1.37275,-1.0,-1.0,-1
1.37275,1.372765,1.37275,1.372765,-1.0,-1.0,-1
1.372765,1.372775,1.37276,1.37276,-1.0,-1.0,-1
1.37276,1.37276,1.372755,1.37276,-1.0,-1.0,-1
1.37276,1.37276,1.372745,1.372745,-1.0,-1.0,-1
1.372745,1.372785,1.37274,1.372785,-1.0,-1.0,-1
1.372785,1.37284,1.372785,1.372835,-1.0,-1.0,-1
1.372835,1.372865,1.372825,1.37286,-1.0,-1.0,-1
1.37286,1.372865,1.37286,1.37286,-1.0,-1.0,-1
1.37286,1.37289,1.37286,1.372885,-1.0,-1.0,-1
1.372885,1.372885,1.37285,1.372875,-1.0,-1.0,-1
1.372875,1.37288,1.37285,1.37286,-1.0,-1.0,-1
1.37286,1.372865,1.37286,1.372865,-1.0,-1.0,-1
1.372865,1.372865,1.372805,1.37281,-1.0,-1.0,-1
1.37281,1.37281,1.37278,1.37278,-1.0,-1.0,-1
1.37278,1.372785,1.37277,1.37277,-1.0,-1.0,-1
1.37277,1.372775,1.37276,1.372775,-1.0,-1.0,-1
1.372775,1.372785,1.37277,1.372775,-1.0,-1.0,-1
1.372775,1.372805,1.372775,1.37278,-1.0,-1.0,-1
1.37278,1.372785,1.372775,1.372785,-1.0,-1.0,-1
1.372785,1.372785,1.372775,1.372775,-1.0,-1.0,-1
1.372775,1.37278,1.37275,1.372775,-1.0,-1.0,-1
1.372775,1.372775,1.372765,1.372775,-1.0,-1.0,-1
1.372775,1.372775,1.37276,1.372775,-1.0,-1.0,-1
1.372775,1.372775,1.37274,1.372745,-1.0,-1.0,-1
1.372745,1.37276,1.372725,1.372735,-1.0,-1.0,-1
1.372735,1.372735,1.3727,1.37272,-1.0,-1.0,-1
1.37272,1.372735,1.37268,1.372735,-1.0,-1.0,-1
1.372735,1.37278,1.372735,1.372775,-1.0,-1.0,-1
1.372775,1.372775,1.37275,1.372775,-1.0,-1.0,-1
1.372775,1.372785,1.37277,1.372785,-1.0,-1.0,-1
1.372785,1.372855,1.37277,1.37285,-1.0,-1.0,-1
1.37285,1.37288,1.37282,1.372875,-1.0,-1.0,-1
1.372875,1.3729,1.37286,1.3729,-1.0,-1.0,-1
1.3729,1.37295,1.37287,1.37295,-1.0,-1.0,-1
1.37295,1.37296,1.372915,1.37292,-1.0,-1.0,-1
1.37292,1.372975,1.3729,1.372955,-1.0,-1.0,-1
1.372955,1.37298,1.372955,1.372965,-1.0,-1.0,-1
1.372965,1.37305,1.372965,1.37305,-1.0,-1.0,-1
1.37305,1.37306,1.373025,1.37304,-1.0,-1.0,-1
1.37304,1.373045,1.37304,1.373045,-1.0,-1.0,-1
1.373045,1.37305,1.373035,1.373045,-1.0,-1.0,-1
1.373045,1.3731,1.373045,1.37307,-1.0,-1.0,-1
1.37307,1.373105,1.373055,1.373095,-1.0,-1.0,-1
1.373095,1.373105,1.37309,1.373095,-1.0,-1.0,-1
1.373095,1.373135,1.37308,1.373135,-1.0,-1.0,-1
1.373135,1.373135,1.373125,1.373135,-1.0,-1.0,-1
1.373135,1.37314,1.37313,1.37314,-1.0,-1.0,-1
1.37314,1.373145,1.37313,1.373145,-1.0,-1.0,-1
1.373145,1.373145,1.37312,1.373135,-1.0,-1.0,-1
1.373135,1.373135,1.373045,1.37308,-1.0,-1.0,-1
1.37308,1.373135,1.373075,1.373125,-1.0,-1.0,-1
1.373125,1.37313,1.373115,1.37313,-1.0,-1.0,-1
1.37313,1.373135,1.373125,1.373135,-1.0,-1.0,-1
1.373135,1.373135,1.373,1.37303,-1.0,-1.0,-1
1.37303,1.373065,1.37303,1.37304,-1.0,-1.0,-1
1.37304,1.373055,1.373035,1.37304,-1.0,-1.0,-1
1.37304,1.373095,1.37304,1.373085,-1.0,-1.0,-1
1.373085,1.373135,1.373085,1.373135,-1.0,-1.0,-1
1.373135,1.37315,1.373125,1.373125,-1.0,-1.0,-1
1.373125,1.37315,1.373125,1.37315,-1.0,-1.0,-1
1.37315,1.373155,1.37313,1.373145,-1.0,-1.0,-1
1.373145,1.373145,1.373125,1.37313,-1.0,-1.0,-1
1.37313,1.373155,1.373125,1.373135,-1.0,-1.0,-1
1.373135,1.373155,1.37313,1.37315,-1.0,-1.0,-1
1.37315,1.37315,1.37304,1.37306,-1.0,-1.0,-1
1.37306,1.37307,1.37304,1.373065,-1.0,-1.0,-1
1.373065,1.37307,1.37303,1.37303,-1.0,-1.0,-1
1.37303,1.373035,1.37303,1.373035,-1.0,-1.0,-1
1.373035,1.373035,1.373005,1.37301,-1.0,-1.0,-1
1.37301,1.37301,1.37295,1.37297,-1.0,-1.0,-1
1.37297,1.37297,1.372935,1.37294,-1.0,-1.0,-1
1.37294,1.372945,1.372925,1.372935,-1.0,-1.0,-1
1.372935,1.37294,1.37292,1.372925,-1.0,-1.0,-1
1.372925,1.372925,1.37286,1.37288,-1.0,-1.0,-1
1.37288,1.3729,1.37288,1.372885,-1.0,-1.0,-1
1.372885,1.372905,1.372855,1.372855,-1.0,-1.0,-1
1.372855,1.372885,1.372835,1.372845,-1.0,-1.0,-1
1.372845,1.37285,1.37281,1.37285,-1.0,-1.0,-1
1.37285,1.372855,1.372755,1.372775,-1.0,-1.0,-1
1.372775,1.372805,1.37274,1.372745,-1.0,-1.0,-1
1.372745,1.37276,1.37273,1.372735,-1.0,-1.0,-1
1.372735,1.372735,1.372575,1.37258,-1.0,-1.0,-1
1.37258,1.3726,1.372545,1.37257,-1.0,-1.0,-1
1.37257,1.37257,1.372485,1.3725,-1.0,-1.0,-1
1.3725,1.372575,1.372485,1.37257,-1.0,-1.0,-1
1.37257,1.37257,1.372545,1.372555,-1.0,-1.0,-1
1.372555,1.37264,1.37254,1.37264,-1.0,-1.0,-1
1.37264,1.37264,1.372575,1.372575,-1.0,-1.0,-1
1.372575,1.372575,1.372455,1.37246,-1.0,-1.0,-1
1.37246,1.37247,1.37245,1.372455,-1.0,-1.0,-1
1.372455,1.37247,1.372455,1.37247,-1.0,-1.0,-1
1.37247,1.37248,1.372455,1.37246,-1.0,-1.0,-1
1.37246,1.372535,1.37246,1.372485,-1.0,-1.0,-1
1.372485,1.37255,1.37248,1.372515,-1.0,-1.0,-1
1.372515,1.372525,1.37251,1.372515,-1.0,-1.0,-1
1.372515,1.372515,1.372495,1.3725,-1.0,-1.0,-1
1.3725,1.3725,1.372475,1.37249,-1.0,-1.0,-1
1.37249,1.37249,1.372465,1.372465,-1.0,-1.0,-1
1.372465,1.372475,1.372415,1.37246,-1.0,-1.0,-1
1.37246,1.37246,1.372415,1.372425,-1.0,-1.0,-1
1.372425,1.372505,1.372415,1.3725,-1.0,-1.0,-1
1.3725,1.37254,1.372495,1.37254,-1.0,-1.0,-1
1.37254,1.37256,1.37254,1.372555,-1.0,-1.0,-1
1.372555,1.37256,1.37254,1.37254,-1.0,-1.0,-1
1.37254,1.37256,1.37254,1.37255,-1.0,-1.0,-1
1.37255,1.372625,1.372545,1.372625,-1.0,-1.0,-1
1.372625,1.372665,1.37261,1.37265,-1.0,-1.0,-1
1.37265,1.37267,1.372585,1.372595,-1.0,-1.0,-1
1.372595,1.37261,1.372595,1.3726,-1.0,-1.0,-1
1.3726,1.37267,1.3726,1.372665,-1.0,-1.0,-1
1.372665,1.37267,1.37265,1.372665,-1.0,-1.0,-1
1.372665,1.37269,1.37261,1.372615,-1.0,-1.0,-1
1.372615,1.37264,1.37261,1.372635,-1.0,-1.0,-1
1.372635,1.37264,1.37261,1.372625,-1.0,-1.0,-1
1.372625,1.372675,1.37262,1.372665,-1.0,-1.0,-1
1.372665,1.372665,1.37265,1.372665,-1.0,-1.0,-1
1.372665,1.372665,1.372645,1.37266,-1.0,-1.0,-1
1.37266,1.372705,1.37265,1.37268,-1.0,-1.0,-1
1.37268,1.372705,1.37267,1.372685,-1.0,-1.0,-1
1.372685,1.372745,1.37268,1.372745,-1.0,-1.0,-1
1.372745,1.37277,1.37272,1.37277,-1.0,-1.0,-1
1.37277,1.372785,1.37275,1.37276,-1.0,-1.0,-1
1.37276,1.37276,1.37274,1.37275,-1.0,-1.0,-1
1.37275,1.37276,1.37272,1.372735,-1.0,-1.0,-1
1.372735,1.372775,1.37273,1.372755,-1.0,-1.0,-1
1.372755,1.372765,1.372755,1.372765,-1.0,-1.0,-1
1.372765,1.37282,1.372765,1.372795,-1.0,-1.0,-1
1.372795,1.37283,1.37279,1.37282,-1.0,-1.0,-1
1.37282,1.372855,1.37282,1.372845,-1.0,-1.0,-1
1.372845,1.37285,1.372845,1.37285,-1.0,-1.0,-1
1.37285,1.37285,1.37283,1.37285,-1.0,-1.0,-1
1.37285,1.3729,1.37285,1.372895,-1.0,-1.0,-1
1.372895,1.37292,1.372885,1.372895,-1.0,-1.0,-1
1.372895,1.372945,1.372895,1.372945,-1.0,-1.0,-1
1.372945,1.37302,1.372945,1.373015,-1.0,-1.0,-1
1.373015,1.37305,1.373015,1.37304,-1.0,-1.0,-1
1.37304,1.37309,1.373035,1.373065,-1.0,-1.0,-1
1.373065,1.37307,1.37306,1.37307,-1.0,-1.0,-1
1.37307,1.373105,1.373055,1.373095,-1.0,-1.0,-1
1.373095,1.37314,1.373085,1.37314,-1.0,-1.0,-1
1.37314,1.373145,1.373125,1.373135,-1.0,-1.0,-1
1.373135,1.373135,1.373095,1.37313,-1.0,-1.0,-1
1.37313,1.37315,1.373115,1.373145,-1.0,-1.0,-1
1.373145,1.37321,1.373135,1.37321,-1.0,-1.0,-1
1.37321,1.373215,1.3732,1.37321,-1.0,-1.0,-1
1.37321,1.373265,1.37321,1.37325,-1.0,-1.0,-1
1.37325,1.37325,1.373215,1.373225,-1.0,-1.0,-1
1.373225,1.37328,1.373195,1.373265,-1.0,-1.0,-1
1.373265,1.373275,1.373245,1.37325,-1.0,-1.0,-1
1.37325,1.37326,1.373245,1.37325,-1.0,-1.0,-1
1.37325,1.373275,1.373245,1.37325,-1.0,-1.0,-1
1.37325,1.37325,1.373235,1.373245,-1.0,-1.0,-1
1.373245,1.37325,1.373195,1.37322,-1.0,-1.0,-1
1.37322,1.373245,1.37321,1.373245,-1.0,-1.0,-1
1.373245,1.37331,1.37323,1.3733,-1.0,-1.0,-1
1.3733,1.37336,1.3733,1.37335,-1.0,-1.0,-1
1.37335,1.37336,1.373325,1.37336,-1.0,-1.0,-1
1.37336,1.373385,1.373345,1.37336,-1.0,-1.0,-1
1.37336,1.373365,1.373335,1.37336,-1.0,-1.0,-1
1.37336,1.37337,1.37335,1.37335,-1.0,-1.0,-1
1.37335,1.373365,1.37335,1.373365,-1.0,-1.0,-1
1.373365,1.373435,1.37336,1.37343,-1.0,-1.0,-1
1.37343,1.37345,1.37341,1.373415,-1.0,-1.0,-1
1.373415,1.373415,1.37335,1.37335,-1.0,-1.0,-1
1.37335,1.37336,1.373235,1.373245,-1.0,-1.0,-1
1.373245,1.37331,1.373245,1.373295,-1.0,-1.0,-1
1.373295,1.37333,1.37329,1.373315,-1.0,-1.0,-1
1.373315,1.373325,1.373265,1.373265,-1.0,-1.0,-1
1.373265,1.373275,1.37322,1.37323,-1.0,-1.0,-1
1.37323,1.37328,1.373225,1.37326,-1.0,-1.0,-1
1.37326,1.373275,1.373255,1.37327,-1.0,-1.0,-1
1.37327,1.3733,1.37326,1.37327,-1.0,-1.0,-1
1.37327,1.37328,1.373225,1.373235,-1.0,-1.0,-1
1.373235,1.373235,1.37321,1.37322,-1.0,-1.0,-1
1.37322,1.3733,1.37321,1.3733,-1.0,-1.0,-1
1.3733,1.37331,1.37328,1.373295,-1.0,-1.0,-1
1.373295,1.37331,1.373295,1.373305,-1.0,-1.0,-1
1.373305,1.373335,1.373305,1.373335,-1.0,-1.0,-1
1.373335,1.373395,1.373335,1.37339,-1.0,-1.0,-1
1.37339,1.37351,1.37339,1.3735,-1.0,-1.0,-1
1.3735,1.373505,1.37348,1.37349,-1.0,-1.0,-1
1.37349,1.37352,1.37347,1.373515,-1.0,-1.0,-1
1.373515,1.37352,1.37343,1.373445,-1.0,-1.0,-1
1.373445,1.373485,1.37344,1.37348,-1.0,-1.0,-1
1.37348,1.37351,1.37346,1.37346,-1.0,-1.0,-1
1.37346,1.373495,1.373445,1.37347,-1.0,-1.0,-1
1.37347,1.37351,1.37339,1.3734,-1.0,-1.0,-1
1.3734,1.37341,1.3733,1.373355,-1.0,-1.0,-1
1.373355,1.373405,1.37335,1.373395,-1.0,-1.0,-1
1.373395,1.37352,1.373395,1.3735,-1.0,-1.0,-1
1.3735,1.37351,1.373455,1.37346,-1.0,-1.0,-1
1.37346,1.37346,1.3734,1.37342,-1.0,-1.0,-1
1.37342,1.373475,1.37342,1.373445,-1.0,-1.0,-1
1.373445,1.373445,1.37343,1.37344,-1.0,-1.0,-1
1.37344,1.373445,1.373395,1.373445,-1.0,-1.0,-1
1.373445,1.373485,1.373435,1.373485,-1.0,-1.0,-1
1.373485,1.373485,1.37344,1.373445,-1.0,-1.0,-1
1.373445,1.373455,1.373385,1.373405,-1.0,-1.0,-1
1.373405,1.37341,1.373385,1.373405,-1.0,-1.0,-1
1.373405,1.373405,1.373385,1.373385,-1.0,-1.0,-1
1.373385,1.37344,1.373385,1.373435,-1.0,-1.0,-1
1.373435,1.37344,1.373305,1.373305,-1.0,-1.0,-1
1.373305,1.37333,1.37329,1.37333,-1.0,-1.0,-1
1.37333,1.373335,1.373305,1.37332,-1.0,-1.0,-1
1.37332,1.373355,1.3733,1.37332,-1.0,-1.0,-1
1.37332,1.373335,1.37331,1.373335,-1.0,-1.0,-1
1.373335,1.37341,1.3733,1.37331,-1.0,-1.0,-1
1.37331,1.373325,1.3733,1.373315,-1.0,-1.0,-1
1.373315,1.373365,1.37331,1.37336,-1.0,-1.0,-1
1.37336,1.37336,1.373305,1.37331,-1.0,-1.0,-1
1.37331,1.37332,1.373305,1.37332,-1.0,-1.0,-1
1.37332,1.37333,1.373315,1.373325,-1.0,-1.0,-1
1.373325,1.373345,1.37331,1.373315,-1.0,-1.0,-1
1.373315,1.37332,1.373285,1.373315,-1.0,-1.0,-1
1.373315,1.373335,1.37331,1.37332,-1.0,-1.0,-1
1.37332,1.373335,1.37329,1.373295,-1.0,-1.0,-1
1.373295,1.373325,1.37328,1.373325,-1.0,-1.0,-1
1.373325,1.373335,1.37332,1.37332,-1.0,-1.0,-1
1.37332,1.37332,1.373285,1.373285,-1.0,-1.0,-1
1.373285,1.373315,1.373285,1.37331,-1.0,-1.0,-1
1.37331,1.373315,1.37329,1.3733,-1.0,-1.0,-1
1.3733,1.3733,1.373265,1.373275,-1.0,-1.0,-1
1.373275,1.3733,1.373265,1.3733,-1.0,-1.0,-1
1.3733,1.37336,1.3733,1.373325,-1.0,-1.0,-1
1.373325,1.373325,1.373295,1.373325,-1.0,-1.0,-1
1.373325,1.37343,1.37332,1.37342,-1.0,-1.0,-1
1.37342,1.37342,1.3734,1.37342,-1.0,-1.0,-1
1.37342,1.37352,1.37341,1.373495,-1.0,-1.0,-1
1.373495,1.373505,1.37349,1.37349,-1.0,-1.0,-1
1.37349,1.37354,1.373485,1.373495,-1.0,-1.0,-1
1.373495,1.373505,1.37349,1.373505,-1.0,-1.0,-1
1.373505,1.37351,1.373495,1.373505,-1.0,-1.0,-1
1.373505,1.373505,1.373495,1.3735,-1.0,-1.0,-1
1.3735,1.3735,1.37349,1.373495,-1.0,-1.0,-1
1.373495,1.37351,1.373485,1.3735,-1.0,-1.0,-1
1.3735,1.373515,1.37349,1.373495,-1.0,-1.0,-1
1.373495,1.373505,1.37349,1.373495,-1.0,-1.0,-1
1.373495,1.37351,1.37349,1.373505,-1.0,-1.0,-1
1.373505,1.37351,1.373495,1.3735,-1.0,-1.0,-1
1.3735,1.37354,1.373495,1.373525,-1.0,-1.0,-1
1.373525,1.373525,1.37348,1.373495,-1.0,-1.0,-1
1.373495,1.37352,1.37349,1.373495,-1.0,-1.0,-1
1.373495,1.37358,1.373475,1.37355,-1.0,-1.0,-1
1.37355,1.373605,1.373535,1.37358,-1.0,-1.0,-1
1.37358,1.373615,1.37357,1.373605,-1.0,-1.0,-1
1.373605,1.373605,1.373595,1.3736,-1.0,-1.0,-1
1.3736,1.373605,1.373575,1.37358,-1.0,-1.0,-1
1.37358,1.373585,1.37357,1.373585,-1.0,-1.0,-1
1.373585,1.373585,1.37357,1.37358,-1.0,-1.0,-1
1.37358,1.37358,1.373565,1.373575,-1.0,-1.0,-1
1.373575,1.37358,1.37357,1.37357,-1.0,-1.0,-1
1.37357,1.373575,1.373565,1.373575,-1.0,-1.0,-1
1.373575,1.37358,1.37357,1.37358,-1.0,-1.0,-1
1.37358,1.373605,1.37357,1.37359,-1.0,-1.0,-1
1.37359,1.373605,1.37357,1.373585,-1.0,-1.0,-1
1.373585,1.37359,1.373575,1.373585,-1.0,-1.0,-1
1.373585,1.3736,1.373575,1.373585,-1.0,-1.0,-1
1.373585,1.37369,1.37358,1.37369,-1.0,-1.0,-1
1.37369,1.3737,1.373685,1.37369,-1.0,-1.0,-1
1.37369,1.373715,1.37369,1.37369,-1.0,-1.0,-1
1.37369,1.3737,1.373685,1.37369,-1.0,-1.0,-1
1.37369,1.37371,1.373665,1.373705,-1.0,-1.0,-1
1.373705,1.37377,1.373705,1.37377,-1.0,-1.0,-1
1.37377,1.37377,1.37376,1.37377,-1.0,-1.0,-1
1.37377,1.37378,1.37376,1.373765,-1.0,-1.0,-1
1.373765,1.37378,1.37376,1.37377,-1.0,-1.0,-1
1.37377,1.373785,1.37377,1.37378,-1.0,-1.0,-1
1.37378,1.373785,1.37373,1.373735,-1.0,-1.0,-1
1.373735,1.373745,1.373725,1.373725,-1.0,-1.0,-1
1.373725,1.373725,1.37369,1.373695,-1.0,-1.0,-1
1.373695,1.37371,1.373695,1.373705,-1.0,-1.0,-1
1.373705,1.373735,1.373695,1.3737,-1.0,-1.0,-1
1.3737,1.373735,1.373695,1.373725,-1.0,-1.0,-1
1.373725,1.373735,1.373705,1.37373,-1.0,-1.0,-1
1.37373,1.373755,1.37371,1.373755,-1.0,-1.0,-1
1.373755,1.373755,1.373705,1.373715,-1.0,-1.0,-1
1.373715,1.373745,1.37371,1.37374,-1.0,-1.0,-1
1.37374,1.373745,1.373705,1.373715,-1.0,-1.0,-1
1.373715,1.373765,1.37371,1.373755,-1.0,-1.0,-1
1.373755,1.373755,1.373685,1.373695,-1.0,-1.0,-1
1.373695,1.37371,1.37368,1.373685,-1.0,-1.0,-1
1.373685,1.3737,1.373655,1.373665,-1.0,-1.0,-1
1.373665,1.373685,1.373655,1.373675,-1.0,-1.0,-1
1.373675,1.37371,1.37367,1.373695,-1.0,-1.0,-1
1.373695,1.37371,1.37369,1.373695,-1.0,-1.0,-1
1.373695,1.37377,1.373695,1.37377,-1.0,-1.0,-1
1.37377,1.37377,1.37367,1.373685,-1.0,-1.0,-1
1.373685,1.37369,1.373665,1.37367,-1.0,-1.0,-1
1.37367,1.37371,1.373665,1.373675,-1.0,-1.0,-1
1.373675,1.37371,1.37367,1.373705,-1.0,-1.0,-1
1.373705,1.373715,1.373705,1.373715,-1.0,-1.0,-1
1.373715,1.373755,1.373705,1.373735,-1.0,-1.0,-1
1.373735,1.373735,1.373705,1.373725,-1.0,-1.0,-1
1.373725,1.373735,1.373695,1.37371,-1.0,-1.0,-1
1.37371,1.37371,1.373705,1.373705,-1.0,-1.0,-1
1.373705,1.37371,1.373705,1.37371,-1.0,-1.0,-1
1.37371,1.373715,1.373695,1.373695,-1.0,-1.0,-1
1.373695,1.37371,1.373685,1.37371,-1.0,-1.0,-1
1.37371,1.373715,1.37368,1.37368,-1.0,-1.0,-1
1.37368,1.37368,1.37362,1.373625,-1.0,-1.0,-1
1.373625,1.37363,1.37358,1.37361,-1.0,-1.0,-1
1.37361,1.373615,1.37357,1.373575,-1.0,-1.0,-1
1.373575,1.37358,1.37356,1.373565,-1.0,-1.0,-1
1.373565,1.37357,1.37356,1.37357,-1.0,-1.0,-1
1.37357,1.373575,1.373465,1.373475,-1.0,-1.0,-1
1.373475,1.373485,1.37339,1.37341,-1.0,-1.0,-1
1.37341,1.37341,1.373405,1.37341,-1.0,-1.0,-1
1.37341,1.37342,1.373405,1.373405,-1.0,-1.0,-1
1.373405,1.373405,1.373405,1.373405,-1.0,-1.0,-1
1.373405,1.373405,1.373405,1.373405,-1.0,-1.0,-1
1.373405,1.37342,1.373405,1.373415,-1.0,-1.0,-1
1.373415,1.373425,1.373405,1.373425,-1.0,-1.0,-1
1.373425,1.373425,1.37331,1.37331,-1.0,-1.0,-1
1.37331,1.373395,1.373305,1.373395,-1.0,-1.0,-1
1.373395,1.373425,1.373395,1.373425,-1.0,-1.0,-1
1.373425,1.37343,1.37341,1.37342,-1.0,-1.0,-1
1.37342,1.373425,1.3734,1.373415,-1.0,-1.0,-1
1.373415,1.373425,1.37341,1.373415,-1.0,-1.0,-1
1.373415,1.373515,1.373415,1.37351,-1.0,-1.0,-1
1.37351,1.373555,1.37351,1.373555,-1.0,-1.0,-1
1.373555,1.37357,1.373555,1.373565,-1.0,-1.0,-1
1.373565,1.37358,1.37351,1.37351,-1.0,-1.0,-1
1.37351,1.37352,1.373505,1.37351,-1.0,-1.0,-1
1.37351,1.37352,1.37351,1.37352,-1.0,-1.0,-1
1.37352,1.37352,1.37351,1.37351,-1.0,-1.0,-1
1.37351,1.37352,1.373505,1.373515,-1.0,-1.0,-1
1.373515,1.373515,1.373505,1.37351,-1.0,-1.0,-1
1.37351,1.373515,1.373435,1.37346,-1.0,-1.0,-1
1.37346,1.373485,1.37344,1.37344,-1.0,-1.0,-1
1.37344,1.373485,1.373435,1.37344,-1.0,-1.0,-1
1.37344,1.37344,1.373405,1.37341,-1.0,-1.0,-1
1.37341,1.373425,1.3734,1.37342,-1.0,-1.0,-1
1.37342,1.37342,1.3734,1.373405,-1.0,-1.0,-1
1.373405,1.37341,1.373395,1.373405,-1.0,-1.0,-1
1.373405,1.373405,1.373295,1.3733,-1.0,-1.0,-1
1.3733,1.373365,1.373295,1.373355,-1.0,-1.0,-1
1.373355,1.373405,1.373345,1.373405,-1.0,-1.0,-1
1.373405,1.373405,1.373375,1.37338,-1.0,-1.0,-1
1.37338,1.37341,1.37337,1.373405,-1.0,-1.0,-1
1.373405,1.37341,1.373405,1.373405,-1.0,-1.0,-1
1.373405,1.373405,1.37338,1.373405,-1.0,-1.0,-1
1.373405,1.373425,1.373385,1.373385,-1.0,-1.0,-1
1.373385,1.373385,1.37337,1.373375,-1.0,-1.0,-1
1.373375,1.373405,1.373375,1.373385,-1.0,-1.0,-1
1.373385,1.373405,1.373375,1.373405,-1.0,-1.0,-1
1.373405,1.37341,1.373325,1.37334,-1.0,-1.0,-1
1.37334,1.37334,1.373305,1.373325,-1.0,-1.0,-1
1.373325,1.373325,1.373305,1.37332,-1.0,-1.0,-1
1.37332,1.373385,1.37331,1.37338,-1.0,-1.0,-1
1.37338,1.373405,1.37338,1.37338,-1.0,-1.0,-1
1.37338,1.373385,1.37338,1.37338,-1.0,-1.0,-1
1.37338,1.373385,1.37332,1.37336,-1.0,-1.0,-1
1.37336,1.37336,1.37332,1.37332,-1.0,-1.0,-1
1.37332,1.37332,1.37331,1.373315,-1.0,-1.0,-1
1.373315,1.373315,1.37331,1.373315,-1.0,-1.0,-1
1.373315,1.373325,1.37331,1.373315,-1.0,-1.0,-1
1.373315,1.373325,1.37331,1.373325,-1.0,-1.0,-1
1.373325,1.373325,1.37331,1.373315,-1.0,-1.0,-1
1.373315,1.373415,1.37331,1.373415,-1.0,-1.0,-1
1.373415,1.373415,1.373405,1.373415,-1.0,-1.0,-1
1.373415,1.373415,1.373345,1.37336,-1.0,-1.0,-1
1.37336,1.37336,1.37331,1.373315,-1.0,-1.0,-1
1.373315,1.37333,1.37331,1.373315,-1.0,-1.0,-1
1.373315,1.373315,1.3733,1.3733,-1.0,-1.0,-1
1.3733,1.373325,1.3733,1.373315,-1.0,-1.0,-1
1.373315,1.37333,1.37331,1.373315,-1.0,-1.0,-1
1.373315,1.373315,1.3733,1.373315,-1.0,-1.0,-1
1.373315,1.37341,1.37331,1.373395,-1.0,-1.0,-1
1.373395,1.373395,1.37338,1.373385,-1.0,-1.0,-1
1.373385,1.373385,1.373375,1.373375,-1.0,-1.0,-1
1.373375,1.373375,1.37336,1.37337,-1.0,-1.0,-1
1.37337,1.373375,1.37337,1.373375,-1.0,-1.0,-1
1.373375,1.37338,1.373315,1.37333,-1.0,-1.0,-1
1.37333,1.37337,1.373325,1.37337,-1.0,-1.0,-1
1.37337,1.373485,1.37336,1.37345,-1.0,-1.0,-1
1.37345,1.373515,1.373435,1.37351,-1.0,-1.0,-1
1.37351,1.373525,1.373475,1.37348,-1.0,-1.0,-1
1.37348,1.373485,1.373415,1.373415,-1.0,-1.0,-1
1.373415,1.373415,1.373375,1.373375,-1.0,-1.0,-1
1.373375,1.37346,1.373375,1.37346,-1.0,-1.0,-1
1.37346,1.37351,1.37346,1.37349,-1.0,-1.0,-1
1.37349,1.37351,1.37348,1.37348,-1.0,-1.0,-1
1.37348,1.373485,1.373445,1.373465,-1.0,-1.0,-1
1.373465,1.373485,1.37346,1.37348,-1.0,-1.0,-1
1.37348,1.373505,1.373475,1.373505,-1.0,-1.0,-1
1.373505,1.37352,1.37348,1.373505,-1.0,-1.0,-1
1.373505,1.373505,1.373475,1.37349,-1.0,-1.0,-1
1.37349,1.37349,1.373385,1.373405,-1.0,-1.0,-1
1.373405,1.37341,1.373385,1.373385,-1.0,-1.0,-1
1.373385,1.373415,1.373385,1.37341,-1.0,-1.0,-1
1.37341,1.37341,1.373385,1.37339,-1.0,-1.0,-1
1.37339,1.373395,1.3733,1.3733,-1.0,-1.0,-1
1.3733,1.373315,1.3733,1.373315,-1.0,-1.0,-1
1.373315,1.373335,1.37331,1.37332,-1.0,-1.0,-1
1.37332,1.373405,1.37332,1.373405,-1.0,-1.0,-1
1.373405,1.37341,1.373405,1.37341,-1.0,-1.0,-1
1.37341,1.37341,1.373405,1.37341,-1.0,-1.0,-1
1.37341,1.373415,1.373405,1.373415,-1.0,-1.0,-1
1.373415,1.373415,1.3734,1.37341,-1.0,-1.0,-1
1.37341,1.37342,1.373405,1.373415,-1.0,-1.0,-1
1.373415,1.373415,1.373385,1.373405,-1.0,-1.0,-1
1.373405,1.373405,1.373385,1.373385,-1.0,-1.0,-1
1.373385,1.373415,1.373385,1.37341,-1.0,-1.0,-1
1.37341,1.373415,1.373405,1.373415,-1.0,-1.0,-1
1.373415,1.373415,1.373405,1.373415,-1.0,-1.0,-1
1.373415,1.373415,1.3734,1.37341,-1.0,-1.0,-1
1.37341,1.373415,1.3734,1.37341,-1.0,-1.0,-1
1.37341,1.37341,1.373405,1.373405,-1.0,-1.0,-1
1.373405,1.373405,1.373405,1.373405,-1.0,-1.0,-1
1.373405,1.37341,1.373405,1.373405,-1.0,-1.0,-1
1.373405,1.373415,1.373405,1.37341,-1.0,-1.0,-1
1.37341,1.37341,1.373405,1.373405,-1.0,-1.0,-1
1.373405,1.37341,1.373405,1.373405,-1.0,-1.0,-1
1.373405,1.373415,1.373385,1.373405,-1.0,-1.0,-1
1.373405,1.373485,1.373405,1.373485,-1.0,-1.0,-1
1.373485,1.373505,1.373455,1.373475,-1.0,-1.0,-1
1.373475,1.373475,1.373465,1.373465,-1.0,-1.0,-1
1.373465,1.37347,1.37337,1.37337,-1.0,-1.0,-1
1.37337,1.373385,1.37336,1.373375,-1.0,-1.0,-1
1.373375,1.373385,1.37336,1.37336,-1.0,-1.0,-1
1.37336,1.37336,1.373335,1.373355,-1.0,-1.0,-1
1.373355,1.373355,1.373305,1.373315,-1.0,-1.0,-1
1.373315,1.373385,1.37331,1.373375,-1.0,-1.0,-1
1.373375,1.373375,1.373375,1.373375,-1.0,-1.0,-1
1.373375,1.373375,1.37336,1.373375,-1.0,-1.0,-1
1.373375,1.373375,1.37336,1.37337,-1.0,-1.0,-1
1.37337,1.373375,1.37336,1.373365,-1.0,-1.0,-1
1.373365,1.373465,1.37336,1.373425,-1.0,-1.0,-1
1.373425,1.373425,1.37339,1.373405,-1.0,-1.0,-1
1.373405,1.373415,1.373385,1.373415,-1.0,-1.0,-1
1.373415,1.373425,1.373405,1.373425,-1.0,-1.0,-1
1.373425,1.373475,1.3734,1.373435,-1.0,-1.0,-1
1.373435,1.37344,1.37341,1.373415,-1.0,-1.0,-1
1.373415,1.37343,1.37341,1.373425,-1.0,-1.0,-1
1.373425,1.373425,1.373395,1.373415,-1.0,-1.0,-1
1.373415,1.37342,1.37338,1.37341,-1.0,-1.0,-1
1.37341,1.37342,1.373385,1.37341,-1.0,-1.0,-1
1.37341,1.373465,1.373405,1.373465,-1.0,-1.0,-1
1.373465,1.37347,1.373455,1.373455,-1.0,-1.0,-1
1.373455,1.373465,1.373455,1.373465,-1.0,-1.0,-1
1.373465,1.373475,1.373465,1.373475,-1.0,-1.0,-1
1.373475,1.373505,1.373465,1.37348,-1.0,-1.0,-1
1.37348,1.373485,1.373475,1.373475,-1.0,-1.0,-1
1.373475,1.37349,1.37347,1.37348,-1.0,-1.0,-1
1.37348,1.373485,1.37347,1.37348,-1.0,-1.0,-1
1.37348,1.373485,1.373475,1.373475,-1.0,-1.0,-1
1.373475,1.373475,1.373475,1.373475,-1.0,-1.0,-1
1.373475,1.373475,1.37347,1.373475,-1.0,-1.0,-1
1.373475,1.37356,1.373475,1.373555,-1.0,-1.0,-1
1.373555,1.373555,1.373515,1.373525,-1.0,-1.0,-1
1.373525,1.373545,1.373475,1.37354,-1.0,-1.0,-1
1.37354,1.37356,1.37353,1.37356,-1.0,-1.0,-1
1.37356,1.373585,1.373525,1.373585,-1.0,-1.0,-1
1.373585,1.373585,1.373525,1.37356,-1.0,-1.0,-1
1.37356,1.373575,1.37356,1.373565,-1.0,-1.0,-1
1.373565,1.373565,1.373505,1.37352,-1.0,-1.0,-1
1.37352,1.373525,1.37351,1.37351,-1.0,-1.0,-1
1.37351,1.37351,1.37348,1.37348,-1.0,-1.0,-1
1.37348,1.373485,1.373475,1.373475,-1.0,-1.0,-1
1.373475,1.373475,1.3734,1.37346,-1.0,-1.0,-1
1.37346,1.37346,1.37344,1.37346,-1.0,-1.0,-1
1.37346,1.37346,1.37339,1.373415,-1.0,-1.0,-1
1.373415,1.373415,1.373325,1.373325,-1.0,-1.0,-1
1.373325,1.373355,1.37331,1.37332,-1.0,-1.0,-1
1.37332,1.373325,1.373305,1.37331,-1.0,-1.0,-1
1.37331,1.37332,1.373305,1.373315,-1.0,-1.0,-1
1.373315,1.37332,1.3733,1.373305,-1.0,-1.0,-1
1.373305,1.37331,1.373245,1.373245,-1.0,-1.0,-1
1.373245,1.373255,1.373215,1.37322,-1.0,-1.0,-1
1.37322,1.373225,1.373215,1.373225,-1.0,-1.0,-1
1.373225,1.37324,1.37322,1.37323,-1.0,-1.0,-1
1.37323,1.37323,1.37322,1.373225,-1.0,-1.0,-1
1.373225,1.373225,1.37321,1.373215,-1.0,-1.0,-1
1.373215,1.37322,1.373125,1.373155,-1.0,-1.0,-1
1.373155,1.373195,1.37314,1.37319,-1.0,-1.0,-1
1.37319,1.37321,1.373185,1.37321,-1.0,-1.0,-1
1.37321,1.373215,1.37315,1.37321,-1.0,-1.0,-1
1.37321,1.373215,1.373205,1.373205,-1.0,-1.0,-1
1.373205,1.37326,1.373205,1.37326,-1.0,-1.0,-1
1.37326,1.37327,1.37326,1.373265,-1.0,-1.0,-1
1.373265,1.37328,1.37326,1.37328,-1.0,-1.0,-1
1.37328,1.373305,1.373225,1.373235,-1.0,-1.0,-1
1.373235,1.373235,1.37322,1.37323,-1.0,-1.0,-1
1.37323,1.37323,1.37323,1.37323,-1.0,-1.0,-1
1.37323,1.37323,1.3732,1.37322,-1.0,-1.0,-1
1.37322,1.373235,1.37321,1.373225,-1.0,-1.0,-1
1.373225,1.373255,1.37322,1.373225,-1.0,-1.0,-1
1.373225,1.373255,1.37322,1.373235,-1.0,-1.0,-1
1.373235,1.37324,1.37323,1.37323,-1.0,-1.0,-1
1.37323,1.37329,1.37323,1.37329,-1.0,-1.0,-1
1.37329,1.373325,1.37328,1.373305,-1.0,-1.0,-1
1.373305,1.373305,1.37327,1.37328,-1.0,-1.0,-1
1.37328,1.373285,1.37322,1.373245,-1.0,-1.0,-1
1.373245,1.373285,1.37323,1.37325,-1.0,-1.0,-1
1.37325,1.37331,1.373235,1.373305,-1.0,-1.0,-1
1.373305,1.373315,1.3733,1.373315,-1.0,-1.0,-1
1.373315,1.373415,1.37331,1.373375,-1.0,-1.0,-1
1.373375,1.37338,1.373335,1.373335,-1.0,-1.0,-1
1.373335,1.373335,1.3733,1.373335,-1.0,-1.0,-1
1.373335,1.37337,1.373325,1.373365,-1.0,-1.0,-1
1.373365,1.373365,1.373305,1.373315,-1.0,-1.0,-1
1.373315,1.373315,1.37322,1.37322,-1.0,-1.0,-1
1.37322,1.373235,1.3732,1.373225,-1.0,-1.0,-1
1.373225,1.373225,1.373205,1.37321,-1.0,-1.0,-1
1.37321,1.37321,1.373125,1.373125,-1.0,-1.0,-1
1.373125,1.37316,1.373115,1.373155,-1.0,-1.0,-1
1.373155,1.37319,1.373155,1.37318,-1.0,-1.0,-1
1.37318,1.37318,1.373095,1.373105,-1.0,-1.0,-1
1.373105,1.373135,1.373105,1.373125,-1.0,-1.0,-1
1.373125,1.37317,1.37312,1.373125,-1.0,-1.0,-1
1.373125,1.373205,1.373125,1.373205,-1.0,-1.0,-1
1.373205,1.373205,1.373165,1.373205,-1.0,-1.0,-1
1.373205,1.373205,1.37315,1.37317,-1.0,-1.0,-1
1.37317,1.37317,1.373145,1.373155,-1.0,-1.0,-1
1.373155,1.37316,1.373125,1.37316,-1.0,-1.0,-1
1.37316,1.37316,1.37311,1.373115,-1.0,-1.0,-1
1.373115,1.373155,1.373115,1.37312,-1.0,-1.0,-1
1.37312,1.373135,1.373105,1.373105,-1.0,-1.0,-1
1.373105,1.373115,1.373105,1.373115,-1.0,-1.0,-1
1.373115,1.37316,1.373115,1.373125,-1.0,-1.0,-1
1.373125,1.373205,1.373125,1.373205,-1.0,-1.0,-1
1.373205,1.373205,1.373165,1.373175,-1.0,-1.0,-1
1.373175,1.373175,1.373135,1.37316,-1.0,-1.0,-1
1.37316,1.37317,1.37316,1.37316,-1.0,-1.0,-1
1.37316,1.373205,1.373135,1.373205,-1.0,-1.0,-1
1.373205,1.37321,1.37318,1.373205,-1.0,-1.0,-1
1.373205,1.373205,1.37312,1.37312,-1.0,-1.0,-1
1.37312,1.37312,1.373115,1.37312,-1.0,-1.0,-1
1.37312,1.373125,1.373105,1.37311,-1.0,-1.0,-1
1.37311,1.373135,1.37311,1.373135,-1.0,-1.0,-1
1.373135,1.37316,1.373115,1.37312,-1.0,-1.0,-1
1.37312,1.373125,1.373115,1.37312,-1.0,-1.0,-1
1.37312,1.373135,1.373105,1.373105,-1.0,-1.0,-1
1.373105,1.373105,1.373005,1.373015,-1.0,-1.0,-1
1.373015,1.37302,1.37297,1.37298,-1.0,-1.0,-1
1.37298,1.37298,1.37293,1.372965,-1.0,-1.0,-1
1.372965,1.372965,1.37292,1.37293,-1.0,-1.0,-1
1.37293,1.372965,1.37292,1.37296,-1.0,-1.0,-1
1.37296,1.373015,1.37296,1.373015,-1.0,-1.0,-1
1.373015,1.373015,1.373015,1.373015,-1.0,-1.0,-1
1.373015,1.37304,1.373015,1.373015,-1.0,-1.0,-1
1.373015,1.373015,1.373015,1.373015,-1.0,-1.0,-1
1.373015,1.373015,1.373,1.373005,-1.0,-1.0,-1
1.373005,1.37302,1.373,1.37301,-1.0,-1.0,-1
1.37301,1.37302,1.373,1.37301,-1.0,-1.0,-1
1.37301,1.37301,1.37297,1.37301,-1.0,-1.0,-1
1.37301,1.373015,1.37295,1.372965,-1.0,-1.0,-1
1.372965,1.372965,1.37295,1.372965,-1.0,-1.0,-1
1.372965,1.372965,1.37295,1.37296,-1.0,-1.0,-1
1.37296,1.37296,1.37296,1.37296,-1.0,-1.0,-1
1.37296,1.37296,1.372905,1.37291,-1.0,-1.0,-1
1.37291,1.37291,1.37282,1.37282,-1.0,-1.0,-1
1.37282,1.37283,1.372805,1.372805,-1.0,-1.0,-1
1.372805,1.372815,1.372805,1.372805,-1.0,-1.0,-1
1.372805,1.37281,1.372795,1.372805,-1.0,-1.0,-1
1.372805,1.372835,1.372795,1.37283,-1.0,-1.0,-1
1.37283,1.372835,1.372725,1.372725,-1.0,-1.0,-1
1.372725,1.37274,1.372655,1.37266,-1.0,-1.0,-1
1.37266,1.37266,1.372635,1.372655,-1.0,-1.0,-1
1.372655,1.37269,1.372655,1.372665,-1.0,-1.0,-1
1.372665,1.3727,1.372655,1.372695,-1.0,-1.0,-1
1.372695,1.372765,1.37269,1.372765,-1.0,-1.0,-1
1.372765,1.37277,1.372635,1.372635,-1.0,-1.0,-1
1.372635,1.37264,1.372635,1.37264,-1.0,-1.0,-1
1.37264,1.37264,1.3726,1.37262,-1.0,-1.0,-1
1.37262,1.372635,1.372615,1.37263,-1.0,-1.0,-1
1.37263,1.37263,1.37262,1.372625,-1.0,-1.0,-1
1.372625,1.3727,1.37262,1.37268,-1.0,-1.0,-1
1.37268,1.37268,1.37267,1.37267,-1.0,-1.0,-1
1.37267,1.372675,1.372635,1.372675,-1.0,-1.0,-1
1.372675,1.37269,1.37267,1.372675,-1.0,-1.0,-1
1.372675,1.372675,1.37265,1.372675,-1.0,-1.0,-1
1.372675,1.37275,1.37267,1.37273,-1.0,-1.0,-1
1.37273,1.372735,1.37265,1.37268,-1.0,-1.0,-1
1.37268,1.3727,1.372655,1.372685,-1.0,-1.0,-1
1.372685,1.37269,1.372635,1.372635,-1.0,-1.0,-1
1.372635,1.37267,1.372635,1.372665,-1.0,-1.0,-1
1.372665,1.372675,1.372645,1.372675,-1.0,-1.0,-1
1.372675,1.372725,1.372675,1.372725,-1.0,-1.0,-1
1.372725,1.372725,1.37267,1.37268,-1.0,-1.0,-1
1.37268,1.37268,1.37265,1.37265,-1.0,-1.0,-1
1.37265,1.37269,1.37265,1.37267,-1.0,-1.0,-1
1.37267,1.37267,1.372665,1.37267,-1.0,-1.0,-1
1.37267,1.372725,1.37267,1.372725,-1.0,-1.0,-1
1.372725,1.37273,1.372725,1.37273,-1.0,-1.0,-1
1.37273,1.37273,1.372725,1.372725,-1.0,-1.0,-1
1.372725,1.372725,1.372625,1.37263,-1.0,-1.0,-1
1.37263,1.37263,1.37259,1.37259,-1.0,-1.0,-1
1.37259,1.372645,1.372585,1.372635,-1.0,-1.0,-1
1.372635,1.372635,1.37263,1.372635,-1.0,-1.0,-1
1.372635,1.372655,1.37263,1.37263,-1.0,-1.0,-1
1.37263,1.37263,1.3726,1.37263,-1.0,-1.0,-1
1.37263,1.37263,1.37261,1.372625,-1.0,-1.0,-1
1.372625,1.372655,1.37261,1.372615,-1.0,-1.0,-1
1.372615,1.37264,1.37261,1.372625,-1.0,-1.0,-1
1.372625,1.372645,1.37262,1.37263,-1.0,-1.0,-1
1.37263,1.372635,1.37261,1.37261,-1.0,-1.0,-1
1.37261,1.37261,1.372515,1.37253,-1.0,-1.0,-1
1.37253,1.37254,1.37252,1.372535,-1.0,-1.0,-1
1.372535,1.37254,1.372525,1.37254,-1.0,-1.0,-1
1.37254,1.372545,1.37253,1.37254,-1.0,-1.0,-1
1.37254,1.37254,1.37254,1.37254,-1.0,-1.0,-1
1.37254,1.37261,1.372525,1.372555,-1.0,-1.0,-1
1.372555,1.37257,1.372555,1.37256,-1.0,-1.0,-1
1.37256,1.37263,1.37255,1.37255,-1.0,-1.0,-1
1.37255,1.37257,1.37255,1.37256,-1.0,-1.0,-1
1.37256,1.37257,1.372555,1.37256,-1.0,-1.0,-1
1.37256,1.37259,1.37256,1.372585,-1.0,-1.0,-1
1.372585,1.372595,1.372555,1.37257,-1.0,-1.0,-1
1.37257,1.37257,1.37255,1.372565,-1.0,-1.0,-1
1.372565,1.37257,1.37255,1.37255,-1.0,-1.0,-1
1.37255,1.37258,1.37255,1.37257,-1.0,-1.0,-1
1.37257,1.37257,1.37252,1.372525,-1.0,-1.0,-1
1.372525,1.37253,1.37252,1.372525,-1.0,-1.0,-1
1.372525,1.37253,1.37243,1.372435,-1.0,-1.0,-1
1.372435,1.37244,1.37243,1.372435,-1.0,-1.0,-1
1.372435,1.372445,1.372335,1.372345,-1.0,-1.0,-1
1.372345,1.372385,1.37234,1.37234,-1.0,-1.0,-1
1.37234,1.372345,1.37234,1.372345,-1.0,-1.0,-1
1.372345,1.37235,1.37233,1.37235,-1.0,-1.0,-1
1.37235,1.37235,1.372335,1.37234,-1.0,-1.0,-1
1.37234,1.37234,1.37234,1.37234,-1.0,-1.0,-1
1.37234,1.372345,1.372335,1.37234,-1.0,-1.0,-1
1.37234,1.372405,1.37234,1.3724,-1.0,-1.0,-1
1.3724,1.3724,1.372365,1.3724,-1.0,-1.0,-1
1.3724,1.372415,1.372345,1.372355,-1.0,-1.0,-1
1.372355,1.37241,1.37235,1.372385,-1.0,-1.0,-1
1.372385,1.3724,1.37237,1.372375,-1.0,-1.0,-1
1.372375,1.37241,1.372335,1.37238,-1.0,-1.0,-1
1.37238,1.3724,1.372375,1.372375,-1.0,-1.0,-1
1.372375,1.37242,1.37237,1.37237,-1.0,-1.0,-1
1.37237,1.372385,1.372355,1.372355,-1.0,-1.0,-1
1.372355,1.372435,1.37234,1.372415,-1.0,-1.0,-1
1.372415,1.372445,1.372415,1.37244,-1.0,-1.0,-1
1.37244,1.37247,1.372435,1.37244,-1.0,-1.0,-1
1.37244,1.37244,1.372435,1.372435,-1.0,-1.0,-1
1.372435,1.372435,1.372425,1.372425,-1.0,-1.0,-1
1.372425,1.372435,1.372425,1.372435,-1.0,-1.0,-1
1.372435,1.37244,1.372435,1.372435,-1.0,-1.0,-1
1.372435,1.37246,1.372435,1.372435,-1.0,-1.0,-1
1.372435,1.372445,1.372435,1.372445,-1.0,-1.0,-1
1.372445,1.372475,1.372445,1.372455,-1.0,-1.0,-1
1.372455,1.37247,1.372435,1.37247,-1.0,-1.0,-1
1.37247,1.37247,1.372465,1.372465,-1.0,-1.0,-1
1.372465,1.372575,1.372465,1.372525,-1.0,-1.0,-1
1.372525,1.37253,1.37249,1.372495,-1.0,-1.0,-1
1.372495,1.3725,1.37249,1.3725,-1.0,-1.0,-1
1.3725,1.372535,1.372495,1.372535,-1.0,-1.0,-1
1.372535,1.372535,1.372515,1.372525,-1.0,-1.0,-1
1.372525,1.372535,1.372515,1.372535,-1.0,-1.0,-1
1.372535,1.372535,1.37251,1.372515,-1.0,-1.0,-1
1.372515,1.372515,1.372505,1.372505,-1.0,-1.0,-1
1.372505,1.372535,1.37248,1.3725,-1.0,-1.0,-1
1.3725,1.3725,1.372485,1.3725,-1.0,-1.0,-1
1.3725,1.372545,1.3725,1.372515,-1.0,-1.0,-1
1.372515,1.37254,1.372515,1.37254,-1.0,-1.0,-1
1.37254,1.372545,1.37253,1.37254,-1.0,-1.0,-1
1.37254,1.372545,1.37254,1.372545,-1.0,-1.0,-1
1.372545,1.372565,1.37254,1.372545,-1.0,-1.0,-1
1.372545,1.372555,1.37253,1.372535,-1.0,-1.0,-1
1.372535,1.37254,1.37253,1.37254,-1.0,-1.0,-1
1.37254,1.37254,1.37251,1.372525,-1.0,-1.0,-1
1.372525,1.372525,1.37248,1.372485,-1.0,-1.0,-1
1.372485,1.372485,1.37246,1.372465,-1.0,-1.0,-1
1.372465,1.372465,1.372445,1.372445,-1.0,-1.0,-1
1.372445,1.372445,1.372445,1.372445,-1.0,-1.0,-1
1.372445,1.372455,1.372445,1.37245,-1.0,-1.0,-1
1.37245,1.372465,1.372445,1.372455,-1.0,-1.0,-1
1.372455,1.372455,1.372455,1.372455,-1.0,-1.0,-1
1.372455,1.37246,1.372435,1.37244,-1.0,-1.0,-1
1.37244,1.37245,1.372435,1.372445,-1.0,-1.0,-1
1.372445,1.37245,1.37244,1.372445,-1.0,-1.0,-1
1.372445,1.372455,1.37244,1.37245,-1.0,-1.0,-1
1.37245,1.37257,1.372445,1.372565,-1.0,-1.0,-1
1.372565,1.372565,1.372435,1.37244,-1.0,-1.0,-1
1.37244,1.372445,1.372425,1.37243,-1.0,-1.0,-1
1.37243,1.37245,1.372425,1.37245,-1.0,-1.0,-1
1.37245,1.37245,1.372445,1.37245,-1.0,-1.0,-1
1.37245,1.372485,1.372445,1.37247,-1.0,-1.0,-1
1.37247,1.372515,1.372465,1.37251,-1.0,-1.0,-1
1.37251,1.372515,1.37251,1.37251,-1.0,-1.0,-1
1.37251,1.372555,1.37251,1.372535,-1.0,-1.0,-1
1.372535,1.372535,1.37252,1.372525,-1.0,-1.0,-1
1.372525,1.37254,1.372445,1.372485,-1.0,-1.0,-1
1.372485,1.372495,1.372475,1.372495,-1.0,-1.0,-1
1.372495,1.372495,1.372465,1.372465,-1.0,-1.0,-1
1.372465,1.372475,1.372465,1.372475,-1.0,-1.0,-1
1.372475,1.372475,1.372455,1.372455,-1.0,-1.0,-1
1.372455,1.372505,1.372455,1.3725,-1.0,-1.0,-1
1.3725,1.372505,1.3725,1.372505,-1.0,-1.0,-1
1.372505,1.372505,1.372505,1.372505,-1.0,-1.0,-1
1.372505,1.372515,1.37248,1.37251,-1.0,-1.0,-1
1.37251,1.372535,1.3725,1.372535,-1.0,-1.0,-1
1.372535,1.37254,1.37253,1.37254,-1.0,-1.0,-1
1.37254,1.37254,1.372455,1.372455,-1.0,-1.0,-1
1.372455,1.37247,1.37245,1.37247,-1.0,-1.0,-1
1.37247,1.372485,1.37246,1.37247,-1.0,-1.0,-1
1.37247,1.372505,1.37247,1.372485,-1.0,-1.0,-1
1.372485,1.372485,1.37245,1.37245,-1.0,-1.0,-1
1.37245,1.372495,1.37245,1.372475,-1.0,-1.0,-1
1.372475,1.37253,1.372475,1.372525,-1.0,-1.0,-1
1.372525,1.372525,1.3725,1.372505,-1.0,-1.0,-1
1.372505,1.37254,1.372505,1.37254,-1.0,-1.0,-1
1.37254,1.37254,1.37251,1.37251,-1.0,-1.0,-1
1.37251,1.37253,1.372505,1.37251,-1.0,-1.0,-1
1.37251,1.37253,1.372505,1.37251,-1.0,-1.0,-1
1.37251,1.37253,1.372495,1.372495,-1.0,-1.0,-1
1.372495,1.372505,1.372485,1.372505,-1.0,-1.0,-1
1.372505,1.37251,1.37248,1.37251,-1.0,-1.0,-1
1.37251,1.37251,1.3725,1.372505,-1.0,-1.0,-1
1.372505,1.37253,1.372505,1.37253,-1.0,-1.0,-1
1.37253,1.372535,1.372475,1.372495,-1.0,-1.0,-1
1.372495,1.37251,1.372495,1.372505,-1.0,-1.0,-1
1.372505,1.372505,1.372495,1.372505,-1.0,-1.0,-1
1.372505,1.372505,1.372495,1.372495,-1.0,-1.0,-1
1.372495,1.372505,1.372495,1.3725,-1.0,-1.0,-1
1.3725,1.372505,1.372495,1.372505,-1.0,-1.0,-1
1.372505,1.372525,1.37248,1.372525,-1.0,-1.0,-1
1.372525,1.372555,1.37252,1.372545,-1.0,-1.0,-1
1.372545,1.372555,1.372545,1.37255,-1.0,-1.0,-1
1.37255,1.372555,1.37248,1.372495,-1.0,-1.0,-1
1.372495,1.372505,1.372495,1.372505,-1.0,-1.0,-1
1.372505,1.372505,1.3725,1.3725,-1.0,-1.0,-1
1.3725,1.372545,1.3725,1.37254,-1.0,-1.0,-1
1.37254,1.37254,1.37253,1.37254,-1.0,-1.0,-1
1.37254,1.372555,1.372525,1.372545,-1.0,-1.0,-1
1.372545,1.372555,1.372465,1.372465,-1.0,-1.0,-1
1.372465,1.372495,1.372465,1.372495,-1.0,-1.0,-1
1.372495,1.372495,1.37248,1.372485,-1.0,-1.0,-1
1.372485,1.372485,1.37248,1.37248,-1.0,-1.0,-1
1.37248,1.37256,1.37248,1.372545,-1.0,-1.0,-1
1.372545,1.372555,1.372525,1.37254,-1.0,-1.0,-1
1.37254,1.372545,1.37254,1.37254,-1.0,-1.0,-1
1.37254,1.37254,1.37254,1.37254,-1.0,-1.0,-1
1.37254,1.37254,1.37253,1.37254,-1.0,-1.0,-1
1.37254,1.37254,1.372505,1.372505,-1.0,-1.0,-1
1.372505,1.372505,1.372485,1.372505,-1.0,-1.0,-1
1.372505,1.372525,1.372505,1.37251,-1.0,-1.0,-1
1.37251,1.37251,1.3725,1.3725,-1.0,-1.0,-1
1.3725,1.372575,1.372495,1.372575,-1.0,-1.0,-1
1.372575,1.37262,1.372575,1.37262,-1.0,-1.0,-1
1.37262,1.372665,1.372615,1.37265,-1.0,-1.0,-1
1.37265,1.37265,1.37262,1.372635,-1.0,-1.0,-1
1.372635,1.372635,1.37262,1.37263,-1.0,-1.0,-1
1.37263,1.37266,1.37263,1.372645,-1.0,-1.0,-1
1.372645,1.37265,1.37263,1.37263,-1.0,-1.0,-1
1.37263,1.37263,1.372625,1.37263,-1.0,-1.0,-1
1.37263,1.37263,1.372615,1.37262,-1.0,-1.0,-1
1.37262,1.372635,1.3726,1.37263,-1.0,-1.0,-1
1.37263,1.37263,1.372605,1.372605,-1.0,-1.0,-1
1.372605,1.372605,1.37256,1.37259,-1.0,-1.0,-1
1.37259,1.372635,1.37259,1.372635,-1.0,-1.0,-1
1.372635,1.372635,1.372595,1.3726,-1.0,-1.0,-1
1.3726,1.372655,1.3726,1.372655,-1.0,-1.0,-1
1.372655,1.37267,1.372645,1.372665,-1.0,-1.0,-1
1.372665,1.372665,1.372655,1.37266,-1.0,-1.0,-1
1.37266,1.37266,1.37262,1.372655,-1.0,-1.0,-1
1.372655,1.372655,1.372635,1.372645,-1.0,-1.0,-1
1.372645,1.37266,1.372635,1.37266,-1.0,-1.0,-1
1.37266,1.372665,1.372655,1.37266,-1.0,-1.0,-1
1.37266,1.372665,1.37264,1.372665,-1.0,-1.0,-1
1.372665,1.372675,1.372665,1.372665,-1.0,-1.0,-1
1.372665,1.372665,1.372655,1.37266,-1.0,-1.0,-1
1.37266,1.372665,1.372655,1.372665,-1.0,-1.0,-1
1.372665,1.372665,1.372665,1.372665,-1.0,-1.0,-1
1.372665,1.37267,1.372655,1.372665,-1.0,-1.0,-1
1.372665,1.37267,1.372645,1.372645,-1.0,-1.0,-1
1.372645,1.372655,1.372605,1.372605,-1.0,-1.0,-1
1.372605,1.37262,1.372605,1.37262,-1.0,-1.0,-1
1.37262,1.37264,1.3726,1.372625,-1.0,-1.0,-1
1.372625,1.372625,1.37262,1.372625,-1.0,-1.0,-1
1.372625,1.372645,1.372605,1.372645,-1.0,-1.0,-1
1.372645,1.372655,1.37264,1.37264,-1.0,-1.0,-1
1.37264,1.372645,1.37262,1.372635,-1.0,-1.0,-1
1.372635,1.372635,1.37261,1.372615,-1.0,-1.0,-1
1.372615,1.372625,1.3726,1.372625,-1.0,-1.0,-1
1.372625,1.372645,1.37262,1.37264,-1.0,-1.0,-1
1.37264,1.37264,1.37261,1.372625,-1.0,-1.0,-1
1.372625,1.372635,1.37262,1.372635,-1.0,-1.0,-1
1.372635,1.37264,1.372605,1.372615,-1.0,-1.0,-1
1.372615,1.372615,1.3726,1.3726,-1.0,-1.0,-1
1.3726,1.3726,1.3726,1.3726,-1.0,-1.0,-1
1.3726,1.37262,1.372595,1.372605,-1.0,-1.0,-1
1.372605,1.37262,1.3726,1.37262,-1.0,-1.0,-1
1.37262,1.37262,1.37253,1.37254,-1.0,-1.0,-1
1.37254,1.372575,1.37253,1.372575,-1.0,-1.0,-1
1.372575,1.372595,1.37254,1.37255,-1.0,-1.0,-1
1.37255,1.372565,1.3725,1.372515,-1.0,-1.0,-1
1.372515,1.37253,1.37251,1.37251,-1.0,-1.0,-1
1.37251,1.37251,1.372455,1.372505,-1.0,-1.0,-1
1.372505,1.372515,1.3725,1.372515,-1.0,-1.0,-1
1.372515,1.37253,1.37251,1.372525,-1.0,-1.0,-1
1.372525,1.372525,1.372515,1.372525,-1.0,-1.0,-1
1.372525,1.37253,1.37252,1.37253,-1.0,-1.0,-1
1.37253,1.372535,1.37252,1.37253,-1.0,-1.0,-1
1.37253,1.37253,1.3725,1.3725,-1.0,-1.0,-1
1.3725,1.37253,1.37248,1.37251,-1.0,-1.0,-1
1.37251,1.37254,1.37251,1.37253,-1.0,-1.0,-1
1.37253,1.37253,1.37251,1.37251,-1.0,-1.0,-1
1.37251,1.37253,1.37251,1.37253,-1.0,-1.0,-1
1.37253,1.372545,1.37252,1.372545,-1.0,-1.0,-1
1.372545,1.37257,1.37254,1.372555,-1.0,-1.0,-1
1.372555,1.372615,1.372555,1.3726,-1.0,-1.0,-1
1.3726,1.3726,1.372595,1.372595,-1.0,-1.0,-1
1.372595,1.372635,1.372595,1.37263,-1.0,-1.0,-1
1.37263,1.37263,1.37261,1.372615,-1.0,-1.0,-1
1.372615,1.372635,1.37261,1.37262,-1.0,-1.0,-1
1.37262,1.372625,1.372605,1.372625,-1.0,-1.0,-1
1.372625,1.372635,1.372605,1.372635,-1.0,-1.0,-1
1.372635,1.372635,1.37262,1.372625,-1.0,-1.0,-1
1.372625,1.372635,1.37262,1.372625,-1.0,-1.0,-1
1.372625,1.37263,1.37262,1.37263,-1.0,-1.0,-1
1.37263,1.37263,1.37261,1.372615,-1.0,-1.0,-1
1.372615,1.372615,1.37255,1.37255,-1.0,-1.0,-1
1.37255,1.372585,1.37253,1.37255,-1.0,-1.0,-1
1.37255,1.372555,1.37251,1.372515,-1.0,-1.0,-1
1.372515,1.37253,1.37251,1.37253,-1.0,-1.0,-1
1.37253,1.372555,1.372525,1.37255,-1.0,-1.0,-1
1.37255,1.37257,1.372545,1.37257,-1.0,-1.0,-1
1.37257,1.37257,1.372545,1.372545,-1.0,-1.0,-1
1.372545,1.372555,1.37253,1.37254,-1.0,-1.0,-1
1.37254,1.37254,1.372475,1.372485,-1.0,-1.0,-1
1.372485,1.372495,1.372475,1.372475,-1.0,-1.0,-1
1.372475,1.37252,1.372475,1.37252,-1.0,-1.0,-1
1.37252,1.372535,1.372505,1.372505,-1.0,-1.0,-1
1.372505,1.372535,1.3725,1.372535,-1.0,-1.0,-1
1.372535,1.372535,1.372465,1.37253,-1.0,-1.0,-1
1.37253,1.37254,1.372455,1.372455,-1.0,-1.0,-1
1.372455,1.372465,1.372455,1.372465,-1.0,-1.0,-1
1.372465,1.372465,1.372445,1.372455,-1.0,-1.0,-1
1.372455,1.372455,1.372435,1.37244,-1.0,-1.0,-1
1.37244,1.372445,1.372435,1.372445,-1.0,-1.0,-1
1.372445,1.372465,1.372435,1.372465,-1.0,-1.0,-1
1.372465,1.372465,1.372455,1.37246,-1.0,-1.0,-1
1.37246,1.372465,1.372455,1.37246,-1.0,-1.0,-1
1.37246,1.372525,1.372455,1.372525,-1.0,-1.0,-1
1.372525,1.372535,1.37252,1.372535,-1.0,-1.0,-1
1.372535,1.37254,1.37253,1.372535,-1.0,-1.0,-1
1.372535,1.372535,1.37252,1.372525,-1.0,-1.0,-1
1.372525,1.37253,1.37251,1.37251,-1.0,-1.0,-1
1.37251,1.37253,1.37251,1.372515,-1.0,-1.0,-1
1.372515,1.372515,1.372505,1.37251,-1.0,-1.0,-1
1.37251,1.37253,1.37251,1.37251,-1.0,-1.0,-1
1.37251,1.37251,1.37247,1.372475,-1.0,-1.0,-1
1.372475,1.372475,1.37246,1.37246,-1.0,-1.0,-1
1.37246,1.37246,1.37245,1.372455,-1.0,-1.0,-1
1.372455,1.37247,1.372455,1.37247,-1.0,-1.0,-1
1.37247,1.372535,1.37247,1.372535,-1.0,-1.0,-1
1.372535,1.372535,1.372505,1.372505,-1.0,-1.0,-1
1.372505,1.372525,1.372505,1.372525,-1.0,-1.0,-1
1.372525,1.372555,1.37252,1.37254,-1.0,-1.0,-1
1.37254,1.37255,1.37254,1.37255,-1.0,-1.0,-1
1.37255,1.37256,1.372545,1.372545,-1.0,-1.0,-1
1.372545,1.372575,1.372545,1.372545,-1.0,-1.0,-1
1.372545,1.372555,1.37252,1.372525,-1.0,-1.0,-1
1.372525,1.37254,1.37252,1.37254,-1.0,-1.0,-1
1.37254,1.37256,1.37253,1.372545,-1.0,-1.0,-1
1.372545,1.3726,1.372505,1.3726,-1.0,-1.0,-1
1.3726,1.372625,1.3726,1.372625,-1.0,-1.0,-1
1.372625,1.372635,1.37261,1.37262,-1.0,-1.0,-1
1.37262,1.372635,1.372585,1.372635,-1.0,-1.0,-1
1.372635,1.37264,1.372635,1.372635,-1.0,-1.0,-1
1.372635,1.372635,1.37262,1.37263,-1.0,-1.0,-1
1.37263,1.37266,1.37262,1.372645,-1.0,-1.0,-1
1.372645,1.372645,1.37263,1.37263,-1.0,-1.0,-1
1.37263,1.37263,1.372575,1.372595,-1.0,-1.0,-1
1.372595,1.372595,1.372575,1.372575,-1.0,-1.0,-1
1.372575,1.372575,1.37256,1.37257,-1.0,-1.0,-1
1.37257,1.37257,1.372495,1.372525,-1.0,-1.0,-1
1.372525,1.372525,1.372505,1.372525,-1.0,-1.0,-1
1.372525,1.372535,1.37247,1.37247,-1.0,-1.0,-1
1.37247,1.37247,1.372455,1.372455,-1.0,-1.0,-1
1.372455,1.37246,1.372455,1.37246,-1.0,-1.0,-1
1.37246,1.372525,1.372455,1.37251,-1.0,-1.0,-1
1.37251,1.37253,1.37251,1.37251,-1.0,-1.0,-1
1.37251,1.372515,1.372445,1.37245,-1.0,-1.0,-1
1.37245,1.372565,1.372445,1.37253,-1.0,-1.0,-1
1.37253,1.372555,1.37252,1.37254,-1.0,-1.0,-1
1.37254,1.372545,1.37251,1.37251,-1.0,-1.0,-1
1.37251,1.37253,1.37251,1.372525,-1.0,-1.0,-1
1.372525,1.372525,1.372475,1.372495,-1.0,-1.0,-1
1.372495,1.372555,1.37248,1.372535,-1.0,-1.0,-1
1.372535,1.372545,1.37251,1.372525,-1.0,-1.0,-1
1.372525,1.37256,1.37252,1.372555,-1.0,-1.0,-1
1.372555,1.37269,1.37255,1.37267,-1.0,-1.0,-1
1.37267,1.37269,1.37267,1.372685,-1.0,-1.0,-1
1.372685,1.372745,1.37268,1.372745,-1.0,-1.0,-1
1.372745,1.372745,1.37271,1.37271,-1.0,-1.0,-1
1.37271,1.372755,1.37269,1.372745,-1.0,-1.0,-1
1.372745,1.37277,1.37274,1.37276,-1.0,-1.0,-1
1.37276,1.37277,1.37275,1.37275,-1.0,-1.0,-1
1.37275,1.37277,1.37274,1.372755,-1.0,-1.0,-1
1.372755,1.372795,1.37274,1.37278,-1.0,-1.0,-1
1.37278,1.372835,1.372775,1.372835,-1.0,-1.0,-1
1.372835,1.37284,1.37283,1.372835,-1.0,-1.0,-1
1.372835,1.372905,1.37283,1.37287,-1.0,-1.0,-1
1.37287,1.3729,1.372865,1.372875,-1.0,-1.0,-1
1.372875,1.372945,1.372875,1.372935,-1.0,-1.0,-1
1.372935,1.372935,1.372925,1.372935,-1.0,-1.0,-1
1.372935,1.372935,1.37293,1.372935,-1.0,-1.0,-1
1.372935,1.372935,1.37292,1.372925,-1.0,-1.0,-1
1.372925,1.372925,1.372825,1.37283,-1.0,-1.0,-1
1.37283,1.37283,1.37277,1.372785,-1.0,-1.0,-1
1.372785,1.372785,1.37276,1.37278,-1.0,-1.0,-1
1.37278,1.372845,1.37278,1.372835,-1.0,-1.0,-1
1.372835,1.372835,1.37275,1.37275,-1.0,-1.0,-1
1.37275,1.37275,1.37274,1.37275,-1.0,-1.0,-1
1.37275,1.37275,1.37275,1.37275,-1.0,-1.0,-1
1.37275,1.37275,1.37275,1.37275,-1.0,-1.0,-1
1.37275,1.37276,1.37274,1.37275,-1.0,-1.0,-1
1.37275,1.372755,1.37269,1.37269,-1.0,-1.0,-1
1.37269,1.37275,1.372685,1.372695,-1.0,-1.0,-1
1.372695,1.3727,1.372685,1.3727,-1.0,-1.0,-1
1.3727,1.372735,1.3727,1.372715,-1.0,-1.0,-1
1.372715,1.372735,1.372715,1.372735,-1.0,-1.0,-1
1.372735,1.372745,1.372695,1.37273,-1.0,-1.0,-1
1.37273,1.372745,1.372655,1.372665,-1.0,-1.0,-1
1.372665,1.372675,1.372635,1.37266,-1.0,-1.0,-1
1.37266,1.37268,1.372655,1.372675,-1.0,-1.0,-1
1.372675,1.372705,1.372665,1.37267,-1.0,-1.0,-1
1.37267,1.372675,1.37267,1.37267,-1.0,-1.0,-1
1.37267,1.372675,1.372655,1.37266,-1.0,-1.0,-1
1.37266,1.37266,1.372635,1.372635,-1.0,-1.0,-1
1.372635,1.37264,1.372635,1.37264,-1.0,-1.0,-1
1.37264,1.3727,1.37264,1.37267,-1.0,-1.0,-1
1.37267,1.372675,1.37264,1.372675,-1.0,-1.0,-1
1.372675,1.372675,1.372655,1.372665,-1.0,-1.0,-1
1.372665,1.372665,1.372665,1.372665,-1.0,-1.0,-1
1.372665,1.37269,1.372665,1.37268,-1.0,-1.0,-1
1.37268,1.37269,1.372665,1.37267,-1.0,-1.0,-1
1.37267,1.37269,1.37267,1.37268,-1.0,-1.0,-1
1.37268,1.37268,1.37267,1.37267,-1.0,-1.0,-1
1.37267,1.372675,1.372575,1.372585,-1.0,-1.0,-1
1.372585,1.372585,1.372555,1.37258,-1.0,-1.0,-1
1.37258,1.372585,1.37258,1.372585,-1.0,-1.0,-1
1.372585,1.372635,1.37258,1.37263,-1.0,-1.0,-1
1.37263,1.37264,1.37262,1.37263,-1.0,-1.0,-1
1.37263,1.37263,1.37256,1.37256,-1.0,-1.0,-1
1.37256,1.3726,1.372555,1.37258,-1.0,-1.0,-1
1.37258,1.372595,1.37258,1.372595,-1.0,-1.0,-1
1.372595,1.372605,1.372595,1.372605,-1.0,-1.0,-1
1.372605,1.372625,1.372605,1.37262,-1.0,-1.0,-1
1.37262,1.372625,1.37261,1.372615,-1.0,-1.0,-1
1.372615,1.372615,1.37255,1.372585,-1.0,-1.0,-1
1.372585,1.37259,1.372565,1.37257,-1.0,-1.0,-1
1.37257,1.372585,1.372565,1.372585,-1.0,-1.0,-1
1.372585,1.37259,1.372575,1.372575,-1.0,-1.0,-1
1.372575,1.372575,1.372555,1.37257,-1.0,-1.0,-1
1.37257,1.37257,1.372525,1.37253,-1.0,-1.0,-1
1.37253,1.372545,1.372525,1.372545,-1.0,-1.0,-1
1.372545,1.372545,1.37252,1.372535,-1.0,-1.0,-1
1.372535,1.37258,1.372515,1.372575,-1.0,-1.0,-1
1.372575,1.372585,1.37255,1.372555,-1.0,-1.0,-1
1.372555,1.372635,1.372545,1.37262,-1.0,-1.0,-1
1.37262,1.372625,1.37261,1.372625,-1.0,-1.0,-1
1.372625,1.372635,1.37261,1.372635,-1.0,-1.0,-1
1.372635,1.372635,1.372635,1.372635,-1.0,-1.0,-1
1.372635,1.372635,1.372635,1.372635,-1.0,-1.0,-1
1.372635,1.37264,1.3726,1.372605,-1.0,-1.0,-1
1.372605,1.37263,1.372605,1.372625,-1.0,-1.0,-1
1.372625,1.3727,1.372625,1.37268,-1.0,-1.0,-1
1.37268,1.37278,1.372675,1.372725,-1.0,-1.0,-1
1.372725,1.372725,1.372725,1.372725,-1.0,-1.0,-1
1.372725,1.37274,1.372645,1.372675,-1.0,-1.0,-1
1.372675,1.37273,1.372675,1.372715,-1.0,-1.0,-1
1.372715,1.372715,1.372655,1.372685,-1.0,-1.0,-1
1.372685,1.37269,1.37264,1.37264,-1.0,-1.0,-1
1.37264,1.37264,1.37263,1.372635,-1.0,-1.0,-1
1.372635,1.372635,1.3726,1.37262,-1.0,-1.0,-1
1.37262,1.37262,1.37244,1.372445,-1.0,-1.0,-1
1.372445,1.37245,1.37244,1.372445,-1.0,-1.0,-1
1.372445,1.372445,1.372435,1.372445,-1.0,-1.0,-1
1.372445,1.37245,1.37244,1.37245,-1.0,-1.0,-1
1.37245,1.372455,1.37244,1.37245,-1.0,-1.0,-1
1.37245,1.37247,1.372435,1.37244,-1.0,-1.0,-1
1.37244,1.37244,1.372385,1.3724,-1.0,-1.0,-1
1.3724,1.372405,1.37237,1.3724,-1.0,-1.0,-1
1.3724,1.372485,1.37239,1.37246,-1.0,-1.0,-1
1.37246,1.37254,1.37246,1.37253,-1.0,-1.0,-1
1.37253,1.372535,1.37251,1.37253,-1.0,-1.0,-1
1.37253,1.37253,1.37252,1.37253,-1.0,-1.0,-1
1.37253,1.372535,1.37247,1.372505,-1.0,-1.0,-1
1.372505,1.37254,1.372505,1.37251,-1.0,-1.0,-1
1.37251,1.372535,1.372495,1.372505,-1.0,-1.0,-1
1.372505,1.372525,1.37247,1.37247,-1.0,-1.0,-1
1.37247,1.37247,1.372405,1.372405,-1.0,-1.0,-1
1.372405,1.372405,1.372395,1.3724,-1.0,-1.0,-1
1.3724,1.372445,1.37238,1.372445,-1.0,-1.0,-1
1.372445,1.372445,1.372425,1.37243,-1.0,-1.0,-1
1.37243,1.372445,1.372425,1.372445,-1.0,-1.0,-1
1.372445,1.372495,1.372445,1.37249,-1.0,-1.0,-1
1.37249,1.37252,1.37249,1.37252,-1.0,-1.0,-1
1.37252,1.37254,1.37251,1.37254,-1.0,-1.0,-1
1.37254,1.372545,1.37253,1.372535,-1.0,-1.0,-1
1.372535,1.372535,1.37252,1.372525,-1.0,-1.0,-1
1.372525,1.372535,1.37252,1.372525,-1.0,-1.0,-1
1.372525,1.372535,1.37251,1.37251,-1.0,-1.0,-1
1.37251,1.37251,1.372475,1.372495,-1.0,-1.0,-1
1.372495,1.37254,1.372495,1.37253,-1.0,-1.0,-1
1.37253,1.372535,1.372435,1.37245,-1.0,-1.0,-1
1.37245,1.372455,1.37242,1.37242,-1.0,-1.0,-1
1.37242,1.37244,1.372385,1.37239,-1.0,-1.0,-1
1.37239,1.372445,1.37239,1.372445,-1.0,-1.0,-1
1.372445,1.372455,1.372445,1.372445,-1.0,-1.0,-1
1.372445,1.37246,1.37244,1.372445,-1.0,-1.0,-1
1.372445,1.372455,1.37244,1.37245,-1.0,-1.0,-1
1.37245,1.372455,1.372425,1.37243,-1.0,-1.0,-1
1.37243,1.37243,1.372425,1.37243,-1.0,-1.0,-1
1.37243,1.37243,1.37234,1.37235,-1.0,-1.0,-1
1.37235,1.372365,1.37234,1.372365,-1.0,-1.0,-1
1.372365,1.37245,1.372355,1.37245,-1.0,-1.0,-1
1.37245,1.372485,1.372445,1.372485,-1.0,-1.0,-1
1.372485,1.372505,1.372475,1.372505,-1.0,-1.0,-1
1.372505,1.37251,1.372455,1.372465,-1.0,-1.0,-1
1.372465,1.37248,1.372465,1.372475,-1.0,-1.0,-1
1.372475,1.37249,1.37246,1.37248,-1.0,-1.0,-1
1.37248,1.372495,1.372445,1.37245,-1.0,-1.0,-1
1.37245,1.372455,1.37238,1.372385,-1.0,-1.0,-1
1.372385,1.372395,1.37235,1.37236,-1.0,-1.0,-1
1.37236,1.372375,1.37234,1.372375,-1.0,-1.0,-1
1.372375,1.372375,1.37235,1.372355,-1.0,-1.0,-1
1.372355,1.372355,1.37234,1.372345,-1.0,-1.0,-1
1.372345,1.37243,1.37234,1.37243,-1.0,-1.0,-1
1.37243,1.37244,1.372405,1.372405,-1.0,-1.0,-1
1.372405,1.372415,1.37237,1.372415,-1.0,-1.0,-1
1.372415,1.37243,1.37241,1.372415,-1.0,-1.0,-1
1.372415,1.37242,1.372395,1.372405,-1.0,-1.0,-1
1.372405,1.37241,1.372395,1.372405,-1.0,-1.0,-1
1.372405,1.372405,1.372405,1.372405,-1.0,-1.0,-1
1.372405,1.372405,1.372385,1.37239,-1.0,-1.0,-1
1.37239,1.37244,1.372375,1.372375,-1.0,-1.0,-1
1.372375,1.372375,1.37234,1.37235,-1.0,-1.0,-1
1.37235,1.37235,1.372335,1.372335,-1.0,-1.0,-1
1.372335,1.372355,1.372335,1.372345,-1.0,-1.0,-1
1.372345,1.372345,1.372325,1.372335,-1.0,-1.0,-1
1.372335,1.372335,1.37225,1.372265,-1.0,-1.0,-1
1.372265,1.372275,1.37225,1.37225,-1.0,-1.0,-1
1.37225,1.372255,1.37225,1.37225,-1.0,-1.0,-1
1.37225,1.372255,1.37225,1.372255,-1.0,-1.0,-1
1.372255,1.372325,1.37225,1.372325,-1.0,-1.0,-1
1.372325,1.37241,1.372305,1.3724,-1.0,-1.0,-1
1.3724,1.37241,1.37236,1.372365,-1.0,-1.0,-1
1.372365,1.3724,1.372355,1.372385,-1.0,-1.0,-1
1.372385,1.3724,1.372365,1.37239,-1.0,-1.0,-1
1.37239,1.372395,1.372375,1.372375,-1.0,-1.0,-1
1.372375,1.372375,1.372335,1.372335,-1.0,-1.0,-1
1.372335,1.372345,1.37227,1.372315,-1.0,-1.0,-1
1.372315,1.37232,1.372285,1.372285,-1.0,-1.0,-1
1.372285,1.372295,1.37228,1.372295,-1.0,-1.0,-1
1.372295,1.372295,1.37227,1.372275,-1.0,-1.0,-1
1.372275,1.372345,1.37227,1.372345,-1.0,-1.0,-1
1.372345,1.372355,1.37234,1.372345,-1.0,-1.0,-1
1.372345,1.372355,1.37234,1.372355,-1.0,-1.0,-1
1.372355,1.372355,1.37234,1.372355,-1.0,-1.0,-1
1.372355,1.372385,1.37234,1.372365,-1.0,-1.0,-1
1.372365,1.3724,1.372335,1.3724,-1.0,-1.0,-1
1.3724,1.37241,1.37234,1.37236,-1.0,-1.0,-1
1.37236,1.372365,1.37235,1.372365,-1.0,-1.0,-1
1.372365,1.37237,1.37234,1.372345,-1.0,-1.0,-1
1.372345,1.372345,1.37227,1.372275,-1.0,-1.0,-1
1.372275,1.372335,1.37227,1.372335,-1.0,-1.0,-1
1.372335,1.37236,1.37233,1.372345,-1.0,-1.0,-1
1.372345,1.37237,1.37234,1.37237,-1.0,-1.0,-1
1.37237,1.37237,1.37234,1.372345,-1.0,-1.0,-1
1.372345,1.37236,1.37234,1.37236,-1.0,-1.0,-1
1.37236,1.372375,1.37234,1.372345,-1.0,-1.0,-1
1.372345,1.372505,1.372325,1.372505,-1.0,-1.0,-1
1.372505,1.372505,1.37248,1.3725,-1.0,-1.0,-1
1.3725,1.372595,1.37249,1.372545,-1.0,-1.0,-1
1.372545,1.372645,1.37253,1.372645,-1.0,-1.0,-1
1.372645,1.372645,1.372635,1.372635,-1.0,-1.0,-1
1.372635,1.37269,1.372635,1.37266,-1.0,-1.0,-1
1.37266,1.3727,1.37258,1.372695,-1.0,-1.0,-1
1.372695,1.3727,1.372695,1.372695,-1.0,-1.0,-1
1.372695,1.3727,1.372655,1.37269,-1.0,-1.0,-1
1.37269,1.37269,1.372675,1.372675,-1.0,-1.0,-1
1.372675,1.3727,1.372675,1.372685,-1.0,-1.0,-1
1.372685,1.3727,1.37268,1.372685,-1.0,-1.0,-1
1.372685,1.3727,1.372675,1.37268,-1.0,-1.0,-1
1.37268,1.37268,1.37262,1.372635,-1.0,-1.0,-1
1.372635,1.37266,1.37262,1.372625,-1.0,-1.0,-1
1.372625,1.372645,1.37262,1.372635,-1.0,-1.0,-1
1.372635,1.37264,1.372585,1.37262,-1.0,-1.0,-1
1.37262,1.372625,1.37261,1.37262,-1.0,-1.0,-1
1.37262,1.372625,1.372605,1.372615,-1.0,-1.0,-1
1.372615,1.372615,1.372545,1.372545,-1.0,-1.0,-1
1.372545,1.372575,1.37253,1.372545,-1.0,-1.0,-1
1.372545,1.372545,1.37252,1.372525,-1.0,-1.0,-1
1.372525,1.372575,1.37252,1.372545,-1.0,-1.0,-1
1.372545,1.372545,1.372525,1.372545,-1.0,-1.0,-1
1.372545,1.372545,1.37253,1.372545,-1.0,-1.0,-1
1.372545,1.372545,1.372545,1.372545,-1.0,-1.0,-1
1.372545,1.372545,1.37253,1.372535,-1.0,-1.0,-1
1.372535,1.372535,1.372475,1.372475,-1.0,-1.0,-1
1.372475,1.37258,1.37247,1.372575,-1.0,-1.0,-1
1.372575,1.372575,1.37253,1.372545,-1.0,-1.0,-1
1.372545,1.372545,1.372455,1.372455,-1.0,-1.0,-1
1.372455,1.37255,1.37245,1.372545,-1.0,-1.0,-1
1.372545,1.372625,1.372545,1.37262,-1.0,-1.0,-1
1.37262,1.37269,1.37262,1.37269,-1.0,-1.0,-1
1.37269,1.37269,1.37268,1.37268,-1.0,-1.0,-1
1.37268,1.37268,1.37267,1.37268,-1.0,-1.0,-1
1.37268,1.37269,1.372675,1.37268,-1.0,-1.0,-1
1.37268,1.37268,1.37267,1.372675,-1.0,-1.0,-1
1.372675,1.37276,1.372675,1.372755,-1.0,-1.0,-1
1.372755,1.3729,1.372755,1.37289,-1.0,-1.0,-1
1.37289,1.372895,1.372845,1.372845,-1.0,-1.0,-1
1.372845,1.37285,1.37284,1.37285,-1.0,-1.0,-1
1.37285,1.37285,1.372825,1.372825,-1.0,-1.0,-1
1.372825,1.372945,1.372805,1.37294,-1.0,-1.0,-1
1.37294,1.372945,1.37285,1.372855,-1.0,-1.0,-1
1.372855,1.372875,1.372825,1.37287,-1.0,-1.0,-1
1.37287,1.37287,1.37277,1.37277,-1.0,-1.0,-1
1.37277,1.37278,1.37276,1.37276,-1.0,-1.0,-1
1.37276,1.37283,1.37276,1.372825,-1.0,-1.0,-1
1.372825,1.372835,1.372825,1.37283,-1.0,-1.0,-1
1.37283,1.37284,1.37276,1.372765,-1.0,-1.0,-1
1.372765,1.372775,1.372765,1.372775,-1.0,-1.0,-1
1.372775,1.372815,1.37277,1.3728,-1.0,-1.0,-1
1.3728,1.37284,1.372795,1.37284,-1.0,-1.0,-1
1.37284,1.37284,1.372765,1.372775,-1.0,-1.0,-1
1.372775,1.372775,1.372765,1.37277,-1.0,-1.0,-1
1.37277,1.3728,1.37277,1.3728,-1.0,-1.0,-1
1.3728,1.372805,1.372775,1.37279,-1.0,-1.0,-1
1.37279,1.3728,1.372775,1.3728,-1.0,-1.0,-1
1.3728,1.372805,1.37276,1.37276,-1.0,-1.0,-1
1.37276,1.37278,1.37275,1.372775,-1.0,-1.0,-1
1.372775,1.372775,1.372695,1.372705,-1.0,-1.0,-1
1.372705,1.37271,1.37267,1.37267,-1.0,-1.0,-1
1.37267,1.37269,1.372655,1.37269,-1.0,-1.0,-1
1.37269,1.37273,1.372665,1.372665,-1.0,-1.0,-1
1.372665,1.372675,1.372665,1.37267,-1.0,-1.0,-1
1.37267,1.37267,1.37264,1.37266,-1.0,-1.0,-1
1.37266,1.372665,1.372655,1.37266,-1.0,-1.0,-1
1.37266,1.372665,1.37265,1.37265,-1.0,-1.0,-1
1.37265,1.372735,1.372645,1.37273,-1.0,-1.0,-1
1.37273,1.372755,1.3727,1.372705,-1.0,-1.0,-1
1.372705,1.37271,1.372695,1.3727,-1.0,-1.0,-1
1.3727,1.372735,1.372695,1.37272,-1.0,-1.0,-1
1.37272,1.37272,1.37271,1.37271,-1.0,-1.0,-1
1.37271,1.372735,1.37271,1.372715,-1.0,-1.0,-1
1.372715,1.372735,1.37271,1.37271,-1.0,-1.0,-1
1.37271,1.37275,1.37271,1.37274,-1.0,-1.0,-1
1.37274,1.37275,1.3727,1.372705,-1.0,-1.0,-1
1.372705,1.372705,1.372685,1.372695,-1.0,-1.0,-1
1.372695,1.37271,1.37269,1.3727,-1.0,-1.0,-1
1.3727,1.3727,1.37269,1.372695,-1.0,-1.0,-1
1.372695,1.372735,1.37269,1.372735,-1.0,-1.0,-1
1.372735,1.37275,1.372735,1.37274,-1.0,-1.0,-1
1.37274,1.37274,1.37274,1.37274,-1.0,-1.0,-1
1.37274,1.372765,1.37274,1.372765,-1.0,-1.0,-1
1.372765,1.372765,1.372755,1.372755,-1.0,-1.0,-1
1.372755,1.37276,1.372755,1.372755,-1.0,-1.0,-1
1.372755,1.37277,1.372755,1.37277,-1.0,-1.0,-1
1.37277,1.37277,1.372755,1.372755,-1.0,-1.0,-1
1.372755,1.372775,1.372755,1.37277,-1.0,-1.0,-1
1.37277,1.37277,1.372755,1.37276,-1.0,-1.0,-1
1.37276,1.37276,1.372755,1.372755,-1.0,-1.0,-1
1.372755,1.372755,1.372715,1.37272,-1.0,-1.0,-1
1.37272,1.372755,1.37272,1.372755,-1.0,-1.0,-1
1.372755,1.372755,1.37274,1.37275,-1.0,-1.0,-1
1.37275,1.37283,1.37275,1.372825,-1.0,-1.0,-1
1.372825,1.37283,1.372785,1.37279,-1.0,-1.0,-1
1.37279,1.37279,1.372755,1.372765,-1.0,-1.0,-1
1.372765,1.372845,1.372765,1.37284,-1.0,-1.0,-1
1.37284,1.372915,1.37284,1.372905,-1.0,-1.0,-1
1.372905,1.37291,1.372905,1.37291,-1.0,-1.0,-1
1.37291,1.372955,1.37291,1.372955,-1.0,-1.0,-1
1.372955,1.373005,1.37295,1.372995,-1.0,-1.0,-1
1.372995,1.372995,1.37295,1.37295,-1.0,-1.0,-1
1.37295,1.37295,1.37294,1.372945,-1.0,-1.0,-1
1.372945,1.372945,1.372915,1.372925,-1.0,-1.0,-1
1.372925,1.372965,1.372925,1.372965,-1.0,-1.0,-1
1.372965,1.37297,1.372945,1.372945,-1.0,-1.0,-1
1.372945,1.37295,1.372895,1.372895,-1.0,-1.0,-1
1.372895,1.37295,1.372895,1.37295,-1.0,-1.0,-1
1.37295,1.37296,1.37295,1.37295,-1.0,-1.0,-1
1.37295,1.37295,1.372885,1.37293,-1.0,-1.0,-1
1.37293,1.37296,1.37293,1.372945,-1.0,-1.0,-1
1.372945,1.37295,1.372915,1.372945,-1.0,-1.0,-1
1.372945,1.372945,1.37292,1.37292,-1.0,-1.0,-1
1.37292,1.372935,1.372865,1.37287,-1.0,-1.0,-1
1.37287,1.37287,1.372815,1.37282,-1.0,-1.0,-1
1.37282,1.37283,1.372805,1.372825,-1.0,-1.0,-1
1.372825,1.37284,1.37282,1.37284,-1.0,-1.0,-1
1.37284,1.37284,1.37281,1.37281,-1.0,-1.0,-1
1.37281,1.37282,1.37277,1.372815,-1.0,-1.0,-1
1.372815,1.372815,1.372715,1.372745,-1.0,-1.0,-1
1.372745,1.37275,1.372715,1.372715,-1.0,-1.0,-1
1.372715,1.37275,1.372715,1.37275,-1.0,-1.0,-1
1.37275,1.37276,1.37275,1.372755,-1.0,-1.0,-1
1.372755,1.372755,1.37275,1.37275,-1.0,-1.0,-1
1.37275,1.37275,1.37275,1.37275,-1.0,-1.0,-1
1.37275,1.372765,1.37275,1.372755,-1.0,-1.0,-1
1.372755,1.37276,1.372755,1.372755,-1.0,-1.0,-1
1.372755,1.372765,1.372755,1.37276,-1.0,-1.0,-1
1.37276,1.37279,1.37275,1.372785,-1.0,-1.0,-1
1.372785,1.37279,1.372775,1.372775,-1.0,-1.0,-1
1.372775,1.372785,1.372755,1.372765,-1.0,-1.0,-1
1.372765,1.372765,1.372755,1.372765,-1.0,-1.0,-1
1.372765,1.372775,1.37276,1.372765,-1.0,-1.0,-1
1.372765,1.37282,1.372765,1.37278,-1.0,-1.0,-1
1.37278,1.372795,1.372775,1.37279,-1.0,-1.0,-1
1.37279,1.37279,1.372755,1.372785,-1.0,-1.0,-1
1.372785,1.372845,1.372785,1.372825,-1.0,-1.0,-1
1.372825,1.37283,1.372825,1.372825,-1.0,-1.0,-1
1.372825,1.372845,1.372825,1.37284,-1.0,-1.0,-1
1.37284,1.37284,1.37283,1.37283,-1.0,-1.0,-1
1.37283,1.37284,1.372825,1.37284,-1.0,-1.0,-1
1.37284,1.37285,1.372835,1.37285,-1.0,-1.0,-1
1.37285,1.372865,1.372845,1.372855,-1.0,-1.0,-1
1.372855,1.37289,1.372855,1.372875,-1.0,-1.0,-1
1.372875,1.372925,1.37287,1.372885,-1.0,-1.0,-1
1.372885,1.3729,1.37286,1.37286,-1.0,-1.0,-1
1.37286,1.372875,1.37286,1.37286,-1.0,-1.0,-1
1.37286,1.37287,1.37285,1.372855,-1.0,-1.0,-1
1.372855,1.372875,1.372855,1.37287,-1.0,-1.0,-1
1.37287,1.372875,1.372855,1.37286,-1.0,-1.0,-1
1.37286,1.37287,1.372825,1.37283,-1.0,-1.0,-1
1.37283,1.372845,1.372785,1.37279,-1.0,-1.0,-1
1.37279,1.372815,1.372785,1.3728,-1.0,-1.0,-1
1.3728,1.372805,1.372755,1.372755,-1.0,-1.0,-1
1.372755,1.37276,1.372735,1.372735,-1.0,-1.0,-1
1.372735,1.372765,1.37273,1.37276,-1.0,-1.0,-1
1.37276,1.37276,1.372735,1.372735,-1.0,-1.0,-1
1.372735,1.372755,1.372735,1.372755,-1.0,-1.0,-1
1.372755,1.372805,1.37275,1.372785,-1.0,-1.0,-1
1.372785,1.37279,1.37275,1.37275,-1.0,-1.0,-1
1.37275,1.37276,1.37275,1.372755,-1.0,-1.0,-1
1.372755,1.37282,1.372755,1.37282,-1.0,-1.0,-1
1.37282,1.372855,1.37282,1.37285,-1.0,-1.0,-1
1.37285,1.372865,1.372845,1.372845,-1.0,-1.0,-1
1.372845,1.37287,1.372845,1.372845,-1.0,-1.0,-1
1.372845,1.372845,1.372845,1.372845,-1.0,-1.0,-1
1.372845,1.37287,1.372845,1.372865,-1.0,-1.0,-1
1.372865,1.372875,1.372855,1.372865,-1.0,-1.0,-1
1.372865,1.37287,1.372855,1.37286,-1.0,-1.0,-1
