date,open,high,low,close,volume,average,barCount
2017-08-03,1.256825,1.261865,1.255275,1.25873,-1.0,-1.0,-1
2017-08-04,1.258275,1.26679,1.255645,1.2653,-1.0,-1.0,-1
2017-08-07,1.265725,1.271505,1.26301,1.268055,-1.0,-1.0,-1
2017-08-08,1.267755,1.270625,1.26509,1.266675,-1.0,-1.0,-1
2017-08-09,1.26675,1.272165,1.266475,1.269865,-1.0,-1.0,-1
2017-08-10,1.269845,1.27455,1.267295,1.27443,-1.0,-1.0,-1
2017-08-11,1.273925,1.2753,1.26531,1.26795,-1.0,-1.0,-1
2017-08-14,1.26725,1.273085,1.267145,1.272275,-1.0,-1.0,-1
2017-08-15,1.27215,1.277845,1.2719,1.275735,-1.0,-1.0,-1
2017-08-16,1.2756,1.27706,1.26141,1.261865,-1.0,-1.0,-1
2017-08-17,1.261305,1.268395,1.25886,1.268145,-1.0,-1.0,-1
2017-08-18,1.267725,1.269135,1.255725,1.25865,-1.0,-1.0,-1
2017-08-21,1.256645,1.26072,1.255375,1.255815,-1.0,-1.0,-1
2017-08-22,1.255895,1.25953,1.252605,1.25628,-1.0,-1.0,-1
2017-08-23,1.256555,1.25985,1.25413,1.25517,-1.0,-1.0,-1
2017-08-24,1.25495,1.25612,1.251465,1.25195,-1.0,-1.0,-1
2017-08-25,1.252055,1.253985,1.246585,1.248115,-1.0,-1.0,-1
2017-08-28,1.247795,1.251035,1.244445,1.25078,-1.0,-1.0,-1
2017-08-29,1.25097,1.25503,1.244115,1.2512,-1.0,-1.0,-1
2017-08-30,1.25185,1.263735,1.250075,1.26211,-1.0,-1.0,-1
2017-08-31,1.262055,1.26633,1.247665,1.248145,-1.0,-1.0,-1
2017-09-01,1.248535,1.24918,1.23401,1.23969,-1.0,-1.0,-1
2017-09-04,1.241525,1.24266,1.23756,1.241685,-1.0,-1.0,-1
2017-09-05,1.24131,1.24178,1.233595,1.237515,-1.0,-1.0,-1
2017-09-06,1.23806,1.241505,1.213905,1.22254,-1.0,-1.0,-1
2017-09-07,1.222405,1.22414,1.211055,1.21163,-1.0,-1.0,-1
2017-09-08,1.212135,1.21656,1.20616,1.215995,-1.0,-1.0,-1
2017-09-11,1.21511,1.217065,1.20979,1.211065,-1.0,-1.0,-1
2017-09-12,1.211855,1.218975,1.208245,1.21862,-1.0,-1.0,-1
2017-09-13,1.21861,1.221985,1.213085,1.217275,-1.0,-1.0,-1
2017-09-14,1.21764,1.22397,1.215725,1.21645,-1.0,-1.0,-1
2017-09-15,1.2171,1.22187,1.21213,1.220005,-1.0,-1.0,-1
2017-09-18,1.2192,1.2338,1.217165,1.22916,-1.0,-1.0,-1
2017-09-19,1.22954,1.230895,1.225515,1.22919,-1.0,-1.0,-1
2017-09-20,1.228425,1.239065,1.21964,1.232375,-1.0,-1.0,-1
2017-09-21,1.23339,1.236805,1.232095,1.23267,-1.0,-1.0,-1
2017-09-22,1.23228,1.235135,1.225515,1.233845,-1.0,-1.0,-1
2017-09-25,1.233625,1.23851,1.231305,1.23717,-1.0,-1.0,-1
2017-09-26,1.23705,1.241335,1.233035,1.234935,-1.0,-1.0,-1
2017-09-27,1.23496,1.24827,1.23362,1.247695,-1.0,-1.0,-1
2017-09-28,1.247585,1.25195,1.24165,1.242845,-1.0,-1.0,-1
2017-09-29,1.242615,1.25326,1.24169,1.247,-1.0,-1.0,-1
2017-10-02,1.247525,1.252445,1.246825,1.25087,-1.0,-1.0,-1
2017-10-03,1.250835,1.25387,1.248075,1.2487,-1.0,-1.0,-1
2017-10-04,1.248895,1.24991,1.24487,1.247485,-1.0,-1.0,-1
2017-10-05,1.247585,1.258485,1.246215,1.256475,-1.0,-1.0,-1
2017-10-06,1.256485,1.259965,1.252565,1.253355,-1.0,-1.0,-1
2017-10-09,1.253,1.255875,1.252605,1.255075,-1.0,-1.0,-1
2017-10-10,1.25515,1.25554,1.24836,1.251535,-1.0,-1.0,-1
2017-10-11,1.251575,1.253075,1.24529,1.246085,-1.0,-1.0,-1
2017-10-12,1.245815,1.249115,1.243315,1.24747,-1.0,-1.0,-1
2017-10-13,1.24791,1.251985,1.24523,1.24674,-1.0,-1.0,-1
2017-10-16,1.247795,1.255825,1.24699,1.25182,-1.0,-1.0,-1
2017-10-17,1.251935,1.25909,1.25133,1.25219,-1.0,-1.0,-1
2017-10-18,1.252405,1.25339,1.245835,1.24667,-1.0,-1.0,-1
2017-10-19,1.246545,1.249445,1.24509,1.24849,-1.0,-1.0,-1
2017-10-20,1.248645,1.263075,1.24769,1.26261,-1.0,-1.0,-1
2017-10-23,1.2622,1.266045,1.26137,1.264785,-1.0,-1.0,-1
2017-10-24,1.26477,1.2693,1.262215,1.267525,-1.0,-1.0,-1
2017-10-25,1.26764,1.281685,1.263495,1.279575,-1.0,-1.0,-1
2017-10-26,1.2796,1.285785,1.27813,1.284715,-1.0,-1.0,-1
2017-10-27,1.284785,1.29168,1.280795,1.28096,-1.0,-1.0,-1
2017-10-30,1.2821,1.286115,1.28121,1.28322,-1.0,-1.0,-1
2017-10-31,1.282775,1.291485,1.28232,1.288845,-1.0,-1.0,-1
2017-11-01,1.289045,1.291035,1.28545,1.28654,-1.0,-1.0,-1
2017-11-02,1.286285,1.287585,1.279905,1.280875,-1.0,-1.0,-1
2017-11-03,1.281105,1.283565,1.271535,1.276405,-1.0,-1.0,-1
2017-11-06,1.27651,1.27828,1.27032,1.27044,-1.0,-1.0,-1
2017-11-07,1.27078,1.281975,1.270655,1.277675,-1.0,-1.0,-1
2017-11-08,1.277695,1.27773,1.271545,1.272785,-1.0,-1.0,-1
2017-11-09,1.272275,1.27408,1.266795,1.268205,-1.0,-1.0,-1
2017-11-10,1.26824,1.269605,1.266625,1.268255,-1.0,-1.0,-1
2017-11-13,1.26857,1.274175,1.26782,1.273325,-1.0,-1.0,-1
2017-11-14,1.27358,1.27735,1.270105,1.27317,-1.0,-1.0,-1
2017-11-15,1.273215,1.27896,1.27133,1.2764,-1.0,-1.0,-1
2017-11-16,1.27752,1.278385,1.27285,1.275655,-1.0,-1.0,-1
2017-11-17,1.275585,1.282385,1.271375,1.27616,-1.0,-1.0,-1
2017-11-20,1.27696,1.28207,1.275485,1.28201,-1.0,-1.0,-1
2017-11-21,1.28173,1.283675,1.274885,1.27782,-1.0,-1.0,-1
2017-11-22,1.27812,1.27884,1.26939,1.269695,-1.0,-1.0,-1
2017-11-23,1.2703,1.27295,1.267275,1.27149,-1.0,-1.0,-1
2017-11-24,1.271095,1.27476,1.26936,1.27089,-1.0,-1.0,-1
2017-11-27,1.270725,1.277105,1.268035,1.276895,-1.0,-1.0,-1
2017-11-28,1.276815,1.282485,1.27547,1.281555,-1.0,-1.0,-1
2017-11-29,1.281815,1.287495,1.280505,1.286495,-1.0,-1.0,-1
2017-11-30,1.286465,1.290945,1.28506,1.28973,-1.0,-1.0,-1
2017-12-01,1.28974,1.29021,1.268305,1.268675,-1.0,-1.0,-1
2017-12-04,1.26994,1.272725,1.26565,1.267345,-1.0,-1.0,-1
2017-12-05,1.267865,1.2705,1.26236,1.26895,-1.0,-1.0,-1
2017-12-06,1.268905,1.280775,1.26533,1.27886,-1.0,-1.0,-1
2017-12-07,1.27895,1.28683,1.27862,1.2854,-1.0,-1.0,-1
2017-12-08,1.285365,1.288,1.280505,1.284955,-1.0,-1.0,-1
2017-12-11,1.28547,1.28689,1.283085,1.28563,-1.0,-1.0,-1
2017-12-12,1.285645,1.289255,1.28134,1.286795,-1.0,-1.0,-1
2017-12-13,1.287025,1.288045,1.2792,1.28173,-1.0,-1.0,-1
2017-12-14,1.28145,1.286605,1.271395,1.279625,-1.0,-1.0,-1
2017-12-15,1.279405,1.289475,1.273945,1.2867,-1.0,-1.0,-1
2017-12-18,1.28731,1.288155,1.28425,1.28634,-1.0,-1.0,-1
2017-12-19,1.28663,1.29206,1.28506,1.287715,-1.0,-1.0,-1
2017-12-20,1.28774,1.28806,1.281885,1.28346,-1.0,-1.0,-1
2017-12-21,1.283505,1.283925,1.269975,1.274095,-1.0,-1.0,-1
2017-12-22,1.273955,1.279645,1.2698,1.272465,-1.0,-1.0,-1
2017-12-26,1.271655,1.272845,1.26852,1.26873,-1.0,-1.0,-1
2017-12-27,1.268565,1.269575,1.262755,1.26556,-1.0,-1.0,-1
2017-12-28,1.26504,1.266095,1.256635,1.25687,-1.0,-1.0,-1
2017-12-29,1.25703,1.2574,1.251505,1.257275,-1.0,-1.0,-1
2018-01-02,1.255685,1.2557,1.25003,1.251175,-1.0,-1.0,-1
2018-01-03,1.25152,1.2554,1.249925,1.253675,-1.0,-1.0,-1
2018-01-04,1.253745,1.25555,1.24846,1.248845,-1.0,-1.0,-1
2018-01-05,1.24861,1.251365,1.23553,1.24134,-1.0,-1.0,-1
2018-01-08,1.241075,1.244995,1.23784,1.242065,-1.0,-1.0,-1
2018-01-09,1.24215,1.247795,1.239805,1.246435,-1.0,-1.0,-1
2018-01-10,1.24609,1.258355,1.24276,1.25465,-1.0,-1.0,-1
2018-01-11,1.254805,1.259025,1.25155,1.251965,-1.0,-1.0,-1
2018-01-12,1.25186,1.255645,1.24577,1.245925,-1.0,-1.0,-1
2018-01-15,1.24663,1.24718,1.24027,1.242945,-1.0,-1.0,-1
2018-01-16,1.24283,1.245265,1.239715,1.24354,-1.0,-1.0,-1
2018-01-17,1.2433,1.25375,1.23655,1.243815,-1.0,-1.0,-1
2018-01-18,1.2437,1.24873,1.24143,1.241795,-1.0,-1.0,-1
2018-01-19,1.241695,1.25084,1.24002,1.24935,-1.0,-1.0,-1
2018-01-22,1.247895,1.24971,1.243505,1.24439,-1.0,-1.0,-1
2018-01-23,1.244605,1.24915,1.24189,1.24192,-1.0,-1.0,-1
2018-01-24,1.242095,1.24276,1.231645,1.23489,-1.0,-1.0,-1
2018-01-25,1.234045,1.23915,1.228245,1.23776,-1.0,-1.0,-1
2018-01-26,1.237755,1.239105,1.22934,1.232095,-1.0,-1.0,-1
2018-01-29,1.2321,1.23617,1.23107,1.23395,-1.0,-1.0,-1
2018-01-30,1.23382,1.237925,1.230995,1.23359,-1.0,-1.0,-1
2018-01-31,1.2336,1.234865,1.22499,1.231465,-1.0,-1.0,-1
2018-02-01,1.23124,1.23317,1.22577,1.226785,-1.0,-1.0,-1
2018-02-02,1.22672,1.243775,1.225595,1.24277,-1.0,-1.0,-1
2018-02-05,1.243905,1.254375,1.239785,1.253835,-1.0,-1.0,-1
2018-02-06,1.252825,1.2568,1.249105,1.249105,-1.0,-1.0,-1
2018-02-07,1.250365,1.25777,1.249435,1.256785,-1.0,-1.0,-1
2018-02-08,1.256745,1.261475,1.254665,1.260265,-1.0,-1.0,-1
2018-02-09,1.2599,1.268705,1.256065,1.258095,-1.0,-1.0,-1
2018-02-12,1.259065,1.262295,1.255595,1.25778,-1.0,-1.0,-1
2018-02-13,1.25861,1.262495,1.256655,1.259205,-1.0,-1.0,-1
2018-02-14,1.258775,1.26495,1.249165,1.24941,-1.0,-1.0,-1
2018-02-15,1.249315,1.253765,1.24657,1.24806,-1.0,-1.0,-1
2018-02-16,1.2486,1.256805,1.24506,1.25556,-1.0,-1.0,-1
2018-02-19,1.25602,1.259265,1.252805,1.256375,-1.0,-1.0,-1
2018-02-20,1.25627,1.264865,1.25574,1.264795,-1.0,-1.0,-1
2018-02-21,1.26442,1.270315,1.262565,1.270255,-1.0,-1.0,-1
2018-02-22,1.269655,1.27584,1.267175,1.27055,-1.0,-1.0,-1
2018-02-23,1.270255,1.272585,1.260995,1.263315,-1.0,-1.0,-1
2018-02-26,1.26427,1.27117,1.261515,1.268045,-1.0,-1.0,-1
2018-02-27,1.26783,1.277775,1.26682,1.277575,-1.0,-1.0,-1
2018-02-28,1.27724,1.284195,1.276185,1.283195,-1.0,-1.0,-1
2018-03-01,1.283035,1.28956,1.280895,1.28374,-1.0,-1.0,-1
2018-03-02,1.28327,1.29159,1.282005,1.288495,-1.0,-1.0,-1
2018-03-05,1.288755,1.30012,1.287155,1.29646,-1.0,-1.0,-1
2018-03-06,1.296965,1.2995,1.286235,1.28759,-1.0,-1.0,-1
2018-03-07,1.287975,1.30011,1.28768,1.291125,-1.0,-1.0,-1
2018-03-08,1.29085,1.29613,1.286755,1.289705,-1.0,-1.0,-1
2018-03-09,1.289485,1.290905,1.281015,1.28114,-1.0,-1.0,-1
2018-03-12,1.28125,1.28454,1.28036,1.284195,-1.0,-1.0,-1
2018-03-13,1.28423,1.298455,1.283035,1.296595,-1.0,-1.0,-1
2018-03-14,1.29497,1.297615,1.29213,1.295485,-1.0,-1.0,-1
2018-03-15,1.29522,1.306745,1.294585,1.305285,-1.0,-1.0,-1
2018-03-16,1.30518,1.309885,1.304605,1.30966,-1.0,-1.0,-1
2018-03-19,1.30925,1.31247,1.304695,1.30785,-1.0,-1.0,-1
2018-03-20,1.30734,1.310335,1.30531,1.307125,-1.0,-1.0,-1
2018-03-21,1.307305,1.30773,1.289025,1.290305,-1.0,-1.0,-1
2018-03-22,1.290135,1.2949,1.282975,1.29387,-1.0,-1.0,-1
2018-03-23,1.293515,1.2939,1.282425,1.2897,-1.0,-1.0,-1
2018-03-26,1.288905,1.292235,1.28401,1.28441,-1.0,-1.0,-1
2018-03-27,1.285385,1.290295,1.281505,1.28854,-1.0,-1.0,-1
2018-03-28,1.28801,1.293375,1.28634,1.29229,-1.0,-1.0,-1
2018-03-29,1.292215,1.294095,1.286115,1.28835,-1.0,-1.0,-1
2018-03-30,1.28859,1.290155,1.286125,1.29007,-1.0,-1.0,-1
2018-04-02,1.28891,1.294375,1.28629,1.2913,-1.0,-1.0,-1
2018-04-03,1.29147,1.29238,1.278135,1.28075,-1.0,-1.0,-1
2018-04-04,1.28045,1.284785,1.275765,1.277015,-1.0,-1.0,-1
2018-04-05,1.27695,1.28067,1.274525,1.274955,-1.0,-1.0,-1
2018-04-06,1.27496,1.27958,1.27334,1.278215,-1.0,-1.0,-1
2018-04-09,1.2769,1.28192,1.26881,1.26975,-1.0,-1.0,-1
2018-04-10,1.270105,1.2709,1.25884,1.26028,-1.0,-1.0,-1
2018-04-11,1.25991,1.26236,1.254435,1.258085,-1.0,-1.0,-1
2018-04-12,1.25779,1.262275,1.256185,1.258815,-1.0,-1.0,-1
2018-04-13,1.25882,1.261765,1.25523,1.260835,-1.0,-1.0,-1
2018-04-16,1.260175,1.262345,1.256365,1.256605,-1.0,-1.0,-1
2018-04-17,1.25668,1.25797,1.25276,1.25512,-1.0,-1.0,-1
2018-04-18,1.25515,1.265965,1.25488,1.263035,-1.0,-1.0,-1
2018-04-19,1.262845,1.26763,1.258585,1.26718,-1.0,-1.0,-1
2018-04-20,1.26705,1.276695,1.263305,1.276235,-1.0,-1.0,-1
2018-04-23,1.27636,1.285805,1.27507,1.284875,-1.0,-1.0,-1
2018-04-24,1.28434,1.286145,1.281265,1.283325,-1.0,-1.0,-1
2018-04-25,1.282795,1.289785,1.282095,1.28449,-1.0,-1.0,-1
2018-04-26,1.28438,1.28857,1.28214,1.28707,-1.0,-1.0,-1
2018-04-27,1.28727,1.29006,1.282635,1.282825,-1.0,-1.0,-1
2018-04-30,1.28376,1.287485,1.28055,1.28428,-1.0,-1.0,-1
2018-05-01,1.28406,1.2914,1.282065,1.284895,-1.0,-1.0,-1
2018-05-02,1.28484,1.28879,1.280325,1.288315,-1.0,-1.0,-1
2018-05-03,1.287725,1.290885,1.281665,1.28467,-1.0,-1.0,-1
2018-05-04,1.284865,1.29178,1.283645,1.284735,-1.0,-1.0,-1
2018-05-07,1.28493,1.28997,1.283985,1.288135,-1.0,-1.0,-1
2018-05-08,1.28856,1.29977,1.28763,1.29487,-1.0,-1.0,-1
2018-05-09,1.29487,1.297495,1.282545,1.28538,-1.0,-1.0,-1
2018-05-10,1.28543,1.285865,1.274295,1.27673,-1.0,-1.0,-1
2018-05-11,1.2766,1.280065,1.27296,1.27965,-1.0,-1.0,-1
2018-05-14,1.27853,1.281305,1.27504,1.28122,-1.0,-1.0,-1
2018-05-15,1.28033,1.29246,1.27923,1.287625,-1.0,-1.0,-1
2018-05-16,1.287335,1.287715,1.27779,1.279025,-1.0,-1.0,-1
2018-05-17,1.278815,1.28225,1.27496,1.280725,-1.0,-1.0,-1
2018-05-18,1.2806,1.29112,1.279125,1.28846,-1.0,-1.0,-1
2018-05-21,1.28771,1.28908,1.27822,1.278925,-1.0,-1.0,-1
2018-05-22,1.278695,1.28227,1.274285,1.281815,-1.0,-1.0,-1
2018-05-23,1.28205,1.29156,1.28123,1.283715,-1.0,-1.0,-1
2018-05-24,1.28397,1.292085,1.28292,1.2882,-1.0,-1.0,-1
2018-05-25,1.287835,1.29886,1.28772,1.298055,-1.0,-1.0,-1
2018-05-28,1.296475,1.302225,1.29604,1.299425,-1.0,-1.0,-1
2018-05-29,1.30006,1.304715,1.296885,1.30172,-1.0,-1.0,-1
2018-05-30,1.301955,1.30404,1.283625,1.2874,-1.0,-1.0,-1
2018-05-31,1.28779,1.29908,1.28185,1.295735,-1.0,-1.0,-1
2018-06-01,1.29573,1.300805,1.293145,1.295155,-1.0,-1.0,-1
2018-06-04,1.295695,1.296485,1.290025,1.293085,-1.0,-1.0,-1
2018-06-05,1.293335,1.306715,1.291445,1.297045,-1.0,-1.0,-1
2018-06-06,1.29715,1.297435,1.28573,1.29435,-1.0,-1.0,-1
2018-06-07,1.294605,1.300155,1.29357,1.29721,-1.0,-1.0,-1
2018-06-08,1.297605,1.304125,1.292155,1.29282,-1.0,-1.0,-1
2018-06-11,1.298895,1.30276,1.29555,1.29783,-1.0,-1.0,-1
2018-06-12,1.29862,1.302985,1.29796,1.301505,-1.0,-1.0,-1
2018-06-13,1.301365,1.30519,1.295555,1.29861,-1.0,-1.0,-1
2018-06-14,1.298425,1.310965,1.29496,1.310525,-1.0,-1.0,-1
2018-06-15,1.310925,1.321235,1.31008,1.31848,-1.0,-1.0,-1
2018-06-18,1.319115,1.32374,1.31596,1.32021,-1.0,-1.0,-1
2018-06-19,1.320055,1.329185,1.319645,1.328605,-1.0,-1.0,-1
2018-06-20,1.328755,1.33215,1.326915,1.331105,-1.0,-1.0,-1
2018-06-21,1.330855,1.33355,1.32835,1.3316,-1.0,-1.0,-1
2018-06-22,1.331605,1.338265,1.32604,1.32666,-1.0,-1.0,-1
2018-06-25,1.327175,1.33249,1.326725,1.3297,-1.0,-1.0,-1
2018-06-26,1.3296,1.332945,1.328115,1.330885,-1.0,-1.0,-1
2018-06-27,1.33008,1.338645,1.327725,1.334105,-1.0,-1.0,-1
2018-06-28,1.33333,1.33516,1.324175,1.325025,-1.0,-1.0,-1
2018-06-29,1.325175,1.326955,1.31307,1.313565,-1.0,-1.0,-1
2018-07-02,1.315775,1.32253,1.31399,1.318585,-1.0,-1.0,-1
2018-07-03,1.31855,1.32083,1.31326,1.313995,-1.0,-1.0,-1
2018-07-04,1.31466,1.316195,1.311205,1.31434,-1.0,-1.0,-1
2018-07-05,1.31424,1.31606,1.311555,1.313295,-1.0,-1.0,-1
2018-07-06,1.313395,1.315075,1.307685,1.308785,-1.0,-1.0,-1
2018-07-09,1.30935,1.3123,1.30662,1.31065,-1.0,-1.0,-1
2018-07-10,1.311375,1.314635,1.310115,1.311425,-1.0,-1.0,-1
2018-07-11,1.312405,1.321515,1.30651,1.3208,-1.0,-1.0,-1
2018-07-12,1.3211,1.32189,1.314975,1.315455,-1.0,-1.0,-1
2018-07-13,1.31571,1.320895,1.31504,1.316065,-1.0,-1.0,-1
2018-07-16,1.31634,1.31641,1.31097,1.31359,-1.0,-1.0,-1
2018-07-17,1.313815,1.32193,1.311105,1.319105,-1.0,-1.0,-1
2018-07-18,1.319515,1.325985,1.31621,1.31702,-1.0,-1.0,-1
2018-07-19,1.316935,1.328975,1.316015,1.32725,-1.0,-1.0,-1
2018-07-20,1.326875,1.32899,1.311455,1.314385,-1.0,-1.0,-1
2018-07-23,1.31364,1.31798,1.311465,1.317195,-1.0,-1.0,-1
2018-07-24,1.31722,1.31915,1.313585,1.315455,-1.0,-1.0,-1
2018-07-25,1.315465,1.316625,1.30251,1.304635,-1.0,-1.0,-1
2018-07-26,1.30452,1.30933,1.302515,1.307195,-1.0,-1.0,-1
2018-07-27,1.307495,1.30794,1.304075,1.3061,-1.0,-1.0,-1
2018-07-30,1.30575,1.307895,1.29946,1.303605,-1.0,-1.0,-1
2018-07-31,1.30346,1.309655,1.2982,1.300675,-1.0,-1.0,-1
2018-08-01,1.30117,1.30328,1.29754,1.30037,-1.0,-1.0,-1
2018-08-02,1.3005,1.303975,1.29939,1.302265,-1.0,-1.0,-1
2018-08-03,1.30229,1.303945,1.29682,1.29916,-1.0,-1.0,-1
2018-08-06,1.29945,1.30398,1.298765,1.30036,-1.0,-1.0,-1
2018-08-07,1.30049,1.30756,1.296235,1.30532,-1.0,-1.0,-1
2018-08-08,1.3059,1.312025,1.300675,1.30222,-1.0,-1.0,-1
2018-08-09,1.30204,1.30644,1.30005,1.30506,-1.0,-1.0,-1
2018-08-10,1.304635,1.315365,1.30406,1.314165,-1.0,-1.0,-1
2018-08-13,1.316315,1.317105,1.310385,1.313365,-1.0,-1.0,-1
2018-08-14,1.31302,1.31367,1.30571,1.30585,-1.0,-1.0,-1
2018-08-15,1.306415,1.317475,1.30506,1.314165,-1.0,-1.0,-1
2018-08-16,1.31413,1.317475,1.3114,1.315645,-1.0,-1.0,-1
2018-08-17,1.315545,1.316975,1.30521,1.306105,-1.0,-1.0,-1
2018-08-20,1.306255,1.309295,1.304005,1.304455,-1.0,-1.0,-1
2018-08-21,1.304175,1.305775,1.301395,1.303885,-1.0,-1.0,-1
2018-08-22,1.304095,1.304405,1.29869,1.29981,-1.0,-1.0,-1
2018-08-23,1.299415,1.30993,1.29928,1.308175,-1.0,-1.0,-1
2018-08-24,1.30776,1.31035,1.301135,1.30275,-1.0,-1.0,-1
2018-08-27,1.30219,1.30675,1.295365,1.296715,-1.0,-1.0,-1
2018-08-28,1.296275,1.298285,1.288705,1.29327,-1.0,-1.0,-1
2018-08-29,1.29308,1.29631,1.290325,1.29077,-1.0,-1.0,-1
2018-08-30,1.29098,1.30005,1.290345,1.29834,-1.0,-1.0,-1
2018-08-31,1.297925,1.308865,1.29745,1.304405,-1.0,-1.0,-1
2018-09-03,1.307365,1.31031,1.304485,1.309425,-1.0,-1.0,-1
2018-09-04,1.30953,1.32081,1.30896,1.318835,-1.0,-1.0,-1
2018-09-05,1.31825,1.32065,1.316005,1.317775,-1.0,-1.0,-1
2018-09-06,1.31755,1.32266,1.31283,1.31428,-1.0,-1.0,-1
2018-09-07,1.314075,1.319075,1.311055,1.31609,-1.0,-1.0,-1
2018-09-10,1.31688,1.319825,1.315155,1.31634,-1.0,-1.0,-1
2018-09-11,1.31586,1.31748,1.304245,1.306705,-1.0,-1.0,-1
2018-09-12,1.306095,1.30785,1.298075,1.299855,-1.0,-1.0,-1
2018-09-13,1.29989,1.302595,1.29762,1.29986,-1.0,-1.0,-1
2018-09-14,1.299795,1.30545,1.298315,1.30355,-1.0,-1.0,-1
2018-09-17,1.30378,1.30488,1.300305,1.30428,-1.0,-1.0,-1
2018-09-18,1.303645,1.306475,1.297175,1.29738,-1.0,-1.0,-1
2018-09-19,1.298345,1.30163,1.290025,1.29266,-1.0,-1.0,-1
2018-09-20,1.2923,1.293365,1.288465,1.29042,-1.0,-1.0,-1
2018-09-21,1.290775,1.29434,1.28859,1.291735,-1.0,-1.0,-1
2018-09-24,1.292775,1.295625,1.290915,1.295545,-1.0,-1.0,-1
2018-09-25,1.295195,1.297285,1.2936,1.29536,-1.0,-1.0,-1
2018-09-26,1.295305,1.302575,1.294485,1.301835,-1.0,-1.0,-1
2018-09-27,1.30193,1.308205,1.30161,1.3043,-1.0,-1.0,-1
2018-09-28,1.303965,1.30495,1.29062,1.290935,-1.0,-1.0,-1
2018-10-01,1.286085,1.288795,1.27824,1.28144,-1.0,-1.0,-1
2018-10-02,1.28131,1.284115,1.27997,1.282325,-1.0,-1.0,-1
2018-10-03,1.28225,1.288335,1.280745,1.28683,-1.0,-1.0,-1
2018-10-04,1.287555,1.293785,1.28571,1.29247,-1.0,-1.0,-1
2018-10-05,1.29204,1.29553,1.288905,1.2938,-1.0,-1.0,-1
2018-10-08,1.294745,1.301045,1.293575,1.296185,-1.0,-1.0,-1
2018-10-09,1.2958,1.300385,1.293605,1.294805,-1.0,-1.0,-1
2018-10-10,1.29486,1.306965,1.292685,1.306675,-1.0,-1.0,-1
2018-10-11,1.30545,1.307185,1.301515,1.303435,-1.0,-1.0,-1
2018-10-12,1.303245,1.305265,1.300265,1.302355,-1.0,-1.0,-1
2018-10-15,1.30203,1.305145,1.295525,1.299005,-1.0,-1.0,-1
2018-10-16,1.29918,1.29991,1.291645,1.293445,-1.0,-1.0,-1
2018-10-17,1.29386,1.30262,1.29327,1.30211,-1.0,-1.0,-1
2018-10-18,1.302095,1.308875,1.301905,1.308485,-1.0,-1.0,-1
2018-10-19,1.308325,1.313245,1.30278,1.31049,-1.0,-1.0,-1
2018-10-22,1.30969,1.31264,1.307945,1.31006,-1.0,-1.0,-1
2018-10-23,1.31005,1.312265,1.307615,1.308415,-1.0,-1.0,-1
2018-10-24,1.308355,1.310045,1.29691,1.3057,-1.0,-1.0,-1
2018-10-25,1.305195,1.309845,1.30153,1.30738,-1.0,-1.0,-1
2018-10-26,1.30734,1.315985,1.3069,1.310455,-1.0,-1.0,-1
2018-10-29,1.309455,1.31493,1.308255,1.313425,-1.0,-1.0,-1
2018-10-30,1.31325,1.31474,1.310075,1.311085,-1.0,-1.0,-1
2018-10-31,1.311055,1.317025,1.31075,1.315705,-1.0,-1.0,-1
2018-11-01,1.3161,1.316895,1.30689,1.3086,-1.0,-1.0,-1
2018-11-02,1.308595,1.31193,1.304875,1.31092,-1.0,-1.0,-1
2018-11-05,1.3092,1.3116,1.307105,1.31104,-1.0,-1.0,-1
2018-11-06,1.311125,1.314465,1.310475,1.31247,-1.0,-1.0,-1
2018-11-07,1.312125,1.315895,1.30562,1.311275,-1.0,-1.0,-1
2018-11-08,1.31155,1.318345,1.308775,1.315485,-1.0,-1.0,-1
2018-11-09,1.31523,1.32335,1.314055,1.32107,-1.0,-1.0,-1
2018-11-12,1.320475,1.324955,1.31829,1.3247,-1.0,-1.0,-1
2018-11-13,1.324525,1.326365,1.321535,1.32363,-1.0,-1.0,-1
2018-11-14,1.3238,1.326405,1.320775,1.324195,-1.0,-1.0,-1
2018-11-15,1.324085,1.324955,1.315615,1.31777,-1.0,-1.0,-1
2018-11-16,1.318075,1.318675,1.312715,1.31468,-1.0,-1.0,-1
2018-11-19,1.315845,1.320215,1.31417,1.317065,-1.0,-1.0,-1
2018-11-20,1.3172,1.33182,1.315555,1.33065,-1.0,-1.0,-1
2018-11-21,1.330225,1.33177,1.32284,1.323165,-1.0,-1.0,-1
2018-11-22,1.32335,1.324545,1.318245,1.31913,-1.0,-1.0,-1
2018-11-23,1.318925,1.325885,1.31851,1.323745,-1.0,-1.0,-1
2018-11-26,1.3226,1.326155,1.318705,1.325295,-1.0,-1.0,-1
2018-11-27,1.324905,1.332835,1.323575,1.32951,-1.0,-1.0,-1
2018-11-28,1.32973,1.33599,1.32423,1.327575,-1.0,-1.0,-1
2018-11-29,1.32747,1.331275,1.325355,1.328425,-1.0,-1.0,-1
2018-11-30,1.3279,1.33335,1.32726,1.329195,-1.0,-1.0,-1
2018-12-03,1.325305,1.326825,1.31602,1.31971,-1.0,-1.0,-1
2018-12-04,1.319875,1.326685,1.31641,1.32628,-1.0,-1.0,-1
2018-12-05,1.326275,1.339945,1.32527,1.33559,-1.0,-1.0,-1
2018-12-06,1.3361,1.34451,1.33551,1.338285,-1.0,-1.0,-1
2018-12-07,1.33809,1.34008,1.32538,1.33205,-1.0,-1.0,-1
2018-12-10,1.332875,1.341675,1.329295,1.33977,-1.0,-1.0,-1
2018-12-11,1.3399,1.342435,1.33784,1.33903,-1.0,-1.0,-1
2018-12-12,1.339355,1.339755,1.332245,1.335075,-1.0,-1.0,-1
2018-12-13,1.3355,1.33842,1.333865,1.335455,-1.0,-1.0,-1
2018-12-14,1.335325,1.340175,1.33473,1.338795,-1.0,-1.0,-1
2018-12-17,1.338505,1.34208,1.337275,1.340715,-1.0,-1.0,-1
2018-12-18,1.340925,1.349705,1.33909,1.346605,-1.0,-1.0,-1
2018-12-19,1.34703,1.350765,1.341545,1.34846,-1.0,-1.0,-1
2018-12-20,1.34855,1.35308,1.344625,1.350855,-1.0,-1.0,-1
2018-12-21,1.35035,1.36036,1.34931,1.36023,-1.0,-1.0,-1
2018-12-24,1.35953,1.361825,1.356515,1.361015,-1.0,-1.0,-1
2018-12-26,1.35868,1.361875,1.356775,1.357495,-1.0,-1.0,-1
2018-12-27,1.35755,1.366095,1.35666,1.361865,-1.0,-1.0,-1
2018-12-28,1.3617,1.36616,1.3595,1.36388,-1.0,-1.0,-1
2018-12-31,1.363545,1.36649,1.36093,1.364845,-1.0,-1.0,-1
2019-01-02,1.362615,1.36627,1.356935,1.357855,-1.0,-1.0,-1
2019-01-03,1.358775,1.365485,1.346955,1.34887,-1.0,-1.0,-1
2019-01-04,1.3492,1.349635,1.337325,1.3376,-1.0,-1.0,-1
2019-01-07,1.338095,1.33901,1.327885,1.329915,-1.0,-1.0,-1
2019-01-08,1.329675,1.33232,1.32678,1.32731,-1.0,-1.0,-1
2019-01-09,1.327755,1.327985,1.318005,1.32094,-1.0,-1.0,-1
2019-01-10,1.32099,1.325945,1.32022,1.323615,-1.0,-1.0,-1
2019-01-11,1.323725,1.327885,1.318325,1.326775,-1.0,-1.0,-1
2019-01-14,1.326385,1.32978,1.32528,1.328555,-1.0,-1.0,-1
2019-01-15,1.328225,1.32943,1.322635,1.32655,-1.0,-1.0,-1
2019-01-16,1.326955,1.32844,1.323525,1.32566,-1.0,-1.0,-1
2019-01-17,1.325875,1.3319,1.324855,1.327905,-1.0,-1.0,-1
2019-01-18,1.32783,1.328435,1.32323,1.32589,-1.0,-1.0,-1
2019-01-21,1.32655,1.33185,1.325185,1.329705,-1.0,-1.0,-1
2019-01-22,1.3298,1.335765,1.32961,1.33546,-1.0,-1.0,-1
2019-01-23,1.33547,1.337125,1.33051,1.33444,-1.0,-1.0,-1
2019-01-24,1.334475,1.33754,1.33296,1.33518,-1.0,-1.0,-1
2019-01-25,1.33495,1.33626,1.3215,1.32188,-1.0,-1.0,-1
2019-01-28,1.3221,1.328595,1.32032,1.32616,-1.0,-1.0,-1
2019-01-29,1.326125,1.32849,1.32416,1.326935,-1.0,-1.0,-1
2019-01-30,1.32727,1.328175,1.311875,1.31484,-1.0,-1.0,-1
2019-01-31,1.315275,1.316565,1.31205,1.3126,-1.0,-1.0,-1
2019-02-01,1.31245,1.315755,1.30687,1.310205,-1.0,-1.0,-1
2019-02-04,1.30943,1.31476,1.308555,1.311035,-1.0,-1.0,-1
2019-02-05,1.311475,1.31534,1.31023,1.312655,-1.0,-1.0,-1
2019-02-06,1.313075,1.32153,1.311365,1.321305,-1.0,-1.0,-1
2019-02-07,1.3211,1.33173,1.32104,1.33076,-1.0,-1.0,-1
2019-02-08,1.33055,1.33293,1.323245,1.327715,-1.0,-1.0,-1
2019-02-11,1.327105,1.33193,1.326165,1.330225,-1.0,-1.0,-1
2019-02-12,1.330605,1.331485,1.32333,1.323635,-1.0,-1.0,-1
2019-02-13,1.323825,1.325965,1.319645,1.325445,-1.0,-1.0,-1
2019-02-14,1.325625,1.334075,1.322925,1.329525,-1.0,-1.0,-1
2019-02-15,1.329075,1.331325,1.324525,1.32466,-1.0,-1.0,-1
2019-02-18,1.32545,1.325625,1.322555,1.32413,-1.0,-1.0,-1
2019-02-19,1.3238,1.328145,1.320565,1.32116,-1.0,-1.0,-1
2019-02-20,1.321375,1.32176,1.31503,1.31759,-1.0,-1.0,-1
2019-02-21,1.317645,1.32347,1.316245,1.323165,-1.0,-1.0,-1
2019-02-22,1.32295,1.324225,1.31329,1.313635,-1.0,-1.0,-1
2019-02-25,1.313545,1.31976,1.311285,1.31875,-1.0,-1.0,-1
2019-02-26,1.318775,1.32359,1.31553,1.31695,-1.0,-1.0,-1
2019-02-27,1.316875,1.317645,1.311825,1.315655,-1.0,-1.0,-1
2019-02-28,1.315275,1.32076,1.31403,1.31711,-1.0,-1.0,-1
2019-03-01,1.31724,1.330895,1.313005,1.32965,-1.0,-1.0,-1
2019-03-04,1.3278,1.333785,1.327375,1.330345,-1.0,-1.0,-1
2019-03-05,1.3304,1.33604,1.3304,1.33502,-1.0,-1.0,-1
2019-03-06,1.335325,1.34574,1.334955,1.34419,-1.0,-1.0,-1
2019-03-07,1.34417,1.346765,1.34137,1.345455,-1.0,-1.0,-1
2019-03-08,1.34485,1.34666,1.339045,1.341795,-1.0,-1.0,-1
2019-03-11,1.34174,1.344015,1.339255,1.33934,-1.0,-1.0,-1
2019-03-12,1.339475,1.341745,1.335265,1.335305,-1.0,-1.0,-1
2019-03-13,1.33553,1.33714,1.329085,1.330095,-1.0,-1.0,-1
2019-03-14,1.329955,1.33475,1.32872,1.333485,-1.0,-1.0,-1
2019-03-15,1.33325,1.337135,1.328925,1.333675,-1.0,-1.0,-1
2019-03-18,1.3332,1.336575,1.330185,1.333435,-1.0,-1.0,-1
2019-03-19,1.333325,1.33446,1.32506,1.33209,-1.0,-1.0,-1
2019-03-20,1.332025,1.334775,1.32576,1.33053,-1.0,-1.0,-1
2019-03-21,1.33042,1.340005,1.327565,1.336495,-1.0,-1.0,-1
2019-03-22,1.33645,1.342945,1.335215,1.342885,-1.0,-1.0,-1
2019-03-25,1.34275,1.34448,1.33995,1.340385,-1.0,-1.0,-1
2019-03-26,1.3403,1.34176,1.33721,1.338125,-1.0,-1.0,-1
2019-03-27,1.338175,1.343995,1.33774,1.341025,-1.0,-1.0,-1
2019-03-28,1.341085,1.34511,1.339635,1.343705,-1.0,-1.0,-1
2019-03-29,1.3437,1.344255,1.334185,1.335055,-1.0,-1.0,-1
2019-04-01,1.33495,1.337055,1.32982,1.33078,-1.0,-1.0,-1
2019-04-02,1.331035,1.337425,1.3306,1.333695,-1.0,-1.0,-1
2019-04-03,1.33405,1.335355,1.32963,1.33458,-1.0,-1.0,-1
2019-04-04,1.334325,1.337305,1.33377,1.335935,-1.0,-1.0,-1
2019-04-05,1.336395,1.34032,1.3349,1.338535,-1.0,-1.0,-1
2019-04-08,1.338455,1.33913,1.33048,1.331385,-1.0,-1.0,-1
2019-04-09,1.33155,1.33319,1.328405,1.332965,-1.0,-1.0,-1
2019-04-10,1.332965,1.335995,1.330635,1.331875,-1.0,-1.0,-1
2019-04-11,1.331675,1.3396,1.331505,1.33833,-1.0,-1.0,-1
2019-04-12,1.33815,1.338535,1.33132,1.33261,-1.0,-1.0,-1
2019-04-15,1.33345,1.33905,1.32975,1.33673,-1.0,-1.0,-1
2019-04-16,1.337225,1.34031,1.334645,1.33501,-1.0,-1.0,-1
2019-04-17,1.335325,1.33727,1.327415,1.33417,-1.0,-1.0,-1
2019-04-18,1.334275,1.33998,1.33383,1.337845,-1.0,-1.0,-1
2019-04-19,1.33845,1.339405,1.33659,1.33895,-1.0,-1.0,-1
2019-04-22,1.338165,1.33841,1.333525,1.3348,-1.0,-1.0,-1
2019-04-23,1.334825,1.344325,1.334355,1.342275,-1.0,-1.0,-1
2019-04-24,1.342955,1.352175,1.34242,1.34944,-1.0,-1.0,-1
2019-04-25,1.34917,1.351685,1.34827,1.348575,-1.0,-1.0,-1
2019-04-26,1.34845,1.349815,1.345205,1.345615,-1.0,-1.0,-1
2019-04-29,1.34585,1.347985,1.34401,1.34578,-1.0,-1.0,-1
2019-04-30,1.34535,1.348075,1.338135,1.338865,-1.0,-1.0,-1
2019-05-01,1.3395,1.346175,1.33772,1.34452,-1.0,-1.0,-1
2019-05-02,1.343875,1.34769,1.3431,1.34754,-1.0,-1.0,-1
2019-05-03,1.347225,1.349325,1.340635,1.34211,-1.0,-1.0,-1
2019-05-06,1.346205,1.349395,1.343265,1.344765,-1.0,-1.0,-1
2019-05-07,1.3456,1.348885,1.34101,1.34729,-1.0,-1.0,-1
2019-05-08,1.347205,1.348685,1.344505,1.347745,-1.0,-1.0,-1
2019-05-09,1.347675,1.350555,1.345915,1.347635,-1.0,-1.0,-1
2019-05-10,1.348025,1.348065,1.338045,1.34148,-1.0,-1.0,-1
2019-05-13,1.34265,1.348485,1.341645,1.347885,-1.0,-1.0,-1
2019-05-14,1.34776,1.3488,1.345625,1.346235,-1.0,-1.0,-1
2019-05-15,1.3462,1.349385,1.342735,1.34374,-1.0,-1.0,-1
2019-05-16,1.3439,1.347025,1.340075,1.34611,-1.0,-1.0,-1
2019-05-17,1.346355,1.351365,1.343505,1.346715,-1.0,-1.0,-1
2019-05-20,1.3445,1.345685,1.341625,1.342815,-1.0,-1.0,-1
2019-05-21,1.342975,1.343415,1.339585,1.340605,-1.0,-1.0,-1
2019-05-22,1.340545,1.34384,1.335765,1.34371,-1.0,-1.0,-1
2019-05-23,1.343575,1.35027,1.343205,1.34736,-1.0,-1.0,-1
2019-05-24,1.347625,1.348265,1.343045,1.344045,-1.0,-1.0,-1
2019-05-27,1.3439,1.34532,1.34296,1.34434,-1.0,-1.0,-1
2019-05-28,1.34435,1.349905,1.343355,1.349385,-1.0,-1.0,-1
2019-05-29,1.348875,1.35467,1.34819,1.351985,-1.0,-1.0,-1
2019-05-30,1.35165,1.352065,1.34856,1.34998,-1.0,-1.0,-1
2019-05-31,1.3506,1.356525,1.349345,1.35183,-1.0,-1.0,-1
2019-06-03,1.3521,1.352685,1.34351,1.343845,-1.0,-1.0,-1
2019-06-04,1.344125,1.3451,1.33815,1.339545,-1.0,-1.0,-1
2019-06-05,1.3397,1.342875,1.336285,1.341525,-1.0,-1.0,-1
2019-06-06,1.3422,1.343065,1.335995,1.3362,-1.0,-1.0,-1
2019-06-07,1.336575,1.336835,1.326235,1.32704,-1.0,-1.0,-1
2019-06-10,1.32465,1.328115,1.32465,1.32688,-1.0,-1.0,-1
2019-06-11,1.327075,1.330935,1.325035,1.32853,-1.0,-1.0,-1
2019-06-12,1.3285,1.334515,1.327375,1.334345,-1.0,-1.0,-1
2019-06-13,1.334175,1.334175,1.330035,1.332645,-1.0,-1.0,-1
2019-06-14,1.332825,1.34229,1.33237,1.341655,-1.0,-1.0,-1
2019-06-17,1.34075,1.342025,1.33932,1.34131,-1.0,-1.0,-1
2019-06-18,1.3413,1.343255,1.33751,1.337665,-1.0,-1.0,-1
2019-06-19,1.33795,1.338355,1.327945,1.328125,-1.0,-1.0,-1
2019-06-20,1.32855,1.328605,1.31512,1.319255,-1.0,-1.0,-1
2019-06-21,1.319325,1.32296,1.316245,1.32271,-1.0,-1.0,-1
2019-06-24,1.32145,1.321975,1.31778,1.31801,-1.0,-1.0,-1
2019-06-25,1.31812,1.320865,1.31526,1.316905,-1.0,-1.0,-1
2019-06-26,1.31665,1.31961,1.310705,1.312755,-1.0,-1.0,-1
2019-06-27,1.312325,1.31381,1.30917,1.30949,-1.0,-1.0,-1
2019-06-28,1.309795,1.31026,1.305975,1.30956,-1.0,-1.0,-1
2019-07-01,1.30812,1.314545,1.30801,1.31359,-1.0,-1.0,-1
2019-07-02,1.3136,1.313875,1.30966,1.310695,-1.0,-1.0,-1
2019-07-03,1.31105,1.31194,1.305605,1.30567,-1.0,-1.0,-1
2019-07-04,1.305775,1.307975,1.30378,1.304915,-1.0,-1.0,-1
2019-07-05,1.3048,1.31368,1.30455,1.30803,-1.0,-1.0,-1
2019-07-08,1.307275,1.31033,1.30495,1.309715,-1.0,-1.0,-1
2019-07-09,1.309375,1.314155,1.309145,1.312745,-1.0,-1.0,-1
2019-07-10,1.31305,1.314465,1.306245,1.30822,-1.0,-1.0,-1
2019-07-11,1.308325,1.309155,1.3042,1.307095,-1.0,-1.0,-1
2019-07-12,1.307225,1.30724,1.30182,1.30288,-1.0,-1.0,-1
2019-07-15,1.3033,1.30536,1.302135,1.30488,-1.0,-1.0,-1
2019-07-16,1.3049,1.309215,1.302265,1.30878,-1.0,-1.0,-1
2019-07-17,1.30855,1.30939,1.303555,1.305365,-1.0,-1.0,-1
2019-07-18,1.305175,1.309565,1.30257,1.302725,-1.0,-1.0,-1
2019-07-19,1.30305,1.310995,1.301575,1.305915,-1.0,-1.0,-1
2019-07-22,1.3061,1.312055,1.30407,1.31188,-1.0,-1.0,-1
2019-07-23,1.31198,1.316445,1.311595,1.3136,-1.0,-1.0,-1
2019-07-24,1.313645,1.315105,1.31191,1.314005,-1.0,-1.0,-1
2019-07-25,1.3132,1.31675,1.31156,1.316515,-1.0,-1.0,-1
2019-07-26,1.31605,1.31992,1.315705,1.31668,-1.0,-1.0,-1
2019-07-29,1.3171,1.318275,1.314915,1.316475,-1.0,-1.0,-1
2019-07-30,1.316175,1.319215,1.3144,1.315145,-1.0,-1.0,-1
2019-07-31,1.31525,1.32148,1.310545,1.31911,-1.0,-1.0,-1
2019-08-01,1.319325,1.324755,1.31826,1.321145,-1.0,-1.0,-1
2019-08-02,1.3212,1.32662,1.320005,1.32019,-1.0,-1.0,-1
2019-08-05,1.32145,1.324745,1.317765,1.321385,-1.0,-1.0,-1
2019-08-06,1.3209,1.329155,1.31873,1.327935,-1.0,-1.0,-1
2019-08-07,1.32775,1.334515,1.326935,1.330225,-1.0,-1.0,-1
2019-08-08,1.330405,1.33144,1.32219,1.32285,-1.0,-1.0,-1
2019-08-09,1.324575,1.327495,1.31963,1.322225,-1.0,-1.0,-1
2019-08-12,1.320225,1.325045,1.320025,1.32415,-1.0,-1.0,-1
2019-08-13,1.3243,1.329345,1.318475,1.322325,-1.0,-1.0,-1
2019-08-14,1.32257,1.3326,1.3211,1.33193,-1.0,-1.0,-1
2019-08-15,1.331925,1.33393,1.32857,1.33137,-1.0,-1.0,-1
2019-08-16,1.331325,1.33251,1.32616,1.32705,-1.0,-1.0,-1
2019-08-19,1.3264,1.33373,1.32512,1.33255,-1.0,-1.0,-1
2019-08-20,1.3325,1.334595,1.33089,1.33196,-1.0,-1.0,-1
2019-08-21,1.33195,1.332715,1.325435,1.328925,-1.0,-1.0,-1
2019-08-22,1.3288,1.33155,1.327545,1.33036,-1.0,-1.0,-1
2019-08-23,1.329895,1.33394,1.32769,1.328395,-1.0,-1.0,-1
2019-08-26,1.329725,1.331985,1.324695,1.32544,-1.0,-1.0,-1
2019-08-27,1.325195,1.3301,1.322505,1.328155,-1.0,-1.0,-1
2019-08-28,1.328875,1.33185,1.32817,1.33066,-1.0,-1.0,-1
2019-08-29,1.330775,1.33193,1.32729,1.32873,-1.0,-1.0,-1
2019-08-30,1.329395,1.333345,1.32479,1.331125,-1.0,-1.0,-1
2019-09-02,1.331975,1.33611,1.33124,1.33265,-1.0,-1.0,-1
2019-09-03,1.332625,1.33826,1.332335,1.33367,-1.0,-1.0,-1
2019-09-04,1.3337,1.334475,1.321885,1.322295,-1.0,-1.0,-1
2019-09-05,1.322575,1.324665,1.319125,1.32316,-1.0,-1.0,-1
2019-09-06,1.323,1.32404,1.315825,1.31711,-1.0,-1.0,-1
2019-09-09,1.317095,1.317865,1.31394,1.316905,-1.0,-1.0,-1
2019-09-10,1.3166,1.319175,1.313385,1.315265,-1.0,-1.0,-1
2019-09-11,1.31475,1.321475,1.31396,1.319405,-1.0,-1.0,-1
2019-09-12,1.31933,1.32209,1.317705,1.321035,-1.0,-1.0,-1
2019-09-13,1.32105,1.328775,1.320775,1.3287,-1.0,-1.0,-1
2019-09-16,1.32355,1.327135,1.320995,1.324055,-1.0,-1.0,-1
2019-09-17,1.323875,1.32999,1.32334,1.324375,-1.0,-1.0,-1
2019-09-18,1.324375,1.331045,1.323975,1.32886,-1.0,-1.0,-1
2019-09-19,1.328825,1.33074,1.324205,1.326475,-1.0,-1.0,-1
2019-09-20,1.3263,1.330105,1.325435,1.3262,-1.0,-1.0,-1
2019-09-23,1.32625,1.33051,1.325465,1.326315,-1.0,-1.0,-1
2019-09-24,1.3262,1.32748,1.32322,1.32432,-1.0,-1.0,-1
2019-09-25,1.32435,1.32886,1.32362,1.32685,-1.0,-1.0,-1
2019-09-26,1.32655,1.32766,1.32319,1.32683,-1.0,-1.0,-1
2019-09-27,1.32708,1.327865,1.321415,1.32464,-1.0,-1.0,-1
2019-09-30,1.324075,1.325985,1.32243,1.32403,-1.0,-1.0,-1
2019-10-01,1.324295,1.32904,1.320985,1.32204,-1.0,-1.0,-1
2019-10-02,1.32205,1.33284,1.320605,1.3326,-1.0,-1.0,-1
2019-10-03,1.33262,1.334785,1.330945,1.333835,-1.0,-1.0,-1
2019-10-04,1.333775,1.33389,1.32993,1.33128,-1.0,-1.0,-1
2019-10-07,1.331975,1.333095,1.329045,1.331,-1.0,-1.0,-1
2019-10-08,1.330975,1.333685,1.328785,1.33259,-1.0,-1.0,-1
2019-10-09,1.332625,1.333895,1.32953,1.33348,-1.0,-1.0,-1
2019-10-10,1.333175,1.334585,1.326885,1.32927,-1.0,-1.0,-1
2019-10-11,1.328975,1.330035,1.317125,1.320135,-1.0,-1.0,-1
2019-10-14,1.32025,1.32395,1.319115,1.32344,-1.0,-1.0,-1
2019-10-15,1.322795,1.32397,1.319575,1.319935,-1.0,-1.0,-1
2019-10-16,1.3195,1.32335,1.318455,1.320205,-1.0,-1.0,-1
2019-10-17,1.320275,1.321185,1.313105,1.313675,-1.0,-1.0,-1
2019-10-18,1.31452,1.314585,1.311965,1.31262,-1.0,-1.0,-1
2019-10-21,1.313355,1.31383,1.30822,1.308815,-1.0,-1.0,-1
2019-10-22,1.309145,1.31231,1.30713,1.309435,-1.0,-1.0,-1
2019-10-23,1.309425,1.31096,1.30685,1.30723,-1.0,-1.0,-1
2019-10-24,1.3073,1.30932,1.305315,1.307095,-1.0,-1.0,-1
2019-10-25,1.30705,1.308615,1.305615,1.30573,-1.0,-1.0,-1
2019-10-28,1.306145,1.307855,1.304945,1.30557,-1.0,-1.0,-1
2019-10-29,1.305825,1.310055,1.30422,1.308755,-1.0,-1.0,-1
2019-10-30,1.3089,1.320865,1.307455,1.31593,-1.0,-1.0,-1
2019-10-31,1.31635,1.317845,1.313555,1.31643,-1.0,-1.0,-1
2019-11-01,1.316425,1.319635,1.31394,1.31408,-1.0,-1.0,-1
2019-11-04,1.3136,1.31608,1.31304,1.315085,-1.0,-1.0,-1
2019-11-05,1.314975,1.317835,1.311535,1.31566,-1.0,-1.0,-1
2019-11-06,1.31479,1.319295,1.31456,1.318115,-1.0,-1.0,-1
2019-11-07,1.318345,1.31973,1.316,1.317445,-1.0,-1.0,-1
2019-11-08,1.317375,1.323705,1.31725,1.322695,-1.0,-1.0,-1
2019-11-11,1.322175,1.32351,1.321265,1.323295,-1.0,-1.0,-1
2019-11-12,1.32303,1.325765,1.321665,1.323285,-1.0,-1.0,-1
2019-11-13,1.323425,1.326825,1.323175,1.325105,-1.0,-1.0,-1
2019-11-14,1.3253,1.32707,1.324405,1.32482,-1.0,-1.0,-1
2019-11-15,1.324775,1.3252,1.321655,1.32253,-1.0,-1.0,-1
2019-11-18,1.322475,1.32354,1.32002,1.32065,-1.0,-1.0,-1
2019-11-19,1.320525,1.32725,1.319025,1.32676,-1.0,-1.0,-1
2019-11-20,1.32655,1.332795,1.326285,1.33038,-1.0,-1.0,-1
2019-11-21,1.33035,1.332505,1.326985,1.328565,-1.0,-1.0,-1
2019-11-22,1.3283,1.33025,1.325445,1.3301,-1.0,-1.0,-1
2019-11-25,1.33005,1.331895,1.328515,1.329905,-1.0,-1.0,-1
2019-11-26,1.330025,1.33163,1.32695,1.32716,-1.0,-1.0,-1
2019-11-27,1.327125,1.328985,1.326025,1.328315,-1.0,-1.0,-1
2019-11-28,1.327725,1.329945,1.327725,1.328145,-1.0,-1.0,-1
2019-11-29,1.328,1.331385,1.32726,1.32785,-1.0,-1.0,-1
2019-12-02,1.32755,1.33094,1.327315,1.33084,-1.0,-1.0,-1
2019-12-03,1.33075,1.332105,1.328325,1.329555,-1.0,-1.0,-1
2019-12-04,1.329485,1.329795,1.31923,1.32006,-1.0,-1.0,-1
2019-12-05,1.3201,1.320345,1.315855,1.31741,-1.0,-1.0,-1
2019-12-06,1.318,1.327025,1.317165,1.325565,-1.0,-1.0,-1
2019-12-09,1.32565,1.32653,1.32227,1.32393,-1.0,-1.0,-1
2019-12-10,1.323525,1.32499,1.322455,1.32304,-1.0,-1.0,-1
2019-12-11,1.32325,1.323975,1.31623,1.317325,-1.0,-1.0,-1
2019-12-12,1.31735,1.319435,1.316265,1.318375,-1.0,-1.0,-1
2019-12-13,1.317125,1.320495,1.315095,1.316705,-1.0,-1.0,-1
2019-12-16,1.31765,1.31864,1.311515,1.31541,-1.0,-1.0,-1
2019-12-17,1.315975,1.318515,1.31457,1.315995,-1.0,-1.0,-1
2019-12-18,1.3158,1.317595,1.31027,1.311495,-1.0,-1.0,-1
2019-12-19,1.3117,1.31382,1.31077,1.312545,-1.0,-1.0,-1
2019-12-20,1.312425,1.31813,1.31233,1.31505,-1.0,-1.0,-1
2019-12-23,1.3149,1.31769,1.31407,1.314735,-1.0,-1.0,-1
2019-12-24,1.314825,1.316905,1.31417,1.31673,-1.0,-1.0,-1
2019-12-26,1.315605,1.31579,1.310365,1.31201,-1.0,-1.0,-1
2019-12-27,1.311075,1.312095,1.306455,1.30873,-1.0,-1.0,-1
2019-12-30,1.30755,1.308485,1.30507,1.306925,-1.0,-1.0,-1
2019-12-31,1.3067,1.30695,1.29517,1.298535,-1.0,-1.0,-1
2020-01-02,1.29763,1.30083,1.296885,1.29825,-1.0,-1.0,-1
2020-01-03,1.298625,1.3008,1.296125,1.300275,-1.0,-1.0,-1
2020-01-06,1.298795,1.299195,1.296015,1.29649,-1.0,-1.0,-1
2020-01-07,1.296225,1.302975,1.295705,1.30041,-1.0,-1.0,-1
2020-01-08,1.3003,1.30439,1.29764,1.30394,-1.0,-1.0,-1
2020-01-09,1.303825,1.310495,1.30263,1.30564,-1.0,-1.0,-1
2020-01-10,1.30552,1.30758,1.302915,1.305115,-1.0,-1.0,-1
2020-01-13,1.30545,1.306785,1.303155,1.30565,-1.0,-1.0,-1
2020-01-14,1.3054,1.307965,1.30471,1.30624,-1.0,-1.0,-1
2020-01-15,1.30612,1.307835,1.303515,1.30421,-1.0,-1.0,-1
2020-01-16,1.3046,1.30564,1.30324,1.304195,-1.0,-1.0,-1
2020-01-17,1.304025,1.307545,1.30338,1.306565,-1.0,-1.0,-1
2020-01-20,1.306125,1.30727,1.30441,1.304775,-1.0,-1.0,-1
2020-01-21,1.30485,1.308015,1.304465,1.30706,-1.0,-1.0,-1
2020-01-22,1.307325,1.31527,1.3036,1.31359,-1.0,-1.0,-1
2020-01-23,1.313525,1.317175,1.312415,1.312785,-1.0,-1.0,-1
2020-01-24,1.312675,1.315345,1.31184,1.314205,-1.0,-1.0,-1
2020-01-27,1.31565,1.31999,1.314805,1.319395,-1.0,-1.0,-1
2020-01-28,1.319175,1.320595,1.31546,1.315575,-1.0,-1.0,-1
2020-01-29,1.3159,1.320975,1.315765,1.3199,-1.0,-1.0,-1
2020-01-30,1.3189,1.322675,1.3189,1.320845,-1.0,-1.0,-1
2020-01-31,1.32045,1.32533,1.319545,1.3237,-1.0,-1.0,-1
2020-02-03,1.323855,1.330395,1.323185,1.3286,-1.0,-1.0,-1
2020-02-04,1.32915,1.33019,1.326385,1.327685,-1.0,-1.0,-1
2020-02-05,1.327755,1.330295,1.326305,1.328255,-1.0,-1.0,-1
2020-02-06,1.328275,1.330935,1.327055,1.328415,-1.0,-1.0,-1
2020-02-07,1.328545,1.332135,1.327815,1.33062,-1.0,-1.0,-1
2020-02-10,1.330655,1.332955,1.328855,1.331715,-1.0,-1.0,-1
2020-02-11,1.3318,1.332025,1.327645,1.328635,-1.0,-1.0,-1
2020-02-12,1.32905,1.32961,1.323605,1.32498,-1.0,-1.0,-1
2020-02-13,1.325275,1.327145,1.32404,1.326735,-1.0,-1.0,-1
2020-02-14,1.32675,1.326925,1.323585,1.32514,-1.0,-1.0,-1
2020-02-17,1.32485,1.325115,1.322525,1.323435,-1.0,-1.0,-1
2020-02-18,1.32335,1.32787,1.32321,1.32604,-1.0,-1.0,-1
2020-02-19,1.3257,1.32611,1.321525,1.322095,-1.0,-1.0,-1
2020-02-20,1.3223,1.3269,1.321195,1.325885,-1.0,-1.0,-1
2020-02-21,1.3257,1.32687,1.320225,1.322455,-1.0,-1.0,-1
2020-02-24,1.3251,1.330785,1.323505,1.329325,-1.0,-1.0,-1
2020-02-25,1.328875,1.33058,1.326745,1.3279,-1.0,-1.0,-1
2020-02-26,1.328425,1.333545,1.327155,1.333225,-1.0,-1.0,-1
2020-02-27,1.33279,1.339495,1.331675,1.339135,-1.0,-1.0,-1
2020-02-28,1.338675,1.346475,1.337805,1.340685,-1.0,-1.0,-1
2020-03-02,1.3435,1.343975,1.331505,1.332425,-1.0,-1.0,-1
2020-03-03,1.3328,1.33913,1.331905,1.33811,-1.0,-1.0,-1
2020-03-04,1.338075,1.343145,1.333025,1.338505,-1.0,-1.0,-1
2020-03-05,1.3388,1.343865,1.338315,1.341145,-1.0,-1.0,-1
2020-03-06,1.34075,1.34397,1.337945,1.34229,-1.0,-1.0,-1
2020-03-09,1.35495,1.37636,1.351785,1.370105,-1.0,-1.0,-1
2020-03-10,1.37035,1.37962,1.36093,1.372805,-1.0,-1.0,-1
2020-03-11,1.37175,1.379485,1.368155,1.377805,-1.0,-1.0,-1
2020-03-12,1.37765,1.396195,1.37077,1.392345,-1.0,-1.0,-1
2020-03-13,1.39273,1.399535,1.378225,1.3807,-1.0,-1.0,-1
2020-03-16,1.383675,1.40189,1.372965,1.401615,-1.0,-1.0,-1
2020-03-17,1.4018,1.427735,1.396075,1.42026,-1.0,-1.0,-1
2020-03-18,1.42025,1.465225,1.41671,1.45075,-1.0,-1.0,-1
2020-03-19,1.448275,1.466895,1.44206,1.451195,-1.0,-1.0,-1
2020-03-20,1.450325,1.45374,1.414965,1.435245,-1.0,-1.0,-1
2020-03-23,1.435945,1.45606,1.43364,1.44949,-1.0,-1.0,-1
2020-03-24,1.451325,1.453375,1.437495,1.446365,-1.0,-1.0,-1
2020-03-25,1.44645,1.448515,1.417845,1.41912,-1.0,-1.0,-1
2020-03-26,1.42005,1.42768,1.40104,1.40198,-1.0,-1.0,-1
2020-03-27,1.40225,1.415555,1.392125,1.3979,-1.0,-1.0,-1
2020-03-30,1.4022,1.418445,1.39825,1.416685,-1.0,-1.0,-1
2020-03-31,1.416025,1.434935,1.40125,1.40639,-1.0,-1.0,-1
2020-04-01,1.407475,1.427245,1.40663,1.419125,-1.0,-1.0,-1
2020-04-02,1.419325,1.4299,1.407825,1.41373,-1.0,-1.0,-1
2020-04-03,1.413825,1.42245,1.40944,1.420825,-1.0,-1.0,-1
2020-04-06,1.423395,1.42618,1.408175,1.411055,-1.0,-1.0,-1
2020-04-07,1.41095,1.41433,1.394505,1.399375,-1.0,-1.0,-1
2020-04-08,1.39965,1.4082,1.399095,1.40138,-1.0,-1.0,-1
2020-04-09,1.40165,1.407775,1.393125,1.39744,-1.0,-1.0,-1
2020-04-10,1.3978,1.400955,1.394505,1.395525,-1.0,-1.0,-1
2020-04-13,1.397845,1.398745,1.385635,1.390395,-1.0,-1.0,-1
2020-04-14,1.389475,1.392515,1.38627,1.388275,-1.0,-1.0,-1
2020-04-15,1.388525,1.413245,1.38765,1.411495,-1.0,-1.0,-1
2020-04-16,1.4111,1.418245,1.406325,1.408135,-1.0,-1.0,-1
2020-04-17,1.408325,1.411825,1.400015,1.400015,-1.0,-1.0,-1
2020-04-20,1.40175,1.415225,1.401425,1.41492,-1.0,-1.0,-1
2020-04-21,1.413825,1.426515,1.4114,1.421015,-1.0,-1.0,-1
2020-04-22,1.4204,1.42382,1.411515,1.416055,-1.0,-1.0,-1
2020-04-23,1.416345,1.41983,1.40001,1.407275,-1.0,-1.0,-1
2020-04-24,1.407375,1.412055,1.40239,1.4099,-1.0,-1.0,-1
2020-04-27,1.4099,1.41174,1.40293,1.403335,-1.0,-1.0,-1
2020-04-28,1.402855,1.407325,1.39363,1.3999,-1.0,-1.0,-1
2020-04-29,1.39985,1.4004,1.387595,1.38796,-1.0,-1.0,-1
2020-04-30,1.38822,1.395885,1.385035,1.39456,-1.0,-1.0,-1
2020-05-01,1.39415,1.410985,1.393415,1.409115,-1.0,-1.0,-1
2020-05-04,1.40853,1.41529,1.405145,1.408795,-1.0,-1.0,-1
2020-05-05,1.408605,1.4095,1.400815,1.40504,-1.0,-1.0,-1
2020-05-06,1.405075,1.41572,1.40231,1.41462,-1.0,-1.0,-1
2020-05-07,1.4152,1.417395,1.395295,1.397305,-1.0,-1.0,-1
2020-05-08,1.39815,1.39932,1.390885,1.392745,-1.0,-1.0,-1
2020-05-11,1.393725,1.404295,1.39003,1.400795,-1.0,-1.0,-1
2020-05-12,1.40195,1.40805,1.39726,1.40778,-1.0,-1.0,-1
2020-05-13,1.40795,1.411525,1.40066,1.41012,-1.0,-1.0,-1
2020-05-14,1.410275,1.414125,1.403275,1.40515,-1.0,-1.0,-1
2020-05-15,1.4053,1.411725,1.401855,1.410875,-1.0,-1.0,-1
2020-05-18,1.41125,1.41153,1.393675,1.393675,-1.0,-1.0,-1
2020-05-19,1.394175,1.396985,1.386655,1.39426,-1.0,-1.0,-1
2020-05-20,1.3944,1.39606,1.38684,1.39018,-1.0,-1.0,-1
2020-05-21,1.39025,1.397075,1.38914,1.395555,-1.0,-1.0,-1
2020-05-22,1.395225,1.404875,1.39414,1.40019,-1.0,-1.0,-1
2020-05-25,1.399295,1.40079,1.396865,1.39852,-1.0,-1.0,-1
2020-05-26,1.39783,1.398595,1.37572,1.377725,-1.0,-1.0,-1
2020-05-27,1.37768,1.382265,1.3728,1.37521,-1.0,-1.0,-1
2020-05-28,1.374975,1.37899,1.37344,1.376285,-1.0,-1.0,-1
2020-05-29,1.37705,1.383265,1.37145,1.376595,-1.0,-1.0,-1
2020-06-01,1.376655,1.380145,1.35586,1.357235,-1.0,-1.0,-1
2020-06-02,1.357475,1.35857,1.348415,1.351905,-1.0,-1.0,-1
2020-06-03,1.351945,1.357275,1.348025,1.349565,-1.0,-1.0,-1
2020-06-04,1.3495,1.35414,1.346795,1.35005,-1.0,-1.0,-1
2020-06-05,1.34983,1.351315,1.33916,1.34217,-1.0,-1.0,-1
2020-06-08,1.34197,1.343695,1.33569,1.33821,-1.0,-1.0,-1
2020-06-09,1.33825,1.348805,1.335975,1.3416,-1.0,-1.0,-1
2020-06-10,1.3419,1.3438,1.331555,1.34127,-1.0,-1.0,-1
2020-06-11,1.34092,1.363245,1.339895,1.362915,-1.0,-1.0,-1
2020-06-12,1.363125,1.36668,1.352735,1.35938,-1.0,-1.0,-1
2020-06-15,1.36065,1.36862,1.354645,1.357285,-1.0,-1.0,-1
2020-06-16,1.35725,1.362295,1.35047,1.354125,-1.0,-1.0,-1
2020-06-17,1.3542,1.359485,1.35122,1.356505,-1.0,-1.0,-1
2020-06-18,1.35645,1.361665,1.35214,1.35997,-1.0,-1.0,-1
2020-06-19,1.360125,1.36178,1.35476,1.36076,-1.0,-1.0,-1
2020-06-22,1.36122,1.363085,1.35186,1.35223,-1.0,-1.0,-1
2020-06-23,1.3522,1.357115,1.34858,1.35501,-1.0,-1.0,-1
2020-06-24,1.355,1.36407,1.35282,1.36378,-1.0,-1.0,-1
2020-06-25,1.363495,1.367025,1.360775,1.363835,-1.0,-1.0,-1
2020-06-26,1.36385,1.371565,1.362825,1.368725,-1.0,-1.0,-1
2020-06-29,1.36843,1.37055,1.364735,1.365925,-1.0,-1.0,-1
2020-06-30,1.36625,1.36998,1.357015,1.35753,-1.0,-1.0,-1
2020-07-01,1.357825,1.36018,1.3546,1.35878,-1.0,-1.0,-1
2020-07-02,1.358475,1.362425,1.356055,1.356445,-1.0,-1.0,-1
2020-07-03,1.3568,1.358165,1.354515,1.35505,-1.0,-1.0,-1
2020-07-06,1.356575,1.356575,1.351975,1.35393,-1.0,-1.0,-1
2020-07-07,1.35382,1.360995,1.35248,1.36034,-1.0,-1.0,-1
2020-07-08,1.3604,1.3624,1.34929,1.35122,-1.0,-1.0,-1
2020-07-09,1.35135,1.35946,1.349115,1.35854,-1.0,-1.0,-1
2020-07-10,1.3582,1.363165,1.357515,1.35934,-1.0,-1.0,-1
2020-07-13,1.35875,1.361225,1.353655,1.360895,-1.0,-1.0,-1
2020-07-14,1.36062,1.36464,1.35971,1.361615,-1.0,-1.0,-1
2020-07-15,1.36135,1.36176,1.350505,1.3509,-1.0,-1.0,-1
2020-07-16,1.350925,1.358185,1.35016,1.35748,-1.0,-1.0,-1
2020-07-17,1.35705,1.358915,1.35653,1.35787,-1.0,-1.0,-1
2020-07-20,1.35735,1.36004,1.352595,1.353535,-1.0,-1.0,-1
2020-07-21,1.35357,1.353695,1.34251,1.345845,-1.0,-1.0,-1
2020-07-22,1.34508,1.348315,1.33996,1.341735,-1.0,-1.0,-1
2020-07-23,1.3414,1.34276,1.33514,1.34101,-1.0,-1.0,-1
2020-07-24,1.341075,1.344545,1.337735,1.341685,-1.0,-1.0,-1
2020-07-27,1.342575,1.343155,1.33538,1.33555,-1.0,-1.0,-1
2020-07-28,1.33585,1.34073,1.33313,1.33794,-1.0,-1.0,-1
2020-07-29,1.337635,1.3387,1.333285,1.333895,-1.0,-1.0,-1
2020-07-30,1.3339,1.34598,1.33339,1.34227,-1.0,-1.0,-1
2020-07-31,1.342675,1.343825,1.33722,1.341385,-1.0,-1.0,-1
2020-08-03,1.3405,1.345125,1.338035,1.339105,-1.0,-1.0,-1
2020-08-04,1.339225,1.342065,1.33181,1.33186,-1.0,-1.0,-1
2020-08-05,1.332725,1.333045,1.32337,1.326645,-1.0,-1.0,-1
2020-08-06,1.32645,1.332315,1.32439,1.3306,-1.0,-1.0,-1
2020-08-07,1.330805,1.339865,1.330335,1.338435,-1.0,-1.0,-1
2020-08-10,1.338495,1.33949,1.333405,1.33509,-1.0,-1.0,-1
2020-08-11,1.33525,1.336105,1.32705,1.33004,-1.0,-1.0,-1
2020-08-12,1.33022,1.334745,1.322945,1.32475,-1.0,-1.0,-1
2020-08-13,1.3249,1.3257,1.31921,1.322455,-1.0,-1.0,-1
2020-08-14,1.322025,1.32721,1.32063,1.326385,-1.0,-1.0,-1
2020-08-17,1.32488,1.32639,1.319215,1.321475,-1.0,-1.0,-1
2020-08-18,1.321155,1.323175,1.3152,1.31689,-1.0,-1.0,-1
2020-08-19,1.317095,1.322705,1.313325,1.321955,-1.0,-1.0,-1
2020-08-20,1.321675,1.324475,1.316855,1.318665,-1.0,-1.0,-1
2020-08-21,1.317375,1.323445,1.31589,1.31769,-1.0,-1.0,-1
2020-08-24,1.31765,1.323835,1.31345,1.321765,-1.0,-1.0,-1
2020-08-25,1.32165,1.323955,1.3168,1.31723,-1.0,-1.0,-1
2020-08-26,1.3173,1.320545,1.313225,1.31439,-1.0,-1.0,-1
2020-08-27,1.314875,1.31666,1.3102,1.31278,-1.0,-1.0,-1
2020-08-28,1.31245,1.313295,1.304735,1.309875,-1.0,-1.0,-1
2020-08-31,1.309775,1.31047,1.302035,1.304735,-1.0,-1.0,-1
2020-09-01,1.3044,1.308695,1.29943,1.306455,-1.0,-1.0,-1
2020-09-02,1.3064,1.309565,1.30374,1.304485,-1.0,-1.0,-1
2020-09-03,1.3049,1.316195,1.30386,1.312775,-1.0,-1.0,-1
2020-09-04,1.312765,1.31406,1.30446,1.30618,-1.0,-1.0,-1
2020-09-07,1.306905,1.31163,1.305975,1.309645,-1.0,-1.0,-1
2020-09-08,1.30975,1.323845,1.30866,1.32363,-1.0,-1.0,-1
2020-09-09,1.32335,1.32596,1.31456,1.31456,-1.0,-1.0,-1
2020-09-10,1.315,1.320265,1.31191,1.31925,-1.0,-1.0,-1
2020-09-11,1.319005,1.320775,1.31508,1.317805,-1.0,-1.0,-1
2020-09-14,1.3184,1.3197,1.315335,1.3176,-1.0,-1.0,-1
2020-09-15,1.31775,1.32025,1.313485,1.318615,-1.0,-1.0,-1
2020-09-16,1.318325,1.320085,1.31276,1.317785,-1.0,-1.0,-1
2020-09-17,1.31785,1.32474,1.315015,1.31663,-1.0,-1.0,-1
2020-09-18,1.3167,1.32091,1.313765,1.32042,-1.0,-1.0,-1
2020-09-21,1.31995,1.33204,1.317125,1.33079,-1.0,-1.0,-1
2020-09-22,1.33117,1.334605,1.328385,1.33036,-1.0,-1.0,-1
2020-09-23,1.330325,1.338685,1.32942,1.338685,-1.0,-1.0,-1
2020-09-24,1.33815,1.341825,1.33254,1.336205,-1.0,-1.0,-1
2020-09-25,1.33488,1.34184,1.33388,1.338755,-1.0,-1.0,-1
2020-09-28,1.3387,1.340405,1.33545,1.33715,-1.0,-1.0,-1
2020-09-29,1.337225,1.341885,1.335215,1.338875,-1.0,-1.0,-1
2020-09-30,1.339375,1.34208,1.330195,1.33209,-1.0,-1.0,-1
2020-10-01,1.331825,1.332285,1.326725,1.32892,-1.0,-1.0,-1
2020-10-02,1.328425,1.33314,1.327805,1.33076,-1.0,-1.0,-1
2020-10-05,1.33025,1.330875,1.325575,1.326325,-1.0,-1.0,-1
2020-10-06,1.3265,1.331725,1.32421,1.33135,-1.0,-1.0,-1
2020-10-07,1.33105,1.33409,1.325505,1.32556,-1.0,-1.0,-1
2020-10-08,1.326225,1.326605,1.319505,1.3197,-1.0,-1.0,-1
2020-10-09,1.31985,1.320015,1.311005,1.3114,-1.0,-1.0,-1
2020-10-12,1.3124,1.314345,1.31013,1.311365,-1.0,-1.0,-1
2020-10-13,1.311105,1.314725,1.309935,1.31395,-1.0,-1.0,-1
2020-10-14,1.31415,1.31632,1.311635,1.31474,-1.0,-1.0,-1
2020-10-15,1.31475,1.32597,1.31439,1.32208,-1.0,-1.0,-1
2020-10-16,1.321825,1.323785,1.317725,1.319105,-1.0,-1.0,-1
2020-10-19,1.3189,1.319745,1.31507,1.31922,-1.0,-1.0,-1
2020-10-20,1.31912,1.320395,1.310455,1.31287,-1.0,-1.0,-1
2020-10-21,1.312925,1.315265,1.30811,1.314605,-1.0,-1.0,-1
2020-10-22,1.314175,1.317735,1.3124,1.31353,-1.0,-1.0,-1
2020-10-23,1.31355,1.31605,1.31096,1.312385,-1.0,-1.0,-1
2020-10-26,1.313175,1.32254,1.312715,1.3212,-1.0,-1.0,-1
2020-10-27,1.32115,1.321235,1.31422,1.318495,-1.0,-1.0,-1
2020-10-28,1.31595,1.333395,1.31595,1.33239,-1.0,-1.0,-1
2020-10-29,1.332495,1.338995,1.32782,1.33265,-1.0,-1.0,-1
2020-10-30,1.33215,1.334885,1.327975,1.332065,-1.0,-1.0,-1
2020-11-02,1.331725,1.33707,1.32152,1.32171,-1.0,-1.0,-1
2020-11-03,1.322425,1.323425,1.310395,1.31396,-1.0,-1.0,-1
2020-11-04,1.313325,1.329945,1.30957,1.31366,-1.0,-1.0,-1
2020-11-05,1.313,1.317835,1.30284,1.304545,-1.0,-1.0,-1
2020-11-06,1.304525,1.3097,1.301945,1.306175,-1.0,-1.0,-1
2020-11-09,1.304725,1.305875,1.292845,1.300745,-1.0,-1.0,-1
2020-11-10,1.30007,1.305125,1.2985,1.30336,-1.0,-1.0,-1
2020-11-11,1.3027,1.30778,1.30091,1.306345,-1.0,-1.0,-1
2020-11-12,1.30565,1.315,1.305625,1.31427,-1.0,-1.0,-1
2020-11-13,1.3144,1.31728,1.31165,1.313425,-1.0,-1.0,-1
2020-11-16,1.313905,1.314225,1.306565,1.307375,-1.0,-1.0,-1
2020-11-17,1.3076,1.311675,1.306365,1.31064,-1.0,-1.0,-1
2020-11-18,1.3104,1.311795,1.30342,1.308135,-1.0,-1.0,-1
2020-11-19,1.3081,1.31234,1.30526,1.30732,-1.0,-1.0,-1
2020-11-20,1.307375,1.309725,1.303905,1.30937,-1.0,-1.0,-1
2020-11-23,1.30875,1.311265,1.304555,1.308405,-1.0,-1.0,-1
2020-11-24,1.308,1.309115,1.29945,1.29973,-1.0,-1.0,-1
2020-11-25,1.299825,1.302925,1.298645,1.300655,-1.0,-1.0,-1
2020-11-26,1.3005,1.302275,1.299065,1.301765,-1.0,-1.0,-1
2020-11-27,1.3023,1.302525,1.29721,1.299155,-1.0,-1.0,-1
2020-11-30,1.298975,1.30105,1.292355,1.300005,-1.0,-1.0,-1
2020-12-01,1.300575,1.30081,1.292805,1.2935,-1.0,-1.0,-1
2020-12-02,1.2937,1.295885,1.291025,1.29173,-1.0,-1.0,-1
2020-12-03,1.2922,1.294155,1.285235,1.286245,-1.0,-1.0,-1
2020-12-04,1.28635,1.287405,1.277255,1.278425,-1.0,-1.0,-1
2020-12-07,1.27785,1.283325,1.277475,1.27977,-1.0,-1.0,-1
2020-12-08,1.280275,1.282605,1.276785,1.28186,-1.0,-1.0,-1
2020-12-09,1.281725,1.283365,1.276955,1.28177,-1.0,-1.0,-1
2020-12-10,1.282,1.282945,1.270705,1.27404,-1.0,-1.0,-1
2020-12-11,1.27435,1.27928,1.27196,1.2766,-1.0,-1.0,-1
2020-12-14,1.27563,1.27899,1.271985,1.276395,-1.0,-1.0,-1
2020-12-15,1.27655,1.277175,1.268815,1.270055,-1.0,-1.0,-1
2020-12-16,1.270275,1.27898,1.26972,1.274125,-1.0,-1.0,-1
2020-12-17,1.2745,1.27506,1.26889,1.27215,-1.0,-1.0,-1
2020-12-18,1.2723,1.27986,1.27167,1.278705,-1.0,-1.0,-1
2020-12-21,1.279495,1.295715,1.278375,1.28575,-1.0,-1.0,-1
2020-12-22,1.2852,1.29339,1.284355,1.290865,-1.0,-1.0,-1
2020-12-23,1.29075,1.291535,1.28344,1.28484,-1.0,-1.0,-1
2020-12-24,1.285,1.2854,1.281335,1.284595,-1.0,-1.0,-1
2020-12-28,1.2857,1.287805,1.281355,1.28545,-1.0,-1.0,-1
2020-12-29,1.284855,1.28564,1.278,1.281875,-1.0,-1.0,-1
2020-12-30,1.281995,1.282725,1.27497,1.275835,-1.0,-1.0,-1
2020-12-31,1.276625,1.27702,1.271425,1.27235,-1.0,-1.0,-1
2021-01-04,1.272425,1.279815,1.26653,1.27766,-1.0,-1.0,-1
2021-01-05,1.2782,1.279155,1.265625,1.2669,-1.0,-1.0,-1
2021-01-06,1.2672,1.272385,1.26301,1.267905,-1.0,-1.0,-1
2021-01-07,1.26795,1.2734,1.26637,1.269075,-1.0,-1.0,-1
2021-01-08,1.268775,1.27434,1.26587,1.268885,-1.0,-1.0,-1
2021-01-11,1.27052,1.283545,1.268825,1.278395,-1.0,-1.0,-1
2021-01-12,1.2771,1.27918,1.27086,1.271225,-1.0,-1.0,-1
2021-01-13,1.271455,1.274715,1.26804,1.2699,-1.0,-1.0,-1
2021-01-14,1.269925,1.270775,1.262485,1.26396,-1.0,-1.0,-1
2021-01-15,1.264055,1.27646,1.2635,1.273605,-1.0,-1.0,-1
2021-01-18,1.27382,1.279945,1.272675,1.27546,-1.0,-1.0,-1
2021-01-19,1.275205,1.276445,1.27155,1.27354,-1.0,-1.0,-1
2021-01-20,1.273575,1.274235,1.26063,1.26366,-1.0,-1.0,-1
2021-01-21,1.263725,1.264795,1.25894,1.263675,-1.0,-1.0,-1
2021-01-22,1.264025,1.274085,1.263495,1.27332,-1.0,-1.0,-1
2021-01-25,1.273175,1.277925,1.268755,1.27387,-1.0,-1.0,-1
2021-01-26,1.2744,1.27827,1.269005,1.269285,-1.0,-1.0,-1
2021-01-27,1.269475,1.2823,1.26855,1.2802,-1.0,-1.0,-1
2021-01-28,1.28025,1.28816,1.27883,1.283025,-1.0,-1.0,-1
2021-01-29,1.28255,1.28749,1.273785,1.27768,-1.0,-1.0,-1
2021-02-01,1.279055,1.286475,1.276155,1.28526,-1.0,-1.0,-1
2021-02-02,1.28525,1.287025,1.278025,1.278175,-1.0,-1.0,-1
2021-02-03,1.278525,1.28116,1.27636,1.27863,-1.0,-1.0,-1
2021-02-04,1.27842,1.284545,1.277745,1.282685,-1.0,-1.0,-1
2021-02-05,1.282525,1.283305,1.27552,1.27558,-1.0,-1.0,-1
2021-02-08,1.276275,1.27829,1.27351,1.273905,-1.0,-1.0,-1
2021-02-09,1.274375,1.27664,1.269175,1.269305,-1.0,-1.0,-1
2021-02-10,1.26955,1.271075,1.266755,1.27012,-1.0,-1.0,-1
2021-02-11,1.270425,1.27111,1.266045,1.270395,-1.0,-1.0,-1
2021-02-12,1.269575,1.276315,1.267685,1.269295,-1.0,-1.0,-1
2021-02-15,1.2687,1.269675,1.263115,1.26439,-1.0,-1.0,-1
2021-02-16,1.263795,1.270275,1.260965,1.268955,-1.0,-1.0,-1
2021-02-17,1.268925,1.274645,1.268735,1.2703,-1.0,-1.0,-1
2021-02-18,1.2706,1.273125,1.266545,1.267875,-1.0,-1.0,-1
2021-02-19,1.267775,1.271395,1.25944,1.261715,-1.0,-1.0,-1
2021-02-22,1.26155,1.265395,1.258055,1.26173,-1.0,-1.0,-1
2021-02-23,1.261625,1.264735,1.2579,1.258825,-1.0,-1.0,-1
2021-02-24,1.259475,1.259845,1.250515,1.251265,-1.0,-1.0,-1
2021-02-25,1.251095,1.26149,1.2468,1.260525,-1.0,-1.0,-1
2021-02-26,1.260825,1.274795,1.25872,1.27375,-1.0,-1.0,-1
2021-03-01,1.2736,1.275995,1.264085,1.264605,-1.0,-1.0,-1
2021-03-02,1.26435,1.26984,1.26002,1.263565,-1.0,-1.0,-1
2021-03-03,1.263545,1.265855,1.25931,1.265515,-1.0,-1.0,-1
2021-03-04,1.265575,1.269415,1.257525,1.26668,-1.0,-1.0,-1
2021-03-05,1.266195,1.273745,1.264215,1.265805,-1.0,-1.0,-1
2021-03-08,1.26535,1.27003,1.262265,1.266455,-1.0,-1.0,-1
2021-03-09,1.266875,1.26858,1.259065,1.26409,-1.0,-1.0,-1
2021-03-10,1.2636,1.26834,1.26098,1.26178,-1.0,-1.0,-1
2021-03-11,1.26212,1.26255,1.25208,1.25328,-1.0,-1.0,-1
2021-03-12,1.253,1.257345,1.246215,1.247555,-1.0,-1.0,-1
2021-03-15,1.24795,1.25132,1.24409,1.24719,-1.0,-1.0,-1
2021-03-16,1.24835,1.250045,1.243605,1.24481,-1.0,-1.0,-1
2021-03-17,1.244475,1.249345,1.240035,1.24054,-1.0,-1.0,-1
2021-03-18,1.24068,1.25269,1.236525,1.248695,-1.0,-1.0,-1
2021-03-19,1.2488,1.25479,1.24621,1.249915,-1.0,-1.0,-1
2021-03-22,1.25231,1.254135,1.247345,1.252225,-1.0,-1.0,-1
2021-03-23,1.25225,1.25948,1.251595,1.25885,-1.0,-1.0,-1
2021-03-24,1.258725,1.2609,1.254305,1.258205,-1.0,-1.0,-1
2021-03-25,1.25775,1.262915,1.254565,1.261185,-1.0,-1.0,-1
2021-03-26,1.260955,1.260975,1.256085,1.257985,-1.0,-1.0,-1
2021-03-29,1.2575,1.262725,1.25693,1.259035,-1.0,-1.0,-1
2021-03-30,1.258925,1.264735,1.258055,1.26342,-1.0,-1.0,-1
2021-03-31,1.26265,1.26324,1.253955,1.25621,-1.0,-1.0,-1
2021-04-01,1.255975,1.260215,1.254345,1.25462,-1.0,-1.0,-1
2021-04-02,1.253775,1.25817,1.252835,1.2575,-1.0,-1.0,-1
2021-04-05,1.25701,1.25947,1.25021,1.25259,-1.0,-1.0,-1
2021-04-06,1.252125,1.258325,1.251685,1.256745,-1.0,-1.0,-1
2021-04-07,1.257225,1.263495,1.25659,1.2609,-1.0,-1.0,-1
2021-04-08,1.260875,1.262735,1.255825,1.25627,-1.0,-1.0,-1
2021-04-09,1.256225,1.261105,1.252535,1.252975,-1.0,-1.0,-1
2021-04-12,1.254185,1.257425,1.252735,1.256255,-1.0,-1.0,-1
2021-04-13,1.255925,1.262985,1.252715,1.253455,-1.0,-1.0,-1
2021-04-14,1.25305,1.25764,1.25001,1.25213,-1.0,-1.0,-1
2021-04-15,1.252025,1.255855,1.24769,1.25424,-1.0,-1.0,-1
2021-04-16,1.253175,1.255945,1.24945,1.25078,-1.0,-1.0,-1
2021-04-19,1.2507,1.254425,1.24713,1.25342,-1.0,-1.0,-1
2021-04-20,1.253075,1.262375,1.24787,1.261135,-1.0,-1.0,-1
2021-04-21,1.260925,1.265355,1.245995,1.249755,-1.0,-1.0,-1
2021-04-22,1.24958,1.253495,1.24732,1.2504,-1.0,-1.0,-1
2021-04-23,1.25075,1.250955,1.246075,1.247475,-1.0,-1.0,-1
2021-04-26,1.24815,1.249225,1.23845,1.23934,-1.0,-1.0,-1
2021-04-27,1.23885,1.241875,1.23885,1.24005,-1.0,-1.0,-1
2021-04-28,1.240275,1.241835,1.231065,1.23134,-1.0,-1.0,-1
2021-04-29,1.2316,1.232305,1.227555,1.22807,-1.0,-1.0,-1
2021-04-30,1.228655,1.232265,1.22661,1.228755,-1.0,-1.0,-1
2021-05-03,1.2293,1.231885,1.226685,1.227795,-1.0,-1.0,-1
2021-05-04,1.227775,1.23519,1.227545,1.23067,-1.0,-1.0,-1
2021-05-05,1.2309,1.231195,1.22518,1.22662,-1.0,-1.0,-1
2021-05-06,1.2268,1.22886,1.21418,1.2151,-1.0,-1.0,-1
2021-05-07,1.21542,1.21937,1.212575,1.212625,-1.0,-1.0,-1
2021-05-10,1.212775,1.213565,1.2079,1.210405,-1.0,-1.0,-1
2021-05-11,1.210295,1.212625,1.207845,1.2102,-1.0,-1.0,-1
2021-05-12,1.2101,1.213825,1.20462,1.213435,-1.0,-1.0,-1
2021-05-13,1.213175,1.220325,1.21041,1.216225,-1.0,-1.0,-1
2021-05-14,1.2164,1.217915,1.208055,1.21063,-1.0,-1.0,-1
2021-05-17,1.21105,1.213665,1.206095,1.206805,-1.0,-1.0,-1
2021-05-18,1.2071,1.208165,1.201325,1.20626,-1.0,-1.0,-1
2021-05-19,1.2063,1.214305,1.205425,1.21331,-1.0,-1.0,-1
2021-05-20,1.21278,1.214445,1.204925,1.205935,-1.0,-1.0,-1
2021-05-21,1.205775,1.20949,1.20276,1.206955,-1.0,-1.0,-1
2021-05-24,1.2063,1.20857,1.20411,1.20443,-1.0,-1.0,-1
2021-05-25,1.20485,1.20785,1.202915,1.206615,-1.0,-1.0,-1
2021-05-26,1.206725,1.21279,1.204355,1.21237,-1.0,-1.0,-1
2021-05-27,1.21205,1.214215,1.20566,1.20665,-1.0,-1.0,-1
2021-05-28,1.20675,1.21202,1.20631,1.207395,-1.0,-1.0,-1
2021-05-31,1.207,1.209185,1.204725,1.20661,-1.0,-1.0,-1
2021-06-01,1.2065,1.207775,1.20068,1.207095,-1.0,-1.0,-1
2021-06-02,1.207125,1.209195,1.202905,1.20345,-1.0,-1.0,-1
2021-06-03,1.20365,1.211995,1.20302,1.21087,-1.0,-1.0,-1
2021-06-04,1.211025,1.213315,1.20706,1.208525,-1.0,-1.0,-1
2021-06-07,1.207625,1.21068,1.20571,1.208125,-1.0,-1.0,-1
2021-06-08,1.208225,1.211775,1.207115,1.21112,-1.0,-1.0,-1
2021-06-09,1.2111,1.21176,1.205855,1.21106,-1.0,-1.0,-1
2021-06-10,1.21085,1.21248,1.207025,1.209485,-1.0,-1.0,-1
2021-06-11,1.20975,1.217735,1.20801,1.216,-1.0,-1.0,-1
2021-06-14,1.21615,1.217135,1.212825,1.214675,-1.0,-1.0,-1
2021-06-15,1.214675,1.220415,1.21297,1.218665,-1.0,-1.0,-1
2021-06-16,1.218325,1.22839,1.215695,1.227735,-1.0,-1.0,-1
2021-06-17,1.2272,1.237825,1.22626,1.2356,-1.0,-1.0,-1
2021-06-18,1.23592,1.24808,1.233915,1.24693,-1.0,-1.0,-1
2021-06-21,1.2468,1.24872,1.235335,1.236095,-1.0,-1.0,-1
2021-06-22,1.23625,1.240345,1.23022,1.23066,-1.0,-1.0,-1
2021-06-23,1.230625,1.23288,1.225255,1.23069,-1.0,-1.0,-1
2021-06-24,1.230775,1.23408,1.228255,1.23235,-1.0,-1.0,-1
2021-06-25,1.232225,1.23298,1.227215,1.22935,-1.0,-1.0,-1
2021-06-28,1.2295,1.234785,1.228775,1.23407,-1.0,-1.0,-1
2021-06-29,1.23375,1.240315,1.233165,1.24014,-1.0,-1.0,-1
2021-06-30,1.239875,1.24238,1.235575,1.239815,-1.0,-1.0,-1
2021-07-01,1.239825,1.24457,1.23648,1.24361,-1.0,-1.0,-1
2021-07-02,1.243995,1.24499,1.2309,1.23204,-1.0,-1.0,-1
2021-07-05,1.23255,1.23719,1.23204,1.23376,-1.0,-1.0,-1
2021-07-06,1.233645,1.249485,1.230285,1.24566,-1.0,-1.0,-1
2021-07-07,1.2461,1.25196,1.242315,1.2484,-1.0,-1.0,-1
2021-07-08,1.248275,1.259055,1.247825,1.253365,-1.0,-1.0,-1
2021-07-09,1.253005,1.25571,1.24432,1.24473,-1.0,-1.0,-1
2021-07-12,1.24565,1.25146,1.244375,1.24534,-1.0,-1.0,-1
2021-07-13,1.24525,1.25396,1.24425,1.25143,-1.0,-1.0,-1
2021-07-14,1.251345,1.25264,1.242565,1.25117,-1.0,-1.0,-1
2021-07-15,1.251345,1.261365,1.250145,1.25956,-1.0,-1.0,-1
2021-07-16,1.259275,1.262145,1.25611,1.261615,-1.0,-1.0,-1
2021-07-19,1.2609,1.280795,1.2608,1.274595,-1.0,-1.0,-1
2021-07-20,1.27468,1.278675,1.267475,1.268115,-1.0,-1.0,-1
2021-07-21,1.267975,1.273025,1.252575,1.256385,-1.0,-1.0,-1
2021-07-22,1.256,1.259475,1.25292,1.255825,-1.0,-1.0,-1
2021-07-23,1.25643,1.260725,1.255525,1.25658,-1.0,-1.0,-1
2021-07-26,1.256075,1.25909,1.25283,1.254635,-1.0,-1.0,-1
2021-07-27,1.25515,1.26044,1.25382,1.260275,-1.0,-1.0,-1
2021-07-28,1.26023,1.260455,1.251575,1.25232,-1.0,-1.0,-1
2021-07-29,1.25247,1.25304,1.24326,1.244675,-1.0,-1.0,-1
2021-07-30,1.2445,1.24916,1.242245,1.2474,-1.0,-1.0,-1
2021-08-02,1.24865,1.2515,1.245295,1.25042,-1.0,-1.0,-1
2021-08-03,1.250625,1.257585,1.248955,1.253705,-1.0,-1.0,-1
2021-08-04,1.253875,1.25628,1.251565,1.254085,-1.0,-1.0,-1
2021-08-05,1.2542,1.25476,1.24749,1.250075,-1.0,-1.0,-1
2021-08-06,1.250075,1.258105,1.24944,1.25608,-1.0,-1.0,-1
2021-08-09,1.2552,1.258795,1.253165,1.257875,-1.0,-1.0,-1
2021-08-10,1.257875,1.258935,1.251915,1.25207,-1.0,-1.0,-1
2021-08-11,1.25205,1.25486,1.24894,1.250575,-1.0,-1.0,-1
2021-08-12,1.250775,1.25336,1.2501,1.25229,-1.0,-1.0,-1
2021-08-13,1.25303,1.25321,1.250145,1.2517,-1.0,-1.0,-1
2021-08-16,1.251855,1.25843,1.250275,1.257415,-1.0,-1.0,-1
2021-08-17,1.257275,1.264915,1.25695,1.262925,-1.0,-1.0,-1
2021-08-18,1.2625,1.266275,1.259825,1.265915,-1.0,-1.0,-1
2021-08-19,1.2658,1.28311,1.264895,1.28285,-1.0,-1.0,-1
2021-08-20,1.282575,1.29491,1.28145,1.28237,-1.0,-1.0,-1
2021-08-23,1.2815,1.28338,1.26428,1.264975,-1.0,-1.0,-1
2021-08-24,1.2652,1.265795,1.25788,1.25884,-1.0,-1.0,-1
2021-08-25,1.259095,1.264375,1.25871,1.258995,-1.0,-1.0,-1
2021-08-26,1.259275,1.26954,1.25864,1.26865,-1.0,-1.0,-1
2021-08-27,1.268425,1.270835,1.26057,1.261825,-1.0,-1.0,-1
2021-08-30,1.26257,1.26343,1.25737,1.260615,-1.0,-1.0,-1
2021-08-31,1.26072,1.265365,1.256955,1.261525,-1.0,-1.0,-1
2021-09-01,1.2612,1.26373,1.25805,1.2619,-1.0,-1.0,-1
2021-09-02,1.26195,1.26384,1.254805,1.25527,-1.0,-1.0,-1
2021-09-03,1.255075,1.255925,1.249375,1.2529,-1.0,-1.0,-1
2021-09-06,1.25255,1.25591,1.25236,1.25354,-1.0,-1.0,-1
2021-09-07,1.253675,1.26559,1.251975,1.264865,-1.0,-1.0,-1
2021-09-08,1.26473,1.276195,1.26264,1.269365,-1.0,-1.0,-1
2021-09-09,1.26943,1.272775,1.26227,1.266355,-1.0,-1.0,-1
2021-09-10,1.266575,1.26949,1.258275,1.269175,-1.0,-1.0,-1
2021-09-13,1.268525,1.269555,1.26383,1.26435,-1.0,-1.0,-1
2021-09-14,1.26435,1.269835,1.26013,1.269325,-1.0,-1.0,-1
2021-09-15,1.269375,1.27087,1.262415,1.262575,-1.0,-1.0,-1
2021-09-16,1.263075,1.26998,1.26166,1.268295,-1.0,-1.0,-1
2021-09-17,1.268055,1.277365,1.263665,1.27729,-1.0,-1.0,-1
2021-09-20,1.2764,1.289625,1.27597,1.28179,-1.0,-1.0,-1
2021-09-21,1.282625,1.28484,1.274315,1.28152,-1.0,-1.0,-1
2021-09-22,1.28215,1.282645,1.26984,1.27728,-1.0,-1.0,-1
2021-09-23,1.27715,1.279605,1.26337,1.265605,-1.0,-1.0,-1
2021-09-24,1.26525,1.273055,1.264085,1.265375,-1.0,-1.0,-1
2021-09-27,1.26487,1.267265,1.261025,1.26284,-1.0,-1.0,-1
2021-09-28,1.262925,1.27075,1.25937,1.2685,-1.0,-1.0,-1
2021-09-29,1.268695,1.277465,1.266855,1.275375,-1.0,-1.0,-1
2021-09-30,1.27585,1.276305,1.26303,1.268265,-1.0,-1.0,-1
2021-10-01,1.26805,1.273915,1.262805,1.264315,-1.0,-1.0,-1
2021-10-04,1.26445,1.2655,1.255775,1.258915,-1.0,-1.0,-1
2021-10-05,1.258925,1.26297,1.25456,1.258105,-1.0,-1.0,-1
2021-10-06,1.258025,1.26482,1.257805,1.258975,-1.0,-1.0,-1
2021-10-07,1.259375,1.259955,1.254035,1.25513,-1.0,-1.0,-1
2021-10-08,1.25535,1.25624,1.245165,1.247575,-1.0,-1.0,-1
2021-10-11,1.24775,1.249195,1.24465,1.24838,-1.0,-1.0,-1
2021-10-12,1.2483,1.24987,1.243455,1.24672,-1.0,-1.0,-1
2021-10-13,1.246325,1.247895,1.243065,1.244245,-1.0,-1.0,-1
2021-10-14,1.244655,1.244655,1.235475,1.237005,-1.0,-1.0,-1
2021-10-15,1.23705,1.239775,1.233675,1.23642,-1.0,-1.0,-1
2021-10-18,1.237295,1.24098,1.234925,1.23789,-1.0,-1.0,-1
2021-10-19,1.2376,1.238275,1.231135,1.23645,-1.0,-1.0,-1
2021-10-20,1.23602,1.236815,1.23076,1.23183,-1.0,-1.0,-1
2021-10-21,1.231525,1.238385,1.228875,1.236875,-1.0,-1.0,-1
2021-10-22,1.236795,1.239015,1.2321,1.2369,-1.0,-1.0,-1
2021-10-25,1.2371,1.24003,1.233825,1.238295,-1.0,-1.0,-1
2021-10-26,1.238625,1.23965,1.23503,1.23897,-1.0,-1.0,-1
2021-10-27,1.239,1.243175,1.230035,1.2362,-1.0,-1.0,-1
2021-10-28,1.2357,1.23827,1.233025,1.234515,-1.0,-1.0,-1
2021-10-29,1.23445,1.2408,1.232805,1.238545,-1.0,-1.0,-1
2021-11-01,1.23855,1.240355,1.2352,1.23695,-1.0,-1.0,-1
2021-11-02,1.23705,1.24248,1.23675,1.240935,-1.0,-1.0,-1
2021-11-03,1.241175,1.245765,1.23808,1.23922,-1.0,-1.0,-1
2021-11-04,1.238875,1.247165,1.23775,1.245665,-1.0,-1.0,-1
2021-11-05,1.2459,1.247965,1.243605,1.245615,-1.0,-1.0,-1
2021-11-08,1.2453,1.246555,1.24359,1.24423,-1.0,-1.0,-1
2021-11-09,1.244675,1.248605,1.242865,1.24364,-1.0,-1.0,-1
2021-11-10,1.24378,1.25038,1.238745,1.24961,-1.0,-1.0,-1
2021-11-11,1.248875,1.25964,1.248005,1.258125,-1.0,-1.0,-1
2021-11-12,1.257975,1.26047,1.25412,1.25542,-1.0,-1.0,-1
2021-11-15,1.254725,1.255605,1.25017,1.2515,-1.0,-1.0,-1
2021-11-16,1.25165,1.25683,1.249285,1.25615,-1.0,-1.0,-1
2021-11-17,1.25627,1.26227,1.25215,1.261115,-1.0,-1.0,-1
2021-11-18,1.26135,1.264705,1.2593,1.260205,-1.0,-1.0,-1
2021-11-19,1.2605,1.26623,1.25848,1.2644,-1.0,-1.0,-1
2021-11-22,1.264525,1.270555,1.262795,1.270025,-1.0,-1.0,-1
2021-11-23,1.269925,1.27447,1.266035,1.26687,-1.0,-1.0,-1
2021-11-24,1.26705,1.27104,1.265115,1.266555,-1.0,-1.0,-1
2021-11-25,1.26617,1.26772,1.264105,1.26496,-1.0,-1.0,-1
2021-11-26,1.2652,1.27994,1.26497,1.27915,-1.0,-1.0,-1
2021-11-29,1.275925,1.279335,1.272075,1.2739,-1.0,-1.0,-1
2021-11-30,1.27445,1.283735,1.273065,1.27788,-1.0,-1.0,-1
2021-12-01,1.278075,1.28299,1.271265,1.28189,-1.0,-1.0,-1
2021-12-02,1.28175,1.283785,1.277865,1.28075,-1.0,-1.0,-1
2021-12-03,1.2807,1.28543,1.27441,1.2844,-1.0,-1.0,-1
2021-12-06,1.282775,1.28429,1.275355,1.27564,-1.0,-1.0,-1
2021-12-07,1.27555,1.27675,1.263515,1.26393,-1.0,-1.0,-1
2021-12-08,1.264655,1.26666,1.260775,1.265305,-1.0,-1.0,-1
2021-12-09,1.2653,1.272215,1.26499,1.271355,-1.0,-1.0,-1
2021-12-10,1.27148,1.273965,1.267935,1.272595,-1.0,-1.0,-1
2021-12-13,1.27305,1.282135,1.270605,1.280955,-1.0,-1.0,-1
2021-12-14,1.28114,1.286525,1.27977,1.2863,-1.0,-1.0,-1
2021-12-15,1.286025,1.29376,1.28307,1.2833,-1.0,-1.0,-1
2021-12-16,1.283575,1.285785,1.276355,1.27743,-1.0,-1.0,-1
2021-12-17,1.27805,1.29016,1.276975,1.288835,-1.0,-1.0,-1
2021-12-20,1.2892,1.2964,1.288655,1.294155,-1.0,-1.0,-1
2021-12-21,1.2943,1.294685,1.29128,1.29135,-1.0,-1.0,-1
2021-12-22,1.29115,1.292455,1.28327,1.283665,-1.0,-1.0,-1
2021-12-23,1.28383,1.28537,1.279825,1.28073,-1.0,-1.0,-1
2021-12-24,1.2809,1.283485,1.27863,1.280875,-1.0,-1.0,-1
2021-12-27,1.280975,1.28477,1.2779,1.27874,-1.0,-1.0,-1
2021-12-28,1.2789,1.283185,1.277825,1.281675,-1.0,-1.0,-1
2021-12-29,1.2818,1.28349,1.27882,1.27905,-1.0,-1.0,-1
2021-12-30,1.27875,1.28128,1.273415,1.27404,-1.0,-1.0,-1
2021-12-31,1.273975,1.27508,1.262055,1.26414,-1.0,-1.0,-1
2022-01-03,1.264045,1.27791,1.263065,1.27454,-1.0,-1.0,-1
2022-01-04,1.275275,1.276605,1.266725,1.270725,-1.0,-1.0,-1
2022-01-05,1.27082,1.27665,1.26917,1.275555,-1.0,-1.0,-1
2022-01-06,1.27562,1.281385,1.270685,1.272795,-1.0,-1.0,-1
2022-01-07,1.272625,1.27306,1.26321,1.264545,-1.0,-1.0,-1
2022-01-10,1.264505,1.26978,1.26104,1.267815,-1.0,-1.0,-1
2022-01-11,1.267775,1.267925,1.25674,1.257275,-1.0,-1.0,-1
2022-01-12,1.257575,1.25802,1.249565,1.25081,-1.0,-1.0,-1
2022-01-13,1.250425,1.252115,1.24533,1.25205,-1.0,-1.0,-1
2022-01-14,1.2508,1.257055,1.247105,1.25501,-1.0,-1.0,-1
2022-01-17,1.2538,1.25573,1.250035,1.25177,-1.0,-1.0,-1
2022-01-18,1.251875,1.256375,1.248615,1.25129,-1.0,-1.0,-1
2022-01-19,1.25145,1.2525,1.245065,1.25149,-1.0,-1.0,-1
2022-01-20,1.251125,1.25167,1.24532,1.250385,-1.0,-1.0,-1
2022-01-21,1.250525,1.258725,1.249855,1.25811,-1.0,-1.0,-1
2022-01-24,1.25795,1.27022,1.255455,1.26389,-1.0,-1.0,-1
2022-01-25,1.26342,1.266955,1.259745,1.262965,-1.0,-1.0,-1
2022-01-26,1.26295,1.268805,1.25595,1.266885,-1.0,-1.0,-1
2022-01-27,1.266825,1.27478,1.26504,1.27421,-1.0,-1.0,-1
2022-01-28,1.2738,1.279675,1.27129,1.277,-1.0,-1.0,-1
2022-01-31,1.27715,1.277725,1.268215,1.27076,-1.0,-1.0,-1
2022-02-01,1.271075,1.272665,1.265525,1.268505,-1.0,-1.0,-1
2022-02-02,1.2686,1.2706,1.265045,1.26676,-1.0,-1.0,-1
2022-02-03,1.2673,1.271555,1.265805,1.267795,-1.0,-1.0,-1
2022-02-04,1.268075,1.27877,1.266305,1.27645,-1.0,-1.0,-1
2022-02-07,1.274965,1.27565,1.26581,1.2667,-1.0,-1.0,-1
2022-02-08,1.266925,1.272105,1.266435,1.270745,-1.0,-1.0,-1
2022-02-09,1.271,1.271555,1.266515,1.26715,-1.0,-1.0,-1
2022-02-10,1.26712,1.272775,1.263615,1.272055,-1.0,-1.0,-1
2022-02-11,1.272075,1.27537,1.266935,1.27316,-1.0,-1.0,-1
2022-02-14,1.27356,1.278415,1.272015,1.27281,-1.0,-1.0,-1
2022-02-15,1.272675,1.277465,1.27012,1.271795,-1.0,-1.0,-1
2022-02-16,1.2721,1.272595,1.26637,1.26905,-1.0,-1.0,-1
2022-02-17,1.269325,1.27345,1.26748,1.27083,-1.0,-1.0,-1
2022-02-18,1.2706,1.276085,1.267385,1.275555,-1.0,-1.0,-1
2022-02-21,1.275255,1.27621,1.27221,1.27543,-1.0,-1.0,-1
2022-02-22,1.27518,1.27833,1.27188,1.27701,-1.0,-1.0,-1
2022-02-23,1.27685,1.276995,1.26817,1.273525,-1.0,-1.0,-1
2022-02-24,1.273325,1.28777,1.272845,1.28151,-1.0,-1.0,-1
2022-02-25,1.28126,1.282065,1.26957,1.27065,-1.0,-1.0,-1
2022-02-28,1.27625,1.280985,1.26598,1.26718,-1.0,-1.0,-1
2022-03-01,1.267295,1.27503,1.26538,1.274275,-1.0,-1.0,-1
2022-03-02,1.27385,1.27451,1.262815,1.26305,-1.0,-1.0,-1
2022-03-03,1.2637,1.269285,1.258715,1.26813,-1.0,-1.0,-1
2022-03-04,1.267775,1.27922,1.266975,1.2734,-1.0,-1.0,-1
2022-03-07,1.273175,1.28209,1.26858,1.282065,-1.0,-1.0,-1
2022-03-08,1.2814,1.290095,1.2796,1.28868,-1.0,-1.0,-1
2022-03-09,1.288925,1.28945,1.28036,1.280645,-1.0,-1.0,-1
2022-03-10,1.28065,1.284195,1.275065,1.27676,-1.0,-1.0,-1
2022-03-11,1.27705,1.279425,1.269405,1.2749,-1.0,-1.0,-1
2022-03-14,1.27335,1.28267,1.27285,1.282395,-1.0,-1.0,-1
2022-03-15,1.2819,1.28715,1.27617,1.276555,-1.0,-1.0,-1
2022-03-16,1.2768,1.277835,1.26752,1.267705,-1.0,-1.0,-1
2022-03-17,1.26815,1.2699,1.261305,1.26272,-1.0,-1.0,-1
2022-03-18,1.26277,1.264705,1.25891,1.260395,-1.0,-1.0,-1
2022-03-21,1.26105,1.26219,1.25653,1.259315,-1.0,-1.0,-1
2022-03-22,1.25886,1.26242,1.256755,1.25701,-1.0,-1.0,-1
2022-03-23,1.257175,1.26056,1.254215,1.256105,-1.0,-1.0,-1
2022-03-24,1.256025,1.258625,1.25098,1.25258,-1.0,-1.0,-1
2022-03-25,1.2525,1.255335,1.246555,1.24765,-1.0,-1.0,-1
2022-03-28,1.2483,1.259295,1.24734,1.25179,-1.0,-1.0,-1
2022-03-29,1.251875,1.25301,1.24701,1.250185,-1.0,-1.0,-1
2022-03-30,1.249625,1.25089,1.24297,1.24811,-1.0,-1.0,-1
2022-03-31,1.24805,1.25333,1.246425,1.25047,-1.0,-1.0,-1
2022-04-01,1.250775,1.253965,1.24806,1.2516,-1.0,-1.0,-1
2022-04-04,1.251825,1.252875,1.246805,1.248535,-1.0,-1.0,-1
2022-04-05,1.2485,1.249875,1.240295,1.24863,-1.0,-1.0,-1
2022-04-06,1.24865,1.255895,1.247925,1.25434,-1.0,-1.0,-1
2022-04-07,1.25405,1.26115,1.25384,1.25904,-1.0,-1.0,-1
2022-04-08,1.259075,1.26192,1.25649,1.257405,-1.0,-1.0,-1
2022-04-11,1.2568,1.2641,1.25638,1.26328,-1.0,-1.0,-1
2022-04-12,1.263,1.26617,1.258145,1.26447,-1.0,-1.0,-1
2022-04-13,1.264425,1.267625,1.255515,1.256425,-1.0,-1.0,-1
2022-04-14,1.256725,1.264225,1.25214,1.2603,-1.0,-1.0,-1
2022-04-15,1.25995,1.262175,1.25905,1.261145,-1.0,-1.0,-1
2022-04-18,1.260985,1.26442,1.260365,1.26103,-1.0,-1.0,-1
2022-04-19,1.2615,1.2647,1.256815,1.26182,-1.0,-1.0,-1
2022-04-20,1.261575,1.262475,1.247255,1.249535,-1.0,-1.0,-1
2022-04-21,1.2499,1.25904,1.245855,1.258295,-1.0,-1.0,-1
2022-04-22,1.25822,1.272635,1.25676,1.271605,-1.0,-1.0,-1
2022-04-25,1.27193,1.277735,1.270805,1.273555,-1.0,-1.0,-1
2022-04-26,1.273875,1.282825,1.26845,1.282595,-1.0,-1.0,-1
2022-04-27,1.28265,1.285435,1.277815,1.281675,-1.0,-1.0,-1
2022-04-28,1.28191,1.287975,1.279115,1.280765,-1.0,-1.0,-1
2022-04-29,1.280255,1.286105,1.27188,1.285695,-1.0,-1.0,-1
2022-05-02,1.28405,1.29139,1.2833,1.28775,-1.0,-1.0,-1
2022-05-03,1.28805,1.28938,1.28255,1.283925,-1.0,-1.0,-1
2022-05-04,1.283725,1.28534,1.273015,1.274225,-1.0,-1.0,-1
2022-05-05,1.274625,1.286825,1.27136,1.28333,-1.0,-1.0,-1
2022-05-06,1.28405,1.29126,1.28138,1.2908,-1.0,-1.0,-1
2022-05-09,1.29055,1.30158,1.29016,1.30112,-1.0,-1.0,-1
2022-05-10,1.30107,1.30525,1.29619,1.302895,-1.0,-1.0,-1
2022-05-11,1.302625,1.303965,1.292125,1.299305,-1.0,-1.0,-1
2022-05-12,1.299525,1.30766,1.297705,1.304565,-1.0,-1.0,-1
2022-05-13,1.30475,1.30494,1.29004,1.291005,-1.0,-1.0,-1
2022-05-16,1.29225,1.29819,1.28366,1.284765,-1.0,-1.0,-1
2022-05-17,1.2849,1.285875,1.280675,1.28106,-1.0,-1.0,-1
2022-05-18,1.281425,1.28957,1.279525,1.28897,-1.0,-1.0,-1
2022-05-19,1.28915,1.289215,1.27831,1.28242,-1.0,-1.0,-1
2022-05-20,1.282395,1.286825,1.27765,1.28371,-1.0,-1.0,-1
2022-05-23,1.28445,1.285675,1.27673,1.27688,-1.0,-1.0,-1
2022-05-24,1.276775,1.287275,1.276705,1.282015,-1.0,-1.0,-1
2022-05-25,1.281725,1.288475,1.280195,1.281585,-1.0,-1.0,-1
2022-05-26,1.281575,1.28488,1.276895,1.277185,-1.0,-1.0,-1
2022-05-27,1.2779,1.278385,1.27179,1.272315,-1.0,-1.0,-1
2022-05-30,1.273145,1.27315,1.26507,1.265535,-1.0,-1.0,-1
2022-05-31,1.2657,1.268685,1.26293,1.26478,-1.0,-1.0,-1
2022-06-01,1.264925,1.267685,1.260705,1.265715,-1.0,-1.0,-1
2022-06-02,1.265725,1.268625,1.25644,1.25698,-1.0,-1.0,-1
2022-06-03,1.257425,1.259625,1.25514,1.259425,-1.0,-1.0,-1
2022-06-06,1.259375,1.260125,1.25353,1.2581,-1.0,-1.0,-1
2022-06-07,1.25795,1.261835,1.252375,1.25325,-1.0,-1.0,-1
2022-06-08,1.25323,1.25654,1.251775,1.256025,-1.0,-1.0,-1
2022-06-09,1.2553,1.270515,1.254885,1.26991,-1.0,-1.0,-1
2022-06-10,1.2699,1.28126,1.26814,1.27801,-1.0,-1.0,-1
2022-06-13,1.2781,1.28999,1.27755,1.289755,-1.0,-1.0,-1
2022-06-14,1.2896,1.297495,1.286605,1.295305,-1.0,-1.0,-1
2022-06-15,1.294705,1.299585,1.28627,1.28914,-1.0,-1.0,-1
2022-06-16,1.288955,1.297065,1.28607,1.294795,-1.0,-1.0,-1
2022-06-17,1.29478,1.30791,1.293945,1.30233,-1.0,-1.0,-1
2022-06-20,1.3031,1.304225,1.297875,1.29822,-1.0,-1.0,-1
2022-06-21,1.298025,1.29861,1.290585,1.29213,-1.0,-1.0,-1
2022-06-22,1.292425,1.29965,1.29122,1.294615,-1.0,-1.0,-1
2022-06-23,1.294725,1.30177,1.29364,1.299395,-1.0,-1.0,-1
2022-06-24,1.300475,1.300475,1.289015,1.28916,-1.0,-1.0,-1
2022-06-27,1.28937,1.291665,1.286445,1.287515,-1.0,-1.0,-1
2022-06-28,1.287675,1.28947,1.28193,1.287415,-1.0,-1.0,-1
2022-06-29,1.2864,1.290015,1.2844,1.28932,-1.0,-1.0,-1
2022-06-30,1.28935,1.29335,1.28614,1.287305,-1.0,-1.0,-1
2022-07-01,1.287575,1.296675,1.28669,1.28879,-1.0,-1.0,-1
2022-07-04,1.287675,1.2903,1.283745,1.286265,-1.0,-1.0,-1
2022-07-05,1.2866,1.30837,1.28436,1.303275,-1.0,-1.0,-1
2022-07-06,1.302775,1.30781,1.301205,1.3038,-1.0,-1.0,-1
2022-07-07,1.303925,1.306175,1.29631,1.296765,-1.0,-1.0,-1
2022-07-08,1.29685,1.30355,1.293625,1.29497,-1.0,-1.0,-1
2022-07-11,1.29465,1.305185,1.29415,1.300655,-1.0,-1.0,-1
2022-07-12,1.299975,1.30506,1.298415,1.30219,-1.0,-1.0,-1
2022-07-13,1.30225,1.306085,1.29366,1.297735,-1.0,-1.0,-1
2022-07-14,1.29813,1.32237,1.297175,1.311695,-1.0,-1.0,-1
2022-07-15,1.311725,1.313545,1.30136,1.302765,-1.0,-1.0,-1
2022-07-18,1.30205,1.3025,1.289835,1.29832,-1.0,-1.0,-1
2022-07-19,1.29685,1.299005,1.286825,1.28704,-1.0,-1.0,-1
2022-07-20,1.2871,1.29071,1.28548,1.288395,-1.0,-1.0,-1
2022-07-21,1.28825,1.293685,1.285995,1.286845,-1.0,-1.0,-1
2022-07-22,1.2868,1.292815,1.28224,1.29166,-1.0,-1.0,-1
2022-07-25,1.2921,1.29464,1.283515,1.284805,-1.0,-1.0,-1
2022-07-26,1.285075,1.29014,1.281575,1.28857,-1.0,-1.0,-1
2022-07-27,1.2888,1.29116,1.280835,1.28231,-1.0,-1.0,-1
2022-07-28,1.28372,1.28697,1.27952,1.28065,-1.0,-1.0,-1
2022-07-29,1.28085,1.28554,1.27891,1.27952,-1.0,-1.0,-1
2022-08-01,1.2815,1.285605,1.276745,1.284215,-1.0,-1.0,-1
2022-08-02,1.284225,1.288745,1.28338,1.288085,-1.0,-1.0,-1
2022-08-03,1.287525,1.28919,1.28326,1.284305,-1.0,-1.0,-1
2022-08-04,1.284455,1.287595,1.281815,1.28656,-1.0,-1.0,-1
2022-08-05,1.2864,1.298485,1.286275,1.293695,-1.0,-1.0,-1
2022-08-08,1.2936,1.29499,1.283905,1.285685,-1.0,-1.0,-1
2022-08-09,1.28585,1.29006,1.284345,1.288565,-1.0,-1.0,-1
2022-08-10,1.288875,1.28955,1.27512,1.2774,-1.0,-1.0,-1
2022-08-11,1.2775,1.27919,1.27278,1.27641,-1.0,-1.0,-1
2022-08-12,1.276375,1.280295,1.273955,1.277265,-1.0,-1.0,-1
2022-08-15,1.27735,1.293415,1.27665,1.29034,-1.0,-1.0,-1
2022-08-16,1.29055,1.292865,1.28311,1.28437,-1.0,-1.0,-1
2022-08-17,1.2847,1.293655,1.28275,1.29116,-1.0,-1.0,-1
2022-08-18,1.291025,1.29671,1.28807,1.29486,-1.0,-1.0,-1
2022-08-19,1.294575,1.30094,1.29443,1.299295,-1.0,-1.0,-1
2022-08-22,1.299025,1.30611,1.297165,1.30566,-1.0,-1.0,-1
2022-08-23,1.305525,1.306345,1.293345,1.2952,-1.0,-1.0,-1
2022-08-24,1.29595,1.30187,1.295365,1.2971,-1.0,-1.0,-1
2022-08-25,1.29665,1.297605,1.289525,1.292395,-1.0,-1.0,-1
2022-08-26,1.293575,1.304355,1.290425,1.303355,-1.0,-1.0,-1
2022-08-29,1.3034,1.3076,1.299085,1.301095,-1.0,-1.0,-1
2022-08-30,1.301025,1.310835,1.29722,1.30919,-1.0,-1.0,-1
2022-08-31,1.309075,1.314095,1.306335,1.312715,-1.0,-1.0,-1
2022-09-01,1.313345,1.3208,1.31251,1.315495,-1.0,-1.0,-1
2022-09-02,1.31585,1.31698,1.30747,1.31269,-1.0,-1.0,-1
2022-09-05,1.312875,1.317375,1.312865,1.314015,-1.0,-1.0,-1
2022-09-06,1.3148,1.317045,1.30966,1.31539,-1.0,-1.0,-1
2022-09-07,1.31535,1.32089,1.31105,1.311815,-1.0,-1.0,-1
2022-09-08,1.31258,1.31595,1.307725,1.30911,-1.0,-1.0,-1
2022-09-09,1.3098,1.309805,1.298195,1.302795,-1.0,-1.0,-1
2022-09-12,1.30405,1.304365,1.29637,1.298765,-1.0,-1.0,-1
2022-09-13,1.29862,1.31753,1.295395,1.31683,-1.0,-1.0,-1
2022-09-14,1.316475,1.320635,1.31393,1.316505,-1.0,-1.0,-1
2022-09-15,1.316345,1.32402,1.3154,1.32275,-1.0,-1.0,-1
2022-09-16,1.322925,1.33079,1.322795,1.3264,-1.0,-1.0,-1
2022-09-19,1.3265,1.33442,1.32452,1.325055,-1.0,-1.0,-1
2022-09-20,1.324945,1.337505,1.32273,1.33652,-1.0,-1.0,-1
2022-09-21,1.33652,1.34679,1.33578,1.34634,-1.0,-1.0,-1
2022-09-22,1.346365,1.354475,1.340885,1.348865,-1.0,-1.0,-1
2022-09-23,1.348775,1.361255,1.34682,1.358605,-1.0,-1.0,-1
2022-09-26,1.359525,1.38085,1.355945,1.3735,-1.0,-1.0,-1
2022-09-27,1.373705,1.377575,1.36399,1.37234,-1.0,-1.0,-1
2022-09-28,1.3732,1.383305,1.360295,1.36043,-1.0,-1.0,-1
2022-09-29,1.361745,1.375585,1.360585,1.36797,-1.0,-1.0,-1
2022-09-30,1.368195,1.38386,1.36583,1.382855,-1.0,-1.0,-1
2022-10-03,1.3814,1.382845,1.362035,1.362405,-1.0,-1.0,-1
2022-10-04,1.36225,1.36645,1.35031,1.351345,-1.0,-1.0,-1
2022-10-05,1.351375,1.369565,1.35037,1.361675,-1.0,-1.0,-1
2022-10-06,1.361575,1.375525,1.35647,1.374855,-1.0,-1.0,-1
2022-10-07,1.37438,1.37611,1.36758,1.373655,-1.0,-1.0,-1
2022-10-10,1.37368,1.37826,1.370315,1.37796,-1.0,-1.0,-1
2022-10-11,1.37788,1.38556,1.37145,1.379605,-1.0,-1.0,-1
2022-10-12,1.379825,1.383065,1.376015,1.38151,-1.0,-1.0,-1
2022-10-13,1.3819,1.39778,1.37068,1.37488,-1.0,-1.0,-1
2022-10-14,1.375655,1.38984,1.37038,1.38811,-1.0,-1.0,-1
2022-10-17,1.387825,1.388065,1.36989,1.371645,-1.0,-1.0,-1
2022-10-18,1.37165,1.38111,1.365735,1.37353,-1.0,-1.0,-1
2022-10-19,1.374325,1.38095,1.371855,1.3765,-1.0,-1.0,-1
2022-10-20,1.3762,1.3807,1.365105,1.37651,-1.0,-1.0,-1
2022-10-21,1.376525,1.385475,1.36298,1.364305,-1.0,-1.0,-1
2022-10-24,1.36345,1.37745,1.36067,1.37045,-1.0,-1.0,-1
2022-10-25,1.37095,1.374815,1.360125,1.36078,-1.0,-1.0,-1
2022-10-26,1.360955,1.36513,1.35079,1.35523,-1.0,-1.0,-1
2022-10-27,1.355125,1.36267,1.349565,1.356555,-1.0,-1.0,-1
2022-10-28,1.3564,1.36348,1.352515,1.35959,-1.0,-1.0,-1
2022-10-31,1.36035,1.368535,1.360065,1.362425,-1.0,-1.0,-1
2022-11-01,1.36295,1.3669,1.353045,1.36303,-1.0,-1.0,-1
2022-11-02,1.3633,1.371375,1.354855,1.37118,-1.0,-1.0,-1
2022-11-03,1.371125,1.38083,1.36826,1.374585,-1.0,-1.0,-1
2022-11-04,1.37485,1.375175,1.346865,1.34791,-1.0,-1.0,-1
2022-11-07,1.35356,1.355355,1.346535,1.34948,-1.0,-1.0,-1
2022-11-08,1.349305,1.352685,1.338745,1.342695,-1.0,-1.0,-1
2022-11-09,1.343675,1.3542,1.341095,1.352715,-1.0,-1.0,-1
2022-11-10,1.353305,1.35712,1.330845,1.33218,-1.0,-1.0,-1
2022-11-11,1.332125,1.3361,1.323625,1.327845,-1.0,-1.0,-1
2022-11-14,1.327,1.33169,1.32394,1.331375,-1.0,-1.0,-1
2022-11-15,1.33143,1.333645,1.3226,1.32789,-1.0,-1.0,-1
2022-11-16,1.327175,1.33471,1.322815,1.332925,-1.0,-1.0,-1
2022-11-17,1.332625,1.34013,1.33049,1.332945,-1.0,-1.0,-1
2022-11-18,1.333145,1.34092,1.330055,1.337605,-1.0,-1.0,-1
2022-11-21,1.33795,1.3495,1.337455,1.34497,-1.0,-1.0,-1
2022-11-22,1.345065,1.34569,1.336515,1.33747,-1.0,-1.0,-1
2022-11-23,1.337395,1.344025,1.334495,1.335375,-1.0,-1.0,-1
2022-11-24,1.33554,1.336235,1.331655,1.3337,-1.0,-1.0,-1
2022-11-25,1.3338,1.339855,1.33172,1.337995,-1.0,-1.0,-1
2022-11-28,1.3399,1.350475,1.33934,1.34964,-1.0,-1.0,-1
2022-11-29,1.349635,1.36459,1.34088,1.35792,-1.0,-1.0,-1
2022-11-30,1.357895,1.359435,1.340955,1.340995,-1.0,-1.0,-1
2022-12-01,1.342335,1.347095,1.33952,1.34318,-1.0,-1.0,-1
2022-12-02,1.34305,1.352115,1.34208,1.34678,-1.0,-1.0,-1
2022-12-05,1.346295,1.36054,1.33853,1.35891,-1.0,-1.0,-1
2022-12-06,1.359075,1.36759,1.35707,1.365465,-1.0,-1.0,-1
2022-12-07,1.365725,1.37,1.35894,1.365335,-1.0,-1.0,-1
2022-12-08,1.36466,1.368915,1.35612,1.359545,-1.0,-1.0,-1
2022-12-09,1.3589,1.369185,1.356905,1.364505,-1.0,-1.0,-1
2022-12-12,1.364,1.36833,1.361875,1.363575,-1.0,-1.0,-1
2022-12-13,1.363885,1.364425,1.3522,1.35452,-1.0,-1.0,-1
2022-12-14,1.354745,1.361255,1.351875,1.354855,-1.0,-1.0,-1
2022-12-15,1.354325,1.36742,1.35407,1.36568,-1.0,-1.0,-1
2022-12-16,1.3665,1.37052,1.36177,1.37006,-1.0,-1.0,-1
2022-12-19,1.367705,1.36948,1.362325,1.36462,-1.0,-1.0,-1
2022-12-20,1.364555,1.37042,1.358,1.36099,-1.0,-1.0,-1
2022-12-21,1.36121,1.363795,1.35891,1.36126,-1.0,-1.0,-1
2022-12-22,1.36105,1.368505,1.357105,1.36624,-1.0,-1.0,-1
2022-12-23,1.36558,1.365865,1.356295,1.35985,-1.0,-1.0,-1
2022-12-26,1.36172,1.36179,1.35753,1.3582,-1.0,-1.0,-1
2022-12-27,1.35813,1.358205,1.34844,1.352255,-1.0,-1.0,-1
2022-12-28,1.35107,1.3612,1.348575,1.360955,-1.0,-1.0,-1
2022-12-29,1.3605,1.360905,1.35382,1.354775,-1.0,-1.0,-1
2022-12-30,1.35476,1.358195,1.35142,1.35389,-1.0,-1.0,-1
2023-01-03,1.35635,1.36854,1.352305,1.36705,-1.0,-1.0,-1
2023-01-04,1.36745,1.36805,1.347565,1.347815,-1.0,-1.0,-1
2023-01-05,1.348015,1.35955,1.34701,1.35715,-1.0,-1.0,-1
2023-01-06,1.357255,1.366475,1.34334,1.344335,-1.0,-1.0,-1
2023-01-09,1.3442,1.344525,1.335725,1.338885,-1.0,-1.0,-1
2023-01-10,1.33908,1.344565,1.33762,1.34255,-1.0,-1.0,-1
2023-01-11,1.34148,1.344525,1.34045,1.34242,-1.0,-1.0,-1
2023-01-12,1.34225,1.346075,1.334535,1.336885,-1.0,-1.0,-1
2023-01-13,1.33559,1.34395,1.33217,1.33974,-1.0,-1.0,-1
2023-01-16,1.33908,1.34183,1.335265,1.340845,-1.0,-1.0,-1
2023-01-17,1.341075,1.343725,1.336935,1.3389,-1.0,-1.0,-1
2023-01-18,1.3389,1.350035,1.33509,1.349245,-1.0,-1.0,-1
2023-01-19,1.349365,1.3521,1.34466,1.346515,-1.0,-1.0,-1
2023-01-20,1.346175,1.349765,1.33735,1.338155,-1.0,-1.0,-1
2023-01-23,1.338725,1.34179,1.334195,1.336775,-1.0,-1.0,-1
2023-01-24,1.337525,1.34139,1.334655,1.336915,-1.0,-1.0,-1
2023-01-25,1.33665,1.342825,1.33401,1.3392,-1.0,-1.0,-1
2023-01-26,1.33869,1.340795,1.33034,1.33217,-1.0,-1.0,-1
2023-01-27,1.3326,1.33468,1.33004,1.33105,-1.0,-1.0,-1
2023-01-30,1.331275,1.338935,1.329985,1.33873,-1.0,-1.0,-1
2023-01-31,1.338675,1.34719,1.329895,1.33066,-1.0,-1.0,-1
2023-02-01,1.330775,1.338025,1.32667,1.329065,-1.0,-1.0,-1
2023-02-02,1.328645,1.334775,1.326245,1.33157,-1.0,-1.0,-1
2023-02-03,1.331775,1.34262,1.33119,1.3397,-1.0,-1.0,-1
2023-02-06,1.3417,1.347585,1.33965,1.344645,-1.0,-1.0,-1
2023-02-07,1.3449,1.346915,1.33802,1.339895,-1.0,-1.0,-1
2023-02-08,1.340075,1.345055,1.336045,1.34467,-1.0,-1.0,-1
2023-02-09,1.344005,1.34632,1.337265,1.34531,-1.0,-1.0,-1
2023-02-10,1.345295,1.34724,1.333805,1.33465,-1.0,-1.0,-1
2023-02-13,1.334705,1.337985,1.3325,1.33324,-1.0,-1.0,-1
2023-02-14,1.333665,1.339085,1.3274,1.333685,-1.0,-1.0,-1
2023-02-15,1.33382,1.34404,1.332905,1.339425,-1.0,-1.0,-1
2023-02-16,1.33882,1.34794,1.33575,1.345735,-1.0,-1.0,-1
2023-02-17,1.34503,1.353745,1.34503,1.347275,-1.0,-1.0,-1
2023-02-20,1.348025,1.349455,1.344155,1.345235,-1.0,-1.0,-1
2023-02-21,1.345425,1.354955,1.34414,1.35378,-1.0,-1.0,-1
2023-02-22,1.35352,1.35685,1.35145,1.35514,-1.0,-1.0,-1
2023-02-23,1.35538,1.35813,1.35162,1.354865,-1.0,-1.0,-1
2023-02-24,1.354035,1.36653,1.35273,1.36107,-1.0,-1.0,-1
2023-02-27,1.360665,1.36245,1.3534,1.35754,-1.0,-1.0,-1
2023-02-28,1.357405,1.364835,1.356085,1.36471,-1.0,-1.0,-1
2023-03-01,1.36427,1.365915,1.35843,1.359315,-1.0,-1.0,-1
2023-03-02,1.35955,1.36417,1.358245,1.359595,-1.0,-1.0,-1
2023-03-03,1.35917,1.36445,1.35552,1.359645,-1.0,-1.0,-1
2023-03-06,1.36,1.3629,1.3582,1.36126,-1.0,-1.0,-1
2023-03-07,1.361395,1.37613,1.36001,1.37538,-1.0,-1.0,-1
2023-03-08,1.37483,1.38149,1.374505,1.380485,-1.0,-1.0,-1
2023-03-09,1.37998,1.383725,1.375265,1.38279,-1.0,-1.0,-1
2023-03-10,1.3825,1.38622,1.376155,1.38323,-1.0,-1.0,-1
2023-03-13,1.379855,1.38173,1.36773,1.373105,-1.0,-1.0,-1
2023-03-14,1.37278,1.37505,1.365165,1.36852,-1.0,-1.0,-1
2023-03-15,1.36845,1.38145,1.366025,1.37679,-1.0,-1.0,-1
2023-03-16,1.3764,1.378805,1.37137,1.3721,-1.0,-1.0,-1
2023-03-17,1.37209,1.37735,1.36779,1.37325,-1.0,-1.0,-1
2023-03-20,1.3721,1.374725,1.365175,1.366485,-1.0,-1.0,-1
2023-03-21,1.366365,1.37374,1.36442,1.37128,-1.0,-1.0,-1
2023-03-22,1.371445,1.374385,1.365695,1.373205,-1.0,-1.0,-1
2023-03-23,1.37335,1.3735,1.363095,1.37154,-1.0,-1.0,-1
2023-03-24,1.37197,1.38048,1.37079,1.374685,-1.0,-1.0,-1
2023-03-27,1.373625,1.374535,1.36494,1.366045,-1.0,-1.0,-1
2023-03-28,1.365725,1.369525,1.35918,1.360265,-1.0,-1.0,-1
2023-03-29,1.36021,1.361675,1.355645,1.35585,-1.0,-1.0,-1
2023-03-30,1.355935,1.358135,1.35161,1.35224,-1.0,-1.0,-1
2023-03-31,1.3525,1.356455,1.350765,1.35172,-1.0,-1.0,-1
2023-04-03,1.34941,1.35366,1.341165,1.34371,-1.0,-1.0,-1
2023-04-04,1.34274,1.34676,1.340635,1.3445,-1.0,-1.0,-1
2023-04-05,1.34452,1.34834,1.34263,1.34574,-1.0,-1.0,-1
2023-04-06,1.3461,1.3506,1.34472,1.349285,-1.0,-1.0,-1
2023-04-07,1.34925,1.353075,1.34857,1.351075,-1.0,-1.0,-1
2023-04-10,1.35054,1.35541,1.348505,1.35092,-1.0,-1.0,-1
2023-04-11,1.3509,1.35163,1.34624,1.34666,-1.0,-1.0,-1
2023-04-12,1.346875,1.34896,1.342825,1.344175,-1.0,-1.0,-1
2023-04-13,1.34375,1.34484,1.33335,1.3337,-1.0,-1.0,-1
2023-04-14,1.33403,1.339575,1.330095,1.337525,-1.0,-1.0,-1
2023-04-17,1.337155,1.34203,1.33427,1.339425,-1.0,-1.0,-1
2023-04-18,1.33955,1.339975,1.33597,1.338995,-1.0,-1.0,-1
2023-04-19,1.339225,1.346715,1.338495,1.346105,-1.0,-1.0,-1
2023-04-20,1.345615,1.348975,1.344855,1.34771,-1.0,-1.0,-1
2023-04-21,1.347775,1.356355,1.3473,1.353905,-1.0,-1.0,-1
2023-04-24,1.3536,1.35675,1.35227,1.354045,-1.0,-1.0,-1
2023-04-25,1.35365,1.364795,1.352485,1.36271,-1.0,-1.0,-1
2023-04-26,1.362615,1.3651,1.359935,1.363655,-1.0,-1.0,-1
2023-04-27,1.3631,1.36454,1.358915,1.359205,-1.0,-1.0,-1
2023-04-28,1.359725,1.366805,1.35363,1.355215,-1.0,-1.0,-1
2023-05-01,1.354425,1.35832,1.353045,1.354355,-1.0,-1.0,-1
2023-05-02,1.354275,1.36377,1.35284,1.362565,-1.0,-1.0,-1
2023-05-03,1.362105,1.363965,1.358185,1.361505,-1.0,-1.0,-1
2023-05-04,1.360805,1.363285,1.35192,1.35392,-1.0,-1.0,-1
2023-05-05,1.353625,1.3542,1.33713,1.33751,-1.0,-1.0,-1
2023-05-08,1.3383,1.338915,1.331505,1.337435,-1.0,-1.0,-1
2023-05-09,1.337705,1.34065,1.33653,1.33835,-1.0,-1.0,-1
2023-05-10,1.338295,1.34149,1.33351,1.337175,-1.0,-1.0,-1
2023-05-11,1.33702,1.34959,1.336305,1.34912,-1.0,-1.0,-1
2023-05-12,1.348475,1.35652,1.34801,1.35495,-1.0,-1.0,-1
2023-05-15,1.354875,1.356775,1.345945,1.34665,-1.0,-1.0,-1
2023-05-16,1.346705,1.349375,1.34042,1.34828,-1.0,-1.0,-1
2023-05-17,1.34683,1.353615,1.343725,1.34544,-1.0,-1.0,-1
2023-05-18,1.345695,1.352475,1.34516,1.350285,-1.0,-1.0,-1
2023-05-19,1.350345,1.352385,1.34687,1.35032,-1.0,-1.0,-1
2023-05-22,1.3506,1.35191,1.34853,1.35051,-1.0,-1.0,-1
2023-05-23,1.349925,1.354895,1.34846,1.350345,-1.0,-1.0,-1
2023-05-24,1.35035,1.36058,1.34958,1.359495,-1.0,-1.0,-1
2023-05-25,1.359395,1.364505,1.35865,1.36412,-1.0,-1.0,-1
2023-05-26,1.36375,1.36548,1.36009,1.361355,-1.0,-1.0,-1
2023-05-29,1.36105,1.362395,1.358315,1.358965,-1.0,-1.0,-1
2023-05-30,1.35937,1.36135,1.356725,1.360295,-1.0,-1.0,-1
2023-05-31,1.35998,1.36513,1.35693,1.3572,-1.0,-1.0,-1
2023-06-01,1.35727,1.358525,1.343665,1.34498,-1.0,-1.0,-1
2023-06-02,1.344765,1.345135,1.3407,1.342505,-1.0,-1.0,-1
2023-06-05,1.34215,1.3462,1.341755,1.34453,-1.0,-1.0,-1
2023-06-06,1.34415,1.34525,1.33903,1.34036,-1.0,-1.0,-1
2023-06-07,1.340325,1.34268,1.33214,1.33692,-1.0,-1.0,-1
2023-06-08,1.337075,1.338805,1.33342,1.335725,-1.0,-1.0,-1
2023-06-09,1.33589,1.33713,1.33133,1.33428,-1.0,-1.0,-1
2023-06-12,1.334175,1.338385,1.331495,1.336835,-1.0,-1.0,-1
2023-06-13,1.3366,1.33787,1.3286,1.331655,-1.0,-1.0,-1
2023-06-14,1.33138,1.33532,1.32722,1.332425,-1.0,-1.0,-1
2023-06-15,1.332265,1.33548,1.32098,1.3223,-1.0,-1.0,-1
2023-06-16,1.322155,1.32395,1.317775,1.319965,-1.0,-1.0,-1
2023-06-19,1.320175,1.3229,1.31793,1.32106,-1.0,-1.0,-1
2023-06-20,1.32099,1.326995,1.32056,1.32346,-1.0,-1.0,-1
2023-06-21,1.323445,1.32458,1.315735,1.316405,-1.0,-1.0,-1
2023-06-22,1.3166,1.317925,1.313895,1.315085,-1.0,-1.0,-1
2023-06-23,1.315365,1.322595,1.314315,1.31829,-1.0,-1.0,-1
2023-06-26,1.31825,1.318605,1.313615,1.315505,-1.0,-1.0,-1
2023-06-27,1.31503,1.31923,1.31168,1.3192,-1.0,-1.0,-1
2023-06-28,1.31937,1.32768,1.318935,1.325785,-1.0,-1.0,-1
2023-06-29,1.32578,1.32857,1.32391,1.32522,-1.0,-1.0,-1
2023-06-30,1.324775,1.328555,1.320685,1.3236,-1.0,-1.0,-1
2023-07-03,1.3244,1.32735,1.323025,1.32488,-1.0,-1.0,-1
2023-07-04,1.325175,1.32569,1.320325,1.322235,-1.0,-1.0,-1
2023-07-05,1.322165,1.32933,1.32203,1.328165,-1.0,-1.0,-1
2023-07-06,1.3282,1.33728,1.32752,1.33686,-1.0,-1.0,-1
2023-07-07,1.33644,1.33871,1.32659,1.327065,-1.0,-1.0,-1
2023-07-10,1.3274,1.33045,1.326835,1.328025,-1.0,-1.0,-1
2023-07-11,1.32773,1.32897,1.323005,1.32307,-1.0,-1.0,-1
2023-07-12,1.32319,1.323415,1.314355,1.31869,-1.0,-1.0,-1
2023-07-13,1.31868,1.31949,1.31036,1.310945,-1.0,-1.0,-1
2023-07-14,1.31165,1.322715,1.309265,1.321785,-1.0,-1.0,-1
2023-07-17,1.32185,1.323245,1.316095,1.31996,-1.0,-1.0,-1
2023-07-18,1.3194,1.32436,1.316735,1.316835,-1.0,-1.0,-1
2023-07-19,1.31734,1.31933,1.315585,1.316395,-1.0,-1.0,-1
2023-07-20,1.3164,1.31947,1.31195,1.3171,-1.0,-1.0,-1
2023-07-21,1.317075,1.322655,1.31533,1.32242,-1.0,-1.0,-1
2023-07-24,1.321945,1.32289,1.31503,1.316755,-1.0,-1.0,-1
2023-07-25,1.31679,1.32097,1.314685,1.31717,-1.0,-1.0,-1
2023-07-26,1.317165,1.3238,1.316995,1.320755,-1.0,-1.0,-1
2023-07-27,1.32095,1.324325,1.315845,1.32238,-1.0,-1.0,-1
2023-07-28,1.323,1.3255,1.32015,1.3234,-1.0,-1.0,-1
2023-07-31,1.3246,1.3262,1.3151,1.319,-1.0,-1.0,-1
2023-08-01,1.3188,1.33005,1.31845,1.32815,-1.0,-1.0,-1
2023-08-02,1.32845,1.3354,1.32655,1.335,-1.0,-1.0,-1
2023-08-03,1.3352,1.33785,1.33285,1.3353,-1.0,-1.0,-1
2023-08-04,1.33505,1.33945,1.3319,1.33795,-1.0,-1.0,-1
2023-08-07,1.3375,1.33995,1.33555,1.33695,-1.0,-1.0,-1
2023-08-08,1.3364,1.35025,1.33635,1.34185,-1.0,-1.0,-1
2023-08-09,1.34195,1.34545,1.3404,1.34195,-1.0,-1.0,-1
2023-08-10,1.34255,1.34505,1.3372,1.34485,-1.0,-1.0,-1
2023-08-11,1.34485,1.34665,1.34125,1.34415,-1.0,-1.0,-1
2023-08-14,1.3443,1.34805,1.3412,1.34605,-1.0,-1.0,-1
2023-08-15,1.34645,1.3502,1.34395,1.3498,-1.0,-1.0,-1
2023-08-16,1.34985,1.35455,1.3475,1.35325,-1.0,-1.0,-1
2023-08-17,1.35325,1.3553,1.3496,1.3546,-1.0,-1.0,-1
2023-08-18,1.35365,1.35755,1.35245,1.3553,-1.0,-1.0,-1
2023-08-21,1.3549,1.3573,1.349615,1.354455,-1.0,-1.0,-1
2023-08-22,1.35425,1.35651,1.351325,1.355015,-1.0,-1.0,-1
2023-08-23,1.355125,1.360405,1.35204,1.352565,-1.0,-1.0,-1
2023-08-24,1.35238,1.358915,1.351005,1.35822,-1.0,-1.0,-1
2023-08-25,1.357535,1.364,1.356935,1.35995,-1.0,-1.0,-1
2023-08-28,1.359695,1.361195,1.35702,1.359955,-1.0,-1.0,-1
2023-08-29,1.35975,1.363755,1.355,1.35524,-1.0,-1.0,-1
2023-08-30,1.35586,1.35771,1.351325,1.35321,-1.0,-1.0,-1
2023-08-31,1.35265,1.3558,1.35041,1.35082,-1.0,-1.0,-1
2023-09-01,1.351595,1.361275,1.34893,1.359075,-1.0,-1.0,-1
2023-09-04,1.3595,1.36048,1.35755,1.35903,-1.0,-1.0,-1
2023-09-05,1.3592,1.36697,1.358795,1.364115,-1.0,-1.0,-1
2023-09-06,1.363775,1.36768,1.362245,1.36365,-1.0,-1.0,-1
2023-09-07,1.36365,1.36948,1.363215,1.368465,-1.0,-1.0,-1
2023-09-08,1.3684,1.368975,1.36081,1.364055,-1.0,-1.0,-1
2023-09-11,1.363975,1.363975,1.3561,1.35724,-1.0,-1.0,-1
2023-09-12,1.35776,1.359325,1.35436,1.3553,-1.0,-1.0,-1
2023-09-13,1.355175,1.3587,1.35211,1.35492,-1.0,-1.0,-1
2023-09-14,1.355475,1.355515,1.349335,1.350815,-1.0,-1.0,-1
2023-09-15,1.35105,1.354985,1.349415,1.35251,-1.0,-1.0,-1
2023-09-18,1.352525,1.35285,1.347195,1.348615,-1.0,-1.0,-1
2023-09-19,1.3489,1.3491,1.33798,1.3448,-1.0,-1.0,-1
2023-09-20,1.344555,1.34774,1.33957,1.34621,-1.0,-1.0,-1
2023-09-21,1.345975,1.35238,1.34572,1.348335,-1.0,-1.0,-1
2023-09-22,1.3476,1.349175,1.342365,1.34823,-1.0,-1.0,-1
2023-09-25,1.34755,1.349175,1.345325,1.34544,-1.0,-1.0,-1
2023-09-26,1.345395,1.352825,1.344905,1.35166,-1.0,-1.0,-1
2023-09-27,1.35182,1.35432,1.349535,1.3498,-1.0,-1.0,-1
2023-09-28,1.350125,1.35165,1.347035,1.348695,-1.0,-1.0,-1
2023-09-29,1.34885,1.35849,1.3417,1.357795,-1.0,-1.0,-1
2023-10-02,1.356545,1.36801,1.356175,1.367565,-1.0,-1.0,-1
2023-10-03,1.3668,1.37361,1.3668,1.37074,-1.0,-1.0,-1
2023-10-04,1.371075,1.37798,1.369055,1.374535,-1.0,-1.0,-1
2023-10-05,1.374025,1.37856,1.370375,1.37049,-1.0,-1.0,-1
2023-10-06,1.370725,1.374565,1.364385,1.3663,-1.0,-1.0,-1
2023-10-09,1.3674,1.36798,1.35812,1.358995,-1.0,-1.0,-1
2023-10-10,1.35936,1.361725,1.35694,1.358345,-1.0,-1.0,-1
2023-10-11,1.358355,1.362385,1.357135,1.359315,-1.0,-1.0,-1
2023-10-12,1.3596,1.37006,1.35785,1.369055,-1.0,-1.0,-1
2023-10-13,1.3691,1.369495,1.36366,1.36572,-1.0,-1.0,-1
2023-10-16,1.3661,1.3664,1.36066,1.361075,-1.0,-1.0,-1
2023-10-17,1.360975,1.37032,1.36062,1.365015,-1.0,-1.0,-1
2023-10-18,1.36475,1.371675,1.361705,1.37155,-1.0,-1.0,-1
2023-10-19,1.37135,1.37409,1.367945,1.371885,-1.0,-1.0,-1
2023-10-20,1.372275,1.37342,1.36698,1.37156,-1.0,-1.0,-1
2023-10-23,1.37108,1.373675,1.366755,1.369135,-1.0,-1.0,-1
2023-10-24,1.368745,1.37548,1.36611,1.37407,-1.0,-1.0,-1
2023-10-25,1.3738,1.38102,1.373055,1.379675,-1.0,-1.0,-1
2023-10-26,1.3796,1.3844,1.37896,1.383105,-1.0,-1.0,-1
2023-10-27,1.38282,1.38809,1.37963,1.38704,-1.0,-1.0,-1
2023-10-30,1.38645,1.38731,1.381335,1.382595,-1.0,-1.0,-1
2023-10-31,1.38261,1.38922,1.381375,1.38745,-1.0,-1.0,-1
2023-11-01,1.387325,1.389935,1.384125,1.385605,-1.0,-1.0,-1
2023-11-02,1.38563,1.385835,1.37359,1.37412,-1.0,-1.0,-1
2023-11-03,1.373925,1.37607,1.36533,1.36575,-1.0,-1.0,-1
2023-11-06,1.366325,1.37029,1.36294,1.36992,-1.0,-1.0,-1
2023-11-07,1.36985,1.378285,1.368855,1.376695,-1.0,-1.0,-1
2023-11-08,1.37648,1.381485,1.37548,1.37925,-1.0,-1.0,-1
2023-11-09,1.379325,1.38163,1.37467,1.38074,-1.0,-1.0,-1
2023-11-10,1.38074,1.38549,1.379135,1.3804,-1.0,-1.0,-1
2023-11-13,1.3796,1.383195,1.377725,1.38055,-1.0,-1.0,-1
2023-11-14,1.38045,1.384355,1.36846,1.36928,-1.0,-1.0,-1
2023-11-15,1.36918,1.371005,1.36547,1.368275,-1.0,-1.0,-1
2023-11-16,1.368125,1.377695,1.36776,1.375495,-1.0,-1.0,-1
2023-11-17,1.37576,1.3771,1.37082,1.37227,-1.0,-1.0,-1
2023-11-20,1.371625,1.374945,1.369,1.37247,-1.0,-1.0,-1
2023-11-21,1.37304,1.37323,1.368115,1.370105,-1.0,-1.0,-1
2023-11-22,1.3703,1.376565,1.3686,1.36871,-1.0,-1.0,-1
2023-11-23,1.369055,1.37113,1.365095,1.369705,-1.0,-1.0,-1
2023-11-24,1.3697,1.37118,1.3594,1.36345,-1.0,-1.0,-1
2023-11-27,1.36388,1.36612,1.361355,1.36162,-1.0,-1.0,-1
2023-11-28,1.36189,1.362115,1.356025,1.35741,-1.0,-1.0,-1
2023-11-29,1.35745,1.361525,1.354135,1.35889,-1.0,-1.0,-1
2023-11-30,1.35931,1.362675,1.355235,1.356125,-1.0,-1.0,-1
2023-12-01,1.356405,1.35678,1.34872,1.349645,-1.0,-1.0,-1
2023-12-04,1.349905,1.356195,1.34802,1.353695,-1.0,-1.0,-1
2023-12-05,1.353695,1.35945,1.35343,1.359235,-1.0,-1.0,-1
2023-12-06,1.358885,1.35964,1.35488,1.35933,-1.0,-1.0,-1
2023-12-07,1.359285,1.36196,1.358385,1.3599,-1.0,-1.0,-1
2023-12-08,1.3595,1.36097,1.35507,1.35822,-1.0,-1.0,-1
2023-12-11,1.358915,1.360465,1.35503,1.35738,-1.0,-1.0,-1
2023-12-12,1.357345,1.361865,1.3545,1.35901,-1.0,-1.0,-1
2023-12-13,1.35905,1.360845,1.349505,1.351835,-1.0,-1.0,-1
2023-12-14,1.35145,1.35182,1.33943,1.34069,-1.0,-1.0,-1
2023-12-15,1.34076,1.341505,1.33503,1.338285,-1.0,-1.0,-1
2023-12-18,1.33742,1.34094,1.33498,1.33989,-1.0,-1.0,-1
2023-12-19,1.33972,1.340045,1.333235,1.333275,-1.0,-1.0,-1
2023-12-20,1.334045,1.337065,1.331175,1.336955,-1.0,-1.0,-1
2023-12-21,1.33697,1.337115,1.327605,1.328275,-1.0,-1.0,-1
2023-12-22,1.328175,1.329295,1.321925,1.32585,-1.0,-1.0,-1
2023-12-26,1.325265,1.32622,1.31952,1.31957,-1.0,-1.0,-1
2023-12-27,1.31969,1.32195,1.317735,1.32084,-1.0,-1.0,-1
2023-12-28,1.3208,1.32355,1.318255,1.32293,-1.0,-1.0,-1
2023-12-29,1.322775,1.326545,1.317805,1.32496,-1.0,-1.0,-1
2024-01-02,1.324485,1.333405,1.32288,1.33212,-1.0,-1.0,-1
2024-01-03,1.33243,1.3372,1.33179,1.335285,-1.0,-1.0,-1
2024-01-04,1.335215,1.33661,1.33172,1.335015,-1.0,-1.0,-1
2024-01-05,1.335805,1.33993,1.328745,1.3365,-1.0,-1.0,-1
2024-01-08,1.335475,1.340515,1.3345,1.334765,-1.0,-1.0,-1
2024-01-09,1.33465,1.34148,1.334075,1.339045,-1.0,-1.0,-1
2024-01-10,1.33913,1.33948,1.33653,1.33807,-1.0,-1.0,-1
2024-01-11,1.3379,1.344315,1.33508,1.339485,-1.0,-1.0,-1
2024-01-12,1.33921,1.341195,1.334335,1.34106,-1.0,-1.0,-1
2024-01-15,1.340625,1.344845,1.33822,1.34261,-1.0,-1.0,-1
2024-01-16,1.342475,1.35019,1.342405,1.34952,-1.0,-1.0,-1
2024-01-17,1.349435,1.354195,1.348035,1.35059,-1.0,-1.0,-1
2024-01-18,1.350655,1.352865,1.348075,1.348725,-1.0,-1.0,-1
2024-01-19,1.348725,1.350235,1.34273,1.342985,-1.0,-1.0,-1
2024-01-22,1.342975,1.34827,1.341475,1.34791,-1.0,-1.0,-1
2024-01-23,1.34795,1.3492,1.34534,1.34616,-1.0,-1.0,-1
2024-01-24,1.346025,1.35284,1.342995,1.35234,-1.0,-1.0,-1
2024-01-25,1.35212,1.353465,1.346835,1.3475,-1.0,-1.0,-1
2024-01-26,1.347255,1.348325,1.341425,1.34539,-1.0,-1.0,-1
2024-01-29,1.346095,1.346525,1.341,1.341465,-1.0,-1.0,-1
2024-01-30,1.34163,1.344655,1.339565,1.33979,-1.0,-1.0,-1
2024-01-31,1.340275,1.344645,1.33587,1.3434,-1.0,-1.0,-1
2024-02-01,1.343795,1.34644,1.33679,1.338645,-1.0,-1.0,-1
2024-02-02,1.33858,1.34758,1.33659,1.346185,-1.0,-1.0,-1
2024-02-05,1.34672,1.3544,1.346025,1.35404,-1.0,-1.0,-1
2024-02-06,1.35385,1.354425,1.347655,1.349235,-1.0,-1.0,-1
2024-02-07,1.3493,1.3493,1.345505,1.34626,-1.0,-1.0,-1
2024-02-08,1.346405,1.349315,1.344785,1.3458,-1.0,-1.0,-1
2024-02-09,1.345705,1.348185,1.3413,1.346315,-1.0,-1.0,-1
2024-02-12,1.346475,1.347515,1.34302,1.34507,-1.0,-1.0,-1
2024-02-13,1.345225,1.358615,1.34386,1.35641,-1.0,-1.0,-1
2024-02-14,1.35648,1.357245,1.353105,1.354175,-1.0,-1.0,-1
2024-02-15,1.354195,1.355185,1.346355,1.34648,-1.0,-1.0,-1
2024-02-16,1.3466,1.350785,1.3461,1.348635,-1.0,-1.0,-1
2024-02-19,1.34795,1.34967,1.34682,1.34908,-1.0,-1.0,-1
2024-02-20,1.34895,1.35298,1.34724,1.3523,-1.0,-1.0,-1
2024-02-21,1.35232,1.353635,1.349425,1.35061,-1.0,-1.0,-1
2024-02-22,1.350425,1.35079,1.34409,1.348175,-1.0,-1.0,-1
2024-02-23,1.34835,1.351765,1.34618,1.350115,-1.0,-1.0,-1
2024-02-26,1.349535,1.35287,1.34953,1.35053,-1.0,-1.0,-1
2024-02-27,1.350565,1.353945,1.34845,1.352785,-1.0,-1.0,-1
2024-02-28,1.352725,1.36062,1.352485,1.35769,-1.0,-1.0,-1
2024-02-29,1.358025,1.359765,1.35412,1.357885,-1.0,-1.0,-1
2024-03-01,1.357555,1.36019,1.354515,1.356065,-1.0,-1.0,-1
2024-03-04,1.35535,1.35841,1.35457,1.357365,-1.0,-1.0,-1
2024-03-05,1.357575,1.360525,1.35554,1.35924,-1.0,-1.0,-1
2024-03-06,1.35915,1.360015,1.3499,1.351405,-1.0,-1.0,-1
2024-03-07,1.351675,1.352565,1.34544,1.345865,-1.0,-1.0,-1
2024-03-08,1.345915,1.34981,1.34202,1.348285,-1.0,-1.0,-1
2024-03-11,1.3484,1.35099,1.346955,1.348225,-1.0,-1.0,-1
2024-03-12,1.348305,1.35256,1.34668,1.34913,-1.0,-1.0,-1
2024-03-13,1.3492,1.34986,1.34592,1.347115,-1.0,-1.0,-1
2024-03-14,1.347175,1.354125,1.345975,1.35322,-1.0,-1.0,-1
2024-03-15,1.353475,1.355205,1.351015,1.35426,-1.0,-1.0,-1
2024-03-18,1.354325,1.355165,1.352095,1.35341,-1.0,-1.0,-1
2024-03-19,1.35343,1.361355,1.353185,1.356685,-1.0,-1.0,-1
2024-03-20,1.356625,1.3605,1.348205,1.349215,-1.0,-1.0,-1
2024-03-21,1.34915,1.35417,1.3456,1.353035,-1.0,-1.0,-1
2024-03-22,1.353075,1.361415,1.35195,1.36024,-1.0,-1.0,-1
2024-03-25,1.360375,1.361415,1.357045,1.35861,-1.0,-1.0,-1
2024-03-26,1.35854,1.35906,1.355285,1.358455,-1.0,-1.0,-1
2024-03-27,1.3584,1.36082,1.35652,1.35678,-1.0,-1.0,-1
2024-03-28,1.3567,1.3614,1.352505,1.353995,-1.0,-1.0,-1
2024-03-29,1.35385,1.356115,1.35322,1.354275,-1.0,-1.0,-1
2024-04-01,1.35492,1.35867,1.3515,1.357015,-1.0,-1.0,-1
2024-04-02,1.357195,1.35846,1.355655,1.356675,-1.0,-1.0,-1
2024-04-03,1.356475,1.35891,1.35117,1.35269,-1.0,-1.0,-1
2024-04-04,1.352725,1.355915,1.347795,1.354245,-1.0,-1.0,-1
2024-04-05,1.354555,1.364755,1.354025,1.358965,-1.0,-1.0,-1
2024-04-08,1.35925,1.36169,1.35695,1.357205,-1.0,-1.0,-1
2024-04-09,1.357525,1.35987,1.35471,1.35712,-1.0,-1.0,-1
2024-04-10,1.35713,1.3703,1.35561,1.368185,-1.0,-1.0,-1
2024-04-11,1.36825,1.372585,1.366095,1.368925,-1.0,-1.0,-1
2024-04-12,1.368785,1.37873,1.368205,1.376665,-1.0,-1.0,-1
2024-04-15,1.37785,1.37936,1.37253,1.37881,-1.0,-1.0,-1
2024-04-16,1.37877,1.38461,1.37742,1.382875,-1.0,-1.0,-1
2024-04-17,1.382725,1.38378,1.375985,1.377295,-1.0,-1.0,-1
2024-04-18,1.37741,1.378175,1.37419,1.376715,-1.0,-1.0,-1
2024-04-19,1.37675,1.38046,1.37235,1.37537,-1.0,-1.0,-1
2024-04-22,1.3745,1.37532,1.368705,1.37004,-1.0,-1.0,-1
2024-04-23,1.3695,1.371435,1.365635,1.36632,-1.0,-1.0,-1
2024-04-24,1.366305,1.3729,1.365475,1.3703,-1.0,-1.0,-1
2024-04-25,1.370425,1.37312,1.365025,1.365755,-1.0,-1.0,-1
2024-04-26,1.365815,1.36959,1.36333,1.36713,-1.0,-1.0,-1
2024-04-29,1.3668,1.367695,1.363215,1.366055,-1.0,-1.0,-1
2024-04-30,1.366225,1.378485,1.365895,1.37783,-1.0,-1.0,-1
2024-05-01,1.37721,1.378335,1.37035,1.37393,-1.0,-1.0,-1
2024-05-02,1.37325,1.374105,1.366955,1.36737,-1.0,-1.0,-1
2024-05-03,1.367405,1.369175,1.360985,1.368625,-1.0,-1.0,-1
2024-05-06,1.36805,1.369725,1.364805,1.366565,-1.0,-1.0,-1
2024-05-07,1.36648,1.37415,1.366095,1.37261,-1.0,-1.0,-1
2024-05-08,1.372175,1.37627,1.371745,1.372135,-1.0,-1.0,-1
2024-05-09,1.372325,1.373805,1.36745,1.367695,-1.0,-1.0,-1
2024-05-10,1.367835,1.369055,1.363205,1.367255,-1.0,-1.0,-1
2024-05-13,1.3669,1.36898,1.36608,1.36661,-1.0,-1.0,-1
2024-05-14,1.36683,1.36912,1.36329,1.365065,-1.0,-1.0,-1
2024-05-15,1.365345,1.366095,1.35898,1.36026,-1.0,-1.0,-1
2024-05-16,1.36027,1.364125,1.35901,1.361785,-1.0,-1.0,-1
2024-05-17,1.36155,1.364385,1.36013,1.361235,-1.0,-1.0,-1
2024-05-20,1.361575,1.363545,1.35961,1.362475,-1.0,-1.0,-1
2024-05-21,1.36265,1.36757,1.361485,1.365445,-1.0,-1.0,-1
2024-05-22,1.364925,1.369835,1.3624,1.369475,-1.0,-1.0,-1
2024-05-23,1.3693,1.37435,1.365685,1.37293,-1.0,-1.0,-1
2024-05-24,1.37305,1.373865,1.36481,1.366435,-1.0,-1.0,-1
2024-05-27,1.366605,1.367105,1.36299,1.363205,-1.0,-1.0,-1
2024-05-28,1.363575,1.36538,1.361495,1.36457,-1.0,-1.0,-1
2024-05-29,1.364395,1.371955,1.36421,1.371775,-1.0,-1.0,-1
2024-05-30,1.371675,1.373485,1.36602,1.368055,-1.0,-1.0,-1
2024-05-31,1.368,1.36897,1.36193,1.3628,-1.0,-1.0,-1
2024-06-03,1.36332,1.36687,1.36028,1.362715,-1.0,-1.0,-1
2024-06-04,1.363,1.369915,1.36208,1.36756,-1.0,-1.0,-1
2024-06-05,1.36787,1.374175,1.36655,1.36947,-1.0,-1.0,-1
2024-06-06,1.369375,1.371005,1.36643,1.367035,-1.0,-1.0,-1
2024-06-07,1.3671,1.376765,1.36629,1.3765,-1.0,-1.0,-1
2024-06-10,1.3763,1.37819,1.3754,1.37588,-1.0,-1.0,-1
2024-06-11,1.37577,1.37918,1.374815,1.37585,-1.0,-1.0,-1
2024-06-12,1.375895,1.376065,1.368015,1.37235,-1.0,-1.0,-1
2024-06-13,1.371975,1.37636,1.37142,1.37429,-1.0,-1.0,-1
2024-06-14,1.373975,1.377955,1.37277,1.373395,-1.0,-1.0,-1
2024-06-17,1.37415,1.376455,1.372085,1.372405,-1.0,-1.0,-1
2024-06-18,1.372325,1.37567,1.370925,1.37182,-1.0,-1.0,-1
2024-06-19,1.371825,1.3726,1.369815,1.370595,-1.0,-1.0,-1
2024-06-20,1.3708,1.37208,1.368225,1.368935,-1.0,-1.0,-1
2024-06-21,1.36902,1.37187,1.367455,1.369375,-1.0,-1.0,-1
2024-06-24,1.369345,1.370825,1.365015,1.36592,-1.0,-1.0,-1
2024-06-25,1.36575,1.36808,1.362025,1.365795,-1.0,-1.0,-1
2024-06-26,1.36601,1.370785,1.36504,1.37019,-1.0,-1.0,-1
2024-06-27,1.369725,1.371255,1.36758,1.37009,-1.0,-1.0,-1
2024-06-28,1.369575,1.37344,1.36554,1.367905,-1.0,-1.0,-1
2024-07-01,1.367275,1.374885,1.366355,1.37357,-1.0,-1.0,-1
2024-07-02,1.373475,1.37552,1.36675,1.3678,-1.0,-1.0,-1
2024-07-03,1.367755,1.36867,1.361735,1.363985,-1.0,-1.0,-1
2024-07-04,1.36369,1.364185,1.36083,1.36142,-1.0,-1.0,-1
2024-07-05,1.361225,1.36533,1.360265,1.36413,-1.0,-1.0,-1
2024-07-08,1.36465,1.36475,1.362425,1.363485,-1.0,-1.0,-1
2024-07-09,1.363725,1.36485,1.36283,1.363625,-1.0,-1.0,-1
2024-07-10,1.363675,1.364315,1.36082,1.361965,-1.0,-1.0,-1
2024-07-11,1.361875,1.36482,1.35888,1.36321,-1.0,-1.0,-1
2024-07-12,1.363375,1.363955,1.36114,1.363855,-1.0,-1.0,-1
2024-07-15,1.3633,1.36891,1.363125,1.368325,-1.0,-1.0,-1
2024-07-16,1.36822,1.370795,1.366535,1.36733,-1.0,-1.0,-1
2024-07-17,1.36725,1.370165,1.365685,1.368275,-1.0,-1.0,-1
2024-07-18,1.36835,1.37185,1.36705,1.370585,-1.0,-1.0,-1
2024-07-19,1.370675,1.374795,1.370165,1.37309,-1.0,-1.0,-1
2024-07-22,1.37235,1.377505,1.370545,1.37573,-1.0,-1.0,-1
2024-07-23,1.37566,1.37858,1.37527,1.378525,-1.0,-1.0,-1
2024-07-24,1.37835,1.381655,1.37778,1.380755,-1.0,-1.0,-1
2024-07-25,1.380725,1.384905,1.379685,1.382485,-1.0,-1.0,-1
2024-07-26,1.3823,1.38491,1.380725,1.38363,-1.0,-1.0,-1
2024-07-29,1.383275,1.386505,1.38164,1.38524,-1.0,-1.0,-1
2024-07-30,1.38538,1.38645,1.38383,1.38494,-1.0,-1.0,-1
2024-07-31,1.38475,1.38589,1.378745,1.380835,-1.0,-1.0,-1
2024-08-01,1.38042,1.388915,1.379485,1.387505,-1.0,-1.0,-1
2024-08-02,1.38752,1.388845,1.383405,1.387365,-1.0,-1.0,-1
2024-08-05,1.38675,1.394685,1.38093,1.382475,-1.0,-1.0,-1
2024-08-06,1.382675,1.38559,1.375665,1.378515,-1.0,-1.0,-1
2024-08-07,1.378025,1.37908,1.3721,1.375925,-1.0,-1.0,-1
2024-08-08,1.37592,1.37657,1.37267,1.37333,-1.0,-1.0,-1
2024-08-09,1.37325,1.37559,1.37182,1.37305,-1.0,-1.0,-1
2024-08-12,1.373125,1.374785,1.371865,1.374225,-1.0,-1.0,-1
2024-08-13,1.374115,1.37474,1.370535,1.37055,-1.0,-1.0,-1
2024-08-14,1.37055,1.37246,1.368895,1.37158,-1.0,-1.0,-1
2024-08-15,1.37175,1.37387,1.369535,1.37295,-1.0,-1.0,-1
2024-08-16,1.372865,1.373715,1.36778,1.36797,-1.0,-1.0,-1
2024-08-19,1.36815,1.36864,1.362985,1.36341,-1.0,-1.0,-1
2024-08-20,1.36375,1.36414,1.36051,1.362055,-1.0,-1.0,-1
2024-08-21,1.362075,1.36252,1.357575,1.35948,-1.0,-1.0,-1
2024-08-22,1.359175,1.361895,1.35713,1.36157,-1.0,-1.0,-1
2024-08-23,1.36141,1.36168,1.34988,1.350985,-1.0,-1.0,-1
2024-08-26,1.35055,1.351545,1.346315,1.34872,-1.0,-1.0,-1
2024-08-27,1.34842,1.348845,1.34428,1.34439,-1.0,-1.0,-1
2024-08-28,1.344695,1.34883,1.344105,1.34807,-1.0,-1.0,-1
2024-08-29,1.34786,1.349115,1.345015,1.34848,-1.0,-1.0,-1
2024-08-30,1.3484,1.35095,1.34656,1.3492,-1.0,-1.0,-1
2024-09-02,1.34895,1.350545,1.348555,1.349405,-1.0,-1.0,-1
2024-09-03,1.349425,1.356255,1.34921,1.355075,-1.0,-1.0,-1
2024-09-04,1.3551,1.35655,1.35001,1.350655,-1.0,-1.0,-1
2024-09-05,1.35085,1.352525,1.350225,1.350365,-1.0,-1.0,-1
2024-09-06,1.3505,1.35826,1.34661,1.35771,-1.0,-1.0,-1
2024-09-09,1.356485,1.357725,1.354645,1.355865,-1.0,-1.0,-1
2024-09-10,1.355625,1.36155,1.35555,1.36103,-1.0,-1.0,-1
2024-09-11,1.361075,1.3623,1.356675,1.35754,-1.0,-1.0,-1
2024-09-12,1.357445,1.360465,1.35651,1.358015,-1.0,-1.0,-1
2024-09-13,1.358205,1.360025,1.356535,1.358315,-1.0,-1.0,-1
2024-09-16,1.359725,1.360755,1.356685,1.358685,-1.0,-1.0,-1
2024-09-17,1.35865,1.36171,1.358025,1.35979,-1.0,-1.0,-1
2024-09-18,1.359595,1.36231,1.35405,1.360435,-1.0,-1.0,-1
2024-09-19,1.36035,1.364755,1.353315,1.35589,-1.0,-1.0,-1
2024-09-20,1.355725,1.358985,1.354205,1.35711,-1.0,-1.0,-1
2024-09-23,1.356225,1.358225,1.34871,1.354115,-1.0,-1.0,-1
2024-09-24,1.3536,1.353845,1.34308,1.34314,-1.0,-1.0,-1
2024-09-25,1.3439,1.34871,1.34196,1.34852,-1.0,-1.0,-1
2024-09-26,1.3484,1.34898,1.34577,1.346425,-1.0,-1.0,-1
2024-09-27,1.3469,1.35266,1.34637,1.351665,-1.0,-1.0,-1
2024-09-30,1.3514,1.353805,1.34897,1.35255,-1.0,-1.0,-1
2024-10-01,1.3525,1.353975,1.348105,1.34904,-1.0,-1.0,-1
2024-10-02,1.349335,1.351,1.34725,1.350215,-1.0,-1.0,-1
2024-10-03,1.3502,1.355985,1.349925,1.35548,-1.0,-1.0,-1
2024-10-04,1.35523,1.35913,1.35449,1.35721,-1.0,-1.0,-1
2024-10-07,1.35672,1.363975,1.35672,1.36198,-1.0,-1.0,-1
2024-10-08,1.36205,1.367535,1.36113,1.364685,-1.0,-1.0,-1
2024-10-09,1.364775,1.37188,1.36429,1.371135,-1.0,-1.0,-1
2024-10-10,1.370825,1.377545,1.370475,1.37417,-1.0,-1.0,-1
2024-10-11,1.374075,1.378385,1.37252,1.376125,-1.0,-1.0,-1
2024-10-14,1.37605,1.38054,1.37587,1.37957,-1.0,-1.0,-1
2024-10-15,1.37909,1.383865,1.37701,1.37748,-1.0,-1.0,-1
2024-10-16,1.37748,1.379325,1.375015,1.37514,-1.0,-1.0,-1
2024-10-17,1.375395,1.38013,1.37472,1.379525,-1.0,-1.0,-1
2024-10-18,1.379545,1.38151,1.378555,1.37984,-1.0,-1.0,-1
2024-10-21,1.380175,1.38497,1.37996,1.38311,-1.0,-1.0,-1
2024-10-22,1.38305,1.3838,1.381375,1.38176,-1.0,-1.0,-1
2024-10-23,1.381725,1.386305,1.38162,1.38365,-1.0,-1.0,-1
2024-10-24,1.3837,1.386885,1.381265,1.385465,-1.0,-1.0,-1
2024-10-25,1.3854,1.389765,1.383825,1.38902,-1.0,-1.0,-1
2024-10-28,1.389145,1.39086,1.38822,1.38896,-1.0,-1.0,-1
2024-10-29,1.38895,1.39297,1.387675,1.39148,-1.0,-1.0,-1
2024-10-30,1.3914,1.39407,1.389515,1.390395,-1.0,-1.0,-1
2024-10-31,1.390425,1.39454,1.3891,1.393365,-1.0,-1.0,-1
2024-11-01,1.393335,1.395915,1.390265,1.39514,-1.0,-1.0,-1
2024-11-04,1.392405,1.392755,1.387515,1.39022,-1.0,-1.0,-1
2024-11-05,1.39015,1.390675,1.382305,1.38253,-1.0,-1.0,-1
2024-11-06,1.38275,1.39589,1.382395,1.393815,-1.0,-1.0,-1
2024-11-07,1.39421,1.394835,1.38423,1.386125,-1.0,-1.0,-1
2024-11-08,1.38605,1.3928,1.385985,1.391175,-1.0,-1.0,-1
2024-11-11,1.391755,1.395075,1.39051,1.39251,-1.0,-1.0,-1
2024-11-12,1.392555,1.39675,1.39171,1.39447,-1.0,-1.0,-1
2024-11-13,1.39444,1.400285,1.393065,1.39968,-1.0,-1.0,-1
2024-11-14,1.399725,1.40646,1.39882,1.40595,-1.0,-1.0,-1
2024-11-15,1.405895,1.41058,1.40334,1.40862,-1.0,-1.0,-1
2024-11-18,1.409225,1.41027,1.400425,1.40146,-1.0,-1.0,-1
2024-11-19,1.401775,1.403685,1.39555,1.39565,-1.0,-1.0,-1
2024-11-20,1.395875,1.401465,1.395065,1.397495,-1.0,-1.0,-1
2024-11-21,1.397525,1.39783,1.393135,1.397385,-1.0,-1.0,-1
2024-11-22,1.39725,1.402125,1.39577,1.39807,-1.0,-1.0,-1
2024-11-25,1.395375,1.400735,1.39278,1.398695,-1.0,-1.0,-1
2024-11-26,1.39865,1.417795,1.398195,1.405415,-1.0,-1.0,-1
2024-11-27,1.405455,1.407805,1.400955,1.40314,-1.0,-1.0,-1
2024-11-28,1.402825,1.403185,1.39986,1.40145,-1.0,-1.0,-1
2024-11-29,1.400975,1.404575,1.398065,1.400375,-1.0,-1.0,-1
2024-12-02,1.39915,1.408995,1.39913,1.404815,-1.0,-1.0,-1
2024-12-03,1.404905,1.40762,1.400915,1.406995,-1.0,-1.0,-1
2024-12-04,1.406825,1.40832,1.405205,1.40754,-1.0,-1.0,-1
2024-12-05,1.407325,1.40796,1.40104,1.40225,-1.0,-1.0,-1
2024-12-06,1.4024,1.416475,1.40188,1.415835,-1.0,-1.0,-1
2024-12-09,1.4162,1.41753,1.409335,1.417165,-1.0,-1.0,-1
2024-12-10,1.417025,1.41951,1.41558,1.41814,-1.0,-1.0,-1
2024-12-11,1.418145,1.419505,1.412,1.41586,-1.0,-1.0,-1
2024-12-12,1.416075,1.4228,1.413135,1.42203,-1.0,-1.0,-1
2024-12-13,1.4221,1.42454,1.420965,1.42399,-1.0,-1.0,-1
2024-12-16,1.423425,1.42729,1.42171,1.424215,-1.0,-1.0,-1
2024-12-17,1.42415,1.43237,1.42322,1.43098,-1.0,-1.0,-1
2024-12-18,1.430895,1.44498,1.430475,1.44474,-1.0,-1.0,-1
2024-12-19,1.44465,1.44672,1.434465,1.439845,-1.0,-1.0,-1
2024-12-20,1.4397,1.44356,1.433555,1.435295,-1.0,-1.0,-1
2024-12-23,1.436975,1.44335,1.43491,1.43704,-1.0,-1.0,-1
2024-12-24,1.437225,1.442045,1.435235,1.43536,-1.0,-1.0,-1
2024-12-26,1.435395,1.44207,1.43501,1.440765,-1.0,-1.0,-1
2024-12-27,1.44065,1.44496,1.437515,1.44097,-1.0,-1.0,-1
2024-12-30,1.441575,1.4433,1.4345,1.435515,-1.0,-1.0,-1
2024-12-31,1.435395,1.44096,1.43383,1.437735,-1.0,-1.0,-1
2025-01-02,1.43753,1.444225,1.436935,1.44028,-1.0,-1.0,-1
2025-01-03,1.44045,1.44636,1.43834,1.44482,-1.0,-1.0,-1
2025-01-06,1.444875,1.4451,1.42799,1.43323,-1.0,-1.0,-1
2025-01-07,1.43326,1.437255,1.42979,1.437255,-1.0,-1.0,-1
2025-01-08,1.436405,1.44097,1.43394,1.437545,-1.0,-1.0,-1
2025-01-09,1.43793,1.44051,1.43653,1.439375,-1.0,-1.0,-1
2025-01-10,1.43973,1.44429,1.437545,1.442275,-1.0,-1.0,-1
2025-01-13,1.442425,1.44474,1.437515,1.43802,-1.0,-1.0,-1
2025-01-14,1.436705,1.441045,1.43431,1.434965,-1.0,-1.0,-1
2025-01-15,1.43483,1.43668,1.430245,1.43409,-1.0,-1.0,-1
2025-01-16,1.433975,1.44032,1.43228,1.439535,-1.0,-1.0,-1
2025-01-17,1.439375,1.44852,1.43826,1.447515,-1.0,-1.0,-1
2025-01-20,1.447365,1.44857,1.42613,1.43103,-1.0,-1.0,-1
2025-01-21,1.430875,1.451755,1.42896,1.43245,-1.0,-1.0,-1
2025-01-22,1.432575,1.43912,1.43011,1.437785,-1.0,-1.0,-1
2025-01-23,1.43782,1.44136,1.43342,1.438335,-1.0,-1.0,-1
2025-01-24,1.438305,1.43842,1.43152,1.43491,-1.0,-1.0,-1
2025-01-27,1.43652,1.44016,1.43335,1.437475,-1.0,-1.0,-1
2025-01-28,1.43738,1.442025,1.43681,1.440085,-1.0,-1.0,-1
2025-01-29,1.43948,1.44719,1.439195,1.44194,-1.0,-1.0,-1
2025-01-30,1.44188,1.45953,1.43933,1.448465,-1.0,-1.0,-1
2025-01-31,1.4494,1.455985,1.437175,1.454565,-1.0,-1.0,-1
2025-02-03,1.474075,1.479355,1.43901,1.44287,-1.0,-1.0,-1
2025-02-04,1.442475,1.45035,1.430175,1.432235,-1.0,-1.0,-1
2025-02-05,1.4324,1.43445,1.427005,1.43126,-1.0,-1.0,-1
2025-02-06,1.431235,1.436675,1.43013,1.430705,-1.0,-1.0,-1
2025-02-07,1.43085,1.43452,1.427325,1.429465,-1.0,-1.0,-1
2025-02-10,1.43645,1.437975,1.43054,1.431825,-1.0,-1.0,-1
2025-02-11,1.432,1.434575,1.42793,1.42877,-1.0,-1.0,-1
2025-02-12,1.4288,1.43425,1.42557,1.43061,-1.0,-1.0,-1
2025-02-13,1.430545,1.430585,1.418335,1.419275,-1.0,-1.0,-1
2025-02-14,1.419425,1.42012,1.415095,1.418325,-1.0,-1.0,-1
2025-02-17,1.4181,1.419455,1.415985,1.41839,-1.0,-1.0,-1
2025-02-18,1.418205,1.421295,1.417965,1.41988,-1.0,-1.0,-1
2025-02-19,1.419075,1.424565,1.417555,1.423855,-1.0,-1.0,-1
2025-02-20,1.423575,1.4245,1.416645,1.4174,-1.0,-1.0,-1
2025-02-21,1.41774,1.423665,1.41684,1.423035,-1.0,-1.0,-1
2025-02-24,1.422625,1.4268,1.418215,1.426015,-1.0,-1.0,-1
2025-02-25,1.4255,1.431785,1.423995,1.43138,-1.0,-1.0,-1
2025-02-26,1.431275,1.43685,1.42943,1.433725,-1.0,-1.0,-1
2025-02-27,1.434575,1.44493,1.432235,1.44387,-1.0,-1.0,-1
2025-02-28,1.44385,1.44723,1.43998,1.44555,-1.0,-1.0,-1
2025-03-03,1.444875,1.45418,1.436915,1.448195,-1.0,-1.0,-1
2025-03-04,1.4482,1.4543,1.437075,1.43947,-1.0,-1.0,-1
2025-03-05,1.439725,1.445,1.43306,1.433805,-1.0,-1.0,-1
2025-03-06,1.43375,1.43768,1.42399,1.42983,-1.0,-1.0,-1
2025-03-07,1.42978,1.44265,1.42796,1.43828,-1.0,-1.0,-1
2025-03-10,1.437125,1.44727,1.435315,1.444395,-1.0,-1.0,-1
2025-03-11,1.44378,1.452125,1.43796,1.44353,-1.0,-1.0,-1
2025-03-12,1.44305,1.448495,1.435345,1.43713,-1.0,-1.0,-1
2025-03-13,1.43689,1.44517,1.43593,1.44395,-1.0,-1.0,-1
2025-03-14,1.444125,1.44469,1.43556,1.437255,-1.0,-1.0,-1
2025-03-17,1.438455,1.438455,1.42756,1.428775,-1.0,-1.0,-1
2025-03-18,1.428905,1.431985,1.426745,1.42981,-1.0,-1.0,-1
2025-03-19,1.43016,1.43492,1.42959,1.43264,-1.0,-1.0,-1
2025-03-20,1.432775,1.44016,1.4313,1.432525,-1.0,-1.0,-1
2025-03-21,1.4326,1.437305,1.43139,1.43469,-1.0,-1.0,-1
2025-03-24,1.4354,1.435455,1.428925,1.431835,-1.0,-1.0,-1
2025-03-25,1.43167,1.43328,1.42712,1.42776,-1.0,-1.0,-1
2025-03-26,1.42833,1.42984,1.423515,1.42662,-1.0,-1.0,-1
2025-03-27,1.4268,1.432915,1.42597,1.43051,-1.0,-1.0,-1
2025-03-28,1.430945,1.43332,1.42764,1.430765,-1.0,-1.0,-1
2025-03-31,1.430775,1.4396,1.42993,1.43872,-1.0,-1.0,-1
2025-04-01,1.438685,1.44153,1.429865,1.43029,-1.0,-1.0,-1
2025-04-02,1.430225,1.43665,1.42298,1.423885,-1.0,-1.0,-1
2025-04-03,1.42255,1.43193,1.402745,1.40976,-1.0,-1.0,-1
2025-04-04,1.409075,1.42592,1.40538,1.42144,-1.0,-1.0,-1
2025-04-07,1.42535,1.429635,1.41793,1.424825,-1.0,-1.0,-1
2025-04-08,1.424625,1.42721,1.41434,1.426355,-1.0,-1.0,-1
2025-04-09,1.426265,1.42738,1.4075,1.4082,-1.0,-1.0,-1
2025-04-10,1.409125,1.41107,1.39519,1.398085,-1.0,-1.0,-1
2025-04-11,1.3984,1.398785,1.383955,1.387465,-1.0,-1.0,-1
2025-04-14,1.38608,1.39108,1.382885,1.387525,-1.0,-1.0,-1
2025-04-15,1.38503,1.397785,1.38502,1.395475,-1.0,-1.0,-1
2025-04-16,1.395755,1.39655,1.38556,1.38584,-1.0,-1.0,-1
2025-04-17,1.3862,1.39062,1.382845,1.383595,-1.0,-1.0,-1
2025-04-18,1.3846,1.38699,1.38321,1.384435,-1.0,-1.0,-1
2025-04-21,1.382555,1.38501,1.378105,1.384195,-1.0,-1.0,-1
2025-04-22,1.385,1.386195,1.379315,1.3814,-1.0,-1.0,-1
2025-04-23,1.3813,1.390475,1.379825,1.38814,-1.0,-1.0,-1
2025-04-24,1.388125,1.38991,1.383975,1.385125,-1.0,-1.0,-1
2025-04-25,1.385225,1.38927,1.3846,1.38609,-1.0,-1.0,-1
2025-04-28,1.3866,1.389285,1.38167,1.38294,-1.0,-1.0,-1
2025-04-29,1.3832,1.387155,1.38087,1.38325,-1.0,-1.0,-1
2025-04-30,1.38375,1.385555,1.377005,1.379855,-1.0,-1.0,-1
2025-05-01,1.37915,1.38624,1.378425,1.38546,-1.0,-1.0,-1
2025-05-02,1.3835,1.385585,1.37602,1.380515,-1.0,-1.0,-1
2025-05-05,1.3799,1.382985,1.37867,1.38248,-1.0,-1.0,-1
2025-05-06,1.383225,1.38454,1.375055,1.377785,-1.0,-1.0,-1
2025-05-07,1.376925,1.38398,1.376375,1.383875,-1.0,-1.0,-1
2025-05-08,1.3832,1.39331,1.38136,1.39234,-1.0,-1.0,-1
2025-05-09,1.39273,1.39447,1.39067,1.393845,-1.0,-1.0,-1
2025-05-12,1.3902,1.40158,1.3902,1.397445,-1.0,-1.0,-1
2025-05-13,1.396,1.40164,1.393105,1.393615,-1.0,-1.0,-1
2025-05-14,1.393585,1.39863,1.39017,1.398265,-1.0,-1.0,-1
2025-05-15,1.39773,1.40048,1.39558,1.3959,-1.0,-1.0,-1
2025-05-16,1.39628,1.39957,1.39354,1.397385,-1.0,-1.0,-1
2025-05-19,1.3968,1.397305,1.39174,1.395135,-1.0,-1.0,-1
2025-05-20,1.39483,1.396865,1.3909,1.391575,-1.0,-1.0,-1
2025-05-21,1.39165,1.391975,1.381435,1.385995,-1.0,-1.0,-1
2025-05-22,1.385075,1.38892,1.384635,1.385705,-1.0,-1.0,-1
2025-05-23,1.3887,1.3887,1.370945,1.37272,-1.0,-1.0,-1
2025-05-26,1.37365,1.374225,1.368625,1.373555,-1.0,-1.0,-1
2025-05-27,1.372975,1.38362,1.372225,1.38097,-1.0,-1.0,-1
2025-05-28,1.381575,1.384475,1.380165,1.38369,-1.0,-1.0,-1
2025-05-29,1.383025,1.386185,1.378515,1.380915,-1.0,-1.0,-1
2025-05-30,1.381,1.383015,1.37141,1.37391,-1.0,-1.0,-1
2025-06-02,1.374,1.374155,1.367445,1.37139,-1.0,-1.0,-1
2025-06-03,1.3713,1.374315,1.370125,1.372025,-1.0,-1.0,-1
2025-06-04,1.3719,1.37318,1.36524,1.367815,-1.0,-1.0,-1
2025-06-05,1.3675,1.368435,1.36346,1.367515,-1.0,-1.0,-1
2025-06-06,1.3671,1.37047,1.366045,1.369535,-1.0,-1.0,-1
2025-06-09,1.3694,1.37077,1.36696,1.370005,-1.0,-1.0,-1
2025-06-10,1.36953,1.37287,1.366815,1.367035,-1.0,-1.0,-1
2025-06-11,1.3675,1.36902,1.36498,1.367235,-1.0,-1.0,-1
2025-06-12,1.36695,1.36756,1.359965,1.36037,-1.0,-1.0,-1
2025-06-13,1.36055,1.36518,1.356645,1.35885,-1.0,-1.0,-1
2025-06-16,1.358675,1.360705,1.35398,1.35708,-1.0,-1.0,-1
2025-06-17,1.356905,1.369375,1.35567,1.367855,-1.0,-1.0,-1
2025-06-18,1.36627,1.37035,1.36344,1.369425,-1.0,-1.0,-1
2025-06-19,1.368625,1.374655,1.368625,1.370005,-1.0,-1.0,-1
2025-06-20,1.371025,1.37473,1.36874,1.373505,-1.0,-1.0,-1
2025-06-23,1.37585,1.379815,1.372525,1.37339,-1.0,-1.0,-1
2025-06-24,1.373095,1.37385,1.36786,1.37242,-1.0,-1.0,-1
2025-06-25,1.3721,1.37548,1.37166,1.37261,-1.0,-1.0,-1
2025-06-26,1.373275,1.373275,1.361795,1.36427,-1.0,-1.0,-1
2025-06-27,1.364225,1.376,1.36277,1.36908,-1.0,-1.0,-1
2025-06-30,1.368585,1.370005,1.36001,1.36082,-1.0,-1.0,-1
2025-07-01,1.360675,1.36673,1.35913,1.36459,-1.0,-1.0,-1
2025-07-02,1.36456,1.3659,1.358365,1.35899,-1.0,-1.0,-1
2025-07-03,1.35915,1.362495,1.355665,1.358345,-1.0,-1.0,-1
2025-07-04,1.358325,1.36173,1.356685,1.3603,-1.0,-1.0,-1
2025-07-07,1.360705,1.36859,1.359745,1.36822,-1.0,-1.0,-1
2025-07-08,1.367005,1.369455,1.363855,1.366015,-1.0,-1.0,-1
2025-07-09,1.367075,1.371015,1.36605,1.368555,-1.0,-1.0,-1
2025-07-10,1.368425,1.37086,1.36542,1.365515,-1.0,-1.0,-1
2025-07-11,1.366475,1.373105,1.36521,1.369215,-1.0,-1.0,-1
2025-07-14,1.370255,1.37082,1.36701,1.370525,-1.0,-1.0,-1
2025-07-15,1.3702,1.373005,1.367175,1.372415,-1.0,-1.0,-1
2025-07-16,1.37223,1.375555,1.36802,1.36829,-1.0,-1.0,-1
2025-07-17,1.368845,1.377445,1.36841,1.37526,-1.0,-1.0,-1
2025-07-18,1.375375,1.375375,1.36957,1.37238,-1.0,-1.0,-1
2025-07-21,1.37255,1.373485,1.367755,1.368275,-1.0,-1.0,-1
2025-07-22,1.368175,1.36955,1.360285,1.360605,-1.0,-1.0,-1
2025-07-23,1.359375,1.362925,1.35757,1.35966,-1.0,-1.0,-1
2025-07-24,1.359825,1.36548,1.35959,1.36381,-1.0,-1.0,-1
2025-07-25,1.364745,1.372585,1.363815,1.37037,-1.0,-1.0,-1
2025-07-28,1.370725,1.374255,1.36889,1.373905,-1.0,-1.0,-1
2025-07-29,1.373675,1.37886,1.37311,1.377035,-1.0,-1.0,-1
2025-07-30,1.377055,1.38451,1.37588,1.382885,-1.0,-1.0,-1
2025-07-31,1.383175,1.38528,1.381375,1.38526,-1.0,-1.0,-1
