date,open,high,low,close,volume,average,barCount
2026-05-07 17:15:00-04:00,1.36675,1.36675,1.36601,1.36601,-1.0,-1.0,-1
2026-05-07 17:15:05-04:00,1.36601,1.366015,1.366005,1.366005,-1.0,-1.0,-1
2026-05-07 17:15:10-04:00,1.366005,1.366005,1.366005,1.366005,-1.0,-1.0,-1
2026-05-07 17:15:15-04:00,1.366005,1.366085,1.366005,1.36608,-1.0,-1.0,-1
2026-05-07 17:15:20-04:00,1.36608,1.366085,1.36608,1.36608,-1.0,-1.0,-1
2026-05-07 17:15:25-04:00,1.36608,1.366085,1.36608,1.36608,-1.0,-1.0,-1
2026-05-07 17:15:30-04:00,1.36608,1.366085,1.36608,1.36608,-1.0,-1.0,-1
2026-05-07 17:15:35-04:00,1.36608,1.366085,1.36608,1.36608,-1.0,-1.0,-1
2026-05-07 17:15:40-04:00,1.36608,1.366085,1.36608,1.36608,-1.0,-1.0,-1
2026-05-07 17:15:45-04:00,1.36608,1.366085,1.36608,1.36608,-1.0,-1.0,-1
2026-05-07 17:15:50-04:00,1.36608,1.366085,1.36608,1.36608,-1.0,-1.0,-1
2026-05-07 17:15:55-04:00,1.36608,1.366085,1.36608,1.36608,-1.0,-1.0,-1
2026-05-07 17:16:00-04:00,1.36608,1.366085,1.36608,1.36608,-1.0,-1.0,-1
2026-05-07 17:16:05-04:00,1.36608,1.366085,1.36608,1.36608,-1.0,-1.0,-1
2026-05-07 17:16:10-04:00,1.36608,1.366085,1.36608,1.36608,-1.0,-1.0,-1
2026-05-07 17:16:15-04:00,1.36608,1.366085,1.36608,1.36608,-1.0,-1.0,-1
2026-05-07 17:16:20-04:00,1.36608,1.366085,1.36608,1.36608,-1.0,-1.0,-1
2026-05-07 17:16:25-04:00,1.36608,1.366085,1.36608,1.36608,-1.0,-1.0,-1
2026-05-07 17:16:30-04:00,1.36608,1.366085,1.36608,1.36608,-1.0,-1.0,-1
2026-05-07 17:16:35-04:00,1.36608,1.366085,1.36608,1.36608,-1.0,-1.0,-1
2026-05-07 17:16:40-04:00,1.36608,1.366085,1.36608,1.36608,-1.0,-1.0,-1
2026-05-07 17:16:45-04:00,1.36608,1.366085,1.36608,1.36608,-1.0,-1.0,-1
2026-05-07 17:16:50-04:00,1.36608,1.366085,1.36608,1.36608,-1.0,-1.0,-1
2026-05-07 17:16:55-04:00,1.36608,1.366085,1.36608,1.36608,-1.0,-1.0,-1
2026-05-07 17:17:00-04:00,1.36608,1.366085,1.36608,1.36608,-1.0,-1.0,-1
2026-05-07 17:17:05-04:00,1.36608,1.366085,1.36608,1.36608,-1.0,-1.0,-1
2026-05-07 17:17:10-04:00,1.36608,1.366085,1.36608,1.36608,-1.0,-1.0,-1
2026-05-07 17:17:15-04:00,1.36608,1.366085,1.36608,1.36608,-1.0,-1.0,-1
2026-05-07 17:17:20-04:00,1.36608,1.366085,1.36608,1.36608,-1.0,-1.0,-1
2026-05-07 17:17:25-04:00,1.36608,1.366085,1.36608,1.36608,-1.0,-1.0,-1
2026-05-07 17:17:30-04:00,1.36608,1.366085,1.36608,1.36608,-1.0,-1.0,-1
2026-05-07 17:17:35-04:00,1.36608,1.366085,1.36608,1.36608,-1.0,-1.0,-1
2026-05-07 17:17:40-04:00,1.36608,1.366085,1.36608,1.36608,-1.0,-1.0,-1
2026-05-07 17:17:45-04:00,1.36608,1.366085,1.36608,1.36608,-1.0,-1.0,-1
2026-05-07 17:17:50-04:00,1.36608,1.36609,1.36608,1.36609,-1.0,-1.0,-1
2026-05-07 17:17:55-04:00,1.36609,1.36609,1.36609,1.36609,-1.0,-1.0,-1
2026-05-07 17:18:00-04:00,1.36609,1.36609,1.36609,1.36609,-1.0,-1.0,-1
2026-05-07 17:18:05-04:00,1.36609,1.36609,1.36609,1.36609,-1.0,-1.0,-1
2026-05-07 17:18:10-04:00,1.36609,1.36609,1.36609,1.36609,-1.0,-1.0,-1
2026-05-07 17:18:15-04:00,1.36609,1.36609,1.36609,1.36609,-1.0,-1.0,-1
2026-05-07 17:18:20-04:00,1.36609,1.36609,1.36609,1.36609,-1.0,-1.0,-1
2026-05-07 17:18:25-04:00,1.36609,1.36609,1.36609,1.36609,-1.0,-1.0,-1
2026-05-07 17:18:30-04:00,1.36609,1.36609,1.36609,1.36609,-1.0,-1.0,-1
2026-05-07 17:18:35-04:00,1.36609,1.36609,1.36609,1.36609,-1.0,-1.0,-1
2026-05-07 17:18:40-04:00,1.36609,1.36609,1.36609,1.36609,-1.0,-1.0,-1
2026-05-07 17:18:45-04:00,1.36609,1.36609,1.36609,1.36609,-1.0,-1.0,-1
2026-05-07 17:18:50-04:00,1.36609,1.36609,1.36609,1.36609,-1.0,-1.0,-1
2026-05-07 17:18:55-04:00,1.36609,1.36609,1.36609,1.36609,-1.0,-1.0,-1
2026-05-07 17:19:00-04:00,1.36609,1.36609,1.36609,1.36609,-1.0,-1.0,-1
2026-05-07 17:19:05-04:00,1.36609,1.36609,1.36609,1.36609,-1.0,-1.0,-1
2026-05-07 17:19:10-04:00,1.36609,1.36609,1.36609,1.36609,-1.0,-1.0,-1
2026-05-07 17:19:15-04:00,1.36609,1.36609,1.36609,1.36609,-1.0,-1.0,-1
2026-05-07 17:19:20-04:00,1.36609,1.36609,1.36609,1.36609,-1.0,-1.0,-1
2026-05-07 17:19:25-04:00,1.36609,1.36609,1.36609,1.36609,-1.0,-1.0,-1
2026-05-07 17:19:30-04:00,1.36609,1.36609,1.36609,1.36609,-1.0,-1.0,-1
2026-05-07 17:19:35-04:00,1.36609,1.36609,1.36609,1.36609,-1.0,-1.0,-1
2026-05-07 17:19:40-04:00,1.36609,1.36612,1.36604,1.36604,-1.0,-1.0,-1
2026-05-07 17:19:45-04:00,1.36604,1.36604,1.36604,1.36604,-1.0,-1.0,-1
2026-05-07 17:19:50-04:00,1.36604,1.36604,1.36604,1.36604,-1.0,-1.0,-1
2026-05-07 17:19:55-04:00,1.36604,1.36604,1.36604,1.36604,-1.0,-1.0,-1
2026-05-07 17:20:00-04:00,1.36604,1.36604,1.36604,1.36604,-1.0,-1.0,-1
2026-05-07 17:20:05-04:00,1.36604,1.36604,1.36604,1.36604,-1.0,-1.0,-1
2026-05-07 17:20:10-04:00,1.36604,1.36604,1.36604,1.36604,-1.0,-1.0,-1
2026-05-07 17:20:15-04:00,1.36604,1.36604,1.36604,1.36604,-1.0,-1.0,-1
2026-05-07 17:20:20-04:00,1.36604,1.36604,1.36604,1.36604,-1.0,-1.0,-1
2026-05-07 17:20:25-04:00,1.36604,1.36604,1.36604,1.36604,-1.0,-1.0,-1
2026-05-07 17:20:30-04:00,1.36604,1.36604,1.36604,1.36604,-1.0,-1.0,-1
2026-05-07 17:20:35-04:00,1.36604,1.36604,1.36604,1.36604,-1.0,-1.0,-1
2026-05-07 17:20:40-04:00,1.36604,1.36604,1.36604,1.36604,-1.0,-1.0,-1
2026-05-07 17:20:45-04:00,1.36604,1.36604,1.36604,1.36604,-1.0,-1.0,-1
2026-05-07 17:20:50-04:00,1.36604,1.366105,1.36604,1.366105,-1.0,-1.0,-1
2026-05-07 17:20:55-04:00,1.366105,1.366105,1.36594,1.36598,-1.0,-1.0,-1
2026-05-07 17:21:00-04:00,1.36598,1.365985,1.36598,1.36598,-1.0,-1.0,-1
2026-05-07 17:21:05-04:00,1.36598,1.365985,1.36598,1.36598,-1.0,-1.0,-1
2026-05-07 17:21:10-04:00,1.36598,1.365985,1.36598,1.36598,-1.0,-1.0,-1
2026-05-07 17:21:15-04:00,1.36598,1.365985,1.36598,1.36598,-1.0,-1.0,-1
2026-05-07 17:21:20-04:00,1.36598,1.365985,1.36598,1.36598,-1.0,-1.0,-1
2026-05-07 17:21:25-04:00,1.36598,1.365985,1.36598,1.36598,-1.0,-1.0,-1
2026-05-07 17:21:30-04:00,1.36598,1.365985,1.36598,1.36598,-1.0,-1.0,-1
2026-05-07 17:21:35-04:00,1.36598,1.365985,1.36598,1.36598,-1.0,-1.0,-1
2026-05-07 17:21:40-04:00,1.36598,1.365985,1.365765,1.365765,-1.0,-1.0,-1
2026-05-07 17:21:45-04:00,1.365765,1.365765,1.365765,1.365765,-1.0,-1.0,-1
2026-05-07 17:21:50-04:00,1.365765,1.365765,1.365765,1.365765,-1.0,-1.0,-1
2026-05-07 17:21:55-04:00,1.365765,1.365765,1.365765,1.365765,-1.0,-1.0,-1
2026-05-07 17:22:00-04:00,1.365765,1.365765,1.36576,1.36576,-1.0,-1.0,-1
2026-05-07 17:22:05-04:00,1.36576,1.36576,1.36576,1.36576,-1.0,-1.0,-1
2026-05-07 17:22:10-04:00,1.36576,1.36576,1.36576,1.36576,-1.0,-1.0,-1
2026-05-07 17:22:15-04:00,1.36576,1.36583,1.36576,1.36583,-1.0,-1.0,-1
2026-05-07 17:22:20-04:00,1.36583,1.36583,1.365785,1.365805,-1.0,-1.0,-1
2026-05-07 17:22:25-04:00,1.365805,1.365805,1.365785,1.365805,-1.0,-1.0,-1
2026-05-07 17:22:30-04:00,1.365805,1.365805,1.3658,1.3658,-1.0,-1.0,-1
2026-05-07 17:22:35-04:00,1.3658,1.3658,1.3658,1.3658,-1.0,-1.0,-1
2026-05-07 17:22:40-04:00,1.3658,1.3658,1.3658,1.3658,-1.0,-1.0,-1
2026-05-07 17:22:45-04:00,1.3658,1.3658,1.3658,1.3658,-1.0,-1.0,-1
2026-05-07 17:22:50-04:00,1.3658,1.3658,1.3658,1.3658,-1.0,-1.0,-1
2026-05-07 17:22:55-04:00,1.3658,1.3658,1.3658,1.3658,-1.0,-1.0,-1
2026-05-07 17:23:00-04:00,1.3658,1.3658,1.3658,1.3658,-1.0,-1.0,-1
2026-05-07 17:23:05-04:00,1.3658,1.3658,1.3658,1.3658,-1.0,-1.0,-1
2026-05-07 17:23:10-04:00,1.3658,1.3658,1.3658,1.3658,-1.0,-1.0,-1
2026-05-07 17:23:15-04:00,1.3658,1.3658,1.3658,1.3658,-1.0,-1.0,-1
2026-05-07 17:23:20-04:00,1.3658,1.3658,1.3658,1.3658,-1.0,-1.0,-1
2026-05-07 17:23:25-04:00,1.3658,1.3658,1.3658,1.3658,-1.0,-1.0,-1
2026-05-07 17:23:30-04:00,1.3658,1.3658,1.3658,1.3658,-1.0,-1.0,-1
2026-05-07 17:23:35-04:00,1.3658,1.3658,1.3658,1.3658,-1.0,-1.0,-1
2026-05-07 17:23:40-04:00,1.3658,1.3658,1.3658,1.3658,-1.0,-1.0,-1
2026-05-07 17:23:45-04:00,1.3658,1.3658,1.3658,1.3658,-1.0,-1.0,-1
2026-05-07 17:23:50-04:00,1.3658,1.3658,1.3658,1.3658,-1.0,-1.0,-1
2026-05-07 17:23:55-04:00,1.3658,1.3658,1.3658,1.3658,-1.0,-1.0,-1
2026-05-07 17:24:00-04:00,1.3658,1.3658,1.3658,1.3658,-1.0,-1.0,-1
2026-05-07 17:24:05-04:00,1.3658,1.3658,1.3658,1.3658,-1.0,-1.0,-1
2026-05-07 17:24:10-04:00,1.3658,1.3658,1.3658,1.3658,-1.0,-1.0,-1
2026-05-07 17:24:15-04:00,1.3658,1.3658,1.3658,1.3658,-1.0,-1.0,-1
2026-05-07 17:24:20-04:00,1.3658,1.3658,1.3658,1.3658,-1.0,-1.0,-1
2026-05-07 17:24:25-04:00,1.3658,1.3658,1.3658,1.3658,-1.0,-1.0,-1
2026-05-07 17:24:30-04:00,1.3658,1.3658,1.3658,1.3658,-1.0,-1.0,-1
2026-05-07 17:24:35-04:00,1.3658,1.3658,1.3658,1.3658,-1.0,-1.0,-1
2026-05-07 17:24:40-04:00,1.3658,1.3658,1.3658,1.3658,-1.0,-1.0,-1
2026-05-07 17:24:45-04:00,1.3658,1.3658,1.3658,1.3658,-1.0,-1.0,-1
2026-05-07 17:24:50-04:00,1.3658,1.3658,1.3658,1.3658,-1.0,-1.0,-1
2026-05-07 17:24:55-04:00,1.3658,1.3658,1.3658,1.3658,-1.0,-1.0,-1
2026-05-07 17:25:00-04:00,1.3658,1.3658,1.3658,1.3658,-1.0,-1.0,-1
2026-05-07 17:25:05-04:00,1.3658,1.3658,1.3658,1.3658,-1.0,-1.0,-1
2026-05-07 17:25:10-04:00,1.3658,1.3658,1.3658,1.3658,-1.0,-1.0,-1
2026-05-07 17:25:15-04:00,1.3658,1.3658,1.3658,1.3658,-1.0,-1.0,-1
2026-05-07 17:25:20-04:00,1.3658,1.3658,1.3658,1.3658,-1.0,-1.0,-1
2026-05-07 17:25:25-04:00,1.3658,1.3658,1.3658,1.3658,-1.0,-1.0,-1
2026-05-07 17:25:30-04:00,1.3658,1.3658,1.3658,1.3658,-1.0,-1.0,-1
2026-05-07 17:25:35-04:00,1.3658,1.3658,1.3658,1.3658,-1.0,-1.0,-1
2026-05-07 17:25:40-04:00,1.3658,1.3658,1.3658,1.3658,-1.0,-1.0,-1
2026-05-07 17:25:45-04:00,1.3658,1.3658,1.3658,1.3658,-1.0,-1.0,-1
2026-05-07 17:25:50-04:00,1.3658,1.3658,1.3658,1.3658,-1.0,-1.0,-1
2026-05-07 17:25:55-04:00,1.3658,1.3658,1.3658,1.3658,-1.0,-1.0,-1
2026-05-07 17:26:00-04:00,1.3658,1.3658,1.3658,1.3658,-1.0,-1.0,-1
2026-05-07 17:26:05-04:00,1.3658,1.3658,1.3658,1.3658,-1.0,-1.0,-1
2026-05-07 17:26:10-04:00,1.3658,1.3658,1.3658,1.3658,-1.0,-1.0,-1
2026-05-07 17:26:15-04:00,1.3658,1.3658,1.3658,1.3658,-1.0,-1.0,-1
2026-05-07 17:26:20-04:00,1.3658,1.3658,1.3658,1.3658,-1.0,-1.0,-1
2026-05-07 17:26:25-04:00,1.3658,1.3658,1.3658,1.3658,-1.0,-1.0,-1
2026-05-07 17:26:30-04:00,1.3658,1.3658,1.3658,1.3658,-1.0,-1.0,-1
2026-05-07 17:26:35-04:00,1.3658,1.3658,1.3658,1.3658,-1.0,-1.0,-1
2026-05-07 17:26:40-04:00,1.3658,1.3658,1.3658,1.3658,-1.0,-1.0,-1
2026-05-07 17:26:45-04:00,1.3658,1.3658,1.3658,1.3658,-1.0,-1.0,-1
2026-05-07 17:26:50-04:00,1.3658,1.3658,1.3658,1.3658,-1.0,-1.0,-1
2026-05-07 17:26:55-04:00,1.3658,1.3658,1.3658,1.3658,-1.0,-1.0,-1
2026-05-07 17:27:00-04:00,1.3658,1.3658,1.3658,1.3658,-1.0,-1.0,-1
2026-05-07 17:27:05-04:00,1.3658,1.3658,1.3658,1.3658,-1.0,-1.0,-1
2026-05-07 17:27:10-04:00,1.3658,1.3658,1.3658,1.3658,-1.0,-1.0,-1
2026-05-07 17:27:15-04:00,1.3658,1.365845,1.365795,1.365845,-1.0,-1.0,-1
2026-05-07 17:27:20-04:00,1.365845,1.365845,1.365845,1.365845,-1.0,-1.0,-1
2026-05-07 17:27:25-04:00,1.365845,1.365845,1.365845,1.365845,-1.0,-1.0,-1
2026-05-07 17:27:30-04:00,1.365845,1.365845,1.365845,1.365845,-1.0,-1.0,-1
2026-05-07 17:27:35-04:00,1.365845,1.365845,1.365845,1.365845,-1.0,-1.0,-1
2026-05-07 17:27:40-04:00,1.365845,1.365845,1.365845,1.365845,-1.0,-1.0,-1
2026-05-07 17:27:45-04:00,1.365845,1.365845,1.365845,1.365845,-1.0,-1.0,-1
2026-05-07 17:27:50-04:00,1.365845,1.365845,1.365845,1.365845,-1.0,-1.0,-1
2026-05-07 17:27:55-04:00,1.365845,1.365845,1.365845,1.365845,-1.0,-1.0,-1
2026-05-07 17:28:00-04:00,1.365845,1.365845,1.365845,1.365845,-1.0,-1.0,-1
2026-05-07 17:28:05-04:00,1.365845,1.365845,1.365845,1.365845,-1.0,-1.0,-1
2026-05-07 17:28:10-04:00,1.365845,1.365845,1.365845,1.365845,-1.0,-1.0,-1
2026-05-07 17:28:15-04:00,1.365845,1.365845,1.36584,1.36584,-1.0,-1.0,-1
2026-05-07 17:28:20-04:00,1.36584,1.36584,1.36584,1.36584,-1.0,-1.0,-1
2026-05-07 17:28:25-04:00,1.36584,1.36584,1.36584,1.36584,-1.0,-1.0,-1
2026-05-07 17:28:30-04:00,1.36584,1.36584,1.3658,1.3658,-1.0,-1.0,-1
2026-05-07 17:28:35-04:00,1.3658,1.3658,1.3658,1.3658,-1.0,-1.0,-1
2026-05-07 17:28:40-04:00,1.3658,1.365835,1.3658,1.365835,-1.0,-1.0,-1
2026-05-07 17:28:45-04:00,1.365835,1.365835,1.365835,1.365835,-1.0,-1.0,-1
2026-05-07 17:28:50-04:00,1.365835,1.365835,1.365835,1.365835,-1.0,-1.0,-1
2026-05-07 17:28:55-04:00,1.365835,1.365835,1.365835,1.365835,-1.0,-1.0,-1
2026-05-07 17:29:00-04:00,1.365835,1.365835,1.365835,1.365835,-1.0,-1.0,-1
2026-05-07 17:29:05-04:00,1.365835,1.365835,1.365835,1.365835,-1.0,-1.0,-1
2026-05-07 17:29:10-04:00,1.365835,1.365835,1.365835,1.365835,-1.0,-1.0,-1
2026-05-07 17:29:15-04:00,1.365835,1.365835,1.365775,1.365775,-1.0,-1.0,-1
2026-05-07 17:29:20-04:00,1.365775,1.365775,1.36576,1.36576,-1.0,-1.0,-1
2026-05-07 17:29:25-04:00,1.36576,1.365765,1.36576,1.36576,-1.0,-1.0,-1
2026-05-07 17:29:30-04:00,1.36576,1.365765,1.36576,1.36576,-1.0,-1.0,-1
2026-05-07 17:29:35-04:00,1.36576,1.365765,1.36576,1.36576,-1.0,-1.0,-1
2026-05-07 17:29:40-04:00,1.36576,1.36577,1.36576,1.365765,-1.0,-1.0,-1
2026-05-07 17:29:45-04:00,1.365765,1.36577,1.365765,1.365765,-1.0,-1.0,-1
2026-05-07 17:29:50-04:00,1.365765,1.36577,1.365765,1.365765,-1.0,-1.0,-1
2026-05-07 17:29:55-04:00,1.365765,1.36577,1.365765,1.365765,-1.0,-1.0,-1
2026-05-07 17:30:00-04:00,1.365765,1.36577,1.36576,1.36576,-1.0,-1.0,-1
2026-05-07 17:30:05-04:00,1.36576,1.365785,1.36576,1.365785,-1.0,-1.0,-1
2026-05-07 17:30:10-04:00,1.365785,1.36579,1.365765,1.365765,-1.0,-1.0,-1
2026-05-07 17:30:15-04:00,1.365765,1.36577,1.36576,1.36576,-1.0,-1.0,-1
2026-05-07 17:30:20-04:00,1.36576,1.365825,1.365755,1.365825,-1.0,-1.0,-1
2026-05-07 17:30:25-04:00,1.365825,1.365825,1.365825,1.365825,-1.0,-1.0,-1
2026-05-07 17:30:30-04:00,1.365825,1.365825,1.365825,1.365825,-1.0,-1.0,-1
2026-05-07 17:30:35-04:00,1.365825,1.365825,1.365825,1.365825,-1.0,-1.0,-1
2026-05-07 17:30:40-04:00,1.365825,1.36583,1.365825,1.36583,-1.0,-1.0,-1
2026-05-07 17:30:45-04:00,1.36583,1.36583,1.36583,1.36583,-1.0,-1.0,-1
2026-05-07 17:30:50-04:00,1.36583,1.36583,1.36583,1.36583,-1.0,-1.0,-1
2026-05-07 17:30:55-04:00,1.36583,1.36583,1.36579,1.36582,-1.0,-1.0,-1
2026-05-07 17:31:00-04:00,1.36582,1.36583,1.365725,1.365725,-1.0,-1.0,-1
2026-05-07 17:31:05-04:00,1.365725,1.36573,1.365725,1.365725,-1.0,-1.0,-1
2026-05-07 17:31:10-04:00,1.365725,1.36573,1.36572,1.36572,-1.0,-1.0,-1
2026-05-07 17:31:15-04:00,1.36572,1.36572,1.365695,1.3657,-1.0,-1.0,-1
2026-05-07 17:31:20-04:00,1.3657,1.3657,1.365695,1.365695,-1.0,-1.0,-1
2026-05-07 17:31:25-04:00,1.365695,1.365695,1.365695,1.365695,-1.0,-1.0,-1
2026-05-07 17:31:30-04:00,1.365695,1.365695,1.365695,1.365695,-1.0,-1.0,-1
2026-05-07 17:31:35-04:00,1.365695,1.365695,1.365695,1.365695,-1.0,-1.0,-1
2026-05-07 17:31:40-04:00,1.365695,1.365695,1.365695,1.365695,-1.0,-1.0,-1
2026-05-07 17:31:45-04:00,1.365695,1.365695,1.365695,1.365695,-1.0,-1.0,-1
2026-05-07 17:31:50-04:00,1.365695,1.365695,1.365695,1.365695,-1.0,-1.0,-1
2026-05-07 17:31:55-04:00,1.365695,1.3657,1.365695,1.3657,-1.0,-1.0,-1
2026-05-07 17:32:00-04:00,1.3657,1.3657,1.3657,1.3657,-1.0,-1.0,-1
2026-05-07 17:32:05-04:00,1.3657,1.3657,1.365695,1.365695,-1.0,-1.0,-1
2026-05-07 17:32:10-04:00,1.365695,1.365695,1.365695,1.365695,-1.0,-1.0,-1
2026-05-07 17:32:15-04:00,1.365695,1.365705,1.365695,1.365695,-1.0,-1.0,-1
2026-05-07 17:32:20-04:00,1.365695,1.365695,1.365695,1.365695,-1.0,-1.0,-1
2026-05-07 17:32:25-04:00,1.365695,1.365715,1.365695,1.3657,-1.0,-1.0,-1
2026-05-07 17:32:30-04:00,1.3657,1.3657,1.3657,1.3657,-1.0,-1.0,-1
2026-05-07 17:32:35-04:00,1.3657,1.36571,1.3657,1.3657,-1.0,-1.0,-1
2026-05-07 17:32:40-04:00,1.3657,1.3657,1.3657,1.3657,-1.0,-1.0,-1
2026-05-07 17:32:45-04:00,1.3657,1.3657,1.3657,1.3657,-1.0,-1.0,-1
2026-05-07 17:32:50-04:00,1.3657,1.365715,1.3657,1.3657,-1.0,-1.0,-1
2026-05-07 17:32:55-04:00,1.3657,1.3657,1.3657,1.3657,-1.0,-1.0,-1
2026-05-07 17:33:00-04:00,1.3657,1.3657,1.3657,1.3657,-1.0,-1.0,-1
2026-05-07 17:33:05-04:00,1.3657,1.3657,1.3657,1.3657,-1.0,-1.0,-1
2026-05-07 17:33:10-04:00,1.3657,1.3657,1.3657,1.3657,-1.0,-1.0,-1
2026-05-07 17:33:15-04:00,1.3657,1.36572,1.3657,1.3657,-1.0,-1.0,-1
2026-05-07 17:33:20-04:00,1.3657,1.3657,1.3657,1.3657,-1.0,-1.0,-1
2026-05-07 17:33:25-04:00,1.3657,1.36574,1.3657,1.36571,-1.0,-1.0,-1
2026-05-07 17:33:30-04:00,1.36571,1.36571,1.36571,1.36571,-1.0,-1.0,-1
2026-05-07 17:33:35-04:00,1.36571,1.36571,1.36571,1.36571,-1.0,-1.0,-1
2026-05-07 17:33:40-04:00,1.36571,1.365765,1.36571,1.365765,-1.0,-1.0,-1
2026-05-07 17:33:45-04:00,1.365765,1.365765,1.36575,1.365755,-1.0,-1.0,-1
2026-05-07 17:33:50-04:00,1.365755,1.365755,1.36575,1.365755,-1.0,-1.0,-1
2026-05-07 17:33:55-04:00,1.365755,1.365755,1.36575,1.365755,-1.0,-1.0,-1
2026-05-07 17:34:00-04:00,1.365755,1.365755,1.36575,1.365755,-1.0,-1.0,-1
2026-05-07 17:34:05-04:00,1.365755,1.365755,1.36575,1.365755,-1.0,-1.0,-1
2026-05-07 17:34:10-04:00,1.365755,1.365755,1.36575,1.365755,-1.0,-1.0,-1
2026-05-07 17:34:15-04:00,1.365755,1.365755,1.36575,1.365755,-1.0,-1.0,-1
2026-05-07 17:34:20-04:00,1.365755,1.365815,1.36575,1.365815,-1.0,-1.0,-1
2026-05-07 17:34:25-04:00,1.365815,1.366,1.365815,1.366,-1.0,-1.0,-1
2026-05-07 17:34:30-04:00,1.366,1.36613,1.366,1.36613,-1.0,-1.0,-1
2026-05-07 17:34:35-04:00,1.36613,1.366145,1.36612,1.36612,-1.0,-1.0,-1
2026-05-07 17:34:40-04:00,1.36612,1.366125,1.36612,1.36612,-1.0,-1.0,-1
2026-05-07 17:34:45-04:00,1.36612,1.366125,1.366115,1.366115,-1.0,-1.0,-1
2026-05-07 17:34:50-04:00,1.366115,1.36612,1.366095,1.366115,-1.0,-1.0,-1
2026-05-07 17:34:55-04:00,1.366115,1.366125,1.366085,1.366085,-1.0,-1.0,-1
2026-05-07 17:35:00-04:00,1.366085,1.366095,1.366075,1.366095,-1.0,-1.0,-1
2026-05-07 17:35:05-04:00,1.366095,1.36611,1.366095,1.36611,-1.0,-1.0,-1
2026-05-07 17:35:10-04:00,1.36611,1.36611,1.366085,1.366085,-1.0,-1.0,-1
2026-05-07 17:35:15-04:00,1.366085,1.366115,1.36607,1.366115,-1.0,-1.0,-1
2026-05-07 17:35:20-04:00,1.366115,1.366115,1.36611,1.366115,-1.0,-1.0,-1
2026-05-07 17:35:25-04:00,1.366115,1.366115,1.3661,1.3661,-1.0,-1.0,-1
2026-05-07 17:35:30-04:00,1.3661,1.366115,1.3661,1.366115,-1.0,-1.0,-1
2026-05-07 17:35:35-04:00,1.366115,1.366145,1.36609,1.366095,-1.0,-1.0,-1
2026-05-07 17:35:40-04:00,1.366095,1.36613,1.36607,1.36612,-1.0,-1.0,-1
2026-05-07 17:35:45-04:00,1.36612,1.366125,1.36612,1.366125,-1.0,-1.0,-1
2026-05-07 17:35:50-04:00,1.366125,1.366125,1.366085,1.36612,-1.0,-1.0,-1
2026-05-07 17:35:55-04:00,1.36612,1.366125,1.36612,1.366125,-1.0,-1.0,-1
2026-05-07 17:36:00-04:00,1.366125,1.36622,1.36611,1.366215,-1.0,-1.0,-1
2026-05-07 17:36:05-04:00,1.366215,1.36622,1.366215,1.366215,-1.0,-1.0,-1
2026-05-07 17:36:10-04:00,1.366215,1.36622,1.366175,1.366185,-1.0,-1.0,-1
2026-05-07 17:36:15-04:00,1.366185,1.366225,1.366185,1.366225,-1.0,-1.0,-1
2026-05-07 17:36:20-04:00,1.366225,1.36623,1.366205,1.366205,-1.0,-1.0,-1
2026-05-07 17:36:25-04:00,1.366205,1.36621,1.366195,1.366195,-1.0,-1.0,-1
2026-05-07 17:36:30-04:00,1.366195,1.366205,1.366195,1.366205,-1.0,-1.0,-1
2026-05-07 17:36:35-04:00,1.366205,1.36622,1.366205,1.36622,-1.0,-1.0,-1
2026-05-07 17:36:40-04:00,1.36622,1.36622,1.36622,1.36622,-1.0,-1.0,-1
2026-05-07 17:36:45-04:00,1.36622,1.36622,1.366185,1.366185,-1.0,-1.0,-1
2026-05-07 17:36:50-04:00,1.366185,1.36619,1.366185,1.36619,-1.0,-1.0,-1
2026-05-07 17:36:55-04:00,1.36619,1.366195,1.36619,1.366195,-1.0,-1.0,-1
2026-05-07 17:37:00-04:00,1.366195,1.366195,1.366095,1.366135,-1.0,-1.0,-1
2026-05-07 17:37:05-04:00,1.366135,1.36616,1.36608,1.366135,-1.0,-1.0,-1
2026-05-07 17:37:10-04:00,1.366135,1.36614,1.366125,1.36614,-1.0,-1.0,-1
2026-05-07 17:37:15-04:00,1.36614,1.36614,1.36613,1.36613,-1.0,-1.0,-1
2026-05-07 17:37:20-04:00,1.36613,1.36614,1.36612,1.366135,-1.0,-1.0,-1
2026-05-07 17:37:25-04:00,1.366135,1.36614,1.366135,1.36614,-1.0,-1.0,-1
2026-05-07 17:37:30-04:00,1.36614,1.366145,1.36611,1.366145,-1.0,-1.0,-1
2026-05-07 17:37:35-04:00,1.366145,1.366165,1.366105,1.36613,-1.0,-1.0,-1
2026-05-07 17:37:40-04:00,1.36613,1.366185,1.36613,1.366175,-1.0,-1.0,-1
2026-05-07 17:37:45-04:00,1.366175,1.366185,1.366175,1.36618,-1.0,-1.0,-1
2026-05-07 17:37:50-04:00,1.36618,1.36618,1.36607,1.36611,-1.0,-1.0,-1
2026-05-07 17:37:55-04:00,1.36611,1.366155,1.366105,1.366155,-1.0,-1.0,-1
2026-05-07 17:38:00-04:00,1.366155,1.366175,1.366135,1.366135,-1.0,-1.0,-1
2026-05-07 17:38:05-04:00,1.366135,1.36616,1.366135,1.36616,-1.0,-1.0,-1
2026-05-07 17:38:10-04:00,1.36616,1.36616,1.36614,1.36614,-1.0,-1.0,-1
2026-05-07 17:38:15-04:00,1.36614,1.366145,1.366135,1.366135,-1.0,-1.0,-1
2026-05-07 17:38:20-04:00,1.366135,1.366135,1.366135,1.366135,-1.0,-1.0,-1
2026-05-07 17:38:25-04:00,1.366135,1.366155,1.366115,1.36614,-1.0,-1.0,-1
2026-05-07 17:38:30-04:00,1.36614,1.366165,1.366075,1.366075,-1.0,-1.0,-1
2026-05-07 17:38:35-04:00,1.366075,1.366085,1.366075,1.366085,-1.0,-1.0,-1
2026-05-07 17:38:40-04:00,1.366085,1.366085,1.366085,1.366085,-1.0,-1.0,-1
2026-05-07 17:38:45-04:00,1.366085,1.366085,1.36608,1.36608,-1.0,-1.0,-1
2026-05-07 17:38:50-04:00,1.36608,1.36608,1.36607,1.366075,-1.0,-1.0,-1
2026-05-07 17:38:55-04:00,1.366075,1.36608,1.366065,1.36608,-1.0,-1.0,-1
2026-05-07 17:39:00-04:00,1.36608,1.366145,1.36608,1.366145,-1.0,-1.0,-1
2026-05-07 17:39:05-04:00,1.366145,1.366145,1.36614,1.366145,-1.0,-1.0,-1
2026-05-07 17:39:10-04:00,1.366145,1.366145,1.36614,1.366145,-1.0,-1.0,-1
2026-05-07 17:39:15-04:00,1.366145,1.366145,1.366135,1.36614,-1.0,-1.0,-1
2026-05-07 17:39:20-04:00,1.36614,1.36616,1.36613,1.366155,-1.0,-1.0,-1
2026-05-07 17:39:25-04:00,1.366155,1.366155,1.36614,1.366145,-1.0,-1.0,-1
2026-05-07 17:39:30-04:00,1.366145,1.366145,1.366135,1.366135,-1.0,-1.0,-1
2026-05-07 17:39:35-04:00,1.366135,1.366135,1.366135,1.366135,-1.0,-1.0,-1
2026-05-07 17:39:40-04:00,1.366135,1.36615,1.366055,1.36613,-1.0,-1.0,-1
2026-05-07 17:39:45-04:00,1.36613,1.36613,1.36613,1.36613,-1.0,-1.0,-1
2026-05-07 17:39:50-04:00,1.36613,1.36615,1.36613,1.36615,-1.0,-1.0,-1
2026-05-07 17:39:55-04:00,1.36615,1.366175,1.366125,1.36617,-1.0,-1.0,-1
2026-05-07 17:40:00-04:00,1.36617,1.3662,1.366125,1.36618,-1.0,-1.0,-1
2026-05-07 17:40:05-04:00,1.36618,1.366205,1.36618,1.366205,-1.0,-1.0,-1
2026-05-07 17:40:10-04:00,1.366205,1.366205,1.366135,1.36618,-1.0,-1.0,-1
2026-05-07 17:40:15-04:00,1.36618,1.36618,1.366085,1.36616,-1.0,-1.0,-1
2026-05-07 17:40:20-04:00,1.36616,1.36616,1.36616,1.36616,-1.0,-1.0,-1
2026-05-07 17:40:25-04:00,1.36616,1.36616,1.366065,1.366065,-1.0,-1.0,-1
2026-05-07 17:40:30-04:00,1.366065,1.366165,1.366065,1.36614,-1.0,-1.0,-1
2026-05-07 17:40:35-04:00,1.36614,1.36614,1.366135,1.366135,-1.0,-1.0,-1
2026-05-07 17:40:40-04:00,1.366135,1.366155,1.36609,1.366155,-1.0,-1.0,-1
2026-05-07 17:40:45-04:00,1.366155,1.366165,1.366135,1.366155,-1.0,-1.0,-1
2026-05-07 17:40:50-04:00,1.366155,1.366155,1.366145,1.366145,-1.0,-1.0,-1
2026-05-07 17:40:55-04:00,1.366145,1.366145,1.366085,1.36611,-1.0,-1.0,-1
2026-05-07 17:41:00-04:00,1.36611,1.366125,1.36611,1.366125,-1.0,-1.0,-1
2026-05-07 17:41:05-04:00,1.366125,1.366125,1.36612,1.36612,-1.0,-1.0,-1
2026-05-07 17:41:10-04:00,1.36612,1.36612,1.36607,1.3661,-1.0,-1.0,-1
2026-05-07 17:41:15-04:00,1.3661,1.36611,1.36609,1.366095,-1.0,-1.0,-1
2026-05-07 17:41:20-04:00,1.366095,1.366095,1.36607,1.366075,-1.0,-1.0,-1
2026-05-07 17:41:25-04:00,1.366075,1.3661,1.36607,1.366095,-1.0,-1.0,-1
2026-05-07 17:41:30-04:00,1.366095,1.36611,1.366095,1.36611,-1.0,-1.0,-1
2026-05-07 17:41:35-04:00,1.36611,1.366135,1.36609,1.366135,-1.0,-1.0,-1
2026-05-07 17:41:40-04:00,1.366135,1.36614,1.366135,1.36614,-1.0,-1.0,-1
2026-05-07 17:41:45-04:00,1.36614,1.36617,1.36614,1.36617,-1.0,-1.0,-1
2026-05-07 17:41:50-04:00,1.36617,1.36617,1.36617,1.36617,-1.0,-1.0,-1
2026-05-07 17:41:55-04:00,1.36617,1.36619,1.366145,1.36615,-1.0,-1.0,-1
2026-05-07 17:42:00-04:00,1.36615,1.36615,1.366145,1.36615,-1.0,-1.0,-1
2026-05-07 17:42:05-04:00,1.36615,1.36617,1.366135,1.366135,-1.0,-1.0,-1
2026-05-07 17:42:10-04:00,1.366135,1.366195,1.36612,1.366165,-1.0,-1.0,-1
2026-05-07 17:42:15-04:00,1.366165,1.366165,1.3661,1.366165,-1.0,-1.0,-1
2026-05-07 17:42:20-04:00,1.366165,1.366165,1.366165,1.366165,-1.0,-1.0,-1
2026-05-07 17:42:25-04:00,1.366165,1.366175,1.36616,1.36616,-1.0,-1.0,-1
2026-05-07 17:42:30-04:00,1.36616,1.366165,1.36616,1.366165,-1.0,-1.0,-1
2026-05-07 17:42:35-04:00,1.366165,1.366165,1.36615,1.36615,-1.0,-1.0,-1
2026-05-07 17:42:40-04:00,1.36615,1.36618,1.36615,1.366175,-1.0,-1.0,-1
2026-05-07 17:42:45-04:00,1.366175,1.36618,1.366045,1.366085,-1.0,-1.0,-1
2026-05-07 17:42:50-04:00,1.366085,1.366115,1.366085,1.36611,-1.0,-1.0,-1
2026-05-07 17:42:55-04:00,1.36611,1.366135,1.36611,1.366135,-1.0,-1.0,-1
2026-05-07 17:43:00-04:00,1.366135,1.366135,1.36608,1.36612,-1.0,-1.0,-1
2026-05-07 17:43:05-04:00,1.36612,1.3663,1.36612,1.366295,-1.0,-1.0,-1
2026-05-07 17:43:10-04:00,1.366295,1.366305,1.36629,1.3663,-1.0,-1.0,-1
2026-05-07 17:43:15-04:00,1.3663,1.366305,1.36614,1.36614,-1.0,-1.0,-1
2026-05-07 17:43:20-04:00,1.36614,1.366285,1.36614,1.366285,-1.0,-1.0,-1
2026-05-07 17:43:25-04:00,1.366285,1.366285,1.366285,1.366285,-1.0,-1.0,-1
2026-05-07 17:43:30-04:00,1.366285,1.366285,1.366265,1.366285,-1.0,-1.0,-1
2026-05-07 17:43:35-04:00,1.366285,1.366285,1.36626,1.36626,-1.0,-1.0,-1
2026-05-07 17:43:40-04:00,1.36626,1.36627,1.36624,1.36627,-1.0,-1.0,-1
2026-05-07 17:43:45-04:00,1.36627,1.36627,1.36627,1.36627,-1.0,-1.0,-1
2026-05-07 17:43:50-04:00,1.36627,1.36627,1.366235,1.366235,-1.0,-1.0,-1
2026-05-07 17:43:55-04:00,1.366235,1.366265,1.36623,1.366265,-1.0,-1.0,-1
2026-05-07 17:44:00-04:00,1.366265,1.366265,1.36626,1.36626,-1.0,-1.0,-1
2026-05-07 17:44:05-04:00,1.36626,1.3663,1.36626,1.3663,-1.0,-1.0,-1
2026-05-07 17:44:10-04:00,1.3663,1.3663,1.36629,1.36629,-1.0,-1.0,-1
2026-05-07 17:44:15-04:00,1.36629,1.36631,1.36627,1.36631,-1.0,-1.0,-1
2026-05-07 17:44:20-04:00,1.36631,1.36632,1.36631,1.36632,-1.0,-1.0,-1
2026-05-07 17:44:25-04:00,1.36632,1.36632,1.36632,1.36632,-1.0,-1.0,-1
2026-05-07 17:44:30-04:00,1.36632,1.36632,1.366265,1.36631,-1.0,-1.0,-1
2026-05-07 17:44:35-04:00,1.36631,1.366325,1.366305,1.366325,-1.0,-1.0,-1
2026-05-07 17:44:40-04:00,1.366325,1.366325,1.366325,1.366325,-1.0,-1.0,-1
2026-05-07 17:44:45-04:00,1.366325,1.366325,1.366325,1.366325,-1.0,-1.0,-1
2026-05-07 17:44:50-04:00,1.366325,1.366325,1.36627,1.36631,-1.0,-1.0,-1
2026-05-07 17:44:55-04:00,1.36631,1.366315,1.36631,1.366315,-1.0,-1.0,-1
2026-05-07 17:45:00-04:00,1.366315,1.36633,1.36628,1.366325,-1.0,-1.0,-1
2026-05-07 17:45:05-04:00,1.366325,1.366335,1.3663,1.3663,-1.0,-1.0,-1
2026-05-07 17:45:10-04:00,1.3663,1.3663,1.366295,1.366295,-1.0,-1.0,-1
2026-05-07 17:45:15-04:00,1.366295,1.366305,1.366275,1.366305,-1.0,-1.0,-1
2026-05-07 17:45:20-04:00,1.366305,1.366305,1.36629,1.36629,-1.0,-1.0,-1
2026-05-07 17:45:25-04:00,1.36629,1.36629,1.366265,1.36629,-1.0,-1.0,-1
2026-05-07 17:45:30-04:00,1.36629,1.366295,1.36629,1.366295,-1.0,-1.0,-1
2026-05-07 17:45:35-04:00,1.366295,1.366295,1.36626,1.36626,-1.0,-1.0,-1
2026-05-07 17:45:40-04:00,1.36626,1.36628,1.36626,1.36628,-1.0,-1.0,-1
2026-05-07 17:45:45-04:00,1.36628,1.36628,1.36624,1.36624,-1.0,-1.0,-1
2026-05-07 17:45:50-04:00,1.36624,1.36624,1.36624,1.36624,-1.0,-1.0,-1
2026-05-07 17:45:55-04:00,1.36624,1.36624,1.366215,1.366215,-1.0,-1.0,-1
2026-05-07 17:46:00-04:00,1.366215,1.36622,1.36621,1.36621,-1.0,-1.0,-1
2026-05-07 17:46:05-04:00,1.36621,1.366215,1.36621,1.36621,-1.0,-1.0,-1
2026-05-07 17:46:10-04:00,1.36621,1.366215,1.36621,1.36621,-1.0,-1.0,-1
2026-05-07 17:46:15-04:00,1.36621,1.366215,1.366205,1.366205,-1.0,-1.0,-1
2026-05-07 17:46:20-04:00,1.366205,1.36622,1.366205,1.366215,-1.0,-1.0,-1
2026-05-07 17:46:25-04:00,1.366215,1.36622,1.36619,1.3662,-1.0,-1.0,-1
2026-05-07 17:46:30-04:00,1.3662,1.3662,1.3662,1.3662,-1.0,-1.0,-1
2026-05-07 17:46:35-04:00,1.3662,1.36622,1.3662,1.3662,-1.0,-1.0,-1
2026-05-07 17:46:40-04:00,1.3662,1.36622,1.366195,1.366215,-1.0,-1.0,-1
2026-05-07 17:46:45-04:00,1.366215,1.36622,1.366215,1.366215,-1.0,-1.0,-1
2026-05-07 17:46:50-04:00,1.366215,1.36622,1.366185,1.36621,-1.0,-1.0,-1
2026-05-07 17:46:55-04:00,1.36621,1.366215,1.36621,1.36621,-1.0,-1.0,-1
2026-05-07 17:47:00-04:00,1.36621,1.36622,1.36618,1.36618,-1.0,-1.0,-1
2026-05-07 17:47:05-04:00,1.36618,1.36618,1.36618,1.36618,-1.0,-1.0,-1
2026-05-07 17:47:10-04:00,1.36618,1.36622,1.366155,1.36621,-1.0,-1.0,-1
2026-05-07 17:47:15-04:00,1.36621,1.366215,1.36621,1.36621,-1.0,-1.0,-1
2026-05-07 17:47:20-04:00,1.36621,1.366215,1.36615,1.366205,-1.0,-1.0,-1
2026-05-07 17:47:25-04:00,1.366205,1.366205,1.366185,1.36619,-1.0,-1.0,-1
2026-05-07 17:47:30-04:00,1.36619,1.36619,1.366175,1.366175,-1.0,-1.0,-1
2026-05-07 17:47:35-04:00,1.366175,1.36619,1.366175,1.36619,-1.0,-1.0,-1
2026-05-07 17:47:40-04:00,1.36619,1.36619,1.36615,1.36619,-1.0,-1.0,-1
2026-05-07 17:47:45-04:00,1.36619,1.36619,1.36619,1.36619,-1.0,-1.0,-1
2026-05-07 17:47:50-04:00,1.36619,1.36619,1.36619,1.36619,-1.0,-1.0,-1
2026-05-07 17:47:55-04:00,1.36619,1.36619,1.366155,1.366185,-1.0,-1.0,-1
2026-05-07 17:48:00-04:00,1.366185,1.366195,1.366185,1.366195,-1.0,-1.0,-1
2026-05-07 17:48:05-04:00,1.366195,1.366195,1.366155,1.36617,-1.0,-1.0,-1
2026-05-07 17:48:10-04:00,1.36617,1.36617,1.36617,1.36617,-1.0,-1.0,-1
2026-05-07 17:48:15-04:00,1.36617,1.36619,1.36614,1.366185,-1.0,-1.0,-1
2026-05-07 17:48:20-04:00,1.366185,1.366195,1.366155,1.366195,-1.0,-1.0,-1
2026-05-07 17:48:25-04:00,1.366195,1.366195,1.366195,1.366195,-1.0,-1.0,-1
2026-05-07 17:48:30-04:00,1.366195,1.366195,1.366195,1.366195,-1.0,-1.0,-1
2026-05-07 17:48:35-04:00,1.366195,1.366195,1.366185,1.366185,-1.0,-1.0,-1
2026-05-07 17:48:40-04:00,1.366185,1.36619,1.366145,1.36619,-1.0,-1.0,-1
2026-05-07 17:48:45-04:00,1.36619,1.36619,1.36619,1.36619,-1.0,-1.0,-1
2026-05-07 17:48:50-04:00,1.36619,1.36623,1.36613,1.36618,-1.0,-1.0,-1
2026-05-07 17:48:55-04:00,1.36618,1.36618,1.36618,1.36618,-1.0,-1.0,-1
2026-05-07 17:49:00-04:00,1.36618,1.36618,1.366175,1.366175,-1.0,-1.0,-1
2026-05-07 17:49:05-04:00,1.366175,1.366175,1.36617,1.36617,-1.0,-1.0,-1
2026-05-07 17:49:10-04:00,1.36617,1.36617,1.36617,1.36617,-1.0,-1.0,-1
2026-05-07 17:49:15-04:00,1.36617,1.36617,1.36617,1.36617,-1.0,-1.0,-1
2026-05-07 17:49:20-04:00,1.36617,1.36618,1.36616,1.36616,-1.0,-1.0,-1
2026-05-07 17:49:25-04:00,1.36616,1.36616,1.36616,1.36616,-1.0,-1.0,-1
2026-05-07 17:49:30-04:00,1.36616,1.36616,1.36616,1.36616,-1.0,-1.0,-1
2026-05-07 17:49:35-04:00,1.36616,1.36618,1.366125,1.36618,-1.0,-1.0,-1
2026-05-07 17:49:40-04:00,1.36618,1.36618,1.36617,1.36617,-1.0,-1.0,-1
2026-05-07 17:49:45-04:00,1.36617,1.366185,1.36617,1.366185,-1.0,-1.0,-1
2026-05-07 17:49:50-04:00,1.366185,1.366185,1.36615,1.36617,-1.0,-1.0,-1
2026-05-07 17:49:55-04:00,1.36617,1.36617,1.36617,1.36617,-1.0,-1.0,-1
2026-05-07 17:50:00-04:00,1.36617,1.366185,1.36617,1.36617,-1.0,-1.0,-1
2026-05-07 17:50:05-04:00,1.36617,1.36618,1.366145,1.366175,-1.0,-1.0,-1
2026-05-07 17:50:10-04:00,1.366175,1.36618,1.366155,1.36618,-1.0,-1.0,-1
2026-05-07 17:50:15-04:00,1.36618,1.36618,1.36618,1.36618,-1.0,-1.0,-1
2026-05-07 17:50:20-04:00,1.36618,1.36619,1.36618,1.36618,-1.0,-1.0,-1
2026-05-07 17:50:25-04:00,1.36618,1.36618,1.36618,1.36618,-1.0,-1.0,-1
2026-05-07 17:50:30-04:00,1.36618,1.36619,1.36617,1.36619,-1.0,-1.0,-1
2026-05-07 17:50:35-04:00,1.36619,1.36619,1.36615,1.36616,-1.0,-1.0,-1
2026-05-07 17:50:40-04:00,1.36616,1.36625,1.36616,1.36625,-1.0,-1.0,-1
2026-05-07 17:50:45-04:00,1.36625,1.366265,1.3661,1.366185,-1.0,-1.0,-1
2026-05-07 17:50:50-04:00,1.366185,1.366195,1.366185,1.366195,-1.0,-1.0,-1
2026-05-07 17:50:55-04:00,1.366195,1.366195,1.36616,1.366175,-1.0,-1.0,-1
2026-05-07 17:51:00-04:00,1.366175,1.366175,1.366165,1.366175,-1.0,-1.0,-1
2026-05-07 17:51:05-04:00,1.366175,1.366175,1.36615,1.366155,-1.0,-1.0,-1
2026-05-07 17:51:10-04:00,1.366155,1.366165,1.366025,1.36603,-1.0,-1.0,-1
2026-05-07 17:51:15-04:00,1.36603,1.36603,1.36603,1.36603,-1.0,-1.0,-1
2026-05-07 17:51:20-04:00,1.36603,1.36603,1.366005,1.36603,-1.0,-1.0,-1
2026-05-07 17:51:25-04:00,1.36603,1.366075,1.365995,1.366045,-1.0,-1.0,-1
2026-05-07 17:51:30-04:00,1.366045,1.36606,1.365995,1.366055,-1.0,-1.0,-1
2026-05-07 17:51:35-04:00,1.366055,1.366075,1.366,1.36605,-1.0,-1.0,-1
2026-05-07 17:51:40-04:00,1.36605,1.36607,1.36601,1.366065,-1.0,-1.0,-1
2026-05-07 17:51:45-04:00,1.366065,1.36607,1.366065,1.366065,-1.0,-1.0,-1
2026-05-07 17:51:50-04:00,1.366065,1.366075,1.366045,1.36607,-1.0,-1.0,-1
2026-05-07 17:51:55-04:00,1.36607,1.366075,1.36606,1.36606,-1.0,-1.0,-1
2026-05-07 17:52:00-04:00,1.36606,1.36606,1.366,1.366015,-1.0,-1.0,-1
2026-05-07 17:52:05-04:00,1.366015,1.366035,1.366015,1.366035,-1.0,-1.0,-1
2026-05-07 17:52:10-04:00,1.366035,1.366035,1.366035,1.366035,-1.0,-1.0,-1
2026-05-07 17:52:15-04:00,1.366035,1.366035,1.365995,1.365995,-1.0,-1.0,-1
2026-05-07 17:52:20-04:00,1.365995,1.366035,1.365985,1.365985,-1.0,-1.0,-1
2026-05-07 17:52:25-04:00,1.365985,1.366045,1.36594,1.365975,-1.0,-1.0,-1
2026-05-07 17:52:30-04:00,1.365975,1.36601,1.36596,1.365975,-1.0,-1.0,-1
2026-05-07 17:52:35-04:00,1.365975,1.366005,1.365975,1.366,-1.0,-1.0,-1
2026-05-07 17:52:40-04:00,1.366,1.366065,1.365945,1.36598,-1.0,-1.0,-1
2026-05-07 17:52:45-04:00,1.36598,1.36599,1.36598,1.365985,-1.0,-1.0,-1
2026-05-07 17:52:50-04:00,1.365985,1.365985,1.365965,1.365975,-1.0,-1.0,-1
2026-05-07 17:52:55-04:00,1.365975,1.366085,1.36597,1.36604,-1.0,-1.0,-1
2026-05-07 17:53:00-04:00,1.36604,1.36604,1.366005,1.36601,-1.0,-1.0,-1
2026-05-07 17:53:05-04:00,1.36601,1.366105,1.366005,1.366105,-1.0,-1.0,-1
2026-05-07 17:53:10-04:00,1.366105,1.366105,1.366105,1.366105,-1.0,-1.0,-1
2026-05-07 17:53:15-04:00,1.366105,1.366125,1.36608,1.36612,-1.0,-1.0,-1
2026-05-07 17:53:20-04:00,1.36612,1.36616,1.366005,1.36612,-1.0,-1.0,-1
2026-05-07 17:53:25-04:00,1.36612,1.366125,1.366045,1.366055,-1.0,-1.0,-1
2026-05-07 17:53:30-04:00,1.366055,1.36613,1.36598,1.366,-1.0,-1.0,-1
2026-05-07 17:53:35-04:00,1.366,1.366145,1.36598,1.36606,-1.0,-1.0,-1
2026-05-07 17:53:40-04:00,1.36606,1.366205,1.365975,1.365975,-1.0,-1.0,-1
2026-05-07 17:53:45-04:00,1.365975,1.36602,1.36595,1.365965,-1.0,-1.0,-1
2026-05-07 17:53:50-04:00,1.365965,1.366045,1.365945,1.36599,-1.0,-1.0,-1
2026-05-07 17:53:55-04:00,1.36599,1.366145,1.365965,1.365965,-1.0,-1.0,-1
2026-05-07 17:54:00-04:00,1.365965,1.36603,1.36596,1.36597,-1.0,-1.0,-1
2026-05-07 17:54:05-04:00,1.36597,1.36597,1.36597,1.36597,-1.0,-1.0,-1
2026-05-07 17:54:10-04:00,1.36597,1.36605,1.36597,1.36605,-1.0,-1.0,-1
2026-05-07 17:54:15-04:00,1.36605,1.36614,1.36605,1.3661,-1.0,-1.0,-1
2026-05-07 17:54:20-04:00,1.3661,1.36623,1.3661,1.36623,-1.0,-1.0,-1
2026-05-07 17:54:25-04:00,1.36623,1.36623,1.366225,1.36623,-1.0,-1.0,-1
2026-05-07 17:54:30-04:00,1.36623,1.36623,1.366225,1.36623,-1.0,-1.0,-1
2026-05-07 17:54:35-04:00,1.36623,1.36623,1.3662,1.3662,-1.0,-1.0,-1
2026-05-07 17:54:40-04:00,1.3662,1.36623,1.366145,1.36623,-1.0,-1.0,-1
2026-05-07 17:54:45-04:00,1.36623,1.36623,1.366225,1.36623,-1.0,-1.0,-1
2026-05-07 17:54:50-04:00,1.36623,1.366255,1.366225,1.36623,-1.0,-1.0,-1
2026-05-07 17:54:55-04:00,1.36623,1.36623,1.366225,1.36623,-1.0,-1.0,-1
2026-05-07 17:55:00-04:00,1.36623,1.366285,1.36601,1.366185,-1.0,-1.0,-1
2026-05-07 17:55:05-04:00,1.366185,1.366185,1.36595,1.366055,-1.0,-1.0,-1
2026-05-07 17:55:10-04:00,1.366055,1.36622,1.36599,1.36613,-1.0,-1.0,-1
2026-05-07 17:55:15-04:00,1.36613,1.366205,1.366,1.36609,-1.0,-1.0,-1
2026-05-07 17:55:20-04:00,1.36609,1.36619,1.36609,1.366135,-1.0,-1.0,-1
2026-05-07 17:55:25-04:00,1.366135,1.36619,1.365995,1.36619,-1.0,-1.0,-1
2026-05-07 17:55:30-04:00,1.36619,1.366215,1.36599,1.366135,-1.0,-1.0,-1
2026-05-07 17:55:35-04:00,1.366135,1.366255,1.365995,1.36615,-1.0,-1.0,-1
2026-05-07 17:55:40-04:00,1.36615,1.36615,1.36598,1.366075,-1.0,-1.0,-1
2026-05-07 17:55:45-04:00,1.366075,1.366135,1.36597,1.36605,-1.0,-1.0,-1
2026-05-07 17:55:50-04:00,1.36605,1.36613,1.365965,1.36612,-1.0,-1.0,-1
2026-05-07 17:55:55-04:00,1.36612,1.366145,1.36597,1.36606,-1.0,-1.0,-1
2026-05-07 17:56:00-04:00,1.36606,1.36615,1.365985,1.36615,-1.0,-1.0,-1
2026-05-07 17:56:05-04:00,1.36615,1.36615,1.365965,1.366105,-1.0,-1.0,-1
2026-05-07 17:56:10-04:00,1.366105,1.366105,1.366075,1.366075,-1.0,-1.0,-1
2026-05-07 17:56:15-04:00,1.366075,1.36608,1.366035,1.366035,-1.0,-1.0,-1
2026-05-07 17:56:20-04:00,1.366035,1.36605,1.366025,1.366025,-1.0,-1.0,-1
2026-05-07 17:56:25-04:00,1.366025,1.36603,1.365995,1.366,-1.0,-1.0,-1
2026-05-07 17:56:30-04:00,1.366,1.366035,1.36594,1.365965,-1.0,-1.0,-1
2026-05-07 17:56:35-04:00,1.365965,1.366015,1.36594,1.36594,-1.0,-1.0,-1
2026-05-07 17:56:40-04:00,1.36594,1.36594,1.36594,1.36594,-1.0,-1.0,-1
2026-05-07 17:56:45-04:00,1.36594,1.36599,1.36592,1.36598,-1.0,-1.0,-1
2026-05-07 17:56:50-04:00,1.36598,1.366005,1.365945,1.36598,-1.0,-1.0,-1
2026-05-07 17:56:55-04:00,1.36598,1.366045,1.365975,1.36598,-1.0,-1.0,-1
2026-05-07 17:57:00-04:00,1.36598,1.365985,1.365975,1.365985,-1.0,-1.0,-1
2026-05-07 17:57:05-04:00,1.365985,1.365985,1.365975,1.36598,-1.0,-1.0,-1
2026-05-07 17:57:10-04:00,1.36598,1.36598,1.365975,1.36598,-1.0,-1.0,-1
2026-05-07 17:57:15-04:00,1.36598,1.36598,1.365975,1.36598,-1.0,-1.0,-1
2026-05-07 17:57:20-04:00,1.36598,1.36598,1.365975,1.36598,-1.0,-1.0,-1
2026-05-07 17:57:25-04:00,1.36598,1.365985,1.365975,1.365985,-1.0,-1.0,-1
2026-05-07 17:57:30-04:00,1.365985,1.365995,1.365985,1.365995,-1.0,-1.0,-1
2026-05-07 17:57:35-04:00,1.365995,1.365995,1.365975,1.36598,-1.0,-1.0,-1
2026-05-07 17:57:40-04:00,1.36598,1.36598,1.36596,1.365975,-1.0,-1.0,-1
2026-05-07 17:57:45-04:00,1.365975,1.365975,1.36597,1.365975,-1.0,-1.0,-1
2026-05-07 17:57:50-04:00,1.365975,1.365975,1.365965,1.365965,-1.0,-1.0,-1
2026-05-07 17:57:55-04:00,1.365965,1.365965,1.36596,1.365965,-1.0,-1.0,-1
2026-05-07 17:58:00-04:00,1.365965,1.36597,1.36596,1.36597,-1.0,-1.0,-1
2026-05-07 17:58:05-04:00,1.36597,1.36597,1.36596,1.36596,-1.0,-1.0,-1
2026-05-07 17:58:10-04:00,1.36596,1.36596,1.365955,1.36596,-1.0,-1.0,-1
2026-05-07 17:58:15-04:00,1.36596,1.36596,1.36596,1.36596,-1.0,-1.0,-1
2026-05-07 17:58:20-04:00,1.36596,1.366005,1.365955,1.366005,-1.0,-1.0,-1
2026-05-07 17:58:25-04:00,1.366005,1.366045,1.36596,1.366,-1.0,-1.0,-1
2026-05-07 17:58:30-04:00,1.366,1.366,1.365965,1.365965,-1.0,-1.0,-1
2026-05-07 17:58:35-04:00,1.365965,1.365965,1.36594,1.36594,-1.0,-1.0,-1
2026-05-07 17:58:40-04:00,1.36594,1.366005,1.365935,1.366005,-1.0,-1.0,-1
2026-05-07 17:58:45-04:00,1.366005,1.36601,1.36594,1.36595,-1.0,-1.0,-1
2026-05-07 17:58:50-04:00,1.36595,1.365995,1.365935,1.365995,-1.0,-1.0,-1
2026-05-07 17:58:55-04:00,1.365995,1.365995,1.365945,1.36595,-1.0,-1.0,-1
2026-05-07 17:59:00-04:00,1.36595,1.365985,1.365925,1.365975,-1.0,-1.0,-1
2026-05-07 17:59:05-04:00,1.365975,1.36598,1.36597,1.36597,-1.0,-1.0,-1
2026-05-07 17:59:10-04:00,1.36597,1.365985,1.36597,1.365985,-1.0,-1.0,-1
2026-05-07 17:59:15-04:00,1.365985,1.365995,1.36595,1.36595,-1.0,-1.0,-1
2026-05-07 17:59:20-04:00,1.36595,1.36596,1.365915,1.365915,-1.0,-1.0,-1
2026-05-07 17:59:25-04:00,1.365915,1.365915,1.365915,1.365915,-1.0,-1.0,-1
2026-05-07 17:59:30-04:00,1.365915,1.36594,1.365875,1.36594,-1.0,-1.0,-1
2026-05-07 17:59:35-04:00,1.36594,1.365995,1.365935,1.365995,-1.0,-1.0,-1
2026-05-07 17:59:40-04:00,1.365995,1.365995,1.36595,1.36599,-1.0,-1.0,-1
2026-05-07 17:59:45-04:00,1.36599,1.365995,1.36598,1.365985,-1.0,-1.0,-1
2026-05-07 17:59:50-04:00,1.365985,1.36599,1.365965,1.365975,-1.0,-1.0,-1
2026-05-07 17:59:55-04:00,1.365975,1.365985,1.365965,1.36598,-1.0,-1.0,-1
2026-05-07 18:00:00-04:00,1.36598,1.36602,1.365915,1.365985,-1.0,-1.0,-1
2026-05-07 18:00:05-04:00,1.365985,1.36614,1.365985,1.36614,-1.0,-1.0,-1
2026-05-07 18:00:10-04:00,1.36614,1.36614,1.36609,1.366095,-1.0,-1.0,-1
2026-05-07 18:00:15-04:00,1.366095,1.366155,1.36609,1.366155,-1.0,-1.0,-1
2026-05-07 18:00:20-04:00,1.366155,1.36617,1.366135,1.36617,-1.0,-1.0,-1
2026-05-07 18:00:25-04:00,1.36617,1.36617,1.36613,1.366135,-1.0,-1.0,-1
2026-05-07 18:00:30-04:00,1.366135,1.36621,1.36613,1.36614,-1.0,-1.0,-1
2026-05-07 18:00:35-04:00,1.36614,1.366235,1.366135,1.366235,-1.0,-1.0,-1
2026-05-07 18:00:40-04:00,1.366235,1.36643,1.366225,1.366415,-1.0,-1.0,-1
2026-05-07 18:00:45-04:00,1.366415,1.366415,1.3664,1.366415,-1.0,-1.0,-1
2026-05-07 18:00:50-04:00,1.366415,1.366415,1.3664,1.36641,-1.0,-1.0,-1
2026-05-07 18:00:55-04:00,1.36641,1.366415,1.3664,1.3664,-1.0,-1.0,-1
2026-05-07 18:01:00-04:00,1.3664,1.3664,1.366335,1.366335,-1.0,-1.0,-1
2026-05-07 18:01:05-04:00,1.366335,1.366335,1.366305,1.366305,-1.0,-1.0,-1
2026-05-07 18:01:10-04:00,1.366305,1.366305,1.366255,1.366255,-1.0,-1.0,-1
2026-05-07 18:01:15-04:00,1.366255,1.36626,1.366235,1.36624,-1.0,-1.0,-1
2026-05-07 18:01:20-04:00,1.36624,1.36624,1.36621,1.36621,-1.0,-1.0,-1
2026-05-07 18:01:25-04:00,1.36621,1.366215,1.36621,1.366215,-1.0,-1.0,-1
2026-05-07 18:01:30-04:00,1.366215,1.366215,1.366215,1.366215,-1.0,-1.0,-1
2026-05-07 18:01:35-04:00,1.366215,1.366225,1.366215,1.366225,-1.0,-1.0,-1
2026-05-07 18:01:40-04:00,1.366225,1.366225,1.366225,1.366225,-1.0,-1.0,-1
2026-05-07 18:01:45-04:00,1.366225,1.36623,1.366225,1.36623,-1.0,-1.0,-1
2026-05-07 18:01:50-04:00,1.36623,1.36624,1.36623,1.36624,-1.0,-1.0,-1
2026-05-07 18:01:55-04:00,1.36624,1.36624,1.366235,1.36624,-1.0,-1.0,-1
2026-05-07 18:02:00-04:00,1.36624,1.366245,1.366235,1.36624,-1.0,-1.0,-1
2026-05-07 18:02:05-04:00,1.36624,1.36624,1.366235,1.36624,-1.0,-1.0,-1
2026-05-07 18:02:10-04:00,1.36624,1.36624,1.366235,1.36624,-1.0,-1.0,-1
2026-05-07 18:02:15-04:00,1.36624,1.36624,1.366225,1.366225,-1.0,-1.0,-1
2026-05-07 18:02:20-04:00,1.366225,1.36624,1.366225,1.36624,-1.0,-1.0,-1
2026-05-07 18:02:25-04:00,1.36624,1.36624,1.366235,1.36624,-1.0,-1.0,-1
2026-05-07 18:02:30-04:00,1.36624,1.36624,1.366235,1.36624,-1.0,-1.0,-1
2026-05-07 18:02:35-04:00,1.36624,1.36624,1.366235,1.36624,-1.0,-1.0,-1
2026-05-07 18:02:40-04:00,1.36624,1.36626,1.366235,1.36626,-1.0,-1.0,-1
2026-05-07 18:02:45-04:00,1.36626,1.36626,1.36626,1.36626,-1.0,-1.0,-1
2026-05-07 18:02:50-04:00,1.36626,1.36626,1.36626,1.36626,-1.0,-1.0,-1
2026-05-07 18:02:55-04:00,1.36626,1.366265,1.36623,1.366255,-1.0,-1.0,-1
2026-05-07 18:03:00-04:00,1.366255,1.36626,1.366255,1.36626,-1.0,-1.0,-1
2026-05-07 18:03:05-04:00,1.36626,1.36626,1.36626,1.36626,-1.0,-1.0,-1
2026-05-07 18:03:10-04:00,1.36626,1.36626,1.36626,1.36626,-1.0,-1.0,-1
2026-05-07 18:03:15-04:00,1.36626,1.36626,1.36626,1.36626,-1.0,-1.0,-1
2026-05-07 18:03:20-04:00,1.36626,1.36626,1.36625,1.36625,-1.0,-1.0,-1
2026-05-07 18:03:25-04:00,1.36625,1.36625,1.366245,1.366245,-1.0,-1.0,-1
2026-05-07 18:03:30-04:00,1.366245,1.366255,1.36624,1.36625,-1.0,-1.0,-1
2026-05-07 18:03:35-04:00,1.36625,1.366255,1.36625,1.366255,-1.0,-1.0,-1
2026-05-07 18:03:40-04:00,1.366255,1.36626,1.36625,1.36626,-1.0,-1.0,-1
2026-05-07 18:03:45-04:00,1.36626,1.36626,1.36625,1.36625,-1.0,-1.0,-1
2026-05-07 18:03:50-04:00,1.36625,1.36625,1.36625,1.36625,-1.0,-1.0,-1
2026-05-07 18:03:55-04:00,1.36625,1.36625,1.36624,1.36624,-1.0,-1.0,-1
2026-05-07 18:04:00-04:00,1.36624,1.366245,1.36624,1.366245,-1.0,-1.0,-1
2026-05-07 18:04:05-04:00,1.366245,1.366245,1.36624,1.36624,-1.0,-1.0,-1
2026-05-07 18:04:10-04:00,1.36624,1.36625,1.36624,1.36625,-1.0,-1.0,-1
2026-05-07 18:04:15-04:00,1.36625,1.36625,1.36624,1.36625,-1.0,-1.0,-1
2026-05-07 18:04:20-04:00,1.36625,1.36626,1.36625,1.36626,-1.0,-1.0,-1
2026-05-07 18:04:25-04:00,1.36626,1.36626,1.36626,1.36626,-1.0,-1.0,-1
2026-05-07 18:04:30-04:00,1.36626,1.36626,1.36626,1.36626,-1.0,-1.0,-1
2026-05-07 18:04:35-04:00,1.36626,1.36626,1.366235,1.36624,-1.0,-1.0,-1
2026-05-07 18:04:40-04:00,1.36624,1.366245,1.366235,1.366245,-1.0,-1.0,-1
2026-05-07 18:04:45-04:00,1.366245,1.366245,1.36623,1.366235,-1.0,-1.0,-1
2026-05-07 18:04:50-04:00,1.366235,1.366235,1.36623,1.366235,-1.0,-1.0,-1
2026-05-07 18:04:55-04:00,1.366235,1.366235,1.36623,1.366235,-1.0,-1.0,-1
2026-05-07 18:05:00-04:00,1.366235,1.366235,1.366195,1.366195,-1.0,-1.0,-1
2026-05-07 18:05:05-04:00,1.366195,1.366235,1.36619,1.366235,-1.0,-1.0,-1
2026-05-07 18:05:10-04:00,1.366235,1.3663,1.366225,1.3663,-1.0,-1.0,-1
2026-05-07 18:05:15-04:00,1.3663,1.3663,1.3663,1.3663,-1.0,-1.0,-1
2026-05-07 18:05:20-04:00,1.3663,1.366305,1.3663,1.3663,-1.0,-1.0,-1
2026-05-07 18:05:25-04:00,1.3663,1.366345,1.3663,1.366345,-1.0,-1.0,-1
2026-05-07 18:05:30-04:00,1.366345,1.366355,1.366345,1.366355,-1.0,-1.0,-1
2026-05-07 18:05:35-04:00,1.366355,1.366395,1.366355,1.36639,-1.0,-1.0,-1
2026-05-07 18:05:40-04:00,1.36639,1.366395,1.366375,1.366375,-1.0,-1.0,-1
2026-05-07 18:05:45-04:00,1.366375,1.366395,1.366375,1.36639,-1.0,-1.0,-1
2026-05-07 18:05:50-04:00,1.36639,1.366395,1.36639,1.36639,-1.0,-1.0,-1
2026-05-07 18:05:55-04:00,1.36639,1.366395,1.36639,1.36639,-1.0,-1.0,-1
2026-05-07 18:06:00-04:00,1.36639,1.366395,1.366385,1.366385,-1.0,-1.0,-1
2026-05-07 18:06:05-04:00,1.366385,1.36639,1.366385,1.366385,-1.0,-1.0,-1
2026-05-07 18:06:10-04:00,1.366385,1.36639,1.366385,1.366385,-1.0,-1.0,-1
2026-05-07 18:06:15-04:00,1.366385,1.36639,1.366385,1.366385,-1.0,-1.0,-1
2026-05-07 18:06:20-04:00,1.366385,1.36639,1.366355,1.366355,-1.0,-1.0,-1
2026-05-07 18:06:25-04:00,1.366355,1.366355,1.366355,1.366355,-1.0,-1.0,-1
2026-05-07 18:06:30-04:00,1.366355,1.366355,1.366355,1.366355,-1.0,-1.0,-1
2026-05-07 18:06:35-04:00,1.366355,1.366355,1.366355,1.366355,-1.0,-1.0,-1
2026-05-07 18:06:40-04:00,1.366355,1.366355,1.366355,1.366355,-1.0,-1.0,-1
2026-05-07 18:06:45-04:00,1.366355,1.36636,1.36633,1.36633,-1.0,-1.0,-1
2026-05-07 18:06:50-04:00,1.36633,1.366335,1.36628,1.36628,-1.0,-1.0,-1
2026-05-07 18:06:55-04:00,1.36628,1.36628,1.36628,1.36628,-1.0,-1.0,-1
2026-05-07 18:07:00-04:00,1.36628,1.366285,1.36628,1.36628,-1.0,-1.0,-1
2026-05-07 18:07:05-04:00,1.36628,1.3663,1.36628,1.366295,-1.0,-1.0,-1
2026-05-07 18:07:10-04:00,1.366295,1.3663,1.366295,1.366295,-1.0,-1.0,-1
2026-05-07 18:07:15-04:00,1.366295,1.3663,1.366295,1.366295,-1.0,-1.0,-1
2026-05-07 18:07:20-04:00,1.366295,1.3663,1.36629,1.36629,-1.0,-1.0,-1
2026-05-07 18:07:25-04:00,1.36629,1.36629,1.36629,1.36629,-1.0,-1.0,-1
2026-05-07 18:07:30-04:00,1.36629,1.36629,1.36629,1.36629,-1.0,-1.0,-1
2026-05-07 18:07:35-04:00,1.36629,1.36629,1.366275,1.366275,-1.0,-1.0,-1
2026-05-07 18:07:40-04:00,1.366275,1.366275,1.36627,1.36627,-1.0,-1.0,-1
2026-05-07 18:07:45-04:00,1.36627,1.36627,1.366255,1.366255,-1.0,-1.0,-1
2026-05-07 18:07:50-04:00,1.366255,1.366255,1.366235,1.36624,-1.0,-1.0,-1
2026-05-07 18:07:55-04:00,1.36624,1.36624,1.366235,1.36624,-1.0,-1.0,-1
2026-05-07 18:08:00-04:00,1.36624,1.36624,1.366235,1.36624,-1.0,-1.0,-1
2026-05-07 18:08:05-04:00,1.36624,1.36624,1.366235,1.36624,-1.0,-1.0,-1
2026-05-07 18:08:10-04:00,1.36624,1.36624,1.366235,1.36624,-1.0,-1.0,-1
2026-05-07 18:08:15-04:00,1.36624,1.36624,1.366235,1.36624,-1.0,-1.0,-1
2026-05-07 18:08:20-04:00,1.36624,1.36624,1.366235,1.36624,-1.0,-1.0,-1
2026-05-07 18:08:25-04:00,1.36624,1.366245,1.366235,1.366245,-1.0,-1.0,-1
2026-05-07 18:08:30-04:00,1.366245,1.366265,1.366245,1.366265,-1.0,-1.0,-1
2026-05-07 18:08:35-04:00,1.366265,1.366265,1.366265,1.366265,-1.0,-1.0,-1
2026-05-07 18:08:40-04:00,1.366265,1.366265,1.366235,1.36624,-1.0,-1.0,-1
2026-05-07 18:08:45-04:00,1.36624,1.36625,1.366235,1.366245,-1.0,-1.0,-1
2026-05-07 18:08:50-04:00,1.366245,1.366245,1.366245,1.366245,-1.0,-1.0,-1
2026-05-07 18:08:55-04:00,1.366245,1.366245,1.366245,1.366245,-1.0,-1.0,-1
2026-05-07 18:09:00-04:00,1.366245,1.36625,1.366245,1.36625,-1.0,-1.0,-1
2026-05-07 18:09:05-04:00,1.36625,1.36625,1.366245,1.366245,-1.0,-1.0,-1
2026-05-07 18:09:10-04:00,1.366245,1.366245,1.366235,1.36624,-1.0,-1.0,-1
2026-05-07 18:09:15-04:00,1.36624,1.36626,1.366235,1.36626,-1.0,-1.0,-1
2026-05-07 18:09:20-04:00,1.36626,1.36626,1.36626,1.36626,-1.0,-1.0,-1
2026-05-07 18:09:25-04:00,1.36626,1.36626,1.36626,1.36626,-1.0,-1.0,-1
2026-05-07 18:09:30-04:00,1.36626,1.36626,1.366255,1.366255,-1.0,-1.0,-1
2026-05-07 18:09:35-04:00,1.366255,1.366255,1.366255,1.366255,-1.0,-1.0,-1
2026-05-07 18:09:40-04:00,1.366255,1.36627,1.366255,1.36627,-1.0,-1.0,-1
2026-05-07 18:09:45-04:00,1.36627,1.366355,1.36627,1.366335,-1.0,-1.0,-1
2026-05-07 18:09:50-04:00,1.366335,1.36634,1.366335,1.366335,-1.0,-1.0,-1
2026-05-07 18:09:55-04:00,1.366335,1.36634,1.366335,1.366335,-1.0,-1.0,-1
2026-05-07 18:10:00-04:00,1.366335,1.366335,1.36632,1.366335,-1.0,-1.0,-1
2026-05-07 18:10:05-04:00,1.366335,1.366345,1.36633,1.366335,-1.0,-1.0,-1
2026-05-07 18:10:10-04:00,1.366335,1.366335,1.36633,1.366335,-1.0,-1.0,-1
2026-05-07 18:10:15-04:00,1.366335,1.36634,1.36633,1.366335,-1.0,-1.0,-1
2026-05-07 18:10:20-04:00,1.366335,1.366335,1.366325,1.36633,-1.0,-1.0,-1
2026-05-07 18:10:25-04:00,1.36633,1.366335,1.366325,1.366335,-1.0,-1.0,-1
2026-05-07 18:10:30-04:00,1.366335,1.366345,1.36621,1.36625,-1.0,-1.0,-1
2026-05-07 18:10:35-04:00,1.36625,1.36625,1.36624,1.36625,-1.0,-1.0,-1
2026-05-07 18:10:40-04:00,1.36625,1.366255,1.36623,1.36624,-1.0,-1.0,-1
2026-05-07 18:10:45-04:00,1.36624,1.36624,1.36623,1.366235,-1.0,-1.0,-1
2026-05-07 18:10:50-04:00,1.366235,1.36624,1.366225,1.366235,-1.0,-1.0,-1
2026-05-07 18:10:55-04:00,1.366235,1.366235,1.36622,1.366225,-1.0,-1.0,-1
2026-05-07 18:11:00-04:00,1.366225,1.366225,1.366225,1.366225,-1.0,-1.0,-1
2026-05-07 18:11:05-04:00,1.366225,1.366225,1.366225,1.366225,-1.0,-1.0,-1
2026-05-07 18:11:10-04:00,1.366225,1.366255,1.366225,1.366255,-1.0,-1.0,-1
2026-05-07 18:11:15-04:00,1.366255,1.366255,1.366255,1.366255,-1.0,-1.0,-1
2026-05-07 18:11:20-04:00,1.366255,1.366255,1.366235,1.36624,-1.0,-1.0,-1
2026-05-07 18:11:25-04:00,1.36624,1.36624,1.366235,1.36624,-1.0,-1.0,-1
2026-05-07 18:11:30-04:00,1.36624,1.36624,1.366225,1.366225,-1.0,-1.0,-1
2026-05-07 18:11:35-04:00,1.366225,1.36623,1.366165,1.36618,-1.0,-1.0,-1
2026-05-07 18:11:40-04:00,1.36618,1.36625,1.36618,1.36625,-1.0,-1.0,-1
2026-05-07 18:11:45-04:00,1.36625,1.36625,1.366235,1.366245,-1.0,-1.0,-1
2026-05-07 18:11:50-04:00,1.366245,1.366245,1.366225,1.366225,-1.0,-1.0,-1
2026-05-07 18:11:55-04:00,1.366225,1.36624,1.366225,1.36624,-1.0,-1.0,-1
2026-05-07 18:12:00-04:00,1.36624,1.36624,1.366235,1.36624,-1.0,-1.0,-1
2026-05-07 18:12:05-04:00,1.36624,1.36624,1.366235,1.36624,-1.0,-1.0,-1
2026-05-07 18:12:10-04:00,1.36624,1.36624,1.36623,1.366235,-1.0,-1.0,-1
2026-05-07 18:12:15-04:00,1.366235,1.366235,1.366155,1.366165,-1.0,-1.0,-1
2026-05-07 18:12:20-04:00,1.366165,1.366175,1.36616,1.366165,-1.0,-1.0,-1
2026-05-07 18:12:25-04:00,1.366165,1.366185,1.366165,1.36617,-1.0,-1.0,-1
2026-05-07 18:12:30-04:00,1.36617,1.36617,1.36615,1.366155,-1.0,-1.0,-1
2026-05-07 18:12:35-04:00,1.366155,1.366155,1.36615,1.366155,-1.0,-1.0,-1
2026-05-07 18:12:40-04:00,1.366155,1.366155,1.366145,1.36615,-1.0,-1.0,-1
2026-05-07 18:12:45-04:00,1.36615,1.36615,1.366145,1.36615,-1.0,-1.0,-1
2026-05-07 18:12:50-04:00,1.36615,1.36615,1.366145,1.36615,-1.0,-1.0,-1
2026-05-07 18:12:55-04:00,1.36615,1.366155,1.366145,1.366155,-1.0,-1.0,-1
2026-05-07 18:13:00-04:00,1.366155,1.366155,1.36615,1.366155,-1.0,-1.0,-1
2026-05-07 18:13:05-04:00,1.366155,1.366155,1.36614,1.366145,-1.0,-1.0,-1
2026-05-07 18:13:10-04:00,1.366145,1.36615,1.36614,1.36615,-1.0,-1.0,-1
2026-05-07 18:13:15-04:00,1.36615,1.366225,1.36614,1.366225,-1.0,-1.0,-1
2026-05-07 18:13:20-04:00,1.366225,1.36624,1.366225,1.36624,-1.0,-1.0,-1
2026-05-07 18:13:25-04:00,1.36624,1.36624,1.366235,1.36624,-1.0,-1.0,-1
2026-05-07 18:13:30-04:00,1.36624,1.36624,1.366225,1.366225,-1.0,-1.0,-1
2026-05-07 18:13:35-04:00,1.366225,1.366235,1.366225,1.366225,-1.0,-1.0,-1
2026-05-07 18:13:40-04:00,1.366225,1.366235,1.366225,1.366235,-1.0,-1.0,-1
2026-05-07 18:13:45-04:00,1.366235,1.366235,1.36623,1.366235,-1.0,-1.0,-1
2026-05-07 18:13:50-04:00,1.366235,1.36625,1.36623,1.366245,-1.0,-1.0,-1
2026-05-07 18:13:55-04:00,1.366245,1.366245,1.366245,1.366245,-1.0,-1.0,-1
2026-05-07 18:14:00-04:00,1.366245,1.366245,1.366235,1.36624,-1.0,-1.0,-1
2026-05-07 18:14:05-04:00,1.36624,1.366245,1.366235,1.366245,-1.0,-1.0,-1
2026-05-07 18:14:10-04:00,1.366245,1.366245,1.36623,1.366235,-1.0,-1.0,-1
2026-05-07 18:14:15-04:00,1.366235,1.36625,1.366225,1.36625,-1.0,-1.0,-1
2026-05-07 18:14:20-04:00,1.36625,1.36625,1.36625,1.36625,-1.0,-1.0,-1
2026-05-07 18:14:25-04:00,1.36625,1.36625,1.366235,1.366245,-1.0,-1.0,-1
2026-05-07 18:14:30-04:00,1.366245,1.366245,1.366245,1.366245,-1.0,-1.0,-1
2026-05-07 18:14:35-04:00,1.366245,1.366245,1.366245,1.366245,-1.0,-1.0,-1
2026-05-07 18:14:40-04:00,1.366245,1.366245,1.366245,1.366245,-1.0,-1.0,-1
2026-05-07 18:14:45-04:00,1.366245,1.36625,1.36623,1.36623,-1.0,-1.0,-1
2026-05-07 18:14:50-04:00,1.36623,1.36623,1.36622,1.36622,-1.0,-1.0,-1
2026-05-07 18:14:55-04:00,1.36622,1.366245,1.36622,1.36624,-1.0,-1.0,-1
2026-05-07 18:15:00-04:00,1.36624,1.36625,1.366235,1.36625,-1.0,-1.0,-1
2026-05-07 18:15:05-04:00,1.36625,1.36625,1.366235,1.36624,-1.0,-1.0,-1
2026-05-07 18:15:10-04:00,1.36624,1.36624,1.366235,1.36624,-1.0,-1.0,-1
2026-05-07 18:15:15-04:00,1.36624,1.36624,1.366225,1.366225,-1.0,-1.0,-1
2026-05-07 18:15:20-04:00,1.366225,1.36624,1.366225,1.366225,-1.0,-1.0,-1
2026-05-07 18:15:25-04:00,1.366225,1.366275,1.366225,1.366255,-1.0,-1.0,-1
2026-05-07 18:15:30-04:00,1.366255,1.366255,1.366255,1.366255,-1.0,-1.0,-1
2026-05-07 18:15:35-04:00,1.366255,1.366255,1.36624,1.366245,-1.0,-1.0,-1
2026-05-07 18:15:40-04:00,1.366245,1.366245,1.36624,1.366245,-1.0,-1.0,-1
2026-05-07 18:15:45-04:00,1.366245,1.366245,1.36623,1.366235,-1.0,-1.0,-1
2026-05-07 18:15:50-04:00,1.366235,1.366245,1.36623,1.366245,-1.0,-1.0,-1
2026-05-07 18:15:55-04:00,1.366245,1.366305,1.36624,1.3663,-1.0,-1.0,-1
2026-05-07 18:16:00-04:00,1.3663,1.366325,1.3663,1.366325,-1.0,-1.0,-1
2026-05-07 18:16:05-04:00,1.366325,1.366325,1.366315,1.366325,-1.0,-1.0,-1
2026-05-07 18:16:10-04:00,1.366325,1.366325,1.36631,1.366315,-1.0,-1.0,-1
2026-05-07 18:16:15-04:00,1.366315,1.366325,1.36631,1.36631,-1.0,-1.0,-1
2026-05-07 18:16:20-04:00,1.36631,1.36631,1.366255,1.36626,-1.0,-1.0,-1
2026-05-07 18:16:25-04:00,1.36626,1.36626,1.36612,1.36614,-1.0,-1.0,-1
2026-05-07 18:16:30-04:00,1.36614,1.36615,1.366135,1.36614,-1.0,-1.0,-1
2026-05-07 18:16:35-04:00,1.36614,1.36621,1.36614,1.366155,-1.0,-1.0,-1
2026-05-07 18:16:40-04:00,1.366155,1.3662,1.36615,1.366175,-1.0,-1.0,-1
2026-05-07 18:16:45-04:00,1.366175,1.366175,1.36615,1.36616,-1.0,-1.0,-1
2026-05-07 18:16:50-04:00,1.36616,1.366225,1.36616,1.366225,-1.0,-1.0,-1
2026-05-07 18:16:55-04:00,1.366225,1.36624,1.366225,1.36624,-1.0,-1.0,-1
2026-05-07 18:17:00-04:00,1.36624,1.36626,1.366235,1.366255,-1.0,-1.0,-1
2026-05-07 18:17:05-04:00,1.366255,1.366275,1.366255,1.366265,-1.0,-1.0,-1
2026-05-07 18:17:10-04:00,1.366265,1.36627,1.366265,1.366265,-1.0,-1.0,-1
2026-05-07 18:17:15-04:00,1.366265,1.36627,1.366165,1.36617,-1.0,-1.0,-1
2026-05-07 18:17:20-04:00,1.36617,1.36625,1.36617,1.366235,-1.0,-1.0,-1
2026-05-07 18:17:25-04:00,1.366235,1.36624,1.36623,1.366235,-1.0,-1.0,-1
2026-05-07 18:17:30-04:00,1.366235,1.366235,1.36622,1.36622,-1.0,-1.0,-1
2026-05-07 18:17:35-04:00,1.36622,1.36622,1.36622,1.36622,-1.0,-1.0,-1
2026-05-07 18:17:40-04:00,1.36622,1.36622,1.36621,1.36622,-1.0,-1.0,-1
2026-05-07 18:17:45-04:00,1.36622,1.36622,1.36622,1.36622,-1.0,-1.0,-1
2026-05-07 18:17:50-04:00,1.36622,1.36622,1.36622,1.36622,-1.0,-1.0,-1
2026-05-07 18:17:55-04:00,1.36622,1.36622,1.36622,1.36622,-1.0,-1.0,-1
2026-05-07 18:18:00-04:00,1.36622,1.36623,1.36622,1.36622,-1.0,-1.0,-1
2026-05-07 18:18:05-04:00,1.36622,1.36622,1.36621,1.36622,-1.0,-1.0,-1
2026-05-07 18:18:10-04:00,1.36622,1.366245,1.36622,1.366235,-1.0,-1.0,-1
2026-05-07 18:18:15-04:00,1.366235,1.36625,1.36623,1.366245,-1.0,-1.0,-1
2026-05-07 18:18:20-04:00,1.366245,1.36625,1.36624,1.366245,-1.0,-1.0,-1
2026-05-07 18:18:25-04:00,1.366245,1.366245,1.366235,1.366245,-1.0,-1.0,-1
2026-05-07 18:18:30-04:00,1.366245,1.366245,1.366235,1.36624,-1.0,-1.0,-1
2026-05-07 18:18:35-04:00,1.36624,1.366245,1.366235,1.366245,-1.0,-1.0,-1
2026-05-07 18:18:40-04:00,1.366245,1.36625,1.36624,1.366245,-1.0,-1.0,-1
2026-05-07 18:18:45-04:00,1.366245,1.36626,1.36624,1.36625,-1.0,-1.0,-1
2026-05-07 18:18:50-04:00,1.36625,1.366255,1.36624,1.366255,-1.0,-1.0,-1
2026-05-07 18:18:55-04:00,1.366255,1.36626,1.36624,1.36625,-1.0,-1.0,-1
2026-05-07 18:19:00-04:00,1.36625,1.36625,1.366235,1.366245,-1.0,-1.0,-1
2026-05-07 18:19:05-04:00,1.366245,1.366255,1.366235,1.36624,-1.0,-1.0,-1
2026-05-07 18:19:10-04:00,1.36624,1.366255,1.366235,1.366255,-1.0,-1.0,-1
2026-05-07 18:19:15-04:00,1.366255,1.366255,1.36619,1.366195,-1.0,-1.0,-1
2026-05-07 18:19:20-04:00,1.366195,1.366205,1.366195,1.366195,-1.0,-1.0,-1
2026-05-07 18:19:25-04:00,1.366195,1.366205,1.366195,1.3662,-1.0,-1.0,-1
2026-05-07 18:19:30-04:00,1.3662,1.366215,1.366195,1.36621,-1.0,-1.0,-1
2026-05-07 18:19:35-04:00,1.36621,1.36623,1.36621,1.36622,-1.0,-1.0,-1
2026-05-07 18:19:40-04:00,1.36622,1.36622,1.36622,1.36622,-1.0,-1.0,-1
2026-05-07 18:19:45-04:00,1.36622,1.36622,1.36619,1.36619,-1.0,-1.0,-1
2026-05-07 18:19:50-04:00,1.36619,1.366205,1.36618,1.3662,-1.0,-1.0,-1
2026-05-07 18:19:55-04:00,1.3662,1.36621,1.366195,1.3662,-1.0,-1.0,-1
2026-05-07 18:20:00-04:00,1.3662,1.366205,1.3662,1.3662,-1.0,-1.0,-1
2026-05-07 18:20:05-04:00,1.3662,1.366205,1.366195,1.366195,-1.0,-1.0,-1
2026-05-07 18:20:10-04:00,1.366195,1.366205,1.366195,1.366195,-1.0,-1.0,-1
2026-05-07 18:20:15-04:00,1.366195,1.36621,1.366195,1.366205,-1.0,-1.0,-1
2026-05-07 18:20:20-04:00,1.366205,1.366215,1.36618,1.366195,-1.0,-1.0,-1
2026-05-07 18:20:25-04:00,1.366195,1.3662,1.36619,1.36619,-1.0,-1.0,-1
2026-05-07 18:20:30-04:00,1.36619,1.36619,1.36608,1.36608,-1.0,-1.0,-1
2026-05-07 18:20:35-04:00,1.36608,1.36614,1.36608,1.36614,-1.0,-1.0,-1
2026-05-07 18:20:40-04:00,1.36614,1.366145,1.366135,1.36614,-1.0,-1.0,-1
2026-05-07 18:20:45-04:00,1.36614,1.36614,1.366135,1.36614,-1.0,-1.0,-1
2026-05-07 18:20:50-04:00,1.36614,1.366145,1.366135,1.36614,-1.0,-1.0,-1
2026-05-07 18:20:55-04:00,1.36614,1.366175,1.366135,1.36617,-1.0,-1.0,-1
2026-05-07 18:21:00-04:00,1.36617,1.36617,1.36615,1.366155,-1.0,-1.0,-1
2026-05-07 18:21:05-04:00,1.366155,1.366155,1.36598,1.365995,-1.0,-1.0,-1
2026-05-07 18:21:10-04:00,1.365995,1.36603,1.36599,1.36599,-1.0,-1.0,-1
2026-05-07 18:21:15-04:00,1.36599,1.366045,1.36599,1.36604,-1.0,-1.0,-1
2026-05-07 18:21:20-04:00,1.36604,1.366045,1.366035,1.366035,-1.0,-1.0,-1
2026-05-07 18:21:25-04:00,1.366035,1.36608,1.36603,1.36608,-1.0,-1.0,-1
2026-05-07 18:21:30-04:00,1.36608,1.36608,1.36605,1.366055,-1.0,-1.0,-1
2026-05-07 18:21:35-04:00,1.366055,1.366065,1.36605,1.366065,-1.0,-1.0,-1
2026-05-07 18:21:40-04:00,1.366065,1.366065,1.36605,1.36605,-1.0,-1.0,-1
2026-05-07 18:21:45-04:00,1.36605,1.366055,1.36605,1.366055,-1.0,-1.0,-1
2026-05-07 18:21:50-04:00,1.366055,1.366065,1.366035,1.366035,-1.0,-1.0,-1
2026-05-07 18:21:55-04:00,1.366035,1.366065,1.366035,1.366065,-1.0,-1.0,-1
2026-05-07 18:22:00-04:00,1.366065,1.366065,1.366055,1.366055,-1.0,-1.0,-1
2026-05-07 18:22:05-04:00,1.366055,1.366055,1.36605,1.36605,-1.0,-1.0,-1
2026-05-07 18:22:10-04:00,1.36605,1.366055,1.366045,1.366045,-1.0,-1.0,-1
2026-05-07 18:22:15-04:00,1.366045,1.366055,1.366015,1.366015,-1.0,-1.0,-1
2026-05-07 18:22:20-04:00,1.366015,1.366045,1.36601,1.366035,-1.0,-1.0,-1
2026-05-07 18:22:25-04:00,1.366035,1.366045,1.366035,1.36604,-1.0,-1.0,-1
2026-05-07 18:22:30-04:00,1.36604,1.36605,1.36604,1.36605,-1.0,-1.0,-1
2026-05-07 18:22:35-04:00,1.36605,1.36607,1.36605,1.36607,-1.0,-1.0,-1
2026-05-07 18:22:40-04:00,1.36607,1.36607,1.36607,1.36607,-1.0,-1.0,-1
2026-05-07 18:22:45-04:00,1.36607,1.366085,1.36607,1.366085,-1.0,-1.0,-1
2026-05-07 18:22:50-04:00,1.366085,1.366085,1.366085,1.366085,-1.0,-1.0,-1
2026-05-07 18:22:55-04:00,1.366085,1.366085,1.366075,1.36608,-1.0,-1.0,-1
2026-05-07 18:23:00-04:00,1.36608,1.366095,1.366075,1.366095,-1.0,-1.0,-1
2026-05-07 18:23:05-04:00,1.366095,1.36611,1.366095,1.3661,-1.0,-1.0,-1
2026-05-07 18:23:10-04:00,1.3661,1.3661,1.36609,1.36609,-1.0,-1.0,-1
2026-05-07 18:23:15-04:00,1.36609,1.366095,1.36608,1.36608,-1.0,-1.0,-1
2026-05-07 18:23:20-04:00,1.36608,1.36608,1.366065,1.36607,-1.0,-1.0,-1
2026-05-07 18:23:25-04:00,1.36607,1.366075,1.366065,1.36607,-1.0,-1.0,-1
2026-05-07 18:23:30-04:00,1.36607,1.36608,1.366065,1.36608,-1.0,-1.0,-1
2026-05-07 18:23:35-04:00,1.36608,1.36608,1.366075,1.366075,-1.0,-1.0,-1
2026-05-07 18:23:40-04:00,1.366075,1.366075,1.366065,1.366075,-1.0,-1.0,-1
2026-05-07 18:23:45-04:00,1.366075,1.366075,1.366075,1.366075,-1.0,-1.0,-1
2026-05-07 18:23:50-04:00,1.366075,1.366075,1.366065,1.366075,-1.0,-1.0,-1
2026-05-07 18:23:55-04:00,1.366075,1.366075,1.36605,1.366055,-1.0,-1.0,-1
2026-05-07 18:24:00-04:00,1.366055,1.366055,1.36605,1.366055,-1.0,-1.0,-1
2026-05-07 18:24:05-04:00,1.366055,1.366055,1.36605,1.366055,-1.0,-1.0,-1
2026-05-07 18:24:10-04:00,1.366055,1.366055,1.366035,1.36604,-1.0,-1.0,-1
2026-05-07 18:24:15-04:00,1.36604,1.366045,1.36603,1.36604,-1.0,-1.0,-1
2026-05-07 18:24:20-04:00,1.36604,1.366045,1.36604,1.36604,-1.0,-1.0,-1
2026-05-07 18:24:25-04:00,1.36604,1.366045,1.366035,1.366035,-1.0,-1.0,-1
2026-05-07 18:24:30-04:00,1.366035,1.366045,1.366035,1.36604,-1.0,-1.0,-1
2026-05-07 18:24:35-04:00,1.36604,1.366045,1.366035,1.366035,-1.0,-1.0,-1
2026-05-07 18:24:40-04:00,1.366035,1.36604,1.366035,1.366035,-1.0,-1.0,-1
2026-05-07 18:24:45-04:00,1.366035,1.36604,1.366035,1.366035,-1.0,-1.0,-1
2026-05-07 18:24:50-04:00,1.366035,1.36604,1.366035,1.366035,-1.0,-1.0,-1
2026-05-07 18:24:55-04:00,1.366035,1.36604,1.366035,1.366035,-1.0,-1.0,-1
2026-05-07 18:25:00-04:00,1.366035,1.366135,1.366035,1.36613,-1.0,-1.0,-1
2026-05-07 18:25:05-04:00,1.36613,1.36614,1.366125,1.36613,-1.0,-1.0,-1
2026-05-07 18:25:10-04:00,1.36613,1.366135,1.36613,1.36613,-1.0,-1.0,-1
2026-05-07 18:25:15-04:00,1.36613,1.366135,1.36612,1.366125,-1.0,-1.0,-1
2026-05-07 18:25:20-04:00,1.366125,1.36613,1.36611,1.36611,-1.0,-1.0,-1
2026-05-07 18:25:25-04:00,1.36611,1.366115,1.366105,1.366105,-1.0,-1.0,-1
2026-05-07 18:25:30-04:00,1.366105,1.366115,1.36609,1.36609,-1.0,-1.0,-1
2026-05-07 18:25:35-04:00,1.36609,1.36609,1.36608,1.366085,-1.0,-1.0,-1
2026-05-07 18:25:40-04:00,1.366085,1.366085,1.366085,1.366085,-1.0,-1.0,-1
2026-05-07 18:25:45-04:00,1.366085,1.366085,1.36608,1.36608,-1.0,-1.0,-1
2026-05-07 18:25:50-04:00,1.36608,1.36608,1.36608,1.36608,-1.0,-1.0,-1
2026-05-07 18:25:55-04:00,1.36608,1.36608,1.36608,1.36608,-1.0,-1.0,-1
2026-05-07 18:26:00-04:00,1.36608,1.36608,1.366055,1.36606,-1.0,-1.0,-1
2026-05-07 18:26:05-04:00,1.36606,1.36606,1.366055,1.36606,-1.0,-1.0,-1
2026-05-07 18:26:10-04:00,1.36606,1.36606,1.366055,1.36606,-1.0,-1.0,-1
2026-05-07 18:26:15-04:00,1.36606,1.36608,1.366055,1.36608,-1.0,-1.0,-1
2026-05-07 18:26:20-04:00,1.36608,1.366095,1.36608,1.366095,-1.0,-1.0,-1
2026-05-07 18:26:25-04:00,1.366095,1.366105,1.366095,1.3661,-1.0,-1.0,-1
2026-05-07 18:26:30-04:00,1.3661,1.36611,1.3661,1.366105,-1.0,-1.0,-1
2026-05-07 18:26:35-04:00,1.366105,1.366125,1.366105,1.36612,-1.0,-1.0,-1
2026-05-07 18:26:40-04:00,1.36612,1.366145,1.366115,1.366145,-1.0,-1.0,-1
2026-05-07 18:26:45-04:00,1.366145,1.36615,1.36614,1.36615,-1.0,-1.0,-1
2026-05-07 18:26:50-04:00,1.36615,1.36616,1.366145,1.36616,-1.0,-1.0,-1
2026-05-07 18:26:55-04:00,1.36616,1.36616,1.366145,1.366145,-1.0,-1.0,-1
2026-05-07 18:27:00-04:00,1.366145,1.366145,1.36614,1.36614,-1.0,-1.0,-1
2026-05-07 18:27:05-04:00,1.36614,1.36614,1.36614,1.36614,-1.0,-1.0,-1
2026-05-07 18:27:10-04:00,1.36614,1.36614,1.36614,1.36614,-1.0,-1.0,-1
2026-05-07 18:27:15-04:00,1.36614,1.36614,1.36613,1.36613,-1.0,-1.0,-1
2026-05-07 18:27:20-04:00,1.36613,1.366135,1.36613,1.366135,-1.0,-1.0,-1
2026-05-07 18:27:25-04:00,1.366135,1.366135,1.366125,1.366135,-1.0,-1.0,-1
2026-05-07 18:27:30-04:00,1.366135,1.366135,1.366135,1.366135,-1.0,-1.0,-1
2026-05-07 18:27:35-04:00,1.366135,1.366135,1.366135,1.366135,-1.0,-1.0,-1
2026-05-07 18:27:40-04:00,1.366135,1.366135,1.366125,1.366125,-1.0,-1.0,-1
2026-05-07 18:27:45-04:00,1.366125,1.36613,1.366125,1.366125,-1.0,-1.0,-1
2026-05-07 18:27:50-04:00,1.366125,1.366135,1.366125,1.366125,-1.0,-1.0,-1
2026-05-07 18:27:55-04:00,1.366125,1.36613,1.366125,1.366125,-1.0,-1.0,-1
2026-05-07 18:28:00-04:00,1.366125,1.366135,1.366125,1.366125,-1.0,-1.0,-1
2026-05-07 18:28:05-04:00,1.366125,1.366135,1.366125,1.366135,-1.0,-1.0,-1
2026-05-07 18:28:10-04:00,1.366135,1.36621,1.366135,1.366205,-1.0,-1.0,-1
2026-05-07 18:28:15-04:00,1.366205,1.366215,1.366205,1.36621,-1.0,-1.0,-1
2026-05-07 18:28:20-04:00,1.36621,1.366215,1.366205,1.366205,-1.0,-1.0,-1
2026-05-07 18:28:25-04:00,1.366205,1.366215,1.366205,1.366205,-1.0,-1.0,-1
2026-05-07 18:28:30-04:00,1.366205,1.36621,1.366205,1.366205,-1.0,-1.0,-1
2026-05-07 18:28:35-04:00,1.366205,1.36621,1.36616,1.366165,-1.0,-1.0,-1
2026-05-07 18:28:40-04:00,1.366165,1.366165,1.36616,1.366165,-1.0,-1.0,-1
2026-05-07 18:28:45-04:00,1.366165,1.366165,1.366065,1.36607,-1.0,-1.0,-1
2026-05-07 18:28:50-04:00,1.36607,1.36607,1.366065,1.36607,-1.0,-1.0,-1
2026-05-07 18:28:55-04:00,1.36607,1.366075,1.366065,1.366075,-1.0,-1.0,-1
2026-05-07 18:29:00-04:00,1.366075,1.36608,1.366065,1.36608,-1.0,-1.0,-1
2026-05-07 18:29:05-04:00,1.36608,1.36608,1.366075,1.366075,-1.0,-1.0,-1
2026-05-07 18:29:10-04:00,1.366075,1.366075,1.366065,1.36607,-1.0,-1.0,-1
2026-05-07 18:29:15-04:00,1.36607,1.36607,1.366065,1.36607,-1.0,-1.0,-1
2026-05-07 18:29:20-04:00,1.36607,1.366075,1.366065,1.36607,-1.0,-1.0,-1
2026-05-07 18:29:25-04:00,1.36607,1.366075,1.366065,1.366075,-1.0,-1.0,-1
2026-05-07 18:29:30-04:00,1.366075,1.366095,1.366065,1.366095,-1.0,-1.0,-1
2026-05-07 18:29:35-04:00,1.366095,1.366095,1.366095,1.366095,-1.0,-1.0,-1
2026-05-07 18:29:40-04:00,1.366095,1.366095,1.366095,1.366095,-1.0,-1.0,-1
2026-05-07 18:29:45-04:00,1.366095,1.3661,1.366095,1.366095,-1.0,-1.0,-1
2026-05-07 18:29:50-04:00,1.366095,1.366095,1.366095,1.366095,-1.0,-1.0,-1
2026-05-07 18:29:55-04:00,1.366095,1.366095,1.36609,1.36609,-1.0,-1.0,-1
2026-05-07 18:30:00-04:00,1.36609,1.36614,1.36609,1.36614,-1.0,-1.0,-1
2026-05-07 18:30:05-04:00,1.36614,1.36614,1.366135,1.366135,-1.0,-1.0,-1
2026-05-07 18:30:10-04:00,1.366135,1.36616,1.366135,1.36615,-1.0,-1.0,-1
2026-05-07 18:30:15-04:00,1.36615,1.36617,1.366135,1.36617,-1.0,-1.0,-1
2026-05-07 18:30:20-04:00,1.36617,1.36618,1.36617,1.36617,-1.0,-1.0,-1
2026-05-07 18:30:25-04:00,1.36617,1.36617,1.36616,1.36616,-1.0,-1.0,-1
2026-05-07 18:30:30-04:00,1.36616,1.36616,1.36614,1.36614,-1.0,-1.0,-1
2026-05-07 18:30:35-04:00,1.36614,1.36614,1.36614,1.36614,-1.0,-1.0,-1
2026-05-07 18:30:40-04:00,1.36614,1.36614,1.36614,1.36614,-1.0,-1.0,-1
2026-05-07 18:30:45-04:00,1.36614,1.36614,1.36613,1.36613,-1.0,-1.0,-1
2026-05-07 18:30:50-04:00,1.36613,1.36614,1.36613,1.36614,-1.0,-1.0,-1
2026-05-07 18:30:55-04:00,1.36614,1.36614,1.366135,1.366135,-1.0,-1.0,-1
2026-05-07 18:31:00-04:00,1.366135,1.366135,1.366135,1.366135,-1.0,-1.0,-1
2026-05-07 18:31:05-04:00,1.366135,1.366135,1.36613,1.36613,-1.0,-1.0,-1
2026-05-07 18:31:10-04:00,1.36613,1.36613,1.36611,1.36611,-1.0,-1.0,-1
2026-05-07 18:31:15-04:00,1.36611,1.366115,1.36611,1.36611,-1.0,-1.0,-1
2026-05-07 18:31:20-04:00,1.36611,1.366125,1.36611,1.36612,-1.0,-1.0,-1
2026-05-07 18:31:25-04:00,1.36612,1.366125,1.36611,1.36611,-1.0,-1.0,-1
2026-05-07 18:31:30-04:00,1.36611,1.366115,1.36611,1.36611,-1.0,-1.0,-1
2026-05-07 18:31:35-04:00,1.36611,1.366115,1.36611,1.36611,-1.0,-1.0,-1
2026-05-07 18:31:40-04:00,1.36611,1.366135,1.36611,1.366135,-1.0,-1.0,-1
2026-05-07 18:31:45-04:00,1.366135,1.366135,1.36613,1.36613,-1.0,-1.0,-1
2026-05-07 18:31:50-04:00,1.36613,1.366135,1.36613,1.366135,-1.0,-1.0,-1
2026-05-07 18:31:55-04:00,1.366135,1.366135,1.36613,1.366135,-1.0,-1.0,-1
2026-05-07 18:32:00-04:00,1.366135,1.366135,1.36612,1.366125,-1.0,-1.0,-1
2026-05-07 18:32:05-04:00,1.366125,1.366135,1.366125,1.366135,-1.0,-1.0,-1
2026-05-07 18:32:10-04:00,1.366135,1.366135,1.36613,1.366135,-1.0,-1.0,-1
2026-05-07 18:32:15-04:00,1.366135,1.36614,1.366135,1.36614,-1.0,-1.0,-1
2026-05-07 18:32:20-04:00,1.36614,1.36614,1.36612,1.36612,-1.0,-1.0,-1
2026-05-07 18:32:25-04:00,1.36612,1.366135,1.36612,1.366135,-1.0,-1.0,-1
2026-05-07 18:32:30-04:00,1.366135,1.366135,1.36612,1.36612,-1.0,-1.0,-1
2026-05-07 18:32:35-04:00,1.36612,1.366125,1.366115,1.366115,-1.0,-1.0,-1
2026-05-07 18:32:40-04:00,1.366115,1.36612,1.36611,1.36611,-1.0,-1.0,-1
2026-05-07 18:32:45-04:00,1.36611,1.366115,1.36611,1.36611,-1.0,-1.0,-1
2026-05-07 18:32:50-04:00,1.36611,1.36612,1.36611,1.36611,-1.0,-1.0,-1
2026-05-07 18:32:55-04:00,1.36611,1.366115,1.36611,1.36611,-1.0,-1.0,-1
2026-05-07 18:33:00-04:00,1.36611,1.366115,1.366085,1.366085,-1.0,-1.0,-1
2026-05-07 18:33:05-04:00,1.366085,1.36609,1.366085,1.366085,-1.0,-1.0,-1
2026-05-07 18:33:10-04:00,1.366085,1.366085,1.366085,1.366085,-1.0,-1.0,-1
2026-05-07 18:33:15-04:00,1.366085,1.366085,1.36608,1.366085,-1.0,-1.0,-1
2026-05-07 18:33:20-04:00,1.366085,1.366085,1.36608,1.366085,-1.0,-1.0,-1
2026-05-07 18:33:25-04:00,1.366085,1.366095,1.366085,1.36609,-1.0,-1.0,-1
2026-05-07 18:33:30-04:00,1.36609,1.36609,1.36609,1.36609,-1.0,-1.0,-1
2026-05-07 18:33:35-04:00,1.36609,1.366095,1.36609,1.366095,-1.0,-1.0,-1
2026-05-07 18:33:40-04:00,1.366095,1.366095,1.36609,1.36609,-1.0,-1.0,-1
2026-05-07 18:33:45-04:00,1.36609,1.36609,1.36609,1.36609,-1.0,-1.0,-1
2026-05-07 18:33:50-04:00,1.36609,1.366095,1.36609,1.366095,-1.0,-1.0,-1
2026-05-07 18:33:55-04:00,1.366095,1.366095,1.36609,1.36609,-1.0,-1.0,-1
2026-05-07 18:34:00-04:00,1.36609,1.36609,1.36606,1.36607,-1.0,-1.0,-1
2026-05-07 18:34:05-04:00,1.36607,1.36622,1.366055,1.36622,-1.0,-1.0,-1
2026-05-07 18:34:10-04:00,1.36622,1.366245,1.366205,1.366205,-1.0,-1.0,-1
2026-05-07 18:34:15-04:00,1.366205,1.366275,1.366205,1.366225,-1.0,-1.0,-1
2026-05-07 18:34:20-04:00,1.366225,1.366245,1.366225,1.366225,-1.0,-1.0,-1
2026-05-07 18:34:25-04:00,1.366225,1.36623,1.366225,1.366225,-1.0,-1.0,-1
2026-05-07 18:34:30-04:00,1.366225,1.366225,1.36622,1.36622,-1.0,-1.0,-1
2026-05-07 18:34:35-04:00,1.36622,1.366235,1.36622,1.366225,-1.0,-1.0,-1
2026-05-07 18:34:40-04:00,1.366225,1.366225,1.366225,1.366225,-1.0,-1.0,-1
2026-05-07 18:34:45-04:00,1.366225,1.366245,1.366225,1.366245,-1.0,-1.0,-1
2026-05-07 18:34:50-04:00,1.366245,1.36625,1.36624,1.36625,-1.0,-1.0,-1
2026-05-07 18:34:55-04:00,1.36625,1.36628,1.36623,1.366235,-1.0,-1.0,-1
2026-05-07 18:35:00-04:00,1.366235,1.366235,1.36622,1.36622,-1.0,-1.0,-1
2026-05-07 18:35:05-04:00,1.36622,1.366235,1.36622,1.366235,-1.0,-1.0,-1
2026-05-07 18:35:10-04:00,1.366235,1.36624,1.36622,1.36624,-1.0,-1.0,-1
2026-05-07 18:35:15-04:00,1.36624,1.36624,1.36622,1.36622,-1.0,-1.0,-1
2026-05-07 18:35:20-04:00,1.36622,1.366235,1.36622,1.366235,-1.0,-1.0,-1
2026-05-07 18:35:25-04:00,1.366235,1.366235,1.36623,1.366235,-1.0,-1.0,-1
2026-05-07 18:35:30-04:00,1.366235,1.366235,1.36623,1.366235,-1.0,-1.0,-1
2026-05-07 18:35:35-04:00,1.366235,1.366235,1.36623,1.366235,-1.0,-1.0,-1
2026-05-07 18:35:40-04:00,1.366235,1.36624,1.36623,1.36624,-1.0,-1.0,-1
2026-05-07 18:35:45-04:00,1.36624,1.36625,1.36624,1.36624,-1.0,-1.0,-1
2026-05-07 18:35:50-04:00,1.36624,1.36625,1.36624,1.36624,-1.0,-1.0,-1
2026-05-07 18:35:55-04:00,1.36624,1.36624,1.36624,1.36624,-1.0,-1.0,-1
2026-05-07 18:36:00-04:00,1.36624,1.36624,1.36623,1.366235,-1.0,-1.0,-1
2026-05-07 18:36:05-04:00,1.366235,1.36624,1.36623,1.36624,-1.0,-1.0,-1
2026-05-07 18:36:10-04:00,1.36624,1.36624,1.36624,1.36624,-1.0,-1.0,-1
2026-05-07 18:36:15-04:00,1.36624,1.36624,1.36624,1.36624,-1.0,-1.0,-1
2026-05-07 18:36:20-04:00,1.36624,1.36624,1.36624,1.36624,-1.0,-1.0,-1
2026-05-07 18:36:25-04:00,1.36624,1.36627,1.36624,1.366265,-1.0,-1.0,-1
2026-05-07 18:36:30-04:00,1.366265,1.366265,1.36625,1.36625,-1.0,-1.0,-1
2026-05-07 18:36:35-04:00,1.36625,1.36625,1.366245,1.366245,-1.0,-1.0,-1
2026-05-07 18:36:40-04:00,1.366245,1.366245,1.36624,1.36624,-1.0,-1.0,-1
2026-05-07 18:36:45-04:00,1.36624,1.366265,1.36624,1.366265,-1.0,-1.0,-1
2026-05-07 18:36:50-04:00,1.366265,1.366265,1.36625,1.36625,-1.0,-1.0,-1
2026-05-07 18:36:55-04:00,1.36625,1.36625,1.36625,1.36625,-1.0,-1.0,-1
2026-05-07 18:37:00-04:00,1.36625,1.366265,1.36625,1.366265,-1.0,-1.0,-1
2026-05-07 18:37:05-04:00,1.366265,1.36627,1.36626,1.36627,-1.0,-1.0,-1
2026-05-07 18:37:10-04:00,1.36627,1.36627,1.36626,1.36627,-1.0,-1.0,-1
2026-05-07 18:37:15-04:00,1.36627,1.36627,1.36627,1.36627,-1.0,-1.0,-1
2026-05-07 18:37:20-04:00,1.36627,1.36627,1.36627,1.36627,-1.0,-1.0,-1
2026-05-07 18:37:25-04:00,1.36627,1.36627,1.36627,1.36627,-1.0,-1.0,-1
2026-05-07 18:37:30-04:00,1.36627,1.36627,1.366245,1.36625,-1.0,-1.0,-1
2026-05-07 18:37:35-04:00,1.36625,1.36625,1.36625,1.36625,-1.0,-1.0,-1
2026-05-07 18:37:40-04:00,1.36625,1.366285,1.36625,1.36628,-1.0,-1.0,-1
2026-05-07 18:37:45-04:00,1.36628,1.36629,1.36627,1.36627,-1.0,-1.0,-1
2026-05-07 18:37:50-04:00,1.36627,1.36627,1.366255,1.366255,-1.0,-1.0,-1
2026-05-07 18:37:55-04:00,1.366255,1.366255,1.366255,1.366255,-1.0,-1.0,-1
2026-05-07 18:38:00-04:00,1.366255,1.36626,1.366255,1.36626,-1.0,-1.0,-1
2026-05-07 18:38:05-04:00,1.36626,1.36626,1.366255,1.366255,-1.0,-1.0,-1
2026-05-07 18:38:10-04:00,1.366255,1.366285,1.366255,1.366285,-1.0,-1.0,-1
2026-05-07 18:38:15-04:00,1.366285,1.366285,1.36627,1.36627,-1.0,-1.0,-1
2026-05-07 18:38:20-04:00,1.36627,1.366275,1.36627,1.366275,-1.0,-1.0,-1
2026-05-07 18:38:25-04:00,1.366275,1.366275,1.366265,1.366265,-1.0,-1.0,-1
2026-05-07 18:38:30-04:00,1.366265,1.366265,1.366265,1.366265,-1.0,-1.0,-1
2026-05-07 18:38:35-04:00,1.366265,1.366265,1.366245,1.366245,-1.0,-1.0,-1
2026-05-07 18:38:40-04:00,1.366245,1.36625,1.366245,1.366245,-1.0,-1.0,-1
2026-05-07 18:38:45-04:00,1.366245,1.36625,1.366245,1.36625,-1.0,-1.0,-1
2026-05-07 18:38:50-04:00,1.36625,1.36625,1.366245,1.366245,-1.0,-1.0,-1
2026-05-07 18:38:55-04:00,1.366245,1.366245,1.366245,1.366245,-1.0,-1.0,-1
2026-05-07 18:39:00-04:00,1.366245,1.36625,1.366245,1.36625,-1.0,-1.0,-1
2026-05-07 18:39:05-04:00,1.36625,1.36625,1.36625,1.36625,-1.0,-1.0,-1
2026-05-07 18:39:10-04:00,1.36625,1.36625,1.36625,1.36625,-1.0,-1.0,-1
2026-05-07 18:39:15-04:00,1.36625,1.36629,1.36625,1.36629,-1.0,-1.0,-1
2026-05-07 18:39:20-04:00,1.36629,1.36629,1.36629,1.36629,-1.0,-1.0,-1
2026-05-07 18:39:25-04:00,1.36629,1.36629,1.36629,1.36629,-1.0,-1.0,-1
2026-05-07 18:39:30-04:00,1.36629,1.36629,1.36629,1.36629,-1.0,-1.0,-1
2026-05-07 18:39:35-04:00,1.36629,1.36629,1.366285,1.366285,-1.0,-1.0,-1
2026-05-07 18:39:40-04:00,1.366285,1.366285,1.36628,1.36628,-1.0,-1.0,-1
2026-05-07 18:39:45-04:00,1.36628,1.36628,1.36628,1.36628,-1.0,-1.0,-1
2026-05-07 18:39:50-04:00,1.36628,1.36628,1.366275,1.36628,-1.0,-1.0,-1
2026-05-07 18:39:55-04:00,1.36628,1.36628,1.366275,1.36628,-1.0,-1.0,-1
2026-05-07 18:40:00-04:00,1.36628,1.36628,1.36627,1.36627,-1.0,-1.0,-1
2026-05-07 18:40:05-04:00,1.36627,1.36627,1.366265,1.366265,-1.0,-1.0,-1
2026-05-07 18:40:10-04:00,1.366265,1.36627,1.366265,1.366265,-1.0,-1.0,-1
2026-05-07 18:40:15-04:00,1.366265,1.36632,1.366265,1.36632,-1.0,-1.0,-1
2026-05-07 18:40:20-04:00,1.36632,1.36634,1.36632,1.36634,-1.0,-1.0,-1
2026-05-07 18:40:25-04:00,1.36634,1.366345,1.36634,1.36634,-1.0,-1.0,-1
2026-05-07 18:40:30-04:00,1.36634,1.366345,1.36634,1.36634,-1.0,-1.0,-1
2026-05-07 18:40:35-04:00,1.36634,1.36634,1.36634,1.36634,-1.0,-1.0,-1
2026-05-07 18:40:40-04:00,1.36634,1.36634,1.366335,1.366335,-1.0,-1.0,-1
2026-05-07 18:40:45-04:00,1.366335,1.366335,1.36633,1.36633,-1.0,-1.0,-1
2026-05-07 18:40:50-04:00,1.36633,1.36633,1.36632,1.366325,-1.0,-1.0,-1
2026-05-07 18:40:55-04:00,1.366325,1.366325,1.36632,1.366325,-1.0,-1.0,-1
2026-05-07 18:41:00-04:00,1.366325,1.36633,1.36632,1.36633,-1.0,-1.0,-1
2026-05-07 18:41:05-04:00,1.36633,1.36633,1.36633,1.36633,-1.0,-1.0,-1
2026-05-07 18:41:10-04:00,1.36633,1.366335,1.36633,1.366335,-1.0,-1.0,-1
2026-05-07 18:41:15-04:00,1.366335,1.36634,1.366335,1.36634,-1.0,-1.0,-1
2026-05-07 18:41:20-04:00,1.36634,1.36634,1.36633,1.36633,-1.0,-1.0,-1
2026-05-07 18:41:25-04:00,1.36633,1.36633,1.36632,1.36632,-1.0,-1.0,-1
2026-05-07 18:41:30-04:00,1.36632,1.36632,1.36632,1.36632,-1.0,-1.0,-1
2026-05-07 18:41:35-04:00,1.36632,1.36633,1.36632,1.36633,-1.0,-1.0,-1
2026-05-07 18:41:40-04:00,1.36633,1.36633,1.36633,1.36633,-1.0,-1.0,-1
2026-05-07 18:41:45-04:00,1.36633,1.366335,1.36633,1.366335,-1.0,-1.0,-1
2026-05-07 18:41:50-04:00,1.366335,1.366335,1.366335,1.366335,-1.0,-1.0,-1
2026-05-07 18:41:55-04:00,1.366335,1.366335,1.366335,1.366335,-1.0,-1.0,-1
2026-05-07 18:42:00-04:00,1.366335,1.36634,1.366335,1.366335,-1.0,-1.0,-1
2026-05-07 18:42:05-04:00,1.366335,1.36634,1.366335,1.366335,-1.0,-1.0,-1
2026-05-07 18:42:10-04:00,1.366335,1.366345,1.366335,1.366345,-1.0,-1.0,-1
2026-05-07 18:42:15-04:00,1.366345,1.366345,1.366335,1.366345,-1.0,-1.0,-1
2026-05-07 18:42:20-04:00,1.366345,1.36635,1.366345,1.366345,-1.0,-1.0,-1
2026-05-07 18:42:25-04:00,1.366345,1.36635,1.366345,1.36635,-1.0,-1.0,-1
2026-05-07 18:42:30-04:00,1.36635,1.36635,1.366345,1.366345,-1.0,-1.0,-1
2026-05-07 18:42:35-04:00,1.366345,1.36635,1.366345,1.36635,-1.0,-1.0,-1
2026-05-07 18:42:40-04:00,1.36635,1.36635,1.36634,1.36634,-1.0,-1.0,-1
2026-05-07 18:42:45-04:00,1.36634,1.36634,1.366335,1.366335,-1.0,-1.0,-1
2026-05-07 18:42:50-04:00,1.366335,1.366335,1.366335,1.366335,-1.0,-1.0,-1
2026-05-07 18:42:55-04:00,1.366335,1.366335,1.366335,1.366335,-1.0,-1.0,-1
2026-05-07 18:43:00-04:00,1.366335,1.366335,1.366335,1.366335,-1.0,-1.0,-1
2026-05-07 18:43:05-04:00,1.366335,1.366335,1.366335,1.366335,-1.0,-1.0,-1
2026-05-07 18:43:10-04:00,1.366335,1.36634,1.366335,1.36634,-1.0,-1.0,-1
2026-05-07 18:43:15-04:00,1.36634,1.36634,1.36633,1.36633,-1.0,-1.0,-1
2026-05-07 18:43:20-04:00,1.36633,1.36633,1.36633,1.36633,-1.0,-1.0,-1
2026-05-07 18:43:25-04:00,1.36633,1.36633,1.36633,1.36633,-1.0,-1.0,-1
2026-05-07 18:43:30-04:00,1.36633,1.36634,1.36633,1.366335,-1.0,-1.0,-1
2026-05-07 18:43:35-04:00,1.366335,1.366335,1.36633,1.36633,-1.0,-1.0,-1
2026-05-07 18:43:40-04:00,1.36633,1.36633,1.36633,1.36633,-1.0,-1.0,-1
2026-05-07 18:43:45-04:00,1.36633,1.36633,1.36633,1.36633,-1.0,-1.0,-1
2026-05-07 18:43:50-04:00,1.36633,1.36633,1.36632,1.366325,-1.0,-1.0,-1
2026-05-07 18:43:55-04:00,1.366325,1.366325,1.36631,1.36632,-1.0,-1.0,-1
2026-05-07 18:44:00-04:00,1.36632,1.366325,1.366285,1.3663,-1.0,-1.0,-1
2026-05-07 18:44:05-04:00,1.3663,1.366305,1.3663,1.3663,-1.0,-1.0,-1
2026-05-07 18:44:10-04:00,1.3663,1.366305,1.3663,1.3663,-1.0,-1.0,-1
2026-05-07 18:44:15-04:00,1.3663,1.36631,1.3663,1.36631,-1.0,-1.0,-1
2026-05-07 18:44:20-04:00,1.36631,1.36632,1.36631,1.36632,-1.0,-1.0,-1
2026-05-07 18:44:25-04:00,1.36632,1.366325,1.366315,1.366325,-1.0,-1.0,-1
2026-05-07 18:44:30-04:00,1.366325,1.366325,1.36632,1.366325,-1.0,-1.0,-1
2026-05-07 18:44:35-04:00,1.366325,1.366325,1.36632,1.366325,-1.0,-1.0,-1
2026-05-07 18:44:40-04:00,1.366325,1.366325,1.36632,1.366325,-1.0,-1.0,-1
2026-05-07 18:44:45-04:00,1.366325,1.366325,1.36632,1.366325,-1.0,-1.0,-1
2026-05-07 18:44:50-04:00,1.366325,1.366325,1.36631,1.36631,-1.0,-1.0,-1
2026-05-07 18:44:55-04:00,1.36631,1.36631,1.36631,1.36631,-1.0,-1.0,-1
2026-05-07 18:45:00-04:00,1.36631,1.36631,1.36631,1.36631,-1.0,-1.0,-1
2026-05-07 18:45:05-04:00,1.36631,1.36631,1.36631,1.36631,-1.0,-1.0,-1
2026-05-07 18:45:10-04:00,1.36631,1.36632,1.36631,1.36632,-1.0,-1.0,-1
2026-05-07 18:45:15-04:00,1.36632,1.36632,1.36631,1.36631,-1.0,-1.0,-1
2026-05-07 18:45:20-04:00,1.36631,1.366325,1.36631,1.366325,-1.0,-1.0,-1
2026-05-07 18:45:25-04:00,1.366325,1.366325,1.366315,1.366325,-1.0,-1.0,-1
2026-05-07 18:45:30-04:00,1.366325,1.366325,1.36632,1.366325,-1.0,-1.0,-1
2026-05-07 18:45:35-04:00,1.366325,1.366325,1.36632,1.366325,-1.0,-1.0,-1
2026-05-07 18:45:40-04:00,1.366325,1.366325,1.366315,1.36632,-1.0,-1.0,-1
2026-05-07 18:45:45-04:00,1.36632,1.36632,1.36631,1.36631,-1.0,-1.0,-1
2026-05-07 18:45:50-04:00,1.36631,1.36631,1.36631,1.36631,-1.0,-1.0,-1
2026-05-07 18:45:55-04:00,1.36631,1.36631,1.3663,1.3663,-1.0,-1.0,-1
2026-05-07 18:46:00-04:00,1.3663,1.366305,1.3663,1.3663,-1.0,-1.0,-1
2026-05-07 18:46:05-04:00,1.3663,1.366325,1.3663,1.366325,-1.0,-1.0,-1
2026-05-07 18:46:10-04:00,1.366325,1.366335,1.36632,1.366335,-1.0,-1.0,-1
2026-05-07 18:46:15-04:00,1.366335,1.366335,1.36633,1.36633,-1.0,-1.0,-1
2026-05-07 18:46:20-04:00,1.36633,1.36633,1.36633,1.36633,-1.0,-1.0,-1
2026-05-07 18:46:25-04:00,1.36633,1.36633,1.366315,1.36632,-1.0,-1.0,-1
2026-05-07 18:46:30-04:00,1.36632,1.36632,1.36631,1.36631,-1.0,-1.0,-1
2026-05-07 18:46:35-04:00,1.36631,1.36631,1.36631,1.36631,-1.0,-1.0,-1
2026-05-07 18:46:40-04:00,1.36631,1.36631,1.3663,1.3663,-1.0,-1.0,-1
2026-05-07 18:46:45-04:00,1.3663,1.366305,1.3663,1.3663,-1.0,-1.0,-1
2026-05-07 18:46:50-04:00,1.3663,1.366305,1.3663,1.3663,-1.0,-1.0,-1
2026-05-07 18:46:55-04:00,1.3663,1.366305,1.3663,1.3663,-1.0,-1.0,-1
2026-05-07 18:47:00-04:00,1.3663,1.366305,1.3663,1.3663,-1.0,-1.0,-1
2026-05-07 18:47:05-04:00,1.3663,1.366305,1.366295,1.3663,-1.0,-1.0,-1
2026-05-07 18:47:10-04:00,1.3663,1.366305,1.3663,1.3663,-1.0,-1.0,-1
2026-05-07 18:47:15-04:00,1.3663,1.366305,1.3663,1.3663,-1.0,-1.0,-1
2026-05-07 18:47:20-04:00,1.3663,1.366305,1.3663,1.3663,-1.0,-1.0,-1
2026-05-07 18:47:25-04:00,1.3663,1.36631,1.3663,1.36631,-1.0,-1.0,-1
2026-05-07 18:47:30-04:00,1.36631,1.36631,1.3663,1.36631,-1.0,-1.0,-1
2026-05-07 18:47:35-04:00,1.36631,1.36631,1.36631,1.36631,-1.0,-1.0,-1
2026-05-07 18:47:40-04:00,1.36631,1.36631,1.36631,1.36631,-1.0,-1.0,-1
2026-05-07 18:47:45-04:00,1.36631,1.36631,1.36631,1.36631,-1.0,-1.0,-1
2026-05-07 18:47:50-04:00,1.36631,1.36632,1.36631,1.36632,-1.0,-1.0,-1
2026-05-07 18:47:55-04:00,1.36632,1.36632,1.366315,1.36632,-1.0,-1.0,-1
2026-05-07 18:48:00-04:00,1.36632,1.36632,1.366315,1.36632,-1.0,-1.0,-1
2026-05-07 18:48:05-04:00,1.36632,1.36632,1.36631,1.36631,-1.0,-1.0,-1
2026-05-07 18:48:10-04:00,1.36631,1.36631,1.3663,1.3663,-1.0,-1.0,-1
2026-05-07 18:48:15-04:00,1.3663,1.36631,1.3663,1.3663,-1.0,-1.0,-1
2026-05-07 18:48:20-04:00,1.3663,1.366325,1.3663,1.366325,-1.0,-1.0,-1
2026-05-07 18:48:25-04:00,1.366325,1.366335,1.36632,1.366335,-1.0,-1.0,-1
2026-05-07 18:48:30-04:00,1.366335,1.366335,1.366335,1.366335,-1.0,-1.0,-1
2026-05-07 18:48:35-04:00,1.366335,1.366335,1.366335,1.366335,-1.0,-1.0,-1
2026-05-07 18:48:40-04:00,1.366335,1.366335,1.36633,1.36633,-1.0,-1.0,-1
2026-05-07 18:48:45-04:00,1.36633,1.36634,1.36633,1.36634,-1.0,-1.0,-1
2026-05-07 18:48:50-04:00,1.36634,1.36634,1.36633,1.366335,-1.0,-1.0,-1
2026-05-07 18:48:55-04:00,1.366335,1.36634,1.366335,1.36634,-1.0,-1.0,-1
2026-05-07 18:49:00-04:00,1.36634,1.366345,1.366335,1.366335,-1.0,-1.0,-1
2026-05-07 18:49:05-04:00,1.366335,1.366335,1.36633,1.36633,-1.0,-1.0,-1
2026-05-07 18:49:10-04:00,1.36633,1.36638,1.36633,1.366345,-1.0,-1.0,-1
2026-05-07 18:49:15-04:00,1.366345,1.366345,1.366345,1.366345,-1.0,-1.0,-1
2026-05-07 18:49:20-04:00,1.366345,1.366345,1.366345,1.366345,-1.0,-1.0,-1
2026-05-07 18:49:25-04:00,1.366345,1.366345,1.366345,1.366345,-1.0,-1.0,-1
2026-05-07 18:49:30-04:00,1.366345,1.366345,1.366345,1.366345,-1.0,-1.0,-1
2026-05-07 18:49:35-04:00,1.366345,1.366355,1.36634,1.36634,-1.0,-1.0,-1
2026-05-07 18:49:40-04:00,1.36634,1.366345,1.36634,1.366345,-1.0,-1.0,-1
2026-05-07 18:49:45-04:00,1.366345,1.366425,1.366345,1.366425,-1.0,-1.0,-1
2026-05-07 18:49:50-04:00,1.366425,1.36643,1.366425,1.36643,-1.0,-1.0,-1
2026-05-07 18:49:55-04:00,1.36643,1.36643,1.36643,1.36643,-1.0,-1.0,-1
2026-05-07 18:50:00-04:00,1.36643,1.36643,1.366425,1.366425,-1.0,-1.0,-1
2026-05-07 18:50:05-04:00,1.366425,1.36643,1.366425,1.36643,-1.0,-1.0,-1
2026-05-07 18:50:10-04:00,1.36643,1.36645,1.36643,1.36644,-1.0,-1.0,-1
2026-05-07 18:50:15-04:00,1.36644,1.36644,1.36644,1.36644,-1.0,-1.0,-1
2026-05-07 18:50:20-04:00,1.36644,1.36644,1.36643,1.36643,-1.0,-1.0,-1
2026-05-07 18:50:25-04:00,1.36643,1.366435,1.36643,1.36643,-1.0,-1.0,-1
2026-05-07 18:50:30-04:00,1.36643,1.366445,1.36643,1.36644,-1.0,-1.0,-1
2026-05-07 18:50:35-04:00,1.36644,1.36644,1.366435,1.366435,-1.0,-1.0,-1
2026-05-07 18:50:40-04:00,1.366435,1.366435,1.366415,1.366425,-1.0,-1.0,-1
2026-05-07 18:50:45-04:00,1.366425,1.36643,1.366425,1.36643,-1.0,-1.0,-1
2026-05-07 18:50:50-04:00,1.36643,1.36643,1.36634,1.36634,-1.0,-1.0,-1
2026-05-07 18:50:55-04:00,1.36634,1.36634,1.36634,1.36634,-1.0,-1.0,-1
2026-05-07 18:51:00-04:00,1.36634,1.36634,1.366335,1.366335,-1.0,-1.0,-1
2026-05-07 18:51:05-04:00,1.366335,1.36634,1.366335,1.36634,-1.0,-1.0,-1
2026-05-07 18:51:10-04:00,1.36634,1.36634,1.366335,1.366335,-1.0,-1.0,-1
2026-05-07 18:51:15-04:00,1.366335,1.366335,1.366335,1.366335,-1.0,-1.0,-1
2026-05-07 18:51:20-04:00,1.366335,1.366335,1.366335,1.366335,-1.0,-1.0,-1
2026-05-07 18:51:25-04:00,1.366335,1.366335,1.36633,1.366335,-1.0,-1.0,-1
2026-05-07 18:51:30-04:00,1.366335,1.366345,1.366335,1.36634,-1.0,-1.0,-1
2026-05-07 18:51:35-04:00,1.36634,1.36634,1.36634,1.36634,-1.0,-1.0,-1
2026-05-07 18:51:40-04:00,1.36634,1.36634,1.366315,1.36632,-1.0,-1.0,-1
2026-05-07 18:51:45-04:00,1.36632,1.36632,1.366315,1.366315,-1.0,-1.0,-1
2026-05-07 18:51:50-04:00,1.366315,1.366325,1.366315,1.366325,-1.0,-1.0,-1
2026-05-07 18:51:55-04:00,1.366325,1.366325,1.366315,1.366315,-1.0,-1.0,-1
2026-05-07 18:52:00-04:00,1.366315,1.366315,1.366315,1.366315,-1.0,-1.0,-1
2026-05-07 18:52:05-04:00,1.366315,1.366335,1.366315,1.36633,-1.0,-1.0,-1
2026-05-07 18:52:10-04:00,1.36633,1.366335,1.366325,1.366335,-1.0,-1.0,-1
2026-05-07 18:52:15-04:00,1.366335,1.366335,1.366335,1.366335,-1.0,-1.0,-1
2026-05-07 18:52:20-04:00,1.366335,1.36634,1.366325,1.36633,-1.0,-1.0,-1
2026-05-07 18:52:25-04:00,1.36633,1.36634,1.366325,1.36634,-1.0,-1.0,-1
2026-05-07 18:52:30-04:00,1.36634,1.36634,1.366335,1.36634,-1.0,-1.0,-1
2026-05-07 18:52:35-04:00,1.36634,1.36634,1.36633,1.366335,-1.0,-1.0,-1
2026-05-07 18:52:40-04:00,1.366335,1.366335,1.36633,1.366335,-1.0,-1.0,-1
2026-05-07 18:52:45-04:00,1.366335,1.366335,1.366325,1.366335,-1.0,-1.0,-1
2026-05-07 18:52:50-04:00,1.366335,1.366335,1.36633,1.366335,-1.0,-1.0,-1
2026-05-07 18:52:55-04:00,1.366335,1.366335,1.36633,1.366335,-1.0,-1.0,-1
2026-05-07 18:53:00-04:00,1.366335,1.366335,1.36632,1.366325,-1.0,-1.0,-1
2026-05-07 18:53:05-04:00,1.366325,1.36633,1.36632,1.36633,-1.0,-1.0,-1
2026-05-07 18:53:10-04:00,1.36633,1.36633,1.366325,1.36633,-1.0,-1.0,-1
2026-05-07 18:53:15-04:00,1.36633,1.36633,1.366325,1.36633,-1.0,-1.0,-1
2026-05-07 18:53:20-04:00,1.36633,1.36633,1.366325,1.36633,-1.0,-1.0,-1
2026-05-07 18:53:25-04:00,1.36633,1.36633,1.36632,1.366325,-1.0,-1.0,-1
2026-05-07 18:53:30-04:00,1.366325,1.366325,1.36632,1.366325,-1.0,-1.0,-1
2026-05-07 18:53:35-04:00,1.366325,1.36633,1.36632,1.36633,-1.0,-1.0,-1
2026-05-07 18:53:40-04:00,1.36633,1.36633,1.366325,1.36633,-1.0,-1.0,-1
2026-05-07 18:53:45-04:00,1.36633,1.36633,1.366325,1.36633,-1.0,-1.0,-1
2026-05-07 18:53:50-04:00,1.36633,1.36633,1.366325,1.36633,-1.0,-1.0,-1
2026-05-07 18:53:55-04:00,1.36633,1.36633,1.366325,1.36633,-1.0,-1.0,-1
2026-05-07 18:54:00-04:00,1.36633,1.36633,1.36632,1.366325,-1.0,-1.0,-1
2026-05-07 18:54:05-04:00,1.366325,1.366325,1.36632,1.366325,-1.0,-1.0,-1
2026-05-07 18:54:10-04:00,1.366325,1.366325,1.36632,1.366325,-1.0,-1.0,-1
2026-05-07 18:54:15-04:00,1.366325,1.36635,1.36632,1.36635,-1.0,-1.0,-1
2026-05-07 18:54:20-04:00,1.36635,1.36635,1.36634,1.36634,-1.0,-1.0,-1
2026-05-07 18:54:25-04:00,1.36634,1.36634,1.36633,1.366335,-1.0,-1.0,-1
2026-05-07 18:54:30-04:00,1.366335,1.366335,1.36633,1.366335,-1.0,-1.0,-1
2026-05-07 18:54:35-04:00,1.366335,1.366335,1.36633,1.366335,-1.0,-1.0,-1
2026-05-07 18:54:40-04:00,1.366335,1.366335,1.36633,1.366335,-1.0,-1.0,-1
2026-05-07 18:54:45-04:00,1.366335,1.366335,1.36633,1.366335,-1.0,-1.0,-1
2026-05-07 18:54:50-04:00,1.366335,1.366335,1.36633,1.366335,-1.0,-1.0,-1
2026-05-07 18:54:55-04:00,1.366335,1.366335,1.36633,1.366335,-1.0,-1.0,-1
2026-05-07 18:55:00-04:00,1.366335,1.366335,1.366325,1.366335,-1.0,-1.0,-1
2026-05-07 18:55:05-04:00,1.366335,1.366335,1.366335,1.366335,-1.0,-1.0,-1
2026-05-07 18:55:10-04:00,1.366335,1.366335,1.366325,1.36633,-1.0,-1.0,-1
2026-05-07 18:55:15-04:00,1.36633,1.366335,1.366325,1.366335,-1.0,-1.0,-1
2026-05-07 18:55:20-04:00,1.366335,1.36634,1.366325,1.366335,-1.0,-1.0,-1
2026-05-07 18:55:25-04:00,1.366335,1.366335,1.366325,1.366335,-1.0,-1.0,-1
2026-05-07 18:55:30-04:00,1.366335,1.36634,1.36633,1.36634,-1.0,-1.0,-1
2026-05-07 18:55:35-04:00,1.36634,1.36634,1.36634,1.36634,-1.0,-1.0,-1
2026-05-07 18:55:40-04:00,1.36634,1.36634,1.36634,1.36634,-1.0,-1.0,-1
2026-05-07 18:55:45-04:00,1.36634,1.36634,1.36634,1.36634,-1.0,-1.0,-1
2026-05-07 18:55:50-04:00,1.36634,1.36634,1.36634,1.36634,-1.0,-1.0,-1
2026-05-07 18:55:55-04:00,1.36634,1.36634,1.36634,1.36634,-1.0,-1.0,-1
2026-05-07 18:56:00-04:00,1.36634,1.36634,1.36634,1.36634,-1.0,-1.0,-1
2026-05-07 18:56:05-04:00,1.36634,1.36634,1.36634,1.36634,-1.0,-1.0,-1
2026-05-07 18:56:10-04:00,1.36634,1.36634,1.36634,1.36634,-1.0,-1.0,-1
2026-05-07 18:56:15-04:00,1.36634,1.36634,1.36634,1.36634,-1.0,-1.0,-1
2026-05-07 18:56:20-04:00,1.36634,1.36634,1.36633,1.366335,-1.0,-1.0,-1
2026-05-07 18:56:25-04:00,1.366335,1.36634,1.36633,1.36634,-1.0,-1.0,-1
2026-05-07 18:56:30-04:00,1.36634,1.36634,1.36634,1.36634,-1.0,-1.0,-1
2026-05-07 18:56:35-04:00,1.36634,1.36634,1.36634,1.36634,-1.0,-1.0,-1
2026-05-07 18:56:40-04:00,1.36634,1.36634,1.36634,1.36634,-1.0,-1.0,-1
2026-05-07 18:56:45-04:00,1.36634,1.36634,1.36634,1.36634,-1.0,-1.0,-1
2026-05-07 18:56:50-04:00,1.36634,1.36634,1.366315,1.366315,-1.0,-1.0,-1
2026-05-07 18:56:55-04:00,1.366315,1.366315,1.36631,1.36631,-1.0,-1.0,-1
2026-05-07 18:57:00-04:00,1.36631,1.36631,1.36631,1.36631,-1.0,-1.0,-1
2026-05-07 18:57:05-04:00,1.36631,1.36631,1.36631,1.36631,-1.0,-1.0,-1
2026-05-07 18:57:10-04:00,1.36631,1.366335,1.36631,1.366335,-1.0,-1.0,-1
2026-05-07 18:57:15-04:00,1.366335,1.366345,1.36633,1.366335,-1.0,-1.0,-1
2026-05-07 18:57:20-04:00,1.366335,1.366335,1.366335,1.366335,-1.0,-1.0,-1
2026-05-07 18:57:25-04:00,1.366335,1.366335,1.366335,1.366335,-1.0,-1.0,-1
2026-05-07 18:57:30-04:00,1.366335,1.366335,1.366305,1.366305,-1.0,-1.0,-1
2026-05-07 18:57:35-04:00,1.366305,1.366305,1.366305,1.366305,-1.0,-1.0,-1
2026-05-07 18:57:40-04:00,1.366305,1.366305,1.36625,1.36625,-1.0,-1.0,-1
2026-05-07 18:57:45-04:00,1.36625,1.366255,1.36625,1.366255,-1.0,-1.0,-1
2026-05-07 18:57:50-04:00,1.366255,1.366325,1.36621,1.36631,-1.0,-1.0,-1
2026-05-07 18:57:55-04:00,1.36631,1.36631,1.36631,1.36631,-1.0,-1.0,-1
2026-05-07 18:58:00-04:00,1.36631,1.366335,1.366305,1.366335,-1.0,-1.0,-1
2026-05-07 18:58:05-04:00,1.366335,1.36635,1.36633,1.36635,-1.0,-1.0,-1
2026-05-07 18:58:10-04:00,1.36635,1.366355,1.36635,1.36635,-1.0,-1.0,-1
2026-05-07 18:58:15-04:00,1.36635,1.36635,1.36632,1.366325,-1.0,-1.0,-1
2026-05-07 18:58:20-04:00,1.366325,1.366335,1.36632,1.366335,-1.0,-1.0,-1
2026-05-07 18:58:25-04:00,1.366335,1.366335,1.3663,1.36632,-1.0,-1.0,-1
2026-05-07 18:58:30-04:00,1.36632,1.36632,1.366315,1.36632,-1.0,-1.0,-1
2026-05-07 18:58:35-04:00,1.36632,1.366325,1.366295,1.366295,-1.0,-1.0,-1
2026-05-07 18:58:40-04:00,1.366295,1.36632,1.366295,1.36632,-1.0,-1.0,-1
2026-05-07 18:58:45-04:00,1.36632,1.36632,1.36629,1.36629,-1.0,-1.0,-1
2026-05-07 18:58:50-04:00,1.36629,1.36629,1.36629,1.36629,-1.0,-1.0,-1
2026-05-07 18:58:55-04:00,1.36629,1.36629,1.366285,1.366285,-1.0,-1.0,-1
2026-05-07 18:59:00-04:00,1.366285,1.36629,1.366265,1.366275,-1.0,-1.0,-1
2026-05-07 18:59:05-04:00,1.366275,1.3663,1.366275,1.366295,-1.0,-1.0,-1
2026-05-07 18:59:10-04:00,1.366295,1.36631,1.366275,1.36631,-1.0,-1.0,-1
2026-05-07 18:59:15-04:00,1.36631,1.36632,1.36631,1.36631,-1.0,-1.0,-1
2026-05-07 18:59:20-04:00,1.36631,1.366325,1.36631,1.366325,-1.0,-1.0,-1
2026-05-07 18:59:25-04:00,1.366325,1.36633,1.36632,1.366325,-1.0,-1.0,-1
2026-05-07 18:59:30-04:00,1.366325,1.366325,1.366315,1.36632,-1.0,-1.0,-1
2026-05-07 18:59:35-04:00,1.36632,1.366345,1.366315,1.366325,-1.0,-1.0,-1
2026-05-07 18:59:40-04:00,1.366325,1.366325,1.36632,1.366325,-1.0,-1.0,-1
2026-05-07 18:59:45-04:00,1.366325,1.366325,1.36629,1.36629,-1.0,-1.0,-1
2026-05-07 18:59:50-04:00,1.36629,1.36632,1.366285,1.36632,-1.0,-1.0,-1
2026-05-07 18:59:55-04:00,1.36632,1.36632,1.366315,1.36632,-1.0,-1.0,-1
2026-05-07 19:00:00-04:00,1.36632,1.36633,1.366315,1.36633,-1.0,-1.0,-1
2026-05-07 19:00:05-04:00,1.36633,1.366415,1.36633,1.366415,-1.0,-1.0,-1
2026-05-07 19:00:10-04:00,1.366415,1.366415,1.36637,1.36639,-1.0,-1.0,-1
2026-05-07 19:00:15-04:00,1.36639,1.3664,1.36639,1.3664,-1.0,-1.0,-1
2026-05-07 19:00:20-04:00,1.3664,1.366405,1.3664,1.366405,-1.0,-1.0,-1
2026-05-07 19:00:25-04:00,1.366405,1.366405,1.366355,1.366385,-1.0,-1.0,-1
2026-05-07 19:00:30-04:00,1.366385,1.36642,1.36638,1.36642,-1.0,-1.0,-1
2026-05-07 19:00:35-04:00,1.36642,1.366425,1.36639,1.36639,-1.0,-1.0,-1
2026-05-07 19:00:40-04:00,1.36639,1.366395,1.36639,1.366395,-1.0,-1.0,-1
2026-05-07 19:00:45-04:00,1.366395,1.366395,1.36635,1.36635,-1.0,-1.0,-1
2026-05-07 19:00:50-04:00,1.36635,1.36635,1.36635,1.36635,-1.0,-1.0,-1
2026-05-07 19:00:55-04:00,1.36635,1.36635,1.366335,1.36634,-1.0,-1.0,-1
2026-05-07 19:01:00-04:00,1.36634,1.36634,1.366335,1.366335,-1.0,-1.0,-1
2026-05-07 19:01:05-04:00,1.366335,1.366355,1.36632,1.366355,-1.0,-1.0,-1
2026-05-07 19:01:10-04:00,1.366355,1.366365,1.36634,1.36634,-1.0,-1.0,-1
2026-05-07 19:01:15-04:00,1.36634,1.366345,1.366335,1.36634,-1.0,-1.0,-1
2026-05-07 19:01:20-04:00,1.36634,1.36638,1.366335,1.36638,-1.0,-1.0,-1
2026-05-07 19:01:25-04:00,1.36638,1.366395,1.366375,1.366395,-1.0,-1.0,-1
2026-05-07 19:01:30-04:00,1.366395,1.366425,1.366395,1.366395,-1.0,-1.0,-1
2026-05-07 19:01:35-04:00,1.366395,1.366425,1.366395,1.36642,-1.0,-1.0,-1
2026-05-07 19:01:40-04:00,1.36642,1.366425,1.36642,1.366425,-1.0,-1.0,-1
2026-05-07 19:01:45-04:00,1.366425,1.366425,1.366395,1.366395,-1.0,-1.0,-1
2026-05-07 19:01:50-04:00,1.366395,1.36641,1.36638,1.36641,-1.0,-1.0,-1
2026-05-07 19:01:55-04:00,1.36641,1.366425,1.366405,1.366425,-1.0,-1.0,-1
2026-05-07 19:02:00-04:00,1.366425,1.366445,1.366425,1.366445,-1.0,-1.0,-1
2026-05-07 19:02:05-04:00,1.366445,1.366455,1.366445,1.36645,-1.0,-1.0,-1
2026-05-07 19:02:10-04:00,1.36645,1.36645,1.36643,1.366435,-1.0,-1.0,-1
2026-05-07 19:02:15-04:00,1.366435,1.366435,1.36643,1.36643,-1.0,-1.0,-1
2026-05-07 19:02:20-04:00,1.36643,1.366435,1.366425,1.366425,-1.0,-1.0,-1
2026-05-07 19:02:25-04:00,1.366425,1.366425,1.36642,1.36642,-1.0,-1.0,-1
2026-05-07 19:02:30-04:00,1.36642,1.366425,1.36642,1.366425,-1.0,-1.0,-1
2026-05-07 19:02:35-04:00,1.366425,1.366425,1.3664,1.366405,-1.0,-1.0,-1
2026-05-07 19:02:40-04:00,1.366405,1.366405,1.366405,1.366405,-1.0,-1.0,-1
2026-05-07 19:02:45-04:00,1.366405,1.366405,1.3664,1.3664,-1.0,-1.0,-1
2026-05-07 19:02:50-04:00,1.3664,1.36642,1.3664,1.366415,-1.0,-1.0,-1
2026-05-07 19:02:55-04:00,1.366415,1.366415,1.36641,1.366415,-1.0,-1.0,-1
2026-05-07 19:03:00-04:00,1.366415,1.36642,1.366405,1.36642,-1.0,-1.0,-1
2026-05-07 19:03:05-04:00,1.36642,1.366425,1.36642,1.366425,-1.0,-1.0,-1
2026-05-07 19:03:10-04:00,1.366425,1.366425,1.366425,1.366425,-1.0,-1.0,-1
2026-05-07 19:03:15-04:00,1.366425,1.366425,1.366425,1.366425,-1.0,-1.0,-1
2026-05-07 19:03:20-04:00,1.366425,1.366425,1.366425,1.366425,-1.0,-1.0,-1
2026-05-07 19:03:25-04:00,1.366425,1.366425,1.366425,1.366425,-1.0,-1.0,-1
2026-05-07 19:03:30-04:00,1.366425,1.366425,1.366425,1.366425,-1.0,-1.0,-1
2026-05-07 19:03:35-04:00,1.366425,1.366425,1.366425,1.366425,-1.0,-1.0,-1
2026-05-07 19:03:40-04:00,1.366425,1.366425,1.36642,1.36642,-1.0,-1.0,-1
2026-05-07 19:03:45-04:00,1.36642,1.36642,1.36633,1.366335,-1.0,-1.0,-1
2026-05-07 19:03:50-04:00,1.366335,1.366335,1.36633,1.36633,-1.0,-1.0,-1
2026-05-07 19:03:55-04:00,1.36633,1.36633,1.36633,1.36633,-1.0,-1.0,-1
2026-05-07 19:04:00-04:00,1.36633,1.36633,1.36633,1.36633,-1.0,-1.0,-1
2026-05-07 19:04:05-04:00,1.36633,1.366335,1.36633,1.366335,-1.0,-1.0,-1
2026-05-07 19:04:10-04:00,1.366335,1.366335,1.36633,1.36633,-1.0,-1.0,-1
2026-05-07 19:04:15-04:00,1.36633,1.366335,1.36633,1.366335,-1.0,-1.0,-1
2026-05-07 19:04:20-04:00,1.366335,1.366335,1.36633,1.36633,-1.0,-1.0,-1
2026-05-07 19:04:25-04:00,1.36633,1.36633,1.36633,1.36633,-1.0,-1.0,-1
2026-05-07 19:04:30-04:00,1.36633,1.36633,1.36632,1.36633,-1.0,-1.0,-1
2026-05-07 19:04:35-04:00,1.36633,1.36633,1.36632,1.366325,-1.0,-1.0,-1
2026-05-07 19:04:40-04:00,1.366325,1.366325,1.36632,1.366325,-1.0,-1.0,-1
2026-05-07 19:04:45-04:00,1.366325,1.366325,1.36632,1.366325,-1.0,-1.0,-1
2026-05-07 19:04:50-04:00,1.366325,1.36633,1.36632,1.36633,-1.0,-1.0,-1
2026-05-07 19:04:55-04:00,1.36633,1.36633,1.36633,1.36633,-1.0,-1.0,-1
2026-05-07 19:05:00-04:00,1.36633,1.36633,1.36632,1.366325,-1.0,-1.0,-1
2026-05-07 19:05:05-04:00,1.366325,1.366325,1.36632,1.366325,-1.0,-1.0,-1
2026-05-07 19:05:10-04:00,1.366325,1.366335,1.36632,1.366335,-1.0,-1.0,-1
2026-05-07 19:05:15-04:00,1.366335,1.366335,1.366335,1.366335,-1.0,-1.0,-1
2026-05-07 19:05:20-04:00,1.366335,1.36634,1.366335,1.366335,-1.0,-1.0,-1
2026-05-07 19:05:25-04:00,1.366335,1.366335,1.36633,1.36633,-1.0,-1.0,-1
2026-05-07 19:05:30-04:00,1.36633,1.36633,1.36632,1.366325,-1.0,-1.0,-1
2026-05-07 19:05:35-04:00,1.366325,1.36633,1.36632,1.36633,-1.0,-1.0,-1
2026-05-07 19:05:40-04:00,1.36633,1.36633,1.36633,1.36633,-1.0,-1.0,-1
2026-05-07 19:05:45-04:00,1.36633,1.36633,1.36633,1.36633,-1.0,-1.0,-1
2026-05-07 19:05:50-04:00,1.36633,1.36633,1.36633,1.36633,-1.0,-1.0,-1
2026-05-07 19:05:55-04:00,1.36633,1.36633,1.36633,1.36633,-1.0,-1.0,-1
2026-05-07 19:06:00-04:00,1.36633,1.36633,1.36633,1.36633,-1.0,-1.0,-1
2026-05-07 19:06:05-04:00,1.36633,1.36633,1.36633,1.36633,-1.0,-1.0,-1
2026-05-07 19:06:10-04:00,1.36633,1.366335,1.36633,1.366335,-1.0,-1.0,-1
2026-05-07 19:06:15-04:00,1.366335,1.366335,1.366335,1.366335,-1.0,-1.0,-1
2026-05-07 19:06:20-04:00,1.366335,1.366335,1.366335,1.366335,-1.0,-1.0,-1
2026-05-07 19:06:25-04:00,1.366335,1.366335,1.366335,1.366335,-1.0,-1.0,-1
2026-05-07 19:06:30-04:00,1.366335,1.36634,1.366335,1.366335,-1.0,-1.0,-1
2026-05-07 19:06:35-04:00,1.366335,1.366335,1.36633,1.36633,-1.0,-1.0,-1
2026-05-07 19:06:40-04:00,1.36633,1.36633,1.36633,1.36633,-1.0,-1.0,-1
2026-05-07 19:06:45-04:00,1.36633,1.36633,1.36632,1.366325,-1.0,-1.0,-1
2026-05-07 19:06:50-04:00,1.366325,1.366325,1.36632,1.366325,-1.0,-1.0,-1
2026-05-07 19:06:55-04:00,1.366325,1.36633,1.36632,1.36633,-1.0,-1.0,-1
2026-05-07 19:07:00-04:00,1.36633,1.36633,1.36633,1.36633,-1.0,-1.0,-1
2026-05-07 19:07:05-04:00,1.36633,1.36634,1.36633,1.36634,-1.0,-1.0,-1
2026-05-07 19:07:10-04:00,1.36634,1.366345,1.366335,1.366335,-1.0,-1.0,-1
2026-05-07 19:07:15-04:00,1.366335,1.36634,1.366335,1.36634,-1.0,-1.0,-1
2026-05-07 19:07:20-04:00,1.36634,1.36634,1.36633,1.36633,-1.0,-1.0,-1
2026-05-07 19:07:25-04:00,1.36633,1.36633,1.36633,1.36633,-1.0,-1.0,-1
2026-05-07 19:07:30-04:00,1.36633,1.36633,1.36633,1.36633,-1.0,-1.0,-1
2026-05-07 19:07:35-04:00,1.36633,1.36633,1.36633,1.36633,-1.0,-1.0,-1
2026-05-07 19:07:40-04:00,1.36633,1.36633,1.36633,1.36633,-1.0,-1.0,-1
2026-05-07 19:07:45-04:00,1.36633,1.36633,1.36633,1.36633,-1.0,-1.0,-1
2026-05-07 19:07:50-04:00,1.36633,1.36633,1.36632,1.366325,-1.0,-1.0,-1
2026-05-07 19:07:55-04:00,1.366325,1.36633,1.36632,1.36633,-1.0,-1.0,-1
2026-05-07 19:08:00-04:00,1.36633,1.36633,1.36633,1.36633,-1.0,-1.0,-1
2026-05-07 19:08:05-04:00,1.36633,1.36633,1.36633,1.36633,-1.0,-1.0,-1
2026-05-07 19:08:10-04:00,1.36633,1.36633,1.36633,1.36633,-1.0,-1.0,-1
2026-05-07 19:08:15-04:00,1.36633,1.36633,1.36633,1.36633,-1.0,-1.0,-1
2026-05-07 19:08:20-04:00,1.36633,1.36633,1.36632,1.36633,-1.0,-1.0,-1
2026-05-07 19:08:25-04:00,1.36633,1.36633,1.36633,1.36633,-1.0,-1.0,-1
2026-05-07 19:08:30-04:00,1.36633,1.36633,1.36632,1.36633,-1.0,-1.0,-1
2026-05-07 19:08:35-04:00,1.36633,1.36633,1.36633,1.36633,-1.0,-1.0,-1
2026-05-07 19:08:40-04:00,1.36633,1.36633,1.36633,1.36633,-1.0,-1.0,-1
2026-05-07 19:08:45-04:00,1.36633,1.36633,1.36633,1.36633,-1.0,-1.0,-1
2026-05-07 19:08:50-04:00,1.36633,1.36633,1.36633,1.36633,-1.0,-1.0,-1
2026-05-07 19:08:55-04:00,1.36633,1.366335,1.36633,1.36633,-1.0,-1.0,-1
2026-05-07 19:09:00-04:00,1.36633,1.36633,1.366315,1.36633,-1.0,-1.0,-1
2026-05-07 19:09:05-04:00,1.36633,1.366335,1.36633,1.366335,-1.0,-1.0,-1
2026-05-07 19:09:10-04:00,1.366335,1.366335,1.36633,1.36633,-1.0,-1.0,-1
2026-05-07 19:09:15-04:00,1.36633,1.36633,1.36632,1.366325,-1.0,-1.0,-1
2026-05-07 19:09:20-04:00,1.366325,1.366325,1.36632,1.366325,-1.0,-1.0,-1
2026-05-07 19:09:25-04:00,1.366325,1.36633,1.36632,1.36633,-1.0,-1.0,-1
2026-05-07 19:09:30-04:00,1.36633,1.36633,1.36633,1.36633,-1.0,-1.0,-1
2026-05-07 19:09:35-04:00,1.36633,1.36633,1.36632,1.36633,-1.0,-1.0,-1
2026-05-07 19:09:40-04:00,1.36633,1.36633,1.36633,1.36633,-1.0,-1.0,-1
2026-05-07 19:09:45-04:00,1.36633,1.36633,1.36633,1.36633,-1.0,-1.0,-1
2026-05-07 19:09:50-04:00,1.36633,1.36633,1.36632,1.366325,-1.0,-1.0,-1
2026-05-07 19:09:55-04:00,1.366325,1.366325,1.36632,1.366325,-1.0,-1.0,-1
2026-05-07 19:10:00-04:00,1.366325,1.36633,1.36632,1.366325,-1.0,-1.0,-1
2026-05-07 19:10:05-04:00,1.366325,1.36633,1.36632,1.36633,-1.0,-1.0,-1
2026-05-07 19:10:10-04:00,1.36633,1.36633,1.36633,1.36633,-1.0,-1.0,-1
2026-05-07 19:10:15-04:00,1.36633,1.36633,1.36633,1.36633,-1.0,-1.0,-1
2026-05-07 19:10:20-04:00,1.36633,1.36633,1.36633,1.36633,-1.0,-1.0,-1
2026-05-07 19:10:25-04:00,1.36633,1.36633,1.36633,1.36633,-1.0,-1.0,-1
2026-05-07 19:10:30-04:00,1.36633,1.36633,1.366315,1.366325,-1.0,-1.0,-1
2026-05-07 19:10:35-04:00,1.366325,1.366325,1.36632,1.366325,-1.0,-1.0,-1
2026-05-07 19:10:40-04:00,1.366325,1.36633,1.36632,1.36633,-1.0,-1.0,-1
2026-05-07 19:10:45-04:00,1.36633,1.36633,1.36631,1.36632,-1.0,-1.0,-1
2026-05-07 19:10:50-04:00,1.36632,1.36633,1.366315,1.366325,-1.0,-1.0,-1
2026-05-07 19:10:55-04:00,1.366325,1.36633,1.36632,1.366325,-1.0,-1.0,-1
2026-05-07 19:11:00-04:00,1.366325,1.366325,1.36632,1.366325,-1.0,-1.0,-1
2026-05-07 19:11:05-04:00,1.366325,1.366325,1.366315,1.36632,-1.0,-1.0,-1
2026-05-07 19:11:10-04:00,1.36632,1.366325,1.36631,1.36631,-1.0,-1.0,-1
2026-05-07 19:11:15-04:00,1.36631,1.366325,1.36631,1.366325,-1.0,-1.0,-1
2026-05-07 19:11:20-04:00,1.366325,1.366325,1.366315,1.366315,-1.0,-1.0,-1
2026-05-07 19:11:25-04:00,1.366315,1.366315,1.366315,1.366315,-1.0,-1.0,-1
2026-05-07 19:11:30-04:00,1.366315,1.366315,1.36623,1.366235,-1.0,-1.0,-1
2026-05-07 19:11:35-04:00,1.366235,1.366235,1.366225,1.366235,-1.0,-1.0,-1
2026-05-07 19:11:40-04:00,1.366235,1.366235,1.36623,1.366235,-1.0,-1.0,-1
2026-05-07 19:11:45-04:00,1.366235,1.366235,1.36623,1.366235,-1.0,-1.0,-1
2026-05-07 19:11:50-04:00,1.366235,1.366235,1.36623,1.366235,-1.0,-1.0,-1
2026-05-07 19:11:55-04:00,1.366235,1.36624,1.36623,1.366235,-1.0,-1.0,-1
2026-05-07 19:12:00-04:00,1.366235,1.366235,1.36623,1.366235,-1.0,-1.0,-1
2026-05-07 19:12:05-04:00,1.366235,1.366235,1.36623,1.366235,-1.0,-1.0,-1
2026-05-07 19:12:10-04:00,1.366235,1.366235,1.36623,1.366235,-1.0,-1.0,-1
2026-05-07 19:12:15-04:00,1.366235,1.36624,1.36623,1.36624,-1.0,-1.0,-1
2026-05-07 19:12:20-04:00,1.36624,1.36624,1.36623,1.366235,-1.0,-1.0,-1
2026-05-07 19:12:25-04:00,1.366235,1.36624,1.36623,1.36624,-1.0,-1.0,-1
2026-05-07 19:12:30-04:00,1.36624,1.36624,1.36623,1.366235,-1.0,-1.0,-1
2026-05-07 19:12:35-04:00,1.366235,1.366235,1.36623,1.366235,-1.0,-1.0,-1
2026-05-07 19:12:40-04:00,1.366235,1.366235,1.36623,1.366235,-1.0,-1.0,-1
2026-05-07 19:12:45-04:00,1.366235,1.366235,1.36623,1.366235,-1.0,-1.0,-1
2026-05-07 19:12:50-04:00,1.366235,1.36624,1.36623,1.36624,-1.0,-1.0,-1
2026-05-07 19:12:55-04:00,1.36624,1.36624,1.36623,1.36624,-1.0,-1.0,-1
2026-05-07 19:13:00-04:00,1.36624,1.36624,1.36624,1.36624,-1.0,-1.0,-1
2026-05-07 19:13:05-04:00,1.36624,1.36624,1.366225,1.36624,-1.0,-1.0,-1
2026-05-07 19:13:10-04:00,1.36624,1.36624,1.36623,1.366235,-1.0,-1.0,-1
2026-05-07 19:13:15-04:00,1.366235,1.36625,1.36623,1.36625,-1.0,-1.0,-1
2026-05-07 19:13:20-04:00,1.36625,1.36625,1.36625,1.36625,-1.0,-1.0,-1
2026-05-07 19:13:25-04:00,1.36625,1.36625,1.36625,1.36625,-1.0,-1.0,-1
2026-05-07 19:13:30-04:00,1.36625,1.36625,1.36625,1.36625,-1.0,-1.0,-1
2026-05-07 19:13:35-04:00,1.36625,1.36625,1.36625,1.36625,-1.0,-1.0,-1
2026-05-07 19:13:40-04:00,1.36625,1.36626,1.36625,1.366255,-1.0,-1.0,-1
2026-05-07 19:13:45-04:00,1.366255,1.366255,1.366255,1.366255,-1.0,-1.0,-1
2026-05-07 19:13:50-04:00,1.366255,1.366255,1.366255,1.366255,-1.0,-1.0,-1
2026-05-07 19:13:55-04:00,1.366255,1.36626,1.366255,1.366255,-1.0,-1.0,-1
2026-05-07 19:14:00-04:00,1.366255,1.366255,1.366255,1.366255,-1.0,-1.0,-1
2026-05-07 19:14:05-04:00,1.366255,1.366255,1.366255,1.366255,-1.0,-1.0,-1
2026-05-07 19:14:10-04:00,1.366255,1.366255,1.366255,1.366255,-1.0,-1.0,-1
2026-05-07 19:14:15-04:00,1.366255,1.366255,1.366255,1.366255,-1.0,-1.0,-1
2026-05-07 19:14:20-04:00,1.366255,1.366255,1.366255,1.366255,-1.0,-1.0,-1
2026-05-07 19:14:25-04:00,1.366255,1.366255,1.366255,1.366255,-1.0,-1.0,-1
2026-05-07 19:14:30-04:00,1.366255,1.366255,1.366255,1.366255,-1.0,-1.0,-1
2026-05-07 19:14:35-04:00,1.366255,1.366255,1.366255,1.366255,-1.0,-1.0,-1
2026-05-07 19:14:40-04:00,1.366255,1.366255,1.366255,1.366255,-1.0,-1.0,-1
2026-05-07 19:14:45-04:00,1.366255,1.366255,1.366255,1.366255,-1.0,-1.0,-1
2026-05-07 19:14:50-04:00,1.366255,1.366255,1.366255,1.366255,-1.0,-1.0,-1
2026-05-07 19:14:55-04:00,1.366255,1.366255,1.36624,1.36624,-1.0,-1.0,-1
2026-05-07 19:15:00-04:00,1.36624,1.36624,1.36623,1.36624,-1.0,-1.0,-1
2026-05-07 19:15:05-04:00,1.36624,1.36624,1.36623,1.366235,-1.0,-1.0,-1
2026-05-07 19:15:10-04:00,1.366235,1.366235,1.36623,1.366235,-1.0,-1.0,-1
2026-05-07 19:15:15-04:00,1.366235,1.366235,1.36616,1.36617,-1.0,-1.0,-1
2026-05-07 19:15:20-04:00,1.36617,1.36617,1.36616,1.36616,-1.0,-1.0,-1
2026-05-07 19:15:25-04:00,1.36616,1.36616,1.366155,1.366155,-1.0,-1.0,-1
2026-05-07 19:15:30-04:00,1.366155,1.36616,1.366155,1.36616,-1.0,-1.0,-1
2026-05-07 19:15:35-04:00,1.36616,1.366165,1.36616,1.366165,-1.0,-1.0,-1
2026-05-07 19:15:40-04:00,1.366165,1.366165,1.366165,1.366165,-1.0,-1.0,-1
2026-05-07 19:15:45-04:00,1.366165,1.366165,1.36616,1.36616,-1.0,-1.0,-1
2026-05-07 19:15:50-04:00,1.36616,1.366165,1.36616,1.366165,-1.0,-1.0,-1
2026-05-07 19:15:55-04:00,1.366165,1.36617,1.366165,1.366165,-1.0,-1.0,-1
2026-05-07 19:16:00-04:00,1.366165,1.366165,1.36616,1.36616,-1.0,-1.0,-1
2026-05-07 19:16:05-04:00,1.36616,1.36616,1.36616,1.36616,-1.0,-1.0,-1
2026-05-07 19:16:10-04:00,1.36616,1.36617,1.36616,1.366165,-1.0,-1.0,-1
2026-05-07 19:16:15-04:00,1.366165,1.366165,1.36616,1.36616,-1.0,-1.0,-1
2026-05-07 19:16:20-04:00,1.36616,1.36616,1.366155,1.366155,-1.0,-1.0,-1
2026-05-07 19:16:25-04:00,1.366155,1.366155,1.36615,1.366155,-1.0,-1.0,-1
2026-05-07 19:16:30-04:00,1.366155,1.366175,1.366155,1.366165,-1.0,-1.0,-1
2026-05-07 19:16:35-04:00,1.366165,1.366165,1.366155,1.366165,-1.0,-1.0,-1
2026-05-07 19:16:40-04:00,1.366165,1.366175,1.366165,1.366175,-1.0,-1.0,-1
2026-05-07 19:16:45-04:00,1.366175,1.366175,1.366175,1.366175,-1.0,-1.0,-1
2026-05-07 19:16:50-04:00,1.366175,1.366175,1.36617,1.36617,-1.0,-1.0,-1
2026-05-07 19:16:55-04:00,1.36617,1.36617,1.366165,1.36617,-1.0,-1.0,-1
2026-05-07 19:17:00-04:00,1.36617,1.36617,1.36616,1.36616,-1.0,-1.0,-1
2026-05-07 19:17:05-04:00,1.36616,1.366175,1.36616,1.36616,-1.0,-1.0,-1
2026-05-07 19:17:10-04:00,1.36616,1.36617,1.36616,1.36617,-1.0,-1.0,-1
2026-05-07 19:17:15-04:00,1.36617,1.36617,1.36617,1.36617,-1.0,-1.0,-1
2026-05-07 19:17:20-04:00,1.36617,1.366175,1.366165,1.36617,-1.0,-1.0,-1
2026-05-07 19:17:25-04:00,1.36617,1.36617,1.36617,1.36617,-1.0,-1.0,-1
2026-05-07 19:17:30-04:00,1.36617,1.366175,1.366165,1.366175,-1.0,-1.0,-1
2026-05-07 19:17:35-04:00,1.366175,1.366185,1.366175,1.366185,-1.0,-1.0,-1
2026-05-07 19:17:40-04:00,1.366185,1.366185,1.366185,1.366185,-1.0,-1.0,-1
2026-05-07 19:17:45-04:00,1.366185,1.366185,1.366175,1.36618,-1.0,-1.0,-1
2026-05-07 19:17:50-04:00,1.36618,1.366195,1.366175,1.36619,-1.0,-1.0,-1
2026-05-07 19:17:55-04:00,1.36619,1.366225,1.36618,1.366225,-1.0,-1.0,-1
2026-05-07 19:18:00-04:00,1.366225,1.36624,1.366225,1.36624,-1.0,-1.0,-1
2026-05-07 19:18:05-04:00,1.36624,1.36624,1.36623,1.36624,-1.0,-1.0,-1
2026-05-07 19:18:10-04:00,1.36624,1.36624,1.36623,1.366235,-1.0,-1.0,-1
2026-05-07 19:18:15-04:00,1.366235,1.36624,1.36623,1.36624,-1.0,-1.0,-1
2026-05-07 19:18:20-04:00,1.36624,1.36624,1.36624,1.36624,-1.0,-1.0,-1
2026-05-07 19:18:25-04:00,1.36624,1.36624,1.36623,1.366235,-1.0,-1.0,-1
2026-05-07 19:18:30-04:00,1.366235,1.366235,1.36623,1.366235,-1.0,-1.0,-1
2026-05-07 19:18:35-04:00,1.366235,1.36624,1.36623,1.36624,-1.0,-1.0,-1
2026-05-07 19:18:40-04:00,1.36624,1.36624,1.36624,1.36624,-1.0,-1.0,-1
2026-05-07 19:18:45-04:00,1.36624,1.36624,1.36623,1.36624,-1.0,-1.0,-1
2026-05-07 19:18:50-04:00,1.36624,1.36624,1.36624,1.36624,-1.0,-1.0,-1
2026-05-07 19:18:55-04:00,1.36624,1.36624,1.366225,1.366225,-1.0,-1.0,-1
2026-05-07 19:19:00-04:00,1.366225,1.366235,1.36622,1.366235,-1.0,-1.0,-1
2026-05-07 19:19:05-04:00,1.366235,1.366235,1.366225,1.366225,-1.0,-1.0,-1
2026-05-07 19:19:10-04:00,1.366225,1.366235,1.36622,1.366235,-1.0,-1.0,-1
2026-05-07 19:19:15-04:00,1.366235,1.366235,1.366225,1.366225,-1.0,-1.0,-1
2026-05-07 19:19:20-04:00,1.366225,1.366235,1.366225,1.366225,-1.0,-1.0,-1
2026-05-07 19:19:25-04:00,1.366225,1.366225,1.366225,1.366225,-1.0,-1.0,-1
2026-05-07 19:19:30-04:00,1.366225,1.366225,1.366185,1.366185,-1.0,-1.0,-1
2026-05-07 19:19:35-04:00,1.366185,1.366185,1.366165,1.366165,-1.0,-1.0,-1
2026-05-07 19:19:40-04:00,1.366165,1.366165,1.366145,1.366145,-1.0,-1.0,-1
2026-05-07 19:19:45-04:00,1.366145,1.366145,1.366145,1.366145,-1.0,-1.0,-1
2026-05-07 19:19:50-04:00,1.366145,1.366145,1.366145,1.366145,-1.0,-1.0,-1
2026-05-07 19:19:55-04:00,1.366145,1.366145,1.366145,1.366145,-1.0,-1.0,-1
2026-05-07 19:20:00-04:00,1.366145,1.366145,1.366145,1.366145,-1.0,-1.0,-1
2026-05-07 19:20:05-04:00,1.366145,1.366145,1.36614,1.36614,-1.0,-1.0,-1
2026-05-07 19:20:10-04:00,1.36614,1.366145,1.36614,1.366145,-1.0,-1.0,-1
2026-05-07 19:20:15-04:00,1.366145,1.36615,1.366145,1.36615,-1.0,-1.0,-1
2026-05-07 19:20:20-04:00,1.36615,1.36615,1.366145,1.36615,-1.0,-1.0,-1
2026-05-07 19:20:25-04:00,1.36615,1.36615,1.36614,1.366145,-1.0,-1.0,-1
2026-05-07 19:20:30-04:00,1.366145,1.36615,1.36614,1.366145,-1.0,-1.0,-1
2026-05-07 19:20:35-04:00,1.366145,1.36615,1.366145,1.366145,-1.0,-1.0,-1
2026-05-07 19:20:40-04:00,1.366145,1.36615,1.366145,1.36615,-1.0,-1.0,-1
2026-05-07 19:20:45-04:00,1.36615,1.36615,1.36614,1.366145,-1.0,-1.0,-1
2026-05-07 19:20:50-04:00,1.366145,1.36615,1.36614,1.36615,-1.0,-1.0,-1
2026-05-07 19:20:55-04:00,1.36615,1.366155,1.36615,1.36615,-1.0,-1.0,-1
2026-05-07 19:21:00-04:00,1.36615,1.366235,1.36615,1.36623,-1.0,-1.0,-1
2026-05-07 19:21:05-04:00,1.36623,1.366245,1.36622,1.36624,-1.0,-1.0,-1
2026-05-07 19:21:10-04:00,1.36624,1.36624,1.36624,1.36624,-1.0,-1.0,-1
2026-05-07 19:21:15-04:00,1.36624,1.36624,1.36624,1.36624,-1.0,-1.0,-1
2026-05-07 19:21:20-04:00,1.36624,1.36624,1.36624,1.36624,-1.0,-1.0,-1
2026-05-07 19:21:25-04:00,1.36624,1.36624,1.36624,1.36624,-1.0,-1.0,-1
2026-05-07 19:21:30-04:00,1.36624,1.36624,1.36624,1.36624,-1.0,-1.0,-1
2026-05-07 19:21:35-04:00,1.36624,1.36624,1.36624,1.36624,-1.0,-1.0,-1
2026-05-07 19:21:40-04:00,1.36624,1.36624,1.36624,1.36624,-1.0,-1.0,-1
2026-05-07 19:21:45-04:00,1.36624,1.36624,1.36624,1.36624,-1.0,-1.0,-1
2026-05-07 19:21:50-04:00,1.36624,1.36624,1.36624,1.36624,-1.0,-1.0,-1
2026-05-07 19:21:55-04:00,1.36624,1.36624,1.366225,1.366235,-1.0,-1.0,-1
2026-05-07 19:22:00-04:00,1.366235,1.366235,1.36623,1.366235,-1.0,-1.0,-1
2026-05-07 19:22:05-04:00,1.366235,1.366235,1.36623,1.366235,-1.0,-1.0,-1
2026-05-07 19:22:10-04:00,1.366235,1.36624,1.36623,1.366235,-1.0,-1.0,-1
2026-05-07 19:22:15-04:00,1.366235,1.366235,1.36623,1.366235,-1.0,-1.0,-1
2026-05-07 19:22:20-04:00,1.366235,1.36624,1.36623,1.36624,-1.0,-1.0,-1
2026-05-07 19:22:25-04:00,1.36624,1.366245,1.36624,1.36624,-1.0,-1.0,-1
2026-05-07 19:22:30-04:00,1.36624,1.366245,1.36624,1.366245,-1.0,-1.0,-1
2026-05-07 19:22:35-04:00,1.366245,1.366245,1.366245,1.366245,-1.0,-1.0,-1
2026-05-07 19:22:40-04:00,1.366245,1.366245,1.366245,1.366245,-1.0,-1.0,-1
2026-05-07 19:22:45-04:00,1.366245,1.36625,1.366245,1.36625,-1.0,-1.0,-1
2026-05-07 19:22:50-04:00,1.36625,1.36625,1.36624,1.36624,-1.0,-1.0,-1
2026-05-07 19:22:55-04:00,1.36624,1.366245,1.36624,1.366245,-1.0,-1.0,-1
2026-05-07 19:23:00-04:00,1.366245,1.36625,1.366245,1.36625,-1.0,-1.0,-1
2026-05-07 19:23:05-04:00,1.36625,1.36625,1.36625,1.36625,-1.0,-1.0,-1
2026-05-07 19:23:10-04:00,1.36625,1.36625,1.36625,1.36625,-1.0,-1.0,-1
2026-05-07 19:23:15-04:00,1.36625,1.366255,1.36625,1.366255,-1.0,-1.0,-1
2026-05-07 19:23:20-04:00,1.366255,1.366255,1.36625,1.366255,-1.0,-1.0,-1
2026-05-07 19:23:25-04:00,1.366255,1.366255,1.36625,1.36625,-1.0,-1.0,-1
2026-05-07 19:23:30-04:00,1.36625,1.36625,1.36625,1.36625,-1.0,-1.0,-1
2026-05-07 19:23:35-04:00,1.36625,1.36625,1.36625,1.36625,-1.0,-1.0,-1
2026-05-07 19:23:40-04:00,1.36625,1.36625,1.36625,1.36625,-1.0,-1.0,-1
2026-05-07 19:23:45-04:00,1.36625,1.36625,1.36625,1.36625,-1.0,-1.0,-1
2026-05-07 19:23:50-04:00,1.36625,1.36625,1.366245,1.366245,-1.0,-1.0,-1
2026-05-07 19:23:55-04:00,1.366245,1.36625,1.366245,1.36625,-1.0,-1.0,-1
2026-05-07 19:24:00-04:00,1.36625,1.36625,1.36624,1.36624,-1.0,-1.0,-1
2026-05-07 19:24:05-04:00,1.36624,1.36625,1.36624,1.366245,-1.0,-1.0,-1
2026-05-07 19:24:10-04:00,1.366245,1.36625,1.36624,1.36625,-1.0,-1.0,-1
2026-05-07 19:24:15-04:00,1.36625,1.36625,1.36624,1.36624,-1.0,-1.0,-1
2026-05-07 19:24:20-04:00,1.36624,1.36626,1.36624,1.36625,-1.0,-1.0,-1
2026-05-07 19:24:25-04:00,1.36625,1.36625,1.36625,1.36625,-1.0,-1.0,-1
2026-05-07 19:24:30-04:00,1.36625,1.36625,1.366245,1.36625,-1.0,-1.0,-1
2026-05-07 19:24:35-04:00,1.36625,1.36625,1.36624,1.36624,-1.0,-1.0,-1
2026-05-07 19:24:40-04:00,1.36624,1.36625,1.36624,1.366245,-1.0,-1.0,-1
2026-05-07 19:24:45-04:00,1.366245,1.36625,1.36624,1.366245,-1.0,-1.0,-1
2026-05-07 19:24:50-04:00,1.366245,1.366245,1.36624,1.36624,-1.0,-1.0,-1
2026-05-07 19:24:55-04:00,1.36624,1.36624,1.36624,1.36624,-1.0,-1.0,-1
2026-05-07 19:25:00-04:00,1.36624,1.366245,1.36624,1.366245,-1.0,-1.0,-1
2026-05-07 19:25:05-04:00,1.366245,1.366245,1.36624,1.36624,-1.0,-1.0,-1
2026-05-07 19:25:10-04:00,1.36624,1.36624,1.36624,1.36624,-1.0,-1.0,-1
2026-05-07 19:25:15-04:00,1.36624,1.36624,1.36624,1.36624,-1.0,-1.0,-1
2026-05-07 19:25:20-04:00,1.36624,1.36624,1.36624,1.36624,-1.0,-1.0,-1
2026-05-07 19:25:25-04:00,1.36624,1.366245,1.36624,1.36624,-1.0,-1.0,-1
2026-05-07 19:25:30-04:00,1.36624,1.36624,1.36624,1.36624,-1.0,-1.0,-1
2026-05-07 19:25:35-04:00,1.36624,1.36624,1.36624,1.36624,-1.0,-1.0,-1
2026-05-07 19:25:40-04:00,1.36624,1.36624,1.36624,1.36624,-1.0,-1.0,-1
2026-05-07 19:25:45-04:00,1.36624,1.36624,1.36624,1.36624,-1.0,-1.0,-1
2026-05-07 19:25:50-04:00,1.36624,1.36624,1.36624,1.36624,-1.0,-1.0,-1
2026-05-07 19:25:55-04:00,1.36624,1.36624,1.36624,1.36624,-1.0,-1.0,-1
2026-05-07 19:26:00-04:00,1.36624,1.36624,1.36624,1.36624,-1.0,-1.0,-1
2026-05-07 19:26:05-04:00,1.36624,1.36624,1.36624,1.36624,-1.0,-1.0,-1
2026-05-07 19:26:10-04:00,1.36624,1.36624,1.36624,1.36624,-1.0,-1.0,-1
2026-05-07 19:26:15-04:00,1.36624,1.36624,1.36624,1.36624,-1.0,-1.0,-1
2026-05-07 19:26:20-04:00,1.36624,1.36624,1.36624,1.36624,-1.0,-1.0,-1
2026-05-07 19:26:25-04:00,1.36624,1.36624,1.36624,1.36624,-1.0,-1.0,-1
2026-05-07 19:26:30-04:00,1.36624,1.36624,1.36624,1.36624,-1.0,-1.0,-1
2026-05-07 19:26:35-04:00,1.36624,1.36624,1.36624,1.36624,-1.0,-1.0,-1
2026-05-07 19:26:40-04:00,1.36624,1.36624,1.36624,1.36624,-1.0,-1.0,-1
2026-05-07 19:26:45-04:00,1.36624,1.366245,1.36624,1.366245,-1.0,-1.0,-1
2026-05-07 19:26:50-04:00,1.366245,1.366245,1.36624,1.366245,-1.0,-1.0,-1
2026-05-07 19:26:55-04:00,1.366245,1.366245,1.366245,1.366245,-1.0,-1.0,-1
2026-05-07 19:27:00-04:00,1.366245,1.366245,1.366245,1.366245,-1.0,-1.0,-1
2026-05-07 19:27:05-04:00,1.366245,1.366245,1.366235,1.36624,-1.0,-1.0,-1
2026-05-07 19:27:10-04:00,1.36624,1.36624,1.36623,1.36624,-1.0,-1.0,-1
2026-05-07 19:27:15-04:00,1.36624,1.36624,1.36624,1.36624,-1.0,-1.0,-1
2026-05-07 19:27:20-04:00,1.36624,1.36624,1.36623,1.366235,-1.0,-1.0,-1
2026-05-07 19:27:25-04:00,1.366235,1.36624,1.36623,1.36624,-1.0,-1.0,-1
2026-05-07 19:27:30-04:00,1.36624,1.366245,1.36624,1.366245,-1.0,-1.0,-1
2026-05-07 19:27:35-04:00,1.366245,1.366245,1.366245,1.366245,-1.0,-1.0,-1
2026-05-07 19:27:40-04:00,1.366245,1.36625,1.36624,1.366245,-1.0,-1.0,-1
2026-05-07 19:27:45-04:00,1.366245,1.36625,1.366245,1.36625,-1.0,-1.0,-1
2026-05-07 19:27:50-04:00,1.36625,1.36625,1.36625,1.36625,-1.0,-1.0,-1
2026-05-07 19:27:55-04:00,1.36625,1.36625,1.36624,1.36624,-1.0,-1.0,-1
2026-05-07 19:28:00-04:00,1.36624,1.36624,1.36624,1.36624,-1.0,-1.0,-1
2026-05-07 19:28:05-04:00,1.36624,1.366245,1.36624,1.36624,-1.0,-1.0,-1
2026-05-07 19:28:10-04:00,1.36624,1.366245,1.36624,1.36624,-1.0,-1.0,-1
2026-05-07 19:28:15-04:00,1.36624,1.36624,1.36624,1.36624,-1.0,-1.0,-1
2026-05-07 19:28:20-04:00,1.36624,1.36624,1.36624,1.36624,-1.0,-1.0,-1
2026-05-07 19:28:25-04:00,1.36624,1.366245,1.36624,1.366245,-1.0,-1.0,-1
2026-05-07 19:28:30-04:00,1.366245,1.366245,1.36624,1.36624,-1.0,-1.0,-1
2026-05-07 19:28:35-04:00,1.36624,1.366245,1.36624,1.366245,-1.0,-1.0,-1
2026-05-07 19:28:40-04:00,1.366245,1.366245,1.36624,1.36624,-1.0,-1.0,-1
2026-05-07 19:28:45-04:00,1.36624,1.36624,1.36624,1.36624,-1.0,-1.0,-1
2026-05-07 19:28:50-04:00,1.36624,1.36624,1.36624,1.36624,-1.0,-1.0,-1
2026-05-07 19:28:55-04:00,1.36624,1.36624,1.36624,1.36624,-1.0,-1.0,-1
2026-05-07 19:29:00-04:00,1.36624,1.36624,1.36624,1.36624,-1.0,-1.0,-1
2026-05-07 19:29:05-04:00,1.36624,1.36624,1.36624,1.36624,-1.0,-1.0,-1
2026-05-07 19:29:10-04:00,1.36624,1.36624,1.36624,1.36624,-1.0,-1.0,-1
2026-05-07 19:29:15-04:00,1.36624,1.36624,1.36624,1.36624,-1.0,-1.0,-1
2026-05-07 19:29:20-04:00,1.36624,1.36624,1.36624,1.36624,-1.0,-1.0,-1
2026-05-07 19:29:25-04:00,1.36624,1.36624,1.36624,1.36624,-1.0,-1.0,-1
2026-05-07 19:29:30-04:00,1.36624,1.36624,1.36623,1.36624,-1.0,-1.0,-1
2026-05-07 19:29:35-04:00,1.36624,1.36624,1.36623,1.36624,-1.0,-1.0,-1
2026-05-07 19:29:40-04:00,1.36624,1.366245,1.36624,1.366245,-1.0,-1.0,-1
2026-05-07 19:29:45-04:00,1.366245,1.366245,1.366245,1.366245,-1.0,-1.0,-1
2026-05-07 19:29:50-04:00,1.366245,1.366245,1.36624,1.36624,-1.0,-1.0,-1
2026-05-07 19:29:55-04:00,1.36624,1.366245,1.36624,1.366245,-1.0,-1.0,-1
2026-05-07 19:30:00-04:00,1.366245,1.36625,1.36624,1.36624,-1.0,-1.0,-1
2026-05-07 19:30:05-04:00,1.36624,1.36624,1.36624,1.36624,-1.0,-1.0,-1
2026-05-07 19:30:10-04:00,1.36624,1.36624,1.36623,1.36624,-1.0,-1.0,-1
2026-05-07 19:30:15-04:00,1.36624,1.36624,1.36624,1.36624,-1.0,-1.0,-1
2026-05-07 19:30:20-04:00,1.36624,1.36624,1.36623,1.366235,-1.0,-1.0,-1
2026-05-07 19:30:25-04:00,1.366235,1.36624,1.36623,1.36624,-1.0,-1.0,-1
2026-05-07 19:30:30-04:00,1.36624,1.36624,1.36624,1.36624,-1.0,-1.0,-1
2026-05-07 19:30:35-04:00,1.36624,1.36624,1.36623,1.36624,-1.0,-1.0,-1
2026-05-07 19:30:40-04:00,1.36624,1.36624,1.36624,1.36624,-1.0,-1.0,-1
2026-05-07 19:30:45-04:00,1.36624,1.36624,1.36624,1.36624,-1.0,-1.0,-1
2026-05-07 19:30:50-04:00,1.36624,1.36624,1.36624,1.36624,-1.0,-1.0,-1
2026-05-07 19:30:55-04:00,1.36624,1.366245,1.36624,1.366245,-1.0,-1.0,-1
2026-05-07 19:31:00-04:00,1.366245,1.366245,1.366245,1.366245,-1.0,-1.0,-1
2026-05-07 19:31:05-04:00,1.366245,1.366255,1.366245,1.366255,-1.0,-1.0,-1
2026-05-07 19:31:10-04:00,1.366255,1.366255,1.36625,1.36625,-1.0,-1.0,-1
2026-05-07 19:31:15-04:00,1.36625,1.366255,1.36625,1.366255,-1.0,-1.0,-1
2026-05-07 19:31:20-04:00,1.366255,1.36626,1.36625,1.36625,-1.0,-1.0,-1
2026-05-07 19:31:25-04:00,1.36625,1.36625,1.36625,1.36625,-1.0,-1.0,-1
2026-05-07 19:31:30-04:00,1.36625,1.366255,1.36625,1.36625,-1.0,-1.0,-1
2026-05-07 19:31:35-04:00,1.36625,1.366255,1.36625,1.36625,-1.0,-1.0,-1
2026-05-07 19:31:40-04:00,1.36625,1.36626,1.36625,1.36626,-1.0,-1.0,-1
2026-05-07 19:31:45-04:00,1.36626,1.36626,1.36626,1.36626,-1.0,-1.0,-1
2026-05-07 19:31:50-04:00,1.36626,1.36626,1.36626,1.36626,-1.0,-1.0,-1
2026-05-07 19:31:55-04:00,1.36626,1.36626,1.36625,1.36625,-1.0,-1.0,-1
2026-05-07 19:32:00-04:00,1.36625,1.36625,1.36625,1.36625,-1.0,-1.0,-1
2026-05-07 19:32:05-04:00,1.36625,1.36625,1.36625,1.36625,-1.0,-1.0,-1
2026-05-07 19:32:10-04:00,1.36625,1.36625,1.36625,1.36625,-1.0,-1.0,-1
2026-05-07 19:32:15-04:00,1.36625,1.366255,1.36625,1.36625,-1.0,-1.0,-1
2026-05-07 19:32:20-04:00,1.36625,1.36626,1.36625,1.366255,-1.0,-1.0,-1
2026-05-07 19:32:25-04:00,1.366255,1.36626,1.366255,1.36626,-1.0,-1.0,-1
2026-05-07 19:32:30-04:00,1.36626,1.36627,1.36626,1.36627,-1.0,-1.0,-1
2026-05-07 19:32:35-04:00,1.36627,1.36627,1.366265,1.366265,-1.0,-1.0,-1
2026-05-07 19:32:40-04:00,1.366265,1.366265,1.366265,1.366265,-1.0,-1.0,-1
2026-05-07 19:32:45-04:00,1.366265,1.366265,1.366265,1.366265,-1.0,-1.0,-1
2026-05-07 19:32:50-04:00,1.366265,1.366265,1.366265,1.366265,-1.0,-1.0,-1
2026-05-07 19:32:55-04:00,1.366265,1.366265,1.366245,1.36625,-1.0,-1.0,-1
2026-05-07 19:33:00-04:00,1.36625,1.36625,1.366245,1.366245,-1.0,-1.0,-1
2026-05-07 19:33:05-04:00,1.366245,1.366245,1.366245,1.366245,-1.0,-1.0,-1
2026-05-07 19:33:10-04:00,1.366245,1.366245,1.366245,1.366245,-1.0,-1.0,-1
2026-05-07 19:33:15-04:00,1.366245,1.366245,1.366245,1.366245,-1.0,-1.0,-1
2026-05-07 19:33:20-04:00,1.366245,1.366245,1.366245,1.366245,-1.0,-1.0,-1
2026-05-07 19:33:25-04:00,1.366245,1.36625,1.366245,1.36625,-1.0,-1.0,-1
2026-05-07 19:33:30-04:00,1.36625,1.366255,1.36625,1.366255,-1.0,-1.0,-1
2026-05-07 19:33:35-04:00,1.366255,1.36626,1.366255,1.366255,-1.0,-1.0,-1
2026-05-07 19:33:40-04:00,1.366255,1.36626,1.36625,1.36625,-1.0,-1.0,-1
2026-05-07 19:33:45-04:00,1.36625,1.366255,1.36625,1.366255,-1.0,-1.0,-1
2026-05-07 19:33:50-04:00,1.366255,1.366255,1.36625,1.36625,-1.0,-1.0,-1
2026-05-07 19:33:55-04:00,1.36625,1.36625,1.36625,1.36625,-1.0,-1.0,-1
2026-05-07 19:34:00-04:00,1.36625,1.36625,1.366245,1.36625,-1.0,-1.0,-1
2026-05-07 19:34:05-04:00,1.36625,1.36625,1.36625,1.36625,-1.0,-1.0,-1
2026-05-07 19:34:10-04:00,1.36625,1.36625,1.36625,1.36625,-1.0,-1.0,-1
2026-05-07 19:34:15-04:00,1.36625,1.36626,1.36625,1.36626,-1.0,-1.0,-1
2026-05-07 19:34:20-04:00,1.36626,1.36626,1.366255,1.366255,-1.0,-1.0,-1
2026-05-07 19:34:25-04:00,1.366255,1.36626,1.366255,1.36626,-1.0,-1.0,-1
2026-05-07 19:34:30-04:00,1.36626,1.36626,1.366255,1.36626,-1.0,-1.0,-1
2026-05-07 19:34:35-04:00,1.36626,1.36626,1.36626,1.36626,-1.0,-1.0,-1
2026-05-07 19:34:40-04:00,1.36626,1.36626,1.36626,1.36626,-1.0,-1.0,-1
2026-05-07 19:34:45-04:00,1.36626,1.36626,1.36626,1.36626,-1.0,-1.0,-1
2026-05-07 19:34:50-04:00,1.36626,1.36626,1.36626,1.36626,-1.0,-1.0,-1
2026-05-07 19:34:55-04:00,1.36626,1.366265,1.36626,1.366265,-1.0,-1.0,-1
2026-05-07 19:35:00-04:00,1.366265,1.366305,1.366265,1.366305,-1.0,-1.0,-1
2026-05-07 19:35:05-04:00,1.366305,1.366305,1.36626,1.36626,-1.0,-1.0,-1
2026-05-07 19:35:10-04:00,1.36626,1.36626,1.366255,1.366255,-1.0,-1.0,-1
2026-05-07 19:35:15-04:00,1.366255,1.36626,1.366255,1.36626,-1.0,-1.0,-1
2026-05-07 19:35:20-04:00,1.36626,1.36626,1.36626,1.36626,-1.0,-1.0,-1
2026-05-07 19:35:25-04:00,1.36626,1.366265,1.36626,1.36626,-1.0,-1.0,-1
2026-05-07 19:35:30-04:00,1.36626,1.366275,1.36626,1.36627,-1.0,-1.0,-1
2026-05-07 19:35:35-04:00,1.36627,1.36627,1.36627,1.36627,-1.0,-1.0,-1
2026-05-07 19:35:40-04:00,1.36627,1.366275,1.36627,1.36627,-1.0,-1.0,-1
2026-05-07 19:35:45-04:00,1.36627,1.366275,1.36627,1.36627,-1.0,-1.0,-1
2026-05-07 19:35:50-04:00,1.36627,1.36627,1.366255,1.366255,-1.0,-1.0,-1
2026-05-07 19:35:55-04:00,1.366255,1.366255,1.36625,1.36625,-1.0,-1.0,-1
2026-05-07 19:36:00-04:00,1.36625,1.366255,1.36625,1.366255,-1.0,-1.0,-1
2026-05-07 19:36:05-04:00,1.366255,1.366255,1.366255,1.366255,-1.0,-1.0,-1
2026-05-07 19:36:10-04:00,1.366255,1.366255,1.36625,1.36625,-1.0,-1.0,-1
2026-05-07 19:36:15-04:00,1.36625,1.36625,1.366245,1.366245,-1.0,-1.0,-1
2026-05-07 19:36:20-04:00,1.366245,1.366245,1.36624,1.366245,-1.0,-1.0,-1
2026-05-07 19:36:25-04:00,1.366245,1.36625,1.366245,1.366245,-1.0,-1.0,-1
2026-05-07 19:36:30-04:00,1.366245,1.36625,1.366245,1.36625,-1.0,-1.0,-1
2026-05-07 19:36:35-04:00,1.36625,1.36625,1.36625,1.36625,-1.0,-1.0,-1
2026-05-07 19:36:40-04:00,1.36625,1.36625,1.36625,1.36625,-1.0,-1.0,-1
2026-05-07 19:36:45-04:00,1.36625,1.36625,1.36625,1.36625,-1.0,-1.0,-1
2026-05-07 19:36:50-04:00,1.36625,1.36625,1.36625,1.36625,-1.0,-1.0,-1
2026-05-07 19:36:55-04:00,1.36625,1.36625,1.366245,1.36625,-1.0,-1.0,-1
2026-05-07 19:37:00-04:00,1.36625,1.366255,1.36625,1.366255,-1.0,-1.0,-1
2026-05-07 19:37:05-04:00,1.366255,1.366255,1.36625,1.36625,-1.0,-1.0,-1
2026-05-07 19:37:10-04:00,1.36625,1.36625,1.366245,1.366245,-1.0,-1.0,-1
2026-05-07 19:37:15-04:00,1.366245,1.366245,1.366245,1.366245,-1.0,-1.0,-1
2026-05-07 19:37:20-04:00,1.366245,1.366245,1.366245,1.366245,-1.0,-1.0,-1
2026-05-07 19:37:25-04:00,1.366245,1.36625,1.366245,1.36625,-1.0,-1.0,-1
2026-05-07 19:37:30-04:00,1.36625,1.36625,1.36625,1.36625,-1.0,-1.0,-1
2026-05-07 19:37:35-04:00,1.36625,1.36625,1.36625,1.36625,-1.0,-1.0,-1
2026-05-07 19:37:40-04:00,1.36625,1.36625,1.36625,1.36625,-1.0,-1.0,-1
2026-05-07 19:37:45-04:00,1.36625,1.36625,1.36625,1.36625,-1.0,-1.0,-1
2026-05-07 19:37:50-04:00,1.36625,1.36625,1.366245,1.366245,-1.0,-1.0,-1
2026-05-07 19:37:55-04:00,1.366245,1.366245,1.366245,1.366245,-1.0,-1.0,-1
2026-05-07 19:38:00-04:00,1.366245,1.366265,1.36624,1.366245,-1.0,-1.0,-1
2026-05-07 19:38:05-04:00,1.366245,1.366245,1.366245,1.366245,-1.0,-1.0,-1
2026-05-07 19:38:10-04:00,1.366245,1.366245,1.36624,1.366245,-1.0,-1.0,-1
2026-05-07 19:38:15-04:00,1.366245,1.366245,1.366245,1.366245,-1.0,-1.0,-1
2026-05-07 19:38:20-04:00,1.366245,1.366245,1.366245,1.366245,-1.0,-1.0,-1
2026-05-07 19:38:25-04:00,1.366245,1.366245,1.366245,1.366245,-1.0,-1.0,-1
2026-05-07 19:38:30-04:00,1.366245,1.366245,1.366245,1.366245,-1.0,-1.0,-1
2026-05-07 19:38:35-04:00,1.366245,1.366245,1.366245,1.366245,-1.0,-1.0,-1
2026-05-07 19:38:40-04:00,1.366245,1.366245,1.366245,1.366245,-1.0,-1.0,-1
2026-05-07 19:38:45-04:00,1.366245,1.366245,1.366245,1.366245,-1.0,-1.0,-1
2026-05-07 19:38:50-04:00,1.366245,1.366245,1.366245,1.366245,-1.0,-1.0,-1
2026-05-07 19:38:55-04:00,1.366245,1.366245,1.366245,1.366245,-1.0,-1.0,-1
2026-05-07 19:39:00-04:00,1.366245,1.366245,1.36624,1.36624,-1.0,-1.0,-1
2026-05-07 19:39:05-04:00,1.36624,1.366245,1.36624,1.366245,-1.0,-1.0,-1
2026-05-07 19:39:10-04:00,1.366245,1.366245,1.366245,1.366245,-1.0,-1.0,-1
2026-05-07 19:39:15-04:00,1.366245,1.366245,1.366245,1.366245,-1.0,-1.0,-1
2026-05-07 19:39:20-04:00,1.366245,1.36626,1.366245,1.366255,-1.0,-1.0,-1
2026-05-07 19:39:25-04:00,1.366255,1.366255,1.366255,1.366255,-1.0,-1.0,-1
2026-05-07 19:39:30-04:00,1.366255,1.366255,1.366255,1.366255,-1.0,-1.0,-1
2026-05-07 19:39:35-04:00,1.366255,1.366255,1.366255,1.366255,-1.0,-1.0,-1
2026-05-07 19:39:40-04:00,1.366255,1.366255,1.366255,1.366255,-1.0,-1.0,-1
2026-05-07 19:39:45-04:00,1.366255,1.366255,1.366245,1.366245,-1.0,-1.0,-1
2026-05-07 19:39:50-04:00,1.366245,1.366245,1.366245,1.366245,-1.0,-1.0,-1
2026-05-07 19:39:55-04:00,1.366245,1.366245,1.366245,1.366245,-1.0,-1.0,-1
2026-05-07 19:40:00-04:00,1.366245,1.366245,1.366245,1.366245,-1.0,-1.0,-1
2026-05-07 19:40:05-04:00,1.366245,1.366245,1.366245,1.366245,-1.0,-1.0,-1
2026-05-07 19:40:10-04:00,1.366245,1.366245,1.366245,1.366245,-1.0,-1.0,-1
2026-05-07 19:40:15-04:00,1.366245,1.366245,1.366245,1.366245,-1.0,-1.0,-1
2026-05-07 19:40:20-04:00,1.366245,1.366245,1.366245,1.366245,-1.0,-1.0,-1
2026-05-07 19:40:25-04:00,1.366245,1.366245,1.366245,1.366245,-1.0,-1.0,-1
2026-05-07 19:40:30-04:00,1.366245,1.366245,1.366245,1.366245,-1.0,-1.0,-1
2026-05-07 19:40:35-04:00,1.366245,1.366245,1.366245,1.366245,-1.0,-1.0,-1
2026-05-07 19:40:40-04:00,1.366245,1.366245,1.366245,1.366245,-1.0,-1.0,-1
2026-05-07 19:40:45-04:00,1.366245,1.366245,1.366245,1.366245,-1.0,-1.0,-1
2026-05-07 19:40:50-04:00,1.366245,1.366245,1.366245,1.366245,-1.0,-1.0,-1
2026-05-07 19:40:55-04:00,1.366245,1.366245,1.366245,1.366245,-1.0,-1.0,-1
2026-05-07 19:41:00-04:00,1.366245,1.366245,1.366245,1.366245,-1.0,-1.0,-1
2026-05-07 19:41:05-04:00,1.366245,1.366245,1.366245,1.366245,-1.0,-1.0,-1
2026-05-07 19:41:10-04:00,1.366245,1.366245,1.366245,1.366245,-1.0,-1.0,-1
2026-05-07 19:41:15-04:00,1.366245,1.366245,1.366245,1.366245,-1.0,-1.0,-1
2026-05-07 19:41:20-04:00,1.366245,1.366245,1.366245,1.366245,-1.0,-1.0,-1
2026-05-07 19:41:25-04:00,1.366245,1.366245,1.366245,1.366245,-1.0,-1.0,-1
2026-05-07 19:41:30-04:00,1.366245,1.366245,1.366245,1.366245,-1.0,-1.0,-1
2026-05-07 19:41:35-04:00,1.366245,1.366245,1.366245,1.366245,-1.0,-1.0,-1
2026-05-07 19:41:40-04:00,1.366245,1.366245,1.366245,1.366245,-1.0,-1.0,-1
2026-05-07 19:41:45-04:00,1.366245,1.366245,1.366245,1.366245,-1.0,-1.0,-1
2026-05-07 19:41:50-04:00,1.366245,1.366245,1.366245,1.366245,-1.0,-1.0,-1
2026-05-07 19:41:55-04:00,1.366245,1.366245,1.366245,1.366245,-1.0,-1.0,-1
2026-05-07 19:42:00-04:00,1.366245,1.366245,1.366245,1.366245,-1.0,-1.0,-1
2026-05-07 19:42:05-04:00,1.366245,1.366245,1.366245,1.366245,-1.0,-1.0,-1
2026-05-07 19:42:10-04:00,1.366245,1.366245,1.366245,1.366245,-1.0,-1.0,-1
2026-05-07 19:42:15-04:00,1.366245,1.366245,1.366245,1.366245,-1.0,-1.0,-1
2026-05-07 19:42:20-04:00,1.366245,1.36625,1.366245,1.36625,-1.0,-1.0,-1
2026-05-07 19:42:25-04:00,1.36625,1.366255,1.36625,1.366255,-1.0,-1.0,-1
2026-05-07 19:42:30-04:00,1.366255,1.366255,1.36625,1.36625,-1.0,-1.0,-1
2026-05-07 19:42:35-04:00,1.36625,1.36625,1.366245,1.366245,-1.0,-1.0,-1
2026-05-07 19:42:40-04:00,1.366245,1.36625,1.366245,1.36625,-1.0,-1.0,-1
2026-05-07 19:42:45-04:00,1.36625,1.36625,1.366245,1.36625,-1.0,-1.0,-1
2026-05-07 19:42:50-04:00,1.36625,1.36625,1.36625,1.36625,-1.0,-1.0,-1
2026-05-07 19:42:55-04:00,1.36625,1.36625,1.36624,1.36624,-1.0,-1.0,-1
2026-05-07 19:43:00-04:00,1.36624,1.366245,1.36624,1.366245,-1.0,-1.0,-1
2026-05-07 19:43:05-04:00,1.366245,1.36625,1.36624,1.36625,-1.0,-1.0,-1
2026-05-07 19:43:10-04:00,1.36625,1.36625,1.366155,1.366155,-1.0,-1.0,-1
2026-05-07 19:43:15-04:00,1.366155,1.366165,1.366155,1.366165,-1.0,-1.0,-1
2026-05-07 19:43:20-04:00,1.366165,1.36618,1.36616,1.366175,-1.0,-1.0,-1
2026-05-07 19:43:25-04:00,1.366175,1.366175,1.36617,1.366175,-1.0,-1.0,-1
2026-05-07 19:43:30-04:00,1.366175,1.366175,1.366175,1.366175,-1.0,-1.0,-1
2026-05-07 19:43:35-04:00,1.366175,1.366175,1.36617,1.36617,-1.0,-1.0,-1
2026-05-07 19:43:40-04:00,1.36617,1.366175,1.366165,1.366165,-1.0,-1.0,-1
2026-05-07 19:43:45-04:00,1.366165,1.366165,1.36616,1.36616,-1.0,-1.0,-1
2026-05-07 19:43:50-04:00,1.36616,1.366165,1.36616,1.366165,-1.0,-1.0,-1
2026-05-07 19:43:55-04:00,1.366165,1.366165,1.366165,1.366165,-1.0,-1.0,-1
2026-05-07 19:44:00-04:00,1.366165,1.366165,1.36616,1.36616,-1.0,-1.0,-1
2026-05-07 19:44:05-04:00,1.36616,1.36616,1.366155,1.366155,-1.0,-1.0,-1
2026-05-07 19:44:10-04:00,1.366155,1.366155,1.366155,1.366155,-1.0,-1.0,-1
2026-05-07 19:44:15-04:00,1.366155,1.366155,1.366155,1.366155,-1.0,-1.0,-1
2026-05-07 19:44:20-04:00,1.366155,1.36616,1.36615,1.36615,-1.0,-1.0,-1
2026-05-07 19:44:25-04:00,1.36615,1.36615,1.36615,1.36615,-1.0,-1.0,-1
2026-05-07 19:44:30-04:00,1.36615,1.36615,1.366145,1.36615,-1.0,-1.0,-1
2026-05-07 19:44:35-04:00,1.36615,1.36615,1.36615,1.36615,-1.0,-1.0,-1
2026-05-07 19:44:40-04:00,1.36615,1.36615,1.366145,1.36615,-1.0,-1.0,-1
2026-05-07 19:44:45-04:00,1.36615,1.36615,1.36614,1.36614,-1.0,-1.0,-1
2026-05-07 19:44:50-04:00,1.36614,1.366145,1.36614,1.366145,-1.0,-1.0,-1
2026-05-07 19:44:55-04:00,1.366145,1.366145,1.366145,1.366145,-1.0,-1.0,-1
2026-05-07 19:45:00-04:00,1.366145,1.366145,1.36613,1.36613,-1.0,-1.0,-1
2026-05-07 19:45:05-04:00,1.36613,1.366135,1.36613,1.366135,-1.0,-1.0,-1
2026-05-07 19:45:10-04:00,1.366135,1.366135,1.366135,1.366135,-1.0,-1.0,-1
2026-05-07 19:45:15-04:00,1.366135,1.36614,1.36613,1.36614,-1.0,-1.0,-1
2026-05-07 19:45:20-04:00,1.36614,1.36615,1.36614,1.366145,-1.0,-1.0,-1
2026-05-07 19:45:25-04:00,1.366145,1.366155,1.366145,1.366145,-1.0,-1.0,-1
2026-05-07 19:45:30-04:00,1.366145,1.366155,1.366145,1.366155,-1.0,-1.0,-1
2026-05-07 19:45:35-04:00,1.366155,1.366155,1.366155,1.366155,-1.0,-1.0,-1
2026-05-07 19:45:40-04:00,1.366155,1.366175,1.366155,1.366175,-1.0,-1.0,-1
2026-05-07 19:45:45-04:00,1.366175,1.366175,1.36616,1.36616,-1.0,-1.0,-1
2026-05-07 19:45:50-04:00,1.36616,1.36616,1.36615,1.36615,-1.0,-1.0,-1
2026-05-07 19:45:55-04:00,1.36615,1.366155,1.36615,1.366155,-1.0,-1.0,-1
2026-05-07 19:46:00-04:00,1.366155,1.366155,1.366145,1.366145,-1.0,-1.0,-1
2026-05-07 19:46:05-04:00,1.366145,1.366145,1.366135,1.36614,-1.0,-1.0,-1
2026-05-07 19:46:10-04:00,1.36614,1.36615,1.36614,1.36615,-1.0,-1.0,-1
2026-05-07 19:46:15-04:00,1.36615,1.36615,1.366135,1.366135,-1.0,-1.0,-1
2026-05-07 19:46:20-04:00,1.366135,1.366135,1.366135,1.366135,-1.0,-1.0,-1
2026-05-07 19:46:25-04:00,1.366135,1.366135,1.366135,1.366135,-1.0,-1.0,-1
2026-05-07 19:46:30-04:00,1.366135,1.366135,1.366135,1.366135,-1.0,-1.0,-1
2026-05-07 19:46:35-04:00,1.366135,1.366135,1.366135,1.366135,-1.0,-1.0,-1
2026-05-07 19:46:40-04:00,1.366135,1.366145,1.366135,1.366145,-1.0,-1.0,-1
2026-05-07 19:46:45-04:00,1.366145,1.366145,1.366145,1.366145,-1.0,-1.0,-1
2026-05-07 19:46:50-04:00,1.366145,1.366145,1.366145,1.366145,-1.0,-1.0,-1
2026-05-07 19:46:55-04:00,1.366145,1.366145,1.366135,1.366135,-1.0,-1.0,-1
2026-05-07 19:47:00-04:00,1.366135,1.366135,1.366135,1.366135,-1.0,-1.0,-1
2026-05-07 19:47:05-04:00,1.366135,1.366155,1.366135,1.36615,-1.0,-1.0,-1
2026-05-07 19:47:10-04:00,1.36615,1.36615,1.366145,1.366145,-1.0,-1.0,-1
2026-05-07 19:47:15-04:00,1.366145,1.366145,1.366145,1.366145,-1.0,-1.0,-1
2026-05-07 19:47:20-04:00,1.366145,1.36615,1.366145,1.36615,-1.0,-1.0,-1
2026-05-07 19:47:25-04:00,1.36615,1.36615,1.366145,1.366145,-1.0,-1.0,-1
2026-05-07 19:47:30-04:00,1.366145,1.36615,1.366145,1.36615,-1.0,-1.0,-1
2026-05-07 19:47:35-04:00,1.36615,1.366155,1.36615,1.366155,-1.0,-1.0,-1
2026-05-07 19:47:40-04:00,1.366155,1.366155,1.36615,1.36615,-1.0,-1.0,-1
2026-05-07 19:47:45-04:00,1.36615,1.36615,1.36615,1.36615,-1.0,-1.0,-1
2026-05-07 19:47:50-04:00,1.36615,1.366155,1.36614,1.366145,-1.0,-1.0,-1
2026-05-07 19:47:55-04:00,1.366145,1.366145,1.36613,1.36613,-1.0,-1.0,-1
2026-05-07 19:48:00-04:00,1.36613,1.36613,1.36613,1.36613,-1.0,-1.0,-1
2026-05-07 19:48:05-04:00,1.36613,1.36614,1.36613,1.366135,-1.0,-1.0,-1
2026-05-07 19:48:10-04:00,1.366135,1.366135,1.36613,1.36613,-1.0,-1.0,-1
2026-05-07 19:48:15-04:00,1.36613,1.36613,1.366125,1.36613,-1.0,-1.0,-1
2026-05-07 19:48:20-04:00,1.36613,1.36613,1.36613,1.36613,-1.0,-1.0,-1
2026-05-07 19:48:25-04:00,1.36613,1.36613,1.36613,1.36613,-1.0,-1.0,-1
2026-05-07 19:48:30-04:00,1.36613,1.36613,1.36613,1.36613,-1.0,-1.0,-1
2026-05-07 19:48:35-04:00,1.36613,1.36613,1.36613,1.36613,-1.0,-1.0,-1
2026-05-07 19:48:40-04:00,1.36613,1.36613,1.36613,1.36613,-1.0,-1.0,-1
2026-05-07 19:48:45-04:00,1.36613,1.36613,1.36613,1.36613,-1.0,-1.0,-1
2026-05-07 19:48:50-04:00,1.36613,1.366135,1.36613,1.366135,-1.0,-1.0,-1
2026-05-07 19:48:55-04:00,1.366135,1.366135,1.366135,1.366135,-1.0,-1.0,-1
2026-05-07 19:49:00-04:00,1.366135,1.366135,1.36613,1.366135,-1.0,-1.0,-1
2026-05-07 19:49:05-04:00,1.366135,1.366135,1.36611,1.36613,-1.0,-1.0,-1
2026-05-07 19:49:10-04:00,1.36613,1.366135,1.366105,1.366105,-1.0,-1.0,-1
2026-05-07 19:49:15-04:00,1.366105,1.36611,1.366105,1.366105,-1.0,-1.0,-1
2026-05-07 19:49:20-04:00,1.366105,1.366115,1.366105,1.366105,-1.0,-1.0,-1
2026-05-07 19:49:25-04:00,1.366105,1.366115,1.366105,1.366115,-1.0,-1.0,-1
2026-05-07 19:49:30-04:00,1.366115,1.366115,1.366105,1.36611,-1.0,-1.0,-1
2026-05-07 19:49:35-04:00,1.36611,1.36611,1.3661,1.36611,-1.0,-1.0,-1
2026-05-07 19:49:40-04:00,1.36611,1.366115,1.366105,1.366115,-1.0,-1.0,-1
2026-05-07 19:49:45-04:00,1.366115,1.36612,1.366115,1.366115,-1.0,-1.0,-1
2026-05-07 19:49:50-04:00,1.366115,1.366125,1.366115,1.36612,-1.0,-1.0,-1
2026-05-07 19:49:55-04:00,1.36612,1.36612,1.36606,1.366075,-1.0,-1.0,-1
2026-05-07 19:50:00-04:00,1.366075,1.366075,1.36607,1.36607,-1.0,-1.0,-1
2026-05-07 19:50:05-04:00,1.36607,1.36607,1.36606,1.36607,-1.0,-1.0,-1
2026-05-07 19:50:10-04:00,1.36607,1.36607,1.36607,1.36607,-1.0,-1.0,-1
2026-05-07 19:50:15-04:00,1.36607,1.36607,1.366055,1.366055,-1.0,-1.0,-1
2026-05-07 19:50:20-04:00,1.366055,1.366055,1.366045,1.366055,-1.0,-1.0,-1
2026-05-07 19:50:25-04:00,1.366055,1.366055,1.36597,1.365975,-1.0,-1.0,-1
2026-05-07 19:50:30-04:00,1.365975,1.36598,1.36597,1.36598,-1.0,-1.0,-1
2026-05-07 19:50:35-04:00,1.36598,1.36598,1.365965,1.365965,-1.0,-1.0,-1
2026-05-07 19:50:40-04:00,1.365965,1.365975,1.36596,1.36596,-1.0,-1.0,-1
2026-05-07 19:50:45-04:00,1.36596,1.36597,1.36596,1.36597,-1.0,-1.0,-1
2026-05-07 19:50:50-04:00,1.36597,1.36597,1.365965,1.36597,-1.0,-1.0,-1
2026-05-07 19:50:55-04:00,1.36597,1.365975,1.365965,1.365975,-1.0,-1.0,-1
2026-05-07 19:51:00-04:00,1.365975,1.36598,1.365965,1.36598,-1.0,-1.0,-1
2026-05-07 19:51:05-04:00,1.36598,1.36598,1.36597,1.36597,-1.0,-1.0,-1
2026-05-07 19:51:10-04:00,1.36597,1.365975,1.365965,1.365975,-1.0,-1.0,-1
2026-05-07 19:51:15-04:00,1.365975,1.36598,1.365965,1.365975,-1.0,-1.0,-1
2026-05-07 19:51:20-04:00,1.365975,1.365975,1.365965,1.365975,-1.0,-1.0,-1
2026-05-07 19:51:25-04:00,1.365975,1.36598,1.36597,1.36598,-1.0,-1.0,-1
2026-05-07 19:51:30-04:00,1.36598,1.36598,1.36598,1.36598,-1.0,-1.0,-1
2026-05-07 19:51:35-04:00,1.36598,1.36599,1.36598,1.36598,-1.0,-1.0,-1
2026-05-07 19:51:40-04:00,1.36598,1.36598,1.36598,1.36598,-1.0,-1.0,-1
2026-05-07 19:51:45-04:00,1.36598,1.36598,1.36598,1.36598,-1.0,-1.0,-1
2026-05-07 19:51:50-04:00,1.36598,1.36598,1.36598,1.36598,-1.0,-1.0,-1
2026-05-07 19:51:55-04:00,1.36598,1.36598,1.36598,1.36598,-1.0,-1.0,-1
2026-05-07 19:52:00-04:00,1.36598,1.36598,1.36598,1.36598,-1.0,-1.0,-1
2026-05-07 19:52:05-04:00,1.36598,1.36598,1.36598,1.36598,-1.0,-1.0,-1
2026-05-07 19:52:10-04:00,1.36598,1.36598,1.36598,1.36598,-1.0,-1.0,-1
2026-05-07 19:52:15-04:00,1.36598,1.36598,1.36598,1.36598,-1.0,-1.0,-1
2026-05-07 19:52:20-04:00,1.36598,1.36598,1.36598,1.36598,-1.0,-1.0,-1
2026-05-07 19:52:25-04:00,1.36598,1.36598,1.36597,1.365975,-1.0,-1.0,-1
2026-05-07 19:52:30-04:00,1.365975,1.365975,1.36597,1.365975,-1.0,-1.0,-1
2026-05-07 19:52:35-04:00,1.365975,1.36598,1.36597,1.365975,-1.0,-1.0,-1
2026-05-07 19:52:40-04:00,1.365975,1.36598,1.36597,1.36598,-1.0,-1.0,-1
2026-05-07 19:52:45-04:00,1.36598,1.36598,1.36597,1.36598,-1.0,-1.0,-1
2026-05-07 19:52:50-04:00,1.36598,1.36598,1.36597,1.365975,-1.0,-1.0,-1
2026-05-07 19:52:55-04:00,1.365975,1.36598,1.36597,1.36598,-1.0,-1.0,-1
2026-05-07 19:53:00-04:00,1.36598,1.36598,1.36597,1.36598,-1.0,-1.0,-1
2026-05-07 19:53:05-04:00,1.36598,1.365985,1.36597,1.365975,-1.0,-1.0,-1
2026-05-07 19:53:10-04:00,1.365975,1.365975,1.365965,1.365975,-1.0,-1.0,-1
2026-05-07 19:53:15-04:00,1.365975,1.365975,1.36597,1.365975,-1.0,-1.0,-1
2026-05-07 19:53:20-04:00,1.365975,1.365975,1.365965,1.36597,-1.0,-1.0,-1
2026-05-07 19:53:25-04:00,1.36597,1.36598,1.365965,1.365975,-1.0,-1.0,-1
2026-05-07 19:53:30-04:00,1.365975,1.365975,1.36597,1.365975,-1.0,-1.0,-1
2026-05-07 19:53:35-04:00,1.365975,1.36598,1.36597,1.36598,-1.0,-1.0,-1
2026-05-07 19:53:40-04:00,1.36598,1.36598,1.36597,1.36598,-1.0,-1.0,-1
2026-05-07 19:53:45-04:00,1.36598,1.36598,1.36598,1.36598,-1.0,-1.0,-1
2026-05-07 19:53:50-04:00,1.36598,1.36598,1.36598,1.36598,-1.0,-1.0,-1
2026-05-07 19:53:55-04:00,1.36598,1.36598,1.36598,1.36598,-1.0,-1.0,-1
2026-05-07 19:54:00-04:00,1.36598,1.36598,1.36597,1.365975,-1.0,-1.0,-1
2026-05-07 19:54:05-04:00,1.365975,1.365975,1.36597,1.365975,-1.0,-1.0,-1
2026-05-07 19:54:10-04:00,1.365975,1.365975,1.36597,1.365975,-1.0,-1.0,-1
2026-05-07 19:54:15-04:00,1.365975,1.365975,1.36597,1.365975,-1.0,-1.0,-1
2026-05-07 19:54:20-04:00,1.365975,1.365975,1.36597,1.365975,-1.0,-1.0,-1
2026-05-07 19:54:25-04:00,1.365975,1.365975,1.36597,1.365975,-1.0,-1.0,-1
2026-05-07 19:54:30-04:00,1.365975,1.365975,1.36597,1.365975,-1.0,-1.0,-1
2026-05-07 19:54:35-04:00,1.365975,1.365975,1.36597,1.365975,-1.0,-1.0,-1
2026-05-07 19:54:40-04:00,1.365975,1.365975,1.36597,1.365975,-1.0,-1.0,-1
2026-05-07 19:54:45-04:00,1.365975,1.36598,1.36597,1.365975,-1.0,-1.0,-1
2026-05-07 19:54:50-04:00,1.365975,1.365975,1.36597,1.365975,-1.0,-1.0,-1
2026-05-07 19:54:55-04:00,1.365975,1.365975,1.36597,1.365975,-1.0,-1.0,-1
2026-05-07 19:55:00-04:00,1.365975,1.365975,1.36597,1.365975,-1.0,-1.0,-1
2026-05-07 19:55:05-04:00,1.365975,1.365975,1.36597,1.365975,-1.0,-1.0,-1
2026-05-07 19:55:10-04:00,1.365975,1.365975,1.36597,1.365975,-1.0,-1.0,-1
2026-05-07 19:55:15-04:00,1.365975,1.365975,1.36597,1.365975,-1.0,-1.0,-1
2026-05-07 19:55:20-04:00,1.365975,1.365975,1.36597,1.365975,-1.0,-1.0,-1
2026-05-07 19:55:25-04:00,1.365975,1.365975,1.36597,1.365975,-1.0,-1.0,-1
2026-05-07 19:55:30-04:00,1.365975,1.36598,1.36597,1.36598,-1.0,-1.0,-1
2026-05-07 19:55:35-04:00,1.36598,1.366085,1.36598,1.36608,-1.0,-1.0,-1
2026-05-07 19:55:40-04:00,1.36608,1.366085,1.36608,1.366085,-1.0,-1.0,-1
2026-05-07 19:55:45-04:00,1.366085,1.366085,1.366085,1.366085,-1.0,-1.0,-1
2026-05-07 19:55:50-04:00,1.366085,1.366085,1.366085,1.366085,-1.0,-1.0,-1
2026-05-07 19:55:55-04:00,1.366085,1.366105,1.36608,1.36609,-1.0,-1.0,-1
2026-05-07 19:56:00-04:00,1.36609,1.36619,1.36609,1.366165,-1.0,-1.0,-1
2026-05-07 19:56:05-04:00,1.366165,1.36617,1.36616,1.36617,-1.0,-1.0,-1
2026-05-07 19:56:10-04:00,1.36617,1.366175,1.36617,1.366175,-1.0,-1.0,-1
2026-05-07 19:56:15-04:00,1.366175,1.366175,1.366175,1.366175,-1.0,-1.0,-1
2026-05-07 19:56:20-04:00,1.366175,1.366175,1.366175,1.366175,-1.0,-1.0,-1
2026-05-07 19:56:25-04:00,1.366175,1.3662,1.366175,1.3662,-1.0,-1.0,-1
2026-05-07 19:56:30-04:00,1.3662,1.36625,1.3662,1.3662,-1.0,-1.0,-1
2026-05-07 19:56:35-04:00,1.3662,1.3662,1.3662,1.3662,-1.0,-1.0,-1
2026-05-07 19:56:40-04:00,1.3662,1.3662,1.3662,1.3662,-1.0,-1.0,-1
2026-05-07 19:56:45-04:00,1.3662,1.36621,1.3662,1.36621,-1.0,-1.0,-1
2026-05-07 19:56:50-04:00,1.36621,1.366215,1.36621,1.36621,-1.0,-1.0,-1
2026-05-07 19:56:55-04:00,1.36621,1.36622,1.366195,1.366195,-1.0,-1.0,-1
2026-05-07 19:57:00-04:00,1.366195,1.366195,1.366155,1.366155,-1.0,-1.0,-1
2026-05-07 19:57:05-04:00,1.366155,1.366155,1.36606,1.366065,-1.0,-1.0,-1
2026-05-07 19:57:10-04:00,1.366065,1.36608,1.36606,1.36608,-1.0,-1.0,-1
2026-05-07 19:57:15-04:00,1.36608,1.366105,1.366075,1.366105,-1.0,-1.0,-1
2026-05-07 19:57:20-04:00,1.366105,1.36611,1.3661,1.36611,-1.0,-1.0,-1
2026-05-07 19:57:25-04:00,1.36611,1.366115,1.366105,1.36611,-1.0,-1.0,-1
2026-05-07 19:57:30-04:00,1.36611,1.36614,1.3661,1.3661,-1.0,-1.0,-1
2026-05-07 19:57:35-04:00,1.3661,1.36612,1.3661,1.366115,-1.0,-1.0,-1
2026-05-07 19:57:40-04:00,1.366115,1.366115,1.36606,1.366065,-1.0,-1.0,-1
2026-05-07 19:57:45-04:00,1.366065,1.366085,1.36606,1.366075,-1.0,-1.0,-1
2026-05-07 19:57:50-04:00,1.366075,1.36612,1.366075,1.36612,-1.0,-1.0,-1
2026-05-07 19:57:55-04:00,1.36612,1.366125,1.36612,1.366125,-1.0,-1.0,-1
2026-05-07 19:58:00-04:00,1.366125,1.36613,1.366105,1.366125,-1.0,-1.0,-1
2026-05-07 19:58:05-04:00,1.366125,1.366125,1.36611,1.366125,-1.0,-1.0,-1
2026-05-07 19:58:10-04:00,1.366125,1.36613,1.366095,1.366095,-1.0,-1.0,-1
2026-05-07 19:58:15-04:00,1.366095,1.366095,1.366075,1.366085,-1.0,-1.0,-1
2026-05-07 19:58:20-04:00,1.366085,1.36609,1.366085,1.36609,-1.0,-1.0,-1
2026-05-07 19:58:25-04:00,1.36609,1.36609,1.366085,1.366085,-1.0,-1.0,-1
2026-05-07 19:58:30-04:00,1.366085,1.366095,1.366085,1.366095,-1.0,-1.0,-1
2026-05-07 19:58:35-04:00,1.366095,1.366105,1.366085,1.366105,-1.0,-1.0,-1
2026-05-07 19:58:40-04:00,1.366105,1.36611,1.36609,1.36609,-1.0,-1.0,-1
2026-05-07 19:58:45-04:00,1.36609,1.36611,1.366085,1.366105,-1.0,-1.0,-1
2026-05-07 19:58:50-04:00,1.366105,1.36613,1.366105,1.366125,-1.0,-1.0,-1
2026-05-07 19:58:55-04:00,1.366125,1.366175,1.36612,1.366175,-1.0,-1.0,-1
2026-05-07 19:59:00-04:00,1.366175,1.366175,1.366155,1.366155,-1.0,-1.0,-1
2026-05-07 19:59:05-04:00,1.366155,1.36616,1.366145,1.366145,-1.0,-1.0,-1
2026-05-07 19:59:10-04:00,1.366145,1.366145,1.36612,1.366125,-1.0,-1.0,-1
2026-05-07 19:59:15-04:00,1.366125,1.36613,1.36612,1.36613,-1.0,-1.0,-1
2026-05-07 19:59:20-04:00,1.36613,1.36613,1.36612,1.366125,-1.0,-1.0,-1
2026-05-07 19:59:25-04:00,1.366125,1.36613,1.366115,1.366115,-1.0,-1.0,-1
2026-05-07 19:59:30-04:00,1.366115,1.366155,1.366115,1.366155,-1.0,-1.0,-1
2026-05-07 19:59:35-04:00,1.366155,1.366155,1.366135,1.366135,-1.0,-1.0,-1
2026-05-07 19:59:40-04:00,1.366135,1.366135,1.366095,1.366105,-1.0,-1.0,-1
2026-05-07 19:59:45-04:00,1.366105,1.366105,1.36609,1.366095,-1.0,-1.0,-1
2026-05-07 19:59:50-04:00,1.366095,1.366105,1.366075,1.366105,-1.0,-1.0,-1
2026-05-07 19:59:55-04:00,1.366105,1.366115,1.366085,1.366115,-1.0,-1.0,-1
2026-05-07 20:00:00-04:00,1.366115,1.366115,1.366035,1.366035,-1.0,-1.0,-1
2026-05-07 20:00:05-04:00,1.366035,1.366045,1.366,1.366045,-1.0,-1.0,-1
2026-05-07 20:00:10-04:00,1.366045,1.366045,1.36603,1.366035,-1.0,-1.0,-1
2026-05-07 20:00:15-04:00,1.366035,1.36606,1.36603,1.366035,-1.0,-1.0,-1
2026-05-07 20:00:20-04:00,1.366035,1.36604,1.366005,1.36602,-1.0,-1.0,-1
2026-05-07 20:00:25-04:00,1.36602,1.36602,1.366015,1.36602,-1.0,-1.0,-1
2026-05-07 20:00:30-04:00,1.36602,1.36604,1.366,1.366025,-1.0,-1.0,-1
2026-05-07 20:00:35-04:00,1.366025,1.366045,1.36602,1.36602,-1.0,-1.0,-1
2026-05-07 20:00:40-04:00,1.36602,1.366025,1.366015,1.36602,-1.0,-1.0,-1
2026-05-07 20:00:45-04:00,1.36602,1.366065,1.36602,1.366065,-1.0,-1.0,-1
2026-05-07 20:00:50-04:00,1.366065,1.36608,1.36606,1.366075,-1.0,-1.0,-1
2026-05-07 20:00:55-04:00,1.366075,1.366075,1.36603,1.36603,-1.0,-1.0,-1
2026-05-07 20:01:00-04:00,1.36603,1.36607,1.36602,1.36603,-1.0,-1.0,-1
2026-05-07 20:01:05-04:00,1.36603,1.366035,1.366025,1.36603,-1.0,-1.0,-1
2026-05-07 20:01:10-04:00,1.36603,1.366035,1.365985,1.36599,-1.0,-1.0,-1
2026-05-07 20:01:15-04:00,1.36599,1.36599,1.36596,1.365965,-1.0,-1.0,-1
2026-05-07 20:01:20-04:00,1.365965,1.365985,1.365965,1.365985,-1.0,-1.0,-1
2026-05-07 20:01:25-04:00,1.365985,1.365985,1.36597,1.365985,-1.0,-1.0,-1
2026-05-07 20:01:30-04:00,1.365985,1.36599,1.36596,1.36598,-1.0,-1.0,-1
2026-05-07 20:01:35-04:00,1.36598,1.365985,1.36597,1.36598,-1.0,-1.0,-1
2026-05-07 20:01:40-04:00,1.36598,1.365985,1.365965,1.365985,-1.0,-1.0,-1
2026-05-07 20:01:45-04:00,1.365985,1.365985,1.365985,1.365985,-1.0,-1.0,-1
2026-05-07 20:01:50-04:00,1.365985,1.36603,1.36598,1.36602,-1.0,-1.0,-1
2026-05-07 20:01:55-04:00,1.36602,1.366025,1.36602,1.366025,-1.0,-1.0,-1
2026-05-07 20:02:00-04:00,1.366025,1.366135,1.366025,1.366125,-1.0,-1.0,-1
2026-05-07 20:02:05-04:00,1.366125,1.366135,1.36611,1.366115,-1.0,-1.0,-1
2026-05-07 20:02:10-04:00,1.366115,1.36613,1.366115,1.36613,-1.0,-1.0,-1
2026-05-07 20:02:15-04:00,1.36613,1.36613,1.36606,1.36607,-1.0,-1.0,-1
2026-05-07 20:02:20-04:00,1.36607,1.36607,1.36604,1.366045,-1.0,-1.0,-1
2026-05-07 20:02:25-04:00,1.366045,1.366065,1.366045,1.366065,-1.0,-1.0,-1
2026-05-07 20:02:30-04:00,1.366065,1.36608,1.36606,1.36608,-1.0,-1.0,-1
2026-05-07 20:02:35-04:00,1.36608,1.36608,1.36606,1.366065,-1.0,-1.0,-1
2026-05-07 20:02:40-04:00,1.366065,1.366065,1.366055,1.366055,-1.0,-1.0,-1
2026-05-07 20:02:45-04:00,1.366055,1.366055,1.366035,1.366035,-1.0,-1.0,-1
2026-05-07 20:02:50-04:00,1.366035,1.36604,1.366035,1.36604,-1.0,-1.0,-1
2026-05-07 20:02:55-04:00,1.36604,1.36605,1.36603,1.366045,-1.0,-1.0,-1
2026-05-07 20:03:00-04:00,1.366045,1.366045,1.36604,1.36604,-1.0,-1.0,-1
2026-05-07 20:03:05-04:00,1.36604,1.36607,1.36604,1.36607,-1.0,-1.0,-1
2026-05-07 20:03:10-04:00,1.36607,1.36607,1.36607,1.36607,-1.0,-1.0,-1
2026-05-07 20:03:15-04:00,1.36607,1.36607,1.36607,1.36607,-1.0,-1.0,-1
2026-05-07 20:03:20-04:00,1.36607,1.36607,1.366025,1.366025,-1.0,-1.0,-1
2026-05-07 20:03:25-04:00,1.366025,1.36607,1.36602,1.36607,-1.0,-1.0,-1
2026-05-07 20:03:30-04:00,1.36607,1.36607,1.36605,1.366055,-1.0,-1.0,-1
2026-05-07 20:03:35-04:00,1.366055,1.366055,1.366045,1.366045,-1.0,-1.0,-1
2026-05-07 20:03:40-04:00,1.366045,1.36605,1.366045,1.36605,-1.0,-1.0,-1
2026-05-07 20:03:45-04:00,1.36605,1.366075,1.366045,1.36607,-1.0,-1.0,-1
2026-05-07 20:03:50-04:00,1.36607,1.366115,1.36607,1.36611,-1.0,-1.0,-1
2026-05-07 20:03:55-04:00,1.36611,1.36611,1.36611,1.36611,-1.0,-1.0,-1
2026-05-07 20:04:00-04:00,1.36611,1.366125,1.36611,1.366115,-1.0,-1.0,-1
2026-05-07 20:04:05-04:00,1.366115,1.36613,1.36611,1.366125,-1.0,-1.0,-1
2026-05-07 20:04:10-04:00,1.366125,1.366125,1.36612,1.366125,-1.0,-1.0,-1
2026-05-07 20:04:15-04:00,1.366125,1.366125,1.36611,1.366115,-1.0,-1.0,-1
2026-05-07 20:04:20-04:00,1.366115,1.36612,1.366115,1.366115,-1.0,-1.0,-1
2026-05-07 20:04:25-04:00,1.366115,1.366115,1.366115,1.366115,-1.0,-1.0,-1
2026-05-07 20:04:30-04:00,1.366115,1.366115,1.36606,1.36607,-1.0,-1.0,-1
2026-05-07 20:04:35-04:00,1.36607,1.366085,1.36607,1.366085,-1.0,-1.0,-1
2026-05-07 20:04:40-04:00,1.366085,1.366125,1.366085,1.366125,-1.0,-1.0,-1
2026-05-07 20:04:45-04:00,1.366125,1.366125,1.366115,1.366125,-1.0,-1.0,-1
2026-05-07 20:04:50-04:00,1.366125,1.366125,1.366115,1.36612,-1.0,-1.0,-1
2026-05-07 20:04:55-04:00,1.36612,1.366125,1.36611,1.36611,-1.0,-1.0,-1
2026-05-07 20:05:00-04:00,1.36611,1.36611,1.366095,1.366105,-1.0,-1.0,-1
2026-05-07 20:05:05-04:00,1.366105,1.36612,1.366105,1.366115,-1.0,-1.0,-1
2026-05-07 20:05:10-04:00,1.366115,1.366115,1.366075,1.36608,-1.0,-1.0,-1
2026-05-07 20:05:15-04:00,1.36608,1.366085,1.36608,1.366085,-1.0,-1.0,-1
2026-05-07 20:05:20-04:00,1.366085,1.36609,1.36608,1.36608,-1.0,-1.0,-1
2026-05-07 20:05:25-04:00,1.36608,1.366085,1.36608,1.36608,-1.0,-1.0,-1
2026-05-07 20:05:30-04:00,1.36608,1.366095,1.366075,1.366075,-1.0,-1.0,-1
2026-05-07 20:05:35-04:00,1.366075,1.366085,1.36607,1.366075,-1.0,-1.0,-1
2026-05-07 20:05:40-04:00,1.366075,1.36608,1.36607,1.366075,-1.0,-1.0,-1
2026-05-07 20:05:45-04:00,1.366075,1.36608,1.366075,1.36608,-1.0,-1.0,-1
2026-05-07 20:05:50-04:00,1.36608,1.36608,1.36605,1.36605,-1.0,-1.0,-1
2026-05-07 20:05:55-04:00,1.36605,1.36605,1.366045,1.366045,-1.0,-1.0,-1
2026-05-07 20:06:00-04:00,1.366045,1.366055,1.366025,1.366035,-1.0,-1.0,-1
2026-05-07 20:06:05-04:00,1.366035,1.36604,1.366035,1.366035,-1.0,-1.0,-1
2026-05-07 20:06:10-04:00,1.366035,1.366035,1.36603,1.366035,-1.0,-1.0,-1
2026-05-07 20:06:15-04:00,1.366035,1.36604,1.366035,1.366035,-1.0,-1.0,-1
2026-05-07 20:06:20-04:00,1.366035,1.366035,1.366025,1.366035,-1.0,-1.0,-1
2026-05-07 20:06:25-04:00,1.366035,1.366035,1.36602,1.36603,-1.0,-1.0,-1
2026-05-07 20:06:30-04:00,1.36603,1.36603,1.365905,1.365925,-1.0,-1.0,-1
2026-05-07 20:06:35-04:00,1.365925,1.365925,1.36589,1.36592,-1.0,-1.0,-1
2026-05-07 20:06:40-04:00,1.36592,1.365955,1.36592,1.365945,-1.0,-1.0,-1
2026-05-07 20:06:45-04:00,1.365945,1.365955,1.36594,1.365955,-1.0,-1.0,-1
2026-05-07 20:06:50-04:00,1.365955,1.365955,1.36592,1.36592,-1.0,-1.0,-1
2026-05-07 20:06:55-04:00,1.36592,1.36592,1.36589,1.36589,-1.0,-1.0,-1
2026-05-07 20:07:00-04:00,1.36589,1.36589,1.36588,1.36589,-1.0,-1.0,-1
2026-05-07 20:07:05-04:00,1.36589,1.36589,1.36589,1.36589,-1.0,-1.0,-1
2026-05-07 20:07:10-04:00,1.36589,1.36589,1.365875,1.365875,-1.0,-1.0,-1
2026-05-07 20:07:15-04:00,1.365875,1.365885,1.36587,1.36588,-1.0,-1.0,-1
2026-05-07 20:07:20-04:00,1.36588,1.365885,1.365825,1.365825,-1.0,-1.0,-1
2026-05-07 20:07:25-04:00,1.365825,1.365825,1.3658,1.3658,-1.0,-1.0,-1
2026-05-07 20:07:30-04:00,1.3658,1.36582,1.3658,1.36582,-1.0,-1.0,-1
2026-05-07 20:07:35-04:00,1.36582,1.36583,1.36582,1.36583,-1.0,-1.0,-1
2026-05-07 20:07:40-04:00,1.36583,1.36584,1.36579,1.3658,-1.0,-1.0,-1
2026-05-07 20:07:45-04:00,1.3658,1.3658,1.36572,1.36573,-1.0,-1.0,-1
2026-05-07 20:07:50-04:00,1.36573,1.365755,1.3657,1.365705,-1.0,-1.0,-1
2026-05-07 20:07:55-04:00,1.365705,1.365745,1.36569,1.365745,-1.0,-1.0,-1
2026-05-07 20:08:00-04:00,1.365745,1.36575,1.365745,1.365745,-1.0,-1.0,-1
2026-05-07 20:08:05-04:00,1.365745,1.36577,1.3657,1.3657,-1.0,-1.0,-1
2026-05-07 20:08:10-04:00,1.3657,1.3657,1.365695,1.365695,-1.0,-1.0,-1
2026-05-07 20:08:15-04:00,1.365695,1.365695,1.365695,1.365695,-1.0,-1.0,-1
2026-05-07 20:08:20-04:00,1.365695,1.3657,1.365695,1.3657,-1.0,-1.0,-1
2026-05-07 20:08:25-04:00,1.3657,1.36573,1.3657,1.36571,-1.0,-1.0,-1
2026-05-07 20:08:30-04:00,1.36571,1.36573,1.3657,1.36572,-1.0,-1.0,-1
2026-05-07 20:08:35-04:00,1.36572,1.36572,1.365685,1.36569,-1.0,-1.0,-1
2026-05-07 20:08:40-04:00,1.36569,1.3657,1.36569,1.36569,-1.0,-1.0,-1
2026-05-07 20:08:45-04:00,1.36569,1.3657,1.36569,1.3657,-1.0,-1.0,-1
2026-05-07 20:08:50-04:00,1.3657,1.3657,1.365695,1.3657,-1.0,-1.0,-1
2026-05-07 20:08:55-04:00,1.3657,1.36573,1.3657,1.36573,-1.0,-1.0,-1
2026-05-07 20:09:00-04:00,1.36573,1.36573,1.36572,1.365725,-1.0,-1.0,-1
2026-05-07 20:09:05-04:00,1.365725,1.36573,1.365695,1.3657,-1.0,-1.0,-1
2026-05-07 20:09:10-04:00,1.3657,1.3657,1.3657,1.3657,-1.0,-1.0,-1
2026-05-07 20:09:15-04:00,1.3657,1.3657,1.365695,1.3657,-1.0,-1.0,-1
2026-05-07 20:09:20-04:00,1.3657,1.365775,1.3657,1.365765,-1.0,-1.0,-1
2026-05-07 20:09:25-04:00,1.365765,1.36579,1.365765,1.36579,-1.0,-1.0,-1
2026-05-07 20:09:30-04:00,1.36579,1.365795,1.365775,1.36578,-1.0,-1.0,-1
2026-05-07 20:09:35-04:00,1.36578,1.36578,1.365775,1.365775,-1.0,-1.0,-1
2026-05-07 20:09:40-04:00,1.365775,1.36578,1.365765,1.365765,-1.0,-1.0,-1
2026-05-07 20:09:45-04:00,1.365765,1.36577,1.36575,1.365755,-1.0,-1.0,-1
2026-05-07 20:09:50-04:00,1.365755,1.365755,1.365735,1.365735,-1.0,-1.0,-1
2026-05-07 20:09:55-04:00,1.365735,1.36574,1.365735,1.36574,-1.0,-1.0,-1
2026-05-07 20:10:00-04:00,1.36574,1.365745,1.365705,1.365745,-1.0,-1.0,-1
2026-05-07 20:10:05-04:00,1.365745,1.36577,1.365745,1.36576,-1.0,-1.0,-1
2026-05-07 20:10:10-04:00,1.36576,1.36576,1.36576,1.36576,-1.0,-1.0,-1
2026-05-07 20:10:15-04:00,1.36576,1.36577,1.36576,1.36576,-1.0,-1.0,-1
2026-05-07 20:10:20-04:00,1.36576,1.365775,1.36576,1.365775,-1.0,-1.0,-1
2026-05-07 20:10:25-04:00,1.365775,1.36578,1.365755,1.365755,-1.0,-1.0,-1
2026-05-07 20:10:30-04:00,1.365755,1.36576,1.365755,1.365755,-1.0,-1.0,-1
2026-05-07 20:10:35-04:00,1.365755,1.36576,1.365755,1.365755,-1.0,-1.0,-1
2026-05-07 20:10:40-04:00,1.365755,1.36576,1.365745,1.36575,-1.0,-1.0,-1
2026-05-07 20:10:45-04:00,1.36575,1.36575,1.365745,1.365745,-1.0,-1.0,-1
2026-05-07 20:10:50-04:00,1.365745,1.365745,1.365745,1.365745,-1.0,-1.0,-1
2026-05-07 20:10:55-04:00,1.365745,1.365745,1.365745,1.365745,-1.0,-1.0,-1
2026-05-07 20:11:00-04:00,1.365745,1.365745,1.365745,1.365745,-1.0,-1.0,-1
2026-05-07 20:11:05-04:00,1.365745,1.365745,1.365745,1.365745,-1.0,-1.0,-1
2026-05-07 20:11:10-04:00,1.365745,1.365775,1.365745,1.365775,-1.0,-1.0,-1
2026-05-07 20:11:15-04:00,1.365775,1.365775,1.365765,1.365765,-1.0,-1.0,-1
2026-05-07 20:11:20-04:00,1.365765,1.365775,1.36576,1.365765,-1.0,-1.0,-1
2026-05-07 20:11:25-04:00,1.365765,1.365775,1.365755,1.365755,-1.0,-1.0,-1
2026-05-07 20:11:30-04:00,1.365755,1.36577,1.365755,1.365755,-1.0,-1.0,-1
2026-05-07 20:11:35-04:00,1.365755,1.36576,1.365755,1.36576,-1.0,-1.0,-1
2026-05-07 20:11:40-04:00,1.36576,1.36577,1.365755,1.365755,-1.0,-1.0,-1
2026-05-07 20:11:45-04:00,1.365755,1.36577,1.36575,1.36575,-1.0,-1.0,-1
2026-05-07 20:11:50-04:00,1.36575,1.36577,1.36575,1.365765,-1.0,-1.0,-1
2026-05-07 20:11:55-04:00,1.365765,1.36577,1.36568,1.36568,-1.0,-1.0,-1
2026-05-07 20:12:00-04:00,1.36568,1.36573,1.36567,1.36567,-1.0,-1.0,-1
2026-05-07 20:12:05-04:00,1.36567,1.365685,1.365665,1.36568,-1.0,-1.0,-1
2026-05-07 20:12:10-04:00,1.36568,1.36569,1.36568,1.36569,-1.0,-1.0,-1
2026-05-07 20:12:15-04:00,1.36569,1.365695,1.365685,1.365695,-1.0,-1.0,-1
2026-05-07 20:12:20-04:00,1.365695,1.36574,1.365695,1.365735,-1.0,-1.0,-1
2026-05-07 20:12:25-04:00,1.365735,1.36575,1.36573,1.36575,-1.0,-1.0,-1
2026-05-07 20:12:30-04:00,1.36575,1.36575,1.36573,1.365735,-1.0,-1.0,-1
2026-05-07 20:12:35-04:00,1.365735,1.36576,1.36573,1.36576,-1.0,-1.0,-1
2026-05-07 20:12:40-04:00,1.36576,1.36576,1.365755,1.365755,-1.0,-1.0,-1
2026-05-07 20:12:45-04:00,1.365755,1.36576,1.365755,1.365755,-1.0,-1.0,-1
2026-05-07 20:12:50-04:00,1.365755,1.36576,1.36573,1.36573,-1.0,-1.0,-1
2026-05-07 20:12:55-04:00,1.36573,1.36574,1.36573,1.36574,-1.0,-1.0,-1
2026-05-07 20:13:00-04:00,1.36574,1.365795,1.365735,1.365785,-1.0,-1.0,-1
2026-05-07 20:13:05-04:00,1.365785,1.365785,1.36576,1.365765,-1.0,-1.0,-1
2026-05-07 20:13:10-04:00,1.365765,1.365775,1.36576,1.365765,-1.0,-1.0,-1
2026-05-07 20:13:15-04:00,1.365765,1.36578,1.365765,1.365765,-1.0,-1.0,-1
2026-05-07 20:13:20-04:00,1.365765,1.365775,1.365755,1.36576,-1.0,-1.0,-1
2026-05-07 20:13:25-04:00,1.36576,1.36581,1.365755,1.36581,-1.0,-1.0,-1
2026-05-07 20:13:30-04:00,1.36581,1.365815,1.365805,1.365815,-1.0,-1.0,-1
2026-05-07 20:13:35-04:00,1.365815,1.365815,1.36579,1.3658,-1.0,-1.0,-1
2026-05-07 20:13:40-04:00,1.3658,1.3658,1.365775,1.36579,-1.0,-1.0,-1
2026-05-07 20:13:45-04:00,1.36579,1.365795,1.365775,1.36578,-1.0,-1.0,-1
2026-05-07 20:13:50-04:00,1.36578,1.365795,1.36577,1.365795,-1.0,-1.0,-1
2026-05-07 20:13:55-04:00,1.365795,1.365795,1.365785,1.365795,-1.0,-1.0,-1
2026-05-07 20:14:00-04:00,1.365795,1.365795,1.36577,1.36578,-1.0,-1.0,-1
2026-05-07 20:14:05-04:00,1.36578,1.365795,1.36578,1.365795,-1.0,-1.0,-1
2026-05-07 20:14:10-04:00,1.365795,1.365795,1.365785,1.365795,-1.0,-1.0,-1
2026-05-07 20:14:15-04:00,1.365795,1.365845,1.36579,1.36584,-1.0,-1.0,-1
2026-05-07 20:14:20-04:00,1.36584,1.36584,1.365835,1.36584,-1.0,-1.0,-1
2026-05-07 20:14:25-04:00,1.36584,1.365845,1.365835,1.36584,-1.0,-1.0,-1
2026-05-07 20:14:30-04:00,1.36584,1.36584,1.36581,1.36581,-1.0,-1.0,-1
2026-05-07 20:14:35-04:00,1.36581,1.36581,1.36578,1.36578,-1.0,-1.0,-1
2026-05-07 20:14:40-04:00,1.36578,1.3658,1.36578,1.3658,-1.0,-1.0,-1
2026-05-07 20:14:45-04:00,1.3658,1.36583,1.3658,1.365825,-1.0,-1.0,-1
2026-05-07 20:14:50-04:00,1.365825,1.36583,1.3658,1.3658,-1.0,-1.0,-1
2026-05-07 20:14:55-04:00,1.3658,1.365815,1.3658,1.3658,-1.0,-1.0,-1
2026-05-07 20:15:00-04:00,1.3658,1.36585,1.3658,1.36585,-1.0,-1.0,-1
2026-05-07 20:15:05-04:00,1.36585,1.36585,1.36584,1.365845,-1.0,-1.0,-1
2026-05-07 20:15:10-04:00,1.365845,1.36586,1.365845,1.365855,-1.0,-1.0,-1
2026-05-07 20:15:15-04:00,1.365855,1.365915,1.36585,1.365915,-1.0,-1.0,-1
2026-05-07 20:15:20-04:00,1.365915,1.365915,1.36589,1.36589,-1.0,-1.0,-1
2026-05-07 20:15:25-04:00,1.36589,1.3659,1.36589,1.365895,-1.0,-1.0,-1
2026-05-07 20:15:30-04:00,1.365895,1.3659,1.36589,1.36589,-1.0,-1.0,-1
2026-05-07 20:15:35-04:00,1.36589,1.365895,1.36589,1.365895,-1.0,-1.0,-1
2026-05-07 20:15:40-04:00,1.365895,1.365965,1.36589,1.365965,-1.0,-1.0,-1
2026-05-07 20:15:45-04:00,1.365965,1.36597,1.36596,1.36597,-1.0,-1.0,-1
2026-05-07 20:15:50-04:00,1.36597,1.365975,1.365935,1.365945,-1.0,-1.0,-1
2026-05-07 20:15:55-04:00,1.365945,1.36595,1.365915,1.36592,-1.0,-1.0,-1
2026-05-07 20:16:00-04:00,1.36592,1.36593,1.36592,1.365925,-1.0,-1.0,-1
2026-05-07 20:16:05-04:00,1.365925,1.36594,1.365925,1.36594,-1.0,-1.0,-1
2026-05-07 20:16:10-04:00,1.36594,1.365955,1.36594,1.36594,-1.0,-1.0,-1
2026-05-07 20:16:15-04:00,1.36594,1.365955,1.36594,1.36594,-1.0,-1.0,-1
2026-05-07 20:16:20-04:00,1.36594,1.36595,1.36594,1.36594,-1.0,-1.0,-1
2026-05-07 20:16:25-04:00,1.36594,1.36594,1.36594,1.36594,-1.0,-1.0,-1
2026-05-07 20:16:30-04:00,1.36594,1.365955,1.365935,1.365955,-1.0,-1.0,-1
2026-05-07 20:16:35-04:00,1.365955,1.365985,1.365955,1.36598,-1.0,-1.0,-1
2026-05-07 20:16:40-04:00,1.36598,1.36599,1.365965,1.36597,-1.0,-1.0,-1
2026-05-07 20:16:45-04:00,1.36597,1.36598,1.36594,1.36594,-1.0,-1.0,-1
2026-05-07 20:16:50-04:00,1.36594,1.36595,1.36594,1.36594,-1.0,-1.0,-1
2026-05-07 20:16:55-04:00,1.36594,1.36594,1.365895,1.365895,-1.0,-1.0,-1
2026-05-07 20:17:00-04:00,1.365895,1.365935,1.365895,1.365935,-1.0,-1.0,-1
2026-05-07 20:17:05-04:00,1.365935,1.36597,1.365935,1.36597,-1.0,-1.0,-1
2026-05-07 20:17:10-04:00,1.36597,1.366035,1.36597,1.366035,-1.0,-1.0,-1
2026-05-07 20:17:15-04:00,1.366035,1.366095,1.366025,1.366075,-1.0,-1.0,-1
2026-05-07 20:17:20-04:00,1.366075,1.366075,1.366045,1.366045,-1.0,-1.0,-1
2026-05-07 20:17:25-04:00,1.366045,1.366105,1.366045,1.3661,-1.0,-1.0,-1
2026-05-07 20:17:30-04:00,1.3661,1.366255,1.3661,1.36625,-1.0,-1.0,-1
2026-05-07 20:17:35-04:00,1.36625,1.366275,1.366185,1.366185,-1.0,-1.0,-1
2026-05-07 20:17:40-04:00,1.366185,1.366185,1.366135,1.36614,-1.0,-1.0,-1
2026-05-07 20:17:45-04:00,1.36614,1.36614,1.36613,1.36614,-1.0,-1.0,-1
2026-05-07 20:17:50-04:00,1.36614,1.366145,1.36612,1.36613,-1.0,-1.0,-1
2026-05-07 20:17:55-04:00,1.36613,1.366135,1.366105,1.36611,-1.0,-1.0,-1
2026-05-07 20:18:00-04:00,1.36611,1.366115,1.366095,1.36611,-1.0,-1.0,-1
2026-05-07 20:18:05-04:00,1.36611,1.36614,1.3661,1.36613,-1.0,-1.0,-1
2026-05-07 20:18:10-04:00,1.36613,1.36616,1.36613,1.36616,-1.0,-1.0,-1
2026-05-07 20:18:15-04:00,1.36616,1.366255,1.36615,1.366255,-1.0,-1.0,-1
2026-05-07 20:18:20-04:00,1.366255,1.366255,1.36623,1.36624,-1.0,-1.0,-1
2026-05-07 20:18:25-04:00,1.36624,1.36624,1.366225,1.366225,-1.0,-1.0,-1
2026-05-07 20:18:30-04:00,1.366225,1.36624,1.366225,1.36624,-1.0,-1.0,-1
2026-05-07 20:18:35-04:00,1.36624,1.36624,1.36623,1.366235,-1.0,-1.0,-1
2026-05-07 20:18:40-04:00,1.366235,1.366275,1.36623,1.36626,-1.0,-1.0,-1
2026-05-07 20:18:45-04:00,1.36626,1.366335,1.36625,1.36628,-1.0,-1.0,-1
2026-05-07 20:18:50-04:00,1.36628,1.36628,1.366275,1.366275,-1.0,-1.0,-1
2026-05-07 20:18:55-04:00,1.366275,1.366275,1.36626,1.36627,-1.0,-1.0,-1
2026-05-07 20:19:00-04:00,1.36627,1.36627,1.36617,1.366175,-1.0,-1.0,-1
2026-05-07 20:19:05-04:00,1.366175,1.36621,1.366175,1.3662,-1.0,-1.0,-1
2026-05-07 20:19:10-04:00,1.3662,1.366245,1.3662,1.36623,-1.0,-1.0,-1
2026-05-07 20:19:15-04:00,1.36623,1.366245,1.36623,1.366245,-1.0,-1.0,-1
2026-05-07 20:19:20-04:00,1.366245,1.36627,1.366245,1.36626,-1.0,-1.0,-1
2026-05-07 20:19:25-04:00,1.36626,1.366305,1.366255,1.366255,-1.0,-1.0,-1
2026-05-07 20:19:30-04:00,1.366255,1.366275,1.36625,1.366255,-1.0,-1.0,-1
2026-05-07 20:19:35-04:00,1.366255,1.366255,1.36624,1.36624,-1.0,-1.0,-1
2026-05-07 20:19:40-04:00,1.36624,1.366245,1.36622,1.366245,-1.0,-1.0,-1
2026-05-07 20:19:45-04:00,1.366245,1.366245,1.36623,1.36623,-1.0,-1.0,-1
2026-05-07 20:19:50-04:00,1.36623,1.366305,1.36623,1.366305,-1.0,-1.0,-1
2026-05-07 20:19:55-04:00,1.366305,1.366305,1.366255,1.366265,-1.0,-1.0,-1
2026-05-07 20:20:00-04:00,1.366265,1.366285,1.366255,1.366275,-1.0,-1.0,-1
2026-05-07 20:20:05-04:00,1.366275,1.366285,1.366265,1.366285,-1.0,-1.0,-1
2026-05-07 20:20:10-04:00,1.366285,1.366285,1.36625,1.36625,-1.0,-1.0,-1
2026-05-07 20:20:15-04:00,1.36625,1.366265,1.36625,1.36626,-1.0,-1.0,-1
2026-05-07 20:20:20-04:00,1.36626,1.366265,1.366255,1.366265,-1.0,-1.0,-1
2026-05-07 20:20:25-04:00,1.366265,1.36627,1.36626,1.366265,-1.0,-1.0,-1
2026-05-07 20:20:30-04:00,1.366265,1.366265,1.36625,1.366255,-1.0,-1.0,-1
2026-05-07 20:20:35-04:00,1.366255,1.366275,1.366245,1.366275,-1.0,-1.0,-1
2026-05-07 20:20:40-04:00,1.366275,1.366315,1.36626,1.366315,-1.0,-1.0,-1
2026-05-07 20:20:45-04:00,1.366315,1.366315,1.36629,1.36631,-1.0,-1.0,-1
2026-05-07 20:20:50-04:00,1.36631,1.36631,1.366275,1.3663,-1.0,-1.0,-1
2026-05-07 20:20:55-04:00,1.3663,1.3663,1.366225,1.366225,-1.0,-1.0,-1
2026-05-07 20:21:00-04:00,1.366225,1.36623,1.36622,1.36622,-1.0,-1.0,-1
2026-05-07 20:21:05-04:00,1.36622,1.36626,1.366195,1.36625,-1.0,-1.0,-1
2026-05-07 20:21:10-04:00,1.36625,1.366305,1.36625,1.3663,-1.0,-1.0,-1
2026-05-07 20:21:15-04:00,1.3663,1.366305,1.366285,1.3663,-1.0,-1.0,-1
2026-05-07 20:21:20-04:00,1.3663,1.36632,1.366285,1.36632,-1.0,-1.0,-1
2026-05-07 20:21:25-04:00,1.36632,1.36632,1.36631,1.36631,-1.0,-1.0,-1
2026-05-07 20:21:30-04:00,1.36631,1.366315,1.36628,1.366285,-1.0,-1.0,-1
2026-05-07 20:21:35-04:00,1.366285,1.366285,1.36628,1.36628,-1.0,-1.0,-1
2026-05-07 20:21:40-04:00,1.36628,1.36629,1.366225,1.366245,-1.0,-1.0,-1
2026-05-07 20:21:45-04:00,1.366245,1.366255,1.366225,1.36625,-1.0,-1.0,-1
2026-05-07 20:21:50-04:00,1.36625,1.36625,1.36623,1.366245,-1.0,-1.0,-1
2026-05-07 20:21:55-04:00,1.366245,1.366245,1.36624,1.366245,-1.0,-1.0,-1
2026-05-07 20:22:00-04:00,1.366245,1.36626,1.366245,1.366245,-1.0,-1.0,-1
2026-05-07 20:22:05-04:00,1.366245,1.36625,1.366245,1.36625,-1.0,-1.0,-1
2026-05-07 20:22:10-04:00,1.36625,1.36625,1.366245,1.366245,-1.0,-1.0,-1
2026-05-07 20:22:15-04:00,1.366245,1.36626,1.3662,1.3662,-1.0,-1.0,-1
2026-05-07 20:22:20-04:00,1.3662,1.3662,1.366175,1.366185,-1.0,-1.0,-1
2026-05-07 20:22:25-04:00,1.366185,1.366185,1.366155,1.366155,-1.0,-1.0,-1
2026-05-07 20:22:30-04:00,1.366155,1.366155,1.366145,1.36615,-1.0,-1.0,-1
2026-05-07 20:22:35-04:00,1.36615,1.36615,1.36614,1.36615,-1.0,-1.0,-1
2026-05-07 20:22:40-04:00,1.36615,1.36615,1.36611,1.36611,-1.0,-1.0,-1
2026-05-07 20:22:45-04:00,1.36611,1.36611,1.366085,1.36609,-1.0,-1.0,-1
2026-05-07 20:22:50-04:00,1.36609,1.366105,1.366085,1.36609,-1.0,-1.0,-1
2026-05-07 20:22:55-04:00,1.36609,1.36609,1.366075,1.366085,-1.0,-1.0,-1
2026-05-07 20:23:00-04:00,1.366085,1.366085,1.366055,1.36607,-1.0,-1.0,-1
2026-05-07 20:23:05-04:00,1.36607,1.36607,1.366055,1.366055,-1.0,-1.0,-1
2026-05-07 20:23:10-04:00,1.366055,1.36607,1.36605,1.36607,-1.0,-1.0,-1
2026-05-07 20:23:15-04:00,1.36607,1.36607,1.366055,1.366055,-1.0,-1.0,-1
2026-05-07 20:23:20-04:00,1.366055,1.366075,1.366055,1.366055,-1.0,-1.0,-1
2026-05-07 20:23:25-04:00,1.366055,1.36607,1.366045,1.366045,-1.0,-1.0,-1
2026-05-07 20:23:30-04:00,1.366045,1.36607,1.366045,1.36607,-1.0,-1.0,-1
2026-05-07 20:23:35-04:00,1.36607,1.36607,1.36606,1.36606,-1.0,-1.0,-1
2026-05-07 20:23:40-04:00,1.36606,1.36607,1.36599,1.36602,-1.0,-1.0,-1
2026-05-07 20:23:45-04:00,1.36602,1.36602,1.365995,1.365995,-1.0,-1.0,-1
2026-05-07 20:23:50-04:00,1.365995,1.365995,1.365985,1.365985,-1.0,-1.0,-1
2026-05-07 20:23:55-04:00,1.365985,1.36604,1.365985,1.366035,-1.0,-1.0,-1
2026-05-07 20:24:00-04:00,1.366035,1.366035,1.366015,1.36603,-1.0,-1.0,-1
2026-05-07 20:24:05-04:00,1.36603,1.36603,1.366015,1.36602,-1.0,-1.0,-1
2026-05-07 20:24:10-04:00,1.36602,1.36602,1.366005,1.36602,-1.0,-1.0,-1
2026-05-07 20:24:15-04:00,1.36602,1.36602,1.366005,1.36602,-1.0,-1.0,-1
2026-05-07 20:24:20-04:00,1.36602,1.366025,1.36601,1.36602,-1.0,-1.0,-1
2026-05-07 20:24:25-04:00,1.36602,1.36602,1.366015,1.366015,-1.0,-1.0,-1
2026-05-07 20:24:30-04:00,1.366015,1.36602,1.366015,1.36602,-1.0,-1.0,-1
2026-05-07 20:24:35-04:00,1.36602,1.366025,1.365995,1.366005,-1.0,-1.0,-1
2026-05-07 20:24:40-04:00,1.366005,1.36603,1.366,1.36603,-1.0,-1.0,-1
2026-05-07 20:24:45-04:00,1.36603,1.36607,1.36603,1.36607,-1.0,-1.0,-1
2026-05-07 20:24:50-04:00,1.36607,1.36607,1.36606,1.36606,-1.0,-1.0,-1
2026-05-07 20:24:55-04:00,1.36606,1.36606,1.36605,1.366055,-1.0,-1.0,-1
2026-05-07 20:25:00-04:00,1.366055,1.36606,1.36597,1.36597,-1.0,-1.0,-1
2026-05-07 20:25:05-04:00,1.36597,1.36598,1.365955,1.36597,-1.0,-1.0,-1
2026-05-07 20:25:10-04:00,1.36597,1.36598,1.36597,1.36598,-1.0,-1.0,-1
2026-05-07 20:25:15-04:00,1.36598,1.366,1.36598,1.366,-1.0,-1.0,-1
2026-05-07 20:25:20-04:00,1.366,1.366015,1.36599,1.366,-1.0,-1.0,-1
2026-05-07 20:25:25-04:00,1.366,1.366005,1.365985,1.365985,-1.0,-1.0,-1
2026-05-07 20:25:30-04:00,1.365985,1.36601,1.365985,1.366005,-1.0,-1.0,-1
2026-05-07 20:25:35-04:00,1.366005,1.36601,1.366,1.366005,-1.0,-1.0,-1
2026-05-07 20:25:40-04:00,1.366005,1.366055,1.365995,1.36601,-1.0,-1.0,-1
2026-05-07 20:25:45-04:00,1.36601,1.36601,1.365995,1.366,-1.0,-1.0,-1
2026-05-07 20:25:50-04:00,1.366,1.366005,1.36599,1.365995,-1.0,-1.0,-1
2026-05-07 20:25:55-04:00,1.365995,1.36601,1.36599,1.366005,-1.0,-1.0,-1
2026-05-07 20:26:00-04:00,1.366005,1.36603,1.365995,1.366,-1.0,-1.0,-1
2026-05-07 20:26:05-04:00,1.366,1.366,1.36598,1.365985,-1.0,-1.0,-1
2026-05-07 20:26:10-04:00,1.365985,1.365985,1.36592,1.36594,-1.0,-1.0,-1
2026-05-07 20:26:15-04:00,1.36594,1.365955,1.36593,1.365955,-1.0,-1.0,-1
2026-05-07 20:26:20-04:00,1.365955,1.365955,1.36589,1.36592,-1.0,-1.0,-1
2026-05-07 20:26:25-04:00,1.36592,1.36593,1.36592,1.36592,-1.0,-1.0,-1
2026-05-07 20:26:30-04:00,1.36592,1.36594,1.36592,1.365935,-1.0,-1.0,-1
2026-05-07 20:26:35-04:00,1.365935,1.36594,1.36593,1.36593,-1.0,-1.0,-1
2026-05-07 20:26:40-04:00,1.36593,1.36594,1.36593,1.36594,-1.0,-1.0,-1
2026-05-07 20:26:45-04:00,1.36594,1.36594,1.36594,1.36594,-1.0,-1.0,-1
2026-05-07 20:26:50-04:00,1.36594,1.36598,1.36594,1.36598,-1.0,-1.0,-1
2026-05-07 20:26:55-04:00,1.36598,1.365985,1.36598,1.365985,-1.0,-1.0,-1
2026-05-07 20:27:00-04:00,1.365985,1.36603,1.36598,1.366015,-1.0,-1.0,-1
2026-05-07 20:27:05-04:00,1.366015,1.366025,1.366005,1.366005,-1.0,-1.0,-1
2026-05-07 20:27:10-04:00,1.366005,1.366005,1.365985,1.36599,-1.0,-1.0,-1
2026-05-07 20:27:15-04:00,1.36599,1.36599,1.36596,1.36598,-1.0,-1.0,-1
2026-05-07 20:27:20-04:00,1.36598,1.36598,1.365945,1.36596,-1.0,-1.0,-1
2026-05-07 20:27:25-04:00,1.36596,1.36598,1.36596,1.365965,-1.0,-1.0,-1
2026-05-07 20:27:30-04:00,1.365965,1.36598,1.36596,1.365975,-1.0,-1.0,-1
2026-05-07 20:27:35-04:00,1.365975,1.36598,1.36597,1.36598,-1.0,-1.0,-1
2026-05-07 20:27:40-04:00,1.36598,1.36598,1.36598,1.36598,-1.0,-1.0,-1
2026-05-07 20:27:45-04:00,1.36598,1.366,1.36598,1.365985,-1.0,-1.0,-1
2026-05-07 20:27:50-04:00,1.365985,1.365985,1.36597,1.36598,-1.0,-1.0,-1
2026-05-07 20:27:55-04:00,1.36598,1.36598,1.36598,1.36598,-1.0,-1.0,-1
2026-05-07 20:28:00-04:00,1.36598,1.365995,1.36598,1.36598,-1.0,-1.0,-1
2026-05-07 20:28:05-04:00,1.36598,1.365995,1.36598,1.365985,-1.0,-1.0,-1
2026-05-07 20:28:10-04:00,1.365985,1.365995,1.36597,1.365975,-1.0,-1.0,-1
2026-05-07 20:28:15-04:00,1.365975,1.365995,1.36597,1.365995,-1.0,-1.0,-1
2026-05-07 20:28:20-04:00,1.365995,1.365995,1.365995,1.365995,-1.0,-1.0,-1
2026-05-07 20:28:25-04:00,1.365995,1.365995,1.365985,1.365985,-1.0,-1.0,-1
2026-05-07 20:28:30-04:00,1.365985,1.365985,1.365985,1.365985,-1.0,-1.0,-1
2026-05-07 20:28:35-04:00,1.365985,1.365985,1.36597,1.36597,-1.0,-1.0,-1
2026-05-07 20:28:40-04:00,1.36597,1.36597,1.365955,1.365955,-1.0,-1.0,-1
2026-05-07 20:28:45-04:00,1.365955,1.36597,1.365955,1.36596,-1.0,-1.0,-1
2026-05-07 20:28:50-04:00,1.36596,1.36602,1.36595,1.366,-1.0,-1.0,-1
2026-05-07 20:28:55-04:00,1.366,1.366055,1.366,1.366055,-1.0,-1.0,-1
2026-05-07 20:29:00-04:00,1.366055,1.366055,1.36603,1.36603,-1.0,-1.0,-1
2026-05-07 20:29:05-04:00,1.36603,1.366035,1.366,1.366,-1.0,-1.0,-1
2026-05-07 20:29:10-04:00,1.366,1.366005,1.366,1.366005,-1.0,-1.0,-1
2026-05-07 20:29:15-04:00,1.366005,1.36605,1.366005,1.366045,-1.0,-1.0,-1
2026-05-07 20:29:20-04:00,1.366045,1.366045,1.36603,1.36603,-1.0,-1.0,-1
2026-05-07 20:29:25-04:00,1.36603,1.36603,1.36603,1.36603,-1.0,-1.0,-1
2026-05-07 20:29:30-04:00,1.36603,1.366035,1.365995,1.366005,-1.0,-1.0,-1
2026-05-07 20:29:35-04:00,1.366005,1.36601,1.366005,1.366005,-1.0,-1.0,-1
2026-05-07 20:29:40-04:00,1.366005,1.366015,1.366005,1.366005,-1.0,-1.0,-1
2026-05-07 20:29:45-04:00,1.366005,1.366035,1.366005,1.36603,-1.0,-1.0,-1
2026-05-07 20:29:50-04:00,1.36603,1.36604,1.36603,1.36604,-1.0,-1.0,-1
2026-05-07 20:29:55-04:00,1.36604,1.36605,1.366035,1.366045,-1.0,-1.0,-1
2026-05-07 20:30:00-04:00,1.366045,1.36608,1.36604,1.366075,-1.0,-1.0,-1
2026-05-07 20:30:05-04:00,1.366075,1.36608,1.366075,1.366075,-1.0,-1.0,-1
2026-05-07 20:30:10-04:00,1.366075,1.366075,1.366045,1.366065,-1.0,-1.0,-1
2026-05-07 20:30:15-04:00,1.366065,1.366075,1.36606,1.366065,-1.0,-1.0,-1
2026-05-07 20:30:20-04:00,1.366065,1.366075,1.365955,1.36599,-1.0,-1.0,-1
2026-05-07 20:30:25-04:00,1.36599,1.36599,1.365965,1.365985,-1.0,-1.0,-1
2026-05-07 20:30:30-04:00,1.365985,1.36599,1.365985,1.36599,-1.0,-1.0,-1
2026-05-07 20:30:35-04:00,1.36599,1.365995,1.36597,1.36597,-1.0,-1.0,-1
2026-05-07 20:30:40-04:00,1.36597,1.36597,1.36596,1.36596,-1.0,-1.0,-1
2026-05-07 20:30:45-04:00,1.36596,1.365985,1.36596,1.365985,-1.0,-1.0,-1
2026-05-07 20:30:50-04:00,1.365985,1.365985,1.36597,1.36597,-1.0,-1.0,-1
2026-05-07 20:30:55-04:00,1.36597,1.365985,1.36597,1.36598,-1.0,-1.0,-1
2026-05-07 20:31:00-04:00,1.36598,1.366045,1.36598,1.366045,-1.0,-1.0,-1
2026-05-07 20:31:05-04:00,1.366045,1.36605,1.36602,1.366025,-1.0,-1.0,-1
2026-05-07 20:31:10-04:00,1.366025,1.366025,1.365995,1.366,-1.0,-1.0,-1
2026-05-07 20:31:15-04:00,1.366,1.366005,1.365995,1.366,-1.0,-1.0,-1
2026-05-07 20:31:20-04:00,1.366,1.366005,1.365985,1.365985,-1.0,-1.0,-1
2026-05-07 20:31:25-04:00,1.365985,1.366,1.365985,1.366,-1.0,-1.0,-1
2026-05-07 20:31:30-04:00,1.366,1.366,1.365985,1.365985,-1.0,-1.0,-1
2026-05-07 20:31:35-04:00,1.365985,1.36599,1.365985,1.36599,-1.0,-1.0,-1
2026-05-07 20:31:40-04:00,1.36599,1.366,1.365985,1.365985,-1.0,-1.0,-1
2026-05-07 20:31:45-04:00,1.365985,1.36599,1.365985,1.365985,-1.0,-1.0,-1
2026-05-07 20:31:50-04:00,1.365985,1.365985,1.36596,1.365985,-1.0,-1.0,-1
2026-05-07 20:31:55-04:00,1.365985,1.365985,1.36597,1.36597,-1.0,-1.0,-1
2026-05-07 20:32:00-04:00,1.36597,1.36597,1.365955,1.36597,-1.0,-1.0,-1
2026-05-07 20:32:05-04:00,1.36597,1.365985,1.36596,1.36596,-1.0,-1.0,-1
2026-05-07 20:32:10-04:00,1.36596,1.36596,1.365905,1.36591,-1.0,-1.0,-1
2026-05-07 20:32:15-04:00,1.36591,1.36591,1.36587,1.36587,-1.0,-1.0,-1
2026-05-07 20:32:20-04:00,1.36587,1.365885,1.36587,1.365885,-1.0,-1.0,-1
2026-05-07 20:32:25-04:00,1.365885,1.365895,1.36587,1.365885,-1.0,-1.0,-1
2026-05-07 20:32:30-04:00,1.365885,1.36591,1.36587,1.36591,-1.0,-1.0,-1
2026-05-07 20:32:35-04:00,1.36591,1.365915,1.36588,1.365885,-1.0,-1.0,-1
2026-05-07 20:32:40-04:00,1.365885,1.365885,1.365865,1.365885,-1.0,-1.0,-1
2026-05-07 20:32:45-04:00,1.365885,1.365885,1.36586,1.36587,-1.0,-1.0,-1
2026-05-07 20:32:50-04:00,1.36587,1.365885,1.36587,1.365885,-1.0,-1.0,-1
2026-05-07 20:32:55-04:00,1.365885,1.36589,1.365875,1.36589,-1.0,-1.0,-1
2026-05-07 20:33:00-04:00,1.36589,1.36589,1.365865,1.365875,-1.0,-1.0,-1
2026-05-07 20:33:05-04:00,1.365875,1.365885,1.36586,1.365865,-1.0,-1.0,-1
2026-05-07 20:33:10-04:00,1.365865,1.365865,1.36585,1.36585,-1.0,-1.0,-1
2026-05-07 20:33:15-04:00,1.36585,1.365865,1.36585,1.365865,-1.0,-1.0,-1
2026-05-07 20:33:20-04:00,1.365865,1.365865,1.36586,1.365865,-1.0,-1.0,-1
2026-05-07 20:33:25-04:00,1.365865,1.365875,1.36585,1.36585,-1.0,-1.0,-1
2026-05-07 20:33:30-04:00,1.36585,1.36587,1.36585,1.36587,-1.0,-1.0,-1
2026-05-07 20:33:35-04:00,1.36587,1.365885,1.365865,1.365875,-1.0,-1.0,-1
2026-05-07 20:33:40-04:00,1.365875,1.36589,1.365875,1.365885,-1.0,-1.0,-1
2026-05-07 20:33:45-04:00,1.365885,1.365885,1.36588,1.365885,-1.0,-1.0,-1
2026-05-07 20:33:50-04:00,1.365885,1.365885,1.365865,1.36587,-1.0,-1.0,-1
2026-05-07 20:33:55-04:00,1.36587,1.36587,1.36585,1.365855,-1.0,-1.0,-1
2026-05-07 20:34:00-04:00,1.365855,1.365865,1.36585,1.36585,-1.0,-1.0,-1
2026-05-07 20:34:05-04:00,1.36585,1.36586,1.36585,1.36585,-1.0,-1.0,-1
2026-05-07 20:34:10-04:00,1.36585,1.365865,1.36585,1.36586,-1.0,-1.0,-1
2026-05-07 20:34:15-04:00,1.36586,1.36586,1.365845,1.36585,-1.0,-1.0,-1
2026-05-07 20:34:20-04:00,1.36585,1.36585,1.365845,1.365845,-1.0,-1.0,-1
2026-05-07 20:34:25-04:00,1.365845,1.36585,1.365845,1.365845,-1.0,-1.0,-1
2026-05-07 20:34:30-04:00,1.365845,1.365865,1.36584,1.36584,-1.0,-1.0,-1
2026-05-07 20:34:35-04:00,1.36584,1.36584,1.36581,1.36581,-1.0,-1.0,-1
2026-05-07 20:34:40-04:00,1.36581,1.365815,1.36581,1.36581,-1.0,-1.0,-1
2026-05-07 20:34:45-04:00,1.36581,1.36583,1.365805,1.365815,-1.0,-1.0,-1
2026-05-07 20:34:50-04:00,1.365815,1.365815,1.36581,1.365815,-1.0,-1.0,-1
2026-05-07 20:34:55-04:00,1.365815,1.36582,1.3658,1.365805,-1.0,-1.0,-1
2026-05-07 20:35:00-04:00,1.365805,1.365825,1.365805,1.36581,-1.0,-1.0,-1
2026-05-07 20:35:05-04:00,1.36581,1.36583,1.36581,1.365825,-1.0,-1.0,-1
2026-05-07 20:35:10-04:00,1.365825,1.36583,1.36581,1.36581,-1.0,-1.0,-1
2026-05-07 20:35:15-04:00,1.36581,1.365815,1.36581,1.36581,-1.0,-1.0,-1
2026-05-07 20:35:20-04:00,1.36581,1.365815,1.365805,1.365805,-1.0,-1.0,-1
2026-05-07 20:35:25-04:00,1.365805,1.365815,1.365805,1.365815,-1.0,-1.0,-1
2026-05-07 20:35:30-04:00,1.365815,1.36582,1.36581,1.36581,-1.0,-1.0,-1
2026-05-07 20:35:35-04:00,1.36581,1.365815,1.36581,1.36581,-1.0,-1.0,-1
2026-05-07 20:35:40-04:00,1.36581,1.36581,1.365805,1.36581,-1.0,-1.0,-1
2026-05-07 20:35:45-04:00,1.36581,1.36581,1.3658,1.36581,-1.0,-1.0,-1
2026-05-07 20:35:50-04:00,1.36581,1.36582,1.365805,1.36582,-1.0,-1.0,-1
2026-05-07 20:35:55-04:00,1.36582,1.365845,1.365815,1.36583,-1.0,-1.0,-1
2026-05-07 20:36:00-04:00,1.36583,1.36583,1.36583,1.36583,-1.0,-1.0,-1
2026-05-07 20:36:05-04:00,1.36583,1.36587,1.36583,1.365865,-1.0,-1.0,-1
2026-05-07 20:36:10-04:00,1.365865,1.365865,1.365865,1.365865,-1.0,-1.0,-1
2026-05-07 20:36:15-04:00,1.365865,1.365865,1.365865,1.365865,-1.0,-1.0,-1
2026-05-07 20:36:20-04:00,1.365865,1.36587,1.365845,1.36587,-1.0,-1.0,-1
2026-05-07 20:36:25-04:00,1.36587,1.36588,1.365865,1.36587,-1.0,-1.0,-1
2026-05-07 20:36:30-04:00,1.36587,1.365905,1.365855,1.365905,-1.0,-1.0,-1
2026-05-07 20:36:35-04:00,1.365905,1.36594,1.365905,1.36594,-1.0,-1.0,-1
2026-05-07 20:36:40-04:00,1.36594,1.36594,1.365925,1.36594,-1.0,-1.0,-1
2026-05-07 20:36:45-04:00,1.36594,1.36594,1.365915,1.365935,-1.0,-1.0,-1
2026-05-07 20:36:50-04:00,1.365935,1.365935,1.3659,1.3659,-1.0,-1.0,-1
2026-05-07 20:36:55-04:00,1.3659,1.365905,1.365895,1.3659,-1.0,-1.0,-1
2026-05-07 20:37:00-04:00,1.3659,1.365915,1.3659,1.365915,-1.0,-1.0,-1
2026-05-07 20:37:05-04:00,1.365915,1.36592,1.36591,1.36592,-1.0,-1.0,-1
2026-05-07 20:37:10-04:00,1.36592,1.36592,1.365905,1.36591,-1.0,-1.0,-1
2026-05-07 20:37:15-04:00,1.36591,1.36592,1.365905,1.365905,-1.0,-1.0,-1
2026-05-07 20:37:20-04:00,1.365905,1.36591,1.3659,1.3659,-1.0,-1.0,-1
2026-05-07 20:37:25-04:00,1.3659,1.36594,1.3659,1.36594,-1.0,-1.0,-1
2026-05-07 20:37:30-04:00,1.36594,1.36594,1.365915,1.365915,-1.0,-1.0,-1
2026-05-07 20:37:35-04:00,1.365915,1.365915,1.36589,1.36589,-1.0,-1.0,-1
2026-05-07 20:37:40-04:00,1.36589,1.3659,1.36588,1.365895,-1.0,-1.0,-1
2026-05-07 20:37:45-04:00,1.365895,1.365905,1.365895,1.3659,-1.0,-1.0,-1
2026-05-07 20:37:50-04:00,1.3659,1.365925,1.365895,1.365905,-1.0,-1.0,-1
2026-05-07 20:37:55-04:00,1.365905,1.365925,1.365905,1.36592,-1.0,-1.0,-1
2026-05-07 20:38:00-04:00,1.36592,1.365925,1.365905,1.365905,-1.0,-1.0,-1
2026-05-07 20:38:05-04:00,1.365905,1.365905,1.365905,1.365905,-1.0,-1.0,-1
2026-05-07 20:38:10-04:00,1.365905,1.365905,1.365895,1.3659,-1.0,-1.0,-1
2026-05-07 20:38:15-04:00,1.3659,1.36592,1.365895,1.36592,-1.0,-1.0,-1
2026-05-07 20:38:20-04:00,1.36592,1.36592,1.3659,1.3659,-1.0,-1.0,-1
2026-05-07 20:38:25-04:00,1.3659,1.365905,1.365895,1.365895,-1.0,-1.0,-1
2026-05-07 20:38:30-04:00,1.365895,1.3659,1.36589,1.36589,-1.0,-1.0,-1
2026-05-07 20:38:35-04:00,1.36589,1.36589,1.365865,1.36587,-1.0,-1.0,-1
2026-05-07 20:38:40-04:00,1.36587,1.365885,1.36587,1.365885,-1.0,-1.0,-1
2026-05-07 20:38:45-04:00,1.365885,1.365885,1.36588,1.365885,-1.0,-1.0,-1
2026-05-07 20:38:50-04:00,1.365885,1.365885,1.365855,1.365885,-1.0,-1.0,-1
2026-05-07 20:38:55-04:00,1.365885,1.365885,1.36587,1.365875,-1.0,-1.0,-1
2026-05-07 20:39:00-04:00,1.365875,1.365875,1.365855,1.365855,-1.0,-1.0,-1
2026-05-07 20:39:05-04:00,1.365855,1.36588,1.365855,1.365865,-1.0,-1.0,-1
2026-05-07 20:39:10-04:00,1.365865,1.365885,1.365865,1.365885,-1.0,-1.0,-1
2026-05-07 20:39:15-04:00,1.365885,1.365885,1.36587,1.36587,-1.0,-1.0,-1
2026-05-07 20:39:20-04:00,1.36587,1.365885,1.36587,1.36587,-1.0,-1.0,-1
2026-05-07 20:39:25-04:00,1.36587,1.36587,1.36586,1.36586,-1.0,-1.0,-1
2026-05-07 20:39:30-04:00,1.36586,1.36589,1.36586,1.36589,-1.0,-1.0,-1
2026-05-07 20:39:35-04:00,1.36589,1.3659,1.36589,1.365895,-1.0,-1.0,-1
2026-05-07 20:39:40-04:00,1.365895,1.3659,1.36589,1.3659,-1.0,-1.0,-1
2026-05-07 20:39:45-04:00,1.3659,1.365905,1.365895,1.365895,-1.0,-1.0,-1
2026-05-07 20:39:50-04:00,1.365895,1.3659,1.365895,1.365895,-1.0,-1.0,-1
2026-05-07 20:39:55-04:00,1.365895,1.3659,1.365895,1.3659,-1.0,-1.0,-1
2026-05-07 20:40:00-04:00,1.3659,1.365905,1.3659,1.3659,-1.0,-1.0,-1
2026-05-07 20:40:05-04:00,1.3659,1.3659,1.365845,1.365845,-1.0,-1.0,-1
2026-05-07 20:40:10-04:00,1.365845,1.36586,1.365845,1.365855,-1.0,-1.0,-1
2026-05-07 20:40:15-04:00,1.365855,1.36586,1.36585,1.365855,-1.0,-1.0,-1
2026-05-07 20:40:20-04:00,1.365855,1.365885,1.365855,1.365885,-1.0,-1.0,-1
2026-05-07 20:40:25-04:00,1.365885,1.365885,1.36587,1.36587,-1.0,-1.0,-1
2026-05-07 20:40:30-04:00,1.36587,1.365875,1.36585,1.36587,-1.0,-1.0,-1
2026-05-07 20:40:35-04:00,1.36587,1.36587,1.36586,1.365865,-1.0,-1.0,-1
2026-05-07 20:40:40-04:00,1.365865,1.365875,1.365865,1.36587,-1.0,-1.0,-1
2026-05-07 20:40:45-04:00,1.36587,1.36587,1.36585,1.365855,-1.0,-1.0,-1
2026-05-07 20:40:50-04:00,1.365855,1.365865,1.36585,1.36585,-1.0,-1.0,-1
2026-05-07 20:40:55-04:00,1.36585,1.365885,1.36585,1.36585,-1.0,-1.0,-1
2026-05-07 20:41:00-04:00,1.36585,1.365875,1.36585,1.36585,-1.0,-1.0,-1
2026-05-07 20:41:05-04:00,1.36585,1.36585,1.365845,1.365845,-1.0,-1.0,-1
2026-05-07 20:41:10-04:00,1.365845,1.365845,1.365845,1.365845,-1.0,-1.0,-1
2026-05-07 20:41:15-04:00,1.365845,1.365845,1.365845,1.365845,-1.0,-1.0,-1
2026-05-07 20:41:20-04:00,1.365845,1.36585,1.365845,1.36585,-1.0,-1.0,-1
2026-05-07 20:41:25-04:00,1.36585,1.36585,1.365845,1.365845,-1.0,-1.0,-1
2026-05-07 20:41:30-04:00,1.365845,1.36585,1.365845,1.36585,-1.0,-1.0,-1
2026-05-07 20:41:35-04:00,1.36585,1.365865,1.36585,1.365865,-1.0,-1.0,-1
2026-05-07 20:41:40-04:00,1.365865,1.365865,1.36586,1.36586,-1.0,-1.0,-1
2026-05-07 20:41:45-04:00,1.36586,1.36586,1.36585,1.36585,-1.0,-1.0,-1
2026-05-07 20:41:50-04:00,1.36585,1.365865,1.36585,1.365865,-1.0,-1.0,-1
2026-05-07 20:41:55-04:00,1.365865,1.365865,1.36585,1.36585,-1.0,-1.0,-1
2026-05-07 20:42:00-04:00,1.36585,1.36585,1.36585,1.36585,-1.0,-1.0,-1
2026-05-07 20:42:05-04:00,1.36585,1.36585,1.36585,1.36585,-1.0,-1.0,-1
2026-05-07 20:42:10-04:00,1.36585,1.36586,1.36585,1.365855,-1.0,-1.0,-1
2026-05-07 20:42:15-04:00,1.365855,1.365865,1.365855,1.365865,-1.0,-1.0,-1
2026-05-07 20:42:20-04:00,1.365865,1.365935,1.365865,1.365935,-1.0,-1.0,-1
2026-05-07 20:42:25-04:00,1.365935,1.365935,1.36593,1.36593,-1.0,-1.0,-1
2026-05-07 20:42:30-04:00,1.36593,1.365935,1.36593,1.365935,-1.0,-1.0,-1
2026-05-07 20:42:35-04:00,1.365935,1.36594,1.365935,1.365935,-1.0,-1.0,-1
2026-05-07 20:42:40-04:00,1.365935,1.365935,1.365935,1.365935,-1.0,-1.0,-1
2026-05-07 20:42:45-04:00,1.365935,1.365935,1.365935,1.365935,-1.0,-1.0,-1
2026-05-07 20:42:50-04:00,1.365935,1.365935,1.365935,1.365935,-1.0,-1.0,-1
2026-05-07 20:42:55-04:00,1.365935,1.365955,1.365935,1.365955,-1.0,-1.0,-1
2026-05-07 20:43:00-04:00,1.365955,1.365965,1.365955,1.365965,-1.0,-1.0,-1
2026-05-07 20:43:05-04:00,1.365965,1.365965,1.365875,1.36588,-1.0,-1.0,-1
2026-05-07 20:43:10-04:00,1.36588,1.36588,1.365865,1.365865,-1.0,-1.0,-1
2026-05-07 20:43:15-04:00,1.365865,1.365865,1.365835,1.365835,-1.0,-1.0,-1
2026-05-07 20:43:20-04:00,1.365835,1.36585,1.365835,1.36585,-1.0,-1.0,-1
2026-05-07 20:43:25-04:00,1.36585,1.36585,1.36585,1.36585,-1.0,-1.0,-1
2026-05-07 20:43:30-04:00,1.36585,1.36586,1.36585,1.365855,-1.0,-1.0,-1
2026-05-07 20:43:35-04:00,1.365855,1.365865,1.365855,1.365865,-1.0,-1.0,-1
2026-05-07 20:43:40-04:00,1.365865,1.36587,1.365845,1.36585,-1.0,-1.0,-1
2026-05-07 20:43:45-04:00,1.36585,1.365875,1.36585,1.365875,-1.0,-1.0,-1
2026-05-07 20:43:50-04:00,1.365875,1.365885,1.365875,1.365875,-1.0,-1.0,-1
2026-05-07 20:43:55-04:00,1.365875,1.365875,1.365875,1.365875,-1.0,-1.0,-1
2026-05-07 20:44:00-04:00,1.365875,1.36589,1.365875,1.365875,-1.0,-1.0,-1
2026-05-07 20:44:05-04:00,1.365875,1.365875,1.36585,1.365865,-1.0,-1.0,-1
2026-05-07 20:44:10-04:00,1.365865,1.36587,1.365855,1.36587,-1.0,-1.0,-1
2026-05-07 20:44:15-04:00,1.36587,1.365875,1.365865,1.365865,-1.0,-1.0,-1
2026-05-07 20:44:20-04:00,1.365865,1.365875,1.36586,1.365875,-1.0,-1.0,-1
2026-05-07 20:44:25-04:00,1.365875,1.365875,1.365865,1.365865,-1.0,-1.0,-1
2026-05-07 20:44:30-04:00,1.365865,1.365865,1.365865,1.365865,-1.0,-1.0,-1
2026-05-07 20:44:35-04:00,1.365865,1.365865,1.36586,1.365865,-1.0,-1.0,-1
2026-05-07 20:44:40-04:00,1.365865,1.36587,1.365865,1.365865,-1.0,-1.0,-1
2026-05-07 20:44:45-04:00,1.365865,1.365865,1.36585,1.36586,-1.0,-1.0,-1
2026-05-07 20:44:50-04:00,1.36586,1.365865,1.36586,1.365865,-1.0,-1.0,-1
2026-05-07 20:44:55-04:00,1.365865,1.36587,1.36585,1.365865,-1.0,-1.0,-1
2026-05-07 20:45:00-04:00,1.365865,1.365865,1.365845,1.365865,-1.0,-1.0,-1
2026-05-07 20:45:05-04:00,1.365865,1.365925,1.365865,1.36589,-1.0,-1.0,-1
2026-05-07 20:45:10-04:00,1.36589,1.365895,1.36589,1.365895,-1.0,-1.0,-1
2026-05-07 20:45:15-04:00,1.365895,1.3659,1.365895,1.3659,-1.0,-1.0,-1
2026-05-07 20:45:20-04:00,1.3659,1.3659,1.365895,1.365895,-1.0,-1.0,-1
2026-05-07 20:45:25-04:00,1.365895,1.36594,1.365895,1.365935,-1.0,-1.0,-1
2026-05-07 20:45:30-04:00,1.365935,1.36594,1.36593,1.365935,-1.0,-1.0,-1
2026-05-07 20:45:35-04:00,1.365935,1.36594,1.365935,1.365935,-1.0,-1.0,-1
2026-05-07 20:45:40-04:00,1.365935,1.36596,1.365935,1.365955,-1.0,-1.0,-1
2026-05-07 20:45:45-04:00,1.365955,1.36596,1.365925,1.365925,-1.0,-1.0,-1
2026-05-07 20:45:50-04:00,1.365925,1.365925,1.365925,1.365925,-1.0,-1.0,-1
2026-05-07 20:45:55-04:00,1.365925,1.36594,1.365925,1.36594,-1.0,-1.0,-1
2026-05-07 20:46:00-04:00,1.36594,1.365955,1.36594,1.365955,-1.0,-1.0,-1
2026-05-07 20:46:05-04:00,1.365955,1.36596,1.36594,1.365955,-1.0,-1.0,-1
2026-05-07 20:46:10-04:00,1.365955,1.365955,1.365955,1.365955,-1.0,-1.0,-1
2026-05-07 20:46:15-04:00,1.365955,1.365955,1.365955,1.365955,-1.0,-1.0,-1
2026-05-07 20:46:20-04:00,1.365955,1.365955,1.365945,1.365955,-1.0,-1.0,-1
2026-05-07 20:46:25-04:00,1.365955,1.365965,1.365955,1.365965,-1.0,-1.0,-1
2026-05-07 20:46:30-04:00,1.365965,1.36597,1.36596,1.36597,-1.0,-1.0,-1
2026-05-07 20:46:35-04:00,1.36597,1.36597,1.365955,1.365955,-1.0,-1.0,-1
2026-05-07 20:46:40-04:00,1.365955,1.365955,1.36594,1.36594,-1.0,-1.0,-1
2026-05-07 20:46:45-04:00,1.36594,1.365985,1.36594,1.365985,-1.0,-1.0,-1
2026-05-07 20:46:50-04:00,1.365985,1.365985,1.36598,1.36598,-1.0,-1.0,-1
2026-05-07 20:46:55-04:00,1.36598,1.365985,1.365965,1.365965,-1.0,-1.0,-1
2026-05-07 20:47:00-04:00,1.365965,1.36598,1.365945,1.36598,-1.0,-1.0,-1
2026-05-07 20:47:05-04:00,1.36598,1.36598,1.365965,1.365965,-1.0,-1.0,-1
2026-05-07 20:47:10-04:00,1.365965,1.36597,1.36594,1.36596,-1.0,-1.0,-1
2026-05-07 20:47:15-04:00,1.36596,1.36596,1.36594,1.36594,-1.0,-1.0,-1
2026-05-07 20:47:20-04:00,1.36594,1.36594,1.365935,1.365935,-1.0,-1.0,-1
2026-05-07 20:47:25-04:00,1.365935,1.365935,1.36593,1.365935,-1.0,-1.0,-1
2026-05-07 20:47:30-04:00,1.365935,1.365935,1.365935,1.365935,-1.0,-1.0,-1
2026-05-07 20:47:35-04:00,1.365935,1.365935,1.365935,1.365935,-1.0,-1.0,-1
2026-05-07 20:47:40-04:00,1.365935,1.36594,1.365935,1.365935,-1.0,-1.0,-1
2026-05-07 20:47:45-04:00,1.365935,1.365935,1.36593,1.365935,-1.0,-1.0,-1
2026-05-07 20:47:50-04:00,1.365935,1.365935,1.36593,1.36593,-1.0,-1.0,-1
2026-05-07 20:47:55-04:00,1.36593,1.36593,1.36593,1.36593,-1.0,-1.0,-1
2026-05-07 20:48:00-04:00,1.36593,1.365935,1.36593,1.365935,-1.0,-1.0,-1
2026-05-07 20:48:05-04:00,1.365935,1.365935,1.36593,1.365935,-1.0,-1.0,-1
2026-05-07 20:48:10-04:00,1.365935,1.365935,1.365925,1.36593,-1.0,-1.0,-1
2026-05-07 20:48:15-04:00,1.36593,1.365935,1.36593,1.365935,-1.0,-1.0,-1
2026-05-07 20:48:20-04:00,1.365935,1.365935,1.36593,1.365935,-1.0,-1.0,-1
2026-05-07 20:48:25-04:00,1.365935,1.365935,1.36589,1.365895,-1.0,-1.0,-1
2026-05-07 20:48:30-04:00,1.365895,1.3659,1.365895,1.3659,-1.0,-1.0,-1
2026-05-07 20:48:35-04:00,1.3659,1.3659,1.365895,1.365895,-1.0,-1.0,-1
2026-05-07 20:48:40-04:00,1.365895,1.365895,1.365895,1.365895,-1.0,-1.0,-1
2026-05-07 20:48:45-04:00,1.365895,1.365895,1.36587,1.365895,-1.0,-1.0,-1
2026-05-07 20:48:50-04:00,1.365895,1.365905,1.365895,1.3659,-1.0,-1.0,-1
2026-05-07 20:48:55-04:00,1.3659,1.365915,1.3659,1.36591,-1.0,-1.0,-1
2026-05-07 20:49:00-04:00,1.36591,1.36592,1.36591,1.36591,-1.0,-1.0,-1
2026-05-07 20:49:05-04:00,1.36591,1.36592,1.36591,1.365915,-1.0,-1.0,-1
2026-05-07 20:49:10-04:00,1.365915,1.36593,1.365915,1.36593,-1.0,-1.0,-1
2026-05-07 20:49:15-04:00,1.36593,1.36594,1.36593,1.365935,-1.0,-1.0,-1
2026-05-07 20:49:20-04:00,1.365935,1.365935,1.365905,1.36591,-1.0,-1.0,-1
2026-05-07 20:49:25-04:00,1.36591,1.36591,1.365895,1.3659,-1.0,-1.0,-1
2026-05-07 20:49:30-04:00,1.3659,1.365905,1.365895,1.3659,-1.0,-1.0,-1
2026-05-07 20:49:35-04:00,1.3659,1.3659,1.365895,1.3659,-1.0,-1.0,-1
2026-05-07 20:49:40-04:00,1.3659,1.365905,1.3659,1.365905,-1.0,-1.0,-1
2026-05-07 20:49:45-04:00,1.365905,1.365905,1.365895,1.365895,-1.0,-1.0,-1
2026-05-07 20:49:50-04:00,1.365895,1.3659,1.365895,1.3659,-1.0,-1.0,-1
2026-05-07 20:49:55-04:00,1.3659,1.3659,1.3659,1.3659,-1.0,-1.0,-1
2026-05-07 20:50:00-04:00,1.3659,1.365905,1.3659,1.3659,-1.0,-1.0,-1
2026-05-07 20:50:05-04:00,1.3659,1.36591,1.3659,1.36591,-1.0,-1.0,-1
2026-05-07 20:50:10-04:00,1.36591,1.36591,1.365895,1.365895,-1.0,-1.0,-1
2026-05-07 20:50:15-04:00,1.365895,1.3659,1.365895,1.365895,-1.0,-1.0,-1
2026-05-07 20:50:20-04:00,1.365895,1.365935,1.365895,1.365935,-1.0,-1.0,-1
2026-05-07 20:50:25-04:00,1.365935,1.36598,1.365935,1.36598,-1.0,-1.0,-1
2026-05-07 20:50:30-04:00,1.36598,1.36598,1.365955,1.365955,-1.0,-1.0,-1
2026-05-07 20:50:35-04:00,1.365955,1.365955,1.365915,1.365915,-1.0,-1.0,-1
2026-05-07 20:50:40-04:00,1.365915,1.365935,1.365905,1.365915,-1.0,-1.0,-1
2026-05-07 20:50:45-04:00,1.365915,1.36592,1.365915,1.36592,-1.0,-1.0,-1
2026-05-07 20:50:50-04:00,1.36592,1.365945,1.36592,1.365935,-1.0,-1.0,-1
2026-05-07 20:50:55-04:00,1.365935,1.365945,1.36592,1.36592,-1.0,-1.0,-1
2026-05-07 20:51:00-04:00,1.36592,1.36592,1.365905,1.365915,-1.0,-1.0,-1
2026-05-07 20:51:05-04:00,1.365915,1.365925,1.36591,1.36591,-1.0,-1.0,-1
2026-05-07 20:51:10-04:00,1.36591,1.36591,1.365865,1.36587,-1.0,-1.0,-1
2026-05-07 20:51:15-04:00,1.36587,1.36587,1.365865,1.36587,-1.0,-1.0,-1
2026-05-07 20:51:20-04:00,1.36587,1.36587,1.365865,1.36587,-1.0,-1.0,-1
2026-05-07 20:51:25-04:00,1.36587,1.36587,1.36587,1.36587,-1.0,-1.0,-1
2026-05-07 20:51:30-04:00,1.36587,1.36587,1.365865,1.365865,-1.0,-1.0,-1
2026-05-07 20:51:35-04:00,1.365865,1.365915,1.365865,1.365915,-1.0,-1.0,-1
2026-05-07 20:51:40-04:00,1.365915,1.36592,1.365905,1.36591,-1.0,-1.0,-1
2026-05-07 20:51:45-04:00,1.36591,1.36594,1.365905,1.36591,-1.0,-1.0,-1
2026-05-07 20:51:50-04:00,1.36591,1.36594,1.365905,1.36594,-1.0,-1.0,-1
2026-05-07 20:51:55-04:00,1.36594,1.365955,1.36594,1.36595,-1.0,-1.0,-1
2026-05-07 20:52:00-04:00,1.36595,1.36595,1.36595,1.36595,-1.0,-1.0,-1
2026-05-07 20:52:05-04:00,1.36595,1.36596,1.36594,1.36594,-1.0,-1.0,-1
2026-05-07 20:52:10-04:00,1.36594,1.36595,1.365905,1.365905,-1.0,-1.0,-1
2026-05-07 20:52:15-04:00,1.365905,1.36591,1.3659,1.3659,-1.0,-1.0,-1
2026-05-07 20:52:20-04:00,1.3659,1.3659,1.3659,1.3659,-1.0,-1.0,-1
2026-05-07 20:52:25-04:00,1.3659,1.36591,1.36588,1.36588,-1.0,-1.0,-1
2026-05-07 20:52:30-04:00,1.36588,1.36588,1.36586,1.365865,-1.0,-1.0,-1
2026-05-07 20:52:35-04:00,1.365865,1.36587,1.365865,1.36587,-1.0,-1.0,-1
2026-05-07 20:52:40-04:00,1.36587,1.365925,1.36587,1.36592,-1.0,-1.0,-1
2026-05-07 20:52:45-04:00,1.36592,1.365925,1.36592,1.36592,-1.0,-1.0,-1
2026-05-07 20:52:50-04:00,1.36592,1.36592,1.365895,1.3659,-1.0,-1.0,-1
2026-05-07 20:52:55-04:00,1.3659,1.36591,1.36587,1.36587,-1.0,-1.0,-1
2026-05-07 20:53:00-04:00,1.36587,1.36587,1.365815,1.365845,-1.0,-1.0,-1
2026-05-07 20:53:05-04:00,1.365845,1.36587,1.365835,1.36587,-1.0,-1.0,-1
2026-05-07 20:53:10-04:00,1.36587,1.36587,1.365855,1.365865,-1.0,-1.0,-1
2026-05-07 20:53:15-04:00,1.365865,1.365865,1.365865,1.365865,-1.0,-1.0,-1
2026-05-07 20:53:20-04:00,1.365865,1.365895,1.36586,1.36588,-1.0,-1.0,-1
2026-05-07 20:53:25-04:00,1.36588,1.36588,1.365855,1.365855,-1.0,-1.0,-1
2026-05-07 20:53:30-04:00,1.365855,1.36586,1.365855,1.365855,-1.0,-1.0,-1
2026-05-07 20:53:35-04:00,1.365855,1.36586,1.36585,1.36585,-1.0,-1.0,-1
2026-05-07 20:53:40-04:00,1.36585,1.36587,1.36585,1.365855,-1.0,-1.0,-1
2026-05-07 20:53:45-04:00,1.365855,1.36586,1.36585,1.36585,-1.0,-1.0,-1
2026-05-07 20:53:50-04:00,1.36585,1.36585,1.36585,1.36585,-1.0,-1.0,-1
2026-05-07 20:53:55-04:00,1.36585,1.36586,1.36585,1.365855,-1.0,-1.0,-1
2026-05-07 20:54:00-04:00,1.365855,1.36586,1.36585,1.36585,-1.0,-1.0,-1
2026-05-07 20:54:05-04:00,1.36585,1.36586,1.36585,1.365855,-1.0,-1.0,-1
2026-05-07 20:54:10-04:00,1.365855,1.365865,1.36585,1.365855,-1.0,-1.0,-1
2026-05-07 20:54:15-04:00,1.365855,1.36587,1.365855,1.365855,-1.0,-1.0,-1
2026-05-07 20:54:20-04:00,1.365855,1.36586,1.36585,1.36585,-1.0,-1.0,-1
2026-05-07 20:54:25-04:00,1.36585,1.36586,1.36585,1.365855,-1.0,-1.0,-1
2026-05-07 20:54:30-04:00,1.365855,1.36586,1.36583,1.36584,-1.0,-1.0,-1
2026-05-07 20:54:35-04:00,1.36584,1.36585,1.36584,1.365845,-1.0,-1.0,-1
2026-05-07 20:54:40-04:00,1.365845,1.36585,1.36584,1.365845,-1.0,-1.0,-1
2026-05-07 20:54:45-04:00,1.365845,1.36586,1.365845,1.36585,-1.0,-1.0,-1
2026-05-07 20:54:50-04:00,1.36585,1.365875,1.36585,1.365875,-1.0,-1.0,-1
2026-05-07 20:54:55-04:00,1.365875,1.365955,1.365825,1.365955,-1.0,-1.0,-1
2026-05-07 20:55:00-04:00,1.365955,1.36599,1.36595,1.365965,-1.0,-1.0,-1
2026-05-07 20:55:05-04:00,1.365965,1.365965,1.365945,1.365945,-1.0,-1.0,-1
2026-05-07 20:55:10-04:00,1.365945,1.365975,1.36594,1.365975,-1.0,-1.0,-1
2026-05-07 20:55:15-04:00,1.365975,1.36598,1.36597,1.36598,-1.0,-1.0,-1
2026-05-07 20:55:20-04:00,1.36598,1.36601,1.36597,1.36601,-1.0,-1.0,-1
2026-05-07 20:55:25-04:00,1.36601,1.36603,1.36601,1.366015,-1.0,-1.0,-1
2026-05-07 20:55:30-04:00,1.366015,1.366025,1.365985,1.36599,-1.0,-1.0,-1
2026-05-07 20:55:35-04:00,1.36599,1.36599,1.36599,1.36599,-1.0,-1.0,-1
2026-05-07 20:55:40-04:00,1.36599,1.36599,1.36599,1.36599,-1.0,-1.0,-1
2026-05-07 20:55:45-04:00,1.36599,1.36599,1.36596,1.36596,-1.0,-1.0,-1
2026-05-07 20:55:50-04:00,1.36596,1.36597,1.36596,1.36596,-1.0,-1.0,-1
2026-05-07 20:55:55-04:00,1.36596,1.365965,1.365955,1.365955,-1.0,-1.0,-1
2026-05-07 20:56:00-04:00,1.365955,1.365965,1.36595,1.36596,-1.0,-1.0,-1
2026-05-07 20:56:05-04:00,1.36596,1.36596,1.36596,1.36596,-1.0,-1.0,-1
2026-05-07 20:56:10-04:00,1.36596,1.36597,1.36596,1.365965,-1.0,-1.0,-1
2026-05-07 20:56:15-04:00,1.365965,1.36599,1.365965,1.36599,-1.0,-1.0,-1
2026-05-07 20:56:20-04:00,1.36599,1.36601,1.36599,1.36599,-1.0,-1.0,-1
2026-05-07 20:56:25-04:00,1.36599,1.366,1.365985,1.36599,-1.0,-1.0,-1
2026-05-07 20:56:30-04:00,1.36599,1.366,1.36599,1.365995,-1.0,-1.0,-1
2026-05-07 20:56:35-04:00,1.365995,1.365995,1.365965,1.365965,-1.0,-1.0,-1
2026-05-07 20:56:40-04:00,1.365965,1.36597,1.365965,1.365965,-1.0,-1.0,-1
2026-05-07 20:56:45-04:00,1.365965,1.36597,1.36596,1.36596,-1.0,-1.0,-1
2026-05-07 20:56:50-04:00,1.36596,1.36596,1.36594,1.36595,-1.0,-1.0,-1
2026-05-07 20:56:55-04:00,1.36595,1.365955,1.365935,1.36595,-1.0,-1.0,-1
2026-05-07 20:57:00-04:00,1.36595,1.36596,1.36595,1.365955,-1.0,-1.0,-1
2026-05-07 20:57:05-04:00,1.365955,1.36596,1.36595,1.36596,-1.0,-1.0,-1
2026-05-07 20:57:10-04:00,1.36596,1.365965,1.365935,1.36594,-1.0,-1.0,-1
2026-05-07 20:57:15-04:00,1.36594,1.36594,1.365925,1.365925,-1.0,-1.0,-1
2026-05-07 20:57:20-04:00,1.365925,1.365935,1.365925,1.365925,-1.0,-1.0,-1
2026-05-07 20:57:25-04:00,1.365925,1.365925,1.36592,1.365925,-1.0,-1.0,-1
2026-05-07 20:57:30-04:00,1.365925,1.36595,1.365925,1.365935,-1.0,-1.0,-1
2026-05-07 20:57:35-04:00,1.365935,1.36595,1.365935,1.36594,-1.0,-1.0,-1
2026-05-07 20:57:40-04:00,1.36594,1.365955,1.36594,1.36595,-1.0,-1.0,-1
2026-05-07 20:57:45-04:00,1.36595,1.36595,1.365935,1.365945,-1.0,-1.0,-1
2026-05-07 20:57:50-04:00,1.365945,1.365945,1.365935,1.365935,-1.0,-1.0,-1
2026-05-07 20:57:55-04:00,1.365935,1.365935,1.365935,1.365935,-1.0,-1.0,-1
2026-05-07 20:58:00-04:00,1.365935,1.365935,1.36593,1.36593,-1.0,-1.0,-1
2026-05-07 20:58:05-04:00,1.36593,1.365935,1.36593,1.365935,-1.0,-1.0,-1
2026-05-07 20:58:10-04:00,1.365935,1.365935,1.36593,1.36593,-1.0,-1.0,-1
2026-05-07 20:58:15-04:00,1.36593,1.36593,1.36593,1.36593,-1.0,-1.0,-1
2026-05-07 20:58:20-04:00,1.36593,1.365935,1.36591,1.36591,-1.0,-1.0,-1
2026-05-07 20:58:25-04:00,1.36591,1.36593,1.36591,1.36593,-1.0,-1.0,-1
2026-05-07 20:58:30-04:00,1.36593,1.36593,1.36592,1.365925,-1.0,-1.0,-1
2026-05-07 20:58:35-04:00,1.365925,1.365935,1.365925,1.365925,-1.0,-1.0,-1
2026-05-07 20:58:40-04:00,1.365925,1.365935,1.365925,1.36593,-1.0,-1.0,-1
2026-05-07 20:58:45-04:00,1.36593,1.36593,1.36592,1.36592,-1.0,-1.0,-1
2026-05-07 20:58:50-04:00,1.36592,1.36593,1.365915,1.36592,-1.0,-1.0,-1
2026-05-07 20:58:55-04:00,1.36592,1.36593,1.36592,1.36593,-1.0,-1.0,-1
2026-05-07 20:59:00-04:00,1.36593,1.365935,1.365915,1.365915,-1.0,-1.0,-1
2026-05-07 20:59:05-04:00,1.365915,1.365915,1.365915,1.365915,-1.0,-1.0,-1
2026-05-07 20:59:10-04:00,1.365915,1.365925,1.365915,1.36592,-1.0,-1.0,-1
2026-05-07 20:59:15-04:00,1.36592,1.365935,1.36592,1.365935,-1.0,-1.0,-1
2026-05-07 20:59:20-04:00,1.365935,1.365935,1.3659,1.365905,-1.0,-1.0,-1
2026-05-07 20:59:25-04:00,1.365905,1.36591,1.3659,1.36591,-1.0,-1.0,-1
2026-05-07 20:59:30-04:00,1.36591,1.365915,1.36591,1.365915,-1.0,-1.0,-1
2026-05-07 20:59:35-04:00,1.365915,1.36592,1.365915,1.365915,-1.0,-1.0,-1
2026-05-07 20:59:40-04:00,1.365915,1.36593,1.365915,1.36593,-1.0,-1.0,-1
2026-05-07 20:59:45-04:00,1.36593,1.36596,1.36593,1.365955,-1.0,-1.0,-1
2026-05-07 20:59:50-04:00,1.365955,1.36596,1.36595,1.36596,-1.0,-1.0,-1
2026-05-07 20:59:55-04:00,1.36596,1.36599,1.36596,1.36599,-1.0,-1.0,-1
2026-05-07 21:00:00-04:00,1.36599,1.36599,1.36591,1.36592,-1.0,-1.0,-1
2026-05-07 21:00:05-04:00,1.36592,1.36592,1.36582,1.36582,-1.0,-1.0,-1
2026-05-07 21:00:10-04:00,1.36582,1.36583,1.36581,1.36582,-1.0,-1.0,-1
2026-05-07 21:00:15-04:00,1.36582,1.36582,1.365805,1.36581,-1.0,-1.0,-1
2026-05-07 21:00:20-04:00,1.36581,1.36583,1.3658,1.36583,-1.0,-1.0,-1
2026-05-07 21:00:25-04:00,1.36583,1.365835,1.365815,1.365815,-1.0,-1.0,-1
2026-05-07 21:00:30-04:00,1.365815,1.36587,1.365815,1.365865,-1.0,-1.0,-1
2026-05-07 21:00:35-04:00,1.365865,1.365885,1.36585,1.365855,-1.0,-1.0,-1
2026-05-07 21:00:40-04:00,1.365855,1.365865,1.36585,1.36585,-1.0,-1.0,-1
2026-05-07 21:00:45-04:00,1.36585,1.36585,1.36585,1.36585,-1.0,-1.0,-1
2026-05-07 21:00:50-04:00,1.36585,1.365885,1.36585,1.365875,-1.0,-1.0,-1
2026-05-07 21:00:55-04:00,1.365875,1.36591,1.36587,1.36591,-1.0,-1.0,-1
2026-05-07 21:01:00-04:00,1.36591,1.365965,1.36591,1.36596,-1.0,-1.0,-1
2026-05-07 21:01:05-04:00,1.36596,1.365965,1.36593,1.36593,-1.0,-1.0,-1
2026-05-07 21:01:10-04:00,1.36593,1.365935,1.36592,1.36593,-1.0,-1.0,-1
2026-05-07 21:01:15-04:00,1.36593,1.365945,1.36593,1.36594,-1.0,-1.0,-1
2026-05-07 21:01:20-04:00,1.36594,1.36594,1.36593,1.365935,-1.0,-1.0,-1
2026-05-07 21:01:25-04:00,1.365935,1.365955,1.36593,1.365945,-1.0,-1.0,-1
2026-05-07 21:01:30-04:00,1.365945,1.36595,1.365875,1.365885,-1.0,-1.0,-1
2026-05-07 21:01:35-04:00,1.365885,1.365885,1.365865,1.36587,-1.0,-1.0,-1
2026-05-07 21:01:40-04:00,1.36587,1.365905,1.36587,1.365905,-1.0,-1.0,-1
2026-05-07 21:01:45-04:00,1.365905,1.36592,1.36588,1.36589,-1.0,-1.0,-1
2026-05-07 21:01:50-04:00,1.36589,1.36591,1.36587,1.36591,-1.0,-1.0,-1
2026-05-07 21:01:55-04:00,1.36591,1.36594,1.36591,1.36594,-1.0,-1.0,-1
2026-05-07 21:02:00-04:00,1.36594,1.36598,1.365935,1.365975,-1.0,-1.0,-1
2026-05-07 21:02:05-04:00,1.365975,1.36598,1.36595,1.36595,-1.0,-1.0,-1
2026-05-07 21:02:10-04:00,1.36595,1.365955,1.36595,1.365955,-1.0,-1.0,-1
2026-05-07 21:02:15-04:00,1.365955,1.365955,1.365915,1.365915,-1.0,-1.0,-1
2026-05-07 21:02:20-04:00,1.365915,1.365925,1.365915,1.365925,-1.0,-1.0,-1
2026-05-07 21:02:25-04:00,1.365925,1.36593,1.365915,1.365925,-1.0,-1.0,-1
2026-05-07 21:02:30-04:00,1.365925,1.365925,1.36587,1.365875,-1.0,-1.0,-1
2026-05-07 21:02:35-04:00,1.365875,1.36588,1.365875,1.36588,-1.0,-1.0,-1
2026-05-07 21:02:40-04:00,1.36588,1.365895,1.36588,1.36589,-1.0,-1.0,-1
2026-05-07 21:02:45-04:00,1.36589,1.36589,1.365845,1.36585,-1.0,-1.0,-1
2026-05-07 21:02:50-04:00,1.36585,1.36586,1.36582,1.36582,-1.0,-1.0,-1
2026-05-07 21:02:55-04:00,1.36582,1.365825,1.36582,1.365825,-1.0,-1.0,-1
2026-05-07 21:03:00-04:00,1.365825,1.36583,1.365815,1.365825,-1.0,-1.0,-1
2026-05-07 21:03:05-04:00,1.365825,1.365835,1.365815,1.36582,-1.0,-1.0,-1
2026-05-07 21:03:10-04:00,1.36582,1.36583,1.365785,1.365795,-1.0,-1.0,-1
2026-05-07 21:03:15-04:00,1.365795,1.36584,1.36579,1.36584,-1.0,-1.0,-1
2026-05-07 21:03:20-04:00,1.36584,1.36584,1.365805,1.365805,-1.0,-1.0,-1
2026-05-07 21:03:25-04:00,1.365805,1.365805,1.36579,1.365795,-1.0,-1.0,-1
2026-05-07 21:03:30-04:00,1.365795,1.365805,1.36579,1.3658,-1.0,-1.0,-1
2026-05-07 21:03:35-04:00,1.3658,1.365805,1.3658,1.3658,-1.0,-1.0,-1
2026-05-07 21:03:40-04:00,1.3658,1.3658,1.365785,1.365795,-1.0,-1.0,-1
2026-05-07 21:03:45-04:00,1.365795,1.365795,1.36579,1.365795,-1.0,-1.0,-1
2026-05-07 21:03:50-04:00,1.365795,1.36586,1.36579,1.365855,-1.0,-1.0,-1
2026-05-07 21:03:55-04:00,1.365855,1.36588,1.36585,1.36587,-1.0,-1.0,-1
2026-05-07 21:04:00-04:00,1.36587,1.36589,1.365845,1.365845,-1.0,-1.0,-1
2026-05-07 21:04:05-04:00,1.365845,1.365865,1.365845,1.365855,-1.0,-1.0,-1
2026-05-07 21:04:10-04:00,1.365855,1.365895,1.365855,1.365865,-1.0,-1.0,-1
2026-05-07 21:04:15-04:00,1.365865,1.36589,1.365865,1.36589,-1.0,-1.0,-1
2026-05-07 21:04:20-04:00,1.36589,1.365905,1.36588,1.365895,-1.0,-1.0,-1
2026-05-07 21:04:25-04:00,1.365895,1.365905,1.365895,1.3659,-1.0,-1.0,-1
2026-05-07 21:04:30-04:00,1.3659,1.36593,1.365865,1.365925,-1.0,-1.0,-1
2026-05-07 21:04:35-04:00,1.365925,1.36593,1.365895,1.365895,-1.0,-1.0,-1
2026-05-07 21:04:40-04:00,1.365895,1.36591,1.36589,1.365895,-1.0,-1.0,-1
2026-05-07 21:04:45-04:00,1.365895,1.3659,1.36589,1.3659,-1.0,-1.0,-1
2026-05-07 21:04:50-04:00,1.3659,1.3659,1.36588,1.36589,-1.0,-1.0,-1
2026-05-07 21:04:55-04:00,1.36589,1.36592,1.36589,1.36592,-1.0,-1.0,-1
2026-05-07 21:05:00-04:00,1.36592,1.36592,1.365895,1.365895,-1.0,-1.0,-1
2026-05-07 21:05:05-04:00,1.365895,1.365895,1.36589,1.36589,-1.0,-1.0,-1
2026-05-07 21:05:10-04:00,1.36589,1.36589,1.365865,1.365875,-1.0,-1.0,-1
2026-05-07 21:05:15-04:00,1.365875,1.365885,1.36587,1.36587,-1.0,-1.0,-1
2026-05-07 21:05:20-04:00,1.36587,1.365885,1.36587,1.365875,-1.0,-1.0,-1
2026-05-07 21:05:25-04:00,1.365875,1.365875,1.36585,1.36587,-1.0,-1.0,-1
2026-05-07 21:05:30-04:00,1.36587,1.36589,1.36587,1.36589,-1.0,-1.0,-1
2026-05-07 21:05:35-04:00,1.36589,1.36595,1.36588,1.365945,-1.0,-1.0,-1
2026-05-07 21:05:40-04:00,1.365945,1.36595,1.36593,1.36593,-1.0,-1.0,-1
2026-05-07 21:05:45-04:00,1.36593,1.36593,1.365925,1.36593,-1.0,-1.0,-1
2026-05-07 21:05:50-04:00,1.36593,1.36593,1.365905,1.365905,-1.0,-1.0,-1
2026-05-07 21:05:55-04:00,1.365905,1.36591,1.3659,1.365905,-1.0,-1.0,-1
2026-05-07 21:06:00-04:00,1.365905,1.365915,1.365895,1.36591,-1.0,-1.0,-1
2026-05-07 21:06:05-04:00,1.36591,1.365955,1.36591,1.36594,-1.0,-1.0,-1
2026-05-07 21:06:10-04:00,1.36594,1.36595,1.365875,1.36588,-1.0,-1.0,-1
2026-05-07 21:06:15-04:00,1.36588,1.365885,1.365865,1.36588,-1.0,-1.0,-1
2026-05-07 21:06:20-04:00,1.36588,1.36589,1.36585,1.36585,-1.0,-1.0,-1
2026-05-07 21:06:25-04:00,1.36585,1.36586,1.365845,1.36586,-1.0,-1.0,-1
2026-05-07 21:06:30-04:00,1.36586,1.36586,1.365775,1.365775,-1.0,-1.0,-1
2026-05-07 21:06:35-04:00,1.365775,1.36578,1.36577,1.365775,-1.0,-1.0,-1
2026-05-07 21:06:40-04:00,1.365775,1.365775,1.365755,1.365755,-1.0,-1.0,-1
2026-05-07 21:06:45-04:00,1.365755,1.36577,1.365755,1.365765,-1.0,-1.0,-1
2026-05-07 21:06:50-04:00,1.365765,1.36577,1.36576,1.365765,-1.0,-1.0,-1
2026-05-07 21:06:55-04:00,1.365765,1.36578,1.36576,1.36576,-1.0,-1.0,-1
2026-05-07 21:07:00-04:00,1.36576,1.36578,1.36576,1.36578,-1.0,-1.0,-1
2026-05-07 21:07:05-04:00,1.36578,1.36578,1.365775,1.36578,-1.0,-1.0,-1
2026-05-07 21:07:10-04:00,1.36578,1.365785,1.365735,1.365735,-1.0,-1.0,-1
2026-05-07 21:07:15-04:00,1.365735,1.365745,1.365735,1.365735,-1.0,-1.0,-1
2026-05-07 21:07:20-04:00,1.365735,1.36574,1.365735,1.365735,-1.0,-1.0,-1
2026-05-07 21:07:25-04:00,1.365735,1.36575,1.365735,1.365745,-1.0,-1.0,-1
2026-05-07 21:07:30-04:00,1.365745,1.36575,1.365745,1.365745,-1.0,-1.0,-1
2026-05-07 21:07:35-04:00,1.365745,1.365745,1.36574,1.365745,-1.0,-1.0,-1
2026-05-07 21:07:40-04:00,1.365745,1.365745,1.365745,1.365745,-1.0,-1.0,-1
2026-05-07 21:07:45-04:00,1.365745,1.36575,1.365745,1.365745,-1.0,-1.0,-1
2026-05-07 21:07:50-04:00,1.365745,1.365745,1.36574,1.36574,-1.0,-1.0,-1
2026-05-07 21:07:55-04:00,1.36574,1.365785,1.36574,1.36577,-1.0,-1.0,-1
2026-05-07 21:08:00-04:00,1.36577,1.36577,1.36573,1.36574,-1.0,-1.0,-1
2026-05-07 21:08:05-04:00,1.36574,1.365745,1.36573,1.365735,-1.0,-1.0,-1
2026-05-07 21:08:10-04:00,1.365735,1.36575,1.365735,1.365745,-1.0,-1.0,-1
2026-05-07 21:08:15-04:00,1.365745,1.36575,1.365725,1.365735,-1.0,-1.0,-1
2026-05-07 21:08:20-04:00,1.365735,1.365735,1.36572,1.365735,-1.0,-1.0,-1
2026-05-07 21:08:25-04:00,1.365735,1.365735,1.365725,1.365735,-1.0,-1.0,-1
2026-05-07 21:08:30-04:00,1.365735,1.365735,1.36573,1.365735,-1.0,-1.0,-1
2026-05-07 21:08:35-04:00,1.365735,1.365745,1.365735,1.365745,-1.0,-1.0,-1
2026-05-07 21:08:40-04:00,1.365745,1.365745,1.365725,1.365735,-1.0,-1.0,-1
2026-05-07 21:08:45-04:00,1.365735,1.365735,1.365645,1.365645,-1.0,-1.0,-1
2026-05-07 21:08:50-04:00,1.365645,1.365655,1.365645,1.365655,-1.0,-1.0,-1
2026-05-07 21:08:55-04:00,1.365655,1.36567,1.365655,1.36567,-1.0,-1.0,-1
2026-05-07 21:09:00-04:00,1.36567,1.365675,1.365665,1.365665,-1.0,-1.0,-1
2026-05-07 21:09:05-04:00,1.365665,1.365665,1.365655,1.365655,-1.0,-1.0,-1
2026-05-07 21:09:10-04:00,1.365655,1.365675,1.365655,1.365665,-1.0,-1.0,-1
2026-05-07 21:09:15-04:00,1.365665,1.365695,1.365665,1.365695,-1.0,-1.0,-1
2026-05-07 21:09:20-04:00,1.365695,1.3657,1.365695,1.365695,-1.0,-1.0,-1
2026-05-07 21:09:25-04:00,1.365695,1.365705,1.365695,1.365705,-1.0,-1.0,-1
2026-05-07 21:09:30-04:00,1.365705,1.365705,1.36569,1.36569,-1.0,-1.0,-1
2026-05-07 21:09:35-04:00,1.36569,1.3657,1.36569,1.3657,-1.0,-1.0,-1
2026-05-07 21:09:40-04:00,1.3657,1.365705,1.3657,1.365705,-1.0,-1.0,-1
2026-05-07 21:09:45-04:00,1.365705,1.365725,1.365705,1.36572,-1.0,-1.0,-1
2026-05-07 21:09:50-04:00,1.36572,1.365725,1.365705,1.365705,-1.0,-1.0,-1
2026-05-07 21:09:55-04:00,1.365705,1.36577,1.365705,1.365765,-1.0,-1.0,-1
2026-05-07 21:10:00-04:00,1.365765,1.365785,1.36574,1.36575,-1.0,-1.0,-1
2026-05-07 21:10:05-04:00,1.36575,1.36575,1.36575,1.36575,-1.0,-1.0,-1
2026-05-07 21:10:10-04:00,1.36575,1.36575,1.365745,1.36575,-1.0,-1.0,-1
2026-05-07 21:10:15-04:00,1.36575,1.365755,1.36574,1.36574,-1.0,-1.0,-1
2026-05-07 21:10:20-04:00,1.36574,1.36574,1.365725,1.365725,-1.0,-1.0,-1
2026-05-07 21:10:25-04:00,1.365725,1.36574,1.365725,1.36574,-1.0,-1.0,-1
2026-05-07 21:10:30-04:00,1.36574,1.365745,1.36574,1.365745,-1.0,-1.0,-1
2026-05-07 21:10:35-04:00,1.365745,1.36577,1.365745,1.365765,-1.0,-1.0,-1
2026-05-07 21:10:40-04:00,1.365765,1.36577,1.36573,1.36573,-1.0,-1.0,-1
2026-05-07 21:10:45-04:00,1.36573,1.36573,1.365715,1.36572,-1.0,-1.0,-1
2026-05-07 21:10:50-04:00,1.36572,1.36572,1.365715,1.365715,-1.0,-1.0,-1
2026-05-07 21:10:55-04:00,1.365715,1.365725,1.365715,1.365725,-1.0,-1.0,-1
2026-05-07 21:11:00-04:00,1.365725,1.365725,1.365715,1.365715,-1.0,-1.0,-1
2026-05-07 21:11:05-04:00,1.365715,1.36573,1.36571,1.36573,-1.0,-1.0,-1
2026-05-07 21:11:10-04:00,1.36573,1.365745,1.36573,1.365735,-1.0,-1.0,-1
2026-05-07 21:11:15-04:00,1.365735,1.365735,1.36573,1.365735,-1.0,-1.0,-1
2026-05-07 21:11:20-04:00,1.365735,1.36575,1.365735,1.36575,-1.0,-1.0,-1
2026-05-07 21:11:25-04:00,1.36575,1.36576,1.36574,1.36576,-1.0,-1.0,-1
2026-05-07 21:11:30-04:00,1.36576,1.36576,1.36575,1.365755,-1.0,-1.0,-1
2026-05-07 21:11:35-04:00,1.365755,1.365755,1.36574,1.36574,-1.0,-1.0,-1
2026-05-07 21:11:40-04:00,1.36574,1.36574,1.36574,1.36574,-1.0,-1.0,-1
2026-05-07 21:11:45-04:00,1.36574,1.365745,1.36574,1.36574,-1.0,-1.0,-1
2026-05-07 21:11:50-04:00,1.36574,1.36576,1.36574,1.36576,-1.0,-1.0,-1
2026-05-07 21:11:55-04:00,1.36576,1.36576,1.365725,1.36573,-1.0,-1.0,-1
2026-05-07 21:12:00-04:00,1.36573,1.36575,1.365725,1.36574,-1.0,-1.0,-1
2026-05-07 21:12:05-04:00,1.36574,1.365745,1.36573,1.36574,-1.0,-1.0,-1
2026-05-07 21:12:10-04:00,1.36574,1.36574,1.365735,1.365735,-1.0,-1.0,-1
2026-05-07 21:12:15-04:00,1.365735,1.36574,1.365725,1.365725,-1.0,-1.0,-1
2026-05-07 21:12:20-04:00,1.365725,1.365735,1.365725,1.365735,-1.0,-1.0,-1
2026-05-07 21:12:25-04:00,1.365735,1.365755,1.365735,1.365755,-1.0,-1.0,-1
2026-05-07 21:12:30-04:00,1.365755,1.365755,1.36575,1.36575,-1.0,-1.0,-1
2026-05-07 21:12:35-04:00,1.36575,1.36575,1.36575,1.36575,-1.0,-1.0,-1
2026-05-07 21:12:40-04:00,1.36575,1.36575,1.36575,1.36575,-1.0,-1.0,-1
2026-05-07 21:12:45-04:00,1.36575,1.36578,1.36575,1.36578,-1.0,-1.0,-1
2026-05-07 21:12:50-04:00,1.36578,1.365795,1.36578,1.365795,-1.0,-1.0,-1
2026-05-07 21:12:55-04:00,1.365795,1.365795,1.36579,1.365795,-1.0,-1.0,-1
2026-05-07 21:13:00-04:00,1.365795,1.365795,1.365785,1.365785,-1.0,-1.0,-1
2026-05-07 21:13:05-04:00,1.365785,1.365795,1.36578,1.36579,-1.0,-1.0,-1
2026-05-07 21:13:10-04:00,1.36579,1.36579,1.365775,1.365775,-1.0,-1.0,-1
2026-05-07 21:13:15-04:00,1.365775,1.365775,1.365775,1.365775,-1.0,-1.0,-1
2026-05-07 21:13:20-04:00,1.365775,1.365775,1.36573,1.365735,-1.0,-1.0,-1
2026-05-07 21:13:25-04:00,1.365735,1.36575,1.365735,1.365745,-1.0,-1.0,-1
2026-05-07 21:13:30-04:00,1.365745,1.365775,1.365745,1.36577,-1.0,-1.0,-1
2026-05-07 21:13:35-04:00,1.36577,1.365775,1.36576,1.36576,-1.0,-1.0,-1
2026-05-07 21:13:40-04:00,1.36576,1.36576,1.36576,1.36576,-1.0,-1.0,-1
2026-05-07 21:13:45-04:00,1.36576,1.36578,1.36576,1.365765,-1.0,-1.0,-1
2026-05-07 21:13:50-04:00,1.365765,1.365795,1.365765,1.365795,-1.0,-1.0,-1
2026-05-07 21:13:55-04:00,1.365795,1.365795,1.36575,1.365755,-1.0,-1.0,-1
2026-05-07 21:14:00-04:00,1.365755,1.365755,1.365745,1.36575,-1.0,-1.0,-1
2026-05-07 21:14:05-04:00,1.36575,1.36579,1.36575,1.36579,-1.0,-1.0,-1
2026-05-07 21:14:10-04:00,1.36579,1.36579,1.365765,1.365765,-1.0,-1.0,-1
2026-05-07 21:14:15-04:00,1.365765,1.36577,1.365765,1.365765,-1.0,-1.0,-1
2026-05-07 21:14:20-04:00,1.365765,1.36577,1.36576,1.365765,-1.0,-1.0,-1
2026-05-07 21:14:25-04:00,1.365765,1.36577,1.365725,1.36573,-1.0,-1.0,-1
2026-05-07 21:14:30-04:00,1.36573,1.365735,1.36573,1.365735,-1.0,-1.0,-1
2026-05-07 21:14:35-04:00,1.365735,1.365735,1.365735,1.365735,-1.0,-1.0,-1
2026-05-07 21:14:40-04:00,1.365735,1.365735,1.365665,1.365665,-1.0,-1.0,-1
2026-05-07 21:14:45-04:00,1.365665,1.365665,1.36565,1.36566,-1.0,-1.0,-1
2026-05-07 21:14:50-04:00,1.36566,1.365675,1.36566,1.36566,-1.0,-1.0,-1
2026-05-07 21:14:55-04:00,1.36566,1.36566,1.36566,1.36566,-1.0,-1.0,-1
2026-05-07 21:15:00-04:00,1.36566,1.36566,1.36564,1.365645,-1.0,-1.0,-1
2026-05-07 21:15:05-04:00,1.365645,1.36569,1.365595,1.365685,-1.0,-1.0,-1
2026-05-07 21:15:10-04:00,1.365685,1.36575,1.36568,1.365735,-1.0,-1.0,-1
2026-05-07 21:15:15-04:00,1.365735,1.36574,1.365725,1.365735,-1.0,-1.0,-1
2026-05-07 21:15:20-04:00,1.365735,1.365735,1.365685,1.365695,-1.0,-1.0,-1
2026-05-07 21:15:25-04:00,1.365695,1.3657,1.365695,1.3657,-1.0,-1.0,-1
2026-05-07 21:15:30-04:00,1.3657,1.3657,1.365685,1.365685,-1.0,-1.0,-1
2026-05-07 21:15:35-04:00,1.365685,1.365695,1.365685,1.36569,-1.0,-1.0,-1
2026-05-07 21:15:40-04:00,1.36569,1.365725,1.36569,1.365715,-1.0,-1.0,-1
2026-05-07 21:15:45-04:00,1.365715,1.365725,1.365685,1.365685,-1.0,-1.0,-1
2026-05-07 21:15:50-04:00,1.365685,1.36569,1.36568,1.36569,-1.0,-1.0,-1
2026-05-07 21:15:55-04:00,1.36569,1.36569,1.365685,1.365685,-1.0,-1.0,-1
2026-05-07 21:16:00-04:00,1.365685,1.36569,1.365685,1.36569,-1.0,-1.0,-1
2026-05-07 21:16:05-04:00,1.36569,1.36569,1.365685,1.36569,-1.0,-1.0,-1
2026-05-07 21:16:10-04:00,1.36569,1.3657,1.36569,1.3657,-1.0,-1.0,-1
2026-05-07 21:16:15-04:00,1.3657,1.365705,1.36569,1.36569,-1.0,-1.0,-1
2026-05-07 21:16:20-04:00,1.36569,1.36569,1.36568,1.36568,-1.0,-1.0,-1
2026-05-07 21:16:25-04:00,1.36568,1.36569,1.365675,1.365675,-1.0,-1.0,-1
2026-05-07 21:16:30-04:00,1.365675,1.365755,1.365675,1.365755,-1.0,-1.0,-1
2026-05-07 21:16:35-04:00,1.365755,1.365785,1.365755,1.365785,-1.0,-1.0,-1
2026-05-07 21:16:40-04:00,1.365785,1.3658,1.365785,1.36579,-1.0,-1.0,-1
2026-05-07 21:16:45-04:00,1.36579,1.365795,1.365785,1.365795,-1.0,-1.0,-1
2026-05-07 21:16:50-04:00,1.365795,1.36587,1.36579,1.365855,-1.0,-1.0,-1
2026-05-07 21:16:55-04:00,1.365855,1.365865,1.36585,1.36585,-1.0,-1.0,-1
2026-05-07 21:17:00-04:00,1.36585,1.36587,1.36585,1.36587,-1.0,-1.0,-1
2026-05-07 21:17:05-04:00,1.36587,1.365885,1.36587,1.365885,-1.0,-1.0,-1
2026-05-07 21:17:10-04:00,1.365885,1.365885,1.365875,1.36588,-1.0,-1.0,-1
2026-05-07 21:17:15-04:00,1.36588,1.36588,1.36587,1.365875,-1.0,-1.0,-1
2026-05-07 21:17:20-04:00,1.365875,1.365875,1.365865,1.365865,-1.0,-1.0,-1
2026-05-07 21:17:25-04:00,1.365865,1.365865,1.3658,1.3658,-1.0,-1.0,-1
2026-05-07 21:17:30-04:00,1.3658,1.3658,1.36579,1.365795,-1.0,-1.0,-1
2026-05-07 21:17:35-04:00,1.365795,1.36582,1.365785,1.36582,-1.0,-1.0,-1
2026-05-07 21:17:40-04:00,1.36582,1.365865,1.36582,1.36586,-1.0,-1.0,-1
2026-05-07 21:17:45-04:00,1.36586,1.365865,1.365855,1.365855,-1.0,-1.0,-1
2026-05-07 21:17:50-04:00,1.365855,1.36586,1.36584,1.36584,-1.0,-1.0,-1
2026-05-07 21:17:55-04:00,1.36584,1.36587,1.36584,1.36587,-1.0,-1.0,-1
2026-05-07 21:18:00-04:00,1.36587,1.365885,1.36587,1.36588,-1.0,-1.0,-1
2026-05-07 21:18:05-04:00,1.36588,1.365885,1.365875,1.36588,-1.0,-1.0,-1
2026-05-07 21:18:10-04:00,1.36588,1.36588,1.365855,1.365855,-1.0,-1.0,-1
2026-05-07 21:18:15-04:00,1.365855,1.36586,1.36585,1.365855,-1.0,-1.0,-1
2026-05-07 21:18:20-04:00,1.365855,1.36586,1.3658,1.3658,-1.0,-1.0,-1
2026-05-07 21:18:25-04:00,1.3658,1.365805,1.36579,1.365795,-1.0,-1.0,-1
2026-05-07 21:18:30-04:00,1.365795,1.365795,1.36578,1.36578,-1.0,-1.0,-1
2026-05-07 21:18:35-04:00,1.36578,1.36579,1.36577,1.36577,-1.0,-1.0,-1
2026-05-07 21:18:40-04:00,1.36577,1.365795,1.36577,1.365795,-1.0,-1.0,-1
2026-05-07 21:18:45-04:00,1.365795,1.365795,1.36578,1.365795,-1.0,-1.0,-1
2026-05-07 21:18:50-04:00,1.365795,1.365795,1.36579,1.365795,-1.0,-1.0,-1
2026-05-07 21:18:55-04:00,1.365795,1.365795,1.36578,1.36578,-1.0,-1.0,-1
2026-05-07 21:19:00-04:00,1.36578,1.365795,1.36578,1.365795,-1.0,-1.0,-1
2026-05-07 21:19:05-04:00,1.365795,1.365795,1.365775,1.365775,-1.0,-1.0,-1
2026-05-07 21:19:10-04:00,1.365775,1.365775,1.36577,1.36577,-1.0,-1.0,-1
2026-05-07 21:19:15-04:00,1.36577,1.365775,1.36576,1.36576,-1.0,-1.0,-1
2026-05-07 21:19:20-04:00,1.36576,1.36576,1.365755,1.365755,-1.0,-1.0,-1
2026-05-07 21:19:25-04:00,1.365755,1.36577,1.365755,1.36576,-1.0,-1.0,-1
2026-05-07 21:19:30-04:00,1.36576,1.365775,1.36576,1.365775,-1.0,-1.0,-1
2026-05-07 21:19:35-04:00,1.365775,1.36578,1.36576,1.36578,-1.0,-1.0,-1
2026-05-07 21:19:40-04:00,1.36578,1.36578,1.365765,1.365765,-1.0,-1.0,-1
2026-05-07 21:19:45-04:00,1.365765,1.36578,1.36576,1.365765,-1.0,-1.0,-1
2026-05-07 21:19:50-04:00,1.365765,1.36577,1.365765,1.365765,-1.0,-1.0,-1
2026-05-07 21:19:55-04:00,1.365765,1.36578,1.365765,1.36578,-1.0,-1.0,-1
2026-05-07 21:20:00-04:00,1.36578,1.3658,1.36578,1.3658,-1.0,-1.0,-1
2026-05-07 21:20:05-04:00,1.3658,1.3658,1.36574,1.365745,-1.0,-1.0,-1
2026-05-07 21:20:10-04:00,1.365745,1.365755,1.365745,1.36575,-1.0,-1.0,-1
2026-05-07 21:20:15-04:00,1.36575,1.36576,1.36574,1.365755,-1.0,-1.0,-1
2026-05-07 21:20:20-04:00,1.365755,1.365755,1.36574,1.36575,-1.0,-1.0,-1
2026-05-07 21:20:25-04:00,1.36575,1.36576,1.36575,1.365755,-1.0,-1.0,-1
2026-05-07 21:20:30-04:00,1.365755,1.365755,1.36574,1.36574,-1.0,-1.0,-1
2026-05-07 21:20:35-04:00,1.36574,1.36574,1.36573,1.36573,-1.0,-1.0,-1
2026-05-07 21:20:40-04:00,1.36573,1.36574,1.36573,1.36574,-1.0,-1.0,-1
2026-05-07 21:20:45-04:00,1.36574,1.36574,1.36569,1.36569,-1.0,-1.0,-1
2026-05-07 21:20:50-04:00,1.36569,1.36569,1.36569,1.36569,-1.0,-1.0,-1
2026-05-07 21:20:55-04:00,1.36569,1.3657,1.36569,1.3657,-1.0,-1.0,-1
2026-05-07 21:21:00-04:00,1.3657,1.36573,1.3657,1.365705,-1.0,-1.0,-1
2026-05-07 21:21:05-04:00,1.365705,1.36571,1.3657,1.3657,-1.0,-1.0,-1
2026-05-07 21:21:10-04:00,1.3657,1.36571,1.3657,1.365705,-1.0,-1.0,-1
2026-05-07 21:21:15-04:00,1.365705,1.36571,1.3657,1.3657,-1.0,-1.0,-1
2026-05-07 21:21:20-04:00,1.3657,1.36571,1.3657,1.36571,-1.0,-1.0,-1
2026-05-07 21:21:25-04:00,1.36571,1.36572,1.365705,1.36571,-1.0,-1.0,-1
2026-05-07 21:21:30-04:00,1.36571,1.365715,1.365705,1.36571,-1.0,-1.0,-1
2026-05-07 21:21:35-04:00,1.36571,1.36571,1.365705,1.36571,-1.0,-1.0,-1
2026-05-07 21:21:40-04:00,1.36571,1.365715,1.365705,1.365715,-1.0,-1.0,-1
2026-05-07 21:21:45-04:00,1.365715,1.36577,1.365715,1.36575,-1.0,-1.0,-1
2026-05-07 21:21:50-04:00,1.36575,1.365775,1.36575,1.36575,-1.0,-1.0,-1
2026-05-07 21:21:55-04:00,1.36575,1.36577,1.36572,1.36572,-1.0,-1.0,-1
2026-05-07 21:22:00-04:00,1.36572,1.36574,1.365695,1.365695,-1.0,-1.0,-1
2026-05-07 21:22:05-04:00,1.365695,1.3657,1.36569,1.36569,-1.0,-1.0,-1
2026-05-07 21:22:10-04:00,1.36569,1.3657,1.36569,1.3657,-1.0,-1.0,-1
2026-05-07 21:22:15-04:00,1.3657,1.3657,1.36569,1.36569,-1.0,-1.0,-1
2026-05-07 21:22:20-04:00,1.36569,1.36573,1.36569,1.3657,-1.0,-1.0,-1
2026-05-07 21:22:25-04:00,1.3657,1.3657,1.365695,1.365695,-1.0,-1.0,-1
2026-05-07 21:22:30-04:00,1.365695,1.36572,1.36569,1.365715,-1.0,-1.0,-1
2026-05-07 21:22:35-04:00,1.365715,1.36573,1.36571,1.365715,-1.0,-1.0,-1
2026-05-07 21:22:40-04:00,1.365715,1.36572,1.36571,1.36572,-1.0,-1.0,-1
2026-05-07 21:22:45-04:00,1.36572,1.36572,1.365715,1.365715,-1.0,-1.0,-1
2026-05-07 21:22:50-04:00,1.365715,1.365715,1.36568,1.36568,-1.0,-1.0,-1
2026-05-07 21:22:55-04:00,1.36568,1.365685,1.36568,1.36568,-1.0,-1.0,-1
2026-05-07 21:23:00-04:00,1.36568,1.36569,1.36567,1.36568,-1.0,-1.0,-1
2026-05-07 21:23:05-04:00,1.36568,1.36569,1.365675,1.365685,-1.0,-1.0,-1
2026-05-07 21:23:10-04:00,1.365685,1.36569,1.36568,1.36568,-1.0,-1.0,-1
2026-05-07 21:23:15-04:00,1.36568,1.365735,1.36568,1.365735,-1.0,-1.0,-1
2026-05-07 21:23:20-04:00,1.365735,1.365735,1.36572,1.36572,-1.0,-1.0,-1
2026-05-07 21:23:25-04:00,1.36572,1.36572,1.36572,1.36572,-1.0,-1.0,-1
2026-05-07 21:23:30-04:00,1.36572,1.36572,1.36572,1.36572,-1.0,-1.0,-1
2026-05-07 21:23:35-04:00,1.36572,1.36574,1.36572,1.36573,-1.0,-1.0,-1
2026-05-07 21:23:40-04:00,1.36573,1.36573,1.365705,1.36572,-1.0,-1.0,-1
2026-05-07 21:23:45-04:00,1.36572,1.36573,1.3657,1.36571,-1.0,-1.0,-1
2026-05-07 21:23:50-04:00,1.36571,1.365715,1.365705,1.365715,-1.0,-1.0,-1
2026-05-07 21:23:55-04:00,1.365715,1.365715,1.365705,1.365715,-1.0,-1.0,-1
2026-05-07 21:24:00-04:00,1.365715,1.365715,1.3657,1.3657,-1.0,-1.0,-1
2026-05-07 21:24:05-04:00,1.3657,1.365705,1.3657,1.365705,-1.0,-1.0,-1
2026-05-07 21:24:10-04:00,1.365705,1.36573,1.3657,1.36573,-1.0,-1.0,-1
2026-05-07 21:24:15-04:00,1.36573,1.365735,1.36572,1.36573,-1.0,-1.0,-1
2026-05-07 21:24:20-04:00,1.36573,1.36575,1.365725,1.36575,-1.0,-1.0,-1
2026-05-07 21:24:25-04:00,1.36575,1.36576,1.36575,1.36576,-1.0,-1.0,-1
2026-05-07 21:24:30-04:00,1.36576,1.365785,1.36576,1.36578,-1.0,-1.0,-1
2026-05-07 21:24:35-04:00,1.36578,1.36587,1.36578,1.36587,-1.0,-1.0,-1
2026-05-07 21:24:40-04:00,1.36587,1.365885,1.36587,1.365885,-1.0,-1.0,-1
2026-05-07 21:24:45-04:00,1.365885,1.365885,1.3658,1.3658,-1.0,-1.0,-1
2026-05-07 21:24:50-04:00,1.3658,1.365805,1.36579,1.365795,-1.0,-1.0,-1
2026-05-07 21:24:55-04:00,1.365795,1.36581,1.36579,1.365805,-1.0,-1.0,-1
2026-05-07 21:25:00-04:00,1.365805,1.365805,1.36579,1.36579,-1.0,-1.0,-1
2026-05-07 21:25:05-04:00,1.36579,1.3658,1.365775,1.365795,-1.0,-1.0,-1
2026-05-07 21:25:10-04:00,1.365795,1.3658,1.365785,1.3658,-1.0,-1.0,-1
2026-05-07 21:25:15-04:00,1.3658,1.3658,1.36579,1.3658,-1.0,-1.0,-1
2026-05-07 21:25:20-04:00,1.3658,1.3658,1.365785,1.365785,-1.0,-1.0,-1
2026-05-07 21:25:25-04:00,1.365785,1.365785,1.36578,1.36578,-1.0,-1.0,-1
2026-05-07 21:25:30-04:00,1.36578,1.36579,1.36578,1.365785,-1.0,-1.0,-1
2026-05-07 21:25:35-04:00,1.365785,1.36579,1.365785,1.365785,-1.0,-1.0,-1
2026-05-07 21:25:40-04:00,1.365785,1.3658,1.365785,1.3658,-1.0,-1.0,-1
2026-05-07 21:25:45-04:00,1.3658,1.3658,1.3658,1.3658,-1.0,-1.0,-1
2026-05-07 21:25:50-04:00,1.3658,1.36583,1.3658,1.365815,-1.0,-1.0,-1
2026-05-07 21:25:55-04:00,1.365815,1.365825,1.365805,1.365815,-1.0,-1.0,-1
2026-05-07 21:26:00-04:00,1.365815,1.36583,1.36581,1.36583,-1.0,-1.0,-1
2026-05-07 21:26:05-04:00,1.36583,1.365835,1.36582,1.365835,-1.0,-1.0,-1
2026-05-07 21:26:10-04:00,1.365835,1.365835,1.36582,1.36583,-1.0,-1.0,-1
2026-05-07 21:26:15-04:00,1.36583,1.36583,1.36579,1.36579,-1.0,-1.0,-1
2026-05-07 21:26:20-04:00,1.36579,1.3658,1.36577,1.365775,-1.0,-1.0,-1
2026-05-07 21:26:25-04:00,1.365775,1.365775,1.365775,1.365775,-1.0,-1.0,-1
2026-05-07 21:26:30-04:00,1.365775,1.36578,1.365775,1.36578,-1.0,-1.0,-1
2026-05-07 21:26:35-04:00,1.36578,1.36578,1.365745,1.365745,-1.0,-1.0,-1
2026-05-07 21:26:40-04:00,1.365745,1.36576,1.365745,1.365745,-1.0,-1.0,-1
2026-05-07 21:26:45-04:00,1.365745,1.365745,1.36573,1.36573,-1.0,-1.0,-1
2026-05-07 21:26:50-04:00,1.36573,1.365755,1.36573,1.365755,-1.0,-1.0,-1
2026-05-07 21:26:55-04:00,1.365755,1.365755,1.365745,1.36575,-1.0,-1.0,-1
2026-05-07 21:27:00-04:00,1.36575,1.365775,1.36575,1.365775,-1.0,-1.0,-1
2026-05-07 21:27:05-04:00,1.365775,1.365775,1.365755,1.36576,-1.0,-1.0,-1
2026-05-07 21:27:10-04:00,1.36576,1.36576,1.365695,1.365695,-1.0,-1.0,-1
2026-05-07 21:27:15-04:00,1.365695,1.365715,1.365685,1.365715,-1.0,-1.0,-1
2026-05-07 21:27:20-04:00,1.365715,1.365715,1.36569,1.365715,-1.0,-1.0,-1
2026-05-07 21:27:25-04:00,1.365715,1.365715,1.365695,1.365695,-1.0,-1.0,-1
2026-05-07 21:27:30-04:00,1.365695,1.36575,1.365695,1.36573,-1.0,-1.0,-1
2026-05-07 21:27:35-04:00,1.36573,1.36575,1.36573,1.36575,-1.0,-1.0,-1
2026-05-07 21:27:40-04:00,1.36575,1.365755,1.36575,1.365755,-1.0,-1.0,-1
2026-05-07 21:27:45-04:00,1.365755,1.365755,1.365735,1.36575,-1.0,-1.0,-1
2026-05-07 21:27:50-04:00,1.36575,1.365755,1.36575,1.365755,-1.0,-1.0,-1
2026-05-07 21:27:55-04:00,1.365755,1.365755,1.36573,1.36573,-1.0,-1.0,-1
2026-05-07 21:28:00-04:00,1.36573,1.36573,1.36573,1.36573,-1.0,-1.0,-1
2026-05-07 21:28:05-04:00,1.36573,1.36573,1.36573,1.36573,-1.0,-1.0,-1
2026-05-07 21:28:10-04:00,1.36573,1.365755,1.365725,1.365745,-1.0,-1.0,-1
2026-05-07 21:28:15-04:00,1.365745,1.36578,1.365745,1.36576,-1.0,-1.0,-1
2026-05-07 21:28:20-04:00,1.36576,1.36577,1.365755,1.36576,-1.0,-1.0,-1
2026-05-07 21:28:25-04:00,1.36576,1.365775,1.36576,1.365775,-1.0,-1.0,-1
2026-05-07 21:28:30-04:00,1.365775,1.365785,1.365775,1.365785,-1.0,-1.0,-1
2026-05-07 21:28:35-04:00,1.365785,1.3658,1.365785,1.365785,-1.0,-1.0,-1
2026-05-07 21:28:40-04:00,1.365785,1.3658,1.365785,1.3658,-1.0,-1.0,-1
2026-05-07 21:28:45-04:00,1.3658,1.36582,1.3658,1.36581,-1.0,-1.0,-1
2026-05-07 21:28:50-04:00,1.36581,1.365825,1.36581,1.365825,-1.0,-1.0,-1
2026-05-07 21:28:55-04:00,1.365825,1.365825,1.365785,1.3658,-1.0,-1.0,-1
2026-05-07 21:29:00-04:00,1.3658,1.365805,1.36577,1.36579,-1.0,-1.0,-1
2026-05-07 21:29:05-04:00,1.36579,1.36579,1.36577,1.36578,-1.0,-1.0,-1
2026-05-07 21:29:10-04:00,1.36578,1.365795,1.365775,1.365775,-1.0,-1.0,-1
2026-05-07 21:29:15-04:00,1.365775,1.365785,1.365775,1.365785,-1.0,-1.0,-1
2026-05-07 21:29:20-04:00,1.365785,1.365805,1.365785,1.365805,-1.0,-1.0,-1
2026-05-07 21:29:25-04:00,1.365805,1.365805,1.3658,1.365805,-1.0,-1.0,-1
2026-05-07 21:29:30-04:00,1.365805,1.365805,1.3658,1.365805,-1.0,-1.0,-1
2026-05-07 21:29:35-04:00,1.365805,1.36583,1.365805,1.36583,-1.0,-1.0,-1
2026-05-07 21:29:40-04:00,1.36583,1.36583,1.36581,1.365815,-1.0,-1.0,-1
2026-05-07 21:29:45-04:00,1.365815,1.365825,1.365805,1.365805,-1.0,-1.0,-1
2026-05-07 21:29:50-04:00,1.365805,1.365825,1.365805,1.365825,-1.0,-1.0,-1
2026-05-07 21:29:55-04:00,1.365825,1.365845,1.365825,1.365845,-1.0,-1.0,-1
2026-05-07 21:30:00-04:00,1.365845,1.365845,1.3658,1.365805,-1.0,-1.0,-1
2026-05-07 21:30:05-04:00,1.365805,1.36582,1.365805,1.365815,-1.0,-1.0,-1
2026-05-07 21:30:10-04:00,1.365815,1.36583,1.365805,1.365825,-1.0,-1.0,-1
2026-05-07 21:30:15-04:00,1.365825,1.36586,1.365825,1.36586,-1.0,-1.0,-1
2026-05-07 21:30:20-04:00,1.36586,1.36587,1.36586,1.36587,-1.0,-1.0,-1
2026-05-07 21:30:25-04:00,1.36587,1.365875,1.36587,1.36587,-1.0,-1.0,-1
2026-05-07 21:30:30-04:00,1.36587,1.36587,1.36584,1.36584,-1.0,-1.0,-1
2026-05-07 21:30:35-04:00,1.36584,1.36584,1.36578,1.36579,-1.0,-1.0,-1
2026-05-07 21:30:40-04:00,1.36579,1.365815,1.36579,1.36581,-1.0,-1.0,-1
2026-05-07 21:30:45-04:00,1.36581,1.365825,1.36581,1.365815,-1.0,-1.0,-1
2026-05-07 21:30:50-04:00,1.365815,1.365815,1.365805,1.365815,-1.0,-1.0,-1
2026-05-07 21:30:55-04:00,1.365815,1.365815,1.365805,1.36581,-1.0,-1.0,-1
2026-05-07 21:31:00-04:00,1.36581,1.36583,1.365805,1.365815,-1.0,-1.0,-1
2026-05-07 21:31:05-04:00,1.365815,1.36582,1.365815,1.365815,-1.0,-1.0,-1
2026-05-07 21:31:10-04:00,1.365815,1.365815,1.365725,1.365725,-1.0,-1.0,-1
2026-05-07 21:31:15-04:00,1.365725,1.36574,1.365725,1.36573,-1.0,-1.0,-1
2026-05-07 21:31:20-04:00,1.36573,1.36573,1.3657,1.365715,-1.0,-1.0,-1
2026-05-07 21:31:25-04:00,1.365715,1.365715,1.3657,1.3657,-1.0,-1.0,-1
2026-05-07 21:31:30-04:00,1.3657,1.36571,1.3657,1.36571,-1.0,-1.0,-1
2026-05-07 21:31:35-04:00,1.36571,1.365725,1.36569,1.365695,-1.0,-1.0,-1
2026-05-07 21:31:40-04:00,1.365695,1.3657,1.36569,1.365695,-1.0,-1.0,-1
2026-05-07 21:31:45-04:00,1.365695,1.365695,1.36567,1.36567,-1.0,-1.0,-1
2026-05-07 21:31:50-04:00,1.36567,1.365745,1.36567,1.365745,-1.0,-1.0,-1
2026-05-07 21:31:55-04:00,1.365745,1.36575,1.365745,1.36575,-1.0,-1.0,-1
2026-05-07 21:32:00-04:00,1.36575,1.36576,1.365745,1.36575,-1.0,-1.0,-1
2026-05-07 21:32:05-04:00,1.36575,1.36575,1.365745,1.365745,-1.0,-1.0,-1
2026-05-07 21:32:10-04:00,1.365745,1.36577,1.365745,1.365765,-1.0,-1.0,-1
2026-05-07 21:32:15-04:00,1.365765,1.36577,1.365765,1.365765,-1.0,-1.0,-1
2026-05-07 21:32:20-04:00,1.365765,1.36577,1.36576,1.365765,-1.0,-1.0,-1
2026-05-07 21:32:25-04:00,1.365765,1.36577,1.365755,1.36576,-1.0,-1.0,-1
2026-05-07 21:32:30-04:00,1.36576,1.36576,1.365755,1.365755,-1.0,-1.0,-1
2026-05-07 21:32:35-04:00,1.365755,1.36577,1.36572,1.36572,-1.0,-1.0,-1
2026-05-07 21:32:40-04:00,1.36572,1.36572,1.36572,1.36572,-1.0,-1.0,-1
2026-05-07 21:32:45-04:00,1.36572,1.365735,1.36572,1.365735,-1.0,-1.0,-1
2026-05-07 21:32:50-04:00,1.365735,1.365735,1.36572,1.36572,-1.0,-1.0,-1
2026-05-07 21:32:55-04:00,1.36572,1.36572,1.36572,1.36572,-1.0,-1.0,-1
2026-05-07 21:33:00-04:00,1.36572,1.365735,1.36572,1.36573,-1.0,-1.0,-1
2026-05-07 21:33:05-04:00,1.36573,1.36576,1.36573,1.36576,-1.0,-1.0,-1
2026-05-07 21:33:10-04:00,1.36576,1.365775,1.36566,1.36566,-1.0,-1.0,-1
2026-05-07 21:33:15-04:00,1.36566,1.365725,1.36566,1.365725,-1.0,-1.0,-1
2026-05-07 21:33:20-04:00,1.365725,1.36576,1.365725,1.365755,-1.0,-1.0,-1
2026-05-07 21:33:25-04:00,1.365755,1.36576,1.365755,1.36576,-1.0,-1.0,-1
2026-05-07 21:33:30-04:00,1.36576,1.36576,1.36576,1.36576,-1.0,-1.0,-1
2026-05-07 21:33:35-04:00,1.36576,1.36577,1.365755,1.36576,-1.0,-1.0,-1
2026-05-07 21:33:40-04:00,1.36576,1.36577,1.365755,1.365755,-1.0,-1.0,-1
2026-05-07 21:33:45-04:00,1.365755,1.365755,1.365755,1.365755,-1.0,-1.0,-1
2026-05-07 21:33:50-04:00,1.365755,1.365785,1.365755,1.365775,-1.0,-1.0,-1
2026-05-07 21:33:55-04:00,1.365775,1.365775,1.36576,1.36576,-1.0,-1.0,-1
2026-05-07 21:34:00-04:00,1.36576,1.36576,1.365755,1.365755,-1.0,-1.0,-1
2026-05-07 21:34:05-04:00,1.365755,1.365755,1.365755,1.365755,-1.0,-1.0,-1
2026-05-07 21:34:10-04:00,1.365755,1.365755,1.365755,1.365755,-1.0,-1.0,-1
2026-05-07 21:34:15-04:00,1.365755,1.36576,1.365755,1.36576,-1.0,-1.0,-1
2026-05-07 21:34:20-04:00,1.36576,1.36576,1.36576,1.36576,-1.0,-1.0,-1
2026-05-07 21:34:25-04:00,1.36576,1.36576,1.365755,1.36576,-1.0,-1.0,-1
2026-05-07 21:34:30-04:00,1.36576,1.36576,1.365755,1.365755,-1.0,-1.0,-1
2026-05-07 21:34:35-04:00,1.365755,1.365755,1.365755,1.365755,-1.0,-1.0,-1
2026-05-07 21:34:40-04:00,1.365755,1.365755,1.36575,1.365755,-1.0,-1.0,-1
2026-05-07 21:34:45-04:00,1.365755,1.36576,1.365755,1.36576,-1.0,-1.0,-1
2026-05-07 21:34:50-04:00,1.36576,1.36576,1.36576,1.36576,-1.0,-1.0,-1
2026-05-07 21:34:55-04:00,1.36576,1.36576,1.36576,1.36576,-1.0,-1.0,-1
2026-05-07 21:35:00-04:00,1.36576,1.365825,1.36576,1.365825,-1.0,-1.0,-1
2026-05-07 21:35:05-04:00,1.365825,1.365845,1.365825,1.365825,-1.0,-1.0,-1
2026-05-07 21:35:10-04:00,1.365825,1.365825,1.365785,1.365795,-1.0,-1.0,-1
2026-05-07 21:35:15-04:00,1.365795,1.365795,1.365775,1.365775,-1.0,-1.0,-1
2026-05-07 21:35:20-04:00,1.365775,1.365805,1.365775,1.3658,-1.0,-1.0,-1
2026-05-07 21:35:25-04:00,1.3658,1.365805,1.365775,1.365785,-1.0,-1.0,-1
2026-05-07 21:35:30-04:00,1.365785,1.365785,1.36577,1.365775,-1.0,-1.0,-1
2026-05-07 21:35:35-04:00,1.365775,1.365775,1.365775,1.365775,-1.0,-1.0,-1
2026-05-07 21:35:40-04:00,1.365775,1.3658,1.365775,1.365785,-1.0,-1.0,-1
2026-05-07 21:35:45-04:00,1.365785,1.3658,1.365785,1.365785,-1.0,-1.0,-1
2026-05-07 21:35:50-04:00,1.365785,1.3658,1.365775,1.365775,-1.0,-1.0,-1
2026-05-07 21:35:55-04:00,1.365775,1.36578,1.365775,1.365775,-1.0,-1.0,-1
2026-05-07 21:36:00-04:00,1.365775,1.365785,1.365775,1.36578,-1.0,-1.0,-1
2026-05-07 21:36:05-04:00,1.36578,1.36581,1.36578,1.36581,-1.0,-1.0,-1
2026-05-07 21:36:10-04:00,1.36581,1.365815,1.36581,1.365815,-1.0,-1.0,-1
2026-05-07 21:36:15-04:00,1.365815,1.365815,1.3658,1.36581,-1.0,-1.0,-1
2026-05-07 21:36:20-04:00,1.36581,1.365845,1.3658,1.365805,-1.0,-1.0,-1
2026-05-07 21:36:25-04:00,1.365805,1.365815,1.3658,1.3658,-1.0,-1.0,-1
2026-05-07 21:36:30-04:00,1.3658,1.36584,1.3658,1.36584,-1.0,-1.0,-1
2026-05-07 21:36:35-04:00,1.36584,1.36584,1.365825,1.365835,-1.0,-1.0,-1
2026-05-07 21:36:40-04:00,1.365835,1.365835,1.365825,1.365825,-1.0,-1.0,-1
2026-05-07 21:36:45-04:00,1.365825,1.36583,1.36582,1.36583,-1.0,-1.0,-1
2026-05-07 21:36:50-04:00,1.36583,1.36586,1.36583,1.36585,-1.0,-1.0,-1
2026-05-07 21:36:55-04:00,1.36585,1.36585,1.365815,1.365825,-1.0,-1.0,-1
2026-05-07 21:37:00-04:00,1.365825,1.365825,1.365815,1.36582,-1.0,-1.0,-1
2026-05-07 21:37:05-04:00,1.36582,1.36582,1.365815,1.36582,-1.0,-1.0,-1
2026-05-07 21:37:10-04:00,1.36582,1.36585,1.36582,1.365845,-1.0,-1.0,-1
2026-05-07 21:37:15-04:00,1.365845,1.365845,1.36583,1.365845,-1.0,-1.0,-1
2026-05-07 21:37:20-04:00,1.365845,1.365865,1.365845,1.365865,-1.0,-1.0,-1
2026-05-07 21:37:25-04:00,1.365865,1.36592,1.365865,1.36591,-1.0,-1.0,-1
2026-05-07 21:37:30-04:00,1.36591,1.365915,1.36587,1.36587,-1.0,-1.0,-1
2026-05-07 21:37:35-04:00,1.36587,1.365875,1.365865,1.36587,-1.0,-1.0,-1
2026-05-07 21:37:40-04:00,1.36587,1.365875,1.36587,1.365875,-1.0,-1.0,-1
2026-05-07 21:37:45-04:00,1.365875,1.365875,1.365865,1.365865,-1.0,-1.0,-1
2026-05-07 21:37:50-04:00,1.365865,1.365865,1.36586,1.365865,-1.0,-1.0,-1
2026-05-07 21:37:55-04:00,1.365865,1.365865,1.365865,1.365865,-1.0,-1.0,-1
2026-05-07 21:38:00-04:00,1.365865,1.365865,1.365845,1.36586,-1.0,-1.0,-1
2026-05-07 21:38:05-04:00,1.36586,1.36586,1.36579,1.36579,-1.0,-1.0,-1
2026-05-07 21:38:10-04:00,1.36579,1.36579,1.36576,1.36577,-1.0,-1.0,-1
2026-05-07 21:38:15-04:00,1.36577,1.365805,1.36577,1.3658,-1.0,-1.0,-1
2026-05-07 21:38:20-04:00,1.3658,1.365805,1.3658,1.365805,-1.0,-1.0,-1
2026-05-07 21:38:25-04:00,1.365805,1.365815,1.365805,1.36581,-1.0,-1.0,-1
2026-05-07 21:38:30-04:00,1.36581,1.365815,1.365805,1.36581,-1.0,-1.0,-1
2026-05-07 21:38:35-04:00,1.36581,1.36585,1.36581,1.36585,-1.0,-1.0,-1
2026-05-07 21:38:40-04:00,1.36585,1.36585,1.36585,1.36585,-1.0,-1.0,-1
2026-05-07 21:38:45-04:00,1.36585,1.36585,1.36585,1.36585,-1.0,-1.0,-1
2026-05-07 21:38:50-04:00,1.36585,1.365865,1.36585,1.365865,-1.0,-1.0,-1
2026-05-07 21:38:55-04:00,1.365865,1.365865,1.365845,1.36585,-1.0,-1.0,-1
2026-05-07 21:39:00-04:00,1.36585,1.36585,1.365805,1.365805,-1.0,-1.0,-1
2026-05-07 21:39:05-04:00,1.365805,1.365825,1.365805,1.365825,-1.0,-1.0,-1
2026-05-07 21:39:10-04:00,1.365825,1.365865,1.365825,1.365865,-1.0,-1.0,-1
2026-05-07 21:39:15-04:00,1.365865,1.365865,1.36585,1.365865,-1.0,-1.0,-1
2026-05-07 21:39:20-04:00,1.365865,1.365865,1.36586,1.36586,-1.0,-1.0,-1
2026-05-07 21:39:25-04:00,1.36586,1.36586,1.36584,1.36584,-1.0,-1.0,-1
2026-05-07 21:39:30-04:00,1.36584,1.36584,1.365815,1.365825,-1.0,-1.0,-1
2026-05-07 21:39:35-04:00,1.365825,1.36584,1.365825,1.36583,-1.0,-1.0,-1
2026-05-07 21:39:40-04:00,1.36583,1.36583,1.365815,1.365825,-1.0,-1.0,-1
2026-05-07 21:39:45-04:00,1.365825,1.36583,1.36582,1.365825,-1.0,-1.0,-1
2026-05-07 21:39:50-04:00,1.365825,1.365835,1.36582,1.365835,-1.0,-1.0,-1
2026-05-07 21:39:55-04:00,1.365835,1.36585,1.36583,1.365845,-1.0,-1.0,-1
2026-05-07 21:40:00-04:00,1.365845,1.36585,1.365835,1.36585,-1.0,-1.0,-1
2026-05-07 21:40:05-04:00,1.36585,1.36585,1.36585,1.36585,-1.0,-1.0,-1
2026-05-07 21:40:10-04:00,1.36585,1.36585,1.36585,1.36585,-1.0,-1.0,-1
2026-05-07 21:40:15-04:00,1.36585,1.36585,1.36585,1.36585,-1.0,-1.0,-1
2026-05-07 21:40:20-04:00,1.36585,1.365865,1.36585,1.365865,-1.0,-1.0,-1
2026-05-07 21:40:25-04:00,1.365865,1.365865,1.365865,1.365865,-1.0,-1.0,-1
2026-05-07 21:40:30-04:00,1.365865,1.365865,1.36581,1.36581,-1.0,-1.0,-1
2026-05-07 21:40:35-04:00,1.36581,1.36581,1.3658,1.3658,-1.0,-1.0,-1
2026-05-07 21:40:40-04:00,1.3658,1.3658,1.365785,1.36579,-1.0,-1.0,-1
2026-05-07 21:40:45-04:00,1.36579,1.36579,1.365775,1.365775,-1.0,-1.0,-1
2026-05-07 21:40:50-04:00,1.365775,1.365775,1.365775,1.365775,-1.0,-1.0,-1
2026-05-07 21:40:55-04:00,1.365775,1.365785,1.365775,1.365785,-1.0,-1.0,-1
2026-05-07 21:41:00-04:00,1.365785,1.36582,1.365785,1.36581,-1.0,-1.0,-1
2026-05-07 21:41:05-04:00,1.36581,1.36581,1.36579,1.36579,-1.0,-1.0,-1
2026-05-07 21:41:10-04:00,1.36579,1.365805,1.36579,1.3658,-1.0,-1.0,-1
2026-05-07 21:41:15-04:00,1.3658,1.3658,1.3658,1.3658,-1.0,-1.0,-1
2026-05-07 21:41:20-04:00,1.3658,1.3658,1.3658,1.3658,-1.0,-1.0,-1
2026-05-07 21:41:25-04:00,1.3658,1.365815,1.3658,1.365815,-1.0,-1.0,-1
2026-05-07 21:41:30-04:00,1.365815,1.365825,1.365805,1.365825,-1.0,-1.0,-1
2026-05-07 21:41:35-04:00,1.365825,1.365865,1.365825,1.365865,-1.0,-1.0,-1
2026-05-07 21:41:40-04:00,1.365865,1.365865,1.36584,1.36584,-1.0,-1.0,-1
2026-05-07 21:41:45-04:00,1.36584,1.36584,1.36582,1.36582,-1.0,-1.0,-1
2026-05-07 21:41:50-04:00,1.36582,1.36585,1.36582,1.36585,-1.0,-1.0,-1
2026-05-07 21:41:55-04:00,1.36585,1.36585,1.36585,1.36585,-1.0,-1.0,-1
2026-05-07 21:42:00-04:00,1.36585,1.365865,1.36585,1.365865,-1.0,-1.0,-1
2026-05-07 21:42:05-04:00,1.365865,1.365865,1.365865,1.365865,-1.0,-1.0,-1
2026-05-07 21:42:10-04:00,1.365865,1.36587,1.365865,1.365865,-1.0,-1.0,-1
2026-05-07 21:42:15-04:00,1.365865,1.365865,1.365845,1.365845,-1.0,-1.0,-1
2026-05-07 21:42:20-04:00,1.365845,1.36585,1.365845,1.36585,-1.0,-1.0,-1
2026-05-07 21:42:25-04:00,1.36585,1.36588,1.36585,1.36588,-1.0,-1.0,-1
2026-05-07 21:42:30-04:00,1.36588,1.36589,1.36588,1.365885,-1.0,-1.0,-1
2026-05-07 21:42:35-04:00,1.365885,1.365885,1.365855,1.36587,-1.0,-1.0,-1
2026-05-07 21:42:40-04:00,1.36587,1.36587,1.36587,1.36587,-1.0,-1.0,-1
2026-05-07 21:42:45-04:00,1.36587,1.365875,1.36587,1.365875,-1.0,-1.0,-1
2026-05-07 21:42:50-04:00,1.365875,1.365875,1.36587,1.36587,-1.0,-1.0,-1
2026-05-07 21:42:55-04:00,1.36587,1.36588,1.36587,1.36588,-1.0,-1.0,-1
2026-05-07 21:43:00-04:00,1.36588,1.36588,1.36585,1.36585,-1.0,-1.0,-1
2026-05-07 21:43:05-04:00,1.36585,1.36586,1.36585,1.36585,-1.0,-1.0,-1
2026-05-07 21:43:10-04:00,1.36585,1.36585,1.36583,1.36585,-1.0,-1.0,-1
2026-05-07 21:43:15-04:00,1.36585,1.36586,1.36585,1.365855,-1.0,-1.0,-1
2026-05-07 21:43:20-04:00,1.365855,1.36586,1.365855,1.365855,-1.0,-1.0,-1
2026-05-07 21:43:25-04:00,1.365855,1.36586,1.36585,1.36585,-1.0,-1.0,-1
2026-05-07 21:43:30-04:00,1.36585,1.365885,1.36585,1.365885,-1.0,-1.0,-1
2026-05-07 21:43:35-04:00,1.365885,1.365885,1.365855,1.365855,-1.0,-1.0,-1
2026-05-07 21:43:40-04:00,1.365855,1.365865,1.365855,1.365865,-1.0,-1.0,-1
2026-05-07 21:43:45-04:00,1.365865,1.36587,1.365865,1.36587,-1.0,-1.0,-1
2026-05-07 21:43:50-04:00,1.36587,1.36587,1.36585,1.36585,-1.0,-1.0,-1
2026-05-07 21:43:55-04:00,1.36585,1.36585,1.36584,1.36584,-1.0,-1.0,-1
2026-05-07 21:44:00-04:00,1.36584,1.365845,1.36583,1.36584,-1.0,-1.0,-1
2026-05-07 21:44:05-04:00,1.36584,1.36584,1.365835,1.36584,-1.0,-1.0,-1
2026-05-07 21:44:10-04:00,1.36584,1.365865,1.365835,1.365865,-1.0,-1.0,-1
2026-05-07 21:44:15-04:00,1.365865,1.36587,1.365865,1.365865,-1.0,-1.0,-1
2026-05-07 21:44:20-04:00,1.365865,1.365865,1.365865,1.365865,-1.0,-1.0,-1
2026-05-07 21:44:25-04:00,1.365865,1.365865,1.365865,1.365865,-1.0,-1.0,-1
2026-05-07 21:44:30-04:00,1.365865,1.365865,1.365825,1.36583,-1.0,-1.0,-1
2026-05-07 21:44:35-04:00,1.36583,1.36584,1.365825,1.365825,-1.0,-1.0,-1
2026-05-07 21:44:40-04:00,1.365825,1.365825,1.365825,1.365825,-1.0,-1.0,-1
2026-05-07 21:44:45-04:00,1.365825,1.36585,1.365825,1.365835,-1.0,-1.0,-1
2026-05-07 21:44:50-04:00,1.365835,1.365835,1.365825,1.36583,-1.0,-1.0,-1
2026-05-07 21:44:55-04:00,1.36583,1.365835,1.36583,1.365835,-1.0,-1.0,-1
2026-05-07 21:45:00-04:00,1.365835,1.365835,1.365805,1.36582,-1.0,-1.0,-1
2026-05-07 21:45:05-04:00,1.36582,1.36582,1.365815,1.36582,-1.0,-1.0,-1
2026-05-07 21:45:10-04:00,1.36582,1.365825,1.36581,1.36581,-1.0,-1.0,-1
2026-05-07 21:45:15-04:00,1.36581,1.36582,1.36581,1.36581,-1.0,-1.0,-1
2026-05-07 21:45:20-04:00,1.36581,1.36582,1.36581,1.36581,-1.0,-1.0,-1
2026-05-07 21:45:25-04:00,1.36581,1.36582,1.365805,1.365815,-1.0,-1.0,-1
2026-05-07 21:45:30-04:00,1.365815,1.365815,1.36581,1.36581,-1.0,-1.0,-1
2026-05-07 21:45:35-04:00,1.36581,1.36583,1.365805,1.36583,-1.0,-1.0,-1
2026-05-07 21:45:40-04:00,1.36583,1.36586,1.36583,1.365855,-1.0,-1.0,-1
2026-05-07 21:45:45-04:00,1.365855,1.365885,1.365855,1.365885,-1.0,-1.0,-1
2026-05-07 21:45:50-04:00,1.365885,1.365885,1.365875,1.365875,-1.0,-1.0,-1
2026-05-07 21:45:55-04:00,1.365875,1.365885,1.365865,1.365865,-1.0,-1.0,-1
2026-05-07 21:46:00-04:00,1.365865,1.365865,1.36585,1.36585,-1.0,-1.0,-1
2026-05-07 21:46:05-04:00,1.36585,1.36586,1.36582,1.36582,-1.0,-1.0,-1
2026-05-07 21:46:10-04:00,1.36582,1.36583,1.36582,1.36583,-1.0,-1.0,-1
2026-05-07 21:46:15-04:00,1.36583,1.365835,1.36583,1.36583,-1.0,-1.0,-1
2026-05-07 21:46:20-04:00,1.36583,1.36583,1.365735,1.365735,-1.0,-1.0,-1
2026-05-07 21:46:25-04:00,1.365735,1.36574,1.36572,1.365735,-1.0,-1.0,-1
2026-05-07 21:46:30-04:00,1.365735,1.36578,1.365735,1.36578,-1.0,-1.0,-1
2026-05-07 21:46:35-04:00,1.36578,1.365795,1.365725,1.365735,-1.0,-1.0,-1
2026-05-07 21:46:40-04:00,1.365735,1.365735,1.365725,1.365735,-1.0,-1.0,-1
2026-05-07 21:46:45-04:00,1.365735,1.365735,1.365715,1.365715,-1.0,-1.0,-1
2026-05-07 21:46:50-04:00,1.365715,1.365735,1.365715,1.36573,-1.0,-1.0,-1
2026-05-07 21:46:55-04:00,1.36573,1.36574,1.365725,1.36573,-1.0,-1.0,-1
2026-05-07 21:47:00-04:00,1.36573,1.36574,1.36573,1.36574,-1.0,-1.0,-1
2026-05-07 21:47:05-04:00,1.36574,1.36574,1.36574,1.36574,-1.0,-1.0,-1
2026-05-07 21:47:10-04:00,1.36574,1.36576,1.36574,1.36576,-1.0,-1.0,-1
2026-05-07 21:47:15-04:00,1.36576,1.36576,1.36575,1.36575,-1.0,-1.0,-1
2026-05-07 21:47:20-04:00,1.36575,1.36577,1.36574,1.36576,-1.0,-1.0,-1
2026-05-07 21:47:25-04:00,1.36576,1.36577,1.36576,1.365765,-1.0,-1.0,-1
2026-05-07 21:47:30-04:00,1.365765,1.36578,1.365765,1.36578,-1.0,-1.0,-1
2026-05-07 21:47:35-04:00,1.36578,1.36578,1.36576,1.36576,-1.0,-1.0,-1
2026-05-07 21:47:40-04:00,1.36576,1.36576,1.36576,1.36576,-1.0,-1.0,-1
2026-05-07 21:47:45-04:00,1.36576,1.36577,1.365725,1.36574,-1.0,-1.0,-1
2026-05-07 21:47:50-04:00,1.36574,1.36574,1.365735,1.365735,-1.0,-1.0,-1
2026-05-07 21:47:55-04:00,1.365735,1.365735,1.365725,1.365735,-1.0,-1.0,-1
2026-05-07 21:48:00-04:00,1.365735,1.365735,1.365725,1.365725,-1.0,-1.0,-1
2026-05-07 21:48:05-04:00,1.365725,1.36573,1.365725,1.365725,-1.0,-1.0,-1
2026-05-07 21:48:10-04:00,1.365725,1.365735,1.365725,1.365735,-1.0,-1.0,-1
2026-05-07 21:48:15-04:00,1.365735,1.365795,1.365735,1.365785,-1.0,-1.0,-1
2026-05-07 21:48:20-04:00,1.365785,1.365785,1.365775,1.365775,-1.0,-1.0,-1
2026-05-07 21:48:25-04:00,1.365775,1.365785,1.365775,1.365775,-1.0,-1.0,-1
2026-05-07 21:48:30-04:00,1.365775,1.36578,1.365775,1.365775,-1.0,-1.0,-1
2026-05-07 21:48:35-04:00,1.365775,1.365775,1.36576,1.36577,-1.0,-1.0,-1
2026-05-07 21:48:40-04:00,1.36577,1.365775,1.36576,1.365775,-1.0,-1.0,-1
2026-05-07 21:48:45-04:00,1.365775,1.36578,1.36577,1.365775,-1.0,-1.0,-1
2026-05-07 21:48:50-04:00,1.365775,1.365775,1.365775,1.365775,-1.0,-1.0,-1
2026-05-07 21:48:55-04:00,1.365775,1.36578,1.36577,1.36577,-1.0,-1.0,-1
2026-05-07 21:49:00-04:00,1.36577,1.365775,1.36577,1.36577,-1.0,-1.0,-1
2026-05-07 21:49:05-04:00,1.36577,1.365775,1.365755,1.365755,-1.0,-1.0,-1
2026-05-07 21:49:10-04:00,1.365755,1.36576,1.365755,1.365755,-1.0,-1.0,-1
2026-05-07 21:49:15-04:00,1.365755,1.365755,1.365755,1.365755,-1.0,-1.0,-1
2026-05-07 21:49:20-04:00,1.365755,1.36576,1.365755,1.36576,-1.0,-1.0,-1
2026-05-07 21:49:25-04:00,1.36576,1.36576,1.365755,1.365755,-1.0,-1.0,-1
2026-05-07 21:49:30-04:00,1.365755,1.365755,1.365755,1.365755,-1.0,-1.0,-1
2026-05-07 21:49:35-04:00,1.365755,1.365755,1.365755,1.365755,-1.0,-1.0,-1
2026-05-07 21:49:40-04:00,1.365755,1.365755,1.365755,1.365755,-1.0,-1.0,-1
2026-05-07 21:49:45-04:00,1.365755,1.365755,1.36573,1.365745,-1.0,-1.0,-1
2026-05-07 21:49:50-04:00,1.365745,1.365745,1.36569,1.365695,-1.0,-1.0,-1
2026-05-07 21:49:55-04:00,1.365695,1.365735,1.365695,1.365735,-1.0,-1.0,-1
2026-05-07 21:50:00-04:00,1.365735,1.365735,1.365685,1.365685,-1.0,-1.0,-1
2026-05-07 21:50:05-04:00,1.365685,1.36569,1.365685,1.36569,-1.0,-1.0,-1
2026-05-07 21:50:10-04:00,1.36569,1.365715,1.365685,1.365715,-1.0,-1.0,-1
2026-05-07 21:50:15-04:00,1.365715,1.365715,1.3657,1.365715,-1.0,-1.0,-1
2026-05-07 21:50:20-04:00,1.365715,1.365715,1.3657,1.365705,-1.0,-1.0,-1
2026-05-07 21:50:25-04:00,1.365705,1.36573,1.365705,1.36573,-1.0,-1.0,-1
2026-05-07 21:50:30-04:00,1.36573,1.36574,1.365725,1.365735,-1.0,-1.0,-1
2026-05-07 21:50:35-04:00,1.365735,1.36574,1.365735,1.36574,-1.0,-1.0,-1
2026-05-07 21:50:40-04:00,1.36574,1.36574,1.365735,1.365735,-1.0,-1.0,-1
2026-05-07 21:50:45-04:00,1.365735,1.36574,1.365735,1.365735,-1.0,-1.0,-1
2026-05-07 21:50:50-04:00,1.365735,1.36574,1.365725,1.365735,-1.0,-1.0,-1
2026-05-07 21:50:55-04:00,1.365735,1.36574,1.36573,1.36573,-1.0,-1.0,-1
2026-05-07 21:51:00-04:00,1.36573,1.36573,1.36571,1.365715,-1.0,-1.0,-1
2026-05-07 21:51:05-04:00,1.365715,1.365725,1.36571,1.365725,-1.0,-1.0,-1
2026-05-07 21:51:10-04:00,1.365725,1.365725,1.365695,1.365695,-1.0,-1.0,-1
2026-05-07 21:51:15-04:00,1.365695,1.365735,1.365695,1.365735,-1.0,-1.0,-1
2026-05-07 21:51:20-04:00,1.365735,1.365735,1.36572,1.365725,-1.0,-1.0,-1
2026-05-07 21:51:25-04:00,1.365725,1.365725,1.36572,1.365725,-1.0,-1.0,-1
2026-05-07 21:51:30-04:00,1.365725,1.365725,1.36572,1.36572,-1.0,-1.0,-1
2026-05-07 21:51:35-04:00,1.36572,1.36572,1.36569,1.365715,-1.0,-1.0,-1
2026-05-07 21:51:40-04:00,1.365715,1.365725,1.365715,1.365725,-1.0,-1.0,-1
2026-05-07 21:51:45-04:00,1.365725,1.365725,1.365715,1.365725,-1.0,-1.0,-1
2026-05-07 21:51:50-04:00,1.365725,1.365725,1.365705,1.365705,-1.0,-1.0,-1
2026-05-07 21:51:55-04:00,1.365705,1.365735,1.365705,1.365735,-1.0,-1.0,-1
2026-05-07 21:52:00-04:00,1.365735,1.36576,1.365735,1.36576,-1.0,-1.0,-1
2026-05-07 21:52:05-04:00,1.36576,1.36576,1.36576,1.36576,-1.0,-1.0,-1
2026-05-07 21:52:10-04:00,1.36576,1.36577,1.36576,1.36576,-1.0,-1.0,-1
2026-05-07 21:52:15-04:00,1.36576,1.365775,1.36576,1.365775,-1.0,-1.0,-1
2026-05-07 21:52:20-04:00,1.365775,1.365775,1.365775,1.365775,-1.0,-1.0,-1
2026-05-07 21:52:25-04:00,1.365775,1.36579,1.365775,1.365785,-1.0,-1.0,-1
2026-05-07 21:52:30-04:00,1.365785,1.36579,1.365785,1.365785,-1.0,-1.0,-1
2026-05-07 21:52:35-04:00,1.365785,1.365785,1.36577,1.365775,-1.0,-1.0,-1
2026-05-07 21:52:40-04:00,1.365775,1.365775,1.365775,1.365775,-1.0,-1.0,-1
2026-05-07 21:52:45-04:00,1.365775,1.365775,1.365775,1.365775,-1.0,-1.0,-1
2026-05-07 21:52:50-04:00,1.365775,1.365805,1.365775,1.365805,-1.0,-1.0,-1
2026-05-07 21:52:55-04:00,1.365805,1.365815,1.36579,1.36579,-1.0,-1.0,-1
2026-05-07 21:53:00-04:00,1.36579,1.3658,1.36578,1.3658,-1.0,-1.0,-1
2026-05-07 21:53:05-04:00,1.3658,1.365805,1.36579,1.365795,-1.0,-1.0,-1
2026-05-07 21:53:10-04:00,1.365795,1.365795,1.365775,1.36578,-1.0,-1.0,-1
2026-05-07 21:53:15-04:00,1.36578,1.365785,1.36578,1.365785,-1.0,-1.0,-1
2026-05-07 21:53:20-04:00,1.365785,1.36579,1.365785,1.36579,-1.0,-1.0,-1
2026-05-07 21:53:25-04:00,1.36579,1.36579,1.36578,1.36578,-1.0,-1.0,-1
2026-05-07 21:53:30-04:00,1.36578,1.36578,1.36576,1.36577,-1.0,-1.0,-1
2026-05-07 21:53:35-04:00,1.36577,1.36577,1.36576,1.36576,-1.0,-1.0,-1
2026-05-07 21:53:40-04:00,1.36576,1.36577,1.36576,1.36577,-1.0,-1.0,-1
2026-05-07 21:53:45-04:00,1.36577,1.36577,1.36576,1.36577,-1.0,-1.0,-1
2026-05-07 21:53:50-04:00,1.36577,1.36577,1.36576,1.36576,-1.0,-1.0,-1
2026-05-07 21:53:55-04:00,1.36576,1.36576,1.36576,1.36576,-1.0,-1.0,-1
2026-05-07 21:54:00-04:00,1.36576,1.36577,1.36576,1.36577,-1.0,-1.0,-1
2026-05-07 21:54:05-04:00,1.36577,1.36577,1.36576,1.36576,-1.0,-1.0,-1
2026-05-07 21:54:10-04:00,1.36576,1.36576,1.36576,1.36576,-1.0,-1.0,-1
2026-05-07 21:54:15-04:00,1.36576,1.36576,1.36576,1.36576,-1.0,-1.0,-1
2026-05-07 21:54:20-04:00,1.36576,1.36576,1.36576,1.36576,-1.0,-1.0,-1
2026-05-07 21:54:25-04:00,1.36576,1.36577,1.36576,1.36577,-1.0,-1.0,-1
2026-05-07 21:54:30-04:00,1.36577,1.36577,1.36577,1.36577,-1.0,-1.0,-1
2026-05-07 21:54:35-04:00,1.36577,1.365775,1.36577,1.36577,-1.0,-1.0,-1
2026-05-07 21:54:40-04:00,1.36577,1.365775,1.36577,1.365775,-1.0,-1.0,-1
2026-05-07 21:54:45-04:00,1.365775,1.36579,1.365775,1.36579,-1.0,-1.0,-1
2026-05-07 21:54:50-04:00,1.36579,1.365845,1.36579,1.365845,-1.0,-1.0,-1
2026-05-07 21:54:55-04:00,1.365845,1.36585,1.36583,1.36583,-1.0,-1.0,-1
2026-05-07 21:55:00-04:00,1.36583,1.36585,1.36578,1.36578,-1.0,-1.0,-1
2026-05-07 21:55:05-04:00,1.36578,1.36578,1.365775,1.365775,-1.0,-1.0,-1
2026-05-07 21:55:10-04:00,1.365775,1.36578,1.365775,1.36578,-1.0,-1.0,-1
2026-05-07 21:55:15-04:00,1.36578,1.36578,1.36577,1.365775,-1.0,-1.0,-1
2026-05-07 21:55:20-04:00,1.365775,1.36578,1.365775,1.36578,-1.0,-1.0,-1
2026-05-07 21:55:25-04:00,1.36578,1.36578,1.36578,1.36578,-1.0,-1.0,-1
2026-05-07 21:55:30-04:00,1.36578,1.36578,1.365775,1.365775,-1.0,-1.0,-1
2026-05-07 21:55:35-04:00,1.365775,1.365775,1.365775,1.365775,-1.0,-1.0,-1
2026-05-07 21:55:40-04:00,1.365775,1.365775,1.365775,1.365775,-1.0,-1.0,-1
2026-05-07 21:55:45-04:00,1.365775,1.365775,1.365775,1.365775,-1.0,-1.0,-1
2026-05-07 21:55:50-04:00,1.365775,1.365785,1.365775,1.365775,-1.0,-1.0,-1
2026-05-07 21:55:55-04:00,1.365775,1.365775,1.36577,1.365775,-1.0,-1.0,-1
2026-05-07 21:56:00-04:00,1.365775,1.36583,1.365775,1.36583,-1.0,-1.0,-1
2026-05-07 21:56:05-04:00,1.36583,1.365845,1.365815,1.365815,-1.0,-1.0,-1
2026-05-07 21:56:10-04:00,1.365815,1.365815,1.365805,1.365805,-1.0,-1.0,-1
2026-05-07 21:56:15-04:00,1.365805,1.365815,1.365805,1.365815,-1.0,-1.0,-1
2026-05-07 21:56:20-04:00,1.365815,1.36582,1.365805,1.36581,-1.0,-1.0,-1
2026-05-07 21:56:25-04:00,1.36581,1.365815,1.36581,1.365815,-1.0,-1.0,-1
2026-05-07 21:56:30-04:00,1.365815,1.365825,1.36581,1.365825,-1.0,-1.0,-1
2026-05-07 21:56:35-04:00,1.365825,1.365825,1.365815,1.365815,-1.0,-1.0,-1
2026-05-07 21:56:40-04:00,1.365815,1.365815,1.365775,1.365775,-1.0,-1.0,-1
2026-05-07 21:56:45-04:00,1.365775,1.365775,1.365775,1.365775,-1.0,-1.0,-1
2026-05-07 21:56:50-04:00,1.365775,1.365775,1.365765,1.365775,-1.0,-1.0,-1
2026-05-07 21:56:55-04:00,1.365775,1.36578,1.36576,1.36576,-1.0,-1.0,-1
2026-05-07 21:57:00-04:00,1.36576,1.365775,1.36576,1.365775,-1.0,-1.0,-1
2026-05-07 21:57:05-04:00,1.365775,1.365775,1.365775,1.365775,-1.0,-1.0,-1
2026-05-07 21:57:10-04:00,1.365775,1.36578,1.365775,1.36578,-1.0,-1.0,-1
2026-05-07 21:57:15-04:00,1.36578,1.365785,1.36578,1.36578,-1.0,-1.0,-1
2026-05-07 21:57:20-04:00,1.36578,1.36578,1.365755,1.36576,-1.0,-1.0,-1
2026-05-07 21:57:25-04:00,1.36576,1.36576,1.36576,1.36576,-1.0,-1.0,-1
2026-05-07 21:57:30-04:00,1.36576,1.36578,1.36576,1.36578,-1.0,-1.0,-1
2026-05-07 21:57:35-04:00,1.36578,1.365785,1.36578,1.36578,-1.0,-1.0,-1
2026-05-07 21:57:40-04:00,1.36578,1.3658,1.365755,1.3658,-1.0,-1.0,-1
2026-05-07 21:57:45-04:00,1.3658,1.3658,1.3658,1.3658,-1.0,-1.0,-1
2026-05-07 21:57:50-04:00,1.3658,1.3658,1.36578,1.36578,-1.0,-1.0,-1
2026-05-07 21:57:55-04:00,1.36578,1.36578,1.365765,1.365765,-1.0,-1.0,-1
2026-05-07 21:58:00-04:00,1.365765,1.36578,1.365765,1.365765,-1.0,-1.0,-1
2026-05-07 21:58:05-04:00,1.365765,1.36577,1.36576,1.36576,-1.0,-1.0,-1
2026-05-07 21:58:10-04:00,1.36576,1.36576,1.36576,1.36576,-1.0,-1.0,-1
2026-05-07 21:58:15-04:00,1.36576,1.36576,1.36576,1.36576,-1.0,-1.0,-1
2026-05-07 21:58:20-04:00,1.36576,1.36576,1.36573,1.36573,-1.0,-1.0,-1
2026-05-07 21:58:25-04:00,1.36573,1.36573,1.36572,1.36573,-1.0,-1.0,-1
2026-05-07 21:58:30-04:00,1.36573,1.36574,1.36572,1.36572,-1.0,-1.0,-1
2026-05-07 21:58:35-04:00,1.36572,1.365735,1.36572,1.365735,-1.0,-1.0,-1
2026-05-07 21:58:40-04:00,1.365735,1.365735,1.36572,1.365725,-1.0,-1.0,-1
2026-05-07 21:58:45-04:00,1.365725,1.36573,1.36572,1.36572,-1.0,-1.0,-1
2026-05-07 21:58:50-04:00,1.36572,1.36573,1.36572,1.365725,-1.0,-1.0,-1
2026-05-07 21:58:55-04:00,1.365725,1.36575,1.365725,1.36574,-1.0,-1.0,-1
2026-05-07 21:59:00-04:00,1.36574,1.365775,1.36574,1.365765,-1.0,-1.0,-1
2026-05-07 21:59:05-04:00,1.365765,1.36578,1.365765,1.36578,-1.0,-1.0,-1
2026-05-07 21:59:10-04:00,1.36578,1.365795,1.365765,1.365765,-1.0,-1.0,-1
2026-05-07 21:59:15-04:00,1.365765,1.36578,1.365765,1.36578,-1.0,-1.0,-1
2026-05-07 21:59:20-04:00,1.36578,1.365785,1.36576,1.365775,-1.0,-1.0,-1
2026-05-07 21:59:25-04:00,1.365775,1.365785,1.365765,1.365765,-1.0,-1.0,-1
2026-05-07 21:59:30-04:00,1.365765,1.36577,1.365765,1.365765,-1.0,-1.0,-1
2026-05-07 21:59:35-04:00,1.365765,1.36577,1.365765,1.365765,-1.0,-1.0,-1
2026-05-07 21:59:40-04:00,1.365765,1.365775,1.36576,1.365765,-1.0,-1.0,-1
2026-05-07 21:59:45-04:00,1.365765,1.36578,1.36576,1.365765,-1.0,-1.0,-1
2026-05-07 21:59:50-04:00,1.365765,1.36578,1.36576,1.365775,-1.0,-1.0,-1
2026-05-07 21:59:55-04:00,1.365775,1.3658,1.365765,1.365765,-1.0,-1.0,-1
2026-05-07 22:00:00-04:00,1.365765,1.36578,1.36576,1.365765,-1.0,-1.0,-1
2026-05-07 22:00:05-04:00,1.365765,1.365805,1.365765,1.36579,-1.0,-1.0,-1
2026-05-07 22:00:10-04:00,1.36579,1.365815,1.365785,1.365815,-1.0,-1.0,-1
2026-05-07 22:00:15-04:00,1.365815,1.365815,1.36581,1.365815,-1.0,-1.0,-1
2026-05-07 22:00:20-04:00,1.365815,1.36585,1.36581,1.36584,-1.0,-1.0,-1
2026-05-07 22:00:25-04:00,1.36584,1.365865,1.365835,1.36585,-1.0,-1.0,-1
2026-05-07 22:00:30-04:00,1.36585,1.36585,1.36585,1.36585,-1.0,-1.0,-1
2026-05-07 22:00:35-04:00,1.36585,1.36587,1.36584,1.365865,-1.0,-1.0,-1
2026-05-07 22:00:40-04:00,1.365865,1.365865,1.36585,1.365855,-1.0,-1.0,-1
2026-05-07 22:00:45-04:00,1.365855,1.365865,1.365845,1.365865,-1.0,-1.0,-1
2026-05-07 22:00:50-04:00,1.365865,1.36587,1.365855,1.365855,-1.0,-1.0,-1
2026-05-07 22:00:55-04:00,1.365855,1.36587,1.36585,1.365855,-1.0,-1.0,-1
2026-05-07 22:01:00-04:00,1.365855,1.36587,1.365855,1.365855,-1.0,-1.0,-1
2026-05-07 22:01:05-04:00,1.365855,1.36586,1.365855,1.365855,-1.0,-1.0,-1
2026-05-07 22:01:10-04:00,1.365855,1.36586,1.365855,1.365855,-1.0,-1.0,-1
2026-05-07 22:01:15-04:00,1.365855,1.36586,1.365855,1.365855,-1.0,-1.0,-1
2026-05-07 22:01:20-04:00,1.365855,1.365865,1.365855,1.365865,-1.0,-1.0,-1
2026-05-07 22:01:25-04:00,1.365865,1.36587,1.365865,1.36587,-1.0,-1.0,-1
2026-05-07 22:01:30-04:00,1.36587,1.36594,1.36587,1.365935,-1.0,-1.0,-1
2026-05-07 22:01:35-04:00,1.365935,1.36594,1.365935,1.36594,-1.0,-1.0,-1
2026-05-07 22:01:40-04:00,1.36594,1.36594,1.36594,1.36594,-1.0,-1.0,-1
2026-05-07 22:01:45-04:00,1.36594,1.36594,1.36594,1.36594,-1.0,-1.0,-1
2026-05-07 22:01:50-04:00,1.36594,1.36594,1.36594,1.36594,-1.0,-1.0,-1
2026-05-07 22:01:55-04:00,1.36594,1.36596,1.36594,1.365945,-1.0,-1.0,-1
2026-05-07 22:02:00-04:00,1.365945,1.36595,1.36594,1.36594,-1.0,-1.0,-1
2026-05-07 22:02:05-04:00,1.36594,1.36595,1.36594,1.36594,-1.0,-1.0,-1
2026-05-07 22:02:10-04:00,1.36594,1.36595,1.36594,1.36594,-1.0,-1.0,-1
2026-05-07 22:02:15-04:00,1.36594,1.36595,1.36594,1.365945,-1.0,-1.0,-1
2026-05-07 22:02:20-04:00,1.365945,1.36595,1.36594,1.36594,-1.0,-1.0,-1
2026-05-07 22:02:25-04:00,1.36594,1.36595,1.36594,1.36594,-1.0,-1.0,-1
2026-05-07 22:02:30-04:00,1.36594,1.36594,1.36589,1.36592,-1.0,-1.0,-1
2026-05-07 22:02:35-04:00,1.36592,1.36592,1.36592,1.36592,-1.0,-1.0,-1
2026-05-07 22:02:40-04:00,1.36592,1.36592,1.36592,1.36592,-1.0,-1.0,-1
2026-05-07 22:02:45-04:00,1.36592,1.36592,1.36592,1.36592,-1.0,-1.0,-1
2026-05-07 22:02:50-04:00,1.36592,1.36592,1.365875,1.365905,-1.0,-1.0,-1
2026-05-07 22:02:55-04:00,1.365905,1.36591,1.365905,1.36591,-1.0,-1.0,-1
2026-05-07 22:03:00-04:00,1.36591,1.36591,1.365865,1.365865,-1.0,-1.0,-1
2026-05-07 22:03:05-04:00,1.365865,1.36593,1.365865,1.365885,-1.0,-1.0,-1
2026-05-07 22:03:10-04:00,1.365885,1.365885,1.36587,1.36587,-1.0,-1.0,-1
2026-05-07 22:03:15-04:00,1.36587,1.36587,1.365865,1.365865,-1.0,-1.0,-1
2026-05-07 22:03:20-04:00,1.365865,1.365885,1.365865,1.365885,-1.0,-1.0,-1
2026-05-07 22:03:25-04:00,1.365885,1.365885,1.36587,1.365875,-1.0,-1.0,-1
2026-05-07 22:03:30-04:00,1.365875,1.365885,1.36587,1.365885,-1.0,-1.0,-1
2026-05-07 22:03:35-04:00,1.365885,1.365885,1.36587,1.36587,-1.0,-1.0,-1
2026-05-07 22:03:40-04:00,1.36587,1.36587,1.365855,1.365855,-1.0,-1.0,-1
2026-05-07 22:03:45-04:00,1.365855,1.36586,1.36579,1.36579,-1.0,-1.0,-1
2026-05-07 22:03:50-04:00,1.36579,1.365805,1.36579,1.3658,-1.0,-1.0,-1
2026-05-07 22:03:55-04:00,1.3658,1.365835,1.3658,1.365835,-1.0,-1.0,-1
2026-05-07 22:04:00-04:00,1.365835,1.365835,1.36579,1.36579,-1.0,-1.0,-1
2026-05-07 22:04:05-04:00,1.36579,1.365795,1.36578,1.365795,-1.0,-1.0,-1
2026-05-07 22:04:10-04:00,1.365795,1.36582,1.36579,1.365815,-1.0,-1.0,-1
2026-05-07 22:04:15-04:00,1.365815,1.365835,1.36581,1.365815,-1.0,-1.0,-1
2026-05-07 22:04:20-04:00,1.365815,1.36584,1.365815,1.36584,-1.0,-1.0,-1
2026-05-07 22:04:25-04:00,1.36584,1.36584,1.3658,1.3658,-1.0,-1.0,-1
2026-05-07 22:04:30-04:00,1.3658,1.365805,1.3658,1.3658,-1.0,-1.0,-1
2026-05-07 22:04:35-04:00,1.3658,1.36581,1.365775,1.365775,-1.0,-1.0,-1
2026-05-07 22:04:40-04:00,1.365775,1.365795,1.365775,1.365785,-1.0,-1.0,-1
2026-05-07 22:04:45-04:00,1.365785,1.365785,1.36576,1.365775,-1.0,-1.0,-1
2026-05-07 22:04:50-04:00,1.365775,1.365795,1.365775,1.365795,-1.0,-1.0,-1
2026-05-07 22:04:55-04:00,1.365795,1.365795,1.365775,1.365785,-1.0,-1.0,-1
2026-05-07 22:05:00-04:00,1.365785,1.3658,1.365785,1.3658,-1.0,-1.0,-1
2026-05-07 22:05:05-04:00,1.3658,1.3658,1.36578,1.36578,-1.0,-1.0,-1
2026-05-07 22:05:10-04:00,1.36578,1.3658,1.36578,1.3658,-1.0,-1.0,-1
2026-05-07 22:05:15-04:00,1.3658,1.36582,1.36579,1.365815,-1.0,-1.0,-1
2026-05-07 22:05:20-04:00,1.365815,1.36585,1.36581,1.365845,-1.0,-1.0,-1
2026-05-07 22:05:25-04:00,1.365845,1.36585,1.365845,1.36585,-1.0,-1.0,-1
2026-05-07 22:05:30-04:00,1.36585,1.36585,1.36585,1.36585,-1.0,-1.0,-1
2026-05-07 22:05:35-04:00,1.36585,1.36585,1.365845,1.36585,-1.0,-1.0,-1
2026-05-07 22:05:40-04:00,1.36585,1.36585,1.365805,1.365825,-1.0,-1.0,-1
2026-05-07 22:05:45-04:00,1.365825,1.365825,1.365805,1.36581,-1.0,-1.0,-1
2026-05-07 22:05:50-04:00,1.36581,1.36581,1.365785,1.365785,-1.0,-1.0,-1
2026-05-07 22:05:55-04:00,1.365785,1.365815,1.365785,1.365815,-1.0,-1.0,-1
2026-05-07 22:06:00-04:00,1.365815,1.365845,1.3658,1.36581,-1.0,-1.0,-1
2026-05-07 22:06:05-04:00,1.36581,1.365815,1.3658,1.365805,-1.0,-1.0,-1
2026-05-07 22:06:10-04:00,1.365805,1.365815,1.3658,1.36581,-1.0,-1.0,-1
2026-05-07 22:06:15-04:00,1.36581,1.365815,1.365785,1.365785,-1.0,-1.0,-1
2026-05-07 22:06:20-04:00,1.365785,1.365785,1.365785,1.365785,-1.0,-1.0,-1
2026-05-07 22:06:25-04:00,1.365785,1.3658,1.365785,1.3658,-1.0,-1.0,-1
2026-05-07 22:06:30-04:00,1.3658,1.365805,1.36579,1.365795,-1.0,-1.0,-1
2026-05-07 22:06:35-04:00,1.365795,1.365795,1.36579,1.365795,-1.0,-1.0,-1
2026-05-07 22:06:40-04:00,1.365795,1.3658,1.365785,1.365785,-1.0,-1.0,-1
2026-05-07 22:06:45-04:00,1.365785,1.365825,1.365785,1.365825,-1.0,-1.0,-1
2026-05-07 22:06:50-04:00,1.365825,1.36584,1.36582,1.36584,-1.0,-1.0,-1
2026-05-07 22:06:55-04:00,1.36584,1.36585,1.365835,1.36585,-1.0,-1.0,-1
2026-05-07 22:07:00-04:00,1.36585,1.36585,1.365845,1.36585,-1.0,-1.0,-1
2026-05-07 22:07:05-04:00,1.36585,1.36586,1.36585,1.36586,-1.0,-1.0,-1
2026-05-07 22:07:10-04:00,1.36586,1.365865,1.36586,1.365865,-1.0,-1.0,-1
2026-05-07 22:07:15-04:00,1.365865,1.365865,1.365835,1.36585,-1.0,-1.0,-1
2026-05-07 22:07:20-04:00,1.36585,1.36585,1.36584,1.365845,-1.0,-1.0,-1
2026-05-07 22:07:25-04:00,1.365845,1.36585,1.36584,1.36585,-1.0,-1.0,-1
2026-05-07 22:07:30-04:00,1.36585,1.36585,1.365845,1.365845,-1.0,-1.0,-1
2026-05-07 22:07:35-04:00,1.365845,1.365845,1.365835,1.365845,-1.0,-1.0,-1
2026-05-07 22:07:40-04:00,1.365845,1.36585,1.36584,1.36585,-1.0,-1.0,-1
2026-05-07 22:07:45-04:00,1.36585,1.36586,1.36585,1.365855,-1.0,-1.0,-1
2026-05-07 22:07:50-04:00,1.365855,1.365865,1.365855,1.365865,-1.0,-1.0,-1
2026-05-07 22:07:55-04:00,1.365865,1.365865,1.365865,1.365865,-1.0,-1.0,-1
2026-05-07 22:08:00-04:00,1.365865,1.365865,1.36585,1.36585,-1.0,-1.0,-1
2026-05-07 22:08:05-04:00,1.36585,1.365865,1.36585,1.36585,-1.0,-1.0,-1
2026-05-07 22:08:10-04:00,1.36585,1.36585,1.36585,1.36585,-1.0,-1.0,-1
2026-05-07 22:08:15-04:00,1.36585,1.36585,1.36585,1.36585,-1.0,-1.0,-1
2026-05-07 22:08:20-04:00,1.36585,1.36585,1.36585,1.36585,-1.0,-1.0,-1
2026-05-07 22:08:25-04:00,1.36585,1.36585,1.365845,1.36585,-1.0,-1.0,-1
2026-05-07 22:08:30-04:00,1.36585,1.36585,1.365845,1.365845,-1.0,-1.0,-1
2026-05-07 22:08:35-04:00,1.365845,1.365865,1.365845,1.365865,-1.0,-1.0,-1
2026-05-07 22:08:40-04:00,1.365865,1.365865,1.36585,1.36585,-1.0,-1.0,-1
2026-05-07 22:08:45-04:00,1.36585,1.36585,1.36584,1.36585,-1.0,-1.0,-1
2026-05-07 22:08:50-04:00,1.36585,1.36585,1.36585,1.36585,-1.0,-1.0,-1
2026-05-07 22:08:55-04:00,1.36585,1.36585,1.36585,1.36585,-1.0,-1.0,-1
2026-05-07 22:09:00-04:00,1.36585,1.36585,1.36581,1.36581,-1.0,-1.0,-1
2026-05-07 22:09:05-04:00,1.36581,1.36581,1.3658,1.3658,-1.0,-1.0,-1
2026-05-07 22:09:10-04:00,1.3658,1.36582,1.3658,1.36582,-1.0,-1.0,-1
2026-05-07 22:09:15-04:00,1.36582,1.365825,1.365815,1.365815,-1.0,-1.0,-1
2026-05-07 22:09:20-04:00,1.365815,1.36583,1.365815,1.36582,-1.0,-1.0,-1
2026-05-07 22:09:25-04:00,1.36582,1.365825,1.36582,1.365825,-1.0,-1.0,-1
2026-05-07 22:09:30-04:00,1.365825,1.365825,1.365805,1.365805,-1.0,-1.0,-1
2026-05-07 22:09:35-04:00,1.365805,1.365805,1.365785,1.365785,-1.0,-1.0,-1
2026-05-07 22:09:40-04:00,1.365785,1.365805,1.365765,1.3658,-1.0,-1.0,-1
2026-05-07 22:09:45-04:00,1.3658,1.3658,1.3658,1.3658,-1.0,-1.0,-1
2026-05-07 22:09:50-04:00,1.3658,1.365815,1.3658,1.365815,-1.0,-1.0,-1
2026-05-07 22:09:55-04:00,1.365815,1.365815,1.36581,1.36581,-1.0,-1.0,-1
2026-05-07 22:10:00-04:00,1.36581,1.365815,1.365805,1.36581,-1.0,-1.0,-1
2026-05-07 22:10:05-04:00,1.36581,1.365815,1.365805,1.365815,-1.0,-1.0,-1
2026-05-07 22:10:10-04:00,1.365815,1.365815,1.36581,1.365815,-1.0,-1.0,-1
2026-05-07 22:10:15-04:00,1.365815,1.36582,1.36581,1.36582,-1.0,-1.0,-1
2026-05-07 22:10:20-04:00,1.36582,1.36582,1.365785,1.365785,-1.0,-1.0,-1
2026-05-07 22:10:25-04:00,1.365785,1.365785,1.365785,1.365785,-1.0,-1.0,-1
2026-05-07 22:10:30-04:00,1.365785,1.365785,1.365785,1.365785,-1.0,-1.0,-1
2026-05-07 22:10:35-04:00,1.365785,1.365785,1.36575,1.36575,-1.0,-1.0,-1
2026-05-07 22:10:40-04:00,1.36575,1.365755,1.36575,1.365755,-1.0,-1.0,-1
2026-05-07 22:10:45-04:00,1.365755,1.36576,1.365755,1.36576,-1.0,-1.0,-1
2026-05-07 22:10:50-04:00,1.36576,1.36576,1.36576,1.36576,-1.0,-1.0,-1
2026-05-07 22:10:55-04:00,1.36576,1.365775,1.36576,1.365775,-1.0,-1.0,-1
2026-05-07 22:11:00-04:00,1.365775,1.365775,1.36576,1.365775,-1.0,-1.0,-1
2026-05-07 22:11:05-04:00,1.365775,1.3658,1.36576,1.36576,-1.0,-1.0,-1
2026-05-07 22:11:10-04:00,1.36576,1.365775,1.36576,1.365775,-1.0,-1.0,-1
2026-05-07 22:11:15-04:00,1.365775,1.365775,1.36577,1.36577,-1.0,-1.0,-1
2026-05-07 22:11:20-04:00,1.36577,1.365775,1.36576,1.365775,-1.0,-1.0,-1
2026-05-07 22:11:25-04:00,1.365775,1.36578,1.36576,1.365775,-1.0,-1.0,-1
2026-05-07 22:11:30-04:00,1.365775,1.365775,1.365775,1.365775,-1.0,-1.0,-1
2026-05-07 22:11:35-04:00,1.365775,1.365775,1.365775,1.365775,-1.0,-1.0,-1
2026-05-07 22:11:40-04:00,1.365775,1.365775,1.365765,1.365775,-1.0,-1.0,-1
2026-05-07 22:11:45-04:00,1.365775,1.365775,1.365775,1.365775,-1.0,-1.0,-1
2026-05-07 22:11:50-04:00,1.365775,1.36584,1.365775,1.3658,-1.0,-1.0,-1
2026-05-07 22:11:55-04:00,1.3658,1.3658,1.3658,1.3658,-1.0,-1.0,-1
2026-05-07 22:12:00-04:00,1.3658,1.365815,1.3658,1.36581,-1.0,-1.0,-1
2026-05-07 22:12:05-04:00,1.36581,1.365815,1.36581,1.36581,-1.0,-1.0,-1
2026-05-07 22:12:10-04:00,1.36581,1.36581,1.365805,1.365805,-1.0,-1.0,-1
2026-05-07 22:12:15-04:00,1.365805,1.365825,1.365805,1.365825,-1.0,-1.0,-1
2026-05-07 22:12:20-04:00,1.365825,1.365825,1.365815,1.365815,-1.0,-1.0,-1
2026-05-07 22:12:25-04:00,1.365815,1.36582,1.365815,1.365815,-1.0,-1.0,-1
2026-05-07 22:12:30-04:00,1.365815,1.365825,1.365815,1.365825,-1.0,-1.0,-1
2026-05-07 22:12:35-04:00,1.365825,1.365825,1.365815,1.36582,-1.0,-1.0,-1
2026-05-07 22:12:40-04:00,1.36582,1.36582,1.36581,1.365815,-1.0,-1.0,-1
2026-05-07 22:12:45-04:00,1.365815,1.365815,1.36581,1.365815,-1.0,-1.0,-1
2026-05-07 22:12:50-04:00,1.365815,1.365835,1.365815,1.365835,-1.0,-1.0,-1
2026-05-07 22:12:55-04:00,1.365835,1.36585,1.365835,1.36585,-1.0,-1.0,-1
2026-05-07 22:13:00-04:00,1.36585,1.365865,1.365845,1.36586,-1.0,-1.0,-1
2026-05-07 22:13:05-04:00,1.36586,1.36586,1.36585,1.365855,-1.0,-1.0,-1
2026-05-07 22:13:10-04:00,1.365855,1.365865,1.365855,1.365865,-1.0,-1.0,-1
2026-05-07 22:13:15-04:00,1.365865,1.36587,1.365865,1.36587,-1.0,-1.0,-1
2026-05-07 22:13:20-04:00,1.36587,1.365875,1.36587,1.36587,-1.0,-1.0,-1
2026-05-07 22:13:25-04:00,1.36587,1.36587,1.365865,1.36587,-1.0,-1.0,-1
2026-05-07 22:13:30-04:00,1.36587,1.36587,1.365865,1.365865,-1.0,-1.0,-1
2026-05-07 22:13:35-04:00,1.365865,1.36587,1.365825,1.365825,-1.0,-1.0,-1
2026-05-07 22:13:40-04:00,1.365825,1.365825,1.365815,1.365825,-1.0,-1.0,-1
2026-05-07 22:13:45-04:00,1.365825,1.36585,1.365825,1.36585,-1.0,-1.0,-1
2026-05-07 22:13:50-04:00,1.36585,1.36585,1.36585,1.36585,-1.0,-1.0,-1
2026-05-07 22:13:55-04:00,1.36585,1.36585,1.36585,1.36585,-1.0,-1.0,-1
2026-05-07 22:14:00-04:00,1.36585,1.36586,1.36585,1.365855,-1.0,-1.0,-1
2026-05-07 22:14:05-04:00,1.365855,1.36587,1.36585,1.36587,-1.0,-1.0,-1
2026-05-07 22:14:10-04:00,1.36587,1.36587,1.365865,1.365865,-1.0,-1.0,-1
2026-05-07 22:14:15-04:00,1.365865,1.36587,1.365865,1.36587,-1.0,-1.0,-1
2026-05-07 22:14:20-04:00,1.36587,1.36587,1.36585,1.36585,-1.0,-1.0,-1
2026-05-07 22:14:25-04:00,1.36585,1.365865,1.36585,1.365865,-1.0,-1.0,-1
2026-05-07 22:14:30-04:00,1.365865,1.365865,1.36585,1.36585,-1.0,-1.0,-1
2026-05-07 22:14:35-04:00,1.36585,1.36585,1.36585,1.36585,-1.0,-1.0,-1
2026-05-07 22:14:40-04:00,1.36585,1.36587,1.36585,1.36587,-1.0,-1.0,-1
2026-05-07 22:14:45-04:00,1.36587,1.36587,1.36586,1.36586,-1.0,-1.0,-1
2026-05-07 22:14:50-04:00,1.36586,1.365865,1.365855,1.365865,-1.0,-1.0,-1
2026-05-07 22:14:55-04:00,1.365865,1.365865,1.365865,1.365865,-1.0,-1.0,-1
2026-05-07 22:15:00-04:00,1.365865,1.365875,1.365865,1.365865,-1.0,-1.0,-1
2026-05-07 22:15:05-04:00,1.365865,1.365875,1.365865,1.365875,-1.0,-1.0,-1
2026-05-07 22:15:10-04:00,1.365875,1.365885,1.36587,1.36587,-1.0,-1.0,-1
2026-05-07 22:15:15-04:00,1.36587,1.36587,1.36587,1.36587,-1.0,-1.0,-1
2026-05-07 22:15:20-04:00,1.36587,1.36587,1.36587,1.36587,-1.0,-1.0,-1
2026-05-07 22:15:25-04:00,1.36587,1.36587,1.36584,1.365855,-1.0,-1.0,-1
2026-05-07 22:15:30-04:00,1.365855,1.36587,1.365855,1.36587,-1.0,-1.0,-1
2026-05-07 22:15:35-04:00,1.36587,1.36589,1.36587,1.36589,-1.0,-1.0,-1
2026-05-07 22:15:40-04:00,1.36589,1.36589,1.36587,1.36587,-1.0,-1.0,-1
2026-05-07 22:15:45-04:00,1.36587,1.36588,1.36587,1.365875,-1.0,-1.0,-1
2026-05-07 22:15:50-04:00,1.365875,1.365875,1.365875,1.365875,-1.0,-1.0,-1
2026-05-07 22:15:55-04:00,1.365875,1.365875,1.365875,1.365875,-1.0,-1.0,-1
2026-05-07 22:16:00-04:00,1.365875,1.365875,1.365875,1.365875,-1.0,-1.0,-1
2026-05-07 22:16:05-04:00,1.365875,1.365935,1.365875,1.365935,-1.0,-1.0,-1
2026-05-07 22:16:10-04:00,1.365935,1.36597,1.365935,1.36597,-1.0,-1.0,-1
2026-05-07 22:16:15-04:00,1.36597,1.365985,1.365965,1.365975,-1.0,-1.0,-1
2026-05-07 22:16:20-04:00,1.365975,1.365975,1.36596,1.365965,-1.0,-1.0,-1
2026-05-07 22:16:25-04:00,1.365965,1.365965,1.36596,1.36596,-1.0,-1.0,-1
2026-05-07 22:16:30-04:00,1.36596,1.36596,1.365955,1.365955,-1.0,-1.0,-1
2026-05-07 22:16:35-04:00,1.365955,1.365975,1.365955,1.365975,-1.0,-1.0,-1
2026-05-07 22:16:40-04:00,1.365975,1.365975,1.365955,1.365955,-1.0,-1.0,-1
2026-05-07 22:16:45-04:00,1.365955,1.36596,1.365955,1.36596,-1.0,-1.0,-1
2026-05-07 22:16:50-04:00,1.36596,1.36596,1.365955,1.365955,-1.0,-1.0,-1
2026-05-07 22:16:55-04:00,1.365955,1.36596,1.365955,1.365955,-1.0,-1.0,-1
2026-05-07 22:17:00-04:00,1.365955,1.36596,1.365955,1.36596,-1.0,-1.0,-1
2026-05-07 22:17:05-04:00,1.36596,1.365975,1.36596,1.365975,-1.0,-1.0,-1
2026-05-07 22:17:10-04:00,1.365975,1.365975,1.36596,1.36596,-1.0,-1.0,-1
2026-05-07 22:17:15-04:00,1.36596,1.365975,1.36596,1.365975,-1.0,-1.0,-1
2026-05-07 22:17:20-04:00,1.365975,1.36598,1.36597,1.36598,-1.0,-1.0,-1
2026-05-07 22:17:25-04:00,1.36598,1.36598,1.36597,1.365975,-1.0,-1.0,-1
2026-05-07 22:17:30-04:00,1.365975,1.365975,1.36596,1.365965,-1.0,-1.0,-1
2026-05-07 22:17:35-04:00,1.365965,1.365975,1.36596,1.36596,-1.0,-1.0,-1
2026-05-07 22:17:40-04:00,1.36596,1.36596,1.36596,1.36596,-1.0,-1.0,-1
2026-05-07 22:17:45-04:00,1.36596,1.36598,1.36596,1.36596,-1.0,-1.0,-1
2026-05-07 22:17:50-04:00,1.36596,1.365975,1.36596,1.365975,-1.0,-1.0,-1
2026-05-07 22:17:55-04:00,1.365975,1.36598,1.365955,1.365955,-1.0,-1.0,-1
2026-05-07 22:18:00-04:00,1.365955,1.36596,1.365955,1.36596,-1.0,-1.0,-1
2026-05-07 22:18:05-04:00,1.36596,1.36596,1.36596,1.36596,-1.0,-1.0,-1
2026-05-07 22:18:10-04:00,1.36596,1.36596,1.365945,1.36596,-1.0,-1.0,-1
2026-05-07 22:18:15-04:00,1.36596,1.36596,1.365955,1.365955,-1.0,-1.0,-1
2026-05-07 22:18:20-04:00,1.365955,1.365955,1.365955,1.365955,-1.0,-1.0,-1
2026-05-07 22:18:25-04:00,1.365955,1.365955,1.365955,1.365955,-1.0,-1.0,-1
2026-05-07 22:18:30-04:00,1.365955,1.365955,1.365955,1.365955,-1.0,-1.0,-1
2026-05-07 22:18:35-04:00,1.365955,1.36596,1.365955,1.365955,-1.0,-1.0,-1
2026-05-07 22:18:40-04:00,1.365955,1.36596,1.365945,1.36596,-1.0,-1.0,-1
2026-05-07 22:18:45-04:00,1.36596,1.36596,1.365945,1.365945,-1.0,-1.0,-1
2026-05-07 22:18:50-04:00,1.365945,1.36595,1.36594,1.36594,-1.0,-1.0,-1
2026-05-07 22:18:55-04:00,1.36594,1.36595,1.36594,1.365945,-1.0,-1.0,-1
2026-05-07 22:19:00-04:00,1.365945,1.36595,1.36594,1.36594,-1.0,-1.0,-1
2026-05-07 22:19:05-04:00,1.36594,1.36595,1.365855,1.365855,-1.0,-1.0,-1
2026-05-07 22:19:10-04:00,1.365855,1.365865,1.365855,1.365855,-1.0,-1.0,-1
2026-05-07 22:19:15-04:00,1.365855,1.36586,1.365855,1.365855,-1.0,-1.0,-1
2026-05-07 22:19:20-04:00,1.365855,1.365865,1.365855,1.365865,-1.0,-1.0,-1
2026-05-07 22:19:25-04:00,1.365865,1.36588,1.365855,1.36587,-1.0,-1.0,-1
2026-05-07 22:19:30-04:00,1.36587,1.36587,1.36587,1.36587,-1.0,-1.0,-1
2026-05-07 22:19:35-04:00,1.36587,1.36587,1.36587,1.36587,-1.0,-1.0,-1
2026-05-07 22:19:40-04:00,1.36587,1.36587,1.365855,1.365855,-1.0,-1.0,-1
2026-05-07 22:19:45-04:00,1.365855,1.36587,1.365855,1.365855,-1.0,-1.0,-1
2026-05-07 22:19:50-04:00,1.365855,1.36587,1.365855,1.36587,-1.0,-1.0,-1
2026-05-07 22:19:55-04:00,1.36587,1.365875,1.36587,1.36587,-1.0,-1.0,-1
2026-05-07 22:20:00-04:00,1.36587,1.36587,1.365855,1.36587,-1.0,-1.0,-1
2026-05-07 22:20:05-04:00,1.36587,1.36587,1.36585,1.36585,-1.0,-1.0,-1
2026-05-07 22:20:10-04:00,1.36585,1.36586,1.36585,1.36585,-1.0,-1.0,-1
2026-05-07 22:20:15-04:00,1.36585,1.36586,1.36585,1.365855,-1.0,-1.0,-1
2026-05-07 22:20:20-04:00,1.365855,1.36586,1.365845,1.365845,-1.0,-1.0,-1
2026-05-07 22:20:25-04:00,1.365845,1.365845,1.365845,1.365845,-1.0,-1.0,-1
2026-05-07 22:20:30-04:00,1.365845,1.365845,1.365785,1.365795,-1.0,-1.0,-1
2026-05-07 22:20:35-04:00,1.365795,1.365795,1.365775,1.365775,-1.0,-1.0,-1
2026-05-07 22:20:40-04:00,1.365775,1.36578,1.365765,1.365765,-1.0,-1.0,-1
2026-05-07 22:20:45-04:00,1.365765,1.365815,1.365765,1.36579,-1.0,-1.0,-1
2026-05-07 22:20:50-04:00,1.36579,1.36579,1.365765,1.365775,-1.0,-1.0,-1
2026-05-07 22:20:55-04:00,1.365775,1.36578,1.365765,1.365775,-1.0,-1.0,-1
2026-05-07 22:21:00-04:00,1.365775,1.36581,1.365765,1.365765,-1.0,-1.0,-1
2026-05-07 22:21:05-04:00,1.365765,1.365775,1.365765,1.365765,-1.0,-1.0,-1
2026-05-07 22:21:10-04:00,1.365765,1.365775,1.365765,1.365775,-1.0,-1.0,-1
2026-05-07 22:21:15-04:00,1.365775,1.365785,1.365765,1.365765,-1.0,-1.0,-1
2026-05-07 22:21:20-04:00,1.365765,1.36578,1.365765,1.36578,-1.0,-1.0,-1
2026-05-07 22:21:25-04:00,1.36578,1.365785,1.36578,1.365785,-1.0,-1.0,-1
2026-05-07 22:21:30-04:00,1.365785,1.3658,1.36578,1.3658,-1.0,-1.0,-1
2026-05-07 22:21:35-04:00,1.3658,1.36583,1.36579,1.365815,-1.0,-1.0,-1
2026-05-07 22:21:40-04:00,1.365815,1.365815,1.365785,1.365785,-1.0,-1.0,-1
2026-05-07 22:21:45-04:00,1.365785,1.3658,1.365785,1.3658,-1.0,-1.0,-1
2026-05-07 22:21:50-04:00,1.3658,1.3658,1.365785,1.365785,-1.0,-1.0,-1
2026-05-07 22:21:55-04:00,1.365785,1.365785,1.365785,1.365785,-1.0,-1.0,-1
2026-05-07 22:22:00-04:00,1.365785,1.365785,1.365785,1.365785,-1.0,-1.0,-1
2026-05-07 22:22:05-04:00,1.365785,1.365785,1.365785,1.365785,-1.0,-1.0,-1
2026-05-07 22:22:10-04:00,1.365785,1.365785,1.365785,1.365785,-1.0,-1.0,-1
2026-05-07 22:22:15-04:00,1.365785,1.365785,1.365785,1.365785,-1.0,-1.0,-1
2026-05-07 22:22:20-04:00,1.365785,1.365835,1.365785,1.365835,-1.0,-1.0,-1
2026-05-07 22:22:25-04:00,1.365835,1.365835,1.36583,1.36583,-1.0,-1.0,-1
2026-05-07 22:22:30-04:00,1.36583,1.36583,1.36583,1.36583,-1.0,-1.0,-1
2026-05-07 22:22:35-04:00,1.36583,1.36583,1.365825,1.36583,-1.0,-1.0,-1
2026-05-07 22:22:40-04:00,1.36583,1.36583,1.36582,1.36582,-1.0,-1.0,-1
2026-05-07 22:22:45-04:00,1.36582,1.365825,1.36582,1.365825,-1.0,-1.0,-1
2026-05-07 22:22:50-04:00,1.365825,1.36583,1.365825,1.36583,-1.0,-1.0,-1
2026-05-07 22:22:55-04:00,1.36583,1.365845,1.36583,1.365845,-1.0,-1.0,-1
2026-05-07 22:23:00-04:00,1.365845,1.36586,1.365825,1.365855,-1.0,-1.0,-1
2026-05-07 22:23:05-04:00,1.365855,1.36587,1.365855,1.365855,-1.0,-1.0,-1
2026-05-07 22:23:10-04:00,1.365855,1.36586,1.365855,1.365855,-1.0,-1.0,-1
2026-05-07 22:23:15-04:00,1.365855,1.365865,1.365855,1.365865,-1.0,-1.0,-1
2026-05-07 22:23:20-04:00,1.365865,1.365925,1.365865,1.365925,-1.0,-1.0,-1
2026-05-07 22:23:25-04:00,1.365925,1.36593,1.36592,1.365925,-1.0,-1.0,-1
2026-05-07 22:23:30-04:00,1.365925,1.365925,1.365915,1.365915,-1.0,-1.0,-1
2026-05-07 22:23:35-04:00,1.365915,1.36592,1.365915,1.365915,-1.0,-1.0,-1
2026-05-07 22:23:40-04:00,1.365915,1.365915,1.36591,1.36591,-1.0,-1.0,-1
2026-05-07 22:23:45-04:00,1.36591,1.365915,1.36591,1.36591,-1.0,-1.0,-1
2026-05-07 22:23:50-04:00,1.36591,1.36592,1.36591,1.36592,-1.0,-1.0,-1
2026-05-07 22:23:55-04:00,1.36592,1.36592,1.36588,1.36588,-1.0,-1.0,-1
2026-05-07 22:24:00-04:00,1.36588,1.36588,1.365875,1.36588,-1.0,-1.0,-1
2026-05-07 22:24:05-04:00,1.36588,1.365895,1.365875,1.365895,-1.0,-1.0,-1
2026-05-07 22:24:10-04:00,1.365895,1.365895,1.36586,1.36587,-1.0,-1.0,-1
2026-05-07 22:24:15-04:00,1.36587,1.36587,1.365785,1.3658,-1.0,-1.0,-1
2026-05-07 22:24:20-04:00,1.3658,1.365805,1.365785,1.36579,-1.0,-1.0,-1
2026-05-07 22:24:25-04:00,1.36579,1.3658,1.365785,1.365795,-1.0,-1.0,-1
2026-05-07 22:24:30-04:00,1.365795,1.36581,1.36578,1.365785,-1.0,-1.0,-1
2026-05-07 22:24:35-04:00,1.365785,1.3658,1.365785,1.3658,-1.0,-1.0,-1
2026-05-07 22:24:40-04:00,1.3658,1.3658,1.365785,1.3658,-1.0,-1.0,-1
2026-05-07 22:24:45-04:00,1.3658,1.36581,1.3658,1.36581,-1.0,-1.0,-1
2026-05-07 22:24:50-04:00,1.36581,1.36581,1.365785,1.365785,-1.0,-1.0,-1
2026-05-07 22:24:55-04:00,1.365785,1.36579,1.365785,1.365785,-1.0,-1.0,-1
2026-05-07 22:25:00-04:00,1.365785,1.3658,1.365785,1.365785,-1.0,-1.0,-1
2026-05-07 22:25:05-04:00,1.365785,1.365785,1.365785,1.365785,-1.0,-1.0,-1
2026-05-07 22:25:10-04:00,1.365785,1.365785,1.365785,1.365785,-1.0,-1.0,-1
2026-05-07 22:25:15-04:00,1.365785,1.365785,1.365785,1.365785,-1.0,-1.0,-1
2026-05-07 22:25:20-04:00,1.365785,1.365795,1.365785,1.365795,-1.0,-1.0,-1
2026-05-07 22:25:25-04:00,1.365795,1.365795,1.365785,1.365785,-1.0,-1.0,-1
2026-05-07 22:25:30-04:00,1.365785,1.365795,1.365785,1.365785,-1.0,-1.0,-1
2026-05-07 22:25:35-04:00,1.365785,1.365795,1.365785,1.365795,-1.0,-1.0,-1
2026-05-07 22:25:40-04:00,1.365795,1.365815,1.36579,1.365815,-1.0,-1.0,-1
2026-05-07 22:25:45-04:00,1.365815,1.36583,1.36581,1.36583,-1.0,-1.0,-1
2026-05-07 22:25:50-04:00,1.36583,1.36583,1.36582,1.36583,-1.0,-1.0,-1
2026-05-07 22:25:55-04:00,1.36583,1.36583,1.365825,1.365825,-1.0,-1.0,-1
2026-05-07 22:26:00-04:00,1.365825,1.36583,1.365825,1.36583,-1.0,-1.0,-1
2026-05-07 22:26:05-04:00,1.36583,1.365835,1.36583,1.365835,-1.0,-1.0,-1
2026-05-07 22:26:10-04:00,1.365835,1.365835,1.36583,1.36583,-1.0,-1.0,-1
2026-05-07 22:26:15-04:00,1.36583,1.365835,1.36583,1.365835,-1.0,-1.0,-1
2026-05-07 22:26:20-04:00,1.365835,1.36584,1.365825,1.36584,-1.0,-1.0,-1
2026-05-07 22:26:25-04:00,1.36584,1.365845,1.365835,1.36584,-1.0,-1.0,-1
2026-05-07 22:26:30-04:00,1.36584,1.36584,1.365835,1.365835,-1.0,-1.0,-1
2026-05-07 22:26:35-04:00,1.365835,1.36584,1.365825,1.365835,-1.0,-1.0,-1
2026-05-07 22:26:40-04:00,1.365835,1.365845,1.36583,1.365845,-1.0,-1.0,-1
2026-05-07 22:26:45-04:00,1.365845,1.365845,1.36584,1.36584,-1.0,-1.0,-1
2026-05-07 22:26:50-04:00,1.36584,1.36585,1.36583,1.365835,-1.0,-1.0,-1
2026-05-07 22:26:55-04:00,1.365835,1.365875,1.365835,1.365875,-1.0,-1.0,-1
2026-05-07 22:27:00-04:00,1.365875,1.36593,1.365875,1.36593,-1.0,-1.0,-1
2026-05-07 22:27:05-04:00,1.36593,1.365955,1.36593,1.365945,-1.0,-1.0,-1
2026-05-07 22:27:10-04:00,1.365945,1.365955,1.36594,1.365955,-1.0,-1.0,-1
2026-05-07 22:27:15-04:00,1.365955,1.365955,1.36593,1.36593,-1.0,-1.0,-1
2026-05-07 22:27:20-04:00,1.36593,1.36593,1.365925,1.365925,-1.0,-1.0,-1
2026-05-07 22:27:25-04:00,1.365925,1.36593,1.365925,1.365925,-1.0,-1.0,-1
2026-05-07 22:27:30-04:00,1.365925,1.36593,1.365925,1.365925,-1.0,-1.0,-1
2026-05-07 22:27:35-04:00,1.365925,1.365925,1.3659,1.3659,-1.0,-1.0,-1
2026-05-07 22:27:40-04:00,1.3659,1.3659,1.3659,1.3659,-1.0,-1.0,-1
2026-05-07 22:27:45-04:00,1.3659,1.3659,1.36589,1.36589,-1.0,-1.0,-1
2026-05-07 22:27:50-04:00,1.36589,1.36589,1.36589,1.36589,-1.0,-1.0,-1
2026-05-07 22:27:55-04:00,1.36589,1.36589,1.36588,1.36588,-1.0,-1.0,-1
2026-05-07 22:28:00-04:00,1.36588,1.36589,1.365875,1.36589,-1.0,-1.0,-1
2026-05-07 22:28:05-04:00,1.36589,1.36589,1.365875,1.36589,-1.0,-1.0,-1
2026-05-07 22:28:10-04:00,1.36589,1.36589,1.36588,1.36588,-1.0,-1.0,-1
2026-05-07 22:28:15-04:00,1.36588,1.36589,1.365875,1.365875,-1.0,-1.0,-1
2026-05-07 22:28:20-04:00,1.365875,1.365875,1.36585,1.36585,-1.0,-1.0,-1
2026-05-07 22:28:25-04:00,1.36585,1.365865,1.36585,1.365855,-1.0,-1.0,-1
2026-05-07 22:28:30-04:00,1.365855,1.36586,1.36585,1.36586,-1.0,-1.0,-1
2026-05-07 22:28:35-04:00,1.36586,1.365865,1.36585,1.365865,-1.0,-1.0,-1
2026-05-07 22:28:40-04:00,1.365865,1.36587,1.365865,1.36587,-1.0,-1.0,-1
2026-05-07 22:28:45-04:00,1.36587,1.36587,1.36585,1.36585,-1.0,-1.0,-1
2026-05-07 22:28:50-04:00,1.36585,1.36586,1.365815,1.36585,-1.0,-1.0,-1
2026-05-07 22:28:55-04:00,1.36585,1.36586,1.36585,1.36585,-1.0,-1.0,-1
2026-05-07 22:29:00-04:00,1.36585,1.365885,1.36585,1.365875,-1.0,-1.0,-1
2026-05-07 22:29:05-04:00,1.365875,1.365875,1.365875,1.365875,-1.0,-1.0,-1
2026-05-07 22:29:10-04:00,1.365875,1.365875,1.36587,1.36587,-1.0,-1.0,-1
2026-05-07 22:29:15-04:00,1.36587,1.365875,1.365865,1.36587,-1.0,-1.0,-1
2026-05-07 22:29:20-04:00,1.36587,1.365875,1.36587,1.36587,-1.0,-1.0,-1
2026-05-07 22:29:25-04:00,1.36587,1.365875,1.365865,1.365875,-1.0,-1.0,-1
2026-05-07 22:29:30-04:00,1.365875,1.365875,1.365865,1.365875,-1.0,-1.0,-1
2026-05-07 22:29:35-04:00,1.365875,1.365875,1.365875,1.365875,-1.0,-1.0,-1
2026-05-07 22:29:40-04:00,1.365875,1.3659,1.365875,1.3659,-1.0,-1.0,-1
2026-05-07 22:29:45-04:00,1.3659,1.365915,1.365895,1.365905,-1.0,-1.0,-1
2026-05-07 22:29:50-04:00,1.365905,1.365905,1.365905,1.365905,-1.0,-1.0,-1
2026-05-07 22:29:55-04:00,1.365905,1.365915,1.365905,1.365915,-1.0,-1.0,-1
2026-05-07 22:30:00-04:00,1.365915,1.365955,1.365905,1.36594,-1.0,-1.0,-1
2026-05-07 22:30:05-04:00,1.36594,1.36594,1.365925,1.365935,-1.0,-1.0,-1
2026-05-07 22:30:10-04:00,1.365935,1.36595,1.365925,1.36593,-1.0,-1.0,-1
2026-05-07 22:30:15-04:00,1.36593,1.36593,1.36592,1.36593,-1.0,-1.0,-1
2026-05-07 22:30:20-04:00,1.36593,1.36594,1.36592,1.36594,-1.0,-1.0,-1
2026-05-07 22:30:25-04:00,1.36594,1.365955,1.36594,1.365955,-1.0,-1.0,-1
2026-05-07 22:30:30-04:00,1.365955,1.365955,1.365935,1.36594,-1.0,-1.0,-1
2026-05-07 22:30:35-04:00,1.36594,1.365955,1.36593,1.365935,-1.0,-1.0,-1
2026-05-07 22:30:40-04:00,1.365935,1.36594,1.36593,1.36594,-1.0,-1.0,-1
2026-05-07 22:30:45-04:00,1.36594,1.36595,1.365935,1.36594,-1.0,-1.0,-1
2026-05-07 22:30:50-04:00,1.36594,1.365955,1.36594,1.36595,-1.0,-1.0,-1
2026-05-07 22:30:55-04:00,1.36595,1.36595,1.365935,1.365945,-1.0,-1.0,-1
2026-05-07 22:31:00-04:00,1.365945,1.365955,1.365945,1.365955,-1.0,-1.0,-1
2026-05-07 22:31:05-04:00,1.365955,1.365965,1.365955,1.36596,-1.0,-1.0,-1
2026-05-07 22:31:10-04:00,1.36596,1.36596,1.365955,1.36596,-1.0,-1.0,-1
2026-05-07 22:31:15-04:00,1.36596,1.36597,1.36596,1.36596,-1.0,-1.0,-1
2026-05-07 22:31:20-04:00,1.36596,1.365965,1.36596,1.365965,-1.0,-1.0,-1
2026-05-07 22:31:25-04:00,1.365965,1.365965,1.365915,1.36592,-1.0,-1.0,-1
2026-05-07 22:31:30-04:00,1.36592,1.36592,1.365905,1.36591,-1.0,-1.0,-1
2026-05-07 22:31:35-04:00,1.36591,1.365925,1.36591,1.36592,-1.0,-1.0,-1
2026-05-07 22:31:40-04:00,1.36592,1.36596,1.36592,1.36596,-1.0,-1.0,-1
2026-05-07 22:31:45-04:00,1.36596,1.365965,1.36596,1.36596,-1.0,-1.0,-1
2026-05-07 22:31:50-04:00,1.36596,1.36596,1.36596,1.36596,-1.0,-1.0,-1
2026-05-07 22:31:55-04:00,1.36596,1.36596,1.36596,1.36596,-1.0,-1.0,-1
2026-05-07 22:32:00-04:00,1.36596,1.36597,1.365955,1.365965,-1.0,-1.0,-1
2026-05-07 22:32:05-04:00,1.365965,1.365985,1.365965,1.36598,-1.0,-1.0,-1
2026-05-07 22:32:10-04:00,1.36598,1.36598,1.365965,1.365975,-1.0,-1.0,-1
2026-05-07 22:32:15-04:00,1.365975,1.365975,1.365965,1.365975,-1.0,-1.0,-1
2026-05-07 22:32:20-04:00,1.365975,1.36598,1.365965,1.365965,-1.0,-1.0,-1
2026-05-07 22:32:25-04:00,1.365965,1.365965,1.36596,1.36596,-1.0,-1.0,-1
2026-05-07 22:32:30-04:00,1.36596,1.36596,1.36594,1.365955,-1.0,-1.0,-1
2026-05-07 22:32:35-04:00,1.365955,1.36597,1.365955,1.36597,-1.0,-1.0,-1
2026-05-07 22:32:40-04:00,1.36597,1.36597,1.365965,1.36597,-1.0,-1.0,-1
2026-05-07 22:32:45-04:00,1.36597,1.365985,1.36597,1.365985,-1.0,-1.0,-1
2026-05-07 22:32:50-04:00,1.365985,1.365985,1.365985,1.365985,-1.0,-1.0,-1
2026-05-07 22:32:55-04:00,1.365985,1.365985,1.36597,1.36598,-1.0,-1.0,-1
2026-05-07 22:33:00-04:00,1.36598,1.36598,1.365965,1.365965,-1.0,-1.0,-1
2026-05-07 22:33:05-04:00,1.365965,1.36597,1.36596,1.365965,-1.0,-1.0,-1
2026-05-07 22:33:10-04:00,1.365965,1.365965,1.365965,1.365965,-1.0,-1.0,-1
2026-05-07 22:33:15-04:00,1.365965,1.365965,1.365965,1.365965,-1.0,-1.0,-1
2026-05-07 22:33:20-04:00,1.365965,1.365975,1.365955,1.36596,-1.0,-1.0,-1
2026-05-07 22:33:25-04:00,1.36596,1.365965,1.36596,1.36596,-1.0,-1.0,-1
2026-05-07 22:33:30-04:00,1.36596,1.365965,1.36594,1.36594,-1.0,-1.0,-1
2026-05-07 22:33:35-04:00,1.36594,1.365955,1.36594,1.365955,-1.0,-1.0,-1
2026-05-07 22:33:40-04:00,1.365955,1.365955,1.36594,1.36594,-1.0,-1.0,-1
2026-05-07 22:33:45-04:00,1.36594,1.365955,1.36594,1.365955,-1.0,-1.0,-1
2026-05-07 22:33:50-04:00,1.365955,1.365965,1.36591,1.36591,-1.0,-1.0,-1
2026-05-07 22:33:55-04:00,1.36591,1.365925,1.36591,1.36592,-1.0,-1.0,-1
2026-05-07 22:34:00-04:00,1.36592,1.36595,1.365915,1.36594,-1.0,-1.0,-1
2026-05-07 22:34:05-04:00,1.36594,1.36595,1.36594,1.365945,-1.0,-1.0,-1
2026-05-07 22:34:10-04:00,1.365945,1.36595,1.365935,1.36594,-1.0,-1.0,-1
2026-05-07 22:34:15-04:00,1.36594,1.36594,1.365935,1.36594,-1.0,-1.0,-1
2026-05-07 22:34:20-04:00,1.36594,1.36594,1.365925,1.365935,-1.0,-1.0,-1
2026-05-07 22:34:25-04:00,1.365935,1.365935,1.36592,1.365925,-1.0,-1.0,-1
2026-05-07 22:34:30-04:00,1.365925,1.365935,1.365925,1.365935,-1.0,-1.0,-1
2026-05-07 22:34:35-04:00,1.365935,1.365935,1.365925,1.36593,-1.0,-1.0,-1
2026-05-07 22:34:40-04:00,1.36593,1.36593,1.365895,1.365895,-1.0,-1.0,-1
2026-05-07 22:34:45-04:00,1.365895,1.365895,1.365895,1.365895,-1.0,-1.0,-1
2026-05-07 22:34:50-04:00,1.365895,1.365895,1.365895,1.365895,-1.0,-1.0,-1
2026-05-07 22:34:55-04:00,1.365895,1.365895,1.365875,1.365895,-1.0,-1.0,-1
2026-05-07 22:35:00-04:00,1.365895,1.365895,1.365895,1.365895,-1.0,-1.0,-1
2026-05-07 22:35:05-04:00,1.365895,1.365895,1.365875,1.36588,-1.0,-1.0,-1
2026-05-07 22:35:10-04:00,1.36588,1.36597,1.365875,1.365915,-1.0,-1.0,-1
2026-05-07 22:35:15-04:00,1.365915,1.365975,1.365915,1.36595,-1.0,-1.0,-1
2026-05-07 22:35:20-04:00,1.36595,1.365985,1.365945,1.36596,-1.0,-1.0,-1
2026-05-07 22:35:25-04:00,1.36596,1.366025,1.36596,1.36599,-1.0,-1.0,-1
2026-05-07 22:35:30-04:00,1.36599,1.366015,1.36597,1.366,-1.0,-1.0,-1
2026-05-07 22:35:35-04:00,1.366,1.366065,1.365995,1.36604,-1.0,-1.0,-1
2026-05-07 22:35:40-04:00,1.36604,1.366045,1.366005,1.36601,-1.0,-1.0,-1
2026-05-07 22:35:45-04:00,1.36601,1.36601,1.366005,1.366005,-1.0,-1.0,-1
2026-05-07 22:35:50-04:00,1.366005,1.36602,1.366005,1.366015,-1.0,-1.0,-1
2026-05-07 22:35:55-04:00,1.366015,1.366025,1.36601,1.36602,-1.0,-1.0,-1
2026-05-07 22:36:00-04:00,1.36602,1.36607,1.36602,1.36607,-1.0,-1.0,-1
2026-05-07 22:36:05-04:00,1.36607,1.36611,1.36607,1.366105,-1.0,-1.0,-1
2026-05-07 22:36:10-04:00,1.366105,1.366105,1.366105,1.366105,-1.0,-1.0,-1
2026-05-07 22:36:15-04:00,1.366105,1.366105,1.366055,1.36606,-1.0,-1.0,-1
2026-05-07 22:36:20-04:00,1.36606,1.366075,1.36606,1.366075,-1.0,-1.0,-1
2026-05-07 22:36:25-04:00,1.366075,1.36612,1.36607,1.3661,-1.0,-1.0,-1
2026-05-07 22:36:30-04:00,1.3661,1.36611,1.366075,1.36611,-1.0,-1.0,-1
2026-05-07 22:36:35-04:00,1.36611,1.366135,1.36611,1.366125,-1.0,-1.0,-1
2026-05-07 22:36:40-04:00,1.366125,1.36625,1.366125,1.366235,-1.0,-1.0,-1
2026-05-07 22:36:45-04:00,1.366235,1.36625,1.36619,1.366225,-1.0,-1.0,-1
2026-05-07 22:36:50-04:00,1.366225,1.36625,1.366195,1.36624,-1.0,-1.0,-1
2026-05-07 22:36:55-04:00,1.36624,1.36624,1.3662,1.366225,-1.0,-1.0,-1
2026-05-07 22:37:00-04:00,1.366225,1.366225,1.36619,1.36619,-1.0,-1.0,-1
2026-05-07 22:37:05-04:00,1.36619,1.366225,1.366175,1.366225,-1.0,-1.0,-1
2026-05-07 22:37:10-04:00,1.366225,1.366225,1.366175,1.366195,-1.0,-1.0,-1
2026-05-07 22:37:15-04:00,1.366195,1.3662,1.36619,1.3662,-1.0,-1.0,-1
2026-05-07 22:37:20-04:00,1.3662,1.3662,1.36619,1.366195,-1.0,-1.0,-1
2026-05-07 22:37:25-04:00,1.366195,1.36623,1.366195,1.36623,-1.0,-1.0,-1
2026-05-07 22:37:30-04:00,1.36623,1.36623,1.366185,1.366195,-1.0,-1.0,-1
2026-05-07 22:37:35-04:00,1.366195,1.366195,1.366185,1.366195,-1.0,-1.0,-1
2026-05-07 22:37:40-04:00,1.366195,1.3662,1.366195,1.366195,-1.0,-1.0,-1
2026-05-07 22:37:45-04:00,1.366195,1.3662,1.366185,1.3662,-1.0,-1.0,-1
2026-05-07 22:37:50-04:00,1.3662,1.366245,1.366195,1.366245,-1.0,-1.0,-1
2026-05-07 22:37:55-04:00,1.366245,1.36625,1.36624,1.36624,-1.0,-1.0,-1
2026-05-07 22:38:00-04:00,1.36624,1.366245,1.36624,1.366245,-1.0,-1.0,-1
2026-05-07 22:38:05-04:00,1.366245,1.366245,1.36624,1.36624,-1.0,-1.0,-1
2026-05-07 22:38:10-04:00,1.36624,1.36628,1.36624,1.366255,-1.0,-1.0,-1
2026-05-07 22:38:15-04:00,1.366255,1.36628,1.366255,1.36628,-1.0,-1.0,-1
2026-05-07 22:38:20-04:00,1.36628,1.366335,1.366275,1.366335,-1.0,-1.0,-1
2026-05-07 22:38:25-04:00,1.366335,1.366375,1.366325,1.366375,-1.0,-1.0,-1
2026-05-07 22:38:30-04:00,1.366375,1.366425,1.366375,1.366425,-1.0,-1.0,-1
2026-05-07 22:38:35-04:00,1.366425,1.366425,1.36639,1.36639,-1.0,-1.0,-1
2026-05-07 22:38:40-04:00,1.36639,1.36639,1.366325,1.366325,-1.0,-1.0,-1
2026-05-07 22:38:45-04:00,1.366325,1.366345,1.366325,1.36634,-1.0,-1.0,-1
2026-05-07 22:38:50-04:00,1.36634,1.36635,1.366335,1.366345,-1.0,-1.0,-1
2026-05-07 22:38:55-04:00,1.366345,1.366355,1.36634,1.36634,-1.0,-1.0,-1
2026-05-07 22:39:00-04:00,1.36634,1.366395,1.36632,1.366345,-1.0,-1.0,-1
2026-05-07 22:39:05-04:00,1.366345,1.36635,1.366335,1.36635,-1.0,-1.0,-1
2026-05-07 22:39:10-04:00,1.36635,1.36636,1.36635,1.366355,-1.0,-1.0,-1
2026-05-07 22:39:15-04:00,1.366355,1.36637,1.366355,1.366355,-1.0,-1.0,-1
2026-05-07 22:39:20-04:00,1.366355,1.366355,1.36634,1.366345,-1.0,-1.0,-1
2026-05-07 22:39:25-04:00,1.366345,1.366355,1.366335,1.366355,-1.0,-1.0,-1
2026-05-07 22:39:30-04:00,1.366355,1.366375,1.36635,1.366375,-1.0,-1.0,-1
2026-05-07 22:39:35-04:00,1.366375,1.36641,1.366375,1.3664,-1.0,-1.0,-1
2026-05-07 22:39:40-04:00,1.3664,1.3664,1.366395,1.3664,-1.0,-1.0,-1
2026-05-07 22:39:45-04:00,1.3664,1.3664,1.36636,1.36636,-1.0,-1.0,-1
2026-05-07 22:39:50-04:00,1.36636,1.36636,1.366345,1.36635,-1.0,-1.0,-1
2026-05-07 22:39:55-04:00,1.36635,1.366355,1.366345,1.366355,-1.0,-1.0,-1
2026-05-07 22:40:00-04:00,1.366355,1.3664,1.366355,1.366395,-1.0,-1.0,-1
2026-05-07 22:40:05-04:00,1.366395,1.3664,1.36639,1.366395,-1.0,-1.0,-1
2026-05-07 22:40:10-04:00,1.366395,1.3664,1.366345,1.366345,-1.0,-1.0,-1
2026-05-07 22:40:15-04:00,1.366345,1.366345,1.36631,1.36631,-1.0,-1.0,-1
2026-05-07 22:40:20-04:00,1.36631,1.366335,1.366295,1.366335,-1.0,-1.0,-1
2026-05-07 22:40:25-04:00,1.366335,1.366355,1.366335,1.366345,-1.0,-1.0,-1
2026-05-07 22:40:30-04:00,1.366345,1.366355,1.36634,1.36634,-1.0,-1.0,-1
2026-05-07 22:40:35-04:00,1.36634,1.36634,1.36631,1.36631,-1.0,-1.0,-1
2026-05-07 22:40:40-04:00,1.36631,1.36631,1.36629,1.36629,-1.0,-1.0,-1
2026-05-07 22:40:45-04:00,1.36629,1.366305,1.36629,1.36629,-1.0,-1.0,-1
2026-05-07 22:40:50-04:00,1.36629,1.3663,1.366265,1.366265,-1.0,-1.0,-1
2026-05-07 22:40:55-04:00,1.366265,1.366265,1.36625,1.36625,-1.0,-1.0,-1
2026-05-07 22:41:00-04:00,1.36625,1.36633,1.36625,1.36633,-1.0,-1.0,-1
2026-05-07 22:41:05-04:00,1.36633,1.366335,1.36633,1.36633,-1.0,-1.0,-1
2026-05-07 22:41:10-04:00,1.36633,1.36634,1.36632,1.366325,-1.0,-1.0,-1
2026-05-07 22:41:15-04:00,1.366325,1.36633,1.36632,1.36633,-1.0,-1.0,-1
2026-05-07 22:41:20-04:00,1.36633,1.366335,1.36632,1.366335,-1.0,-1.0,-1
2026-05-07 22:41:25-04:00,1.366335,1.36634,1.366335,1.366335,-1.0,-1.0,-1
2026-05-07 22:41:30-04:00,1.366335,1.36634,1.366335,1.36634,-1.0,-1.0,-1
2026-05-07 22:41:35-04:00,1.36634,1.36637,1.36634,1.36635,-1.0,-1.0,-1
2026-05-07 22:41:40-04:00,1.36635,1.36636,1.366345,1.36635,-1.0,-1.0,-1
2026-05-07 22:41:45-04:00,1.36635,1.36635,1.366345,1.366345,-1.0,-1.0,-1
2026-05-07 22:41:50-04:00,1.366345,1.366345,1.36634,1.36634,-1.0,-1.0,-1
2026-05-07 22:41:55-04:00,1.36634,1.366345,1.366335,1.366335,-1.0,-1.0,-1
2026-05-07 22:42:00-04:00,1.366335,1.36635,1.36633,1.36635,-1.0,-1.0,-1
2026-05-07 22:42:05-04:00,1.36635,1.366355,1.366345,1.366355,-1.0,-1.0,-1
2026-05-07 22:42:10-04:00,1.366355,1.366365,1.36634,1.366345,-1.0,-1.0,-1
2026-05-07 22:42:15-04:00,1.366345,1.36637,1.36634,1.36634,-1.0,-1.0,-1
2026-05-07 22:42:20-04:00,1.36634,1.36634,1.366335,1.36634,-1.0,-1.0,-1
2026-05-07 22:42:25-04:00,1.36634,1.36634,1.366315,1.36634,-1.0,-1.0,-1
2026-05-07 22:42:30-04:00,1.36634,1.36634,1.366335,1.36634,-1.0,-1.0,-1
2026-05-07 22:42:35-04:00,1.36634,1.36634,1.366335,1.36634,-1.0,-1.0,-1
2026-05-07 22:42:40-04:00,1.36634,1.366345,1.366335,1.366335,-1.0,-1.0,-1
2026-05-07 22:42:45-04:00,1.366335,1.36634,1.36631,1.36631,-1.0,-1.0,-1
2026-05-07 22:42:50-04:00,1.36631,1.36632,1.36631,1.36632,-1.0,-1.0,-1
2026-05-07 22:42:55-04:00,1.36632,1.36634,1.36632,1.36634,-1.0,-1.0,-1
2026-05-07 22:43:00-04:00,1.36634,1.36634,1.366335,1.366335,-1.0,-1.0,-1
2026-05-07 22:43:05-04:00,1.366335,1.366335,1.36632,1.366335,-1.0,-1.0,-1
2026-05-07 22:43:10-04:00,1.366335,1.366335,1.36632,1.36632,-1.0,-1.0,-1
2026-05-07 22:43:15-04:00,1.36632,1.366335,1.36632,1.36632,-1.0,-1.0,-1
2026-05-07 22:43:20-04:00,1.36632,1.36634,1.36632,1.36632,-1.0,-1.0,-1
2026-05-07 22:43:25-04:00,1.36632,1.36632,1.366315,1.366315,-1.0,-1.0,-1
2026-05-07 22:43:30-04:00,1.366315,1.36632,1.36629,1.36629,-1.0,-1.0,-1
2026-05-07 22:43:35-04:00,1.36629,1.3663,1.366265,1.36627,-1.0,-1.0,-1
2026-05-07 22:43:40-04:00,1.36627,1.36628,1.366265,1.36627,-1.0,-1.0,-1
2026-05-07 22:43:45-04:00,1.36627,1.36627,1.366265,1.36627,-1.0,-1.0,-1
2026-05-07 22:43:50-04:00,1.36627,1.36627,1.36626,1.36626,-1.0,-1.0,-1
2026-05-07 22:43:55-04:00,1.36626,1.36627,1.366255,1.36626,-1.0,-1.0,-1
2026-05-07 22:44:00-04:00,1.36626,1.36626,1.36625,1.36625,-1.0,-1.0,-1
2026-05-07 22:44:05-04:00,1.36625,1.36628,1.36625,1.36628,-1.0,-1.0,-1
2026-05-07 22:44:10-04:00,1.36628,1.366305,1.36627,1.366305,-1.0,-1.0,-1
2026-05-07 22:44:15-04:00,1.366305,1.366305,1.366285,1.366285,-1.0,-1.0,-1
2026-05-07 22:44:20-04:00,1.366285,1.36629,1.36628,1.36629,-1.0,-1.0,-1
2026-05-07 22:44:25-04:00,1.36629,1.36629,1.366285,1.366285,-1.0,-1.0,-1
2026-05-07 22:44:30-04:00,1.366285,1.3663,1.366285,1.366285,-1.0,-1.0,-1
2026-05-07 22:44:35-04:00,1.366285,1.36629,1.366285,1.366285,-1.0,-1.0,-1
2026-05-07 22:44:40-04:00,1.366285,1.366285,1.36628,1.366285,-1.0,-1.0,-1
2026-05-07 22:44:45-04:00,1.366285,1.366285,1.366285,1.366285,-1.0,-1.0,-1
2026-05-07 22:44:50-04:00,1.366285,1.36631,1.366285,1.366305,-1.0,-1.0,-1
2026-05-07 22:44:55-04:00,1.366305,1.366305,1.36629,1.3663,-1.0,-1.0,-1
2026-05-07 22:45:00-04:00,1.3663,1.3663,1.366265,1.36627,-1.0,-1.0,-1
2026-05-07 22:45:05-04:00,1.36627,1.36627,1.36626,1.36626,-1.0,-1.0,-1
2026-05-07 22:45:10-04:00,1.36626,1.36626,1.36626,1.36626,-1.0,-1.0,-1
2026-05-07 22:45:15-04:00,1.36626,1.36626,1.366245,1.36625,-1.0,-1.0,-1
2026-05-07 22:45:20-04:00,1.36625,1.36625,1.36624,1.366245,-1.0,-1.0,-1
2026-05-07 22:45:25-04:00,1.366245,1.366255,1.36624,1.36625,-1.0,-1.0,-1
2026-05-07 22:45:30-04:00,1.36625,1.366255,1.366245,1.36625,-1.0,-1.0,-1
2026-05-07 22:45:35-04:00,1.36625,1.366255,1.36625,1.366255,-1.0,-1.0,-1
2026-05-07 22:45:40-04:00,1.366255,1.36626,1.366245,1.36626,-1.0,-1.0,-1
2026-05-07 22:45:45-04:00,1.36626,1.36626,1.36626,1.36626,-1.0,-1.0,-1
2026-05-07 22:45:50-04:00,1.36626,1.36627,1.366245,1.366245,-1.0,-1.0,-1
2026-05-07 22:45:55-04:00,1.366245,1.36625,1.36622,1.36622,-1.0,-1.0,-1
2026-05-07 22:46:00-04:00,1.36622,1.36622,1.366195,1.366195,-1.0,-1.0,-1
2026-05-07 22:46:05-04:00,1.366195,1.366195,1.366165,1.36617,-1.0,-1.0,-1
2026-05-07 22:46:10-04:00,1.36617,1.366185,1.36617,1.366185,-1.0,-1.0,-1
2026-05-07 22:46:15-04:00,1.366185,1.366185,1.366175,1.366175,-1.0,-1.0,-1
2026-05-07 22:46:20-04:00,1.366175,1.366175,1.366165,1.36617,-1.0,-1.0,-1
2026-05-07 22:46:25-04:00,1.36617,1.36617,1.36615,1.36616,-1.0,-1.0,-1
2026-05-07 22:46:30-04:00,1.36616,1.366165,1.366145,1.366145,-1.0,-1.0,-1
2026-05-07 22:46:35-04:00,1.366145,1.366165,1.366145,1.36616,-1.0,-1.0,-1
2026-05-07 22:46:40-04:00,1.36616,1.36617,1.36616,1.36616,-1.0,-1.0,-1
2026-05-07 22:46:45-04:00,1.36616,1.366175,1.36616,1.36617,-1.0,-1.0,-1
2026-05-07 22:46:50-04:00,1.36617,1.36617,1.36615,1.36615,-1.0,-1.0,-1
2026-05-07 22:46:55-04:00,1.36615,1.36616,1.36615,1.36616,-1.0,-1.0,-1
2026-05-07 22:47:00-04:00,1.36616,1.36616,1.366155,1.366155,-1.0,-1.0,-1
2026-05-07 22:47:05-04:00,1.366155,1.36616,1.36615,1.366155,-1.0,-1.0,-1
2026-05-07 22:47:10-04:00,1.366155,1.36616,1.36615,1.366155,-1.0,-1.0,-1
2026-05-07 22:47:15-04:00,1.366155,1.36617,1.366155,1.36617,-1.0,-1.0,-1
2026-05-07 22:47:20-04:00,1.36617,1.36617,1.366165,1.36617,-1.0,-1.0,-1
2026-05-07 22:47:25-04:00,1.36617,1.366175,1.36617,1.366175,-1.0,-1.0,-1
2026-05-07 22:47:30-04:00,1.366175,1.36618,1.36617,1.366175,-1.0,-1.0,-1
2026-05-07 22:47:35-04:00,1.366175,1.36618,1.366175,1.36618,-1.0,-1.0,-1
2026-05-07 22:47:40-04:00,1.36618,1.36618,1.366155,1.366155,-1.0,-1.0,-1
2026-05-07 22:47:45-04:00,1.366155,1.366165,1.366145,1.36616,-1.0,-1.0,-1
2026-05-07 22:47:50-04:00,1.36616,1.36616,1.366145,1.366155,-1.0,-1.0,-1
2026-05-07 22:47:55-04:00,1.366155,1.36616,1.366155,1.366155,-1.0,-1.0,-1
2026-05-07 22:48:00-04:00,1.366155,1.366155,1.366145,1.36615,-1.0,-1.0,-1
2026-05-07 22:48:05-04:00,1.36615,1.366165,1.36615,1.366165,-1.0,-1.0,-1
2026-05-07 22:48:10-04:00,1.366165,1.366165,1.366135,1.366135,-1.0,-1.0,-1
2026-05-07 22:48:15-04:00,1.366135,1.36614,1.36613,1.36613,-1.0,-1.0,-1
2026-05-07 22:48:20-04:00,1.36613,1.36613,1.36613,1.36613,-1.0,-1.0,-1
2026-05-07 22:48:25-04:00,1.36613,1.36614,1.36613,1.366135,-1.0,-1.0,-1
2026-05-07 22:48:30-04:00,1.366135,1.36614,1.36613,1.36613,-1.0,-1.0,-1
2026-05-07 22:48:35-04:00,1.36613,1.36613,1.3661,1.366105,-1.0,-1.0,-1
2026-05-07 22:48:40-04:00,1.366105,1.366105,1.3661,1.3661,-1.0,-1.0,-1
2026-05-07 22:48:45-04:00,1.3661,1.36611,1.3661,1.366105,-1.0,-1.0,-1
2026-05-07 22:48:50-04:00,1.366105,1.366105,1.3661,1.366105,-1.0,-1.0,-1
2026-05-07 22:48:55-04:00,1.366105,1.366105,1.3661,1.366105,-1.0,-1.0,-1
2026-05-07 22:49:00-04:00,1.366105,1.36612,1.366105,1.366115,-1.0,-1.0,-1
2026-05-07 22:49:05-04:00,1.366115,1.366115,1.3661,1.3661,-1.0,-1.0,-1
2026-05-07 22:49:10-04:00,1.3661,1.366105,1.3661,1.366105,-1.0,-1.0,-1
2026-05-07 22:49:15-04:00,1.366105,1.366105,1.36609,1.3661,-1.0,-1.0,-1
2026-05-07 22:49:20-04:00,1.3661,1.36611,1.366095,1.36611,-1.0,-1.0,-1
2026-05-07 22:49:25-04:00,1.36611,1.36611,1.366105,1.36611,-1.0,-1.0,-1
2026-05-07 22:49:30-04:00,1.36611,1.36611,1.36611,1.36611,-1.0,-1.0,-1
2026-05-07 22:49:35-04:00,1.36611,1.36612,1.366105,1.36611,-1.0,-1.0,-1
2026-05-07 22:49:40-04:00,1.36611,1.36612,1.36608,1.36609,-1.0,-1.0,-1
2026-05-07 22:49:45-04:00,1.36609,1.366095,1.36607,1.36607,-1.0,-1.0,-1
2026-05-07 22:49:50-04:00,1.36607,1.36607,1.36601,1.36601,-1.0,-1.0,-1
2026-05-07 22:49:55-04:00,1.36601,1.366025,1.36593,1.36595,-1.0,-1.0,-1
2026-05-07 22:50:00-04:00,1.36595,1.36597,1.36593,1.36595,-1.0,-1.0,-1
2026-05-07 22:50:05-04:00,1.36595,1.36597,1.36594,1.36594,-1.0,-1.0,-1
2026-05-07 22:50:10-04:00,1.36594,1.36597,1.365935,1.36594,-1.0,-1.0,-1
2026-05-07 22:50:15-04:00,1.36594,1.36595,1.36591,1.36594,-1.0,-1.0,-1
2026-05-07 22:50:20-04:00,1.36594,1.36595,1.365925,1.365935,-1.0,-1.0,-1
2026-05-07 22:50:25-04:00,1.365935,1.36595,1.365925,1.36594,-1.0,-1.0,-1
2026-05-07 22:50:30-04:00,1.36594,1.36597,1.36594,1.36597,-1.0,-1.0,-1
2026-05-07 22:50:35-04:00,1.36597,1.36599,1.36596,1.36599,-1.0,-1.0,-1
2026-05-07 22:50:40-04:00,1.36599,1.36602,1.36599,1.366015,-1.0,-1.0,-1
2026-05-07 22:50:45-04:00,1.366015,1.366025,1.36601,1.366025,-1.0,-1.0,-1
2026-05-07 22:50:50-04:00,1.366025,1.36603,1.36601,1.36602,-1.0,-1.0,-1
2026-05-07 22:50:55-04:00,1.36602,1.36605,1.36602,1.36604,-1.0,-1.0,-1
2026-05-07 22:51:00-04:00,1.36604,1.366045,1.36604,1.366045,-1.0,-1.0,-1
2026-05-07 22:51:05-04:00,1.366045,1.366045,1.36596,1.36596,-1.0,-1.0,-1
2026-05-07 22:51:10-04:00,1.36596,1.36596,1.36595,1.36595,-1.0,-1.0,-1
2026-05-07 22:51:15-04:00,1.36595,1.36599,1.36595,1.365985,-1.0,-1.0,-1
2026-05-07 22:51:20-04:00,1.365985,1.365985,1.36597,1.36597,-1.0,-1.0,-1
2026-05-07 22:51:25-04:00,1.36597,1.36602,1.36597,1.366005,-1.0,-1.0,-1
2026-05-07 22:51:30-04:00,1.366005,1.366005,1.365995,1.366,-1.0,-1.0,-1
2026-05-07 22:51:35-04:00,1.366,1.366,1.365995,1.366,-1.0,-1.0,-1
2026-05-07 22:51:40-04:00,1.366,1.36601,1.365995,1.365995,-1.0,-1.0,-1
2026-05-07 22:51:45-04:00,1.365995,1.365995,1.36599,1.365995,-1.0,-1.0,-1
2026-05-07 22:51:50-04:00,1.365995,1.365995,1.365985,1.365985,-1.0,-1.0,-1
2026-05-07 22:51:55-04:00,1.365985,1.36599,1.365985,1.365985,-1.0,-1.0,-1
2026-05-07 22:52:00-04:00,1.365985,1.36601,1.365965,1.36601,-1.0,-1.0,-1
2026-05-07 22:52:05-04:00,1.36601,1.36602,1.366,1.36601,-1.0,-1.0,-1
2026-05-07 22:52:10-04:00,1.36601,1.36601,1.366,1.366,-1.0,-1.0,-1
2026-05-07 22:52:15-04:00,1.366,1.36603,1.366,1.36602,-1.0,-1.0,-1
2026-05-07 22:52:20-04:00,1.36602,1.36604,1.366015,1.36604,-1.0,-1.0,-1
2026-05-07 22:52:25-04:00,1.36604,1.36604,1.36604,1.36604,-1.0,-1.0,-1
2026-05-07 22:52:30-04:00,1.36604,1.36604,1.366035,1.36604,-1.0,-1.0,-1
2026-05-07 22:52:35-04:00,1.36604,1.36604,1.36604,1.36604,-1.0,-1.0,-1
2026-05-07 22:52:40-04:00,1.36604,1.366045,1.36604,1.366045,-1.0,-1.0,-1
2026-05-07 22:52:45-04:00,1.366045,1.366045,1.366045,1.366045,-1.0,-1.0,-1
2026-05-07 22:52:50-04:00,1.366045,1.366045,1.36604,1.36604,-1.0,-1.0,-1
2026-05-07 22:52:55-04:00,1.36604,1.366085,1.36604,1.366075,-1.0,-1.0,-1
2026-05-07 22:53:00-04:00,1.366075,1.36608,1.36606,1.366075,-1.0,-1.0,-1
2026-05-07 22:53:05-04:00,1.366075,1.36611,1.366075,1.36609,-1.0,-1.0,-1
2026-05-07 22:53:10-04:00,1.36609,1.36609,1.366075,1.366085,-1.0,-1.0,-1
2026-05-07 22:53:15-04:00,1.366085,1.36609,1.366075,1.366085,-1.0,-1.0,-1
2026-05-07 22:53:20-04:00,1.366085,1.366095,1.36608,1.36609,-1.0,-1.0,-1
2026-05-07 22:53:25-04:00,1.36609,1.3661,1.36609,1.3661,-1.0,-1.0,-1
2026-05-07 22:53:30-04:00,1.3661,1.366105,1.366095,1.366095,-1.0,-1.0,-1
2026-05-07 22:53:35-04:00,1.366095,1.366095,1.366095,1.366095,-1.0,-1.0,-1
2026-05-07 22:53:40-04:00,1.366095,1.366105,1.366075,1.36608,-1.0,-1.0,-1
2026-05-07 22:53:45-04:00,1.36608,1.36609,1.366075,1.366085,-1.0,-1.0,-1
2026-05-07 22:53:50-04:00,1.366085,1.366085,1.366085,1.366085,-1.0,-1.0,-1
2026-05-07 22:53:55-04:00,1.366085,1.366085,1.366055,1.36607,-1.0,-1.0,-1
2026-05-07 22:54:00-04:00,1.36607,1.36607,1.366055,1.366055,-1.0,-1.0,-1
2026-05-07 22:54:05-04:00,1.366055,1.366055,1.366045,1.366045,-1.0,-1.0,-1
2026-05-07 22:54:10-04:00,1.366045,1.366045,1.366045,1.366045,-1.0,-1.0,-1
2026-05-07 22:54:15-04:00,1.366045,1.366045,1.366045,1.366045,-1.0,-1.0,-1
2026-05-07 22:54:20-04:00,1.366045,1.366045,1.36604,1.366045,-1.0,-1.0,-1
2026-05-07 22:54:25-04:00,1.366045,1.366045,1.366045,1.366045,-1.0,-1.0,-1
2026-05-07 22:54:30-04:00,1.366045,1.366045,1.36604,1.366045,-1.0,-1.0,-1
2026-05-07 22:54:35-04:00,1.366045,1.366045,1.366045,1.366045,-1.0,-1.0,-1
2026-05-07 22:54:40-04:00,1.366045,1.366045,1.36597,1.36597,-1.0,-1.0,-1
2026-05-07 22:54:45-04:00,1.36597,1.36597,1.365965,1.365965,-1.0,-1.0,-1
2026-05-07 22:54:50-04:00,1.365965,1.36601,1.365965,1.366005,-1.0,-1.0,-1
2026-05-07 22:54:55-04:00,1.366005,1.36601,1.366005,1.366005,-1.0,-1.0,-1
2026-05-07 22:55:00-04:00,1.366005,1.366005,1.365995,1.366,-1.0,-1.0,-1
2026-05-07 22:55:05-04:00,1.366,1.366005,1.365985,1.365985,-1.0,-1.0,-1
2026-05-07 22:55:10-04:00,1.365985,1.365985,1.36596,1.36596,-1.0,-1.0,-1
2026-05-07 22:55:15-04:00,1.36596,1.365975,1.36596,1.365965,-1.0,-1.0,-1
2026-05-07 22:55:20-04:00,1.365965,1.365975,1.36596,1.36596,-1.0,-1.0,-1
2026-05-07 22:55:25-04:00,1.36596,1.36596,1.3659,1.3659,-1.0,-1.0,-1
2026-05-07 22:55:30-04:00,1.3659,1.3659,1.365895,1.365895,-1.0,-1.0,-1
2026-05-07 22:55:35-04:00,1.365895,1.365895,1.36589,1.36589,-1.0,-1.0,-1
2026-05-07 22:55:40-04:00,1.36589,1.36592,1.36589,1.365905,-1.0,-1.0,-1
2026-05-07 22:55:45-04:00,1.365905,1.365915,1.365905,1.365905,-1.0,-1.0,-1
2026-05-07 22:55:50-04:00,1.365905,1.36592,1.365905,1.365915,-1.0,-1.0,-1
2026-05-07 22:55:55-04:00,1.365915,1.36595,1.365915,1.36592,-1.0,-1.0,-1
2026-05-07 22:56:00-04:00,1.36592,1.36595,1.36591,1.365915,-1.0,-1.0,-1
2026-05-07 22:56:05-04:00,1.365915,1.365915,1.365905,1.365905,-1.0,-1.0,-1
2026-05-07 22:56:10-04:00,1.365905,1.36591,1.365905,1.365905,-1.0,-1.0,-1
2026-05-07 22:56:15-04:00,1.365905,1.36591,1.365905,1.36591,-1.0,-1.0,-1
2026-05-07 22:56:20-04:00,1.36591,1.36592,1.365905,1.365915,-1.0,-1.0,-1
2026-05-07 22:56:25-04:00,1.365915,1.36592,1.365905,1.36591,-1.0,-1.0,-1
2026-05-07 22:56:30-04:00,1.36591,1.365915,1.36591,1.36591,-1.0,-1.0,-1
2026-05-07 22:56:35-04:00,1.36591,1.365915,1.36591,1.36591,-1.0,-1.0,-1
2026-05-07 22:56:40-04:00,1.36591,1.36592,1.36591,1.36591,-1.0,-1.0,-1
2026-05-07 22:56:45-04:00,1.36591,1.36591,1.365905,1.365905,-1.0,-1.0,-1
2026-05-07 22:56:50-04:00,1.365905,1.36593,1.365905,1.36592,-1.0,-1.0,-1
2026-05-07 22:56:55-04:00,1.36592,1.36596,1.36592,1.36596,-1.0,-1.0,-1
2026-05-07 22:57:00-04:00,1.36596,1.36596,1.36595,1.365955,-1.0,-1.0,-1
2026-05-07 22:57:05-04:00,1.365955,1.365965,1.365955,1.365955,-1.0,-1.0,-1
2026-05-07 22:57:10-04:00,1.365955,1.36596,1.365955,1.36596,-1.0,-1.0,-1
2026-05-07 22:57:15-04:00,1.36596,1.365965,1.36596,1.36596,-1.0,-1.0,-1
2026-05-07 22:57:20-04:00,1.36596,1.365965,1.36596,1.36596,-1.0,-1.0,-1
2026-05-07 22:57:25-04:00,1.36596,1.365965,1.365955,1.36596,-1.0,-1.0,-1
2026-05-07 22:57:30-04:00,1.36596,1.36596,1.36595,1.36595,-1.0,-1.0,-1
2026-05-07 22:57:35-04:00,1.36595,1.36595,1.36594,1.36594,-1.0,-1.0,-1
2026-05-07 22:57:40-04:00,1.36594,1.36594,1.365935,1.36594,-1.0,-1.0,-1
2026-05-07 22:57:45-04:00,1.36594,1.36595,1.36594,1.36595,-1.0,-1.0,-1
2026-05-07 22:57:50-04:00,1.36595,1.36596,1.36595,1.365955,-1.0,-1.0,-1
2026-05-07 22:57:55-04:00,1.365955,1.365955,1.36595,1.365955,-1.0,-1.0,-1
2026-05-07 22:58:00-04:00,1.365955,1.365955,1.36594,1.36594,-1.0,-1.0,-1
2026-05-07 22:58:05-04:00,1.36594,1.36595,1.36591,1.365915,-1.0,-1.0,-1
2026-05-07 22:58:10-04:00,1.365915,1.36592,1.365915,1.36592,-1.0,-1.0,-1
2026-05-07 22:58:15-04:00,1.36592,1.36593,1.36592,1.36593,-1.0,-1.0,-1
2026-05-07 22:58:20-04:00,1.36593,1.36593,1.36593,1.36593,-1.0,-1.0,-1
2026-05-07 22:58:25-04:00,1.36593,1.36593,1.36592,1.365925,-1.0,-1.0,-1
2026-05-07 22:58:30-04:00,1.365925,1.36593,1.36592,1.36592,-1.0,-1.0,-1
2026-05-07 22:58:35-04:00,1.36592,1.365925,1.36592,1.36592,-1.0,-1.0,-1
2026-05-07 22:58:40-04:00,1.36592,1.36592,1.36592,1.36592,-1.0,-1.0,-1
2026-05-07 22:58:45-04:00,1.36592,1.36593,1.36592,1.36592,-1.0,-1.0,-1
2026-05-07 22:58:50-04:00,1.36592,1.365965,1.36592,1.365965,-1.0,-1.0,-1
2026-05-07 22:58:55-04:00,1.365965,1.365995,1.365965,1.365995,-1.0,-1.0,-1
2026-05-07 22:59:00-04:00,1.365995,1.365995,1.36599,1.36599,-1.0,-1.0,-1
2026-05-07 22:59:05-04:00,1.36599,1.36599,1.36598,1.36598,-1.0,-1.0,-1
2026-05-07 22:59:10-04:00,1.36598,1.36598,1.36598,1.36598,-1.0,-1.0,-1
2026-05-07 22:59:15-04:00,1.36598,1.365995,1.36598,1.365995,-1.0,-1.0,-1
2026-05-07 22:59:20-04:00,1.365995,1.365995,1.365985,1.365995,-1.0,-1.0,-1
2026-05-07 22:59:25-04:00,1.365995,1.365995,1.36598,1.365985,-1.0,-1.0,-1
2026-05-07 22:59:30-04:00,1.365985,1.36599,1.36598,1.365985,-1.0,-1.0,-1
2026-05-07 22:59:35-04:00,1.365985,1.365995,1.365985,1.365995,-1.0,-1.0,-1
2026-05-07 22:59:40-04:00,1.365995,1.365995,1.365985,1.365985,-1.0,-1.0,-1
2026-05-07 22:59:45-04:00,1.365985,1.365985,1.36598,1.36598,-1.0,-1.0,-1
2026-05-07 22:59:50-04:00,1.36598,1.36598,1.36598,1.36598,-1.0,-1.0,-1
2026-05-07 22:59:55-04:00,1.36598,1.365985,1.36598,1.365985,-1.0,-1.0,-1
2026-05-07 23:00:00-04:00,1.365985,1.365985,1.365965,1.36598,-1.0,-1.0,-1
2026-05-07 23:00:05-04:00,1.36598,1.365985,1.36598,1.365985,-1.0,-1.0,-1
2026-05-07 23:00:10-04:00,1.365985,1.365985,1.365985,1.365985,-1.0,-1.0,-1
2026-05-07 23:00:15-04:00,1.365985,1.365985,1.36596,1.36596,-1.0,-1.0,-1
2026-05-07 23:00:20-04:00,1.36596,1.36596,1.36596,1.36596,-1.0,-1.0,-1
2026-05-07 23:00:25-04:00,1.36596,1.365965,1.36596,1.365965,-1.0,-1.0,-1
2026-05-07 23:00:30-04:00,1.365965,1.36597,1.365965,1.365965,-1.0,-1.0,-1
2026-05-07 23:00:35-04:00,1.365965,1.365965,1.365955,1.365955,-1.0,-1.0,-1
2026-05-07 23:00:40-04:00,1.365955,1.365955,1.365955,1.365955,-1.0,-1.0,-1
2026-05-07 23:00:45-04:00,1.365955,1.36596,1.365955,1.36596,-1.0,-1.0,-1
2026-05-07 23:00:50-04:00,1.36596,1.365965,1.36596,1.365965,-1.0,-1.0,-1
2026-05-07 23:00:55-04:00,1.365965,1.365965,1.36596,1.36596,-1.0,-1.0,-1
2026-05-07 23:01:00-04:00,1.36596,1.36596,1.365955,1.365955,-1.0,-1.0,-1
2026-05-07 23:01:05-04:00,1.365955,1.365985,1.365955,1.365985,-1.0,-1.0,-1
2026-05-07 23:01:10-04:00,1.365985,1.36599,1.365985,1.36599,-1.0,-1.0,-1
2026-05-07 23:01:15-04:00,1.36599,1.36599,1.365985,1.365985,-1.0,-1.0,-1
2026-05-07 23:01:20-04:00,1.365985,1.365995,1.36598,1.365995,-1.0,-1.0,-1
2026-05-07 23:01:25-04:00,1.365995,1.366035,1.365985,1.36599,-1.0,-1.0,-1
2026-05-07 23:01:30-04:00,1.36599,1.365995,1.36598,1.365995,-1.0,-1.0,-1
2026-05-07 23:01:35-04:00,1.365995,1.365995,1.365985,1.36599,-1.0,-1.0,-1
2026-05-07 23:01:40-04:00,1.36599,1.36599,1.365985,1.365985,-1.0,-1.0,-1
2026-05-07 23:01:45-04:00,1.365985,1.36599,1.365985,1.36599,-1.0,-1.0,-1
2026-05-07 23:01:50-04:00,1.36599,1.365995,1.365985,1.365985,-1.0,-1.0,-1
2026-05-07 23:01:55-04:00,1.365985,1.365985,1.365985,1.365985,-1.0,-1.0,-1
2026-05-07 23:02:00-04:00,1.365985,1.366005,1.365985,1.366005,-1.0,-1.0,-1
2026-05-07 23:02:05-04:00,1.366005,1.36604,1.366005,1.36604,-1.0,-1.0,-1
2026-05-07 23:02:10-04:00,1.36604,1.366045,1.366035,1.366035,-1.0,-1.0,-1
2026-05-07 23:02:15-04:00,1.366035,1.36604,1.36603,1.366035,-1.0,-1.0,-1
2026-05-07 23:02:20-04:00,1.366035,1.366035,1.365955,1.365955,-1.0,-1.0,-1
2026-05-07 23:02:25-04:00,1.365955,1.36596,1.365955,1.365955,-1.0,-1.0,-1
2026-05-07 23:02:30-04:00,1.365955,1.36597,1.365955,1.36597,-1.0,-1.0,-1
2026-05-07 23:02:35-04:00,1.36597,1.365985,1.36597,1.36598,-1.0,-1.0,-1
2026-05-07 23:02:40-04:00,1.36598,1.36598,1.365965,1.36597,-1.0,-1.0,-1
2026-05-07 23:02:45-04:00,1.36597,1.36598,1.36594,1.36594,-1.0,-1.0,-1
2026-05-07 23:02:50-04:00,1.36594,1.36594,1.365925,1.365925,-1.0,-1.0,-1
2026-05-07 23:02:55-04:00,1.365925,1.365935,1.365925,1.365935,-1.0,-1.0,-1
2026-05-07 23:03:00-04:00,1.365935,1.365935,1.36593,1.36593,-1.0,-1.0,-1
2026-05-07 23:03:05-04:00,1.36593,1.36593,1.36589,1.36589,-1.0,-1.0,-1
2026-05-07 23:03:10-04:00,1.36589,1.36591,1.36589,1.36591,-1.0,-1.0,-1
2026-05-07 23:03:15-04:00,1.36591,1.36594,1.36591,1.36594,-1.0,-1.0,-1
2026-05-07 23:03:20-04:00,1.36594,1.36595,1.36594,1.36595,-1.0,-1.0,-1
2026-05-07 23:03:25-04:00,1.36595,1.36595,1.36595,1.36595,-1.0,-1.0,-1
2026-05-07 23:03:30-04:00,1.36595,1.36595,1.36594,1.36595,-1.0,-1.0,-1
2026-05-07 23:03:35-04:00,1.36595,1.36595,1.36594,1.36594,-1.0,-1.0,-1
2026-05-07 23:03:40-04:00,1.36594,1.36594,1.36594,1.36594,-1.0,-1.0,-1
2026-05-07 23:03:45-04:00,1.36594,1.36594,1.36594,1.36594,-1.0,-1.0,-1
2026-05-07 23:03:50-04:00,1.36594,1.36594,1.36594,1.36594,-1.0,-1.0,-1
2026-05-07 23:03:55-04:00,1.36594,1.36594,1.36594,1.36594,-1.0,-1.0,-1
2026-05-07 23:04:00-04:00,1.36594,1.36594,1.36594,1.36594,-1.0,-1.0,-1
2026-05-07 23:04:05-04:00,1.36594,1.36595,1.36594,1.365945,-1.0,-1.0,-1
2026-05-07 23:04:10-04:00,1.365945,1.36595,1.36589,1.36589,-1.0,-1.0,-1
2026-05-07 23:04:15-04:00,1.36589,1.36589,1.36589,1.36589,-1.0,-1.0,-1
2026-05-07 23:04:20-04:00,1.36589,1.36589,1.365855,1.365855,-1.0,-1.0,-1
2026-05-07 23:04:25-04:00,1.365855,1.36589,1.365855,1.36589,-1.0,-1.0,-1
2026-05-07 23:04:30-04:00,1.36589,1.36589,1.36589,1.36589,-1.0,-1.0,-1
2026-05-07 23:04:35-04:00,1.36589,1.36589,1.365875,1.36589,-1.0,-1.0,-1
2026-05-07 23:04:40-04:00,1.36589,1.36589,1.36588,1.365885,-1.0,-1.0,-1
2026-05-07 23:04:45-04:00,1.365885,1.365885,1.365875,1.365875,-1.0,-1.0,-1
2026-05-07 23:04:50-04:00,1.365875,1.36589,1.365875,1.36589,-1.0,-1.0,-1
2026-05-07 23:04:55-04:00,1.36589,1.36589,1.36589,1.36589,-1.0,-1.0,-1
2026-05-07 23:05:00-04:00,1.36589,1.36589,1.36587,1.365875,-1.0,-1.0,-1
2026-05-07 23:05:05-04:00,1.365875,1.36589,1.365865,1.36587,-1.0,-1.0,-1
2026-05-07 23:05:10-04:00,1.36587,1.365885,1.36587,1.365875,-1.0,-1.0,-1
2026-05-07 23:05:15-04:00,1.365875,1.365875,1.365875,1.365875,-1.0,-1.0,-1
2026-05-07 23:05:20-04:00,1.365875,1.36589,1.365875,1.36589,-1.0,-1.0,-1
2026-05-07 23:05:25-04:00,1.36589,1.36589,1.36588,1.36589,-1.0,-1.0,-1
2026-05-07 23:05:30-04:00,1.36589,1.36589,1.36589,1.36589,-1.0,-1.0,-1
2026-05-07 23:05:35-04:00,1.36589,1.365915,1.36589,1.365915,-1.0,-1.0,-1
2026-05-07 23:05:40-04:00,1.365915,1.365915,1.365865,1.365875,-1.0,-1.0,-1
2026-05-07 23:05:45-04:00,1.365875,1.365875,1.365875,1.365875,-1.0,-1.0,-1
2026-05-07 23:05:50-04:00,1.365875,1.36589,1.36587,1.36589,-1.0,-1.0,-1
2026-05-07 23:05:55-04:00,1.36589,1.36589,1.36588,1.36589,-1.0,-1.0,-1
2026-05-07 23:06:00-04:00,1.36589,1.365925,1.36588,1.36589,-1.0,-1.0,-1
2026-05-07 23:06:05-04:00,1.36589,1.36589,1.36587,1.365875,-1.0,-1.0,-1
2026-05-07 23:06:10-04:00,1.365875,1.365875,1.365875,1.365875,-1.0,-1.0,-1
2026-05-07 23:06:15-04:00,1.365875,1.365875,1.365875,1.365875,-1.0,-1.0,-1
2026-05-07 23:06:20-04:00,1.365875,1.36589,1.365875,1.36589,-1.0,-1.0,-1
2026-05-07 23:06:25-04:00,1.36589,1.36591,1.365875,1.365885,-1.0,-1.0,-1
2026-05-07 23:06:30-04:00,1.365885,1.36589,1.365875,1.36589,-1.0,-1.0,-1
2026-05-07 23:06:35-04:00,1.36589,1.36592,1.365875,1.365905,-1.0,-1.0,-1
2026-05-07 23:06:40-04:00,1.365905,1.365905,1.365895,1.365895,-1.0,-1.0,-1
2026-05-07 23:06:45-04:00,1.365895,1.36595,1.365895,1.365945,-1.0,-1.0,-1
2026-05-07 23:06:50-04:00,1.365945,1.36595,1.36588,1.365885,-1.0,-1.0,-1
2026-05-07 23:06:55-04:00,1.365885,1.365885,1.36588,1.365885,-1.0,-1.0,-1
2026-05-07 23:07:00-04:00,1.365885,1.36592,1.36588,1.36592,-1.0,-1.0,-1
2026-05-07 23:07:05-04:00,1.36592,1.365955,1.36592,1.365955,-1.0,-1.0,-1
2026-05-07 23:07:10-04:00,1.365955,1.365955,1.365945,1.365945,-1.0,-1.0,-1
2026-05-07 23:07:15-04:00,1.365945,1.36595,1.36591,1.36591,-1.0,-1.0,-1
2026-05-07 23:07:20-04:00,1.36591,1.365915,1.365905,1.36591,-1.0,-1.0,-1
2026-05-07 23:07:25-04:00,1.36591,1.36595,1.36591,1.36594,-1.0,-1.0,-1
2026-05-07 23:07:30-04:00,1.36594,1.36594,1.365935,1.36594,-1.0,-1.0,-1
2026-05-07 23:07:35-04:00,1.36594,1.36594,1.36594,1.36594,-1.0,-1.0,-1
2026-05-07 23:07:40-04:00,1.36594,1.36595,1.36591,1.36591,-1.0,-1.0,-1
2026-05-07 23:07:45-04:00,1.36591,1.36591,1.3659,1.3659,-1.0,-1.0,-1
2026-05-07 23:07:50-04:00,1.3659,1.365915,1.3659,1.36591,-1.0,-1.0,-1
2026-05-07 23:07:55-04:00,1.36591,1.36591,1.36591,1.36591,-1.0,-1.0,-1
2026-05-07 23:08:00-04:00,1.36591,1.36594,1.36591,1.36594,-1.0,-1.0,-1
2026-05-07 23:08:05-04:00,1.36594,1.36595,1.365915,1.36592,-1.0,-1.0,-1
2026-05-07 23:08:10-04:00,1.36592,1.36592,1.36591,1.365915,-1.0,-1.0,-1
2026-05-07 23:08:15-04:00,1.365915,1.365925,1.365915,1.365915,-1.0,-1.0,-1
2026-05-07 23:08:20-04:00,1.365915,1.36592,1.36591,1.365915,-1.0,-1.0,-1
2026-05-07 23:08:25-04:00,1.365915,1.36592,1.365915,1.365915,-1.0,-1.0,-1
2026-05-07 23:08:30-04:00,1.365915,1.365915,1.365855,1.365855,-1.0,-1.0,-1
2026-05-07 23:08:35-04:00,1.365855,1.36586,1.36585,1.36585,-1.0,-1.0,-1
2026-05-07 23:08:40-04:00,1.36585,1.36586,1.36585,1.36585,-1.0,-1.0,-1
2026-05-07 23:08:45-04:00,1.36585,1.36586,1.36585,1.36585,-1.0,-1.0,-1
2026-05-07 23:08:50-04:00,1.36585,1.36585,1.36585,1.36585,-1.0,-1.0,-1
2026-05-07 23:08:55-04:00,1.36585,1.36585,1.36581,1.36581,-1.0,-1.0,-1
2026-05-07 23:09:00-04:00,1.36581,1.36581,1.36579,1.365795,-1.0,-1.0,-1
2026-05-07 23:09:05-04:00,1.365795,1.365795,1.36579,1.365795,-1.0,-1.0,-1
2026-05-07 23:09:10-04:00,1.365795,1.3658,1.365785,1.365785,-1.0,-1.0,-1
2026-05-07 23:09:15-04:00,1.365785,1.365795,1.36578,1.365785,-1.0,-1.0,-1
2026-05-07 23:09:20-04:00,1.365785,1.365795,1.365785,1.365795,-1.0,-1.0,-1
2026-05-07 23:09:25-04:00,1.365795,1.365795,1.36579,1.365795,-1.0,-1.0,-1
2026-05-07 23:09:30-04:00,1.365795,1.365795,1.36579,1.365795,-1.0,-1.0,-1
2026-05-07 23:09:35-04:00,1.365795,1.3658,1.36579,1.3658,-1.0,-1.0,-1
2026-05-07 23:09:40-04:00,1.3658,1.365805,1.3658,1.365805,-1.0,-1.0,-1
2026-05-07 23:09:45-04:00,1.365805,1.36581,1.3658,1.3658,-1.0,-1.0,-1
2026-05-07 23:09:50-04:00,1.3658,1.3658,1.3658,1.3658,-1.0,-1.0,-1
2026-05-07 23:09:55-04:00,1.3658,1.36581,1.3658,1.3658,-1.0,-1.0,-1
2026-05-07 23:10:00-04:00,1.3658,1.365825,1.3658,1.365825,-1.0,-1.0,-1
2026-05-07 23:10:05-04:00,1.365825,1.365845,1.365825,1.365845,-1.0,-1.0,-1
2026-05-07 23:10:10-04:00,1.365845,1.365845,1.365835,1.365835,-1.0,-1.0,-1
2026-05-07 23:10:15-04:00,1.365835,1.365835,1.365825,1.36583,-1.0,-1.0,-1
2026-05-07 23:10:20-04:00,1.36583,1.36585,1.365825,1.36585,-1.0,-1.0,-1
2026-05-07 23:10:25-04:00,1.36585,1.36585,1.36584,1.36584,-1.0,-1.0,-1
2026-05-07 23:10:30-04:00,1.36584,1.36586,1.36584,1.365855,-1.0,-1.0,-1
2026-05-07 23:10:35-04:00,1.365855,1.36586,1.365855,1.365855,-1.0,-1.0,-1
2026-05-07 23:10:40-04:00,1.365855,1.365875,1.365855,1.365855,-1.0,-1.0,-1
2026-05-07 23:10:45-04:00,1.365855,1.365865,1.36585,1.36585,-1.0,-1.0,-1
2026-05-07 23:10:50-04:00,1.36585,1.36586,1.36585,1.365855,-1.0,-1.0,-1
2026-05-07 23:10:55-04:00,1.365855,1.365865,1.365855,1.365865,-1.0,-1.0,-1
2026-05-07 23:11:00-04:00,1.365865,1.365865,1.36585,1.365855,-1.0,-1.0,-1
2026-05-07 23:11:05-04:00,1.365855,1.365865,1.365855,1.365865,-1.0,-1.0,-1
2026-05-07 23:11:10-04:00,1.365865,1.365865,1.365855,1.365855,-1.0,-1.0,-1
2026-05-07 23:11:15-04:00,1.365855,1.36586,1.36585,1.36585,-1.0,-1.0,-1
2026-05-07 23:11:20-04:00,1.36585,1.365865,1.36585,1.365865,-1.0,-1.0,-1
2026-05-07 23:11:25-04:00,1.365865,1.365865,1.365865,1.365865,-1.0,-1.0,-1
2026-05-07 23:11:30-04:00,1.365865,1.365865,1.365855,1.365865,-1.0,-1.0,-1
2026-05-07 23:11:35-04:00,1.365865,1.365865,1.365775,1.365775,-1.0,-1.0,-1
2026-05-07 23:11:40-04:00,1.365775,1.365835,1.365775,1.365835,-1.0,-1.0,-1
2026-05-07 23:11:45-04:00,1.365835,1.365835,1.36582,1.36582,-1.0,-1.0,-1
2026-05-07 23:11:50-04:00,1.36582,1.365835,1.36582,1.365825,-1.0,-1.0,-1
2026-05-07 23:11:55-04:00,1.365825,1.36585,1.365825,1.36585,-1.0,-1.0,-1
2026-05-07 23:12:00-04:00,1.36585,1.365865,1.36585,1.365855,-1.0,-1.0,-1
2026-05-07 23:12:05-04:00,1.365855,1.365875,1.365855,1.365875,-1.0,-1.0,-1
2026-05-07 23:12:10-04:00,1.365875,1.365915,1.365875,1.36591,-1.0,-1.0,-1
2026-05-07 23:12:15-04:00,1.36591,1.36591,1.365905,1.36591,-1.0,-1.0,-1
2026-05-07 23:12:20-04:00,1.36591,1.36602,1.36591,1.366015,-1.0,-1.0,-1
2026-05-07 23:12:25-04:00,1.366015,1.366045,1.366015,1.366045,-1.0,-1.0,-1
2026-05-07 23:12:30-04:00,1.366045,1.36605,1.36604,1.36605,-1.0,-1.0,-1
2026-05-07 23:12:35-04:00,1.36605,1.366065,1.36604,1.36604,-1.0,-1.0,-1
2026-05-07 23:12:40-04:00,1.36604,1.366045,1.36604,1.366045,-1.0,-1.0,-1
2026-05-07 23:12:45-04:00,1.366045,1.366045,1.36604,1.36604,-1.0,-1.0,-1
2026-05-07 23:12:50-04:00,1.36604,1.36605,1.36604,1.36605,-1.0,-1.0,-1
2026-05-07 23:12:55-04:00,1.36605,1.36605,1.366045,1.36605,-1.0,-1.0,-1
2026-05-07 23:13:00-04:00,1.36605,1.36605,1.366025,1.366035,-1.0,-1.0,-1
2026-05-07 23:13:05-04:00,1.366035,1.36604,1.366035,1.36604,-1.0,-1.0,-1
2026-05-07 23:13:10-04:00,1.36604,1.366045,1.36604,1.366045,-1.0,-1.0,-1
2026-05-07 23:13:15-04:00,1.366045,1.366045,1.366045,1.366045,-1.0,-1.0,-1
2026-05-07 23:13:20-04:00,1.366045,1.366055,1.366045,1.36605,-1.0,-1.0,-1
2026-05-07 23:13:25-04:00,1.36605,1.36605,1.366025,1.36604,-1.0,-1.0,-1
2026-05-07 23:13:30-04:00,1.36604,1.366045,1.366035,1.366035,-1.0,-1.0,-1
2026-05-07 23:13:35-04:00,1.366035,1.366045,1.366035,1.36604,-1.0,-1.0,-1
2026-05-07 23:13:40-04:00,1.36604,1.366045,1.366035,1.366045,-1.0,-1.0,-1
2026-05-07 23:13:45-04:00,1.366045,1.366055,1.366045,1.366055,-1.0,-1.0,-1
2026-05-07 23:13:50-04:00,1.366055,1.36606,1.366055,1.36606,-1.0,-1.0,-1
2026-05-07 23:13:55-04:00,1.36606,1.36606,1.36604,1.36604,-1.0,-1.0,-1
2026-05-07 23:14:00-04:00,1.36604,1.366045,1.36604,1.366045,-1.0,-1.0,-1
2026-05-07 23:14:05-04:00,1.366045,1.36605,1.366035,1.366045,-1.0,-1.0,-1
2026-05-07 23:14:10-04:00,1.366045,1.366045,1.366045,1.366045,-1.0,-1.0,-1
2026-05-07 23:14:15-04:00,1.366045,1.366045,1.366045,1.366045,-1.0,-1.0,-1
2026-05-07 23:14:20-04:00,1.366045,1.366045,1.366045,1.366045,-1.0,-1.0,-1
2026-05-07 23:14:25-04:00,1.366045,1.366045,1.366035,1.36604,-1.0,-1.0,-1
2026-05-07 23:14:30-04:00,1.36604,1.36604,1.366025,1.366025,-1.0,-1.0,-1
2026-05-07 23:14:35-04:00,1.366025,1.366045,1.366025,1.366035,-1.0,-1.0,-1
2026-05-07 23:14:40-04:00,1.366035,1.366035,1.366025,1.366025,-1.0,-1.0,-1
2026-05-07 23:14:45-04:00,1.366025,1.36603,1.366025,1.366025,-1.0,-1.0,-1
2026-05-07 23:14:50-04:00,1.366025,1.36603,1.36602,1.36602,-1.0,-1.0,-1
2026-05-07 23:14:55-04:00,1.36602,1.366025,1.365985,1.365985,-1.0,-1.0,-1
2026-05-07 23:15:00-04:00,1.365985,1.365985,1.36597,1.36597,-1.0,-1.0,-1
2026-05-07 23:15:05-04:00,1.36597,1.365975,1.36596,1.36596,-1.0,-1.0,-1
2026-05-07 23:15:10-04:00,1.36596,1.365965,1.36596,1.365965,-1.0,-1.0,-1
2026-05-07 23:15:15-04:00,1.365965,1.365965,1.365965,1.365965,-1.0,-1.0,-1
2026-05-07 23:15:20-04:00,1.365965,1.365965,1.365965,1.365965,-1.0,-1.0,-1
2026-05-07 23:15:25-04:00,1.365965,1.365965,1.36596,1.365965,-1.0,-1.0,-1
2026-05-07 23:15:30-04:00,1.365965,1.36599,1.36596,1.365965,-1.0,-1.0,-1
2026-05-07 23:15:35-04:00,1.365965,1.36597,1.365965,1.36597,-1.0,-1.0,-1
2026-05-07 23:15:40-04:00,1.36597,1.36597,1.36596,1.365965,-1.0,-1.0,-1
2026-05-07 23:15:45-04:00,1.365965,1.365985,1.365965,1.365965,-1.0,-1.0,-1
2026-05-07 23:15:50-04:00,1.365965,1.365985,1.365965,1.365985,-1.0,-1.0,-1
2026-05-07 23:15:55-04:00,1.365985,1.365985,1.36598,1.36598,-1.0,-1.0,-1
2026-05-07 23:16:00-04:00,1.36598,1.365985,1.36598,1.365985,-1.0,-1.0,-1
2026-05-07 23:16:05-04:00,1.365985,1.365985,1.36598,1.36598,-1.0,-1.0,-1
2026-05-07 23:16:10-04:00,1.36598,1.36598,1.36598,1.36598,-1.0,-1.0,-1
2026-05-07 23:16:15-04:00,1.36598,1.36598,1.36598,1.36598,-1.0,-1.0,-1
2026-05-07 23:16:20-04:00,1.36598,1.36598,1.36598,1.36598,-1.0,-1.0,-1
2026-05-07 23:16:25-04:00,1.36598,1.365985,1.36598,1.36598,-1.0,-1.0,-1
2026-05-07 23:16:30-04:00,1.36598,1.365985,1.36598,1.36598,-1.0,-1.0,-1
2026-05-07 23:16:35-04:00,1.36598,1.36598,1.36596,1.365965,-1.0,-1.0,-1
2026-05-07 23:16:40-04:00,1.365965,1.36597,1.36596,1.365965,-1.0,-1.0,-1
2026-05-07 23:16:45-04:00,1.365965,1.36598,1.365965,1.36598,-1.0,-1.0,-1
2026-05-07 23:16:50-04:00,1.36598,1.36598,1.36598,1.36598,-1.0,-1.0,-1
2026-05-07 23:16:55-04:00,1.36598,1.36598,1.365965,1.365965,-1.0,-1.0,-1
2026-05-07 23:17:00-04:00,1.365965,1.36598,1.365965,1.36597,-1.0,-1.0,-1
2026-05-07 23:17:05-04:00,1.36597,1.36598,1.36594,1.36594,-1.0,-1.0,-1
2026-05-07 23:17:10-04:00,1.36594,1.36594,1.365905,1.365905,-1.0,-1.0,-1
2026-05-07 23:17:15-04:00,1.365905,1.365905,1.365895,1.365895,-1.0,-1.0,-1
2026-05-07 23:17:20-04:00,1.365895,1.365905,1.365895,1.365905,-1.0,-1.0,-1
2026-05-07 23:17:25-04:00,1.365905,1.365905,1.365895,1.365895,-1.0,-1.0,-1
2026-05-07 23:17:30-04:00,1.365895,1.365905,1.365895,1.365905,-1.0,-1.0,-1
2026-05-07 23:17:35-04:00,1.365905,1.36592,1.3659,1.365915,-1.0,-1.0,-1
2026-05-07 23:17:40-04:00,1.365915,1.365915,1.365905,1.36591,-1.0,-1.0,-1
2026-05-07 23:17:45-04:00,1.36591,1.36592,1.36591,1.365915,-1.0,-1.0,-1
2026-05-07 23:17:50-04:00,1.365915,1.365915,1.365915,1.365915,-1.0,-1.0,-1
2026-05-07 23:17:55-04:00,1.365915,1.365915,1.365915,1.365915,-1.0,-1.0,-1
2026-05-07 23:18:00-04:00,1.365915,1.365935,1.36591,1.365935,-1.0,-1.0,-1
2026-05-07 23:18:05-04:00,1.365935,1.36594,1.365935,1.36594,-1.0,-1.0,-1
2026-05-07 23:18:10-04:00,1.36594,1.36594,1.36594,1.36594,-1.0,-1.0,-1
2026-05-07 23:18:15-04:00,1.36594,1.36594,1.36594,1.36594,-1.0,-1.0,-1
2026-05-07 23:18:20-04:00,1.36594,1.365965,1.36594,1.36596,-1.0,-1.0,-1
2026-05-07 23:18:25-04:00,1.36596,1.36596,1.365935,1.36594,-1.0,-1.0,-1
2026-05-07 23:18:30-04:00,1.36594,1.36596,1.36594,1.365955,-1.0,-1.0,-1
2026-05-07 23:18:35-04:00,1.365955,1.366015,1.365955,1.36601,-1.0,-1.0,-1
2026-05-07 23:18:40-04:00,1.36601,1.36603,1.36601,1.36603,-1.0,-1.0,-1
2026-05-07 23:18:45-04:00,1.36603,1.366035,1.36603,1.36603,-1.0,-1.0,-1
2026-05-07 23:18:50-04:00,1.36603,1.366045,1.366025,1.366045,-1.0,-1.0,-1
2026-05-07 23:18:55-04:00,1.366045,1.366045,1.36604,1.36604,-1.0,-1.0,-1
2026-05-07 23:19:00-04:00,1.36604,1.366045,1.366035,1.36604,-1.0,-1.0,-1
2026-05-07 23:19:05-04:00,1.36604,1.36605,1.36604,1.36605,-1.0,-1.0,-1
2026-05-07 23:19:10-04:00,1.36605,1.36605,1.366035,1.36604,-1.0,-1.0,-1
2026-05-07 23:19:15-04:00,1.36604,1.36604,1.366035,1.36604,-1.0,-1.0,-1
2026-05-07 23:19:20-04:00,1.36604,1.366045,1.366035,1.366045,-1.0,-1.0,-1
2026-05-07 23:19:25-04:00,1.366045,1.366045,1.366045,1.366045,-1.0,-1.0,-1
2026-05-07 23:19:30-04:00,1.366045,1.366045,1.36604,1.36604,-1.0,-1.0,-1
2026-05-07 23:19:35-04:00,1.36604,1.366055,1.366035,1.366045,-1.0,-1.0,-1
2026-05-07 23:19:40-04:00,1.366045,1.366045,1.366045,1.366045,-1.0,-1.0,-1
2026-05-07 23:19:45-04:00,1.366045,1.366055,1.366045,1.36605,-1.0,-1.0,-1
2026-05-07 23:19:50-04:00,1.36605,1.36605,1.366045,1.366045,-1.0,-1.0,-1
2026-05-07 23:19:55-04:00,1.366045,1.366045,1.366045,1.366045,-1.0,-1.0,-1
2026-05-07 23:20:00-04:00,1.366045,1.366055,1.366045,1.366045,-1.0,-1.0,-1
2026-05-07 23:20:05-04:00,1.366045,1.366045,1.366035,1.366035,-1.0,-1.0,-1
2026-05-07 23:20:10-04:00,1.366035,1.36604,1.366035,1.366035,-1.0,-1.0,-1
2026-05-07 23:20:15-04:00,1.366035,1.36604,1.366035,1.366035,-1.0,-1.0,-1
2026-05-07 23:20:20-04:00,1.366035,1.366035,1.366035,1.366035,-1.0,-1.0,-1
2026-05-07 23:20:25-04:00,1.366035,1.366045,1.36603,1.366035,-1.0,-1.0,-1
2026-05-07 23:20:30-04:00,1.366035,1.366035,1.366035,1.366035,-1.0,-1.0,-1
2026-05-07 23:20:35-04:00,1.366035,1.36604,1.366035,1.366035,-1.0,-1.0,-1
2026-05-07 23:20:40-04:00,1.366035,1.366035,1.366035,1.366035,-1.0,-1.0,-1
2026-05-07 23:20:45-04:00,1.366035,1.36606,1.366035,1.366055,-1.0,-1.0,-1
2026-05-07 23:20:50-04:00,1.366055,1.366055,1.366035,1.366035,-1.0,-1.0,-1
2026-05-07 23:20:55-04:00,1.366035,1.366035,1.366035,1.366035,-1.0,-1.0,-1
2026-05-07 23:21:00-04:00,1.366035,1.36604,1.36603,1.36603,-1.0,-1.0,-1
2026-05-07 23:21:05-04:00,1.36603,1.366035,1.36603,1.366035,-1.0,-1.0,-1
2026-05-07 23:21:10-04:00,1.366035,1.366035,1.366035,1.366035,-1.0,-1.0,-1
2026-05-07 23:21:15-04:00,1.366035,1.36604,1.366035,1.36604,-1.0,-1.0,-1
2026-05-07 23:21:20-04:00,1.36604,1.36605,1.36604,1.36604,-1.0,-1.0,-1
2026-05-07 23:21:25-04:00,1.36604,1.366045,1.36604,1.366045,-1.0,-1.0,-1
2026-05-07 23:21:30-04:00,1.366045,1.36605,1.36604,1.366045,-1.0,-1.0,-1
2026-05-07 23:21:35-04:00,1.366045,1.366045,1.36604,1.366045,-1.0,-1.0,-1
2026-05-07 23:21:40-04:00,1.366045,1.36605,1.366035,1.366035,-1.0,-1.0,-1
2026-05-07 23:21:45-04:00,1.366035,1.36605,1.366035,1.36605,-1.0,-1.0,-1
2026-05-07 23:21:50-04:00,1.36605,1.366055,1.36605,1.366055,-1.0,-1.0,-1
2026-05-07 23:21:55-04:00,1.366055,1.366055,1.36605,1.36605,-1.0,-1.0,-1
2026-05-07 23:22:00-04:00,1.36605,1.36606,1.36604,1.366045,-1.0,-1.0,-1
2026-05-07 23:22:05-04:00,1.366045,1.366045,1.36604,1.366045,-1.0,-1.0,-1
2026-05-07 23:22:10-04:00,1.366045,1.366045,1.366035,1.366035,-1.0,-1.0,-1
2026-05-07 23:22:15-04:00,1.366035,1.366035,1.366035,1.366035,-1.0,-1.0,-1
2026-05-07 23:22:20-04:00,1.366035,1.366035,1.366035,1.366035,-1.0,-1.0,-1
2026-05-07 23:22:25-04:00,1.366035,1.366035,1.366035,1.366035,-1.0,-1.0,-1
2026-05-07 23:22:30-04:00,1.366035,1.36604,1.366035,1.36604,-1.0,-1.0,-1
2026-05-07 23:22:35-04:00,1.36604,1.366045,1.366,1.36601,-1.0,-1.0,-1
2026-05-07 23:22:40-04:00,1.36601,1.366035,1.36601,1.366025,-1.0,-1.0,-1
2026-05-07 23:22:45-04:00,1.366025,1.36603,1.36602,1.366025,-1.0,-1.0,-1
2026-05-07 23:22:50-04:00,1.366025,1.36603,1.366025,1.36603,-1.0,-1.0,-1
2026-05-07 23:22:55-04:00,1.36603,1.36603,1.366025,1.366025,-1.0,-1.0,-1
2026-05-07 23:23:00-04:00,1.366025,1.36603,1.366025,1.36603,-1.0,-1.0,-1
2026-05-07 23:23:05-04:00,1.36603,1.36603,1.36603,1.36603,-1.0,-1.0,-1
2026-05-07 23:23:10-04:00,1.36603,1.366055,1.36603,1.366055,-1.0,-1.0,-1
2026-05-07 23:23:15-04:00,1.366055,1.366055,1.36605,1.366055,-1.0,-1.0,-1
2026-05-07 23:23:20-04:00,1.366055,1.366055,1.36605,1.36605,-1.0,-1.0,-1
2026-05-07 23:23:25-04:00,1.36605,1.36606,1.36605,1.36606,-1.0,-1.0,-1
2026-05-07 23:23:30-04:00,1.36606,1.36607,1.36606,1.36606,-1.0,-1.0,-1
2026-05-07 23:23:35-04:00,1.36606,1.36606,1.366045,1.36605,-1.0,-1.0,-1
2026-05-07 23:23:40-04:00,1.36605,1.36606,1.36604,1.36606,-1.0,-1.0,-1
2026-05-07 23:23:45-04:00,1.36606,1.36606,1.36604,1.366045,-1.0,-1.0,-1
2026-05-07 23:23:50-04:00,1.366045,1.36606,1.366045,1.36606,-1.0,-1.0,-1
2026-05-07 23:23:55-04:00,1.36606,1.36606,1.36605,1.36605,-1.0,-1.0,-1
2026-05-07 23:24:00-04:00,1.36605,1.36605,1.36605,1.36605,-1.0,-1.0,-1
2026-05-07 23:24:05-04:00,1.36605,1.36605,1.36605,1.36605,-1.0,-1.0,-1
2026-05-07 23:24:10-04:00,1.36605,1.36605,1.366035,1.366045,-1.0,-1.0,-1
2026-05-07 23:24:15-04:00,1.366045,1.36605,1.366035,1.366035,-1.0,-1.0,-1
2026-05-07 23:24:20-04:00,1.366035,1.366035,1.36603,1.36603,-1.0,-1.0,-1
2026-05-07 23:24:25-04:00,1.36603,1.36603,1.36599,1.366,-1.0,-1.0,-1
2026-05-07 23:24:30-04:00,1.366,1.366,1.365995,1.366,-1.0,-1.0,-1
2026-05-07 23:24:35-04:00,1.366,1.366,1.365985,1.365985,-1.0,-1.0,-1
2026-05-07 23:24:40-04:00,1.365985,1.365995,1.365985,1.365995,-1.0,-1.0,-1
2026-05-07 23:24:45-04:00,1.365995,1.365995,1.365965,1.365975,-1.0,-1.0,-1
2026-05-07 23:24:50-04:00,1.365975,1.366005,1.365965,1.366,-1.0,-1.0,-1
2026-05-07 23:24:55-04:00,1.366,1.366005,1.366,1.366005,-1.0,-1.0,-1
2026-05-07 23:25:00-04:00,1.366005,1.366005,1.366,1.366,-1.0,-1.0,-1
2026-05-07 23:25:05-04:00,1.366,1.366,1.366,1.366,-1.0,-1.0,-1
2026-05-07 23:25:10-04:00,1.366,1.366005,1.366,1.366005,-1.0,-1.0,-1
2026-05-07 23:25:15-04:00,1.366005,1.366005,1.366005,1.366005,-1.0,-1.0,-1
2026-05-07 23:25:20-04:00,1.366005,1.366005,1.366,1.366005,-1.0,-1.0,-1
2026-05-07 23:25:25-04:00,1.366005,1.366005,1.365985,1.365985,-1.0,-1.0,-1
2026-05-07 23:25:30-04:00,1.365985,1.365985,1.36598,1.36598,-1.0,-1.0,-1
2026-05-07 23:25:35-04:00,1.36598,1.365995,1.36598,1.36598,-1.0,-1.0,-1
2026-05-07 23:25:40-04:00,1.36598,1.36598,1.36597,1.36598,-1.0,-1.0,-1
2026-05-07 23:25:45-04:00,1.36598,1.365985,1.365965,1.365965,-1.0,-1.0,-1
2026-05-07 23:25:50-04:00,1.365965,1.365965,1.365965,1.365965,-1.0,-1.0,-1
2026-05-07 23:25:55-04:00,1.365965,1.365965,1.365965,1.365965,-1.0,-1.0,-1
2026-05-07 23:26:00-04:00,1.365965,1.365985,1.365965,1.36598,-1.0,-1.0,-1
2026-05-07 23:26:05-04:00,1.36598,1.365985,1.36598,1.36598,-1.0,-1.0,-1
2026-05-07 23:26:10-04:00,1.36598,1.36598,1.36596,1.36596,-1.0,-1.0,-1
2026-05-07 23:26:15-04:00,1.36596,1.365965,1.365945,1.365965,-1.0,-1.0,-1
2026-05-07 23:26:20-04:00,1.365965,1.36598,1.365965,1.365975,-1.0,-1.0,-1
2026-05-07 23:26:25-04:00,1.365975,1.365975,1.365965,1.365965,-1.0,-1.0,-1
2026-05-07 23:26:30-04:00,1.365965,1.36598,1.365965,1.36597,-1.0,-1.0,-1
2026-05-07 23:26:35-04:00,1.36597,1.365975,1.365965,1.365975,-1.0,-1.0,-1
2026-05-07 23:26:40-04:00,1.365975,1.36598,1.36597,1.36598,-1.0,-1.0,-1
2026-05-07 23:26:45-04:00,1.36598,1.365985,1.36598,1.36598,-1.0,-1.0,-1
2026-05-07 23:26:50-04:00,1.36598,1.36599,1.36598,1.365985,-1.0,-1.0,-1
2026-05-07 23:26:55-04:00,1.365985,1.365995,1.36598,1.36598,-1.0,-1.0,-1
2026-05-07 23:27:00-04:00,1.36598,1.36598,1.36596,1.365965,-1.0,-1.0,-1
2026-05-07 23:27:05-04:00,1.365965,1.365965,1.365955,1.36596,-1.0,-1.0,-1
2026-05-07 23:27:10-04:00,1.36596,1.36596,1.365955,1.365955,-1.0,-1.0,-1
2026-05-07 23:27:15-04:00,1.365955,1.365965,1.365955,1.365955,-1.0,-1.0,-1
2026-05-07 23:27:20-04:00,1.365955,1.365955,1.365955,1.365955,-1.0,-1.0,-1
2026-05-07 23:27:25-04:00,1.365955,1.365955,1.365925,1.365925,-1.0,-1.0,-1
2026-05-07 23:27:30-04:00,1.365925,1.365925,1.365875,1.365875,-1.0,-1.0,-1
2026-05-07 23:27:35-04:00,1.365875,1.365875,1.36585,1.365865,-1.0,-1.0,-1
2026-05-07 23:27:40-04:00,1.365865,1.365865,1.36585,1.36585,-1.0,-1.0,-1
2026-05-07 23:27:45-04:00,1.36585,1.365895,1.36585,1.365895,-1.0,-1.0,-1
2026-05-07 23:27:50-04:00,1.365895,1.365895,1.36589,1.365895,-1.0,-1.0,-1
2026-05-07 23:27:55-04:00,1.365895,1.365895,1.36589,1.36589,-1.0,-1.0,-1
2026-05-07 23:28:00-04:00,1.36589,1.36589,1.36589,1.36589,-1.0,-1.0,-1
2026-05-07 23:28:05-04:00,1.36589,1.36589,1.36589,1.36589,-1.0,-1.0,-1
2026-05-07 23:28:10-04:00,1.36589,1.36589,1.365875,1.365885,-1.0,-1.0,-1
2026-05-07 23:28:15-04:00,1.365885,1.36589,1.36588,1.36589,-1.0,-1.0,-1
2026-05-07 23:28:20-04:00,1.36589,1.36589,1.36588,1.36589,-1.0,-1.0,-1
2026-05-07 23:28:25-04:00,1.36589,1.36595,1.36589,1.36595,-1.0,-1.0,-1
2026-05-07 23:28:30-04:00,1.36595,1.36597,1.365945,1.365965,-1.0,-1.0,-1
2026-05-07 23:28:35-04:00,1.365965,1.365965,1.365955,1.365955,-1.0,-1.0,-1
2026-05-07 23:28:40-04:00,1.365955,1.36597,1.365955,1.365965,-1.0,-1.0,-1
2026-05-07 23:28:45-04:00,1.365965,1.365965,1.365965,1.365965,-1.0,-1.0,-1
2026-05-07 23:28:50-04:00,1.365965,1.365965,1.365965,1.365965,-1.0,-1.0,-1
2026-05-07 23:28:55-04:00,1.365965,1.365965,1.365965,1.365965,-1.0,-1.0,-1
2026-05-07 23:29:00-04:00,1.365965,1.365965,1.365945,1.365945,-1.0,-1.0,-1
2026-05-07 23:29:05-04:00,1.365945,1.365955,1.365945,1.365955,-1.0,-1.0,-1
2026-05-07 23:29:10-04:00,1.365955,1.365965,1.365955,1.365965,-1.0,-1.0,-1
2026-05-07 23:29:15-04:00,1.365965,1.36597,1.365965,1.365965,-1.0,-1.0,-1
2026-05-07 23:29:20-04:00,1.365965,1.36597,1.365965,1.365965,-1.0,-1.0,-1
2026-05-07 23:29:25-04:00,1.365965,1.365965,1.365955,1.365955,-1.0,-1.0,-1
2026-05-07 23:29:30-04:00,1.365955,1.365955,1.36594,1.365955,-1.0,-1.0,-1
2026-05-07 23:29:35-04:00,1.365955,1.365955,1.36594,1.36594,-1.0,-1.0,-1
2026-05-07 23:29:40-04:00,1.36594,1.36594,1.365925,1.365925,-1.0,-1.0,-1
2026-05-07 23:29:45-04:00,1.365925,1.365955,1.365925,1.365955,-1.0,-1.0,-1
2026-05-07 23:29:50-04:00,1.365955,1.36598,1.365955,1.365965,-1.0,-1.0,-1
2026-05-07 23:29:55-04:00,1.365965,1.365965,1.365965,1.365965,-1.0,-1.0,-1
2026-05-07 23:30:00-04:00,1.365965,1.365975,1.365945,1.365945,-1.0,-1.0,-1
2026-05-07 23:30:05-04:00,1.365945,1.36598,1.365945,1.36598,-1.0,-1.0,-1
2026-05-07 23:30:10-04:00,1.36598,1.36598,1.365965,1.365965,-1.0,-1.0,-1
2026-05-07 23:30:15-04:00,1.365965,1.365965,1.36589,1.365895,-1.0,-1.0,-1
2026-05-07 23:30:20-04:00,1.365895,1.3659,1.365895,1.3659,-1.0,-1.0,-1
2026-05-07 23:30:25-04:00,1.3659,1.365935,1.3659,1.365935,-1.0,-1.0,-1
2026-05-07 23:30:30-04:00,1.365935,1.365935,1.36593,1.365935,-1.0,-1.0,-1
2026-05-07 23:30:35-04:00,1.365935,1.365935,1.365925,1.36593,-1.0,-1.0,-1
2026-05-07 23:30:40-04:00,1.36593,1.36593,1.36591,1.36591,-1.0,-1.0,-1
2026-05-07 23:30:45-04:00,1.36591,1.36591,1.36589,1.36589,-1.0,-1.0,-1
2026-05-07 23:30:50-04:00,1.36589,1.36589,1.36589,1.36589,-1.0,-1.0,-1
2026-05-07 23:30:55-04:00,1.36589,1.36589,1.365875,1.365875,-1.0,-1.0,-1
2026-05-07 23:31:00-04:00,1.365875,1.365875,1.365785,1.365795,-1.0,-1.0,-1
2026-05-07 23:31:05-04:00,1.365795,1.365795,1.36578,1.365785,-1.0,-1.0,-1
2026-05-07 23:31:10-04:00,1.365785,1.365785,1.365775,1.365785,-1.0,-1.0,-1
2026-05-07 23:31:15-04:00,1.365785,1.365785,1.365775,1.365775,-1.0,-1.0,-1
2026-05-07 23:31:20-04:00,1.365775,1.365775,1.36576,1.36576,-1.0,-1.0,-1
2026-05-07 23:31:25-04:00,1.36576,1.36576,1.365735,1.365735,-1.0,-1.0,-1
2026-05-07 23:31:30-04:00,1.365735,1.36574,1.365735,1.365735,-1.0,-1.0,-1
2026-05-07 23:31:35-04:00,1.365735,1.36576,1.365735,1.365755,-1.0,-1.0,-1
2026-05-07 23:31:40-04:00,1.365755,1.365755,1.36575,1.36575,-1.0,-1.0,-1
2026-05-07 23:31:45-04:00,1.36575,1.365755,1.36575,1.365755,-1.0,-1.0,-1
2026-05-07 23:31:50-04:00,1.365755,1.365755,1.365745,1.365755,-1.0,-1.0,-1
2026-05-07 23:31:55-04:00,1.365755,1.365755,1.365735,1.365755,-1.0,-1.0,-1
2026-05-07 23:32:00-04:00,1.365755,1.365755,1.365735,1.36574,-1.0,-1.0,-1
2026-05-07 23:32:05-04:00,1.36574,1.365745,1.36574,1.365745,-1.0,-1.0,-1
2026-05-07 23:32:10-04:00,1.365745,1.365745,1.365735,1.365745,-1.0,-1.0,-1
2026-05-07 23:32:15-04:00,1.365745,1.365755,1.36573,1.365735,-1.0,-1.0,-1
2026-05-07 23:32:20-04:00,1.365735,1.365735,1.365725,1.36573,-1.0,-1.0,-1
2026-05-07 23:32:25-04:00,1.36573,1.36573,1.36572,1.365725,-1.0,-1.0,-1
2026-05-07 23:32:30-04:00,1.365725,1.365745,1.365705,1.365715,-1.0,-1.0,-1
2026-05-07 23:32:35-04:00,1.365715,1.365715,1.365695,1.3657,-1.0,-1.0,-1
2026-05-07 23:32:40-04:00,1.3657,1.3657,1.365685,1.365685,-1.0,-1.0,-1
2026-05-07 23:32:45-04:00,1.365685,1.365685,1.365675,1.36568,-1.0,-1.0,-1
2026-05-07 23:32:50-04:00,1.36568,1.365695,1.36568,1.36569,-1.0,-1.0,-1
2026-05-07 23:32:55-04:00,1.36569,1.365695,1.365685,1.365695,-1.0,-1.0,-1
2026-05-07 23:33:00-04:00,1.365695,1.365695,1.36568,1.36568,-1.0,-1.0,-1
2026-05-07 23:33:05-04:00,1.36568,1.365695,1.36566,1.365675,-1.0,-1.0,-1
2026-05-07 23:33:10-04:00,1.365675,1.36569,1.36567,1.36569,-1.0,-1.0,-1
2026-05-07 23:33:15-04:00,1.36569,1.36569,1.365675,1.365675,-1.0,-1.0,-1
2026-05-07 23:33:20-04:00,1.365675,1.365675,1.365675,1.365675,-1.0,-1.0,-1
2026-05-07 23:33:25-04:00,1.365675,1.365675,1.36565,1.365655,-1.0,-1.0,-1
2026-05-07 23:33:30-04:00,1.365655,1.365655,1.365625,1.365625,-1.0,-1.0,-1
2026-05-07 23:33:35-04:00,1.365625,1.36564,1.36562,1.365635,-1.0,-1.0,-1
2026-05-07 23:33:40-04:00,1.365635,1.365635,1.36563,1.365635,-1.0,-1.0,-1
2026-05-07 23:33:45-04:00,1.365635,1.36564,1.365605,1.365605,-1.0,-1.0,-1
2026-05-07 23:33:50-04:00,1.365605,1.365605,1.365585,1.36559,-1.0,-1.0,-1
2026-05-07 23:33:55-04:00,1.36559,1.3656,1.36559,1.3656,-1.0,-1.0,-1
2026-05-07 23:34:00-04:00,1.3656,1.3656,1.36559,1.36559,-1.0,-1.0,-1
2026-05-07 23:34:05-04:00,1.36559,1.3656,1.36559,1.36559,-1.0,-1.0,-1
2026-05-07 23:34:10-04:00,1.36559,1.36559,1.36559,1.36559,-1.0,-1.0,-1
2026-05-07 23:34:15-04:00,1.36559,1.36559,1.36559,1.36559,-1.0,-1.0,-1
2026-05-07 23:34:20-04:00,1.36559,1.36559,1.365575,1.36558,-1.0,-1.0,-1
2026-05-07 23:34:25-04:00,1.36558,1.36559,1.36558,1.36559,-1.0,-1.0,-1
2026-05-07 23:34:30-04:00,1.36559,1.365605,1.36559,1.36559,-1.0,-1.0,-1
2026-05-07 23:34:35-04:00,1.36559,1.3656,1.36559,1.36559,-1.0,-1.0,-1
2026-05-07 23:34:40-04:00,1.36559,1.3656,1.36559,1.36559,-1.0,-1.0,-1
2026-05-07 23:34:45-04:00,1.36559,1.365605,1.36559,1.36559,-1.0,-1.0,-1
2026-05-07 23:34:50-04:00,1.36559,1.36559,1.36559,1.36559,-1.0,-1.0,-1
2026-05-07 23:34:55-04:00,1.36559,1.36559,1.36559,1.36559,-1.0,-1.0,-1
2026-05-07 23:35:00-04:00,1.36559,1.365635,1.36559,1.36562,-1.0,-1.0,-1
2026-05-07 23:35:05-04:00,1.36562,1.365655,1.36562,1.365645,-1.0,-1.0,-1
2026-05-07 23:35:10-04:00,1.365645,1.36565,1.365645,1.36565,-1.0,-1.0,-1
2026-05-07 23:35:15-04:00,1.36565,1.36565,1.36564,1.36564,-1.0,-1.0,-1
2026-05-07 23:35:20-04:00,1.36564,1.36564,1.365635,1.365635,-1.0,-1.0,-1
2026-05-07 23:35:25-04:00,1.365635,1.365635,1.365635,1.365635,-1.0,-1.0,-1
2026-05-07 23:35:30-04:00,1.365635,1.36564,1.365635,1.365635,-1.0,-1.0,-1
2026-05-07 23:35:35-04:00,1.365635,1.365635,1.365635,1.365635,-1.0,-1.0,-1
2026-05-07 23:35:40-04:00,1.365635,1.365645,1.365635,1.36564,-1.0,-1.0,-1
2026-05-07 23:35:45-04:00,1.36564,1.365645,1.365635,1.365645,-1.0,-1.0,-1
2026-05-07 23:35:50-04:00,1.365645,1.365645,1.36563,1.36563,-1.0,-1.0,-1
2026-05-07 23:35:55-04:00,1.36563,1.365635,1.36562,1.36562,-1.0,-1.0,-1
2026-05-07 23:36:00-04:00,1.36562,1.36563,1.36562,1.36563,-1.0,-1.0,-1
2026-05-07 23:36:05-04:00,1.36563,1.365635,1.36563,1.365635,-1.0,-1.0,-1
2026-05-07 23:36:10-04:00,1.365635,1.365635,1.365635,1.365635,-1.0,-1.0,-1
2026-05-07 23:36:15-04:00,1.365635,1.365635,1.365635,1.365635,-1.0,-1.0,-1
2026-05-07 23:36:20-04:00,1.365635,1.365635,1.365635,1.365635,-1.0,-1.0,-1
2026-05-07 23:36:25-04:00,1.365635,1.365635,1.365635,1.365635,-1.0,-1.0,-1
2026-05-07 23:36:30-04:00,1.365635,1.365645,1.36563,1.365645,-1.0,-1.0,-1
2026-05-07 23:36:35-04:00,1.365645,1.365645,1.36564,1.36564,-1.0,-1.0,-1
2026-05-07 23:36:40-04:00,1.36564,1.365655,1.36564,1.365655,-1.0,-1.0,-1
2026-05-07 23:36:45-04:00,1.365655,1.365655,1.365655,1.365655,-1.0,-1.0,-1
2026-05-07 23:36:50-04:00,1.365655,1.365655,1.36564,1.365645,-1.0,-1.0,-1
2026-05-07 23:36:55-04:00,1.365645,1.365645,1.36563,1.36563,-1.0,-1.0,-1
2026-05-07 23:37:00-04:00,1.36563,1.36563,1.365615,1.36563,-1.0,-1.0,-1
2026-05-07 23:37:05-04:00,1.36563,1.36563,1.36561,1.365615,-1.0,-1.0,-1
2026-05-07 23:37:10-04:00,1.365615,1.36563,1.36561,1.365615,-1.0,-1.0,-1
2026-05-07 23:37:15-04:00,1.365615,1.365615,1.36561,1.365615,-1.0,-1.0,-1
2026-05-07 23:37:20-04:00,1.365615,1.365635,1.365605,1.365635,-1.0,-1.0,-1
2026-05-07 23:37:25-04:00,1.365635,1.365645,1.365635,1.365635,-1.0,-1.0,-1
2026-05-07 23:37:30-04:00,1.365635,1.365645,1.365635,1.36564,-1.0,-1.0,-1
2026-05-07 23:37:35-04:00,1.36564,1.365645,1.36564,1.365645,-1.0,-1.0,-1
2026-05-07 23:37:40-04:00,1.365645,1.365645,1.365625,1.36563,-1.0,-1.0,-1
2026-05-07 23:37:45-04:00,1.36563,1.36563,1.36562,1.36563,-1.0,-1.0,-1
2026-05-07 23:37:50-04:00,1.36563,1.36563,1.36562,1.36563,-1.0,-1.0,-1
2026-05-07 23:37:55-04:00,1.36563,1.36565,1.36563,1.365645,-1.0,-1.0,-1
2026-05-07 23:38:00-04:00,1.365645,1.36566,1.365635,1.365635,-1.0,-1.0,-1
2026-05-07 23:38:05-04:00,1.365635,1.365635,1.36563,1.36563,-1.0,-1.0,-1
2026-05-07 23:38:10-04:00,1.36563,1.365635,1.36563,1.365635,-1.0,-1.0,-1
2026-05-07 23:38:15-04:00,1.365635,1.365635,1.36563,1.365635,-1.0,-1.0,-1
2026-05-07 23:38:20-04:00,1.365635,1.365645,1.365635,1.365635,-1.0,-1.0,-1
2026-05-07 23:38:25-04:00,1.365635,1.36564,1.36563,1.36563,-1.0,-1.0,-1
2026-05-07 23:38:30-04:00,1.36563,1.36563,1.365605,1.36561,-1.0,-1.0,-1
2026-05-07 23:38:35-04:00,1.36561,1.365615,1.365605,1.365615,-1.0,-1.0,-1
2026-05-07 23:38:40-04:00,1.365615,1.36563,1.365595,1.36562,-1.0,-1.0,-1
2026-05-07 23:38:45-04:00,1.36562,1.365635,1.365615,1.365615,-1.0,-1.0,-1
2026-05-07 23:38:50-04:00,1.365615,1.36563,1.365615,1.365615,-1.0,-1.0,-1
2026-05-07 23:38:55-04:00,1.365615,1.36563,1.365615,1.36563,-1.0,-1.0,-1
2026-05-07 23:39:00-04:00,1.36563,1.365675,1.36563,1.365675,-1.0,-1.0,-1
2026-05-07 23:39:05-04:00,1.365675,1.36568,1.36565,1.365655,-1.0,-1.0,-1
2026-05-07 23:39:10-04:00,1.365655,1.365665,1.365655,1.365665,-1.0,-1.0,-1
2026-05-07 23:39:15-04:00,1.365665,1.365675,1.365655,1.365665,-1.0,-1.0,-1
2026-05-07 23:39:20-04:00,1.365665,1.365675,1.36564,1.36564,-1.0,-1.0,-1
2026-05-07 23:39:25-04:00,1.36564,1.365675,1.36564,1.365665,-1.0,-1.0,-1
2026-05-07 23:39:30-04:00,1.365665,1.36571,1.365665,1.36571,-1.0,-1.0,-1
2026-05-07 23:39:35-04:00,1.36571,1.36571,1.365705,1.365705,-1.0,-1.0,-1
2026-05-07 23:39:40-04:00,1.365705,1.365705,1.365695,1.365695,-1.0,-1.0,-1
2026-05-07 23:39:45-04:00,1.365695,1.365695,1.365695,1.365695,-1.0,-1.0,-1
2026-05-07 23:39:50-04:00,1.365695,1.365695,1.365695,1.365695,-1.0,-1.0,-1
2026-05-07 23:39:55-04:00,1.365695,1.365695,1.365675,1.36568,-1.0,-1.0,-1
2026-05-07 23:40:00-04:00,1.36568,1.365685,1.36565,1.36566,-1.0,-1.0,-1
2026-05-07 23:40:05-04:00,1.36566,1.365665,1.36566,1.365665,-1.0,-1.0,-1
2026-05-07 23:40:10-04:00,1.365665,1.365665,1.365665,1.365665,-1.0,-1.0,-1
2026-05-07 23:40:15-04:00,1.365665,1.365665,1.365665,1.365665,-1.0,-1.0,-1
2026-05-07 23:40:20-04:00,1.365665,1.365665,1.365665,1.365665,-1.0,-1.0,-1
2026-05-07 23:40:25-04:00,1.365665,1.36569,1.365665,1.365685,-1.0,-1.0,-1
2026-05-07 23:40:30-04:00,1.365685,1.365685,1.365675,1.365685,-1.0,-1.0,-1
2026-05-07 23:40:35-04:00,1.365685,1.36569,1.36568,1.36568,-1.0,-1.0,-1
2026-05-07 23:40:40-04:00,1.36568,1.36569,1.365665,1.36569,-1.0,-1.0,-1
2026-05-07 23:40:45-04:00,1.36569,1.36569,1.365685,1.36569,-1.0,-1.0,-1
2026-05-07 23:40:50-04:00,1.36569,1.365695,1.36569,1.365695,-1.0,-1.0,-1
2026-05-07 23:40:55-04:00,1.365695,1.365695,1.365695,1.365695,-1.0,-1.0,-1
2026-05-07 23:41:00-04:00,1.365695,1.3657,1.365675,1.365675,-1.0,-1.0,-1
2026-05-07 23:41:05-04:00,1.365675,1.365685,1.365675,1.365675,-1.0,-1.0,-1
2026-05-07 23:41:10-04:00,1.365675,1.365675,1.365655,1.36567,-1.0,-1.0,-1
2026-05-07 23:41:15-04:00,1.36567,1.36569,1.36567,1.36569,-1.0,-1.0,-1
2026-05-07 23:41:20-04:00,1.36569,1.36569,1.365645,1.365645,-1.0,-1.0,-1
2026-05-07 23:41:25-04:00,1.365645,1.365655,1.365645,1.365655,-1.0,-1.0,-1
2026-05-07 23:41:30-04:00,1.365655,1.365655,1.365635,1.365635,-1.0,-1.0,-1
2026-05-07 23:41:35-04:00,1.365635,1.36564,1.36563,1.36564,-1.0,-1.0,-1
2026-05-07 23:41:40-04:00,1.36564,1.365655,1.36564,1.365655,-1.0,-1.0,-1
2026-05-07 23:41:45-04:00,1.365655,1.36566,1.36565,1.36566,-1.0,-1.0,-1
2026-05-07 23:41:50-04:00,1.36566,1.365665,1.365645,1.365645,-1.0,-1.0,-1
2026-05-07 23:41:55-04:00,1.365645,1.36565,1.365645,1.365645,-1.0,-1.0,-1
2026-05-07 23:42:00-04:00,1.365645,1.36566,1.365635,1.365635,-1.0,-1.0,-1
2026-05-07 23:42:05-04:00,1.365635,1.365635,1.365615,1.365615,-1.0,-1.0,-1
2026-05-07 23:42:10-04:00,1.365615,1.365615,1.365615,1.365615,-1.0,-1.0,-1
2026-05-07 23:42:15-04:00,1.365615,1.365615,1.36561,1.36561,-1.0,-1.0,-1
2026-05-07 23:42:20-04:00,1.36561,1.36561,1.36561,1.36561,-1.0,-1.0,-1
2026-05-07 23:42:25-04:00,1.36561,1.36561,1.365595,1.365595,-1.0,-1.0,-1
2026-05-07 23:42:30-04:00,1.365595,1.36565,1.365595,1.36565,-1.0,-1.0,-1
2026-05-07 23:42:35-04:00,1.36565,1.36565,1.36565,1.36565,-1.0,-1.0,-1
2026-05-07 23:42:40-04:00,1.36565,1.36565,1.36565,1.36565,-1.0,-1.0,-1
2026-05-07 23:42:45-04:00,1.36565,1.36565,1.36565,1.36565,-1.0,-1.0,-1
2026-05-07 23:42:50-04:00,1.36565,1.365685,1.36565,1.36568,-1.0,-1.0,-1
2026-05-07 23:42:55-04:00,1.36568,1.365685,1.36568,1.36568,-1.0,-1.0,-1
2026-05-07 23:43:00-04:00,1.36568,1.365685,1.365645,1.365645,-1.0,-1.0,-1
2026-05-07 23:43:05-04:00,1.365645,1.36565,1.36564,1.36565,-1.0,-1.0,-1
2026-05-07 23:43:10-04:00,1.36565,1.365655,1.365645,1.365645,-1.0,-1.0,-1
2026-05-07 23:43:15-04:00,1.365645,1.36565,1.365645,1.365645,-1.0,-1.0,-1
2026-05-07 23:43:20-04:00,1.365645,1.365645,1.365645,1.365645,-1.0,-1.0,-1
2026-05-07 23:43:25-04:00,1.365645,1.365655,1.365645,1.365645,-1.0,-1.0,-1
2026-05-07 23:43:30-04:00,1.365645,1.365655,1.365645,1.365655,-1.0,-1.0,-1
2026-05-07 23:43:35-04:00,1.365655,1.365655,1.36565,1.36565,-1.0,-1.0,-1
2026-05-07 23:43:40-04:00,1.36565,1.36568,1.36565,1.36568,-1.0,-1.0,-1
2026-05-07 23:43:45-04:00,1.36568,1.36569,1.36568,1.365685,-1.0,-1.0,-1
2026-05-07 23:43:50-04:00,1.365685,1.365685,1.365685,1.365685,-1.0,-1.0,-1
2026-05-07 23:43:55-04:00,1.365685,1.365685,1.36568,1.365685,-1.0,-1.0,-1
2026-05-07 23:44:00-04:00,1.365685,1.365685,1.365675,1.365675,-1.0,-1.0,-1
2026-05-07 23:44:05-04:00,1.365675,1.365675,1.36567,1.36567,-1.0,-1.0,-1
2026-05-07 23:44:10-04:00,1.36567,1.365675,1.36567,1.365675,-1.0,-1.0,-1
2026-05-07 23:44:15-04:00,1.365675,1.365685,1.365675,1.365675,-1.0,-1.0,-1
2026-05-07 23:44:20-04:00,1.365675,1.365685,1.365675,1.36568,-1.0,-1.0,-1
2026-05-07 23:44:25-04:00,1.36568,1.365685,1.36568,1.365685,-1.0,-1.0,-1
2026-05-07 23:44:30-04:00,1.365685,1.365715,1.365685,1.365695,-1.0,-1.0,-1
2026-05-07 23:44:35-04:00,1.365695,1.365695,1.36569,1.36569,-1.0,-1.0,-1
2026-05-07 23:44:40-04:00,1.36569,1.36569,1.36568,1.36568,-1.0,-1.0,-1
2026-05-07 23:44:45-04:00,1.36568,1.365695,1.36568,1.365695,-1.0,-1.0,-1
2026-05-07 23:44:50-04:00,1.365695,1.365695,1.365655,1.365665,-1.0,-1.0,-1
2026-05-07 23:44:55-04:00,1.365665,1.365665,1.36565,1.36565,-1.0,-1.0,-1
2026-05-07 23:45:00-04:00,1.36565,1.365675,1.36565,1.365675,-1.0,-1.0,-1
2026-05-07 23:45:05-04:00,1.365675,1.36569,1.365675,1.36568,-1.0,-1.0,-1
2026-05-07 23:45:10-04:00,1.36568,1.36568,1.365645,1.365645,-1.0,-1.0,-1
2026-05-07 23:45:15-04:00,1.365645,1.36565,1.36564,1.36565,-1.0,-1.0,-1
2026-05-07 23:45:20-04:00,1.36565,1.36569,1.365645,1.36569,-1.0,-1.0,-1
2026-05-07 23:45:25-04:00,1.36569,1.365695,1.36569,1.36569,-1.0,-1.0,-1
2026-05-07 23:45:30-04:00,1.36569,1.36569,1.36567,1.36567,-1.0,-1.0,-1
2026-05-07 23:45:35-04:00,1.36567,1.365685,1.36567,1.365675,-1.0,-1.0,-1
2026-05-07 23:45:40-04:00,1.365675,1.365675,1.365665,1.365665,-1.0,-1.0,-1
2026-05-07 23:45:45-04:00,1.365665,1.365675,1.365655,1.365665,-1.0,-1.0,-1
2026-05-07 23:45:50-04:00,1.365665,1.36567,1.365655,1.365665,-1.0,-1.0,-1
2026-05-07 23:45:55-04:00,1.365665,1.365685,1.365665,1.365675,-1.0,-1.0,-1
2026-05-07 23:46:00-04:00,1.365675,1.365685,1.365675,1.36568,-1.0,-1.0,-1
2026-05-07 23:46:05-04:00,1.36568,1.365685,1.365675,1.365675,-1.0,-1.0,-1
2026-05-07 23:46:10-04:00,1.365675,1.365685,1.365675,1.365675,-1.0,-1.0,-1
2026-05-07 23:46:15-04:00,1.365675,1.365685,1.36566,1.365675,-1.0,-1.0,-1
2026-05-07 23:46:20-04:00,1.365675,1.365685,1.365675,1.365675,-1.0,-1.0,-1
2026-05-07 23:46:25-04:00,1.365675,1.365685,1.365675,1.365685,-1.0,-1.0,-1
2026-05-07 23:46:30-04:00,1.365685,1.365685,1.365685,1.365685,-1.0,-1.0,-1
2026-05-07 23:46:35-04:00,1.365685,1.365685,1.36568,1.36568,-1.0,-1.0,-1
2026-05-07 23:46:40-04:00,1.36568,1.365685,1.36568,1.365685,-1.0,-1.0,-1
2026-05-07 23:46:45-04:00,1.365685,1.365685,1.365685,1.365685,-1.0,-1.0,-1
2026-05-07 23:46:50-04:00,1.365685,1.3657,1.365685,1.3657,-1.0,-1.0,-1
2026-05-07 23:46:55-04:00,1.3657,1.3657,1.365695,1.365695,-1.0,-1.0,-1
2026-05-07 23:47:00-04:00,1.365695,1.3657,1.365695,1.3657,-1.0,-1.0,-1
2026-05-07 23:47:05-04:00,1.3657,1.365725,1.3657,1.365725,-1.0,-1.0,-1
2026-05-07 23:47:10-04:00,1.365725,1.365735,1.365725,1.365725,-1.0,-1.0,-1
2026-05-07 23:47:15-04:00,1.365725,1.365745,1.365725,1.365735,-1.0,-1.0,-1
2026-05-07 23:47:20-04:00,1.365735,1.365735,1.365735,1.365735,-1.0,-1.0,-1
2026-05-07 23:47:25-04:00,1.365735,1.36574,1.365725,1.365735,-1.0,-1.0,-1
2026-05-07 23:47:30-04:00,1.365735,1.365745,1.365735,1.365735,-1.0,-1.0,-1
2026-05-07 23:47:35-04:00,1.365735,1.365755,1.365735,1.365745,-1.0,-1.0,-1
2026-05-07 23:47:40-04:00,1.365745,1.365755,1.365745,1.365755,-1.0,-1.0,-1
2026-05-07 23:47:45-04:00,1.365755,1.365755,1.365755,1.365755,-1.0,-1.0,-1
2026-05-07 23:47:50-04:00,1.365755,1.365775,1.365755,1.365775,-1.0,-1.0,-1
2026-05-07 23:47:55-04:00,1.365775,1.36578,1.36576,1.365775,-1.0,-1.0,-1
2026-05-07 23:48:00-04:00,1.365775,1.36579,1.365775,1.365775,-1.0,-1.0,-1
2026-05-07 23:48:05-04:00,1.365775,1.365775,1.36576,1.365775,-1.0,-1.0,-1
2026-05-07 23:48:10-04:00,1.365775,1.365775,1.365775,1.365775,-1.0,-1.0,-1
2026-05-07 23:48:15-04:00,1.365775,1.365775,1.365775,1.365775,-1.0,-1.0,-1
2026-05-07 23:48:20-04:00,1.365775,1.365775,1.365775,1.365775,-1.0,-1.0,-1
2026-05-07 23:48:25-04:00,1.365775,1.365775,1.365755,1.365755,-1.0,-1.0,-1
2026-05-07 23:48:30-04:00,1.365755,1.36579,1.365755,1.365785,-1.0,-1.0,-1
2026-05-07 23:48:35-04:00,1.365785,1.365795,1.36578,1.36579,-1.0,-1.0,-1
2026-05-07 23:48:40-04:00,1.36579,1.365825,1.36579,1.365825,-1.0,-1.0,-1
2026-05-07 23:48:45-04:00,1.365825,1.36583,1.365825,1.36583,-1.0,-1.0,-1
2026-05-07 23:48:50-04:00,1.36583,1.365845,1.36583,1.36584,-1.0,-1.0,-1
2026-05-07 23:48:55-04:00,1.36584,1.36584,1.365835,1.365835,-1.0,-1.0,-1
2026-05-07 23:49:00-04:00,1.365835,1.365835,1.365825,1.36583,-1.0,-1.0,-1
2026-05-07 23:49:05-04:00,1.36583,1.365845,1.36583,1.365835,-1.0,-1.0,-1
2026-05-07 23:49:10-04:00,1.365835,1.36584,1.36583,1.36583,-1.0,-1.0,-1
2026-05-07 23:49:15-04:00,1.36583,1.365835,1.36583,1.365835,-1.0,-1.0,-1
2026-05-07 23:49:20-04:00,1.365835,1.365835,1.36581,1.36581,-1.0,-1.0,-1
2026-05-07 23:49:25-04:00,1.36581,1.365815,1.365805,1.36581,-1.0,-1.0,-1
2026-05-07 23:49:30-04:00,1.36581,1.36583,1.365805,1.36583,-1.0,-1.0,-1
2026-05-07 23:49:35-04:00,1.36583,1.36584,1.36582,1.36584,-1.0,-1.0,-1
2026-05-07 23:49:40-04:00,1.36584,1.365845,1.36584,1.36584,-1.0,-1.0,-1
2026-05-07 23:49:45-04:00,1.36584,1.365845,1.36582,1.36582,-1.0,-1.0,-1
2026-05-07 23:49:50-04:00,1.36582,1.36582,1.36581,1.365815,-1.0,-1.0,-1
2026-05-07 23:49:55-04:00,1.365815,1.365815,1.365805,1.365805,-1.0,-1.0,-1
2026-05-07 23:50:00-04:00,1.365805,1.36584,1.365805,1.36583,-1.0,-1.0,-1
2026-05-07 23:50:05-04:00,1.36583,1.365835,1.365825,1.36583,-1.0,-1.0,-1
2026-05-07 23:50:10-04:00,1.36583,1.365835,1.365825,1.365825,-1.0,-1.0,-1
2026-05-07 23:50:15-04:00,1.365825,1.36583,1.365825,1.365825,-1.0,-1.0,-1
2026-05-07 23:50:20-04:00,1.365825,1.365835,1.36582,1.365825,-1.0,-1.0,-1
2026-05-07 23:50:25-04:00,1.365825,1.36583,1.36582,1.36582,-1.0,-1.0,-1
2026-05-07 23:50:30-04:00,1.36582,1.365845,1.36582,1.36583,-1.0,-1.0,-1
2026-05-07 23:50:35-04:00,1.36583,1.36583,1.365825,1.365825,-1.0,-1.0,-1
2026-05-07 23:50:40-04:00,1.365825,1.36583,1.365815,1.365815,-1.0,-1.0,-1
2026-05-07 23:50:45-04:00,1.365815,1.36583,1.365815,1.365825,-1.0,-1.0,-1
2026-05-07 23:50:50-04:00,1.365825,1.365835,1.365825,1.36583,-1.0,-1.0,-1
2026-05-07 23:50:55-04:00,1.36583,1.36583,1.365825,1.365825,-1.0,-1.0,-1
2026-05-07 23:51:00-04:00,1.365825,1.36583,1.36581,1.365815,-1.0,-1.0,-1
2026-05-07 23:51:05-04:00,1.365815,1.365825,1.365805,1.365825,-1.0,-1.0,-1
2026-05-07 23:51:10-04:00,1.365825,1.365845,1.365825,1.365845,-1.0,-1.0,-1
2026-05-07 23:51:15-04:00,1.365845,1.365845,1.365845,1.365845,-1.0,-1.0,-1
2026-05-07 23:51:20-04:00,1.365845,1.365845,1.365845,1.365845,-1.0,-1.0,-1
2026-05-07 23:51:25-04:00,1.365845,1.365845,1.365845,1.365845,-1.0,-1.0,-1
2026-05-07 23:51:30-04:00,1.365845,1.365845,1.365845,1.365845,-1.0,-1.0,-1
2026-05-07 23:51:35-04:00,1.365845,1.365845,1.365835,1.365845,-1.0,-1.0,-1
2026-05-07 23:51:40-04:00,1.365845,1.365845,1.36583,1.36583,-1.0,-1.0,-1
2026-05-07 23:51:45-04:00,1.36583,1.365845,1.36583,1.365845,-1.0,-1.0,-1
2026-05-07 23:51:50-04:00,1.365845,1.365845,1.365845,1.365845,-1.0,-1.0,-1
2026-05-07 23:51:55-04:00,1.365845,1.365845,1.365845,1.365845,-1.0,-1.0,-1
2026-05-07 23:52:00-04:00,1.365845,1.365845,1.365845,1.365845,-1.0,-1.0,-1
2026-05-07 23:52:05-04:00,1.365845,1.365845,1.365845,1.365845,-1.0,-1.0,-1
2026-05-07 23:52:10-04:00,1.365845,1.36588,1.365845,1.36588,-1.0,-1.0,-1
2026-05-07 23:52:15-04:00,1.36588,1.365895,1.365875,1.365895,-1.0,-1.0,-1
2026-05-07 23:52:20-04:00,1.365895,1.365895,1.365875,1.365875,-1.0,-1.0,-1
2026-05-07 23:52:25-04:00,1.365875,1.365875,1.36587,1.36587,-1.0,-1.0,-1
2026-05-07 23:52:30-04:00,1.36587,1.36587,1.365825,1.365825,-1.0,-1.0,-1
2026-05-07 23:52:35-04:00,1.365825,1.365825,1.36582,1.36582,-1.0,-1.0,-1
2026-05-07 23:52:40-04:00,1.36582,1.36582,1.365815,1.36582,-1.0,-1.0,-1
2026-05-07 23:52:45-04:00,1.36582,1.36583,1.36582,1.365825,-1.0,-1.0,-1
2026-05-07 23:52:50-04:00,1.365825,1.365825,1.365825,1.365825,-1.0,-1.0,-1
2026-05-07 23:52:55-04:00,1.365825,1.36583,1.365825,1.36583,-1.0,-1.0,-1
2026-05-07 23:53:00-04:00,1.36583,1.36583,1.365825,1.36583,-1.0,-1.0,-1
2026-05-07 23:53:05-04:00,1.36583,1.36583,1.365825,1.365825,-1.0,-1.0,-1
2026-05-07 23:53:10-04:00,1.365825,1.365825,1.365825,1.365825,-1.0,-1.0,-1
2026-05-07 23:53:15-04:00,1.365825,1.365825,1.3658,1.3658,-1.0,-1.0,-1
2026-05-07 23:53:20-04:00,1.3658,1.3658,1.365755,1.365755,-1.0,-1.0,-1
2026-05-07 23:53:25-04:00,1.365755,1.36576,1.365735,1.365745,-1.0,-1.0,-1
2026-05-07 23:53:30-04:00,1.365745,1.36575,1.365745,1.365745,-1.0,-1.0,-1
2026-05-07 23:53:35-04:00,1.365745,1.365745,1.36574,1.365745,-1.0,-1.0,-1
2026-05-07 23:53:40-04:00,1.365745,1.36575,1.365745,1.36575,-1.0,-1.0,-1
2026-05-07 23:53:45-04:00,1.36575,1.365755,1.36575,1.365755,-1.0,-1.0,-1
2026-05-07 23:53:50-04:00,1.365755,1.36576,1.365755,1.36576,-1.0,-1.0,-1
2026-05-07 23:53:55-04:00,1.36576,1.36577,1.365755,1.36576,-1.0,-1.0,-1
2026-05-07 23:54:00-04:00,1.36576,1.365785,1.36576,1.365785,-1.0,-1.0,-1
2026-05-07 23:54:05-04:00,1.365785,1.365805,1.365785,1.365805,-1.0,-1.0,-1
2026-05-07 23:54:10-04:00,1.365805,1.365815,1.365805,1.365805,-1.0,-1.0,-1
2026-05-07 23:54:15-04:00,1.365805,1.365815,1.365805,1.36581,-1.0,-1.0,-1
2026-05-07 23:54:20-04:00,1.36581,1.365825,1.36581,1.36582,-1.0,-1.0,-1
2026-05-07 23:54:25-04:00,1.36582,1.365825,1.365815,1.365815,-1.0,-1.0,-1
2026-05-07 23:54:30-04:00,1.365815,1.36585,1.365815,1.365845,-1.0,-1.0,-1
2026-05-07 23:54:35-04:00,1.365845,1.365845,1.365845,1.365845,-1.0,-1.0,-1
2026-05-07 23:54:40-04:00,1.365845,1.36585,1.365845,1.36585,-1.0,-1.0,-1
2026-05-07 23:54:45-04:00,1.36585,1.36585,1.36585,1.36585,-1.0,-1.0,-1
2026-05-07 23:54:50-04:00,1.36585,1.365875,1.36585,1.36587,-1.0,-1.0,-1
2026-05-07 23:54:55-04:00,1.36587,1.365875,1.365865,1.365865,-1.0,-1.0,-1
2026-05-07 23:55:00-04:00,1.365865,1.36589,1.365865,1.36589,-1.0,-1.0,-1
2026-05-07 23:55:05-04:00,1.36589,1.36589,1.36587,1.36587,-1.0,-1.0,-1
2026-05-07 23:55:10-04:00,1.36587,1.36587,1.365865,1.365865,-1.0,-1.0,-1
2026-05-07 23:55:15-04:00,1.365865,1.365865,1.36585,1.36585,-1.0,-1.0,-1
2026-05-07 23:55:20-04:00,1.36585,1.365875,1.36585,1.365865,-1.0,-1.0,-1
2026-05-07 23:55:25-04:00,1.365865,1.365865,1.365865,1.365865,-1.0,-1.0,-1
2026-05-07 23:55:30-04:00,1.365865,1.365865,1.36585,1.365865,-1.0,-1.0,-1
2026-05-07 23:55:35-04:00,1.365865,1.365875,1.36586,1.36586,-1.0,-1.0,-1
2026-05-07 23:55:40-04:00,1.36586,1.36589,1.36586,1.36589,-1.0,-1.0,-1
2026-05-07 23:55:45-04:00,1.36589,1.3659,1.36589,1.365895,-1.0,-1.0,-1
2026-05-07 23:55:50-04:00,1.365895,1.365895,1.365895,1.365895,-1.0,-1.0,-1
2026-05-07 23:55:55-04:00,1.365895,1.365895,1.365895,1.365895,-1.0,-1.0,-1
2026-05-07 23:56:00-04:00,1.365895,1.365895,1.36587,1.36587,-1.0,-1.0,-1
2026-05-07 23:56:05-04:00,1.36587,1.36588,1.36587,1.36587,-1.0,-1.0,-1
2026-05-07 23:56:10-04:00,1.36587,1.36589,1.36587,1.365875,-1.0,-1.0,-1
2026-05-07 23:56:15-04:00,1.365875,1.36588,1.365875,1.365875,-1.0,-1.0,-1
2026-05-07 23:56:20-04:00,1.365875,1.365875,1.36587,1.365875,-1.0,-1.0,-1
2026-05-07 23:56:25-04:00,1.365875,1.365875,1.365875,1.365875,-1.0,-1.0,-1
2026-05-07 23:56:30-04:00,1.365875,1.365875,1.36587,1.365875,-1.0,-1.0,-1
2026-05-07 23:56:35-04:00,1.365875,1.365875,1.365875,1.365875,-1.0,-1.0,-1
2026-05-07 23:56:40-04:00,1.365875,1.365875,1.365865,1.36587,-1.0,-1.0,-1
2026-05-07 23:56:45-04:00,1.36587,1.36587,1.36587,1.36587,-1.0,-1.0,-1
2026-05-07 23:56:50-04:00,1.36587,1.36588,1.365865,1.36587,-1.0,-1.0,-1
2026-05-07 23:56:55-04:00,1.36587,1.365875,1.365865,1.365865,-1.0,-1.0,-1
2026-05-07 23:57:00-04:00,1.365865,1.36587,1.365865,1.365865,-1.0,-1.0,-1
2026-05-07 23:57:05-04:00,1.365865,1.36587,1.365865,1.36587,-1.0,-1.0,-1
2026-05-07 23:57:10-04:00,1.36587,1.36587,1.365865,1.365865,-1.0,-1.0,-1
2026-05-07 23:57:15-04:00,1.365865,1.36587,1.365865,1.365865,-1.0,-1.0,-1
2026-05-07 23:57:20-04:00,1.365865,1.365875,1.365865,1.36587,-1.0,-1.0,-1
2026-05-07 23:57:25-04:00,1.36587,1.36587,1.36586,1.365865,-1.0,-1.0,-1
2026-05-07 23:57:30-04:00,1.365865,1.36587,1.365785,1.36579,-1.0,-1.0,-1
2026-05-07 23:57:35-04:00,1.36579,1.365815,1.36579,1.365815,-1.0,-1.0,-1
2026-05-07 23:57:40-04:00,1.365815,1.365825,1.365815,1.365825,-1.0,-1.0,-1
2026-05-07 23:57:45-04:00,1.365825,1.365825,1.36582,1.36582,-1.0,-1.0,-1
2026-05-07 23:57:50-04:00,1.36582,1.36582,1.36582,1.36582,-1.0,-1.0,-1
2026-05-07 23:57:55-04:00,1.36582,1.36582,1.36581,1.36582,-1.0,-1.0,-1
2026-05-07 23:58:00-04:00,1.36582,1.36582,1.3658,1.365815,-1.0,-1.0,-1
2026-05-07 23:58:05-04:00,1.365815,1.365825,1.365815,1.365815,-1.0,-1.0,-1
2026-05-07 23:58:10-04:00,1.365815,1.365825,1.365815,1.365825,-1.0,-1.0,-1
2026-05-07 23:58:15-04:00,1.365825,1.365835,1.365825,1.365825,-1.0,-1.0,-1
2026-05-07 23:58:20-04:00,1.365825,1.36583,1.365825,1.36583,-1.0,-1.0,-1
2026-05-07 23:58:25-04:00,1.36583,1.36583,1.365825,1.365825,-1.0,-1.0,-1
2026-05-07 23:58:30-04:00,1.365825,1.36583,1.36582,1.36583,-1.0,-1.0,-1
2026-05-07 23:58:35-04:00,1.36583,1.365835,1.36582,1.365825,-1.0,-1.0,-1
2026-05-07 23:58:40-04:00,1.365825,1.36583,1.365825,1.365825,-1.0,-1.0,-1
2026-05-07 23:58:45-04:00,1.365825,1.365825,1.365825,1.365825,-1.0,-1.0,-1
2026-05-07 23:58:50-04:00,1.365825,1.36585,1.365825,1.365845,-1.0,-1.0,-1
2026-05-07 23:58:55-04:00,1.365845,1.365865,1.365845,1.365865,-1.0,-1.0,-1
2026-05-07 23:59:00-04:00,1.365865,1.365865,1.365865,1.365865,-1.0,-1.0,-1
2026-05-07 23:59:05-04:00,1.365865,1.365865,1.365855,1.365865,-1.0,-1.0,-1
2026-05-07 23:59:10-04:00,1.365865,1.365865,1.36586,1.365865,-1.0,-1.0,-1
2026-05-07 23:59:15-04:00,1.365865,1.365865,1.36586,1.36586,-1.0,-1.0,-1
2026-05-07 23:59:20-04:00,1.36586,1.365865,1.36585,1.36586,-1.0,-1.0,-1
2026-05-07 23:59:25-04:00,1.36586,1.365865,1.36586,1.365865,-1.0,-1.0,-1
2026-05-07 23:59:30-04:00,1.365865,1.36587,1.365865,1.365865,-1.0,-1.0,-1
2026-05-07 23:59:35-04:00,1.365865,1.36587,1.365865,1.36587,-1.0,-1.0,-1
2026-05-07 23:59:40-04:00,1.36587,1.36587,1.365825,1.36584,-1.0,-1.0,-1
2026-05-07 23:59:45-04:00,1.36584,1.365865,1.36584,1.36586,-1.0,-1.0,-1
2026-05-07 23:59:50-04:00,1.36586,1.36589,1.36586,1.36589,-1.0,-1.0,-1
2026-05-07 23:59:55-04:00,1.36589,1.365895,1.36589,1.365895,-1.0,-1.0,-1
2026-05-08 00:00:00-04:00,1.365895,1.365895,1.365785,1.365795,-1.0,-1.0,-1
2026-05-08 00:00:05-04:00,1.365795,1.365795,1.365755,1.365755,-1.0,-1.0,-1
2026-05-08 00:00:10-04:00,1.365755,1.36576,1.365755,1.365755,-1.0,-1.0,-1
2026-05-08 00:00:15-04:00,1.365755,1.36577,1.365755,1.36576,-1.0,-1.0,-1
2026-05-08 00:00:20-04:00,1.36576,1.365775,1.36576,1.365775,-1.0,-1.0,-1
2026-05-08 00:00:25-04:00,1.365775,1.365775,1.365755,1.365765,-1.0,-1.0,-1
2026-05-08 00:00:30-04:00,1.365765,1.365775,1.365765,1.365775,-1.0,-1.0,-1
2026-05-08 00:00:35-04:00,1.365775,1.365805,1.365775,1.3658,-1.0,-1.0,-1
2026-05-08 00:00:40-04:00,1.3658,1.365815,1.3658,1.365815,-1.0,-1.0,-1
2026-05-08 00:00:45-04:00,1.365815,1.365815,1.36581,1.365815,-1.0,-1.0,-1
2026-05-08 00:00:50-04:00,1.365815,1.365825,1.365815,1.365815,-1.0,-1.0,-1
2026-05-08 00:00:55-04:00,1.365815,1.365845,1.365815,1.365845,-1.0,-1.0,-1
2026-05-08 00:01:00-04:00,1.365845,1.365845,1.36584,1.365845,-1.0,-1.0,-1
2026-05-08 00:01:05-04:00,1.365845,1.365865,1.365845,1.365865,-1.0,-1.0,-1
2026-05-08 00:01:10-04:00,1.365865,1.365865,1.36586,1.365865,-1.0,-1.0,-1
2026-05-08 00:01:15-04:00,1.365865,1.365865,1.36586,1.36586,-1.0,-1.0,-1
2026-05-08 00:01:20-04:00,1.36586,1.365865,1.36586,1.365865,-1.0,-1.0,-1
2026-05-08 00:01:25-04:00,1.365865,1.365865,1.36586,1.365865,-1.0,-1.0,-1
2026-05-08 00:01:30-04:00,1.365865,1.365865,1.36585,1.36585,-1.0,-1.0,-1
2026-05-08 00:01:35-04:00,1.36585,1.365865,1.36585,1.365865,-1.0,-1.0,-1
2026-05-08 00:01:40-04:00,1.365865,1.36587,1.36585,1.36587,-1.0,-1.0,-1
2026-05-08 00:01:45-04:00,1.36587,1.36587,1.36587,1.36587,-1.0,-1.0,-1
2026-05-08 00:01:50-04:00,1.36587,1.36587,1.36587,1.36587,-1.0,-1.0,-1
2026-05-08 00:01:55-04:00,1.36587,1.36587,1.365865,1.36587,-1.0,-1.0,-1
2026-05-08 00:02:00-04:00,1.36587,1.365905,1.365855,1.36586,-1.0,-1.0,-1
2026-05-08 00:02:05-04:00,1.36586,1.36587,1.36586,1.36587,-1.0,-1.0,-1
2026-05-08 00:02:10-04:00,1.36587,1.36587,1.36586,1.36586,-1.0,-1.0,-1
2026-05-08 00:02:15-04:00,1.36586,1.365865,1.36586,1.365865,-1.0,-1.0,-1
2026-05-08 00:02:20-04:00,1.365865,1.365885,1.365865,1.365875,-1.0,-1.0,-1
2026-05-08 00:02:25-04:00,1.365875,1.365875,1.36585,1.365865,-1.0,-1.0,-1
2026-05-08 00:02:30-04:00,1.365865,1.36587,1.365845,1.365855,-1.0,-1.0,-1
2026-05-08 00:02:35-04:00,1.365855,1.365855,1.365845,1.36585,-1.0,-1.0,-1
2026-05-08 00:02:40-04:00,1.36585,1.36585,1.365845,1.365845,-1.0,-1.0,-1
2026-05-08 00:02:45-04:00,1.365845,1.36585,1.365845,1.365845,-1.0,-1.0,-1
2026-05-08 00:02:50-04:00,1.365845,1.365845,1.365845,1.365845,-1.0,-1.0,-1
2026-05-08 00:02:55-04:00,1.365845,1.365845,1.365845,1.365845,-1.0,-1.0,-1
2026-05-08 00:03:00-04:00,1.365845,1.365845,1.365845,1.365845,-1.0,-1.0,-1
2026-05-08 00:03:05-04:00,1.365845,1.365845,1.365845,1.365845,-1.0,-1.0,-1
2026-05-08 00:03:10-04:00,1.365845,1.365845,1.365845,1.365845,-1.0,-1.0,-1
2026-05-08 00:03:15-04:00,1.365845,1.365845,1.36584,1.365845,-1.0,-1.0,-1
2026-05-08 00:03:20-04:00,1.365845,1.365845,1.365805,1.365805,-1.0,-1.0,-1
2026-05-08 00:03:25-04:00,1.365805,1.365805,1.36579,1.365795,-1.0,-1.0,-1
2026-05-08 00:03:30-04:00,1.365795,1.365815,1.36579,1.3658,-1.0,-1.0,-1
2026-05-08 00:03:35-04:00,1.3658,1.3658,1.365785,1.3658,-1.0,-1.0,-1
2026-05-08 00:03:40-04:00,1.3658,1.3658,1.365785,1.365785,-1.0,-1.0,-1
2026-05-08 00:03:45-04:00,1.365785,1.36579,1.365765,1.365775,-1.0,-1.0,-1
2026-05-08 00:03:50-04:00,1.365775,1.36579,1.365775,1.365785,-1.0,-1.0,-1
2026-05-08 00:03:55-04:00,1.365785,1.365805,1.365785,1.3658,-1.0,-1.0,-1
2026-05-08 00:04:00-04:00,1.3658,1.365805,1.3658,1.365805,-1.0,-1.0,-1
2026-05-08 00:04:05-04:00,1.365805,1.365805,1.3658,1.3658,-1.0,-1.0,-1
2026-05-08 00:04:10-04:00,1.3658,1.3658,1.365785,1.3658,-1.0,-1.0,-1
2026-05-08 00:04:15-04:00,1.3658,1.3658,1.3658,1.3658,-1.0,-1.0,-1
2026-05-08 00:04:20-04:00,1.3658,1.365805,1.3658,1.3658,-1.0,-1.0,-1
2026-05-08 00:04:25-04:00,1.3658,1.365805,1.3658,1.365805,-1.0,-1.0,-1
2026-05-08 00:04:30-04:00,1.365805,1.365805,1.365805,1.365805,-1.0,-1.0,-1
2026-05-08 00:04:35-04:00,1.365805,1.365865,1.365805,1.365865,-1.0,-1.0,-1
2026-05-08 00:04:40-04:00,1.365865,1.36587,1.365865,1.36587,-1.0,-1.0,-1
2026-05-08 00:04:45-04:00,1.36587,1.36587,1.36586,1.365865,-1.0,-1.0,-1
2026-05-08 00:04:50-04:00,1.365865,1.365865,1.36586,1.36586,-1.0,-1.0,-1
2026-05-08 00:04:55-04:00,1.36586,1.36586,1.36585,1.36585,-1.0,-1.0,-1
2026-05-08 00:05:00-04:00,1.36585,1.365865,1.36584,1.36584,-1.0,-1.0,-1
2026-05-08 00:05:05-04:00,1.36584,1.36585,1.36584,1.365845,-1.0,-1.0,-1
2026-05-08 00:05:10-04:00,1.365845,1.365875,1.365845,1.365875,-1.0,-1.0,-1
2026-05-08 00:05:15-04:00,1.365875,1.365875,1.365845,1.36585,-1.0,-1.0,-1
2026-05-08 00:05:20-04:00,1.36585,1.36589,1.36585,1.36589,-1.0,-1.0,-1
2026-05-08 00:05:25-04:00,1.36589,1.365895,1.36589,1.365895,-1.0,-1.0,-1
2026-05-08 00:05:30-04:00,1.365895,1.365895,1.36588,1.36589,-1.0,-1.0,-1
2026-05-08 00:05:35-04:00,1.36589,1.365895,1.36589,1.365895,-1.0,-1.0,-1
2026-05-08 00:05:40-04:00,1.365895,1.365895,1.365875,1.36588,-1.0,-1.0,-1
2026-05-08 00:05:45-04:00,1.36588,1.365935,1.36588,1.365935,-1.0,-1.0,-1
2026-05-08 00:05:50-04:00,1.365935,1.365935,1.36591,1.36593,-1.0,-1.0,-1
2026-05-08 00:05:55-04:00,1.36593,1.36597,1.36593,1.365965,-1.0,-1.0,-1
2026-05-08 00:06:00-04:00,1.365965,1.36599,1.365965,1.365975,-1.0,-1.0,-1
2026-05-08 00:06:05-04:00,1.365975,1.365985,1.36597,1.365985,-1.0,-1.0,-1
2026-05-08 00:06:10-04:00,1.365985,1.365985,1.365965,1.365985,-1.0,-1.0,-1
2026-05-08 00:06:15-04:00,1.365985,1.36599,1.36597,1.365985,-1.0,-1.0,-1
2026-05-08 00:06:20-04:00,1.365985,1.36602,1.365985,1.366015,-1.0,-1.0,-1
2026-05-08 00:06:25-04:00,1.366015,1.366015,1.366005,1.366005,-1.0,-1.0,-1
2026-05-08 00:06:30-04:00,1.366005,1.366005,1.365995,1.366,-1.0,-1.0,-1
2026-05-08 00:06:35-04:00,1.366,1.366005,1.366,1.366,-1.0,-1.0,-1
2026-05-08 00:06:40-04:00,1.366,1.366005,1.366,1.366005,-1.0,-1.0,-1
2026-05-08 00:06:45-04:00,1.366005,1.366005,1.366005,1.366005,-1.0,-1.0,-1
2026-05-08 00:06:50-04:00,1.366005,1.366005,1.366005,1.366005,-1.0,-1.0,-1
2026-05-08 00:06:55-04:00,1.366005,1.366005,1.36598,1.36598,-1.0,-1.0,-1
2026-05-08 00:07:00-04:00,1.36598,1.36598,1.36597,1.36597,-1.0,-1.0,-1
2026-05-08 00:07:05-04:00,1.36597,1.365975,1.365965,1.365965,-1.0,-1.0,-1
2026-05-08 00:07:10-04:00,1.365965,1.365965,1.36594,1.36594,-1.0,-1.0,-1
2026-05-08 00:07:15-04:00,1.36594,1.365955,1.365935,1.365955,-1.0,-1.0,-1
2026-05-08 00:07:20-04:00,1.365955,1.36597,1.365955,1.365965,-1.0,-1.0,-1
2026-05-08 00:07:25-04:00,1.365965,1.36598,1.365965,1.365965,-1.0,-1.0,-1
2026-05-08 00:07:30-04:00,1.365965,1.365965,1.365965,1.365965,-1.0,-1.0,-1
2026-05-08 00:07:35-04:00,1.365965,1.365965,1.365965,1.365965,-1.0,-1.0,-1
2026-05-08 00:07:40-04:00,1.365965,1.36599,1.365965,1.365985,-1.0,-1.0,-1
2026-05-08 00:07:45-04:00,1.365985,1.36599,1.365985,1.36599,-1.0,-1.0,-1
2026-05-08 00:07:50-04:00,1.36599,1.366,1.365985,1.366,-1.0,-1.0,-1
2026-05-08 00:07:55-04:00,1.366,1.366005,1.365995,1.366005,-1.0,-1.0,-1
2026-05-08 00:08:00-04:00,1.366005,1.366005,1.366005,1.366005,-1.0,-1.0,-1
2026-05-08 00:08:05-04:00,1.366005,1.366005,1.36599,1.36599,-1.0,-1.0,-1
2026-05-08 00:08:10-04:00,1.36599,1.366075,1.36599,1.366075,-1.0,-1.0,-1
2026-05-08 00:08:15-04:00,1.366075,1.366075,1.366055,1.366055,-1.0,-1.0,-1
2026-05-08 00:08:20-04:00,1.366055,1.366055,1.36602,1.36602,-1.0,-1.0,-1
2026-05-08 00:08:25-04:00,1.36602,1.36603,1.36602,1.366025,-1.0,-1.0,-1
2026-05-08 00:08:30-04:00,1.366025,1.36604,1.36602,1.36604,-1.0,-1.0,-1
2026-05-08 00:08:35-04:00,1.36604,1.36604,1.366035,1.36604,-1.0,-1.0,-1
2026-05-08 00:08:40-04:00,1.36604,1.36604,1.366035,1.36604,-1.0,-1.0,-1
2026-05-08 00:08:45-04:00,1.36604,1.36604,1.36604,1.36604,-1.0,-1.0,-1
2026-05-08 00:08:50-04:00,1.36604,1.36604,1.366035,1.366035,-1.0,-1.0,-1
2026-05-08 00:08:55-04:00,1.366035,1.36604,1.366035,1.36604,-1.0,-1.0,-1
2026-05-08 00:09:00-04:00,1.36604,1.36604,1.36604,1.36604,-1.0,-1.0,-1
2026-05-08 00:09:05-04:00,1.36604,1.36604,1.366035,1.36604,-1.0,-1.0,-1
2026-05-08 00:09:10-04:00,1.36604,1.36604,1.36604,1.36604,-1.0,-1.0,-1
2026-05-08 00:09:15-04:00,1.36604,1.36604,1.366035,1.36604,-1.0,-1.0,-1
2026-05-08 00:09:20-04:00,1.36604,1.36604,1.366005,1.366005,-1.0,-1.0,-1
2026-05-08 00:09:25-04:00,1.366005,1.366005,1.365985,1.365995,-1.0,-1.0,-1
2026-05-08 00:09:30-04:00,1.365995,1.365995,1.365985,1.365985,-1.0,-1.0,-1
2026-05-08 00:09:35-04:00,1.365985,1.365985,1.365985,1.365985,-1.0,-1.0,-1
2026-05-08 00:09:40-04:00,1.365985,1.365985,1.365985,1.365985,-1.0,-1.0,-1
2026-05-08 00:09:45-04:00,1.365985,1.36599,1.365925,1.365925,-1.0,-1.0,-1
2026-05-08 00:09:50-04:00,1.365925,1.365925,1.36592,1.365925,-1.0,-1.0,-1
2026-05-08 00:09:55-04:00,1.365925,1.365925,1.365925,1.365925,-1.0,-1.0,-1
2026-05-08 00:10:00-04:00,1.365925,1.36598,1.365925,1.36594,-1.0,-1.0,-1
2026-05-08 00:10:05-04:00,1.36594,1.36594,1.365925,1.365935,-1.0,-1.0,-1
2026-05-08 00:10:10-04:00,1.365935,1.365935,1.365925,1.365925,-1.0,-1.0,-1
2026-05-08 00:10:15-04:00,1.365925,1.365925,1.3659,1.365905,-1.0,-1.0,-1
2026-05-08 00:10:20-04:00,1.365905,1.365925,1.365905,1.365925,-1.0,-1.0,-1
2026-05-08 00:10:25-04:00,1.365925,1.36593,1.365925,1.365925,-1.0,-1.0,-1
2026-05-08 00:10:30-04:00,1.365925,1.365925,1.365925,1.365925,-1.0,-1.0,-1
2026-05-08 00:10:35-04:00,1.365925,1.365925,1.365925,1.365925,-1.0,-1.0,-1
2026-05-08 00:10:40-04:00,1.365925,1.36593,1.3659,1.365905,-1.0,-1.0,-1
2026-05-08 00:10:45-04:00,1.365905,1.365905,1.365895,1.365895,-1.0,-1.0,-1
2026-05-08 00:10:50-04:00,1.365895,1.365895,1.365895,1.365895,-1.0,-1.0,-1
2026-05-08 00:10:55-04:00,1.365895,1.3659,1.36588,1.365885,-1.0,-1.0,-1
2026-05-08 00:11:00-04:00,1.365885,1.365895,1.36588,1.36589,-1.0,-1.0,-1
2026-05-08 00:11:05-04:00,1.36589,1.365895,1.36589,1.36589,-1.0,-1.0,-1
2026-05-08 00:11:10-04:00,1.36589,1.36589,1.36589,1.36589,-1.0,-1.0,-1
2026-05-08 00:11:15-04:00,1.36589,1.365895,1.36589,1.365895,-1.0,-1.0,-1
2026-05-08 00:11:20-04:00,1.365895,1.365895,1.365895,1.365895,-1.0,-1.0,-1
2026-05-08 00:11:25-04:00,1.365895,1.365895,1.36588,1.36589,-1.0,-1.0,-1
2026-05-08 00:11:30-04:00,1.36589,1.36589,1.36588,1.36589,-1.0,-1.0,-1
2026-05-08 00:11:35-04:00,1.36589,1.36589,1.36588,1.36589,-1.0,-1.0,-1
2026-05-08 00:11:40-04:00,1.36589,1.365895,1.36589,1.36589,-1.0,-1.0,-1
2026-05-08 00:11:45-04:00,1.36589,1.365895,1.36589,1.365895,-1.0,-1.0,-1
2026-05-08 00:11:50-04:00,1.365895,1.365895,1.36589,1.36589,-1.0,-1.0,-1
2026-05-08 00:11:55-04:00,1.36589,1.36589,1.36589,1.36589,-1.0,-1.0,-1
2026-05-08 00:12:00-04:00,1.36589,1.365895,1.36589,1.36589,-1.0,-1.0,-1
2026-05-08 00:12:05-04:00,1.36589,1.365905,1.36589,1.3659,-1.0,-1.0,-1
2026-05-08 00:12:10-04:00,1.3659,1.3659,1.365895,1.365895,-1.0,-1.0,-1
2026-05-08 00:12:15-04:00,1.365895,1.365895,1.365895,1.365895,-1.0,-1.0,-1
2026-05-08 00:12:20-04:00,1.365895,1.365895,1.36582,1.365825,-1.0,-1.0,-1
2026-05-08 00:12:25-04:00,1.365825,1.365835,1.365825,1.36583,-1.0,-1.0,-1
2026-05-08 00:12:30-04:00,1.36583,1.36584,1.36583,1.36584,-1.0,-1.0,-1
2026-05-08 00:12:35-04:00,1.36584,1.36589,1.36584,1.365875,-1.0,-1.0,-1
2026-05-08 00:12:40-04:00,1.365875,1.36588,1.365875,1.365875,-1.0,-1.0,-1
2026-05-08 00:12:45-04:00,1.365875,1.365875,1.365835,1.365875,-1.0,-1.0,-1
2026-05-08 00:12:50-04:00,1.365875,1.36589,1.365875,1.36589,-1.0,-1.0,-1
2026-05-08 00:12:55-04:00,1.36589,1.36589,1.36587,1.36587,-1.0,-1.0,-1
2026-05-08 00:13:00-04:00,1.36587,1.36589,1.36587,1.36589,-1.0,-1.0,-1
2026-05-08 00:13:05-04:00,1.36589,1.365895,1.36589,1.365895,-1.0,-1.0,-1
2026-05-08 00:13:10-04:00,1.365895,1.365895,1.365895,1.365895,-1.0,-1.0,-1
2026-05-08 00:13:15-04:00,1.365895,1.365895,1.36589,1.36589,-1.0,-1.0,-1
2026-05-08 00:13:20-04:00,1.36589,1.365895,1.36589,1.365895,-1.0,-1.0,-1
2026-05-08 00:13:25-04:00,1.365895,1.365895,1.365895,1.365895,-1.0,-1.0,-1
2026-05-08 00:13:30-04:00,1.365895,1.3659,1.365895,1.3659,-1.0,-1.0,-1
2026-05-08 00:13:35-04:00,1.3659,1.3659,1.365895,1.365895,-1.0,-1.0,-1
2026-05-08 00:13:40-04:00,1.365895,1.365925,1.365895,1.365925,-1.0,-1.0,-1
2026-05-08 00:13:45-04:00,1.365925,1.36594,1.365925,1.36594,-1.0,-1.0,-1
2026-05-08 00:13:50-04:00,1.36594,1.36595,1.36594,1.36594,-1.0,-1.0,-1
2026-05-08 00:13:55-04:00,1.36594,1.365955,1.36594,1.36595,-1.0,-1.0,-1
2026-05-08 00:14:00-04:00,1.36595,1.36595,1.365895,1.365895,-1.0,-1.0,-1
2026-05-08 00:14:05-04:00,1.365895,1.365895,1.365895,1.365895,-1.0,-1.0,-1
2026-05-08 00:14:10-04:00,1.365895,1.365895,1.365895,1.365895,-1.0,-1.0,-1
2026-05-08 00:14:15-04:00,1.365895,1.365895,1.365895,1.365895,-1.0,-1.0,-1
2026-05-08 00:14:20-04:00,1.365895,1.365895,1.365895,1.365895,-1.0,-1.0,-1
2026-05-08 00:14:25-04:00,1.365895,1.365895,1.365895,1.365895,-1.0,-1.0,-1
2026-05-08 00:14:30-04:00,1.365895,1.3659,1.365895,1.3659,-1.0,-1.0,-1
2026-05-08 00:14:35-04:00,1.3659,1.365925,1.3659,1.365915,-1.0,-1.0,-1
2026-05-08 00:14:40-04:00,1.365915,1.365925,1.36591,1.36591,-1.0,-1.0,-1
2026-05-08 00:14:45-04:00,1.36591,1.365925,1.36591,1.365925,-1.0,-1.0,-1
2026-05-08 00:14:50-04:00,1.365925,1.365925,1.365925,1.365925,-1.0,-1.0,-1
2026-05-08 00:14:55-04:00,1.365925,1.365925,1.365905,1.365925,-1.0,-1.0,-1
2026-05-08 00:15:00-04:00,1.365925,1.365935,1.365925,1.365935,-1.0,-1.0,-1
2026-05-08 00:15:05-04:00,1.365935,1.365935,1.365925,1.365925,-1.0,-1.0,-1
2026-05-08 00:15:10-04:00,1.365925,1.365925,1.365925,1.365925,-1.0,-1.0,-1
2026-05-08 00:15:15-04:00,1.365925,1.365955,1.365925,1.365955,-1.0,-1.0,-1
2026-05-08 00:15:20-04:00,1.365955,1.36598,1.365955,1.365975,-1.0,-1.0,-1
2026-05-08 00:15:25-04:00,1.365975,1.365985,1.365935,1.365985,-1.0,-1.0,-1
2026-05-08 00:15:30-04:00,1.365985,1.366,1.365985,1.365985,-1.0,-1.0,-1
2026-05-08 00:15:35-04:00,1.365985,1.365985,1.36598,1.365985,-1.0,-1.0,-1
2026-05-08 00:15:40-04:00,1.365985,1.365995,1.365985,1.365995,-1.0,-1.0,-1
2026-05-08 00:15:45-04:00,1.365995,1.365995,1.365965,1.365985,-1.0,-1.0,-1
2026-05-08 00:15:50-04:00,1.365985,1.365985,1.36598,1.36598,-1.0,-1.0,-1
2026-05-08 00:15:55-04:00,1.36598,1.36598,1.36598,1.36598,-1.0,-1.0,-1
2026-05-08 00:16:00-04:00,1.36598,1.36599,1.36598,1.36599,-1.0,-1.0,-1
2026-05-08 00:16:05-04:00,1.36599,1.36599,1.365985,1.365985,-1.0,-1.0,-1
2026-05-08 00:16:10-04:00,1.365985,1.365985,1.36598,1.36598,-1.0,-1.0,-1
2026-05-08 00:16:15-04:00,1.36598,1.36598,1.365965,1.365965,-1.0,-1.0,-1
2026-05-08 00:16:20-04:00,1.365965,1.365995,1.365955,1.365995,-1.0,-1.0,-1
2026-05-08 00:16:25-04:00,1.365995,1.366,1.365995,1.366,-1.0,-1.0,-1
2026-05-08 00:16:30-04:00,1.366,1.366,1.366,1.366,-1.0,-1.0,-1
2026-05-08 00:16:35-04:00,1.366,1.366,1.36598,1.36598,-1.0,-1.0,-1
2026-05-08 00:16:40-04:00,1.36598,1.365985,1.36597,1.36598,-1.0,-1.0,-1
2026-05-08 00:16:45-04:00,1.36598,1.36598,1.36597,1.36598,-1.0,-1.0,-1
2026-05-08 00:16:50-04:00,1.36598,1.365985,1.36598,1.365985,-1.0,-1.0,-1
2026-05-08 00:16:55-04:00,1.365985,1.365985,1.365985,1.365985,-1.0,-1.0,-1
2026-05-08 00:17:00-04:00,1.365985,1.365985,1.365965,1.365965,-1.0,-1.0,-1
2026-05-08 00:17:05-04:00,1.365965,1.365965,1.365955,1.365955,-1.0,-1.0,-1
2026-05-08 00:17:10-04:00,1.365955,1.365965,1.365955,1.365965,-1.0,-1.0,-1
2026-05-08 00:17:15-04:00,1.365965,1.365965,1.36594,1.365965,-1.0,-1.0,-1
2026-05-08 00:17:20-04:00,1.365965,1.36597,1.365965,1.36597,-1.0,-1.0,-1
2026-05-08 00:17:25-04:00,1.36597,1.36598,1.365935,1.36595,-1.0,-1.0,-1
2026-05-08 00:17:30-04:00,1.36595,1.365955,1.365915,1.365915,-1.0,-1.0,-1
2026-05-08 00:17:35-04:00,1.365915,1.365915,1.365895,1.365895,-1.0,-1.0,-1
2026-05-08 00:17:40-04:00,1.365895,1.365895,1.365895,1.365895,-1.0,-1.0,-1
2026-05-08 00:17:45-04:00,1.365895,1.365895,1.365895,1.365895,-1.0,-1.0,-1
2026-05-08 00:17:50-04:00,1.365895,1.365895,1.365895,1.365895,-1.0,-1.0,-1
2026-05-08 00:17:55-04:00,1.365895,1.3659,1.365895,1.3659,-1.0,-1.0,-1
2026-05-08 00:18:00-04:00,1.3659,1.365905,1.365875,1.36589,-1.0,-1.0,-1
2026-05-08 00:18:05-04:00,1.36589,1.365895,1.36589,1.36589,-1.0,-1.0,-1
2026-05-08 00:18:10-04:00,1.36589,1.36589,1.36588,1.36588,-1.0,-1.0,-1
2026-05-08 00:18:15-04:00,1.36588,1.36589,1.36587,1.36589,-1.0,-1.0,-1
2026-05-08 00:18:20-04:00,1.36589,1.36589,1.365875,1.365875,-1.0,-1.0,-1
2026-05-08 00:18:25-04:00,1.365875,1.36589,1.365875,1.365875,-1.0,-1.0,-1
2026-05-08 00:18:30-04:00,1.365875,1.365895,1.365875,1.36589,-1.0,-1.0,-1
2026-05-08 00:18:35-04:00,1.36589,1.36589,1.365875,1.36589,-1.0,-1.0,-1
2026-05-08 00:18:40-04:00,1.36589,1.365895,1.36589,1.365895,-1.0,-1.0,-1
2026-05-08 00:18:45-04:00,1.365895,1.365895,1.365895,1.365895,-1.0,-1.0,-1
2026-05-08 00:18:50-04:00,1.365895,1.365895,1.365855,1.365855,-1.0,-1.0,-1
2026-05-08 00:18:55-04:00,1.365855,1.365865,1.365855,1.365855,-1.0,-1.0,-1
2026-05-08 00:19:00-04:00,1.365855,1.36586,1.365825,1.365825,-1.0,-1.0,-1
2026-05-08 00:19:05-04:00,1.365825,1.36583,1.36581,1.36581,-1.0,-1.0,-1
2026-05-08 00:19:10-04:00,1.36581,1.36583,1.365805,1.365825,-1.0,-1.0,-1
2026-05-08 00:19:15-04:00,1.365825,1.365825,1.36582,1.365825,-1.0,-1.0,-1
2026-05-08 00:19:20-04:00,1.365825,1.36584,1.365825,1.36583,-1.0,-1.0,-1
2026-05-08 00:19:25-04:00,1.36583,1.36583,1.365825,1.36583,-1.0,-1.0,-1
2026-05-08 00:19:30-04:00,1.36583,1.365835,1.36582,1.365825,-1.0,-1.0,-1
2026-05-08 00:19:35-04:00,1.365825,1.365825,1.36581,1.36582,-1.0,-1.0,-1
2026-05-08 00:19:40-04:00,1.36582,1.36582,1.36581,1.36581,-1.0,-1.0,-1
2026-05-08 00:19:45-04:00,1.36581,1.365835,1.36581,1.36582,-1.0,-1.0,-1
2026-05-08 00:19:50-04:00,1.36582,1.36582,1.365805,1.36581,-1.0,-1.0,-1
2026-05-08 00:19:55-04:00,1.36581,1.36583,1.36581,1.365825,-1.0,-1.0,-1
2026-05-08 00:20:00-04:00,1.365825,1.365825,1.36581,1.365815,-1.0,-1.0,-1
2026-05-08 00:20:05-04:00,1.365815,1.365815,1.36581,1.36581,-1.0,-1.0,-1
2026-05-08 00:20:10-04:00,1.36581,1.36581,1.365805,1.365805,-1.0,-1.0,-1
2026-05-08 00:20:15-04:00,1.365805,1.365805,1.36579,1.3658,-1.0,-1.0,-1
2026-05-08 00:20:20-04:00,1.3658,1.365805,1.3658,1.365805,-1.0,-1.0,-1
2026-05-08 00:20:25-04:00,1.365805,1.365805,1.36579,1.365795,-1.0,-1.0,-1
2026-05-08 00:20:30-04:00,1.365795,1.3658,1.36579,1.3658,-1.0,-1.0,-1
2026-05-08 00:20:35-04:00,1.3658,1.3658,1.3658,1.3658,-1.0,-1.0,-1
2026-05-08 00:20:40-04:00,1.3658,1.3658,1.365775,1.365775,-1.0,-1.0,-1
2026-05-08 00:20:45-04:00,1.365775,1.36578,1.365775,1.36578,-1.0,-1.0,-1
2026-05-08 00:20:50-04:00,1.36578,1.36579,1.365775,1.36579,-1.0,-1.0,-1
2026-05-08 00:20:55-04:00,1.36579,1.3658,1.365785,1.365785,-1.0,-1.0,-1
2026-05-08 00:21:00-04:00,1.365785,1.365785,1.365775,1.365785,-1.0,-1.0,-1
2026-05-08 00:21:05-04:00,1.365785,1.36579,1.365785,1.365785,-1.0,-1.0,-1
2026-05-08 00:21:10-04:00,1.365785,1.36579,1.36578,1.36579,-1.0,-1.0,-1
2026-05-08 00:21:15-04:00,1.36579,1.36579,1.365785,1.365785,-1.0,-1.0,-1
2026-05-08 00:21:20-04:00,1.365785,1.365785,1.365785,1.365785,-1.0,-1.0,-1
2026-05-08 00:21:25-04:00,1.365785,1.3658,1.365785,1.3658,-1.0,-1.0,-1
2026-05-08 00:21:30-04:00,1.3658,1.3658,1.3658,1.3658,-1.0,-1.0,-1
2026-05-08 00:21:35-04:00,1.3658,1.365805,1.3658,1.3658,-1.0,-1.0,-1
2026-05-08 00:21:40-04:00,1.3658,1.3658,1.3658,1.3658,-1.0,-1.0,-1
2026-05-08 00:21:45-04:00,1.3658,1.3658,1.3658,1.3658,-1.0,-1.0,-1
2026-05-08 00:21:50-04:00,1.3658,1.3658,1.3658,1.3658,-1.0,-1.0,-1
2026-05-08 00:21:55-04:00,1.3658,1.365805,1.3658,1.365805,-1.0,-1.0,-1
2026-05-08 00:22:00-04:00,1.365805,1.365805,1.365785,1.365785,-1.0,-1.0,-1
2026-05-08 00:22:05-04:00,1.365785,1.3658,1.365785,1.3658,-1.0,-1.0,-1
2026-05-08 00:22:10-04:00,1.3658,1.3658,1.36579,1.36579,-1.0,-1.0,-1
2026-05-08 00:22:15-04:00,1.36579,1.3658,1.36579,1.3658,-1.0,-1.0,-1
2026-05-08 00:22:20-04:00,1.3658,1.365805,1.3658,1.3658,-1.0,-1.0,-1
2026-05-08 00:22:25-04:00,1.3658,1.365825,1.3658,1.365825,-1.0,-1.0,-1
2026-05-08 00:22:30-04:00,1.365825,1.36585,1.365825,1.36585,-1.0,-1.0,-1
2026-05-08 00:22:35-04:00,1.36585,1.36585,1.365845,1.36585,-1.0,-1.0,-1
2026-05-08 00:22:40-04:00,1.36585,1.36585,1.365845,1.365845,-1.0,-1.0,-1
2026-05-08 00:22:45-04:00,1.365845,1.365845,1.365845,1.365845,-1.0,-1.0,-1
2026-05-08 00:22:50-04:00,1.365845,1.365845,1.365845,1.365845,-1.0,-1.0,-1
2026-05-08 00:22:55-04:00,1.365845,1.365845,1.36582,1.36582,-1.0,-1.0,-1
2026-05-08 00:23:00-04:00,1.36582,1.365835,1.36582,1.365825,-1.0,-1.0,-1
2026-05-08 00:23:05-04:00,1.365825,1.365825,1.36581,1.365815,-1.0,-1.0,-1
2026-05-08 00:23:10-04:00,1.365815,1.36582,1.365815,1.36582,-1.0,-1.0,-1
2026-05-08 00:23:15-04:00,1.36582,1.36583,1.36582,1.36582,-1.0,-1.0,-1
2026-05-08 00:23:20-04:00,1.36582,1.36582,1.36581,1.36581,-1.0,-1.0,-1
2026-05-08 00:23:25-04:00,1.36581,1.36582,1.365805,1.365815,-1.0,-1.0,-1
2026-05-08 00:23:30-04:00,1.365815,1.365835,1.365815,1.365825,-1.0,-1.0,-1
2026-05-08 00:23:35-04:00,1.365825,1.365825,1.36582,1.36582,-1.0,-1.0,-1
2026-05-08 00:23:40-04:00,1.36582,1.36583,1.36582,1.36583,-1.0,-1.0,-1
2026-05-08 00:23:45-04:00,1.36583,1.365835,1.365825,1.36583,-1.0,-1.0,-1
2026-05-08 00:23:50-04:00,1.36583,1.36583,1.36583,1.36583,-1.0,-1.0,-1
2026-05-08 00:23:55-04:00,1.36583,1.36584,1.365825,1.365825,-1.0,-1.0,-1
2026-05-08 00:24:00-04:00,1.365825,1.36584,1.365825,1.36584,-1.0,-1.0,-1
2026-05-08 00:24:05-04:00,1.36584,1.36585,1.36583,1.365835,-1.0,-1.0,-1
2026-05-08 00:24:10-04:00,1.365835,1.365845,1.365825,1.36584,-1.0,-1.0,-1
2026-05-08 00:24:15-04:00,1.36584,1.365865,1.365835,1.365865,-1.0,-1.0,-1
2026-05-08 00:24:20-04:00,1.365865,1.365865,1.365855,1.365855,-1.0,-1.0,-1
2026-05-08 00:24:25-04:00,1.365855,1.365865,1.365855,1.365865,-1.0,-1.0,-1
2026-05-08 00:24:30-04:00,1.365865,1.365865,1.36585,1.36585,-1.0,-1.0,-1
2026-05-08 00:24:35-04:00,1.36585,1.36586,1.36585,1.36585,-1.0,-1.0,-1
2026-05-08 00:24:40-04:00,1.36585,1.36585,1.36585,1.36585,-1.0,-1.0,-1
2026-05-08 00:24:45-04:00,1.36585,1.36585,1.36585,1.36585,-1.0,-1.0,-1
2026-05-08 00:24:50-04:00,1.36585,1.365885,1.36585,1.365865,-1.0,-1.0,-1
2026-05-08 00:24:55-04:00,1.365865,1.36587,1.365865,1.365865,-1.0,-1.0,-1
2026-05-08 00:25:00-04:00,1.365865,1.36587,1.365865,1.36587,-1.0,-1.0,-1
2026-05-08 00:25:05-04:00,1.36587,1.36587,1.36585,1.36585,-1.0,-1.0,-1
2026-05-08 00:25:10-04:00,1.36585,1.36588,1.36585,1.36588,-1.0,-1.0,-1
2026-05-08 00:25:15-04:00,1.36588,1.365895,1.36588,1.365895,-1.0,-1.0,-1
2026-05-08 00:25:20-04:00,1.365895,1.365895,1.36589,1.365895,-1.0,-1.0,-1
2026-05-08 00:25:25-04:00,1.365895,1.365895,1.36589,1.365895,-1.0,-1.0,-1
2026-05-08 00:25:30-04:00,1.365895,1.365895,1.365895,1.365895,-1.0,-1.0,-1
2026-05-08 00:25:35-04:00,1.365895,1.365895,1.365895,1.365895,-1.0,-1.0,-1
2026-05-08 00:25:40-04:00,1.365895,1.3659,1.365895,1.365895,-1.0,-1.0,-1
2026-05-08 00:25:45-04:00,1.365895,1.365895,1.365895,1.365895,-1.0,-1.0,-1
2026-05-08 00:25:50-04:00,1.365895,1.365895,1.365895,1.365895,-1.0,-1.0,-1
2026-05-08 00:25:55-04:00,1.365895,1.365895,1.365885,1.365885,-1.0,-1.0,-1
2026-05-08 00:26:00-04:00,1.365885,1.36592,1.365885,1.36591,-1.0,-1.0,-1
2026-05-08 00:26:05-04:00,1.36591,1.36592,1.365905,1.365915,-1.0,-1.0,-1
2026-05-08 00:26:10-04:00,1.365915,1.365925,1.365895,1.365895,-1.0,-1.0,-1
2026-05-08 00:26:15-04:00,1.365895,1.365895,1.365895,1.365895,-1.0,-1.0,-1
2026-05-08 00:26:20-04:00,1.365895,1.365905,1.365895,1.3659,-1.0,-1.0,-1
2026-05-08 00:26:25-04:00,1.3659,1.3659,1.36585,1.36586,-1.0,-1.0,-1
2026-05-08 00:26:30-04:00,1.36586,1.365865,1.36586,1.36586,-1.0,-1.0,-1
2026-05-08 00:26:35-04:00,1.36586,1.365895,1.36586,1.365895,-1.0,-1.0,-1
2026-05-08 00:26:40-04:00,1.365895,1.3659,1.365895,1.3659,-1.0,-1.0,-1
2026-05-08 00:26:45-04:00,1.3659,1.36594,1.3659,1.365935,-1.0,-1.0,-1
2026-05-08 00:26:50-04:00,1.365935,1.365935,1.365925,1.36593,-1.0,-1.0,-1
2026-05-08 00:26:55-04:00,1.36593,1.365965,1.36593,1.365955,-1.0,-1.0,-1
2026-05-08 00:27:00-04:00,1.365955,1.365955,1.36594,1.36594,-1.0,-1.0,-1
2026-05-08 00:27:05-04:00,1.36594,1.365965,1.36594,1.365965,-1.0,-1.0,-1
2026-05-08 00:27:10-04:00,1.365965,1.365965,1.36596,1.36596,-1.0,-1.0,-1
2026-05-08 00:27:15-04:00,1.36596,1.36596,1.36596,1.36596,-1.0,-1.0,-1
2026-05-08 00:27:20-04:00,1.36596,1.36596,1.365955,1.36596,-1.0,-1.0,-1
2026-05-08 00:27:25-04:00,1.36596,1.36597,1.36596,1.36597,-1.0,-1.0,-1
2026-05-08 00:27:30-04:00,1.36597,1.36597,1.365965,1.365965,-1.0,-1.0,-1
2026-05-08 00:27:35-04:00,1.365965,1.36597,1.36596,1.36597,-1.0,-1.0,-1
2026-05-08 00:27:40-04:00,1.36597,1.36597,1.36593,1.36593,-1.0,-1.0,-1
2026-05-08 00:27:45-04:00,1.36593,1.36596,1.36593,1.36596,-1.0,-1.0,-1
2026-05-08 00:27:50-04:00,1.36596,1.36596,1.36596,1.36596,-1.0,-1.0,-1
2026-05-08 00:27:55-04:00,1.36596,1.36597,1.36596,1.36597,-1.0,-1.0,-1
2026-05-08 00:28:00-04:00,1.36597,1.36597,1.36597,1.36597,-1.0,-1.0,-1
2026-05-08 00:28:05-04:00,1.36597,1.36597,1.36597,1.36597,-1.0,-1.0,-1
2026-05-08 00:28:10-04:00,1.36597,1.36597,1.36597,1.36597,-1.0,-1.0,-1
2026-05-08 00:28:15-04:00,1.36597,1.36597,1.365955,1.365955,-1.0,-1.0,-1
2026-05-08 00:28:20-04:00,1.365955,1.365955,1.365925,1.365925,-1.0,-1.0,-1
2026-05-08 00:28:25-04:00,1.365925,1.36593,1.36592,1.365925,-1.0,-1.0,-1
2026-05-08 00:28:30-04:00,1.365925,1.36593,1.365925,1.365925,-1.0,-1.0,-1
2026-05-08 00:28:35-04:00,1.365925,1.36593,1.365925,1.365925,-1.0,-1.0,-1
2026-05-08 00:28:40-04:00,1.365925,1.36593,1.365925,1.36593,-1.0,-1.0,-1
2026-05-08 00:28:45-04:00,1.36593,1.36593,1.36593,1.36593,-1.0,-1.0,-1
2026-05-08 00:28:50-04:00,1.36593,1.36593,1.36592,1.365925,-1.0,-1.0,-1
2026-05-08 00:28:55-04:00,1.365925,1.36593,1.36592,1.36592,-1.0,-1.0,-1
2026-05-08 00:29:00-04:00,1.36592,1.365965,1.36592,1.365965,-1.0,-1.0,-1
2026-05-08 00:29:05-04:00,1.365965,1.365965,1.365965,1.365965,-1.0,-1.0,-1
2026-05-08 00:29:10-04:00,1.365965,1.365965,1.36596,1.36596,-1.0,-1.0,-1
2026-05-08 00:29:15-04:00,1.36596,1.36596,1.36596,1.36596,-1.0,-1.0,-1
2026-05-08 00:29:20-04:00,1.36596,1.365965,1.36596,1.365965,-1.0,-1.0,-1
2026-05-08 00:29:25-04:00,1.365965,1.365965,1.36596,1.36596,-1.0,-1.0,-1
2026-05-08 00:29:30-04:00,1.36596,1.36596,1.36596,1.36596,-1.0,-1.0,-1
2026-05-08 00:29:35-04:00,1.36596,1.36596,1.365955,1.36596,-1.0,-1.0,-1
2026-05-08 00:29:40-04:00,1.36596,1.36596,1.365925,1.365925,-1.0,-1.0,-1
2026-05-08 00:29:45-04:00,1.365925,1.365925,1.365915,1.365915,-1.0,-1.0,-1
2026-05-08 00:29:50-04:00,1.365915,1.36592,1.365915,1.365915,-1.0,-1.0,-1
2026-05-08 00:29:55-04:00,1.365915,1.36593,1.365915,1.36593,-1.0,-1.0,-1
2026-05-08 00:30:00-04:00,1.36593,1.36593,1.36591,1.36591,-1.0,-1.0,-1
2026-05-08 00:30:05-04:00,1.36591,1.36592,1.3659,1.3659,-1.0,-1.0,-1
2026-05-08 00:30:10-04:00,1.3659,1.3659,1.3659,1.3659,-1.0,-1.0,-1
2026-05-08 00:30:15-04:00,1.3659,1.3659,1.365875,1.365875,-1.0,-1.0,-1
2026-05-08 00:30:20-04:00,1.365875,1.36589,1.365875,1.36589,-1.0,-1.0,-1
2026-05-08 00:30:25-04:00,1.36589,1.365895,1.36589,1.36589,-1.0,-1.0,-1
2026-05-08 00:30:30-04:00,1.36589,1.365955,1.36589,1.36592,-1.0,-1.0,-1
2026-05-08 00:30:35-04:00,1.36592,1.36592,1.36592,1.36592,-1.0,-1.0,-1
2026-05-08 00:30:40-04:00,1.36592,1.36592,1.36592,1.36592,-1.0,-1.0,-1
2026-05-08 00:30:45-04:00,1.36592,1.365925,1.36592,1.365925,-1.0,-1.0,-1
2026-05-08 00:30:50-04:00,1.365925,1.365925,1.36592,1.365925,-1.0,-1.0,-1
2026-05-08 00:30:55-04:00,1.365925,1.36593,1.365925,1.36593,-1.0,-1.0,-1
2026-05-08 00:31:00-04:00,1.36593,1.36593,1.36593,1.36593,-1.0,-1.0,-1
2026-05-08 00:31:05-04:00,1.36593,1.36593,1.36593,1.36593,-1.0,-1.0,-1
2026-05-08 00:31:10-04:00,1.36593,1.36593,1.36593,1.36593,-1.0,-1.0,-1
2026-05-08 00:31:15-04:00,1.36593,1.365955,1.36593,1.365955,-1.0,-1.0,-1
2026-05-08 00:31:20-04:00,1.365955,1.365955,1.36593,1.365955,-1.0,-1.0,-1
2026-05-08 00:31:25-04:00,1.365955,1.365955,1.36593,1.365955,-1.0,-1.0,-1
2026-05-08 00:31:30-04:00,1.365955,1.365955,1.365925,1.365925,-1.0,-1.0,-1
2026-05-08 00:31:35-04:00,1.365925,1.36593,1.36592,1.36592,-1.0,-1.0,-1
2026-05-08 00:31:40-04:00,1.36592,1.36593,1.36592,1.36592,-1.0,-1.0,-1
2026-05-08 00:31:45-04:00,1.36592,1.365925,1.365915,1.365915,-1.0,-1.0,-1
2026-05-08 00:31:50-04:00,1.365915,1.365915,1.36589,1.365895,-1.0,-1.0,-1
2026-05-08 00:31:55-04:00,1.365895,1.365895,1.36589,1.365895,-1.0,-1.0,-1
2026-05-08 00:32:00-04:00,1.365895,1.365895,1.365895,1.365895,-1.0,-1.0,-1
2026-05-08 00:32:05-04:00,1.365895,1.3659,1.365895,1.365895,-1.0,-1.0,-1
2026-05-08 00:32:10-04:00,1.365895,1.365895,1.36588,1.36589,-1.0,-1.0,-1
2026-05-08 00:32:15-04:00,1.36589,1.36589,1.36588,1.36589,-1.0,-1.0,-1
2026-05-08 00:32:20-04:00,1.36589,1.36589,1.36589,1.36589,-1.0,-1.0,-1
2026-05-08 00:32:25-04:00,1.36589,1.36589,1.365875,1.365875,-1.0,-1.0,-1
2026-05-08 00:32:30-04:00,1.365875,1.36589,1.365875,1.36589,-1.0,-1.0,-1
2026-05-08 00:32:35-04:00,1.36589,1.36589,1.36589,1.36589,-1.0,-1.0,-1
2026-05-08 00:32:40-04:00,1.36589,1.3659,1.36589,1.3659,-1.0,-1.0,-1
2026-05-08 00:32:45-04:00,1.3659,1.3659,1.36589,1.36589,-1.0,-1.0,-1
2026-05-08 00:32:50-04:00,1.36589,1.36591,1.36589,1.365895,-1.0,-1.0,-1
2026-05-08 00:32:55-04:00,1.365895,1.365895,1.365895,1.365895,-1.0,-1.0,-1
2026-05-08 00:33:00-04:00,1.365895,1.365895,1.36589,1.365895,-1.0,-1.0,-1
2026-05-08 00:33:05-04:00,1.365895,1.3659,1.365895,1.3659,-1.0,-1.0,-1
2026-05-08 00:33:10-04:00,1.3659,1.3659,1.365895,1.365895,-1.0,-1.0,-1
2026-05-08 00:33:15-04:00,1.365895,1.365895,1.365895,1.365895,-1.0,-1.0,-1
2026-05-08 00:33:20-04:00,1.365895,1.365895,1.36589,1.365895,-1.0,-1.0,-1
2026-05-08 00:33:25-04:00,1.365895,1.365895,1.365895,1.365895,-1.0,-1.0,-1
2026-05-08 00:33:30-04:00,1.365895,1.365895,1.365895,1.365895,-1.0,-1.0,-1
2026-05-08 00:33:35-04:00,1.365895,1.36596,1.365895,1.36596,-1.0,-1.0,-1
2026-05-08 00:33:40-04:00,1.36596,1.36596,1.36596,1.36596,-1.0,-1.0,-1
2026-05-08 00:33:45-04:00,1.36596,1.36597,1.36596,1.365965,-1.0,-1.0,-1
2026-05-08 00:33:50-04:00,1.365965,1.365965,1.365955,1.36596,-1.0,-1.0,-1
2026-05-08 00:33:55-04:00,1.36596,1.36596,1.36596,1.36596,-1.0,-1.0,-1
2026-05-08 00:34:00-04:00,1.36596,1.36596,1.36596,1.36596,-1.0,-1.0,-1
2026-05-08 00:34:05-04:00,1.36596,1.365965,1.36596,1.365965,-1.0,-1.0,-1
2026-05-08 00:34:10-04:00,1.365965,1.36598,1.36596,1.365965,-1.0,-1.0,-1
2026-05-08 00:34:15-04:00,1.365965,1.365965,1.36596,1.365965,-1.0,-1.0,-1
2026-05-08 00:34:20-04:00,1.365965,1.365965,1.365965,1.365965,-1.0,-1.0,-1
2026-05-08 00:34:25-04:00,1.365965,1.365965,1.36596,1.36596,-1.0,-1.0,-1
2026-05-08 00:34:30-04:00,1.36596,1.36597,1.36596,1.365965,-1.0,-1.0,-1
2026-05-08 00:34:35-04:00,1.365965,1.365965,1.365965,1.365965,-1.0,-1.0,-1
2026-05-08 00:34:40-04:00,1.365965,1.365965,1.365965,1.365965,-1.0,-1.0,-1
2026-05-08 00:34:45-04:00,1.365965,1.365965,1.365965,1.365965,-1.0,-1.0,-1
2026-05-08 00:34:50-04:00,1.365965,1.36597,1.36596,1.365965,-1.0,-1.0,-1
2026-05-08 00:34:55-04:00,1.365965,1.36597,1.365965,1.36597,-1.0,-1.0,-1
2026-05-08 00:35:00-04:00,1.36597,1.36598,1.36597,1.36598,-1.0,-1.0,-1
2026-05-08 00:35:05-04:00,1.36598,1.36598,1.36598,1.36598,-1.0,-1.0,-1
2026-05-08 00:35:10-04:00,1.36598,1.36598,1.365965,1.365965,-1.0,-1.0,-1
2026-05-08 00:35:15-04:00,1.365965,1.365965,1.365965,1.365965,-1.0,-1.0,-1
2026-05-08 00:35:20-04:00,1.365965,1.36597,1.365965,1.36597,-1.0,-1.0,-1
2026-05-08 00:35:25-04:00,1.36597,1.36598,1.365965,1.36598,-1.0,-1.0,-1
2026-05-08 00:35:30-04:00,1.36598,1.36598,1.36598,1.36598,-1.0,-1.0,-1
2026-05-08 00:35:35-04:00,1.36598,1.365985,1.36598,1.365985,-1.0,-1.0,-1
2026-05-08 00:35:40-04:00,1.365985,1.365985,1.36598,1.36598,-1.0,-1.0,-1
2026-05-08 00:35:45-04:00,1.36598,1.365985,1.36597,1.365985,-1.0,-1.0,-1
2026-05-08 00:35:50-04:00,1.365985,1.36599,1.365985,1.365985,-1.0,-1.0,-1
2026-05-08 00:35:55-04:00,1.365985,1.36599,1.365985,1.36599,-1.0,-1.0,-1
2026-05-08 00:36:00-04:00,1.36599,1.36599,1.365985,1.365985,-1.0,-1.0,-1
2026-05-08 00:36:05-04:00,1.365985,1.365985,1.365985,1.365985,-1.0,-1.0,-1
2026-05-08 00:36:10-04:00,1.365985,1.365985,1.36598,1.36598,-1.0,-1.0,-1
2026-05-08 00:36:15-04:00,1.36598,1.365985,1.36598,1.365985,-1.0,-1.0,-1
2026-05-08 00:36:20-04:00,1.365985,1.365985,1.365985,1.365985,-1.0,-1.0,-1
2026-05-08 00:36:25-04:00,1.365985,1.36599,1.365985,1.36599,-1.0,-1.0,-1
2026-05-08 00:36:30-04:00,1.36599,1.36599,1.365985,1.365985,-1.0,-1.0,-1
2026-05-08 00:36:35-04:00,1.365985,1.36599,1.365985,1.36599,-1.0,-1.0,-1
2026-05-08 00:36:40-04:00,1.36599,1.36599,1.365985,1.36599,-1.0,-1.0,-1
2026-05-08 00:36:45-04:00,1.36599,1.366025,1.365985,1.366015,-1.0,-1.0,-1
2026-05-08 00:36:50-04:00,1.366015,1.36602,1.366015,1.366015,-1.0,-1.0,-1
2026-05-08 00:36:55-04:00,1.366015,1.366015,1.365965,1.365965,-1.0,-1.0,-1
2026-05-08 00:37:00-04:00,1.365965,1.365965,1.36596,1.36596,-1.0,-1.0,-1
2026-05-08 00:37:05-04:00,1.36596,1.36596,1.36596,1.36596,-1.0,-1.0,-1
2026-05-08 00:37:10-04:00,1.36596,1.36596,1.36596,1.36596,-1.0,-1.0,-1
2026-05-08 00:37:15-04:00,1.36596,1.365965,1.36596,1.365965,-1.0,-1.0,-1
2026-05-08 00:37:20-04:00,1.365965,1.365965,1.365965,1.365965,-1.0,-1.0,-1
2026-05-08 00:37:25-04:00,1.365965,1.365965,1.365965,1.365965,-1.0,-1.0,-1
2026-05-08 00:37:30-04:00,1.365965,1.36598,1.365965,1.36598,-1.0,-1.0,-1
2026-05-08 00:37:35-04:00,1.36598,1.36598,1.36598,1.36598,-1.0,-1.0,-1
2026-05-08 00:37:40-04:00,1.36598,1.36598,1.365965,1.365965,-1.0,-1.0,-1
2026-05-08 00:37:45-04:00,1.365965,1.365965,1.365965,1.365965,-1.0,-1.0,-1
2026-05-08 00:37:50-04:00,1.365965,1.365985,1.365965,1.36598,-1.0,-1.0,-1
2026-05-08 00:37:55-04:00,1.36598,1.365985,1.36598,1.365985,-1.0,-1.0,-1
2026-05-08 00:38:00-04:00,1.365985,1.365985,1.36598,1.36598,-1.0,-1.0,-1
2026-05-08 00:38:05-04:00,1.36598,1.36598,1.36598,1.36598,-1.0,-1.0,-1
2026-05-08 00:38:10-04:00,1.36598,1.365985,1.36598,1.365985,-1.0,-1.0,-1
2026-05-08 00:38:15-04:00,1.365985,1.365985,1.36598,1.36598,-1.0,-1.0,-1
2026-05-08 00:38:20-04:00,1.36598,1.365985,1.36598,1.36598,-1.0,-1.0,-1
2026-05-08 00:38:25-04:00,1.36598,1.36598,1.36598,1.36598,-1.0,-1.0,-1
2026-05-08 00:38:30-04:00,1.36598,1.36598,1.365965,1.365965,-1.0,-1.0,-1
2026-05-08 00:38:35-04:00,1.365965,1.365965,1.365965,1.365965,-1.0,-1.0,-1
2026-05-08 00:38:40-04:00,1.365965,1.365965,1.36596,1.365965,-1.0,-1.0,-1
2026-05-08 00:38:45-04:00,1.365965,1.365965,1.365965,1.365965,-1.0,-1.0,-1
2026-05-08 00:38:50-04:00,1.365965,1.36597,1.365965,1.36597,-1.0,-1.0,-1
2026-05-08 00:38:55-04:00,1.36597,1.36598,1.36597,1.36597,-1.0,-1.0,-1
2026-05-08 00:39:00-04:00,1.36597,1.36597,1.365965,1.365965,-1.0,-1.0,-1
2026-05-08 00:39:05-04:00,1.365965,1.36597,1.36596,1.365965,-1.0,-1.0,-1
2026-05-08 00:39:10-04:00,1.365965,1.36597,1.365965,1.36597,-1.0,-1.0,-1
2026-05-08 00:39:15-04:00,1.36597,1.36597,1.365965,1.36597,-1.0,-1.0,-1
2026-05-08 00:39:20-04:00,1.36597,1.36597,1.36597,1.36597,-1.0,-1.0,-1
2026-05-08 00:39:25-04:00,1.36597,1.36597,1.36597,1.36597,-1.0,-1.0,-1
2026-05-08 00:39:30-04:00,1.36597,1.36598,1.365965,1.365965,-1.0,-1.0,-1
2026-05-08 00:39:35-04:00,1.365965,1.36597,1.36596,1.36596,-1.0,-1.0,-1
2026-05-08 00:39:40-04:00,1.36596,1.36596,1.365925,1.365955,-1.0,-1.0,-1
2026-05-08 00:39:45-04:00,1.365955,1.365955,1.36592,1.36593,-1.0,-1.0,-1
2026-05-08 00:39:50-04:00,1.36593,1.365955,1.36589,1.365905,-1.0,-1.0,-1
2026-05-08 00:39:55-04:00,1.365905,1.365955,1.365905,1.365955,-1.0,-1.0,-1
2026-05-08 00:40:00-04:00,1.365955,1.365955,1.36592,1.36593,-1.0,-1.0,-1
2026-05-08 00:40:05-04:00,1.36593,1.36593,1.365925,1.365925,-1.0,-1.0,-1
2026-05-08 00:40:10-04:00,1.365925,1.36593,1.365905,1.365905,-1.0,-1.0,-1
2026-05-08 00:40:15-04:00,1.365905,1.365905,1.365905,1.365905,-1.0,-1.0,-1
2026-05-08 00:40:20-04:00,1.365905,1.365905,1.365895,1.365895,-1.0,-1.0,-1
2026-05-08 00:40:25-04:00,1.365895,1.365955,1.365895,1.365955,-1.0,-1.0,-1
2026-05-08 00:40:30-04:00,1.365955,1.365955,1.365925,1.365925,-1.0,-1.0,-1
2026-05-08 00:40:35-04:00,1.365925,1.36593,1.365925,1.365925,-1.0,-1.0,-1
2026-05-08 00:40:40-04:00,1.365925,1.365955,1.36592,1.365925,-1.0,-1.0,-1
2026-05-08 00:40:45-04:00,1.365925,1.365925,1.36589,1.365895,-1.0,-1.0,-1
2026-05-08 00:40:50-04:00,1.365895,1.365895,1.36588,1.36589,-1.0,-1.0,-1
2026-05-08 00:40:55-04:00,1.36589,1.36589,1.36589,1.36589,-1.0,-1.0,-1
2026-05-08 00:41:00-04:00,1.36589,1.36589,1.36588,1.36589,-1.0,-1.0,-1
2026-05-08 00:41:05-04:00,1.36589,1.36589,1.365875,1.365875,-1.0,-1.0,-1
2026-05-08 00:41:10-04:00,1.365875,1.36589,1.365875,1.36589,-1.0,-1.0,-1
2026-05-08 00:41:15-04:00,1.36589,1.36589,1.36587,1.36587,-1.0,-1.0,-1
2026-05-08 00:41:20-04:00,1.36587,1.365875,1.36587,1.365875,-1.0,-1.0,-1
2026-05-08 00:41:25-04:00,1.365875,1.36588,1.365875,1.36588,-1.0,-1.0,-1
2026-05-08 00:41:30-04:00,1.36588,1.365895,1.36588,1.365895,-1.0,-1.0,-1
2026-05-08 00:41:35-04:00,1.365895,1.365895,1.365885,1.36589,-1.0,-1.0,-1
2026-05-08 00:41:40-04:00,1.36589,1.365895,1.36589,1.36589,-1.0,-1.0,-1
2026-05-08 00:41:45-04:00,1.36589,1.365895,1.36589,1.36589,-1.0,-1.0,-1
2026-05-08 00:41:50-04:00,1.36589,1.36589,1.36589,1.36589,-1.0,-1.0,-1
2026-05-08 00:41:55-04:00,1.36589,1.36589,1.36587,1.36587,-1.0,-1.0,-1
2026-05-08 00:42:00-04:00,1.36587,1.36587,1.365845,1.365845,-1.0,-1.0,-1
2026-05-08 00:42:05-04:00,1.365845,1.36585,1.365845,1.36585,-1.0,-1.0,-1
2026-05-08 00:42:10-04:00,1.36585,1.36585,1.365815,1.36582,-1.0,-1.0,-1
2026-05-08 00:42:15-04:00,1.36582,1.365835,1.365815,1.365835,-1.0,-1.0,-1
2026-05-08 00:42:20-04:00,1.365835,1.36584,1.365805,1.365815,-1.0,-1.0,-1
2026-05-08 00:42:25-04:00,1.365815,1.36583,1.365815,1.36582,-1.0,-1.0,-1
2026-05-08 00:42:30-04:00,1.36582,1.36582,1.365805,1.365805,-1.0,-1.0,-1
2026-05-08 00:42:35-04:00,1.365805,1.36587,1.3658,1.365825,-1.0,-1.0,-1
2026-05-08 00:42:40-04:00,1.365825,1.365825,1.365805,1.36581,-1.0,-1.0,-1
2026-05-08 00:42:45-04:00,1.36581,1.365815,1.365805,1.365805,-1.0,-1.0,-1
2026-05-08 00:42:50-04:00,1.365805,1.365805,1.365805,1.365805,-1.0,-1.0,-1
2026-05-08 00:42:55-04:00,1.365805,1.36581,1.365805,1.36581,-1.0,-1.0,-1
2026-05-08 00:43:00-04:00,1.36581,1.36581,1.36581,1.36581,-1.0,-1.0,-1
2026-05-08 00:43:05-04:00,1.36581,1.36583,1.36581,1.36583,-1.0,-1.0,-1
2026-05-08 00:43:10-04:00,1.36583,1.36583,1.36581,1.36582,-1.0,-1.0,-1
2026-05-08 00:43:15-04:00,1.36582,1.36582,1.36581,1.365815,-1.0,-1.0,-1
2026-05-08 00:43:20-04:00,1.365815,1.36582,1.36581,1.36581,-1.0,-1.0,-1
2026-05-08 00:43:25-04:00,1.36581,1.36581,1.36581,1.36581,-1.0,-1.0,-1
2026-05-08 00:43:30-04:00,1.36581,1.36582,1.36581,1.36581,-1.0,-1.0,-1
2026-05-08 00:43:35-04:00,1.36581,1.36581,1.36579,1.3658,-1.0,-1.0,-1
2026-05-08 00:43:40-04:00,1.3658,1.3658,1.3658,1.3658,-1.0,-1.0,-1
2026-05-08 00:43:45-04:00,1.3658,1.365805,1.3658,1.3658,-1.0,-1.0,-1
2026-05-08 00:43:50-04:00,1.3658,1.36581,1.3658,1.365805,-1.0,-1.0,-1
2026-05-08 00:43:55-04:00,1.365805,1.365805,1.365805,1.365805,-1.0,-1.0,-1
2026-05-08 00:44:00-04:00,1.365805,1.365805,1.365785,1.365785,-1.0,-1.0,-1
2026-05-08 00:44:05-04:00,1.365785,1.365785,1.36575,1.365755,-1.0,-1.0,-1
2026-05-08 00:44:10-04:00,1.365755,1.365775,1.36575,1.36577,-1.0,-1.0,-1
2026-05-08 00:44:15-04:00,1.36577,1.36577,1.36577,1.36577,-1.0,-1.0,-1
2026-05-08 00:44:20-04:00,1.36577,1.36578,1.36577,1.36578,-1.0,-1.0,-1
2026-05-08 00:44:25-04:00,1.36578,1.36581,1.36578,1.36579,-1.0,-1.0,-1
2026-05-08 00:44:30-04:00,1.36579,1.36579,1.365785,1.365785,-1.0,-1.0,-1
2026-05-08 00:44:35-04:00,1.365785,1.365785,1.36577,1.36577,-1.0,-1.0,-1
2026-05-08 00:44:40-04:00,1.36577,1.36577,1.365645,1.365645,-1.0,-1.0,-1
2026-05-08 00:44:45-04:00,1.365645,1.365675,1.36564,1.36566,-1.0,-1.0,-1
2026-05-08 00:44:50-04:00,1.36566,1.36566,1.36565,1.36566,-1.0,-1.0,-1
2026-05-08 00:44:55-04:00,1.36566,1.36566,1.365655,1.365655,-1.0,-1.0,-1
2026-05-08 00:45:00-04:00,1.365655,1.365665,1.365655,1.365655,-1.0,-1.0,-1
2026-05-08 00:45:05-04:00,1.365655,1.365655,1.365655,1.365655,-1.0,-1.0,-1
2026-05-08 00:45:10-04:00,1.365655,1.365665,1.365655,1.365665,-1.0,-1.0,-1
2026-05-08 00:45:15-04:00,1.365665,1.365675,1.365665,1.365675,-1.0,-1.0,-1
2026-05-08 00:45:20-04:00,1.365675,1.365675,1.36552,1.365585,-1.0,-1.0,-1
2026-05-08 00:45:25-04:00,1.365585,1.3656,1.365585,1.365595,-1.0,-1.0,-1
2026-05-08 00:45:30-04:00,1.365595,1.36563,1.365595,1.36562,-1.0,-1.0,-1
2026-05-08 00:45:35-04:00,1.36562,1.36562,1.36559,1.36559,-1.0,-1.0,-1
2026-05-08 00:45:40-04:00,1.36559,1.36559,1.365585,1.365585,-1.0,-1.0,-1
2026-05-08 00:45:45-04:00,1.365585,1.365585,1.365585,1.365585,-1.0,-1.0,-1
2026-05-08 00:45:50-04:00,1.365585,1.36559,1.365585,1.36559,-1.0,-1.0,-1
2026-05-08 00:45:55-04:00,1.36559,1.36559,1.36559,1.36559,-1.0,-1.0,-1
2026-05-08 00:46:00-04:00,1.36559,1.36559,1.365585,1.365585,-1.0,-1.0,-1
2026-05-08 00:46:05-04:00,1.365585,1.365585,1.365575,1.365585,-1.0,-1.0,-1
2026-05-08 00:46:10-04:00,1.365585,1.365585,1.365555,1.365555,-1.0,-1.0,-1
2026-05-08 00:46:15-04:00,1.365555,1.36556,1.365555,1.365555,-1.0,-1.0,-1
2026-05-08 00:46:20-04:00,1.365555,1.365555,1.36553,1.36553,-1.0,-1.0,-1
2026-05-08 00:46:25-04:00,1.36553,1.365535,1.365525,1.365525,-1.0,-1.0,-1
2026-05-08 00:46:30-04:00,1.365525,1.36553,1.365525,1.36553,-1.0,-1.0,-1
2026-05-08 00:46:35-04:00,1.36553,1.365575,1.36553,1.365575,-1.0,-1.0,-1
2026-05-08 00:46:40-04:00,1.365575,1.365575,1.365575,1.365575,-1.0,-1.0,-1
2026-05-08 00:46:45-04:00,1.365575,1.365575,1.365575,1.365575,-1.0,-1.0,-1
2026-05-08 00:46:50-04:00,1.365575,1.365575,1.365575,1.365575,-1.0,-1.0,-1
2026-05-08 00:46:55-04:00,1.365575,1.365575,1.36551,1.365515,-1.0,-1.0,-1
2026-05-08 00:47:00-04:00,1.365515,1.36554,1.36551,1.36554,-1.0,-1.0,-1
2026-05-08 00:47:05-04:00,1.36554,1.36554,1.36554,1.36554,-1.0,-1.0,-1
2026-05-08 00:47:10-04:00,1.36554,1.365545,1.36554,1.365545,-1.0,-1.0,-1
2026-05-08 00:47:15-04:00,1.365545,1.365545,1.365525,1.365525,-1.0,-1.0,-1
2026-05-08 00:47:20-04:00,1.365525,1.365555,1.365525,1.365555,-1.0,-1.0,-1
2026-05-08 00:47:25-04:00,1.365555,1.365555,1.365545,1.365545,-1.0,-1.0,-1
2026-05-08 00:47:30-04:00,1.365545,1.365565,1.36554,1.365565,-1.0,-1.0,-1
2026-05-08 00:47:35-04:00,1.365565,1.36557,1.365565,1.36557,-1.0,-1.0,-1
2026-05-08 00:47:40-04:00,1.36557,1.365575,1.36557,1.365575,-1.0,-1.0,-1
2026-05-08 00:47:45-04:00,1.365575,1.365575,1.36557,1.36557,-1.0,-1.0,-1
2026-05-08 00:47:50-04:00,1.36557,1.365575,1.36556,1.36556,-1.0,-1.0,-1
2026-05-08 00:47:55-04:00,1.36556,1.365565,1.36556,1.365565,-1.0,-1.0,-1
2026-05-08 00:48:00-04:00,1.365565,1.365575,1.36556,1.365565,-1.0,-1.0,-1
2026-05-08 00:48:05-04:00,1.365565,1.365565,1.36556,1.36556,-1.0,-1.0,-1
2026-05-08 00:48:10-04:00,1.36556,1.36557,1.36556,1.36556,-1.0,-1.0,-1
2026-05-08 00:48:15-04:00,1.36556,1.365565,1.36556,1.36556,-1.0,-1.0,-1
2026-05-08 00:48:20-04:00,1.36556,1.36556,1.36556,1.36556,-1.0,-1.0,-1
2026-05-08 00:48:25-04:00,1.36556,1.365565,1.36556,1.36556,-1.0,-1.0,-1
2026-05-08 00:48:30-04:00,1.36556,1.365565,1.365535,1.365555,-1.0,-1.0,-1
2026-05-08 00:48:35-04:00,1.365555,1.36557,1.36555,1.36557,-1.0,-1.0,-1
2026-05-08 00:48:40-04:00,1.36557,1.365575,1.36557,1.36557,-1.0,-1.0,-1
2026-05-08 00:48:45-04:00,1.36557,1.36557,1.36556,1.365565,-1.0,-1.0,-1
2026-05-08 00:48:50-04:00,1.365565,1.365565,1.36556,1.36556,-1.0,-1.0,-1
2026-05-08 00:48:55-04:00,1.36556,1.36556,1.36556,1.36556,-1.0,-1.0,-1
2026-05-08 00:49:00-04:00,1.36556,1.36556,1.36556,1.36556,-1.0,-1.0,-1
2026-05-08 00:49:05-04:00,1.36556,1.365565,1.365525,1.365525,-1.0,-1.0,-1
2026-05-08 00:49:10-04:00,1.365525,1.365525,1.365495,1.365495,-1.0,-1.0,-1
2026-05-08 00:49:15-04:00,1.365495,1.365495,1.36549,1.36549,-1.0,-1.0,-1
2026-05-08 00:49:20-04:00,1.36549,1.365495,1.36549,1.365495,-1.0,-1.0,-1
2026-05-08 00:49:25-04:00,1.365495,1.365495,1.365495,1.365495,-1.0,-1.0,-1
2026-05-08 00:49:30-04:00,1.365495,1.365495,1.36549,1.36549,-1.0,-1.0,-1
2026-05-08 00:49:35-04:00,1.36549,1.365495,1.36549,1.365495,-1.0,-1.0,-1
2026-05-08 00:49:40-04:00,1.365495,1.365495,1.365485,1.365485,-1.0,-1.0,-1
2026-05-08 00:49:45-04:00,1.365485,1.365485,1.365465,1.365465,-1.0,-1.0,-1
2026-05-08 00:49:50-04:00,1.365465,1.365475,1.365465,1.365475,-1.0,-1.0,-1
2026-05-08 00:49:55-04:00,1.365475,1.365475,1.365475,1.365475,-1.0,-1.0,-1
2026-05-08 00:50:00-04:00,1.365475,1.36549,1.365475,1.36549,-1.0,-1.0,-1
2026-05-08 00:50:05-04:00,1.36549,1.365495,1.36549,1.36549,-1.0,-1.0,-1
2026-05-08 00:50:10-04:00,1.36549,1.36556,1.36549,1.36556,-1.0,-1.0,-1
2026-05-08 00:50:15-04:00,1.36556,1.365565,1.365555,1.36556,-1.0,-1.0,-1
2026-05-08 00:50:20-04:00,1.36556,1.365565,1.365555,1.36556,-1.0,-1.0,-1
2026-05-08 00:50:25-04:00,1.36556,1.365675,1.36556,1.365675,-1.0,-1.0,-1
2026-05-08 00:50:30-04:00,1.365675,1.365675,1.365675,1.365675,-1.0,-1.0,-1
2026-05-08 00:50:35-04:00,1.365675,1.36569,1.365675,1.36569,-1.0,-1.0,-1
2026-05-08 00:50:40-04:00,1.36569,1.3657,1.36569,1.365695,-1.0,-1.0,-1
2026-05-08 00:50:45-04:00,1.365695,1.365695,1.365695,1.365695,-1.0,-1.0,-1
2026-05-08 00:50:50-04:00,1.365695,1.365695,1.365695,1.365695,-1.0,-1.0,-1
2026-05-08 00:50:55-04:00,1.365695,1.365695,1.365685,1.365695,-1.0,-1.0,-1
2026-05-08 00:51:00-04:00,1.365695,1.365695,1.365685,1.36569,-1.0,-1.0,-1
2026-05-08 00:51:05-04:00,1.36569,1.365695,1.36567,1.36567,-1.0,-1.0,-1
2026-05-08 00:51:10-04:00,1.36567,1.36567,1.365655,1.365655,-1.0,-1.0,-1
2026-05-08 00:51:15-04:00,1.365655,1.365655,1.36565,1.36565,-1.0,-1.0,-1
2026-05-08 00:51:20-04:00,1.36565,1.365665,1.36565,1.365655,-1.0,-1.0,-1
2026-05-08 00:51:25-04:00,1.365655,1.365665,1.365655,1.365665,-1.0,-1.0,-1
2026-05-08 00:51:30-04:00,1.365665,1.365665,1.365665,1.365665,-1.0,-1.0,-1
2026-05-08 00:51:35-04:00,1.365665,1.365665,1.3656,1.3656,-1.0,-1.0,-1
2026-05-08 00:51:40-04:00,1.3656,1.3656,1.365585,1.36559,-1.0,-1.0,-1
2026-05-08 00:51:45-04:00,1.36559,1.36559,1.36559,1.36559,-1.0,-1.0,-1
2026-05-08 00:51:50-04:00,1.36559,1.36559,1.365585,1.36559,-1.0,-1.0,-1
2026-05-08 00:51:55-04:00,1.36559,1.36559,1.36559,1.36559,-1.0,-1.0,-1
2026-05-08 00:52:00-04:00,1.36559,1.36559,1.365585,1.365585,-1.0,-1.0,-1
2026-05-08 00:52:05-04:00,1.365585,1.365585,1.365585,1.365585,-1.0,-1.0,-1
2026-05-08 00:52:10-04:00,1.365585,1.365585,1.36558,1.36558,-1.0,-1.0,-1
2026-05-08 00:52:15-04:00,1.36558,1.36559,1.36558,1.36559,-1.0,-1.0,-1
2026-05-08 00:52:20-04:00,1.36559,1.36559,1.365585,1.365585,-1.0,-1.0,-1
2026-05-08 00:52:25-04:00,1.365585,1.365585,1.365585,1.365585,-1.0,-1.0,-1
2026-05-08 00:52:30-04:00,1.365585,1.36559,1.365585,1.365585,-1.0,-1.0,-1
2026-05-08 00:52:35-04:00,1.365585,1.36559,1.365585,1.36559,-1.0,-1.0,-1
2026-05-08 00:52:40-04:00,1.36559,1.36559,1.36559,1.36559,-1.0,-1.0,-1
2026-05-08 00:52:45-04:00,1.36559,1.3656,1.365585,1.365585,-1.0,-1.0,-1
2026-05-08 00:52:50-04:00,1.365585,1.365585,1.365585,1.365585,-1.0,-1.0,-1
2026-05-08 00:52:55-04:00,1.365585,1.36559,1.365585,1.36559,-1.0,-1.0,-1
2026-05-08 00:53:00-04:00,1.36559,1.36559,1.36559,1.36559,-1.0,-1.0,-1
2026-05-08 00:53:05-04:00,1.36559,1.36559,1.365585,1.365585,-1.0,-1.0,-1
2026-05-08 00:53:10-04:00,1.365585,1.365595,1.365585,1.36559,-1.0,-1.0,-1
2026-05-08 00:53:15-04:00,1.36559,1.36559,1.365585,1.365585,-1.0,-1.0,-1
2026-05-08 00:53:20-04:00,1.365585,1.3656,1.365585,1.36559,-1.0,-1.0,-1
2026-05-08 00:53:25-04:00,1.36559,1.36559,1.36559,1.36559,-1.0,-1.0,-1
2026-05-08 00:53:30-04:00,1.36559,1.3656,1.365585,1.365585,-1.0,-1.0,-1
2026-05-08 00:53:35-04:00,1.365585,1.365585,1.365585,1.365585,-1.0,-1.0,-1
2026-05-08 00:53:40-04:00,1.365585,1.365585,1.365585,1.365585,-1.0,-1.0,-1
2026-05-08 00:53:45-04:00,1.365585,1.365585,1.36557,1.36557,-1.0,-1.0,-1
2026-05-08 00:53:50-04:00,1.36557,1.36557,1.365525,1.365525,-1.0,-1.0,-1
2026-05-08 00:53:55-04:00,1.365525,1.365525,1.3655,1.3655,-1.0,-1.0,-1
2026-05-08 00:54:00-04:00,1.3655,1.3655,1.365495,1.3655,-1.0,-1.0,-1
2026-05-08 00:54:05-04:00,1.3655,1.3655,1.3655,1.3655,-1.0,-1.0,-1
2026-05-08 00:54:10-04:00,1.3655,1.3655,1.3655,1.3655,-1.0,-1.0,-1
2026-05-08 00:54:15-04:00,1.3655,1.36554,1.3655,1.36554,-1.0,-1.0,-1
2026-05-08 00:54:20-04:00,1.36554,1.36558,1.36553,1.36558,-1.0,-1.0,-1
2026-05-08 00:54:25-04:00,1.36558,1.365595,1.36558,1.365585,-1.0,-1.0,-1
2026-05-08 00:54:30-04:00,1.365585,1.365595,1.36558,1.36558,-1.0,-1.0,-1
2026-05-08 00:54:35-04:00,1.36558,1.3656,1.36558,1.365595,-1.0,-1.0,-1
2026-05-08 00:54:40-04:00,1.365595,1.365595,1.36558,1.365585,-1.0,-1.0,-1
2026-05-08 00:54:45-04:00,1.365585,1.365595,1.36558,1.365595,-1.0,-1.0,-1
2026-05-08 00:54:50-04:00,1.365595,1.365595,1.365585,1.365585,-1.0,-1.0,-1
2026-05-08 00:54:55-04:00,1.365585,1.365585,1.365585,1.365585,-1.0,-1.0,-1
2026-05-08 00:55:00-04:00,1.365585,1.365615,1.365585,1.365615,-1.0,-1.0,-1
2026-05-08 00:55:05-04:00,1.365615,1.365615,1.36559,1.36561,-1.0,-1.0,-1
2026-05-08 00:55:10-04:00,1.36561,1.36561,1.36561,1.36561,-1.0,-1.0,-1
2026-05-08 00:55:15-04:00,1.36561,1.365615,1.365605,1.365605,-1.0,-1.0,-1
2026-05-08 00:55:20-04:00,1.365605,1.365615,1.365605,1.365615,-1.0,-1.0,-1
2026-05-08 00:55:25-04:00,1.365615,1.365615,1.36561,1.365615,-1.0,-1.0,-1
2026-05-08 00:55:30-04:00,1.365615,1.365615,1.36561,1.36561,-1.0,-1.0,-1
2026-05-08 00:55:35-04:00,1.36561,1.365615,1.36561,1.36561,-1.0,-1.0,-1
2026-05-08 00:55:40-04:00,1.36561,1.365615,1.36561,1.36561,-1.0,-1.0,-1
2026-05-08 00:55:45-04:00,1.36561,1.365615,1.3656,1.3656,-1.0,-1.0,-1
2026-05-08 00:55:50-04:00,1.3656,1.36561,1.3656,1.36561,-1.0,-1.0,-1
2026-05-08 00:55:55-04:00,1.36561,1.365615,1.36561,1.365615,-1.0,-1.0,-1
2026-05-08 00:56:00-04:00,1.365615,1.365615,1.365605,1.365605,-1.0,-1.0,-1
2026-05-08 00:56:05-04:00,1.365605,1.365605,1.36559,1.36559,-1.0,-1.0,-1
2026-05-08 00:56:10-04:00,1.36559,1.365605,1.36559,1.365605,-1.0,-1.0,-1
2026-05-08 00:56:15-04:00,1.365605,1.365605,1.36559,1.365605,-1.0,-1.0,-1
2026-05-08 00:56:20-04:00,1.365605,1.365605,1.365595,1.365605,-1.0,-1.0,-1
2026-05-08 00:56:25-04:00,1.365605,1.365605,1.365595,1.365605,-1.0,-1.0,-1
2026-05-08 00:56:30-04:00,1.365605,1.365605,1.365605,1.365605,-1.0,-1.0,-1
2026-05-08 00:56:35-04:00,1.365605,1.36561,1.365605,1.36561,-1.0,-1.0,-1
2026-05-08 00:56:40-04:00,1.36561,1.365615,1.36561,1.365615,-1.0,-1.0,-1
2026-05-08 00:56:45-04:00,1.365615,1.365615,1.365605,1.36561,-1.0,-1.0,-1
2026-05-08 00:56:50-04:00,1.36561,1.36561,1.36561,1.36561,-1.0,-1.0,-1
2026-05-08 00:56:55-04:00,1.36561,1.36561,1.36561,1.36561,-1.0,-1.0,-1
2026-05-08 00:57:00-04:00,1.36561,1.36565,1.36561,1.36565,-1.0,-1.0,-1
2026-05-08 00:57:05-04:00,1.36565,1.36565,1.36565,1.36565,-1.0,-1.0,-1
2026-05-08 00:57:10-04:00,1.36565,1.36565,1.36564,1.36565,-1.0,-1.0,-1
2026-05-08 00:57:15-04:00,1.36565,1.36565,1.36564,1.36564,-1.0,-1.0,-1
2026-05-08 00:57:20-04:00,1.36564,1.36564,1.36564,1.36564,-1.0,-1.0,-1
2026-05-08 00:57:25-04:00,1.36564,1.36564,1.36564,1.36564,-1.0,-1.0,-1
2026-05-08 00:57:30-04:00,1.36564,1.365645,1.36564,1.365645,-1.0,-1.0,-1
2026-05-08 00:57:35-04:00,1.365645,1.36566,1.365645,1.36566,-1.0,-1.0,-1
2026-05-08 00:57:40-04:00,1.36566,1.36566,1.36565,1.36566,-1.0,-1.0,-1
2026-05-08 00:57:45-04:00,1.36566,1.365665,1.36565,1.36565,-1.0,-1.0,-1
2026-05-08 00:57:50-04:00,1.36565,1.36566,1.36565,1.365655,-1.0,-1.0,-1
2026-05-08 00:57:55-04:00,1.365655,1.36566,1.36565,1.36566,-1.0,-1.0,-1
2026-05-08 00:58:00-04:00,1.36566,1.36566,1.36565,1.36565,-1.0,-1.0,-1
2026-05-08 00:58:05-04:00,1.36565,1.365675,1.36565,1.365675,-1.0,-1.0,-1
2026-05-08 00:58:10-04:00,1.365675,1.36568,1.36562,1.36563,-1.0,-1.0,-1
2026-05-08 00:58:15-04:00,1.36563,1.36564,1.36562,1.36564,-1.0,-1.0,-1
2026-05-08 00:58:20-04:00,1.36564,1.36564,1.36558,1.36558,-1.0,-1.0,-1
2026-05-08 00:58:25-04:00,1.36558,1.365585,1.36557,1.36558,-1.0,-1.0,-1
2026-05-08 00:58:30-04:00,1.36558,1.365585,1.365575,1.365585,-1.0,-1.0,-1
2026-05-08 00:58:35-04:00,1.365585,1.365595,1.36558,1.36558,-1.0,-1.0,-1
2026-05-08 00:58:40-04:00,1.36558,1.36558,1.365575,1.36558,-1.0,-1.0,-1
2026-05-08 00:58:45-04:00,1.36558,1.36558,1.36558,1.36558,-1.0,-1.0,-1
2026-05-08 00:58:50-04:00,1.36558,1.36558,1.365575,1.365575,-1.0,-1.0,-1
2026-05-08 00:58:55-04:00,1.365575,1.36558,1.36557,1.36558,-1.0,-1.0,-1
2026-05-08 00:59:00-04:00,1.36558,1.365605,1.36558,1.3656,-1.0,-1.0,-1
2026-05-08 00:59:05-04:00,1.3656,1.365605,1.36558,1.36558,-1.0,-1.0,-1
2026-05-08 00:59:10-04:00,1.36558,1.3656,1.36558,1.3656,-1.0,-1.0,-1
2026-05-08 00:59:15-04:00,1.3656,1.365605,1.365595,1.3656,-1.0,-1.0,-1
2026-05-08 00:59:20-04:00,1.3656,1.36562,1.3656,1.36562,-1.0,-1.0,-1
2026-05-08 00:59:25-04:00,1.36562,1.36562,1.365605,1.365605,-1.0,-1.0,-1
2026-05-08 00:59:30-04:00,1.365605,1.365605,1.365595,1.365595,-1.0,-1.0,-1
2026-05-08 00:59:35-04:00,1.365595,1.365605,1.365595,1.365605,-1.0,-1.0,-1
2026-05-08 00:59:40-04:00,1.365605,1.365615,1.365605,1.365615,-1.0,-1.0,-1
2026-05-08 00:59:45-04:00,1.365615,1.365615,1.365605,1.365605,-1.0,-1.0,-1
2026-05-08 00:59:50-04:00,1.365605,1.36561,1.365595,1.36561,-1.0,-1.0,-1
2026-05-08 00:59:55-04:00,1.36561,1.365615,1.365595,1.3656,-1.0,-1.0,-1
2026-05-08 01:00:00-04:00,1.3656,1.3656,1.365565,1.365565,-1.0,-1.0,-1
2026-05-08 01:00:05-04:00,1.365565,1.365575,1.36556,1.365575,-1.0,-1.0,-1
2026-05-08 01:00:10-04:00,1.365575,1.36558,1.365575,1.365575,-1.0,-1.0,-1
2026-05-08 01:00:15-04:00,1.365575,1.36558,1.36556,1.36556,-1.0,-1.0,-1
2026-05-08 01:00:20-04:00,1.36556,1.36557,1.365555,1.36557,-1.0,-1.0,-1
2026-05-08 01:00:25-04:00,1.36557,1.365575,1.36557,1.365575,-1.0,-1.0,-1
2026-05-08 01:00:30-04:00,1.365575,1.365575,1.365575,1.365575,-1.0,-1.0,-1
2026-05-08 01:00:35-04:00,1.365575,1.36558,1.365575,1.36558,-1.0,-1.0,-1
2026-05-08 01:00:40-04:00,1.36558,1.36558,1.365555,1.36556,-1.0,-1.0,-1
2026-05-08 01:00:45-04:00,1.36556,1.36556,1.36555,1.36555,-1.0,-1.0,-1
2026-05-08 01:00:50-04:00,1.36555,1.365555,1.36555,1.36555,-1.0,-1.0,-1
2026-05-08 01:00:55-04:00,1.36555,1.36557,1.36555,1.36557,-1.0,-1.0,-1
2026-05-08 01:01:00-04:00,1.36557,1.36557,1.36557,1.36557,-1.0,-1.0,-1
2026-05-08 01:01:05-04:00,1.36557,1.365575,1.36557,1.365575,-1.0,-1.0,-1
2026-05-08 01:01:10-04:00,1.365575,1.36558,1.365575,1.36558,-1.0,-1.0,-1
2026-05-08 01:01:15-04:00,1.36558,1.36558,1.365575,1.365575,-1.0,-1.0,-1
2026-05-08 01:01:20-04:00,1.365575,1.36558,1.365575,1.36558,-1.0,-1.0,-1
2026-05-08 01:01:25-04:00,1.36558,1.36558,1.36553,1.36555,-1.0,-1.0,-1
2026-05-08 01:01:30-04:00,1.36555,1.36557,1.36555,1.36557,-1.0,-1.0,-1
2026-05-08 01:01:35-04:00,1.36557,1.365615,1.36557,1.3656,-1.0,-1.0,-1
2026-05-08 01:01:40-04:00,1.3656,1.36561,1.365575,1.365575,-1.0,-1.0,-1
2026-05-08 01:01:45-04:00,1.365575,1.36558,1.365575,1.36558,-1.0,-1.0,-1
2026-05-08 01:01:50-04:00,1.36558,1.36558,1.365575,1.365575,-1.0,-1.0,-1
2026-05-08 01:01:55-04:00,1.365575,1.36558,1.365575,1.365575,-1.0,-1.0,-1
2026-05-08 01:02:00-04:00,1.365575,1.36558,1.365575,1.365575,-1.0,-1.0,-1
2026-05-08 01:02:05-04:00,1.365575,1.365585,1.365575,1.36558,-1.0,-1.0,-1
2026-05-08 01:02:10-04:00,1.36558,1.36558,1.36558,1.36558,-1.0,-1.0,-1
2026-05-08 01:02:15-04:00,1.36558,1.36558,1.36557,1.36558,-1.0,-1.0,-1
2026-05-08 01:02:20-04:00,1.36558,1.36558,1.365575,1.36558,-1.0,-1.0,-1
2026-05-08 01:02:25-04:00,1.36558,1.365585,1.36558,1.365585,-1.0,-1.0,-1
2026-05-08 01:02:30-04:00,1.365585,1.365605,1.365585,1.365595,-1.0,-1.0,-1
2026-05-08 01:02:35-04:00,1.365595,1.36561,1.365595,1.3656,-1.0,-1.0,-1
2026-05-08 01:02:40-04:00,1.3656,1.36561,1.3656,1.36561,-1.0,-1.0,-1
2026-05-08 01:02:45-04:00,1.36561,1.365615,1.36561,1.36561,-1.0,-1.0,-1
2026-05-08 01:02:50-04:00,1.36561,1.36561,1.365605,1.365605,-1.0,-1.0,-1
2026-05-08 01:02:55-04:00,1.365605,1.36561,1.365605,1.365605,-1.0,-1.0,-1
2026-05-08 01:03:00-04:00,1.365605,1.36562,1.365605,1.365615,-1.0,-1.0,-1
2026-05-08 01:03:05-04:00,1.365615,1.365615,1.365615,1.365615,-1.0,-1.0,-1
2026-05-08 01:03:10-04:00,1.365615,1.36563,1.365615,1.36563,-1.0,-1.0,-1
2026-05-08 01:03:15-04:00,1.36563,1.36563,1.36563,1.36563,-1.0,-1.0,-1
2026-05-08 01:03:20-04:00,1.36563,1.365645,1.36563,1.36564,-1.0,-1.0,-1
2026-05-08 01:03:25-04:00,1.36564,1.36565,1.365635,1.36564,-1.0,-1.0,-1
2026-05-08 01:03:30-04:00,1.36564,1.36564,1.36558,1.36558,-1.0,-1.0,-1
2026-05-08 01:03:35-04:00,1.36558,1.365605,1.36558,1.365605,-1.0,-1.0,-1
2026-05-08 01:03:40-04:00,1.365605,1.365615,1.365605,1.365605,-1.0,-1.0,-1
2026-05-08 01:03:45-04:00,1.365605,1.36561,1.365605,1.36561,-1.0,-1.0,-1
2026-05-08 01:03:50-04:00,1.36561,1.36562,1.36561,1.365615,-1.0,-1.0,-1
2026-05-08 01:03:55-04:00,1.365615,1.365615,1.365615,1.365615,-1.0,-1.0,-1
2026-05-08 01:04:00-04:00,1.365615,1.365615,1.36558,1.36558,-1.0,-1.0,-1
2026-05-08 01:04:05-04:00,1.36558,1.365615,1.36558,1.365605,-1.0,-1.0,-1
2026-05-08 01:04:10-04:00,1.365605,1.36562,1.365605,1.365615,-1.0,-1.0,-1
2026-05-08 01:04:15-04:00,1.365615,1.365615,1.36561,1.36561,-1.0,-1.0,-1
2026-05-08 01:04:20-04:00,1.36561,1.365615,1.36561,1.36561,-1.0,-1.0,-1
2026-05-08 01:04:25-04:00,1.36561,1.365615,1.365605,1.365605,-1.0,-1.0,-1
2026-05-08 01:04:30-04:00,1.365605,1.365605,1.36558,1.36558,-1.0,-1.0,-1
2026-05-08 01:04:35-04:00,1.36558,1.36558,1.365565,1.36558,-1.0,-1.0,-1
2026-05-08 01:04:40-04:00,1.36558,1.36558,1.36558,1.36558,-1.0,-1.0,-1
2026-05-08 01:04:45-04:00,1.36558,1.36558,1.36558,1.36558,-1.0,-1.0,-1
2026-05-08 01:04:50-04:00,1.36558,1.36559,1.36558,1.36559,-1.0,-1.0,-1
2026-05-08 01:04:55-04:00,1.36559,1.36559,1.36558,1.36558,-1.0,-1.0,-1
2026-05-08 01:05:00-04:00,1.36558,1.36558,1.36558,1.36558,-1.0,-1.0,-1
2026-05-08 01:05:05-04:00,1.36558,1.36559,1.36558,1.36559,-1.0,-1.0,-1
2026-05-08 01:05:10-04:00,1.36559,1.36559,1.36558,1.36558,-1.0,-1.0,-1
2026-05-08 01:05:15-04:00,1.36558,1.36561,1.36558,1.365605,-1.0,-1.0,-1
2026-05-08 01:05:20-04:00,1.365605,1.36561,1.365605,1.365605,-1.0,-1.0,-1
2026-05-08 01:05:25-04:00,1.365605,1.365605,1.36557,1.365575,-1.0,-1.0,-1
2026-05-08 01:05:30-04:00,1.365575,1.365575,1.365575,1.365575,-1.0,-1.0,-1
2026-05-08 01:05:35-04:00,1.365575,1.36559,1.365575,1.36559,-1.0,-1.0,-1
2026-05-08 01:05:40-04:00,1.36559,1.36559,1.36559,1.36559,-1.0,-1.0,-1
2026-05-08 01:05:45-04:00,1.36559,1.36559,1.365575,1.365575,-1.0,-1.0,-1
2026-05-08 01:05:50-04:00,1.365575,1.36559,1.365575,1.36559,-1.0,-1.0,-1
2026-05-08 01:05:55-04:00,1.36559,1.365605,1.36559,1.365605,-1.0,-1.0,-1
2026-05-08 01:06:00-04:00,1.365605,1.36561,1.365605,1.36561,-1.0,-1.0,-1
2026-05-08 01:06:05-04:00,1.36561,1.365615,1.36561,1.365615,-1.0,-1.0,-1
2026-05-08 01:06:10-04:00,1.365615,1.365615,1.36561,1.365615,-1.0,-1.0,-1
2026-05-08 01:06:15-04:00,1.365615,1.365615,1.365615,1.365615,-1.0,-1.0,-1
2026-05-08 01:06:20-04:00,1.365615,1.365615,1.365615,1.365615,-1.0,-1.0,-1
2026-05-08 01:06:25-04:00,1.365615,1.365615,1.36558,1.365605,-1.0,-1.0,-1
2026-05-08 01:06:30-04:00,1.365605,1.365605,1.36558,1.36559,-1.0,-1.0,-1
2026-05-08 01:06:35-04:00,1.36559,1.365605,1.36559,1.365605,-1.0,-1.0,-1
2026-05-08 01:06:40-04:00,1.365605,1.365605,1.36559,1.36559,-1.0,-1.0,-1
2026-05-08 01:06:45-04:00,1.36559,1.365605,1.36558,1.365605,-1.0,-1.0,-1
2026-05-08 01:06:50-04:00,1.365605,1.365605,1.365605,1.365605,-1.0,-1.0,-1
2026-05-08 01:06:55-04:00,1.365605,1.365605,1.365605,1.365605,-1.0,-1.0,-1
2026-05-08 01:07:00-04:00,1.365605,1.365605,1.36558,1.36558,-1.0,-1.0,-1
2026-05-08 01:07:05-04:00,1.36558,1.36558,1.36545,1.36545,-1.0,-1.0,-1
2026-05-08 01:07:10-04:00,1.36545,1.36545,1.36545,1.36545,-1.0,-1.0,-1
2026-05-08 01:07:15-04:00,1.36545,1.36545,1.36544,1.36545,-1.0,-1.0,-1
2026-05-08 01:07:20-04:00,1.36545,1.365455,1.36542,1.36545,-1.0,-1.0,-1
2026-05-08 01:07:25-04:00,1.36545,1.365465,1.36545,1.365455,-1.0,-1.0,-1
2026-05-08 01:07:30-04:00,1.365455,1.365455,1.365455,1.365455,-1.0,-1.0,-1
2026-05-08 01:07:35-04:00,1.365455,1.365455,1.365455,1.365455,-1.0,-1.0,-1
2026-05-08 01:07:40-04:00,1.365455,1.365455,1.365455,1.365455,-1.0,-1.0,-1
2026-05-08 01:07:45-04:00,1.365455,1.365475,1.365455,1.365475,-1.0,-1.0,-1
2026-05-08 01:07:50-04:00,1.365475,1.36548,1.365475,1.36548,-1.0,-1.0,-1
2026-05-08 01:07:55-04:00,1.36548,1.365485,1.365475,1.365485,-1.0,-1.0,-1
2026-05-08 01:08:00-04:00,1.365485,1.36549,1.365485,1.36549,-1.0,-1.0,-1
2026-05-08 01:08:05-04:00,1.36549,1.36549,1.36549,1.36549,-1.0,-1.0,-1
2026-05-08 01:08:10-04:00,1.36549,1.365495,1.36549,1.365495,-1.0,-1.0,-1
2026-05-08 01:08:15-04:00,1.365495,1.365495,1.36549,1.365495,-1.0,-1.0,-1
2026-05-08 01:08:20-04:00,1.365495,1.365495,1.365495,1.365495,-1.0,-1.0,-1
2026-05-08 01:08:25-04:00,1.365495,1.365495,1.365495,1.365495,-1.0,-1.0,-1
2026-05-08 01:08:30-04:00,1.365495,1.365495,1.365495,1.365495,-1.0,-1.0,-1
2026-05-08 01:08:35-04:00,1.365495,1.365495,1.365495,1.365495,-1.0,-1.0,-1
2026-05-08 01:08:40-04:00,1.365495,1.365495,1.365495,1.365495,-1.0,-1.0,-1
2026-05-08 01:08:45-04:00,1.365495,1.365495,1.36549,1.36549,-1.0,-1.0,-1
2026-05-08 01:08:50-04:00,1.36549,1.365495,1.36549,1.365495,-1.0,-1.0,-1
2026-05-08 01:08:55-04:00,1.365495,1.365515,1.365495,1.365495,-1.0,-1.0,-1
2026-05-08 01:09:00-04:00,1.365495,1.365495,1.36549,1.36549,-1.0,-1.0,-1
2026-05-08 01:09:05-04:00,1.36549,1.36549,1.36548,1.36548,-1.0,-1.0,-1
2026-05-08 01:09:10-04:00,1.36548,1.365485,1.36548,1.365485,-1.0,-1.0,-1
2026-05-08 01:09:15-04:00,1.365485,1.36549,1.365485,1.36549,-1.0,-1.0,-1
2026-05-08 01:09:20-04:00,1.36549,1.36549,1.365485,1.365485,-1.0,-1.0,-1
2026-05-08 01:09:25-04:00,1.365485,1.36549,1.365485,1.36549,-1.0,-1.0,-1
2026-05-08 01:09:30-04:00,1.36549,1.36551,1.36549,1.365495,-1.0,-1.0,-1
2026-05-08 01:09:35-04:00,1.365495,1.365495,1.36549,1.36549,-1.0,-1.0,-1
2026-05-08 01:09:40-04:00,1.36549,1.36551,1.36549,1.36551,-1.0,-1.0,-1
2026-05-08 01:09:45-04:00,1.36551,1.36551,1.36551,1.36551,-1.0,-1.0,-1
2026-05-08 01:09:50-04:00,1.36551,1.36551,1.36551,1.36551,-1.0,-1.0,-1
2026-05-08 01:09:55-04:00,1.36551,1.36554,1.36551,1.36553,-1.0,-1.0,-1
2026-05-08 01:10:00-04:00,1.36553,1.365545,1.36553,1.365545,-1.0,-1.0,-1
2026-05-08 01:10:05-04:00,1.365545,1.365545,1.36552,1.36552,-1.0,-1.0,-1
2026-05-08 01:10:10-04:00,1.36552,1.36552,1.36552,1.36552,-1.0,-1.0,-1
2026-05-08 01:10:15-04:00,1.36552,1.36552,1.36552,1.36552,-1.0,-1.0,-1
2026-05-08 01:10:20-04:00,1.36552,1.365545,1.36552,1.365545,-1.0,-1.0,-1
2026-05-08 01:10:25-04:00,1.365545,1.365545,1.36552,1.365545,-1.0,-1.0,-1
2026-05-08 01:10:30-04:00,1.365545,1.365545,1.365545,1.365545,-1.0,-1.0,-1
2026-05-08 01:10:35-04:00,1.365545,1.365605,1.365545,1.36558,-1.0,-1.0,-1
2026-05-08 01:10:40-04:00,1.36558,1.365605,1.36558,1.365605,-1.0,-1.0,-1
2026-05-08 01:10:45-04:00,1.365605,1.365605,1.365605,1.365605,-1.0,-1.0,-1
2026-05-08 01:10:50-04:00,1.365605,1.365605,1.36558,1.365605,-1.0,-1.0,-1
2026-05-08 01:10:55-04:00,1.365605,1.365605,1.36558,1.365605,-1.0,-1.0,-1
2026-05-08 01:11:00-04:00,1.365605,1.36561,1.365605,1.365605,-1.0,-1.0,-1
2026-05-08 01:11:05-04:00,1.365605,1.365605,1.365605,1.365605,-1.0,-1.0,-1
2026-05-08 01:11:10-04:00,1.365605,1.365605,1.36558,1.365605,-1.0,-1.0,-1
2026-05-08 01:11:15-04:00,1.365605,1.365615,1.365605,1.36561,-1.0,-1.0,-1
2026-05-08 01:11:20-04:00,1.36561,1.36561,1.365605,1.365605,-1.0,-1.0,-1
2026-05-08 01:11:25-04:00,1.365605,1.36561,1.36558,1.365605,-1.0,-1.0,-1
2026-05-08 01:11:30-04:00,1.365605,1.365605,1.365605,1.365605,-1.0,-1.0,-1
2026-05-08 01:11:35-04:00,1.365605,1.365605,1.36558,1.365605,-1.0,-1.0,-1
2026-05-08 01:11:40-04:00,1.365605,1.36561,1.365605,1.365605,-1.0,-1.0,-1
2026-05-08 01:11:45-04:00,1.365605,1.36561,1.365605,1.36561,-1.0,-1.0,-1
2026-05-08 01:11:50-04:00,1.36561,1.36561,1.36561,1.36561,-1.0,-1.0,-1
2026-05-08 01:11:55-04:00,1.36561,1.365615,1.36561,1.365615,-1.0,-1.0,-1
2026-05-08 01:12:00-04:00,1.365615,1.365615,1.365605,1.365605,-1.0,-1.0,-1
2026-05-08 01:12:05-04:00,1.365605,1.365605,1.36558,1.36558,-1.0,-1.0,-1
2026-05-08 01:12:10-04:00,1.36558,1.365605,1.36558,1.365605,-1.0,-1.0,-1
2026-05-08 01:12:15-04:00,1.365605,1.365605,1.365605,1.365605,-1.0,-1.0,-1
2026-05-08 01:12:20-04:00,1.365605,1.365605,1.36558,1.36558,-1.0,-1.0,-1
2026-05-08 01:12:25-04:00,1.36558,1.36558,1.36558,1.36558,-1.0,-1.0,-1
2026-05-08 01:12:30-04:00,1.36558,1.365605,1.36558,1.365605,-1.0,-1.0,-1
2026-05-08 01:12:35-04:00,1.365605,1.365605,1.36558,1.36558,-1.0,-1.0,-1
2026-05-08 01:12:40-04:00,1.36558,1.36558,1.36557,1.36557,-1.0,-1.0,-1
2026-05-08 01:12:45-04:00,1.36557,1.36557,1.36557,1.36557,-1.0,-1.0,-1
2026-05-08 01:12:50-04:00,1.36557,1.36557,1.36557,1.36557,-1.0,-1.0,-1
2026-05-08 01:12:55-04:00,1.36557,1.36557,1.36557,1.36557,-1.0,-1.0,-1
2026-05-08 01:13:00-04:00,1.36557,1.36557,1.365535,1.365545,-1.0,-1.0,-1
2026-05-08 01:13:05-04:00,1.365545,1.36557,1.365545,1.36556,-1.0,-1.0,-1
2026-05-08 01:13:10-04:00,1.36556,1.36558,1.36555,1.36555,-1.0,-1.0,-1
2026-05-08 01:13:15-04:00,1.36555,1.36555,1.36555,1.36555,-1.0,-1.0,-1
2026-05-08 01:13:20-04:00,1.36555,1.36555,1.36555,1.36555,-1.0,-1.0,-1
2026-05-08 01:13:25-04:00,1.36555,1.36555,1.36555,1.36555,-1.0,-1.0,-1
2026-05-08 01:13:30-04:00,1.36555,1.36555,1.36555,1.36555,-1.0,-1.0,-1
2026-05-08 01:13:35-04:00,1.36555,1.36555,1.36555,1.36555,-1.0,-1.0,-1
2026-05-08 01:13:40-04:00,1.36555,1.365555,1.36555,1.36555,-1.0,-1.0,-1
2026-05-08 01:13:45-04:00,1.36555,1.365555,1.36555,1.36555,-1.0,-1.0,-1
2026-05-08 01:13:50-04:00,1.36555,1.36555,1.36555,1.36555,-1.0,-1.0,-1
2026-05-08 01:13:55-04:00,1.36555,1.365565,1.36555,1.36556,-1.0,-1.0,-1
2026-05-08 01:14:00-04:00,1.36556,1.365575,1.365555,1.365575,-1.0,-1.0,-1
2026-05-08 01:14:05-04:00,1.365575,1.36558,1.365575,1.36558,-1.0,-1.0,-1
2026-05-08 01:14:10-04:00,1.36558,1.365605,1.36558,1.36558,-1.0,-1.0,-1
2026-05-08 01:14:15-04:00,1.36558,1.36558,1.365575,1.36558,-1.0,-1.0,-1
2026-05-08 01:14:20-04:00,1.36558,1.365605,1.36558,1.36558,-1.0,-1.0,-1
2026-05-08 01:14:25-04:00,1.36558,1.36558,1.36558,1.36558,-1.0,-1.0,-1
2026-05-08 01:14:30-04:00,1.36558,1.36558,1.36558,1.36558,-1.0,-1.0,-1
2026-05-08 01:14:35-04:00,1.36558,1.36558,1.36558,1.36558,-1.0,-1.0,-1
2026-05-08 01:14:40-04:00,1.36558,1.36558,1.365575,1.365575,-1.0,-1.0,-1
2026-05-08 01:14:45-04:00,1.365575,1.36558,1.365575,1.36558,-1.0,-1.0,-1
2026-05-08 01:14:50-04:00,1.36558,1.36558,1.36558,1.36558,-1.0,-1.0,-1
2026-05-08 01:14:55-04:00,1.36558,1.365605,1.36558,1.365605,-1.0,-1.0,-1
2026-05-08 01:15:00-04:00,1.365605,1.365605,1.365605,1.365605,-1.0,-1.0,-1
2026-05-08 01:15:05-04:00,1.365605,1.365605,1.365605,1.365605,-1.0,-1.0,-1
2026-05-08 01:15:10-04:00,1.365605,1.36564,1.365605,1.36564,-1.0,-1.0,-1
2026-05-08 01:15:15-04:00,1.36564,1.36564,1.36564,1.36564,-1.0,-1.0,-1
2026-05-08 01:15:20-04:00,1.36564,1.36564,1.36564,1.36564,-1.0,-1.0,-1
2026-05-08 01:15:25-04:00,1.36564,1.365665,1.36563,1.365645,-1.0,-1.0,-1
2026-05-08 01:15:30-04:00,1.365645,1.365645,1.36564,1.36564,-1.0,-1.0,-1
2026-05-08 01:15:35-04:00,1.36564,1.36564,1.36562,1.36562,-1.0,-1.0,-1
2026-05-08 01:15:40-04:00,1.36562,1.36562,1.36561,1.36561,-1.0,-1.0,-1
2026-05-08 01:15:45-04:00,1.36561,1.36561,1.365605,1.36561,-1.0,-1.0,-1
2026-05-08 01:15:50-04:00,1.36561,1.365615,1.36561,1.365615,-1.0,-1.0,-1
2026-05-08 01:15:55-04:00,1.365615,1.365615,1.365615,1.365615,-1.0,-1.0,-1
2026-05-08 01:16:00-04:00,1.365615,1.365615,1.365615,1.365615,-1.0,-1.0,-1
2026-05-08 01:16:05-04:00,1.365615,1.365615,1.365615,1.365615,-1.0,-1.0,-1
2026-05-08 01:16:10-04:00,1.365615,1.36563,1.365615,1.36563,-1.0,-1.0,-1
2026-05-08 01:16:15-04:00,1.36563,1.36563,1.365615,1.365615,-1.0,-1.0,-1
2026-05-08 01:16:20-04:00,1.365615,1.365615,1.365615,1.365615,-1.0,-1.0,-1
2026-05-08 01:16:25-04:00,1.365615,1.365615,1.36561,1.365615,-1.0,-1.0,-1
2026-05-08 01:16:30-04:00,1.365615,1.365615,1.36561,1.365615,-1.0,-1.0,-1
2026-05-08 01:16:35-04:00,1.365615,1.365615,1.36561,1.36561,-1.0,-1.0,-1
2026-05-08 01:16:40-04:00,1.36561,1.365615,1.36561,1.365615,-1.0,-1.0,-1
2026-05-08 01:16:45-04:00,1.365615,1.36562,1.365615,1.36562,-1.0,-1.0,-1
2026-05-08 01:16:50-04:00,1.36562,1.36563,1.36561,1.36562,-1.0,-1.0,-1
2026-05-08 01:16:55-04:00,1.36562,1.36562,1.365605,1.365605,-1.0,-1.0,-1
2026-05-08 01:17:00-04:00,1.365605,1.36561,1.365605,1.36561,-1.0,-1.0,-1
2026-05-08 01:17:05-04:00,1.36561,1.36561,1.365605,1.365605,-1.0,-1.0,-1
2026-05-08 01:17:10-04:00,1.365605,1.365605,1.365605,1.365605,-1.0,-1.0,-1
2026-05-08 01:17:15-04:00,1.365605,1.365605,1.365605,1.365605,-1.0,-1.0,-1
2026-05-08 01:17:20-04:00,1.365605,1.36561,1.365605,1.36561,-1.0,-1.0,-1
2026-05-08 01:17:25-04:00,1.36561,1.36561,1.365605,1.365605,-1.0,-1.0,-1
2026-05-08 01:17:30-04:00,1.365605,1.365615,1.365605,1.365615,-1.0,-1.0,-1
2026-05-08 01:17:35-04:00,1.365615,1.365615,1.36561,1.36561,-1.0,-1.0,-1
2026-05-08 01:17:40-04:00,1.36561,1.365615,1.36561,1.365615,-1.0,-1.0,-1
2026-05-08 01:17:45-04:00,1.365615,1.365615,1.36561,1.36561,-1.0,-1.0,-1
2026-05-08 01:17:50-04:00,1.36561,1.36561,1.365605,1.365605,-1.0,-1.0,-1
2026-05-08 01:17:55-04:00,1.365605,1.365605,1.365605,1.365605,-1.0,-1.0,-1
2026-05-08 01:18:00-04:00,1.365605,1.36561,1.365605,1.36561,-1.0,-1.0,-1
2026-05-08 01:18:05-04:00,1.36561,1.36561,1.36561,1.36561,-1.0,-1.0,-1
2026-05-08 01:18:10-04:00,1.36561,1.36562,1.36561,1.365615,-1.0,-1.0,-1
2026-05-08 01:18:15-04:00,1.365615,1.36562,1.365615,1.36562,-1.0,-1.0,-1
2026-05-08 01:18:20-04:00,1.36562,1.36562,1.36561,1.36561,-1.0,-1.0,-1
2026-05-08 01:18:25-04:00,1.36561,1.365615,1.36561,1.365615,-1.0,-1.0,-1
2026-05-08 01:18:30-04:00,1.365615,1.365615,1.36557,1.365605,-1.0,-1.0,-1
2026-05-08 01:18:35-04:00,1.365605,1.365605,1.365605,1.365605,-1.0,-1.0,-1
2026-05-08 01:18:40-04:00,1.365605,1.365605,1.365575,1.365605,-1.0,-1.0,-1
2026-05-08 01:18:45-04:00,1.365605,1.365605,1.365575,1.365575,-1.0,-1.0,-1
2026-05-08 01:18:50-04:00,1.365575,1.365575,1.365575,1.365575,-1.0,-1.0,-1
2026-05-08 01:18:55-04:00,1.365575,1.365575,1.36557,1.365575,-1.0,-1.0,-1
2026-05-08 01:19:00-04:00,1.365575,1.365575,1.365575,1.365575,-1.0,-1.0,-1
2026-05-08 01:19:05-04:00,1.365575,1.365575,1.36557,1.365575,-1.0,-1.0,-1
2026-05-08 01:19:10-04:00,1.365575,1.365605,1.36557,1.36557,-1.0,-1.0,-1
2026-05-08 01:19:15-04:00,1.36557,1.365605,1.36557,1.365605,-1.0,-1.0,-1
2026-05-08 01:19:20-04:00,1.365605,1.365605,1.365605,1.365605,-1.0,-1.0,-1
2026-05-08 01:19:25-04:00,1.365605,1.365605,1.365575,1.365575,-1.0,-1.0,-1
2026-05-08 01:19:30-04:00,1.365575,1.365575,1.36557,1.36557,-1.0,-1.0,-1
2026-05-08 01:19:35-04:00,1.36557,1.36557,1.36557,1.36557,-1.0,-1.0,-1
2026-05-08 01:19:40-04:00,1.36557,1.36561,1.36557,1.365605,-1.0,-1.0,-1
2026-05-08 01:19:45-04:00,1.365605,1.365605,1.36557,1.365605,-1.0,-1.0,-1
2026-05-08 01:19:50-04:00,1.365605,1.365605,1.365605,1.365605,-1.0,-1.0,-1
2026-05-08 01:19:55-04:00,1.365605,1.365605,1.365605,1.365605,-1.0,-1.0,-1
2026-05-08 01:20:00-04:00,1.365605,1.365605,1.365575,1.365575,-1.0,-1.0,-1
2026-05-08 01:20:05-04:00,1.365575,1.365575,1.365555,1.365575,-1.0,-1.0,-1
2026-05-08 01:20:10-04:00,1.365575,1.36558,1.365575,1.36558,-1.0,-1.0,-1
2026-05-08 01:20:15-04:00,1.36558,1.36558,1.365575,1.365575,-1.0,-1.0,-1
2026-05-08 01:20:20-04:00,1.365575,1.36558,1.365575,1.365575,-1.0,-1.0,-1
2026-05-08 01:20:25-04:00,1.365575,1.365575,1.365535,1.365535,-1.0,-1.0,-1
2026-05-08 01:20:30-04:00,1.365535,1.365555,1.365535,1.365545,-1.0,-1.0,-1
2026-05-08 01:20:35-04:00,1.365545,1.36555,1.365535,1.365545,-1.0,-1.0,-1
2026-05-08 01:20:40-04:00,1.365545,1.365545,1.365515,1.365545,-1.0,-1.0,-1
2026-05-08 01:20:45-04:00,1.365545,1.365545,1.36553,1.365535,-1.0,-1.0,-1
2026-05-08 01:20:50-04:00,1.365535,1.365535,1.36551,1.365515,-1.0,-1.0,-1
2026-05-08 01:20:55-04:00,1.365515,1.36552,1.36551,1.365515,-1.0,-1.0,-1
2026-05-08 01:21:00-04:00,1.365515,1.365515,1.3655,1.3655,-1.0,-1.0,-1
2026-05-08 01:21:05-04:00,1.3655,1.365525,1.3655,1.365525,-1.0,-1.0,-1
2026-05-08 01:21:10-04:00,1.365525,1.36553,1.365525,1.36553,-1.0,-1.0,-1
2026-05-08 01:21:15-04:00,1.36553,1.36553,1.36553,1.36553,-1.0,-1.0,-1
2026-05-08 01:21:20-04:00,1.36553,1.365545,1.365525,1.36554,-1.0,-1.0,-1
2026-05-08 01:21:25-04:00,1.36554,1.36554,1.36554,1.36554,-1.0,-1.0,-1
2026-05-08 01:21:30-04:00,1.36554,1.36554,1.36553,1.36553,-1.0,-1.0,-1
2026-05-08 01:21:35-04:00,1.36553,1.36553,1.36551,1.36552,-1.0,-1.0,-1
2026-05-08 01:21:40-04:00,1.36552,1.365525,1.36552,1.36552,-1.0,-1.0,-1
2026-05-08 01:21:45-04:00,1.36552,1.365525,1.36552,1.365525,-1.0,-1.0,-1
2026-05-08 01:21:50-04:00,1.365525,1.365525,1.365485,1.36549,-1.0,-1.0,-1
2026-05-08 01:21:55-04:00,1.36549,1.365495,1.36549,1.365495,-1.0,-1.0,-1
2026-05-08 01:22:00-04:00,1.365495,1.365495,1.36546,1.36546,-1.0,-1.0,-1
2026-05-08 01:22:05-04:00,1.36546,1.36546,1.365455,1.365455,-1.0,-1.0,-1
2026-05-08 01:22:10-04:00,1.365455,1.365455,1.365405,1.365405,-1.0,-1.0,-1
2026-05-08 01:22:15-04:00,1.365405,1.365405,1.365405,1.365405,-1.0,-1.0,-1
2026-05-08 01:22:20-04:00,1.365405,1.36541,1.365405,1.36541,-1.0,-1.0,-1
2026-05-08 01:22:25-04:00,1.36541,1.36542,1.365385,1.36539,-1.0,-1.0,-1
2026-05-08 01:22:30-04:00,1.36539,1.365395,1.36539,1.36539,-1.0,-1.0,-1
2026-05-08 01:22:35-04:00,1.36539,1.36539,1.365375,1.36538,-1.0,-1.0,-1
2026-05-08 01:22:40-04:00,1.36538,1.36541,1.365375,1.365405,-1.0,-1.0,-1
2026-05-08 01:22:45-04:00,1.365405,1.36542,1.3654,1.365405,-1.0,-1.0,-1
2026-05-08 01:22:50-04:00,1.365405,1.365405,1.36539,1.36539,-1.0,-1.0,-1
2026-05-08 01:22:55-04:00,1.36539,1.365395,1.36539,1.365395,-1.0,-1.0,-1
2026-05-08 01:23:00-04:00,1.365395,1.365395,1.36538,1.365385,-1.0,-1.0,-1
2026-05-08 01:23:05-04:00,1.365385,1.365385,1.365385,1.365385,-1.0,-1.0,-1
2026-05-08 01:23:10-04:00,1.365385,1.365395,1.365385,1.36539,-1.0,-1.0,-1
2026-05-08 01:23:15-04:00,1.36539,1.3654,1.36539,1.3654,-1.0,-1.0,-1
2026-05-08 01:23:20-04:00,1.3654,1.3654,1.365385,1.365385,-1.0,-1.0,-1
2026-05-08 01:23:25-04:00,1.365385,1.365385,1.36538,1.365385,-1.0,-1.0,-1
2026-05-08 01:23:30-04:00,1.365385,1.365395,1.365385,1.365395,-1.0,-1.0,-1
2026-05-08 01:23:35-04:00,1.365395,1.365395,1.36539,1.365395,-1.0,-1.0,-1
2026-05-08 01:23:40-04:00,1.365395,1.365405,1.365395,1.365405,-1.0,-1.0,-1
2026-05-08 01:23:45-04:00,1.365405,1.36541,1.3654,1.3654,-1.0,-1.0,-1
2026-05-08 01:23:50-04:00,1.3654,1.365405,1.365385,1.36539,-1.0,-1.0,-1
2026-05-08 01:23:55-04:00,1.36539,1.365395,1.36539,1.365395,-1.0,-1.0,-1
2026-05-08 01:24:00-04:00,1.365395,1.3654,1.36539,1.365395,-1.0,-1.0,-1
2026-05-08 01:24:05-04:00,1.365395,1.3654,1.365385,1.365385,-1.0,-1.0,-1
2026-05-08 01:24:10-04:00,1.365385,1.365395,1.365385,1.365395,-1.0,-1.0,-1
2026-05-08 01:24:15-04:00,1.365395,1.3654,1.36539,1.365395,-1.0,-1.0,-1
2026-05-08 01:24:20-04:00,1.365395,1.365395,1.365385,1.365385,-1.0,-1.0,-1
2026-05-08 01:24:25-04:00,1.365385,1.365395,1.365385,1.365395,-1.0,-1.0,-1
2026-05-08 01:24:30-04:00,1.365395,1.3654,1.365395,1.3654,-1.0,-1.0,-1
2026-05-08 01:24:35-04:00,1.3654,1.365405,1.3654,1.365405,-1.0,-1.0,-1
2026-05-08 01:24:40-04:00,1.365405,1.36544,1.365405,1.36544,-1.0,-1.0,-1
2026-05-08 01:24:45-04:00,1.36544,1.36545,1.365435,1.36544,-1.0,-1.0,-1
2026-05-08 01:24:50-04:00,1.36544,1.36545,1.365435,1.365445,-1.0,-1.0,-1
2026-05-08 01:24:55-04:00,1.365445,1.36545,1.36544,1.36545,-1.0,-1.0,-1
2026-05-08 01:25:00-04:00,1.36545,1.365455,1.36545,1.365455,-1.0,-1.0,-1
2026-05-08 01:25:05-04:00,1.365455,1.365455,1.365455,1.365455,-1.0,-1.0,-1
2026-05-08 01:25:10-04:00,1.365455,1.365485,1.365455,1.365485,-1.0,-1.0,-1
2026-05-08 01:25:15-04:00,1.365485,1.365485,1.365485,1.365485,-1.0,-1.0,-1
2026-05-08 01:25:20-04:00,1.365485,1.3655,1.365485,1.36549,-1.0,-1.0,-1
2026-05-08 01:25:25-04:00,1.36549,1.36549,1.365485,1.365485,-1.0,-1.0,-1
2026-05-08 01:25:30-04:00,1.365485,1.365485,1.365485,1.365485,-1.0,-1.0,-1
2026-05-08 01:25:35-04:00,1.365485,1.365485,1.365485,1.365485,-1.0,-1.0,-1
2026-05-08 01:25:40-04:00,1.365485,1.365495,1.36548,1.36549,-1.0,-1.0,-1
2026-05-08 01:25:45-04:00,1.36549,1.3655,1.36549,1.3655,-1.0,-1.0,-1
2026-05-08 01:25:50-04:00,1.3655,1.36551,1.36548,1.365505,-1.0,-1.0,-1
2026-05-08 01:25:55-04:00,1.365505,1.36551,1.36549,1.365495,-1.0,-1.0,-1
2026-05-08 01:26:00-04:00,1.365495,1.365495,1.36544,1.36544,-1.0,-1.0,-1
2026-05-08 01:26:05-04:00,1.36544,1.36545,1.36544,1.36545,-1.0,-1.0,-1
2026-05-08 01:26:10-04:00,1.36545,1.365455,1.36545,1.365455,-1.0,-1.0,-1
2026-05-08 01:26:15-04:00,1.365455,1.365475,1.36545,1.365475,-1.0,-1.0,-1
2026-05-08 01:26:20-04:00,1.365475,1.365475,1.365435,1.365435,-1.0,-1.0,-1
2026-05-08 01:26:25-04:00,1.365435,1.36545,1.365435,1.36545,-1.0,-1.0,-1
2026-05-08 01:26:30-04:00,1.36545,1.36545,1.365435,1.365435,-1.0,-1.0,-1
2026-05-08 01:26:35-04:00,1.365435,1.36545,1.36543,1.36543,-1.0,-1.0,-1
2026-05-08 01:26:40-04:00,1.36543,1.36543,1.365425,1.365425,-1.0,-1.0,-1
2026-05-08 01:26:45-04:00,1.365425,1.365435,1.365425,1.365435,-1.0,-1.0,-1
2026-05-08 01:26:50-04:00,1.365435,1.36545,1.365435,1.36545,-1.0,-1.0,-1
2026-05-08 01:26:55-04:00,1.36545,1.36545,1.365435,1.365445,-1.0,-1.0,-1
2026-05-08 01:27:00-04:00,1.365445,1.365455,1.365435,1.365455,-1.0,-1.0,-1
2026-05-08 01:27:05-04:00,1.365455,1.365455,1.365455,1.365455,-1.0,-1.0,-1
2026-05-08 01:27:10-04:00,1.365455,1.36546,1.365455,1.36546,-1.0,-1.0,-1
2026-05-08 01:27:15-04:00,1.36546,1.365485,1.36546,1.36548,-1.0,-1.0,-1
2026-05-08 01:27:20-04:00,1.36548,1.36548,1.36546,1.365465,-1.0,-1.0,-1
2026-05-08 01:27:25-04:00,1.365465,1.365475,1.365465,1.36547,-1.0,-1.0,-1
2026-05-08 01:27:30-04:00,1.36547,1.36548,1.365465,1.365465,-1.0,-1.0,-1
2026-05-08 01:27:35-04:00,1.365465,1.365475,1.36546,1.365475,-1.0,-1.0,-1
2026-05-08 01:27:40-04:00,1.365475,1.365475,1.365455,1.365465,-1.0,-1.0,-1
2026-05-08 01:27:45-04:00,1.365465,1.36548,1.365465,1.36548,-1.0,-1.0,-1
2026-05-08 01:27:50-04:00,1.36548,1.36548,1.365465,1.365475,-1.0,-1.0,-1
2026-05-08 01:27:55-04:00,1.365475,1.365475,1.36546,1.365475,-1.0,-1.0,-1
2026-05-08 01:28:00-04:00,1.365475,1.36548,1.36547,1.36547,-1.0,-1.0,-1
2026-05-08 01:28:05-04:00,1.36547,1.36547,1.365455,1.36546,-1.0,-1.0,-1
2026-05-08 01:28:10-04:00,1.36546,1.36546,1.365435,1.365435,-1.0,-1.0,-1
2026-05-08 01:28:15-04:00,1.365435,1.365435,1.36543,1.365435,-1.0,-1.0,-1
2026-05-08 01:28:20-04:00,1.365435,1.365435,1.36541,1.36541,-1.0,-1.0,-1
2026-05-08 01:28:25-04:00,1.36541,1.36541,1.365405,1.365405,-1.0,-1.0,-1
2026-05-08 01:28:30-04:00,1.365405,1.36541,1.3654,1.365405,-1.0,-1.0,-1
2026-05-08 01:28:35-04:00,1.365405,1.365405,1.365395,1.3654,-1.0,-1.0,-1
2026-05-08 01:28:40-04:00,1.3654,1.365405,1.365395,1.365405,-1.0,-1.0,-1
2026-05-08 01:28:45-04:00,1.365405,1.365405,1.3654,1.365405,-1.0,-1.0,-1
2026-05-08 01:28:50-04:00,1.365405,1.365405,1.3654,1.365405,-1.0,-1.0,-1
2026-05-08 01:28:55-04:00,1.365405,1.365405,1.3654,1.3654,-1.0,-1.0,-1
2026-05-08 01:29:00-04:00,1.3654,1.365405,1.36539,1.365405,-1.0,-1.0,-1
2026-05-08 01:29:05-04:00,1.365405,1.365405,1.365405,1.365405,-1.0,-1.0,-1
2026-05-08 01:29:10-04:00,1.365405,1.365405,1.365395,1.3654,-1.0,-1.0,-1
2026-05-08 01:29:15-04:00,1.3654,1.365405,1.365395,1.365405,-1.0,-1.0,-1
2026-05-08 01:29:20-04:00,1.365405,1.365405,1.365395,1.365395,-1.0,-1.0,-1
2026-05-08 01:29:25-04:00,1.365395,1.365395,1.365375,1.365375,-1.0,-1.0,-1
2026-05-08 01:29:30-04:00,1.365375,1.365385,1.365375,1.36538,-1.0,-1.0,-1
2026-05-08 01:29:35-04:00,1.36538,1.365385,1.365375,1.36538,-1.0,-1.0,-1
2026-05-08 01:29:40-04:00,1.36538,1.36538,1.365375,1.365375,-1.0,-1.0,-1
2026-05-08 01:29:45-04:00,1.365375,1.36538,1.365375,1.365375,-1.0,-1.0,-1
2026-05-08 01:29:50-04:00,1.365375,1.365385,1.365375,1.365385,-1.0,-1.0,-1
2026-05-08 01:29:55-04:00,1.365385,1.365385,1.365375,1.365375,-1.0,-1.0,-1
2026-05-08 01:30:00-04:00,1.365375,1.36538,1.365325,1.365325,-1.0,-1.0,-1
2026-05-08 01:30:05-04:00,1.365325,1.365325,1.365305,1.365305,-1.0,-1.0,-1
2026-05-08 01:30:10-04:00,1.365305,1.36531,1.365295,1.365295,-1.0,-1.0,-1
2026-05-08 01:30:15-04:00,1.365295,1.365295,1.365285,1.36529,-1.0,-1.0,-1
2026-05-08 01:30:20-04:00,1.36529,1.365295,1.36529,1.365295,-1.0,-1.0,-1
2026-05-08 01:30:25-04:00,1.365295,1.365295,1.365205,1.365205,-1.0,-1.0,-1
2026-05-08 01:30:30-04:00,1.365205,1.365265,1.36519,1.36525,-1.0,-1.0,-1
2026-05-08 01:30:35-04:00,1.36525,1.365285,1.36524,1.36528,-1.0,-1.0,-1
2026-05-08 01:30:40-04:00,1.36528,1.3653,1.36528,1.3653,-1.0,-1.0,-1
2026-05-08 01:30:45-04:00,1.3653,1.3653,1.365255,1.36526,-1.0,-1.0,-1
2026-05-08 01:30:50-04:00,1.36526,1.36526,1.36525,1.365255,-1.0,-1.0,-1
2026-05-08 01:30:55-04:00,1.365255,1.36526,1.36525,1.365255,-1.0,-1.0,-1
2026-05-08 01:31:00-04:00,1.365255,1.365315,1.365255,1.3653,-1.0,-1.0,-1
2026-05-08 01:31:05-04:00,1.3653,1.365315,1.365295,1.365295,-1.0,-1.0,-1
2026-05-08 01:31:10-04:00,1.365295,1.365315,1.365295,1.36531,-1.0,-1.0,-1
2026-05-08 01:31:15-04:00,1.36531,1.365325,1.36531,1.36532,-1.0,-1.0,-1
2026-05-08 01:31:20-04:00,1.36532,1.36532,1.36532,1.36532,-1.0,-1.0,-1
2026-05-08 01:31:25-04:00,1.36532,1.365345,1.36532,1.36534,-1.0,-1.0,-1
2026-05-08 01:31:30-04:00,1.36534,1.365345,1.36534,1.365345,-1.0,-1.0,-1
2026-05-08 01:31:35-04:00,1.365345,1.365355,1.365345,1.36535,-1.0,-1.0,-1
2026-05-08 01:31:40-04:00,1.36535,1.36537,1.36535,1.365365,-1.0,-1.0,-1
2026-05-08 01:31:45-04:00,1.365365,1.365365,1.365355,1.36536,-1.0,-1.0,-1
2026-05-08 01:31:50-04:00,1.36536,1.36537,1.36536,1.36537,-1.0,-1.0,-1
2026-05-08 01:31:55-04:00,1.36537,1.36539,1.36537,1.36538,-1.0,-1.0,-1
2026-05-08 01:32:00-04:00,1.36538,1.36539,1.36538,1.36539,-1.0,-1.0,-1
2026-05-08 01:32:05-04:00,1.36539,1.36539,1.36538,1.36538,-1.0,-1.0,-1
2026-05-08 01:32:10-04:00,1.36538,1.365385,1.36538,1.365385,-1.0,-1.0,-1
2026-05-08 01:32:15-04:00,1.365385,1.36539,1.36538,1.36538,-1.0,-1.0,-1
2026-05-08 01:32:20-04:00,1.36538,1.36538,1.36529,1.36529,-1.0,-1.0,-1
2026-05-08 01:32:25-04:00,1.36529,1.36529,1.36527,1.36527,-1.0,-1.0,-1
2026-05-08 01:32:30-04:00,1.36527,1.36528,1.36523,1.365235,-1.0,-1.0,-1
2026-05-08 01:32:35-04:00,1.365235,1.365285,1.365235,1.365285,-1.0,-1.0,-1
2026-05-08 01:32:40-04:00,1.365285,1.365295,1.365285,1.36529,-1.0,-1.0,-1
2026-05-08 01:32:45-04:00,1.36529,1.365295,1.36529,1.365295,-1.0,-1.0,-1
2026-05-08 01:32:50-04:00,1.365295,1.365295,1.36529,1.365295,-1.0,-1.0,-1
2026-05-08 01:32:55-04:00,1.365295,1.365295,1.36529,1.36529,-1.0,-1.0,-1
2026-05-08 01:33:00-04:00,1.36529,1.365295,1.36529,1.36529,-1.0,-1.0,-1
2026-05-08 01:33:05-04:00,1.36529,1.365335,1.36529,1.36533,-1.0,-1.0,-1
2026-05-08 01:33:10-04:00,1.36533,1.365335,1.36532,1.36532,-1.0,-1.0,-1
2026-05-08 01:33:15-04:00,1.36532,1.36532,1.36532,1.36532,-1.0,-1.0,-1
2026-05-08 01:33:20-04:00,1.36532,1.365335,1.365315,1.36533,-1.0,-1.0,-1
2026-05-08 01:33:25-04:00,1.36533,1.365335,1.36533,1.365335,-1.0,-1.0,-1
2026-05-08 01:33:30-04:00,1.365335,1.365365,1.365335,1.365355,-1.0,-1.0,-1
2026-05-08 01:33:35-04:00,1.365355,1.365365,1.365355,1.365365,-1.0,-1.0,-1
2026-05-08 01:33:40-04:00,1.365365,1.36538,1.365355,1.36538,-1.0,-1.0,-1
2026-05-08 01:33:45-04:00,1.36538,1.365385,1.36537,1.365375,-1.0,-1.0,-1
2026-05-08 01:33:50-04:00,1.365375,1.365375,1.36537,1.365375,-1.0,-1.0,-1
2026-05-08 01:33:55-04:00,1.365375,1.365375,1.365365,1.365365,-1.0,-1.0,-1
2026-05-08 01:34:00-04:00,1.365365,1.365365,1.36532,1.36532,-1.0,-1.0,-1
2026-05-08 01:34:05-04:00,1.36532,1.36532,1.365315,1.36532,-1.0,-1.0,-1
2026-05-08 01:34:10-04:00,1.36532,1.36532,1.365315,1.36532,-1.0,-1.0,-1
2026-05-08 01:34:15-04:00,1.36532,1.36532,1.365305,1.36531,-1.0,-1.0,-1
2026-05-08 01:34:20-04:00,1.36531,1.36532,1.36531,1.365315,-1.0,-1.0,-1
2026-05-08 01:34:25-04:00,1.365315,1.36532,1.365315,1.36532,-1.0,-1.0,-1
2026-05-08 01:34:30-04:00,1.36532,1.365335,1.36532,1.36532,-1.0,-1.0,-1
2026-05-08 01:34:35-04:00,1.36532,1.365325,1.365235,1.365235,-1.0,-1.0,-1
2026-05-08 01:34:40-04:00,1.365235,1.36531,1.365235,1.365295,-1.0,-1.0,-1
2026-05-08 01:34:45-04:00,1.365295,1.365295,1.365295,1.365295,-1.0,-1.0,-1
2026-05-08 01:34:50-04:00,1.365295,1.3653,1.365295,1.3653,-1.0,-1.0,-1
2026-05-08 01:34:55-04:00,1.3653,1.365325,1.365295,1.365325,-1.0,-1.0,-1
2026-05-08 01:35:00-04:00,1.365325,1.365345,1.365325,1.365335,-1.0,-1.0,-1
2026-05-08 01:35:05-04:00,1.365335,1.36534,1.365335,1.365335,-1.0,-1.0,-1
2026-05-08 01:35:10-04:00,1.365335,1.365345,1.365335,1.365345,-1.0,-1.0,-1
2026-05-08 01:35:15-04:00,1.365345,1.365345,1.365335,1.36534,-1.0,-1.0,-1
2026-05-08 01:35:20-04:00,1.36534,1.365345,1.365335,1.365345,-1.0,-1.0,-1
2026-05-08 01:35:25-04:00,1.365345,1.365345,1.36533,1.365335,-1.0,-1.0,-1
2026-05-08 01:35:30-04:00,1.365335,1.36534,1.365335,1.36534,-1.0,-1.0,-1
2026-05-08 01:35:35-04:00,1.36534,1.365345,1.365335,1.365345,-1.0,-1.0,-1
2026-05-08 01:35:40-04:00,1.365345,1.36535,1.365345,1.36535,-1.0,-1.0,-1
2026-05-08 01:35:45-04:00,1.36535,1.36537,1.36535,1.36536,-1.0,-1.0,-1
2026-05-08 01:35:50-04:00,1.36536,1.36536,1.365345,1.365355,-1.0,-1.0,-1
2026-05-08 01:35:55-04:00,1.365355,1.365355,1.36535,1.36535,-1.0,-1.0,-1
2026-05-08 01:36:00-04:00,1.36535,1.365355,1.36535,1.36535,-1.0,-1.0,-1
2026-05-08 01:36:05-04:00,1.36535,1.36538,1.36535,1.36538,-1.0,-1.0,-1
2026-05-08 01:36:10-04:00,1.36538,1.36538,1.36535,1.36535,-1.0,-1.0,-1
2026-05-08 01:36:15-04:00,1.36535,1.36535,1.365345,1.365345,-1.0,-1.0,-1
2026-05-08 01:36:20-04:00,1.365345,1.365345,1.365345,1.365345,-1.0,-1.0,-1
2026-05-08 01:36:25-04:00,1.365345,1.36535,1.365345,1.36535,-1.0,-1.0,-1
2026-05-08 01:36:30-04:00,1.36535,1.36535,1.365335,1.36535,-1.0,-1.0,-1
2026-05-08 01:36:35-04:00,1.36535,1.36535,1.365345,1.365345,-1.0,-1.0,-1
2026-05-08 01:36:40-04:00,1.365345,1.365345,1.3653,1.365305,-1.0,-1.0,-1
2026-05-08 01:36:45-04:00,1.365305,1.365305,1.365305,1.365305,-1.0,-1.0,-1
2026-05-08 01:36:50-04:00,1.365305,1.36537,1.365305,1.36537,-1.0,-1.0,-1
2026-05-08 01:36:55-04:00,1.36537,1.365375,1.365365,1.36537,-1.0,-1.0,-1
2026-05-08 01:37:00-04:00,1.36537,1.36537,1.36536,1.36537,-1.0,-1.0,-1
2026-05-08 01:37:05-04:00,1.36537,1.365375,1.36537,1.365375,-1.0,-1.0,-1
2026-05-08 01:37:10-04:00,1.365375,1.36538,1.36537,1.36538,-1.0,-1.0,-1
2026-05-08 01:37:15-04:00,1.36538,1.3654,1.36538,1.3654,-1.0,-1.0,-1
2026-05-08 01:37:20-04:00,1.3654,1.3654,1.365395,1.365395,-1.0,-1.0,-1
2026-05-08 01:37:25-04:00,1.365395,1.365465,1.365395,1.36546,-1.0,-1.0,-1
2026-05-08 01:37:30-04:00,1.36546,1.365465,1.365425,1.365425,-1.0,-1.0,-1
2026-05-08 01:37:35-04:00,1.365425,1.365445,1.36542,1.365435,-1.0,-1.0,-1
2026-05-08 01:37:40-04:00,1.365435,1.365435,1.365425,1.365425,-1.0,-1.0,-1
2026-05-08 01:37:45-04:00,1.365425,1.36545,1.365425,1.36545,-1.0,-1.0,-1
2026-05-08 01:37:50-04:00,1.36545,1.365455,1.36545,1.365455,-1.0,-1.0,-1
2026-05-08 01:37:55-04:00,1.365455,1.365455,1.36545,1.365455,-1.0,-1.0,-1
2026-05-08 01:38:00-04:00,1.365455,1.36547,1.365455,1.365455,-1.0,-1.0,-1
2026-05-08 01:38:05-04:00,1.365455,1.365455,1.365455,1.365455,-1.0,-1.0,-1
2026-05-08 01:38:10-04:00,1.365455,1.365485,1.365455,1.36548,-1.0,-1.0,-1
2026-05-08 01:38:15-04:00,1.36548,1.36549,1.36548,1.365485,-1.0,-1.0,-1
2026-05-08 01:38:20-04:00,1.365485,1.365495,1.365485,1.365495,-1.0,-1.0,-1
2026-05-08 01:38:25-04:00,1.365495,1.365495,1.36549,1.36549,-1.0,-1.0,-1
2026-05-08 01:38:30-04:00,1.36549,1.365495,1.36549,1.365495,-1.0,-1.0,-1
2026-05-08 01:38:35-04:00,1.365495,1.36552,1.36549,1.365515,-1.0,-1.0,-1
2026-05-08 01:38:40-04:00,1.365515,1.365515,1.36551,1.36551,-1.0,-1.0,-1
2026-05-08 01:38:45-04:00,1.36551,1.365515,1.365505,1.36551,-1.0,-1.0,-1
2026-05-08 01:38:50-04:00,1.36551,1.36551,1.36549,1.365495,-1.0,-1.0,-1
2026-05-08 01:38:55-04:00,1.365495,1.365495,1.365485,1.365485,-1.0,-1.0,-1
2026-05-08 01:39:00-04:00,1.365485,1.36551,1.365485,1.365495,-1.0,-1.0,-1
2026-05-08 01:39:05-04:00,1.365495,1.3655,1.365495,1.365495,-1.0,-1.0,-1
2026-05-08 01:39:10-04:00,1.365495,1.365495,1.365485,1.365485,-1.0,-1.0,-1
2026-05-08 01:39:15-04:00,1.365485,1.365485,1.365485,1.365485,-1.0,-1.0,-1
2026-05-08 01:39:20-04:00,1.365485,1.36549,1.365485,1.36549,-1.0,-1.0,-1
2026-05-08 01:39:25-04:00,1.36549,1.365495,1.36549,1.36549,-1.0,-1.0,-1
2026-05-08 01:39:30-04:00,1.36549,1.365505,1.36549,1.36549,-1.0,-1.0,-1
2026-05-08 01:39:35-04:00,1.36549,1.36549,1.36549,1.36549,-1.0,-1.0,-1
2026-05-08 01:39:40-04:00,1.36549,1.36549,1.365485,1.36549,-1.0,-1.0,-1
2026-05-08 01:39:45-04:00,1.36549,1.36549,1.36549,1.36549,-1.0,-1.0,-1
2026-05-08 01:39:50-04:00,1.36549,1.365515,1.36549,1.365505,-1.0,-1.0,-1
2026-05-08 01:39:55-04:00,1.365505,1.365505,1.365495,1.365495,-1.0,-1.0,-1
2026-05-08 01:40:00-04:00,1.365495,1.36553,1.36549,1.365525,-1.0,-1.0,-1
2026-05-08 01:40:05-04:00,1.365525,1.36555,1.36552,1.365535,-1.0,-1.0,-1
2026-05-08 01:40:10-04:00,1.365535,1.36556,1.365535,1.365555,-1.0,-1.0,-1
2026-05-08 01:40:15-04:00,1.365555,1.365565,1.36555,1.365565,-1.0,-1.0,-1
2026-05-08 01:40:20-04:00,1.365565,1.36558,1.36556,1.365575,-1.0,-1.0,-1
2026-05-08 01:40:25-04:00,1.365575,1.36558,1.36557,1.36557,-1.0,-1.0,-1
2026-05-08 01:40:30-04:00,1.36557,1.36557,1.36554,1.365545,-1.0,-1.0,-1
2026-05-08 01:40:35-04:00,1.365545,1.365545,1.365545,1.365545,-1.0,-1.0,-1
2026-05-08 01:40:40-04:00,1.365545,1.36555,1.365545,1.36555,-1.0,-1.0,-1
2026-05-08 01:40:45-04:00,1.36555,1.36555,1.365545,1.36555,-1.0,-1.0,-1
2026-05-08 01:40:50-04:00,1.36555,1.36557,1.36555,1.365565,-1.0,-1.0,-1
2026-05-08 01:40:55-04:00,1.365565,1.36557,1.365555,1.365555,-1.0,-1.0,-1
2026-05-08 01:41:00-04:00,1.365555,1.36557,1.36555,1.36555,-1.0,-1.0,-1
2026-05-08 01:41:05-04:00,1.36555,1.36555,1.365535,1.36554,-1.0,-1.0,-1
2026-05-08 01:41:10-04:00,1.36554,1.36554,1.365515,1.365525,-1.0,-1.0,-1
2026-05-08 01:41:15-04:00,1.365525,1.36553,1.365525,1.36553,-1.0,-1.0,-1
2026-05-08 01:41:20-04:00,1.36553,1.36554,1.365525,1.36553,-1.0,-1.0,-1
2026-05-08 01:41:25-04:00,1.36553,1.36553,1.365525,1.36553,-1.0,-1.0,-1
2026-05-08 01:41:30-04:00,1.36553,1.36553,1.365515,1.365525,-1.0,-1.0,-1
2026-05-08 01:41:35-04:00,1.365525,1.36553,1.365485,1.36549,-1.0,-1.0,-1
2026-05-08 01:41:40-04:00,1.36549,1.365505,1.36549,1.365505,-1.0,-1.0,-1
2026-05-08 01:41:45-04:00,1.365505,1.365505,1.365485,1.365485,-1.0,-1.0,-1
2026-05-08 01:41:50-04:00,1.365485,1.365485,1.365485,1.365485,-1.0,-1.0,-1
2026-05-08 01:41:55-04:00,1.365485,1.36549,1.36548,1.36548,-1.0,-1.0,-1
2026-05-08 01:42:00-04:00,1.36548,1.365485,1.36548,1.365485,-1.0,-1.0,-1
2026-05-08 01:42:05-04:00,1.365485,1.36549,1.36548,1.36549,-1.0,-1.0,-1
2026-05-08 01:42:10-04:00,1.36549,1.36549,1.36548,1.36548,-1.0,-1.0,-1
2026-05-08 01:42:15-04:00,1.36548,1.36549,1.36548,1.365485,-1.0,-1.0,-1
2026-05-08 01:42:20-04:00,1.365485,1.36549,1.365485,1.36549,-1.0,-1.0,-1
2026-05-08 01:42:25-04:00,1.36549,1.36549,1.36549,1.36549,-1.0,-1.0,-1
2026-05-08 01:42:30-04:00,1.36549,1.36549,1.36549,1.36549,-1.0,-1.0,-1
2026-05-08 01:42:35-04:00,1.36549,1.36549,1.365485,1.36549,-1.0,-1.0,-1
2026-05-08 01:42:40-04:00,1.36549,1.36549,1.36549,1.36549,-1.0,-1.0,-1
2026-05-08 01:42:45-04:00,1.36549,1.36549,1.36549,1.36549,-1.0,-1.0,-1
2026-05-08 01:42:50-04:00,1.36549,1.36549,1.36548,1.36549,-1.0,-1.0,-1
2026-05-08 01:42:55-04:00,1.36549,1.36549,1.365435,1.36544,-1.0,-1.0,-1
2026-05-08 01:43:00-04:00,1.36544,1.36544,1.36543,1.36543,-1.0,-1.0,-1
2026-05-08 01:43:05-04:00,1.36543,1.36544,1.36543,1.365435,-1.0,-1.0,-1
2026-05-08 01:43:10-04:00,1.365435,1.36545,1.365435,1.36544,-1.0,-1.0,-1
2026-05-08 01:43:15-04:00,1.36544,1.36545,1.36544,1.36545,-1.0,-1.0,-1
2026-05-08 01:43:20-04:00,1.36545,1.36545,1.36544,1.36545,-1.0,-1.0,-1
2026-05-08 01:43:25-04:00,1.36545,1.36545,1.36543,1.365435,-1.0,-1.0,-1
2026-05-08 01:43:30-04:00,1.365435,1.365435,1.365435,1.365435,-1.0,-1.0,-1
2026-05-08 01:43:35-04:00,1.365435,1.365435,1.36541,1.36541,-1.0,-1.0,-1
2026-05-08 01:43:40-04:00,1.36541,1.36543,1.3654,1.3654,-1.0,-1.0,-1
2026-05-08 01:43:45-04:00,1.3654,1.365405,1.3654,1.365405,-1.0,-1.0,-1
2026-05-08 01:43:50-04:00,1.365405,1.365405,1.3654,1.3654,-1.0,-1.0,-1
2026-05-08 01:43:55-04:00,1.3654,1.365405,1.3654,1.3654,-1.0,-1.0,-1
2026-05-08 01:44:00-04:00,1.3654,1.36541,1.3654,1.36541,-1.0,-1.0,-1
2026-05-08 01:44:05-04:00,1.36541,1.365435,1.36541,1.36543,-1.0,-1.0,-1
2026-05-08 01:44:10-04:00,1.36543,1.36543,1.36543,1.36543,-1.0,-1.0,-1
2026-05-08 01:44:15-04:00,1.36543,1.36545,1.36543,1.36545,-1.0,-1.0,-1
2026-05-08 01:44:20-04:00,1.36545,1.365455,1.36545,1.36545,-1.0,-1.0,-1
2026-05-08 01:44:25-04:00,1.36545,1.36545,1.36545,1.36545,-1.0,-1.0,-1
2026-05-08 01:44:30-04:00,1.36545,1.36545,1.36545,1.36545,-1.0,-1.0,-1
2026-05-08 01:44:35-04:00,1.36545,1.36545,1.365435,1.365435,-1.0,-1.0,-1
2026-05-08 01:44:40-04:00,1.365435,1.365435,1.365425,1.36543,-1.0,-1.0,-1
2026-05-08 01:44:45-04:00,1.36543,1.365435,1.36543,1.365435,-1.0,-1.0,-1
2026-05-08 01:44:50-04:00,1.365435,1.36545,1.3654,1.36541,-1.0,-1.0,-1
2026-05-08 01:44:55-04:00,1.36541,1.36541,1.3654,1.365405,-1.0,-1.0,-1
2026-05-08 01:45:00-04:00,1.365405,1.365405,1.365375,1.365375,-1.0,-1.0,-1
2026-05-08 01:45:05-04:00,1.365375,1.36538,1.365365,1.365375,-1.0,-1.0,-1
2026-05-08 01:45:10-04:00,1.365375,1.365385,1.36537,1.365375,-1.0,-1.0,-1
2026-05-08 01:45:15-04:00,1.365375,1.365385,1.365375,1.365385,-1.0,-1.0,-1
2026-05-08 01:45:20-04:00,1.365385,1.36539,1.36538,1.365385,-1.0,-1.0,-1
2026-05-08 01:45:25-04:00,1.365385,1.365425,1.365385,1.365405,-1.0,-1.0,-1
2026-05-08 01:45:30-04:00,1.365405,1.365405,1.365395,1.365395,-1.0,-1.0,-1
2026-05-08 01:45:35-04:00,1.365395,1.3654,1.365395,1.365395,-1.0,-1.0,-1
2026-05-08 01:45:40-04:00,1.365395,1.365395,1.365395,1.365395,-1.0,-1.0,-1
2026-05-08 01:45:45-04:00,1.365395,1.365395,1.36539,1.365395,-1.0,-1.0,-1
2026-05-08 01:45:50-04:00,1.365395,1.36545,1.365395,1.36545,-1.0,-1.0,-1
2026-05-08 01:45:55-04:00,1.36545,1.365465,1.36545,1.365465,-1.0,-1.0,-1
2026-05-08 01:46:00-04:00,1.365465,1.365465,1.36543,1.36543,-1.0,-1.0,-1
2026-05-08 01:46:05-04:00,1.36543,1.365435,1.36542,1.36543,-1.0,-1.0,-1
2026-05-08 01:46:10-04:00,1.36543,1.365435,1.365425,1.365425,-1.0,-1.0,-1
2026-05-08 01:46:15-04:00,1.365425,1.365425,1.36541,1.365425,-1.0,-1.0,-1
2026-05-08 01:46:20-04:00,1.365425,1.365425,1.365405,1.36541,-1.0,-1.0,-1
2026-05-08 01:46:25-04:00,1.36541,1.36542,1.36541,1.36542,-1.0,-1.0,-1
2026-05-08 01:46:30-04:00,1.36542,1.365425,1.36542,1.365425,-1.0,-1.0,-1
2026-05-08 01:46:35-04:00,1.365425,1.365425,1.36541,1.36541,-1.0,-1.0,-1
2026-05-08 01:46:40-04:00,1.36541,1.365425,1.36541,1.365425,-1.0,-1.0,-1
2026-05-08 01:46:45-04:00,1.365425,1.365425,1.36541,1.36541,-1.0,-1.0,-1
2026-05-08 01:46:50-04:00,1.36541,1.36541,1.36541,1.36541,-1.0,-1.0,-1
2026-05-08 01:46:55-04:00,1.36541,1.36541,1.36541,1.36541,-1.0,-1.0,-1
2026-05-08 01:47:00-04:00,1.36541,1.36541,1.365375,1.36538,-1.0,-1.0,-1
2026-05-08 01:47:05-04:00,1.36538,1.36538,1.36538,1.36538,-1.0,-1.0,-1
2026-05-08 01:47:10-04:00,1.36538,1.365385,1.36538,1.36538,-1.0,-1.0,-1
2026-05-08 01:47:15-04:00,1.36538,1.36538,1.365375,1.36538,-1.0,-1.0,-1
2026-05-08 01:47:20-04:00,1.36538,1.365395,1.36538,1.365395,-1.0,-1.0,-1
2026-05-08 01:47:25-04:00,1.365395,1.3654,1.365385,1.365385,-1.0,-1.0,-1
2026-05-08 01:47:30-04:00,1.365385,1.365385,1.365385,1.365385,-1.0,-1.0,-1
2026-05-08 01:47:35-04:00,1.365385,1.365445,1.365385,1.365445,-1.0,-1.0,-1
2026-05-08 01:47:40-04:00,1.365445,1.365465,1.36543,1.365465,-1.0,-1.0,-1
2026-05-08 01:47:45-04:00,1.365465,1.365465,1.36544,1.36544,-1.0,-1.0,-1
2026-05-08 01:47:50-04:00,1.36544,1.365445,1.365425,1.365445,-1.0,-1.0,-1
2026-05-08 01:47:55-04:00,1.365445,1.365445,1.365425,1.365425,-1.0,-1.0,-1
2026-05-08 01:48:00-04:00,1.365425,1.365425,1.36541,1.365415,-1.0,-1.0,-1
2026-05-08 01:48:05-04:00,1.365415,1.36543,1.365415,1.36543,-1.0,-1.0,-1
2026-05-08 01:48:10-04:00,1.36543,1.365435,1.36543,1.365435,-1.0,-1.0,-1
2026-05-08 01:48:15-04:00,1.365435,1.365465,1.365435,1.365465,-1.0,-1.0,-1
2026-05-08 01:48:20-04:00,1.365465,1.365465,1.365465,1.365465,-1.0,-1.0,-1
2026-05-08 01:48:25-04:00,1.365465,1.36549,1.365465,1.365485,-1.0,-1.0,-1
2026-05-08 01:48:30-04:00,1.365485,1.36549,1.365485,1.36549,-1.0,-1.0,-1
2026-05-08 01:48:35-04:00,1.36549,1.36549,1.36548,1.365485,-1.0,-1.0,-1
2026-05-08 01:48:40-04:00,1.365485,1.36549,1.365485,1.36549,-1.0,-1.0,-1
2026-05-08 01:48:45-04:00,1.36549,1.365495,1.365485,1.36549,-1.0,-1.0,-1
2026-05-08 01:48:50-04:00,1.36549,1.36549,1.36547,1.365485,-1.0,-1.0,-1
2026-05-08 01:48:55-04:00,1.365485,1.365485,1.36548,1.36548,-1.0,-1.0,-1
2026-05-08 01:49:00-04:00,1.36548,1.365485,1.36548,1.365485,-1.0,-1.0,-1
2026-05-08 01:49:05-04:00,1.365485,1.365495,1.36548,1.365495,-1.0,-1.0,-1
2026-05-08 01:49:10-04:00,1.365495,1.365495,1.36549,1.36549,-1.0,-1.0,-1
2026-05-08 01:49:15-04:00,1.36549,1.365495,1.36549,1.36549,-1.0,-1.0,-1
2026-05-08 01:49:20-04:00,1.36549,1.365505,1.36549,1.365505,-1.0,-1.0,-1
2026-05-08 01:49:25-04:00,1.365505,1.36551,1.36549,1.36549,-1.0,-1.0,-1
2026-05-08 01:49:30-04:00,1.36549,1.365495,1.36549,1.365495,-1.0,-1.0,-1
2026-05-08 01:49:35-04:00,1.365495,1.365495,1.365495,1.365495,-1.0,-1.0,-1
2026-05-08 01:49:40-04:00,1.365495,1.365495,1.36549,1.36549,-1.0,-1.0,-1
2026-05-08 01:49:45-04:00,1.36549,1.36549,1.36549,1.36549,-1.0,-1.0,-1
2026-05-08 01:49:50-04:00,1.36549,1.36549,1.36549,1.36549,-1.0,-1.0,-1
2026-05-08 01:49:55-04:00,1.36549,1.36549,1.365485,1.365485,-1.0,-1.0,-1
2026-05-08 01:50:00-04:00,1.365485,1.36549,1.36547,1.36549,-1.0,-1.0,-1
2026-05-08 01:50:05-04:00,1.36549,1.365495,1.36549,1.365495,-1.0,-1.0,-1
2026-05-08 01:50:10-04:00,1.365495,1.365515,1.365495,1.365515,-1.0,-1.0,-1
2026-05-08 01:50:15-04:00,1.365515,1.36554,1.365515,1.36553,-1.0,-1.0,-1
2026-05-08 01:50:20-04:00,1.36553,1.36555,1.36553,1.36555,-1.0,-1.0,-1
2026-05-08 01:50:25-04:00,1.36555,1.36555,1.36555,1.36555,-1.0,-1.0,-1
2026-05-08 01:50:30-04:00,1.36555,1.36555,1.365545,1.36555,-1.0,-1.0,-1
2026-05-08 01:50:35-04:00,1.36555,1.365555,1.36555,1.365555,-1.0,-1.0,-1
2026-05-08 01:50:40-04:00,1.365555,1.365555,1.365505,1.365505,-1.0,-1.0,-1
2026-05-08 01:50:45-04:00,1.365505,1.36551,1.365495,1.3655,-1.0,-1.0,-1
2026-05-08 01:50:50-04:00,1.3655,1.36552,1.3655,1.36551,-1.0,-1.0,-1
2026-05-08 01:50:55-04:00,1.36551,1.36551,1.36549,1.36551,-1.0,-1.0,-1
2026-05-08 01:51:00-04:00,1.36551,1.365535,1.36551,1.365535,-1.0,-1.0,-1
2026-05-08 01:51:05-04:00,1.365535,1.365565,1.36553,1.365565,-1.0,-1.0,-1
2026-05-08 01:51:10-04:00,1.365565,1.365565,1.36556,1.36556,-1.0,-1.0,-1
2026-05-08 01:51:15-04:00,1.36556,1.36557,1.36556,1.36557,-1.0,-1.0,-1
2026-05-08 01:51:20-04:00,1.36557,1.36557,1.36556,1.36556,-1.0,-1.0,-1
2026-05-08 01:51:25-04:00,1.36556,1.36561,1.36556,1.36561,-1.0,-1.0,-1
2026-05-08 01:51:30-04:00,1.36561,1.36561,1.365605,1.365605,-1.0,-1.0,-1
2026-05-08 01:51:35-04:00,1.365605,1.365635,1.365605,1.365635,-1.0,-1.0,-1
2026-05-08 01:51:40-04:00,1.365635,1.365635,1.36563,1.365635,-1.0,-1.0,-1
2026-05-08 01:51:45-04:00,1.365635,1.36564,1.36562,1.36564,-1.0,-1.0,-1
2026-05-08 01:51:50-04:00,1.36564,1.36564,1.36564,1.36564,-1.0,-1.0,-1
2026-05-08 01:51:55-04:00,1.36564,1.365645,1.365635,1.365635,-1.0,-1.0,-1
2026-05-08 01:52:00-04:00,1.365635,1.365635,1.36562,1.36563,-1.0,-1.0,-1
2026-05-08 01:52:05-04:00,1.36563,1.36564,1.36563,1.36564,-1.0,-1.0,-1
2026-05-08 01:52:10-04:00,1.36564,1.365645,1.36564,1.365645,-1.0,-1.0,-1
2026-05-08 01:52:15-04:00,1.365645,1.365645,1.36564,1.365645,-1.0,-1.0,-1
2026-05-08 01:52:20-04:00,1.365645,1.365645,1.36564,1.36564,-1.0,-1.0,-1
2026-05-08 01:52:25-04:00,1.36564,1.36564,1.365635,1.365635,-1.0,-1.0,-1
2026-05-08 01:52:30-04:00,1.365635,1.36566,1.365635,1.365655,-1.0,-1.0,-1
2026-05-08 01:52:35-04:00,1.365655,1.365665,1.36565,1.36566,-1.0,-1.0,-1
2026-05-08 01:52:40-04:00,1.36566,1.36566,1.365635,1.365635,-1.0,-1.0,-1
2026-05-08 01:52:45-04:00,1.365635,1.365635,1.36563,1.365635,-1.0,-1.0,-1
2026-05-08 01:52:50-04:00,1.365635,1.365635,1.36563,1.365635,-1.0,-1.0,-1
2026-05-08 01:52:55-04:00,1.365635,1.365635,1.365635,1.365635,-1.0,-1.0,-1
2026-05-08 01:53:00-04:00,1.365635,1.365635,1.365635,1.365635,-1.0,-1.0,-1
2026-05-08 01:53:05-04:00,1.365635,1.365635,1.365635,1.365635,-1.0,-1.0,-1
2026-05-08 01:53:10-04:00,1.365635,1.365635,1.36563,1.36563,-1.0,-1.0,-1
2026-05-08 01:53:15-04:00,1.36563,1.365635,1.36563,1.36563,-1.0,-1.0,-1
2026-05-08 01:53:20-04:00,1.36563,1.365635,1.36563,1.365635,-1.0,-1.0,-1
2026-05-08 01:53:25-04:00,1.365635,1.365635,1.365635,1.365635,-1.0,-1.0,-1
2026-05-08 01:53:30-04:00,1.365635,1.365635,1.36561,1.36561,-1.0,-1.0,-1
2026-05-08 01:53:35-04:00,1.36561,1.36562,1.36561,1.36562,-1.0,-1.0,-1
2026-05-08 01:53:40-04:00,1.36562,1.365635,1.36562,1.365635,-1.0,-1.0,-1
2026-05-08 01:53:45-04:00,1.365635,1.365635,1.36563,1.365635,-1.0,-1.0,-1
2026-05-08 01:53:50-04:00,1.365635,1.365635,1.365635,1.365635,-1.0,-1.0,-1
2026-05-08 01:53:55-04:00,1.365635,1.36564,1.36563,1.365635,-1.0,-1.0,-1
2026-05-08 01:54:00-04:00,1.365635,1.365635,1.36562,1.365635,-1.0,-1.0,-1
2026-05-08 01:54:05-04:00,1.365635,1.365635,1.36563,1.36563,-1.0,-1.0,-1
2026-05-08 01:54:10-04:00,1.36563,1.365635,1.36563,1.365635,-1.0,-1.0,-1
2026-05-08 01:54:15-04:00,1.365635,1.365635,1.36558,1.365605,-1.0,-1.0,-1
2026-05-08 01:54:20-04:00,1.365605,1.365605,1.36558,1.36558,-1.0,-1.0,-1
2026-05-08 01:54:25-04:00,1.36558,1.365605,1.36558,1.36558,-1.0,-1.0,-1
2026-05-08 01:54:30-04:00,1.36558,1.365605,1.36558,1.365605,-1.0,-1.0,-1
2026-05-08 01:54:35-04:00,1.365605,1.365605,1.365605,1.365605,-1.0,-1.0,-1
2026-05-08 01:54:40-04:00,1.365605,1.365605,1.365605,1.365605,-1.0,-1.0,-1
2026-05-08 01:54:45-04:00,1.365605,1.365605,1.36558,1.365605,-1.0,-1.0,-1
2026-05-08 01:54:50-04:00,1.365605,1.36561,1.365605,1.365605,-1.0,-1.0,-1
2026-05-08 01:54:55-04:00,1.365605,1.36561,1.365605,1.36561,-1.0,-1.0,-1
2026-05-08 01:55:00-04:00,1.36561,1.36561,1.365485,1.365495,-1.0,-1.0,-1
2026-05-08 01:55:05-04:00,1.365495,1.36551,1.365495,1.365495,-1.0,-1.0,-1
2026-05-08 01:55:10-04:00,1.365495,1.365495,1.36549,1.36549,-1.0,-1.0,-1
2026-05-08 01:55:15-04:00,1.36549,1.365495,1.36549,1.365495,-1.0,-1.0,-1
2026-05-08 01:55:20-04:00,1.365495,1.365495,1.365495,1.365495,-1.0,-1.0,-1
2026-05-08 01:55:25-04:00,1.365495,1.36551,1.365495,1.36551,-1.0,-1.0,-1
2026-05-08 01:55:30-04:00,1.36551,1.365515,1.36549,1.36549,-1.0,-1.0,-1
2026-05-08 01:55:35-04:00,1.36549,1.36549,1.36548,1.36548,-1.0,-1.0,-1
2026-05-08 01:55:40-04:00,1.36548,1.365485,1.36548,1.365485,-1.0,-1.0,-1
2026-05-08 01:55:45-04:00,1.365485,1.36549,1.36548,1.36549,-1.0,-1.0,-1
2026-05-08 01:55:50-04:00,1.36549,1.365495,1.36549,1.365495,-1.0,-1.0,-1
2026-05-08 01:55:55-04:00,1.365495,1.365495,1.36549,1.36549,-1.0,-1.0,-1
2026-05-08 01:56:00-04:00,1.36549,1.36549,1.365485,1.36549,-1.0,-1.0,-1
2026-05-08 01:56:05-04:00,1.36549,1.36549,1.36549,1.36549,-1.0,-1.0,-1
2026-05-08 01:56:10-04:00,1.36549,1.36549,1.365485,1.36549,-1.0,-1.0,-1
2026-05-08 01:56:15-04:00,1.36549,1.365495,1.36549,1.365495,-1.0,-1.0,-1
2026-05-08 01:56:20-04:00,1.365495,1.36552,1.365495,1.3655,-1.0,-1.0,-1
2026-05-08 01:56:25-04:00,1.3655,1.3655,1.365495,1.3655,-1.0,-1.0,-1
2026-05-08 01:56:30-04:00,1.3655,1.3655,1.365495,1.3655,-1.0,-1.0,-1
2026-05-08 01:56:35-04:00,1.3655,1.3655,1.365495,1.3655,-1.0,-1.0,-1
2026-05-08 01:56:40-04:00,1.3655,1.3655,1.365495,1.365495,-1.0,-1.0,-1
2026-05-08 01:56:45-04:00,1.365495,1.365495,1.36549,1.36549,-1.0,-1.0,-1
2026-05-08 01:56:50-04:00,1.36549,1.36549,1.365435,1.36544,-1.0,-1.0,-1
2026-05-08 01:56:55-04:00,1.36544,1.36545,1.36544,1.36545,-1.0,-1.0,-1
2026-05-08 01:57:00-04:00,1.36545,1.36545,1.36545,1.36545,-1.0,-1.0,-1
2026-05-08 01:57:05-04:00,1.36545,1.36545,1.36542,1.36542,-1.0,-1.0,-1
2026-05-08 01:57:10-04:00,1.36542,1.36542,1.36542,1.36542,-1.0,-1.0,-1
2026-05-08 01:57:15-04:00,1.36542,1.36542,1.365405,1.365415,-1.0,-1.0,-1
2026-05-08 01:57:20-04:00,1.365415,1.365415,1.365415,1.365415,-1.0,-1.0,-1
2026-05-08 01:57:25-04:00,1.365415,1.365415,1.365415,1.365415,-1.0,-1.0,-1
2026-05-08 01:57:30-04:00,1.365415,1.36542,1.36541,1.36541,-1.0,-1.0,-1
2026-05-08 01:57:35-04:00,1.36541,1.36541,1.365405,1.36541,-1.0,-1.0,-1
2026-05-08 01:57:40-04:00,1.36541,1.36541,1.365405,1.365405,-1.0,-1.0,-1
2026-05-08 01:57:45-04:00,1.365405,1.365405,1.365405,1.365405,-1.0,-1.0,-1
2026-05-08 01:57:50-04:00,1.365405,1.365405,1.365405,1.365405,-1.0,-1.0,-1
2026-05-08 01:57:55-04:00,1.365405,1.365405,1.365405,1.365405,-1.0,-1.0,-1
2026-05-08 01:58:00-04:00,1.365405,1.36542,1.365405,1.36542,-1.0,-1.0,-1
2026-05-08 01:58:05-04:00,1.36542,1.36542,1.365405,1.365405,-1.0,-1.0,-1
2026-05-08 01:58:10-04:00,1.365405,1.365405,1.3654,1.3654,-1.0,-1.0,-1
2026-05-08 01:58:15-04:00,1.3654,1.36542,1.3654,1.36542,-1.0,-1.0,-1
2026-05-08 01:58:20-04:00,1.36542,1.365425,1.36541,1.365425,-1.0,-1.0,-1
2026-05-08 01:58:25-04:00,1.365425,1.3655,1.365425,1.3655,-1.0,-1.0,-1
2026-05-08 01:58:30-04:00,1.3655,1.3655,1.365495,1.365495,-1.0,-1.0,-1
2026-05-08 01:58:35-04:00,1.365495,1.36551,1.365495,1.365495,-1.0,-1.0,-1
2026-05-08 01:58:40-04:00,1.365495,1.3655,1.365495,1.3655,-1.0,-1.0,-1
2026-05-08 01:58:45-04:00,1.3655,1.36551,1.365495,1.36551,-1.0,-1.0,-1
2026-05-08 01:58:50-04:00,1.36551,1.36551,1.365495,1.365495,-1.0,-1.0,-1
2026-05-08 01:58:55-04:00,1.365495,1.365495,1.365455,1.36546,-1.0,-1.0,-1
2026-05-08 01:59:00-04:00,1.36546,1.365495,1.36546,1.36549,-1.0,-1.0,-1
2026-05-08 01:59:05-04:00,1.36549,1.36549,1.365475,1.36548,-1.0,-1.0,-1
2026-05-08 01:59:10-04:00,1.36548,1.36549,1.365475,1.36549,-1.0,-1.0,-1
2026-05-08 01:59:15-04:00,1.36549,1.36549,1.36548,1.36549,-1.0,-1.0,-1
2026-05-08 01:59:20-04:00,1.36549,1.36549,1.36548,1.365485,-1.0,-1.0,-1
2026-05-08 01:59:25-04:00,1.365485,1.365485,1.36548,1.365485,-1.0,-1.0,-1
2026-05-08 01:59:30-04:00,1.365485,1.365485,1.365475,1.365475,-1.0,-1.0,-1
2026-05-08 01:59:35-04:00,1.365475,1.365475,1.365475,1.365475,-1.0,-1.0,-1
2026-05-08 01:59:40-04:00,1.365475,1.365495,1.365475,1.36548,-1.0,-1.0,-1
2026-05-08 01:59:45-04:00,1.36548,1.365495,1.36548,1.36549,-1.0,-1.0,-1
2026-05-08 01:59:50-04:00,1.36549,1.3655,1.36549,1.3655,-1.0,-1.0,-1
2026-05-08 01:59:55-04:00,1.3655,1.36552,1.3655,1.365515,-1.0,-1.0,-1
2026-05-08 02:00:00-04:00,1.365515,1.36552,1.36549,1.365515,-1.0,-1.0,-1
2026-05-08 02:00:05-04:00,1.365515,1.36552,1.3655,1.365505,-1.0,-1.0,-1
2026-05-08 02:00:10-04:00,1.365505,1.36552,1.365505,1.36552,-1.0,-1.0,-1
2026-05-08 02:00:15-04:00,1.36552,1.36552,1.365505,1.365505,-1.0,-1.0,-1
2026-05-08 02:00:20-04:00,1.365505,1.36551,1.3655,1.3655,-1.0,-1.0,-1
2026-05-08 02:00:25-04:00,1.3655,1.3655,1.3655,1.3655,-1.0,-1.0,-1
2026-05-08 02:00:30-04:00,1.3655,1.365515,1.3655,1.365515,-1.0,-1.0,-1
2026-05-08 02:00:35-04:00,1.365515,1.365515,1.3655,1.3655,-1.0,-1.0,-1
2026-05-08 02:00:40-04:00,1.3655,1.36551,1.3655,1.3655,-1.0,-1.0,-1
2026-05-08 02:00:45-04:00,1.3655,1.36551,1.3655,1.36551,-1.0,-1.0,-1
2026-05-08 02:00:50-04:00,1.36551,1.365515,1.365495,1.365495,-1.0,-1.0,-1
2026-05-08 02:00:55-04:00,1.365495,1.365495,1.36547,1.36547,-1.0,-1.0,-1
2026-05-08 02:01:00-04:00,1.36547,1.365485,1.3654,1.3654,-1.0,-1.0,-1
2026-05-08 02:01:05-04:00,1.3654,1.3654,1.365395,1.365395,-1.0,-1.0,-1
2026-05-08 02:01:10-04:00,1.365395,1.365395,1.365385,1.365385,-1.0,-1.0,-1
2026-05-08 02:01:15-04:00,1.365385,1.365395,1.365385,1.365395,-1.0,-1.0,-1
2026-05-08 02:01:20-04:00,1.365395,1.3654,1.365395,1.365395,-1.0,-1.0,-1
2026-05-08 02:01:25-04:00,1.365395,1.365435,1.365395,1.36541,-1.0,-1.0,-1
2026-05-08 02:01:30-04:00,1.36541,1.36541,1.365405,1.365405,-1.0,-1.0,-1
2026-05-08 02:01:35-04:00,1.365405,1.36541,1.365405,1.365405,-1.0,-1.0,-1
2026-05-08 02:01:40-04:00,1.365405,1.36541,1.365395,1.365405,-1.0,-1.0,-1
2026-05-08 02:01:45-04:00,1.365405,1.365405,1.365395,1.3654,-1.0,-1.0,-1
2026-05-08 02:01:50-04:00,1.3654,1.36541,1.3654,1.365405,-1.0,-1.0,-1
2026-05-08 02:01:55-04:00,1.365405,1.365405,1.365405,1.365405,-1.0,-1.0,-1
2026-05-08 02:02:00-04:00,1.365405,1.365435,1.36539,1.365435,-1.0,-1.0,-1
2026-05-08 02:02:05-04:00,1.365435,1.365435,1.36541,1.36542,-1.0,-1.0,-1
2026-05-08 02:02:10-04:00,1.36542,1.365425,1.3654,1.3654,-1.0,-1.0,-1
2026-05-08 02:02:15-04:00,1.3654,1.3654,1.365395,1.365395,-1.0,-1.0,-1
2026-05-08 02:02:20-04:00,1.365395,1.3654,1.365395,1.3654,-1.0,-1.0,-1
2026-05-08 02:02:25-04:00,1.3654,1.365425,1.365395,1.36541,-1.0,-1.0,-1
2026-05-08 02:02:30-04:00,1.36541,1.36543,1.365405,1.36543,-1.0,-1.0,-1
2026-05-08 02:02:35-04:00,1.36543,1.365455,1.365425,1.365445,-1.0,-1.0,-1
2026-05-08 02:02:40-04:00,1.365445,1.365485,1.365445,1.365485,-1.0,-1.0,-1
2026-05-08 02:02:45-04:00,1.365485,1.36549,1.365485,1.36549,-1.0,-1.0,-1
2026-05-08 02:02:50-04:00,1.36549,1.365495,1.36549,1.36549,-1.0,-1.0,-1
2026-05-08 02:02:55-04:00,1.36549,1.3655,1.365485,1.365485,-1.0,-1.0,-1
2026-05-08 02:03:00-04:00,1.365485,1.36549,1.365485,1.36549,-1.0,-1.0,-1
2026-05-08 02:03:05-04:00,1.36549,1.36549,1.365485,1.365485,-1.0,-1.0,-1
2026-05-08 02:03:10-04:00,1.365485,1.365555,1.365485,1.365535,-1.0,-1.0,-1
2026-05-08 02:03:15-04:00,1.365535,1.36555,1.365535,1.36555,-1.0,-1.0,-1
2026-05-08 02:03:20-04:00,1.36555,1.36556,1.365545,1.365545,-1.0,-1.0,-1
2026-05-08 02:03:25-04:00,1.365545,1.365545,1.365525,1.36553,-1.0,-1.0,-1
2026-05-08 02:03:30-04:00,1.36553,1.365545,1.365495,1.365495,-1.0,-1.0,-1
2026-05-08 02:03:35-04:00,1.365495,1.3655,1.365495,1.3655,-1.0,-1.0,-1
2026-05-08 02:03:40-04:00,1.3655,1.3655,1.36549,1.36549,-1.0,-1.0,-1
2026-05-08 02:03:45-04:00,1.36549,1.365495,1.365485,1.36549,-1.0,-1.0,-1
2026-05-08 02:03:50-04:00,1.36549,1.36549,1.365485,1.365485,-1.0,-1.0,-1
2026-05-08 02:03:55-04:00,1.365485,1.365485,1.3654,1.36545,-1.0,-1.0,-1
2026-05-08 02:04:00-04:00,1.36545,1.36546,1.36543,1.365455,-1.0,-1.0,-1
2026-05-08 02:04:05-04:00,1.365455,1.36546,1.36543,1.36543,-1.0,-1.0,-1
2026-05-08 02:04:10-04:00,1.36543,1.36548,1.36543,1.36545,-1.0,-1.0,-1
2026-05-08 02:04:15-04:00,1.36545,1.36545,1.365395,1.3654,-1.0,-1.0,-1
2026-05-08 02:04:20-04:00,1.3654,1.3654,1.365345,1.365355,-1.0,-1.0,-1
2026-05-08 02:04:25-04:00,1.365355,1.365395,1.36535,1.36535,-1.0,-1.0,-1
2026-05-08 02:04:30-04:00,1.36535,1.36535,1.365225,1.365225,-1.0,-1.0,-1
2026-05-08 02:04:35-04:00,1.365225,1.36527,1.365215,1.36527,-1.0,-1.0,-1
2026-05-08 02:04:40-04:00,1.36527,1.36527,1.36526,1.36526,-1.0,-1.0,-1
2026-05-08 02:04:45-04:00,1.36526,1.36529,1.36526,1.36529,-1.0,-1.0,-1
2026-05-08 02:04:50-04:00,1.36529,1.365295,1.36524,1.36525,-1.0,-1.0,-1
2026-05-08 02:04:55-04:00,1.36525,1.3653,1.36525,1.365295,-1.0,-1.0,-1
2026-05-08 02:05:00-04:00,1.365295,1.365295,1.36523,1.36524,-1.0,-1.0,-1
2026-05-08 02:05:05-04:00,1.36524,1.36526,1.36524,1.36526,-1.0,-1.0,-1
2026-05-08 02:05:10-04:00,1.36526,1.36527,1.36526,1.36526,-1.0,-1.0,-1
2026-05-08 02:05:15-04:00,1.36526,1.36527,1.365225,1.365225,-1.0,-1.0,-1
2026-05-08 02:05:20-04:00,1.365225,1.365235,1.365215,1.365235,-1.0,-1.0,-1
2026-05-08 02:05:25-04:00,1.365235,1.36525,1.36522,1.365245,-1.0,-1.0,-1
2026-05-08 02:05:30-04:00,1.365245,1.36525,1.365245,1.365245,-1.0,-1.0,-1
2026-05-08 02:05:35-04:00,1.365245,1.36526,1.365245,1.36525,-1.0,-1.0,-1
2026-05-08 02:05:40-04:00,1.36525,1.36527,1.36525,1.36527,-1.0,-1.0,-1
2026-05-08 02:05:45-04:00,1.36527,1.36527,1.36526,1.365265,-1.0,-1.0,-1
2026-05-08 02:05:50-04:00,1.365265,1.365275,1.36525,1.36526,-1.0,-1.0,-1
2026-05-08 02:05:55-04:00,1.36526,1.36526,1.36525,1.36526,-1.0,-1.0,-1
2026-05-08 02:06:00-04:00,1.36526,1.36526,1.36525,1.36525,-1.0,-1.0,-1
2026-05-08 02:06:05-04:00,1.36525,1.365255,1.36524,1.36525,-1.0,-1.0,-1
2026-05-08 02:06:10-04:00,1.36525,1.36525,1.36522,1.36522,-1.0,-1.0,-1
2026-05-08 02:06:15-04:00,1.36522,1.36522,1.36522,1.36522,-1.0,-1.0,-1
2026-05-08 02:06:20-04:00,1.36522,1.36522,1.36519,1.3652,-1.0,-1.0,-1
2026-05-08 02:06:25-04:00,1.3652,1.365205,1.365195,1.365205,-1.0,-1.0,-1
2026-05-08 02:06:30-04:00,1.365205,1.365255,1.3652,1.36525,-1.0,-1.0,-1
2026-05-08 02:06:35-04:00,1.36525,1.365255,1.3652,1.3652,-1.0,-1.0,-1
2026-05-08 02:06:40-04:00,1.3652,1.3652,1.365165,1.36517,-1.0,-1.0,-1
2026-05-08 02:06:45-04:00,1.36517,1.3652,1.365165,1.365195,-1.0,-1.0,-1
2026-05-08 02:06:50-04:00,1.365195,1.3652,1.365185,1.3652,-1.0,-1.0,-1
2026-05-08 02:06:55-04:00,1.3652,1.3652,1.36519,1.365195,-1.0,-1.0,-1
2026-05-08 02:07:00-04:00,1.365195,1.365235,1.36518,1.365225,-1.0,-1.0,-1
2026-05-08 02:07:05-04:00,1.365225,1.365245,1.36522,1.36524,-1.0,-1.0,-1
2026-05-08 02:07:10-04:00,1.36524,1.36525,1.365225,1.36523,-1.0,-1.0,-1
2026-05-08 02:07:15-04:00,1.36523,1.36524,1.365215,1.365215,-1.0,-1.0,-1
2026-05-08 02:07:20-04:00,1.365215,1.36525,1.365215,1.36524,-1.0,-1.0,-1
2026-05-08 02:07:25-04:00,1.36524,1.365255,1.365235,1.365235,-1.0,-1.0,-1
2026-05-08 02:07:30-04:00,1.365235,1.36524,1.36523,1.36523,-1.0,-1.0,-1
2026-05-08 02:07:35-04:00,1.36523,1.36523,1.365215,1.36522,-1.0,-1.0,-1
2026-05-08 02:07:40-04:00,1.36522,1.36522,1.365205,1.36521,-1.0,-1.0,-1
2026-05-08 02:07:45-04:00,1.36521,1.36521,1.365205,1.365205,-1.0,-1.0,-1
2026-05-08 02:07:50-04:00,1.365205,1.365225,1.365205,1.365215,-1.0,-1.0,-1
2026-05-08 02:07:55-04:00,1.365215,1.365225,1.365205,1.365205,-1.0,-1.0,-1
2026-05-08 02:08:00-04:00,1.365205,1.365225,1.365205,1.365215,-1.0,-1.0,-1
2026-05-08 02:08:05-04:00,1.365215,1.36523,1.365205,1.365215,-1.0,-1.0,-1
2026-05-08 02:08:10-04:00,1.365215,1.365225,1.365215,1.365225,-1.0,-1.0,-1
2026-05-08 02:08:15-04:00,1.365225,1.36523,1.365145,1.36519,-1.0,-1.0,-1
2026-05-08 02:08:20-04:00,1.36519,1.365195,1.36519,1.36519,-1.0,-1.0,-1
2026-05-08 02:08:25-04:00,1.36519,1.365195,1.36519,1.365195,-1.0,-1.0,-1
2026-05-08 02:08:30-04:00,1.365195,1.3652,1.365195,1.365195,-1.0,-1.0,-1
2026-05-08 02:08:35-04:00,1.365195,1.3652,1.365195,1.3652,-1.0,-1.0,-1
2026-05-08 02:08:40-04:00,1.3652,1.3652,1.365195,1.3652,-1.0,-1.0,-1
2026-05-08 02:08:45-04:00,1.3652,1.3652,1.365145,1.365155,-1.0,-1.0,-1
2026-05-08 02:08:50-04:00,1.365155,1.365175,1.365155,1.365175,-1.0,-1.0,-1
2026-05-08 02:08:55-04:00,1.365175,1.365175,1.365145,1.365165,-1.0,-1.0,-1
2026-05-08 02:09:00-04:00,1.365165,1.365195,1.365165,1.365195,-1.0,-1.0,-1
2026-05-08 02:09:05-04:00,1.365195,1.36521,1.365195,1.365205,-1.0,-1.0,-1
2026-05-08 02:09:10-04:00,1.365205,1.36522,1.365205,1.36522,-1.0,-1.0,-1
2026-05-08 02:09:15-04:00,1.36522,1.365225,1.36522,1.36522,-1.0,-1.0,-1
2026-05-08 02:09:20-04:00,1.36522,1.365315,1.36522,1.365315,-1.0,-1.0,-1
2026-05-08 02:09:25-04:00,1.365315,1.36532,1.36531,1.36532,-1.0,-1.0,-1
2026-05-08 02:09:30-04:00,1.36532,1.36532,1.36531,1.36531,-1.0,-1.0,-1
2026-05-08 02:09:35-04:00,1.36531,1.365315,1.36529,1.36529,-1.0,-1.0,-1
2026-05-08 02:09:40-04:00,1.36529,1.3653,1.365285,1.3653,-1.0,-1.0,-1
2026-05-08 02:09:45-04:00,1.3653,1.3653,1.36526,1.365275,-1.0,-1.0,-1
2026-05-08 02:09:50-04:00,1.365275,1.365275,1.36525,1.36526,-1.0,-1.0,-1
2026-05-08 02:09:55-04:00,1.36526,1.365275,1.36526,1.36526,-1.0,-1.0,-1
2026-05-08 02:10:00-04:00,1.36526,1.36529,1.36525,1.36529,-1.0,-1.0,-1
2026-05-08 02:10:05-04:00,1.36529,1.3653,1.36529,1.3653,-1.0,-1.0,-1
2026-05-08 02:10:10-04:00,1.3653,1.3653,1.3653,1.3653,-1.0,-1.0,-1
2026-05-08 02:10:15-04:00,1.3653,1.3653,1.3653,1.3653,-1.0,-1.0,-1
2026-05-08 02:10:20-04:00,1.3653,1.365335,1.3653,1.36533,-1.0,-1.0,-1
2026-05-08 02:10:25-04:00,1.36533,1.365335,1.36533,1.36533,-1.0,-1.0,-1
2026-05-08 02:10:30-04:00,1.36533,1.365335,1.36531,1.36531,-1.0,-1.0,-1
2026-05-08 02:10:35-04:00,1.36531,1.36531,1.36531,1.36531,-1.0,-1.0,-1
2026-05-08 02:10:40-04:00,1.36531,1.36531,1.36531,1.36531,-1.0,-1.0,-1
2026-05-08 02:10:45-04:00,1.36531,1.36531,1.365305,1.365305,-1.0,-1.0,-1
2026-05-08 02:10:50-04:00,1.365305,1.365325,1.365305,1.365305,-1.0,-1.0,-1
2026-05-08 02:10:55-04:00,1.365305,1.365305,1.3653,1.3653,-1.0,-1.0,-1
2026-05-08 02:11:00-04:00,1.3653,1.36531,1.365295,1.3653,-1.0,-1.0,-1
2026-05-08 02:11:05-04:00,1.3653,1.3653,1.365255,1.365255,-1.0,-1.0,-1
2026-05-08 02:11:10-04:00,1.365255,1.365265,1.365255,1.365265,-1.0,-1.0,-1
2026-05-08 02:11:15-04:00,1.365265,1.365265,1.36525,1.365255,-1.0,-1.0,-1
2026-05-08 02:11:20-04:00,1.365255,1.36527,1.365255,1.36527,-1.0,-1.0,-1
2026-05-08 02:11:25-04:00,1.36527,1.3653,1.365265,1.3653,-1.0,-1.0,-1
2026-05-08 02:11:30-04:00,1.3653,1.365305,1.3653,1.365305,-1.0,-1.0,-1
2026-05-08 02:11:35-04:00,1.365305,1.36532,1.3653,1.3653,-1.0,-1.0,-1
2026-05-08 02:11:40-04:00,1.3653,1.365305,1.3653,1.3653,-1.0,-1.0,-1
2026-05-08 02:11:45-04:00,1.3653,1.3653,1.3653,1.3653,-1.0,-1.0,-1
2026-05-08 02:11:50-04:00,1.3653,1.365305,1.365265,1.365305,-1.0,-1.0,-1
2026-05-08 02:11:55-04:00,1.365305,1.365305,1.3653,1.3653,-1.0,-1.0,-1
2026-05-08 02:12:00-04:00,1.3653,1.3653,1.365295,1.365295,-1.0,-1.0,-1
2026-05-08 02:12:05-04:00,1.365295,1.365295,1.36527,1.36529,-1.0,-1.0,-1
2026-05-08 02:12:10-04:00,1.36529,1.36529,1.36525,1.36526,-1.0,-1.0,-1
2026-05-08 02:12:15-04:00,1.36526,1.3653,1.365255,1.36529,-1.0,-1.0,-1
2026-05-08 02:12:20-04:00,1.36529,1.365295,1.36529,1.365295,-1.0,-1.0,-1
2026-05-08 02:12:25-04:00,1.365295,1.3653,1.365255,1.3653,-1.0,-1.0,-1
2026-05-08 02:12:30-04:00,1.3653,1.365305,1.3653,1.365305,-1.0,-1.0,-1
2026-05-08 02:12:35-04:00,1.365305,1.36531,1.3653,1.36531,-1.0,-1.0,-1
2026-05-08 02:12:40-04:00,1.36531,1.36531,1.365305,1.365305,-1.0,-1.0,-1
2026-05-08 02:12:45-04:00,1.365305,1.36531,1.365305,1.365305,-1.0,-1.0,-1
2026-05-08 02:12:50-04:00,1.365305,1.36531,1.365305,1.36531,-1.0,-1.0,-1
2026-05-08 02:12:55-04:00,1.36531,1.36531,1.365295,1.365295,-1.0,-1.0,-1
2026-05-08 02:13:00-04:00,1.365295,1.365305,1.365295,1.3653,-1.0,-1.0,-1
2026-05-08 02:13:05-04:00,1.3653,1.36532,1.3653,1.36532,-1.0,-1.0,-1
2026-05-08 02:13:10-04:00,1.36532,1.365335,1.36532,1.36533,-1.0,-1.0,-1
2026-05-08 02:13:15-04:00,1.36533,1.365335,1.36531,1.36531,-1.0,-1.0,-1
2026-05-08 02:13:20-04:00,1.36531,1.36531,1.3653,1.3653,-1.0,-1.0,-1
2026-05-08 02:13:25-04:00,1.3653,1.3653,1.3653,1.3653,-1.0,-1.0,-1
2026-05-08 02:13:30-04:00,1.3653,1.36531,1.3653,1.36531,-1.0,-1.0,-1
2026-05-08 02:13:35-04:00,1.36531,1.36531,1.3653,1.36531,-1.0,-1.0,-1
2026-05-08 02:13:40-04:00,1.36531,1.36531,1.365295,1.36531,-1.0,-1.0,-1
2026-05-08 02:13:45-04:00,1.36531,1.36532,1.36531,1.36532,-1.0,-1.0,-1
2026-05-08 02:13:50-04:00,1.36532,1.36533,1.365315,1.365325,-1.0,-1.0,-1
2026-05-08 02:13:55-04:00,1.365325,1.36533,1.365315,1.365325,-1.0,-1.0,-1
2026-05-08 02:14:00-04:00,1.365325,1.365335,1.3653,1.36531,-1.0,-1.0,-1
2026-05-08 02:14:05-04:00,1.36531,1.36531,1.3653,1.3653,-1.0,-1.0,-1
2026-05-08 02:14:10-04:00,1.3653,1.36531,1.3653,1.36531,-1.0,-1.0,-1
2026-05-08 02:14:15-04:00,1.36531,1.365345,1.3653,1.365325,-1.0,-1.0,-1
2026-05-08 02:14:20-04:00,1.365325,1.365325,1.36532,1.365325,-1.0,-1.0,-1
2026-05-08 02:14:25-04:00,1.365325,1.365325,1.365325,1.365325,-1.0,-1.0,-1
2026-05-08 02:14:30-04:00,1.365325,1.36534,1.365325,1.36533,-1.0,-1.0,-1
2026-05-08 02:14:35-04:00,1.36533,1.365335,1.365325,1.36533,-1.0,-1.0,-1
2026-05-08 02:14:40-04:00,1.36533,1.365335,1.365325,1.36533,-1.0,-1.0,-1
2026-05-08 02:14:45-04:00,1.36533,1.36545,1.36533,1.365445,-1.0,-1.0,-1
2026-05-08 02:14:50-04:00,1.365445,1.365445,1.365435,1.365445,-1.0,-1.0,-1
2026-05-08 02:14:55-04:00,1.365445,1.365475,1.365435,1.36545,-1.0,-1.0,-1
2026-05-08 02:15:00-04:00,1.36545,1.365475,1.36545,1.36545,-1.0,-1.0,-1
2026-05-08 02:15:05-04:00,1.36545,1.36545,1.36541,1.36541,-1.0,-1.0,-1
2026-05-08 02:15:10-04:00,1.36541,1.36542,1.36538,1.365385,-1.0,-1.0,-1
2026-05-08 02:15:15-04:00,1.365385,1.365385,1.36538,1.36538,-1.0,-1.0,-1
2026-05-08 02:15:20-04:00,1.36538,1.36538,1.36538,1.36538,-1.0,-1.0,-1
2026-05-08 02:15:25-04:00,1.36538,1.36538,1.36538,1.36538,-1.0,-1.0,-1
2026-05-08 02:15:30-04:00,1.36538,1.36539,1.36538,1.36538,-1.0,-1.0,-1
2026-05-08 02:15:35-04:00,1.36538,1.36538,1.36538,1.36538,-1.0,-1.0,-1
2026-05-08 02:15:40-04:00,1.36538,1.36538,1.36538,1.36538,-1.0,-1.0,-1
2026-05-08 02:15:45-04:00,1.36538,1.36538,1.36532,1.36532,-1.0,-1.0,-1
2026-05-08 02:15:50-04:00,1.36532,1.365335,1.365295,1.3653,-1.0,-1.0,-1
2026-05-08 02:15:55-04:00,1.3653,1.3653,1.365295,1.365295,-1.0,-1.0,-1
2026-05-08 02:16:00-04:00,1.365295,1.365295,1.365295,1.365295,-1.0,-1.0,-1
2026-05-08 02:16:05-04:00,1.365295,1.365295,1.365295,1.365295,-1.0,-1.0,-1
2026-05-08 02:16:10-04:00,1.365295,1.365295,1.365295,1.365295,-1.0,-1.0,-1
2026-05-08 02:16:15-04:00,1.365295,1.36536,1.365295,1.365345,-1.0,-1.0,-1
2026-05-08 02:16:20-04:00,1.365345,1.365375,1.365345,1.36536,-1.0,-1.0,-1
2026-05-08 02:16:25-04:00,1.36536,1.36536,1.365325,1.36536,-1.0,-1.0,-1
2026-05-08 02:16:30-04:00,1.36536,1.36538,1.36536,1.365375,-1.0,-1.0,-1
2026-05-08 02:16:35-04:00,1.365375,1.365375,1.36533,1.36533,-1.0,-1.0,-1
2026-05-08 02:16:40-04:00,1.36533,1.365335,1.36533,1.365335,-1.0,-1.0,-1
2026-05-08 02:16:45-04:00,1.365335,1.365335,1.365335,1.365335,-1.0,-1.0,-1
2026-05-08 02:16:50-04:00,1.365335,1.365335,1.36527,1.36528,-1.0,-1.0,-1
2026-05-08 02:16:55-04:00,1.36528,1.36528,1.36523,1.36523,-1.0,-1.0,-1
2026-05-08 02:17:00-04:00,1.36523,1.36527,1.36523,1.365245,-1.0,-1.0,-1
2026-05-08 02:17:05-04:00,1.365245,1.365245,1.36523,1.36523,-1.0,-1.0,-1
2026-05-08 02:17:10-04:00,1.36523,1.36523,1.36523,1.36523,-1.0,-1.0,-1
2026-05-08 02:17:15-04:00,1.36523,1.36523,1.365225,1.365225,-1.0,-1.0,-1
2026-05-08 02:17:20-04:00,1.365225,1.36523,1.365225,1.365225,-1.0,-1.0,-1
2026-05-08 02:17:25-04:00,1.365225,1.365235,1.365225,1.365235,-1.0,-1.0,-1
2026-05-08 02:17:30-04:00,1.365235,1.36526,1.365235,1.36525,-1.0,-1.0,-1
2026-05-08 02:17:35-04:00,1.36525,1.36525,1.365235,1.365235,-1.0,-1.0,-1
2026-05-08 02:17:40-04:00,1.365235,1.365245,1.365235,1.36524,-1.0,-1.0,-1
2026-05-08 02:17:45-04:00,1.36524,1.36527,1.36524,1.36527,-1.0,-1.0,-1
2026-05-08 02:17:50-04:00,1.36527,1.365275,1.36526,1.36527,-1.0,-1.0,-1
2026-05-08 02:17:55-04:00,1.36527,1.365275,1.365265,1.365275,-1.0,-1.0,-1
2026-05-08 02:18:00-04:00,1.365275,1.365275,1.36527,1.365275,-1.0,-1.0,-1
2026-05-08 02:18:05-04:00,1.365275,1.365275,1.36523,1.36523,-1.0,-1.0,-1
2026-05-08 02:18:10-04:00,1.36523,1.365235,1.36523,1.365235,-1.0,-1.0,-1
2026-05-08 02:18:15-04:00,1.365235,1.365235,1.365235,1.365235,-1.0,-1.0,-1
2026-05-08 02:18:20-04:00,1.365235,1.365265,1.365235,1.365265,-1.0,-1.0,-1
2026-05-08 02:18:25-04:00,1.365265,1.36527,1.365265,1.365265,-1.0,-1.0,-1
2026-05-08 02:18:30-04:00,1.365265,1.36527,1.365255,1.36526,-1.0,-1.0,-1
2026-05-08 02:18:35-04:00,1.36526,1.36527,1.365235,1.365235,-1.0,-1.0,-1
2026-05-08 02:18:40-04:00,1.365235,1.365235,1.365215,1.36522,-1.0,-1.0,-1
2026-05-08 02:18:45-04:00,1.36522,1.36522,1.36522,1.36522,-1.0,-1.0,-1
2026-05-08 02:18:50-04:00,1.36522,1.365245,1.36522,1.365235,-1.0,-1.0,-1
2026-05-08 02:18:55-04:00,1.365235,1.365245,1.36523,1.365245,-1.0,-1.0,-1
2026-05-08 02:19:00-04:00,1.365245,1.365245,1.365235,1.365235,-1.0,-1.0,-1
2026-05-08 02:19:05-04:00,1.365235,1.365235,1.365235,1.365235,-1.0,-1.0,-1
2026-05-08 02:19:10-04:00,1.365235,1.365235,1.365225,1.365225,-1.0,-1.0,-1
2026-05-08 02:19:15-04:00,1.365225,1.36523,1.365215,1.365215,-1.0,-1.0,-1
2026-05-08 02:19:20-04:00,1.365215,1.365215,1.365215,1.365215,-1.0,-1.0,-1
2026-05-08 02:19:25-04:00,1.365215,1.365215,1.365215,1.365215,-1.0,-1.0,-1
2026-05-08 02:19:30-04:00,1.365215,1.365215,1.365215,1.365215,-1.0,-1.0,-1
2026-05-08 02:19:35-04:00,1.365215,1.365215,1.36519,1.365195,-1.0,-1.0,-1
2026-05-08 02:19:40-04:00,1.365195,1.365195,1.365195,1.365195,-1.0,-1.0,-1
2026-05-08 02:19:45-04:00,1.365195,1.365195,1.36519,1.365195,-1.0,-1.0,-1
2026-05-08 02:19:50-04:00,1.365195,1.365205,1.365195,1.3652,-1.0,-1.0,-1
2026-05-08 02:19:55-04:00,1.3652,1.36521,1.3652,1.365205,-1.0,-1.0,-1
2026-05-08 02:20:00-04:00,1.365205,1.365205,1.365175,1.365175,-1.0,-1.0,-1
2026-05-08 02:20:05-04:00,1.365175,1.36519,1.365175,1.36519,-1.0,-1.0,-1
2026-05-08 02:20:10-04:00,1.36519,1.36519,1.36519,1.36519,-1.0,-1.0,-1
2026-05-08 02:20:15-04:00,1.36519,1.365195,1.36515,1.365195,-1.0,-1.0,-1
2026-05-08 02:20:20-04:00,1.365195,1.365195,1.36519,1.365195,-1.0,-1.0,-1
2026-05-08 02:20:25-04:00,1.365195,1.365195,1.365195,1.365195,-1.0,-1.0,-1
2026-05-08 02:20:30-04:00,1.365195,1.365195,1.365175,1.365175,-1.0,-1.0,-1
2026-05-08 02:20:35-04:00,1.365175,1.365175,1.36513,1.36514,-1.0,-1.0,-1
2026-05-08 02:20:40-04:00,1.36514,1.36517,1.36514,1.36517,-1.0,-1.0,-1
2026-05-08 02:20:45-04:00,1.36517,1.365185,1.365145,1.365145,-1.0,-1.0,-1
2026-05-08 02:20:50-04:00,1.365145,1.365145,1.36513,1.36514,-1.0,-1.0,-1
2026-05-08 02:20:55-04:00,1.36514,1.365145,1.365135,1.36514,-1.0,-1.0,-1
2026-05-08 02:21:00-04:00,1.36514,1.36519,1.365135,1.365145,-1.0,-1.0,-1
2026-05-08 02:21:05-04:00,1.365145,1.365235,1.365145,1.365215,-1.0,-1.0,-1
2026-05-08 02:21:10-04:00,1.365215,1.36523,1.365215,1.36523,-1.0,-1.0,-1
2026-05-08 02:21:15-04:00,1.36523,1.365235,1.36523,1.365235,-1.0,-1.0,-1
2026-05-08 02:21:20-04:00,1.365235,1.365235,1.36523,1.36523,-1.0,-1.0,-1
2026-05-08 02:21:25-04:00,1.36523,1.36523,1.3652,1.365215,-1.0,-1.0,-1
2026-05-08 02:21:30-04:00,1.365215,1.365215,1.365205,1.365205,-1.0,-1.0,-1
2026-05-08 02:21:35-04:00,1.365205,1.365205,1.36514,1.365145,-1.0,-1.0,-1
2026-05-08 02:21:40-04:00,1.365145,1.36516,1.36514,1.36516,-1.0,-1.0,-1
2026-05-08 02:21:45-04:00,1.36516,1.36516,1.365145,1.365145,-1.0,-1.0,-1
2026-05-08 02:21:50-04:00,1.365145,1.365145,1.365135,1.365145,-1.0,-1.0,-1
2026-05-08 02:21:55-04:00,1.365145,1.365155,1.365135,1.365145,-1.0,-1.0,-1
2026-05-08 02:22:00-04:00,1.365145,1.365185,1.365145,1.365185,-1.0,-1.0,-1
2026-05-08 02:22:05-04:00,1.365185,1.36519,1.36518,1.365185,-1.0,-1.0,-1
2026-05-08 02:22:10-04:00,1.365185,1.36519,1.36518,1.36519,-1.0,-1.0,-1
2026-05-08 02:22:15-04:00,1.36519,1.36519,1.36518,1.36519,-1.0,-1.0,-1
2026-05-08 02:22:20-04:00,1.36519,1.365195,1.36519,1.365195,-1.0,-1.0,-1
2026-05-08 02:22:25-04:00,1.365195,1.365195,1.365195,1.365195,-1.0,-1.0,-1
2026-05-08 02:22:30-04:00,1.365195,1.365195,1.365195,1.365195,-1.0,-1.0,-1
2026-05-08 02:22:35-04:00,1.365195,1.365195,1.365195,1.365195,-1.0,-1.0,-1
2026-05-08 02:22:40-04:00,1.365195,1.365195,1.365195,1.365195,-1.0,-1.0,-1
2026-05-08 02:22:45-04:00,1.365195,1.365195,1.365195,1.365195,-1.0,-1.0,-1
2026-05-08 02:22:50-04:00,1.365195,1.365195,1.36519,1.365195,-1.0,-1.0,-1
2026-05-08 02:22:55-04:00,1.365195,1.365195,1.365195,1.365195,-1.0,-1.0,-1
2026-05-08 02:23:00-04:00,1.365195,1.365195,1.36519,1.36519,-1.0,-1.0,-1
2026-05-08 02:23:05-04:00,1.36519,1.365195,1.36519,1.365195,-1.0,-1.0,-1
2026-05-08 02:23:10-04:00,1.365195,1.365195,1.36519,1.36519,-1.0,-1.0,-1
2026-05-08 02:23:15-04:00,1.36519,1.365195,1.36519,1.365195,-1.0,-1.0,-1
2026-05-08 02:23:20-04:00,1.365195,1.365195,1.36519,1.36519,-1.0,-1.0,-1
2026-05-08 02:23:25-04:00,1.36519,1.365195,1.36519,1.365195,-1.0,-1.0,-1
2026-05-08 02:23:30-04:00,1.365195,1.365195,1.36514,1.365145,-1.0,-1.0,-1
2026-05-08 02:23:35-04:00,1.365145,1.365175,1.365145,1.365175,-1.0,-1.0,-1
2026-05-08 02:23:40-04:00,1.365175,1.3652,1.365175,1.3652,-1.0,-1.0,-1
2026-05-08 02:23:45-04:00,1.3652,1.3652,1.3652,1.3652,-1.0,-1.0,-1
2026-05-08 02:23:50-04:00,1.3652,1.3652,1.36519,1.365195,-1.0,-1.0,-1
2026-05-08 02:23:55-04:00,1.365195,1.365195,1.365195,1.365195,-1.0,-1.0,-1
2026-05-08 02:24:00-04:00,1.365195,1.365195,1.36519,1.36519,-1.0,-1.0,-1
2026-05-08 02:24:05-04:00,1.36519,1.365195,1.36519,1.365195,-1.0,-1.0,-1
2026-05-08 02:24:10-04:00,1.365195,1.365195,1.36519,1.365195,-1.0,-1.0,-1
2026-05-08 02:24:15-04:00,1.365195,1.365195,1.36519,1.365195,-1.0,-1.0,-1
2026-05-08 02:24:20-04:00,1.365195,1.365215,1.365195,1.36521,-1.0,-1.0,-1
2026-05-08 02:24:25-04:00,1.36521,1.365235,1.36521,1.36522,-1.0,-1.0,-1
2026-05-08 02:24:30-04:00,1.36522,1.36522,1.36519,1.36519,-1.0,-1.0,-1
2026-05-08 02:24:35-04:00,1.36519,1.365205,1.36519,1.365205,-1.0,-1.0,-1
2026-05-08 02:24:40-04:00,1.365205,1.365205,1.3652,1.365205,-1.0,-1.0,-1
2026-05-08 02:24:45-04:00,1.365205,1.365205,1.365205,1.365205,-1.0,-1.0,-1
2026-05-08 02:24:50-04:00,1.365205,1.365205,1.365195,1.365195,-1.0,-1.0,-1
2026-05-08 02:24:55-04:00,1.365195,1.365195,1.365195,1.365195,-1.0,-1.0,-1
2026-05-08 02:25:00-04:00,1.365195,1.36522,1.365195,1.3652,-1.0,-1.0,-1
2026-05-08 02:25:05-04:00,1.3652,1.365205,1.36515,1.36515,-1.0,-1.0,-1
2026-05-08 02:25:10-04:00,1.36515,1.36519,1.36515,1.36519,-1.0,-1.0,-1
2026-05-08 02:25:15-04:00,1.36519,1.36519,1.36517,1.365185,-1.0,-1.0,-1
2026-05-08 02:25:20-04:00,1.365185,1.36519,1.365175,1.36519,-1.0,-1.0,-1
2026-05-08 02:25:25-04:00,1.36519,1.36519,1.365175,1.36519,-1.0,-1.0,-1
2026-05-08 02:25:30-04:00,1.36519,1.365195,1.36519,1.365195,-1.0,-1.0,-1
2026-05-08 02:25:35-04:00,1.365195,1.365195,1.365125,1.365125,-1.0,-1.0,-1
2026-05-08 02:25:40-04:00,1.365125,1.36515,1.365115,1.365145,-1.0,-1.0,-1
2026-05-08 02:25:45-04:00,1.365145,1.36517,1.365145,1.36516,-1.0,-1.0,-1
2026-05-08 02:25:50-04:00,1.36516,1.365165,1.36516,1.365165,-1.0,-1.0,-1
2026-05-08 02:25:55-04:00,1.365165,1.365175,1.365165,1.365165,-1.0,-1.0,-1
2026-05-08 02:26:00-04:00,1.365165,1.36517,1.36515,1.365155,-1.0,-1.0,-1
2026-05-08 02:26:05-04:00,1.365155,1.36517,1.36515,1.36515,-1.0,-1.0,-1
2026-05-08 02:26:10-04:00,1.36515,1.36516,1.365145,1.36515,-1.0,-1.0,-1
2026-05-08 02:26:15-04:00,1.36515,1.3652,1.365145,1.365195,-1.0,-1.0,-1
2026-05-08 02:26:20-04:00,1.365195,1.365195,1.36516,1.365165,-1.0,-1.0,-1
2026-05-08 02:26:25-04:00,1.365165,1.365165,1.365145,1.36515,-1.0,-1.0,-1
2026-05-08 02:26:30-04:00,1.36515,1.36515,1.365105,1.365105,-1.0,-1.0,-1
2026-05-08 02:26:35-04:00,1.365105,1.36511,1.365105,1.36511,-1.0,-1.0,-1
2026-05-08 02:26:40-04:00,1.36511,1.36511,1.36508,1.365085,-1.0,-1.0,-1
2026-05-08 02:26:45-04:00,1.365085,1.36512,1.365085,1.36512,-1.0,-1.0,-1
2026-05-08 02:26:50-04:00,1.36512,1.365125,1.36511,1.36512,-1.0,-1.0,-1
2026-05-08 02:26:55-04:00,1.36512,1.36512,1.36511,1.365115,-1.0,-1.0,-1
2026-05-08 02:27:00-04:00,1.365115,1.36512,1.365105,1.365105,-1.0,-1.0,-1
2026-05-08 02:27:05-04:00,1.365105,1.36515,1.365105,1.36515,-1.0,-1.0,-1
2026-05-08 02:27:10-04:00,1.36515,1.36515,1.365145,1.36515,-1.0,-1.0,-1
2026-05-08 02:27:15-04:00,1.36515,1.36515,1.365145,1.365145,-1.0,-1.0,-1
2026-05-08 02:27:20-04:00,1.365145,1.36515,1.365145,1.365145,-1.0,-1.0,-1
2026-05-08 02:27:25-04:00,1.365145,1.36515,1.365105,1.36511,-1.0,-1.0,-1
2026-05-08 02:27:30-04:00,1.36511,1.36512,1.365105,1.36512,-1.0,-1.0,-1
2026-05-08 02:27:35-04:00,1.36512,1.36515,1.36512,1.36515,-1.0,-1.0,-1
2026-05-08 02:27:40-04:00,1.36515,1.36515,1.365145,1.36515,-1.0,-1.0,-1
2026-05-08 02:27:45-04:00,1.36515,1.365195,1.365145,1.36518,-1.0,-1.0,-1
2026-05-08 02:27:50-04:00,1.36518,1.36519,1.365175,1.36519,-1.0,-1.0,-1
2026-05-08 02:27:55-04:00,1.36519,1.36519,1.36519,1.36519,-1.0,-1.0,-1
2026-05-08 02:28:00-04:00,1.36519,1.36519,1.36518,1.36518,-1.0,-1.0,-1
2026-05-08 02:28:05-04:00,1.36518,1.36518,1.36511,1.36511,-1.0,-1.0,-1
2026-05-08 02:28:10-04:00,1.36511,1.36511,1.36511,1.36511,-1.0,-1.0,-1
2026-05-08 02:28:15-04:00,1.36511,1.36511,1.365055,1.365055,-1.0,-1.0,-1
2026-05-08 02:28:20-04:00,1.365055,1.36507,1.365055,1.365065,-1.0,-1.0,-1
2026-05-08 02:28:25-04:00,1.365065,1.365205,1.365065,1.365195,-1.0,-1.0,-1
2026-05-08 02:28:30-04:00,1.365195,1.365195,1.36516,1.365165,-1.0,-1.0,-1
2026-05-08 02:28:35-04:00,1.365165,1.365195,1.365165,1.365185,-1.0,-1.0,-1
2026-05-08 02:28:40-04:00,1.365185,1.365195,1.36517,1.36518,-1.0,-1.0,-1
2026-05-08 02:28:45-04:00,1.36518,1.365195,1.365165,1.365165,-1.0,-1.0,-1
2026-05-08 02:28:50-04:00,1.365165,1.365165,1.36514,1.365145,-1.0,-1.0,-1
2026-05-08 02:28:55-04:00,1.365145,1.36515,1.36513,1.36513,-1.0,-1.0,-1
2026-05-08 02:29:00-04:00,1.36513,1.36513,1.365115,1.365115,-1.0,-1.0,-1
2026-05-08 02:29:05-04:00,1.365115,1.36512,1.36511,1.36512,-1.0,-1.0,-1
2026-05-08 02:29:10-04:00,1.36512,1.36512,1.365115,1.365115,-1.0,-1.0,-1
2026-05-08 02:29:15-04:00,1.365115,1.36515,1.365115,1.365115,-1.0,-1.0,-1
2026-05-08 02:29:20-04:00,1.365115,1.365135,1.365115,1.36513,-1.0,-1.0,-1
2026-05-08 02:29:25-04:00,1.36513,1.36513,1.365115,1.365115,-1.0,-1.0,-1
2026-05-08 02:29:30-04:00,1.365115,1.365115,1.365095,1.3651,-1.0,-1.0,-1
2026-05-08 02:29:35-04:00,1.3651,1.3651,1.3651,1.3651,-1.0,-1.0,-1
2026-05-08 02:29:40-04:00,1.3651,1.3651,1.365055,1.365055,-1.0,-1.0,-1
2026-05-08 02:29:45-04:00,1.365055,1.365075,1.365055,1.36506,-1.0,-1.0,-1
2026-05-08 02:29:50-04:00,1.36506,1.365075,1.365055,1.36506,-1.0,-1.0,-1
2026-05-08 02:29:55-04:00,1.36506,1.365075,1.365055,1.365055,-1.0,-1.0,-1
2026-05-08 02:30:00-04:00,1.365055,1.36508,1.365035,1.36508,-1.0,-1.0,-1
2026-05-08 02:30:05-04:00,1.36508,1.36511,1.36507,1.365105,-1.0,-1.0,-1
2026-05-08 02:30:10-04:00,1.365105,1.365105,1.365105,1.365105,-1.0,-1.0,-1
2026-05-08 02:30:15-04:00,1.365105,1.365115,1.365105,1.365115,-1.0,-1.0,-1
2026-05-08 02:30:20-04:00,1.365115,1.365115,1.36511,1.365115,-1.0,-1.0,-1
2026-05-08 02:30:25-04:00,1.365115,1.365195,1.365115,1.365195,-1.0,-1.0,-1
2026-05-08 02:30:30-04:00,1.365195,1.3652,1.365195,1.3652,-1.0,-1.0,-1
2026-05-08 02:30:35-04:00,1.3652,1.365205,1.365195,1.365205,-1.0,-1.0,-1
2026-05-08 02:30:40-04:00,1.365205,1.365205,1.365195,1.365195,-1.0,-1.0,-1
2026-05-08 02:30:45-04:00,1.365195,1.36521,1.365175,1.365185,-1.0,-1.0,-1
2026-05-08 02:30:50-04:00,1.365185,1.36519,1.365175,1.365185,-1.0,-1.0,-1
2026-05-08 02:30:55-04:00,1.365185,1.36519,1.365175,1.36519,-1.0,-1.0,-1
2026-05-08 02:31:00-04:00,1.36519,1.365205,1.36519,1.365205,-1.0,-1.0,-1
2026-05-08 02:31:05-04:00,1.365205,1.365215,1.365205,1.365215,-1.0,-1.0,-1
2026-05-08 02:31:10-04:00,1.365215,1.365265,1.36521,1.36526,-1.0,-1.0,-1
2026-05-08 02:31:15-04:00,1.36526,1.3653,1.36526,1.365295,-1.0,-1.0,-1
2026-05-08 02:31:20-04:00,1.365295,1.365305,1.365295,1.365305,-1.0,-1.0,-1
2026-05-08 02:31:25-04:00,1.365305,1.36534,1.365305,1.36532,-1.0,-1.0,-1
2026-05-08 02:31:30-04:00,1.36532,1.36532,1.365315,1.36532,-1.0,-1.0,-1
2026-05-08 02:31:35-04:00,1.36532,1.365335,1.36529,1.365295,-1.0,-1.0,-1
2026-05-08 02:31:40-04:00,1.365295,1.365295,1.36529,1.365295,-1.0,-1.0,-1
2026-05-08 02:31:45-04:00,1.365295,1.365295,1.365235,1.365235,-1.0,-1.0,-1
2026-05-08 02:31:50-04:00,1.365235,1.365255,1.36523,1.365255,-1.0,-1.0,-1
2026-05-08 02:31:55-04:00,1.365255,1.36528,1.365255,1.36528,-1.0,-1.0,-1
2026-05-08 02:32:00-04:00,1.36528,1.36528,1.36515,1.36515,-1.0,-1.0,-1
2026-05-08 02:32:05-04:00,1.36515,1.365175,1.36515,1.365165,-1.0,-1.0,-1
2026-05-08 02:32:10-04:00,1.365165,1.365165,1.36514,1.36514,-1.0,-1.0,-1
2026-05-08 02:32:15-04:00,1.36514,1.36515,1.36514,1.365145,-1.0,-1.0,-1
2026-05-08 02:32:20-04:00,1.365145,1.36515,1.365145,1.36515,-1.0,-1.0,-1
2026-05-08 02:32:25-04:00,1.36515,1.365165,1.36515,1.365165,-1.0,-1.0,-1
2026-05-08 02:32:30-04:00,1.365165,1.365205,1.365155,1.365205,-1.0,-1.0,-1
2026-05-08 02:32:35-04:00,1.365205,1.365205,1.365165,1.365165,-1.0,-1.0,-1
2026-05-08 02:32:40-04:00,1.365165,1.36517,1.36516,1.36516,-1.0,-1.0,-1
2026-05-08 02:32:45-04:00,1.36516,1.365185,1.365155,1.365185,-1.0,-1.0,-1
2026-05-08 02:32:50-04:00,1.365185,1.36519,1.365165,1.365165,-1.0,-1.0,-1
2026-05-08 02:32:55-04:00,1.365165,1.36519,1.365165,1.365165,-1.0,-1.0,-1
2026-05-08 02:33:00-04:00,1.365165,1.365165,1.365125,1.365125,-1.0,-1.0,-1
2026-05-08 02:33:05-04:00,1.365125,1.365145,1.365125,1.365145,-1.0,-1.0,-1
2026-05-08 02:33:10-04:00,1.365145,1.365165,1.365145,1.36516,-1.0,-1.0,-1
2026-05-08 02:33:15-04:00,1.36516,1.365175,1.36515,1.36517,-1.0,-1.0,-1
2026-05-08 02:33:20-04:00,1.36517,1.36518,1.36517,1.36518,-1.0,-1.0,-1
2026-05-08 02:33:25-04:00,1.36518,1.36518,1.36517,1.36517,-1.0,-1.0,-1
2026-05-08 02:33:30-04:00,1.36517,1.36518,1.365165,1.365175,-1.0,-1.0,-1
2026-05-08 02:33:35-04:00,1.365175,1.365175,1.36516,1.36516,-1.0,-1.0,-1
2026-05-08 02:33:40-04:00,1.36516,1.365165,1.365135,1.365145,-1.0,-1.0,-1
2026-05-08 02:33:45-04:00,1.365145,1.365145,1.36511,1.36511,-1.0,-1.0,-1
2026-05-08 02:33:50-04:00,1.36511,1.365145,1.36511,1.36512,-1.0,-1.0,-1
2026-05-08 02:33:55-04:00,1.36512,1.365135,1.36512,1.365135,-1.0,-1.0,-1
2026-05-08 02:34:00-04:00,1.365135,1.36514,1.365135,1.365135,-1.0,-1.0,-1
2026-05-08 02:34:05-04:00,1.365135,1.36514,1.36511,1.36513,-1.0,-1.0,-1
2026-05-08 02:34:10-04:00,1.36513,1.36513,1.365125,1.365125,-1.0,-1.0,-1
2026-05-08 02:34:15-04:00,1.365125,1.36514,1.365055,1.36506,-1.0,-1.0,-1
2026-05-08 02:34:20-04:00,1.36506,1.36506,1.365035,1.365045,-1.0,-1.0,-1
2026-05-08 02:34:25-04:00,1.365045,1.365045,1.365045,1.365045,-1.0,-1.0,-1
2026-05-08 02:34:30-04:00,1.365045,1.365045,1.36501,1.365025,-1.0,-1.0,-1
2026-05-08 02:34:35-04:00,1.365025,1.36503,1.365025,1.365025,-1.0,-1.0,-1
2026-05-08 02:34:40-04:00,1.365025,1.365045,1.365025,1.365045,-1.0,-1.0,-1
2026-05-08 02:34:45-04:00,1.365045,1.365085,1.365045,1.365085,-1.0,-1.0,-1
2026-05-08 02:34:50-04:00,1.365085,1.365105,1.365085,1.3651,-1.0,-1.0,-1
2026-05-08 02:34:55-04:00,1.3651,1.365115,1.3651,1.365115,-1.0,-1.0,-1
2026-05-08 02:35:00-04:00,1.365115,1.365125,1.365105,1.365105,-1.0,-1.0,-1
2026-05-08 02:35:05-04:00,1.365105,1.36511,1.365105,1.365105,-1.0,-1.0,-1
2026-05-08 02:35:10-04:00,1.365105,1.365115,1.365105,1.365105,-1.0,-1.0,-1
2026-05-08 02:35:15-04:00,1.365105,1.36511,1.365105,1.365105,-1.0,-1.0,-1
2026-05-08 02:35:20-04:00,1.365105,1.365115,1.365105,1.365115,-1.0,-1.0,-1
2026-05-08 02:35:25-04:00,1.365115,1.365115,1.36511,1.36511,-1.0,-1.0,-1
2026-05-08 02:35:30-04:00,1.36511,1.36511,1.36507,1.365105,-1.0,-1.0,-1
2026-05-08 02:35:35-04:00,1.365105,1.36511,1.365105,1.36511,-1.0,-1.0,-1
2026-05-08 02:35:40-04:00,1.36511,1.36511,1.365105,1.365105,-1.0,-1.0,-1
2026-05-08 02:35:45-04:00,1.365105,1.36511,1.365105,1.36511,-1.0,-1.0,-1
2026-05-08 02:35:50-04:00,1.36511,1.36511,1.365045,1.365055,-1.0,-1.0,-1
2026-05-08 02:35:55-04:00,1.365055,1.36506,1.365055,1.36506,-1.0,-1.0,-1
2026-05-08 02:36:00-04:00,1.36506,1.365075,1.365055,1.365075,-1.0,-1.0,-1
2026-05-08 02:36:05-04:00,1.365075,1.365075,1.36507,1.365075,-1.0,-1.0,-1
2026-05-08 02:36:10-04:00,1.365075,1.365075,1.365055,1.365065,-1.0,-1.0,-1
2026-05-08 02:36:15-04:00,1.365065,1.36507,1.36506,1.36507,-1.0,-1.0,-1
2026-05-08 02:36:20-04:00,1.36507,1.36507,1.36506,1.36507,-1.0,-1.0,-1
2026-05-08 02:36:25-04:00,1.36507,1.36508,1.36507,1.36508,-1.0,-1.0,-1
2026-05-08 02:36:30-04:00,1.36508,1.365105,1.365055,1.365055,-1.0,-1.0,-1
2026-05-08 02:36:35-04:00,1.365055,1.36507,1.365055,1.36506,-1.0,-1.0,-1
2026-05-08 02:36:40-04:00,1.36506,1.36507,1.365055,1.36506,-1.0,-1.0,-1
2026-05-08 02:36:45-04:00,1.36506,1.36507,1.365055,1.36507,-1.0,-1.0,-1
2026-05-08 02:36:50-04:00,1.36507,1.3651,1.36507,1.3651,-1.0,-1.0,-1
2026-05-08 02:36:55-04:00,1.3651,1.365105,1.3651,1.365105,-1.0,-1.0,-1
2026-05-08 02:37:00-04:00,1.365105,1.365115,1.365105,1.365115,-1.0,-1.0,-1
2026-05-08 02:37:05-04:00,1.365115,1.365115,1.365105,1.36511,-1.0,-1.0,-1
2026-05-08 02:37:10-04:00,1.36511,1.365115,1.36511,1.365115,-1.0,-1.0,-1
2026-05-08 02:37:15-04:00,1.365115,1.36512,1.365115,1.365115,-1.0,-1.0,-1
2026-05-08 02:37:20-04:00,1.365115,1.36512,1.365115,1.365115,-1.0,-1.0,-1
2026-05-08 02:37:25-04:00,1.365115,1.365115,1.36511,1.36511,-1.0,-1.0,-1
2026-05-08 02:37:30-04:00,1.36511,1.365115,1.36511,1.365115,-1.0,-1.0,-1
2026-05-08 02:37:35-04:00,1.365115,1.365115,1.365115,1.365115,-1.0,-1.0,-1
2026-05-08 02:37:40-04:00,1.365115,1.365115,1.365105,1.365105,-1.0,-1.0,-1
2026-05-08 02:37:45-04:00,1.365105,1.365105,1.365105,1.365105,-1.0,-1.0,-1
2026-05-08 02:37:50-04:00,1.365105,1.365105,1.365105,1.365105,-1.0,-1.0,-1
2026-05-08 02:37:55-04:00,1.365105,1.365105,1.365105,1.365105,-1.0,-1.0,-1
2026-05-08 02:38:00-04:00,1.365105,1.36511,1.365105,1.365105,-1.0,-1.0,-1
2026-05-08 02:38:05-04:00,1.365105,1.365105,1.365105,1.365105,-1.0,-1.0,-1
2026-05-08 02:38:10-04:00,1.365105,1.365105,1.365105,1.365105,-1.0,-1.0,-1
2026-05-08 02:38:15-04:00,1.365105,1.365115,1.365105,1.365115,-1.0,-1.0,-1
2026-05-08 02:38:20-04:00,1.365115,1.365115,1.365115,1.365115,-1.0,-1.0,-1
2026-05-08 02:38:25-04:00,1.365115,1.36513,1.365115,1.36513,-1.0,-1.0,-1
2026-05-08 02:38:30-04:00,1.36513,1.36513,1.36512,1.36512,-1.0,-1.0,-1
2026-05-08 02:38:35-04:00,1.36512,1.36512,1.365115,1.36512,-1.0,-1.0,-1
2026-05-08 02:38:40-04:00,1.36512,1.36512,1.36511,1.36512,-1.0,-1.0,-1
2026-05-08 02:38:45-04:00,1.36512,1.36512,1.36511,1.36512,-1.0,-1.0,-1
2026-05-08 02:38:50-04:00,1.36512,1.36512,1.36512,1.36512,-1.0,-1.0,-1
2026-05-08 02:38:55-04:00,1.36512,1.36512,1.36511,1.365115,-1.0,-1.0,-1
2026-05-08 02:39:00-04:00,1.365115,1.365125,1.365115,1.365125,-1.0,-1.0,-1
2026-05-08 02:39:05-04:00,1.365125,1.365165,1.365125,1.365165,-1.0,-1.0,-1
2026-05-08 02:39:10-04:00,1.365165,1.365165,1.36516,1.365165,-1.0,-1.0,-1
2026-05-08 02:39:15-04:00,1.365165,1.3652,1.365165,1.3652,-1.0,-1.0,-1
2026-05-08 02:39:20-04:00,1.3652,1.365205,1.3652,1.365205,-1.0,-1.0,-1
2026-05-08 02:39:25-04:00,1.365205,1.365205,1.36517,1.365175,-1.0,-1.0,-1
2026-05-08 02:39:30-04:00,1.365175,1.365195,1.365175,1.365195,-1.0,-1.0,-1
2026-05-08 02:39:35-04:00,1.365195,1.3652,1.365195,1.3652,-1.0,-1.0,-1
2026-05-08 02:39:40-04:00,1.3652,1.3652,1.3652,1.3652,-1.0,-1.0,-1
2026-05-08 02:39:45-04:00,1.3652,1.36522,1.3652,1.36522,-1.0,-1.0,-1
2026-05-08 02:39:50-04:00,1.36522,1.36527,1.36522,1.365265,-1.0,-1.0,-1
2026-05-08 02:39:55-04:00,1.365265,1.365285,1.36526,1.36526,-1.0,-1.0,-1
2026-05-08 02:40:00-04:00,1.36526,1.365265,1.365245,1.365245,-1.0,-1.0,-1
2026-05-08 02:40:05-04:00,1.365245,1.365255,1.365245,1.36525,-1.0,-1.0,-1
2026-05-08 02:40:10-04:00,1.36525,1.365255,1.365225,1.365235,-1.0,-1.0,-1
2026-05-08 02:40:15-04:00,1.365235,1.36524,1.365235,1.365235,-1.0,-1.0,-1
2026-05-08 02:40:20-04:00,1.365235,1.365235,1.36522,1.365225,-1.0,-1.0,-1
2026-05-08 02:40:25-04:00,1.365225,1.365235,1.36522,1.36522,-1.0,-1.0,-1
2026-05-08 02:40:30-04:00,1.36522,1.365235,1.365215,1.365235,-1.0,-1.0,-1
2026-05-08 02:40:35-04:00,1.365235,1.365235,1.36522,1.365235,-1.0,-1.0,-1
2026-05-08 02:40:40-04:00,1.365235,1.36524,1.36523,1.36524,-1.0,-1.0,-1
2026-05-08 02:40:45-04:00,1.36524,1.36525,1.365225,1.365225,-1.0,-1.0,-1
2026-05-08 02:40:50-04:00,1.365225,1.36523,1.365225,1.36523,-1.0,-1.0,-1
2026-05-08 02:40:55-04:00,1.36523,1.36523,1.365205,1.365215,-1.0,-1.0,-1
2026-05-08 02:41:00-04:00,1.365215,1.365215,1.365205,1.365215,-1.0,-1.0,-1
2026-05-08 02:41:05-04:00,1.365215,1.365215,1.365125,1.365125,-1.0,-1.0,-1
2026-05-08 02:41:10-04:00,1.365125,1.365125,1.365065,1.365065,-1.0,-1.0,-1
2026-05-08 02:41:15-04:00,1.365065,1.365075,1.365065,1.365075,-1.0,-1.0,-1
2026-05-08 02:41:20-04:00,1.365075,1.365085,1.365075,1.365085,-1.0,-1.0,-1
2026-05-08 02:41:25-04:00,1.365085,1.365085,1.36508,1.365085,-1.0,-1.0,-1
2026-05-08 02:41:30-04:00,1.365085,1.365115,1.365085,1.365115,-1.0,-1.0,-1
2026-05-08 02:41:35-04:00,1.365115,1.365115,1.36511,1.36511,-1.0,-1.0,-1
2026-05-08 02:41:40-04:00,1.36511,1.36511,1.36511,1.36511,-1.0,-1.0,-1
2026-05-08 02:41:45-04:00,1.36511,1.36511,1.36511,1.36511,-1.0,-1.0,-1
2026-05-08 02:41:50-04:00,1.36511,1.365115,1.365105,1.365105,-1.0,-1.0,-1
2026-05-08 02:41:55-04:00,1.365105,1.36511,1.365105,1.36511,-1.0,-1.0,-1
2026-05-08 02:42:00-04:00,1.36511,1.36511,1.36511,1.36511,-1.0,-1.0,-1
2026-05-08 02:42:05-04:00,1.36511,1.36511,1.36511,1.36511,-1.0,-1.0,-1
2026-05-08 02:42:10-04:00,1.36511,1.365125,1.36511,1.365125,-1.0,-1.0,-1
2026-05-08 02:42:15-04:00,1.365125,1.365125,1.36511,1.36511,-1.0,-1.0,-1
2026-05-08 02:42:20-04:00,1.36511,1.365115,1.36511,1.365115,-1.0,-1.0,-1
2026-05-08 02:42:25-04:00,1.365115,1.365115,1.36511,1.365115,-1.0,-1.0,-1
2026-05-08 02:42:30-04:00,1.365115,1.36519,1.365115,1.36516,-1.0,-1.0,-1
2026-05-08 02:42:35-04:00,1.36516,1.36516,1.365145,1.36516,-1.0,-1.0,-1
2026-05-08 02:42:40-04:00,1.36516,1.365165,1.365155,1.365165,-1.0,-1.0,-1
2026-05-08 02:42:45-04:00,1.365165,1.36521,1.365165,1.36521,-1.0,-1.0,-1
2026-05-08 02:42:50-04:00,1.36521,1.36521,1.3652,1.365205,-1.0,-1.0,-1
2026-05-08 02:42:55-04:00,1.365205,1.365215,1.3652,1.365215,-1.0,-1.0,-1
2026-05-08 02:43:00-04:00,1.365215,1.36522,1.365205,1.365215,-1.0,-1.0,-1
2026-05-08 02:43:05-04:00,1.365215,1.365225,1.36521,1.36522,-1.0,-1.0,-1
2026-05-08 02:43:10-04:00,1.36522,1.365225,1.365205,1.36521,-1.0,-1.0,-1
2026-05-08 02:43:15-04:00,1.36521,1.36522,1.36521,1.365215,-1.0,-1.0,-1
2026-05-08 02:43:20-04:00,1.365215,1.365225,1.365215,1.365225,-1.0,-1.0,-1
2026-05-08 02:43:25-04:00,1.365225,1.365225,1.365185,1.365185,-1.0,-1.0,-1
2026-05-08 02:43:30-04:00,1.365185,1.36521,1.365185,1.36521,-1.0,-1.0,-1
2026-05-08 02:43:35-04:00,1.36521,1.36521,1.36519,1.36521,-1.0,-1.0,-1
2026-05-08 02:43:40-04:00,1.36521,1.36521,1.36514,1.36514,-1.0,-1.0,-1
2026-05-08 02:43:45-04:00,1.36514,1.36516,1.36514,1.36516,-1.0,-1.0,-1
2026-05-08 02:43:50-04:00,1.36516,1.365165,1.36516,1.365165,-1.0,-1.0,-1
2026-05-08 02:43:55-04:00,1.365165,1.365165,1.36516,1.365165,-1.0,-1.0,-1
2026-05-08 02:44:00-04:00,1.365165,1.365205,1.365165,1.365205,-1.0,-1.0,-1
2026-05-08 02:44:05-04:00,1.365205,1.36521,1.365205,1.36521,-1.0,-1.0,-1
2026-05-08 02:44:10-04:00,1.36521,1.36521,1.36521,1.36521,-1.0,-1.0,-1
2026-05-08 02:44:15-04:00,1.36521,1.36521,1.36521,1.36521,-1.0,-1.0,-1
2026-05-08 02:44:20-04:00,1.36521,1.36521,1.36521,1.36521,-1.0,-1.0,-1
2026-05-08 02:44:25-04:00,1.36521,1.36521,1.36521,1.36521,-1.0,-1.0,-1
2026-05-08 02:44:30-04:00,1.36521,1.36521,1.36521,1.36521,-1.0,-1.0,-1
2026-05-08 02:44:35-04:00,1.36521,1.36521,1.365175,1.36518,-1.0,-1.0,-1
2026-05-08 02:44:40-04:00,1.36518,1.36518,1.365155,1.36517,-1.0,-1.0,-1
2026-05-08 02:44:45-04:00,1.36517,1.365175,1.36516,1.365175,-1.0,-1.0,-1
2026-05-08 02:44:50-04:00,1.365175,1.3652,1.365175,1.3652,-1.0,-1.0,-1
2026-05-08 02:44:55-04:00,1.3652,1.36521,1.36517,1.3652,-1.0,-1.0,-1
2026-05-08 02:45:00-04:00,1.3652,1.36522,1.365185,1.36522,-1.0,-1.0,-1
2026-05-08 02:45:05-04:00,1.36522,1.36526,1.36521,1.36521,-1.0,-1.0,-1
2026-05-08 02:45:10-04:00,1.36521,1.365215,1.36521,1.36521,-1.0,-1.0,-1
2026-05-08 02:45:15-04:00,1.36521,1.36521,1.36521,1.36521,-1.0,-1.0,-1
2026-05-08 02:45:20-04:00,1.36521,1.36521,1.36521,1.36521,-1.0,-1.0,-1
2026-05-08 02:45:25-04:00,1.36521,1.36521,1.36521,1.36521,-1.0,-1.0,-1
2026-05-08 02:45:30-04:00,1.36521,1.36521,1.36521,1.36521,-1.0,-1.0,-1
2026-05-08 02:45:35-04:00,1.36521,1.36521,1.36521,1.36521,-1.0,-1.0,-1
2026-05-08 02:45:40-04:00,1.36521,1.365255,1.36521,1.365225,-1.0,-1.0,-1
2026-05-08 02:45:45-04:00,1.365225,1.365225,1.365225,1.365225,-1.0,-1.0,-1
2026-05-08 02:45:50-04:00,1.365225,1.365225,1.365215,1.36522,-1.0,-1.0,-1
2026-05-08 02:45:55-04:00,1.36522,1.36522,1.365215,1.365215,-1.0,-1.0,-1
2026-05-08 02:46:00-04:00,1.365215,1.365225,1.365215,1.365225,-1.0,-1.0,-1
2026-05-08 02:46:05-04:00,1.365225,1.365255,1.365225,1.36523,-1.0,-1.0,-1
2026-05-08 02:46:10-04:00,1.36523,1.36523,1.36522,1.36523,-1.0,-1.0,-1
2026-05-08 02:46:15-04:00,1.36523,1.36523,1.36522,1.365225,-1.0,-1.0,-1
2026-05-08 02:46:20-04:00,1.365225,1.365225,1.365225,1.365225,-1.0,-1.0,-1
2026-05-08 02:46:25-04:00,1.365225,1.365225,1.365215,1.365215,-1.0,-1.0,-1
2026-05-08 02:46:30-04:00,1.365215,1.365225,1.365215,1.365225,-1.0,-1.0,-1
2026-05-08 02:46:35-04:00,1.365225,1.365225,1.36522,1.365225,-1.0,-1.0,-1
2026-05-08 02:46:40-04:00,1.365225,1.365225,1.365215,1.365215,-1.0,-1.0,-1
2026-05-08 02:46:45-04:00,1.365215,1.365225,1.365215,1.365215,-1.0,-1.0,-1
2026-05-08 02:46:50-04:00,1.365215,1.36523,1.365215,1.36522,-1.0,-1.0,-1
2026-05-08 02:46:55-04:00,1.36522,1.365225,1.36522,1.365225,-1.0,-1.0,-1
2026-05-08 02:47:00-04:00,1.365225,1.365245,1.365225,1.365235,-1.0,-1.0,-1
2026-05-08 02:47:05-04:00,1.365235,1.36524,1.365225,1.365225,-1.0,-1.0,-1
2026-05-08 02:47:10-04:00,1.365225,1.36523,1.36522,1.36522,-1.0,-1.0,-1
2026-05-08 02:47:15-04:00,1.36522,1.365225,1.36522,1.365225,-1.0,-1.0,-1
2026-05-08 02:47:20-04:00,1.365225,1.365225,1.36522,1.36522,-1.0,-1.0,-1
2026-05-08 02:47:25-04:00,1.36522,1.365265,1.36522,1.365265,-1.0,-1.0,-1
2026-05-08 02:47:30-04:00,1.365265,1.365265,1.36522,1.36526,-1.0,-1.0,-1
2026-05-08 02:47:35-04:00,1.36526,1.36526,1.365255,1.365255,-1.0,-1.0,-1
2026-05-08 02:47:40-04:00,1.365255,1.365255,1.36525,1.365255,-1.0,-1.0,-1
2026-05-08 02:47:45-04:00,1.365255,1.365305,1.365255,1.365305,-1.0,-1.0,-1
2026-05-08 02:47:50-04:00,1.365305,1.365305,1.365265,1.365265,-1.0,-1.0,-1
2026-05-08 02:47:55-04:00,1.365265,1.36532,1.365265,1.36532,-1.0,-1.0,-1
2026-05-08 02:48:00-04:00,1.36532,1.365325,1.365305,1.365305,-1.0,-1.0,-1
2026-05-08 02:48:05-04:00,1.365305,1.36531,1.3653,1.36531,-1.0,-1.0,-1
2026-05-08 02:48:10-04:00,1.36531,1.36531,1.36517,1.36517,-1.0,-1.0,-1
2026-05-08 02:48:15-04:00,1.36517,1.36517,1.365155,1.365155,-1.0,-1.0,-1
2026-05-08 02:48:20-04:00,1.365155,1.365165,1.36515,1.36515,-1.0,-1.0,-1
2026-05-08 02:48:25-04:00,1.36515,1.36515,1.36515,1.36515,-1.0,-1.0,-1
2026-05-08 02:48:30-04:00,1.36515,1.36515,1.36515,1.36515,-1.0,-1.0,-1
2026-05-08 02:48:35-04:00,1.36515,1.365175,1.36515,1.365175,-1.0,-1.0,-1
2026-05-08 02:48:40-04:00,1.365175,1.365175,1.365175,1.365175,-1.0,-1.0,-1
2026-05-08 02:48:45-04:00,1.365175,1.365175,1.36517,1.365175,-1.0,-1.0,-1
2026-05-08 02:48:50-04:00,1.365175,1.365175,1.36517,1.365175,-1.0,-1.0,-1
2026-05-08 02:48:55-04:00,1.365175,1.365175,1.36517,1.365175,-1.0,-1.0,-1
2026-05-08 02:49:00-04:00,1.365175,1.365205,1.365175,1.365205,-1.0,-1.0,-1
2026-05-08 02:49:05-04:00,1.365205,1.365205,1.365195,1.365195,-1.0,-1.0,-1
2026-05-08 02:49:10-04:00,1.365195,1.365195,1.365165,1.365165,-1.0,-1.0,-1
2026-05-08 02:49:15-04:00,1.365165,1.36517,1.36515,1.365165,-1.0,-1.0,-1
2026-05-08 02:49:20-04:00,1.365165,1.365165,1.36515,1.36515,-1.0,-1.0,-1
2026-05-08 02:49:25-04:00,1.36515,1.36517,1.36515,1.36517,-1.0,-1.0,-1
2026-05-08 02:49:30-04:00,1.36517,1.365175,1.365165,1.365175,-1.0,-1.0,-1
2026-05-08 02:49:35-04:00,1.365175,1.36518,1.365175,1.36518,-1.0,-1.0,-1
2026-05-08 02:49:40-04:00,1.36518,1.36518,1.36517,1.365175,-1.0,-1.0,-1
2026-05-08 02:49:45-04:00,1.365175,1.3652,1.365175,1.3652,-1.0,-1.0,-1
2026-05-08 02:49:50-04:00,1.3652,1.36521,1.365195,1.365205,-1.0,-1.0,-1
2026-05-08 02:49:55-04:00,1.365205,1.36521,1.3652,1.3652,-1.0,-1.0,-1
2026-05-08 02:50:00-04:00,1.3652,1.365205,1.36519,1.365195,-1.0,-1.0,-1
2026-05-08 02:50:05-04:00,1.365195,1.365195,1.36519,1.365195,-1.0,-1.0,-1
2026-05-08 02:50:10-04:00,1.365195,1.365205,1.36519,1.3652,-1.0,-1.0,-1
2026-05-08 02:50:15-04:00,1.3652,1.36521,1.3652,1.36521,-1.0,-1.0,-1
2026-05-08 02:50:20-04:00,1.36521,1.36521,1.36521,1.36521,-1.0,-1.0,-1
2026-05-08 02:50:25-04:00,1.36521,1.365235,1.36521,1.36523,-1.0,-1.0,-1
2026-05-08 02:50:30-04:00,1.36523,1.36523,1.36522,1.36522,-1.0,-1.0,-1
2026-05-08 02:50:35-04:00,1.36522,1.36522,1.365205,1.365205,-1.0,-1.0,-1
2026-05-08 02:50:40-04:00,1.365205,1.365205,1.365205,1.365205,-1.0,-1.0,-1
2026-05-08 02:50:45-04:00,1.365205,1.365205,1.36518,1.36518,-1.0,-1.0,-1
2026-05-08 02:50:50-04:00,1.36518,1.365235,1.36518,1.365235,-1.0,-1.0,-1
2026-05-08 02:50:55-04:00,1.365235,1.36524,1.365205,1.365215,-1.0,-1.0,-1
2026-05-08 02:51:00-04:00,1.365215,1.36526,1.36521,1.36526,-1.0,-1.0,-1
2026-05-08 02:51:05-04:00,1.36526,1.36526,1.36526,1.36526,-1.0,-1.0,-1
2026-05-08 02:51:10-04:00,1.36526,1.36526,1.365255,1.36526,-1.0,-1.0,-1
2026-05-08 02:51:15-04:00,1.36526,1.36526,1.36523,1.365255,-1.0,-1.0,-1
2026-05-08 02:51:20-04:00,1.365255,1.365255,1.36522,1.365255,-1.0,-1.0,-1
2026-05-08 02:51:25-04:00,1.365255,1.365255,1.365225,1.365255,-1.0,-1.0,-1
2026-05-08 02:51:30-04:00,1.365255,1.36526,1.365255,1.365255,-1.0,-1.0,-1
2026-05-08 02:51:35-04:00,1.365255,1.365255,1.365225,1.36523,-1.0,-1.0,-1
2026-05-08 02:51:40-04:00,1.36523,1.36526,1.36523,1.365255,-1.0,-1.0,-1
2026-05-08 02:51:45-04:00,1.365255,1.365255,1.365235,1.365245,-1.0,-1.0,-1
2026-05-08 02:51:50-04:00,1.365245,1.365245,1.36524,1.365245,-1.0,-1.0,-1
2026-05-08 02:51:55-04:00,1.365245,1.365245,1.365215,1.36522,-1.0,-1.0,-1
2026-05-08 02:52:00-04:00,1.36522,1.36524,1.36522,1.36524,-1.0,-1.0,-1
2026-05-08 02:52:05-04:00,1.36524,1.365305,1.36524,1.36527,-1.0,-1.0,-1
2026-05-08 02:52:10-04:00,1.36527,1.365305,1.365255,1.365255,-1.0,-1.0,-1
2026-05-08 02:52:15-04:00,1.365255,1.365255,1.36524,1.36524,-1.0,-1.0,-1
2026-05-08 02:52:20-04:00,1.36524,1.36524,1.365235,1.365235,-1.0,-1.0,-1
2026-05-08 02:52:25-04:00,1.365235,1.365235,1.365215,1.365215,-1.0,-1.0,-1
2026-05-08 02:52:30-04:00,1.365215,1.365225,1.365215,1.365225,-1.0,-1.0,-1
2026-05-08 02:52:35-04:00,1.365225,1.365235,1.365215,1.365235,-1.0,-1.0,-1
2026-05-08 02:52:40-04:00,1.365235,1.365235,1.365235,1.365235,-1.0,-1.0,-1
2026-05-08 02:52:45-04:00,1.365235,1.365235,1.365175,1.365175,-1.0,-1.0,-1
2026-05-08 02:52:50-04:00,1.365175,1.365175,1.36516,1.365165,-1.0,-1.0,-1
2026-05-08 02:52:55-04:00,1.365165,1.36518,1.365165,1.36518,-1.0,-1.0,-1
2026-05-08 02:53:00-04:00,1.36518,1.36518,1.36517,1.36517,-1.0,-1.0,-1
2026-05-08 02:53:05-04:00,1.36517,1.36517,1.365165,1.36517,-1.0,-1.0,-1
2026-05-08 02:53:10-04:00,1.36517,1.36517,1.365135,1.365135,-1.0,-1.0,-1
2026-05-08 02:53:15-04:00,1.365135,1.36515,1.365135,1.365145,-1.0,-1.0,-1
2026-05-08 02:53:20-04:00,1.365145,1.365145,1.36513,1.36514,-1.0,-1.0,-1
2026-05-08 02:53:25-04:00,1.36514,1.36521,1.36514,1.36521,-1.0,-1.0,-1
2026-05-08 02:53:30-04:00,1.36521,1.365215,1.365175,1.365215,-1.0,-1.0,-1
2026-05-08 02:53:35-04:00,1.365215,1.365215,1.365215,1.365215,-1.0,-1.0,-1
2026-05-08 02:53:40-04:00,1.365215,1.36522,1.365215,1.36522,-1.0,-1.0,-1
2026-05-08 02:53:45-04:00,1.36522,1.365235,1.365215,1.365235,-1.0,-1.0,-1
2026-05-08 02:53:50-04:00,1.365235,1.36524,1.36523,1.365235,-1.0,-1.0,-1
2026-05-08 02:53:55-04:00,1.365235,1.365235,1.365225,1.365225,-1.0,-1.0,-1
2026-05-08 02:54:00-04:00,1.365225,1.365225,1.36521,1.36521,-1.0,-1.0,-1
2026-05-08 02:54:05-04:00,1.36521,1.36522,1.36521,1.36522,-1.0,-1.0,-1
2026-05-08 02:54:10-04:00,1.36522,1.36522,1.365215,1.36522,-1.0,-1.0,-1
2026-05-08 02:54:15-04:00,1.36522,1.365225,1.365215,1.36522,-1.0,-1.0,-1
2026-05-08 02:54:20-04:00,1.36522,1.365265,1.36522,1.365265,-1.0,-1.0,-1
2026-05-08 02:54:25-04:00,1.365265,1.365265,1.365245,1.36526,-1.0,-1.0,-1
2026-05-08 02:54:30-04:00,1.36526,1.365265,1.36526,1.365265,-1.0,-1.0,-1
2026-05-08 02:54:35-04:00,1.365265,1.365265,1.36526,1.365265,-1.0,-1.0,-1
2026-05-08 02:54:40-04:00,1.365265,1.365305,1.36526,1.36526,-1.0,-1.0,-1
2026-05-08 02:54:45-04:00,1.36526,1.365305,1.36526,1.365305,-1.0,-1.0,-1
2026-05-08 02:54:50-04:00,1.365305,1.36531,1.365305,1.365305,-1.0,-1.0,-1
2026-05-08 02:54:55-04:00,1.365305,1.365315,1.365305,1.365315,-1.0,-1.0,-1
2026-05-08 02:55:00-04:00,1.365315,1.365315,1.36531,1.36531,-1.0,-1.0,-1
2026-05-08 02:55:05-04:00,1.36531,1.36531,1.36531,1.36531,-1.0,-1.0,-1
2026-05-08 02:55:10-04:00,1.36531,1.36532,1.36531,1.36532,-1.0,-1.0,-1
2026-05-08 02:55:15-04:00,1.36532,1.36532,1.365315,1.365315,-1.0,-1.0,-1
2026-05-08 02:55:20-04:00,1.365315,1.365315,1.365305,1.365305,-1.0,-1.0,-1
2026-05-08 02:55:25-04:00,1.365305,1.36532,1.365305,1.365315,-1.0,-1.0,-1
2026-05-08 02:55:30-04:00,1.365315,1.36532,1.365315,1.36532,-1.0,-1.0,-1
2026-05-08 02:55:35-04:00,1.36532,1.36532,1.365315,1.36532,-1.0,-1.0,-1
2026-05-08 02:55:40-04:00,1.36532,1.36532,1.36532,1.36532,-1.0,-1.0,-1
2026-05-08 02:55:45-04:00,1.36532,1.36532,1.365315,1.365315,-1.0,-1.0,-1
2026-05-08 02:55:50-04:00,1.365315,1.36532,1.365315,1.36532,-1.0,-1.0,-1
2026-05-08 02:55:55-04:00,1.36532,1.36532,1.365315,1.36532,-1.0,-1.0,-1
2026-05-08 02:56:00-04:00,1.36532,1.36532,1.36529,1.36529,-1.0,-1.0,-1
2026-05-08 02:56:05-04:00,1.36529,1.365295,1.36524,1.36524,-1.0,-1.0,-1
2026-05-08 02:56:10-04:00,1.36524,1.36525,1.36524,1.36524,-1.0,-1.0,-1
2026-05-08 02:56:15-04:00,1.36524,1.36524,1.36522,1.36522,-1.0,-1.0,-1
2026-05-08 02:56:20-04:00,1.36522,1.365245,1.36522,1.36524,-1.0,-1.0,-1
2026-05-08 02:56:25-04:00,1.36524,1.36524,1.36522,1.36522,-1.0,-1.0,-1
2026-05-08 02:56:30-04:00,1.36522,1.365245,1.36522,1.36523,-1.0,-1.0,-1
2026-05-08 02:56:35-04:00,1.36523,1.36523,1.365215,1.365215,-1.0,-1.0,-1
2026-05-08 02:56:40-04:00,1.365215,1.36523,1.365215,1.36522,-1.0,-1.0,-1
2026-05-08 02:56:45-04:00,1.36522,1.365235,1.36522,1.36522,-1.0,-1.0,-1
2026-05-08 02:56:50-04:00,1.36522,1.365235,1.36522,1.365225,-1.0,-1.0,-1
2026-05-08 02:56:55-04:00,1.365225,1.36523,1.36522,1.36522,-1.0,-1.0,-1
2026-05-08 02:57:00-04:00,1.36522,1.365235,1.365215,1.365235,-1.0,-1.0,-1
2026-05-08 02:57:05-04:00,1.365235,1.365245,1.365235,1.365245,-1.0,-1.0,-1
2026-05-08 02:57:10-04:00,1.365245,1.365245,1.36524,1.365245,-1.0,-1.0,-1
2026-05-08 02:57:15-04:00,1.365245,1.365245,1.36521,1.36522,-1.0,-1.0,-1
2026-05-08 02:57:20-04:00,1.36522,1.365225,1.365215,1.36522,-1.0,-1.0,-1
2026-05-08 02:57:25-04:00,1.36522,1.36523,1.365215,1.36523,-1.0,-1.0,-1
2026-05-08 02:57:30-04:00,1.36523,1.36532,1.36523,1.36531,-1.0,-1.0,-1
2026-05-08 02:57:35-04:00,1.36531,1.365315,1.36531,1.36531,-1.0,-1.0,-1
2026-05-08 02:57:40-04:00,1.36531,1.36532,1.36531,1.36532,-1.0,-1.0,-1
2026-05-08 02:57:45-04:00,1.36532,1.365325,1.365315,1.365325,-1.0,-1.0,-1
2026-05-08 02:57:50-04:00,1.365325,1.365325,1.365315,1.365315,-1.0,-1.0,-1
2026-05-08 02:57:55-04:00,1.365315,1.36533,1.36529,1.36529,-1.0,-1.0,-1
2026-05-08 02:58:00-04:00,1.36529,1.365295,1.36529,1.365295,-1.0,-1.0,-1
2026-05-08 02:58:05-04:00,1.365295,1.365315,1.365295,1.365315,-1.0,-1.0,-1
2026-05-08 02:58:10-04:00,1.365315,1.36532,1.36531,1.36532,-1.0,-1.0,-1
2026-05-08 02:58:15-04:00,1.36532,1.365355,1.365315,1.365325,-1.0,-1.0,-1
2026-05-08 02:58:20-04:00,1.365325,1.365325,1.3653,1.3653,-1.0,-1.0,-1
2026-05-08 02:58:25-04:00,1.3653,1.365315,1.3653,1.365315,-1.0,-1.0,-1
2026-05-08 02:58:30-04:00,1.365315,1.365315,1.365295,1.365295,-1.0,-1.0,-1
2026-05-08 02:58:35-04:00,1.365295,1.3653,1.36529,1.365295,-1.0,-1.0,-1
2026-05-08 02:58:40-04:00,1.365295,1.3653,1.36529,1.365295,-1.0,-1.0,-1
2026-05-08 02:58:45-04:00,1.365295,1.365295,1.365255,1.36526,-1.0,-1.0,-1
2026-05-08 02:58:50-04:00,1.36526,1.36526,1.36525,1.36526,-1.0,-1.0,-1
2026-05-08 02:58:55-04:00,1.36526,1.36526,1.36525,1.365255,-1.0,-1.0,-1
2026-05-08 02:59:00-04:00,1.365255,1.365255,1.365225,1.36523,-1.0,-1.0,-1
2026-05-08 02:59:05-04:00,1.36523,1.365265,1.36522,1.365265,-1.0,-1.0,-1
2026-05-08 02:59:10-04:00,1.365265,1.36528,1.365265,1.365275,-1.0,-1.0,-1
2026-05-08 02:59:15-04:00,1.365275,1.365315,1.36527,1.36531,-1.0,-1.0,-1
2026-05-08 02:59:20-04:00,1.36531,1.365325,1.36531,1.365325,-1.0,-1.0,-1
2026-05-08 02:59:25-04:00,1.365325,1.36533,1.365325,1.36533,-1.0,-1.0,-1
2026-05-08 02:59:30-04:00,1.36533,1.36536,1.36533,1.36536,-1.0,-1.0,-1
2026-05-08 02:59:35-04:00,1.36536,1.365365,1.36536,1.36536,-1.0,-1.0,-1
2026-05-08 02:59:40-04:00,1.36536,1.365365,1.36536,1.365365,-1.0,-1.0,-1
2026-05-08 02:59:45-04:00,1.365365,1.365375,1.365365,1.365375,-1.0,-1.0,-1
2026-05-08 02:59:50-04:00,1.365375,1.36538,1.365365,1.36537,-1.0,-1.0,-1
2026-05-08 02:59:55-04:00,1.36537,1.36538,1.36537,1.36538,-1.0,-1.0,-1
2026-05-08 03:00:00-04:00,1.36538,1.36546,1.36538,1.365435,-1.0,-1.0,-1
2026-05-08 03:00:05-04:00,1.365435,1.365435,1.365385,1.365385,-1.0,-1.0,-1
2026-05-08 03:00:10-04:00,1.365385,1.3654,1.365385,1.3654,-1.0,-1.0,-1
2026-05-08 03:00:15-04:00,1.3654,1.3654,1.36539,1.365395,-1.0,-1.0,-1
2026-05-08 03:00:20-04:00,1.365395,1.365395,1.36538,1.36539,-1.0,-1.0,-1
2026-05-08 03:00:25-04:00,1.36539,1.3654,1.36538,1.3654,-1.0,-1.0,-1
2026-05-08 03:00:30-04:00,1.3654,1.3654,1.365335,1.365345,-1.0,-1.0,-1
2026-05-08 03:00:35-04:00,1.365345,1.365405,1.365345,1.365405,-1.0,-1.0,-1
2026-05-08 03:00:40-04:00,1.365405,1.365415,1.36538,1.3654,-1.0,-1.0,-1
2026-05-08 03:00:45-04:00,1.3654,1.365415,1.3654,1.365415,-1.0,-1.0,-1
2026-05-08 03:00:50-04:00,1.365415,1.365425,1.365405,1.365425,-1.0,-1.0,-1
2026-05-08 03:00:55-04:00,1.365425,1.365425,1.365395,1.3654,-1.0,-1.0,-1
2026-05-08 03:01:00-04:00,1.3654,1.365425,1.3654,1.365405,-1.0,-1.0,-1
2026-05-08 03:01:05-04:00,1.365405,1.36542,1.3654,1.3654,-1.0,-1.0,-1
2026-05-08 03:01:10-04:00,1.3654,1.36542,1.3654,1.3654,-1.0,-1.0,-1
2026-05-08 03:01:15-04:00,1.3654,1.3654,1.365385,1.365385,-1.0,-1.0,-1
2026-05-08 03:01:20-04:00,1.365385,1.36541,1.365335,1.365345,-1.0,-1.0,-1
2026-05-08 03:01:25-04:00,1.365345,1.365345,1.36533,1.36533,-1.0,-1.0,-1
2026-05-08 03:01:30-04:00,1.36533,1.36533,1.365295,1.36531,-1.0,-1.0,-1
2026-05-08 03:01:35-04:00,1.36531,1.36531,1.365305,1.36531,-1.0,-1.0,-1
2026-05-08 03:01:40-04:00,1.36531,1.36531,1.36531,1.36531,-1.0,-1.0,-1
2026-05-08 03:01:45-04:00,1.36531,1.36531,1.36531,1.36531,-1.0,-1.0,-1
2026-05-08 03:01:50-04:00,1.36531,1.36531,1.36531,1.36531,-1.0,-1.0,-1
2026-05-08 03:01:55-04:00,1.36531,1.36531,1.365295,1.365295,-1.0,-1.0,-1
2026-05-08 03:02:00-04:00,1.365295,1.365315,1.365285,1.365305,-1.0,-1.0,-1
2026-05-08 03:02:05-04:00,1.365305,1.365325,1.365285,1.365325,-1.0,-1.0,-1
2026-05-08 03:02:10-04:00,1.365325,1.3654,1.36532,1.3654,-1.0,-1.0,-1
2026-05-08 03:02:15-04:00,1.3654,1.3654,1.365365,1.36539,-1.0,-1.0,-1
2026-05-08 03:02:20-04:00,1.36539,1.36539,1.36532,1.36532,-1.0,-1.0,-1
2026-05-08 03:02:25-04:00,1.36532,1.36533,1.365305,1.36531,-1.0,-1.0,-1
2026-05-08 03:02:30-04:00,1.36531,1.365345,1.36531,1.365345,-1.0,-1.0,-1
2026-05-08 03:02:35-04:00,1.365345,1.365355,1.36531,1.365345,-1.0,-1.0,-1
2026-05-08 03:02:40-04:00,1.365345,1.36537,1.36534,1.365345,-1.0,-1.0,-1
2026-05-08 03:02:45-04:00,1.365345,1.365365,1.36534,1.36536,-1.0,-1.0,-1
2026-05-08 03:02:50-04:00,1.36536,1.36536,1.365335,1.365335,-1.0,-1.0,-1
2026-05-08 03:02:55-04:00,1.365335,1.365345,1.365325,1.36534,-1.0,-1.0,-1
2026-05-08 03:03:00-04:00,1.36534,1.36534,1.36533,1.36533,-1.0,-1.0,-1
2026-05-08 03:03:05-04:00,1.36533,1.365335,1.36533,1.365335,-1.0,-1.0,-1
2026-05-08 03:03:10-04:00,1.365335,1.365335,1.365315,1.365315,-1.0,-1.0,-1
2026-05-08 03:03:15-04:00,1.365315,1.365315,1.3653,1.3653,-1.0,-1.0,-1
2026-05-08 03:03:20-04:00,1.3653,1.365305,1.3653,1.3653,-1.0,-1.0,-1
2026-05-08 03:03:25-04:00,1.3653,1.36533,1.3653,1.36533,-1.0,-1.0,-1
2026-05-08 03:03:30-04:00,1.36533,1.365385,1.365325,1.36538,-1.0,-1.0,-1
2026-05-08 03:03:35-04:00,1.36538,1.365385,1.365375,1.365385,-1.0,-1.0,-1
2026-05-08 03:03:40-04:00,1.365385,1.36539,1.365385,1.365385,-1.0,-1.0,-1
2026-05-08 03:03:45-04:00,1.365385,1.365405,1.365385,1.365395,-1.0,-1.0,-1
2026-05-08 03:03:50-04:00,1.365395,1.365395,1.365385,1.36539,-1.0,-1.0,-1
2026-05-08 03:03:55-04:00,1.36539,1.365395,1.36533,1.36533,-1.0,-1.0,-1
2026-05-08 03:04:00-04:00,1.36533,1.36533,1.365285,1.365285,-1.0,-1.0,-1
2026-05-08 03:04:05-04:00,1.365285,1.36529,1.365285,1.36529,-1.0,-1.0,-1
2026-05-08 03:04:10-04:00,1.36529,1.36529,1.36529,1.36529,-1.0,-1.0,-1
2026-05-08 03:04:15-04:00,1.36529,1.36529,1.365245,1.36525,-1.0,-1.0,-1
2026-05-08 03:04:20-04:00,1.36525,1.365255,1.365245,1.36525,-1.0,-1.0,-1
2026-05-08 03:04:25-04:00,1.36525,1.36525,1.36523,1.36523,-1.0,-1.0,-1
2026-05-08 03:04:30-04:00,1.36523,1.36524,1.365215,1.36524,-1.0,-1.0,-1
2026-05-08 03:04:35-04:00,1.36524,1.365245,1.36523,1.36523,-1.0,-1.0,-1
2026-05-08 03:04:40-04:00,1.36523,1.365245,1.36523,1.365235,-1.0,-1.0,-1
2026-05-08 03:04:45-04:00,1.365235,1.36525,1.36523,1.365245,-1.0,-1.0,-1
2026-05-08 03:04:50-04:00,1.365245,1.365245,1.36524,1.36524,-1.0,-1.0,-1
2026-05-08 03:04:55-04:00,1.36524,1.365245,1.36524,1.365245,-1.0,-1.0,-1
2026-05-08 03:05:00-04:00,1.365245,1.36525,1.36523,1.365245,-1.0,-1.0,-1
2026-05-08 03:05:05-04:00,1.365245,1.36526,1.36524,1.36526,-1.0,-1.0,-1
2026-05-08 03:05:10-04:00,1.36526,1.36526,1.365245,1.365245,-1.0,-1.0,-1
2026-05-08 03:05:15-04:00,1.365245,1.365255,1.36522,1.36525,-1.0,-1.0,-1
2026-05-08 03:05:20-04:00,1.36525,1.36525,1.36524,1.365245,-1.0,-1.0,-1
2026-05-08 03:05:25-04:00,1.365245,1.36526,1.365245,1.365255,-1.0,-1.0,-1
2026-05-08 03:05:30-04:00,1.365255,1.36531,1.36525,1.365305,-1.0,-1.0,-1
2026-05-08 03:05:35-04:00,1.365305,1.36531,1.365245,1.365245,-1.0,-1.0,-1
2026-05-08 03:05:40-04:00,1.365245,1.365255,1.3652,1.36524,-1.0,-1.0,-1
2026-05-08 03:05:45-04:00,1.36524,1.365315,1.36524,1.365315,-1.0,-1.0,-1
2026-05-08 03:05:50-04:00,1.365315,1.365315,1.365315,1.365315,-1.0,-1.0,-1
2026-05-08 03:05:55-04:00,1.365315,1.365355,1.36531,1.36535,-1.0,-1.0,-1
2026-05-08 03:06:00-04:00,1.36535,1.365365,1.36534,1.365345,-1.0,-1.0,-1
2026-05-08 03:06:05-04:00,1.365345,1.36536,1.36534,1.36535,-1.0,-1.0,-1
2026-05-08 03:06:10-04:00,1.36535,1.36536,1.365315,1.365315,-1.0,-1.0,-1
2026-05-08 03:06:15-04:00,1.365315,1.36533,1.365315,1.36533,-1.0,-1.0,-1
2026-05-08 03:06:20-04:00,1.36533,1.36533,1.36533,1.36533,-1.0,-1.0,-1
2026-05-08 03:06:25-04:00,1.36533,1.36533,1.365325,1.365325,-1.0,-1.0,-1
2026-05-08 03:06:30-04:00,1.365325,1.365325,1.36531,1.36532,-1.0,-1.0,-1
2026-05-08 03:06:35-04:00,1.36532,1.36532,1.36531,1.36531,-1.0,-1.0,-1
2026-05-08 03:06:40-04:00,1.36531,1.365315,1.36531,1.36531,-1.0,-1.0,-1
2026-05-08 03:06:45-04:00,1.36531,1.36531,1.36525,1.36525,-1.0,-1.0,-1
2026-05-08 03:06:50-04:00,1.36525,1.36526,1.36525,1.36526,-1.0,-1.0,-1
2026-05-08 03:06:55-04:00,1.36526,1.365265,1.36526,1.36526,-1.0,-1.0,-1
2026-05-08 03:07:00-04:00,1.36526,1.36531,1.36526,1.365305,-1.0,-1.0,-1
2026-05-08 03:07:05-04:00,1.365305,1.36532,1.365305,1.365315,-1.0,-1.0,-1
2026-05-08 03:07:10-04:00,1.365315,1.36532,1.36531,1.36531,-1.0,-1.0,-1
2026-05-08 03:07:15-04:00,1.36531,1.365325,1.36531,1.36532,-1.0,-1.0,-1
2026-05-08 03:07:20-04:00,1.36532,1.365325,1.36532,1.365325,-1.0,-1.0,-1
2026-05-08 03:07:25-04:00,1.365325,1.365325,1.365325,1.365325,-1.0,-1.0,-1
2026-05-08 03:07:30-04:00,1.365325,1.36533,1.36532,1.36532,-1.0,-1.0,-1
2026-05-08 03:07:35-04:00,1.36532,1.36538,1.36532,1.36538,-1.0,-1.0,-1
2026-05-08 03:07:40-04:00,1.36538,1.365385,1.365365,1.36538,-1.0,-1.0,-1
2026-05-08 03:07:45-04:00,1.36538,1.365425,1.365375,1.365425,-1.0,-1.0,-1
2026-05-08 03:07:50-04:00,1.365425,1.365425,1.36534,1.365365,-1.0,-1.0,-1
2026-05-08 03:07:55-04:00,1.365365,1.36537,1.365355,1.365355,-1.0,-1.0,-1
2026-05-08 03:08:00-04:00,1.365355,1.365395,1.365335,1.36539,-1.0,-1.0,-1
2026-05-08 03:08:05-04:00,1.36539,1.3654,1.36539,1.36539,-1.0,-1.0,-1
2026-05-08 03:08:10-04:00,1.36539,1.365415,1.36539,1.3654,-1.0,-1.0,-1
2026-05-08 03:08:15-04:00,1.3654,1.36541,1.36539,1.36539,-1.0,-1.0,-1
2026-05-08 03:08:20-04:00,1.36539,1.365395,1.36539,1.36539,-1.0,-1.0,-1
2026-05-08 03:08:25-04:00,1.36539,1.365405,1.36539,1.3654,-1.0,-1.0,-1
2026-05-08 03:08:30-04:00,1.3654,1.365425,1.3654,1.365425,-1.0,-1.0,-1
2026-05-08 03:08:35-04:00,1.365425,1.36547,1.365425,1.36546,-1.0,-1.0,-1
2026-05-08 03:08:40-04:00,1.36546,1.365465,1.36545,1.365455,-1.0,-1.0,-1
2026-05-08 03:08:45-04:00,1.365455,1.36546,1.3654,1.3654,-1.0,-1.0,-1
2026-05-08 03:08:50-04:00,1.3654,1.365425,1.3654,1.36541,-1.0,-1.0,-1
2026-05-08 03:08:55-04:00,1.36541,1.365425,1.3654,1.3654,-1.0,-1.0,-1
2026-05-08 03:09:00-04:00,1.3654,1.3654,1.36539,1.36539,-1.0,-1.0,-1
2026-05-08 03:09:05-04:00,1.36539,1.3654,1.36539,1.3654,-1.0,-1.0,-1
2026-05-08 03:09:10-04:00,1.3654,1.365405,1.36539,1.365395,-1.0,-1.0,-1
2026-05-08 03:09:15-04:00,1.365395,1.365395,1.36535,1.36535,-1.0,-1.0,-1
2026-05-08 03:09:20-04:00,1.36535,1.36538,1.36535,1.36537,-1.0,-1.0,-1
2026-05-08 03:09:25-04:00,1.36537,1.3654,1.36536,1.36539,-1.0,-1.0,-1
2026-05-08 03:09:30-04:00,1.36539,1.3654,1.36539,1.365395,-1.0,-1.0,-1
2026-05-08 03:09:35-04:00,1.365395,1.3654,1.36539,1.365395,-1.0,-1.0,-1
2026-05-08 03:09:40-04:00,1.365395,1.365395,1.36539,1.36539,-1.0,-1.0,-1
2026-05-08 03:09:45-04:00,1.36539,1.365405,1.36539,1.3654,-1.0,-1.0,-1
2026-05-08 03:09:50-04:00,1.3654,1.365425,1.3654,1.365405,-1.0,-1.0,-1
2026-05-08 03:09:55-04:00,1.365405,1.365415,1.36539,1.365405,-1.0,-1.0,-1
2026-05-08 03:10:00-04:00,1.365405,1.365405,1.36539,1.36539,-1.0,-1.0,-1
2026-05-08 03:10:05-04:00,1.36539,1.365395,1.365385,1.36539,-1.0,-1.0,-1
2026-05-08 03:10:10-04:00,1.36539,1.36541,1.365385,1.36541,-1.0,-1.0,-1
2026-05-08 03:10:15-04:00,1.36541,1.36542,1.365395,1.365395,-1.0,-1.0,-1
2026-05-08 03:10:20-04:00,1.365395,1.365395,1.365395,1.365395,-1.0,-1.0,-1
2026-05-08 03:10:25-04:00,1.365395,1.36547,1.365395,1.365465,-1.0,-1.0,-1
2026-05-08 03:10:30-04:00,1.365465,1.365465,1.36542,1.36542,-1.0,-1.0,-1
2026-05-08 03:10:35-04:00,1.36542,1.36545,1.365395,1.36543,-1.0,-1.0,-1
2026-05-08 03:10:40-04:00,1.36543,1.36543,1.365395,1.3654,-1.0,-1.0,-1
2026-05-08 03:10:45-04:00,1.3654,1.365405,1.365395,1.365395,-1.0,-1.0,-1
2026-05-08 03:10:50-04:00,1.365395,1.365395,1.36533,1.36534,-1.0,-1.0,-1
2026-05-08 03:10:55-04:00,1.36534,1.36534,1.365335,1.365335,-1.0,-1.0,-1
2026-05-08 03:11:00-04:00,1.365335,1.36534,1.365325,1.36533,-1.0,-1.0,-1
2026-05-08 03:11:05-04:00,1.36533,1.365335,1.365325,1.36533,-1.0,-1.0,-1
2026-05-08 03:11:10-04:00,1.36533,1.365335,1.36529,1.36532,-1.0,-1.0,-1
2026-05-08 03:11:15-04:00,1.36532,1.36532,1.36531,1.365315,-1.0,-1.0,-1
2026-05-08 03:11:20-04:00,1.365315,1.365355,1.365305,1.36533,-1.0,-1.0,-1
2026-05-08 03:11:25-04:00,1.36533,1.365345,1.36533,1.365345,-1.0,-1.0,-1
2026-05-08 03:11:30-04:00,1.365345,1.365345,1.36529,1.365335,-1.0,-1.0,-1
2026-05-08 03:11:35-04:00,1.365335,1.365345,1.36533,1.365335,-1.0,-1.0,-1
2026-05-08 03:11:40-04:00,1.365335,1.36535,1.365335,1.36535,-1.0,-1.0,-1
2026-05-08 03:11:45-04:00,1.36535,1.365355,1.36533,1.365345,-1.0,-1.0,-1
2026-05-08 03:11:50-04:00,1.365345,1.36535,1.36533,1.36533,-1.0,-1.0,-1
2026-05-08 03:11:55-04:00,1.36533,1.36533,1.365305,1.365325,-1.0,-1.0,-1
2026-05-08 03:12:00-04:00,1.365325,1.365325,1.365305,1.365305,-1.0,-1.0,-1
2026-05-08 03:12:05-04:00,1.365305,1.36532,1.365305,1.36531,-1.0,-1.0,-1
2026-05-08 03:12:10-04:00,1.36531,1.365345,1.36531,1.365345,-1.0,-1.0,-1
2026-05-08 03:12:15-04:00,1.365345,1.365345,1.36531,1.365335,-1.0,-1.0,-1
2026-05-08 03:12:20-04:00,1.365335,1.36536,1.36533,1.365355,-1.0,-1.0,-1
2026-05-08 03:12:25-04:00,1.365355,1.36536,1.36531,1.36531,-1.0,-1.0,-1
2026-05-08 03:12:30-04:00,1.36531,1.36532,1.365295,1.36532,-1.0,-1.0,-1
2026-05-08 03:12:35-04:00,1.36532,1.36532,1.36529,1.365305,-1.0,-1.0,-1
2026-05-08 03:12:40-04:00,1.365305,1.36531,1.3653,1.3653,-1.0,-1.0,-1
2026-05-08 03:12:45-04:00,1.3653,1.365375,1.3653,1.36536,-1.0,-1.0,-1
2026-05-08 03:12:50-04:00,1.36536,1.365365,1.365355,1.36536,-1.0,-1.0,-1
2026-05-08 03:12:55-04:00,1.36536,1.365365,1.365355,1.365365,-1.0,-1.0,-1
2026-05-08 03:13:00-04:00,1.365365,1.365395,1.365365,1.365385,-1.0,-1.0,-1
2026-05-08 03:13:05-04:00,1.365385,1.36539,1.365375,1.36538,-1.0,-1.0,-1
2026-05-08 03:13:10-04:00,1.36538,1.365395,1.365375,1.36539,-1.0,-1.0,-1
2026-05-08 03:13:15-04:00,1.36539,1.365395,1.365385,1.36539,-1.0,-1.0,-1
2026-05-08 03:13:20-04:00,1.36539,1.3654,1.365375,1.3654,-1.0,-1.0,-1
2026-05-08 03:13:25-04:00,1.3654,1.3654,1.36538,1.36539,-1.0,-1.0,-1
2026-05-08 03:13:30-04:00,1.36539,1.36539,1.365375,1.36539,-1.0,-1.0,-1
2026-05-08 03:13:35-04:00,1.36539,1.3654,1.36539,1.3654,-1.0,-1.0,-1
2026-05-08 03:13:40-04:00,1.3654,1.36542,1.365395,1.365395,-1.0,-1.0,-1
2026-05-08 03:13:45-04:00,1.365395,1.3654,1.365375,1.36539,-1.0,-1.0,-1
2026-05-08 03:13:50-04:00,1.36539,1.365395,1.36539,1.365395,-1.0,-1.0,-1
2026-05-08 03:13:55-04:00,1.365395,1.365395,1.36537,1.365375,-1.0,-1.0,-1
2026-05-08 03:14:00-04:00,1.365375,1.365385,1.365365,1.365375,-1.0,-1.0,-1
2026-05-08 03:14:05-04:00,1.365375,1.36541,1.365375,1.3654,-1.0,-1.0,-1
2026-05-08 03:14:10-04:00,1.3654,1.3654,1.3654,1.3654,-1.0,-1.0,-1
2026-05-08 03:14:15-04:00,1.3654,1.3654,1.365365,1.36537,-1.0,-1.0,-1
2026-05-08 03:14:20-04:00,1.36537,1.365415,1.36537,1.365415,-1.0,-1.0,-1
2026-05-08 03:14:25-04:00,1.365415,1.365415,1.3654,1.36541,-1.0,-1.0,-1
2026-05-08 03:14:30-04:00,1.36541,1.365415,1.36541,1.36541,-1.0,-1.0,-1
2026-05-08 03:14:35-04:00,1.36541,1.36541,1.365385,1.36539,-1.0,-1.0,-1
2026-05-08 03:14:40-04:00,1.36539,1.365395,1.36537,1.365375,-1.0,-1.0,-1
2026-05-08 03:14:45-04:00,1.365375,1.365395,1.36535,1.365355,-1.0,-1.0,-1
2026-05-08 03:14:50-04:00,1.365355,1.36553,1.36535,1.365495,-1.0,-1.0,-1
2026-05-08 03:14:55-04:00,1.365495,1.36554,1.36549,1.36552,-1.0,-1.0,-1
2026-05-08 03:15:00-04:00,1.36552,1.365565,1.36551,1.36552,-1.0,-1.0,-1
2026-05-08 03:15:05-04:00,1.36552,1.365605,1.365515,1.365595,-1.0,-1.0,-1
2026-05-08 03:15:10-04:00,1.365595,1.36562,1.365545,1.365555,-1.0,-1.0,-1
2026-05-08 03:15:15-04:00,1.365555,1.365555,1.36555,1.36555,-1.0,-1.0,-1
2026-05-08 03:15:20-04:00,1.36555,1.36555,1.365485,1.365485,-1.0,-1.0,-1
2026-05-08 03:15:25-04:00,1.365485,1.365495,1.365485,1.365485,-1.0,-1.0,-1
2026-05-08 03:15:30-04:00,1.365485,1.365485,1.365475,1.36548,-1.0,-1.0,-1
2026-05-08 03:15:35-04:00,1.36548,1.36548,1.365475,1.36548,-1.0,-1.0,-1
2026-05-08 03:15:40-04:00,1.36548,1.36548,1.36547,1.36547,-1.0,-1.0,-1
2026-05-08 03:15:45-04:00,1.36547,1.365475,1.36547,1.36547,-1.0,-1.0,-1
2026-05-08 03:15:50-04:00,1.36547,1.365485,1.365385,1.365395,-1.0,-1.0,-1
2026-05-08 03:15:55-04:00,1.365395,1.3654,1.36539,1.3654,-1.0,-1.0,-1
2026-05-08 03:16:00-04:00,1.3654,1.365475,1.365395,1.365465,-1.0,-1.0,-1
2026-05-08 03:16:05-04:00,1.365465,1.36547,1.36545,1.36545,-1.0,-1.0,-1
2026-05-08 03:16:10-04:00,1.36545,1.36546,1.36545,1.36545,-1.0,-1.0,-1
2026-05-08 03:16:15-04:00,1.36545,1.36548,1.365435,1.365465,-1.0,-1.0,-1
2026-05-08 03:16:20-04:00,1.365465,1.365465,1.365455,1.365465,-1.0,-1.0,-1
2026-05-08 03:16:25-04:00,1.365465,1.365465,1.365445,1.36546,-1.0,-1.0,-1
2026-05-08 03:16:30-04:00,1.36546,1.36546,1.365455,1.36546,-1.0,-1.0,-1
2026-05-08 03:16:35-04:00,1.36546,1.36546,1.36542,1.365445,-1.0,-1.0,-1
2026-05-08 03:16:40-04:00,1.365445,1.365475,1.365415,1.365455,-1.0,-1.0,-1
2026-05-08 03:16:45-04:00,1.365455,1.365455,1.36542,1.36543,-1.0,-1.0,-1
2026-05-08 03:16:50-04:00,1.36543,1.365435,1.36543,1.365435,-1.0,-1.0,-1
2026-05-08 03:16:55-04:00,1.365435,1.36549,1.365435,1.36546,-1.0,-1.0,-1
2026-05-08 03:17:00-04:00,1.36546,1.36546,1.365435,1.365435,-1.0,-1.0,-1
2026-05-08 03:17:05-04:00,1.365435,1.365465,1.36543,1.36546,-1.0,-1.0,-1
2026-05-08 03:17:10-04:00,1.36546,1.36546,1.365435,1.365455,-1.0,-1.0,-1
2026-05-08 03:17:15-04:00,1.365455,1.365465,1.36544,1.365455,-1.0,-1.0,-1
2026-05-08 03:17:20-04:00,1.365455,1.365455,1.365435,1.36544,-1.0,-1.0,-1
2026-05-08 03:17:25-04:00,1.36544,1.365475,1.36544,1.365455,-1.0,-1.0,-1
2026-05-08 03:17:30-04:00,1.365455,1.36546,1.36544,1.36546,-1.0,-1.0,-1
2026-05-08 03:17:35-04:00,1.36546,1.36547,1.36546,1.36546,-1.0,-1.0,-1
2026-05-08 03:17:40-04:00,1.36546,1.36547,1.36544,1.365465,-1.0,-1.0,-1
2026-05-08 03:17:45-04:00,1.365465,1.365465,1.36545,1.36546,-1.0,-1.0,-1
2026-05-08 03:17:50-04:00,1.36546,1.36546,1.36541,1.365415,-1.0,-1.0,-1
2026-05-08 03:17:55-04:00,1.365415,1.365435,1.365405,1.365405,-1.0,-1.0,-1
2026-05-08 03:18:00-04:00,1.365405,1.365415,1.365405,1.365415,-1.0,-1.0,-1
2026-05-08 03:18:05-04:00,1.365415,1.365415,1.365405,1.365405,-1.0,-1.0,-1
2026-05-08 03:18:10-04:00,1.365405,1.36542,1.365405,1.365415,-1.0,-1.0,-1
2026-05-08 03:18:15-04:00,1.365415,1.365425,1.365405,1.365405,-1.0,-1.0,-1
2026-05-08 03:18:20-04:00,1.365405,1.365425,1.365405,1.365405,-1.0,-1.0,-1
2026-05-08 03:18:25-04:00,1.365405,1.365405,1.365385,1.3654,-1.0,-1.0,-1
2026-05-08 03:18:30-04:00,1.3654,1.365405,1.365395,1.3654,-1.0,-1.0,-1
2026-05-08 03:18:35-04:00,1.3654,1.365415,1.36539,1.3654,-1.0,-1.0,-1
2026-05-08 03:18:40-04:00,1.3654,1.36542,1.365395,1.3654,-1.0,-1.0,-1
2026-05-08 03:18:45-04:00,1.3654,1.365405,1.365385,1.365395,-1.0,-1.0,-1
2026-05-08 03:18:50-04:00,1.365395,1.365405,1.365395,1.365405,-1.0,-1.0,-1
2026-05-08 03:18:55-04:00,1.365405,1.365405,1.365395,1.3654,-1.0,-1.0,-1
2026-05-08 03:19:00-04:00,1.3654,1.3654,1.36539,1.3654,-1.0,-1.0,-1
2026-05-08 03:19:05-04:00,1.3654,1.3654,1.365395,1.365395,-1.0,-1.0,-1
2026-05-08 03:19:10-04:00,1.365395,1.3654,1.36539,1.365395,-1.0,-1.0,-1
2026-05-08 03:19:15-04:00,1.365395,1.3654,1.36539,1.3654,-1.0,-1.0,-1
2026-05-08 03:19:20-04:00,1.3654,1.3654,1.365375,1.365375,-1.0,-1.0,-1
2026-05-08 03:19:25-04:00,1.365375,1.365395,1.365375,1.365395,-1.0,-1.0,-1
2026-05-08 03:19:30-04:00,1.365395,1.3654,1.365385,1.3654,-1.0,-1.0,-1
2026-05-08 03:19:35-04:00,1.3654,1.3654,1.36536,1.365365,-1.0,-1.0,-1
2026-05-08 03:19:40-04:00,1.365365,1.365395,1.365345,1.365395,-1.0,-1.0,-1
2026-05-08 03:19:45-04:00,1.365395,1.365395,1.36538,1.36539,-1.0,-1.0,-1
2026-05-08 03:19:50-04:00,1.36539,1.365395,1.365385,1.36539,-1.0,-1.0,-1
2026-05-08 03:19:55-04:00,1.36539,1.36539,1.365385,1.36539,-1.0,-1.0,-1
2026-05-08 03:20:00-04:00,1.36539,1.3654,1.365385,1.36539,-1.0,-1.0,-1
2026-05-08 03:20:05-04:00,1.36539,1.365395,1.365365,1.365395,-1.0,-1.0,-1
2026-05-08 03:20:10-04:00,1.365395,1.3654,1.365395,1.3654,-1.0,-1.0,-1
2026-05-08 03:20:15-04:00,1.3654,1.3654,1.36539,1.3654,-1.0,-1.0,-1
2026-05-08 03:20:20-04:00,1.3654,1.365405,1.36539,1.3654,-1.0,-1.0,-1
2026-05-08 03:20:25-04:00,1.3654,1.3654,1.36538,1.36538,-1.0,-1.0,-1
2026-05-08 03:20:30-04:00,1.36538,1.365385,1.365375,1.365385,-1.0,-1.0,-1
2026-05-08 03:20:35-04:00,1.365385,1.365405,1.36538,1.365405,-1.0,-1.0,-1
2026-05-08 03:20:40-04:00,1.365405,1.365405,1.3654,1.365405,-1.0,-1.0,-1
2026-05-08 03:20:45-04:00,1.365405,1.36542,1.365405,1.365405,-1.0,-1.0,-1
2026-05-08 03:20:50-04:00,1.365405,1.36541,1.365405,1.36541,-1.0,-1.0,-1
2026-05-08 03:20:55-04:00,1.36541,1.36541,1.36539,1.365395,-1.0,-1.0,-1
2026-05-08 03:21:00-04:00,1.365395,1.365395,1.36533,1.36535,-1.0,-1.0,-1
2026-05-08 03:21:05-04:00,1.36535,1.365365,1.36535,1.365355,-1.0,-1.0,-1
2026-05-08 03:21:10-04:00,1.365355,1.36539,1.365355,1.36539,-1.0,-1.0,-1
2026-05-08 03:21:15-04:00,1.36539,1.3654,1.36539,1.3654,-1.0,-1.0,-1
2026-05-08 03:21:20-04:00,1.3654,1.365405,1.3654,1.3654,-1.0,-1.0,-1
2026-05-08 03:21:25-04:00,1.3654,1.36548,1.365395,1.36548,-1.0,-1.0,-1
2026-05-08 03:21:30-04:00,1.36548,1.36549,1.365475,1.36549,-1.0,-1.0,-1
2026-05-08 03:21:35-04:00,1.36549,1.36549,1.36547,1.36549,-1.0,-1.0,-1
2026-05-08 03:21:40-04:00,1.36549,1.36549,1.365485,1.36549,-1.0,-1.0,-1
2026-05-08 03:21:45-04:00,1.36549,1.36549,1.36547,1.36549,-1.0,-1.0,-1
2026-05-08 03:21:50-04:00,1.36549,1.36549,1.365475,1.365475,-1.0,-1.0,-1
2026-05-08 03:21:55-04:00,1.365475,1.365475,1.36547,1.36547,-1.0,-1.0,-1
2026-05-08 03:22:00-04:00,1.36547,1.36549,1.36547,1.36549,-1.0,-1.0,-1
2026-05-08 03:22:05-04:00,1.36549,1.36557,1.36548,1.36557,-1.0,-1.0,-1
2026-05-08 03:22:10-04:00,1.36557,1.36558,1.36557,1.36558,-1.0,-1.0,-1
2026-05-08 03:22:15-04:00,1.36558,1.36558,1.36558,1.36558,-1.0,-1.0,-1
2026-05-08 03:22:20-04:00,1.36558,1.36558,1.365545,1.365545,-1.0,-1.0,-1
2026-05-08 03:22:25-04:00,1.365545,1.365545,1.365485,1.365505,-1.0,-1.0,-1
2026-05-08 03:22:30-04:00,1.365505,1.365515,1.36549,1.365515,-1.0,-1.0,-1
2026-05-08 03:22:35-04:00,1.365515,1.36552,1.36551,1.365515,-1.0,-1.0,-1
2026-05-08 03:22:40-04:00,1.365515,1.365515,1.36549,1.365495,-1.0,-1.0,-1
2026-05-08 03:22:45-04:00,1.365495,1.365495,1.365485,1.365485,-1.0,-1.0,-1
2026-05-08 03:22:50-04:00,1.365485,1.36552,1.365485,1.36552,-1.0,-1.0,-1
2026-05-08 03:22:55-04:00,1.36552,1.36553,1.36551,1.36552,-1.0,-1.0,-1
2026-05-08 03:23:00-04:00,1.36552,1.36553,1.36549,1.36549,-1.0,-1.0,-1
2026-05-08 03:23:05-04:00,1.36549,1.365505,1.365425,1.36543,-1.0,-1.0,-1
2026-05-08 03:23:10-04:00,1.36543,1.36546,1.365425,1.36543,-1.0,-1.0,-1
2026-05-08 03:23:15-04:00,1.36543,1.36543,1.365405,1.365405,-1.0,-1.0,-1
2026-05-08 03:23:20-04:00,1.365405,1.365465,1.365405,1.365465,-1.0,-1.0,-1
2026-05-08 03:23:25-04:00,1.365465,1.365465,1.36543,1.365435,-1.0,-1.0,-1
2026-05-08 03:23:30-04:00,1.365435,1.365465,1.365435,1.365465,-1.0,-1.0,-1
2026-05-08 03:23:35-04:00,1.365465,1.365465,1.365455,1.365455,-1.0,-1.0,-1
2026-05-08 03:23:40-04:00,1.365455,1.365465,1.365455,1.365455,-1.0,-1.0,-1
2026-05-08 03:23:45-04:00,1.365455,1.36546,1.365435,1.365455,-1.0,-1.0,-1
2026-05-08 03:23:50-04:00,1.365455,1.365465,1.36543,1.365465,-1.0,-1.0,-1
2026-05-08 03:23:55-04:00,1.365465,1.365465,1.36542,1.36542,-1.0,-1.0,-1
2026-05-08 03:24:00-04:00,1.36542,1.36542,1.365405,1.365405,-1.0,-1.0,-1
2026-05-08 03:24:05-04:00,1.365405,1.36542,1.365405,1.36542,-1.0,-1.0,-1
2026-05-08 03:24:10-04:00,1.36542,1.365465,1.36542,1.365465,-1.0,-1.0,-1
2026-05-08 03:24:15-04:00,1.365465,1.365475,1.365465,1.36547,-1.0,-1.0,-1
2026-05-08 03:24:20-04:00,1.36547,1.36549,1.36547,1.365475,-1.0,-1.0,-1
2026-05-08 03:24:25-04:00,1.365475,1.36549,1.365475,1.36548,-1.0,-1.0,-1
2026-05-08 03:24:30-04:00,1.36548,1.36549,1.36548,1.36549,-1.0,-1.0,-1
2026-05-08 03:24:35-04:00,1.36549,1.36549,1.36547,1.36547,-1.0,-1.0,-1
2026-05-08 03:24:40-04:00,1.36547,1.36548,1.36543,1.36547,-1.0,-1.0,-1
2026-05-08 03:24:45-04:00,1.36547,1.36547,1.365465,1.36547,-1.0,-1.0,-1
2026-05-08 03:24:50-04:00,1.36547,1.36548,1.365435,1.365465,-1.0,-1.0,-1
2026-05-08 03:24:55-04:00,1.365465,1.36547,1.365455,1.365455,-1.0,-1.0,-1
2026-05-08 03:25:00-04:00,1.365455,1.365465,1.365435,1.365435,-1.0,-1.0,-1
2026-05-08 03:25:05-04:00,1.365435,1.365495,1.365435,1.365495,-1.0,-1.0,-1
2026-05-08 03:25:10-04:00,1.365495,1.365495,1.365485,1.365495,-1.0,-1.0,-1
2026-05-08 03:25:15-04:00,1.365495,1.365495,1.36548,1.36548,-1.0,-1.0,-1
2026-05-08 03:25:20-04:00,1.36548,1.36548,1.365465,1.36547,-1.0,-1.0,-1
2026-05-08 03:25:25-04:00,1.36547,1.365515,1.36547,1.365515,-1.0,-1.0,-1
2026-05-08 03:25:30-04:00,1.365515,1.365515,1.365495,1.365495,-1.0,-1.0,-1
2026-05-08 03:25:35-04:00,1.365495,1.365505,1.36542,1.36542,-1.0,-1.0,-1
2026-05-08 03:25:40-04:00,1.36542,1.36542,1.3654,1.365415,-1.0,-1.0,-1
2026-05-08 03:25:45-04:00,1.365415,1.365415,1.365405,1.365415,-1.0,-1.0,-1
2026-05-08 03:25:50-04:00,1.365415,1.365445,1.365415,1.365445,-1.0,-1.0,-1
2026-05-08 03:25:55-04:00,1.365445,1.36545,1.365445,1.36545,-1.0,-1.0,-1
2026-05-08 03:26:00-04:00,1.36545,1.36546,1.36545,1.36545,-1.0,-1.0,-1
2026-05-08 03:26:05-04:00,1.36545,1.36546,1.36542,1.365425,-1.0,-1.0,-1
2026-05-08 03:26:10-04:00,1.365425,1.36546,1.365415,1.365455,-1.0,-1.0,-1
2026-05-08 03:26:15-04:00,1.365455,1.36546,1.365445,1.365445,-1.0,-1.0,-1
2026-05-08 03:26:20-04:00,1.365445,1.365445,1.365425,1.365425,-1.0,-1.0,-1
2026-05-08 03:26:25-04:00,1.365425,1.36545,1.365425,1.365435,-1.0,-1.0,-1
2026-05-08 03:26:30-04:00,1.365435,1.365445,1.365415,1.365415,-1.0,-1.0,-1
2026-05-08 03:26:35-04:00,1.365415,1.365445,1.36541,1.365445,-1.0,-1.0,-1
2026-05-08 03:26:40-04:00,1.365445,1.365445,1.365415,1.365425,-1.0,-1.0,-1
2026-05-08 03:26:45-04:00,1.365425,1.36544,1.365415,1.365435,-1.0,-1.0,-1
2026-05-08 03:26:50-04:00,1.365435,1.36545,1.365425,1.36545,-1.0,-1.0,-1
2026-05-08 03:26:55-04:00,1.36545,1.36545,1.36542,1.36542,-1.0,-1.0,-1
2026-05-08 03:27:00-04:00,1.36542,1.36545,1.365415,1.365435,-1.0,-1.0,-1
2026-05-08 03:27:05-04:00,1.365435,1.36544,1.36542,1.36542,-1.0,-1.0,-1
2026-05-08 03:27:10-04:00,1.36542,1.365425,1.36542,1.365425,-1.0,-1.0,-1
2026-05-08 03:27:15-04:00,1.365425,1.36543,1.36542,1.36542,-1.0,-1.0,-1
2026-05-08 03:27:20-04:00,1.36542,1.365425,1.365415,1.365415,-1.0,-1.0,-1
2026-05-08 03:27:25-04:00,1.365415,1.36543,1.3654,1.365425,-1.0,-1.0,-1
2026-05-08 03:27:30-04:00,1.365425,1.36543,1.36542,1.365425,-1.0,-1.0,-1
2026-05-08 03:27:35-04:00,1.365425,1.365435,1.36542,1.365425,-1.0,-1.0,-1
2026-05-08 03:27:40-04:00,1.365425,1.365425,1.365365,1.365385,-1.0,-1.0,-1
2026-05-08 03:27:45-04:00,1.365385,1.36542,1.36538,1.365415,-1.0,-1.0,-1
2026-05-08 03:27:50-04:00,1.365415,1.36544,1.365405,1.36544,-1.0,-1.0,-1
2026-05-08 03:27:55-04:00,1.36544,1.36545,1.365435,1.36544,-1.0,-1.0,-1
2026-05-08 03:28:00-04:00,1.36544,1.365465,1.36541,1.36541,-1.0,-1.0,-1
2026-05-08 03:28:05-04:00,1.36541,1.365415,1.36538,1.365395,-1.0,-1.0,-1
2026-05-08 03:28:10-04:00,1.365395,1.365395,1.36539,1.36539,-1.0,-1.0,-1
2026-05-08 03:28:15-04:00,1.36539,1.365395,1.365385,1.365395,-1.0,-1.0,-1
2026-05-08 03:28:20-04:00,1.365395,1.365395,1.365395,1.365395,-1.0,-1.0,-1
2026-05-08 03:28:25-04:00,1.365395,1.365395,1.365365,1.365375,-1.0,-1.0,-1
2026-05-08 03:28:30-04:00,1.365375,1.365425,1.365375,1.365425,-1.0,-1.0,-1
2026-05-08 03:28:35-04:00,1.365425,1.36547,1.365415,1.365415,-1.0,-1.0,-1
2026-05-08 03:28:40-04:00,1.365415,1.36542,1.36541,1.36542,-1.0,-1.0,-1
2026-05-08 03:28:45-04:00,1.36542,1.365465,1.36542,1.365455,-1.0,-1.0,-1
2026-05-08 03:28:50-04:00,1.365455,1.365465,1.36541,1.36543,-1.0,-1.0,-1
2026-05-08 03:28:55-04:00,1.36543,1.365445,1.36543,1.365445,-1.0,-1.0,-1
2026-05-08 03:29:00-04:00,1.365445,1.36545,1.36543,1.36543,-1.0,-1.0,-1
2026-05-08 03:29:05-04:00,1.36543,1.365445,1.36543,1.365445,-1.0,-1.0,-1
2026-05-08 03:29:10-04:00,1.365445,1.36545,1.36542,1.365425,-1.0,-1.0,-1
2026-05-08 03:29:15-04:00,1.365425,1.365465,1.365425,1.365465,-1.0,-1.0,-1
2026-05-08 03:29:20-04:00,1.365465,1.365485,1.365425,1.365425,-1.0,-1.0,-1
2026-05-08 03:29:25-04:00,1.365425,1.36544,1.365415,1.36543,-1.0,-1.0,-1
2026-05-08 03:29:30-04:00,1.36543,1.365475,1.36543,1.365455,-1.0,-1.0,-1
2026-05-08 03:29:35-04:00,1.365455,1.365475,1.365445,1.365465,-1.0,-1.0,-1
2026-05-08 03:29:40-04:00,1.365465,1.365465,1.365435,1.365435,-1.0,-1.0,-1
2026-05-08 03:29:45-04:00,1.365435,1.365485,1.365435,1.365475,-1.0,-1.0,-1
2026-05-08 03:29:50-04:00,1.365475,1.36555,1.365475,1.36555,-1.0,-1.0,-1
2026-05-08 03:29:55-04:00,1.36555,1.365555,1.36555,1.365555,-1.0,-1.0,-1
2026-05-08 03:30:00-04:00,1.365555,1.365555,1.365515,1.365515,-1.0,-1.0,-1
2026-05-08 03:30:05-04:00,1.365515,1.365515,1.365505,1.365505,-1.0,-1.0,-1
2026-05-08 03:30:10-04:00,1.365505,1.365575,1.365505,1.36556,-1.0,-1.0,-1
2026-05-08 03:30:15-04:00,1.36556,1.36558,1.36556,1.365575,-1.0,-1.0,-1
2026-05-08 03:30:20-04:00,1.365575,1.365605,1.36557,1.36557,-1.0,-1.0,-1
2026-05-08 03:30:25-04:00,1.36557,1.36558,1.365515,1.365525,-1.0,-1.0,-1
2026-05-08 03:30:30-04:00,1.365525,1.36553,1.36552,1.36552,-1.0,-1.0,-1
2026-05-08 03:30:35-04:00,1.36552,1.365535,1.36552,1.365525,-1.0,-1.0,-1
2026-05-08 03:30:40-04:00,1.365525,1.36553,1.365525,1.365525,-1.0,-1.0,-1
2026-05-08 03:30:45-04:00,1.365525,1.36555,1.365525,1.365535,-1.0,-1.0,-1
2026-05-08 03:30:50-04:00,1.365535,1.36554,1.3655,1.365515,-1.0,-1.0,-1
2026-05-08 03:30:55-04:00,1.365515,1.36553,1.365485,1.365525,-1.0,-1.0,-1
2026-05-08 03:31:00-04:00,1.365525,1.36553,1.36552,1.365525,-1.0,-1.0,-1
2026-05-08 03:31:05-04:00,1.365525,1.36553,1.36552,1.365525,-1.0,-1.0,-1
2026-05-08 03:31:10-04:00,1.365525,1.365525,1.365505,1.365505,-1.0,-1.0,-1
2026-05-08 03:31:15-04:00,1.365505,1.365505,1.365495,1.365505,-1.0,-1.0,-1
2026-05-08 03:31:20-04:00,1.365505,1.36551,1.365505,1.36551,-1.0,-1.0,-1
2026-05-08 03:31:25-04:00,1.36551,1.36551,1.365505,1.36551,-1.0,-1.0,-1
2026-05-08 03:31:30-04:00,1.36551,1.36551,1.365505,1.36551,-1.0,-1.0,-1
2026-05-08 03:31:35-04:00,1.36551,1.36551,1.365455,1.365465,-1.0,-1.0,-1
2026-05-08 03:31:40-04:00,1.365465,1.36549,1.365465,1.365475,-1.0,-1.0,-1
2026-05-08 03:31:45-04:00,1.365475,1.365495,1.365475,1.365495,-1.0,-1.0,-1
2026-05-08 03:31:50-04:00,1.365495,1.365505,1.36547,1.36547,-1.0,-1.0,-1
2026-05-08 03:31:55-04:00,1.36547,1.36548,1.365455,1.36548,-1.0,-1.0,-1
2026-05-08 03:32:00-04:00,1.36548,1.36548,1.36548,1.36548,-1.0,-1.0,-1
2026-05-08 03:32:05-04:00,1.36548,1.36548,1.36548,1.36548,-1.0,-1.0,-1
2026-05-08 03:32:10-04:00,1.36548,1.3655,1.365475,1.365475,-1.0,-1.0,-1
2026-05-08 03:32:15-04:00,1.365475,1.365505,1.365475,1.365485,-1.0,-1.0,-1
2026-05-08 03:32:20-04:00,1.365485,1.36549,1.365475,1.36549,-1.0,-1.0,-1
2026-05-08 03:32:25-04:00,1.36549,1.36549,1.365465,1.365465,-1.0,-1.0,-1
2026-05-08 03:32:30-04:00,1.365465,1.365465,1.36539,1.36539,-1.0,-1.0,-1
2026-05-08 03:32:35-04:00,1.36539,1.36539,1.36538,1.36538,-1.0,-1.0,-1
2026-05-08 03:32:40-04:00,1.36538,1.365385,1.36538,1.36538,-1.0,-1.0,-1
2026-05-08 03:32:45-04:00,1.36538,1.3654,1.365345,1.3654,-1.0,-1.0,-1
2026-05-08 03:32:50-04:00,1.3654,1.3654,1.3654,1.3654,-1.0,-1.0,-1
2026-05-08 03:32:55-04:00,1.3654,1.3654,1.365365,1.365375,-1.0,-1.0,-1
2026-05-08 03:33:00-04:00,1.365375,1.3654,1.365375,1.3654,-1.0,-1.0,-1
2026-05-08 03:33:05-04:00,1.3654,1.3654,1.3654,1.3654,-1.0,-1.0,-1
2026-05-08 03:33:10-04:00,1.3654,1.3654,1.3654,1.3654,-1.0,-1.0,-1
2026-05-08 03:33:15-04:00,1.3654,1.365405,1.36537,1.365385,-1.0,-1.0,-1
2026-05-08 03:33:20-04:00,1.365385,1.365395,1.365385,1.365395,-1.0,-1.0,-1
2026-05-08 03:33:25-04:00,1.365395,1.365395,1.365375,1.36538,-1.0,-1.0,-1
2026-05-08 03:33:30-04:00,1.36538,1.3654,1.365375,1.365375,-1.0,-1.0,-1
2026-05-08 03:33:35-04:00,1.365375,1.3654,1.365375,1.36539,-1.0,-1.0,-1
2026-05-08 03:33:40-04:00,1.36539,1.365395,1.36539,1.36539,-1.0,-1.0,-1
2026-05-08 03:33:45-04:00,1.36539,1.36539,1.36538,1.36539,-1.0,-1.0,-1
2026-05-08 03:33:50-04:00,1.36539,1.365395,1.365365,1.365375,-1.0,-1.0,-1
2026-05-08 03:33:55-04:00,1.365375,1.365375,1.36533,1.36535,-1.0,-1.0,-1
2026-05-08 03:34:00-04:00,1.36535,1.36535,1.3653,1.365305,-1.0,-1.0,-1
2026-05-08 03:34:05-04:00,1.365305,1.36532,1.3653,1.365305,-1.0,-1.0,-1
2026-05-08 03:34:10-04:00,1.365305,1.365305,1.36529,1.365295,-1.0,-1.0,-1
2026-05-08 03:34:15-04:00,1.365295,1.3653,1.365285,1.3653,-1.0,-1.0,-1
2026-05-08 03:34:20-04:00,1.3653,1.36531,1.3653,1.36531,-1.0,-1.0,-1
2026-05-08 03:34:25-04:00,1.36531,1.36531,1.365295,1.3653,-1.0,-1.0,-1
2026-05-08 03:34:30-04:00,1.3653,1.36532,1.3653,1.36531,-1.0,-1.0,-1
2026-05-08 03:34:35-04:00,1.36531,1.365315,1.36528,1.365285,-1.0,-1.0,-1
2026-05-08 03:34:40-04:00,1.365285,1.36529,1.365285,1.365285,-1.0,-1.0,-1
2026-05-08 03:34:45-04:00,1.365285,1.36529,1.365285,1.365285,-1.0,-1.0,-1
2026-05-08 03:34:50-04:00,1.365285,1.36529,1.365285,1.365285,-1.0,-1.0,-1
2026-05-08 03:34:55-04:00,1.365285,1.365315,1.365285,1.36531,-1.0,-1.0,-1
2026-05-08 03:35:00-04:00,1.36531,1.365315,1.36531,1.365315,-1.0,-1.0,-1
2026-05-08 03:35:05-04:00,1.365315,1.36536,1.365315,1.36533,-1.0,-1.0,-1
2026-05-08 03:35:10-04:00,1.36533,1.36534,1.36531,1.365325,-1.0,-1.0,-1
2026-05-08 03:35:15-04:00,1.365325,1.36535,1.365325,1.365335,-1.0,-1.0,-1
2026-05-08 03:35:20-04:00,1.365335,1.36534,1.365305,1.36531,-1.0,-1.0,-1
2026-05-08 03:35:25-04:00,1.36531,1.365315,1.36529,1.365295,-1.0,-1.0,-1
2026-05-08 03:35:30-04:00,1.365295,1.365315,1.365295,1.365315,-1.0,-1.0,-1
2026-05-08 03:35:35-04:00,1.365315,1.365325,1.36529,1.3653,-1.0,-1.0,-1
2026-05-08 03:35:40-04:00,1.3653,1.365315,1.365295,1.365315,-1.0,-1.0,-1
2026-05-08 03:35:45-04:00,1.365315,1.36532,1.365315,1.365315,-1.0,-1.0,-1
2026-05-08 03:35:50-04:00,1.365315,1.365315,1.36529,1.36529,-1.0,-1.0,-1
2026-05-08 03:35:55-04:00,1.36529,1.365325,1.365275,1.3653,-1.0,-1.0,-1
2026-05-08 03:36:00-04:00,1.3653,1.36531,1.365295,1.36531,-1.0,-1.0,-1
2026-05-08 03:36:05-04:00,1.36531,1.365395,1.3653,1.365395,-1.0,-1.0,-1
2026-05-08 03:36:10-04:00,1.365395,1.36541,1.36537,1.365395,-1.0,-1.0,-1
2026-05-08 03:36:15-04:00,1.365395,1.3654,1.365395,1.365395,-1.0,-1.0,-1
2026-05-08 03:36:20-04:00,1.365395,1.365395,1.36539,1.365395,-1.0,-1.0,-1
2026-05-08 03:36:25-04:00,1.365395,1.365395,1.36539,1.365395,-1.0,-1.0,-1
2026-05-08 03:36:30-04:00,1.365395,1.365405,1.365395,1.3654,-1.0,-1.0,-1
2026-05-08 03:36:35-04:00,1.3654,1.36541,1.3654,1.36541,-1.0,-1.0,-1
2026-05-08 03:36:40-04:00,1.36541,1.36541,1.365375,1.365395,-1.0,-1.0,-1
2026-05-08 03:36:45-04:00,1.365395,1.365395,1.365355,1.36538,-1.0,-1.0,-1
2026-05-08 03:36:50-04:00,1.36538,1.36539,1.36538,1.36539,-1.0,-1.0,-1
2026-05-08 03:36:55-04:00,1.36539,1.3654,1.36539,1.3654,-1.0,-1.0,-1
2026-05-08 03:37:00-04:00,1.3654,1.3654,1.365385,1.36539,-1.0,-1.0,-1
2026-05-08 03:37:05-04:00,1.36539,1.36539,1.36529,1.3653,-1.0,-1.0,-1
2026-05-08 03:37:10-04:00,1.3653,1.3653,1.3653,1.3653,-1.0,-1.0,-1
2026-05-08 03:37:15-04:00,1.3653,1.3653,1.36529,1.365295,-1.0,-1.0,-1
2026-05-08 03:37:20-04:00,1.365295,1.365295,1.36529,1.365295,-1.0,-1.0,-1
2026-05-08 03:37:25-04:00,1.365295,1.3653,1.365285,1.3653,-1.0,-1.0,-1
2026-05-08 03:37:30-04:00,1.3653,1.365305,1.365295,1.3653,-1.0,-1.0,-1
2026-05-08 03:37:35-04:00,1.3653,1.3653,1.365295,1.3653,-1.0,-1.0,-1
2026-05-08 03:37:40-04:00,1.3653,1.3653,1.365215,1.365225,-1.0,-1.0,-1
2026-05-08 03:37:45-04:00,1.365225,1.36525,1.365225,1.36524,-1.0,-1.0,-1
2026-05-08 03:37:50-04:00,1.36524,1.36529,1.36524,1.36528,-1.0,-1.0,-1
2026-05-08 03:37:55-04:00,1.36528,1.36528,1.36528,1.36528,-1.0,-1.0,-1
2026-05-08 03:38:00-04:00,1.36528,1.36529,1.36528,1.36529,-1.0,-1.0,-1
2026-05-08 03:38:05-04:00,1.36529,1.365295,1.36527,1.365275,-1.0,-1.0,-1
2026-05-08 03:38:10-04:00,1.365275,1.365275,1.365245,1.365245,-1.0,-1.0,-1
2026-05-08 03:38:15-04:00,1.365245,1.36525,1.36524,1.365245,-1.0,-1.0,-1
2026-05-08 03:38:20-04:00,1.365245,1.36525,1.36524,1.36525,-1.0,-1.0,-1
2026-05-08 03:38:25-04:00,1.36525,1.365255,1.36524,1.365245,-1.0,-1.0,-1
2026-05-08 03:38:30-04:00,1.365245,1.36525,1.365245,1.36525,-1.0,-1.0,-1
2026-05-08 03:38:35-04:00,1.36525,1.36527,1.36524,1.36525,-1.0,-1.0,-1
2026-05-08 03:38:40-04:00,1.36525,1.365265,1.36525,1.365255,-1.0,-1.0,-1
2026-05-08 03:38:45-04:00,1.365255,1.36527,1.36525,1.36526,-1.0,-1.0,-1
2026-05-08 03:38:50-04:00,1.36526,1.36526,1.365255,1.365255,-1.0,-1.0,-1
2026-05-08 03:38:55-04:00,1.365255,1.365305,1.365255,1.365295,-1.0,-1.0,-1
2026-05-08 03:39:00-04:00,1.365295,1.36531,1.365295,1.365305,-1.0,-1.0,-1
2026-05-08 03:39:05-04:00,1.365305,1.365305,1.36529,1.365295,-1.0,-1.0,-1
2026-05-08 03:39:10-04:00,1.365295,1.36531,1.365295,1.365305,-1.0,-1.0,-1
2026-05-08 03:39:15-04:00,1.365305,1.365305,1.36529,1.36529,-1.0,-1.0,-1
2026-05-08 03:39:20-04:00,1.36529,1.365305,1.36529,1.365295,-1.0,-1.0,-1
2026-05-08 03:39:25-04:00,1.365295,1.36531,1.365295,1.36531,-1.0,-1.0,-1
2026-05-08 03:39:30-04:00,1.36531,1.365315,1.365305,1.36531,-1.0,-1.0,-1
2026-05-08 03:39:35-04:00,1.36531,1.365315,1.36531,1.365315,-1.0,-1.0,-1
2026-05-08 03:39:40-04:00,1.365315,1.365315,1.365295,1.365295,-1.0,-1.0,-1
2026-05-08 03:39:45-04:00,1.365295,1.365295,1.365295,1.365295,-1.0,-1.0,-1
2026-05-08 03:39:50-04:00,1.365295,1.365305,1.36529,1.365305,-1.0,-1.0,-1
2026-05-08 03:39:55-04:00,1.365305,1.365305,1.365295,1.365305,-1.0,-1.0,-1
2026-05-08 03:40:00-04:00,1.365305,1.365305,1.365275,1.365305,-1.0,-1.0,-1
2026-05-08 03:40:05-04:00,1.365305,1.36536,1.365305,1.36535,-1.0,-1.0,-1
2026-05-08 03:40:10-04:00,1.36535,1.36535,1.36534,1.365345,-1.0,-1.0,-1
2026-05-08 03:40:15-04:00,1.365345,1.36535,1.36534,1.36534,-1.0,-1.0,-1
2026-05-08 03:40:20-04:00,1.36534,1.365345,1.365335,1.365335,-1.0,-1.0,-1
2026-05-08 03:40:25-04:00,1.365335,1.365375,1.36533,1.36535,-1.0,-1.0,-1
2026-05-08 03:40:30-04:00,1.36535,1.36535,1.36532,1.36534,-1.0,-1.0,-1
2026-05-08 03:40:35-04:00,1.36534,1.36535,1.36534,1.36535,-1.0,-1.0,-1
2026-05-08 03:40:40-04:00,1.36535,1.365355,1.36535,1.36535,-1.0,-1.0,-1
2026-05-08 03:40:45-04:00,1.36535,1.365355,1.36533,1.36533,-1.0,-1.0,-1
2026-05-08 03:40:50-04:00,1.36533,1.365345,1.36533,1.36534,-1.0,-1.0,-1
2026-05-08 03:40:55-04:00,1.36534,1.36535,1.36533,1.365345,-1.0,-1.0,-1
2026-05-08 03:41:00-04:00,1.365345,1.36535,1.36534,1.365345,-1.0,-1.0,-1
2026-05-08 03:41:05-04:00,1.365345,1.365345,1.365335,1.36534,-1.0,-1.0,-1
2026-05-08 03:41:10-04:00,1.36534,1.36534,1.36532,1.36533,-1.0,-1.0,-1
2026-05-08 03:41:15-04:00,1.36533,1.365335,1.365325,1.36533,-1.0,-1.0,-1
2026-05-08 03:41:20-04:00,1.36533,1.365335,1.365315,1.365315,-1.0,-1.0,-1
2026-05-08 03:41:25-04:00,1.365315,1.36533,1.365315,1.365325,-1.0,-1.0,-1
2026-05-08 03:41:30-04:00,1.365325,1.365325,1.365325,1.365325,-1.0,-1.0,-1
2026-05-08 03:41:35-04:00,1.365325,1.36534,1.365325,1.36533,-1.0,-1.0,-1
2026-05-08 03:41:40-04:00,1.36533,1.365335,1.36533,1.36533,-1.0,-1.0,-1
2026-05-08 03:41:45-04:00,1.36533,1.36533,1.365325,1.365325,-1.0,-1.0,-1
2026-05-08 03:41:50-04:00,1.365325,1.365325,1.36532,1.365325,-1.0,-1.0,-1
2026-05-08 03:41:55-04:00,1.365325,1.365405,1.365315,1.365405,-1.0,-1.0,-1
2026-05-08 03:42:00-04:00,1.365405,1.365455,1.365405,1.365455,-1.0,-1.0,-1
2026-05-08 03:42:05-04:00,1.365455,1.36546,1.36544,1.365455,-1.0,-1.0,-1
2026-05-08 03:42:10-04:00,1.365455,1.365455,1.365455,1.365455,-1.0,-1.0,-1
2026-05-08 03:42:15-04:00,1.365455,1.365485,1.365455,1.365465,-1.0,-1.0,-1
2026-05-08 03:42:20-04:00,1.365465,1.365475,1.36546,1.365465,-1.0,-1.0,-1
2026-05-08 03:42:25-04:00,1.365465,1.365475,1.36546,1.36547,-1.0,-1.0,-1
2026-05-08 03:42:30-04:00,1.36547,1.365485,1.365465,1.365465,-1.0,-1.0,-1
2026-05-08 03:42:35-04:00,1.365465,1.36548,1.36546,1.365475,-1.0,-1.0,-1
2026-05-08 03:42:40-04:00,1.365475,1.365485,1.365465,1.36548,-1.0,-1.0,-1
2026-05-08 03:42:45-04:00,1.36548,1.36549,1.365465,1.36549,-1.0,-1.0,-1
2026-05-08 03:42:50-04:00,1.36549,1.36549,1.365475,1.36548,-1.0,-1.0,-1
2026-05-08 03:42:55-04:00,1.36548,1.365525,1.365475,1.365495,-1.0,-1.0,-1
2026-05-08 03:43:00-04:00,1.365495,1.365495,1.36548,1.365495,-1.0,-1.0,-1
2026-05-08 03:43:05-04:00,1.365495,1.365495,1.36548,1.36548,-1.0,-1.0,-1
2026-05-08 03:43:10-04:00,1.36548,1.365485,1.365475,1.365485,-1.0,-1.0,-1
2026-05-08 03:43:15-04:00,1.365485,1.365495,1.36548,1.365495,-1.0,-1.0,-1
2026-05-08 03:43:20-04:00,1.365495,1.365505,1.365495,1.365495,-1.0,-1.0,-1
2026-05-08 03:43:25-04:00,1.365495,1.36551,1.365495,1.3655,-1.0,-1.0,-1
2026-05-08 03:43:30-04:00,1.3655,1.3655,1.3655,1.3655,-1.0,-1.0,-1
2026-05-08 03:43:35-04:00,1.3655,1.365515,1.36549,1.36549,-1.0,-1.0,-1
2026-05-08 03:43:40-04:00,1.36549,1.36551,1.365485,1.36551,-1.0,-1.0,-1
2026-05-08 03:43:45-04:00,1.36551,1.36552,1.3655,1.36551,-1.0,-1.0,-1
2026-05-08 03:43:50-04:00,1.36551,1.36552,1.36551,1.36551,-1.0,-1.0,-1
2026-05-08 03:43:55-04:00,1.36551,1.36552,1.36549,1.3655,-1.0,-1.0,-1
2026-05-08 03:44:00-04:00,1.3655,1.3655,1.365495,1.365495,-1.0,-1.0,-1
2026-05-08 03:44:05-04:00,1.365495,1.36553,1.365495,1.36551,-1.0,-1.0,-1
2026-05-08 03:44:10-04:00,1.36551,1.365545,1.365495,1.365545,-1.0,-1.0,-1
2026-05-08 03:44:15-04:00,1.365545,1.365555,1.365545,1.36555,-1.0,-1.0,-1
2026-05-08 03:44:20-04:00,1.36555,1.36555,1.365505,1.36551,-1.0,-1.0,-1
2026-05-08 03:44:25-04:00,1.36551,1.36551,1.36551,1.36551,-1.0,-1.0,-1
2026-05-08 03:44:30-04:00,1.36551,1.36551,1.365495,1.365495,-1.0,-1.0,-1
2026-05-08 03:44:35-04:00,1.365495,1.365495,1.36548,1.36548,-1.0,-1.0,-1
2026-05-08 03:44:40-04:00,1.36548,1.36549,1.36546,1.365475,-1.0,-1.0,-1
2026-05-08 03:44:45-04:00,1.365475,1.365475,1.36546,1.365465,-1.0,-1.0,-1
2026-05-08 03:44:50-04:00,1.365465,1.36548,1.36546,1.36546,-1.0,-1.0,-1
2026-05-08 03:44:55-04:00,1.36546,1.36546,1.36543,1.36543,-1.0,-1.0,-1
2026-05-08 03:45:00-04:00,1.36543,1.36546,1.36543,1.365455,-1.0,-1.0,-1
2026-05-08 03:45:05-04:00,1.365455,1.365455,1.36544,1.36544,-1.0,-1.0,-1
2026-05-08 03:45:10-04:00,1.36544,1.365455,1.365435,1.36544,-1.0,-1.0,-1
2026-05-08 03:45:15-04:00,1.36544,1.365455,1.365435,1.365455,-1.0,-1.0,-1
2026-05-08 03:45:20-04:00,1.365455,1.36546,1.365455,1.365455,-1.0,-1.0,-1
2026-05-08 03:45:25-04:00,1.365455,1.36546,1.365455,1.365455,-1.0,-1.0,-1
2026-05-08 03:45:30-04:00,1.365455,1.365455,1.36544,1.36544,-1.0,-1.0,-1
2026-05-08 03:45:35-04:00,1.36544,1.365455,1.365415,1.365415,-1.0,-1.0,-1
2026-05-08 03:45:40-04:00,1.365415,1.365425,1.365415,1.36542,-1.0,-1.0,-1
2026-05-08 03:45:45-04:00,1.36542,1.365455,1.36542,1.365455,-1.0,-1.0,-1
2026-05-08 03:45:50-04:00,1.365455,1.365495,1.365455,1.365485,-1.0,-1.0,-1
2026-05-08 03:45:55-04:00,1.365485,1.365495,1.36547,1.36548,-1.0,-1.0,-1
2026-05-08 03:46:00-04:00,1.36548,1.365485,1.36548,1.365485,-1.0,-1.0,-1
2026-05-08 03:46:05-04:00,1.365485,1.365485,1.365485,1.365485,-1.0,-1.0,-1
2026-05-08 03:46:10-04:00,1.365485,1.3655,1.365485,1.3655,-1.0,-1.0,-1
2026-05-08 03:46:15-04:00,1.3655,1.3655,1.365495,1.365495,-1.0,-1.0,-1
2026-05-08 03:46:20-04:00,1.365495,1.365495,1.365495,1.365495,-1.0,-1.0,-1
2026-05-08 03:46:25-04:00,1.365495,1.365495,1.36549,1.365495,-1.0,-1.0,-1
2026-05-08 03:46:30-04:00,1.365495,1.365495,1.365495,1.365495,-1.0,-1.0,-1
2026-05-08 03:46:35-04:00,1.365495,1.3655,1.365495,1.365495,-1.0,-1.0,-1
2026-05-08 03:46:40-04:00,1.365495,1.365495,1.365495,1.365495,-1.0,-1.0,-1
2026-05-08 03:46:45-04:00,1.365495,1.3655,1.365495,1.3655,-1.0,-1.0,-1
2026-05-08 03:46:50-04:00,1.3655,1.36551,1.365495,1.36551,-1.0,-1.0,-1
2026-05-08 03:46:55-04:00,1.36551,1.36551,1.36549,1.36549,-1.0,-1.0,-1
2026-05-08 03:47:00-04:00,1.36549,1.365495,1.36549,1.365495,-1.0,-1.0,-1
2026-05-08 03:47:05-04:00,1.365495,1.365495,1.365495,1.365495,-1.0,-1.0,-1
2026-05-08 03:47:10-04:00,1.365495,1.36551,1.365495,1.36551,-1.0,-1.0,-1
2026-05-08 03:47:15-04:00,1.36551,1.36551,1.365495,1.365505,-1.0,-1.0,-1
2026-05-08 03:47:20-04:00,1.365505,1.36552,1.365505,1.36552,-1.0,-1.0,-1
2026-05-08 03:47:25-04:00,1.36552,1.36552,1.36549,1.36549,-1.0,-1.0,-1
2026-05-08 03:47:30-04:00,1.36549,1.36549,1.36549,1.36549,-1.0,-1.0,-1
2026-05-08 03:47:35-04:00,1.36549,1.36549,1.36547,1.36548,-1.0,-1.0,-1
2026-05-08 03:47:40-04:00,1.36548,1.365485,1.36548,1.365485,-1.0,-1.0,-1
2026-05-08 03:47:45-04:00,1.365485,1.36549,1.36547,1.365475,-1.0,-1.0,-1
2026-05-08 03:47:50-04:00,1.365475,1.365475,1.36547,1.36547,-1.0,-1.0,-1
2026-05-08 03:47:55-04:00,1.36547,1.365475,1.36547,1.365475,-1.0,-1.0,-1
2026-05-08 03:48:00-04:00,1.365475,1.365485,1.365475,1.36548,-1.0,-1.0,-1
2026-05-08 03:48:05-04:00,1.36548,1.36548,1.36547,1.36547,-1.0,-1.0,-1
2026-05-08 03:48:10-04:00,1.36547,1.365475,1.36547,1.365475,-1.0,-1.0,-1
2026-05-08 03:48:15-04:00,1.365475,1.365475,1.365385,1.365395,-1.0,-1.0,-1
2026-05-08 03:48:20-04:00,1.365395,1.3654,1.365375,1.36539,-1.0,-1.0,-1
2026-05-08 03:48:25-04:00,1.36539,1.36539,1.36538,1.365385,-1.0,-1.0,-1
2026-05-08 03:48:30-04:00,1.365385,1.365385,1.36538,1.365385,-1.0,-1.0,-1
2026-05-08 03:48:35-04:00,1.365385,1.365395,1.36538,1.36539,-1.0,-1.0,-1
2026-05-08 03:48:40-04:00,1.36539,1.365395,1.36538,1.36538,-1.0,-1.0,-1
2026-05-08 03:48:45-04:00,1.36538,1.36539,1.36538,1.36539,-1.0,-1.0,-1
2026-05-08 03:48:50-04:00,1.36539,1.36539,1.36538,1.36538,-1.0,-1.0,-1
2026-05-08 03:48:55-04:00,1.36538,1.36539,1.36538,1.36539,-1.0,-1.0,-1
2026-05-08 03:49:00-04:00,1.36539,1.365395,1.365385,1.365395,-1.0,-1.0,-1
2026-05-08 03:49:05-04:00,1.365395,1.3654,1.36538,1.3654,-1.0,-1.0,-1
2026-05-08 03:49:10-04:00,1.3654,1.3654,1.36538,1.365385,-1.0,-1.0,-1
2026-05-08 03:49:15-04:00,1.365385,1.365385,1.365375,1.365375,-1.0,-1.0,-1
2026-05-08 03:49:20-04:00,1.365375,1.365395,1.365375,1.365395,-1.0,-1.0,-1
2026-05-08 03:49:25-04:00,1.365395,1.365395,1.365365,1.365365,-1.0,-1.0,-1
2026-05-08 03:49:30-04:00,1.365365,1.365365,1.36532,1.365345,-1.0,-1.0,-1
2026-05-08 03:49:35-04:00,1.365345,1.36535,1.36534,1.36534,-1.0,-1.0,-1
2026-05-08 03:49:40-04:00,1.36534,1.36534,1.36533,1.36533,-1.0,-1.0,-1
2026-05-08 03:49:45-04:00,1.36533,1.365335,1.36533,1.36533,-1.0,-1.0,-1
2026-05-08 03:49:50-04:00,1.36533,1.365345,1.365325,1.365325,-1.0,-1.0,-1
2026-05-08 03:49:55-04:00,1.365325,1.36533,1.365315,1.365315,-1.0,-1.0,-1
2026-05-08 03:50:00-04:00,1.365315,1.365315,1.3653,1.365315,-1.0,-1.0,-1
2026-05-08 03:50:05-04:00,1.365315,1.36532,1.36531,1.365315,-1.0,-1.0,-1
2026-05-08 03:50:10-04:00,1.365315,1.36532,1.365315,1.365315,-1.0,-1.0,-1
2026-05-08 03:50:15-04:00,1.365315,1.365335,1.365315,1.365325,-1.0,-1.0,-1
2026-05-08 03:50:20-04:00,1.365325,1.365325,1.36532,1.36532,-1.0,-1.0,-1
2026-05-08 03:50:25-04:00,1.36532,1.36534,1.36532,1.36533,-1.0,-1.0,-1
2026-05-08 03:50:30-04:00,1.36533,1.365335,1.3653,1.36531,-1.0,-1.0,-1
2026-05-08 03:50:35-04:00,1.36531,1.36542,1.36531,1.36541,-1.0,-1.0,-1
2026-05-08 03:50:40-04:00,1.36541,1.36542,1.36541,1.36542,-1.0,-1.0,-1
2026-05-08 03:50:45-04:00,1.36542,1.36542,1.36541,1.36542,-1.0,-1.0,-1
2026-05-08 03:50:50-04:00,1.36542,1.36542,1.36541,1.36541,-1.0,-1.0,-1
2026-05-08 03:50:55-04:00,1.36541,1.36543,1.36541,1.36543,-1.0,-1.0,-1
2026-05-08 03:51:00-04:00,1.36543,1.365445,1.36543,1.36544,-1.0,-1.0,-1
2026-05-08 03:51:05-04:00,1.36544,1.36544,1.365435,1.36544,-1.0,-1.0,-1
2026-05-08 03:51:10-04:00,1.36544,1.36546,1.36543,1.365455,-1.0,-1.0,-1
2026-05-08 03:51:15-04:00,1.365455,1.365455,1.36545,1.36545,-1.0,-1.0,-1
2026-05-08 03:51:20-04:00,1.36545,1.365455,1.36545,1.365455,-1.0,-1.0,-1
2026-05-08 03:51:25-04:00,1.365455,1.365465,1.36545,1.365465,-1.0,-1.0,-1
2026-05-08 03:51:30-04:00,1.365465,1.365465,1.365425,1.365435,-1.0,-1.0,-1
2026-05-08 03:51:35-04:00,1.365435,1.36544,1.365435,1.365435,-1.0,-1.0,-1
2026-05-08 03:51:40-04:00,1.365435,1.365465,1.365435,1.36546,-1.0,-1.0,-1
2026-05-08 03:51:45-04:00,1.36546,1.365465,1.365455,1.365465,-1.0,-1.0,-1
2026-05-08 03:51:50-04:00,1.365465,1.36548,1.365465,1.365475,-1.0,-1.0,-1
2026-05-08 03:51:55-04:00,1.365475,1.36548,1.36547,1.36547,-1.0,-1.0,-1
2026-05-08 03:52:00-04:00,1.36547,1.36548,1.36547,1.365475,-1.0,-1.0,-1
2026-05-08 03:52:05-04:00,1.365475,1.36548,1.36547,1.365475,-1.0,-1.0,-1
2026-05-08 03:52:10-04:00,1.365475,1.36548,1.365475,1.36548,-1.0,-1.0,-1
2026-05-08 03:52:15-04:00,1.36548,1.36548,1.365475,1.365475,-1.0,-1.0,-1
2026-05-08 03:52:20-04:00,1.365475,1.36548,1.365475,1.36548,-1.0,-1.0,-1
2026-05-08 03:52:25-04:00,1.36548,1.36548,1.36548,1.36548,-1.0,-1.0,-1
2026-05-08 03:52:30-04:00,1.36548,1.36548,1.365475,1.36548,-1.0,-1.0,-1
2026-05-08 03:52:35-04:00,1.36548,1.36548,1.365475,1.365475,-1.0,-1.0,-1
2026-05-08 03:52:40-04:00,1.365475,1.365485,1.365475,1.365475,-1.0,-1.0,-1
2026-05-08 03:52:45-04:00,1.365475,1.365485,1.365475,1.365475,-1.0,-1.0,-1
2026-05-08 03:52:50-04:00,1.365475,1.365485,1.365475,1.365485,-1.0,-1.0,-1
2026-05-08 03:52:55-04:00,1.365485,1.365485,1.365475,1.365475,-1.0,-1.0,-1
2026-05-08 03:53:00-04:00,1.365475,1.365475,1.365475,1.365475,-1.0,-1.0,-1
2026-05-08 03:53:05-04:00,1.365475,1.365475,1.36547,1.36547,-1.0,-1.0,-1
2026-05-08 03:53:10-04:00,1.36547,1.365475,1.36547,1.36547,-1.0,-1.0,-1
2026-05-08 03:53:15-04:00,1.36547,1.365475,1.36547,1.365475,-1.0,-1.0,-1
2026-05-08 03:53:20-04:00,1.365475,1.365475,1.365475,1.365475,-1.0,-1.0,-1
2026-05-08 03:53:25-04:00,1.365475,1.365545,1.365475,1.36553,-1.0,-1.0,-1
2026-05-08 03:53:30-04:00,1.36553,1.365545,1.36553,1.36554,-1.0,-1.0,-1
2026-05-08 03:53:35-04:00,1.36554,1.36554,1.36554,1.36554,-1.0,-1.0,-1
2026-05-08 03:53:40-04:00,1.36554,1.365575,1.36554,1.365575,-1.0,-1.0,-1
2026-05-08 03:53:45-04:00,1.365575,1.36559,1.36557,1.365585,-1.0,-1.0,-1
2026-05-08 03:53:50-04:00,1.365585,1.365585,1.36553,1.36554,-1.0,-1.0,-1
2026-05-08 03:53:55-04:00,1.36554,1.365545,1.36554,1.36554,-1.0,-1.0,-1
2026-05-08 03:54:00-04:00,1.36554,1.36554,1.365525,1.36554,-1.0,-1.0,-1
2026-05-08 03:54:05-04:00,1.36554,1.365545,1.36554,1.365545,-1.0,-1.0,-1
2026-05-08 03:54:10-04:00,1.365545,1.365545,1.365545,1.365545,-1.0,-1.0,-1
2026-05-08 03:54:15-04:00,1.365545,1.365545,1.365545,1.365545,-1.0,-1.0,-1
2026-05-08 03:54:20-04:00,1.365545,1.365545,1.36553,1.36554,-1.0,-1.0,-1
2026-05-08 03:54:25-04:00,1.36554,1.36554,1.36554,1.36554,-1.0,-1.0,-1
2026-05-08 03:54:30-04:00,1.36554,1.36554,1.36553,1.36553,-1.0,-1.0,-1
2026-05-08 03:54:35-04:00,1.36553,1.36554,1.36553,1.36553,-1.0,-1.0,-1
2026-05-08 03:54:40-04:00,1.36553,1.365545,1.36553,1.365545,-1.0,-1.0,-1
2026-05-08 03:54:45-04:00,1.365545,1.365545,1.36554,1.36554,-1.0,-1.0,-1
2026-05-08 03:54:50-04:00,1.36554,1.36554,1.36553,1.36553,-1.0,-1.0,-1
2026-05-08 03:54:55-04:00,1.36553,1.36554,1.36553,1.36554,-1.0,-1.0,-1
2026-05-08 03:55:00-04:00,1.36554,1.36556,1.365525,1.365545,-1.0,-1.0,-1
2026-05-08 03:55:05-04:00,1.365545,1.36555,1.365545,1.36555,-1.0,-1.0,-1
2026-05-08 03:55:10-04:00,1.36555,1.36556,1.36555,1.36556,-1.0,-1.0,-1
2026-05-08 03:55:15-04:00,1.36556,1.36556,1.36556,1.36556,-1.0,-1.0,-1
2026-05-08 03:55:20-04:00,1.36556,1.36556,1.3655,1.3655,-1.0,-1.0,-1
2026-05-08 03:55:25-04:00,1.3655,1.3655,1.3655,1.3655,-1.0,-1.0,-1
2026-05-08 03:55:30-04:00,1.3655,1.36552,1.365495,1.36552,-1.0,-1.0,-1
2026-05-08 03:55:35-04:00,1.36552,1.36554,1.36552,1.365535,-1.0,-1.0,-1
2026-05-08 03:55:40-04:00,1.365535,1.36554,1.36553,1.365535,-1.0,-1.0,-1
2026-05-08 03:55:45-04:00,1.365535,1.36554,1.36553,1.36554,-1.0,-1.0,-1
2026-05-08 03:55:50-04:00,1.36554,1.365555,1.36553,1.365555,-1.0,-1.0,-1
2026-05-08 03:55:55-04:00,1.365555,1.365555,1.36554,1.36554,-1.0,-1.0,-1
2026-05-08 03:56:00-04:00,1.36554,1.36558,1.36554,1.36558,-1.0,-1.0,-1
2026-05-08 03:56:05-04:00,1.36558,1.36562,1.365575,1.36562,-1.0,-1.0,-1
2026-05-08 03:56:10-04:00,1.36562,1.36563,1.36562,1.36563,-1.0,-1.0,-1
2026-05-08 03:56:15-04:00,1.36563,1.36564,1.36561,1.36563,-1.0,-1.0,-1
2026-05-08 03:56:20-04:00,1.36563,1.365635,1.36562,1.36562,-1.0,-1.0,-1
2026-05-08 03:56:25-04:00,1.36562,1.365635,1.36562,1.36563,-1.0,-1.0,-1
2026-05-08 03:56:30-04:00,1.36563,1.365635,1.36558,1.36558,-1.0,-1.0,-1
2026-05-08 03:56:35-04:00,1.36558,1.36558,1.36558,1.36558,-1.0,-1.0,-1
2026-05-08 03:56:40-04:00,1.36558,1.365585,1.36558,1.36558,-1.0,-1.0,-1
2026-05-08 03:56:45-04:00,1.36558,1.365585,1.36557,1.36558,-1.0,-1.0,-1
2026-05-08 03:56:50-04:00,1.36558,1.36558,1.365575,1.365575,-1.0,-1.0,-1
2026-05-08 03:56:55-04:00,1.365575,1.36558,1.365575,1.36558,-1.0,-1.0,-1
2026-05-08 03:57:00-04:00,1.36558,1.36558,1.36558,1.36558,-1.0,-1.0,-1
2026-05-08 03:57:05-04:00,1.36558,1.36558,1.36558,1.36558,-1.0,-1.0,-1
2026-05-08 03:57:10-04:00,1.36558,1.36558,1.36558,1.36558,-1.0,-1.0,-1
2026-05-08 03:57:15-04:00,1.36558,1.36558,1.36558,1.36558,-1.0,-1.0,-1
2026-05-08 03:57:20-04:00,1.36558,1.365585,1.36558,1.365585,-1.0,-1.0,-1
2026-05-08 03:57:25-04:00,1.365585,1.365585,1.36558,1.36558,-1.0,-1.0,-1
2026-05-08 03:57:30-04:00,1.36558,1.365665,1.36558,1.36566,-1.0,-1.0,-1
2026-05-08 03:57:35-04:00,1.36566,1.365665,1.36566,1.365665,-1.0,-1.0,-1
2026-05-08 03:57:40-04:00,1.365665,1.365665,1.365665,1.365665,-1.0,-1.0,-1
2026-05-08 03:57:45-04:00,1.365665,1.365665,1.365665,1.365665,-1.0,-1.0,-1
2026-05-08 03:57:50-04:00,1.365665,1.36567,1.365665,1.36567,-1.0,-1.0,-1
2026-05-08 03:57:55-04:00,1.36567,1.36567,1.365665,1.365665,-1.0,-1.0,-1
2026-05-08 03:58:00-04:00,1.365665,1.365665,1.365665,1.365665,-1.0,-1.0,-1
2026-05-08 03:58:05-04:00,1.365665,1.365665,1.365645,1.365645,-1.0,-1.0,-1
2026-05-08 03:58:10-04:00,1.365645,1.365645,1.36559,1.36559,-1.0,-1.0,-1
2026-05-08 03:58:15-04:00,1.36559,1.365635,1.36559,1.365635,-1.0,-1.0,-1
2026-05-08 03:58:20-04:00,1.365635,1.36566,1.365635,1.36566,-1.0,-1.0,-1
2026-05-08 03:58:25-04:00,1.36566,1.36567,1.365655,1.365665,-1.0,-1.0,-1
2026-05-08 03:58:30-04:00,1.365665,1.365665,1.36566,1.365665,-1.0,-1.0,-1
2026-05-08 03:58:35-04:00,1.365665,1.365665,1.365655,1.365655,-1.0,-1.0,-1
2026-05-08 03:58:40-04:00,1.365655,1.36566,1.365655,1.365655,-1.0,-1.0,-1
2026-05-08 03:58:45-04:00,1.365655,1.365655,1.36565,1.36565,-1.0,-1.0,-1
2026-05-08 03:58:50-04:00,1.36565,1.365655,1.365645,1.365655,-1.0,-1.0,-1
2026-05-08 03:58:55-04:00,1.365655,1.365655,1.365655,1.365655,-1.0,-1.0,-1
2026-05-08 03:59:00-04:00,1.365655,1.365665,1.36565,1.365665,-1.0,-1.0,-1
2026-05-08 03:59:05-04:00,1.365665,1.36568,1.365665,1.36568,-1.0,-1.0,-1
2026-05-08 03:59:10-04:00,1.36568,1.36568,1.365675,1.365675,-1.0,-1.0,-1
2026-05-08 03:59:15-04:00,1.365675,1.365675,1.36567,1.365675,-1.0,-1.0,-1
2026-05-08 03:59:20-04:00,1.365675,1.365675,1.365675,1.365675,-1.0,-1.0,-1
2026-05-08 03:59:25-04:00,1.365675,1.365675,1.365675,1.365675,-1.0,-1.0,-1
2026-05-08 03:59:30-04:00,1.365675,1.365675,1.365675,1.365675,-1.0,-1.0,-1
2026-05-08 03:59:35-04:00,1.365675,1.365675,1.365675,1.365675,-1.0,-1.0,-1
2026-05-08 03:59:40-04:00,1.365675,1.365675,1.36567,1.36567,-1.0,-1.0,-1
2026-05-08 03:59:45-04:00,1.36567,1.36567,1.365655,1.365655,-1.0,-1.0,-1
2026-05-08 03:59:50-04:00,1.365655,1.365655,1.365655,1.365655,-1.0,-1.0,-1
2026-05-08 03:59:55-04:00,1.365655,1.36567,1.365655,1.36566,-1.0,-1.0,-1
2026-05-08 04:00:00-04:00,1.36566,1.365685,1.365655,1.365685,-1.0,-1.0,-1
2026-05-08 04:00:05-04:00,1.365685,1.365695,1.365675,1.365695,-1.0,-1.0,-1
2026-05-08 04:00:10-04:00,1.365695,1.365695,1.36569,1.365695,-1.0,-1.0,-1
2026-05-08 04:00:15-04:00,1.365695,1.36574,1.365695,1.36574,-1.0,-1.0,-1
2026-05-08 04:00:20-04:00,1.36574,1.365775,1.36574,1.36577,-1.0,-1.0,-1
2026-05-08 04:00:25-04:00,1.36577,1.36577,1.365745,1.365745,-1.0,-1.0,-1
2026-05-08 04:00:30-04:00,1.365745,1.365775,1.36574,1.36574,-1.0,-1.0,-1
2026-05-08 04:00:35-04:00,1.36574,1.365765,1.36574,1.365765,-1.0,-1.0,-1
2026-05-08 04:00:40-04:00,1.365765,1.36579,1.365755,1.365755,-1.0,-1.0,-1
2026-05-08 04:00:45-04:00,1.365755,1.365775,1.36575,1.365755,-1.0,-1.0,-1
2026-05-08 04:00:50-04:00,1.365755,1.3658,1.365755,1.365785,-1.0,-1.0,-1
2026-05-08 04:00:55-04:00,1.365785,1.365835,1.365785,1.365835,-1.0,-1.0,-1
2026-05-08 04:01:00-04:00,1.365835,1.36584,1.365825,1.365825,-1.0,-1.0,-1
2026-05-08 04:01:05-04:00,1.365825,1.365835,1.365825,1.36583,-1.0,-1.0,-1
2026-05-08 04:01:10-04:00,1.36583,1.36583,1.365825,1.36583,-1.0,-1.0,-1
2026-05-08 04:01:15-04:00,1.36583,1.36583,1.365825,1.365825,-1.0,-1.0,-1
2026-05-08 04:01:20-04:00,1.365825,1.36583,1.3658,1.365815,-1.0,-1.0,-1
2026-05-08 04:01:25-04:00,1.365815,1.365815,1.365755,1.365765,-1.0,-1.0,-1
2026-05-08 04:01:30-04:00,1.365765,1.36577,1.36576,1.36577,-1.0,-1.0,-1
2026-05-08 04:01:35-04:00,1.36577,1.36577,1.36576,1.36577,-1.0,-1.0,-1
2026-05-08 04:01:40-04:00,1.36577,1.36577,1.365755,1.365755,-1.0,-1.0,-1
2026-05-08 04:01:45-04:00,1.365755,1.36577,1.365755,1.365765,-1.0,-1.0,-1
2026-05-08 04:01:50-04:00,1.365765,1.365765,1.36567,1.36568,-1.0,-1.0,-1
2026-05-08 04:01:55-04:00,1.36568,1.36575,1.365665,1.36575,-1.0,-1.0,-1
2026-05-08 04:02:00-04:00,1.36575,1.365755,1.365745,1.365755,-1.0,-1.0,-1
2026-05-08 04:02:05-04:00,1.365755,1.365755,1.36575,1.365755,-1.0,-1.0,-1
2026-05-08 04:02:10-04:00,1.365755,1.365755,1.36575,1.365755,-1.0,-1.0,-1
2026-05-08 04:02:15-04:00,1.365755,1.36577,1.365755,1.365765,-1.0,-1.0,-1
2026-05-08 04:02:20-04:00,1.365765,1.36577,1.365765,1.36577,-1.0,-1.0,-1
2026-05-08 04:02:25-04:00,1.36577,1.36577,1.36577,1.36577,-1.0,-1.0,-1
2026-05-08 04:02:30-04:00,1.36577,1.36577,1.365765,1.365765,-1.0,-1.0,-1
2026-05-08 04:02:35-04:00,1.365765,1.36577,1.365765,1.365765,-1.0,-1.0,-1
2026-05-08 04:02:40-04:00,1.365765,1.36578,1.365765,1.365775,-1.0,-1.0,-1
2026-05-08 04:02:45-04:00,1.365775,1.36586,1.365775,1.365825,-1.0,-1.0,-1
2026-05-08 04:02:50-04:00,1.365825,1.365825,1.36578,1.365785,-1.0,-1.0,-1
2026-05-08 04:02:55-04:00,1.365785,1.365785,1.365765,1.365765,-1.0,-1.0,-1
2026-05-08 04:03:00-04:00,1.365765,1.36577,1.365765,1.36577,-1.0,-1.0,-1
2026-05-08 04:03:05-04:00,1.36577,1.365775,1.36576,1.36576,-1.0,-1.0,-1
2026-05-08 04:03:10-04:00,1.36576,1.36577,1.3657,1.36571,-1.0,-1.0,-1
2026-05-08 04:03:15-04:00,1.36571,1.36572,1.36571,1.36571,-1.0,-1.0,-1
2026-05-08 04:03:20-04:00,1.36571,1.365725,1.36568,1.365685,-1.0,-1.0,-1
2026-05-08 04:03:25-04:00,1.365685,1.365685,1.365685,1.365685,-1.0,-1.0,-1
2026-05-08 04:03:30-04:00,1.365685,1.365695,1.365685,1.365695,-1.0,-1.0,-1
2026-05-08 04:03:35-04:00,1.365695,1.365695,1.365695,1.365695,-1.0,-1.0,-1
2026-05-08 04:03:40-04:00,1.365695,1.365695,1.36568,1.365685,-1.0,-1.0,-1
2026-05-08 04:03:45-04:00,1.365685,1.365685,1.36566,1.36567,-1.0,-1.0,-1
2026-05-08 04:03:50-04:00,1.36567,1.365675,1.36567,1.365675,-1.0,-1.0,-1
2026-05-08 04:03:55-04:00,1.365675,1.365685,1.365675,1.365675,-1.0,-1.0,-1
2026-05-08 04:04:00-04:00,1.365675,1.365685,1.365675,1.36568,-1.0,-1.0,-1
2026-05-08 04:04:05-04:00,1.36568,1.36568,1.36568,1.36568,-1.0,-1.0,-1
2026-05-08 04:04:10-04:00,1.36568,1.36568,1.365655,1.365665,-1.0,-1.0,-1
2026-05-08 04:04:15-04:00,1.365665,1.365675,1.365665,1.365675,-1.0,-1.0,-1
2026-05-08 04:04:20-04:00,1.365675,1.365695,1.365675,1.365685,-1.0,-1.0,-1
2026-05-08 04:04:25-04:00,1.365685,1.365685,1.365685,1.365685,-1.0,-1.0,-1
2026-05-08 04:04:30-04:00,1.365685,1.365685,1.365665,1.365665,-1.0,-1.0,-1
2026-05-08 04:04:35-04:00,1.365665,1.36567,1.36566,1.365665,-1.0,-1.0,-1
2026-05-08 04:04:40-04:00,1.365665,1.365685,1.365665,1.365675,-1.0,-1.0,-1
2026-05-08 04:04:45-04:00,1.365675,1.365685,1.365675,1.365675,-1.0,-1.0,-1
2026-05-08 04:04:50-04:00,1.365675,1.365675,1.365675,1.365675,-1.0,-1.0,-1
2026-05-08 04:04:55-04:00,1.365675,1.365675,1.36562,1.36562,-1.0,-1.0,-1
2026-05-08 04:05:00-04:00,1.36562,1.36563,1.36561,1.36561,-1.0,-1.0,-1
2026-05-08 04:05:05-04:00,1.36561,1.36561,1.36559,1.36559,-1.0,-1.0,-1
2026-05-08 04:05:10-04:00,1.36559,1.3656,1.36559,1.36559,-1.0,-1.0,-1
2026-05-08 04:05:15-04:00,1.36559,1.36559,1.36559,1.36559,-1.0,-1.0,-1
2026-05-08 04:05:20-04:00,1.36559,1.36559,1.365585,1.36559,-1.0,-1.0,-1
2026-05-08 04:05:25-04:00,1.36559,1.36559,1.365585,1.36559,-1.0,-1.0,-1
2026-05-08 04:05:30-04:00,1.36559,1.36559,1.365585,1.36559,-1.0,-1.0,-1
2026-05-08 04:05:35-04:00,1.36559,1.36562,1.36559,1.36562,-1.0,-1.0,-1
2026-05-08 04:05:40-04:00,1.36562,1.36562,1.36562,1.36562,-1.0,-1.0,-1
2026-05-08 04:05:45-04:00,1.36562,1.36562,1.36561,1.36562,-1.0,-1.0,-1
2026-05-08 04:05:50-04:00,1.36562,1.36567,1.36562,1.36567,-1.0,-1.0,-1
2026-05-08 04:05:55-04:00,1.36567,1.36567,1.36567,1.36567,-1.0,-1.0,-1
2026-05-08 04:06:00-04:00,1.36567,1.365705,1.36567,1.365695,-1.0,-1.0,-1
2026-05-08 04:06:05-04:00,1.365695,1.365715,1.365695,1.365705,-1.0,-1.0,-1
2026-05-08 04:06:10-04:00,1.365705,1.365725,1.365695,1.36572,-1.0,-1.0,-1
2026-05-08 04:06:15-04:00,1.36572,1.365725,1.36572,1.365725,-1.0,-1.0,-1
2026-05-08 04:06:20-04:00,1.365725,1.365765,1.365725,1.365765,-1.0,-1.0,-1
2026-05-08 04:06:25-04:00,1.365765,1.365765,1.365725,1.365755,-1.0,-1.0,-1
2026-05-08 04:06:30-04:00,1.365755,1.36576,1.36573,1.36576,-1.0,-1.0,-1
2026-05-08 04:06:35-04:00,1.36576,1.365775,1.36576,1.36577,-1.0,-1.0,-1
2026-05-08 04:06:40-04:00,1.36577,1.36577,1.365765,1.365765,-1.0,-1.0,-1
2026-05-08 04:06:45-04:00,1.365765,1.36577,1.365765,1.365765,-1.0,-1.0,-1
2026-05-08 04:06:50-04:00,1.365765,1.36577,1.36576,1.365765,-1.0,-1.0,-1
2026-05-08 04:06:55-04:00,1.365765,1.36577,1.36572,1.36572,-1.0,-1.0,-1
2026-05-08 04:07:00-04:00,1.36572,1.365725,1.365715,1.365725,-1.0,-1.0,-1
2026-05-08 04:07:05-04:00,1.365725,1.365725,1.365715,1.365715,-1.0,-1.0,-1
2026-05-08 04:07:10-04:00,1.365715,1.365725,1.365715,1.36572,-1.0,-1.0,-1
2026-05-08 04:07:15-04:00,1.36572,1.365725,1.365715,1.365715,-1.0,-1.0,-1
2026-05-08 04:07:20-04:00,1.365715,1.365755,1.36571,1.365725,-1.0,-1.0,-1
2026-05-08 04:07:25-04:00,1.365725,1.365755,1.36572,1.365735,-1.0,-1.0,-1
2026-05-08 04:07:30-04:00,1.365735,1.36576,1.365735,1.36576,-1.0,-1.0,-1
2026-05-08 04:07:35-04:00,1.36576,1.365775,1.36575,1.36577,-1.0,-1.0,-1
2026-05-08 04:07:40-04:00,1.36577,1.36578,1.36577,1.365775,-1.0,-1.0,-1
2026-05-08 04:07:45-04:00,1.365775,1.365775,1.365775,1.365775,-1.0,-1.0,-1
2026-05-08 04:07:50-04:00,1.365775,1.365835,1.365775,1.365825,-1.0,-1.0,-1
2026-05-08 04:07:55-04:00,1.365825,1.36583,1.365775,1.365775,-1.0,-1.0,-1
2026-05-08 04:08:00-04:00,1.365775,1.365785,1.365775,1.365775,-1.0,-1.0,-1
2026-05-08 04:08:05-04:00,1.365775,1.365775,1.365775,1.365775,-1.0,-1.0,-1
2026-05-08 04:08:10-04:00,1.365775,1.365785,1.365775,1.365785,-1.0,-1.0,-1
2026-05-08 04:08:15-04:00,1.365785,1.36579,1.36577,1.365775,-1.0,-1.0,-1
2026-05-08 04:08:20-04:00,1.365775,1.365775,1.36577,1.365775,-1.0,-1.0,-1
2026-05-08 04:08:25-04:00,1.365775,1.365775,1.36577,1.365775,-1.0,-1.0,-1
2026-05-08 04:08:30-04:00,1.365775,1.36578,1.365775,1.36578,-1.0,-1.0,-1
2026-05-08 04:08:35-04:00,1.36578,1.365815,1.36578,1.365815,-1.0,-1.0,-1
2026-05-08 04:08:40-04:00,1.365815,1.365815,1.365815,1.365815,-1.0,-1.0,-1
2026-05-08 04:08:45-04:00,1.365815,1.365815,1.365815,1.365815,-1.0,-1.0,-1
2026-05-08 04:08:50-04:00,1.365815,1.365815,1.365815,1.365815,-1.0,-1.0,-1
2026-05-08 04:08:55-04:00,1.365815,1.36582,1.365815,1.365815,-1.0,-1.0,-1
2026-05-08 04:09:00-04:00,1.365815,1.36582,1.365805,1.365805,-1.0,-1.0,-1
2026-05-08 04:09:05-04:00,1.365805,1.365865,1.365805,1.36586,-1.0,-1.0,-1
2026-05-08 04:09:10-04:00,1.36586,1.36586,1.365805,1.365805,-1.0,-1.0,-1
2026-05-08 04:09:15-04:00,1.365805,1.36581,1.365805,1.36581,-1.0,-1.0,-1
2026-05-08 04:09:20-04:00,1.36581,1.365815,1.365805,1.365805,-1.0,-1.0,-1
2026-05-08 04:09:25-04:00,1.365805,1.365815,1.365805,1.36581,-1.0,-1.0,-1
2026-05-08 04:09:30-04:00,1.36581,1.36581,1.365805,1.365805,-1.0,-1.0,-1
2026-05-08 04:09:35-04:00,1.365805,1.36586,1.365795,1.36586,-1.0,-1.0,-1
2026-05-08 04:09:40-04:00,1.36586,1.36586,1.365855,1.36586,-1.0,-1.0,-1
2026-05-08 04:09:45-04:00,1.36586,1.36586,1.365855,1.36586,-1.0,-1.0,-1
2026-05-08 04:09:50-04:00,1.36586,1.36586,1.36582,1.365825,-1.0,-1.0,-1
2026-05-08 04:09:55-04:00,1.365825,1.365825,1.36581,1.36581,-1.0,-1.0,-1
2026-05-08 04:10:00-04:00,1.36581,1.365815,1.3658,1.3658,-1.0,-1.0,-1
2026-05-08 04:10:05-04:00,1.3658,1.3658,1.36576,1.36577,-1.0,-1.0,-1
2026-05-08 04:10:10-04:00,1.36577,1.36577,1.36575,1.36576,-1.0,-1.0,-1
2026-05-08 04:10:15-04:00,1.36576,1.365775,1.365745,1.365745,-1.0,-1.0,-1
2026-05-08 04:10:20-04:00,1.365745,1.365745,1.36569,1.365715,-1.0,-1.0,-1
2026-05-08 04:10:25-04:00,1.365715,1.36573,1.365715,1.36573,-1.0,-1.0,-1
2026-05-08 04:10:30-04:00,1.36573,1.36573,1.365705,1.36571,-1.0,-1.0,-1
2026-05-08 04:10:35-04:00,1.36571,1.36571,1.365685,1.365705,-1.0,-1.0,-1
2026-05-08 04:10:40-04:00,1.365705,1.36571,1.365705,1.365705,-1.0,-1.0,-1
2026-05-08 04:10:45-04:00,1.365705,1.365705,1.365705,1.365705,-1.0,-1.0,-1
2026-05-08 04:10:50-04:00,1.365705,1.365705,1.36568,1.36568,-1.0,-1.0,-1
2026-05-08 04:10:55-04:00,1.36568,1.365705,1.36568,1.365705,-1.0,-1.0,-1
2026-05-08 04:11:00-04:00,1.365705,1.36571,1.36566,1.36567,-1.0,-1.0,-1
2026-05-08 04:11:05-04:00,1.36567,1.36567,1.365665,1.36567,-1.0,-1.0,-1
2026-05-08 04:11:10-04:00,1.36567,1.36567,1.365645,1.36566,-1.0,-1.0,-1
2026-05-08 04:11:15-04:00,1.36566,1.365675,1.36566,1.36567,-1.0,-1.0,-1
2026-05-08 04:11:20-04:00,1.36567,1.365715,1.36567,1.365715,-1.0,-1.0,-1
2026-05-08 04:11:25-04:00,1.365715,1.36572,1.36571,1.36572,-1.0,-1.0,-1
2026-05-08 04:11:30-04:00,1.36572,1.36572,1.36572,1.36572,-1.0,-1.0,-1
2026-05-08 04:11:35-04:00,1.36572,1.36572,1.36572,1.36572,-1.0,-1.0,-1
2026-05-08 04:11:40-04:00,1.36572,1.36576,1.36572,1.365755,-1.0,-1.0,-1
2026-05-08 04:11:45-04:00,1.365755,1.36576,1.36574,1.365755,-1.0,-1.0,-1
2026-05-08 04:11:50-04:00,1.365755,1.36576,1.365755,1.36576,-1.0,-1.0,-1
2026-05-08 04:11:55-04:00,1.36576,1.365775,1.365755,1.365765,-1.0,-1.0,-1
2026-05-08 04:12:00-04:00,1.365765,1.36579,1.365765,1.365775,-1.0,-1.0,-1
2026-05-08 04:12:05-04:00,1.365775,1.365835,1.365775,1.36583,-1.0,-1.0,-1
2026-05-08 04:12:10-04:00,1.36583,1.365835,1.36583,1.36583,-1.0,-1.0,-1
2026-05-08 04:12:15-04:00,1.36583,1.36583,1.365815,1.365815,-1.0,-1.0,-1
2026-05-08 04:12:20-04:00,1.365815,1.365815,1.3658,1.3658,-1.0,-1.0,-1
2026-05-08 04:12:25-04:00,1.3658,1.36581,1.3658,1.365805,-1.0,-1.0,-1
2026-05-08 04:12:30-04:00,1.365805,1.36581,1.365805,1.36581,-1.0,-1.0,-1
2026-05-08 04:12:35-04:00,1.36581,1.36581,1.36581,1.36581,-1.0,-1.0,-1
2026-05-08 04:12:40-04:00,1.36581,1.36581,1.36579,1.36581,-1.0,-1.0,-1
2026-05-08 04:12:45-04:00,1.36581,1.36582,1.36581,1.365815,-1.0,-1.0,-1
2026-05-08 04:12:50-04:00,1.365815,1.36582,1.36581,1.365815,-1.0,-1.0,-1
2026-05-08 04:12:55-04:00,1.365815,1.365815,1.36578,1.36578,-1.0,-1.0,-1
2026-05-08 04:13:00-04:00,1.36578,1.36579,1.365775,1.36579,-1.0,-1.0,-1
2026-05-08 04:13:05-04:00,1.36579,1.36581,1.365785,1.365805,-1.0,-1.0,-1
2026-05-08 04:13:10-04:00,1.365805,1.36581,1.36578,1.365805,-1.0,-1.0,-1
2026-05-08 04:13:15-04:00,1.365805,1.365815,1.365805,1.365815,-1.0,-1.0,-1
2026-05-08 04:13:20-04:00,1.365815,1.365815,1.36578,1.365805,-1.0,-1.0,-1
2026-05-08 04:13:25-04:00,1.365805,1.36581,1.36578,1.36578,-1.0,-1.0,-1
2026-05-08 04:13:30-04:00,1.36578,1.365815,1.36578,1.365815,-1.0,-1.0,-1
2026-05-08 04:13:35-04:00,1.365815,1.365815,1.365775,1.365775,-1.0,-1.0,-1
2026-05-08 04:13:40-04:00,1.365775,1.365775,1.365755,1.365755,-1.0,-1.0,-1
2026-05-08 04:13:45-04:00,1.365755,1.365775,1.365755,1.36577,-1.0,-1.0,-1
2026-05-08 04:13:50-04:00,1.36577,1.36581,1.36577,1.365805,-1.0,-1.0,-1
2026-05-08 04:13:55-04:00,1.365805,1.36584,1.365805,1.365815,-1.0,-1.0,-1
2026-05-08 04:14:00-04:00,1.365815,1.36582,1.365815,1.36582,-1.0,-1.0,-1
2026-05-08 04:14:05-04:00,1.36582,1.36585,1.36582,1.36584,-1.0,-1.0,-1
2026-05-08 04:14:10-04:00,1.36584,1.365855,1.365835,1.365845,-1.0,-1.0,-1
2026-05-08 04:14:15-04:00,1.365845,1.365855,1.365845,1.365845,-1.0,-1.0,-1
2026-05-08 04:14:20-04:00,1.365845,1.365845,1.365845,1.365845,-1.0,-1.0,-1
2026-05-08 04:14:25-04:00,1.365845,1.36585,1.365845,1.36585,-1.0,-1.0,-1
2026-05-08 04:14:30-04:00,1.36585,1.36585,1.36585,1.36585,-1.0,-1.0,-1
2026-05-08 04:14:35-04:00,1.36585,1.36585,1.365835,1.365835,-1.0,-1.0,-1
2026-05-08 04:14:40-04:00,1.365835,1.36586,1.365835,1.36586,-1.0,-1.0,-1
2026-05-08 04:14:45-04:00,1.36586,1.36588,1.36586,1.36588,-1.0,-1.0,-1
2026-05-08 04:14:50-04:00,1.36588,1.365895,1.365875,1.36588,-1.0,-1.0,-1
2026-05-08 04:14:55-04:00,1.36588,1.36593,1.36588,1.36593,-1.0,-1.0,-1
2026-05-08 04:15:00-04:00,1.36593,1.36593,1.36592,1.365925,-1.0,-1.0,-1
2026-05-08 04:15:05-04:00,1.365925,1.365925,1.36592,1.36592,-1.0,-1.0,-1
2026-05-08 04:15:10-04:00,1.36592,1.36592,1.365785,1.365785,-1.0,-1.0,-1
2026-05-08 04:15:15-04:00,1.365785,1.365785,1.36578,1.365785,-1.0,-1.0,-1
2026-05-08 04:15:20-04:00,1.365785,1.365805,1.365785,1.36579,-1.0,-1.0,-1
2026-05-08 04:15:25-04:00,1.36579,1.3658,1.36579,1.3658,-1.0,-1.0,-1
2026-05-08 04:15:30-04:00,1.3658,1.365805,1.36578,1.36578,-1.0,-1.0,-1
2026-05-08 04:15:35-04:00,1.36578,1.36581,1.36578,1.36578,-1.0,-1.0,-1
2026-05-08 04:15:40-04:00,1.36578,1.36581,1.36578,1.36578,-1.0,-1.0,-1
2026-05-08 04:15:45-04:00,1.36578,1.36581,1.36578,1.365805,-1.0,-1.0,-1
2026-05-08 04:15:50-04:00,1.365805,1.36581,1.36578,1.36578,-1.0,-1.0,-1
2026-05-08 04:15:55-04:00,1.36578,1.36581,1.365775,1.365775,-1.0,-1.0,-1
2026-05-08 04:16:00-04:00,1.365775,1.365775,1.365755,1.36576,-1.0,-1.0,-1
2026-05-08 04:16:05-04:00,1.36576,1.36576,1.365755,1.365755,-1.0,-1.0,-1
2026-05-08 04:16:10-04:00,1.365755,1.36576,1.365755,1.36576,-1.0,-1.0,-1
2026-05-08 04:16:15-04:00,1.36576,1.365775,1.36576,1.36577,-1.0,-1.0,-1
2026-05-08 04:16:20-04:00,1.36577,1.36577,1.365755,1.36576,-1.0,-1.0,-1
2026-05-08 04:16:25-04:00,1.36576,1.36576,1.36576,1.36576,-1.0,-1.0,-1
2026-05-08 04:16:30-04:00,1.36576,1.36577,1.365755,1.36577,-1.0,-1.0,-1
2026-05-08 04:16:35-04:00,1.36577,1.365775,1.365755,1.365755,-1.0,-1.0,-1
2026-05-08 04:16:40-04:00,1.365755,1.36585,1.365755,1.36585,-1.0,-1.0,-1
2026-05-08 04:16:45-04:00,1.36585,1.36585,1.365835,1.36584,-1.0,-1.0,-1
2026-05-08 04:16:50-04:00,1.36584,1.36585,1.365835,1.36585,-1.0,-1.0,-1
2026-05-08 04:16:55-04:00,1.36585,1.36585,1.36585,1.36585,-1.0,-1.0,-1
2026-05-08 04:17:00-04:00,1.36585,1.365865,1.365845,1.36586,-1.0,-1.0,-1
2026-05-08 04:17:05-04:00,1.36586,1.365865,1.36586,1.36586,-1.0,-1.0,-1
2026-05-08 04:17:10-04:00,1.36586,1.365865,1.36586,1.36586,-1.0,-1.0,-1
2026-05-08 04:17:15-04:00,1.36586,1.36587,1.36586,1.365865,-1.0,-1.0,-1
2026-05-08 04:17:20-04:00,1.365865,1.365865,1.36586,1.365865,-1.0,-1.0,-1
2026-05-08 04:17:25-04:00,1.365865,1.365865,1.365805,1.36581,-1.0,-1.0,-1
2026-05-08 04:17:30-04:00,1.36581,1.365825,1.36581,1.365815,-1.0,-1.0,-1
2026-05-08 04:17:35-04:00,1.365815,1.365825,1.365815,1.365815,-1.0,-1.0,-1
2026-05-08 04:17:40-04:00,1.365815,1.365825,1.365815,1.365815,-1.0,-1.0,-1
2026-05-08 04:17:45-04:00,1.365815,1.36586,1.365815,1.36586,-1.0,-1.0,-1
2026-05-08 04:17:50-04:00,1.36586,1.365865,1.36586,1.36586,-1.0,-1.0,-1
2026-05-08 04:17:55-04:00,1.36586,1.36586,1.36586,1.36586,-1.0,-1.0,-1
2026-05-08 04:18:00-04:00,1.36586,1.365865,1.36586,1.36586,-1.0,-1.0,-1
2026-05-08 04:18:05-04:00,1.36586,1.365865,1.36586,1.365865,-1.0,-1.0,-1
2026-05-08 04:18:10-04:00,1.365865,1.365865,1.36586,1.36586,-1.0,-1.0,-1
2026-05-08 04:18:15-04:00,1.36586,1.36586,1.36586,1.36586,-1.0,-1.0,-1
2026-05-08 04:18:20-04:00,1.36586,1.365865,1.36586,1.36586,-1.0,-1.0,-1
2026-05-08 04:18:25-04:00,1.36586,1.36586,1.365785,1.365785,-1.0,-1.0,-1
2026-05-08 04:18:30-04:00,1.365785,1.365795,1.36576,1.36576,-1.0,-1.0,-1
2026-05-08 04:18:35-04:00,1.36576,1.36576,1.365725,1.365725,-1.0,-1.0,-1
2026-05-08 04:18:40-04:00,1.365725,1.36575,1.36572,1.365725,-1.0,-1.0,-1
2026-05-08 04:18:45-04:00,1.365725,1.36573,1.365725,1.365725,-1.0,-1.0,-1
2026-05-08 04:18:50-04:00,1.365725,1.36576,1.365725,1.36576,-1.0,-1.0,-1
2026-05-08 04:18:55-04:00,1.36576,1.36576,1.36566,1.36566,-1.0,-1.0,-1
2026-05-08 04:19:00-04:00,1.36566,1.365665,1.36566,1.365665,-1.0,-1.0,-1
2026-05-08 04:19:05-04:00,1.365665,1.365665,1.36559,1.365595,-1.0,-1.0,-1
2026-05-08 04:19:10-04:00,1.365595,1.3656,1.365575,1.36558,-1.0,-1.0,-1
2026-05-08 04:19:15-04:00,1.36558,1.36558,1.365575,1.365575,-1.0,-1.0,-1
2026-05-08 04:19:20-04:00,1.365575,1.365575,1.36556,1.365565,-1.0,-1.0,-1
2026-05-08 04:19:25-04:00,1.365565,1.365565,1.36556,1.36556,-1.0,-1.0,-1
2026-05-08 04:19:30-04:00,1.36556,1.36557,1.36556,1.365565,-1.0,-1.0,-1
2026-05-08 04:19:35-04:00,1.365565,1.36559,1.365565,1.365585,-1.0,-1.0,-1
2026-05-08 04:19:40-04:00,1.365585,1.365585,1.36557,1.365575,-1.0,-1.0,-1
2026-05-08 04:19:45-04:00,1.365575,1.36558,1.36557,1.36558,-1.0,-1.0,-1
2026-05-08 04:19:50-04:00,1.36558,1.3656,1.36557,1.365595,-1.0,-1.0,-1
2026-05-08 04:19:55-04:00,1.365595,1.36566,1.365595,1.36566,-1.0,-1.0,-1
2026-05-08 04:20:00-04:00,1.36566,1.365665,1.365655,1.365665,-1.0,-1.0,-1
2026-05-08 04:20:05-04:00,1.365665,1.365675,1.365665,1.365675,-1.0,-1.0,-1
2026-05-08 04:20:10-04:00,1.365675,1.365685,1.36567,1.36567,-1.0,-1.0,-1
2026-05-08 04:20:15-04:00,1.36567,1.36567,1.365665,1.365665,-1.0,-1.0,-1
2026-05-08 04:20:20-04:00,1.365665,1.365665,1.365665,1.365665,-1.0,-1.0,-1
2026-05-08 04:20:25-04:00,1.365665,1.365695,1.365665,1.36569,-1.0,-1.0,-1
2026-05-08 04:20:30-04:00,1.36569,1.36571,1.365685,1.36571,-1.0,-1.0,-1
2026-05-08 04:20:35-04:00,1.36571,1.36574,1.365705,1.36574,-1.0,-1.0,-1
2026-05-08 04:20:40-04:00,1.36574,1.365755,1.365735,1.365755,-1.0,-1.0,-1
2026-05-08 04:20:45-04:00,1.365755,1.365755,1.365755,1.365755,-1.0,-1.0,-1
2026-05-08 04:20:50-04:00,1.365755,1.365755,1.365735,1.36574,-1.0,-1.0,-1
2026-05-08 04:20:55-04:00,1.36574,1.365745,1.36573,1.365745,-1.0,-1.0,-1
2026-05-08 04:21:00-04:00,1.365745,1.365745,1.365705,1.36572,-1.0,-1.0,-1
2026-05-08 04:21:05-04:00,1.36572,1.365725,1.36569,1.365695,-1.0,-1.0,-1
2026-05-08 04:21:10-04:00,1.365695,1.365705,1.365685,1.365695,-1.0,-1.0,-1
2026-05-08 04:21:15-04:00,1.365695,1.365695,1.3656,1.3656,-1.0,-1.0,-1
2026-05-08 04:21:20-04:00,1.3656,1.365605,1.36557,1.365595,-1.0,-1.0,-1
2026-05-08 04:21:25-04:00,1.365595,1.365615,1.365595,1.36561,-1.0,-1.0,-1
2026-05-08 04:21:30-04:00,1.36561,1.365615,1.36561,1.36561,-1.0,-1.0,-1
2026-05-08 04:21:35-04:00,1.36561,1.36566,1.365605,1.365655,-1.0,-1.0,-1
2026-05-08 04:21:40-04:00,1.365655,1.36566,1.365655,1.365655,-1.0,-1.0,-1
2026-05-08 04:21:45-04:00,1.365655,1.365665,1.365655,1.365655,-1.0,-1.0,-1
2026-05-08 04:21:50-04:00,1.365655,1.365655,1.365655,1.365655,-1.0,-1.0,-1
2026-05-08 04:21:55-04:00,1.365655,1.365655,1.365655,1.365655,-1.0,-1.0,-1
2026-05-08 04:22:00-04:00,1.365655,1.365705,1.365655,1.36566,-1.0,-1.0,-1
2026-05-08 04:22:05-04:00,1.36566,1.365665,1.365655,1.365665,-1.0,-1.0,-1
2026-05-08 04:22:10-04:00,1.365665,1.365665,1.365655,1.365655,-1.0,-1.0,-1
2026-05-08 04:22:15-04:00,1.365655,1.365675,1.365655,1.365675,-1.0,-1.0,-1
2026-05-08 04:22:20-04:00,1.365675,1.365715,1.365665,1.3657,-1.0,-1.0,-1
2026-05-08 04:22:25-04:00,1.3657,1.36576,1.3657,1.36576,-1.0,-1.0,-1
2026-05-08 04:22:30-04:00,1.36576,1.36576,1.365715,1.365725,-1.0,-1.0,-1
2026-05-08 04:22:35-04:00,1.365725,1.365765,1.365725,1.36576,-1.0,-1.0,-1
2026-05-08 04:22:40-04:00,1.36576,1.36576,1.365725,1.365725,-1.0,-1.0,-1
2026-05-08 04:22:45-04:00,1.365725,1.36573,1.365715,1.365725,-1.0,-1.0,-1
2026-05-08 04:22:50-04:00,1.365725,1.365725,1.365675,1.365675,-1.0,-1.0,-1
2026-05-08 04:22:55-04:00,1.365675,1.365675,1.365675,1.365675,-1.0,-1.0,-1
2026-05-08 04:23:00-04:00,1.365675,1.36568,1.36567,1.36567,-1.0,-1.0,-1
2026-05-08 04:23:05-04:00,1.36567,1.36567,1.365635,1.365645,-1.0,-1.0,-1
2026-05-08 04:23:10-04:00,1.365645,1.365645,1.3656,1.3656,-1.0,-1.0,-1
2026-05-08 04:23:15-04:00,1.3656,1.365605,1.3656,1.3656,-1.0,-1.0,-1
2026-05-08 04:23:20-04:00,1.3656,1.3656,1.36559,1.3656,-1.0,-1.0,-1
2026-05-08 04:23:25-04:00,1.3656,1.36561,1.36559,1.36559,-1.0,-1.0,-1
2026-05-08 04:23:30-04:00,1.36559,1.3656,1.36558,1.36558,-1.0,-1.0,-1
2026-05-08 04:23:35-04:00,1.36558,1.36558,1.36558,1.36558,-1.0,-1.0,-1
2026-05-08 04:23:40-04:00,1.36558,1.365585,1.36558,1.36558,-1.0,-1.0,-1
2026-05-08 04:23:45-04:00,1.36558,1.36558,1.365565,1.36557,-1.0,-1.0,-1
2026-05-08 04:23:50-04:00,1.36557,1.365575,1.36557,1.36557,-1.0,-1.0,-1
2026-05-08 04:23:55-04:00,1.36557,1.36557,1.365565,1.365565,-1.0,-1.0,-1
2026-05-08 04:24:00-04:00,1.365565,1.36557,1.365495,1.36557,-1.0,-1.0,-1
2026-05-08 04:24:05-04:00,1.36557,1.36557,1.36557,1.36557,-1.0,-1.0,-1
2026-05-08 04:24:10-04:00,1.36557,1.365575,1.36557,1.36557,-1.0,-1.0,-1
2026-05-08 04:24:15-04:00,1.36557,1.36558,1.36557,1.36558,-1.0,-1.0,-1
2026-05-08 04:24:20-04:00,1.36558,1.365595,1.36558,1.365585,-1.0,-1.0,-1
2026-05-08 04:24:25-04:00,1.365585,1.36566,1.36558,1.365655,-1.0,-1.0,-1
2026-05-08 04:24:30-04:00,1.365655,1.36566,1.36561,1.36561,-1.0,-1.0,-1
2026-05-08 04:24:35-04:00,1.36561,1.36563,1.36559,1.36563,-1.0,-1.0,-1
2026-05-08 04:24:40-04:00,1.36563,1.36564,1.36562,1.36564,-1.0,-1.0,-1
2026-05-08 04:24:45-04:00,1.36564,1.365665,1.36564,1.36566,-1.0,-1.0,-1
2026-05-08 04:24:50-04:00,1.36566,1.365675,1.365655,1.365675,-1.0,-1.0,-1
2026-05-08 04:24:55-04:00,1.365675,1.365755,1.365665,1.365755,-1.0,-1.0,-1
2026-05-08 04:25:00-04:00,1.365755,1.36578,1.36573,1.36573,-1.0,-1.0,-1
2026-05-08 04:25:05-04:00,1.36573,1.36573,1.365725,1.365725,-1.0,-1.0,-1
2026-05-08 04:25:10-04:00,1.365725,1.365745,1.36571,1.36574,-1.0,-1.0,-1
2026-05-08 04:25:15-04:00,1.36574,1.36577,1.36572,1.36575,-1.0,-1.0,-1
2026-05-08 04:25:20-04:00,1.36575,1.36577,1.36575,1.36576,-1.0,-1.0,-1
2026-05-08 04:25:25-04:00,1.36576,1.365775,1.36575,1.365765,-1.0,-1.0,-1
2026-05-08 04:25:30-04:00,1.365765,1.365775,1.365755,1.365765,-1.0,-1.0,-1
2026-05-08 04:25:35-04:00,1.365765,1.365775,1.36576,1.365775,-1.0,-1.0,-1
2026-05-08 04:25:40-04:00,1.365775,1.365775,1.365755,1.365775,-1.0,-1.0,-1
2026-05-08 04:25:45-04:00,1.365775,1.365775,1.36576,1.365775,-1.0,-1.0,-1
2026-05-08 04:25:50-04:00,1.365775,1.365775,1.365755,1.36576,-1.0,-1.0,-1
2026-05-08 04:25:55-04:00,1.36576,1.36576,1.365735,1.365755,-1.0,-1.0,-1
2026-05-08 04:26:00-04:00,1.365755,1.365755,1.365725,1.365725,-1.0,-1.0,-1
2026-05-08 04:26:05-04:00,1.365725,1.365725,1.365725,1.365725,-1.0,-1.0,-1
2026-05-08 04:26:10-04:00,1.365725,1.365725,1.36572,1.36572,-1.0,-1.0,-1
2026-05-08 04:26:15-04:00,1.36572,1.365725,1.36572,1.36572,-1.0,-1.0,-1
2026-05-08 04:26:20-04:00,1.36572,1.365735,1.36571,1.36571,-1.0,-1.0,-1
2026-05-08 04:26:25-04:00,1.36571,1.36571,1.365675,1.36568,-1.0,-1.0,-1
2026-05-08 04:26:30-04:00,1.36568,1.36571,1.36568,1.36571,-1.0,-1.0,-1
2026-05-08 04:26:35-04:00,1.36571,1.36571,1.365705,1.36571,-1.0,-1.0,-1
2026-05-08 04:26:40-04:00,1.36571,1.36571,1.36567,1.365675,-1.0,-1.0,-1
2026-05-08 04:26:45-04:00,1.365675,1.365705,1.365665,1.365705,-1.0,-1.0,-1
2026-05-08 04:26:50-04:00,1.365705,1.36571,1.36568,1.36571,-1.0,-1.0,-1
2026-05-08 04:26:55-04:00,1.36571,1.365715,1.36571,1.36571,-1.0,-1.0,-1
2026-05-08 04:27:00-04:00,1.36571,1.365715,1.365705,1.365705,-1.0,-1.0,-1
2026-05-08 04:27:05-04:00,1.365705,1.36572,1.365705,1.365705,-1.0,-1.0,-1
2026-05-08 04:27:10-04:00,1.365705,1.365705,1.36568,1.36568,-1.0,-1.0,-1
2026-05-08 04:27:15-04:00,1.36568,1.36568,1.365585,1.365655,-1.0,-1.0,-1
2026-05-08 04:27:20-04:00,1.365655,1.365675,1.36565,1.36567,-1.0,-1.0,-1
2026-05-08 04:27:25-04:00,1.36567,1.365675,1.365665,1.365675,-1.0,-1.0,-1
2026-05-08 04:27:30-04:00,1.365675,1.365685,1.36567,1.365675,-1.0,-1.0,-1
2026-05-08 04:27:35-04:00,1.365675,1.36568,1.36567,1.36568,-1.0,-1.0,-1
2026-05-08 04:27:40-04:00,1.36568,1.365685,1.36568,1.365685,-1.0,-1.0,-1
2026-05-08 04:27:45-04:00,1.365685,1.365685,1.365685,1.365685,-1.0,-1.0,-1
2026-05-08 04:27:50-04:00,1.365685,1.365685,1.365685,1.365685,-1.0,-1.0,-1
2026-05-08 04:27:55-04:00,1.365685,1.365695,1.36568,1.365695,-1.0,-1.0,-1
2026-05-08 04:28:00-04:00,1.365695,1.36571,1.36568,1.36568,-1.0,-1.0,-1
2026-05-08 04:28:05-04:00,1.36568,1.365685,1.365665,1.365665,-1.0,-1.0,-1
2026-05-08 04:28:10-04:00,1.365665,1.36568,1.36566,1.365675,-1.0,-1.0,-1
2026-05-08 04:28:15-04:00,1.365675,1.36568,1.365645,1.36566,-1.0,-1.0,-1
2026-05-08 04:28:20-04:00,1.36566,1.365695,1.36566,1.365685,-1.0,-1.0,-1
2026-05-08 04:28:25-04:00,1.365685,1.365685,1.365655,1.36566,-1.0,-1.0,-1
2026-05-08 04:28:30-04:00,1.36566,1.365675,1.36566,1.365675,-1.0,-1.0,-1
2026-05-08 04:28:35-04:00,1.365675,1.365675,1.365675,1.365675,-1.0,-1.0,-1
2026-05-08 04:28:40-04:00,1.365675,1.365675,1.365665,1.365665,-1.0,-1.0,-1
2026-05-08 04:28:45-04:00,1.365665,1.36567,1.36566,1.36566,-1.0,-1.0,-1
2026-05-08 04:28:50-04:00,1.36566,1.36567,1.365655,1.36567,-1.0,-1.0,-1
2026-05-08 04:28:55-04:00,1.36567,1.36567,1.365665,1.36567,-1.0,-1.0,-1
2026-05-08 04:29:00-04:00,1.36567,1.36567,1.365665,1.365665,-1.0,-1.0,-1
2026-05-08 04:29:05-04:00,1.365665,1.365745,1.365665,1.36571,-1.0,-1.0,-1
2026-05-08 04:29:10-04:00,1.36571,1.365715,1.36571,1.365715,-1.0,-1.0,-1
2026-05-08 04:29:15-04:00,1.365715,1.365715,1.36571,1.36571,-1.0,-1.0,-1
2026-05-08 04:29:20-04:00,1.36571,1.365715,1.36571,1.365715,-1.0,-1.0,-1
2026-05-08 04:29:25-04:00,1.365715,1.365715,1.36571,1.365715,-1.0,-1.0,-1
2026-05-08 04:29:30-04:00,1.365715,1.365715,1.365705,1.365705,-1.0,-1.0,-1
2026-05-08 04:29:35-04:00,1.365705,1.36571,1.365705,1.36571,-1.0,-1.0,-1
2026-05-08 04:29:40-04:00,1.36571,1.36571,1.36568,1.36568,-1.0,-1.0,-1
2026-05-08 04:29:45-04:00,1.36568,1.36571,1.36568,1.365705,-1.0,-1.0,-1
2026-05-08 04:29:50-04:00,1.365705,1.365715,1.365705,1.365705,-1.0,-1.0,-1
2026-05-08 04:29:55-04:00,1.365705,1.365705,1.36568,1.365705,-1.0,-1.0,-1
2026-05-08 04:30:00-04:00,1.365705,1.365715,1.365705,1.365705,-1.0,-1.0,-1
2026-05-08 04:30:05-04:00,1.365705,1.365705,1.365705,1.365705,-1.0,-1.0,-1
2026-05-08 04:30:10-04:00,1.365705,1.365705,1.36564,1.36566,-1.0,-1.0,-1
2026-05-08 04:30:15-04:00,1.36566,1.36567,1.36566,1.36567,-1.0,-1.0,-1
2026-05-08 04:30:20-04:00,1.36567,1.36567,1.36564,1.36564,-1.0,-1.0,-1
2026-05-08 04:30:25-04:00,1.36564,1.36564,1.365495,1.365495,-1.0,-1.0,-1
2026-05-08 04:30:30-04:00,1.365495,1.36551,1.365495,1.3655,-1.0,-1.0,-1
2026-05-08 04:30:35-04:00,1.3655,1.36551,1.36548,1.365485,-1.0,-1.0,-1
2026-05-08 04:30:40-04:00,1.365485,1.365485,1.36546,1.365465,-1.0,-1.0,-1
2026-05-08 04:30:45-04:00,1.365465,1.36547,1.36546,1.365465,-1.0,-1.0,-1
2026-05-08 04:30:50-04:00,1.365465,1.36548,1.365465,1.365475,-1.0,-1.0,-1
2026-05-08 04:30:55-04:00,1.365475,1.365475,1.365475,1.365475,-1.0,-1.0,-1
2026-05-08 04:31:00-04:00,1.365475,1.3655,1.365475,1.365495,-1.0,-1.0,-1
2026-05-08 04:31:05-04:00,1.365495,1.3655,1.365495,1.3655,-1.0,-1.0,-1
2026-05-08 04:31:10-04:00,1.3655,1.36557,1.3655,1.36556,-1.0,-1.0,-1
2026-05-08 04:31:15-04:00,1.36556,1.365565,1.36552,1.365535,-1.0,-1.0,-1
2026-05-08 04:31:20-04:00,1.365535,1.36554,1.365525,1.36554,-1.0,-1.0,-1
2026-05-08 04:31:25-04:00,1.36554,1.36558,1.36554,1.36558,-1.0,-1.0,-1
2026-05-08 04:31:30-04:00,1.36558,1.36558,1.36556,1.365565,-1.0,-1.0,-1
2026-05-08 04:31:35-04:00,1.365565,1.36557,1.36556,1.365565,-1.0,-1.0,-1
2026-05-08 04:31:40-04:00,1.365565,1.365565,1.3655,1.365515,-1.0,-1.0,-1
2026-05-08 04:31:45-04:00,1.365515,1.365515,1.365495,1.365495,-1.0,-1.0,-1
2026-05-08 04:31:50-04:00,1.365495,1.3655,1.365495,1.365495,-1.0,-1.0,-1
2026-05-08 04:31:55-04:00,1.365495,1.36556,1.365495,1.365525,-1.0,-1.0,-1
2026-05-08 04:32:00-04:00,1.365525,1.365535,1.36551,1.36552,-1.0,-1.0,-1
2026-05-08 04:32:05-04:00,1.36552,1.36552,1.36548,1.365485,-1.0,-1.0,-1
2026-05-08 04:32:10-04:00,1.365485,1.36549,1.36548,1.36548,-1.0,-1.0,-1
2026-05-08 04:32:15-04:00,1.36548,1.36555,1.36548,1.36554,-1.0,-1.0,-1
2026-05-08 04:32:20-04:00,1.36554,1.36555,1.36554,1.36554,-1.0,-1.0,-1
2026-05-08 04:32:25-04:00,1.36554,1.36556,1.36554,1.36556,-1.0,-1.0,-1
2026-05-08 04:32:30-04:00,1.36556,1.36557,1.36556,1.36557,-1.0,-1.0,-1
2026-05-08 04:32:35-04:00,1.36557,1.365575,1.365565,1.36557,-1.0,-1.0,-1
2026-05-08 04:32:40-04:00,1.36557,1.365575,1.365565,1.365575,-1.0,-1.0,-1
2026-05-08 04:32:45-04:00,1.365575,1.365575,1.365565,1.36557,-1.0,-1.0,-1
2026-05-08 04:32:50-04:00,1.36557,1.365575,1.36556,1.365565,-1.0,-1.0,-1
2026-05-08 04:32:55-04:00,1.365565,1.365575,1.36556,1.36557,-1.0,-1.0,-1
2026-05-08 04:33:00-04:00,1.36557,1.365575,1.365565,1.365575,-1.0,-1.0,-1
2026-05-08 04:33:05-04:00,1.365575,1.365575,1.3655,1.365525,-1.0,-1.0,-1
2026-05-08 04:33:10-04:00,1.365525,1.36553,1.365525,1.36553,-1.0,-1.0,-1
2026-05-08 04:33:15-04:00,1.36553,1.36554,1.365505,1.365525,-1.0,-1.0,-1
2026-05-08 04:33:20-04:00,1.365525,1.365525,1.365485,1.365485,-1.0,-1.0,-1
2026-05-08 04:33:25-04:00,1.365485,1.36549,1.365485,1.36549,-1.0,-1.0,-1
2026-05-08 04:33:30-04:00,1.36549,1.36549,1.365485,1.365485,-1.0,-1.0,-1
2026-05-08 04:33:35-04:00,1.365485,1.36549,1.365485,1.36549,-1.0,-1.0,-1
2026-05-08 04:33:40-04:00,1.36549,1.365495,1.36549,1.365495,-1.0,-1.0,-1
2026-05-08 04:33:45-04:00,1.365495,1.365495,1.36549,1.36549,-1.0,-1.0,-1
2026-05-08 04:33:50-04:00,1.36549,1.365495,1.36549,1.365495,-1.0,-1.0,-1
2026-05-08 04:33:55-04:00,1.365495,1.365495,1.36549,1.36549,-1.0,-1.0,-1
2026-05-08 04:34:00-04:00,1.36549,1.36556,1.36549,1.36553,-1.0,-1.0,-1
2026-05-08 04:34:05-04:00,1.36553,1.365565,1.36553,1.365545,-1.0,-1.0,-1
2026-05-08 04:34:10-04:00,1.365545,1.365545,1.36554,1.36554,-1.0,-1.0,-1
2026-05-08 04:34:15-04:00,1.36554,1.36555,1.36552,1.365525,-1.0,-1.0,-1
2026-05-08 04:34:20-04:00,1.365525,1.36557,1.365525,1.36557,-1.0,-1.0,-1
2026-05-08 04:34:25-04:00,1.36557,1.365575,1.365555,1.365555,-1.0,-1.0,-1
2026-05-08 04:34:30-04:00,1.365555,1.36557,1.365555,1.36557,-1.0,-1.0,-1
2026-05-08 04:34:35-04:00,1.36557,1.36557,1.365565,1.36557,-1.0,-1.0,-1
2026-05-08 04:34:40-04:00,1.36557,1.365575,1.36557,1.36557,-1.0,-1.0,-1
2026-05-08 04:34:45-04:00,1.36557,1.365585,1.365565,1.365575,-1.0,-1.0,-1
2026-05-08 04:34:50-04:00,1.365575,1.365615,1.365575,1.365585,-1.0,-1.0,-1
2026-05-08 04:34:55-04:00,1.365585,1.365585,1.365585,1.365585,-1.0,-1.0,-1
2026-05-08 04:35:00-04:00,1.365585,1.365585,1.36558,1.36558,-1.0,-1.0,-1
2026-05-08 04:35:05-04:00,1.36558,1.36558,1.36558,1.36558,-1.0,-1.0,-1
2026-05-08 04:35:10-04:00,1.36558,1.36558,1.36558,1.36558,-1.0,-1.0,-1
2026-05-08 04:35:15-04:00,1.36558,1.36558,1.36558,1.36558,-1.0,-1.0,-1
2026-05-08 04:35:20-04:00,1.36558,1.36558,1.365575,1.365575,-1.0,-1.0,-1
2026-05-08 04:35:25-04:00,1.365575,1.365575,1.36556,1.36557,-1.0,-1.0,-1
2026-05-08 04:35:30-04:00,1.36557,1.3656,1.36557,1.36558,-1.0,-1.0,-1
2026-05-08 04:35:35-04:00,1.36558,1.36558,1.36558,1.36558,-1.0,-1.0,-1
2026-05-08 04:35:40-04:00,1.36558,1.36559,1.365575,1.36559,-1.0,-1.0,-1
2026-05-08 04:35:45-04:00,1.36559,1.36559,1.36558,1.36558,-1.0,-1.0,-1
2026-05-08 04:35:50-04:00,1.36558,1.36558,1.365565,1.365565,-1.0,-1.0,-1
2026-05-08 04:35:55-04:00,1.365565,1.365615,1.365565,1.365605,-1.0,-1.0,-1
2026-05-08 04:36:00-04:00,1.365605,1.365605,1.365595,1.3656,-1.0,-1.0,-1
2026-05-08 04:36:05-04:00,1.3656,1.365605,1.36559,1.365605,-1.0,-1.0,-1
2026-05-08 04:36:10-04:00,1.365605,1.365605,1.365595,1.365605,-1.0,-1.0,-1
2026-05-08 04:36:15-04:00,1.365605,1.365605,1.36559,1.36559,-1.0,-1.0,-1
2026-05-08 04:36:20-04:00,1.36559,1.3656,1.36559,1.3656,-1.0,-1.0,-1
2026-05-08 04:36:25-04:00,1.3656,1.3656,1.36559,1.36559,-1.0,-1.0,-1
2026-05-08 04:36:30-04:00,1.36559,1.36559,1.36557,1.36557,-1.0,-1.0,-1
2026-05-08 04:36:35-04:00,1.36557,1.36557,1.36557,1.36557,-1.0,-1.0,-1
2026-05-08 04:36:40-04:00,1.36557,1.36557,1.365565,1.365565,-1.0,-1.0,-1
2026-05-08 04:36:45-04:00,1.365565,1.36557,1.36555,1.365555,-1.0,-1.0,-1
2026-05-08 04:36:50-04:00,1.365555,1.365565,1.365555,1.365565,-1.0,-1.0,-1
2026-05-08 04:36:55-04:00,1.365565,1.365565,1.365555,1.365565,-1.0,-1.0,-1
2026-05-08 04:37:00-04:00,1.365565,1.365565,1.365515,1.365525,-1.0,-1.0,-1
2026-05-08 04:37:05-04:00,1.365525,1.36555,1.365515,1.365515,-1.0,-1.0,-1
2026-05-08 04:37:10-04:00,1.365515,1.365535,1.365515,1.365535,-1.0,-1.0,-1
2026-05-08 04:37:15-04:00,1.365535,1.365535,1.36552,1.36552,-1.0,-1.0,-1
2026-05-08 04:37:20-04:00,1.36552,1.36552,1.36552,1.36552,-1.0,-1.0,-1
2026-05-08 04:37:25-04:00,1.36552,1.36552,1.36551,1.36551,-1.0,-1.0,-1
2026-05-08 04:37:30-04:00,1.36551,1.36553,1.365495,1.365505,-1.0,-1.0,-1
2026-05-08 04:37:35-04:00,1.365505,1.36553,1.365495,1.365525,-1.0,-1.0,-1
2026-05-08 04:37:40-04:00,1.365525,1.365525,1.365515,1.365515,-1.0,-1.0,-1
2026-05-08 04:37:45-04:00,1.365515,1.36556,1.365515,1.36555,-1.0,-1.0,-1
2026-05-08 04:37:50-04:00,1.36555,1.36555,1.365475,1.365475,-1.0,-1.0,-1
2026-05-08 04:37:55-04:00,1.365475,1.36548,1.365475,1.36548,-1.0,-1.0,-1
2026-05-08 04:38:00-04:00,1.36548,1.36552,1.36548,1.36552,-1.0,-1.0,-1
2026-05-08 04:38:05-04:00,1.36552,1.36552,1.365465,1.36547,-1.0,-1.0,-1
2026-05-08 04:38:10-04:00,1.36547,1.36547,1.365465,1.36547,-1.0,-1.0,-1
2026-05-08 04:38:15-04:00,1.36547,1.365475,1.365465,1.36547,-1.0,-1.0,-1
2026-05-08 04:38:20-04:00,1.36547,1.36547,1.36547,1.36547,-1.0,-1.0,-1
2026-05-08 04:38:25-04:00,1.36547,1.365495,1.365465,1.36547,-1.0,-1.0,-1
2026-05-08 04:38:30-04:00,1.36547,1.365475,1.36547,1.36547,-1.0,-1.0,-1
2026-05-08 04:38:35-04:00,1.36547,1.36549,1.36547,1.36549,-1.0,-1.0,-1
2026-05-08 04:38:40-04:00,1.36549,1.36555,1.36549,1.36555,-1.0,-1.0,-1
2026-05-08 04:38:45-04:00,1.36555,1.36556,1.36555,1.365555,-1.0,-1.0,-1
2026-05-08 04:38:50-04:00,1.365555,1.36556,1.365545,1.365545,-1.0,-1.0,-1
2026-05-08 04:38:55-04:00,1.365545,1.365555,1.36552,1.36552,-1.0,-1.0,-1
2026-05-08 04:39:00-04:00,1.36552,1.365525,1.36552,1.36552,-1.0,-1.0,-1
2026-05-08 04:39:05-04:00,1.36552,1.365525,1.365485,1.365485,-1.0,-1.0,-1
2026-05-08 04:39:10-04:00,1.365485,1.365495,1.365485,1.365495,-1.0,-1.0,-1
2026-05-08 04:39:15-04:00,1.365495,1.365495,1.36547,1.36548,-1.0,-1.0,-1
2026-05-08 04:39:20-04:00,1.36548,1.36548,1.36547,1.36547,-1.0,-1.0,-1
2026-05-08 04:39:25-04:00,1.36547,1.365475,1.365465,1.365465,-1.0,-1.0,-1
2026-05-08 04:39:30-04:00,1.365465,1.36548,1.365465,1.365475,-1.0,-1.0,-1
2026-05-08 04:39:35-04:00,1.365475,1.365475,1.365455,1.365455,-1.0,-1.0,-1
2026-05-08 04:39:40-04:00,1.365455,1.36547,1.365455,1.365455,-1.0,-1.0,-1
2026-05-08 04:39:45-04:00,1.365455,1.36547,1.365455,1.36547,-1.0,-1.0,-1
2026-05-08 04:39:50-04:00,1.36547,1.36547,1.365465,1.365465,-1.0,-1.0,-1
2026-05-08 04:39:55-04:00,1.365465,1.365465,1.365465,1.365465,-1.0,-1.0,-1
2026-05-08 04:40:00-04:00,1.365465,1.365505,1.365465,1.365475,-1.0,-1.0,-1
2026-05-08 04:40:05-04:00,1.365475,1.365475,1.36547,1.36547,-1.0,-1.0,-1
2026-05-08 04:40:10-04:00,1.36547,1.365485,1.36547,1.365485,-1.0,-1.0,-1
2026-05-08 04:40:15-04:00,1.365485,1.365485,1.36548,1.36548,-1.0,-1.0,-1
2026-05-08 04:40:20-04:00,1.36548,1.36548,1.365475,1.365475,-1.0,-1.0,-1
2026-05-08 04:40:25-04:00,1.365475,1.365475,1.365465,1.365465,-1.0,-1.0,-1
2026-05-08 04:40:30-04:00,1.365465,1.365465,1.365465,1.365465,-1.0,-1.0,-1
2026-05-08 04:40:35-04:00,1.365465,1.365465,1.365455,1.36546,-1.0,-1.0,-1
2026-05-08 04:40:40-04:00,1.36546,1.365465,1.365455,1.36546,-1.0,-1.0,-1
2026-05-08 04:40:45-04:00,1.36546,1.36546,1.36541,1.36541,-1.0,-1.0,-1
2026-05-08 04:40:50-04:00,1.36541,1.36543,1.365405,1.365425,-1.0,-1.0,-1
2026-05-08 04:40:55-04:00,1.365425,1.365475,1.365425,1.365435,-1.0,-1.0,-1
2026-05-08 04:41:00-04:00,1.365435,1.365435,1.36539,1.36539,-1.0,-1.0,-1
2026-05-08 04:41:05-04:00,1.36539,1.36539,1.36538,1.365385,-1.0,-1.0,-1
2026-05-08 04:41:10-04:00,1.365385,1.365385,1.365385,1.365385,-1.0,-1.0,-1
2026-05-08 04:41:15-04:00,1.365385,1.365385,1.365375,1.36538,-1.0,-1.0,-1
2026-05-08 04:41:20-04:00,1.36538,1.365385,1.36538,1.36538,-1.0,-1.0,-1
2026-05-08 04:41:25-04:00,1.36538,1.3654,1.36538,1.365395,-1.0,-1.0,-1
2026-05-08 04:41:30-04:00,1.365395,1.365395,1.365385,1.365395,-1.0,-1.0,-1
2026-05-08 04:41:35-04:00,1.365395,1.3654,1.36538,1.365395,-1.0,-1.0,-1
2026-05-08 04:41:40-04:00,1.365395,1.365395,1.365395,1.365395,-1.0,-1.0,-1
2026-05-08 04:41:45-04:00,1.365395,1.365395,1.36539,1.36539,-1.0,-1.0,-1
2026-05-08 04:41:50-04:00,1.36539,1.36539,1.365385,1.365385,-1.0,-1.0,-1
2026-05-08 04:41:55-04:00,1.365385,1.365395,1.365385,1.365395,-1.0,-1.0,-1
2026-05-08 04:42:00-04:00,1.365395,1.365395,1.36539,1.365395,-1.0,-1.0,-1
2026-05-08 04:42:05-04:00,1.365395,1.36546,1.365395,1.365445,-1.0,-1.0,-1
2026-05-08 04:42:10-04:00,1.365445,1.365445,1.36544,1.36544,-1.0,-1.0,-1
2026-05-08 04:42:15-04:00,1.36544,1.36544,1.36543,1.365435,-1.0,-1.0,-1
2026-05-08 04:42:20-04:00,1.365435,1.36547,1.365435,1.36546,-1.0,-1.0,-1
2026-05-08 04:42:25-04:00,1.36546,1.365475,1.36546,1.365475,-1.0,-1.0,-1
2026-05-08 04:42:30-04:00,1.365475,1.365475,1.365475,1.365475,-1.0,-1.0,-1
2026-05-08 04:42:35-04:00,1.365475,1.365475,1.36546,1.365465,-1.0,-1.0,-1
2026-05-08 04:42:40-04:00,1.365465,1.365485,1.365465,1.36548,-1.0,-1.0,-1
2026-05-08 04:42:45-04:00,1.36548,1.365485,1.36548,1.36548,-1.0,-1.0,-1
2026-05-08 04:42:50-04:00,1.36548,1.365505,1.36548,1.365505,-1.0,-1.0,-1
2026-05-08 04:42:55-04:00,1.365505,1.365505,1.365485,1.365485,-1.0,-1.0,-1
2026-05-08 04:43:00-04:00,1.365485,1.365505,1.365485,1.365485,-1.0,-1.0,-1
2026-05-08 04:43:05-04:00,1.365485,1.365485,1.36548,1.36548,-1.0,-1.0,-1
2026-05-08 04:43:10-04:00,1.36548,1.36548,1.36547,1.36547,-1.0,-1.0,-1
2026-05-08 04:43:15-04:00,1.36547,1.36548,1.36547,1.365475,-1.0,-1.0,-1
2026-05-08 04:43:20-04:00,1.365475,1.365475,1.36539,1.365395,-1.0,-1.0,-1
2026-05-08 04:43:25-04:00,1.365395,1.365395,1.36533,1.36533,-1.0,-1.0,-1
2026-05-08 04:43:30-04:00,1.36533,1.36534,1.365315,1.36534,-1.0,-1.0,-1
2026-05-08 04:43:35-04:00,1.36534,1.365375,1.365335,1.365375,-1.0,-1.0,-1
2026-05-08 04:43:40-04:00,1.365375,1.36538,1.365365,1.36538,-1.0,-1.0,-1
2026-05-08 04:43:45-04:00,1.36538,1.365405,1.365365,1.365365,-1.0,-1.0,-1
2026-05-08 04:43:50-04:00,1.365365,1.365375,1.365355,1.36536,-1.0,-1.0,-1
2026-05-08 04:43:55-04:00,1.36536,1.365375,1.365355,1.36537,-1.0,-1.0,-1
2026-05-08 04:44:00-04:00,1.36537,1.365375,1.365365,1.36537,-1.0,-1.0,-1
2026-05-08 04:44:05-04:00,1.36537,1.365445,1.36536,1.365445,-1.0,-1.0,-1
2026-05-08 04:44:10-04:00,1.365445,1.365445,1.36541,1.36541,-1.0,-1.0,-1
2026-05-08 04:44:15-04:00,1.36541,1.365415,1.36541,1.365415,-1.0,-1.0,-1
2026-05-08 04:44:20-04:00,1.365415,1.365415,1.36541,1.36541,-1.0,-1.0,-1
2026-05-08 04:44:25-04:00,1.36541,1.365475,1.36541,1.365455,-1.0,-1.0,-1
2026-05-08 04:44:30-04:00,1.365455,1.365475,1.365445,1.36546,-1.0,-1.0,-1
2026-05-08 04:44:35-04:00,1.36546,1.36546,1.36544,1.365445,-1.0,-1.0,-1
2026-05-08 04:44:40-04:00,1.365445,1.365445,1.36544,1.365445,-1.0,-1.0,-1
2026-05-08 04:44:45-04:00,1.365445,1.36551,1.365445,1.365505,-1.0,-1.0,-1
2026-05-08 04:44:50-04:00,1.365505,1.36552,1.365505,1.36551,-1.0,-1.0,-1
2026-05-08 04:44:55-04:00,1.36551,1.36551,1.365505,1.36551,-1.0,-1.0,-1
2026-05-08 04:45:00-04:00,1.36551,1.36552,1.36551,1.36551,-1.0,-1.0,-1
2026-05-08 04:45:05-04:00,1.36551,1.36551,1.365465,1.365465,-1.0,-1.0,-1
2026-05-08 04:45:10-04:00,1.365465,1.36547,1.365465,1.36547,-1.0,-1.0,-1
2026-05-08 04:45:15-04:00,1.36547,1.365475,1.365465,1.365475,-1.0,-1.0,-1
2026-05-08 04:45:20-04:00,1.365475,1.365475,1.365465,1.36547,-1.0,-1.0,-1
2026-05-08 04:45:25-04:00,1.36547,1.36548,1.365395,1.365395,-1.0,-1.0,-1
2026-05-08 04:45:30-04:00,1.365395,1.3654,1.36538,1.36538,-1.0,-1.0,-1
2026-05-08 04:45:35-04:00,1.36538,1.36538,1.36537,1.36537,-1.0,-1.0,-1
2026-05-08 04:45:40-04:00,1.36537,1.36537,1.365305,1.365305,-1.0,-1.0,-1
2026-05-08 04:45:45-04:00,1.365305,1.365315,1.365305,1.36531,-1.0,-1.0,-1
2026-05-08 04:45:50-04:00,1.36531,1.365315,1.36531,1.36531,-1.0,-1.0,-1
2026-05-08 04:45:55-04:00,1.36531,1.365315,1.365275,1.365275,-1.0,-1.0,-1
2026-05-08 04:46:00-04:00,1.365275,1.365305,1.365275,1.3653,-1.0,-1.0,-1
2026-05-08 04:46:05-04:00,1.3653,1.3653,1.365295,1.365295,-1.0,-1.0,-1
2026-05-08 04:46:10-04:00,1.365295,1.365295,1.365295,1.365295,-1.0,-1.0,-1
2026-05-08 04:46:15-04:00,1.365295,1.3653,1.36529,1.36529,-1.0,-1.0,-1
2026-05-08 04:46:20-04:00,1.36529,1.3653,1.36529,1.365295,-1.0,-1.0,-1
2026-05-08 04:46:25-04:00,1.365295,1.365295,1.36529,1.36529,-1.0,-1.0,-1
2026-05-08 04:46:30-04:00,1.36529,1.36529,1.36527,1.365285,-1.0,-1.0,-1
2026-05-08 04:46:35-04:00,1.365285,1.365285,1.365275,1.365275,-1.0,-1.0,-1
2026-05-08 04:46:40-04:00,1.365275,1.365295,1.365275,1.36529,-1.0,-1.0,-1
2026-05-08 04:46:45-04:00,1.36529,1.3653,1.36529,1.36529,-1.0,-1.0,-1
2026-05-08 04:46:50-04:00,1.36529,1.36531,1.36529,1.365305,-1.0,-1.0,-1
2026-05-08 04:46:55-04:00,1.365305,1.365305,1.365295,1.365295,-1.0,-1.0,-1
2026-05-08 04:47:00-04:00,1.365295,1.3653,1.365295,1.3653,-1.0,-1.0,-1
2026-05-08 04:47:05-04:00,1.3653,1.3653,1.36529,1.36529,-1.0,-1.0,-1
2026-05-08 04:47:10-04:00,1.36529,1.36529,1.36522,1.36522,-1.0,-1.0,-1
2026-05-08 04:47:15-04:00,1.36522,1.36522,1.36513,1.36513,-1.0,-1.0,-1
2026-05-08 04:47:20-04:00,1.36513,1.365185,1.36513,1.365145,-1.0,-1.0,-1
2026-05-08 04:47:25-04:00,1.365145,1.365145,1.365145,1.365145,-1.0,-1.0,-1
2026-05-08 04:47:30-04:00,1.365145,1.36518,1.365145,1.36518,-1.0,-1.0,-1
2026-05-08 04:47:35-04:00,1.36518,1.365295,1.36518,1.36529,-1.0,-1.0,-1
2026-05-08 04:47:40-04:00,1.36529,1.36529,1.365225,1.365225,-1.0,-1.0,-1
2026-05-08 04:47:45-04:00,1.365225,1.365225,1.36516,1.36517,-1.0,-1.0,-1
2026-05-08 04:47:50-04:00,1.36517,1.365175,1.365165,1.365165,-1.0,-1.0,-1
2026-05-08 04:47:55-04:00,1.365165,1.365165,1.36514,1.365145,-1.0,-1.0,-1
2026-05-08 04:48:00-04:00,1.365145,1.36521,1.365145,1.365205,-1.0,-1.0,-1
2026-05-08 04:48:05-04:00,1.365205,1.365205,1.36514,1.36514,-1.0,-1.0,-1
2026-05-08 04:48:10-04:00,1.36514,1.365175,1.36514,1.36517,-1.0,-1.0,-1
2026-05-08 04:48:15-04:00,1.36517,1.365175,1.365165,1.365175,-1.0,-1.0,-1
2026-05-08 04:48:20-04:00,1.365175,1.365215,1.365175,1.36521,-1.0,-1.0,-1
2026-05-08 04:48:25-04:00,1.36521,1.365215,1.365195,1.36521,-1.0,-1.0,-1
2026-05-08 04:48:30-04:00,1.36521,1.36521,1.36521,1.36521,-1.0,-1.0,-1
2026-05-08 04:48:35-04:00,1.36521,1.36522,1.365205,1.36521,-1.0,-1.0,-1
2026-05-08 04:48:40-04:00,1.36521,1.365215,1.365205,1.365205,-1.0,-1.0,-1
2026-05-08 04:48:45-04:00,1.365205,1.365205,1.365115,1.36514,-1.0,-1.0,-1
2026-05-08 04:48:50-04:00,1.36514,1.365205,1.36514,1.365195,-1.0,-1.0,-1
2026-05-08 04:48:55-04:00,1.365195,1.3652,1.365195,1.3652,-1.0,-1.0,-1
2026-05-08 04:49:00-04:00,1.3652,1.36521,1.3652,1.3652,-1.0,-1.0,-1
2026-05-08 04:49:05-04:00,1.3652,1.365215,1.3652,1.36521,-1.0,-1.0,-1
2026-05-08 04:49:10-04:00,1.36521,1.36522,1.365205,1.365215,-1.0,-1.0,-1
2026-05-08 04:49:15-04:00,1.365215,1.36522,1.36521,1.365215,-1.0,-1.0,-1
2026-05-08 04:49:20-04:00,1.365215,1.365215,1.365205,1.36521,-1.0,-1.0,-1
2026-05-08 04:49:25-04:00,1.36521,1.36522,1.3652,1.365205,-1.0,-1.0,-1
2026-05-08 04:49:30-04:00,1.365205,1.365205,1.365195,1.365195,-1.0,-1.0,-1
2026-05-08 04:49:35-04:00,1.365195,1.3652,1.365195,1.3652,-1.0,-1.0,-1
2026-05-08 04:49:40-04:00,1.3652,1.36522,1.3652,1.36522,-1.0,-1.0,-1
2026-05-08 04:49:45-04:00,1.36522,1.365255,1.36522,1.365255,-1.0,-1.0,-1
2026-05-08 04:49:50-04:00,1.365255,1.36529,1.365255,1.36529,-1.0,-1.0,-1
2026-05-08 04:49:55-04:00,1.36529,1.36529,1.36525,1.36526,-1.0,-1.0,-1
2026-05-08 04:50:00-04:00,1.36526,1.36529,1.36526,1.365285,-1.0,-1.0,-1
2026-05-08 04:50:05-04:00,1.365285,1.36529,1.36528,1.365285,-1.0,-1.0,-1
2026-05-08 04:50:10-04:00,1.365285,1.365285,1.36525,1.36526,-1.0,-1.0,-1
2026-05-08 04:50:15-04:00,1.36526,1.36526,1.365255,1.365255,-1.0,-1.0,-1
2026-05-08 04:50:20-04:00,1.365255,1.365265,1.365255,1.36526,-1.0,-1.0,-1
2026-05-08 04:50:25-04:00,1.36526,1.365265,1.365245,1.365265,-1.0,-1.0,-1
2026-05-08 04:50:30-04:00,1.365265,1.365265,1.36525,1.36525,-1.0,-1.0,-1
2026-05-08 04:50:35-04:00,1.36525,1.365265,1.36525,1.36526,-1.0,-1.0,-1
2026-05-08 04:50:40-04:00,1.36526,1.365265,1.36526,1.365265,-1.0,-1.0,-1
2026-05-08 04:50:45-04:00,1.365265,1.3653,1.365265,1.3653,-1.0,-1.0,-1
2026-05-08 04:50:50-04:00,1.3653,1.3653,1.365285,1.36529,-1.0,-1.0,-1
2026-05-08 04:50:55-04:00,1.36529,1.365305,1.36529,1.365305,-1.0,-1.0,-1
2026-05-08 04:51:00-04:00,1.365305,1.365305,1.365295,1.365295,-1.0,-1.0,-1
2026-05-08 04:51:05-04:00,1.365295,1.365305,1.365295,1.3653,-1.0,-1.0,-1
2026-05-08 04:51:10-04:00,1.3653,1.365315,1.3653,1.365315,-1.0,-1.0,-1
2026-05-08 04:51:15-04:00,1.365315,1.365315,1.36531,1.36531,-1.0,-1.0,-1
2026-05-08 04:51:20-04:00,1.36531,1.36537,1.36531,1.365355,-1.0,-1.0,-1
2026-05-08 04:51:25-04:00,1.365355,1.365355,1.365345,1.365345,-1.0,-1.0,-1
2026-05-08 04:51:30-04:00,1.365345,1.36535,1.365305,1.36531,-1.0,-1.0,-1
2026-05-08 04:51:35-04:00,1.36531,1.36531,1.365305,1.36531,-1.0,-1.0,-1
2026-05-08 04:51:40-04:00,1.36531,1.36531,1.3653,1.365305,-1.0,-1.0,-1
2026-05-08 04:51:45-04:00,1.365305,1.365315,1.365305,1.36531,-1.0,-1.0,-1
2026-05-08 04:51:50-04:00,1.36531,1.365315,1.3653,1.365305,-1.0,-1.0,-1
2026-05-08 04:51:55-04:00,1.365305,1.36531,1.365305,1.36531,-1.0,-1.0,-1
2026-05-08 04:52:00-04:00,1.36531,1.365325,1.36531,1.365315,-1.0,-1.0,-1
2026-05-08 04:52:05-04:00,1.365315,1.365315,1.36531,1.365315,-1.0,-1.0,-1
2026-05-08 04:52:10-04:00,1.365315,1.365315,1.36531,1.365315,-1.0,-1.0,-1
2026-05-08 04:52:15-04:00,1.365315,1.365315,1.365315,1.365315,-1.0,-1.0,-1
2026-05-08 04:52:20-04:00,1.365315,1.36532,1.36531,1.365315,-1.0,-1.0,-1
2026-05-08 04:52:25-04:00,1.365315,1.365315,1.36531,1.36531,-1.0,-1.0,-1
2026-05-08 04:52:30-04:00,1.36531,1.365325,1.36531,1.36532,-1.0,-1.0,-1
2026-05-08 04:52:35-04:00,1.36532,1.365335,1.36532,1.36533,-1.0,-1.0,-1
2026-05-08 04:52:40-04:00,1.36533,1.365385,1.36533,1.365385,-1.0,-1.0,-1
2026-05-08 04:52:45-04:00,1.365385,1.365405,1.365385,1.365405,-1.0,-1.0,-1
2026-05-08 04:52:50-04:00,1.365405,1.365405,1.365405,1.365405,-1.0,-1.0,-1
2026-05-08 04:52:55-04:00,1.365405,1.36541,1.3654,1.365405,-1.0,-1.0,-1
2026-05-08 04:53:00-04:00,1.365405,1.36541,1.365405,1.365405,-1.0,-1.0,-1
2026-05-08 04:53:05-04:00,1.365405,1.365405,1.365405,1.365405,-1.0,-1.0,-1
2026-05-08 04:53:10-04:00,1.365405,1.36541,1.365405,1.36541,-1.0,-1.0,-1
2026-05-08 04:53:15-04:00,1.36541,1.36541,1.365405,1.365405,-1.0,-1.0,-1
2026-05-08 04:53:20-04:00,1.365405,1.36541,1.365405,1.36541,-1.0,-1.0,-1
2026-05-08 04:53:25-04:00,1.36541,1.36541,1.365405,1.36541,-1.0,-1.0,-1
2026-05-08 04:53:30-04:00,1.36541,1.36541,1.365405,1.36541,-1.0,-1.0,-1
2026-05-08 04:53:35-04:00,1.36541,1.36542,1.365405,1.36541,-1.0,-1.0,-1
2026-05-08 04:53:40-04:00,1.36541,1.365425,1.36541,1.365425,-1.0,-1.0,-1
2026-05-08 04:53:45-04:00,1.365425,1.3655,1.365425,1.3655,-1.0,-1.0,-1
2026-05-08 04:53:50-04:00,1.3655,1.3655,1.36549,1.36549,-1.0,-1.0,-1
2026-05-08 04:53:55-04:00,1.36549,1.3655,1.36549,1.365495,-1.0,-1.0,-1
2026-05-08 04:54:00-04:00,1.365495,1.3655,1.365495,1.3655,-1.0,-1.0,-1
2026-05-08 04:54:05-04:00,1.3655,1.365515,1.3655,1.365515,-1.0,-1.0,-1
2026-05-08 04:54:10-04:00,1.365515,1.365515,1.365515,1.365515,-1.0,-1.0,-1
2026-05-08 04:54:15-04:00,1.365515,1.365515,1.365515,1.365515,-1.0,-1.0,-1
2026-05-08 04:54:20-04:00,1.365515,1.365525,1.365515,1.365525,-1.0,-1.0,-1
2026-05-08 04:54:25-04:00,1.365525,1.365525,1.36552,1.36552,-1.0,-1.0,-1
2026-05-08 04:54:30-04:00,1.36552,1.365565,1.36552,1.365565,-1.0,-1.0,-1
2026-05-08 04:54:35-04:00,1.365565,1.365575,1.365525,1.365525,-1.0,-1.0,-1
2026-05-08 04:54:40-04:00,1.365525,1.36554,1.3655,1.3655,-1.0,-1.0,-1
2026-05-08 04:54:45-04:00,1.3655,1.3655,1.365495,1.365495,-1.0,-1.0,-1
2026-05-08 04:54:50-04:00,1.365495,1.365495,1.36549,1.36549,-1.0,-1.0,-1
2026-05-08 04:54:55-04:00,1.36549,1.3655,1.36549,1.3655,-1.0,-1.0,-1
2026-05-08 04:55:00-04:00,1.3655,1.36551,1.3655,1.36551,-1.0,-1.0,-1
2026-05-08 04:55:05-04:00,1.36551,1.36551,1.36549,1.36549,-1.0,-1.0,-1
2026-05-08 04:55:10-04:00,1.36549,1.36549,1.365485,1.365485,-1.0,-1.0,-1
2026-05-08 04:55:15-04:00,1.365485,1.365485,1.36548,1.365485,-1.0,-1.0,-1
2026-05-08 04:55:20-04:00,1.365485,1.365485,1.36547,1.36548,-1.0,-1.0,-1
2026-05-08 04:55:25-04:00,1.36548,1.36549,1.36548,1.36549,-1.0,-1.0,-1
2026-05-08 04:55:30-04:00,1.36549,1.36549,1.365485,1.36549,-1.0,-1.0,-1
2026-05-08 04:55:35-04:00,1.36549,1.365495,1.36544,1.36544,-1.0,-1.0,-1
2026-05-08 04:55:40-04:00,1.36544,1.36544,1.365405,1.365405,-1.0,-1.0,-1
2026-05-08 04:55:45-04:00,1.365405,1.36541,1.3654,1.36541,-1.0,-1.0,-1
2026-05-08 04:55:50-04:00,1.36541,1.36541,1.365405,1.365405,-1.0,-1.0,-1
2026-05-08 04:55:55-04:00,1.365405,1.365405,1.3654,1.3654,-1.0,-1.0,-1
2026-05-08 04:56:00-04:00,1.3654,1.36541,1.365395,1.36541,-1.0,-1.0,-1
2026-05-08 04:56:05-04:00,1.36541,1.36541,1.365405,1.36541,-1.0,-1.0,-1
2026-05-08 04:56:10-04:00,1.36541,1.36542,1.36541,1.36542,-1.0,-1.0,-1
2026-05-08 04:56:15-04:00,1.36542,1.36542,1.36541,1.365415,-1.0,-1.0,-1
2026-05-08 04:56:20-04:00,1.365415,1.36542,1.365405,1.365405,-1.0,-1.0,-1
2026-05-08 04:56:25-04:00,1.365405,1.36545,1.365405,1.36545,-1.0,-1.0,-1
2026-05-08 04:56:30-04:00,1.36545,1.365465,1.36545,1.365455,-1.0,-1.0,-1
2026-05-08 04:56:35-04:00,1.365455,1.365455,1.365435,1.365445,-1.0,-1.0,-1
2026-05-08 04:56:40-04:00,1.365445,1.365455,1.365435,1.365455,-1.0,-1.0,-1
2026-05-08 04:56:45-04:00,1.365455,1.365455,1.36545,1.36545,-1.0,-1.0,-1
2026-05-08 04:56:50-04:00,1.36545,1.365465,1.36545,1.365465,-1.0,-1.0,-1
2026-05-08 04:56:55-04:00,1.365465,1.365465,1.365425,1.36543,-1.0,-1.0,-1
2026-05-08 04:57:00-04:00,1.36543,1.36543,1.36541,1.36541,-1.0,-1.0,-1
2026-05-08 04:57:05-04:00,1.36541,1.36541,1.365405,1.36541,-1.0,-1.0,-1
2026-05-08 04:57:10-04:00,1.36541,1.365425,1.365405,1.36542,-1.0,-1.0,-1
2026-05-08 04:57:15-04:00,1.36542,1.36543,1.36542,1.365425,-1.0,-1.0,-1
2026-05-08 04:57:20-04:00,1.365425,1.36543,1.365425,1.365425,-1.0,-1.0,-1
2026-05-08 04:57:25-04:00,1.365425,1.36544,1.365425,1.36544,-1.0,-1.0,-1
2026-05-08 04:57:30-04:00,1.36544,1.365455,1.365405,1.365405,-1.0,-1.0,-1
2026-05-08 04:57:35-04:00,1.365405,1.36544,1.365405,1.36541,-1.0,-1.0,-1
2026-05-08 04:57:40-04:00,1.36541,1.36542,1.36541,1.36541,-1.0,-1.0,-1
2026-05-08 04:57:45-04:00,1.36541,1.36541,1.365405,1.365405,-1.0,-1.0,-1
2026-05-08 04:57:50-04:00,1.365405,1.365415,1.36538,1.365385,-1.0,-1.0,-1
2026-05-08 04:57:55-04:00,1.365385,1.365385,1.365325,1.365325,-1.0,-1.0,-1
2026-05-08 04:58:00-04:00,1.365325,1.365335,1.36532,1.365325,-1.0,-1.0,-1
2026-05-08 04:58:05-04:00,1.365325,1.36538,1.365315,1.36537,-1.0,-1.0,-1
2026-05-08 04:58:10-04:00,1.36537,1.36537,1.365355,1.365355,-1.0,-1.0,-1
2026-05-08 04:58:15-04:00,1.365355,1.365355,1.365315,1.365325,-1.0,-1.0,-1
2026-05-08 04:58:20-04:00,1.365325,1.365325,1.365305,1.36531,-1.0,-1.0,-1
2026-05-08 04:58:25-04:00,1.36531,1.36531,1.365295,1.3653,-1.0,-1.0,-1
2026-05-08 04:58:30-04:00,1.3653,1.3653,1.36526,1.3653,-1.0,-1.0,-1
2026-05-08 04:58:35-04:00,1.3653,1.365305,1.365295,1.365295,-1.0,-1.0,-1
2026-05-08 04:58:40-04:00,1.365295,1.3653,1.36529,1.365295,-1.0,-1.0,-1
2026-05-08 04:58:45-04:00,1.365295,1.365295,1.36529,1.365295,-1.0,-1.0,-1
2026-05-08 04:58:50-04:00,1.365295,1.36532,1.365295,1.36531,-1.0,-1.0,-1
2026-05-08 04:58:55-04:00,1.36531,1.36531,1.365295,1.3653,-1.0,-1.0,-1
2026-05-08 04:59:00-04:00,1.3653,1.3653,1.36522,1.36522,-1.0,-1.0,-1
2026-05-08 04:59:05-04:00,1.36522,1.36522,1.365215,1.365215,-1.0,-1.0,-1
2026-05-08 04:59:10-04:00,1.365215,1.36524,1.365205,1.365225,-1.0,-1.0,-1
2026-05-08 04:59:15-04:00,1.365225,1.36523,1.365225,1.365225,-1.0,-1.0,-1
2026-05-08 04:59:20-04:00,1.365225,1.36523,1.365225,1.365225,-1.0,-1.0,-1
2026-05-08 04:59:25-04:00,1.365225,1.36523,1.365225,1.36523,-1.0,-1.0,-1
2026-05-08 04:59:30-04:00,1.36523,1.36524,1.365225,1.365225,-1.0,-1.0,-1
2026-05-08 04:59:35-04:00,1.365225,1.36523,1.365225,1.365225,-1.0,-1.0,-1
2026-05-08 04:59:40-04:00,1.365225,1.365225,1.36517,1.36517,-1.0,-1.0,-1
2026-05-08 04:59:45-04:00,1.36517,1.36517,1.365145,1.36515,-1.0,-1.0,-1
2026-05-08 04:59:50-04:00,1.36515,1.36515,1.365135,1.365135,-1.0,-1.0,-1
2026-05-08 04:59:55-04:00,1.365135,1.365145,1.365135,1.365135,-1.0,-1.0,-1
2026-05-08 05:00:00-04:00,1.365135,1.365145,1.36511,1.36512,-1.0,-1.0,-1
2026-05-08 05:00:05-04:00,1.36512,1.365135,1.365115,1.365135,-1.0,-1.0,-1
2026-05-08 05:00:10-04:00,1.365135,1.36514,1.36513,1.36514,-1.0,-1.0,-1
2026-05-08 05:00:15-04:00,1.36514,1.36514,1.36511,1.36511,-1.0,-1.0,-1
2026-05-08 05:00:20-04:00,1.36511,1.365125,1.36511,1.36512,-1.0,-1.0,-1
2026-05-08 05:00:25-04:00,1.36512,1.36512,1.36512,1.36512,-1.0,-1.0,-1
2026-05-08 05:00:30-04:00,1.36512,1.365135,1.36511,1.365135,-1.0,-1.0,-1
2026-05-08 05:00:35-04:00,1.365135,1.36514,1.365055,1.365065,-1.0,-1.0,-1
2026-05-08 05:00:40-04:00,1.365065,1.365075,1.36504,1.36507,-1.0,-1.0,-1
2026-05-08 05:00:45-04:00,1.36507,1.36507,1.365045,1.36507,-1.0,-1.0,-1
2026-05-08 05:00:50-04:00,1.36507,1.36507,1.365045,1.365045,-1.0,-1.0,-1
2026-05-08 05:00:55-04:00,1.365045,1.36505,1.365045,1.36505,-1.0,-1.0,-1
2026-05-08 05:01:00-04:00,1.36505,1.36509,1.36505,1.365075,-1.0,-1.0,-1
2026-05-08 05:01:05-04:00,1.365075,1.365075,1.36504,1.36504,-1.0,-1.0,-1
2026-05-08 05:01:10-04:00,1.36504,1.36505,1.36504,1.36505,-1.0,-1.0,-1
2026-05-08 05:01:15-04:00,1.36505,1.36505,1.36504,1.365045,-1.0,-1.0,-1
2026-05-08 05:01:20-04:00,1.365045,1.365045,1.365035,1.365035,-1.0,-1.0,-1
2026-05-08 05:01:25-04:00,1.365035,1.36508,1.365035,1.365055,-1.0,-1.0,-1
2026-05-08 05:01:30-04:00,1.365055,1.36507,1.365055,1.365065,-1.0,-1.0,-1
2026-05-08 05:01:35-04:00,1.365065,1.36507,1.36506,1.36506,-1.0,-1.0,-1
2026-05-08 05:01:40-04:00,1.36506,1.36506,1.364945,1.36495,-1.0,-1.0,-1
2026-05-08 05:01:45-04:00,1.36495,1.36495,1.364915,1.36492,-1.0,-1.0,-1
2026-05-08 05:01:50-04:00,1.36492,1.364925,1.36486,1.364875,-1.0,-1.0,-1
2026-05-08 05:01:55-04:00,1.364875,1.364895,1.364845,1.364845,-1.0,-1.0,-1
2026-05-08 05:02:00-04:00,1.364845,1.36485,1.36483,1.364835,-1.0,-1.0,-1
2026-05-08 05:02:05-04:00,1.364835,1.36486,1.36483,1.364855,-1.0,-1.0,-1
2026-05-08 05:02:10-04:00,1.364855,1.3649,1.364855,1.364885,-1.0,-1.0,-1
2026-05-08 05:02:15-04:00,1.364885,1.364895,1.36483,1.36484,-1.0,-1.0,-1
2026-05-08 05:02:20-04:00,1.36484,1.36489,1.36484,1.36488,-1.0,-1.0,-1
2026-05-08 05:02:25-04:00,1.36488,1.36489,1.364875,1.364875,-1.0,-1.0,-1
2026-05-08 05:02:30-04:00,1.364875,1.36488,1.36483,1.36484,-1.0,-1.0,-1
2026-05-08 05:02:35-04:00,1.36484,1.36484,1.36483,1.364835,-1.0,-1.0,-1
2026-05-08 05:02:40-04:00,1.364835,1.36484,1.36483,1.36484,-1.0,-1.0,-1
2026-05-08 05:02:45-04:00,1.36484,1.36484,1.36472,1.364745,-1.0,-1.0,-1
2026-05-08 05:02:50-04:00,1.364745,1.36476,1.36474,1.36475,-1.0,-1.0,-1
2026-05-08 05:02:55-04:00,1.36475,1.364755,1.36474,1.364755,-1.0,-1.0,-1
2026-05-08 05:03:00-04:00,1.364755,1.364765,1.364755,1.364765,-1.0,-1.0,-1
2026-05-08 05:03:05-04:00,1.364765,1.364765,1.36475,1.364765,-1.0,-1.0,-1
2026-05-08 05:03:10-04:00,1.364765,1.364795,1.364765,1.36478,-1.0,-1.0,-1
2026-05-08 05:03:15-04:00,1.36478,1.36478,1.364775,1.364775,-1.0,-1.0,-1
2026-05-08 05:03:20-04:00,1.364775,1.364775,1.36477,1.36477,-1.0,-1.0,-1
2026-05-08 05:03:25-04:00,1.36477,1.364775,1.36476,1.36477,-1.0,-1.0,-1
2026-05-08 05:03:30-04:00,1.36477,1.364785,1.36477,1.364785,-1.0,-1.0,-1
2026-05-08 05:03:35-04:00,1.364785,1.364785,1.36478,1.364785,-1.0,-1.0,-1
2026-05-08 05:03:40-04:00,1.364785,1.364835,1.364785,1.364835,-1.0,-1.0,-1
2026-05-08 05:03:45-04:00,1.364835,1.364835,1.36477,1.36478,-1.0,-1.0,-1
2026-05-08 05:03:50-04:00,1.36478,1.36478,1.36477,1.364775,-1.0,-1.0,-1
2026-05-08 05:03:55-04:00,1.364775,1.364835,1.364775,1.364835,-1.0,-1.0,-1
2026-05-08 05:04:00-04:00,1.364835,1.36484,1.36483,1.364835,-1.0,-1.0,-1
2026-05-08 05:04:05-04:00,1.364835,1.36484,1.36483,1.36484,-1.0,-1.0,-1
2026-05-08 05:04:10-04:00,1.36484,1.36484,1.364765,1.364765,-1.0,-1.0,-1
2026-05-08 05:04:15-04:00,1.364765,1.364765,1.36475,1.36475,-1.0,-1.0,-1
2026-05-08 05:04:20-04:00,1.36475,1.36475,1.36473,1.364745,-1.0,-1.0,-1
2026-05-08 05:04:25-04:00,1.364745,1.364745,1.364715,1.364745,-1.0,-1.0,-1
2026-05-08 05:04:30-04:00,1.364745,1.364745,1.364735,1.364745,-1.0,-1.0,-1
2026-05-08 05:04:35-04:00,1.364745,1.36475,1.36474,1.36475,-1.0,-1.0,-1
2026-05-08 05:04:40-04:00,1.36475,1.36475,1.36474,1.364745,-1.0,-1.0,-1
2026-05-08 05:04:45-04:00,1.364745,1.364745,1.36473,1.364745,-1.0,-1.0,-1
2026-05-08 05:04:50-04:00,1.364745,1.364745,1.36471,1.364715,-1.0,-1.0,-1
2026-05-08 05:04:55-04:00,1.364715,1.364745,1.364715,1.36473,-1.0,-1.0,-1
2026-05-08 05:05:00-04:00,1.36473,1.36478,1.36473,1.364775,-1.0,-1.0,-1
2026-05-08 05:05:05-04:00,1.364775,1.36478,1.36477,1.36477,-1.0,-1.0,-1
2026-05-08 05:05:10-04:00,1.36477,1.36481,1.36477,1.36478,-1.0,-1.0,-1
2026-05-08 05:05:15-04:00,1.36478,1.364825,1.36478,1.364825,-1.0,-1.0,-1
2026-05-08 05:05:20-04:00,1.364825,1.364825,1.364795,1.36482,-1.0,-1.0,-1
2026-05-08 05:05:25-04:00,1.36482,1.364825,1.36481,1.36482,-1.0,-1.0,-1
2026-05-08 05:05:30-04:00,1.36482,1.364825,1.364795,1.364825,-1.0,-1.0,-1
2026-05-08 05:05:35-04:00,1.364825,1.364825,1.364795,1.364795,-1.0,-1.0,-1
2026-05-08 05:05:40-04:00,1.364795,1.364795,1.364785,1.364785,-1.0,-1.0,-1
2026-05-08 05:05:45-04:00,1.364785,1.364805,1.36478,1.364805,-1.0,-1.0,-1
2026-05-08 05:05:50-04:00,1.364805,1.364805,1.364775,1.364775,-1.0,-1.0,-1
2026-05-08 05:05:55-04:00,1.364775,1.364785,1.364775,1.36478,-1.0,-1.0,-1
2026-05-08 05:06:00-04:00,1.36478,1.364785,1.364775,1.364785,-1.0,-1.0,-1
2026-05-08 05:06:05-04:00,1.364785,1.36479,1.364755,1.364755,-1.0,-1.0,-1
2026-05-08 05:06:10-04:00,1.364755,1.364755,1.36474,1.364745,-1.0,-1.0,-1
2026-05-08 05:06:15-04:00,1.364745,1.36475,1.36474,1.364745,-1.0,-1.0,-1
2026-05-08 05:06:20-04:00,1.364745,1.364745,1.364715,1.364725,-1.0,-1.0,-1
2026-05-08 05:06:25-04:00,1.364725,1.364735,1.364715,1.36473,-1.0,-1.0,-1
2026-05-08 05:06:30-04:00,1.36473,1.364735,1.36472,1.36473,-1.0,-1.0,-1
2026-05-08 05:06:35-04:00,1.36473,1.36473,1.364645,1.364645,-1.0,-1.0,-1
2026-05-08 05:06:40-04:00,1.364645,1.364645,1.36464,1.36464,-1.0,-1.0,-1
2026-05-08 05:06:45-04:00,1.36464,1.364645,1.36464,1.364645,-1.0,-1.0,-1
2026-05-08 05:06:50-04:00,1.364645,1.364655,1.36464,1.36464,-1.0,-1.0,-1
2026-05-08 05:06:55-04:00,1.36464,1.364645,1.364635,1.364635,-1.0,-1.0,-1
2026-05-08 05:07:00-04:00,1.364635,1.36464,1.36462,1.36464,-1.0,-1.0,-1
2026-05-08 05:07:05-04:00,1.36464,1.36464,1.36463,1.364635,-1.0,-1.0,-1
2026-05-08 05:07:10-04:00,1.364635,1.364635,1.364635,1.364635,-1.0,-1.0,-1
2026-05-08 05:07:15-04:00,1.364635,1.364645,1.364635,1.364645,-1.0,-1.0,-1
2026-05-08 05:07:20-04:00,1.364645,1.364695,1.364645,1.364685,-1.0,-1.0,-1
2026-05-08 05:07:25-04:00,1.364685,1.364685,1.364685,1.364685,-1.0,-1.0,-1
2026-05-08 05:07:30-04:00,1.364685,1.364685,1.364665,1.364665,-1.0,-1.0,-1
2026-05-08 05:07:35-04:00,1.364665,1.364675,1.364665,1.36467,-1.0,-1.0,-1
2026-05-08 05:07:40-04:00,1.36467,1.364685,1.36467,1.36468,-1.0,-1.0,-1
2026-05-08 05:07:45-04:00,1.36468,1.36469,1.36468,1.364685,-1.0,-1.0,-1
2026-05-08 05:07:50-04:00,1.364685,1.364705,1.364675,1.364675,-1.0,-1.0,-1
2026-05-08 05:07:55-04:00,1.364675,1.36468,1.364675,1.364675,-1.0,-1.0,-1
2026-05-08 05:08:00-04:00,1.364675,1.364675,1.36467,1.36467,-1.0,-1.0,-1
2026-05-08 05:08:05-04:00,1.36467,1.36467,1.36466,1.36466,-1.0,-1.0,-1
2026-05-08 05:08:10-04:00,1.36466,1.36472,1.36465,1.36471,-1.0,-1.0,-1
2026-05-08 05:08:15-04:00,1.36471,1.36472,1.36471,1.364715,-1.0,-1.0,-1
2026-05-08 05:08:20-04:00,1.364715,1.36473,1.36471,1.364725,-1.0,-1.0,-1
2026-05-08 05:08:25-04:00,1.364725,1.364735,1.364725,1.36473,-1.0,-1.0,-1
2026-05-08 05:08:30-04:00,1.36473,1.36473,1.3647,1.3647,-1.0,-1.0,-1
2026-05-08 05:08:35-04:00,1.3647,1.364705,1.36468,1.364695,-1.0,-1.0,-1
2026-05-08 05:08:40-04:00,1.364695,1.36472,1.36469,1.36469,-1.0,-1.0,-1
2026-05-08 05:08:45-04:00,1.36469,1.36472,1.36469,1.364705,-1.0,-1.0,-1
2026-05-08 05:08:50-04:00,1.364705,1.36473,1.364705,1.364725,-1.0,-1.0,-1
2026-05-08 05:08:55-04:00,1.364725,1.364735,1.364725,1.36473,-1.0,-1.0,-1
2026-05-08 05:09:00-04:00,1.36473,1.36473,1.36471,1.36471,-1.0,-1.0,-1
2026-05-08 05:09:05-04:00,1.36471,1.364725,1.36471,1.36471,-1.0,-1.0,-1
2026-05-08 05:09:10-04:00,1.36471,1.364725,1.36471,1.364725,-1.0,-1.0,-1
2026-05-08 05:09:15-04:00,1.364725,1.36475,1.364725,1.364745,-1.0,-1.0,-1
2026-05-08 05:09:20-04:00,1.364745,1.364795,1.36474,1.364795,-1.0,-1.0,-1
2026-05-08 05:09:25-04:00,1.364795,1.364795,1.36479,1.36479,-1.0,-1.0,-1
2026-05-08 05:09:30-04:00,1.36479,1.36481,1.364785,1.364785,-1.0,-1.0,-1
2026-05-08 05:09:35-04:00,1.364785,1.36479,1.36478,1.36479,-1.0,-1.0,-1
2026-05-08 05:09:40-04:00,1.36479,1.36479,1.36478,1.364785,-1.0,-1.0,-1
2026-05-08 05:09:45-04:00,1.364785,1.364785,1.36478,1.364785,-1.0,-1.0,-1
2026-05-08 05:09:50-04:00,1.364785,1.364785,1.364775,1.36478,-1.0,-1.0,-1
2026-05-08 05:09:55-04:00,1.36478,1.36478,1.36478,1.36478,-1.0,-1.0,-1
2026-05-08 05:10:00-04:00,1.36478,1.364785,1.36478,1.364785,-1.0,-1.0,-1
2026-05-08 05:10:05-04:00,1.364785,1.36479,1.364785,1.364785,-1.0,-1.0,-1
2026-05-08 05:10:10-04:00,1.364785,1.364785,1.36478,1.364785,-1.0,-1.0,-1
2026-05-08 05:10:15-04:00,1.364785,1.364785,1.36478,1.36478,-1.0,-1.0,-1
2026-05-08 05:10:20-04:00,1.36478,1.36478,1.364775,1.36478,-1.0,-1.0,-1
2026-05-08 05:10:25-04:00,1.36478,1.36478,1.364755,1.364755,-1.0,-1.0,-1
2026-05-08 05:10:30-04:00,1.364755,1.36476,1.364755,1.36476,-1.0,-1.0,-1
2026-05-08 05:10:35-04:00,1.36476,1.364765,1.36475,1.36475,-1.0,-1.0,-1
2026-05-08 05:10:40-04:00,1.36475,1.36475,1.36474,1.364745,-1.0,-1.0,-1
2026-05-08 05:10:45-04:00,1.364745,1.364745,1.36474,1.364745,-1.0,-1.0,-1
2026-05-08 05:10:50-04:00,1.364745,1.36475,1.36474,1.36475,-1.0,-1.0,-1
2026-05-08 05:10:55-04:00,1.36475,1.36475,1.36474,1.36475,-1.0,-1.0,-1
2026-05-08 05:11:00-04:00,1.36475,1.36475,1.36474,1.364745,-1.0,-1.0,-1
2026-05-08 05:11:05-04:00,1.364745,1.364755,1.36474,1.364755,-1.0,-1.0,-1
2026-05-08 05:11:10-04:00,1.364755,1.364755,1.36475,1.36475,-1.0,-1.0,-1
2026-05-08 05:11:15-04:00,1.36475,1.36475,1.36475,1.36475,-1.0,-1.0,-1
2026-05-08 05:11:20-04:00,1.36475,1.36475,1.36475,1.36475,-1.0,-1.0,-1
2026-05-08 05:11:25-04:00,1.36475,1.36475,1.36475,1.36475,-1.0,-1.0,-1
2026-05-08 05:11:30-04:00,1.36475,1.364755,1.36475,1.36475,-1.0,-1.0,-1
2026-05-08 05:11:35-04:00,1.36475,1.36475,1.36474,1.36475,-1.0,-1.0,-1
2026-05-08 05:11:40-04:00,1.36475,1.36476,1.36474,1.364745,-1.0,-1.0,-1
2026-05-08 05:11:45-04:00,1.364745,1.36475,1.36474,1.36475,-1.0,-1.0,-1
2026-05-08 05:11:50-04:00,1.36475,1.36475,1.36475,1.36475,-1.0,-1.0,-1
2026-05-08 05:11:55-04:00,1.36475,1.36475,1.36475,1.36475,-1.0,-1.0,-1
2026-05-08 05:12:00-04:00,1.36475,1.36475,1.36475,1.36475,-1.0,-1.0,-1
2026-05-08 05:12:05-04:00,1.36475,1.364755,1.36475,1.364755,-1.0,-1.0,-1
2026-05-08 05:12:10-04:00,1.364755,1.36476,1.36475,1.36475,-1.0,-1.0,-1
2026-05-08 05:12:15-04:00,1.36475,1.364755,1.36475,1.36475,-1.0,-1.0,-1
2026-05-08 05:12:20-04:00,1.36475,1.364755,1.36475,1.364755,-1.0,-1.0,-1
2026-05-08 05:12:25-04:00,1.364755,1.364755,1.36475,1.364755,-1.0,-1.0,-1
2026-05-08 05:12:30-04:00,1.364755,1.36476,1.364745,1.364755,-1.0,-1.0,-1
2026-05-08 05:12:35-04:00,1.364755,1.36476,1.364755,1.36476,-1.0,-1.0,-1
2026-05-08 05:12:40-04:00,1.36476,1.364795,1.364755,1.364795,-1.0,-1.0,-1
2026-05-08 05:12:45-04:00,1.364795,1.364795,1.364775,1.36478,-1.0,-1.0,-1
2026-05-08 05:12:50-04:00,1.36478,1.364785,1.364775,1.36478,-1.0,-1.0,-1
2026-05-08 05:12:55-04:00,1.36478,1.36479,1.364775,1.36479,-1.0,-1.0,-1
2026-05-08 05:13:00-04:00,1.36479,1.364795,1.36479,1.36479,-1.0,-1.0,-1
2026-05-08 05:13:05-04:00,1.36479,1.36479,1.364785,1.364785,-1.0,-1.0,-1
2026-05-08 05:13:10-04:00,1.364785,1.364785,1.364785,1.364785,-1.0,-1.0,-1
2026-05-08 05:13:15-04:00,1.364785,1.364785,1.364785,1.364785,-1.0,-1.0,-1
2026-05-08 05:13:20-04:00,1.364785,1.364815,1.364785,1.364785,-1.0,-1.0,-1
2026-05-08 05:13:25-04:00,1.364785,1.364795,1.364785,1.364785,-1.0,-1.0,-1
2026-05-08 05:13:30-04:00,1.364785,1.364785,1.364785,1.364785,-1.0,-1.0,-1
2026-05-08 05:13:35-04:00,1.364785,1.364785,1.364775,1.364775,-1.0,-1.0,-1
2026-05-08 05:13:40-04:00,1.364775,1.364785,1.364775,1.364785,-1.0,-1.0,-1
2026-05-08 05:13:45-04:00,1.364785,1.3648,1.36477,1.364775,-1.0,-1.0,-1
2026-05-08 05:13:50-04:00,1.364775,1.364775,1.36477,1.364775,-1.0,-1.0,-1
2026-05-08 05:13:55-04:00,1.364775,1.364775,1.364755,1.364755,-1.0,-1.0,-1
2026-05-08 05:14:00-04:00,1.364755,1.364775,1.364755,1.364775,-1.0,-1.0,-1
2026-05-08 05:14:05-04:00,1.364775,1.364775,1.36475,1.36475,-1.0,-1.0,-1
2026-05-08 05:14:10-04:00,1.36475,1.364755,1.36475,1.364755,-1.0,-1.0,-1
2026-05-08 05:14:15-04:00,1.364755,1.36477,1.364755,1.364755,-1.0,-1.0,-1
2026-05-08 05:14:20-04:00,1.364755,1.364755,1.36474,1.364745,-1.0,-1.0,-1
2026-05-08 05:14:25-04:00,1.364745,1.364755,1.36474,1.364745,-1.0,-1.0,-1
2026-05-08 05:14:30-04:00,1.364745,1.364745,1.36474,1.364745,-1.0,-1.0,-1
2026-05-08 05:14:35-04:00,1.364745,1.364745,1.36474,1.364745,-1.0,-1.0,-1
2026-05-08 05:14:40-04:00,1.364745,1.364745,1.36474,1.364745,-1.0,-1.0,-1
2026-05-08 05:14:45-04:00,1.364745,1.364745,1.36474,1.364745,-1.0,-1.0,-1
2026-05-08 05:14:50-04:00,1.364745,1.364745,1.36474,1.364745,-1.0,-1.0,-1
2026-05-08 05:14:55-04:00,1.364745,1.364745,1.36474,1.364745,-1.0,-1.0,-1
2026-05-08 05:15:00-04:00,1.364745,1.36476,1.36474,1.36475,-1.0,-1.0,-1
2026-05-08 05:15:05-04:00,1.36475,1.36475,1.364735,1.364735,-1.0,-1.0,-1
2026-05-08 05:15:10-04:00,1.364735,1.36478,1.364735,1.36478,-1.0,-1.0,-1
2026-05-08 05:15:15-04:00,1.36478,1.364785,1.364775,1.364775,-1.0,-1.0,-1
2026-05-08 05:15:20-04:00,1.364775,1.364775,1.364775,1.364775,-1.0,-1.0,-1
2026-05-08 05:15:25-04:00,1.364775,1.364775,1.364775,1.364775,-1.0,-1.0,-1
2026-05-08 05:15:30-04:00,1.364775,1.364775,1.36475,1.36475,-1.0,-1.0,-1
2026-05-08 05:15:35-04:00,1.36475,1.36475,1.36473,1.36473,-1.0,-1.0,-1
2026-05-08 05:15:40-04:00,1.36473,1.36473,1.36473,1.36473,-1.0,-1.0,-1
2026-05-08 05:15:45-04:00,1.36473,1.36473,1.36467,1.364675,-1.0,-1.0,-1
2026-05-08 05:15:50-04:00,1.364675,1.36468,1.36464,1.36464,-1.0,-1.0,-1
2026-05-08 05:15:55-04:00,1.36464,1.36464,1.36463,1.36464,-1.0,-1.0,-1
2026-05-08 05:16:00-04:00,1.36464,1.36464,1.36458,1.364585,-1.0,-1.0,-1
2026-05-08 05:16:05-04:00,1.364585,1.364595,1.364585,1.36459,-1.0,-1.0,-1
2026-05-08 05:16:10-04:00,1.36459,1.36459,1.36459,1.36459,-1.0,-1.0,-1
2026-05-08 05:16:15-04:00,1.36459,1.364605,1.36459,1.3646,-1.0,-1.0,-1
2026-05-08 05:16:20-04:00,1.3646,1.364605,1.36459,1.36459,-1.0,-1.0,-1
2026-05-08 05:16:25-04:00,1.36459,1.36459,1.36457,1.364575,-1.0,-1.0,-1
2026-05-08 05:16:30-04:00,1.364575,1.364575,1.36457,1.364575,-1.0,-1.0,-1
2026-05-08 05:16:35-04:00,1.364575,1.36459,1.364575,1.36459,-1.0,-1.0,-1
2026-05-08 05:16:40-04:00,1.36459,1.364615,1.36459,1.364615,-1.0,-1.0,-1
2026-05-08 05:16:45-04:00,1.364615,1.364615,1.364605,1.364615,-1.0,-1.0,-1
2026-05-08 05:16:50-04:00,1.364615,1.364635,1.36461,1.364635,-1.0,-1.0,-1
2026-05-08 05:16:55-04:00,1.364635,1.364635,1.364635,1.364635,-1.0,-1.0,-1
2026-05-08 05:17:00-04:00,1.364635,1.36469,1.364635,1.36469,-1.0,-1.0,-1
2026-05-08 05:17:05-04:00,1.36469,1.36472,1.36469,1.36471,-1.0,-1.0,-1
2026-05-08 05:17:10-04:00,1.36471,1.364755,1.36471,1.364745,-1.0,-1.0,-1
2026-05-08 05:17:15-04:00,1.364745,1.36475,1.36473,1.364735,-1.0,-1.0,-1
2026-05-08 05:17:20-04:00,1.364735,1.364735,1.36473,1.364735,-1.0,-1.0,-1
2026-05-08 05:17:25-04:00,1.364735,1.364735,1.364735,1.364735,-1.0,-1.0,-1
2026-05-08 05:17:30-04:00,1.364735,1.364735,1.364725,1.36473,-1.0,-1.0,-1
2026-05-08 05:17:35-04:00,1.36473,1.36473,1.36473,1.36473,-1.0,-1.0,-1
2026-05-08 05:17:40-04:00,1.36473,1.36473,1.364725,1.364725,-1.0,-1.0,-1
2026-05-08 05:17:45-04:00,1.364725,1.36473,1.364725,1.36473,-1.0,-1.0,-1
2026-05-08 05:17:50-04:00,1.36473,1.36473,1.36473,1.36473,-1.0,-1.0,-1
2026-05-08 05:17:55-04:00,1.36473,1.364735,1.36473,1.36473,-1.0,-1.0,-1
2026-05-08 05:18:00-04:00,1.36473,1.36473,1.36472,1.364725,-1.0,-1.0,-1
2026-05-08 05:18:05-04:00,1.364725,1.36473,1.36472,1.364725,-1.0,-1.0,-1
2026-05-08 05:18:10-04:00,1.364725,1.364725,1.364705,1.364725,-1.0,-1.0,-1
2026-05-08 05:18:15-04:00,1.364725,1.36474,1.364725,1.36474,-1.0,-1.0,-1
2026-05-08 05:18:20-04:00,1.36474,1.364755,1.36474,1.364755,-1.0,-1.0,-1
2026-05-08 05:18:25-04:00,1.364755,1.364765,1.364755,1.364755,-1.0,-1.0,-1
2026-05-08 05:18:30-04:00,1.364755,1.364765,1.364755,1.364755,-1.0,-1.0,-1
2026-05-08 05:18:35-04:00,1.364755,1.364755,1.364755,1.364755,-1.0,-1.0,-1
2026-05-08 05:18:40-04:00,1.364755,1.364755,1.364755,1.364755,-1.0,-1.0,-1
2026-05-08 05:18:45-04:00,1.364755,1.364755,1.364755,1.364755,-1.0,-1.0,-1
2026-05-08 05:18:50-04:00,1.364755,1.364785,1.364755,1.364785,-1.0,-1.0,-1
2026-05-08 05:18:55-04:00,1.364785,1.36479,1.364785,1.364785,-1.0,-1.0,-1
2026-05-08 05:19:00-04:00,1.364785,1.364795,1.364775,1.364775,-1.0,-1.0,-1
2026-05-08 05:19:05-04:00,1.364775,1.364775,1.36476,1.364765,-1.0,-1.0,-1
2026-05-08 05:19:10-04:00,1.364765,1.364765,1.364725,1.36473,-1.0,-1.0,-1
2026-05-08 05:19:15-04:00,1.36473,1.364735,1.36473,1.36473,-1.0,-1.0,-1
2026-05-08 05:19:20-04:00,1.36473,1.36473,1.364725,1.36473,-1.0,-1.0,-1
2026-05-08 05:19:25-04:00,1.36473,1.364735,1.36473,1.36473,-1.0,-1.0,-1
2026-05-08 05:19:30-04:00,1.36473,1.36474,1.36473,1.364735,-1.0,-1.0,-1
2026-05-08 05:19:35-04:00,1.364735,1.364735,1.36473,1.364735,-1.0,-1.0,-1
2026-05-08 05:19:40-04:00,1.364735,1.364735,1.364735,1.364735,-1.0,-1.0,-1
2026-05-08 05:19:45-04:00,1.364735,1.364785,1.364735,1.364785,-1.0,-1.0,-1
2026-05-08 05:19:50-04:00,1.364785,1.36479,1.364735,1.364735,-1.0,-1.0,-1
2026-05-08 05:19:55-04:00,1.364735,1.364735,1.364735,1.364735,-1.0,-1.0,-1
2026-05-08 05:20:00-04:00,1.364735,1.36474,1.364735,1.364735,-1.0,-1.0,-1
2026-05-08 05:20:05-04:00,1.364735,1.36475,1.36473,1.36473,-1.0,-1.0,-1
2026-05-08 05:20:10-04:00,1.36473,1.364735,1.36473,1.364735,-1.0,-1.0,-1
2026-05-08 05:20:15-04:00,1.364735,1.36476,1.364735,1.36476,-1.0,-1.0,-1
2026-05-08 05:20:20-04:00,1.36476,1.364795,1.36476,1.364775,-1.0,-1.0,-1
2026-05-08 05:20:25-04:00,1.364775,1.36478,1.364775,1.364775,-1.0,-1.0,-1
2026-05-08 05:20:30-04:00,1.364775,1.364785,1.364775,1.364785,-1.0,-1.0,-1
2026-05-08 05:20:35-04:00,1.364785,1.364785,1.36478,1.36478,-1.0,-1.0,-1
2026-05-08 05:20:40-04:00,1.36478,1.36478,1.36478,1.36478,-1.0,-1.0,-1
2026-05-08 05:20:45-04:00,1.36478,1.364785,1.36474,1.364745,-1.0,-1.0,-1
2026-05-08 05:20:50-04:00,1.364745,1.364745,1.364725,1.36473,-1.0,-1.0,-1
2026-05-08 05:20:55-04:00,1.36473,1.364735,1.36473,1.364735,-1.0,-1.0,-1
2026-05-08 05:21:00-04:00,1.364735,1.364735,1.36473,1.36473,-1.0,-1.0,-1
2026-05-08 05:21:05-04:00,1.36473,1.36473,1.364685,1.364685,-1.0,-1.0,-1
2026-05-08 05:21:10-04:00,1.364685,1.364685,1.36468,1.364685,-1.0,-1.0,-1
2026-05-08 05:21:15-04:00,1.364685,1.36473,1.36468,1.36473,-1.0,-1.0,-1
2026-05-08 05:21:20-04:00,1.36473,1.36473,1.36473,1.36473,-1.0,-1.0,-1
2026-05-08 05:21:25-04:00,1.36473,1.364745,1.36473,1.364745,-1.0,-1.0,-1
2026-05-08 05:21:30-04:00,1.364745,1.364745,1.364725,1.364725,-1.0,-1.0,-1
2026-05-08 05:21:35-04:00,1.364725,1.364725,1.364725,1.364725,-1.0,-1.0,-1
2026-05-08 05:21:40-04:00,1.364725,1.36473,1.364725,1.36473,-1.0,-1.0,-1
2026-05-08 05:21:45-04:00,1.36473,1.364735,1.36473,1.364735,-1.0,-1.0,-1
2026-05-08 05:21:50-04:00,1.364735,1.364735,1.36471,1.36471,-1.0,-1.0,-1
2026-05-08 05:21:55-04:00,1.36471,1.36473,1.36471,1.36471,-1.0,-1.0,-1
2026-05-08 05:22:00-04:00,1.36471,1.364745,1.36471,1.364745,-1.0,-1.0,-1
2026-05-08 05:22:05-04:00,1.364745,1.364745,1.36473,1.36473,-1.0,-1.0,-1
2026-05-08 05:22:10-04:00,1.36473,1.364745,1.36473,1.364745,-1.0,-1.0,-1
2026-05-08 05:22:15-04:00,1.364745,1.36475,1.36474,1.36475,-1.0,-1.0,-1
2026-05-08 05:22:20-04:00,1.36475,1.36475,1.36475,1.36475,-1.0,-1.0,-1
2026-05-08 05:22:25-04:00,1.36475,1.36475,1.36475,1.36475,-1.0,-1.0,-1
2026-05-08 05:22:30-04:00,1.36475,1.36475,1.36474,1.36475,-1.0,-1.0,-1
2026-05-08 05:22:35-04:00,1.36475,1.36475,1.364735,1.364735,-1.0,-1.0,-1
2026-05-08 05:22:40-04:00,1.364735,1.36475,1.364735,1.36475,-1.0,-1.0,-1
2026-05-08 05:22:45-04:00,1.36475,1.36475,1.36474,1.36475,-1.0,-1.0,-1
2026-05-08 05:22:50-04:00,1.36475,1.364755,1.364735,1.36475,-1.0,-1.0,-1
2026-05-08 05:22:55-04:00,1.36475,1.364755,1.36475,1.36475,-1.0,-1.0,-1
2026-05-08 05:23:00-04:00,1.36475,1.36475,1.364675,1.36468,-1.0,-1.0,-1
2026-05-08 05:23:05-04:00,1.36468,1.364685,1.364675,1.364685,-1.0,-1.0,-1
2026-05-08 05:23:10-04:00,1.364685,1.364685,1.364675,1.364675,-1.0,-1.0,-1
2026-05-08 05:23:15-04:00,1.364675,1.36468,1.364675,1.36468,-1.0,-1.0,-1
2026-05-08 05:23:20-04:00,1.36468,1.36468,1.364675,1.364675,-1.0,-1.0,-1
2026-05-08 05:23:25-04:00,1.364675,1.364675,1.364675,1.364675,-1.0,-1.0,-1
2026-05-08 05:23:30-04:00,1.364675,1.3647,1.364675,1.364695,-1.0,-1.0,-1
2026-05-08 05:23:35-04:00,1.364695,1.364695,1.364695,1.364695,-1.0,-1.0,-1
2026-05-08 05:23:40-04:00,1.364695,1.364705,1.364695,1.3647,-1.0,-1.0,-1
2026-05-08 05:23:45-04:00,1.3647,1.3647,1.36469,1.364695,-1.0,-1.0,-1
2026-05-08 05:23:50-04:00,1.364695,1.3647,1.364685,1.364695,-1.0,-1.0,-1
2026-05-08 05:23:55-04:00,1.364695,1.364695,1.364685,1.364685,-1.0,-1.0,-1
2026-05-08 05:24:00-04:00,1.364685,1.36473,1.364665,1.364665,-1.0,-1.0,-1
2026-05-08 05:24:05-04:00,1.364665,1.364675,1.364665,1.364675,-1.0,-1.0,-1
2026-05-08 05:24:10-04:00,1.364675,1.364695,1.36467,1.36469,-1.0,-1.0,-1
2026-05-08 05:24:15-04:00,1.36469,1.3647,1.36469,1.3647,-1.0,-1.0,-1
2026-05-08 05:24:20-04:00,1.3647,1.36471,1.3647,1.36471,-1.0,-1.0,-1
2026-05-08 05:24:25-04:00,1.36471,1.36473,1.364705,1.364715,-1.0,-1.0,-1
2026-05-08 05:24:30-04:00,1.364715,1.364715,1.3647,1.364705,-1.0,-1.0,-1
2026-05-08 05:24:35-04:00,1.364705,1.36471,1.3647,1.36471,-1.0,-1.0,-1
2026-05-08 05:24:40-04:00,1.36471,1.36471,1.3647,1.36471,-1.0,-1.0,-1
2026-05-08 05:24:45-04:00,1.36471,1.36471,1.36468,1.364705,-1.0,-1.0,-1
2026-05-08 05:24:50-04:00,1.364705,1.364705,1.36468,1.364705,-1.0,-1.0,-1
2026-05-08 05:24:55-04:00,1.364705,1.364705,1.36467,1.36467,-1.0,-1.0,-1
2026-05-08 05:25:00-04:00,1.36467,1.364705,1.36467,1.364675,-1.0,-1.0,-1
2026-05-08 05:25:05-04:00,1.364675,1.364675,1.36467,1.36467,-1.0,-1.0,-1
2026-05-08 05:25:10-04:00,1.36467,1.364675,1.36467,1.364675,-1.0,-1.0,-1
2026-05-08 05:25:15-04:00,1.364675,1.36471,1.364675,1.364705,-1.0,-1.0,-1
2026-05-08 05:25:20-04:00,1.364705,1.364705,1.36466,1.36466,-1.0,-1.0,-1
2026-05-08 05:25:25-04:00,1.36466,1.36466,1.36466,1.36466,-1.0,-1.0,-1
2026-05-08 05:25:30-04:00,1.36466,1.364705,1.36466,1.364705,-1.0,-1.0,-1
2026-05-08 05:25:35-04:00,1.364705,1.364705,1.36468,1.36468,-1.0,-1.0,-1
2026-05-08 05:25:40-04:00,1.36468,1.36468,1.364675,1.364675,-1.0,-1.0,-1
2026-05-08 05:25:45-04:00,1.364675,1.364675,1.364675,1.364675,-1.0,-1.0,-1
2026-05-08 05:25:50-04:00,1.364675,1.364675,1.36467,1.36467,-1.0,-1.0,-1
2026-05-08 05:25:55-04:00,1.36467,1.364675,1.36466,1.364665,-1.0,-1.0,-1
2026-05-08 05:26:00-04:00,1.364665,1.364735,1.364665,1.36473,-1.0,-1.0,-1
2026-05-08 05:26:05-04:00,1.36473,1.36473,1.364725,1.36473,-1.0,-1.0,-1
2026-05-08 05:26:10-04:00,1.36473,1.36474,1.36473,1.364735,-1.0,-1.0,-1
2026-05-08 05:26:15-04:00,1.364735,1.36477,1.364735,1.364765,-1.0,-1.0,-1
2026-05-08 05:26:20-04:00,1.364765,1.364775,1.364765,1.36477,-1.0,-1.0,-1
2026-05-08 05:26:25-04:00,1.36477,1.36478,1.36477,1.36478,-1.0,-1.0,-1
2026-05-08 05:26:30-04:00,1.36478,1.36478,1.364735,1.364735,-1.0,-1.0,-1
2026-05-08 05:26:35-04:00,1.364735,1.36474,1.364735,1.364735,-1.0,-1.0,-1
2026-05-08 05:26:40-04:00,1.364735,1.36476,1.364735,1.36475,-1.0,-1.0,-1
2026-05-08 05:26:45-04:00,1.36475,1.36475,1.36475,1.36475,-1.0,-1.0,-1
2026-05-08 05:26:50-04:00,1.36475,1.364765,1.36469,1.36471,-1.0,-1.0,-1
2026-05-08 05:26:55-04:00,1.36471,1.364725,1.36471,1.36472,-1.0,-1.0,-1
2026-05-08 05:27:00-04:00,1.36472,1.36472,1.36471,1.36471,-1.0,-1.0,-1
2026-05-08 05:27:05-04:00,1.36471,1.36471,1.364635,1.364635,-1.0,-1.0,-1
2026-05-08 05:27:10-04:00,1.364635,1.364635,1.364635,1.364635,-1.0,-1.0,-1
2026-05-08 05:27:15-04:00,1.364635,1.364645,1.364635,1.364645,-1.0,-1.0,-1
2026-05-08 05:27:20-04:00,1.364645,1.364645,1.364635,1.364635,-1.0,-1.0,-1
2026-05-08 05:27:25-04:00,1.364635,1.364645,1.364635,1.364635,-1.0,-1.0,-1
2026-05-08 05:27:30-04:00,1.364635,1.36464,1.364625,1.36464,-1.0,-1.0,-1
2026-05-08 05:27:35-04:00,1.36464,1.364645,1.36463,1.36463,-1.0,-1.0,-1
2026-05-08 05:27:40-04:00,1.36463,1.364635,1.36463,1.364635,-1.0,-1.0,-1
2026-05-08 05:27:45-04:00,1.364635,1.364635,1.36462,1.36463,-1.0,-1.0,-1
2026-05-08 05:27:50-04:00,1.36463,1.36464,1.36462,1.36464,-1.0,-1.0,-1
2026-05-08 05:27:55-04:00,1.36464,1.36464,1.364625,1.364635,-1.0,-1.0,-1
2026-05-08 05:28:00-04:00,1.364635,1.36464,1.364625,1.364635,-1.0,-1.0,-1
2026-05-08 05:28:05-04:00,1.364635,1.364645,1.364635,1.364645,-1.0,-1.0,-1
2026-05-08 05:28:10-04:00,1.364645,1.364655,1.364645,1.364655,-1.0,-1.0,-1
2026-05-08 05:28:15-04:00,1.364655,1.36466,1.36465,1.36465,-1.0,-1.0,-1
2026-05-08 05:28:20-04:00,1.36465,1.364655,1.364645,1.364645,-1.0,-1.0,-1
2026-05-08 05:28:25-04:00,1.364645,1.36466,1.364645,1.36466,-1.0,-1.0,-1
2026-05-08 05:28:30-04:00,1.36466,1.364685,1.36466,1.36468,-1.0,-1.0,-1
2026-05-08 05:28:35-04:00,1.36468,1.364725,1.36468,1.36472,-1.0,-1.0,-1
2026-05-08 05:28:40-04:00,1.36472,1.36473,1.364705,1.36471,-1.0,-1.0,-1
2026-05-08 05:28:45-04:00,1.36471,1.36473,1.36471,1.364725,-1.0,-1.0,-1
2026-05-08 05:28:50-04:00,1.364725,1.36473,1.364675,1.36468,-1.0,-1.0,-1
2026-05-08 05:28:55-04:00,1.36468,1.36469,1.36468,1.36469,-1.0,-1.0,-1
2026-05-08 05:29:00-04:00,1.36469,1.36476,1.36469,1.364755,-1.0,-1.0,-1
2026-05-08 05:29:05-04:00,1.364755,1.36476,1.364755,1.364755,-1.0,-1.0,-1
2026-05-08 05:29:10-04:00,1.364755,1.36476,1.36473,1.364755,-1.0,-1.0,-1
2026-05-08 05:29:15-04:00,1.364755,1.36476,1.36473,1.364755,-1.0,-1.0,-1
2026-05-08 05:29:20-04:00,1.364755,1.36476,1.364755,1.364755,-1.0,-1.0,-1
2026-05-08 05:29:25-04:00,1.364755,1.364765,1.364755,1.364755,-1.0,-1.0,-1
2026-05-08 05:29:30-04:00,1.364755,1.36476,1.36473,1.36473,-1.0,-1.0,-1
2026-05-08 05:29:35-04:00,1.36473,1.36476,1.36473,1.36473,-1.0,-1.0,-1
2026-05-08 05:29:40-04:00,1.36473,1.36473,1.36473,1.36473,-1.0,-1.0,-1
2026-05-08 05:29:45-04:00,1.36473,1.364785,1.36473,1.364775,-1.0,-1.0,-1
2026-05-08 05:29:50-04:00,1.364775,1.36478,1.36477,1.364775,-1.0,-1.0,-1
2026-05-08 05:29:55-04:00,1.364775,1.36482,1.364775,1.364795,-1.0,-1.0,-1
2026-05-08 05:30:00-04:00,1.364795,1.364825,1.364775,1.364775,-1.0,-1.0,-1
2026-05-08 05:30:05-04:00,1.364775,1.36478,1.364765,1.364765,-1.0,-1.0,-1
2026-05-08 05:30:10-04:00,1.364765,1.36483,1.364755,1.36483,-1.0,-1.0,-1
2026-05-08 05:30:15-04:00,1.36483,1.36483,1.36482,1.36482,-1.0,-1.0,-1
2026-05-08 05:30:20-04:00,1.36482,1.36488,1.36482,1.36488,-1.0,-1.0,-1
2026-05-08 05:30:25-04:00,1.36488,1.36488,1.36488,1.36488,-1.0,-1.0,-1
2026-05-08 05:30:30-04:00,1.36488,1.36489,1.36488,1.364885,-1.0,-1.0,-1
2026-05-08 05:30:35-04:00,1.364885,1.36491,1.364885,1.36489,-1.0,-1.0,-1
2026-05-08 05:30:40-04:00,1.36489,1.3649,1.36481,1.36482,-1.0,-1.0,-1
2026-05-08 05:30:45-04:00,1.36482,1.364835,1.36482,1.36483,-1.0,-1.0,-1
2026-05-08 05:30:50-04:00,1.36483,1.364845,1.364825,1.36483,-1.0,-1.0,-1
2026-05-08 05:30:55-04:00,1.36483,1.36483,1.36474,1.364765,-1.0,-1.0,-1
2026-05-08 05:31:00-04:00,1.364765,1.364765,1.364755,1.364755,-1.0,-1.0,-1
2026-05-08 05:31:05-04:00,1.364755,1.364765,1.36474,1.364765,-1.0,-1.0,-1
2026-05-08 05:31:10-04:00,1.364765,1.364765,1.364755,1.364755,-1.0,-1.0,-1
2026-05-08 05:31:15-04:00,1.364755,1.364785,1.364755,1.36478,-1.0,-1.0,-1
2026-05-08 05:31:20-04:00,1.36478,1.364835,1.36478,1.36482,-1.0,-1.0,-1
2026-05-08 05:31:25-04:00,1.36482,1.36483,1.36482,1.36482,-1.0,-1.0,-1
2026-05-08 05:31:30-04:00,1.36482,1.36486,1.36481,1.36486,-1.0,-1.0,-1
2026-05-08 05:31:35-04:00,1.36486,1.36486,1.36486,1.36486,-1.0,-1.0,-1
2026-05-08 05:31:40-04:00,1.36486,1.36486,1.36483,1.36486,-1.0,-1.0,-1
2026-05-08 05:31:45-04:00,1.36486,1.36486,1.36486,1.36486,-1.0,-1.0,-1
2026-05-08 05:31:50-04:00,1.36486,1.364865,1.36486,1.36486,-1.0,-1.0,-1
2026-05-08 05:31:55-04:00,1.36486,1.36486,1.36486,1.36486,-1.0,-1.0,-1
2026-05-08 05:32:00-04:00,1.36486,1.36486,1.364825,1.36486,-1.0,-1.0,-1
2026-05-08 05:32:05-04:00,1.36486,1.36486,1.36483,1.36486,-1.0,-1.0,-1
2026-05-08 05:32:10-04:00,1.36486,1.364865,1.36486,1.36486,-1.0,-1.0,-1
2026-05-08 05:32:15-04:00,1.36486,1.364865,1.36486,1.36486,-1.0,-1.0,-1
2026-05-08 05:32:20-04:00,1.36486,1.36486,1.364825,1.36483,-1.0,-1.0,-1
2026-05-08 05:32:25-04:00,1.36483,1.36483,1.36483,1.36483,-1.0,-1.0,-1
2026-05-08 05:32:30-04:00,1.36483,1.36483,1.364825,1.364825,-1.0,-1.0,-1
2026-05-08 05:32:35-04:00,1.364825,1.364825,1.364775,1.364785,-1.0,-1.0,-1
2026-05-08 05:32:40-04:00,1.364785,1.36486,1.364785,1.36486,-1.0,-1.0,-1
2026-05-08 05:32:45-04:00,1.36486,1.36486,1.36482,1.36482,-1.0,-1.0,-1
2026-05-08 05:32:50-04:00,1.36482,1.36486,1.36482,1.36486,-1.0,-1.0,-1
2026-05-08 05:32:55-04:00,1.36486,1.364865,1.36483,1.36486,-1.0,-1.0,-1
2026-05-08 05:33:00-04:00,1.36486,1.36486,1.36486,1.36486,-1.0,-1.0,-1
2026-05-08 05:33:05-04:00,1.36486,1.36486,1.36486,1.36486,-1.0,-1.0,-1
2026-05-08 05:33:10-04:00,1.36486,1.36486,1.36486,1.36486,-1.0,-1.0,-1
2026-05-08 05:33:15-04:00,1.36486,1.36486,1.36486,1.36486,-1.0,-1.0,-1
2026-05-08 05:33:20-04:00,1.36486,1.36486,1.36486,1.36486,-1.0,-1.0,-1
2026-05-08 05:33:25-04:00,1.36486,1.36486,1.36486,1.36486,-1.0,-1.0,-1
2026-05-08 05:33:30-04:00,1.36486,1.36486,1.36482,1.364825,-1.0,-1.0,-1
2026-05-08 05:33:35-04:00,1.364825,1.36486,1.364825,1.36486,-1.0,-1.0,-1
2026-05-08 05:33:40-04:00,1.36486,1.36486,1.36486,1.36486,-1.0,-1.0,-1
2026-05-08 05:33:45-04:00,1.36486,1.36486,1.36486,1.36486,-1.0,-1.0,-1
2026-05-08 05:33:50-04:00,1.36486,1.36486,1.36486,1.36486,-1.0,-1.0,-1
2026-05-08 05:33:55-04:00,1.36486,1.364865,1.36486,1.364865,-1.0,-1.0,-1
2026-05-08 05:34:00-04:00,1.364865,1.364865,1.36486,1.36486,-1.0,-1.0,-1
2026-05-08 05:34:05-04:00,1.36486,1.36486,1.36482,1.36482,-1.0,-1.0,-1
2026-05-08 05:34:10-04:00,1.36482,1.364825,1.364805,1.364805,-1.0,-1.0,-1
2026-05-08 05:34:15-04:00,1.364805,1.364805,1.364785,1.36479,-1.0,-1.0,-1
2026-05-08 05:34:20-04:00,1.36479,1.36479,1.36479,1.36479,-1.0,-1.0,-1
2026-05-08 05:34:25-04:00,1.36479,1.36482,1.36479,1.364815,-1.0,-1.0,-1
2026-05-08 05:34:30-04:00,1.364815,1.364825,1.364795,1.36481,-1.0,-1.0,-1
2026-05-08 05:34:35-04:00,1.36481,1.36481,1.364805,1.364805,-1.0,-1.0,-1
2026-05-08 05:34:40-04:00,1.364805,1.364805,1.364805,1.364805,-1.0,-1.0,-1
2026-05-08 05:34:45-04:00,1.364805,1.36483,1.364805,1.364825,-1.0,-1.0,-1
2026-05-08 05:34:50-04:00,1.364825,1.36483,1.36476,1.36476,-1.0,-1.0,-1
2026-05-08 05:34:55-04:00,1.36476,1.36476,1.364755,1.364755,-1.0,-1.0,-1
2026-05-08 05:35:00-04:00,1.364755,1.364755,1.364745,1.364745,-1.0,-1.0,-1
2026-05-08 05:35:05-04:00,1.364745,1.364745,1.364745,1.364745,-1.0,-1.0,-1
2026-05-08 05:35:10-04:00,1.364745,1.364745,1.364745,1.364745,-1.0,-1.0,-1
2026-05-08 05:35:15-04:00,1.364745,1.364745,1.364735,1.364735,-1.0,-1.0,-1
2026-05-08 05:35:20-04:00,1.364735,1.36474,1.364735,1.36474,-1.0,-1.0,-1
2026-05-08 05:35:25-04:00,1.36474,1.36476,1.36473,1.364755,-1.0,-1.0,-1
2026-05-08 05:35:30-04:00,1.364755,1.364765,1.364755,1.364765,-1.0,-1.0,-1
2026-05-08 05:35:35-04:00,1.364765,1.364765,1.364765,1.364765,-1.0,-1.0,-1
2026-05-08 05:35:40-04:00,1.364765,1.364765,1.364765,1.364765,-1.0,-1.0,-1
2026-05-08 05:35:45-04:00,1.364765,1.364765,1.364765,1.364765,-1.0,-1.0,-1
2026-05-08 05:35:50-04:00,1.364765,1.364765,1.364765,1.364765,-1.0,-1.0,-1
2026-05-08 05:35:55-04:00,1.364765,1.364765,1.364765,1.364765,-1.0,-1.0,-1
2026-05-08 05:36:00-04:00,1.364765,1.364765,1.364765,1.364765,-1.0,-1.0,-1
2026-05-08 05:36:05-04:00,1.364765,1.364765,1.364765,1.364765,-1.0,-1.0,-1
2026-05-08 05:36:10-04:00,1.364765,1.36477,1.364765,1.36477,-1.0,-1.0,-1
2026-05-08 05:36:15-04:00,1.36477,1.36477,1.364765,1.36477,-1.0,-1.0,-1
2026-05-08 05:36:20-04:00,1.36477,1.364775,1.36477,1.36477,-1.0,-1.0,-1
2026-05-08 05:36:25-04:00,1.36477,1.364805,1.364765,1.364805,-1.0,-1.0,-1
2026-05-08 05:36:30-04:00,1.364805,1.364805,1.36475,1.364755,-1.0,-1.0,-1
2026-05-08 05:36:35-04:00,1.364755,1.364755,1.36475,1.36475,-1.0,-1.0,-1
2026-05-08 05:36:40-04:00,1.36475,1.364755,1.36475,1.364755,-1.0,-1.0,-1
2026-05-08 05:36:45-04:00,1.364755,1.364765,1.364755,1.364755,-1.0,-1.0,-1
2026-05-08 05:36:50-04:00,1.364755,1.364765,1.364755,1.364765,-1.0,-1.0,-1
2026-05-08 05:36:55-04:00,1.364765,1.364765,1.364755,1.364765,-1.0,-1.0,-1
2026-05-08 05:37:00-04:00,1.364765,1.364765,1.364765,1.364765,-1.0,-1.0,-1
2026-05-08 05:37:05-04:00,1.364765,1.364765,1.364765,1.364765,-1.0,-1.0,-1
2026-05-08 05:37:10-04:00,1.364765,1.364765,1.364765,1.364765,-1.0,-1.0,-1
2026-05-08 05:37:15-04:00,1.364765,1.364765,1.364765,1.364765,-1.0,-1.0,-1
2026-05-08 05:37:20-04:00,1.364765,1.364765,1.364765,1.364765,-1.0,-1.0,-1
2026-05-08 05:37:25-04:00,1.364765,1.364765,1.364765,1.364765,-1.0,-1.0,-1
2026-05-08 05:37:30-04:00,1.364765,1.364765,1.364765,1.364765,-1.0,-1.0,-1
2026-05-08 05:37:35-04:00,1.364765,1.364765,1.364765,1.364765,-1.0,-1.0,-1
2026-05-08 05:37:40-04:00,1.364765,1.364765,1.364765,1.364765,-1.0,-1.0,-1
2026-05-08 05:37:45-04:00,1.364765,1.364765,1.364765,1.364765,-1.0,-1.0,-1
2026-05-08 05:37:50-04:00,1.364765,1.364765,1.364765,1.364765,-1.0,-1.0,-1
2026-05-08 05:37:55-04:00,1.364765,1.364765,1.364755,1.364765,-1.0,-1.0,-1
2026-05-08 05:38:00-04:00,1.364765,1.364765,1.364765,1.364765,-1.0,-1.0,-1
2026-05-08 05:38:05-04:00,1.364765,1.364795,1.364765,1.364795,-1.0,-1.0,-1
2026-05-08 05:38:10-04:00,1.364795,1.364805,1.364795,1.364805,-1.0,-1.0,-1
2026-05-08 05:38:15-04:00,1.364805,1.364805,1.364805,1.364805,-1.0,-1.0,-1
2026-05-08 05:38:20-04:00,1.364805,1.364805,1.364805,1.364805,-1.0,-1.0,-1
2026-05-08 05:38:25-04:00,1.364805,1.36481,1.36479,1.36481,-1.0,-1.0,-1
2026-05-08 05:38:30-04:00,1.36481,1.36481,1.36481,1.36481,-1.0,-1.0,-1
2026-05-08 05:38:35-04:00,1.36481,1.36485,1.36481,1.36485,-1.0,-1.0,-1
2026-05-08 05:38:40-04:00,1.36485,1.36486,1.36485,1.36486,-1.0,-1.0,-1
2026-05-08 05:38:45-04:00,1.36486,1.36486,1.36486,1.36486,-1.0,-1.0,-1
2026-05-08 05:38:50-04:00,1.36486,1.36486,1.364825,1.36483,-1.0,-1.0,-1
2026-05-08 05:38:55-04:00,1.36483,1.364835,1.36483,1.364835,-1.0,-1.0,-1
2026-05-08 05:39:00-04:00,1.364835,1.364835,1.364825,1.364825,-1.0,-1.0,-1
2026-05-08 05:39:05-04:00,1.364825,1.364825,1.364785,1.364795,-1.0,-1.0,-1
2026-05-08 05:39:10-04:00,1.364795,1.364805,1.36479,1.364795,-1.0,-1.0,-1
2026-05-08 05:39:15-04:00,1.364795,1.36481,1.364795,1.364795,-1.0,-1.0,-1
2026-05-08 05:39:20-04:00,1.364795,1.36482,1.364795,1.36481,-1.0,-1.0,-1
2026-05-08 05:39:25-04:00,1.36481,1.36482,1.364805,1.364815,-1.0,-1.0,-1
2026-05-08 05:39:30-04:00,1.364815,1.36486,1.364815,1.36486,-1.0,-1.0,-1
2026-05-08 05:39:35-04:00,1.36486,1.36486,1.36484,1.36486,-1.0,-1.0,-1
2026-05-08 05:39:40-04:00,1.36486,1.36486,1.36486,1.36486,-1.0,-1.0,-1
2026-05-08 05:39:45-04:00,1.36486,1.36486,1.36486,1.36486,-1.0,-1.0,-1
2026-05-08 05:39:50-04:00,1.36486,1.364865,1.36486,1.36486,-1.0,-1.0,-1
2026-05-08 05:39:55-04:00,1.36486,1.36486,1.36486,1.36486,-1.0,-1.0,-1
2026-05-08 05:40:00-04:00,1.36486,1.36486,1.364765,1.364775,-1.0,-1.0,-1
2026-05-08 05:40:05-04:00,1.364775,1.364795,1.364775,1.364785,-1.0,-1.0,-1
2026-05-08 05:40:10-04:00,1.364785,1.36479,1.36478,1.364785,-1.0,-1.0,-1
2026-05-08 05:40:15-04:00,1.364785,1.3648,1.364785,1.3648,-1.0,-1.0,-1
2026-05-08 05:40:20-04:00,1.3648,1.3648,1.364795,1.364795,-1.0,-1.0,-1
2026-05-08 05:40:25-04:00,1.364795,1.36481,1.364795,1.364805,-1.0,-1.0,-1
2026-05-08 05:40:30-04:00,1.364805,1.364805,1.364775,1.36478,-1.0,-1.0,-1
2026-05-08 05:40:35-04:00,1.36478,1.36481,1.36478,1.364805,-1.0,-1.0,-1
2026-05-08 05:40:40-04:00,1.364805,1.36483,1.364805,1.36483,-1.0,-1.0,-1
2026-05-08 05:40:45-04:00,1.36483,1.36484,1.36483,1.36484,-1.0,-1.0,-1
2026-05-08 05:40:50-04:00,1.36484,1.364845,1.36484,1.36484,-1.0,-1.0,-1
2026-05-08 05:40:55-04:00,1.36484,1.36484,1.36483,1.36483,-1.0,-1.0,-1
2026-05-08 05:41:00-04:00,1.36483,1.364845,1.36483,1.364845,-1.0,-1.0,-1
2026-05-08 05:41:05-04:00,1.364845,1.364845,1.364845,1.364845,-1.0,-1.0,-1
2026-05-08 05:41:10-04:00,1.364845,1.364845,1.36484,1.36484,-1.0,-1.0,-1
2026-05-08 05:41:15-04:00,1.36484,1.36484,1.364765,1.364765,-1.0,-1.0,-1
2026-05-08 05:41:20-04:00,1.364765,1.364805,1.364765,1.364805,-1.0,-1.0,-1
2026-05-08 05:41:25-04:00,1.364805,1.364805,1.364805,1.364805,-1.0,-1.0,-1
2026-05-08 05:41:30-04:00,1.364805,1.364805,1.364805,1.364805,-1.0,-1.0,-1
2026-05-08 05:41:35-04:00,1.364805,1.364805,1.364805,1.364805,-1.0,-1.0,-1
2026-05-08 05:41:40-04:00,1.364805,1.364805,1.364755,1.364755,-1.0,-1.0,-1
2026-05-08 05:41:45-04:00,1.364755,1.364805,1.364755,1.364805,-1.0,-1.0,-1
2026-05-08 05:41:50-04:00,1.364805,1.364805,1.36477,1.364805,-1.0,-1.0,-1
2026-05-08 05:41:55-04:00,1.364805,1.364805,1.36476,1.36477,-1.0,-1.0,-1
2026-05-08 05:42:00-04:00,1.36477,1.36477,1.364765,1.364765,-1.0,-1.0,-1
2026-05-08 05:42:05-04:00,1.364765,1.364765,1.364765,1.364765,-1.0,-1.0,-1
2026-05-08 05:42:10-04:00,1.364765,1.364765,1.364765,1.364765,-1.0,-1.0,-1
2026-05-08 05:42:15-04:00,1.364765,1.364765,1.364765,1.364765,-1.0,-1.0,-1
2026-05-08 05:42:20-04:00,1.364765,1.364765,1.364765,1.364765,-1.0,-1.0,-1
2026-05-08 05:42:25-04:00,1.364765,1.364765,1.364765,1.364765,-1.0,-1.0,-1
2026-05-08 05:42:30-04:00,1.364765,1.364765,1.364765,1.364765,-1.0,-1.0,-1
2026-05-08 05:42:35-04:00,1.364765,1.364795,1.364765,1.364795,-1.0,-1.0,-1
2026-05-08 05:42:40-04:00,1.364795,1.364795,1.364795,1.364795,-1.0,-1.0,-1
2026-05-08 05:42:45-04:00,1.364795,1.364795,1.36478,1.36479,-1.0,-1.0,-1
2026-05-08 05:42:50-04:00,1.36479,1.364845,1.36479,1.364845,-1.0,-1.0,-1
2026-05-08 05:42:55-04:00,1.364845,1.36486,1.364845,1.36486,-1.0,-1.0,-1
2026-05-08 05:43:00-04:00,1.36486,1.36486,1.36486,1.36486,-1.0,-1.0,-1
2026-05-08 05:43:05-04:00,1.36486,1.364865,1.36486,1.364865,-1.0,-1.0,-1
2026-05-08 05:43:10-04:00,1.364865,1.364865,1.364865,1.364865,-1.0,-1.0,-1
2026-05-08 05:43:15-04:00,1.364865,1.36487,1.36486,1.36486,-1.0,-1.0,-1
2026-05-08 05:43:20-04:00,1.36486,1.36487,1.36486,1.36487,-1.0,-1.0,-1
2026-05-08 05:43:25-04:00,1.36487,1.36487,1.364865,1.364865,-1.0,-1.0,-1
2026-05-08 05:43:30-04:00,1.364865,1.36487,1.364865,1.36487,-1.0,-1.0,-1
2026-05-08 05:43:35-04:00,1.36487,1.36487,1.36487,1.36487,-1.0,-1.0,-1
2026-05-08 05:43:40-04:00,1.36487,1.36487,1.36486,1.36486,-1.0,-1.0,-1
2026-05-08 05:43:45-04:00,1.36486,1.364865,1.36486,1.364865,-1.0,-1.0,-1
2026-05-08 05:43:50-04:00,1.364865,1.364865,1.36486,1.36486,-1.0,-1.0,-1
2026-05-08 05:43:55-04:00,1.36486,1.36486,1.36486,1.36486,-1.0,-1.0,-1
2026-05-08 05:44:00-04:00,1.36486,1.36486,1.36486,1.36486,-1.0,-1.0,-1
2026-05-08 05:44:05-04:00,1.36486,1.36486,1.36486,1.36486,-1.0,-1.0,-1
2026-05-08 05:44:10-04:00,1.36486,1.36486,1.36486,1.36486,-1.0,-1.0,-1
2026-05-08 05:44:15-04:00,1.36486,1.36486,1.36486,1.36486,-1.0,-1.0,-1
2026-05-08 05:44:20-04:00,1.36486,1.36486,1.36486,1.36486,-1.0,-1.0,-1
2026-05-08 05:44:25-04:00,1.36486,1.36486,1.36486,1.36486,-1.0,-1.0,-1
2026-05-08 05:44:30-04:00,1.36486,1.36486,1.36486,1.36486,-1.0,-1.0,-1
2026-05-08 05:44:35-04:00,1.36486,1.36486,1.36486,1.36486,-1.0,-1.0,-1
2026-05-08 05:44:40-04:00,1.36486,1.36487,1.36486,1.36487,-1.0,-1.0,-1
2026-05-08 05:44:45-04:00,1.36487,1.36487,1.36487,1.36487,-1.0,-1.0,-1
2026-05-08 05:44:50-04:00,1.36487,1.36487,1.36487,1.36487,-1.0,-1.0,-1
2026-05-08 05:44:55-04:00,1.36487,1.364925,1.36487,1.364925,-1.0,-1.0,-1
2026-05-08 05:45:00-04:00,1.364925,1.36493,1.364925,1.364925,-1.0,-1.0,-1
2026-05-08 05:45:05-04:00,1.364925,1.364925,1.36491,1.364915,-1.0,-1.0,-1
2026-05-08 05:45:10-04:00,1.364915,1.364915,1.364885,1.364885,-1.0,-1.0,-1
2026-05-08 05:45:15-04:00,1.364885,1.364895,1.36488,1.36488,-1.0,-1.0,-1
2026-05-08 05:45:20-04:00,1.36488,1.36488,1.36478,1.36478,-1.0,-1.0,-1
2026-05-08 05:45:25-04:00,1.36478,1.36478,1.36474,1.364745,-1.0,-1.0,-1
2026-05-08 05:45:30-04:00,1.364745,1.36475,1.36474,1.36475,-1.0,-1.0,-1
2026-05-08 05:45:35-04:00,1.36475,1.36475,1.36474,1.364745,-1.0,-1.0,-1
2026-05-08 05:45:40-04:00,1.364745,1.36475,1.36474,1.36475,-1.0,-1.0,-1
2026-05-08 05:45:45-04:00,1.36475,1.36475,1.36475,1.36475,-1.0,-1.0,-1
2026-05-08 05:45:50-04:00,1.36475,1.364755,1.36475,1.364755,-1.0,-1.0,-1
2026-05-08 05:45:55-04:00,1.364755,1.364755,1.36475,1.36475,-1.0,-1.0,-1
2026-05-08 05:46:00-04:00,1.36475,1.364755,1.36475,1.36475,-1.0,-1.0,-1
2026-05-08 05:46:05-04:00,1.36475,1.36475,1.36475,1.36475,-1.0,-1.0,-1
2026-05-08 05:46:10-04:00,1.36475,1.36475,1.36475,1.36475,-1.0,-1.0,-1
2026-05-08 05:46:15-04:00,1.36475,1.36475,1.36474,1.364745,-1.0,-1.0,-1
2026-05-08 05:46:20-04:00,1.364745,1.364745,1.36474,1.364745,-1.0,-1.0,-1
2026-05-08 05:46:25-04:00,1.364745,1.364745,1.36474,1.364745,-1.0,-1.0,-1
2026-05-08 05:46:30-04:00,1.364745,1.364765,1.36474,1.36476,-1.0,-1.0,-1
2026-05-08 05:46:35-04:00,1.36476,1.36476,1.36475,1.364755,-1.0,-1.0,-1
2026-05-08 05:46:40-04:00,1.364755,1.364765,1.36475,1.36475,-1.0,-1.0,-1
2026-05-08 05:46:45-04:00,1.36475,1.36475,1.36475,1.36475,-1.0,-1.0,-1
2026-05-08 05:46:50-04:00,1.36475,1.364755,1.36475,1.364755,-1.0,-1.0,-1
2026-05-08 05:46:55-04:00,1.364755,1.364765,1.364755,1.364755,-1.0,-1.0,-1
2026-05-08 05:47:00-04:00,1.364755,1.364755,1.36474,1.364745,-1.0,-1.0,-1
2026-05-08 05:47:05-04:00,1.364745,1.364745,1.36474,1.364745,-1.0,-1.0,-1
2026-05-08 05:47:10-04:00,1.364745,1.36475,1.36474,1.36475,-1.0,-1.0,-1
2026-05-08 05:47:15-04:00,1.36475,1.36476,1.36474,1.364745,-1.0,-1.0,-1
2026-05-08 05:47:20-04:00,1.364745,1.36475,1.36474,1.364745,-1.0,-1.0,-1
2026-05-08 05:47:25-04:00,1.364745,1.364745,1.364735,1.364735,-1.0,-1.0,-1
2026-05-08 05:47:30-04:00,1.364735,1.364735,1.364735,1.364735,-1.0,-1.0,-1
2026-05-08 05:47:35-04:00,1.364735,1.364735,1.364735,1.364735,-1.0,-1.0,-1
2026-05-08 05:47:40-04:00,1.364735,1.364735,1.364735,1.364735,-1.0,-1.0,-1
2026-05-08 05:47:45-04:00,1.364735,1.364735,1.364735,1.364735,-1.0,-1.0,-1
2026-05-08 05:47:50-04:00,1.364735,1.364735,1.364735,1.364735,-1.0,-1.0,-1
2026-05-08 05:47:55-04:00,1.364735,1.364735,1.36473,1.364735,-1.0,-1.0,-1
2026-05-08 05:48:00-04:00,1.364735,1.364735,1.36469,1.36469,-1.0,-1.0,-1
2026-05-08 05:48:05-04:00,1.36469,1.36471,1.364685,1.36471,-1.0,-1.0,-1
2026-05-08 05:48:10-04:00,1.36471,1.364755,1.364705,1.364755,-1.0,-1.0,-1
2026-05-08 05:48:15-04:00,1.364755,1.36476,1.36475,1.36475,-1.0,-1.0,-1
2026-05-08 05:48:20-04:00,1.36475,1.364765,1.36475,1.36476,-1.0,-1.0,-1
2026-05-08 05:48:25-04:00,1.36476,1.36477,1.36476,1.36477,-1.0,-1.0,-1
2026-05-08 05:48:30-04:00,1.36477,1.36477,1.364765,1.364765,-1.0,-1.0,-1
2026-05-08 05:48:35-04:00,1.364765,1.36477,1.364765,1.364765,-1.0,-1.0,-1
2026-05-08 05:48:40-04:00,1.364765,1.364765,1.364765,1.364765,-1.0,-1.0,-1
2026-05-08 05:48:45-04:00,1.364765,1.364765,1.364765,1.364765,-1.0,-1.0,-1
2026-05-08 05:48:50-04:00,1.364765,1.364765,1.364765,1.364765,-1.0,-1.0,-1
2026-05-08 05:48:55-04:00,1.364765,1.36477,1.364765,1.36477,-1.0,-1.0,-1
2026-05-08 05:49:00-04:00,1.36477,1.36477,1.364765,1.364765,-1.0,-1.0,-1
2026-05-08 05:49:05-04:00,1.364765,1.364765,1.364765,1.364765,-1.0,-1.0,-1
2026-05-08 05:49:10-04:00,1.364765,1.364765,1.364765,1.364765,-1.0,-1.0,-1
2026-05-08 05:49:15-04:00,1.364765,1.364765,1.364765,1.364765,-1.0,-1.0,-1
2026-05-08 05:49:20-04:00,1.364765,1.364765,1.364755,1.364765,-1.0,-1.0,-1
2026-05-08 05:49:25-04:00,1.364765,1.364765,1.364755,1.364755,-1.0,-1.0,-1
2026-05-08 05:49:30-04:00,1.364755,1.364765,1.364735,1.364765,-1.0,-1.0,-1
2026-05-08 05:49:35-04:00,1.364765,1.364765,1.364765,1.364765,-1.0,-1.0,-1
2026-05-08 05:49:40-04:00,1.364765,1.364765,1.364765,1.364765,-1.0,-1.0,-1
2026-05-08 05:49:45-04:00,1.364765,1.364765,1.364765,1.364765,-1.0,-1.0,-1
2026-05-08 05:49:50-04:00,1.364765,1.364815,1.364765,1.364815,-1.0,-1.0,-1
2026-05-08 05:49:55-04:00,1.364815,1.36484,1.364805,1.36484,-1.0,-1.0,-1
2026-05-08 05:50:00-04:00,1.36484,1.36484,1.36484,1.36484,-1.0,-1.0,-1
2026-05-08 05:50:05-04:00,1.36484,1.36484,1.36484,1.36484,-1.0,-1.0,-1
2026-05-08 05:50:10-04:00,1.36484,1.36484,1.36483,1.36484,-1.0,-1.0,-1
2026-05-08 05:50:15-04:00,1.36484,1.36484,1.36484,1.36484,-1.0,-1.0,-1
2026-05-08 05:50:20-04:00,1.36484,1.36484,1.36484,1.36484,-1.0,-1.0,-1
2026-05-08 05:50:25-04:00,1.36484,1.36484,1.364815,1.364815,-1.0,-1.0,-1
2026-05-08 05:50:30-04:00,1.364815,1.36482,1.364765,1.364765,-1.0,-1.0,-1
2026-05-08 05:50:35-04:00,1.364765,1.364765,1.364755,1.364765,-1.0,-1.0,-1
2026-05-08 05:50:40-04:00,1.364765,1.364765,1.364765,1.364765,-1.0,-1.0,-1
2026-05-08 05:50:45-04:00,1.364765,1.364765,1.364765,1.364765,-1.0,-1.0,-1
2026-05-08 05:50:50-04:00,1.364765,1.364765,1.364765,1.364765,-1.0,-1.0,-1
2026-05-08 05:50:55-04:00,1.364765,1.364765,1.364765,1.364765,-1.0,-1.0,-1
2026-05-08 05:51:00-04:00,1.364765,1.364765,1.364755,1.364755,-1.0,-1.0,-1
2026-05-08 05:51:05-04:00,1.364755,1.36476,1.364755,1.364755,-1.0,-1.0,-1
2026-05-08 05:51:10-04:00,1.364755,1.36476,1.364755,1.364755,-1.0,-1.0,-1
2026-05-08 05:51:15-04:00,1.364755,1.36476,1.364755,1.364755,-1.0,-1.0,-1
2026-05-08 05:51:20-04:00,1.364755,1.36476,1.364755,1.364755,-1.0,-1.0,-1
2026-05-08 05:51:25-04:00,1.364755,1.364765,1.364755,1.364765,-1.0,-1.0,-1
2026-05-08 05:51:30-04:00,1.364765,1.364765,1.364685,1.364765,-1.0,-1.0,-1
2026-05-08 05:51:35-04:00,1.364765,1.364765,1.364765,1.364765,-1.0,-1.0,-1
2026-05-08 05:51:40-04:00,1.364765,1.364765,1.364765,1.364765,-1.0,-1.0,-1
2026-05-08 05:51:45-04:00,1.364765,1.364765,1.364765,1.364765,-1.0,-1.0,-1
2026-05-08 05:51:50-04:00,1.364765,1.364765,1.364765,1.364765,-1.0,-1.0,-1
2026-05-08 05:51:55-04:00,1.364765,1.364765,1.364765,1.364765,-1.0,-1.0,-1
2026-05-08 05:52:00-04:00,1.364765,1.364765,1.364755,1.364755,-1.0,-1.0,-1
2026-05-08 05:52:05-04:00,1.364755,1.36476,1.364755,1.364755,-1.0,-1.0,-1
2026-05-08 05:52:10-04:00,1.364755,1.36476,1.364735,1.364755,-1.0,-1.0,-1
2026-05-08 05:52:15-04:00,1.364755,1.36477,1.364755,1.364755,-1.0,-1.0,-1
2026-05-08 05:52:20-04:00,1.364755,1.364765,1.364755,1.364765,-1.0,-1.0,-1
2026-05-08 05:52:25-04:00,1.364765,1.364765,1.364765,1.364765,-1.0,-1.0,-1
2026-05-08 05:52:30-04:00,1.364765,1.364785,1.364755,1.36478,-1.0,-1.0,-1
2026-05-08 05:52:35-04:00,1.36478,1.364785,1.364775,1.364775,-1.0,-1.0,-1
2026-05-08 05:52:40-04:00,1.364775,1.36479,1.364775,1.36479,-1.0,-1.0,-1
2026-05-08 05:52:45-04:00,1.36479,1.36479,1.364765,1.364765,-1.0,-1.0,-1
2026-05-08 05:52:50-04:00,1.364765,1.36483,1.364765,1.36483,-1.0,-1.0,-1
2026-05-08 05:52:55-04:00,1.36483,1.36486,1.364825,1.36486,-1.0,-1.0,-1
2026-05-08 05:53:00-04:00,1.36486,1.36486,1.364825,1.36486,-1.0,-1.0,-1
2026-05-08 05:53:05-04:00,1.36486,1.364895,1.36486,1.36489,-1.0,-1.0,-1
2026-05-08 05:53:10-04:00,1.36489,1.364895,1.36486,1.36486,-1.0,-1.0,-1
2026-05-08 05:53:15-04:00,1.36486,1.36486,1.364775,1.364775,-1.0,-1.0,-1
2026-05-08 05:53:20-04:00,1.364775,1.364785,1.364775,1.36478,-1.0,-1.0,-1
2026-05-08 05:53:25-04:00,1.36478,1.36479,1.36478,1.36479,-1.0,-1.0,-1
2026-05-08 05:53:30-04:00,1.36479,1.36482,1.364785,1.36482,-1.0,-1.0,-1
2026-05-08 05:53:35-04:00,1.36482,1.364835,1.36482,1.36483,-1.0,-1.0,-1
2026-05-08 05:53:40-04:00,1.36483,1.364865,1.364825,1.364825,-1.0,-1.0,-1
2026-05-08 05:53:45-04:00,1.364825,1.364825,1.36481,1.36481,-1.0,-1.0,-1
2026-05-08 05:53:50-04:00,1.36481,1.36481,1.3648,1.3648,-1.0,-1.0,-1
2026-05-08 05:53:55-04:00,1.3648,1.3648,1.364785,1.36479,-1.0,-1.0,-1
2026-05-08 05:54:00-04:00,1.36479,1.36479,1.36479,1.36479,-1.0,-1.0,-1
2026-05-08 05:54:05-04:00,1.36479,1.36479,1.36478,1.36478,-1.0,-1.0,-1
2026-05-08 05:54:10-04:00,1.36478,1.36478,1.36476,1.36476,-1.0,-1.0,-1
2026-05-08 05:54:15-04:00,1.36476,1.364785,1.364735,1.36475,-1.0,-1.0,-1
2026-05-08 05:54:20-04:00,1.36475,1.364755,1.36473,1.364755,-1.0,-1.0,-1
2026-05-08 05:54:25-04:00,1.364755,1.364755,1.364735,1.36475,-1.0,-1.0,-1
2026-05-08 05:54:30-04:00,1.36475,1.36475,1.364645,1.364645,-1.0,-1.0,-1
2026-05-08 05:54:35-04:00,1.364645,1.36466,1.364645,1.364655,-1.0,-1.0,-1
2026-05-08 05:54:40-04:00,1.364655,1.364655,1.364635,1.364635,-1.0,-1.0,-1
2026-05-08 05:54:45-04:00,1.364635,1.364635,1.364625,1.364625,-1.0,-1.0,-1
2026-05-08 05:54:50-04:00,1.364625,1.364645,1.364625,1.364645,-1.0,-1.0,-1
2026-05-08 05:54:55-04:00,1.364645,1.364645,1.36463,1.364635,-1.0,-1.0,-1
2026-05-08 05:55:00-04:00,1.364635,1.364635,1.36461,1.364635,-1.0,-1.0,-1
2026-05-08 05:55:05-04:00,1.364635,1.364645,1.364635,1.364645,-1.0,-1.0,-1
2026-05-08 05:55:10-04:00,1.364645,1.364645,1.36461,1.36461,-1.0,-1.0,-1
2026-05-08 05:55:15-04:00,1.36461,1.364645,1.364605,1.364645,-1.0,-1.0,-1
2026-05-08 05:55:20-04:00,1.364645,1.364645,1.364645,1.364645,-1.0,-1.0,-1
2026-05-08 05:55:25-04:00,1.364645,1.364645,1.36464,1.36464,-1.0,-1.0,-1
2026-05-08 05:55:30-04:00,1.36464,1.364645,1.36464,1.36464,-1.0,-1.0,-1
2026-05-08 05:55:35-04:00,1.36464,1.36466,1.36464,1.36466,-1.0,-1.0,-1
2026-05-08 05:55:40-04:00,1.36466,1.36466,1.364635,1.36466,-1.0,-1.0,-1
2026-05-08 05:55:45-04:00,1.36466,1.36466,1.364575,1.364595,-1.0,-1.0,-1
2026-05-08 05:55:50-04:00,1.364595,1.364645,1.36459,1.364645,-1.0,-1.0,-1
2026-05-08 05:55:55-04:00,1.364645,1.364645,1.36464,1.36464,-1.0,-1.0,-1
2026-05-08 05:56:00-04:00,1.36464,1.36464,1.364595,1.364605,-1.0,-1.0,-1
2026-05-08 05:56:05-04:00,1.364605,1.36462,1.364605,1.364615,-1.0,-1.0,-1
2026-05-08 05:56:10-04:00,1.364615,1.364735,1.364615,1.364725,-1.0,-1.0,-1
2026-05-08 05:56:15-04:00,1.364725,1.364745,1.364725,1.36473,-1.0,-1.0,-1
2026-05-08 05:56:20-04:00,1.36473,1.36473,1.36472,1.364725,-1.0,-1.0,-1
2026-05-08 05:56:25-04:00,1.364725,1.36476,1.364725,1.364755,-1.0,-1.0,-1
2026-05-08 05:56:30-04:00,1.364755,1.364765,1.364715,1.364755,-1.0,-1.0,-1
2026-05-08 05:56:35-04:00,1.364755,1.36476,1.364725,1.364755,-1.0,-1.0,-1
2026-05-08 05:56:40-04:00,1.364755,1.364765,1.36473,1.364765,-1.0,-1.0,-1
2026-05-08 05:56:45-04:00,1.364765,1.364765,1.364755,1.364765,-1.0,-1.0,-1
2026-05-08 05:56:50-04:00,1.364765,1.364765,1.364755,1.364755,-1.0,-1.0,-1
2026-05-08 05:56:55-04:00,1.364755,1.36476,1.364755,1.364755,-1.0,-1.0,-1
2026-05-08 05:57:00-04:00,1.364755,1.364765,1.364755,1.364765,-1.0,-1.0,-1
2026-05-08 05:57:05-04:00,1.364765,1.364765,1.36473,1.364765,-1.0,-1.0,-1
2026-05-08 05:57:10-04:00,1.364765,1.364765,1.364755,1.364765,-1.0,-1.0,-1
2026-05-08 05:57:15-04:00,1.364765,1.364765,1.364765,1.364765,-1.0,-1.0,-1
2026-05-08 05:57:20-04:00,1.364765,1.364765,1.36472,1.364725,-1.0,-1.0,-1
2026-05-08 05:57:25-04:00,1.364725,1.364725,1.36471,1.36471,-1.0,-1.0,-1
2026-05-08 05:57:30-04:00,1.36471,1.36476,1.36471,1.36473,-1.0,-1.0,-1
2026-05-08 05:57:35-04:00,1.36473,1.36473,1.364725,1.364725,-1.0,-1.0,-1
2026-05-08 05:57:40-04:00,1.364725,1.36476,1.364725,1.364755,-1.0,-1.0,-1
2026-05-08 05:57:45-04:00,1.364755,1.364765,1.364755,1.364765,-1.0,-1.0,-1
2026-05-08 05:57:50-04:00,1.364765,1.364765,1.364755,1.364755,-1.0,-1.0,-1
2026-05-08 05:57:55-04:00,1.364755,1.364765,1.364755,1.364765,-1.0,-1.0,-1
2026-05-08 05:58:00-04:00,1.364765,1.364765,1.364765,1.364765,-1.0,-1.0,-1
2026-05-08 05:58:05-04:00,1.364765,1.364765,1.364765,1.364765,-1.0,-1.0,-1
2026-05-08 05:58:10-04:00,1.364765,1.364765,1.364725,1.364725,-1.0,-1.0,-1
2026-05-08 05:58:15-04:00,1.364725,1.364725,1.36472,1.36472,-1.0,-1.0,-1
2026-05-08 05:58:20-04:00,1.36472,1.36472,1.36461,1.36461,-1.0,-1.0,-1
2026-05-08 05:58:25-04:00,1.36461,1.36461,1.364585,1.36459,-1.0,-1.0,-1
2026-05-08 05:58:30-04:00,1.36459,1.3646,1.364585,1.3646,-1.0,-1.0,-1
2026-05-08 05:58:35-04:00,1.3646,1.3646,1.3646,1.3646,-1.0,-1.0,-1
2026-05-08 05:58:40-04:00,1.3646,1.3646,1.364575,1.36459,-1.0,-1.0,-1
2026-05-08 05:58:45-04:00,1.36459,1.364595,1.36456,1.364565,-1.0,-1.0,-1
2026-05-08 05:58:50-04:00,1.364565,1.364565,1.36455,1.364555,-1.0,-1.0,-1
2026-05-08 05:58:55-04:00,1.364555,1.36456,1.36455,1.36456,-1.0,-1.0,-1
2026-05-08 05:59:00-04:00,1.36456,1.36456,1.36456,1.36456,-1.0,-1.0,-1
2026-05-08 05:59:05-04:00,1.36456,1.36457,1.364555,1.364565,-1.0,-1.0,-1
2026-05-08 05:59:10-04:00,1.364565,1.36457,1.36456,1.36456,-1.0,-1.0,-1
2026-05-08 05:59:15-04:00,1.36456,1.36456,1.36456,1.36456,-1.0,-1.0,-1
2026-05-08 05:59:20-04:00,1.36456,1.36457,1.36455,1.364555,-1.0,-1.0,-1
2026-05-08 05:59:25-04:00,1.364555,1.36456,1.36455,1.36456,-1.0,-1.0,-1
2026-05-08 05:59:30-04:00,1.36456,1.364595,1.36456,1.364565,-1.0,-1.0,-1
2026-05-08 05:59:35-04:00,1.364565,1.3646,1.364555,1.36456,-1.0,-1.0,-1
2026-05-08 05:59:40-04:00,1.36456,1.36456,1.36455,1.364555,-1.0,-1.0,-1
2026-05-08 05:59:45-04:00,1.364555,1.36456,1.364555,1.36456,-1.0,-1.0,-1
2026-05-08 05:59:50-04:00,1.36456,1.364565,1.36456,1.364565,-1.0,-1.0,-1
2026-05-08 05:59:55-04:00,1.364565,1.364565,1.364565,1.364565,-1.0,-1.0,-1
2026-05-08 06:00:00-04:00,1.364565,1.364655,1.36456,1.364655,-1.0,-1.0,-1
2026-05-08 06:00:05-04:00,1.364655,1.364655,1.36461,1.364615,-1.0,-1.0,-1
2026-05-08 06:00:10-04:00,1.364615,1.364625,1.36461,1.364615,-1.0,-1.0,-1
2026-05-08 06:00:15-04:00,1.364615,1.36463,1.36461,1.364615,-1.0,-1.0,-1
2026-05-08 06:00:20-04:00,1.364615,1.36467,1.364615,1.36466,-1.0,-1.0,-1
2026-05-08 06:00:25-04:00,1.36466,1.36466,1.36466,1.36466,-1.0,-1.0,-1
2026-05-08 06:00:30-04:00,1.36466,1.36466,1.364545,1.36456,-1.0,-1.0,-1
2026-05-08 06:00:35-04:00,1.36456,1.364565,1.36456,1.36456,-1.0,-1.0,-1
2026-05-08 06:00:40-04:00,1.36456,1.364565,1.36456,1.364565,-1.0,-1.0,-1
2026-05-08 06:00:45-04:00,1.364565,1.36457,1.364555,1.364565,-1.0,-1.0,-1
2026-05-08 06:00:50-04:00,1.364565,1.364565,1.364565,1.364565,-1.0,-1.0,-1
2026-05-08 06:00:55-04:00,1.364565,1.36457,1.364565,1.36457,-1.0,-1.0,-1
2026-05-08 06:01:00-04:00,1.36457,1.36457,1.364565,1.364565,-1.0,-1.0,-1
2026-05-08 06:01:05-04:00,1.364565,1.364565,1.364565,1.364565,-1.0,-1.0,-1
2026-05-08 06:01:10-04:00,1.364565,1.364565,1.364565,1.364565,-1.0,-1.0,-1
2026-05-08 06:01:15-04:00,1.364565,1.3646,1.36455,1.364555,-1.0,-1.0,-1
2026-05-08 06:01:20-04:00,1.364555,1.364555,1.364545,1.364545,-1.0,-1.0,-1
2026-05-08 06:01:25-04:00,1.364545,1.36455,1.364545,1.36455,-1.0,-1.0,-1
2026-05-08 06:01:30-04:00,1.36455,1.364555,1.364545,1.364545,-1.0,-1.0,-1
2026-05-08 06:01:35-04:00,1.364545,1.364555,1.364545,1.364545,-1.0,-1.0,-1
2026-05-08 06:01:40-04:00,1.364545,1.36455,1.364545,1.36455,-1.0,-1.0,-1
2026-05-08 06:01:45-04:00,1.36455,1.364555,1.364535,1.364535,-1.0,-1.0,-1
2026-05-08 06:01:50-04:00,1.364535,1.36454,1.36451,1.36452,-1.0,-1.0,-1
2026-05-08 06:01:55-04:00,1.36452,1.364545,1.36452,1.364545,-1.0,-1.0,-1
2026-05-08 06:02:00-04:00,1.364545,1.364545,1.364535,1.364535,-1.0,-1.0,-1
2026-05-08 06:02:05-04:00,1.364535,1.364545,1.364535,1.364545,-1.0,-1.0,-1
2026-05-08 06:02:10-04:00,1.364545,1.364575,1.364545,1.36457,-1.0,-1.0,-1
2026-05-08 06:02:15-04:00,1.36457,1.364595,1.36457,1.364585,-1.0,-1.0,-1
2026-05-08 06:02:20-04:00,1.364585,1.364585,1.36458,1.36458,-1.0,-1.0,-1
2026-05-08 06:02:25-04:00,1.36458,1.364585,1.36452,1.36452,-1.0,-1.0,-1
2026-05-08 06:02:30-04:00,1.36452,1.36454,1.36452,1.36454,-1.0,-1.0,-1
2026-05-08 06:02:35-04:00,1.36454,1.36454,1.364535,1.36454,-1.0,-1.0,-1
2026-05-08 06:02:40-04:00,1.36454,1.36454,1.364505,1.364505,-1.0,-1.0,-1
2026-05-08 06:02:45-04:00,1.364505,1.36451,1.3645,1.3645,-1.0,-1.0,-1
2026-05-08 06:02:50-04:00,1.3645,1.36451,1.3645,1.36451,-1.0,-1.0,-1
2026-05-08 06:02:55-04:00,1.36451,1.36452,1.36451,1.36452,-1.0,-1.0,-1
2026-05-08 06:03:00-04:00,1.36452,1.36452,1.364515,1.36452,-1.0,-1.0,-1
2026-05-08 06:03:05-04:00,1.36452,1.364525,1.36452,1.364525,-1.0,-1.0,-1
2026-05-08 06:03:10-04:00,1.364525,1.36453,1.364515,1.36452,-1.0,-1.0,-1
2026-05-08 06:03:15-04:00,1.36452,1.36453,1.36451,1.36451,-1.0,-1.0,-1
2026-05-08 06:03:20-04:00,1.36451,1.36451,1.364475,1.36448,-1.0,-1.0,-1
2026-05-08 06:03:25-04:00,1.36448,1.36448,1.364465,1.364465,-1.0,-1.0,-1
2026-05-08 06:03:30-04:00,1.364465,1.36454,1.364465,1.364535,-1.0,-1.0,-1
2026-05-08 06:03:35-04:00,1.364535,1.364545,1.364535,1.364545,-1.0,-1.0,-1
2026-05-08 06:03:40-04:00,1.364545,1.364545,1.364515,1.364515,-1.0,-1.0,-1
2026-05-08 06:03:45-04:00,1.364515,1.364525,1.364515,1.364525,-1.0,-1.0,-1
2026-05-08 06:03:50-04:00,1.364525,1.364525,1.364515,1.364525,-1.0,-1.0,-1
2026-05-08 06:03:55-04:00,1.364525,1.364525,1.364525,1.364525,-1.0,-1.0,-1
2026-05-08 06:04:00-04:00,1.364525,1.364555,1.364525,1.36455,-1.0,-1.0,-1
2026-05-08 06:04:05-04:00,1.36455,1.36455,1.364545,1.364545,-1.0,-1.0,-1
2026-05-08 06:04:10-04:00,1.364545,1.364565,1.364545,1.364565,-1.0,-1.0,-1
2026-05-08 06:04:15-04:00,1.364565,1.364565,1.36455,1.36455,-1.0,-1.0,-1
2026-05-08 06:04:20-04:00,1.36455,1.364555,1.36455,1.36455,-1.0,-1.0,-1
2026-05-08 06:04:25-04:00,1.36455,1.364555,1.36455,1.364555,-1.0,-1.0,-1
2026-05-08 06:04:30-04:00,1.364555,1.364555,1.36455,1.364555,-1.0,-1.0,-1
2026-05-08 06:04:35-04:00,1.364555,1.364555,1.36453,1.36453,-1.0,-1.0,-1
2026-05-08 06:04:40-04:00,1.36453,1.36454,1.364525,1.36454,-1.0,-1.0,-1
2026-05-08 06:04:45-04:00,1.36454,1.364545,1.36454,1.364545,-1.0,-1.0,-1
2026-05-08 06:04:50-04:00,1.364545,1.36456,1.36454,1.364555,-1.0,-1.0,-1
2026-05-08 06:04:55-04:00,1.364555,1.36456,1.364545,1.36455,-1.0,-1.0,-1
2026-05-08 06:05:00-04:00,1.36455,1.364555,1.364545,1.364555,-1.0,-1.0,-1
2026-05-08 06:05:05-04:00,1.364555,1.36456,1.36455,1.364555,-1.0,-1.0,-1
2026-05-08 06:05:10-04:00,1.364555,1.364555,1.364545,1.364545,-1.0,-1.0,-1
2026-05-08 06:05:15-04:00,1.364545,1.36455,1.36454,1.36455,-1.0,-1.0,-1
2026-05-08 06:05:20-04:00,1.36455,1.36455,1.36454,1.364545,-1.0,-1.0,-1
2026-05-08 06:05:25-04:00,1.364545,1.364555,1.364545,1.364555,-1.0,-1.0,-1
2026-05-08 06:05:30-04:00,1.364555,1.364555,1.364535,1.364535,-1.0,-1.0,-1
2026-05-08 06:05:35-04:00,1.364535,1.364535,1.364455,1.364455,-1.0,-1.0,-1
2026-05-08 06:05:40-04:00,1.364455,1.364465,1.36445,1.36445,-1.0,-1.0,-1
2026-05-08 06:05:45-04:00,1.36445,1.36445,1.364445,1.36445,-1.0,-1.0,-1
2026-05-08 06:05:50-04:00,1.36445,1.36445,1.36445,1.36445,-1.0,-1.0,-1
2026-05-08 06:05:55-04:00,1.36445,1.364455,1.364425,1.364445,-1.0,-1.0,-1
2026-05-08 06:06:00-04:00,1.364445,1.364445,1.36444,1.36444,-1.0,-1.0,-1
2026-05-08 06:06:05-04:00,1.36444,1.364455,1.36444,1.364455,-1.0,-1.0,-1
2026-05-08 06:06:10-04:00,1.364455,1.364455,1.36445,1.364455,-1.0,-1.0,-1
2026-05-08 06:06:15-04:00,1.364455,1.364455,1.364455,1.364455,-1.0,-1.0,-1
2026-05-08 06:06:20-04:00,1.364455,1.364455,1.364445,1.36445,-1.0,-1.0,-1
2026-05-08 06:06:25-04:00,1.36445,1.36445,1.36445,1.36445,-1.0,-1.0,-1
2026-05-08 06:06:30-04:00,1.36445,1.36445,1.364445,1.364445,-1.0,-1.0,-1
2026-05-08 06:06:35-04:00,1.364445,1.36445,1.364445,1.36445,-1.0,-1.0,-1
2026-05-08 06:06:40-04:00,1.36445,1.364455,1.364445,1.364445,-1.0,-1.0,-1
2026-05-08 06:06:45-04:00,1.364445,1.364515,1.364445,1.364515,-1.0,-1.0,-1
2026-05-08 06:06:50-04:00,1.364515,1.364515,1.364515,1.364515,-1.0,-1.0,-1
2026-05-08 06:06:55-04:00,1.364515,1.364515,1.3645,1.36451,-1.0,-1.0,-1
2026-05-08 06:07:00-04:00,1.36451,1.364515,1.364455,1.36446,-1.0,-1.0,-1
2026-05-08 06:07:05-04:00,1.36446,1.36447,1.364455,1.36447,-1.0,-1.0,-1
2026-05-08 06:07:10-04:00,1.36447,1.36447,1.364455,1.36446,-1.0,-1.0,-1
2026-05-08 06:07:15-04:00,1.36446,1.36446,1.364455,1.364455,-1.0,-1.0,-1
2026-05-08 06:07:20-04:00,1.364455,1.364455,1.364455,1.364455,-1.0,-1.0,-1
2026-05-08 06:07:25-04:00,1.364455,1.364475,1.364455,1.364475,-1.0,-1.0,-1
2026-05-08 06:07:30-04:00,1.364475,1.364525,1.364475,1.36451,-1.0,-1.0,-1
2026-05-08 06:07:35-04:00,1.36451,1.36452,1.364485,1.364485,-1.0,-1.0,-1
2026-05-08 06:07:40-04:00,1.364485,1.364495,1.364485,1.364495,-1.0,-1.0,-1
2026-05-08 06:07:45-04:00,1.364495,1.3645,1.364495,1.364495,-1.0,-1.0,-1
2026-05-08 06:07:50-04:00,1.364495,1.364535,1.364495,1.364525,-1.0,-1.0,-1
2026-05-08 06:07:55-04:00,1.364525,1.364525,1.36447,1.364475,-1.0,-1.0,-1
2026-05-08 06:08:00-04:00,1.364475,1.364475,1.364475,1.364475,-1.0,-1.0,-1
2026-05-08 06:08:05-04:00,1.364475,1.3645,1.364475,1.364495,-1.0,-1.0,-1
2026-05-08 06:08:10-04:00,1.364495,1.364495,1.36447,1.364475,-1.0,-1.0,-1
2026-05-08 06:08:15-04:00,1.364475,1.364475,1.36446,1.36446,-1.0,-1.0,-1
2026-05-08 06:08:20-04:00,1.36446,1.364545,1.36446,1.364545,-1.0,-1.0,-1
2026-05-08 06:08:25-04:00,1.364545,1.364545,1.36454,1.36454,-1.0,-1.0,-1
2026-05-08 06:08:30-04:00,1.36454,1.364545,1.36454,1.364545,-1.0,-1.0,-1
2026-05-08 06:08:35-04:00,1.364545,1.364545,1.364535,1.364535,-1.0,-1.0,-1
2026-05-08 06:08:40-04:00,1.364535,1.364545,1.36452,1.364525,-1.0,-1.0,-1
2026-05-08 06:08:45-04:00,1.364525,1.36456,1.36452,1.364555,-1.0,-1.0,-1
2026-05-08 06:08:50-04:00,1.364555,1.36456,1.36454,1.36455,-1.0,-1.0,-1
2026-05-08 06:08:55-04:00,1.36455,1.36456,1.364545,1.36456,-1.0,-1.0,-1
2026-05-08 06:09:00-04:00,1.36456,1.36456,1.3645,1.3645,-1.0,-1.0,-1
2026-05-08 06:09:05-04:00,1.3645,1.3645,1.364485,1.364485,-1.0,-1.0,-1
2026-05-08 06:09:10-04:00,1.364485,1.3645,1.364485,1.364495,-1.0,-1.0,-1
2026-05-08 06:09:15-04:00,1.364495,1.3645,1.364495,1.3645,-1.0,-1.0,-1
2026-05-08 06:09:20-04:00,1.3645,1.3645,1.3645,1.3645,-1.0,-1.0,-1
2026-05-08 06:09:25-04:00,1.3645,1.36451,1.3645,1.36451,-1.0,-1.0,-1
2026-05-08 06:09:30-04:00,1.36451,1.364515,1.364475,1.364475,-1.0,-1.0,-1
2026-05-08 06:09:35-04:00,1.364475,1.364475,1.364475,1.364475,-1.0,-1.0,-1
2026-05-08 06:09:40-04:00,1.364475,1.364475,1.36445,1.36445,-1.0,-1.0,-1
2026-05-08 06:09:45-04:00,1.36445,1.364455,1.36444,1.36445,-1.0,-1.0,-1
2026-05-08 06:09:50-04:00,1.36445,1.36445,1.364445,1.364445,-1.0,-1.0,-1
2026-05-08 06:09:55-04:00,1.364445,1.364455,1.36444,1.364445,-1.0,-1.0,-1
2026-05-08 06:10:00-04:00,1.364445,1.364455,1.364445,1.36445,-1.0,-1.0,-1
2026-05-08 06:10:05-04:00,1.36445,1.36446,1.364445,1.36445,-1.0,-1.0,-1
2026-05-08 06:10:10-04:00,1.36445,1.36445,1.364445,1.36445,-1.0,-1.0,-1
2026-05-08 06:10:15-04:00,1.36445,1.36446,1.36445,1.364455,-1.0,-1.0,-1
2026-05-08 06:10:20-04:00,1.364455,1.36446,1.36445,1.36445,-1.0,-1.0,-1
2026-05-08 06:10:25-04:00,1.36445,1.364485,1.36445,1.364485,-1.0,-1.0,-1
2026-05-08 06:10:30-04:00,1.364485,1.364485,1.364465,1.364465,-1.0,-1.0,-1
2026-05-08 06:10:35-04:00,1.364465,1.364465,1.36445,1.36445,-1.0,-1.0,-1
2026-05-08 06:10:40-04:00,1.36445,1.364455,1.364445,1.364445,-1.0,-1.0,-1
2026-05-08 06:10:45-04:00,1.364445,1.364455,1.364445,1.36445,-1.0,-1.0,-1
2026-05-08 06:10:50-04:00,1.36445,1.364455,1.36445,1.36445,-1.0,-1.0,-1
2026-05-08 06:10:55-04:00,1.36445,1.36446,1.36445,1.36446,-1.0,-1.0,-1
2026-05-08 06:11:00-04:00,1.36446,1.36446,1.36445,1.36445,-1.0,-1.0,-1
2026-05-08 06:11:05-04:00,1.36445,1.364455,1.36445,1.364455,-1.0,-1.0,-1
2026-05-08 06:11:10-04:00,1.364455,1.364455,1.364455,1.364455,-1.0,-1.0,-1
2026-05-08 06:11:15-04:00,1.364455,1.36451,1.364455,1.36449,-1.0,-1.0,-1
2026-05-08 06:11:20-04:00,1.36449,1.36449,1.36448,1.36448,-1.0,-1.0,-1
2026-05-08 06:11:25-04:00,1.36448,1.36448,1.364475,1.364475,-1.0,-1.0,-1
2026-05-08 06:11:30-04:00,1.364475,1.36448,1.364475,1.36448,-1.0,-1.0,-1
2026-05-08 06:11:35-04:00,1.36448,1.36448,1.364465,1.364465,-1.0,-1.0,-1
2026-05-08 06:11:40-04:00,1.364465,1.364475,1.364465,1.364475,-1.0,-1.0,-1
2026-05-08 06:11:45-04:00,1.364475,1.364475,1.364465,1.364465,-1.0,-1.0,-1
2026-05-08 06:11:50-04:00,1.364465,1.364475,1.364465,1.364475,-1.0,-1.0,-1
2026-05-08 06:11:55-04:00,1.364475,1.364485,1.364475,1.364485,-1.0,-1.0,-1
2026-05-08 06:12:00-04:00,1.364485,1.364485,1.364475,1.364475,-1.0,-1.0,-1
2026-05-08 06:12:05-04:00,1.364475,1.364475,1.364475,1.364475,-1.0,-1.0,-1
2026-05-08 06:12:10-04:00,1.364475,1.364475,1.364475,1.364475,-1.0,-1.0,-1
2026-05-08 06:12:15-04:00,1.364475,1.364475,1.364475,1.364475,-1.0,-1.0,-1
2026-05-08 06:12:20-04:00,1.364475,1.36448,1.364475,1.364475,-1.0,-1.0,-1
2026-05-08 06:12:25-04:00,1.364475,1.364475,1.364475,1.364475,-1.0,-1.0,-1
2026-05-08 06:12:30-04:00,1.364475,1.364475,1.364475,1.364475,-1.0,-1.0,-1
2026-05-08 06:12:35-04:00,1.364475,1.364525,1.364475,1.364475,-1.0,-1.0,-1
2026-05-08 06:12:40-04:00,1.364475,1.364475,1.364475,1.364475,-1.0,-1.0,-1
2026-05-08 06:12:45-04:00,1.364475,1.36448,1.36447,1.364475,-1.0,-1.0,-1
2026-05-08 06:12:50-04:00,1.364475,1.36448,1.36445,1.36446,-1.0,-1.0,-1
2026-05-08 06:12:55-04:00,1.36446,1.36446,1.36446,1.36446,-1.0,-1.0,-1
2026-05-08 06:13:00-04:00,1.36446,1.36446,1.364445,1.364445,-1.0,-1.0,-1
2026-05-08 06:13:05-04:00,1.364445,1.364535,1.364445,1.36449,-1.0,-1.0,-1
2026-05-08 06:13:10-04:00,1.36449,1.36449,1.36449,1.36449,-1.0,-1.0,-1
2026-05-08 06:13:15-04:00,1.36449,1.36449,1.364475,1.36449,-1.0,-1.0,-1
2026-05-08 06:13:20-04:00,1.36449,1.364495,1.36449,1.364495,-1.0,-1.0,-1
2026-05-08 06:13:25-04:00,1.364495,1.364495,1.364495,1.364495,-1.0,-1.0,-1
2026-05-08 06:13:30-04:00,1.364495,1.36453,1.364485,1.36453,-1.0,-1.0,-1
2026-05-08 06:13:35-04:00,1.36453,1.364535,1.36453,1.364535,-1.0,-1.0,-1
2026-05-08 06:13:40-04:00,1.364535,1.364535,1.36453,1.36453,-1.0,-1.0,-1
2026-05-08 06:13:45-04:00,1.36453,1.364535,1.36453,1.364535,-1.0,-1.0,-1
2026-05-08 06:13:50-04:00,1.364535,1.364535,1.364535,1.364535,-1.0,-1.0,-1
2026-05-08 06:13:55-04:00,1.364535,1.364535,1.364535,1.364535,-1.0,-1.0,-1
2026-05-08 06:14:00-04:00,1.364535,1.364535,1.36453,1.364535,-1.0,-1.0,-1
2026-05-08 06:14:05-04:00,1.364535,1.364535,1.364535,1.364535,-1.0,-1.0,-1
2026-05-08 06:14:10-04:00,1.364535,1.36454,1.364535,1.364535,-1.0,-1.0,-1
2026-05-08 06:14:15-04:00,1.364535,1.364545,1.364535,1.364545,-1.0,-1.0,-1
2026-05-08 06:14:20-04:00,1.364545,1.364545,1.364545,1.364545,-1.0,-1.0,-1
2026-05-08 06:14:25-04:00,1.364545,1.364545,1.364545,1.364545,-1.0,-1.0,-1
2026-05-08 06:14:30-04:00,1.364545,1.36455,1.36453,1.36453,-1.0,-1.0,-1
2026-05-08 06:14:35-04:00,1.36453,1.36454,1.36453,1.36454,-1.0,-1.0,-1
2026-05-08 06:14:40-04:00,1.36454,1.364545,1.36454,1.364545,-1.0,-1.0,-1
2026-05-08 06:14:45-04:00,1.364545,1.364545,1.364545,1.364545,-1.0,-1.0,-1
2026-05-08 06:14:50-04:00,1.364545,1.364545,1.36454,1.364545,-1.0,-1.0,-1
2026-05-08 06:14:55-04:00,1.364545,1.364545,1.364535,1.364535,-1.0,-1.0,-1
2026-05-08 06:15:00-04:00,1.364535,1.364555,1.36452,1.36454,-1.0,-1.0,-1
2026-05-08 06:15:05-04:00,1.36454,1.364545,1.364535,1.364535,-1.0,-1.0,-1
2026-05-08 06:15:10-04:00,1.364535,1.364535,1.36445,1.364455,-1.0,-1.0,-1
2026-05-08 06:15:15-04:00,1.364455,1.364455,1.36445,1.364455,-1.0,-1.0,-1
2026-05-08 06:15:20-04:00,1.364455,1.364455,1.364445,1.364455,-1.0,-1.0,-1
2026-05-08 06:15:25-04:00,1.364455,1.36446,1.36445,1.364455,-1.0,-1.0,-1
2026-05-08 06:15:30-04:00,1.364455,1.364455,1.364445,1.36445,-1.0,-1.0,-1
2026-05-08 06:15:35-04:00,1.36445,1.364455,1.36445,1.364455,-1.0,-1.0,-1
2026-05-08 06:15:40-04:00,1.364455,1.364455,1.36445,1.36445,-1.0,-1.0,-1
2026-05-08 06:15:45-04:00,1.36445,1.364455,1.36445,1.364455,-1.0,-1.0,-1
2026-05-08 06:15:50-04:00,1.364455,1.364455,1.36445,1.364455,-1.0,-1.0,-1
2026-05-08 06:15:55-04:00,1.364455,1.364465,1.36445,1.364455,-1.0,-1.0,-1
2026-05-08 06:16:00-04:00,1.364455,1.36457,1.364455,1.36449,-1.0,-1.0,-1
2026-05-08 06:16:05-04:00,1.36449,1.36449,1.36448,1.36449,-1.0,-1.0,-1
2026-05-08 06:16:10-04:00,1.36449,1.36449,1.36445,1.364455,-1.0,-1.0,-1
2026-05-08 06:16:15-04:00,1.364455,1.36451,1.364455,1.3645,-1.0,-1.0,-1
2026-05-08 06:16:20-04:00,1.3645,1.3645,1.3645,1.3645,-1.0,-1.0,-1
2026-05-08 06:16:25-04:00,1.3645,1.3645,1.3645,1.3645,-1.0,-1.0,-1
2026-05-08 06:16:30-04:00,1.3645,1.3645,1.3645,1.3645,-1.0,-1.0,-1
2026-05-08 06:16:35-04:00,1.3645,1.3645,1.3645,1.3645,-1.0,-1.0,-1
2026-05-08 06:16:40-04:00,1.3645,1.3645,1.3645,1.3645,-1.0,-1.0,-1
2026-05-08 06:16:45-04:00,1.3645,1.3645,1.3645,1.3645,-1.0,-1.0,-1
2026-05-08 06:16:50-04:00,1.3645,1.3645,1.3645,1.3645,-1.0,-1.0,-1
2026-05-08 06:16:55-04:00,1.3645,1.3645,1.3645,1.3645,-1.0,-1.0,-1
2026-05-08 06:17:00-04:00,1.3645,1.36452,1.36448,1.36452,-1.0,-1.0,-1
2026-05-08 06:17:05-04:00,1.36452,1.364525,1.36452,1.364525,-1.0,-1.0,-1
2026-05-08 06:17:10-04:00,1.364525,1.36454,1.36452,1.36454,-1.0,-1.0,-1
2026-05-08 06:17:15-04:00,1.36454,1.364545,1.36454,1.364545,-1.0,-1.0,-1
2026-05-08 06:17:20-04:00,1.364545,1.364545,1.364545,1.364545,-1.0,-1.0,-1
2026-05-08 06:17:25-04:00,1.364545,1.364545,1.364545,1.364545,-1.0,-1.0,-1
2026-05-08 06:17:30-04:00,1.364545,1.364545,1.364545,1.364545,-1.0,-1.0,-1
2026-05-08 06:17:35-04:00,1.364545,1.36455,1.364545,1.36455,-1.0,-1.0,-1
2026-05-08 06:17:40-04:00,1.36455,1.36455,1.3645,1.364525,-1.0,-1.0,-1
2026-05-08 06:17:45-04:00,1.364525,1.36453,1.364525,1.36453,-1.0,-1.0,-1
2026-05-08 06:17:50-04:00,1.36453,1.36453,1.364525,1.364525,-1.0,-1.0,-1
2026-05-08 06:17:55-04:00,1.364525,1.364525,1.364525,1.364525,-1.0,-1.0,-1
2026-05-08 06:18:00-04:00,1.364525,1.36454,1.364525,1.364535,-1.0,-1.0,-1
2026-05-08 06:18:05-04:00,1.364535,1.36454,1.364535,1.36454,-1.0,-1.0,-1
2026-05-08 06:18:10-04:00,1.36454,1.36454,1.36454,1.36454,-1.0,-1.0,-1
2026-05-08 06:18:15-04:00,1.36454,1.364545,1.364535,1.364545,-1.0,-1.0,-1
2026-05-08 06:18:20-04:00,1.364545,1.364545,1.364545,1.364545,-1.0,-1.0,-1
2026-05-08 06:18:25-04:00,1.364545,1.364545,1.364545,1.364545,-1.0,-1.0,-1
2026-05-08 06:18:30-04:00,1.364545,1.364545,1.364535,1.364535,-1.0,-1.0,-1
2026-05-08 06:18:35-04:00,1.364535,1.364535,1.36452,1.364535,-1.0,-1.0,-1
2026-05-08 06:18:40-04:00,1.364535,1.364545,1.364535,1.364545,-1.0,-1.0,-1
2026-05-08 06:18:45-04:00,1.364545,1.364545,1.36454,1.364545,-1.0,-1.0,-1
2026-05-08 06:18:50-04:00,1.364545,1.364545,1.364545,1.364545,-1.0,-1.0,-1
2026-05-08 06:18:55-04:00,1.364545,1.364545,1.364545,1.364545,-1.0,-1.0,-1
2026-05-08 06:19:00-04:00,1.364545,1.364545,1.36454,1.36454,-1.0,-1.0,-1
2026-05-08 06:19:05-04:00,1.36454,1.364545,1.36452,1.36454,-1.0,-1.0,-1
2026-05-08 06:19:10-04:00,1.36454,1.36455,1.36454,1.36455,-1.0,-1.0,-1
2026-05-08 06:19:15-04:00,1.36455,1.364555,1.36455,1.364555,-1.0,-1.0,-1
2026-05-08 06:19:20-04:00,1.364555,1.36456,1.36455,1.36455,-1.0,-1.0,-1
2026-05-08 06:19:25-04:00,1.36455,1.36455,1.36455,1.36455,-1.0,-1.0,-1
2026-05-08 06:19:30-04:00,1.36455,1.364555,1.36455,1.36455,-1.0,-1.0,-1
2026-05-08 06:19:35-04:00,1.36455,1.36455,1.36455,1.36455,-1.0,-1.0,-1
2026-05-08 06:19:40-04:00,1.36455,1.36463,1.36455,1.364625,-1.0,-1.0,-1
2026-05-08 06:19:45-04:00,1.364625,1.364635,1.364625,1.364635,-1.0,-1.0,-1
2026-05-08 06:19:50-04:00,1.364635,1.364635,1.36463,1.364635,-1.0,-1.0,-1
2026-05-08 06:19:55-04:00,1.364635,1.364635,1.364635,1.364635,-1.0,-1.0,-1
2026-05-08 06:20:00-04:00,1.364635,1.364635,1.36463,1.364635,-1.0,-1.0,-1
2026-05-08 06:20:05-04:00,1.364635,1.364635,1.364635,1.364635,-1.0,-1.0,-1
2026-05-08 06:20:10-04:00,1.364635,1.364635,1.364635,1.364635,-1.0,-1.0,-1
2026-05-08 06:20:15-04:00,1.364635,1.364635,1.36463,1.36463,-1.0,-1.0,-1
2026-05-08 06:20:20-04:00,1.36463,1.36463,1.364615,1.364615,-1.0,-1.0,-1
2026-05-08 06:20:25-04:00,1.364615,1.364625,1.364595,1.3646,-1.0,-1.0,-1
2026-05-08 06:20:30-04:00,1.3646,1.36461,1.364595,1.36461,-1.0,-1.0,-1
2026-05-08 06:20:35-04:00,1.36461,1.364615,1.364575,1.364575,-1.0,-1.0,-1
2026-05-08 06:20:40-04:00,1.364575,1.364635,1.364575,1.364635,-1.0,-1.0,-1
2026-05-08 06:20:45-04:00,1.364635,1.36464,1.364635,1.364635,-1.0,-1.0,-1
2026-05-08 06:20:50-04:00,1.364635,1.36464,1.364635,1.364635,-1.0,-1.0,-1
2026-05-08 06:20:55-04:00,1.364635,1.36464,1.364635,1.36464,-1.0,-1.0,-1
2026-05-08 06:21:00-04:00,1.36464,1.36464,1.364625,1.364625,-1.0,-1.0,-1
2026-05-08 06:21:05-04:00,1.364625,1.36463,1.364625,1.364625,-1.0,-1.0,-1
2026-05-08 06:21:10-04:00,1.364625,1.36466,1.364625,1.36465,-1.0,-1.0,-1
2026-05-08 06:21:15-04:00,1.36465,1.36465,1.36464,1.364645,-1.0,-1.0,-1
2026-05-08 06:21:20-04:00,1.364645,1.364645,1.36464,1.36464,-1.0,-1.0,-1
2026-05-08 06:21:25-04:00,1.36464,1.364645,1.36464,1.364645,-1.0,-1.0,-1
2026-05-08 06:21:30-04:00,1.364645,1.36465,1.36464,1.364645,-1.0,-1.0,-1
2026-05-08 06:21:35-04:00,1.364645,1.36466,1.364645,1.36465,-1.0,-1.0,-1
2026-05-08 06:21:40-04:00,1.36465,1.36466,1.364645,1.364645,-1.0,-1.0,-1
2026-05-08 06:21:45-04:00,1.364645,1.36466,1.36464,1.364645,-1.0,-1.0,-1
2026-05-08 06:21:50-04:00,1.364645,1.36466,1.36464,1.364645,-1.0,-1.0,-1
2026-05-08 06:21:55-04:00,1.364645,1.36466,1.364645,1.36465,-1.0,-1.0,-1
2026-05-08 06:22:00-04:00,1.36465,1.36466,1.364635,1.364635,-1.0,-1.0,-1
2026-05-08 06:22:05-04:00,1.364635,1.36464,1.364635,1.36464,-1.0,-1.0,-1
2026-05-08 06:22:10-04:00,1.36464,1.36464,1.364635,1.364635,-1.0,-1.0,-1
2026-05-08 06:22:15-04:00,1.364635,1.36468,1.364635,1.36467,-1.0,-1.0,-1
2026-05-08 06:22:20-04:00,1.36467,1.36469,1.364665,1.36469,-1.0,-1.0,-1
2026-05-08 06:22:25-04:00,1.36469,1.364695,1.36469,1.364695,-1.0,-1.0,-1
2026-05-08 06:22:30-04:00,1.364695,1.364695,1.364685,1.364685,-1.0,-1.0,-1
2026-05-08 06:22:35-04:00,1.364685,1.364685,1.36465,1.36466,-1.0,-1.0,-1
2026-05-08 06:22:40-04:00,1.36466,1.36467,1.36466,1.364665,-1.0,-1.0,-1
2026-05-08 06:22:45-04:00,1.364665,1.364665,1.36465,1.36466,-1.0,-1.0,-1
2026-05-08 06:22:50-04:00,1.36466,1.36466,1.36464,1.36466,-1.0,-1.0,-1
2026-05-08 06:22:55-04:00,1.36466,1.364665,1.364645,1.364645,-1.0,-1.0,-1
2026-05-08 06:23:00-04:00,1.364645,1.364665,1.364645,1.364665,-1.0,-1.0,-1
2026-05-08 06:23:05-04:00,1.364665,1.364665,1.364665,1.364665,-1.0,-1.0,-1
2026-05-08 06:23:10-04:00,1.364665,1.364665,1.364665,1.364665,-1.0,-1.0,-1
2026-05-08 06:23:15-04:00,1.364665,1.364665,1.36466,1.36466,-1.0,-1.0,-1
2026-05-08 06:23:20-04:00,1.36466,1.364665,1.36465,1.36465,-1.0,-1.0,-1
2026-05-08 06:23:25-04:00,1.36465,1.36465,1.364645,1.36465,-1.0,-1.0,-1
2026-05-08 06:23:30-04:00,1.36465,1.36465,1.36465,1.36465,-1.0,-1.0,-1
2026-05-08 06:23:35-04:00,1.36465,1.364665,1.36465,1.364665,-1.0,-1.0,-1
2026-05-08 06:23:40-04:00,1.364665,1.364665,1.364665,1.364665,-1.0,-1.0,-1
2026-05-08 06:23:45-04:00,1.364665,1.364665,1.364665,1.364665,-1.0,-1.0,-1
2026-05-08 06:23:50-04:00,1.364665,1.364665,1.36461,1.364645,-1.0,-1.0,-1
2026-05-08 06:23:55-04:00,1.364645,1.364645,1.364635,1.364635,-1.0,-1.0,-1
2026-05-08 06:24:00-04:00,1.364635,1.364635,1.36462,1.364635,-1.0,-1.0,-1
2026-05-08 06:24:05-04:00,1.364635,1.364635,1.364605,1.364635,-1.0,-1.0,-1
2026-05-08 06:24:10-04:00,1.364635,1.36466,1.364635,1.36466,-1.0,-1.0,-1
2026-05-08 06:24:15-04:00,1.36466,1.36466,1.36466,1.36466,-1.0,-1.0,-1
2026-05-08 06:24:20-04:00,1.36466,1.36466,1.36465,1.36466,-1.0,-1.0,-1
2026-05-08 06:24:25-04:00,1.36466,1.364665,1.36466,1.364665,-1.0,-1.0,-1
2026-05-08 06:24:30-04:00,1.364665,1.364665,1.364645,1.364645,-1.0,-1.0,-1
2026-05-08 06:24:35-04:00,1.364645,1.36465,1.364645,1.36465,-1.0,-1.0,-1
2026-05-08 06:24:40-04:00,1.36465,1.36465,1.364645,1.364645,-1.0,-1.0,-1
2026-05-08 06:24:45-04:00,1.364645,1.364655,1.364645,1.364655,-1.0,-1.0,-1
2026-05-08 06:24:50-04:00,1.364655,1.364665,1.36465,1.364665,-1.0,-1.0,-1
2026-05-08 06:24:55-04:00,1.364665,1.364665,1.36466,1.364665,-1.0,-1.0,-1
2026-05-08 06:25:00-04:00,1.364665,1.364665,1.36466,1.36466,-1.0,-1.0,-1
2026-05-08 06:25:05-04:00,1.36466,1.36466,1.36466,1.36466,-1.0,-1.0,-1
2026-05-08 06:25:10-04:00,1.36466,1.364665,1.36466,1.364665,-1.0,-1.0,-1
2026-05-08 06:25:15-04:00,1.364665,1.364665,1.364665,1.364665,-1.0,-1.0,-1
2026-05-08 06:25:20-04:00,1.364665,1.364665,1.36465,1.364655,-1.0,-1.0,-1
2026-05-08 06:25:25-04:00,1.364655,1.364655,1.36465,1.364655,-1.0,-1.0,-1
2026-05-08 06:25:30-04:00,1.364655,1.364655,1.364645,1.364645,-1.0,-1.0,-1
2026-05-08 06:25:35-04:00,1.364645,1.364645,1.364635,1.364635,-1.0,-1.0,-1
2026-05-08 06:25:40-04:00,1.364635,1.36466,1.364635,1.36466,-1.0,-1.0,-1
2026-05-08 06:25:45-04:00,1.36466,1.36466,1.36465,1.36466,-1.0,-1.0,-1
2026-05-08 06:25:50-04:00,1.36466,1.36466,1.36466,1.36466,-1.0,-1.0,-1
2026-05-08 06:25:55-04:00,1.36466,1.36466,1.36466,1.36466,-1.0,-1.0,-1
2026-05-08 06:26:00-04:00,1.36466,1.364665,1.36466,1.36466,-1.0,-1.0,-1
2026-05-08 06:26:05-04:00,1.36466,1.364665,1.36466,1.364665,-1.0,-1.0,-1
2026-05-08 06:26:10-04:00,1.364665,1.364665,1.364665,1.364665,-1.0,-1.0,-1
2026-05-08 06:26:15-04:00,1.364665,1.364665,1.36466,1.36466,-1.0,-1.0,-1
2026-05-08 06:26:20-04:00,1.36466,1.36466,1.364645,1.364645,-1.0,-1.0,-1
2026-05-08 06:26:25-04:00,1.364645,1.364645,1.364615,1.364615,-1.0,-1.0,-1
2026-05-08 06:26:30-04:00,1.364615,1.364615,1.364615,1.364615,-1.0,-1.0,-1
2026-05-08 06:26:35-04:00,1.364615,1.36464,1.364615,1.36464,-1.0,-1.0,-1
2026-05-08 06:26:40-04:00,1.36464,1.36464,1.364635,1.364635,-1.0,-1.0,-1
2026-05-08 06:26:45-04:00,1.364635,1.364665,1.364635,1.364665,-1.0,-1.0,-1
2026-05-08 06:26:50-04:00,1.364665,1.364665,1.36466,1.36466,-1.0,-1.0,-1
2026-05-08 06:26:55-04:00,1.36466,1.36466,1.36466,1.36466,-1.0,-1.0,-1
2026-05-08 06:27:00-04:00,1.36466,1.364665,1.36466,1.36466,-1.0,-1.0,-1
2026-05-08 06:27:05-04:00,1.36466,1.364665,1.36466,1.364665,-1.0,-1.0,-1
2026-05-08 06:27:10-04:00,1.364665,1.364665,1.36466,1.364665,-1.0,-1.0,-1
2026-05-08 06:27:15-04:00,1.364665,1.364665,1.36466,1.36466,-1.0,-1.0,-1
2026-05-08 06:27:20-04:00,1.36466,1.36466,1.36466,1.36466,-1.0,-1.0,-1
2026-05-08 06:27:25-04:00,1.36466,1.36466,1.36466,1.36466,-1.0,-1.0,-1
2026-05-08 06:27:30-04:00,1.36466,1.36466,1.36466,1.36466,-1.0,-1.0,-1
2026-05-08 06:27:35-04:00,1.36466,1.36466,1.36466,1.36466,-1.0,-1.0,-1
2026-05-08 06:27:40-04:00,1.36466,1.36466,1.364645,1.364645,-1.0,-1.0,-1
2026-05-08 06:27:45-04:00,1.364645,1.364645,1.364645,1.364645,-1.0,-1.0,-1
2026-05-08 06:27:50-04:00,1.364645,1.36466,1.364645,1.36466,-1.0,-1.0,-1
2026-05-08 06:27:55-04:00,1.36466,1.36466,1.364645,1.364645,-1.0,-1.0,-1
2026-05-08 06:28:00-04:00,1.364645,1.364645,1.364635,1.364645,-1.0,-1.0,-1
2026-05-08 06:28:05-04:00,1.364645,1.364645,1.36464,1.36464,-1.0,-1.0,-1
2026-05-08 06:28:10-04:00,1.36464,1.364645,1.364635,1.364645,-1.0,-1.0,-1
2026-05-08 06:28:15-04:00,1.364645,1.364645,1.364645,1.364645,-1.0,-1.0,-1
2026-05-08 06:28:20-04:00,1.364645,1.364645,1.36463,1.364635,-1.0,-1.0,-1
2026-05-08 06:28:25-04:00,1.364635,1.364645,1.364565,1.364565,-1.0,-1.0,-1
2026-05-08 06:28:30-04:00,1.364565,1.364565,1.36455,1.36456,-1.0,-1.0,-1
2026-05-08 06:28:35-04:00,1.36456,1.36456,1.36455,1.36455,-1.0,-1.0,-1
2026-05-08 06:28:40-04:00,1.36455,1.36455,1.36455,1.36455,-1.0,-1.0,-1
2026-05-08 06:28:45-04:00,1.36455,1.36457,1.36455,1.36457,-1.0,-1.0,-1
2026-05-08 06:28:50-04:00,1.36457,1.36461,1.36457,1.36457,-1.0,-1.0,-1
2026-05-08 06:28:55-04:00,1.36457,1.36457,1.364565,1.364565,-1.0,-1.0,-1
2026-05-08 06:29:00-04:00,1.364565,1.364565,1.364545,1.364555,-1.0,-1.0,-1
2026-05-08 06:29:05-04:00,1.364555,1.364565,1.364555,1.364565,-1.0,-1.0,-1
2026-05-08 06:29:10-04:00,1.364565,1.36457,1.364565,1.364565,-1.0,-1.0,-1
2026-05-08 06:29:15-04:00,1.364565,1.364565,1.364545,1.364565,-1.0,-1.0,-1
2026-05-08 06:29:20-04:00,1.364565,1.364605,1.364565,1.3646,-1.0,-1.0,-1
2026-05-08 06:29:25-04:00,1.3646,1.364635,1.364595,1.364635,-1.0,-1.0,-1
2026-05-08 06:29:30-04:00,1.364635,1.364665,1.364635,1.36466,-1.0,-1.0,-1
2026-05-08 06:29:35-04:00,1.36466,1.36466,1.36466,1.36466,-1.0,-1.0,-1
2026-05-08 06:29:40-04:00,1.36466,1.364665,1.36466,1.36466,-1.0,-1.0,-1
2026-05-08 06:29:45-04:00,1.36466,1.364665,1.364635,1.364635,-1.0,-1.0,-1
2026-05-08 06:29:50-04:00,1.364635,1.36466,1.364635,1.36466,-1.0,-1.0,-1
2026-05-08 06:29:55-04:00,1.36466,1.364665,1.364655,1.364655,-1.0,-1.0,-1
2026-05-08 06:30:00-04:00,1.364655,1.36466,1.364645,1.364655,-1.0,-1.0,-1
2026-05-08 06:30:05-04:00,1.364655,1.36466,1.36465,1.36466,-1.0,-1.0,-1
2026-05-08 06:30:10-04:00,1.36466,1.36466,1.36466,1.36466,-1.0,-1.0,-1
2026-05-08 06:30:15-04:00,1.36466,1.36466,1.36464,1.36464,-1.0,-1.0,-1
2026-05-08 06:30:20-04:00,1.36464,1.364645,1.364635,1.364635,-1.0,-1.0,-1
2026-05-08 06:30:25-04:00,1.364635,1.364635,1.364635,1.364635,-1.0,-1.0,-1
2026-05-08 06:30:30-04:00,1.364635,1.364635,1.364635,1.364635,-1.0,-1.0,-1
2026-05-08 06:30:35-04:00,1.364635,1.36465,1.36463,1.36464,-1.0,-1.0,-1
2026-05-08 06:30:40-04:00,1.36464,1.36464,1.36459,1.364595,-1.0,-1.0,-1
2026-05-08 06:30:45-04:00,1.364595,1.364595,1.364565,1.364565,-1.0,-1.0,-1
2026-05-08 06:30:50-04:00,1.364565,1.364615,1.364565,1.364605,-1.0,-1.0,-1
2026-05-08 06:30:55-04:00,1.364605,1.364605,1.364575,1.36458,-1.0,-1.0,-1
2026-05-08 06:31:00-04:00,1.36458,1.364585,1.364565,1.364565,-1.0,-1.0,-1
2026-05-08 06:31:05-04:00,1.364565,1.3646,1.364565,1.36459,-1.0,-1.0,-1
2026-05-08 06:31:10-04:00,1.36459,1.364605,1.36459,1.364595,-1.0,-1.0,-1
2026-05-08 06:31:15-04:00,1.364595,1.364595,1.364595,1.364595,-1.0,-1.0,-1
2026-05-08 06:31:20-04:00,1.364595,1.364595,1.36459,1.364595,-1.0,-1.0,-1
2026-05-08 06:31:25-04:00,1.364595,1.364605,1.364595,1.364605,-1.0,-1.0,-1
2026-05-08 06:31:30-04:00,1.364605,1.364605,1.36454,1.364565,-1.0,-1.0,-1
2026-05-08 06:31:35-04:00,1.364565,1.364565,1.364565,1.364565,-1.0,-1.0,-1
2026-05-08 06:31:40-04:00,1.364565,1.364565,1.364565,1.364565,-1.0,-1.0,-1
2026-05-08 06:31:45-04:00,1.364565,1.364565,1.364565,1.364565,-1.0,-1.0,-1
2026-05-08 06:31:50-04:00,1.364565,1.36462,1.364565,1.364615,-1.0,-1.0,-1
2026-05-08 06:31:55-04:00,1.364615,1.364615,1.364595,1.364595,-1.0,-1.0,-1
2026-05-08 06:32:00-04:00,1.364595,1.364595,1.364585,1.364595,-1.0,-1.0,-1
2026-05-08 06:32:05-04:00,1.364595,1.364595,1.364595,1.364595,-1.0,-1.0,-1
2026-05-08 06:32:10-04:00,1.364595,1.364595,1.364585,1.364585,-1.0,-1.0,-1
2026-05-08 06:32:15-04:00,1.364585,1.36459,1.364585,1.364585,-1.0,-1.0,-1
2026-05-08 06:32:20-04:00,1.364585,1.36459,1.364585,1.364585,-1.0,-1.0,-1
2026-05-08 06:32:25-04:00,1.364585,1.364595,1.364585,1.364595,-1.0,-1.0,-1
2026-05-08 06:32:30-04:00,1.364595,1.364595,1.36456,1.36456,-1.0,-1.0,-1
2026-05-08 06:32:35-04:00,1.36456,1.364565,1.36456,1.364565,-1.0,-1.0,-1
2026-05-08 06:32:40-04:00,1.364565,1.36457,1.364555,1.364555,-1.0,-1.0,-1
2026-05-08 06:32:45-04:00,1.364555,1.364555,1.364555,1.364555,-1.0,-1.0,-1
2026-05-08 06:32:50-04:00,1.364555,1.364555,1.364555,1.364555,-1.0,-1.0,-1
2026-05-08 06:32:55-04:00,1.364555,1.364555,1.364555,1.364555,-1.0,-1.0,-1
2026-05-08 06:33:00-04:00,1.364555,1.364555,1.364555,1.364555,-1.0,-1.0,-1
2026-05-08 06:33:05-04:00,1.364555,1.364555,1.36455,1.36455,-1.0,-1.0,-1
2026-05-08 06:33:10-04:00,1.36455,1.36455,1.364535,1.364535,-1.0,-1.0,-1
2026-05-08 06:33:15-04:00,1.364535,1.364535,1.364495,1.364495,-1.0,-1.0,-1
2026-05-08 06:33:20-04:00,1.364495,1.364505,1.364495,1.364495,-1.0,-1.0,-1
2026-05-08 06:33:25-04:00,1.364495,1.3645,1.364455,1.364465,-1.0,-1.0,-1
2026-05-08 06:33:30-04:00,1.364465,1.364465,1.364385,1.364395,-1.0,-1.0,-1
2026-05-08 06:33:35-04:00,1.364395,1.3644,1.364385,1.36439,-1.0,-1.0,-1
2026-05-08 06:33:40-04:00,1.36439,1.3644,1.36438,1.36438,-1.0,-1.0,-1
2026-05-08 06:33:45-04:00,1.36438,1.364395,1.364375,1.364385,-1.0,-1.0,-1
2026-05-08 06:33:50-04:00,1.364385,1.3644,1.364385,1.36439,-1.0,-1.0,-1
2026-05-08 06:33:55-04:00,1.36439,1.36439,1.364385,1.36439,-1.0,-1.0,-1
2026-05-08 06:34:00-04:00,1.36439,1.36443,1.36439,1.36443,-1.0,-1.0,-1
2026-05-08 06:34:05-04:00,1.36443,1.36443,1.36442,1.364425,-1.0,-1.0,-1
2026-05-08 06:34:10-04:00,1.364425,1.364425,1.364425,1.364425,-1.0,-1.0,-1
2026-05-08 06:34:15-04:00,1.364425,1.36445,1.364425,1.36445,-1.0,-1.0,-1
2026-05-08 06:34:20-04:00,1.36445,1.36446,1.36445,1.36445,-1.0,-1.0,-1
2026-05-08 06:34:25-04:00,1.36445,1.36446,1.36445,1.36446,-1.0,-1.0,-1
2026-05-08 06:34:30-04:00,1.36446,1.36446,1.36446,1.36446,-1.0,-1.0,-1
2026-05-08 06:34:35-04:00,1.36446,1.36446,1.36445,1.36446,-1.0,-1.0,-1
2026-05-08 06:34:40-04:00,1.36446,1.36451,1.36446,1.36449,-1.0,-1.0,-1
2026-05-08 06:34:45-04:00,1.36449,1.36451,1.36449,1.36451,-1.0,-1.0,-1
2026-05-08 06:34:50-04:00,1.36451,1.36452,1.36451,1.364515,-1.0,-1.0,-1
2026-05-08 06:34:55-04:00,1.364515,1.36455,1.364515,1.36455,-1.0,-1.0,-1
2026-05-08 06:35:00-04:00,1.36455,1.364565,1.36455,1.36456,-1.0,-1.0,-1
2026-05-08 06:35:05-04:00,1.36456,1.36456,1.36455,1.36455,-1.0,-1.0,-1
2026-05-08 06:35:10-04:00,1.36455,1.36455,1.36455,1.36455,-1.0,-1.0,-1
2026-05-08 06:35:15-04:00,1.36455,1.36457,1.36454,1.36457,-1.0,-1.0,-1
2026-05-08 06:35:20-04:00,1.36457,1.3646,1.36457,1.3646,-1.0,-1.0,-1
2026-05-08 06:35:25-04:00,1.3646,1.364625,1.3646,1.3646,-1.0,-1.0,-1
2026-05-08 06:35:30-04:00,1.3646,1.364605,1.3646,1.364605,-1.0,-1.0,-1
2026-05-08 06:35:35-04:00,1.364605,1.36461,1.364605,1.364605,-1.0,-1.0,-1
2026-05-08 06:35:40-04:00,1.364605,1.364605,1.364585,1.364585,-1.0,-1.0,-1
2026-05-08 06:35:45-04:00,1.364585,1.36459,1.364585,1.364585,-1.0,-1.0,-1
2026-05-08 06:35:50-04:00,1.364585,1.364595,1.364585,1.364595,-1.0,-1.0,-1
2026-05-08 06:35:55-04:00,1.364595,1.3646,1.364595,1.364595,-1.0,-1.0,-1
2026-05-08 06:36:00-04:00,1.364595,1.3646,1.36459,1.364595,-1.0,-1.0,-1
2026-05-08 06:36:05-04:00,1.364595,1.364615,1.364595,1.364595,-1.0,-1.0,-1
2026-05-08 06:36:10-04:00,1.364595,1.364595,1.36459,1.364595,-1.0,-1.0,-1
2026-05-08 06:36:15-04:00,1.364595,1.364595,1.364595,1.364595,-1.0,-1.0,-1
2026-05-08 06:36:20-04:00,1.364595,1.3646,1.364595,1.364595,-1.0,-1.0,-1
2026-05-08 06:36:25-04:00,1.364595,1.364595,1.36459,1.36459,-1.0,-1.0,-1
2026-05-08 06:36:30-04:00,1.36459,1.36459,1.364585,1.364585,-1.0,-1.0,-1
2026-05-08 06:36:35-04:00,1.364585,1.364595,1.364585,1.364595,-1.0,-1.0,-1
2026-05-08 06:36:40-04:00,1.364595,1.364685,1.364595,1.364665,-1.0,-1.0,-1
2026-05-08 06:36:45-04:00,1.364665,1.364675,1.36465,1.364665,-1.0,-1.0,-1
2026-05-08 06:36:50-04:00,1.364665,1.36468,1.36462,1.36462,-1.0,-1.0,-1
2026-05-08 06:36:55-04:00,1.36462,1.364635,1.36459,1.364595,-1.0,-1.0,-1
2026-05-08 06:37:00-04:00,1.364595,1.3646,1.364585,1.364585,-1.0,-1.0,-1
2026-05-08 06:37:05-04:00,1.364585,1.3646,1.36458,1.364585,-1.0,-1.0,-1
2026-05-08 06:37:10-04:00,1.364585,1.364615,1.364585,1.364595,-1.0,-1.0,-1
2026-05-08 06:37:15-04:00,1.364595,1.3646,1.364585,1.3646,-1.0,-1.0,-1
2026-05-08 06:37:20-04:00,1.3646,1.364605,1.364585,1.36459,-1.0,-1.0,-1
2026-05-08 06:37:25-04:00,1.36459,1.3646,1.36459,1.3646,-1.0,-1.0,-1
2026-05-08 06:37:30-04:00,1.3646,1.364605,1.364595,1.364595,-1.0,-1.0,-1
2026-05-08 06:37:35-04:00,1.364595,1.3646,1.364585,1.364585,-1.0,-1.0,-1
2026-05-08 06:37:40-04:00,1.364585,1.36461,1.364585,1.36461,-1.0,-1.0,-1
2026-05-08 06:37:45-04:00,1.36461,1.36464,1.364605,1.36464,-1.0,-1.0,-1
2026-05-08 06:37:50-04:00,1.36464,1.364645,1.364635,1.364635,-1.0,-1.0,-1
2026-05-08 06:37:55-04:00,1.364635,1.36467,1.364635,1.364665,-1.0,-1.0,-1
2026-05-08 06:38:00-04:00,1.364665,1.364665,1.364655,1.364665,-1.0,-1.0,-1
2026-05-08 06:38:05-04:00,1.364665,1.364665,1.364665,1.364665,-1.0,-1.0,-1
2026-05-08 06:38:10-04:00,1.364665,1.364665,1.364635,1.364635,-1.0,-1.0,-1
2026-05-08 06:38:15-04:00,1.364635,1.364635,1.364615,1.364615,-1.0,-1.0,-1
2026-05-08 06:38:20-04:00,1.364615,1.364615,1.364615,1.364615,-1.0,-1.0,-1
2026-05-08 06:38:25-04:00,1.364615,1.36462,1.364615,1.364615,-1.0,-1.0,-1
2026-05-08 06:38:30-04:00,1.364615,1.364615,1.364615,1.364615,-1.0,-1.0,-1
2026-05-08 06:38:35-04:00,1.364615,1.364615,1.364615,1.364615,-1.0,-1.0,-1
2026-05-08 06:38:40-04:00,1.364615,1.364615,1.364615,1.364615,-1.0,-1.0,-1
2026-05-08 06:38:45-04:00,1.364615,1.364675,1.364615,1.364675,-1.0,-1.0,-1
2026-05-08 06:38:50-04:00,1.364675,1.364685,1.364675,1.36468,-1.0,-1.0,-1
2026-05-08 06:38:55-04:00,1.36468,1.364685,1.36468,1.364685,-1.0,-1.0,-1
2026-05-08 06:39:00-04:00,1.364685,1.364685,1.36468,1.36468,-1.0,-1.0,-1
2026-05-08 06:39:05-04:00,1.36468,1.36468,1.36468,1.36468,-1.0,-1.0,-1
2026-05-08 06:39:10-04:00,1.36468,1.36468,1.36468,1.36468,-1.0,-1.0,-1
2026-05-08 06:39:15-04:00,1.36468,1.36468,1.36465,1.364665,-1.0,-1.0,-1
2026-05-08 06:39:20-04:00,1.364665,1.364665,1.36466,1.364665,-1.0,-1.0,-1
2026-05-08 06:39:25-04:00,1.364665,1.36467,1.364665,1.364665,-1.0,-1.0,-1
2026-05-08 06:39:30-04:00,1.364665,1.36467,1.364665,1.36467,-1.0,-1.0,-1
2026-05-08 06:39:35-04:00,1.36467,1.36467,1.36466,1.364665,-1.0,-1.0,-1
2026-05-08 06:39:40-04:00,1.364665,1.364675,1.364665,1.364675,-1.0,-1.0,-1
2026-05-08 06:39:45-04:00,1.364675,1.364675,1.364675,1.364675,-1.0,-1.0,-1
2026-05-08 06:39:50-04:00,1.364675,1.364675,1.364675,1.364675,-1.0,-1.0,-1
2026-05-08 06:39:55-04:00,1.364675,1.364675,1.36467,1.364675,-1.0,-1.0,-1
2026-05-08 06:40:00-04:00,1.364675,1.364685,1.364675,1.36468,-1.0,-1.0,-1
2026-05-08 06:40:05-04:00,1.36468,1.364735,1.36468,1.364735,-1.0,-1.0,-1
2026-05-08 06:40:10-04:00,1.364735,1.364805,1.364735,1.364755,-1.0,-1.0,-1
2026-05-08 06:40:15-04:00,1.364755,1.36477,1.364755,1.36477,-1.0,-1.0,-1
2026-05-08 06:40:20-04:00,1.36477,1.36477,1.364765,1.364765,-1.0,-1.0,-1
2026-05-08 06:40:25-04:00,1.364765,1.36478,1.364765,1.36477,-1.0,-1.0,-1
2026-05-08 06:40:30-04:00,1.36477,1.364845,1.36477,1.364845,-1.0,-1.0,-1
2026-05-08 06:40:35-04:00,1.364845,1.364845,1.36483,1.36483,-1.0,-1.0,-1
2026-05-08 06:40:40-04:00,1.36483,1.364835,1.36482,1.364825,-1.0,-1.0,-1
2026-05-08 06:40:45-04:00,1.364825,1.364825,1.36482,1.36482,-1.0,-1.0,-1
2026-05-08 06:40:50-04:00,1.36482,1.36482,1.364815,1.364815,-1.0,-1.0,-1
2026-05-08 06:40:55-04:00,1.364815,1.36482,1.364815,1.36482,-1.0,-1.0,-1
2026-05-08 06:41:00-04:00,1.36482,1.36484,1.364815,1.364825,-1.0,-1.0,-1
2026-05-08 06:41:05-04:00,1.364825,1.364855,1.364825,1.364855,-1.0,-1.0,-1
2026-05-08 06:41:10-04:00,1.364855,1.364875,1.36484,1.36484,-1.0,-1.0,-1
2026-05-08 06:41:15-04:00,1.36484,1.36484,1.364825,1.36484,-1.0,-1.0,-1
2026-05-08 06:41:20-04:00,1.36484,1.364875,1.364805,1.364845,-1.0,-1.0,-1
2026-05-08 06:41:25-04:00,1.364845,1.364845,1.36483,1.36484,-1.0,-1.0,-1
2026-05-08 06:41:30-04:00,1.36484,1.36484,1.36483,1.364835,-1.0,-1.0,-1
2026-05-08 06:41:35-04:00,1.364835,1.364845,1.36483,1.364845,-1.0,-1.0,-1
2026-05-08 06:41:40-04:00,1.364845,1.364845,1.36484,1.364845,-1.0,-1.0,-1
2026-05-08 06:41:45-04:00,1.364845,1.36485,1.364845,1.364845,-1.0,-1.0,-1
2026-05-08 06:41:50-04:00,1.364845,1.36485,1.36483,1.364845,-1.0,-1.0,-1
2026-05-08 06:41:55-04:00,1.364845,1.36485,1.364845,1.36485,-1.0,-1.0,-1
2026-05-08 06:42:00-04:00,1.36485,1.36486,1.36477,1.36477,-1.0,-1.0,-1
2026-05-08 06:42:05-04:00,1.36477,1.36477,1.36477,1.36477,-1.0,-1.0,-1
2026-05-08 06:42:10-04:00,1.36477,1.364775,1.36477,1.364775,-1.0,-1.0,-1
2026-05-08 06:42:15-04:00,1.364775,1.364775,1.364775,1.364775,-1.0,-1.0,-1
2026-05-08 06:42:20-04:00,1.364775,1.364775,1.364775,1.364775,-1.0,-1.0,-1
2026-05-08 06:42:25-04:00,1.364775,1.36479,1.364775,1.36479,-1.0,-1.0,-1
2026-05-08 06:42:30-04:00,1.36479,1.36482,1.36479,1.36481,-1.0,-1.0,-1
2026-05-08 06:42:35-04:00,1.36481,1.364815,1.36481,1.364815,-1.0,-1.0,-1
2026-05-08 06:42:40-04:00,1.364815,1.36483,1.3648,1.364805,-1.0,-1.0,-1
2026-05-08 06:42:45-04:00,1.364805,1.364815,1.364805,1.36481,-1.0,-1.0,-1
2026-05-08 06:42:50-04:00,1.36481,1.364825,1.36481,1.36482,-1.0,-1.0,-1
2026-05-08 06:42:55-04:00,1.36482,1.36482,1.36481,1.36481,-1.0,-1.0,-1
2026-05-08 06:43:00-04:00,1.36481,1.364815,1.36481,1.364815,-1.0,-1.0,-1
2026-05-08 06:43:05-04:00,1.364815,1.36485,1.364815,1.36483,-1.0,-1.0,-1
2026-05-08 06:43:10-04:00,1.36483,1.364835,1.36483,1.364835,-1.0,-1.0,-1
2026-05-08 06:43:15-04:00,1.364835,1.364855,1.364835,1.364845,-1.0,-1.0,-1
2026-05-08 06:43:20-04:00,1.364845,1.364845,1.364845,1.364845,-1.0,-1.0,-1
2026-05-08 06:43:25-04:00,1.364845,1.364845,1.364845,1.364845,-1.0,-1.0,-1
2026-05-08 06:43:30-04:00,1.364845,1.364845,1.364845,1.364845,-1.0,-1.0,-1
2026-05-08 06:43:35-04:00,1.364845,1.36485,1.364845,1.36485,-1.0,-1.0,-1
2026-05-08 06:43:40-04:00,1.36485,1.364895,1.36485,1.364885,-1.0,-1.0,-1
2026-05-08 06:43:45-04:00,1.364885,1.36491,1.36488,1.36491,-1.0,-1.0,-1
2026-05-08 06:43:50-04:00,1.36491,1.36491,1.36491,1.36491,-1.0,-1.0,-1
2026-05-08 06:43:55-04:00,1.36491,1.36493,1.364905,1.364905,-1.0,-1.0,-1
2026-05-08 06:44:00-04:00,1.364905,1.36491,1.3649,1.36491,-1.0,-1.0,-1
2026-05-08 06:44:05-04:00,1.36491,1.36491,1.364905,1.36491,-1.0,-1.0,-1
2026-05-08 06:44:10-04:00,1.36491,1.36491,1.364905,1.364905,-1.0,-1.0,-1
2026-05-08 06:44:15-04:00,1.364905,1.36494,1.364905,1.364905,-1.0,-1.0,-1
2026-05-08 06:44:20-04:00,1.364905,1.364905,1.364895,1.364895,-1.0,-1.0,-1
2026-05-08 06:44:25-04:00,1.364895,1.3649,1.364895,1.3649,-1.0,-1.0,-1
2026-05-08 06:44:30-04:00,1.3649,1.364905,1.36486,1.364905,-1.0,-1.0,-1
2026-05-08 06:44:35-04:00,1.364905,1.364905,1.364905,1.364905,-1.0,-1.0,-1
2026-05-08 06:44:40-04:00,1.364905,1.36494,1.364905,1.36494,-1.0,-1.0,-1
2026-05-08 06:44:45-04:00,1.36494,1.36494,1.364935,1.36494,-1.0,-1.0,-1
2026-05-08 06:44:50-04:00,1.36494,1.36495,1.36494,1.364945,-1.0,-1.0,-1
2026-05-08 06:44:55-04:00,1.364945,1.36495,1.364945,1.364945,-1.0,-1.0,-1
2026-05-08 06:45:00-04:00,1.364945,1.364975,1.364945,1.364945,-1.0,-1.0,-1
2026-05-08 06:45:05-04:00,1.364945,1.364945,1.364945,1.364945,-1.0,-1.0,-1
2026-05-08 06:45:10-04:00,1.364945,1.36495,1.364945,1.364945,-1.0,-1.0,-1
2026-05-08 06:45:15-04:00,1.364945,1.364945,1.364945,1.364945,-1.0,-1.0,-1
2026-05-08 06:45:20-04:00,1.364945,1.36495,1.364945,1.364945,-1.0,-1.0,-1
2026-05-08 06:45:25-04:00,1.364945,1.364945,1.364945,1.364945,-1.0,-1.0,-1
2026-05-08 06:45:30-04:00,1.364945,1.36495,1.364945,1.364945,-1.0,-1.0,-1
2026-05-08 06:45:35-04:00,1.364945,1.364945,1.36494,1.364945,-1.0,-1.0,-1
2026-05-08 06:45:40-04:00,1.364945,1.364945,1.364915,1.364935,-1.0,-1.0,-1
2026-05-08 06:45:45-04:00,1.364935,1.364945,1.364915,1.36492,-1.0,-1.0,-1
2026-05-08 06:45:50-04:00,1.36492,1.36492,1.364915,1.364915,-1.0,-1.0,-1
2026-05-08 06:45:55-04:00,1.364915,1.364915,1.364915,1.364915,-1.0,-1.0,-1
2026-05-08 06:46:00-04:00,1.364915,1.36492,1.364915,1.36492,-1.0,-1.0,-1
2026-05-08 06:46:05-04:00,1.36492,1.36496,1.364915,1.364945,-1.0,-1.0,-1
2026-05-08 06:46:10-04:00,1.364945,1.364955,1.364945,1.364945,-1.0,-1.0,-1
2026-05-08 06:46:15-04:00,1.364945,1.36495,1.364945,1.36495,-1.0,-1.0,-1
2026-05-08 06:46:20-04:00,1.36495,1.364975,1.36495,1.36495,-1.0,-1.0,-1
2026-05-08 06:46:25-04:00,1.36495,1.36495,1.36495,1.36495,-1.0,-1.0,-1
2026-05-08 06:46:30-04:00,1.36495,1.36495,1.36495,1.36495,-1.0,-1.0,-1
2026-05-08 06:46:35-04:00,1.36495,1.36495,1.364885,1.36489,-1.0,-1.0,-1
2026-05-08 06:46:40-04:00,1.36489,1.364915,1.364885,1.364895,-1.0,-1.0,-1
2026-05-08 06:46:45-04:00,1.364895,1.364895,1.364775,1.364785,-1.0,-1.0,-1
2026-05-08 06:46:50-04:00,1.364785,1.364815,1.36478,1.3648,-1.0,-1.0,-1
2026-05-08 06:46:55-04:00,1.3648,1.36482,1.3648,1.364815,-1.0,-1.0,-1
2026-05-08 06:47:00-04:00,1.364815,1.364845,1.364815,1.364845,-1.0,-1.0,-1
2026-05-08 06:47:05-04:00,1.364845,1.364875,1.364845,1.364845,-1.0,-1.0,-1
2026-05-08 06:47:10-04:00,1.364845,1.365,1.364845,1.365,-1.0,-1.0,-1
2026-05-08 06:47:15-04:00,1.365,1.36501,1.364995,1.36501,-1.0,-1.0,-1
2026-05-08 06:47:20-04:00,1.36501,1.36501,1.36501,1.36501,-1.0,-1.0,-1
2026-05-08 06:47:25-04:00,1.36501,1.36501,1.365005,1.365005,-1.0,-1.0,-1
2026-05-08 06:47:30-04:00,1.365005,1.36501,1.365005,1.36501,-1.0,-1.0,-1
2026-05-08 06:47:35-04:00,1.36501,1.36501,1.36501,1.36501,-1.0,-1.0,-1
2026-05-08 06:47:40-04:00,1.36501,1.36501,1.36501,1.36501,-1.0,-1.0,-1
2026-05-08 06:47:45-04:00,1.36501,1.36502,1.364965,1.36502,-1.0,-1.0,-1
2026-05-08 06:47:50-04:00,1.36502,1.365025,1.36502,1.365025,-1.0,-1.0,-1
2026-05-08 06:47:55-04:00,1.365025,1.365055,1.365025,1.365055,-1.0,-1.0,-1
2026-05-08 06:48:00-04:00,1.365055,1.365065,1.36505,1.365065,-1.0,-1.0,-1
2026-05-08 06:48:05-04:00,1.365065,1.365095,1.365065,1.36509,-1.0,-1.0,-1
2026-05-08 06:48:10-04:00,1.36509,1.365105,1.365085,1.365105,-1.0,-1.0,-1
2026-05-08 06:48:15-04:00,1.365105,1.365105,1.36506,1.36506,-1.0,-1.0,-1
2026-05-08 06:48:20-04:00,1.36506,1.36506,1.36502,1.365025,-1.0,-1.0,-1
2026-05-08 06:48:25-04:00,1.365025,1.365025,1.36501,1.365015,-1.0,-1.0,-1
2026-05-08 06:48:30-04:00,1.365015,1.365015,1.365015,1.365015,-1.0,-1.0,-1
2026-05-08 06:48:35-04:00,1.365015,1.365015,1.36501,1.365015,-1.0,-1.0,-1
2026-05-08 06:48:40-04:00,1.365015,1.36502,1.36501,1.36502,-1.0,-1.0,-1
2026-05-08 06:48:45-04:00,1.36502,1.36503,1.36502,1.36503,-1.0,-1.0,-1
2026-05-08 06:48:50-04:00,1.36503,1.365035,1.36502,1.36503,-1.0,-1.0,-1
2026-05-08 06:48:55-04:00,1.36503,1.365035,1.36503,1.365035,-1.0,-1.0,-1
2026-05-08 06:49:00-04:00,1.365035,1.365045,1.365025,1.365035,-1.0,-1.0,-1
2026-05-08 06:49:05-04:00,1.365035,1.365035,1.365035,1.365035,-1.0,-1.0,-1
2026-05-08 06:49:10-04:00,1.365035,1.365035,1.365025,1.36503,-1.0,-1.0,-1
2026-05-08 06:49:15-04:00,1.36503,1.36506,1.36503,1.365055,-1.0,-1.0,-1
2026-05-08 06:49:20-04:00,1.365055,1.365075,1.365055,1.36507,-1.0,-1.0,-1
2026-05-08 06:49:25-04:00,1.36507,1.3651,1.36507,1.3651,-1.0,-1.0,-1
2026-05-08 06:49:30-04:00,1.3651,1.365105,1.3651,1.365105,-1.0,-1.0,-1
2026-05-08 06:49:35-04:00,1.365105,1.365105,1.365105,1.365105,-1.0,-1.0,-1
2026-05-08 06:49:40-04:00,1.365105,1.365105,1.3651,1.3651,-1.0,-1.0,-1
2026-05-08 06:49:45-04:00,1.3651,1.365115,1.3651,1.365115,-1.0,-1.0,-1
2026-05-08 06:49:50-04:00,1.365115,1.365125,1.365115,1.365125,-1.0,-1.0,-1
2026-05-08 06:49:55-04:00,1.365125,1.365125,1.36512,1.36512,-1.0,-1.0,-1
2026-05-08 06:50:00-04:00,1.36512,1.36512,1.36512,1.36512,-1.0,-1.0,-1
2026-05-08 06:50:05-04:00,1.36512,1.365125,1.36512,1.36512,-1.0,-1.0,-1
2026-05-08 06:50:10-04:00,1.36512,1.36512,1.36512,1.36512,-1.0,-1.0,-1
2026-05-08 06:50:15-04:00,1.36512,1.36512,1.36512,1.36512,-1.0,-1.0,-1
2026-05-08 06:50:20-04:00,1.36512,1.36512,1.36512,1.36512,-1.0,-1.0,-1
2026-05-08 06:50:25-04:00,1.36512,1.36512,1.36512,1.36512,-1.0,-1.0,-1
2026-05-08 06:50:30-04:00,1.36512,1.36512,1.36512,1.36512,-1.0,-1.0,-1
2026-05-08 06:50:35-04:00,1.36512,1.36512,1.36512,1.36512,-1.0,-1.0,-1
2026-05-08 06:50:40-04:00,1.36512,1.36512,1.36512,1.36512,-1.0,-1.0,-1
2026-05-08 06:50:45-04:00,1.36512,1.36512,1.36512,1.36512,-1.0,-1.0,-1
2026-05-08 06:50:50-04:00,1.36512,1.36512,1.36512,1.36512,-1.0,-1.0,-1
2026-05-08 06:50:55-04:00,1.36512,1.36512,1.365115,1.36512,-1.0,-1.0,-1
2026-05-08 06:51:00-04:00,1.36512,1.36514,1.36512,1.36514,-1.0,-1.0,-1
2026-05-08 06:51:05-04:00,1.36514,1.36515,1.36514,1.36515,-1.0,-1.0,-1
2026-05-08 06:51:10-04:00,1.36515,1.36516,1.36514,1.36514,-1.0,-1.0,-1
2026-05-08 06:51:15-04:00,1.36514,1.36515,1.36514,1.365145,-1.0,-1.0,-1
2026-05-08 06:51:20-04:00,1.365145,1.36515,1.36514,1.36514,-1.0,-1.0,-1
2026-05-08 06:51:25-04:00,1.36514,1.365145,1.365135,1.365135,-1.0,-1.0,-1
2026-05-08 06:51:30-04:00,1.365135,1.36514,1.36513,1.365135,-1.0,-1.0,-1
2026-05-08 06:51:35-04:00,1.365135,1.365135,1.36513,1.36513,-1.0,-1.0,-1
2026-05-08 06:51:40-04:00,1.36513,1.365135,1.365115,1.36512,-1.0,-1.0,-1
2026-05-08 06:51:45-04:00,1.36512,1.365125,1.36512,1.365125,-1.0,-1.0,-1
2026-05-08 06:51:50-04:00,1.365125,1.36513,1.365125,1.365125,-1.0,-1.0,-1
2026-05-08 06:51:55-04:00,1.365125,1.36513,1.365125,1.36513,-1.0,-1.0,-1
2026-05-08 06:52:00-04:00,1.36513,1.36513,1.36513,1.36513,-1.0,-1.0,-1
2026-05-08 06:52:05-04:00,1.36513,1.36516,1.36513,1.36516,-1.0,-1.0,-1
2026-05-08 06:52:10-04:00,1.36516,1.36516,1.36516,1.36516,-1.0,-1.0,-1
2026-05-08 06:52:15-04:00,1.36516,1.36516,1.36512,1.36512,-1.0,-1.0,-1
2026-05-08 06:52:20-04:00,1.36512,1.36512,1.365115,1.36512,-1.0,-1.0,-1
2026-05-08 06:52:25-04:00,1.36512,1.36512,1.365115,1.365115,-1.0,-1.0,-1
2026-05-08 06:52:30-04:00,1.365115,1.365155,1.365115,1.365155,-1.0,-1.0,-1
2026-05-08 06:52:35-04:00,1.365155,1.365155,1.365155,1.365155,-1.0,-1.0,-1
2026-05-08 06:52:40-04:00,1.365155,1.365155,1.365155,1.365155,-1.0,-1.0,-1
2026-05-08 06:52:45-04:00,1.365155,1.365155,1.36512,1.36512,-1.0,-1.0,-1
2026-05-08 06:52:50-04:00,1.36512,1.365155,1.365115,1.365155,-1.0,-1.0,-1
2026-05-08 06:52:55-04:00,1.365155,1.365155,1.365125,1.365155,-1.0,-1.0,-1
2026-05-08 06:53:00-04:00,1.365155,1.365155,1.36512,1.36512,-1.0,-1.0,-1
2026-05-08 06:53:05-04:00,1.36512,1.365155,1.36512,1.36512,-1.0,-1.0,-1
2026-05-08 06:53:10-04:00,1.36512,1.36512,1.36511,1.36512,-1.0,-1.0,-1
2026-05-08 06:53:15-04:00,1.36512,1.36513,1.365105,1.36513,-1.0,-1.0,-1
2026-05-08 06:53:20-04:00,1.36513,1.36513,1.365125,1.36513,-1.0,-1.0,-1
2026-05-08 06:53:25-04:00,1.36513,1.36513,1.36513,1.36513,-1.0,-1.0,-1
2026-05-08 06:53:30-04:00,1.36513,1.36513,1.365125,1.365125,-1.0,-1.0,-1
2026-05-08 06:53:35-04:00,1.365125,1.36513,1.365125,1.36513,-1.0,-1.0,-1
2026-05-08 06:53:40-04:00,1.36513,1.36516,1.36513,1.36516,-1.0,-1.0,-1
2026-05-08 06:53:45-04:00,1.36516,1.365165,1.365125,1.365155,-1.0,-1.0,-1
2026-05-08 06:53:50-04:00,1.365155,1.36516,1.365155,1.36516,-1.0,-1.0,-1
2026-05-08 06:53:55-04:00,1.36516,1.365165,1.36516,1.36516,-1.0,-1.0,-1
2026-05-08 06:54:00-04:00,1.36516,1.36518,1.36516,1.36517,-1.0,-1.0,-1
2026-05-08 06:54:05-04:00,1.36517,1.36517,1.365165,1.36517,-1.0,-1.0,-1
2026-05-08 06:54:10-04:00,1.36517,1.36517,1.36517,1.36517,-1.0,-1.0,-1
2026-05-08 06:54:15-04:00,1.36517,1.365175,1.36517,1.36517,-1.0,-1.0,-1
2026-05-08 06:54:20-04:00,1.36517,1.36517,1.36517,1.36517,-1.0,-1.0,-1
2026-05-08 06:54:25-04:00,1.36517,1.365175,1.36516,1.36516,-1.0,-1.0,-1
2026-05-08 06:54:30-04:00,1.36516,1.36521,1.36516,1.365195,-1.0,-1.0,-1
2026-05-08 06:54:35-04:00,1.365195,1.365225,1.365195,1.365225,-1.0,-1.0,-1
2026-05-08 06:54:40-04:00,1.365225,1.365225,1.365215,1.365215,-1.0,-1.0,-1
2026-05-08 06:54:45-04:00,1.365215,1.365225,1.365215,1.36522,-1.0,-1.0,-1
2026-05-08 06:54:50-04:00,1.36522,1.365235,1.36522,1.365225,-1.0,-1.0,-1
2026-05-08 06:54:55-04:00,1.365225,1.365225,1.36522,1.365225,-1.0,-1.0,-1
2026-05-08 06:55:00-04:00,1.365225,1.365225,1.365215,1.36522,-1.0,-1.0,-1
2026-05-08 06:55:05-04:00,1.36522,1.365305,1.36522,1.36525,-1.0,-1.0,-1
2026-05-08 06:55:10-04:00,1.36525,1.365305,1.36523,1.365255,-1.0,-1.0,-1
2026-05-08 06:55:15-04:00,1.365255,1.365335,1.365255,1.365305,-1.0,-1.0,-1
2026-05-08 06:55:20-04:00,1.365305,1.365305,1.36526,1.365265,-1.0,-1.0,-1
2026-05-08 06:55:25-04:00,1.365265,1.365305,1.36525,1.36526,-1.0,-1.0,-1
2026-05-08 06:55:30-04:00,1.36526,1.365315,1.36526,1.365315,-1.0,-1.0,-1
2026-05-08 06:55:35-04:00,1.365315,1.365315,1.365215,1.365215,-1.0,-1.0,-1
2026-05-08 06:55:40-04:00,1.365215,1.365215,1.36514,1.365165,-1.0,-1.0,-1
2026-05-08 06:55:45-04:00,1.365165,1.36517,1.365145,1.36517,-1.0,-1.0,-1
2026-05-08 06:55:50-04:00,1.36517,1.36519,1.365165,1.36519,-1.0,-1.0,-1
2026-05-08 06:55:55-04:00,1.36519,1.36521,1.36519,1.36521,-1.0,-1.0,-1
2026-05-08 06:56:00-04:00,1.36521,1.36521,1.36514,1.365165,-1.0,-1.0,-1
2026-05-08 06:56:05-04:00,1.365165,1.36518,1.36514,1.36517,-1.0,-1.0,-1
2026-05-08 06:56:10-04:00,1.36517,1.36521,1.36517,1.36518,-1.0,-1.0,-1
2026-05-08 06:56:15-04:00,1.36518,1.36521,1.365175,1.36518,-1.0,-1.0,-1
2026-05-08 06:56:20-04:00,1.36518,1.36521,1.365165,1.36517,-1.0,-1.0,-1
2026-05-08 06:56:25-04:00,1.36517,1.36517,1.365155,1.36516,-1.0,-1.0,-1
2026-05-08 06:56:30-04:00,1.36516,1.3652,1.365145,1.365165,-1.0,-1.0,-1
2026-05-08 06:56:35-04:00,1.365165,1.365165,1.36509,1.365155,-1.0,-1.0,-1
2026-05-08 06:56:40-04:00,1.365155,1.36517,1.36512,1.36517,-1.0,-1.0,-1
2026-05-08 06:56:45-04:00,1.36517,1.36519,1.36516,1.365175,-1.0,-1.0,-1
2026-05-08 06:56:50-04:00,1.365175,1.365185,1.36517,1.365175,-1.0,-1.0,-1
2026-05-08 06:56:55-04:00,1.365175,1.365175,1.36517,1.36517,-1.0,-1.0,-1
2026-05-08 06:57:00-04:00,1.36517,1.365175,1.36517,1.365175,-1.0,-1.0,-1
2026-05-08 06:57:05-04:00,1.365175,1.365175,1.36517,1.36517,-1.0,-1.0,-1
2026-05-08 06:57:10-04:00,1.36517,1.36517,1.365165,1.36517,-1.0,-1.0,-1
2026-05-08 06:57:15-04:00,1.36517,1.36517,1.36517,1.36517,-1.0,-1.0,-1
2026-05-08 06:57:20-04:00,1.36517,1.36519,1.36517,1.36519,-1.0,-1.0,-1
2026-05-08 06:57:25-04:00,1.36519,1.36519,1.365155,1.365155,-1.0,-1.0,-1
2026-05-08 06:57:30-04:00,1.365155,1.36516,1.36509,1.36509,-1.0,-1.0,-1
2026-05-08 06:57:35-04:00,1.36509,1.365115,1.36509,1.365105,-1.0,-1.0,-1
2026-05-08 06:57:40-04:00,1.365105,1.36512,1.36509,1.365105,-1.0,-1.0,-1
2026-05-08 06:57:45-04:00,1.365105,1.365115,1.36509,1.3651,-1.0,-1.0,-1
2026-05-08 06:57:50-04:00,1.3651,1.3651,1.36509,1.365095,-1.0,-1.0,-1
2026-05-08 06:57:55-04:00,1.365095,1.3651,1.365085,1.365085,-1.0,-1.0,-1
2026-05-08 06:58:00-04:00,1.365085,1.365085,1.365075,1.365075,-1.0,-1.0,-1
2026-05-08 06:58:05-04:00,1.365075,1.36509,1.365075,1.36509,-1.0,-1.0,-1
2026-05-08 06:58:10-04:00,1.36509,1.36511,1.36509,1.36511,-1.0,-1.0,-1
2026-05-08 06:58:15-04:00,1.36511,1.365115,1.3651,1.365115,-1.0,-1.0,-1
2026-05-08 06:58:20-04:00,1.365115,1.365115,1.36511,1.365115,-1.0,-1.0,-1
2026-05-08 06:58:25-04:00,1.365115,1.36512,1.365115,1.365115,-1.0,-1.0,-1
2026-05-08 06:58:30-04:00,1.365115,1.36512,1.365115,1.36512,-1.0,-1.0,-1
2026-05-08 06:58:35-04:00,1.36512,1.36512,1.365065,1.365065,-1.0,-1.0,-1
2026-05-08 06:58:40-04:00,1.365065,1.36507,1.365065,1.365065,-1.0,-1.0,-1
2026-05-08 06:58:45-04:00,1.365065,1.36507,1.365065,1.365065,-1.0,-1.0,-1
2026-05-08 06:58:50-04:00,1.365065,1.365065,1.36505,1.365065,-1.0,-1.0,-1
2026-05-08 06:58:55-04:00,1.365065,1.365075,1.365065,1.365075,-1.0,-1.0,-1
2026-05-08 06:59:00-04:00,1.365075,1.365095,1.365075,1.365095,-1.0,-1.0,-1
2026-05-08 06:59:05-04:00,1.365095,1.365125,1.365085,1.36511,-1.0,-1.0,-1
2026-05-08 06:59:10-04:00,1.36511,1.36511,1.36511,1.36511,-1.0,-1.0,-1
2026-05-08 06:59:15-04:00,1.36511,1.36511,1.36511,1.36511,-1.0,-1.0,-1
2026-05-08 06:59:20-04:00,1.36511,1.365115,1.36511,1.365115,-1.0,-1.0,-1
2026-05-08 06:59:25-04:00,1.365115,1.36512,1.365115,1.365115,-1.0,-1.0,-1
2026-05-08 06:59:30-04:00,1.365115,1.365125,1.365115,1.365115,-1.0,-1.0,-1
2026-05-08 06:59:35-04:00,1.365115,1.365175,1.365115,1.365175,-1.0,-1.0,-1
2026-05-08 06:59:40-04:00,1.365175,1.365175,1.36517,1.36517,-1.0,-1.0,-1
2026-05-08 06:59:45-04:00,1.36517,1.365175,1.36517,1.36517,-1.0,-1.0,-1
2026-05-08 06:59:50-04:00,1.36517,1.36517,1.36513,1.36513,-1.0,-1.0,-1
2026-05-08 06:59:55-04:00,1.36513,1.36513,1.365105,1.365115,-1.0,-1.0,-1
2026-05-08 07:00:00-04:00,1.365115,1.365155,1.365115,1.365155,-1.0,-1.0,-1
2026-05-08 07:00:05-04:00,1.365155,1.36516,1.36514,1.365145,-1.0,-1.0,-1
2026-05-08 07:00:10-04:00,1.365145,1.36515,1.36512,1.36513,-1.0,-1.0,-1
2026-05-08 07:00:15-04:00,1.36513,1.36513,1.365115,1.36512,-1.0,-1.0,-1
2026-05-08 07:00:20-04:00,1.36512,1.36512,1.365095,1.365105,-1.0,-1.0,-1
2026-05-08 07:00:25-04:00,1.365105,1.36511,1.36508,1.365085,-1.0,-1.0,-1
2026-05-08 07:00:30-04:00,1.365085,1.365095,1.36505,1.365095,-1.0,-1.0,-1
2026-05-08 07:00:35-04:00,1.365095,1.365095,1.365075,1.365075,-1.0,-1.0,-1
2026-05-08 07:00:40-04:00,1.365075,1.365115,1.365065,1.365115,-1.0,-1.0,-1
2026-05-08 07:00:45-04:00,1.365115,1.36513,1.365105,1.36513,-1.0,-1.0,-1
2026-05-08 07:00:50-04:00,1.36513,1.365135,1.365125,1.365125,-1.0,-1.0,-1
2026-05-08 07:00:55-04:00,1.365125,1.365125,1.36509,1.365105,-1.0,-1.0,-1
2026-05-08 07:01:00-04:00,1.365105,1.365115,1.365085,1.36511,-1.0,-1.0,-1
2026-05-08 07:01:05-04:00,1.36511,1.36511,1.365095,1.365095,-1.0,-1.0,-1
2026-05-08 07:01:10-04:00,1.365095,1.3651,1.36509,1.3651,-1.0,-1.0,-1
2026-05-08 07:01:15-04:00,1.3651,1.36512,1.36509,1.36512,-1.0,-1.0,-1
2026-05-08 07:01:20-04:00,1.36512,1.365135,1.36512,1.365135,-1.0,-1.0,-1
2026-05-08 07:01:25-04:00,1.365135,1.365135,1.365125,1.365135,-1.0,-1.0,-1
2026-05-08 07:01:30-04:00,1.365135,1.365135,1.36513,1.36513,-1.0,-1.0,-1
2026-05-08 07:01:35-04:00,1.36513,1.365135,1.365125,1.365125,-1.0,-1.0,-1
2026-05-08 07:01:40-04:00,1.365125,1.365155,1.365125,1.365135,-1.0,-1.0,-1
2026-05-08 07:01:45-04:00,1.365135,1.365155,1.365135,1.365155,-1.0,-1.0,-1
2026-05-08 07:01:50-04:00,1.365155,1.365165,1.365125,1.36516,-1.0,-1.0,-1
2026-05-08 07:01:55-04:00,1.36516,1.36517,1.36516,1.36516,-1.0,-1.0,-1
2026-05-08 07:02:00-04:00,1.36516,1.365205,1.36516,1.3652,-1.0,-1.0,-1
2026-05-08 07:02:05-04:00,1.3652,1.365205,1.365185,1.365185,-1.0,-1.0,-1
2026-05-08 07:02:10-04:00,1.365185,1.365195,1.365175,1.36519,-1.0,-1.0,-1
2026-05-08 07:02:15-04:00,1.36519,1.3652,1.36518,1.365185,-1.0,-1.0,-1
2026-05-08 07:02:20-04:00,1.365185,1.36521,1.365185,1.36521,-1.0,-1.0,-1
2026-05-08 07:02:25-04:00,1.36521,1.36523,1.365205,1.365225,-1.0,-1.0,-1
2026-05-08 07:02:30-04:00,1.365225,1.365235,1.365215,1.365235,-1.0,-1.0,-1
2026-05-08 07:02:35-04:00,1.365235,1.365235,1.3652,1.365205,-1.0,-1.0,-1
2026-05-08 07:02:40-04:00,1.365205,1.36521,1.3652,1.3652,-1.0,-1.0,-1
2026-05-08 07:02:45-04:00,1.3652,1.36521,1.3652,1.36521,-1.0,-1.0,-1
2026-05-08 07:02:50-04:00,1.36521,1.36521,1.36521,1.36521,-1.0,-1.0,-1
2026-05-08 07:02:55-04:00,1.36521,1.365235,1.3652,1.365235,-1.0,-1.0,-1
2026-05-08 07:03:00-04:00,1.365235,1.365255,1.365235,1.365255,-1.0,-1.0,-1
2026-05-08 07:03:05-04:00,1.365255,1.365255,1.365225,1.365235,-1.0,-1.0,-1
2026-05-08 07:03:10-04:00,1.365235,1.36526,1.365235,1.365235,-1.0,-1.0,-1
2026-05-08 07:03:15-04:00,1.365235,1.365255,1.365225,1.365225,-1.0,-1.0,-1
2026-05-08 07:03:20-04:00,1.365225,1.365225,1.365225,1.365225,-1.0,-1.0,-1
2026-05-08 07:03:25-04:00,1.365225,1.365235,1.36522,1.36523,-1.0,-1.0,-1
2026-05-08 07:03:30-04:00,1.36523,1.365265,1.365225,1.365235,-1.0,-1.0,-1
2026-05-08 07:03:35-04:00,1.365235,1.365255,1.365235,1.365255,-1.0,-1.0,-1
2026-05-08 07:03:40-04:00,1.365255,1.365255,1.365225,1.365225,-1.0,-1.0,-1
2026-05-08 07:03:45-04:00,1.365225,1.365255,1.365225,1.365235,-1.0,-1.0,-1
2026-05-08 07:03:50-04:00,1.365235,1.365235,1.365145,1.365155,-1.0,-1.0,-1
2026-05-08 07:03:55-04:00,1.365155,1.3652,1.36514,1.3652,-1.0,-1.0,-1
2026-05-08 07:04:00-04:00,1.3652,1.365205,1.365195,1.3652,-1.0,-1.0,-1
2026-05-08 07:04:05-04:00,1.3652,1.365205,1.3652,1.365205,-1.0,-1.0,-1
2026-05-08 07:04:10-04:00,1.365205,1.365205,1.3652,1.3652,-1.0,-1.0,-1
2026-05-08 07:04:15-04:00,1.3652,1.365205,1.3652,1.3652,-1.0,-1.0,-1
2026-05-08 07:04:20-04:00,1.3652,1.3652,1.3652,1.3652,-1.0,-1.0,-1
2026-05-08 07:04:25-04:00,1.3652,1.36521,1.3652,1.36521,-1.0,-1.0,-1
2026-05-08 07:04:30-04:00,1.36521,1.36521,1.36519,1.36521,-1.0,-1.0,-1
2026-05-08 07:04:35-04:00,1.36521,1.36521,1.36521,1.36521,-1.0,-1.0,-1
2026-05-08 07:04:40-04:00,1.36521,1.36521,1.36521,1.36521,-1.0,-1.0,-1
2026-05-08 07:04:45-04:00,1.36521,1.36521,1.36519,1.36521,-1.0,-1.0,-1
2026-05-08 07:04:50-04:00,1.36521,1.36521,1.365165,1.365165,-1.0,-1.0,-1
2026-05-08 07:04:55-04:00,1.365165,1.365175,1.365165,1.365175,-1.0,-1.0,-1
2026-05-08 07:05:00-04:00,1.365175,1.36521,1.365175,1.36521,-1.0,-1.0,-1
2026-05-08 07:05:05-04:00,1.36521,1.36521,1.365155,1.365155,-1.0,-1.0,-1
2026-05-08 07:05:10-04:00,1.365155,1.365165,1.365155,1.365165,-1.0,-1.0,-1
2026-05-08 07:05:15-04:00,1.365165,1.365175,1.36516,1.36517,-1.0,-1.0,-1
2026-05-08 07:05:20-04:00,1.36517,1.36517,1.365165,1.36517,-1.0,-1.0,-1
2026-05-08 07:05:25-04:00,1.36517,1.36517,1.36516,1.365165,-1.0,-1.0,-1
2026-05-08 07:05:30-04:00,1.365165,1.36517,1.36516,1.365165,-1.0,-1.0,-1
2026-05-08 07:05:35-04:00,1.365165,1.365165,1.36513,1.36516,-1.0,-1.0,-1
2026-05-08 07:05:40-04:00,1.36516,1.36517,1.365145,1.365155,-1.0,-1.0,-1
2026-05-08 07:05:45-04:00,1.365155,1.365155,1.36515,1.365155,-1.0,-1.0,-1
2026-05-08 07:05:50-04:00,1.365155,1.36517,1.365155,1.365165,-1.0,-1.0,-1
2026-05-08 07:05:55-04:00,1.365165,1.36518,1.365165,1.365165,-1.0,-1.0,-1
2026-05-08 07:06:00-04:00,1.365165,1.36521,1.365165,1.36521,-1.0,-1.0,-1
2026-05-08 07:06:05-04:00,1.36521,1.365215,1.36521,1.36521,-1.0,-1.0,-1
2026-05-08 07:06:10-04:00,1.36521,1.365215,1.36521,1.36521,-1.0,-1.0,-1
2026-05-08 07:06:15-04:00,1.36521,1.365215,1.36521,1.365215,-1.0,-1.0,-1
2026-05-08 07:06:20-04:00,1.365215,1.365215,1.365175,1.365175,-1.0,-1.0,-1
2026-05-08 07:06:25-04:00,1.365175,1.365175,1.36513,1.36513,-1.0,-1.0,-1
2026-05-08 07:06:30-04:00,1.36513,1.365135,1.36512,1.36513,-1.0,-1.0,-1
2026-05-08 07:06:35-04:00,1.36513,1.36513,1.36512,1.36512,-1.0,-1.0,-1
2026-05-08 07:06:40-04:00,1.36512,1.365125,1.36512,1.365125,-1.0,-1.0,-1
2026-05-08 07:06:45-04:00,1.365125,1.365125,1.365115,1.365125,-1.0,-1.0,-1
2026-05-08 07:06:50-04:00,1.365125,1.36518,1.365125,1.36518,-1.0,-1.0,-1
2026-05-08 07:06:55-04:00,1.36518,1.365185,1.36518,1.365185,-1.0,-1.0,-1
2026-05-08 07:07:00-04:00,1.365185,1.365215,1.365185,1.365215,-1.0,-1.0,-1
2026-05-08 07:07:05-04:00,1.365215,1.36522,1.36521,1.36521,-1.0,-1.0,-1
2026-05-08 07:07:10-04:00,1.36521,1.36521,1.36521,1.36521,-1.0,-1.0,-1
2026-05-08 07:07:15-04:00,1.36521,1.36521,1.36521,1.36521,-1.0,-1.0,-1
2026-05-08 07:07:20-04:00,1.36521,1.36521,1.36521,1.36521,-1.0,-1.0,-1
2026-05-08 07:07:25-04:00,1.36521,1.36522,1.36521,1.365215,-1.0,-1.0,-1
2026-05-08 07:07:30-04:00,1.365215,1.36522,1.36521,1.365215,-1.0,-1.0,-1
2026-05-08 07:07:35-04:00,1.365215,1.36523,1.36521,1.36522,-1.0,-1.0,-1
2026-05-08 07:07:40-04:00,1.36522,1.365225,1.365205,1.365215,-1.0,-1.0,-1
2026-05-08 07:07:45-04:00,1.365215,1.36522,1.365215,1.365215,-1.0,-1.0,-1
2026-05-08 07:07:50-04:00,1.365215,1.365215,1.365215,1.365215,-1.0,-1.0,-1
2026-05-08 07:07:55-04:00,1.365215,1.36523,1.36521,1.36522,-1.0,-1.0,-1
2026-05-08 07:08:00-04:00,1.36522,1.36523,1.365205,1.365215,-1.0,-1.0,-1
2026-05-08 07:08:05-04:00,1.365215,1.36522,1.36521,1.36521,-1.0,-1.0,-1
2026-05-08 07:08:10-04:00,1.36521,1.365215,1.3652,1.3652,-1.0,-1.0,-1
2026-05-08 07:08:15-04:00,1.3652,1.365205,1.3652,1.365205,-1.0,-1.0,-1
2026-05-08 07:08:20-04:00,1.365205,1.365205,1.365205,1.365205,-1.0,-1.0,-1
2026-05-08 07:08:25-04:00,1.365205,1.36522,1.365205,1.36522,-1.0,-1.0,-1
2026-05-08 07:08:30-04:00,1.36522,1.365225,1.36522,1.36522,-1.0,-1.0,-1
2026-05-08 07:08:35-04:00,1.36522,1.365225,1.36522,1.365225,-1.0,-1.0,-1
2026-05-08 07:08:40-04:00,1.365225,1.365225,1.36521,1.36521,-1.0,-1.0,-1
2026-05-08 07:08:45-04:00,1.36521,1.365215,1.36521,1.365215,-1.0,-1.0,-1
2026-05-08 07:08:50-04:00,1.365215,1.365225,1.365215,1.365225,-1.0,-1.0,-1
2026-05-08 07:08:55-04:00,1.365225,1.365225,1.365215,1.36522,-1.0,-1.0,-1
2026-05-08 07:09:00-04:00,1.36522,1.36522,1.365215,1.365215,-1.0,-1.0,-1
2026-05-08 07:09:05-04:00,1.365215,1.36522,1.365215,1.36522,-1.0,-1.0,-1
2026-05-08 07:09:10-04:00,1.36522,1.365225,1.365215,1.365225,-1.0,-1.0,-1
2026-05-08 07:09:15-04:00,1.365225,1.36523,1.365215,1.365215,-1.0,-1.0,-1
2026-05-08 07:09:20-04:00,1.365215,1.365215,1.365215,1.365215,-1.0,-1.0,-1
2026-05-08 07:09:25-04:00,1.365215,1.365215,1.365125,1.365125,-1.0,-1.0,-1
2026-05-08 07:09:30-04:00,1.365125,1.36513,1.365125,1.365125,-1.0,-1.0,-1
2026-05-08 07:09:35-04:00,1.365125,1.365125,1.365095,1.3651,-1.0,-1.0,-1
2026-05-08 07:09:40-04:00,1.3651,1.365125,1.3651,1.365125,-1.0,-1.0,-1
2026-05-08 07:09:45-04:00,1.365125,1.365125,1.365125,1.365125,-1.0,-1.0,-1
2026-05-08 07:09:50-04:00,1.365125,1.365125,1.365045,1.365045,-1.0,-1.0,-1
2026-05-08 07:09:55-04:00,1.365045,1.36505,1.365045,1.365045,-1.0,-1.0,-1
2026-05-08 07:10:00-04:00,1.365045,1.36505,1.36504,1.365045,-1.0,-1.0,-1
2026-05-08 07:10:05-04:00,1.365045,1.36505,1.36503,1.36505,-1.0,-1.0,-1
2026-05-08 07:10:10-04:00,1.36505,1.36505,1.365035,1.36504,-1.0,-1.0,-1
2026-05-08 07:10:15-04:00,1.36504,1.36504,1.365035,1.365035,-1.0,-1.0,-1
2026-05-08 07:10:20-04:00,1.365035,1.36505,1.365035,1.36505,-1.0,-1.0,-1
2026-05-08 07:10:25-04:00,1.36505,1.36505,1.365035,1.36505,-1.0,-1.0,-1
2026-05-08 07:10:30-04:00,1.36505,1.36508,1.365045,1.36508,-1.0,-1.0,-1
2026-05-08 07:10:35-04:00,1.36508,1.36508,1.36507,1.365075,-1.0,-1.0,-1
2026-05-08 07:10:40-04:00,1.365075,1.3652,1.365075,1.365165,-1.0,-1.0,-1
2026-05-08 07:10:45-04:00,1.365165,1.365165,1.36514,1.36514,-1.0,-1.0,-1
2026-05-08 07:10:50-04:00,1.36514,1.365175,1.36514,1.365175,-1.0,-1.0,-1
2026-05-08 07:10:55-04:00,1.365175,1.36518,1.36512,1.365125,-1.0,-1.0,-1
2026-05-08 07:11:00-04:00,1.365125,1.36513,1.36512,1.365125,-1.0,-1.0,-1
2026-05-08 07:11:05-04:00,1.365125,1.36514,1.365125,1.365135,-1.0,-1.0,-1
2026-05-08 07:11:10-04:00,1.365135,1.365155,1.365135,1.365155,-1.0,-1.0,-1
2026-05-08 07:11:15-04:00,1.365155,1.365155,1.365135,1.36514,-1.0,-1.0,-1
2026-05-08 07:11:20-04:00,1.36514,1.36517,1.36514,1.365145,-1.0,-1.0,-1
2026-05-08 07:11:25-04:00,1.365145,1.365145,1.36514,1.36514,-1.0,-1.0,-1
2026-05-08 07:11:30-04:00,1.36514,1.365155,1.36514,1.365155,-1.0,-1.0,-1
2026-05-08 07:11:35-04:00,1.365155,1.365155,1.365155,1.365155,-1.0,-1.0,-1
2026-05-08 07:11:40-04:00,1.365155,1.365155,1.365115,1.365115,-1.0,-1.0,-1
2026-05-08 07:11:45-04:00,1.365115,1.365115,1.36511,1.365115,-1.0,-1.0,-1
2026-05-08 07:11:50-04:00,1.365115,1.365115,1.36511,1.36511,-1.0,-1.0,-1
2026-05-08 07:11:55-04:00,1.36511,1.365115,1.365075,1.365075,-1.0,-1.0,-1
2026-05-08 07:12:00-04:00,1.365075,1.365075,1.36506,1.36506,-1.0,-1.0,-1
2026-05-08 07:12:05-04:00,1.36506,1.365065,1.365025,1.365025,-1.0,-1.0,-1
2026-05-08 07:12:10-04:00,1.365025,1.365025,1.364965,1.364965,-1.0,-1.0,-1
2026-05-08 07:12:15-04:00,1.364965,1.364965,1.36496,1.36496,-1.0,-1.0,-1
2026-05-08 07:12:20-04:00,1.36496,1.36496,1.364945,1.36496,-1.0,-1.0,-1
2026-05-08 07:12:25-04:00,1.36496,1.36499,1.36496,1.364965,-1.0,-1.0,-1
2026-05-08 07:12:30-04:00,1.364965,1.365005,1.36496,1.365,-1.0,-1.0,-1
2026-05-08 07:12:35-04:00,1.365,1.365005,1.364985,1.364985,-1.0,-1.0,-1
2026-05-08 07:12:40-04:00,1.364985,1.364995,1.364985,1.364995,-1.0,-1.0,-1
2026-05-08 07:12:45-04:00,1.364995,1.365,1.364995,1.364995,-1.0,-1.0,-1
2026-05-08 07:12:50-04:00,1.364995,1.364995,1.364965,1.364965,-1.0,-1.0,-1
2026-05-08 07:12:55-04:00,1.364965,1.364965,1.36496,1.364965,-1.0,-1.0,-1
2026-05-08 07:13:00-04:00,1.364965,1.364965,1.36496,1.364965,-1.0,-1.0,-1
2026-05-08 07:13:05-04:00,1.364965,1.364965,1.36496,1.36496,-1.0,-1.0,-1
2026-05-08 07:13:10-04:00,1.36496,1.364975,1.36496,1.364965,-1.0,-1.0,-1
2026-05-08 07:13:15-04:00,1.364965,1.364965,1.36496,1.36496,-1.0,-1.0,-1
2026-05-08 07:13:20-04:00,1.36496,1.364965,1.36496,1.364965,-1.0,-1.0,-1
2026-05-08 07:13:25-04:00,1.364965,1.364995,1.364965,1.364995,-1.0,-1.0,-1
2026-05-08 07:13:30-04:00,1.364995,1.365,1.364995,1.364995,-1.0,-1.0,-1
2026-05-08 07:13:35-04:00,1.364995,1.365,1.364985,1.364995,-1.0,-1.0,-1
2026-05-08 07:13:40-04:00,1.364995,1.365,1.3649,1.364915,-1.0,-1.0,-1
2026-05-08 07:13:45-04:00,1.364915,1.36499,1.364915,1.364985,-1.0,-1.0,-1
2026-05-08 07:13:50-04:00,1.364985,1.365,1.364985,1.364995,-1.0,-1.0,-1
2026-05-08 07:13:55-04:00,1.364995,1.36501,1.364995,1.36501,-1.0,-1.0,-1
2026-05-08 07:14:00-04:00,1.36501,1.365045,1.36501,1.365035,-1.0,-1.0,-1
2026-05-08 07:14:05-04:00,1.365035,1.36504,1.365035,1.365035,-1.0,-1.0,-1
2026-05-08 07:14:10-04:00,1.365035,1.365035,1.36502,1.36502,-1.0,-1.0,-1
2026-05-08 07:14:15-04:00,1.36502,1.36502,1.365015,1.36502,-1.0,-1.0,-1
2026-05-08 07:14:20-04:00,1.36502,1.36503,1.365,1.365,-1.0,-1.0,-1
2026-05-08 07:14:25-04:00,1.365,1.365015,1.36499,1.36499,-1.0,-1.0,-1
2026-05-08 07:14:30-04:00,1.36499,1.365,1.36499,1.365,-1.0,-1.0,-1
2026-05-08 07:14:35-04:00,1.365,1.365,1.365,1.365,-1.0,-1.0,-1
2026-05-08 07:14:40-04:00,1.365,1.365015,1.36496,1.364965,-1.0,-1.0,-1
2026-05-08 07:14:45-04:00,1.364965,1.364965,1.36495,1.364965,-1.0,-1.0,-1
2026-05-08 07:14:50-04:00,1.364965,1.36499,1.364955,1.364955,-1.0,-1.0,-1
2026-05-08 07:14:55-04:00,1.364955,1.364995,1.364955,1.36498,-1.0,-1.0,-1
2026-05-08 07:15:00-04:00,1.36498,1.36498,1.36492,1.36493,-1.0,-1.0,-1
2026-05-08 07:15:05-04:00,1.36493,1.364955,1.36493,1.364955,-1.0,-1.0,-1
2026-05-08 07:15:10-04:00,1.364955,1.36501,1.364955,1.365,-1.0,-1.0,-1
2026-05-08 07:15:15-04:00,1.365,1.365,1.36498,1.36498,-1.0,-1.0,-1
2026-05-08 07:15:20-04:00,1.36498,1.364985,1.36498,1.36498,-1.0,-1.0,-1
2026-05-08 07:15:25-04:00,1.36498,1.365,1.36498,1.36498,-1.0,-1.0,-1
2026-05-08 07:15:30-04:00,1.36498,1.36498,1.36498,1.36498,-1.0,-1.0,-1
2026-05-08 07:15:35-04:00,1.36498,1.364985,1.36498,1.36498,-1.0,-1.0,-1
2026-05-08 07:15:40-04:00,1.36498,1.36498,1.36498,1.36498,-1.0,-1.0,-1
2026-05-08 07:15:45-04:00,1.36498,1.36502,1.36498,1.365015,-1.0,-1.0,-1
2026-05-08 07:15:50-04:00,1.365015,1.365015,1.365,1.365005,-1.0,-1.0,-1
2026-05-08 07:15:55-04:00,1.365005,1.36504,1.365005,1.36503,-1.0,-1.0,-1
2026-05-08 07:16:00-04:00,1.36503,1.36503,1.36502,1.36503,-1.0,-1.0,-1
2026-05-08 07:16:05-04:00,1.36503,1.36503,1.36502,1.36503,-1.0,-1.0,-1
2026-05-08 07:16:10-04:00,1.36503,1.36503,1.36502,1.36502,-1.0,-1.0,-1
2026-05-08 07:16:15-04:00,1.36502,1.36503,1.36502,1.36503,-1.0,-1.0,-1
2026-05-08 07:16:20-04:00,1.36503,1.36503,1.36503,1.36503,-1.0,-1.0,-1
2026-05-08 07:16:25-04:00,1.36503,1.36503,1.364995,1.364995,-1.0,-1.0,-1
2026-05-08 07:16:30-04:00,1.364995,1.364995,1.364995,1.364995,-1.0,-1.0,-1
2026-05-08 07:16:35-04:00,1.364995,1.364995,1.364995,1.364995,-1.0,-1.0,-1
2026-05-08 07:16:40-04:00,1.364995,1.364995,1.364995,1.364995,-1.0,-1.0,-1
2026-05-08 07:16:45-04:00,1.364995,1.365015,1.364995,1.365015,-1.0,-1.0,-1
2026-05-08 07:16:50-04:00,1.365015,1.365015,1.365005,1.365005,-1.0,-1.0,-1
2026-05-08 07:16:55-04:00,1.365005,1.36503,1.365005,1.365025,-1.0,-1.0,-1
2026-05-08 07:17:00-04:00,1.365025,1.36503,1.365025,1.365025,-1.0,-1.0,-1
2026-05-08 07:17:05-04:00,1.365025,1.36503,1.365025,1.365025,-1.0,-1.0,-1
2026-05-08 07:17:10-04:00,1.365025,1.365025,1.36502,1.365025,-1.0,-1.0,-1
2026-05-08 07:17:15-04:00,1.365025,1.36504,1.365025,1.36504,-1.0,-1.0,-1
2026-05-08 07:17:20-04:00,1.36504,1.36504,1.36503,1.365035,-1.0,-1.0,-1
2026-05-08 07:17:25-04:00,1.365035,1.365035,1.365005,1.365015,-1.0,-1.0,-1
2026-05-08 07:17:30-04:00,1.365015,1.36502,1.365015,1.36502,-1.0,-1.0,-1
2026-05-08 07:17:35-04:00,1.36502,1.36502,1.36502,1.36502,-1.0,-1.0,-1
2026-05-08 07:17:40-04:00,1.36502,1.36502,1.36502,1.36502,-1.0,-1.0,-1
2026-05-08 07:17:45-04:00,1.36502,1.36502,1.36501,1.36501,-1.0,-1.0,-1
2026-05-08 07:17:50-04:00,1.36501,1.36502,1.36501,1.36502,-1.0,-1.0,-1
2026-05-08 07:17:55-04:00,1.36502,1.36502,1.36502,1.36502,-1.0,-1.0,-1
2026-05-08 07:18:00-04:00,1.36502,1.36502,1.365005,1.365005,-1.0,-1.0,-1
2026-05-08 07:18:05-04:00,1.365005,1.365015,1.365005,1.365005,-1.0,-1.0,-1
2026-05-08 07:18:10-04:00,1.365005,1.365015,1.365005,1.365015,-1.0,-1.0,-1
2026-05-08 07:18:15-04:00,1.365015,1.365015,1.365005,1.365015,-1.0,-1.0,-1
2026-05-08 07:18:20-04:00,1.365015,1.365015,1.365005,1.365005,-1.0,-1.0,-1
2026-05-08 07:18:25-04:00,1.365005,1.365015,1.364955,1.36497,-1.0,-1.0,-1
2026-05-08 07:18:30-04:00,1.36497,1.36497,1.36495,1.364955,-1.0,-1.0,-1
2026-05-08 07:18:35-04:00,1.364955,1.364955,1.364945,1.364955,-1.0,-1.0,-1
2026-05-08 07:18:40-04:00,1.364955,1.365005,1.36495,1.365005,-1.0,-1.0,-1
2026-05-08 07:18:45-04:00,1.365005,1.36502,1.365005,1.36502,-1.0,-1.0,-1
2026-05-08 07:18:50-04:00,1.36502,1.36502,1.365015,1.365015,-1.0,-1.0,-1
2026-05-08 07:18:55-04:00,1.365015,1.36502,1.365005,1.365015,-1.0,-1.0,-1
2026-05-08 07:19:00-04:00,1.365015,1.36502,1.365005,1.36501,-1.0,-1.0,-1
2026-05-08 07:19:05-04:00,1.36501,1.36501,1.365005,1.365005,-1.0,-1.0,-1
2026-05-08 07:19:10-04:00,1.365005,1.365015,1.365005,1.365005,-1.0,-1.0,-1
2026-05-08 07:19:15-04:00,1.365005,1.365005,1.365005,1.365005,-1.0,-1.0,-1
2026-05-08 07:19:20-04:00,1.365005,1.365005,1.365,1.365005,-1.0,-1.0,-1
2026-05-08 07:19:25-04:00,1.365005,1.365005,1.365005,1.365005,-1.0,-1.0,-1
2026-05-08 07:19:30-04:00,1.365005,1.365005,1.364995,1.365,-1.0,-1.0,-1
2026-05-08 07:19:35-04:00,1.365,1.365005,1.364995,1.365005,-1.0,-1.0,-1
2026-05-08 07:19:40-04:00,1.365005,1.365005,1.365005,1.365005,-1.0,-1.0,-1
2026-05-08 07:19:45-04:00,1.365005,1.365005,1.365,1.365,-1.0,-1.0,-1
2026-05-08 07:19:50-04:00,1.365,1.365,1.364995,1.364995,-1.0,-1.0,-1
2026-05-08 07:19:55-04:00,1.364995,1.364995,1.364995,1.364995,-1.0,-1.0,-1
2026-05-08 07:20:00-04:00,1.364995,1.364995,1.364995,1.364995,-1.0,-1.0,-1
2026-05-08 07:20:05-04:00,1.364995,1.365,1.364995,1.364995,-1.0,-1.0,-1
2026-05-08 07:20:10-04:00,1.364995,1.364995,1.364995,1.364995,-1.0,-1.0,-1
2026-05-08 07:20:15-04:00,1.364995,1.364995,1.364995,1.364995,-1.0,-1.0,-1
2026-05-08 07:20:20-04:00,1.364995,1.364995,1.364945,1.364945,-1.0,-1.0,-1
2026-05-08 07:20:25-04:00,1.364945,1.364945,1.364925,1.364945,-1.0,-1.0,-1
2026-05-08 07:20:30-04:00,1.364945,1.364945,1.364935,1.364935,-1.0,-1.0,-1
2026-05-08 07:20:35-04:00,1.364935,1.364935,1.364935,1.364935,-1.0,-1.0,-1
2026-05-08 07:20:40-04:00,1.364935,1.364945,1.364935,1.364935,-1.0,-1.0,-1
2026-05-08 07:20:45-04:00,1.364935,1.36494,1.364925,1.364925,-1.0,-1.0,-1
2026-05-08 07:20:50-04:00,1.364925,1.36493,1.36486,1.36486,-1.0,-1.0,-1
2026-05-08 07:20:55-04:00,1.36486,1.36486,1.36486,1.36486,-1.0,-1.0,-1
2026-05-08 07:21:00-04:00,1.36486,1.36489,1.364855,1.364885,-1.0,-1.0,-1
2026-05-08 07:21:05-04:00,1.364885,1.36489,1.364875,1.36489,-1.0,-1.0,-1
2026-05-08 07:21:10-04:00,1.36489,1.364895,1.36488,1.36489,-1.0,-1.0,-1
2026-05-08 07:21:15-04:00,1.36489,1.364915,1.364875,1.364915,-1.0,-1.0,-1
2026-05-08 07:21:20-04:00,1.364915,1.364915,1.364895,1.364895,-1.0,-1.0,-1
2026-05-08 07:21:25-04:00,1.364895,1.364945,1.364895,1.364945,-1.0,-1.0,-1
2026-05-08 07:21:30-04:00,1.364945,1.364945,1.36493,1.36493,-1.0,-1.0,-1
2026-05-08 07:21:35-04:00,1.36493,1.364935,1.36492,1.36492,-1.0,-1.0,-1
2026-05-08 07:21:40-04:00,1.36492,1.36492,1.36491,1.364915,-1.0,-1.0,-1
2026-05-08 07:21:45-04:00,1.364915,1.364915,1.364915,1.364915,-1.0,-1.0,-1
2026-05-08 07:21:50-04:00,1.364915,1.364945,1.364915,1.36493,-1.0,-1.0,-1
2026-05-08 07:21:55-04:00,1.36493,1.36497,1.36493,1.36495,-1.0,-1.0,-1
2026-05-08 07:22:00-04:00,1.36495,1.36498,1.36495,1.36497,-1.0,-1.0,-1
2026-05-08 07:22:05-04:00,1.36497,1.36497,1.36496,1.36496,-1.0,-1.0,-1
2026-05-08 07:22:10-04:00,1.36496,1.36496,1.364955,1.364955,-1.0,-1.0,-1
2026-05-08 07:22:15-04:00,1.364955,1.36499,1.364955,1.36499,-1.0,-1.0,-1
2026-05-08 07:22:20-04:00,1.36499,1.36499,1.364985,1.36499,-1.0,-1.0,-1
2026-05-08 07:22:25-04:00,1.36499,1.36499,1.36497,1.36497,-1.0,-1.0,-1
2026-05-08 07:22:30-04:00,1.36497,1.364985,1.36497,1.36498,-1.0,-1.0,-1
2026-05-08 07:22:35-04:00,1.36498,1.36499,1.36498,1.36498,-1.0,-1.0,-1
2026-05-08 07:22:40-04:00,1.36498,1.364985,1.36498,1.364985,-1.0,-1.0,-1
2026-05-08 07:22:45-04:00,1.364985,1.365,1.36495,1.36496,-1.0,-1.0,-1
2026-05-08 07:22:50-04:00,1.36496,1.36496,1.364955,1.364955,-1.0,-1.0,-1
2026-05-08 07:22:55-04:00,1.364955,1.364955,1.36491,1.364915,-1.0,-1.0,-1
2026-05-08 07:23:00-04:00,1.364915,1.364915,1.36491,1.364915,-1.0,-1.0,-1
2026-05-08 07:23:05-04:00,1.364915,1.364945,1.36491,1.364925,-1.0,-1.0,-1
2026-05-08 07:23:10-04:00,1.364925,1.364925,1.36491,1.36491,-1.0,-1.0,-1
2026-05-08 07:23:15-04:00,1.36491,1.36491,1.364875,1.364875,-1.0,-1.0,-1
2026-05-08 07:23:20-04:00,1.364875,1.36488,1.364875,1.36488,-1.0,-1.0,-1
2026-05-08 07:23:25-04:00,1.36488,1.364885,1.36487,1.36487,-1.0,-1.0,-1
2026-05-08 07:23:30-04:00,1.36487,1.364875,1.36487,1.364875,-1.0,-1.0,-1
2026-05-08 07:23:35-04:00,1.364875,1.364875,1.364825,1.364825,-1.0,-1.0,-1
2026-05-08 07:23:40-04:00,1.364825,1.364825,1.36482,1.364825,-1.0,-1.0,-1
2026-05-08 07:23:45-04:00,1.364825,1.36484,1.364825,1.36484,-1.0,-1.0,-1
2026-05-08 07:23:50-04:00,1.36484,1.36486,1.36483,1.36486,-1.0,-1.0,-1
2026-05-08 07:23:55-04:00,1.36486,1.36486,1.364855,1.364855,-1.0,-1.0,-1
2026-05-08 07:24:00-04:00,1.364855,1.36486,1.364855,1.36486,-1.0,-1.0,-1
2026-05-08 07:24:05-04:00,1.36486,1.36487,1.36486,1.364865,-1.0,-1.0,-1
2026-05-08 07:24:10-04:00,1.364865,1.364865,1.36486,1.36486,-1.0,-1.0,-1
2026-05-08 07:24:15-04:00,1.36486,1.364885,1.36486,1.36486,-1.0,-1.0,-1
2026-05-08 07:24:20-04:00,1.36486,1.364865,1.36486,1.36486,-1.0,-1.0,-1
2026-05-08 07:24:25-04:00,1.36486,1.36486,1.36486,1.36486,-1.0,-1.0,-1
2026-05-08 07:24:30-04:00,1.36486,1.36486,1.364825,1.364825,-1.0,-1.0,-1
2026-05-08 07:24:35-04:00,1.364825,1.364825,1.364825,1.364825,-1.0,-1.0,-1
2026-05-08 07:24:40-04:00,1.364825,1.364825,1.364825,1.364825,-1.0,-1.0,-1
2026-05-08 07:24:45-04:00,1.364825,1.364835,1.364825,1.364835,-1.0,-1.0,-1
2026-05-08 07:24:50-04:00,1.364835,1.364835,1.364765,1.36478,-1.0,-1.0,-1
2026-05-08 07:24:55-04:00,1.36478,1.36478,1.36475,1.36475,-1.0,-1.0,-1
2026-05-08 07:25:00-04:00,1.36475,1.36475,1.364745,1.36475,-1.0,-1.0,-1
2026-05-08 07:25:05-04:00,1.36475,1.364765,1.36475,1.364765,-1.0,-1.0,-1
2026-05-08 07:25:10-04:00,1.364765,1.364805,1.36476,1.364805,-1.0,-1.0,-1
2026-05-08 07:25:15-04:00,1.364805,1.364835,1.364805,1.36483,-1.0,-1.0,-1
2026-05-08 07:25:20-04:00,1.36483,1.36483,1.364825,1.364825,-1.0,-1.0,-1
2026-05-08 07:25:25-04:00,1.364825,1.36483,1.364825,1.36483,-1.0,-1.0,-1
2026-05-08 07:25:30-04:00,1.36483,1.364835,1.36483,1.36483,-1.0,-1.0,-1
2026-05-08 07:25:35-04:00,1.36483,1.364835,1.364825,1.364825,-1.0,-1.0,-1
2026-05-08 07:25:40-04:00,1.364825,1.364825,1.36482,1.36482,-1.0,-1.0,-1
2026-05-08 07:25:45-04:00,1.36482,1.364825,1.36482,1.364825,-1.0,-1.0,-1
2026-05-08 07:25:50-04:00,1.364825,1.364825,1.36482,1.36482,-1.0,-1.0,-1
2026-05-08 07:25:55-04:00,1.36482,1.364825,1.364765,1.36477,-1.0,-1.0,-1
2026-05-08 07:26:00-04:00,1.36477,1.36477,1.36475,1.36476,-1.0,-1.0,-1
2026-05-08 07:26:05-04:00,1.36476,1.36476,1.364745,1.364755,-1.0,-1.0,-1
2026-05-08 07:26:10-04:00,1.364755,1.36476,1.36474,1.36476,-1.0,-1.0,-1
2026-05-08 07:26:15-04:00,1.36476,1.36476,1.36474,1.36474,-1.0,-1.0,-1
2026-05-08 07:26:20-04:00,1.36474,1.36476,1.36474,1.364755,-1.0,-1.0,-1
2026-05-08 07:26:25-04:00,1.364755,1.36476,1.364755,1.364755,-1.0,-1.0,-1
2026-05-08 07:26:30-04:00,1.364755,1.364765,1.36473,1.364765,-1.0,-1.0,-1
2026-05-08 07:26:35-04:00,1.364765,1.364765,1.364765,1.364765,-1.0,-1.0,-1
2026-05-08 07:26:40-04:00,1.364765,1.364765,1.364765,1.364765,-1.0,-1.0,-1
2026-05-08 07:26:45-04:00,1.364765,1.364765,1.364755,1.364765,-1.0,-1.0,-1
2026-05-08 07:26:50-04:00,1.364765,1.364765,1.364765,1.364765,-1.0,-1.0,-1
2026-05-08 07:26:55-04:00,1.364765,1.364765,1.36474,1.364765,-1.0,-1.0,-1
2026-05-08 07:27:00-04:00,1.364765,1.364765,1.364665,1.364675,-1.0,-1.0,-1
2026-05-08 07:27:05-04:00,1.364675,1.36468,1.36467,1.36468,-1.0,-1.0,-1
2026-05-08 07:27:10-04:00,1.36468,1.3647,1.36464,1.3647,-1.0,-1.0,-1
2026-05-08 07:27:15-04:00,1.3647,1.364705,1.36469,1.36469,-1.0,-1.0,-1
2026-05-08 07:27:20-04:00,1.36469,1.36469,1.36466,1.36466,-1.0,-1.0,-1
2026-05-08 07:27:25-04:00,1.36466,1.364665,1.36465,1.36465,-1.0,-1.0,-1
2026-05-08 07:27:30-04:00,1.36465,1.36465,1.36463,1.364635,-1.0,-1.0,-1
2026-05-08 07:27:35-04:00,1.364635,1.36464,1.364635,1.36464,-1.0,-1.0,-1
2026-05-08 07:27:40-04:00,1.36464,1.36464,1.364635,1.36464,-1.0,-1.0,-1
2026-05-08 07:27:45-04:00,1.36464,1.36464,1.36464,1.36464,-1.0,-1.0,-1
2026-05-08 07:27:50-04:00,1.36464,1.36464,1.36464,1.36464,-1.0,-1.0,-1
2026-05-08 07:27:55-04:00,1.36464,1.36464,1.364635,1.364635,-1.0,-1.0,-1
2026-05-08 07:28:00-04:00,1.364635,1.36464,1.364635,1.36464,-1.0,-1.0,-1
2026-05-08 07:28:05-04:00,1.36464,1.364645,1.364635,1.364645,-1.0,-1.0,-1
2026-05-08 07:28:10-04:00,1.364645,1.364645,1.364645,1.364645,-1.0,-1.0,-1
2026-05-08 07:28:15-04:00,1.364645,1.364645,1.36463,1.36464,-1.0,-1.0,-1
2026-05-08 07:28:20-04:00,1.36464,1.36464,1.364635,1.364635,-1.0,-1.0,-1
2026-05-08 07:28:25-04:00,1.364635,1.364635,1.36463,1.36463,-1.0,-1.0,-1
2026-05-08 07:28:30-04:00,1.36463,1.364635,1.36463,1.364635,-1.0,-1.0,-1
2026-05-08 07:28:35-04:00,1.364635,1.36464,1.36463,1.36463,-1.0,-1.0,-1
2026-05-08 07:28:40-04:00,1.36463,1.36466,1.36463,1.36465,-1.0,-1.0,-1
2026-05-08 07:28:45-04:00,1.36465,1.364665,1.36464,1.36465,-1.0,-1.0,-1
2026-05-08 07:28:50-04:00,1.36465,1.36468,1.36465,1.36468,-1.0,-1.0,-1
2026-05-08 07:28:55-04:00,1.36468,1.364705,1.36468,1.364705,-1.0,-1.0,-1
2026-05-08 07:29:00-04:00,1.364705,1.36472,1.364705,1.364705,-1.0,-1.0,-1
2026-05-08 07:29:05-04:00,1.364705,1.36472,1.364705,1.36472,-1.0,-1.0,-1
2026-05-08 07:29:10-04:00,1.36472,1.36472,1.36472,1.36472,-1.0,-1.0,-1
2026-05-08 07:29:15-04:00,1.36472,1.36472,1.36472,1.36472,-1.0,-1.0,-1
2026-05-08 07:29:20-04:00,1.36472,1.36472,1.3647,1.364705,-1.0,-1.0,-1
2026-05-08 07:29:25-04:00,1.364705,1.364705,1.364675,1.364675,-1.0,-1.0,-1
2026-05-08 07:29:30-04:00,1.364675,1.364675,1.364665,1.364665,-1.0,-1.0,-1
2026-05-08 07:29:35-04:00,1.364665,1.364665,1.364665,1.364665,-1.0,-1.0,-1
2026-05-08 07:29:40-04:00,1.364665,1.364665,1.364665,1.364665,-1.0,-1.0,-1
2026-05-08 07:29:45-04:00,1.364665,1.364665,1.364665,1.364665,-1.0,-1.0,-1
2026-05-08 07:29:50-04:00,1.364665,1.364675,1.364665,1.36467,-1.0,-1.0,-1
2026-05-08 07:29:55-04:00,1.36467,1.364705,1.36467,1.3647,-1.0,-1.0,-1
2026-05-08 07:30:00-04:00,1.3647,1.364705,1.36467,1.364705,-1.0,-1.0,-1
2026-05-08 07:30:05-04:00,1.364705,1.364705,1.364705,1.364705,-1.0,-1.0,-1
2026-05-08 07:30:10-04:00,1.364705,1.36472,1.364705,1.36472,-1.0,-1.0,-1
2026-05-08 07:30:15-04:00,1.36472,1.36472,1.36472,1.36472,-1.0,-1.0,-1
2026-05-08 07:30:20-04:00,1.36472,1.36472,1.36472,1.36472,-1.0,-1.0,-1
2026-05-08 07:30:25-04:00,1.36472,1.36472,1.36472,1.36472,-1.0,-1.0,-1
2026-05-08 07:30:30-04:00,1.36472,1.364735,1.36472,1.364735,-1.0,-1.0,-1
2026-05-08 07:30:35-04:00,1.364735,1.36474,1.364725,1.36473,-1.0,-1.0,-1
2026-05-08 07:30:40-04:00,1.36473,1.36474,1.364725,1.364735,-1.0,-1.0,-1
2026-05-08 07:30:45-04:00,1.364735,1.364735,1.364725,1.36473,-1.0,-1.0,-1
2026-05-08 07:30:50-04:00,1.36473,1.364735,1.36472,1.36473,-1.0,-1.0,-1
2026-05-08 07:30:55-04:00,1.36473,1.36473,1.36472,1.364725,-1.0,-1.0,-1
2026-05-08 07:31:00-04:00,1.364725,1.36473,1.36472,1.36473,-1.0,-1.0,-1
2026-05-08 07:31:05-04:00,1.36473,1.36473,1.364695,1.364695,-1.0,-1.0,-1
2026-05-08 07:31:10-04:00,1.364695,1.364695,1.36469,1.36469,-1.0,-1.0,-1
2026-05-08 07:31:15-04:00,1.36469,1.3647,1.364685,1.36469,-1.0,-1.0,-1
2026-05-08 07:31:20-04:00,1.36469,1.36469,1.36468,1.36468,-1.0,-1.0,-1
2026-05-08 07:31:25-04:00,1.36468,1.36468,1.36468,1.36468,-1.0,-1.0,-1
2026-05-08 07:31:30-04:00,1.36468,1.364705,1.36468,1.3647,-1.0,-1.0,-1
2026-05-08 07:31:35-04:00,1.3647,1.364715,1.3647,1.364705,-1.0,-1.0,-1
2026-05-08 07:31:40-04:00,1.364705,1.364715,1.364705,1.364705,-1.0,-1.0,-1
2026-05-08 07:31:45-04:00,1.364705,1.364705,1.36469,1.36469,-1.0,-1.0,-1
2026-05-08 07:31:50-04:00,1.36469,1.36469,1.364685,1.36469,-1.0,-1.0,-1
2026-05-08 07:31:55-04:00,1.36469,1.36469,1.36464,1.364645,-1.0,-1.0,-1
2026-05-08 07:32:00-04:00,1.364645,1.364645,1.36464,1.36464,-1.0,-1.0,-1
2026-05-08 07:32:05-04:00,1.36464,1.364645,1.36464,1.364645,-1.0,-1.0,-1
2026-05-08 07:32:10-04:00,1.364645,1.364655,1.364625,1.364645,-1.0,-1.0,-1
2026-05-08 07:32:15-04:00,1.364645,1.36465,1.364645,1.36465,-1.0,-1.0,-1
2026-05-08 07:32:20-04:00,1.36465,1.36468,1.364645,1.364645,-1.0,-1.0,-1
2026-05-08 07:32:25-04:00,1.364645,1.364645,1.36464,1.36464,-1.0,-1.0,-1
2026-05-08 07:32:30-04:00,1.36464,1.36464,1.364635,1.364635,-1.0,-1.0,-1
2026-05-08 07:32:35-04:00,1.364635,1.364635,1.364635,1.364635,-1.0,-1.0,-1
2026-05-08 07:32:40-04:00,1.364635,1.36464,1.364635,1.36464,-1.0,-1.0,-1
2026-05-08 07:32:45-04:00,1.36464,1.364645,1.364635,1.36464,-1.0,-1.0,-1
2026-05-08 07:32:50-04:00,1.36464,1.36464,1.36464,1.36464,-1.0,-1.0,-1
2026-05-08 07:32:55-04:00,1.36464,1.36464,1.364585,1.36459,-1.0,-1.0,-1
2026-05-08 07:33:00-04:00,1.36459,1.36459,1.36454,1.36455,-1.0,-1.0,-1
2026-05-08 07:33:05-04:00,1.36455,1.36455,1.36454,1.364545,-1.0,-1.0,-1
2026-05-08 07:33:10-04:00,1.364545,1.364545,1.36454,1.36454,-1.0,-1.0,-1
2026-05-08 07:33:15-04:00,1.36454,1.36454,1.36453,1.36453,-1.0,-1.0,-1
2026-05-08 07:33:20-04:00,1.36453,1.36454,1.36453,1.36454,-1.0,-1.0,-1
2026-05-08 07:33:25-04:00,1.36454,1.36454,1.36454,1.36454,-1.0,-1.0,-1
2026-05-08 07:33:30-04:00,1.36454,1.36454,1.36454,1.36454,-1.0,-1.0,-1
2026-05-08 07:33:35-04:00,1.36454,1.36455,1.36454,1.36454,-1.0,-1.0,-1
2026-05-08 07:33:40-04:00,1.36454,1.364545,1.36454,1.364545,-1.0,-1.0,-1
2026-05-08 07:33:45-04:00,1.364545,1.36455,1.36454,1.36455,-1.0,-1.0,-1
2026-05-08 07:33:50-04:00,1.36455,1.36456,1.36455,1.364555,-1.0,-1.0,-1
2026-05-08 07:33:55-04:00,1.364555,1.36457,1.364545,1.36457,-1.0,-1.0,-1
2026-05-08 07:34:00-04:00,1.36457,1.36458,1.364565,1.364565,-1.0,-1.0,-1
2026-05-08 07:34:05-04:00,1.364565,1.36457,1.36456,1.36456,-1.0,-1.0,-1
2026-05-08 07:34:10-04:00,1.36456,1.36456,1.36456,1.36456,-1.0,-1.0,-1
2026-05-08 07:34:15-04:00,1.36456,1.36456,1.36456,1.36456,-1.0,-1.0,-1
2026-05-08 07:34:20-04:00,1.36456,1.36456,1.36456,1.36456,-1.0,-1.0,-1
2026-05-08 07:34:25-04:00,1.36456,1.36456,1.36456,1.36456,-1.0,-1.0,-1
2026-05-08 07:34:30-04:00,1.36456,1.364565,1.36456,1.364565,-1.0,-1.0,-1
2026-05-08 07:34:35-04:00,1.364565,1.36461,1.364565,1.36461,-1.0,-1.0,-1
2026-05-08 07:34:40-04:00,1.36461,1.36461,1.36456,1.36457,-1.0,-1.0,-1
2026-05-08 07:34:45-04:00,1.36457,1.36457,1.36456,1.36457,-1.0,-1.0,-1
2026-05-08 07:34:50-04:00,1.36457,1.36463,1.364545,1.36463,-1.0,-1.0,-1
2026-05-08 07:34:55-04:00,1.36463,1.36463,1.36463,1.36463,-1.0,-1.0,-1
2026-05-08 07:35:00-04:00,1.36463,1.36463,1.364605,1.36461,-1.0,-1.0,-1
2026-05-08 07:35:05-04:00,1.36461,1.36461,1.36455,1.36456,-1.0,-1.0,-1
2026-05-08 07:35:10-04:00,1.36456,1.36458,1.36455,1.36458,-1.0,-1.0,-1
2026-05-08 07:35:15-04:00,1.36458,1.36458,1.36457,1.364575,-1.0,-1.0,-1
2026-05-08 07:35:20-04:00,1.364575,1.364575,1.36457,1.36457,-1.0,-1.0,-1
2026-05-08 07:35:25-04:00,1.36457,1.36458,1.36457,1.36457,-1.0,-1.0,-1
2026-05-08 07:35:30-04:00,1.36457,1.364575,1.36457,1.36457,-1.0,-1.0,-1
2026-05-08 07:35:35-04:00,1.36457,1.364575,1.36454,1.364545,-1.0,-1.0,-1
2026-05-08 07:35:40-04:00,1.364545,1.36459,1.364545,1.364565,-1.0,-1.0,-1
2026-05-08 07:35:45-04:00,1.364565,1.364565,1.364555,1.364555,-1.0,-1.0,-1
2026-05-08 07:35:50-04:00,1.364555,1.364555,1.36455,1.36455,-1.0,-1.0,-1
2026-05-08 07:35:55-04:00,1.36455,1.36455,1.36452,1.364525,-1.0,-1.0,-1
2026-05-08 07:36:00-04:00,1.364525,1.36453,1.36452,1.36452,-1.0,-1.0,-1
2026-05-08 07:36:05-04:00,1.36452,1.36452,1.36447,1.36448,-1.0,-1.0,-1
2026-05-08 07:36:10-04:00,1.36448,1.36448,1.364465,1.364465,-1.0,-1.0,-1
2026-05-08 07:36:15-04:00,1.364465,1.364465,1.364455,1.364455,-1.0,-1.0,-1
2026-05-08 07:36:20-04:00,1.364455,1.364455,1.364455,1.364455,-1.0,-1.0,-1
2026-05-08 07:36:25-04:00,1.364455,1.36446,1.364455,1.364455,-1.0,-1.0,-1
2026-05-08 07:36:30-04:00,1.364455,1.36446,1.364455,1.364455,-1.0,-1.0,-1
2026-05-08 07:36:35-04:00,1.364455,1.36446,1.36445,1.36446,-1.0,-1.0,-1
2026-05-08 07:36:40-04:00,1.36446,1.36446,1.364445,1.364445,-1.0,-1.0,-1
2026-05-08 07:36:45-04:00,1.364445,1.36445,1.364445,1.36445,-1.0,-1.0,-1
2026-05-08 07:36:50-04:00,1.36445,1.364455,1.364445,1.364445,-1.0,-1.0,-1
2026-05-08 07:36:55-04:00,1.364445,1.364445,1.36444,1.36444,-1.0,-1.0,-1
2026-05-08 07:37:00-04:00,1.36444,1.364445,1.36443,1.364445,-1.0,-1.0,-1
2026-05-08 07:37:05-04:00,1.364445,1.36445,1.364445,1.364445,-1.0,-1.0,-1
2026-05-08 07:37:10-04:00,1.364445,1.36445,1.36443,1.364445,-1.0,-1.0,-1
2026-05-08 07:37:15-04:00,1.364445,1.364445,1.364445,1.364445,-1.0,-1.0,-1
2026-05-08 07:37:20-04:00,1.364445,1.364445,1.364435,1.364435,-1.0,-1.0,-1
2026-05-08 07:37:25-04:00,1.364435,1.36444,1.364435,1.36444,-1.0,-1.0,-1
2026-05-08 07:37:30-04:00,1.36444,1.364455,1.364435,1.364455,-1.0,-1.0,-1
2026-05-08 07:37:35-04:00,1.364455,1.364455,1.364455,1.364455,-1.0,-1.0,-1
